date,sU,sU_trend,sU_0.25yr,sU_0.5yr,sU_1yr,sU_1.89yr,sU_2.27yr,sU_7.74yr,sU_model,sU_noise,sU_wtest,flagged
2010-01-02,0.003770,0.003887,0.000035,0.000029,-0.000058,-0.000017,-0.000035,0.000017,0.003859,-0.000089,-0.044436,False
2010-01-03,0.003653,0.003887,0.000035,0.000032,-0.000058,-0.000015,-0.000034,0.000018,0.003865,-0.000212,-0.105867,False
2010-01-04,0.003669,0.003888,0.000035,0.000034,-0.000059,-0.000013,-0.000033,0.000019,0.003870,-0.000201,-0.100707,False
2010-01-05,0.003653,0.003888,0.000034,0.000036,-0.000060,-0.000011,-0.000032,0.000020,0.003876,-0.000223,-0.111456,False
2010-01-06,0.003698,0.003889,0.000033,0.000038,-0.000060,-0.000009,-0.000031,0.000021,0.003881,-0.000183,-0.091612,False
2010-01-07,0.003708,0.003889,0.000033,0.000040,-0.000061,-0.000007,-0.000030,0.000022,0.003886,-0.000178,-0.089177,False
2010-01-08,0.003731,0.003889,0.000032,0.000042,-0.000062,-0.000005,-0.000029,0.000024,0.003891,-0.000160,-0.080151,False
2010-01-09,0.003699,0.003890,0.000031,0.000044,-0.000062,-0.000003,-0.000028,0.000025,0.003896,-0.000197,-0.098535,False
2010-01-10,0.003716,0.003890,0.000029,0.000046,-0.000063,-0.000001,-0.000027,0.000026,0.003901,-0.000185,-0.092330,False
2010-01-11,0.003672,0.003891,0.000028,0.000048,-0.000063,0.000001,-0.000026,0.000027,0.003905,-0.000233,-0.116538,False
2010-01-12,0.003790,0.003891,0.000027,0.000050,-0.000064,0.000003,-0.000025,0.000028,0.003909,-0.000119,-0.059660,False
2010-01-13,0.003742,0.003891,0.000025,0.000052,-0.000064,0.000005,-0.000024,0.000029,0.003913,-0.000171,-0.085701,False
2010-01-14,0.003853,0.003892,0.000023,0.000053,-0.000065,0.000007,-0.000023,0.000030,0.003917,-0.000064,-0.032162,False
2010-01-15,0.003731,0.003892,0.000021,0.000055,-0.000065,0.000009,-0.000022,0.000031,0.003921,-0.000190,-0.095046,False
2010-01-16,0.003760,0.003893,0.000019,0.000056,-0.000066,0.000011,-0.000021,0.000033,0.003925,-0.000165,-0.082358,False
2010-01-17,0.003729,0.003893,0.000017,0.000058,-0.000066,0.000013,-0.000020,0.000034,0.003928,-0.000199,-0.099599,False
2010-01-18,0.003678,0.003893,0.000015,0.000059,-0.000066,0.000015,-0.000019,0.000035,0.003932,-0.000254,-0.126775,False
2010-01-19,0.003739,0.003894,0.000013,0.000061,-0.000067,0.000017,-0.000018,0.000036,0.003935,-0.000196,-0.097890,False
2010-01-20,0.003842,0.003894,0.000011,0.000062,-0.000067,0.000019,-0.000018,0.000037,0.003938,-0.000096,-0.047948,False
2010-01-21,0.004664,0.003895,0.000008,0.000063,-0.000068,0.000020,-0.000017,0.000038,0.003941,0.000723,0.361547,False
2010-01-22,0.003670,0.003895,0.000006,0.000064,-0.000068,0.000022,-0.000016,0.000039,0.003944,-0.000274,-0.136911,False
2010-01-23,0.003640,0.003895,0.000004,0.000066,-0.000068,0.000024,-0.000015,0.000041,0.003947,-0.000307,-0.153325,False
2010-01-24,0.003752,0.003896,0.000001,0.000067,-0.000068,0.000026,-0.000014,0.000042,0.003949,-0.000197,-0.098702,False
2010-01-25,0.003711,0.003896,-0.000001,0.000067,-0.000069,0.000028,-0.000013,0.000043,0.003952,-0.000241,-0.120545,False
2010-01-26,0.004084,0.003897,-0.000004,0.000068,-0.000069,0.000030,-0.000012,0.000044,0.003955,0.000129,0.064639,False
2010-01-27,0.003713,0.003897,-0.000006,0.000069,-0.000069,0.000032,-0.000011,0.000045,0.003957,-0.000244,-0.122154,False
2010-01-28,0.003731,0.003897,-0.000008,0.000070,-0.000069,0.000034,-0.000010,0.000046,0.003960,-0.000229,-0.114430,False
2010-01-29,0.003623,0.003898,-0.000011,0.000070,-0.000069,0.000036,-0.000009,0.000047,0.003962,-0.000339,-0.169693,False
2010-01-30,0.003743,0.003898,-0.000013,0.000071,-0.000070,0.000038,-0.000008,0.000048,0.003965,-0.000222,-0.110948,False
2010-01-31,0.003624,0.003899,-0.000015,0.000071,-0.000070,0.000040,-0.000007,0.000050,0.003967,-0.000343,-0.171701,False
2010-02-01,0.003628,0.003899,-0.000017,0.000072,-0.000070,0.000042,-0.000006,0.000051,0.003970,-0.000342,-0.170957,False
2010-02-02,0.003707,0.003899,-0.000019,0.000072,-0.000070,0.000044,-0.000005,0.000052,0.003972,-0.000265,-0.132720,False
2010-02-03,0.003708,0.003900,-0.000021,0.000072,-0.000070,0.000046,-0.000004,0.000053,0.003975,-0.000267,-0.133494,False
2010-02-04,0.003768,0.003900,-0.000023,0.000072,-0.000070,0.000048,-0.000003,0.000054,0.003978,-0.000210,-0.104785,False
2010-02-05,0.003798,0.003901,-0.000025,0.000072,-0.000070,0.000049,-0.000002,0.000055,0.003980,-0.000182,-0.091097,False
2010-02-06,0.003834,0.003901,-0.000027,0.000072,-0.000070,0.000051,-0.000001,0.000056,0.003983,-0.000149,-0.074433,False
2010-02-07,0.003888,0.003901,-0.000028,0.000072,-0.000070,0.000053,-0.000000,0.000057,0.003986,-0.000098,-0.048798,False
2010-02-08,0.003966,0.003902,-0.000029,0.000072,-0.000070,0.000055,0.000001,0.000059,0.003988,-0.000022,-0.011194,False
2010-02-09,0.003961,0.003902,-0.000031,0.000071,-0.000070,0.000057,0.000002,0.000060,0.003991,-0.000030,-0.015126,False
2010-02-10,0.004060,0.003903,-0.000032,0.000071,-0.000070,0.000059,0.000003,0.000061,0.003994,0.000066,0.032904,False
2010-02-11,0.003997,0.003903,-0.000033,0.000070,-0.000070,0.000061,0.000004,0.000062,0.003997,-0.000000,-0.000107,False
2010-02-12,0.003934,0.003904,-0.000033,0.000070,-0.000070,0.000063,0.000005,0.000063,0.004000,-0.000066,-0.033162,False
2010-02-13,0.003735,0.003904,-0.000034,0.000069,-0.000070,0.000065,0.000006,0.000064,0.004004,-0.000269,-0.134262,False
2010-02-14,0.003764,0.003904,-0.000035,0.000068,-0.000070,0.000066,0.000007,0.000065,0.004007,-0.000243,-0.121409,False
2010-02-15,0.003899,0.003905,-0.000035,0.000067,-0.000069,0.000068,0.000008,0.000066,0.004010,-0.000111,-0.055605,False
2010-02-16,0.003978,0.003905,-0.000035,0.000066,-0.000069,0.000070,0.000009,0.000068,0.004014,-0.000036,-0.017851,False
2010-02-17,0.003782,0.003906,-0.000035,0.000065,-0.000069,0.000072,0.000009,0.000069,0.004017,-0.000235,-0.117647,False
2010-02-18,0.003711,0.003906,-0.000035,0.000064,-0.000069,0.000074,0.000010,0.000070,0.004021,-0.000310,-0.154994,False
2010-02-19,0.003788,0.003906,-0.000034,0.000063,-0.000068,0.000076,0.000011,0.000071,0.004025,-0.000237,-0.118391,False
2010-02-20,0.003634,0.003907,-0.000034,0.000062,-0.000068,0.000078,0.000012,0.000072,0.004029,-0.000395,-0.197340,False
2010-02-21,0.003621,0.003907,-0.000033,0.000061,-0.000068,0.000079,0.000013,0.000073,0.004033,-0.000412,-0.205838,False
2010-02-22,0.003774,0.003908,-0.000032,0.000059,-0.000068,0.000081,0.000014,0.000074,0.004037,-0.000263,-0.131385,False
2010-02-23,0.003877,0.003908,-0.000031,0.000058,-0.000067,0.000083,0.000015,0.000075,0.004041,-0.000164,-0.081980,False
2010-02-24,0.003941,0.003908,-0.000030,0.000056,-0.000067,0.000085,0.000016,0.000077,0.004045,-0.000104,-0.052121,False
2010-02-25,0.003986,0.003909,-0.000029,0.000055,-0.000066,0.000087,0.000017,0.000078,0.004050,-0.000064,-0.031805,False
2010-02-26,0.003773,0.003909,-0.000028,0.000053,-0.000066,0.000088,0.000018,0.000079,0.004054,-0.000281,-0.140531,False
2010-02-27,0.003891,0.003910,-0.000026,0.000051,-0.000066,0.000090,0.000019,0.000080,0.004059,-0.000168,-0.083796,False
2010-02-28,0.003621,0.003910,-0.000024,0.000050,-0.000065,0.000092,0.000020,0.000081,0.004063,-0.000442,-0.221098,False
2010-03-01,0.003717,0.003910,-0.000022,0.000048,-0.000065,0.000094,0.000021,0.000082,0.004068,-0.000351,-0.175432,False
2010-03-02,0.003848,0.003911,-0.000021,0.000046,-0.000064,0.000095,0.000022,0.000083,0.004073,-0.000225,-0.112297,False
2010-03-03,0.003749,0.003911,-0.000019,0.000044,-0.000064,0.000097,0.000023,0.000084,0.004077,-0.000328,-0.164187,False
2010-03-04,0.003804,0.003912,-0.000016,0.000042,-0.000063,0.000099,0.000024,0.000085,0.004082,-0.000278,-0.139100,False
2010-03-05,0.003701,0.003912,-0.000014,0.000040,-0.000063,0.000101,0.000025,0.000087,0.004087,-0.000386,-0.193032,False
2010-03-06,0.003755,0.003912,-0.000012,0.000038,-0.000062,0.000102,0.000026,0.000088,0.004092,-0.000337,-0.168478,False
2010-03-07,0.003688,0.003913,-0.000010,0.000036,-0.000062,0.000104,0.000027,0.000089,0.004097,-0.000409,-0.204434,False
2010-03-08,0.003734,0.003913,-0.000007,0.000034,-0.000061,0.000106,0.000028,0.000090,0.004102,-0.000368,-0.183896,False
2010-03-09,0.003604,0.003914,-0.000005,0.000031,-0.000060,0.000108,0.000029,0.000091,0.004107,-0.000503,-0.251359,False
2010-03-10,0.003686,0.003914,-0.000003,0.000029,-0.000060,0.000109,0.000030,0.000092,0.004112,-0.000426,-0.212820,False
2010-03-11,0.003638,0.003914,-0.000000,0.000027,-0.000059,0.000111,0.000030,0.000093,0.004117,-0.000479,-0.239272,False
2010-03-12,0.003852,0.003915,0.000002,0.000025,-0.000058,0.000113,0.000031,0.000094,0.004121,-0.000269,-0.134713,False
2010-03-13,0.003741,0.003915,0.000005,0.000022,-0.000058,0.000114,0.000032,0.000096,0.004126,-0.000385,-0.192637,False
2010-03-14,0.003654,0.003916,0.000007,0.000020,-0.000057,0.000116,0.000033,0.000097,0.004131,-0.000477,-0.238539,False
2010-03-15,0.003715,0.003916,0.000009,0.000017,-0.000056,0.000118,0.000034,0.000098,0.004136,-0.000421,-0.210416,False
2010-03-16,0.003822,0.003917,0.000012,0.000015,-0.000056,0.000119,0.000035,0.000099,0.004141,-0.000319,-0.159263,False
2010-03-17,0.003723,0.003917,0.000014,0.000013,-0.000055,0.000121,0.000036,0.000100,0.004145,-0.000422,-0.211076,False
2010-03-18,0.003629,0.003917,0.000016,0.000010,-0.000054,0.000122,0.000037,0.000101,0.004150,-0.000521,-0.260351,False
2010-03-19,0.003680,0.003918,0.000018,0.000008,-0.000053,0.000124,0.000038,0.000102,0.004154,-0.000474,-0.237083,False
2010-03-20,0.003769,0.003918,0.000020,0.000005,-0.000053,0.000126,0.000039,0.000103,0.004159,-0.000390,-0.194769,False
2010-03-21,0.003699,0.003919,0.000022,0.000003,-0.000052,0.000127,0.000040,0.000104,0.004163,-0.000464,-0.231906,False
2010-03-22,0.003822,0.003919,0.000024,0.000000,-0.000051,0.000129,0.000041,0.000106,0.004167,-0.000345,-0.172490,False
2010-03-23,0.003883,0.003919,0.000026,-0.000002,-0.000050,0.000130,0.000042,0.000107,0.004171,-0.000288,-0.144019,False
2010-03-24,0.003752,0.003920,0.000027,-0.000005,-0.000049,0.000132,0.000042,0.000108,0.004175,-0.000423,-0.211488,False
2010-03-25,0.003806,0.003920,0.000029,-0.000007,-0.000048,0.000133,0.000043,0.000109,0.004179,-0.000373,-0.186397,False
2010-03-26,0.003743,0.003921,0.000030,-0.000010,-0.000048,0.000135,0.000044,0.000110,0.004182,-0.000439,-0.219742,False
2010-03-27,0.003867,0.003921,0.000031,-0.000012,-0.000047,0.000136,0.000045,0.000111,0.004186,-0.000319,-0.159522,False
2010-03-28,0.003775,0.003921,0.000032,-0.000015,-0.000046,0.000138,0.000046,0.000112,0.004189,-0.000414,-0.207235,False
2010-03-29,0.003783,0.003922,0.000033,-0.000017,-0.000045,0.000140,0.000047,0.000113,0.004193,-0.000410,-0.204880,False
2010-03-30,0.003981,0.003922,0.000034,-0.000019,-0.000044,0.000141,0.000048,0.000114,0.004196,-0.000215,-0.107456,False
2010-03-31,0.003787,0.003923,0.000034,-0.000022,-0.000043,0.000142,0.000049,0.000115,0.004199,-0.000412,-0.205962,False
2010-04-01,0.003693,0.003923,0.000035,-0.000024,-0.000042,0.000144,0.000050,0.000117,0.004202,-0.000509,-0.254399,False
2010-04-02,0.003926,0.003923,0.000035,-0.000026,-0.000041,0.000145,0.000051,0.000118,0.004205,-0.000279,-0.139267,False
2010-04-03,0.003780,0.003924,0.000035,-0.000029,-0.000040,0.000147,0.000051,0.000119,0.004207,-0.000427,-0.213565,False
2010-04-04,0.003745,0.003924,0.000035,-0.000031,-0.000039,0.000148,0.000052,0.000120,0.004210,-0.000465,-0.232296,False
2010-04-05,0.003841,0.003925,0.000035,-0.000033,-0.000038,0.000150,0.000053,0.000121,0.004212,-0.000371,-0.185460,False
2010-04-06,0.004203,0.003925,0.000034,-0.000035,-0.000037,0.000151,0.000054,0.000122,0.004214,-0.000011,-0.005560,False
2010-04-07,0.003757,0.003925,0.000034,-0.000038,-0.000036,0.000152,0.000055,0.000123,0.004216,-0.000459,-0.229596,False
2010-04-08,0.004034,0.003926,0.000033,-0.000040,-0.000035,0.000154,0.000056,0.000124,0.004218,-0.000184,-0.092073,False
2010-04-09,0.003911,0.003926,0.000032,-0.000042,-0.000034,0.000155,0.000057,0.000125,0.004220,-0.000309,-0.154491,False
2010-04-10,0.003969,0.003927,0.000031,-0.000044,-0.000033,0.000157,0.000058,0.000126,0.004222,-0.000253,-0.126355,False
2010-04-11,0.003902,0.003927,0.000030,-0.000046,-0.000032,0.000158,0.000058,0.000128,0.004223,-0.000321,-0.160668,False
2010-04-12,0.003770,0.003927,0.000028,-0.000048,-0.000031,0.000159,0.000059,0.000129,0.004225,-0.000455,-0.227434,False
2010-04-13,0.003716,0.003928,0.000027,-0.000049,-0.000030,0.000161,0.000060,0.000130,0.004226,-0.000510,-0.255156,False
2010-04-14,0.003882,0.003928,0.000025,-0.000051,-0.000028,0.000162,0.000061,0.000131,0.004228,-0.000346,-0.172840,False
2010-04-15,0.003948,0.003929,0.000024,-0.000053,-0.000027,0.000163,0.000062,0.000132,0.004229,-0.000281,-0.140489,False
2010-04-16,0.003738,0.003929,0.000022,-0.000054,-0.000026,0.000164,0.000063,0.000133,0.004230,-0.000492,-0.246109,False
2010-04-17,0.003720,0.003929,0.000020,-0.000056,-0.000025,0.000166,0.000064,0.000134,0.004231,-0.000511,-0.255704,False
2010-04-18,0.003893,0.003930,0.000018,-0.000058,-0.000024,0.000167,0.000064,0.000135,0.004233,-0.000340,-0.169781,False
2010-04-19,0.003753,0.003930,0.000016,-0.000059,-0.000023,0.000168,0.000065,0.000136,0.004234,-0.000481,-0.240343,False
2010-04-20,0.003925,0.003931,0.000013,-0.000060,-0.000022,0.000169,0.000066,0.000137,0.004235,-0.000310,-0.154898,False
2010-04-21,0.004092,0.003931,0.000011,-0.000062,-0.000021,0.000171,0.000067,0.000139,0.004236,-0.000144,-0.071951,False
2010-04-22,0.003989,0.003932,0.000009,-0.000063,-0.000019,0.000172,0.000068,0.000140,0.004237,-0.000248,-0.124007,False
2010-04-23,0.003838,0.003932,0.000007,-0.000064,-0.000018,0.000173,0.000068,0.000141,0.004238,-0.000400,-0.200073,False
2010-04-24,0.003728,0.003932,0.000004,-0.000065,-0.000017,0.000174,0.000069,0.000142,0.004239,-0.000511,-0.255654,False
2010-04-25,0.003719,0.003933,0.000002,-0.000066,-0.000016,0.000175,0.000070,0.000143,0.004241,-0.000522,-0.260757,False
2010-04-26,0.003658,0.003933,-0.000001,-0.000067,-0.000015,0.000176,0.000071,0.000144,0.004242,-0.000584,-0.291888,False
2010-04-27,0.003701,0.003934,-0.000003,-0.000068,-0.000014,0.000177,0.000072,0.000145,0.004243,-0.000542,-0.271053,False
2010-04-28,0.003762,0.003934,-0.000005,-0.000069,-0.000012,0.000179,0.000073,0.000146,0.004245,-0.000483,-0.241257,False
2010-04-29,0.003986,0.003934,-0.000008,-0.000070,-0.000011,0.000180,0.000073,0.000147,0.004246,-0.000260,-0.130007,False
2010-04-30,0.003724,0.003935,-0.000010,-0.000070,-0.000010,0.000181,0.000074,0.000148,0.004248,-0.000524,-0.261808,False
2010-05-01,0.003608,0.003935,-0.000012,-0.000071,-0.000009,0.000182,0.000075,0.000149,0.004249,-0.000641,-0.320667,False
2010-05-02,0.003657,0.003936,-0.000015,-0.000071,-0.000008,0.000183,0.000076,0.000150,0.004251,-0.000594,-0.297087,False
2010-05-03,0.003706,0.003936,-0.000017,-0.000071,-0.000006,0.000184,0.000076,0.000152,0.004253,-0.000547,-0.273576,False
2010-05-04,0.003687,0.003936,-0.000019,-0.000072,-0.000005,0.000185,0.000077,0.000153,0.004255,-0.000568,-0.284137,False
2010-05-05,0.003732,0.003937,-0.000021,-0.000072,-0.000004,0.000186,0.000078,0.000154,0.004258,-0.000526,-0.262776,False
2010-05-06,0.003750,0.003937,-0.000023,-0.000072,-0.000003,0.000187,0.000079,0.000155,0.004260,-0.000510,-0.254998,False
2010-05-07,0.003700,0.003938,-0.000024,-0.000072,-0.000002,0.000188,0.000079,0.000156,0.004263,-0.000563,-0.281306,False
2010-05-08,0.003690,0.003938,-0.000026,-0.000072,-0.000000,0.000189,0.000080,0.000157,0.004265,-0.000575,-0.287704,False
2010-05-09,0.003761,0.003938,-0.000028,-0.000072,0.000001,0.000190,0.000081,0.000158,0.004268,-0.000507,-0.253696,False
2010-05-10,0.003752,0.003939,-0.000029,-0.000072,0.000002,0.000191,0.000082,0.000159,0.004272,-0.000520,-0.259786,False
2010-05-11,0.003680,0.003939,-0.000030,-0.000071,0.000003,0.000191,0.000082,0.000160,0.004275,-0.000595,-0.297477,False
2010-05-12,0.003749,0.003940,-0.000031,-0.000071,0.000005,0.000192,0.000083,0.000161,0.004279,-0.000530,-0.264770,False
2010-05-13,0.003673,0.003940,-0.000032,-0.000070,0.000006,0.000193,0.000084,0.000162,0.004282,-0.000609,-0.304669,False
2010-05-14,0.003865,0.003940,-0.000033,-0.000070,0.000007,0.000194,0.000085,0.000163,0.004286,-0.000421,-0.210675,False
2010-05-15,0.004012,0.003941,-0.000034,-0.000069,0.000008,0.000195,0.000085,0.000164,0.004291,-0.000279,-0.139289,False
2010-05-16,0.003792,0.003941,-0.000034,-0.000068,0.000009,0.000196,0.000086,0.000166,0.004295,-0.000503,-0.251512,False
2010-05-17,0.003675,0.003942,-0.000035,-0.000068,0.000011,0.000197,0.000087,0.000167,0.004300,-0.000625,-0.312346,False
2010-05-18,0.003774,0.003942,-0.000035,-0.000067,0.000012,0.000197,0.000088,0.000168,0.004305,-0.000531,-0.265289,False
2010-05-19,0.004189,0.003942,-0.000035,-0.000066,0.000013,0.000198,0.000088,0.000169,0.004310,-0.000121,-0.060342,False
2010-05-20,0.004133,0.003943,-0.000035,-0.000065,0.000014,0.000199,0.000089,0.000170,0.004315,-0.000182,-0.091003,False
2010-05-21,0.004067,0.003943,-0.000035,-0.000064,0.000015,0.000200,0.000090,0.000171,0.004321,-0.000254,-0.126773,False
2010-05-22,0.003965,0.003944,-0.000034,-0.000062,0.000016,0.000200,0.000090,0.000172,0.004326,-0.000361,-0.180648,False
2010-05-23,0.004290,0.003944,-0.000033,-0.000061,0.000018,0.000201,0.000091,0.000173,0.004332,-0.000042,-0.021127,False
2010-05-24,0.003946,0.003945,-0.000033,-0.000060,0.000019,0.000202,0.000092,0.000174,0.004338,-0.000392,-0.196207,False
2010-05-25,0.003945,0.003945,-0.000032,-0.000058,0.000020,0.000202,0.000092,0.000175,0.004345,-0.000400,-0.199886,False
2010-05-26,0.003972,0.003945,-0.000031,-0.000057,0.000021,0.000203,0.000093,0.000176,0.004351,-0.000379,-0.189659,False
2010-05-27,0.003845,0.003946,-0.000029,-0.000055,0.000022,0.000204,0.000094,0.000177,0.004358,-0.000513,-0.256524,False
2010-05-28,0.003897,0.003946,-0.000028,-0.000054,0.000023,0.000204,0.000094,0.000178,0.004365,-0.000468,-0.233977,False
2010-05-29,0.003838,0.003947,-0.000026,-0.000052,0.000025,0.000205,0.000095,0.000179,0.004372,-0.000534,-0.267012,False
2010-05-30,0.003769,0.003947,-0.000025,-0.000050,0.000026,0.000205,0.000096,0.000180,0.004379,-0.000610,-0.305125,False
2010-05-31,0.003795,0.003947,-0.000023,-0.000048,0.000027,0.000206,0.000096,0.000182,0.004387,-0.000592,-0.295810,False
2010-06-01,0.003835,0.003948,-0.000021,-0.000046,0.000028,0.000207,0.000097,0.000183,0.004394,-0.000559,-0.279563,False
2010-06-02,0.003802,0.003948,-0.000019,-0.000045,0.000029,0.000207,0.000097,0.000184,0.004402,-0.000600,-0.299877,False
2010-06-03,0.003777,0.003949,-0.000017,-0.000043,0.000030,0.000208,0.000098,0.000185,0.004409,-0.000632,-0.316247,False
2010-06-04,0.003752,0.003949,-0.000015,-0.000041,0.000031,0.000208,0.000099,0.000186,0.004417,-0.000665,-0.332666,False
2010-06-05,0.003727,0.003949,-0.000013,-0.000038,0.000032,0.000209,0.000099,0.000187,0.004425,-0.000698,-0.349128,False
2010-06-06,0.003834,0.003950,-0.000010,-0.000036,0.000033,0.000209,0.000100,0.000188,0.004433,-0.000599,-0.299626,False
2010-06-07,0.003786,0.003950,-0.000008,-0.000034,0.000034,0.000210,0.000101,0.000189,0.004441,-0.000655,-0.327653,False
2010-06-08,0.003834,0.003951,-0.000006,-0.000032,0.000035,0.000210,0.000101,0.000190,0.004449,-0.000615,-0.307703,False
2010-06-09,0.003797,0.003951,-0.000003,-0.000030,0.000036,0.000210,0.000102,0.000191,0.004458,-0.000661,-0.330267,False
2010-06-10,0.003823,0.003951,-0.000001,-0.000027,0.000037,0.000211,0.000102,0.000192,0.004466,-0.000643,-0.321339,False
2010-06-11,0.003826,0.003952,0.000002,-0.000025,0.000038,0.000211,0.000103,0.000193,0.004474,-0.000648,-0.323912,False
2010-06-12,0.003755,0.003952,0.000004,-0.000023,0.000039,0.000212,0.000103,0.000194,0.004482,-0.000727,-0.363479,False
2010-06-13,0.003804,0.003953,0.000006,-0.000020,0.000040,0.000212,0.000104,0.000195,0.004490,-0.000686,-0.342809,False
2010-06-14,0.003854,0.003953,0.000009,-0.000018,0.000041,0.000212,0.000105,0.000196,0.004498,-0.000644,-0.322119,False
2010-06-15,0.003903,0.003953,0.000011,-0.000016,0.000042,0.000213,0.000105,0.000197,0.004506,-0.000603,-0.301400,False
2010-06-16,0.003953,0.003954,0.000013,-0.000013,0.000043,0.000213,0.000106,0.000198,0.004514,-0.000561,-0.280646,False
2010-06-17,0.004002,0.003954,0.000015,-0.000011,0.000044,0.000213,0.000106,0.000199,0.004522,-0.000520,-0.259849,False
2010-06-18,0.004052,0.003955,0.000018,-0.000008,0.000045,0.000213,0.000107,0.000200,0.004530,-0.000478,-0.239003,False
2010-06-19,0.004101,0.003955,0.000020,-0.000006,0.000046,0.000214,0.000107,0.000201,0.004537,-0.000436,-0.218102,False
2010-06-20,0.004200,0.003955,0.000022,-0.000003,0.000047,0.000214,0.000108,0.000203,0.004545,-0.000345,-0.172416,False
2010-06-21,0.004200,0.003956,0.000023,-0.000001,0.000048,0.000214,0.000108,0.000204,0.004552,-0.000352,-0.176106,False
2010-06-22,0.003945,0.003956,0.000025,0.000002,0.000049,0.000214,0.000109,0.000205,0.004559,-0.000614,-0.307222,False
2010-06-23,0.003817,0.003957,0.000027,0.000004,0.000050,0.000214,0.000109,0.000206,0.004567,-0.000750,-0.374757,False
2010-06-24,0.004090,0.003957,0.000028,0.000007,0.000051,0.000215,0.000110,0.000207,0.004573,-0.000483,-0.241706,False
2010-06-25,0.003997,0.003957,0.000030,0.000009,0.000051,0.000215,0.000110,0.000208,0.004580,-0.000583,-0.291565,False
2010-06-26,0.003947,0.003958,0.000031,0.000011,0.000052,0.000215,0.000111,0.000209,0.004587,-0.000640,-0.319828,False
2010-06-27,0.004044,0.003958,0.000032,0.000014,0.000053,0.000215,0.000111,0.000210,0.004593,-0.000549,-0.274491,False
2010-06-28,0.004112,0.003959,0.000033,0.000016,0.000054,0.000215,0.000112,0.000211,0.004599,-0.000487,-0.243549,False
2010-06-29,0.003876,0.003959,0.000034,0.000019,0.000055,0.000215,0.000112,0.000212,0.004605,-0.000729,-0.364500,False
2010-06-30,0.003878,0.003960,0.000034,0.000021,0.000055,0.000215,0.000113,0.000213,0.004611,-0.000732,-0.366248,False
2010-07-01,0.003880,0.003960,0.000035,0.000024,0.000056,0.000215,0.000113,0.000214,0.004616,-0.000736,-0.367882,False
2010-07-02,0.003883,0.003960,0.000035,0.000026,0.000057,0.000215,0.000113,0.000215,0.004621,-0.000739,-0.369399,False
2010-07-03,0.003885,0.003961,0.000035,0.000028,0.000057,0.000215,0.000114,0.000216,0.004626,-0.000742,-0.370797,False
2010-07-04,0.003887,0.003961,0.000035,0.000030,0.000058,0.000215,0.000114,0.000217,0.004631,-0.000744,-0.372073,False
2010-07-05,0.003889,0.003962,0.000035,0.000033,0.000059,0.000215,0.000115,0.000218,0.004636,-0.000746,-0.373228,False
2010-07-06,0.003891,0.003962,0.000034,0.000035,0.000059,0.000215,0.000115,0.000219,0.004640,-0.000749,-0.374260,False
2010-07-07,0.003900,0.003962,0.000034,0.000037,0.000060,0.000215,0.000116,0.000220,0.004644,-0.000744,-0.371895,False
2010-07-08,0.003900,0.003963,0.000033,0.000039,0.000061,0.000215,0.000116,0.000221,0.004648,-0.000748,-0.373770,False
2010-07-09,0.003900,0.003963,0.000032,0.000041,0.000061,0.000215,0.000116,0.000222,0.004651,-0.000751,-0.375521,False
2010-07-10,0.003900,0.003964,0.000031,0.000043,0.000062,0.000215,0.000117,0.000223,0.004654,-0.000754,-0.377150,False
2010-07-11,0.003938,0.003964,0.000030,0.000045,0.000062,0.000214,0.000117,0.000224,0.004657,-0.000719,-0.359658,False
2010-07-12,0.004092,0.003964,0.000029,0.000047,0.000063,0.000214,0.000118,0.000225,0.004660,-0.000568,-0.284045,False
2010-07-13,0.003955,0.003965,0.000027,0.000049,0.000063,0.000214,0.000118,0.000226,0.004663,-0.000708,-0.353814,False
2010-07-14,0.004084,0.003965,0.000026,0.000051,0.000064,0.000214,0.000118,0.000227,0.004665,-0.000581,-0.290468,False
2010-07-15,0.004005,0.003966,0.000024,0.000052,0.000064,0.000214,0.000119,0.000228,0.004667,-0.000662,-0.331008,False
2010-07-16,0.003903,0.003966,0.000022,0.000054,0.000065,0.000213,0.000119,0.000229,0.004669,-0.000766,-0.382937,False
2010-07-17,0.004073,0.003966,0.000020,0.000056,0.000065,0.000213,0.000119,0.000230,0.004671,-0.000598,-0.298759,False
2010-07-18,0.003950,0.003967,0.000018,0.000057,0.000066,0.000213,0.000120,0.000231,0.004672,-0.000722,-0.360978,False
2010-07-19,0.003818,0.003967,0.000016,0.000059,0.000066,0.000213,0.000120,0.000232,0.004673,-0.000855,-0.427596,False
2010-07-20,0.004192,0.003968,0.000014,0.000060,0.000067,0.000212,0.000120,0.000233,0.004674,-0.000482,-0.241119,False
2010-07-21,0.004230,0.003968,0.000012,0.000061,0.000067,0.000212,0.000121,0.000234,0.004675,-0.000445,-0.222550,False
2010-07-22,0.003985,0.003968,0.000010,0.000063,0.000067,0.000212,0.000121,0.000235,0.004676,-0.000691,-0.345394,False
2010-07-23,0.004077,0.003969,0.000007,0.000064,0.000068,0.000211,0.000121,0.000236,0.004676,-0.000599,-0.299655,False
2010-07-24,0.004088,0.003969,0.000005,0.000065,0.000068,0.000211,0.000122,0.000237,0.004677,-0.000589,-0.294339,False
2010-07-25,0.003992,0.003970,0.000002,0.000066,0.000068,0.000210,0.000122,0.000238,0.004677,-0.000685,-0.342450,False
2010-07-26,0.003970,0.003970,-0.000000,0.000067,0.000069,0.000210,0.000122,0.000239,0.004677,-0.000707,-0.353493,False
2010-07-27,0.003988,0.003970,-0.000002,0.000068,0.000069,0.000210,0.000122,0.000240,0.004677,-0.000689,-0.344473,False
2010-07-28,0.003967,0.003971,-0.000005,0.000069,0.000069,0.000209,0.000123,0.000241,0.004677,-0.000710,-0.354896,False
2010-07-29,0.003851,0.003971,-0.000007,0.000069,0.000069,0.000209,0.000123,0.000242,0.004677,-0.000826,-0.412767,False
2010-07-30,0.003935,0.003972,-0.000010,0.000070,0.000069,0.000208,0.000123,0.000243,0.004676,-0.000741,-0.370590,False
2010-07-31,0.003837,0.003972,-0.000012,0.000071,0.000070,0.000208,0.000123,0.000244,0.004676,-0.000839,-0.419372,False
2010-08-01,0.003933,0.003973,-0.000014,0.000071,0.000070,0.000207,0.000124,0.000245,0.004675,-0.000742,-0.371116,False
2010-08-02,0.003929,0.003973,-0.000016,0.000071,0.000070,0.000207,0.000124,0.000246,0.004675,-0.000746,-0.372829,False
2010-08-03,0.004021,0.003973,-0.000018,0.000072,0.000070,0.000206,0.000124,0.000247,0.004674,-0.000653,-0.326586,False
2010-08-04,0.004113,0.003974,-0.000020,0.000072,0.000070,0.000206,0.000124,0.000248,0.004673,-0.000561,-0.280321,False
2010-08-05,0.004205,0.003974,-0.000022,0.000072,0.000070,0.000205,0.000125,0.000249,0.004673,-0.000468,-0.234038,False
2010-08-06,0.004296,0.003975,-0.000024,0.000072,0.000070,0.000204,0.000125,0.000250,0.004672,-0.000375,-0.187743,False
2010-08-07,0.004388,0.003975,-0.000026,0.000072,0.000070,0.000204,0.000125,0.000251,0.004671,-0.000283,-0.141439,False
2010-08-08,0.004480,0.003975,-0.000027,0.000072,0.000070,0.000203,0.000125,0.000252,0.004670,-0.000190,-0.095129,False
2010-08-09,0.004572,0.003976,-0.000029,0.000072,0.000070,0.000202,0.000125,0.000253,0.004670,-0.000098,-0.048819,False
2010-08-10,0.004006,0.003976,-0.000030,0.000071,0.000070,0.000202,0.000125,0.000254,0.004669,-0.000663,-0.331441,False
2010-08-11,0.004080,0.003977,-0.000031,0.000071,0.000070,0.000201,0.000126,0.000255,0.004668,-0.000588,-0.294068,False
2010-08-12,0.004069,0.003977,-0.000032,0.000071,0.000070,0.000200,0.000126,0.000256,0.004667,-0.000598,-0.299204,False
2010-08-13,0.004040,0.003977,-0.000033,0.000070,0.000070,0.000200,0.000126,0.000257,0.004667,-0.000627,-0.313352,False
2010-08-14,0.004107,0.003978,-0.000034,0.000069,0.000070,0.000199,0.000126,0.000258,0.004666,-0.000559,-0.279514,False
2010-08-15,0.004121,0.003978,-0.000034,0.000069,0.000070,0.000198,0.000126,0.000259,0.004665,-0.000545,-0.272442,False
2010-08-16,0.004134,0.003979,-0.000035,0.000068,0.000069,0.000197,0.000126,0.000260,0.004665,-0.000531,-0.265388,False
2010-08-17,0.004080,0.003979,-0.000035,0.000067,0.000069,0.000197,0.000126,0.000261,0.004664,-0.000584,-0.292104,False
2010-08-18,0.003961,0.003979,-0.000035,0.000066,0.000069,0.000196,0.000127,0.000262,0.004664,-0.000703,-0.351339,False
2010-08-19,0.003972,0.003980,-0.000035,0.000065,0.000069,0.000195,0.000127,0.000263,0.004663,-0.000691,-0.345597,False
2010-08-20,0.003965,0.003980,-0.000035,0.000064,0.000069,0.000194,0.000127,0.000264,0.004663,-0.000698,-0.348875,False
2010-08-21,0.004010,0.003981,-0.000034,0.000063,0.000068,0.000193,0.000127,0.000265,0.004662,-0.000652,-0.326176,False
2010-08-22,0.004000,0.003981,-0.000034,0.000061,0.000068,0.000192,0.000127,0.000266,0.004662,-0.000662,-0.330998,False
2010-08-23,0.004258,0.003981,-0.000033,0.000060,0.000068,0.000191,0.000127,0.000267,0.004662,-0.000404,-0.201840,False
2010-08-24,0.004462,0.003982,-0.000032,0.000059,0.000067,0.000191,0.000127,0.000268,0.004661,-0.000199,-0.099703,False
2010-08-25,0.004141,0.003982,-0.000031,0.000057,0.000067,0.000190,0.000127,0.000269,0.004661,-0.000520,-0.260084,False
2010-08-26,0.004062,0.003983,-0.000030,0.000056,0.000067,0.000189,0.000127,0.000270,0.004661,-0.000599,-0.299482,False
2010-08-27,0.004137,0.003983,-0.000028,0.000054,0.000066,0.000188,0.000127,0.000271,0.004661,-0.000524,-0.261895,False
2010-08-28,0.003947,0.003983,-0.000027,0.000052,0.000066,0.000187,0.000127,0.000272,0.004661,-0.000714,-0.356821,False
2010-08-29,0.003946,0.003984,-0.000025,0.000051,0.000065,0.000186,0.000127,0.000273,0.004661,-0.000715,-0.357258,False
2010-08-30,0.004003,0.003984,-0.000023,0.000049,0.000065,0.000185,0.000127,0.000274,0.004660,-0.000657,-0.328702,False
2010-08-31,0.003976,0.003985,-0.000022,0.000047,0.000065,0.000184,0.000127,0.000274,0.004660,-0.000684,-0.342152,False
2010-09-01,0.003823,0.003985,-0.000020,0.000045,0.000064,0.000183,0.000127,0.000275,0.004660,-0.000837,-0.418603,False
2010-09-02,0.003914,0.003985,-0.000018,0.000043,0.000064,0.000182,0.000127,0.000276,0.004660,-0.000746,-0.373052,False
2010-09-03,0.003995,0.003986,-0.000015,0.000041,0.000063,0.000181,0.000127,0.000277,0.004660,-0.000665,-0.332496,False
2010-09-04,0.004119,0.003986,-0.000013,0.000039,0.000062,0.000180,0.000127,0.000278,0.004660,-0.000541,-0.270431,False
2010-09-05,0.003883,0.003987,-0.000011,0.000037,0.000062,0.000179,0.000127,0.000279,0.004660,-0.000777,-0.388354,False
2010-09-06,0.003922,0.003987,-0.000009,0.000035,0.000061,0.000177,0.000127,0.000280,0.004660,-0.000738,-0.368759,False
2010-09-07,0.003925,0.003988,-0.000006,0.000033,0.000061,0.000176,0.000127,0.000281,0.004659,-0.000734,-0.367144,False
2010-09-08,0.004016,0.003988,-0.000004,0.000030,0.000060,0.000175,0.000127,0.000282,0.004659,-0.000643,-0.321503,False
2010-09-09,0.004072,0.003988,-0.000002,0.000028,0.000059,0.000174,0.000127,0.000283,0.004659,-0.000587,-0.293333,False
2010-09-10,0.004100,0.003989,0.000001,0.000026,0.000059,0.000173,0.000127,0.000284,0.004658,-0.000558,-0.279130,False
2010-09-11,0.004163,0.003989,0.000003,0.000023,0.000058,0.000172,0.000127,0.000285,0.004658,-0.000495,-0.247389,False
2010-09-12,0.003967,0.003990,0.000006,0.000021,0.000057,0.000171,0.000127,0.000286,0.004657,-0.000690,-0.345107,False
2010-09-13,0.003827,0.003990,0.000008,0.000019,0.000057,0.000169,0.000127,0.000287,0.004657,-0.000830,-0.414778,False
2010-09-14,0.004036,0.003990,0.000010,0.000016,0.000056,0.000168,0.000127,0.000288,0.004656,-0.000620,-0.309900,False
2010-09-15,0.003933,0.003991,0.000013,0.000014,0.000055,0.000167,0.000127,0.000289,0.004655,-0.000722,-0.360967,False
2010-09-16,0.004019,0.003991,0.000015,0.000011,0.000055,0.000166,0.000127,0.000290,0.004654,-0.000635,-0.317477,False
2010-09-17,0.004048,0.003992,0.000017,0.000009,0.000054,0.000164,0.000127,0.000290,0.004653,-0.000605,-0.302426,False
2010-09-18,0.004496,0.003992,0.000019,0.000006,0.000053,0.000163,0.000127,0.000291,0.004652,-0.000156,-0.077810,False
2010-09-19,0.004389,0.003992,0.000021,0.000004,0.000052,0.000162,0.000126,0.000292,0.004650,-0.000261,-0.130626,False
2010-09-20,0.004387,0.003993,0.000023,0.000001,0.000051,0.000161,0.000126,0.000293,0.004649,-0.000262,-0.130870,False
2010-09-21,0.004043,0.003993,0.000025,-0.000001,0.000051,0.000159,0.000126,0.000294,0.004647,-0.000604,-0.302041,False
2010-09-22,0.004110,0.003994,0.000026,-0.000003,0.000050,0.000158,0.000126,0.000295,0.004645,-0.000535,-0.267636,False
2010-09-23,0.003975,0.003994,0.000028,-0.000006,0.000049,0.000157,0.000126,0.000296,0.004643,-0.000668,-0.334151,False
2010-09-24,0.003889,0.003994,0.000029,-0.000008,0.000048,0.000155,0.000126,0.000297,0.004641,-0.000752,-0.376086,False
2010-09-25,0.003929,0.003995,0.000031,-0.000011,0.000047,0.000154,0.000126,0.000298,0.004639,-0.000710,-0.354939,False
2010-09-26,0.003894,0.003995,0.000032,-0.000013,0.000046,0.000152,0.000125,0.000299,0.004636,-0.000742,-0.371208,False
2010-09-27,0.003936,0.003996,0.000033,-0.000016,0.000045,0.000151,0.000125,0.000300,0.004634,-0.000698,-0.348893,False
2010-09-28,0.003898,0.003996,0.000033,-0.000018,0.000044,0.000150,0.000125,0.000301,0.004631,-0.000733,-0.366493,False
2010-09-29,0.004043,0.003996,0.000034,-0.000021,0.000043,0.000148,0.000125,0.000302,0.004628,-0.000585,-0.292507,False
2010-09-30,0.004020,0.003997,0.000035,-0.000023,0.000042,0.000147,0.000125,0.000302,0.004625,-0.000605,-0.302435,False
2010-10-01,0.004151,0.003997,0.000035,-0.000025,0.000042,0.000145,0.000124,0.000303,0.004622,-0.000471,-0.235279,False
2010-10-02,0.003994,0.003998,0.000035,-0.000028,0.000041,0.000144,0.000124,0.000304,0.004618,-0.000624,-0.312039,False
2010-10-03,0.004043,0.003998,0.000035,-0.000030,0.000040,0.000142,0.000124,0.000305,0.004614,-0.000571,-0.285715,False
2010-10-04,0.004029,0.003998,0.000035,-0.000032,0.000039,0.000141,0.000124,0.000306,0.004611,-0.000582,-0.290811,False
2010-10-05,0.003888,0.003999,0.000034,-0.000034,0.000038,0.000140,0.000124,0.000307,0.004607,-0.000719,-0.359327,False
2010-10-06,0.003981,0.003999,0.000034,-0.000036,0.000036,0.000138,0.000123,0.000308,0.004603,-0.000622,-0.310766,False
2010-10-07,0.003959,0.004000,0.000033,-0.000039,0.000035,0.000137,0.000123,0.000309,0.004598,-0.000639,-0.319630,False
2010-10-08,0.003880,0.004000,0.000032,-0.000041,0.000034,0.000135,0.000123,0.000310,0.004594,-0.000714,-0.356924,False
2010-10-09,0.003818,0.004001,0.000031,-0.000043,0.000033,0.000133,0.000123,0.000311,0.004589,-0.000771,-0.385649,False
2010-10-10,0.003918,0.004001,0.000030,-0.000045,0.000032,0.000132,0.000122,0.000312,0.004585,-0.000667,-0.333311,False
2010-10-11,0.003918,0.004001,0.000029,-0.000047,0.000031,0.000130,0.000122,0.000312,0.004580,-0.000662,-0.330912,False
2010-10-12,0.003973,0.004002,0.000028,-0.000048,0.000030,0.000129,0.000122,0.000313,0.004575,-0.000602,-0.300958,False
2010-10-13,0.004021,0.004002,0.000026,-0.000050,0.000029,0.000127,0.000121,0.000314,0.004570,-0.000549,-0.274453,False
2010-10-14,0.003890,0.004003,0.000024,-0.000052,0.000028,0.000126,0.000121,0.000315,0.004565,-0.000675,-0.337402,False
2010-10-15,0.004083,0.004003,0.000023,-0.000054,0.000027,0.000124,0.000121,0.000316,0.004560,-0.000477,-0.238310,False
2010-10-16,0.003818,0.004003,0.000021,-0.000055,0.000026,0.000122,0.000121,0.000317,0.004554,-0.000736,-0.368182,False
2010-10-17,0.004004,0.004004,0.000019,-0.000057,0.000025,0.000121,0.000120,0.000318,0.004549,-0.000545,-0.272525,False
2010-10-18,0.003966,0.004004,0.000017,-0.000058,0.000023,0.000119,0.000120,0.000319,0.004544,-0.000578,-0.288844,False
2010-10-19,0.003860,0.004005,0.000015,-0.000060,0.000022,0.000118,0.000120,0.000320,0.004538,-0.000678,-0.339145,False
2010-10-20,0.003950,0.004005,0.000012,-0.000061,0.000021,0.000116,0.000119,0.000320,0.004533,-0.000583,-0.291435,False
2010-10-21,0.004049,0.004005,0.000010,-0.000062,0.000020,0.000114,0.000119,0.000321,0.004527,-0.000478,-0.239219,False
2010-10-22,0.003982,0.004006,0.000008,-0.000064,0.000019,0.000113,0.000119,0.000322,0.004522,-0.000540,-0.270005,False
2010-10-23,0.004181,0.004006,0.000005,-0.000065,0.000018,0.000111,0.000118,0.000323,0.004517,-0.000336,-0.167798,False
2010-10-24,0.003831,0.004007,0.000003,-0.000066,0.000016,0.000109,0.000118,0.000324,0.004511,-0.000680,-0.340105,False
2010-10-25,0.003829,0.004007,0.000001,-0.000067,0.000015,0.000108,0.000117,0.000325,0.004506,-0.000677,-0.338433,False
2010-10-26,0.003910,0.004007,-0.000002,-0.000068,0.000014,0.000106,0.000117,0.000326,0.004501,-0.000591,-0.295289,False
2010-10-27,0.003894,0.004008,-0.000004,-0.000068,0.000013,0.000104,0.000117,0.000327,0.004495,-0.000601,-0.300678,False
2010-10-28,0.003934,0.004008,-0.000007,-0.000069,0.000012,0.000102,0.000116,0.000327,0.004490,-0.000556,-0.278107,False
2010-10-29,0.003790,0.004009,-0.000009,-0.000070,0.000011,0.000101,0.000116,0.000328,0.004485,-0.000695,-0.347582,False
2010-10-30,0.003671,0.004009,-0.000011,-0.000070,0.000009,0.000099,0.000115,0.000329,0.004480,-0.000809,-0.404611,False
2010-10-31,0.003755,0.004009,-0.000014,-0.000071,0.000008,0.000097,0.000115,0.000330,0.004475,-0.000720,-0.360198,False
2010-11-01,0.003842,0.004010,-0.000016,-0.000071,0.000007,0.000095,0.000115,0.000331,0.004471,-0.000629,-0.314350,False
2010-11-02,0.003745,0.004010,-0.000018,-0.000072,0.000006,0.000094,0.000114,0.000332,0.004466,-0.000721,-0.360572,False
2010-11-03,0.004017,0.004011,-0.000020,-0.000072,0.000005,0.000092,0.000114,0.000333,0.004462,-0.000445,-0.222370,False
2010-11-04,0.003909,0.004011,-0.000022,-0.000072,0.000003,0.000090,0.000113,0.000333,0.004457,-0.000548,-0.274249,False
2010-11-05,0.003901,0.004011,-0.000024,-0.000072,0.000002,0.000088,0.000113,0.000334,0.004453,-0.000552,-0.276214,False
2010-11-06,0.003889,0.004012,-0.000025,-0.000072,0.000001,0.000087,0.000112,0.000335,0.004450,-0.000561,-0.280270,False
2010-11-07,0.003996,0.004012,-0.000027,-0.000072,-0.000000,0.000085,0.000112,0.000336,0.004446,-0.000450,-0.224920,False
2010-11-08,0.004016,0.004013,-0.000028,-0.000072,-0.000001,0.000083,0.000112,0.000337,0.004442,-0.000426,-0.213170,False
2010-11-09,0.003949,0.004013,-0.000030,-0.000071,-0.000003,0.000081,0.000111,0.000338,0.004439,-0.000490,-0.245022,False
2010-11-10,0.003911,0.004013,-0.000031,-0.000071,-0.000004,0.000079,0.000111,0.000339,0.004436,-0.000525,-0.262480,False
2010-11-11,0.003949,0.004014,-0.000032,-0.000071,-0.000005,0.000078,0.000110,0.000339,0.004433,-0.000484,-0.242046,False
2010-11-12,0.003935,0.004014,-0.000033,-0.000070,-0.000006,0.000076,0.000110,0.000340,0.004430,-0.000495,-0.247725,False
2010-11-13,0.003819,0.004015,-0.000034,-0.000070,-0.000008,0.000074,0.000109,0.000341,0.004428,-0.000609,-0.304516,False
2010-11-14,0.003885,0.004015,-0.000034,-0.000069,-0.000009,0.000072,0.000109,0.000342,0.004426,-0.000541,-0.270422,False
2010-11-15,0.003837,0.004016,-0.000035,-0.000068,-0.000010,0.000070,0.000108,0.000343,0.004424,-0.000587,-0.293445,False
2010-11-16,0.003915,0.004016,-0.000035,-0.000067,-0.000011,0.000068,0.000108,0.000344,0.004422,-0.000507,-0.253584,False
2010-11-17,0.003832,0.004016,-0.000035,-0.000066,-0.000012,0.000066,0.000107,0.000344,0.004421,-0.000589,-0.294342,False
2010-11-18,0.003789,0.004017,-0.000035,-0.000065,-0.000013,0.000065,0.000107,0.000345,0.004419,-0.000630,-0.315216,False
2010-11-19,0.003933,0.004017,-0.000035,-0.000064,-0.000015,0.000063,0.000106,0.000346,0.004418,-0.000485,-0.242707,False
2010-11-20,0.003760,0.004018,-0.000034,-0.000063,-0.000016,0.000061,0.000105,0.000347,0.004418,-0.000658,-0.328815,False
2010-11-21,0.003960,0.004018,-0.000034,-0.000062,-0.000017,0.000059,0.000105,0.000348,0.004417,-0.000457,-0.228536,False
2010-11-22,0.003972,0.004018,-0.000033,-0.000060,-0.000018,0.000057,0.000104,0.000349,0.004417,-0.000445,-0.222371,False
2010-11-23,0.003784,0.004019,-0.000032,-0.000059,-0.000019,0.000055,0.000104,0.000349,0.004417,-0.000633,-0.316315,False
2010-11-24,0.003845,0.004019,-0.000031,-0.000058,-0.000021,0.000053,0.000103,0.000350,0.004417,-0.000572,-0.285868,False
2010-11-25,0.003944,0.004020,-0.000030,-0.000056,-0.000022,0.000051,0.000103,0.000351,0.004417,-0.000473,-0.236526,False
2010-11-26,0.003866,0.004020,-0.000029,-0.000054,-0.000023,0.000049,0.000102,0.000352,0.004418,-0.000552,-0.275784,False
2010-11-27,0.003882,0.004020,-0.000027,-0.000053,-0.000024,0.000048,0.000101,0.000353,0.004418,-0.000536,-0.268141,False
2010-11-28,0.003800,0.004021,-0.000026,-0.000051,-0.000025,0.000046,0.000101,0.000354,0.004419,-0.000619,-0.309590,False
2010-11-29,0.003912,0.004021,-0.000024,-0.000049,-0.000026,0.000044,0.000100,0.000354,0.004420,-0.000508,-0.254129,False
2010-11-30,0.003839,0.004022,-0.000022,-0.000047,-0.000027,0.000042,0.000100,0.000355,0.004422,-0.000583,-0.291251,False
2010-12-01,0.003868,0.004022,-0.000020,-0.000046,-0.000028,0.000040,0.000099,0.000356,0.004423,-0.000555,-0.277453,False
2010-12-02,0.003925,0.004022,-0.000018,-0.000044,-0.000030,0.000038,0.000098,0.000357,0.004424,-0.000499,-0.249727,False
2010-12-03,0.003925,0.004023,-0.000016,-0.000042,-0.000031,0.000036,0.000098,0.000358,0.004426,-0.000501,-0.250570,False
2010-12-04,0.003874,0.004023,-0.000014,-0.000040,-0.000032,0.000034,0.000097,0.000358,0.004428,-0.000554,-0.276974,False
2010-12-05,0.003896,0.004024,-0.000012,-0.000037,-0.000033,0.000032,0.000097,0.000359,0.004430,-0.000534,-0.266934,False
2010-12-06,0.003947,0.004024,-0.000009,-0.000035,-0.000034,0.000030,0.000096,0.000360,0.004432,-0.000485,-0.242443,False
2010-12-07,0.003867,0.004024,-0.000007,-0.000033,-0.000035,0.000028,0.000095,0.000361,0.004434,-0.000567,-0.283495,False
2010-12-08,0.003764,0.004025,-0.000005,-0.000031,-0.000036,0.000026,0.000095,0.000362,0.004436,-0.000672,-0.336083,False
2010-12-09,0.003832,0.004025,-0.000002,-0.000029,-0.000037,0.000024,0.000094,0.000362,0.004438,-0.000606,-0.303201,False
2010-12-10,0.003985,0.004026,0.000000,-0.000026,-0.000038,0.000022,0.000093,0.000363,0.004441,-0.000456,-0.227842,False
2010-12-11,0.003924,0.004026,0.000003,-0.000024,-0.000039,0.000020,0.000093,0.000364,0.004443,-0.000519,-0.259498,False
2010-12-12,0.003808,0.004026,0.000005,-0.000022,-0.000040,0.000019,0.000092,0.000365,0.004445,-0.000637,-0.318664,False
2010-12-13,0.003895,0.004027,0.000007,-0.000019,-0.000041,0.000017,0.000091,0.000366,0.004448,-0.000553,-0.276332,False
2010-12-14,0.003948,0.004027,0.000010,-0.000017,-0.000042,0.000015,0.000091,0.000366,0.004450,-0.000502,-0.250996,False
2010-12-15,0.003943,0.004028,0.000012,-0.000014,-0.000043,0.000013,0.000090,0.000367,0.004452,-0.000509,-0.254649,False
2010-12-16,0.003813,0.004028,0.000014,-0.000012,-0.000044,0.000011,0.000089,0.000368,0.004455,-0.000642,-0.320783,False
2010-12-17,0.003877,0.004029,0.000016,-0.000010,-0.000045,0.000009,0.000089,0.000369,0.004457,-0.000580,-0.289894,False
2010-12-18,0.003801,0.004029,0.000019,-0.000007,-0.000046,0.000007,0.000088,0.000369,0.004459,-0.000658,-0.328974,False
2010-12-19,0.003808,0.004029,0.000021,-0.000005,-0.000047,0.000005,0.000087,0.000370,0.004461,-0.000653,-0.326517,False
2010-12-20,0.003825,0.004030,0.000022,-0.000002,-0.000048,0.000003,0.000087,0.000371,0.004463,-0.000638,-0.319017,False
2010-12-21,0.003797,0.004030,0.000024,0.000000,-0.000048,0.000001,0.000086,0.000372,0.004465,-0.000668,-0.333969,False
2010-12-22,0.003802,0.004031,0.000026,0.000003,-0.000049,-0.000001,0.000085,0.000373,0.004467,-0.000665,-0.332366,False
2010-12-23,0.003790,0.004031,0.000028,0.000005,-0.000050,-0.000003,0.000084,0.000373,0.004468,-0.000678,-0.339205,False
2010-12-24,0.003799,0.004031,0.000029,0.000008,-0.000051,-0.000005,0.000084,0.000374,0.004470,-0.000671,-0.335479,False
2010-12-25,0.003791,0.004032,0.000030,0.000010,-0.000052,-0.000007,0.000083,0.000375,0.004471,-0.000680,-0.340185,False
2010-12-26,0.003833,0.004032,0.000031,0.000013,-0.000053,-0.000009,0.000082,0.000376,0.004473,-0.000640,-0.319817,False
2010-12-27,0.003859,0.004033,0.000032,0.000015,-0.000053,-0.000011,0.000081,0.000376,0.004474,-0.000615,-0.307373,False
2010-12-28,0.004007,0.004033,0.000033,0.000018,-0.000054,-0.000013,0.000081,0.000377,0.004475,-0.000468,-0.233848,False
2010-12-29,0.003996,0.004033,0.000034,0.000020,-0.000055,-0.000015,0.000080,0.000378,0.004475,-0.000479,-0.239739,False
2010-12-30,0.003889,0.004034,0.000034,0.000022,-0.000056,-0.000017,0.000079,0.000379,0.004476,-0.000587,-0.293544,False
2010-12-31,0.003829,0.004034,0.000035,0.000025,-0.000056,-0.000019,0.000078,0.000379,0.004477,-0.000648,-0.323759,False
2011-01-01,0.003808,0.004035,0.000035,0.000027,-0.000057,-0.000021,0.000078,0.000380,0.004477,-0.000669,-0.334384,False
2011-01-02,0.003852,0.004035,0.000035,0.000029,-0.000058,-0.000023,0.000077,0.000381,0.004477,-0.000625,-0.312416,False
2011-01-03,0.003783,0.004035,0.000035,0.000032,-0.000058,-0.000025,0.000076,0.000382,0.004477,-0.000694,-0.346853,False
2011-01-04,0.003835,0.004036,0.000035,0.000034,-0.000059,-0.000026,0.000075,0.000382,0.004476,-0.000641,-0.320696,False
2011-01-05,0.003807,0.004036,0.000034,0.000036,-0.000060,-0.000028,0.000075,0.000383,0.004476,-0.000669,-0.334444,False
2011-01-06,0.003778,0.004037,0.000033,0.000038,-0.000060,-0.000030,0.000074,0.000384,0.004475,-0.000697,-0.348597,False
2011-01-07,0.003991,0.004037,0.000033,0.000040,-0.000061,-0.000032,0.000073,0.000385,0.004474,-0.000483,-0.241655,False
2011-01-08,0.003912,0.004037,0.000032,0.000042,-0.000062,-0.000034,0.000072,0.000385,0.004473,-0.000561,-0.280619,False
2011-01-09,0.003985,0.004038,0.000031,0.000044,-0.000062,-0.000036,0.000071,0.000386,0.004472,-0.000487,-0.243490,False
2011-01-10,0.003964,0.004038,0.000029,0.000046,-0.000063,-0.000038,0.000071,0.000387,0.004471,-0.000507,-0.253270,False
2011-01-11,0.003996,0.004039,0.000028,0.000048,-0.000063,-0.000040,0.000070,0.000388,0.004469,-0.000473,-0.236461,False
2011-01-12,0.003793,0.004039,0.000027,0.000050,-0.000064,-0.000042,0.000069,0.000388,0.004467,-0.000674,-0.337066,False
2011-01-13,0.003834,0.004039,0.000025,0.000052,-0.000064,-0.000044,0.000068,0.000389,0.004465,-0.000631,-0.315586,False
2011-01-14,0.003811,0.004040,0.000023,0.000053,-0.000065,-0.000046,0.000067,0.000390,0.004463,-0.000652,-0.326024,False
2011-01-15,0.003937,0.004040,0.000021,0.000055,-0.000065,-0.000048,0.000067,0.000391,0.004461,-0.000524,-0.261885,False
2011-01-16,0.003931,0.004041,0.000019,0.000056,-0.000066,-0.000050,0.000066,0.000391,0.004458,-0.000527,-0.263672,False
2011-01-17,0.003866,0.004041,0.000017,0.000058,-0.000066,-0.000051,0.000065,0.000392,0.004456,-0.000590,-0.294888,False
2011-01-18,0.003915,0.004041,0.000015,0.000059,-0.000066,-0.000053,0.000064,0.000393,0.004453,-0.000538,-0.269039,False
2011-01-19,0.003961,0.004042,0.000013,0.000061,-0.000067,-0.000055,0.000063,0.000393,0.004450,-0.000489,-0.244627,False
2011-01-20,0.004007,0.004042,0.000011,0.000062,-0.000067,-0.000057,0.000062,0.000394,0.004447,-0.000440,-0.220158,False
2011-01-21,0.003839,0.004043,0.000008,0.000063,-0.000068,-0.000059,0.000062,0.000395,0.004444,-0.000605,-0.302636,False
2011-01-22,0.003720,0.004043,0.000006,0.000064,-0.000068,-0.000061,0.000061,0.000396,0.004441,-0.000721,-0.360567,False
2011-01-23,0.003820,0.004044,0.000004,0.000066,-0.000068,-0.000063,0.000060,0.000396,0.004438,-0.000618,-0.308955,False
2011-01-24,0.003824,0.004044,0.000001,0.000067,-0.000068,-0.000065,0.000059,0.000397,0.004435,-0.000611,-0.305306,False
2011-01-25,0.003909,0.004044,-0.000001,0.000067,-0.000069,-0.000067,0.000058,0.000398,0.004431,-0.000522,-0.261125,False
2011-01-26,0.004220,0.004045,-0.000004,0.000068,-0.000069,-0.000068,0.000057,0.000398,0.004428,-0.000208,-0.103917,False
2011-01-27,0.004022,0.004045,-0.000006,0.000069,-0.000069,-0.000070,0.000056,0.000399,0.004424,-0.000402,-0.201187,False
2011-01-28,0.003943,0.004046,-0.000008,0.000070,-0.000069,-0.000072,0.000056,0.000400,0.004421,-0.000478,-0.238941,False
2011-01-29,0.003877,0.004046,-0.000011,0.000070,-0.000069,-0.000074,0.000055,0.000401,0.004417,-0.000540,-0.270185,False
2011-01-30,0.003903,0.004046,-0.000013,0.000071,-0.000070,-0.000076,0.000054,0.000401,0.004414,-0.000511,-0.255423,False
2011-01-31,0.003863,0.004047,-0.000015,0.000071,-0.000070,-0.000078,0.000053,0.000402,0.004410,-0.000547,-0.273660,False
2011-02-01,0.003828,0.004047,-0.000017,0.000072,-0.000070,-0.000079,0.000052,0.000403,0.004407,-0.000579,-0.289402,False
2011-02-02,0.003971,0.004048,-0.000019,0.000072,-0.000070,-0.000081,0.000051,0.000403,0.004403,-0.000432,-0.216154,False
2011-02-03,0.003805,0.004048,-0.000021,0.000072,-0.000070,-0.000083,0.000050,0.000404,0.004400,-0.000595,-0.297421,False
2011-02-04,0.003952,0.004048,-0.000023,0.000072,-0.000070,-0.000085,0.000049,0.000405,0.004396,-0.000444,-0.222207,False
2011-02-05,0.003839,0.004049,-0.000025,0.000072,-0.000070,-0.000087,0.000048,0.000405,0.004393,-0.000554,-0.277016,False
2011-02-06,0.003887,0.004049,-0.000027,0.000072,-0.000070,-0.000088,0.000048,0.000406,0.004390,-0.000503,-0.251354,False
2011-02-07,0.003888,0.004050,-0.000028,0.000072,-0.000070,-0.000090,0.000047,0.000407,0.004386,-0.000498,-0.249223,False
2011-02-08,0.003864,0.004050,-0.000029,0.000072,-0.000070,-0.000092,0.000046,0.000407,0.004383,-0.000519,-0.259628,False
2011-02-09,0.003898,0.004050,-0.000031,0.000071,-0.000070,-0.000094,0.000045,0.000408,0.004380,-0.000482,-0.241072,False
2011-02-10,0.003735,0.004051,-0.000032,0.000071,-0.000070,-0.000096,0.000044,0.000409,0.004377,-0.000642,-0.321059,False
2011-02-11,0.003782,0.004051,-0.000033,0.000070,-0.000070,-0.000097,0.000043,0.000410,0.004374,-0.000592,-0.296091,False
2011-02-12,0.003815,0.004052,-0.000033,0.000070,-0.000070,-0.000099,0.000042,0.000410,0.004371,-0.000556,-0.278171,False
2011-02-13,0.003866,0.004052,-0.000034,0.000069,-0.000070,-0.000101,0.000041,0.000411,0.004369,-0.000503,-0.251301,False
2011-02-14,0.003988,0.004052,-0.000035,0.000068,-0.000070,-0.000103,0.000040,0.000412,0.004366,-0.000378,-0.188984,False
2011-02-15,0.003954,0.004053,-0.000035,0.000067,-0.000069,-0.000104,0.000039,0.000412,0.004363,-0.000409,-0.204720,False
2011-02-16,0.003851,0.004053,-0.000035,0.000066,-0.000069,-0.000106,0.000039,0.000413,0.004361,-0.000510,-0.255011,False
2011-02-17,0.003958,0.004054,-0.000035,0.000065,-0.000069,-0.000108,0.000038,0.000414,0.004359,-0.000401,-0.200359,False
2011-02-18,0.003959,0.004054,-0.000035,0.000064,-0.000069,-0.000109,0.000037,0.000414,0.004357,-0.000398,-0.198763,False
2011-02-19,0.003802,0.004054,-0.000034,0.000063,-0.000068,-0.000111,0.000036,0.000415,0.004354,-0.000552,-0.276224,False
2011-02-20,0.003842,0.004055,-0.000034,0.000062,-0.000068,-0.000113,0.000035,0.000415,0.004352,-0.000510,-0.255242,False
2011-02-21,0.003830,0.004055,-0.000033,0.000061,-0.000068,-0.000114,0.000034,0.000416,0.004351,-0.000521,-0.260316,False
2011-02-22,0.003723,0.004056,-0.000032,0.000059,-0.000068,-0.000116,0.000033,0.000417,0.004349,-0.000626,-0.312946,False
2011-02-23,0.003768,0.004056,-0.000031,0.000058,-0.000067,-0.000118,0.000032,0.000417,0.004347,-0.000579,-0.289629,False
2011-02-24,0.003817,0.004057,-0.000030,0.000056,-0.000067,-0.000119,0.000031,0.000418,0.004346,-0.000529,-0.264366,False
2011-02-25,0.003787,0.004057,-0.000029,0.000055,-0.000066,-0.000121,0.000030,0.000419,0.004344,-0.000557,-0.278654,False
2011-02-26,0.003714,0.004057,-0.000028,0.000053,-0.000066,-0.000123,0.000029,0.000419,0.004343,-0.000629,-0.314491,False
2011-02-27,0.003716,0.004058,-0.000026,0.000051,-0.000066,-0.000124,0.000028,0.000420,0.004342,-0.000626,-0.312874,False
2011-02-28,0.003782,0.004058,-0.000024,0.000050,-0.000065,-0.000126,0.000027,0.000421,0.004341,-0.000559,-0.279302,False
2011-03-01,0.004007,0.004059,-0.000022,0.000048,-0.000065,-0.000127,0.000026,0.000421,0.004340,-0.000333,-0.166271,False
2011-03-02,0.003808,0.004059,-0.000021,0.000046,-0.000064,-0.000129,0.000025,0.000422,0.004339,-0.000531,-0.265277,False
2011-03-03,0.003795,0.004059,-0.000019,0.000044,-0.000064,-0.000130,0.000024,0.000423,0.004338,-0.000543,-0.271318,False
2011-03-04,0.003761,0.004060,-0.000016,0.000042,-0.000063,-0.000132,0.000024,0.000423,0.004337,-0.000576,-0.287890,False
2011-03-05,0.003958,0.004060,-0.000014,0.000040,-0.000063,-0.000134,0.000023,0.000424,0.004336,-0.000378,-0.188990,False
2011-03-06,0.003936,0.004061,-0.000012,0.000038,-0.000062,-0.000135,0.000022,0.000424,0.004335,-0.000399,-0.199613,False
2011-03-07,0.003962,0.004061,-0.000010,0.000036,-0.000062,-0.000137,0.000021,0.000425,0.004335,-0.000373,-0.186255,False
2011-03-08,0.003914,0.004061,-0.000007,0.000034,-0.000061,-0.000138,0.000020,0.000426,0.004334,-0.000420,-0.209912,False
2011-03-09,0.003834,0.004062,-0.000005,0.000031,-0.000060,-0.000140,0.000019,0.000426,0.004333,-0.000499,-0.249581,False
2011-03-10,0.003842,0.004062,-0.000003,0.000029,-0.000060,-0.000141,0.000018,0.000427,0.004333,-0.000491,-0.245255,False
2011-03-11,0.003814,0.004063,-0.000000,0.000027,-0.000059,-0.000143,0.000017,0.000428,0.004332,-0.000518,-0.258933,False
2011-03-12,0.003794,0.004063,0.000002,0.000025,-0.000058,-0.000144,0.000016,0.000428,0.004331,-0.000537,-0.268608,False
2011-03-13,0.003810,0.004063,0.000005,0.000022,-0.000058,-0.000145,0.000015,0.000429,0.004331,-0.000521,-0.260276,False
2011-03-14,0.003814,0.004064,0.000007,0.000020,-0.000057,-0.000147,0.000014,0.000429,0.004330,-0.000516,-0.257934,False
2011-03-15,0.003801,0.004064,0.000009,0.000017,-0.000056,-0.000148,0.000013,0.000430,0.004329,-0.000528,-0.264077,False
2011-03-16,0.004021,0.004065,0.000012,0.000015,-0.000056,-0.000150,0.000012,0.000431,0.004328,-0.000307,-0.153701,False
2011-03-17,0.003854,0.004065,0.000014,0.000013,-0.000055,-0.000151,0.000011,0.000431,0.004328,-0.000474,-0.236801,False
2011-03-18,0.003878,0.004065,0.000016,0.000010,-0.000054,-0.000153,0.000010,0.000432,0.004327,-0.000449,-0.224375,False
2011-03-19,0.003809,0.004066,0.000018,0.000008,-0.000053,-0.000154,0.000009,0.000432,0.004326,-0.000517,-0.258417,False
2011-03-20,0.004000,0.004066,0.000020,0.000005,-0.000053,-0.000155,0.000008,0.000433,0.004325,-0.000325,-0.162425,False
2011-03-21,0.003874,0.004067,0.000022,0.000003,-0.000052,-0.000157,0.000007,0.000434,0.004324,-0.000450,-0.224896,False
2011-03-22,0.003964,0.004067,0.000024,0.000000,-0.000051,-0.000158,0.000006,0.000434,0.004323,-0.000359,-0.179325,False
2011-03-23,0.003799,0.004067,0.000026,-0.000002,-0.000050,-0.000159,0.000005,0.000435,0.004321,-0.000522,-0.261211,False
2011-03-24,0.003932,0.004068,0.000027,-0.000005,-0.000049,-0.000161,0.000004,0.000435,0.004320,-0.000388,-0.194050,False
2011-03-25,0.004031,0.004068,0.000029,-0.000007,-0.000048,-0.000162,0.000003,0.000436,0.004319,-0.000288,-0.143841,False
2011-03-26,0.004352,0.004069,0.000030,-0.000010,-0.000048,-0.000163,0.000002,0.000437,0.004317,0.000035,0.017419,False
2011-03-27,0.004242,0.004069,0.000031,-0.000012,-0.000047,-0.000164,0.000001,0.000437,0.004316,-0.000074,-0.036768,False
2011-03-28,0.004249,0.004069,0.000032,-0.000015,-0.000046,-0.000166,0.000000,0.000438,0.004314,-0.000065,-0.032402,False
2011-03-29,0.003913,0.004070,0.000033,-0.000017,-0.000045,-0.000167,-0.000001,0.000438,0.004312,-0.000399,-0.199480,False
2011-03-30,0.004054,0.004070,0.000034,-0.000019,-0.000044,-0.000168,-0.000001,0.000439,0.004310,-0.000256,-0.128003,False
2011-03-31,0.003939,0.004071,0.000034,-0.000022,-0.000043,-0.000169,-0.000002,0.000439,0.004308,-0.000369,-0.184470,False
2011-04-01,0.003913,0.004071,0.000035,-0.000024,-0.000042,-0.000171,-0.000003,0.000440,0.004306,-0.000393,-0.196380,False
2011-04-02,0.003815,0.004072,0.000035,-0.000026,-0.000041,-0.000172,-0.000004,0.000441,0.004303,-0.000488,-0.244236,False
2011-04-03,0.003838,0.004072,0.000035,-0.000029,-0.000040,-0.000173,-0.000005,0.000441,0.004301,-0.000463,-0.231536,False
2011-04-04,0.003878,0.004072,0.000035,-0.000031,-0.000039,-0.000174,-0.000006,0.000442,0.004299,-0.000421,-0.210282,False
2011-04-05,0.004141,0.004073,0.000035,-0.000033,-0.000038,-0.000175,-0.000007,0.000442,0.004296,-0.000155,-0.077476,False
2011-04-06,0.004156,0.004073,0.000034,-0.000035,-0.000037,-0.000176,-0.000008,0.000443,0.004293,-0.000137,-0.068620,False
2011-04-07,0.003896,0.004074,0.000034,-0.000038,-0.000036,-0.000178,-0.000009,0.000443,0.004290,-0.000394,-0.197216,False
2011-04-08,0.003902,0.004074,0.000033,-0.000040,-0.000035,-0.000179,-0.000010,0.000444,0.004288,-0.000386,-0.192765,False
2011-04-09,0.003908,0.004074,0.000032,-0.000042,-0.000034,-0.000180,-0.000011,0.000445,0.004285,-0.000377,-0.188273,False
2011-04-10,0.004040,0.004075,0.000031,-0.000044,-0.000033,-0.000181,-0.000012,0.000445,0.004281,-0.000241,-0.120740,False
2011-04-11,0.004073,0.004075,0.000030,-0.000046,-0.000032,-0.000182,-0.000013,0.000446,0.004278,-0.000205,-0.102672,False
2011-04-12,0.003905,0.004076,0.000028,-0.000048,-0.000031,-0.000183,-0.000014,0.000446,0.004275,-0.000370,-0.185072,False
2011-04-13,0.003872,0.004076,0.000027,-0.000049,-0.000030,-0.000184,-0.000015,0.000447,0.004272,-0.000400,-0.199944,False
2011-04-14,0.003932,0.004076,0.000025,-0.000051,-0.000028,-0.000185,-0.000016,0.000447,0.004269,-0.000337,-0.168293,False
2011-04-15,0.003958,0.004077,0.000024,-0.000053,-0.000027,-0.000186,-0.000017,0.000448,0.004265,-0.000307,-0.153623,False
2011-04-16,0.003905,0.004077,0.000022,-0.000054,-0.000026,-0.000187,-0.000018,0.000448,0.004262,-0.000357,-0.178440,False
2011-04-17,0.003898,0.004078,0.000020,-0.000056,-0.000025,-0.000188,-0.000019,0.000449,0.004258,-0.000360,-0.180249,False
2011-04-18,0.003757,0.004078,0.000018,-0.000058,-0.000024,-0.000189,-0.000020,0.000449,0.004255,-0.000498,-0.249054,False
2011-04-19,0.003920,0.004078,0.000016,-0.000059,-0.000023,-0.000190,-0.000021,0.000450,0.004252,-0.000332,-0.165863,False
2011-04-20,0.003862,0.004079,0.000013,-0.000060,-0.000022,-0.000191,-0.000022,0.000450,0.004248,-0.000386,-0.193180,False
2011-04-21,0.003798,0.004079,0.000011,-0.000062,-0.000021,-0.000192,-0.000023,0.000451,0.004245,-0.000447,-0.223512,False
2011-04-22,0.003818,0.004080,0.000009,-0.000063,-0.000019,-0.000192,-0.000024,0.000452,0.004242,-0.000424,-0.211864,False
2011-04-23,0.003761,0.004080,0.000007,-0.000064,-0.000018,-0.000193,-0.000025,0.000452,0.004238,-0.000477,-0.238743,False
2011-04-24,0.003812,0.004080,0.000004,-0.000065,-0.000017,-0.000194,-0.000025,0.000453,0.004235,-0.000423,-0.211654,False
2011-04-25,0.003947,0.004081,0.000002,-0.000066,-0.000016,-0.000195,-0.000026,0.000453,0.004232,-0.000285,-0.142604,False
2011-04-26,0.003711,0.004081,-0.000001,-0.000067,-0.000015,-0.000196,-0.000027,0.000454,0.004229,-0.000518,-0.259100,False
2011-04-27,0.003890,0.004082,-0.000003,-0.000068,-0.000014,-0.000197,-0.000028,0.000454,0.004226,-0.000336,-0.168146,False
2011-04-28,0.003810,0.004082,-0.000005,-0.000069,-0.000012,-0.000197,-0.000029,0.000455,0.004224,-0.000414,-0.206750,False
2011-04-29,0.003958,0.004082,-0.000008,-0.000070,-0.000011,-0.000198,-0.000030,0.000455,0.004221,-0.000263,-0.131418,False
2011-04-30,0.003909,0.004083,-0.000010,-0.000070,-0.000010,-0.000199,-0.000031,0.000456,0.004218,-0.000309,-0.154654,False
2011-05-01,0.003969,0.004083,-0.000012,-0.000071,-0.000009,-0.000200,-0.000032,0.000456,0.004216,-0.000247,-0.123466,False
2011-05-02,0.003760,0.004084,-0.000015,-0.000071,-0.000008,-0.000200,-0.000033,0.000457,0.004214,-0.000454,-0.226858,False
2011-05-03,0.004010,0.004084,-0.000017,-0.000071,-0.000006,-0.000201,-0.000034,0.000457,0.004212,-0.000202,-0.100836,False
2011-05-04,0.003908,0.004085,-0.000019,-0.000072,-0.000005,-0.000202,-0.000035,0.000458,0.004210,-0.000302,-0.150906,False
2011-05-05,0.003887,0.004085,-0.000021,-0.000072,-0.000004,-0.000202,-0.000036,0.000458,0.004208,-0.000321,-0.160571,False
2011-05-06,0.004007,0.004085,-0.000023,-0.000072,-0.000003,-0.000203,-0.000037,0.000459,0.004207,-0.000200,-0.099838,False
2011-05-07,0.004004,0.004086,-0.000024,-0.000072,-0.000002,-0.000204,-0.000038,0.000459,0.004205,-0.000201,-0.100709,False
2011-05-08,0.003908,0.004086,-0.000026,-0.000072,-0.000000,-0.000204,-0.000039,0.000460,0.004204,-0.000296,-0.148190,False
2011-05-09,0.003923,0.004087,-0.000028,-0.000072,0.000001,-0.000205,-0.000039,0.000460,0.004204,-0.000281,-0.140285,False
2011-05-10,0.003807,0.004087,-0.000029,-0.000072,0.000002,-0.000206,-0.000040,0.000461,0.004203,-0.000396,-0.197996,False
2011-05-11,0.003811,0.004087,-0.000030,-0.000071,0.000003,-0.000206,-0.000041,0.000461,0.004203,-0.000392,-0.195826,False
2011-05-12,0.003996,0.004088,-0.000031,-0.000071,0.000005,-0.000207,-0.000042,0.000462,0.004203,-0.000207,-0.103279,False
2011-05-13,0.003948,0.004088,-0.000032,-0.000070,0.000006,-0.000207,-0.000043,0.000462,0.004203,-0.000255,-0.127356,False
2011-05-14,0.003890,0.004089,-0.000033,-0.000070,0.000007,-0.000208,-0.000044,0.000463,0.004203,-0.000313,-0.156560,False
2011-05-15,0.003946,0.004089,-0.000034,-0.000069,0.000008,-0.000208,-0.000045,0.000463,0.004204,-0.000258,-0.128892,False
2011-05-16,0.003924,0.004089,-0.000034,-0.000068,0.000009,-0.000209,-0.000046,0.000463,0.004205,-0.000281,-0.140353,False
2011-05-17,0.003996,0.004090,-0.000035,-0.000068,0.000011,-0.000209,-0.000047,0.000464,0.004206,-0.000210,-0.104944,False
2011-05-18,0.004097,0.004090,-0.000035,-0.000067,0.000012,-0.000210,-0.000048,0.000464,0.004207,-0.000110,-0.055165,False
2011-05-19,0.003877,0.004091,-0.000035,-0.000066,0.000013,-0.000210,-0.000049,0.000465,0.004209,-0.000332,-0.166015,False
2011-05-20,0.003930,0.004091,-0.000035,-0.000065,0.000014,-0.000210,-0.000049,0.000465,0.004211,-0.000281,-0.140494,False
2011-05-21,0.004058,0.004091,-0.000035,-0.000064,0.000015,-0.000211,-0.000050,0.000466,0.004213,-0.000155,-0.077601,False
2011-05-22,0.003986,0.004092,-0.000034,-0.000062,0.000016,-0.000211,-0.000051,0.000466,0.004216,-0.000230,-0.114834,False
2011-05-23,0.003951,0.004092,-0.000033,-0.000061,0.000018,-0.000212,-0.000052,0.000467,0.004218,-0.000267,-0.133692,False
2011-05-24,0.004060,0.004093,-0.000033,-0.000060,0.000019,-0.000212,-0.000053,0.000467,0.004221,-0.000161,-0.080671,False
2011-05-25,0.003855,0.004093,-0.000032,-0.000058,0.000020,-0.000212,-0.000054,0.000468,0.004225,-0.000370,-0.184770,False
2011-05-26,0.003968,0.004093,-0.000031,-0.000057,0.000021,-0.000213,-0.000055,0.000468,0.004228,-0.000260,-0.129984,False
2011-05-27,0.003970,0.004094,-0.000029,-0.000055,0.000022,-0.000213,-0.000056,0.000469,0.004232,-0.000262,-0.130810,False
2011-05-28,0.004013,0.004094,-0.000028,-0.000054,0.000023,-0.000213,-0.000056,0.000469,0.004235,-0.000222,-0.111244,False
2011-05-29,0.004037,0.004095,-0.000026,-0.000052,0.000025,-0.000213,-0.000057,0.000469,0.004240,-0.000203,-0.101282,False
2011-05-30,0.003974,0.004095,-0.000025,-0.000050,0.000026,-0.000214,-0.000058,0.000470,0.004244,-0.000270,-0.134918,False
2011-05-31,0.003879,0.004095,-0.000023,-0.000048,0.000027,-0.000214,-0.000059,0.000470,0.004248,-0.000369,-0.184649,False
2011-06-01,0.004301,0.004096,-0.000021,-0.000046,0.000028,-0.000214,-0.000060,0.000471,0.004253,0.000048,0.024032,False
2011-06-02,0.004084,0.004096,-0.000019,-0.000045,0.000029,-0.000214,-0.000061,0.000471,0.004258,-0.000174,-0.086869,False
2011-06-03,0.003989,0.004097,-0.000017,-0.000043,0.000030,-0.000214,-0.000062,0.000472,0.004263,-0.000274,-0.136848,False
2011-06-04,0.004041,0.004097,-0.000015,-0.000041,0.000031,-0.000215,-0.000062,0.000472,0.004268,-0.000227,-0.113397,False
2011-06-05,0.003965,0.004097,-0.000013,-0.000038,0.000032,-0.000215,-0.000063,0.000472,0.004273,-0.000308,-0.154010,False
2011-06-06,0.003990,0.004098,-0.000010,-0.000036,0.000033,-0.000215,-0.000064,0.000473,0.004278,-0.000288,-0.144181,False
2011-06-07,0.003926,0.004098,-0.000008,-0.000034,0.000034,-0.000215,-0.000065,0.000473,0.004284,-0.000358,-0.178903,False
2011-06-08,0.004044,0.004099,-0.000006,-0.000032,0.000035,-0.000215,-0.000066,0.000474,0.004289,-0.000245,-0.122669,False
2011-06-09,0.004022,0.004099,-0.000003,-0.000030,0.000036,-0.000215,-0.000067,0.000474,0.004295,-0.000273,-0.136471,False
2011-06-10,0.004043,0.004100,-0.000001,-0.000027,0.000037,-0.000215,-0.000067,0.000475,0.004301,-0.000258,-0.128803,False
2011-06-11,0.004102,0.004100,0.000002,-0.000025,0.000038,-0.000215,-0.000068,0.000475,0.004306,-0.000204,-0.102158,False
2011-06-12,0.003987,0.004100,0.000004,-0.000023,0.000039,-0.000215,-0.000069,0.000475,0.004312,-0.000325,-0.162528,False
2011-06-13,0.003904,0.004101,0.000006,-0.000020,0.000040,-0.000215,-0.000070,0.000476,0.004318,-0.000414,-0.206906,False
2011-06-14,0.004052,0.004101,0.000009,-0.000018,0.000041,-0.000215,-0.000071,0.000476,0.004324,-0.000272,-0.135785,False
2011-06-15,0.004014,0.004102,0.000011,-0.000016,0.000042,-0.000215,-0.000071,0.000477,0.004329,-0.000315,-0.157658,False
2011-06-16,0.004075,0.004102,0.000013,-0.000013,0.000043,-0.000215,-0.000072,0.000477,0.004335,-0.000260,-0.130018,False
2011-06-17,0.004218,0.004102,0.000015,-0.000011,0.000044,-0.000215,-0.000073,0.000477,0.004341,-0.000123,-0.061358,False
2011-06-18,0.004254,0.004103,0.000018,-0.000008,0.000045,-0.000215,-0.000074,0.000478,0.004346,-0.000092,-0.046170,False
2011-06-19,0.004394,0.004103,0.000020,-0.000006,0.000046,-0.000215,-0.000075,0.000478,0.004352,0.000042,0.021050,False
2011-06-20,0.004121,0.004104,0.000022,-0.000003,0.000047,-0.000215,-0.000075,0.000479,0.004357,-0.000236,-0.118189,False
2011-06-21,0.004208,0.004104,0.000023,-0.000001,0.000048,-0.000214,-0.000076,0.000479,0.004363,-0.000155,-0.077382,False
2011-06-22,0.004096,0.004104,0.000025,0.000002,0.000049,-0.000214,-0.000077,0.000479,0.004368,-0.000272,-0.136023,False
2011-06-23,0.004113,0.004105,0.000027,0.000004,0.000050,-0.000214,-0.000078,0.000480,0.004373,-0.000260,-0.130106,False
2011-06-24,0.004256,0.004105,0.000028,0.000007,0.000051,-0.000214,-0.000079,0.000480,0.004378,-0.000122,-0.061126,False
2011-06-25,0.004174,0.004106,0.000030,0.000009,0.000051,-0.000214,-0.000079,0.000480,0.004383,-0.000209,-0.104578,False
2011-06-26,0.004082,0.004106,0.000031,0.000011,0.000052,-0.000213,-0.000080,0.000481,0.004388,-0.000306,-0.152956,False
2011-06-27,0.004171,0.004106,0.000032,0.000014,0.000053,-0.000213,-0.000081,0.000481,0.004393,-0.000222,-0.110757,False
2011-06-28,0.004134,0.004107,0.000033,0.000016,0.000054,-0.000213,-0.000082,0.000482,0.004397,-0.000263,-0.131476,False
2011-06-29,0.004049,0.004107,0.000034,0.000019,0.000055,-0.000213,-0.000082,0.000482,0.004401,-0.000352,-0.176110,False
2011-06-30,0.004082,0.004108,0.000034,0.000021,0.000055,-0.000212,-0.000083,0.000482,0.004405,-0.000323,-0.161655,False
2011-07-01,0.004044,0.004108,0.000035,0.000024,0.000056,-0.000212,-0.000084,0.000483,0.004409,-0.000365,-0.182608,False
2011-07-02,0.004074,0.004108,0.000035,0.000026,0.000057,-0.000212,-0.000084,0.000483,0.004413,-0.000339,-0.169467,False
2011-07-03,0.004043,0.004109,0.000035,0.000028,0.000057,-0.000211,-0.000085,0.000483,0.004416,-0.000373,-0.186730,False
2011-07-04,0.004292,0.004109,0.000035,0.000030,0.000058,-0.000211,-0.000086,0.000484,0.004420,-0.000128,-0.063894,False
2011-07-05,0.004088,0.004110,0.000035,0.000033,0.000059,-0.000210,-0.000087,0.000484,0.004423,-0.000335,-0.167459,False
2011-07-06,0.004049,0.004110,0.000034,0.000035,0.000059,-0.000210,-0.000087,0.000484,0.004426,-0.000377,-0.188424,False
2011-07-07,0.004081,0.004110,0.000034,0.000037,0.000060,-0.000210,-0.000088,0.000485,0.004429,-0.000348,-0.173788,False
2011-07-08,0.004034,0.004111,0.000033,0.000039,0.000061,-0.000209,-0.000089,0.000485,0.004431,-0.000397,-0.198551,False
2011-07-09,0.004233,0.004111,0.000032,0.000041,0.000061,-0.000209,-0.000089,0.000485,0.004433,-0.000200,-0.100213,False
2011-07-10,0.004262,0.004112,0.000031,0.000043,0.000062,-0.000208,-0.000090,0.000486,0.004436,-0.000174,-0.086776,False
2011-07-11,0.004106,0.004112,0.000030,0.000045,0.000062,-0.000208,-0.000091,0.000486,0.004437,-0.000331,-0.165739,False
2011-07-12,0.004141,0.004113,0.000029,0.000047,0.000063,-0.000207,-0.000091,0.000487,0.004439,-0.000298,-0.149106,False
2011-07-13,0.004051,0.004113,0.000027,0.000049,0.000063,-0.000207,-0.000092,0.000487,0.004441,-0.000390,-0.194877,False
2011-07-14,0.004135,0.004113,0.000026,0.000051,0.000064,-0.000206,-0.000093,0.000487,0.004442,-0.000307,-0.153555,False
2011-07-15,0.003978,0.004114,0.000024,0.000052,0.000064,-0.000205,-0.000093,0.000488,0.004443,-0.000465,-0.232643,False
2011-07-16,0.004131,0.004114,0.000022,0.000054,0.000065,-0.000205,-0.000094,0.000488,0.004444,-0.000313,-0.156643,False
2011-07-17,0.004032,0.004115,0.000020,0.000056,0.000065,-0.000204,-0.000095,0.000488,0.004445,-0.000413,-0.206559,False
2011-07-18,0.004128,0.004115,0.000018,0.000057,0.000066,-0.000204,-0.000095,0.000488,0.004446,-0.000318,-0.158894,False
2011-07-19,0.004241,0.004115,0.000016,0.000059,0.000066,-0.000203,-0.000096,0.000489,0.004446,-0.000205,-0.102651,False
2011-07-20,0.004230,0.004116,0.000014,0.000060,0.000067,-0.000202,-0.000097,0.000489,0.004447,-0.000217,-0.108336,False
2011-07-21,0.004146,0.004116,0.000012,0.000061,0.000067,-0.000202,-0.000097,0.000489,0.004447,-0.000301,-0.150452,False
2011-07-22,0.003996,0.004117,0.000010,0.000063,0.000067,-0.000201,-0.000098,0.000490,0.004447,-0.000451,-0.225503,False
2011-07-23,0.004085,0.004117,0.000007,0.000064,0.000068,-0.000200,-0.000099,0.000490,0.004447,-0.000362,-0.180994,False
2011-07-24,0.004033,0.004117,0.000005,0.000065,0.000068,-0.000200,-0.000099,0.000490,0.004447,-0.000414,-0.206931,False
2011-07-25,0.004192,0.004118,0.000002,0.000066,0.000068,-0.000199,-0.000100,0.000491,0.004447,-0.000255,-0.127318,False
2011-07-26,0.004058,0.004118,-0.000000,0.000067,0.000069,-0.000198,-0.000100,0.000491,0.004446,-0.000388,-0.194159,False
2011-07-27,0.004024,0.004119,-0.000002,0.000068,0.000069,-0.000197,-0.000101,0.000491,0.004446,-0.000422,-0.210961,False
2011-07-28,0.004233,0.004119,-0.000005,0.000069,0.000069,-0.000196,-0.000102,0.000492,0.004445,-0.000212,-0.106227,False
2011-07-29,0.004138,0.004119,-0.000007,0.000069,0.000069,-0.000196,-0.000102,0.000492,0.004445,-0.000307,-0.153464,False
2011-07-30,0.004073,0.004120,-0.000010,0.000070,0.000069,-0.000195,-0.000103,0.000492,0.004444,-0.000371,-0.185677,False
2011-07-31,0.004135,0.004120,-0.000012,0.000071,0.000070,-0.000194,-0.000103,0.000492,0.004444,-0.000309,-0.154370,False
2011-08-01,0.004200,0.004121,-0.000014,0.000071,0.000070,-0.000193,-0.000104,0.000493,0.004443,-0.000243,-0.121549,False
2011-08-02,0.004084,0.004121,-0.000016,0.000071,0.000070,-0.000192,-0.000104,0.000493,0.004442,-0.000358,-0.179218,False
2011-08-03,0.004314,0.004121,-0.000018,0.000072,0.000070,-0.000191,-0.000105,0.000493,0.004442,-0.000128,-0.063883,False
2011-08-04,0.004105,0.004122,-0.000020,0.000072,0.000070,-0.000190,-0.000105,0.000494,0.004441,-0.000336,-0.168049,False
2011-08-05,0.004183,0.004122,-0.000022,0.000072,0.000070,-0.000190,-0.000106,0.000494,0.004440,-0.000257,-0.128719,False
2011-08-06,0.004094,0.004123,-0.000024,0.000072,0.000070,-0.000189,-0.000107,0.000494,0.004440,-0.000346,-0.172899,False
2011-08-07,0.004049,0.004123,-0.000026,0.000072,0.000070,-0.000188,-0.000107,0.000494,0.004439,-0.000390,-0.195092,False
2011-08-08,0.004150,0.004123,-0.000027,0.000072,0.000070,-0.000187,-0.000108,0.000495,0.004439,-0.000289,-0.144302,False
2011-08-09,0.004223,0.004124,-0.000029,0.000072,0.000070,-0.000186,-0.000108,0.000495,0.004438,-0.000215,-0.107535,False
2011-08-10,0.004209,0.004124,-0.000030,0.000071,0.000070,-0.000185,-0.000109,0.000495,0.004438,-0.000229,-0.114292,False
2011-08-11,0.004130,0.004125,-0.000031,0.000071,0.000070,-0.000184,-0.000109,0.000496,0.004437,-0.000307,-0.153577,False
2011-08-12,0.004033,0.004125,-0.000032,0.000071,0.000070,-0.000183,-0.000110,0.000496,0.004437,-0.000404,-0.201893,False
2011-08-13,0.004056,0.004125,-0.000033,0.000070,0.000070,-0.000182,-0.000110,0.000496,0.004436,-0.000380,-0.190243,False
2011-08-14,0.004132,0.004126,-0.000034,0.000069,0.000070,-0.000181,-0.000111,0.000496,0.004436,-0.000304,-0.152129,False
2011-08-15,0.004207,0.004126,-0.000034,0.000069,0.000070,-0.000180,-0.000111,0.000497,0.004436,-0.000229,-0.114303,False
2011-08-16,0.004283,0.004127,-0.000035,0.000068,0.000069,-0.000178,-0.000112,0.000497,0.004436,-0.000153,-0.076517,False
2011-08-17,0.004049,0.004127,-0.000035,0.000067,0.000069,-0.000177,-0.000112,0.000497,0.004436,-0.000387,-0.193522,False
2011-08-18,0.004109,0.004128,-0.000035,0.000066,0.000069,-0.000176,-0.000112,0.000497,0.004436,-0.000327,-0.163569,False
2011-08-19,0.004141,0.004128,-0.000035,0.000065,0.000069,-0.000175,-0.000113,0.000498,0.004436,-0.000295,-0.147660,False
2011-08-20,0.004097,0.004128,-0.000035,0.000064,0.000069,-0.000174,-0.000113,0.000498,0.004437,-0.000340,-0.169793,False
2011-08-21,0.004118,0.004129,-0.000034,0.000063,0.000068,-0.000173,-0.000114,0.000498,0.004437,-0.000319,-0.159470,False
2011-08-22,0.004012,0.004129,-0.000034,0.000061,0.000068,-0.000172,-0.000114,0.000498,0.004437,-0.000425,-0.212690,False
2011-08-23,0.004383,0.004130,-0.000033,0.000060,0.000068,-0.000170,-0.000115,0.000498,0.004438,-0.000055,-0.027452,False
2011-08-24,0.004262,0.004130,-0.000032,0.000059,0.000067,-0.000169,-0.000115,0.000499,0.004439,-0.000177,-0.088255,False
2011-08-25,0.004111,0.004130,-0.000031,0.000057,0.000067,-0.000168,-0.000115,0.000499,0.004439,-0.000328,-0.164099,False
2011-08-26,0.004360,0.004131,-0.000030,0.000056,0.000067,-0.000167,-0.000116,0.000499,0.004440,-0.000080,-0.039980,False
2011-08-27,0.004222,0.004131,-0.000028,0.000054,0.000066,-0.000166,-0.000116,0.000499,0.004441,-0.000219,-0.109398,False
2011-08-28,0.004170,0.004132,-0.000027,0.000052,0.000066,-0.000164,-0.000117,0.000500,0.004442,-0.000272,-0.135850,False
2011-08-29,0.004290,0.004132,-0.000025,0.000051,0.000065,-0.000163,-0.000117,0.000500,0.004443,-0.000153,-0.076333,False
2011-08-30,0.004339,0.004132,-0.000023,0.000049,0.000065,-0.000162,-0.000117,0.000500,0.004444,-0.000105,-0.052345,False
2011-08-31,0.004272,0.004133,-0.000022,0.000047,0.000065,-0.000160,-0.000118,0.000500,0.004445,-0.000173,-0.086383,False
2011-09-01,0.004525,0.004133,-0.000020,0.000045,0.000064,-0.000159,-0.000118,0.000501,0.004446,0.000079,0.039557,False
2011-09-02,0.004273,0.004134,-0.000018,0.000043,0.000064,-0.000158,-0.000119,0.000501,0.004447,-0.000174,-0.087023,False
2011-09-03,0.004061,0.004134,-0.000015,0.000041,0.000063,-0.000156,-0.000119,0.000501,0.004448,-0.000387,-0.193617,False
2011-09-04,0.003982,0.004134,-0.000013,0.000039,0.000062,-0.000155,-0.000119,0.000501,0.004449,-0.000467,-0.233724,False
2011-09-05,0.004168,0.004135,-0.000011,0.000037,0.000062,-0.000154,-0.000120,0.000501,0.004451,-0.000283,-0.141337,False
2011-09-06,0.004045,0.004135,-0.000009,0.000035,0.000061,-0.000152,-0.000120,0.000502,0.004452,-0.000407,-0.203455,False
2011-09-07,0.004240,0.004136,-0.000006,0.000033,0.000061,-0.000151,-0.000120,0.000502,0.004453,-0.000213,-0.106571,False
2011-09-08,0.004184,0.004136,-0.000004,0.000030,0.000060,-0.000150,-0.000121,0.000502,0.004454,-0.000270,-0.135183,False
2011-09-09,0.004095,0.004136,-0.000002,0.000028,0.000059,-0.000148,-0.000121,0.000502,0.004456,-0.000361,-0.180286,False
2011-09-10,0.004361,0.004137,0.000001,0.000026,0.000059,-0.000147,-0.000121,0.000502,0.004457,-0.000096,-0.047875,False
2011-09-11,0.004356,0.004137,0.000003,0.000023,0.000058,-0.000145,-0.000121,0.000502,0.004458,-0.000102,-0.050946,False
2011-09-12,0.004364,0.004138,0.000006,0.000021,0.000057,-0.000144,-0.000122,0.000503,0.004459,-0.000095,-0.047495,False
2011-09-13,0.004239,0.004138,0.000008,0.000019,0.000057,-0.000142,-0.000122,0.000503,0.004460,-0.000221,-0.110518,False
2011-09-14,0.004484,0.004138,0.000010,0.000016,0.000056,-0.000141,-0.000122,0.000503,0.004461,0.000023,0.011489,False
2011-09-15,0.004360,0.004139,0.000013,0.000014,0.000055,-0.000139,-0.000123,0.000503,0.004462,-0.000102,-0.050969,False
2011-09-16,0.004343,0.004139,0.000015,0.000011,0.000055,-0.000138,-0.000123,0.000503,0.004463,-0.000120,-0.059889,False
2011-09-17,0.004163,0.004140,0.000017,0.000009,0.000054,-0.000136,-0.000123,0.000504,0.004464,-0.000301,-0.150266,False
2011-09-18,0.004337,0.004140,0.000019,0.000006,0.000053,-0.000135,-0.000123,0.000504,0.004464,-0.000127,-0.063598,False
2011-09-19,0.004267,0.004141,0.000021,0.000004,0.000052,-0.000133,-0.000124,0.000504,0.004465,-0.000198,-0.098881,False
2011-09-20,0.004140,0.004141,0.000023,0.000001,0.000051,-0.000132,-0.000124,0.000504,0.004465,-0.000325,-0.162612,False
2011-09-21,0.004288,0.004141,0.000025,-0.000001,0.000051,-0.000130,-0.000124,0.000504,0.004466,-0.000178,-0.088788,False
2011-09-22,0.004137,0.004142,0.000026,-0.000003,0.000050,-0.000129,-0.000124,0.000504,0.004466,-0.000329,-0.164406,False
2011-09-23,0.004351,0.004142,0.000028,-0.000006,0.000049,-0.000127,-0.000124,0.000505,0.004466,-0.000115,-0.057464,False
2011-09-24,0.004221,0.004143,0.000029,-0.000008,0.000048,-0.000126,-0.000125,0.000505,0.004466,-0.000245,-0.122460,False
2011-09-25,0.004322,0.004143,0.000031,-0.000011,0.000047,-0.000124,-0.000125,0.000505,0.004466,-0.000144,-0.071891,False
2011-09-26,0.004193,0.004143,0.000032,-0.000013,0.000046,-0.000122,-0.000125,0.000505,0.004466,-0.000273,-0.136258,False
2011-09-27,0.004314,0.004144,0.000033,-0.000016,0.000045,-0.000121,-0.000125,0.000505,0.004465,-0.000151,-0.075558,False
2011-09-28,0.004103,0.004144,0.000033,-0.000018,0.000044,-0.000119,-0.000125,0.000505,0.004465,-0.000362,-0.180790,False
2011-09-29,0.004276,0.004145,0.000034,-0.000021,0.000043,-0.000117,-0.000126,0.000505,0.004464,-0.000188,-0.093955,False
2011-09-30,0.004422,0.004145,0.000035,-0.000023,0.000042,-0.000116,-0.000126,0.000506,0.004463,-0.000041,-0.020553,False
2011-10-01,0.004279,0.004145,0.000035,-0.000025,0.000042,-0.000114,-0.000126,0.000506,0.004462,-0.000183,-0.091583,False
2011-10-02,0.004257,0.004146,0.000035,-0.000028,0.000041,-0.000112,-0.000126,0.000506,0.004461,-0.000204,-0.102046,False
2011-10-03,0.004320,0.004146,0.000035,-0.000030,0.000040,-0.000111,-0.000126,0.000506,0.004460,-0.000140,-0.069944,False
2011-10-04,0.004118,0.004147,0.000035,-0.000032,0.000039,-0.000109,-0.000126,0.000506,0.004459,-0.000341,-0.170278,False
2011-10-05,0.004178,0.004147,0.000034,-0.000034,0.000038,-0.000107,-0.000126,0.000506,0.004457,-0.000279,-0.139549,False
2011-10-06,0.004275,0.004147,0.000034,-0.000036,0.000036,-0.000106,-0.000127,0.000506,0.004456,-0.000181,-0.090261,False
2011-10-07,0.004304,0.004148,0.000033,-0.000039,0.000035,-0.000104,-0.000127,0.000507,0.004454,-0.000150,-0.074915,False
2011-10-08,0.004135,0.004148,0.000032,-0.000041,0.000034,-0.000102,-0.000127,0.000507,0.004452,-0.000317,-0.158514,False
2011-10-09,0.004225,0.004149,0.000031,-0.000043,0.000033,-0.000101,-0.000127,0.000507,0.004450,-0.000225,-0.112562,False
2011-10-10,0.004275,0.004149,0.000030,-0.000045,0.000032,-0.000099,-0.000127,0.000507,0.004448,-0.000173,-0.086562,False
2011-10-11,0.004396,0.004149,0.000029,-0.000047,0.000031,-0.000097,-0.000127,0.000507,0.004446,-0.000050,-0.025019,False
2011-10-12,0.004217,0.004150,0.000028,-0.000048,0.000030,-0.000095,-0.000127,0.000507,0.004444,-0.000227,-0.113436,False
2011-10-13,0.004496,0.004150,0.000026,-0.000050,0.000029,-0.000094,-0.000127,0.000507,0.004442,0.000054,0.027183,False
2011-10-14,0.004373,0.004151,0.000024,-0.000052,0.000028,-0.000092,-0.000127,0.000507,0.004439,-0.000066,-0.033169,False
2011-10-15,0.004177,0.004151,0.000023,-0.000054,0.000027,-0.000090,-0.000127,0.000507,0.004437,-0.000260,-0.129996,False
2011-10-16,0.003999,0.004151,0.000021,-0.000055,0.000026,-0.000088,-0.000127,0.000508,0.004435,-0.000436,-0.217802,False
2011-10-17,0.004205,0.004152,0.000019,-0.000057,0.000025,-0.000086,-0.000127,0.000508,0.004432,-0.000227,-0.113595,False
2011-10-18,0.004161,0.004152,0.000017,-0.000058,0.000023,-0.000085,-0.000127,0.000508,0.004430,-0.000269,-0.134378,False
2011-10-19,0.004143,0.004153,0.000015,-0.000060,0.000022,-0.000083,-0.000127,0.000508,0.004427,-0.000284,-0.142160,False
2011-10-20,0.004213,0.004153,0.000012,-0.000061,0.000021,-0.000081,-0.000127,0.000508,0.004425,-0.000212,-0.105944,False
2011-10-21,0.004169,0.004153,0.000010,-0.000062,0.000020,-0.000079,-0.000127,0.000508,0.004422,-0.000253,-0.126738,False
2011-10-22,0.004449,0.004154,0.000008,-0.000064,0.000019,-0.000077,-0.000127,0.000508,0.004420,0.000029,0.014452,False
2011-10-23,0.004066,0.004154,0.000005,-0.000065,0.000018,-0.000076,-0.000127,0.000508,0.004418,-0.000352,-0.175880,False
2011-10-24,0.004232,0.004155,0.000003,-0.000066,0.000016,-0.000074,-0.000127,0.000508,0.004415,-0.000183,-0.091740,False
2011-10-25,0.004074,0.004155,0.000001,-0.000067,0.000015,-0.000072,-0.000127,0.000508,0.004413,-0.000339,-0.169636,False
2011-10-26,0.004314,0.004156,-0.000002,-0.000068,0.000014,-0.000070,-0.000127,0.000508,0.004411,-0.000097,-0.048572,False
2011-10-27,0.004227,0.004156,-0.000004,-0.000068,0.000013,-0.000068,-0.000127,0.000508,0.004409,-0.000182,-0.091056,False
2011-10-28,0.004214,0.004156,-0.000007,-0.000069,0.000012,-0.000066,-0.000127,0.000509,0.004407,-0.000193,-0.096594,False
2011-10-29,0.004211,0.004157,-0.000009,-0.000070,0.000011,-0.000064,-0.000127,0.000509,0.004405,-0.000194,-0.097193,False
2011-10-30,0.004095,0.004157,-0.000011,-0.000070,0.000009,-0.000063,-0.000127,0.000509,0.004404,-0.000309,-0.154357,False
2011-10-31,0.004078,0.004158,-0.000014,-0.000071,0.000008,-0.000061,-0.000127,0.000509,0.004402,-0.000324,-0.162093,False
2011-11-01,0.004262,0.004158,-0.000016,-0.000071,0.000007,-0.000059,-0.000127,0.000509,0.004401,-0.000139,-0.069407,False
2011-11-02,0.004066,0.004158,-0.000018,-0.000072,0.000006,-0.000057,-0.000127,0.000509,0.004400,-0.000334,-0.166804,False
2011-11-03,0.004056,0.004159,-0.000020,-0.000072,0.000005,-0.000055,-0.000127,0.000509,0.004399,-0.000343,-0.171290,False
2011-11-04,0.004024,0.004159,-0.000022,-0.000072,0.000003,-0.000053,-0.000127,0.000509,0.004398,-0.000374,-0.186869,False
2011-11-05,0.004070,0.004160,-0.000024,-0.000072,0.000002,-0.000051,-0.000127,0.000509,0.004397,-0.000327,-0.163742,False
2011-11-06,0.004115,0.004160,-0.000025,-0.000072,0.000001,-0.000049,-0.000127,0.000509,0.004397,-0.000281,-0.140717,False
2011-11-07,0.004161,0.004160,-0.000027,-0.000072,-0.000000,-0.000047,-0.000126,0.000509,0.004396,-0.000236,-0.117799,False
2011-11-08,0.004206,0.004161,-0.000028,-0.000072,-0.000001,-0.000045,-0.000126,0.000509,0.004396,-0.000190,-0.094992,False
2011-11-09,0.004252,0.004161,-0.000030,-0.000071,-0.000003,-0.000044,-0.000126,0.000509,0.004397,-0.000145,-0.072299,False
2011-11-10,0.004298,0.004162,-0.000031,-0.000071,-0.000004,-0.000042,-0.000126,0.000509,0.004397,-0.000099,-0.049724,False
2011-11-11,0.004343,0.004162,-0.000032,-0.000071,-0.000005,-0.000040,-0.000126,0.000509,0.004398,-0.000055,-0.027269,False
2011-11-12,0.004343,0.004162,-0.000033,-0.000070,-0.000006,-0.000038,-0.000126,0.000509,0.004399,-0.000055,-0.027742,False
2011-11-13,0.004343,0.004163,-0.000034,-0.000070,-0.000008,-0.000036,-0.000126,0.000509,0.004400,-0.000057,-0.028339,False
2011-11-14,0.004343,0.004163,-0.000034,-0.000069,-0.000009,-0.000034,-0.000125,0.000509,0.004401,-0.000058,-0.029062,False
2011-11-15,0.004845,0.004164,-0.000035,-0.000068,-0.000010,-0.000032,-0.000125,0.000509,0.004403,0.000442,0.220949,False
2011-11-16,0.004845,0.004164,-0.000035,-0.000067,-0.000011,-0.000030,-0.000125,0.000509,0.004405,0.000440,0.219971,False
2011-11-17,0.004845,0.004164,-0.000035,-0.000066,-0.000012,-0.000028,-0.000125,0.000509,0.004407,0.000438,0.218865,False
2011-11-18,0.004845,0.004165,-0.000035,-0.000065,-0.000013,-0.000026,-0.000125,0.000509,0.004410,0.000435,0.217632,False
2011-11-19,0.004845,0.004165,-0.000035,-0.000064,-0.000015,-0.000024,-0.000125,0.000509,0.004412,0.000433,0.216272,False
2011-11-20,0.004845,0.004166,-0.000034,-0.000063,-0.000016,-0.000022,-0.000124,0.000509,0.004415,0.000430,0.214786,False
2011-11-21,0.004845,0.004166,-0.000034,-0.000062,-0.000017,-0.000020,-0.000124,0.000509,0.004419,0.000426,0.213176,False
2011-11-22,0.004845,0.004166,-0.000033,-0.000060,-0.000018,-0.000018,-0.000124,0.000509,0.004422,0.000423,0.211444,False
2011-11-23,0.004296,0.004167,-0.000032,-0.000059,-0.000019,-0.000016,-0.000124,0.000509,0.004426,-0.000130,-0.064907,False
2011-11-24,0.004000,0.004167,-0.000031,-0.000058,-0.000021,-0.000014,-0.000123,0.000509,0.004430,-0.000430,-0.214876,False
2011-11-25,0.004073,0.004168,-0.000030,-0.000056,-0.000022,-0.000013,-0.000123,0.000509,0.004434,-0.000361,-0.180459,False
2011-11-26,0.004006,0.004168,-0.000029,-0.000054,-0.000023,-0.000011,-0.000123,0.000509,0.004438,-0.000432,-0.216151,False
2011-11-27,0.004106,0.004168,-0.000027,-0.000053,-0.000024,-0.000009,-0.000123,0.000509,0.004443,-0.000337,-0.168450,False
2011-11-28,0.004025,0.004169,-0.000026,-0.000051,-0.000025,-0.000007,-0.000122,0.000509,0.004448,-0.000423,-0.211350,False
2011-11-29,0.004081,0.004169,-0.000024,-0.000049,-0.000026,-0.000005,-0.000122,0.000509,0.004453,-0.000372,-0.185847,False
2011-11-30,0.004300,0.004170,-0.000022,-0.000047,-0.000027,-0.000003,-0.000122,0.000509,0.004458,-0.000158,-0.078937,False
2011-12-01,0.004065,0.004170,-0.000020,-0.000046,-0.000028,-0.000001,-0.000122,0.000509,0.004463,-0.000398,-0.199113,False
2011-12-02,0.004132,0.004171,-0.000018,-0.000044,-0.000030,0.000001,-0.000121,0.000509,0.004469,-0.000337,-0.168370,False
2011-12-03,0.004120,0.004171,-0.000016,-0.000042,-0.000031,0.000003,-0.000121,0.000509,0.004474,-0.000354,-0.177202,False
2011-12-04,0.004075,0.004171,-0.000014,-0.000040,-0.000032,0.000005,-0.000121,0.000509,0.004480,-0.000405,-0.202603,False
2011-12-05,0.004238,0.004172,-0.000012,-0.000037,-0.000033,0.000007,-0.000120,0.000509,0.004486,-0.000248,-0.124067,False
2011-12-06,0.004133,0.004172,-0.000009,-0.000035,-0.000034,0.000009,-0.000120,0.000509,0.004492,-0.000359,-0.179588,False
2011-12-07,0.004222,0.004173,-0.000007,-0.000033,-0.000035,0.000011,-0.000120,0.000509,0.004498,-0.000276,-0.138157,False
2011-12-08,0.004308,0.004173,-0.000005,-0.000031,-0.000036,0.000013,-0.000119,0.000509,0.004505,-0.000197,-0.098270,False
2011-12-09,0.004111,0.004173,-0.000002,-0.000029,-0.000037,0.000015,-0.000119,0.000509,0.004511,-0.000400,-0.199919,False
2011-12-10,0.004166,0.004174,0.000000,-0.000026,-0.000038,0.000017,-0.000119,0.000509,0.004517,-0.000351,-0.175596,False
2011-12-11,0.004249,0.004174,0.000003,-0.000024,-0.000039,0.000019,-0.000118,0.000509,0.004524,-0.000275,-0.137296,False
2011-12-12,0.004498,0.004175,0.000005,-0.000022,-0.000040,0.000021,-0.000118,0.000509,0.004530,-0.000032,-0.016010,False
2011-12-13,0.004244,0.004175,0.000007,-0.000019,-0.000041,0.000023,-0.000118,0.000509,0.004536,-0.000292,-0.146233,False
2011-12-14,0.004211,0.004175,0.000010,-0.000017,-0.000042,0.000025,-0.000117,0.000509,0.004543,-0.000332,-0.165956,False
2011-12-15,0.004192,0.004176,0.000012,-0.000014,-0.000043,0.000027,-0.000117,0.000509,0.004549,-0.000357,-0.178673,False
2011-12-16,0.004119,0.004176,0.000014,-0.000012,-0.000044,0.000029,-0.000116,0.000509,0.004556,-0.000437,-0.218378,False
2011-12-17,0.004003,0.004177,0.000016,-0.000010,-0.000045,0.000030,-0.000116,0.000509,0.004562,-0.000559,-0.279563,False
2011-12-18,0.004092,0.004177,0.000019,-0.000007,-0.000046,0.000032,-0.000116,0.000509,0.004568,-0.000476,-0.238222,False
2011-12-19,0.004105,0.004177,0.000021,-0.000005,-0.000047,0.000034,-0.000115,0.000509,0.004575,-0.000470,-0.234849,False
2011-12-20,0.004045,0.004178,0.000022,-0.000002,-0.000048,0.000036,-0.000115,0.000509,0.004581,-0.000536,-0.267937,False
2011-12-21,0.004022,0.004178,0.000024,0.000000,-0.000048,0.000038,-0.000114,0.000509,0.004587,-0.000565,-0.282481,False
2011-12-22,0.004099,0.004179,0.000026,0.000003,-0.000049,0.000040,-0.000114,0.000509,0.004593,-0.000494,-0.246974,False
2011-12-23,0.004062,0.004179,0.000028,0.000005,-0.000050,0.000042,-0.000113,0.000508,0.004599,-0.000537,-0.268413,False
2011-12-24,0.003952,0.004179,0.000029,0.000008,-0.000051,0.000044,-0.000113,0.000508,0.004605,-0.000653,-0.326290,False
2011-12-25,0.004051,0.004180,0.000030,0.000010,-0.000052,0.000046,-0.000113,0.000508,0.004610,-0.000559,-0.279602,False
2011-12-26,0.003913,0.004180,0.000031,0.000013,-0.000053,0.000048,-0.000112,0.000508,0.004616,-0.000703,-0.351344,False
2011-12-27,0.003983,0.004181,0.000032,0.000015,-0.000053,0.000050,-0.000112,0.000508,0.004621,-0.000638,-0.319012,False
2011-12-28,0.004079,0.004181,0.000033,0.000018,-0.000054,0.000052,-0.000111,0.000508,0.004626,-0.000547,-0.273602,False
2011-12-29,0.003984,0.004181,0.000034,0.000020,-0.000055,0.000054,-0.000111,0.000508,0.004631,-0.000647,-0.323611,False
2011-12-30,0.004130,0.004182,0.000034,0.000022,-0.000056,0.000055,-0.000110,0.000508,0.004636,-0.000506,-0.253036,False
2011-12-31,0.004060,0.004182,0.000035,0.000025,-0.000056,0.000057,-0.000110,0.000508,0.004641,-0.000581,-0.290373,False
2012-01-01,0.003968,0.004183,0.000035,0.000027,-0.000057,0.000059,-0.000109,0.000508,0.004645,-0.000677,-0.338622,False
2012-01-02,0.004034,0.004183,0.000035,0.000029,-0.000058,0.000061,-0.000109,0.000508,0.004650,-0.000616,-0.307773,False
2012-01-03,0.003963,0.004184,0.000035,0.000032,-0.000058,0.000063,-0.000108,0.000508,0.004654,-0.000691,-0.345333,False
2012-01-04,0.004005,0.004184,0.000035,0.000034,-0.000059,0.000065,-0.000108,0.000507,0.004658,-0.000653,-0.326300,False
2012-01-05,0.003989,0.004184,0.000034,0.000036,-0.000060,0.000067,-0.000107,0.000507,0.004661,-0.000672,-0.336174,False
2012-01-06,0.003992,0.004185,0.000033,0.000038,-0.000060,0.000069,-0.000107,0.000507,0.004665,-0.000673,-0.336454,False
2012-01-07,0.003928,0.004185,0.000033,0.000040,-0.000061,0.000070,-0.000106,0.000507,0.004668,-0.000740,-0.370140,False
2012-01-08,0.003976,0.004186,0.000032,0.000042,-0.000062,0.000072,-0.000106,0.000507,0.004671,-0.000695,-0.347733,False
2012-01-09,0.004031,0.004186,0.000031,0.000044,-0.000062,0.000074,-0.000105,0.000507,0.004674,-0.000643,-0.321735,False
2012-01-10,0.004020,0.004186,0.000029,0.000046,-0.000063,0.000076,-0.000105,0.000507,0.004677,-0.000657,-0.328646,False
2012-01-11,0.004028,0.004187,0.000028,0.000048,-0.000063,0.000078,-0.000104,0.000507,0.004680,-0.000652,-0.325969,False
2012-01-12,0.003893,0.004187,0.000027,0.000050,-0.000064,0.000080,-0.000103,0.000507,0.004682,-0.000789,-0.394705,False
2012-01-13,0.004004,0.004188,0.000025,0.000052,-0.000064,0.000081,-0.000103,0.000506,0.004685,-0.000681,-0.340357,False
2012-01-14,0.004115,0.004188,0.000023,0.000053,-0.000065,0.000083,-0.000102,0.000506,0.004687,-0.000572,-0.285927,False
2012-01-15,0.004044,0.004188,0.000021,0.000055,-0.000065,0.000085,-0.000102,0.000506,0.004689,-0.000645,-0.322419,False
2012-01-16,0.004113,0.004189,0.000019,0.000056,-0.000066,0.000087,-0.000101,0.000506,0.004691,-0.000578,-0.288836,False
2012-01-17,0.004008,0.004189,0.000017,0.000058,-0.000066,0.000089,-0.000101,0.000506,0.004692,-0.000684,-0.342182,False
2012-01-18,0.003953,0.004190,0.000015,0.000059,-0.000066,0.000090,-0.000100,0.000506,0.004694,-0.000741,-0.370460,False
2012-01-19,0.003953,0.004190,0.000013,0.000061,-0.000067,0.000092,-0.000099,0.000506,0.004695,-0.000742,-0.371175,False
2012-01-20,0.003928,0.004190,0.000011,0.000062,-0.000067,0.000094,-0.000099,0.000505,0.004697,-0.000769,-0.384332,False
2012-01-21,0.003968,0.004191,0.000008,0.000063,-0.000067,0.000096,-0.000098,0.000505,0.004698,-0.000730,-0.364933,False
2012-01-22,0.003969,0.004191,0.000006,0.000064,-0.000068,0.000097,-0.000097,0.000505,0.004699,-0.000730,-0.364986,False
2012-01-23,0.003908,0.004192,0.000004,0.000065,-0.000068,0.000099,-0.000097,0.000505,0.004700,-0.000792,-0.395993,False
2012-01-24,0.003913,0.004192,0.000001,0.000066,-0.000068,0.000101,-0.000096,0.000505,0.004701,-0.000788,-0.393960,False
2012-01-25,0.003881,0.004192,-0.000001,0.000067,-0.000069,0.000103,-0.000096,0.000505,0.004702,-0.000821,-0.410393,False
2012-01-26,0.004030,0.004193,-0.000003,0.000068,-0.000069,0.000104,-0.000095,0.000505,0.004703,-0.000673,-0.336295,False
2012-01-27,0.004013,0.004193,-0.000006,0.000069,-0.000069,0.000106,-0.000094,0.000504,0.004703,-0.000690,-0.345173,False
2012-01-28,0.003929,0.004194,-0.000008,0.000070,-0.000069,0.000108,-0.000094,0.000504,0.004704,-0.000775,-0.387531,False
2012-01-29,0.003873,0.004194,-0.000011,0.000070,-0.000069,0.000109,-0.000093,0.000504,0.004705,-0.000832,-0.415875,False
2012-01-30,0.003925,0.004194,-0.000013,0.000071,-0.000070,0.000111,-0.000092,0.000504,0.004705,-0.000780,-0.390209,False
2012-01-31,0.003942,0.004195,-0.000015,0.000071,-0.000070,0.000113,-0.000092,0.000504,0.004706,-0.000764,-0.382038,False
2012-02-01,0.003962,0.004195,-0.000017,0.000072,-0.000070,0.000114,-0.000091,0.000504,0.004707,-0.000745,-0.372368,False
2012-02-02,0.004140,0.004196,-0.000019,0.000072,-0.000070,0.000116,-0.000090,0.000503,0.004707,-0.000567,-0.283703,False
2012-02-03,0.003845,0.004196,-0.000021,0.000072,-0.000070,0.000118,-0.000090,0.000503,0.004708,-0.000863,-0.431548,False
2012-02-04,0.003932,0.004196,-0.000023,0.000072,-0.000070,0.000119,-0.000089,0.000503,0.004709,-0.000777,-0.388407,False
2012-02-05,0.003938,0.004197,-0.000025,0.000072,-0.000070,0.000121,-0.000088,0.000503,0.004710,-0.000772,-0.385784,False
2012-02-06,0.004231,0.004197,-0.000026,0.000072,-0.000070,0.000123,-0.000088,0.000503,0.004710,-0.000479,-0.239684,False
2012-02-07,0.004112,0.004198,-0.000028,0.000072,-0.000070,0.000124,-0.000087,0.000503,0.004711,-0.000599,-0.299610,False
2012-02-08,0.003993,0.004198,-0.000029,0.000072,-0.000070,0.000126,-0.000086,0.000502,0.004712,-0.000719,-0.359566,False
2012-02-09,0.004079,0.004198,-0.000031,0.000071,-0.000070,0.000127,-0.000085,0.000502,0.004713,-0.000634,-0.317056,False
2012-02-10,0.004046,0.004199,-0.000032,0.000071,-0.000070,0.000129,-0.000085,0.000502,0.004714,-0.000668,-0.334081,False
2012-02-11,0.004066,0.004199,-0.000033,0.000070,-0.000070,0.000130,-0.000084,0.000502,0.004715,-0.000649,-0.324646,False
2012-02-12,0.004057,0.004200,-0.000033,0.000070,-0.000070,0.000132,-0.000083,0.000502,0.004717,-0.000660,-0.329752,False
2012-02-13,0.004109,0.004200,-0.000034,0.000069,-0.000070,0.000133,-0.000083,0.000501,0.004718,-0.000609,-0.304401,False
2012-02-14,0.004172,0.004201,-0.000035,0.000068,-0.000070,0.000135,-0.000082,0.000501,0.004719,-0.000547,-0.273596,False
2012-02-15,0.004049,0.004201,-0.000035,0.000068,-0.000069,0.000137,-0.000081,0.000501,0.004721,-0.000672,-0.335838,False
2012-02-16,0.004055,0.004201,-0.000035,0.000067,-0.000069,0.000138,-0.000080,0.000501,0.004722,-0.000667,-0.333628,False
2012-02-17,0.004024,0.004202,-0.000035,0.000066,-0.000069,0.000140,-0.000080,0.000501,0.004724,-0.000700,-0.349967,False
2012-02-18,0.004007,0.004202,-0.000035,0.000065,-0.000069,0.000141,-0.000079,0.000500,0.004726,-0.000719,-0.359355,False
2012-02-19,0.004006,0.004203,-0.000034,0.000063,-0.000068,0.000142,-0.000078,0.000500,0.004728,-0.000722,-0.360792,False
2012-02-20,0.004133,0.004203,-0.000034,0.000062,-0.000068,0.000144,-0.000077,0.000500,0.004730,-0.000597,-0.298278,False
2012-02-21,0.004205,0.004203,-0.000033,0.000061,-0.000068,0.000145,-0.000076,0.000500,0.004732,-0.000527,-0.263313,False
2012-02-22,0.004194,0.004204,-0.000032,0.000060,-0.000068,0.000147,-0.000076,0.000499,0.004734,-0.000539,-0.269728,False
2012-02-23,0.004184,0.004204,-0.000032,0.000058,-0.000067,0.000148,-0.000075,0.000499,0.004736,-0.000552,-0.276190,False
2012-02-24,0.004173,0.004205,-0.000030,0.000057,-0.000067,0.000150,-0.000074,0.000499,0.004738,-0.000565,-0.282697,False
2012-02-25,0.004162,0.004205,-0.000029,0.000055,-0.000067,0.000151,-0.000073,0.000499,0.004741,-0.000578,-0.289246,False
2012-02-26,0.004152,0.004205,-0.000028,0.000053,-0.000066,0.000152,-0.000073,0.000499,0.004743,-0.000592,-0.295836,False
2012-02-27,0.004141,0.004206,-0.000026,0.000052,-0.000066,0.000154,-0.000072,0.000498,0.004746,-0.000605,-0.302465,False
2012-02-28,0.004130,0.004206,-0.000025,0.000050,-0.000065,0.000155,-0.000071,0.000498,0.004749,-0.000618,-0.309128,False
2012-02-29,0.004109,0.004207,-0.000023,0.000048,-0.000065,0.000157,-0.000070,0.000498,0.004751,-0.000642,-0.321158,False
2012-03-01,0.004109,0.004207,-0.000021,0.000046,-0.000064,0.000158,-0.000069,0.000498,0.004754,-0.000645,-0.322550,False
2012-03-02,0.004258,0.004207,-0.000019,0.000044,-0.000064,0.000159,-0.000069,0.000497,0.004757,-0.000499,-0.249467,False
2012-03-03,0.004329,0.004208,-0.000017,0.000042,-0.000063,0.000160,-0.000068,0.000497,0.004760,-0.000431,-0.215638,False
2012-03-04,0.004399,0.004208,-0.000015,0.000040,-0.000063,0.000162,-0.000067,0.000497,0.004763,-0.000364,-0.181826,False
2012-03-05,0.004470,0.004209,-0.000012,0.000038,-0.000062,0.000163,-0.000066,0.000497,0.004766,-0.000296,-0.148029,False
2012-03-06,0.004540,0.004209,-0.000010,0.000036,-0.000062,0.000164,-0.000065,0.000496,0.004769,-0.000228,-0.114241,False
2012-03-07,0.004611,0.004209,-0.000008,0.000034,-0.000061,0.000166,-0.000064,0.000496,0.004772,-0.000161,-0.080460,False
2012-03-08,0.004681,0.004210,-0.000006,0.000032,-0.000061,0.000167,-0.000064,0.000496,0.004775,-0.000093,-0.046679,False
2012-03-09,0.004752,0.004210,-0.000003,0.000030,-0.000060,0.000168,-0.000063,0.000496,0.004778,-0.000026,-0.012896,False
2012-03-10,0.005175,0.004211,-0.000001,0.000027,-0.000059,0.000169,-0.000062,0.000495,0.004781,0.000394,0.197241,False
2012-03-11,0.005175,0.004211,0.000002,0.000025,-0.000059,0.000170,-0.000061,0.000495,0.004783,0.000392,0.195775,False
2012-03-12,0.005175,0.004211,0.000004,0.000023,-0.000058,0.000172,-0.000060,0.000495,0.004786,0.000389,0.194325,False
2012-03-13,0.005175,0.004212,0.000006,0.000020,-0.000057,0.000173,-0.000059,0.000494,0.004789,0.000386,0.192896,False
2012-03-14,0.005175,0.004212,0.000009,0.000018,-0.000057,0.000174,-0.000059,0.000494,0.004792,0.000383,0.191493,False
2012-03-15,0.005175,0.004213,0.000011,0.000016,-0.000056,0.000175,-0.000058,0.000494,0.004795,0.000380,0.190119,False
2012-03-16,0.004104,0.004213,0.000013,0.000013,-0.000055,0.000176,-0.000057,0.000494,0.004797,-0.000693,-0.346721,False
2012-03-17,0.004063,0.004213,0.000016,0.000011,-0.000054,0.000177,-0.000056,0.000493,0.004800,-0.000737,-0.368523,False
2012-03-18,0.004100,0.004214,0.000018,0.000008,-0.000054,0.000178,-0.000055,0.000493,0.004803,-0.000703,-0.351284,False
2012-03-19,0.003960,0.004214,0.000020,0.000006,-0.000053,0.000180,-0.000054,0.000493,0.004805,-0.000845,-0.422499,False
2012-03-20,0.003972,0.004215,0.000022,0.000003,-0.000052,0.000181,-0.000053,0.000493,0.004807,-0.000835,-0.417664,False
2012-03-21,0.004073,0.004215,0.000023,0.000001,-0.000051,0.000182,-0.000052,0.000492,0.004810,-0.000737,-0.368278,False
2012-03-22,0.004079,0.004215,0.000025,-0.000002,-0.000050,0.000183,-0.000052,0.000492,0.004812,-0.000733,-0.366336,False
2012-03-23,0.004140,0.004216,0.000027,-0.000004,-0.000050,0.000184,-0.000051,0.000492,0.004814,-0.000674,-0.336836,False
2012-03-24,0.004018,0.004216,0.000028,-0.000007,-0.000049,0.000185,-0.000050,0.000491,0.004816,-0.000798,-0.398775,False
2012-03-25,0.004297,0.004217,0.000030,-0.000009,-0.000048,0.000186,-0.000049,0.000491,0.004817,-0.000520,-0.260152,False
2012-03-26,0.004472,0.004217,0.000031,-0.000012,-0.000047,0.000187,-0.000048,0.000491,0.004819,-0.000347,-0.173463,False
2012-03-27,0.004325,0.004218,0.000032,-0.000014,-0.000046,0.000188,-0.000047,0.000490,0.004820,-0.000495,-0.247708,False
2012-03-28,0.004321,0.004218,0.000033,-0.000016,-0.000045,0.000189,-0.000046,0.000490,0.004822,-0.000501,-0.250385,False
2012-03-29,0.004139,0.004218,0.000034,-0.000019,-0.000044,0.000190,-0.000045,0.000490,0.004823,-0.000684,-0.341994,False
2012-03-30,0.004398,0.004219,0.000034,-0.000021,-0.000043,0.000190,-0.000044,0.000490,0.004824,-0.000426,-0.213033,False
2012-03-31,0.004419,0.004219,0.000035,-0.000024,-0.000042,0.000191,-0.000044,0.000489,0.004825,-0.000406,-0.202836,False
2012-04-01,0.004441,0.004220,0.000035,-0.000026,-0.000041,0.000192,-0.000043,0.000489,0.004826,-0.000385,-0.192570,False
2012-04-02,0.004462,0.004220,0.000035,-0.000028,-0.000040,0.000193,-0.000042,0.000489,0.004826,-0.000364,-0.182234,False
2012-04-03,0.004483,0.004220,0.000035,-0.000030,-0.000039,0.000194,-0.000041,0.000488,0.004827,-0.000344,-0.171831,False
2012-04-04,0.004505,0.004221,0.000035,-0.000033,-0.000038,0.000195,-0.000040,0.000488,0.004827,-0.000323,-0.161361,False
2012-04-05,0.004526,0.004221,0.000034,-0.000035,-0.000037,0.000196,-0.000039,0.000488,0.004828,-0.000302,-0.150826,False
2012-04-06,0.004239,0.004222,0.000034,-0.000037,-0.000036,0.000196,-0.000038,0.000487,0.004828,-0.000589,-0.294395,False
2012-04-07,0.004132,0.004222,0.000033,-0.000039,-0.000035,0.000197,-0.000037,0.000487,0.004828,-0.000696,-0.347903,False
2012-04-08,0.004040,0.004222,0.000032,-0.000041,-0.000034,0.000198,-0.000036,0.000487,0.004828,-0.000788,-0.393853,False
2012-04-09,0.004105,0.004223,0.000031,-0.000043,-0.000033,0.000199,-0.000035,0.000486,0.004827,-0.000722,-0.361247,False
2012-04-10,0.004018,0.004223,0.000030,-0.000045,-0.000032,0.000200,-0.000034,0.000486,0.004827,-0.000809,-0.404590,False
2012-04-11,0.003931,0.004224,0.000029,-0.000047,-0.000031,0.000200,-0.000033,0.000486,0.004827,-0.000896,-0.447885,False
2012-04-12,0.004162,0.004224,0.000027,-0.000049,-0.000030,0.000201,-0.000033,0.000485,0.004826,-0.000664,-0.332135,False
2012-04-13,0.003971,0.004224,0.000026,-0.000051,-0.000029,0.000202,-0.000032,0.000485,0.004826,-0.000855,-0.427346,False
2012-04-14,0.003893,0.004225,0.000024,-0.000052,-0.000028,0.000202,-0.000031,0.000485,0.004825,-0.000932,-0.466022,False
2012-04-15,0.004055,0.004225,0.000022,-0.000054,-0.000027,0.000203,-0.000030,0.000484,0.004824,-0.000769,-0.384667,False
2012-04-16,0.004277,0.004226,0.000020,-0.000056,-0.000025,0.000204,-0.000029,0.000484,0.004824,-0.000547,-0.273286,False
2012-04-17,0.004291,0.004226,0.000018,-0.000057,-0.000024,0.000204,-0.000028,0.000483,0.004823,-0.000532,-0.265885,False
2012-04-18,0.004774,0.004226,0.000016,-0.000059,-0.000023,0.000205,-0.000027,0.000483,0.004822,-0.000048,-0.023969,False
2012-04-19,0.005348,0.004227,0.000014,-0.000060,-0.000022,0.000205,-0.000026,0.000483,0.004821,0.000527,0.263456,False
2012-04-20,0.004291,0.004227,0.000012,-0.000061,-0.000021,0.000206,-0.000025,0.000482,0.004820,-0.000529,-0.264615,False
2012-04-21,0.004111,0.004228,0.000010,-0.000063,-0.000020,0.000207,-0.000024,0.000482,0.004819,-0.000708,-0.354189,False
2012-04-22,0.004050,0.004228,0.000007,-0.000064,-0.000019,0.000207,-0.000023,0.000482,0.004819,-0.000769,-0.384270,False
2012-04-23,0.004082,0.004228,0.000005,-0.000065,-0.000017,0.000208,-0.000022,0.000481,0.004818,-0.000736,-0.367866,False
2012-04-24,0.004335,0.004229,0.000003,-0.000066,-0.000016,0.000208,-0.000021,0.000481,0.004817,-0.000482,-0.240981,False
2012-04-25,0.004694,0.004229,0.000000,-0.000067,-0.000015,0.000209,-0.000020,0.000481,0.004816,-0.000122,-0.061123,False
2012-04-26,0.004065,0.004230,-0.000002,-0.000068,-0.000014,0.000209,-0.000019,0.000480,0.004816,-0.000751,-0.375297,False
2012-04-27,0.004443,0.004230,-0.000005,-0.000069,-0.000013,0.000210,-0.000018,0.000480,0.004815,-0.000372,-0.186009,False
2012-04-28,0.004244,0.004230,-0.000007,-0.000069,-0.000012,0.000210,-0.000017,0.000479,0.004815,-0.000571,-0.285265,False
2012-04-29,0.004722,0.004231,-0.000009,-0.000070,-0.000010,0.000210,-0.000016,0.000479,0.004814,-0.000092,-0.046070,False
2012-04-30,0.004223,0.004231,-0.000012,-0.000071,-0.000009,0.000211,-0.000015,0.000479,0.004814,-0.000591,-0.295431,False
2012-05-01,0.004217,0.004232,-0.000014,-0.000071,-0.000008,0.000211,-0.000015,0.000478,0.004814,-0.000597,-0.298353,False
2012-05-02,0.004559,0.004232,-0.000016,-0.000071,-0.000007,0.000212,-0.000014,0.000478,0.004814,-0.000255,-0.127341,False
2012-05-03,0.004336,0.004232,-0.000018,-0.000072,-0.000006,0.000212,-0.000013,0.000477,0.004814,-0.000478,-0.238901,False
2012-05-04,0.004052,0.004233,-0.000020,-0.000072,-0.000004,0.000212,-0.000012,0.000477,0.004814,-0.000762,-0.381037,False
2012-05-05,0.004089,0.004233,-0.000022,-0.000072,-0.000003,0.000213,-0.000011,0.000477,0.004815,-0.000726,-0.362754,False
2012-05-06,0.004003,0.004234,-0.000024,-0.000072,-0.000002,0.000213,-0.000010,0.000476,0.004815,-0.000812,-0.406056,False
2012-05-07,0.004220,0.004234,-0.000026,-0.000072,-0.000001,0.000213,-0.000009,0.000476,0.004816,-0.000596,-0.297947,False
2012-05-08,0.003951,0.004235,-0.000027,-0.000072,0.000000,0.000213,-0.000008,0.000475,0.004817,-0.000866,-0.432932,False
2012-05-09,0.004258,0.004235,-0.000029,-0.000072,0.000002,0.000214,-0.000007,0.000475,0.004818,-0.000560,-0.280013,False
2012-05-10,0.004183,0.004235,-0.000030,-0.000071,0.000003,0.000214,-0.000006,0.000475,0.004819,-0.000636,-0.318194,False
2012-05-11,0.004041,0.004236,-0.000031,-0.000071,0.000004,0.000214,-0.000005,0.000474,0.004821,-0.000780,-0.389978,False
2012-05-12,0.004463,0.004236,-0.000032,-0.000071,0.000005,0.000214,-0.000004,0.000474,0.004823,-0.000360,-0.179866,False
2012-05-13,0.004321,0.004237,-0.000033,-0.000070,0.000006,0.000214,-0.000003,0.000473,0.004825,-0.000504,-0.251861,False
2012-05-14,0.004130,0.004237,-0.000034,-0.000069,0.000008,0.000215,-0.000002,0.000473,0.004827,-0.000697,-0.348464,False
2012-05-15,0.004069,0.004237,-0.000034,-0.000069,0.000009,0.000215,-0.000001,0.000473,0.004829,-0.000760,-0.380176,False
2012-05-16,0.004343,0.004238,-0.000035,-0.000068,0.000010,0.000215,-0.000000,0.000472,0.004832,-0.000489,-0.244499,False
2012-05-17,0.004301,0.004238,-0.000035,-0.000067,0.000011,0.000215,0.000001,0.000472,0.004835,-0.000534,-0.266932,False
2012-05-18,0.004362,0.004239,-0.000035,-0.000066,0.000012,0.000215,0.000002,0.000471,0.004838,-0.000476,-0.237975,False
2012-05-19,0.004489,0.004239,-0.000035,-0.000065,0.000014,0.000215,0.000003,0.000471,0.004841,-0.000352,-0.176127,False
2012-05-20,0.004379,0.004239,-0.000035,-0.000064,0.000015,0.000215,0.000004,0.000470,0.004845,-0.000466,-0.232888,False
2012-05-21,0.004151,0.004240,-0.000034,-0.000063,0.000016,0.000215,0.000005,0.000470,0.004849,-0.000698,-0.348757,False
2012-05-22,0.004188,0.004240,-0.000034,-0.000062,0.000017,0.000215,0.000006,0.000470,0.004852,-0.000664,-0.332230,False
2012-05-23,0.004439,0.004241,-0.000033,-0.000060,0.000018,0.000215,0.000007,0.000469,0.004857,-0.000418,-0.208806,False
2012-05-24,0.004182,0.004241,-0.000032,-0.000059,0.000019,0.000215,0.000008,0.000469,0.004861,-0.000679,-0.339483,False
2012-05-25,0.004033,0.004241,-0.000031,-0.000057,0.000021,0.000215,0.000009,0.000468,0.004866,-0.000833,-0.416256,False
2012-05-26,0.004342,0.004242,-0.000030,-0.000056,0.000022,0.000215,0.000010,0.000468,0.004870,-0.000528,-0.264123,False
2012-05-27,0.004107,0.004242,-0.000028,-0.000054,0.000023,0.000215,0.000010,0.000467,0.004875,-0.000768,-0.384080,False
2012-05-28,0.004003,0.004243,-0.000027,-0.000053,0.000024,0.000215,0.000011,0.000467,0.004880,-0.000877,-0.438622,False
2012-05-29,0.004046,0.004243,-0.000025,-0.000051,0.000025,0.000215,0.000012,0.000466,0.004885,-0.000839,-0.419744,False
2012-05-30,0.004105,0.004243,-0.000024,-0.000049,0.000026,0.000215,0.000013,0.000466,0.004891,-0.000786,-0.392943,False
2012-05-31,0.004045,0.004244,-0.000022,-0.000047,0.000027,0.000214,0.000014,0.000466,0.004896,-0.000851,-0.425711,False
2012-06-01,0.003912,0.004244,-0.000020,-0.000045,0.000029,0.000214,0.000015,0.000465,0.004902,-0.000990,-0.495045,False
2012-06-02,0.003987,0.004245,-0.000018,-0.000043,0.000030,0.000214,0.000016,0.000465,0.004908,-0.000921,-0.460438,False
2012-06-03,0.004039,0.004245,-0.000016,-0.000041,0.000031,0.000214,0.000017,0.000464,0.004914,-0.000875,-0.437384,False
2012-06-04,0.003990,0.004245,-0.000014,-0.000039,0.000032,0.000214,0.000018,0.000464,0.004920,-0.000930,-0.464876,False
2012-06-05,0.004086,0.004246,-0.000011,-0.000037,0.000033,0.000213,0.000019,0.000463,0.004926,-0.000840,-0.419909,False
2012-06-06,0.004015,0.004246,-0.000009,-0.000035,0.000034,0.000213,0.000020,0.000463,0.004932,-0.000917,-0.458474,False
2012-06-07,0.004173,0.004247,-0.000007,-0.000033,0.000035,0.000213,0.000021,0.000462,0.004938,-0.000765,-0.382567,False
2012-06-08,0.004113,0.004247,-0.000004,-0.000031,0.000036,0.000213,0.000022,0.000462,0.004944,-0.000831,-0.415679,False
2012-06-09,0.004378,0.004247,-0.000002,-0.000028,0.000037,0.000212,0.000023,0.000461,0.004951,-0.000573,-0.286303,False
2012-06-10,0.004219,0.004248,0.000000,-0.000026,0.000038,0.000212,0.000024,0.000461,0.004957,-0.000738,-0.368933,False
2012-06-11,0.004117,0.004248,0.000003,-0.000024,0.000039,0.000212,0.000025,0.000460,0.004963,-0.000846,-0.423061,False
2012-06-12,0.004207,0.004249,0.000005,-0.000022,0.000040,0.000211,0.000026,0.000460,0.004969,-0.000762,-0.381181,False
2012-06-13,0.004239,0.004249,0.000008,-0.000019,0.000041,0.000211,0.000027,0.000459,0.004976,-0.000737,-0.368283,False
2012-06-14,0.004268,0.004249,0.000010,-0.000017,0.000042,0.000211,0.000028,0.000459,0.004982,-0.000714,-0.356863,False
2012-06-15,0.004316,0.004250,0.000012,-0.000014,0.000043,0.000210,0.000029,0.000458,0.004988,-0.000672,-0.336121,False
2012-06-16,0.004363,0.004250,0.000014,-0.000012,0.000044,0.000210,0.000029,0.000458,0.004994,-0.000631,-0.315341,False
2012-06-17,0.004411,0.004251,0.000017,-0.000009,0.000045,0.000209,0.000030,0.000457,0.005000,-0.000589,-0.294518,False
2012-06-18,0.004458,0.004251,0.000019,-0.000007,0.000046,0.000209,0.000031,0.000457,0.005006,-0.000547,-0.273643,False
2012-06-19,0.004506,0.004251,0.000021,-0.000005,0.000047,0.000208,0.000032,0.000456,0.005011,-0.000505,-0.252711,False
2012-06-20,0.004554,0.004252,0.000023,-0.000002,0.000048,0.000208,0.000033,0.000456,0.005017,-0.000463,-0.231716,False
2012-06-21,0.004601,0.004252,0.000024,0.000000,0.000048,0.000207,0.000034,0.000455,0.005022,-0.000421,-0.210651,False
2012-06-22,0.004839,0.004253,0.000026,0.000003,0.000049,0.000207,0.000035,0.000455,0.005028,-0.000189,-0.094344,False
2012-06-23,0.004839,0.004253,0.000028,0.000005,0.000050,0.000206,0.000036,0.000454,0.005033,-0.000194,-0.096915,False
2012-06-24,0.004839,0.004254,0.000029,0.000008,0.000051,0.000206,0.000037,0.000454,0.005038,-0.000199,-0.099399,False
2012-06-25,0.004839,0.004254,0.000030,0.000010,0.000052,0.000205,0.000038,0.000453,0.005043,-0.000204,-0.101793,False
2012-06-26,0.004839,0.004254,0.000031,0.000013,0.000053,0.000205,0.000039,0.000453,0.005047,-0.000208,-0.104091,False
2012-06-27,0.004331,0.004255,0.000032,0.000015,0.000053,0.000204,0.000040,0.000452,0.005052,-0.000721,-0.360288,False
2012-06-28,0.004369,0.004255,0.000033,0.000018,0.000054,0.000203,0.000041,0.000452,0.005056,-0.000687,-0.343383,False
2012-06-29,0.004243,0.004256,0.000034,0.000020,0.000055,0.000203,0.000042,0.000451,0.005060,-0.000817,-0.408369,False
2012-06-30,0.004209,0.004256,0.000034,0.000022,0.000056,0.000202,0.000042,0.000451,0.005063,-0.000854,-0.427246,False
2012-07-01,0.004619,0.004256,0.000035,0.000025,0.000056,0.000201,0.000043,0.000450,0.005067,-0.000448,-0.224009,False
2012-07-02,0.004450,0.004257,0.000035,0.000027,0.000057,0.000201,0.000044,0.000450,0.005070,-0.000620,-0.310157,False
2012-07-03,0.004323,0.004257,0.000035,0.000029,0.000058,0.000200,0.000045,0.000449,0.005073,-0.000750,-0.375187,False
2012-07-04,0.004181,0.004258,0.000035,0.000032,0.000058,0.000199,0.000046,0.000449,0.005076,-0.000895,-0.447599,False
2012-07-05,0.004295,0.004258,0.000035,0.000034,0.000059,0.000198,0.000047,0.000448,0.005079,-0.000784,-0.391890,False
2012-07-06,0.004315,0.004258,0.000034,0.000036,0.000060,0.000198,0.000048,0.000448,0.005081,-0.000766,-0.383061,False
2012-07-07,0.004323,0.004259,0.000033,0.000038,0.000060,0.000197,0.000049,0.000447,0.005083,-0.000760,-0.380111,False
2012-07-08,0.004261,0.004259,0.000033,0.000040,0.000061,0.000196,0.000050,0.000446,0.005085,-0.000824,-0.412040,False
2012-07-09,0.004199,0.004260,0.000032,0.000042,0.000062,0.000195,0.000051,0.000446,0.005087,-0.000888,-0.443849,False
2012-07-10,0.004137,0.004260,0.000031,0.000044,0.000062,0.000194,0.000051,0.000445,0.005088,-0.000951,-0.475538,False
2012-07-11,0.004194,0.004260,0.000029,0.000046,0.000063,0.000194,0.000052,0.000445,0.005089,-0.000895,-0.447609,False
2012-07-12,0.004178,0.004261,0.000028,0.000048,0.000063,0.000193,0.000053,0.000444,0.005090,-0.000912,-0.456064,False
2012-07-13,0.004456,0.004261,0.000027,0.000050,0.000064,0.000192,0.000054,0.000444,0.005091,-0.000635,-0.317405,False
2012-07-14,0.004647,0.004262,0.000025,0.000052,0.000064,0.000191,0.000055,0.000443,0.005091,-0.000444,-0.222134,False
2012-07-15,0.004516,0.004262,0.000023,0.000053,0.000065,0.000190,0.000056,0.000443,0.005092,-0.000576,-0.287753,False
2012-07-16,0.004480,0.004262,0.000021,0.000055,0.000065,0.000189,0.000057,0.000442,0.005092,-0.000612,-0.305766,False
2012-07-17,0.004194,0.004263,0.000019,0.000056,0.000066,0.000188,0.000057,0.000441,0.005091,-0.000897,-0.448677,False
2012-07-18,0.004359,0.004263,0.000017,0.000058,0.000066,0.000187,0.000058,0.000441,0.005091,-0.000732,-0.365988,False
2012-07-19,0.004369,0.004264,0.000015,0.000059,0.000066,0.000186,0.000059,0.000440,0.005090,-0.000721,-0.360704,False
2012-07-20,0.004217,0.004264,0.000013,0.000061,0.000067,0.000185,0.000060,0.000440,0.005090,-0.000873,-0.436329,False
2012-07-21,0.004406,0.004264,0.000011,0.000062,0.000067,0.000184,0.000061,0.000439,0.005089,-0.000683,-0.341367,False
2012-07-22,0.004504,0.004265,0.000008,0.000063,0.000067,0.000183,0.000062,0.000439,0.005088,-0.000584,-0.291823,False
2012-07-23,0.004146,0.004265,0.000006,0.000064,0.000068,0.000182,0.000063,0.000438,0.005086,-0.000940,-0.470201,False
2012-07-24,0.004401,0.004266,0.000004,0.000065,0.000068,0.000181,0.000063,0.000437,0.005085,-0.000684,-0.342006,False
2012-07-25,0.004450,0.004266,0.000001,0.000066,0.000068,0.000180,0.000064,0.000437,0.005083,-0.000633,-0.316744,False
2012-07-26,0.004168,0.004266,-0.000001,0.000067,0.000069,0.000179,0.000065,0.000436,0.005082,-0.000914,-0.456919,False
2012-07-27,0.004277,0.004267,-0.000003,0.000068,0.000069,0.000178,0.000066,0.000436,0.005080,-0.000803,-0.401536,False
2012-07-28,0.004288,0.004267,-0.000006,0.000069,0.000069,0.000177,0.000067,0.000435,0.005078,-0.000790,-0.395100,False
2012-07-29,0.004597,0.004268,-0.000008,0.000070,0.000069,0.000176,0.000068,0.000435,0.005076,-0.000479,-0.239617,False
2012-07-30,0.004333,0.004268,-0.000011,0.000070,0.000069,0.000175,0.000068,0.000434,0.005074,-0.000741,-0.370592,False
2012-07-31,0.004820,0.004268,-0.000013,0.000071,0.000070,0.000173,0.000069,0.000433,0.005072,-0.000252,-0.126030,False
2012-08-01,0.004501,0.004269,-0.000015,0.000071,0.000070,0.000172,0.000070,0.000433,0.005070,-0.000569,-0.284436,False
2012-08-02,0.004939,0.004269,-0.000017,0.000072,0.000070,0.000171,0.000071,0.000432,0.005068,-0.000129,-0.064565,False
2012-08-03,0.005376,0.004270,-0.000019,0.000072,0.000070,0.000170,0.000072,0.000432,0.005065,0.000311,0.155329,False
2012-08-04,0.004489,0.004270,-0.000021,0.000072,0.000070,0.000169,0.000072,0.000431,0.005063,-0.000574,-0.287010,False
2012-08-05,0.004732,0.004271,-0.000023,0.000072,0.000070,0.000167,0.000073,0.000430,0.005061,-0.000329,-0.164335,False
2012-08-06,0.004959,0.004271,-0.000025,0.000072,0.000070,0.000166,0.000074,0.000430,0.005058,-0.000099,-0.049653,False
2012-08-07,0.005208,0.004271,-0.000026,0.000072,0.000070,0.000165,0.000075,0.000429,0.005056,0.000152,0.076035,False
2012-08-08,0.005820,0.004272,-0.000028,0.000072,0.000070,0.000164,0.000076,0.000429,0.005054,0.000766,0.383223,False
2012-08-09,0.005468,0.004272,-0.000029,0.000072,0.000070,0.000162,0.000076,0.000428,0.005051,0.000417,0.208408,False
2012-08-10,0.005833,0.004273,-0.000031,0.000071,0.000070,0.000161,0.000077,0.000427,0.005049,0.000784,0.392086,False
2012-08-11,0.005169,0.004273,-0.000032,0.000071,0.000070,0.000160,0.000078,0.000427,0.005046,0.000123,0.061254,False
2012-08-12,0.005780,0.004273,-0.000033,0.000070,0.000070,0.000158,0.000079,0.000426,0.005044,0.000736,0.367910,False
2012-08-13,0.005745,0.004274,-0.000033,0.000070,0.000070,0.000157,0.000079,0.000425,0.005042,0.000703,0.351551,False
2012-08-14,0.005710,0.004274,-0.000034,0.000069,0.000070,0.000156,0.000080,0.000425,0.005040,0.000670,0.335174,False
2012-08-15,0.005675,0.004275,-0.000035,0.000068,0.000070,0.000154,0.000081,0.000424,0.005037,0.000638,0.318778,False
2012-08-16,0.005640,0.004275,-0.000035,0.000068,0.000069,0.000153,0.000082,0.000424,0.005035,0.000605,0.302360,False
2012-08-17,0.005595,0.004275,-0.000035,0.000067,0.000069,0.000152,0.000082,0.000423,0.005033,0.000561,0.280670,False
2012-08-18,0.005549,0.004276,-0.000035,0.000066,0.000069,0.000150,0.000083,0.000422,0.005031,0.000518,0.258957,False
2012-08-19,0.005503,0.004276,-0.000035,0.000065,0.000069,0.000149,0.000084,0.000422,0.005029,0.000474,0.237220,False
2012-08-20,0.005458,0.004277,-0.000034,0.000063,0.000068,0.000148,0.000085,0.000421,0.005027,0.000431,0.215458,False
2012-08-21,0.005413,0.004277,-0.000034,0.000062,0.000068,0.000146,0.000085,0.000420,0.005025,0.000387,0.193672,False
2012-08-22,0.005367,0.004277,-0.000033,0.000061,0.000068,0.000145,0.000086,0.000420,0.005023,0.000344,0.171863,False
2012-08-23,0.005321,0.004278,-0.000032,0.000060,0.000068,0.000143,0.000087,0.000419,0.005021,0.000300,0.150030,False
2012-08-24,0.005003,0.004278,-0.000032,0.000058,0.000067,0.000142,0.000087,0.000418,0.005020,-0.000017,-0.008325,False
2012-08-25,0.005003,0.004279,-0.000030,0.000057,0.000067,0.000140,0.000088,0.000418,0.005018,-0.000015,-0.007450,False
2012-08-26,0.005003,0.004279,-0.000029,0.000055,0.000067,0.000139,0.000089,0.000417,0.005016,-0.000013,-0.006595,False
2012-08-27,0.005003,0.004279,-0.000028,0.000053,0.000066,0.000137,0.000089,0.000417,0.005015,-0.000012,-0.005757,False
2012-08-28,0.005003,0.004280,-0.000026,0.000052,0.000066,0.000136,0.000090,0.000416,0.005013,-0.000010,-0.004934,False
2012-08-29,0.005003,0.004280,-0.000025,0.000050,0.000065,0.000134,0.000091,0.000415,0.005011,-0.000008,-0.004123,False
2012-08-30,0.005003,0.004281,-0.000023,0.000048,0.000065,0.000133,0.000091,0.000415,0.005010,-0.000007,-0.003321,False
2012-08-31,0.004770,0.004281,-0.000021,0.000046,0.000064,0.000131,0.000092,0.000414,0.005008,-0.000238,-0.119026,False
2012-09-01,0.004739,0.004281,-0.000019,0.000044,0.000064,0.000130,0.000093,0.000413,0.005006,-0.000267,-0.133735,False
2012-09-02,0.004551,0.004282,-0.000017,0.000042,0.000063,0.000128,0.000093,0.000413,0.005005,-0.000454,-0.226944,False
2012-09-03,0.004471,0.004282,-0.000015,0.000040,0.000063,0.000126,0.000094,0.000412,0.005003,-0.000532,-0.266149,False
2012-09-04,0.004346,0.004283,-0.000012,0.000038,0.000062,0.000125,0.000095,0.000411,0.005002,-0.000656,-0.327846,False
2012-09-05,0.004468,0.004283,-0.000010,0.000036,0.000062,0.000123,0.000095,0.000411,0.005000,-0.000532,-0.266033,False
2012-09-06,0.004359,0.004283,-0.000008,0.000034,0.000061,0.000122,0.000096,0.000410,0.004998,-0.000639,-0.319704,False
2012-09-07,0.005715,0.004284,-0.000006,0.000032,0.000061,0.000120,0.000097,0.000409,0.004997,0.000718,0.359144,False
2012-09-08,0.004508,0.004284,-0.000003,0.000030,0.000060,0.000118,0.000097,0.000409,0.004995,-0.000487,-0.243485,False
2012-09-09,0.004418,0.004285,-0.000001,0.000027,0.000059,0.000117,0.000098,0.000408,0.004993,-0.000575,-0.287586,False
2012-09-10,0.004402,0.004285,0.000002,0.000025,0.000059,0.000115,0.000099,0.000407,0.004991,-0.000589,-0.294656,False
2012-09-11,0.004915,0.004285,0.000004,0.000023,0.000058,0.000113,0.000099,0.000407,0.004989,-0.000074,-0.037189,False
2012-09-12,0.004387,0.004286,0.000006,0.000020,0.000057,0.000112,0.000100,0.000406,0.004987,-0.000600,-0.300183,False
2012-09-13,0.004949,0.004286,0.000009,0.000018,0.000057,0.000110,0.000100,0.000405,0.004985,-0.000036,-0.018133,False
2012-09-14,0.004546,0.004287,0.000011,0.000016,0.000056,0.000108,0.000101,0.000405,0.004983,-0.000437,-0.218535,False
2012-09-15,0.004483,0.004287,0.000013,0.000013,0.000055,0.000107,0.000102,0.000404,0.004981,-0.000498,-0.248885,False
2012-09-16,0.004595,0.004288,0.000016,0.000011,0.000054,0.000105,0.000102,0.000403,0.004978,-0.000383,-0.191679,False
2012-09-17,0.004583,0.004288,0.000018,0.000008,0.000054,0.000103,0.000103,0.000402,0.004976,-0.000393,-0.196414,False
2012-09-18,0.006062,0.004288,0.000020,0.000006,0.000053,0.000102,0.000103,0.000402,0.004973,0.001089,0.544413,False
2012-09-19,0.004646,0.004289,0.000022,0.000003,0.000052,0.000100,0.000104,0.000401,0.004970,-0.000324,-0.162194,False
2012-09-20,0.004651,0.004289,0.000023,0.000001,0.000051,0.000098,0.000104,0.000400,0.004967,-0.000316,-0.158233,False
2012-09-21,0.004919,0.004290,0.000025,-0.000002,0.000050,0.000096,0.000105,0.000400,0.004964,-0.000045,-0.022700,False
2012-09-22,0.004294,0.004290,0.000027,-0.000004,0.000050,0.000095,0.000105,0.000399,0.004961,-0.000667,-0.333593,False
2012-09-23,0.004576,0.004290,0.000028,-0.000007,0.000049,0.000093,0.000106,0.000398,0.004958,-0.000382,-0.190911,False
2012-09-24,0.004733,0.004291,0.000030,-0.000009,0.000048,0.000091,0.000107,0.000398,0.004954,-0.000221,-0.110651,False
2012-09-25,0.004949,0.004291,0.000031,-0.000012,0.000047,0.000089,0.000107,0.000397,0.004951,-0.000002,-0.000812,False
2012-09-26,0.005619,0.004292,0.000032,-0.000014,0.000046,0.000088,0.000108,0.000396,0.004947,0.000672,0.336108,False
2012-09-27,0.005755,0.004292,0.000033,-0.000016,0.000045,0.000086,0.000108,0.000395,0.004943,0.000812,0.406110,False
2012-09-28,0.005481,0.004292,0.000034,-0.000019,0.000044,0.000084,0.000109,0.000395,0.004939,0.000542,0.271193,False
2012-09-29,0.005350,0.004293,0.000034,-0.000021,0.000043,0.000082,0.000109,0.000394,0.004934,0.000416,0.207858,False
2012-09-30,0.005219,0.004293,0.000035,-0.000024,0.000042,0.000080,0.000110,0.000393,0.004930,0.000289,0.144605,False
2012-10-01,0.005088,0.004294,0.000035,-0.000026,0.000041,0.000079,0.000110,0.000393,0.004925,0.000163,0.081434,False
2012-10-02,0.005989,0.004294,0.000035,-0.000028,0.000040,0.000077,0.000111,0.000392,0.004920,0.001069,0.534343,False
2012-10-03,0.004759,0.004294,0.000035,-0.000030,0.000039,0.000075,0.000111,0.000391,0.004915,-0.000156,-0.078169,False
2012-10-04,0.004153,0.004295,0.000035,-0.000033,0.000038,0.000073,0.000112,0.000390,0.004910,-0.000757,-0.378604,False
2012-10-05,0.004072,0.004295,0.000034,-0.000035,0.000037,0.000071,0.000112,0.000390,0.004905,-0.000833,-0.416462,False
2012-10-06,0.004041,0.004296,0.000034,-0.000037,0.000036,0.000069,0.000112,0.000389,0.004899,-0.000858,-0.429248,False
2012-10-07,0.004162,0.004296,0.000033,-0.000039,0.000035,0.000068,0.000113,0.000388,0.004894,-0.000732,-0.365964,False
2012-10-08,0.004140,0.004296,0.000032,-0.000041,0.000034,0.000066,0.000113,0.000387,0.004888,-0.000748,-0.374112,False
2012-10-09,0.004147,0.004297,0.000031,-0.000043,0.000033,0.000064,0.000114,0.000387,0.004882,-0.000735,-0.367697,False
2012-10-10,0.004141,0.004297,0.000030,-0.000045,0.000032,0.000062,0.000114,0.000386,0.004876,-0.000735,-0.367722,False
2012-10-11,0.004262,0.004298,0.000029,-0.000047,0.000031,0.000060,0.000115,0.000385,0.004870,-0.000608,-0.304191,False
2012-10-12,0.004195,0.004298,0.000027,-0.000049,0.000030,0.000058,0.000115,0.000385,0.004864,-0.000669,-0.334608,False
2012-10-13,0.004145,0.004298,0.000026,-0.000051,0.000029,0.000056,0.000115,0.000384,0.004858,-0.000713,-0.356479,False
2012-10-14,0.004367,0.004299,0.000024,-0.000052,0.000028,0.000054,0.000116,0.000383,0.004852,-0.000485,-0.242308,False
2012-10-15,0.004362,0.004299,0.000022,-0.000054,0.000027,0.000053,0.000116,0.000382,0.004845,-0.000483,-0.241600,False
2012-10-16,0.004457,0.004300,0.000020,-0.000056,0.000025,0.000051,0.000117,0.000382,0.004839,-0.000382,-0.190861,False
2012-10-17,0.004580,0.004300,0.000018,-0.000057,0.000024,0.000049,0.000117,0.000381,0.004832,-0.000253,-0.126347,False
2012-10-18,0.004702,0.004300,0.000016,-0.000059,0.000023,0.000047,0.000117,0.000380,0.004826,-0.000124,-0.061813,False
2012-10-19,0.004323,0.004301,0.000014,-0.000060,0.000022,0.000045,0.000118,0.000379,0.004819,-0.000496,-0.248016,False
2012-10-20,0.004156,0.004301,0.000012,-0.000061,0.000021,0.000043,0.000118,0.000379,0.004812,-0.000656,-0.328212,False
2012-10-21,0.004405,0.004302,0.000010,-0.000063,0.000020,0.000041,0.000119,0.000378,0.004806,-0.000401,-0.200406,False
2012-10-22,0.004616,0.004302,0.000007,-0.000064,0.000019,0.000039,0.000119,0.000377,0.004799,-0.000183,-0.091605,False
2012-10-23,0.004846,0.004302,0.000005,-0.000065,0.000017,0.000037,0.000119,0.000376,0.004793,0.000053,0.026683,False
2012-10-24,0.004303,0.004303,0.000003,-0.000066,0.000016,0.000035,0.000120,0.000375,0.004786,-0.000483,-0.241546,False
2012-10-25,0.004470,0.004303,0.000000,-0.000067,0.000015,0.000033,0.000120,0.000375,0.004780,-0.000310,-0.154800,False
2012-10-26,0.004349,0.004304,-0.000002,-0.000068,0.000014,0.000031,0.000120,0.000374,0.004773,-0.000424,-0.212086,False
2012-10-27,0.004256,0.004304,-0.000005,-0.000069,0.000013,0.000030,0.000121,0.000373,0.004767,-0.000511,-0.255408,False
2012-10-28,0.004255,0.004305,-0.000007,-0.000069,0.000012,0.000028,0.000121,0.000372,0.004761,-0.000506,-0.252775,False
2012-10-29,0.004338,0.004305,-0.000009,-0.000070,0.000010,0.000026,0.000121,0.000372,0.004754,-0.000416,-0.208192,False
2012-10-30,0.004351,0.004305,-0.000012,-0.000071,0.000009,0.000024,0.000121,0.000371,0.004748,-0.000397,-0.198665,False
2012-10-31,0.004325,0.004306,-0.000014,-0.000071,0.000008,0.000022,0.000122,0.000370,0.004742,-0.000417,-0.208701,False
2012-11-01,0.004271,0.004306,-0.000016,-0.000071,0.000007,0.000020,0.000122,0.000369,0.004737,-0.000466,-0.232805,False
2012-11-02,0.004213,0.004307,-0.000018,-0.000072,0.000006,0.000018,0.000122,0.000369,0.004731,-0.000518,-0.258982,False
2012-11-03,0.004349,0.004307,-0.000020,-0.000072,0.000004,0.000016,0.000123,0.000368,0.004725,-0.000376,-0.188238,False
2012-11-04,0.004251,0.004307,-0.000022,-0.000072,0.000003,0.000014,0.000123,0.000367,0.004720,-0.000469,-0.234579,False
2012-11-05,0.004207,0.004308,-0.000024,-0.000072,0.000002,0.000012,0.000123,0.000366,0.004715,-0.000508,-0.254009,False
2012-11-06,0.004367,0.004308,-0.000026,-0.000072,0.000001,0.000010,0.000123,0.000365,0.004710,-0.000343,-0.171532,False
2012-11-07,0.005300,0.004309,-0.000027,-0.000072,-0.000000,0.000008,0.000124,0.000365,0.004705,0.000595,0.297347,False
2012-11-08,0.004996,0.004309,-0.000029,-0.000072,-0.000002,0.000006,0.000124,0.000364,0.004701,0.000295,0.147624,False
2012-11-09,0.004445,0.004309,-0.000030,-0.000071,-0.000003,0.000004,0.000124,0.000363,0.004696,-0.000251,-0.125704,False
2012-11-10,0.004768,0.004310,-0.000031,-0.000071,-0.000004,0.000002,0.000124,0.000362,0.004692,0.000076,0.037860,False
2012-11-11,0.004216,0.004310,-0.000032,-0.000071,-0.000005,0.000000,0.000124,0.000361,0.004688,-0.000472,-0.236188,False
2012-11-12,0.004478,0.004311,-0.000033,-0.000070,-0.000006,-0.000002,0.000125,0.000361,0.004685,-0.000207,-0.103349,False
2012-11-13,0.004587,0.004311,-0.000034,-0.000069,-0.000008,-0.000004,0.000125,0.000360,0.004681,-0.000094,-0.047126,False
2012-11-14,0.004619,0.004311,-0.000034,-0.000069,-0.000009,-0.000006,0.000125,0.000359,0.004678,-0.000059,-0.029521,False
2012-11-15,0.004579,0.004312,-0.000035,-0.000068,-0.000010,-0.000007,0.000125,0.000358,0.004675,-0.000096,-0.048034,False
2012-11-16,0.004492,0.004312,-0.000035,-0.000067,-0.000011,-0.000009,0.000125,0.000357,0.004672,-0.000180,-0.090165,False
2012-11-17,0.005217,0.004313,-0.000035,-0.000066,-0.000012,-0.000011,0.000126,0.000357,0.004670,0.000547,0.273583,False
2012-11-18,0.004586,0.004313,-0.000035,-0.000065,-0.000014,-0.000013,0.000126,0.000356,0.004668,-0.000082,-0.040788,False
2012-11-19,0.004260,0.004313,-0.000035,-0.000064,-0.000015,-0.000015,0.000126,0.000355,0.004666,-0.000406,-0.202777,False
2012-11-20,0.004181,0.004314,-0.000034,-0.000063,-0.000016,-0.000017,0.000126,0.000354,0.004664,-0.000483,-0.241384,False
2012-11-21,0.004252,0.004314,-0.000034,-0.000062,-0.000017,-0.000019,0.000126,0.000353,0.004662,-0.000410,-0.205108,False
2012-11-22,0.004066,0.004315,-0.000033,-0.000060,-0.000018,-0.000021,0.000126,0.000353,0.004661,-0.000595,-0.297446,False
2012-11-23,0.004181,0.004315,-0.000032,-0.000059,-0.000019,-0.000023,0.000126,0.000352,0.004660,-0.000479,-0.239396,False
2012-11-24,0.004151,0.004315,-0.000031,-0.000057,-0.000021,-0.000025,0.000127,0.000351,0.004659,-0.000508,-0.253955,False
2012-11-25,0.004198,0.004316,-0.000030,-0.000056,-0.000022,-0.000027,0.000127,0.000350,0.004658,-0.000460,-0.230121,False
2012-11-26,0.004269,0.004316,-0.000028,-0.000054,-0.000023,-0.000029,0.000127,0.000349,0.004658,-0.000389,-0.194390,False
2012-11-27,0.004178,0.004317,-0.000027,-0.000053,-0.000024,-0.000031,0.000127,0.000348,0.004658,-0.000480,-0.239758,False
2012-11-28,0.004226,0.004317,-0.000025,-0.000051,-0.000025,-0.000033,0.000127,0.000348,0.004657,-0.000431,-0.215721,False
2012-11-29,0.004295,0.004317,-0.000024,-0.000049,-0.000026,-0.000035,0.000127,0.000347,0.004658,-0.000363,-0.181275,False
2012-11-30,0.004174,0.004318,-0.000022,-0.000047,-0.000027,-0.000037,0.000127,0.000346,0.004658,-0.000484,-0.241914,False
2012-12-01,0.004186,0.004318,-0.000020,-0.000045,-0.000029,-0.000039,0.000127,0.000345,0.004658,-0.000472,-0.236133,False
2012-12-02,0.004307,0.004319,-0.000018,-0.000043,-0.000030,-0.000040,0.000127,0.000344,0.004659,-0.000352,-0.175927,False
2012-12-03,0.004288,0.004319,-0.000016,-0.000041,-0.000031,-0.000042,0.000127,0.000343,0.004660,-0.000372,-0.185791,False
2012-12-04,0.004255,0.004319,-0.000014,-0.000039,-0.000032,-0.000044,0.000127,0.000343,0.004660,-0.000405,-0.202718,False
2012-12-05,0.004474,0.004320,-0.000011,-0.000037,-0.000033,-0.000046,0.000127,0.000342,0.004661,-0.000187,-0.093702,False
2012-12-06,0.004082,0.004320,-0.000009,-0.000035,-0.000034,-0.000048,0.000127,0.000341,0.004662,-0.000580,-0.290237,False
2012-12-07,0.004329,0.004321,-0.000007,-0.000033,-0.000035,-0.000050,0.000127,0.000340,0.004664,-0.000335,-0.167317,False
2012-12-08,0.004729,0.004321,-0.000004,-0.000031,-0.000036,-0.000052,0.000127,0.000339,0.004665,0.000064,0.032065,False
2012-12-09,0.004869,0.004322,-0.000002,-0.000028,-0.000037,-0.000054,0.000127,0.000338,0.004666,0.000203,0.101416,False
2012-12-10,0.005009,0.004322,0.000000,-0.000026,-0.000038,-0.000056,0.000127,0.000338,0.004668,0.000341,0.170742,False
2012-12-11,0.005149,0.004322,0.000003,-0.000024,-0.000039,-0.000058,0.000127,0.000337,0.004669,0.000480,0.240051,False
2012-12-12,0.005289,0.004323,0.000005,-0.000022,-0.000040,-0.000059,0.000127,0.000336,0.004670,0.000619,0.309348,False
2012-12-13,0.005429,0.004323,0.000008,-0.000019,-0.000041,-0.000061,0.000127,0.000335,0.004672,0.000757,0.378641,False
2012-12-14,0.004316,0.004324,0.000010,-0.000017,-0.000042,-0.000063,0.000127,0.000334,0.004673,-0.000357,-0.178563,False
2012-12-15,0.004427,0.004324,0.000012,-0.000014,-0.000043,-0.000065,0.000127,0.000333,0.004675,-0.000248,-0.123758,False
2012-12-16,0.004373,0.004324,0.000014,-0.000012,-0.000044,-0.000067,0.000127,0.000332,0.004676,-0.000303,-0.151437,False
2012-12-17,0.004474,0.004325,0.000017,-0.000009,-0.000045,-0.000069,0.000127,0.000332,0.004677,-0.000203,-0.101594,False
2012-12-18,0.004516,0.004325,0.000019,-0.000007,-0.000046,-0.000071,0.000127,0.000331,0.004678,-0.000162,-0.081222,False
2012-12-19,0.005012,0.004326,0.000021,-0.000005,-0.000047,-0.000072,0.000127,0.000330,0.004680,0.000332,0.166184,False
2012-12-20,0.004884,0.004326,0.000023,-0.000002,-0.000048,-0.000074,0.000127,0.000329,0.004681,0.000203,0.101631,False
2012-12-21,0.004844,0.004326,0.000024,0.000000,-0.000048,-0.000076,0.000127,0.000328,0.004682,0.000162,0.081124,False
2012-12-22,0.004414,0.004327,0.000026,0.000003,-0.000049,-0.000078,0.000127,0.000327,0.004683,-0.000269,-0.134331,False
2012-12-23,0.005381,0.004327,0.000028,0.000005,-0.000050,-0.000080,0.000127,0.000326,0.004683,0.000698,0.348771,False
2012-12-24,0.005014,0.004328,0.000029,0.000008,-0.000051,-0.000082,0.000127,0.000326,0.004684,0.000330,0.164934,False
2012-12-25,0.005345,0.004328,0.000030,0.000010,-0.000052,-0.000083,0.000127,0.000325,0.004685,0.000660,0.330164,False
2012-12-26,0.004972,0.004328,0.000031,0.000013,-0.000053,-0.000085,0.000127,0.000324,0.004685,0.000286,0.143215,False
2012-12-27,0.004598,0.004329,0.000032,0.000015,-0.000053,-0.000087,0.000126,0.000323,0.004685,-0.000087,-0.043659,False
2012-12-28,0.005264,0.004329,0.000033,0.000018,-0.000054,-0.000089,0.000126,0.000322,0.004685,0.000579,0.289294,False
2012-12-29,0.005057,0.004330,0.000034,0.000020,-0.000055,-0.000091,0.000126,0.000321,0.004685,0.000372,0.185829,False
2012-12-30,0.005085,0.004330,0.000034,0.000022,-0.000056,-0.000092,0.000126,0.000320,0.004685,0.000400,0.199949,False
2012-12-31,0.005324,0.004330,0.000035,0.000025,-0.000056,-0.000094,0.000126,0.000319,0.004685,0.000639,0.319488,False
2013-01-01,0.005562,0.004331,0.000035,0.000027,-0.000057,-0.000096,0.000126,0.000319,0.004684,0.000878,0.439116,False
2013-01-02,0.005801,0.004331,0.000035,0.000029,-0.000058,-0.000098,0.000126,0.000318,0.004683,0.001118,0.558835,False
2013-01-03,0.005460,0.004332,0.000035,0.000032,-0.000058,-0.000099,0.000125,0.000317,0.004682,0.000778,0.388813,False
2013-01-04,0.005304,0.004332,0.000035,0.000034,-0.000059,-0.000101,0.000125,0.000316,0.004681,0.000623,0.311384,False
2013-01-05,0.005403,0.004332,0.000034,0.000036,-0.000060,-0.000103,0.000125,0.000315,0.004680,0.000723,0.361382,False
2013-01-06,0.005501,0.004333,0.000033,0.000038,-0.000060,-0.000105,0.000125,0.000314,0.004678,0.000823,0.411473,False
2013-01-07,0.005600,0.004333,0.000033,0.000040,-0.000061,-0.000106,0.000125,0.000313,0.004677,0.000923,0.461657,False
2013-01-08,0.005006,0.004334,0.000032,0.000042,-0.000062,-0.000108,0.000124,0.000312,0.004675,0.000331,0.165600,False
2013-01-09,0.004412,0.004334,0.000031,0.000044,-0.000062,-0.000110,0.000124,0.000311,0.004673,-0.000261,-0.130366,False
2013-01-10,0.004073,0.004334,0.000029,0.000046,-0.000063,-0.000111,0.000124,0.000311,0.004670,-0.000597,-0.298742,False
2013-01-11,0.004161,0.004335,0.000028,0.000048,-0.000063,-0.000113,0.000124,0.000310,0.004668,-0.000507,-0.253532,False
2013-01-12,0.004271,0.004335,0.000027,0.000050,-0.000064,-0.000115,0.000123,0.000309,0.004665,-0.000394,-0.197236,False
2013-01-13,0.004203,0.004336,0.000025,0.000052,-0.000064,-0.000116,0.000123,0.000308,0.004663,-0.000460,-0.229857,False
2013-01-14,0.004022,0.004336,0.000023,0.000053,-0.000065,-0.000118,0.000123,0.000307,0.004660,-0.000638,-0.318899,False
2013-01-15,0.004120,0.004336,0.000021,0.000055,-0.000065,-0.000120,0.000123,0.000306,0.004657,-0.000537,-0.268365,False
2013-01-16,0.004213,0.004337,0.000019,0.000056,-0.000066,-0.000121,0.000122,0.000305,0.004654,-0.000441,-0.220258,False
2013-01-17,0.004229,0.004337,0.000017,0.000058,-0.000066,-0.000123,0.000122,0.000304,0.004650,-0.000421,-0.210582,False
2013-01-18,0.004107,0.004338,0.000015,0.000059,-0.000066,-0.000124,0.000122,0.000303,0.004647,-0.000540,-0.269842,False
2013-01-19,0.004273,0.004338,0.000013,0.000061,-0.000067,-0.000126,0.000122,0.000302,0.004643,-0.000370,-0.185041,False
2013-01-20,0.004239,0.004339,0.000011,0.000062,-0.000067,-0.000128,0.000121,0.000302,0.004639,-0.000400,-0.200184,False
2013-01-21,0.004155,0.004339,0.000008,0.000063,-0.000068,-0.000129,0.000121,0.000301,0.004636,-0.000481,-0.240276,False
2013-01-22,0.004062,0.004339,0.000006,0.000064,-0.000068,-0.000131,0.000121,0.000300,0.004632,-0.000570,-0.284822,False
2013-01-23,0.005089,0.004340,0.000004,0.000066,-0.000068,-0.000132,0.000120,0.000299,0.004628,0.000461,0.230673,False
2013-01-24,0.004623,0.004340,0.000001,0.000067,-0.000068,-0.000134,0.000120,0.000298,0.004624,-0.000001,-0.000296,False
2013-01-25,0.004239,0.004341,-0.000001,0.000067,-0.000069,-0.000135,0.000120,0.000297,0.004619,-0.000380,-0.190234,False
2013-01-26,0.004322,0.004341,-0.000004,0.000068,-0.000069,-0.000137,0.000119,0.000296,0.004615,-0.000293,-0.146647,False
2013-01-27,0.004507,0.004341,-0.000006,0.000069,-0.000069,-0.000138,0.000119,0.000295,0.004611,-0.000104,-0.052040,False
2013-01-28,0.004100,0.004342,-0.000008,0.000070,-0.000069,-0.000140,0.000119,0.000294,0.004607,-0.000507,-0.253417,False
2013-01-29,0.004057,0.004342,-0.000011,0.000070,-0.000069,-0.000141,0.000118,0.000293,0.004603,-0.000546,-0.272785,False
2013-01-30,0.004017,0.004343,-0.000013,0.000071,-0.000070,-0.000143,0.000118,0.000292,0.004598,-0.000581,-0.290649,False
2013-01-31,0.004076,0.004343,-0.000015,0.000071,-0.000070,-0.000144,0.000118,0.000291,0.004594,-0.000518,-0.259013,False
2013-02-01,0.004058,0.004343,-0.000017,0.000072,-0.000070,-0.000146,0.000117,0.000290,0.004590,-0.000532,-0.265884,False
2013-02-02,0.004027,0.004344,-0.000019,0.000072,-0.000070,-0.000147,0.000117,0.000290,0.004586,-0.000559,-0.279265,False
2013-02-03,0.004100,0.004344,-0.000021,0.000072,-0.000070,-0.000149,0.000116,0.000289,0.004581,-0.000481,-0.240662,False
2013-02-04,0.003991,0.004345,-0.000023,0.000072,-0.000070,-0.000150,0.000116,0.000288,0.004577,-0.000586,-0.293080,False
2013-02-05,0.004444,0.004345,-0.000025,0.000072,-0.000070,-0.000151,0.000116,0.000287,0.004573,-0.000129,-0.064522,False
2013-02-06,0.004491,0.004345,-0.000027,0.000072,-0.000070,-0.000153,0.000115,0.000286,0.004569,-0.000078,-0.038993,False
2013-02-07,0.004196,0.004346,-0.000028,0.000072,-0.000070,-0.000154,0.000115,0.000285,0.004565,-0.000369,-0.184497,False
2013-02-08,0.004074,0.004346,-0.000029,0.000072,-0.000070,-0.000155,0.000114,0.000284,0.004561,-0.000487,-0.243537,False
2013-02-09,0.004399,0.004347,-0.000031,0.000071,-0.000070,-0.000157,0.000114,0.000283,0.004557,-0.000158,-0.079118,False
2013-02-10,0.004304,0.004347,-0.000032,0.000071,-0.000070,-0.000158,0.000114,0.000282,0.004553,-0.000249,-0.124742,False
2013-02-11,0.003909,0.004347,-0.000033,0.000070,-0.000070,-0.000159,0.000113,0.000281,0.004550,-0.000641,-0.320413,False
2013-02-12,0.004217,0.004348,-0.000033,0.000070,-0.000070,-0.000161,0.000113,0.000280,0.004546,-0.000329,-0.164632,False
2013-02-13,0.004744,0.004348,-0.000034,0.000069,-0.000070,-0.000162,0.000112,0.000279,0.004543,0.000201,0.100597,False
2013-02-14,0.004045,0.004349,-0.000035,0.000068,-0.000070,-0.000163,0.000112,0.000278,0.004539,-0.000494,-0.247226,False
2013-02-15,0.004193,0.004349,-0.000035,0.000067,-0.000069,-0.000165,0.000111,0.000277,0.004536,-0.000343,-0.171605,False
2013-02-16,0.004435,0.004349,-0.000035,0.000066,-0.000069,-0.000166,0.000111,0.000276,0.004533,-0.000098,-0.049039,False
2013-02-17,0.004361,0.004350,-0.000035,0.000065,-0.000069,-0.000167,0.000110,0.000275,0.004530,-0.000169,-0.084530,False
2013-02-18,0.004215,0.004350,-0.000035,0.000064,-0.000069,-0.000168,0.000110,0.000274,0.004527,-0.000312,-0.156078,False
2013-02-19,0.004246,0.004351,-0.000034,0.000063,-0.000068,-0.000170,0.000109,0.000273,0.004524,-0.000278,-0.139184,False
2013-02-20,0.004468,0.004351,-0.000034,0.000062,-0.000068,-0.000171,0.000109,0.000273,0.004522,-0.000054,-0.026847,False
2013-02-21,0.004467,0.004352,-0.000033,0.000061,-0.000068,-0.000172,0.000108,0.000272,0.004519,-0.000052,-0.026067,False
2013-02-22,0.004391,0.004352,-0.000032,0.000059,-0.000068,-0.000173,0.000108,0.000271,0.004517,-0.000126,-0.062843,False
2013-02-23,0.004656,0.004352,-0.000031,0.000058,-0.000067,-0.000174,0.000107,0.000270,0.004514,0.000142,0.070826,False
2013-02-24,0.004186,0.004353,-0.000030,0.000056,-0.000067,-0.000175,0.000107,0.000269,0.004512,-0.000326,-0.163059,False
2013-02-25,0.004297,0.004353,-0.000029,0.000055,-0.000066,-0.000177,0.000106,0.000268,0.004510,-0.000213,-0.106495,False
2013-02-26,0.004460,0.004354,-0.000028,0.000053,-0.000066,-0.000178,0.000106,0.000267,0.004508,-0.000048,-0.023981,False
2013-02-27,0.004077,0.004354,-0.000026,0.000051,-0.000066,-0.000179,0.000105,0.000266,0.004506,-0.000429,-0.214514,False
2013-02-28,0.004051,0.004354,-0.000024,0.000050,-0.000065,-0.000180,0.000105,0.000265,0.004504,-0.000453,-0.226591,False
2013-03-01,0.004227,0.004355,-0.000022,0.000048,-0.000065,-0.000181,0.000104,0.000264,0.004502,-0.000275,-0.137710,False
2013-03-02,0.004393,0.004355,-0.000021,0.000046,-0.000064,-0.000182,0.000104,0.000263,0.004501,-0.000108,-0.053867,False
2013-03-03,0.004261,0.004356,-0.000019,0.000044,-0.000064,-0.000183,0.000103,0.000262,0.004499,-0.000238,-0.119059,False
2013-03-04,0.004246,0.004356,-0.000016,0.000042,-0.000063,-0.000184,0.000102,0.000261,0.004498,-0.000252,-0.125782,False
2013-03-05,0.004140,0.004356,-0.000014,0.000040,-0.000063,-0.000185,0.000102,0.000260,0.004496,-0.000356,-0.178033,False
2013-03-06,0.004419,0.004357,-0.000012,0.000038,-0.000062,-0.000186,0.000101,0.000259,0.004495,-0.000076,-0.037808,False
2013-03-07,0.004459,0.004357,-0.000010,0.000036,-0.000062,-0.000187,0.000101,0.000258,0.004493,-0.000034,-0.017102,False
2013-03-08,0.004579,0.004358,-0.000007,0.000034,-0.000061,-0.000188,0.000100,0.000257,0.004492,0.000087,0.043589,False
2013-03-09,0.004395,0.004358,-0.000005,0.000031,-0.000060,-0.000189,0.000099,0.000256,0.004490,-0.000095,-0.047732,False
2013-03-10,0.004307,0.004358,-0.000003,0.000029,-0.000060,-0.000190,0.000099,0.000255,0.004489,-0.000182,-0.091059,False
2013-03-11,0.004389,0.004359,-0.000000,0.000027,-0.000059,-0.000191,0.000098,0.000254,0.004488,-0.000099,-0.049389,False
2013-03-12,0.004244,0.004359,0.000002,0.000025,-0.000058,-0.000192,0.000098,0.000253,0.004486,-0.000242,-0.121217,False
2013-03-13,0.004302,0.004360,0.000005,0.000022,-0.000058,-0.000193,0.000097,0.000252,0.004485,-0.000183,-0.091538,False
2013-03-14,0.004259,0.004360,0.000007,0.000020,-0.000057,-0.000193,0.000096,0.000251,0.004484,-0.000225,-0.112349,False
2013-03-15,0.004280,0.004360,0.000009,0.000017,-0.000056,-0.000194,0.000096,0.000250,0.004482,-0.000202,-0.101144,False
2013-03-16,0.004124,0.004361,0.000012,0.000015,-0.000056,-0.000195,0.000095,0.000249,0.004481,-0.000357,-0.178421,False
2013-03-17,0.004441,0.004361,0.000014,0.000013,-0.000055,-0.000196,0.000094,0.000248,0.004479,-0.000038,-0.019174,False
2013-03-18,0.004191,0.004362,0.000016,0.000010,-0.000054,-0.000197,0.000094,0.000247,0.004478,-0.000287,-0.143400,False
2013-03-19,0.004319,0.004362,0.000018,0.000008,-0.000053,-0.000197,0.000093,0.000246,0.004476,-0.000157,-0.078595,False
2013-03-20,0.004919,0.004362,0.000020,0.000005,-0.000053,-0.000198,0.000092,0.000245,0.004475,0.000444,0.222244,False
2013-03-21,0.004593,0.004363,0.000022,0.000003,-0.000052,-0.000199,0.000092,0.000244,0.004473,0.000120,0.060122,False
2013-03-22,0.004387,0.004363,0.000024,0.000000,-0.000051,-0.000200,0.000091,0.000243,0.004471,-0.000084,-0.041960,False
2013-03-23,0.004372,0.004364,0.000026,-0.000002,-0.000050,-0.000200,0.000090,0.000242,0.004469,-0.000097,-0.048497,False
2013-03-24,0.004666,0.004364,0.000027,-0.000005,-0.000049,-0.000201,0.000090,0.000241,0.004467,0.000199,0.099512,False
2013-03-25,0.004344,0.004364,0.000029,-0.000007,-0.000048,-0.000202,0.000089,0.000240,0.004465,-0.000121,-0.060430,False
2013-03-26,0.004373,0.004365,0.000030,-0.000010,-0.000048,-0.000203,0.000088,0.000239,0.004463,-0.000090,-0.044820,False
2013-03-27,0.004224,0.004365,0.000031,-0.000012,-0.000047,-0.000203,0.000088,0.000238,0.004460,-0.000236,-0.118158,False
2013-03-28,0.004802,0.004366,0.000032,-0.000015,-0.000046,-0.000204,0.000087,0.000237,0.004458,0.000344,0.172058,False
2013-03-29,0.004205,0.004366,0.000033,-0.000017,-0.000045,-0.000204,0.000086,0.000236,0.004455,-0.000250,-0.125170,False
2013-03-30,0.004300,0.004367,0.000034,-0.000019,-0.000044,-0.000205,0.000086,0.000235,0.004453,-0.000153,-0.076342,False
2013-03-31,0.004230,0.004367,0.000034,-0.000022,-0.000043,-0.000206,0.000085,0.000234,0.004450,-0.000220,-0.109958,False
2013-04-01,0.004586,0.004367,0.000035,-0.000024,-0.000042,-0.000206,0.000084,0.000233,0.004447,0.000139,0.069483,False
2013-04-02,0.004273,0.004368,0.000035,-0.000026,-0.000041,-0.000207,0.000083,0.000232,0.004444,-0.000171,-0.085519,False
2013-04-03,0.004183,0.004368,0.000035,-0.000029,-0.000040,-0.000207,0.000083,0.000231,0.004441,-0.000258,-0.128967,False
2013-04-04,0.004550,0.004369,0.000035,-0.000031,-0.000039,-0.000208,0.000082,0.000230,0.004438,0.000112,0.056140,False
2013-04-05,0.004512,0.004369,0.000035,-0.000033,-0.000038,-0.000208,0.000081,0.000229,0.004434,0.000078,0.038800,False
2013-04-06,0.004574,0.004369,0.000034,-0.000035,-0.000037,-0.000209,0.000080,0.000228,0.004431,0.000143,0.071511,False
2013-04-07,0.004405,0.004370,0.000034,-0.000038,-0.000036,-0.000209,0.000080,0.000227,0.004427,-0.000022,-0.011229,False
2013-04-08,0.004317,0.004370,0.000033,-0.000040,-0.000035,-0.000210,0.000079,0.000226,0.004424,-0.000107,-0.053423,False
2013-04-09,0.004410,0.004371,0.000032,-0.000042,-0.000034,-0.000210,0.000078,0.000225,0.004420,-0.000010,-0.005074,False
2013-04-10,0.004841,0.004371,0.000031,-0.000044,-0.000033,-0.000211,0.000077,0.000224,0.004416,0.000425,0.212316,False
2013-04-11,0.004286,0.004371,0.000030,-0.000046,-0.000032,-0.000211,0.000077,0.000223,0.004413,-0.000127,-0.063257,False
2013-04-12,0.004214,0.004372,0.000028,-0.000048,-0.000031,-0.000211,0.000076,0.000222,0.004409,-0.000195,-0.097298,False
2013-04-13,0.004245,0.004372,0.000027,-0.000049,-0.000030,-0.000212,0.000075,0.000221,0.004405,-0.000160,-0.079810,False
2013-04-14,0.004048,0.004373,0.000025,-0.000051,-0.000028,-0.000212,0.000074,0.000220,0.004401,-0.000353,-0.176298,False
2013-04-15,0.005035,0.004373,0.000024,-0.000053,-0.000027,-0.000212,0.000073,0.000219,0.004397,0.000638,0.319233,False
2013-04-16,0.005201,0.004373,0.000022,-0.000054,-0.000026,-0.000213,0.000073,0.000218,0.004392,0.000809,0.404279,False
2013-04-17,0.004650,0.004374,0.000020,-0.000056,-0.000025,-0.000213,0.000072,0.000217,0.004388,0.000262,0.130834,False
2013-04-18,0.004554,0.004374,0.000018,-0.000058,-0.000024,-0.000213,0.000071,0.000216,0.004384,0.000170,0.084893,False
2013-04-19,0.004437,0.004375,0.000016,-0.000059,-0.000023,-0.000213,0.000070,0.000215,0.004380,0.000057,0.028450,False
2013-04-20,0.004168,0.004375,0.000013,-0.000060,-0.000022,-0.000214,0.000069,0.000214,0.004376,-0.000208,-0.104000,False
2013-04-21,0.004317,0.004375,0.000011,-0.000062,-0.000021,-0.000214,0.000069,0.000213,0.004372,-0.000055,-0.027464,False
2013-04-22,0.004336,0.004376,0.000009,-0.000063,-0.000019,-0.000214,0.000068,0.000212,0.004368,-0.000032,-0.015947,False
2013-04-23,0.004202,0.004376,0.000007,-0.000064,-0.000018,-0.000214,0.000067,0.000211,0.004364,-0.000162,-0.080956,False
2013-04-24,0.004122,0.004377,0.000004,-0.000065,-0.000017,-0.000214,0.000066,0.000210,0.004360,-0.000238,-0.118996,False
2013-04-25,0.004202,0.004377,0.000002,-0.000066,-0.000016,-0.000215,0.000065,0.000209,0.004356,-0.000154,-0.077074,False
2013-04-26,0.004009,0.004377,-0.000001,-0.000067,-0.000015,-0.000215,0.000065,0.000208,0.004352,-0.000343,-0.171696,False
2013-04-27,0.004408,0.004378,-0.000003,-0.000068,-0.000014,-0.000215,0.000064,0.000207,0.004349,0.000059,0.029633,False
2013-04-28,0.004192,0.004378,-0.000005,-0.000069,-0.000012,-0.000215,0.000063,0.000206,0.004345,-0.000153,-0.076595,False
2013-04-29,0.004256,0.004379,-0.000008,-0.000070,-0.000011,-0.000215,0.000062,0.000205,0.004342,-0.000086,-0.042885,False
2013-04-30,0.004322,0.004379,-0.000010,-0.000070,-0.000010,-0.000215,0.000061,0.000203,0.004338,-0.000016,-0.008243,False
2013-05-01,0.004137,0.004380,-0.000012,-0.000071,-0.000009,-0.000215,0.000060,0.000202,0.004335,-0.000198,-0.099174,False
2013-05-02,0.004279,0.004380,-0.000015,-0.000071,-0.000008,-0.000215,0.000059,0.000201,0.004332,-0.000053,-0.026685,False
2013-05-03,0.004164,0.004380,-0.000017,-0.000071,-0.000006,-0.000215,0.000059,0.000200,0.004330,-0.000166,-0.082780,False
2013-05-04,0.004207,0.004381,-0.000019,-0.000072,-0.000005,-0.000215,0.000058,0.000199,0.004327,-0.000120,-0.059965,False
2013-05-05,0.004265,0.004381,-0.000021,-0.000072,-0.000004,-0.000215,0.000057,0.000198,0.004324,-0.000059,-0.029745,False
2013-05-06,0.004213,0.004382,-0.000023,-0.000072,-0.000003,-0.000215,0.000056,0.000197,0.004322,-0.000109,-0.054624,False
2013-05-07,0.004177,0.004382,-0.000024,-0.000072,-0.000002,-0.000215,0.000055,0.000196,0.004320,-0.000143,-0.071607,False
2013-05-08,0.004260,0.004382,-0.000026,-0.000072,-0.000000,-0.000215,0.000054,0.000195,0.004318,-0.000058,-0.029198,False
2013-05-09,0.004260,0.004383,-0.000028,-0.000072,0.000001,-0.000215,0.000053,0.000194,0.004317,-0.000057,-0.028400,False
2013-05-10,0.004683,0.004383,-0.000029,-0.000072,0.000002,-0.000215,0.000053,0.000193,0.004315,0.000368,0.183783,False
2013-05-11,0.004304,0.004384,-0.000030,-0.000071,0.000003,-0.000215,0.000052,0.000192,0.004314,-0.000010,-0.005152,False
2013-05-12,0.004488,0.004384,-0.000031,-0.000071,0.000005,-0.000214,0.000051,0.000191,0.004313,0.000175,0.087292,False
2013-05-13,0.004304,0.004384,-0.000032,-0.000070,0.000006,-0.000214,0.000050,0.000190,0.004313,-0.000009,-0.004387,False
2013-05-14,0.004364,0.004385,-0.000033,-0.000070,0.000007,-0.000214,0.000049,0.000189,0.004312,0.000052,0.025809,False
2013-05-15,0.004441,0.004385,-0.000034,-0.000069,0.000008,-0.000214,0.000048,0.000188,0.004312,0.000129,0.064379,False
2013-05-16,0.004342,0.004386,-0.000034,-0.000068,0.000009,-0.000214,0.000047,0.000187,0.004312,0.000030,0.014822,False
2013-05-17,0.004215,0.004386,-0.000035,-0.000068,0.000011,-0.000213,0.000046,0.000186,0.004313,-0.000098,-0.048863,False
2013-05-18,0.004358,0.004386,-0.000035,-0.000067,0.000012,-0.000213,0.000045,0.000185,0.004313,0.000045,0.022324,False
2013-05-19,0.004679,0.004387,-0.000035,-0.000066,0.000013,-0.000213,0.000044,0.000184,0.004314,0.000365,0.182383,False
2013-05-20,0.004768,0.004387,-0.000035,-0.000065,0.000014,-0.000213,0.000044,0.000183,0.004315,0.000453,0.226314,False
2013-05-21,0.004253,0.004388,-0.000035,-0.000064,0.000015,-0.000212,0.000043,0.000181,0.004317,-0.000064,-0.031880,False
2013-05-22,0.004301,0.004388,-0.000034,-0.000062,0.000016,-0.000212,0.000042,0.000180,0.004318,-0.000017,-0.008698,False
2013-05-23,0.004358,0.004388,-0.000033,-0.000061,0.000018,-0.000212,0.000041,0.000179,0.004320,0.000038,0.018862,False
2013-05-24,0.004211,0.004389,-0.000033,-0.000060,0.000019,-0.000211,0.000040,0.000178,0.004322,-0.000111,-0.055699,False
2013-05-25,0.004374,0.004389,-0.000032,-0.000058,0.000020,-0.000211,0.000039,0.000177,0.004325,0.000049,0.024624,False
2013-05-26,0.004043,0.004390,-0.000031,-0.000057,0.000021,-0.000210,0.000038,0.000176,0.004327,-0.000284,-0.142168,False
2013-05-27,0.004294,0.004390,-0.000029,-0.000055,0.000022,-0.000210,0.000037,0.000175,0.004330,-0.000036,-0.018069,False
2013-05-28,0.004138,0.004390,-0.000028,-0.000054,0.000023,-0.000209,0.000036,0.000174,0.004333,-0.000195,-0.097576,False
2013-05-29,0.004158,0.004391,-0.000026,-0.000052,0.000025,-0.000209,0.000035,0.000173,0.004336,-0.000178,-0.089185,False
2013-05-30,0.004188,0.004391,-0.000025,-0.000050,0.000026,-0.000209,0.000034,0.000172,0.004340,-0.000152,-0.075890,False
2013-05-31,0.004243,0.004392,-0.000023,-0.000048,0.000027,-0.000208,0.000033,0.000171,0.004343,-0.000100,-0.050188,False
2013-06-01,0.004235,0.004392,-0.000021,-0.000046,0.000028,-0.000208,0.000033,0.000170,0.004347,-0.000112,-0.056071,False
2013-06-02,0.004290,0.004392,-0.000019,-0.000045,0.000029,-0.000207,0.000032,0.000169,0.004351,-0.000061,-0.030535,False
2013-06-03,0.004294,0.004393,-0.000017,-0.000043,0.000030,-0.000207,0.000031,0.000168,0.004355,-0.000061,-0.030574,False
2013-06-04,0.004275,0.004393,-0.000015,-0.000041,0.000031,-0.000206,0.000030,0.000167,0.004359,-0.000084,-0.042181,False
2013-06-05,0.004065,0.004394,-0.000013,-0.000038,0.000032,-0.000205,0.000029,0.000165,0.004364,-0.000299,-0.149350,False
2013-06-06,0.004223,0.004394,-0.000010,-0.000036,0.000033,-0.000205,0.000028,0.000164,0.004368,-0.000145,-0.072574,False
2013-06-07,0.004250,0.004395,-0.000008,-0.000034,0.000034,-0.000204,0.000027,0.000163,0.004373,-0.000123,-0.061347,False
2013-06-08,0.004263,0.004395,-0.000006,-0.000032,0.000035,-0.000204,0.000026,0.000162,0.004377,-0.000114,-0.057162,False
2013-06-09,0.004276,0.004395,-0.000003,-0.000030,0.000036,-0.000203,0.000025,0.000161,0.004382,-0.000106,-0.053011,False
2013-06-10,0.004341,0.004396,-0.000001,-0.000027,0.000037,-0.000202,0.000024,0.000160,0.004387,-0.000046,-0.022887,False
2013-06-11,0.004635,0.004396,0.000002,-0.000025,0.000038,-0.000202,0.000023,0.000159,0.004392,0.000243,0.121717,False
2013-06-12,0.004783,0.004397,0.000004,-0.000023,0.000039,-0.000201,0.000022,0.000158,0.004396,0.000387,0.193307,False
2013-06-13,0.004385,0.004397,0.000006,-0.000020,0.000040,-0.000200,0.000021,0.000157,0.004401,-0.000016,-0.008108,False
2013-06-14,0.004487,0.004397,0.000009,-0.000018,0.000041,-0.000199,0.000020,0.000156,0.004406,0.000081,0.040479,False
2013-06-15,0.005068,0.004398,0.000011,-0.000016,0.000042,-0.000199,0.000019,0.000155,0.004411,0.000657,0.328574,False
2013-06-16,0.004352,0.004398,0.000013,-0.000013,0.000043,-0.000198,0.000018,0.000154,0.004416,-0.000064,-0.031815,False
2013-06-17,0.004423,0.004399,0.000015,-0.000011,0.000044,-0.000197,0.000017,0.000153,0.004420,0.000003,0.001318,False
2013-06-18,0.004353,0.004399,0.000018,-0.000008,0.000045,-0.000196,0.000016,0.000151,0.004425,-0.000072,-0.036019,False
2013-06-19,0.004381,0.004399,0.000020,-0.000006,0.000046,-0.000196,0.000015,0.000150,0.004430,-0.000049,-0.024320,False
2013-06-20,0.004450,0.004400,0.000022,-0.000003,0.000047,-0.000195,0.000014,0.000149,0.004434,0.000016,0.007921,False
2013-06-21,0.004444,0.004400,0.000023,-0.000001,0.000048,-0.000194,0.000014,0.000148,0.004439,0.000005,0.002712,False
2013-06-22,0.004275,0.004401,0.000025,0.000002,0.000049,-0.000193,0.000013,0.000147,0.004443,-0.000168,-0.083943,False
2013-06-23,0.004537,0.004401,0.000027,0.000004,0.000050,-0.000192,0.000012,0.000146,0.004447,0.000090,0.044962,False
2013-06-24,0.004141,0.004401,0.000028,0.000007,0.000051,-0.000191,0.000011,0.000145,0.004451,-0.000310,-0.155067,False
2013-06-25,0.004365,0.004402,0.000030,0.000009,0.000051,-0.000190,0.000010,0.000144,0.004455,-0.000090,-0.045024,False
2013-06-26,0.004276,0.004402,0.000031,0.000011,0.000052,-0.000189,0.000009,0.000143,0.004459,-0.000183,-0.091406,False
2013-06-27,0.004325,0.004403,0.000032,0.000014,0.000053,-0.000188,0.000008,0.000142,0.004462,-0.000137,-0.068708,False
2013-06-28,0.004136,0.004403,0.000033,0.000016,0.000054,-0.000188,0.000007,0.000141,0.004466,-0.000330,-0.164925,False
2013-06-29,0.004387,0.004403,0.000034,0.000019,0.000055,-0.000187,0.000006,0.000140,0.004469,-0.000082,-0.041054,False
2013-06-30,0.004723,0.004404,0.000034,0.000021,0.000055,-0.000186,0.000005,0.000138,0.004472,0.000251,0.125409,False
2013-07-01,0.004435,0.004404,0.000035,0.000024,0.000056,-0.000185,0.000004,0.000137,0.004475,-0.000040,-0.020034,False
2013-07-02,0.004300,0.004405,0.000035,0.000026,0.000057,-0.000184,0.000003,0.000136,0.004478,-0.000178,-0.088880,False
2013-07-03,0.004514,0.004405,0.000035,0.000028,0.000057,-0.000183,0.000002,0.000135,0.004480,0.000034,0.016873,False
2013-07-04,0.004471,0.004405,0.000035,0.000030,0.000058,-0.000182,0.000001,0.000134,0.004483,-0.000012,-0.005773,False
2013-07-05,0.004653,0.004406,0.000035,0.000033,0.000059,-0.000180,0.000000,0.000133,0.004485,0.000168,0.084184,False
2013-07-06,0.004663,0.004406,0.000034,0.000035,0.000059,-0.000179,-0.000001,0.000132,0.004487,0.000176,0.088244,False
2013-07-07,0.004658,0.004407,0.000034,0.000037,0.000060,-0.000178,-0.000002,0.000131,0.004488,0.000170,0.084907,False
2013-07-08,0.004617,0.004407,0.000033,0.000039,0.000061,-0.000177,-0.000003,0.000130,0.004490,0.000127,0.063674,False
2013-07-09,0.004450,0.004408,0.000032,0.000041,0.000061,-0.000176,-0.000004,0.000129,0.004491,-0.000041,-0.020455,False
2013-07-10,0.004423,0.004408,0.000031,0.000043,0.000062,-0.000175,-0.000005,0.000128,0.004492,-0.000069,-0.034481,False
2013-07-11,0.004689,0.004408,0.000030,0.000045,0.000062,-0.000174,-0.000006,0.000126,0.004493,0.000196,0.098094,False
2013-07-12,0.004606,0.004409,0.000029,0.000047,0.000063,-0.000173,-0.000007,0.000125,0.004493,0.000113,0.056269,False
2013-07-13,0.004676,0.004409,0.000027,0.000049,0.000063,-0.000171,-0.000008,0.000124,0.004494,0.000182,0.091043,False
2013-07-14,0.004451,0.004410,0.000026,0.000051,0.000064,-0.000170,-0.000009,0.000123,0.004494,-0.000043,-0.021587,False
2013-07-15,0.004382,0.004410,0.000024,0.000052,0.000064,-0.000169,-0.000010,0.000122,0.004494,-0.000112,-0.056124,False
2013-07-16,0.004311,0.004410,0.000022,0.000054,0.000065,-0.000168,-0.000011,0.000121,0.004494,-0.000183,-0.091570,False
2013-07-17,0.004436,0.004411,0.000020,0.000056,0.000065,-0.000167,-0.000012,0.000120,0.004494,-0.000058,-0.028929,False
2013-07-18,0.004212,0.004411,0.000018,0.000057,0.000066,-0.000165,-0.000013,0.000119,0.004493,-0.000281,-0.140703,False
2013-07-19,0.004323,0.004412,0.000016,0.000059,0.000066,-0.000164,-0.000013,0.000118,0.004493,-0.000170,-0.084898,False
2013-07-20,0.004107,0.004412,0.000014,0.000060,0.000067,-0.000163,-0.000014,0.000117,0.004492,-0.000385,-0.192516,False
2013-07-21,0.004197,0.004412,0.000012,0.000061,0.000067,-0.000162,-0.000015,0.000115,0.004491,-0.000294,-0.147063,False
2013-07-22,0.004244,0.004413,0.000010,0.000063,0.000067,-0.000160,-0.000016,0.000114,0.004490,-0.000246,-0.123042,False
2013-07-23,0.004314,0.004413,0.000007,0.000064,0.000068,-0.000159,-0.000017,0.000113,0.004489,-0.000175,-0.087458,False
2013-07-24,0.004898,0.004414,0.000005,0.000065,0.000068,-0.000158,-0.000018,0.000112,0.004488,0.000410,0.205184,False
2013-07-25,0.004576,0.004414,0.000002,0.000066,0.000068,-0.000156,-0.000019,0.000111,0.004486,0.000090,0.044879,False
2013-07-26,0.004376,0.004414,-0.000000,0.000067,0.000069,-0.000155,-0.000020,0.000110,0.004485,-0.000109,-0.054377,False
2013-07-27,0.004343,0.004415,-0.000002,0.000068,0.000069,-0.000154,-0.000021,0.000109,0.004483,-0.000140,-0.070091,False
2013-07-28,0.004549,0.004415,-0.000005,0.000069,0.000069,-0.000152,-0.000022,0.000108,0.004482,0.000067,0.033734,False
2013-07-29,0.004254,0.004416,-0.000007,0.000069,0.000069,-0.000151,-0.000023,0.000107,0.004480,-0.000226,-0.112909,False
2013-07-30,0.004621,0.004416,-0.000010,0.000070,0.000069,-0.000149,-0.000024,0.000105,0.004478,0.000143,0.071476,False
2013-07-31,0.004460,0.004416,-0.000012,0.000071,0.000070,-0.000148,-0.000025,0.000104,0.004476,-0.000016,-0.008117,False
2013-08-01,0.004342,0.004417,-0.000014,0.000071,0.000070,-0.000146,-0.000026,0.000103,0.004474,-0.000132,-0.065941,False
2013-08-02,0.004225,0.004417,-0.000016,0.000071,0.000070,-0.000145,-0.000027,0.000102,0.004473,-0.000248,-0.123754,False
2013-08-03,0.004439,0.004418,-0.000018,0.000072,0.000070,-0.000144,-0.000028,0.000101,0.004471,-0.000032,-0.015809,False
2013-08-04,0.004414,0.004418,-0.000020,0.000072,0.000070,-0.000142,-0.000029,0.000100,0.004469,-0.000055,-0.027360,False
2013-08-05,0.004300,0.004418,-0.000022,0.000072,0.000070,-0.000141,-0.000030,0.000099,0.004467,-0.000167,-0.083414,False
2013-08-06,0.004380,0.004419,-0.000024,0.000072,0.000070,-0.000139,-0.000031,0.000098,0.004465,-0.000085,-0.042473,False
2013-08-07,0.004302,0.004419,-0.000026,0.000072,0.000070,-0.000138,-0.000032,0.000097,0.004463,-0.000161,-0.080543,False
2013-08-08,0.004263,0.004420,-0.000027,0.000072,0.000070,-0.000136,-0.000032,0.000095,0.004461,-0.000198,-0.099127,False
2013-08-09,0.004304,0.004420,-0.000029,0.000072,0.000070,-0.000135,-0.000033,0.000094,0.004459,-0.000155,-0.077730,False
2013-08-10,0.004461,0.004420,-0.000030,0.000071,0.000070,-0.000133,-0.000034,0.000093,0.004458,0.000003,0.001647,False
2013-08-11,0.004251,0.004421,-0.000031,0.000071,0.000070,-0.000132,-0.000035,0.000092,0.004456,-0.000205,-0.102502,False
2013-08-12,0.004590,0.004421,-0.000032,0.000071,0.000070,-0.000130,-0.000036,0.000091,0.004454,0.000136,0.067822,False
2013-08-13,0.004384,0.004422,-0.000033,0.000070,0.000070,-0.000128,-0.000037,0.000090,0.004453,-0.000069,-0.034385,False
2013-08-14,0.004537,0.004422,-0.000034,0.000069,0.000070,-0.000127,-0.000038,0.000089,0.004451,0.000086,0.042875,False
2013-08-15,0.004281,0.004423,-0.000034,0.000069,0.000070,-0.000125,-0.000039,0.000088,0.004450,-0.000169,-0.084400,False
2013-08-16,0.004347,0.004423,-0.000035,0.000068,0.000069,-0.000124,-0.000040,0.000087,0.004448,-0.000101,-0.050711,False
2013-08-17,0.004246,0.004423,-0.000035,0.000067,0.000069,-0.000122,-0.000041,0.000085,0.004447,-0.000201,-0.100560,False
2013-08-18,0.004534,0.004424,-0.000035,0.000066,0.000069,-0.000120,-0.000042,0.000084,0.004446,0.000088,0.044053,False
2013-08-19,0.004361,0.004424,-0.000035,0.000065,0.000069,-0.000119,-0.000043,0.000083,0.004445,-0.000084,-0.041875,False
2013-08-20,0.004526,0.004425,-0.000035,0.000064,0.000069,-0.000117,-0.000044,0.000082,0.004444,0.000082,0.041158,False
2013-08-21,0.004709,0.004425,-0.000034,0.000063,0.000068,-0.000116,-0.000044,0.000081,0.004443,0.000266,0.133150,False
2013-08-22,0.004647,0.004425,-0.000034,0.000061,0.000068,-0.000114,-0.000045,0.000080,0.004442,0.000205,0.102603,False
2013-08-23,0.004247,0.004426,-0.000033,0.000060,0.000068,-0.000112,-0.000046,0.000079,0.004441,-0.000194,-0.096982,False
2013-08-24,0.004659,0.004426,-0.000032,0.000059,0.000067,-0.000111,-0.000047,0.000078,0.004440,0.000219,0.109394,False
2013-08-25,0.004256,0.004427,-0.000031,0.000057,0.000067,-0.000109,-0.000048,0.000076,0.004440,-0.000184,-0.091767,False
2013-08-26,0.004466,0.004427,-0.000030,0.000056,0.000067,-0.000107,-0.000049,0.000075,0.004439,0.000027,0.013538,False
2013-08-27,0.004516,0.004427,-0.000028,0.000054,0.000066,-0.000105,-0.000050,0.000074,0.004438,0.000078,0.038810,False
2013-08-28,0.004515,0.004428,-0.000027,0.000052,0.000066,-0.000104,-0.000051,0.000073,0.004438,0.000077,0.038551,False
2013-08-29,0.004715,0.004428,-0.000025,0.000051,0.000065,-0.000102,-0.000052,0.000072,0.004437,0.000278,0.138764,False
2013-08-30,0.004937,0.004429,-0.000023,0.000049,0.000065,-0.000100,-0.000052,0.000071,0.004437,0.000500,0.249952,False
2013-08-31,0.004281,0.004429,-0.000022,0.000047,0.000065,-0.000099,-0.000053,0.000070,0.004437,-0.000156,-0.077883,False
2013-09-01,0.004344,0.004429,-0.000020,0.000045,0.000064,-0.000097,-0.000054,0.000069,0.004436,-0.000092,-0.046237,False
2013-09-02,0.004140,0.004430,-0.000018,0.000043,0.000064,-0.000095,-0.000055,0.000068,0.004436,-0.000296,-0.148107,False
2013-09-03,0.004347,0.004430,-0.000015,0.000041,0.000063,-0.000093,-0.000056,0.000066,0.004436,-0.000089,-0.044488,False
2013-09-04,0.004548,0.004431,-0.000013,0.000039,0.000062,-0.000092,-0.000057,0.000065,0.004436,0.000112,0.056122,False
2013-09-05,0.004218,0.004431,-0.000011,0.000037,0.000062,-0.000090,-0.000058,0.000064,0.004436,-0.000218,-0.108772,False
2013-09-06,0.004320,0.004431,-0.000009,0.000035,0.000061,-0.000088,-0.000059,0.000063,0.004435,-0.000115,-0.057666,False
2013-09-07,0.004244,0.004432,-0.000006,0.000033,0.000061,-0.000086,-0.000059,0.000062,0.004435,-0.000191,-0.095556,False
2013-09-08,0.004077,0.004432,-0.000004,0.000030,0.000060,-0.000084,-0.000060,0.000061,0.004435,-0.000358,-0.178938,False
2013-09-09,0.004355,0.004433,-0.000002,0.000028,0.000059,-0.000083,-0.000061,0.000060,0.004435,-0.000080,-0.039808,False
2013-09-10,0.004280,0.004433,0.000001,0.000026,0.000059,-0.000081,-0.000062,0.000059,0.004434,-0.000154,-0.077160,False
2013-09-11,0.004312,0.004433,0.000003,0.000023,0.000058,-0.000079,-0.000063,0.000057,0.004434,-0.000122,-0.060991,False
2013-09-12,0.004473,0.004434,0.000006,0.000021,0.000057,-0.000077,-0.000064,0.000056,0.004434,0.000039,0.019702,False
2013-09-13,0.004412,0.004434,0.000008,0.000019,0.000057,-0.000075,-0.000065,0.000055,0.004433,-0.000021,-0.010574,False
2013-09-14,0.004254,0.004435,0.000010,0.000016,0.000056,-0.000073,-0.000065,0.000054,0.004433,-0.000179,-0.089317,False
2013-09-15,0.004217,0.004435,0.000013,0.000014,0.000055,-0.000072,-0.000066,0.000053,0.004432,-0.000215,-0.107522,False
2013-09-16,0.004267,0.004436,0.000015,0.000011,0.000055,-0.000070,-0.000067,0.000052,0.004431,-0.000164,-0.082185,False
2013-09-17,0.004937,0.004436,0.000017,0.000009,0.000054,-0.000068,-0.000068,0.000051,0.004431,0.000506,0.253197,False
2013-09-18,0.004762,0.004436,0.000019,0.000006,0.000053,-0.000066,-0.000069,0.000049,0.004430,0.000332,0.166128,False
2013-09-19,0.004496,0.004437,0.000021,0.000004,0.000052,-0.000064,-0.000069,0.000048,0.004429,0.000067,0.033612,False
2013-09-20,0.004624,0.004437,0.000023,0.000001,0.000051,-0.000062,-0.000070,0.000047,0.004428,0.000196,0.098151,False
2013-09-21,0.004324,0.004438,0.000025,-0.000001,0.000051,-0.000060,-0.000071,0.000046,0.004427,-0.000103,-0.051252,False
2013-09-22,0.004249,0.004438,0.000026,-0.000003,0.000050,-0.000059,-0.000072,0.000045,0.004425,-0.000176,-0.088094,False
2013-09-23,0.004350,0.004438,0.000028,-0.000006,0.000049,-0.000057,-0.000073,0.000044,0.004424,-0.000074,-0.036872,False
2013-09-24,0.004220,0.004439,0.000029,-0.000008,0.000048,-0.000055,-0.000073,0.000043,0.004422,-0.000202,-0.101085,False
2013-09-25,0.004297,0.004439,0.000031,-0.000011,0.000047,-0.000053,-0.000074,0.000042,0.004420,-0.000123,-0.061730,False
2013-09-26,0.004363,0.004440,0.000032,-0.000013,0.000046,-0.000051,-0.000075,0.000040,0.004419,-0.000056,-0.027807,False
2013-09-27,0.004159,0.004440,0.000033,-0.000016,0.000045,-0.000049,-0.000076,0.000039,0.004417,-0.000258,-0.128815,False
2013-09-28,0.004300,0.004440,0.000033,-0.000018,0.000044,-0.000047,-0.000077,0.000038,0.004415,-0.000115,-0.057251,False
2013-09-29,0.004555,0.004441,0.000034,-0.000021,0.000043,-0.000045,-0.000077,0.000037,0.004412,0.000143,0.071383,False
2013-09-30,0.004318,0.004441,0.000035,-0.000023,0.000042,-0.000043,-0.000078,0.000036,0.004410,-0.000092,-0.045912,False
2013-10-01,0.004425,0.004442,0.000035,-0.000025,0.000042,-0.000041,-0.000079,0.000035,0.004407,0.000018,0.008863,False
2013-10-02,0.004313,0.004442,0.000035,-0.000028,0.000041,-0.000039,-0.000080,0.000034,0.004405,-0.000092,-0.045791,False
2013-10-03,0.004241,0.004442,0.000035,-0.000030,0.000040,-0.000038,-0.000080,0.000033,0.004402,-0.000161,-0.080377,False
2013-10-04,0.004257,0.004443,0.000035,-0.000032,0.000039,-0.000036,-0.000081,0.000031,0.004399,-0.000142,-0.070896,False
2013-10-05,0.004517,0.004443,0.000034,-0.000034,0.000038,-0.000034,-0.000082,0.000030,0.004396,0.000121,0.060651,False
2013-10-06,0.004312,0.004444,0.000034,-0.000036,0.000036,-0.000032,-0.000083,0.000029,0.004392,-0.000080,-0.040239,False
2013-10-07,0.004314,0.004444,0.000033,-0.000039,0.000035,-0.000030,-0.000083,0.000028,0.004389,-0.000075,-0.037568,False
2013-10-08,0.004318,0.004444,0.000032,-0.000041,0.000034,-0.000028,-0.000084,0.000027,0.004386,-0.000068,-0.033840,False
2013-10-09,0.004291,0.004445,0.000031,-0.000043,0.000033,-0.000026,-0.000085,0.000026,0.004382,-0.000091,-0.045557,False
2013-10-10,0.004213,0.004445,0.000030,-0.000045,0.000032,-0.000024,-0.000086,0.000025,0.004378,-0.000165,-0.082723,False
2013-10-11,0.004406,0.004446,0.000029,-0.000047,0.000031,-0.000022,-0.000086,0.000024,0.004375,0.000031,0.015658,False
2013-10-12,0.004356,0.004446,0.000028,-0.000048,0.000030,-0.000020,-0.000087,0.000022,0.004371,-0.000015,-0.007419,False
2013-10-13,0.004537,0.004446,0.000026,-0.000050,0.000029,-0.000018,-0.000088,0.000021,0.004367,0.000170,0.085043,False
2013-10-14,0.004321,0.004447,0.000024,-0.000052,0.000028,-0.000016,-0.000088,0.000020,0.004363,-0.000042,-0.020963,False
2013-10-15,0.004271,0.004447,0.000023,-0.000054,0.000027,-0.000014,-0.000089,0.000019,0.004359,-0.000088,-0.043940,False
2013-10-16,0.004386,0.004448,0.000021,-0.000055,0.000026,-0.000012,-0.000090,0.000018,0.004355,0.000031,0.015606,False
2013-10-17,0.004253,0.004448,0.000019,-0.000057,0.000025,-0.000010,-0.000090,0.000017,0.004351,-0.000098,-0.048831,False
2013-10-18,0.004159,0.004448,0.000017,-0.000058,0.000023,-0.000008,-0.000091,0.000016,0.004347,-0.000188,-0.093756,False
2013-10-19,0.004245,0.004449,0.000015,-0.000060,0.000022,-0.000006,-0.000092,0.000014,0.004342,-0.000097,-0.048676,False
2013-10-20,0.004362,0.004449,0.000012,-0.000061,0.000021,-0.000004,-0.000092,0.000013,0.004338,0.000024,0.011904,False
2013-10-21,0.004671,0.004450,0.000010,-0.000062,0.000020,-0.000002,-0.000093,0.000012,0.004334,0.000337,0.168478,False
2013-10-22,0.004683,0.004450,0.000008,-0.000064,0.000019,-0.000000,-0.000094,0.000011,0.004330,0.000353,0.176538,False
2013-10-23,0.004206,0.004451,0.000005,-0.000065,0.000018,0.000001,-0.000094,0.000010,0.004326,-0.000120,-0.059920,False
2013-10-24,0.004322,0.004451,0.000003,-0.000066,0.000016,0.000003,-0.000095,0.000009,0.004322,0.000000,0.000095,False
2013-10-25,0.004367,0.004451,0.000001,-0.000067,0.000015,0.000005,-0.000096,0.000008,0.004318,0.000049,0.024579,False
2013-10-26,0.004319,0.004452,-0.000002,-0.000068,0.000014,0.000007,-0.000096,0.000007,0.004314,0.000005,0.002525,False
2013-10-27,0.004253,0.004452,-0.000004,-0.000068,0.000013,0.000009,-0.000097,0.000005,0.004310,-0.000057,-0.028575,False
2013-10-28,0.004219,0.004453,-0.000007,-0.000069,0.000012,0.000011,-0.000098,0.000004,0.004306,-0.000087,-0.043725,False
2013-10-29,0.004518,0.004453,-0.000009,-0.000070,0.000011,0.000013,-0.000098,0.000003,0.004303,0.000215,0.107567,False
2013-10-30,0.004221,0.004453,-0.000011,-0.000070,0.000009,0.000015,-0.000099,0.000002,0.004299,-0.000078,-0.039203,False
2013-10-31,0.004533,0.004454,-0.000014,-0.000071,0.000008,0.000017,-0.000099,0.000001,0.004296,0.000237,0.118456,False
2013-11-01,0.004431,0.004454,-0.000016,-0.000071,0.000007,0.000019,-0.000100,-0.000000,0.004293,0.000138,0.069041,False
2013-11-02,0.004271,0.004455,-0.000018,-0.000072,0.000006,0.000021,-0.000101,-0.000001,0.004290,-0.000019,-0.009454,False
2013-11-03,0.004192,0.004455,-0.000020,-0.000072,0.000005,0.000023,-0.000101,-0.000003,0.004287,-0.000095,-0.047536,False
2013-11-04,0.004367,0.004455,-0.000022,-0.000072,0.000003,0.000025,-0.000102,-0.000004,0.004284,0.000083,0.041292,False
2013-11-05,0.004395,0.004456,-0.000024,-0.000072,0.000002,0.000027,-0.000102,-0.000005,0.004282,0.000113,0.056524,False
2013-11-06,0.004178,0.004456,-0.000025,-0.000072,0.000001,0.000029,-0.000103,-0.000006,0.004280,-0.000102,-0.050844,False
2013-11-07,0.004344,0.004457,-0.000027,-0.000072,-0.000000,0.000031,-0.000104,-0.000007,0.004278,0.000066,0.033183,False
2013-11-08,0.004234,0.004457,-0.000028,-0.000072,-0.000001,0.000033,-0.000104,-0.000008,0.004276,-0.000042,-0.020898,False
2013-11-09,0.004361,0.004457,-0.000030,-0.000071,-0.000003,0.000035,-0.000105,-0.000009,0.004274,0.000087,0.043410,False
2013-11-10,0.004274,0.004458,-0.000031,-0.000071,-0.000004,0.000037,-0.000105,-0.000010,0.004273,0.000001,0.000602,False
2013-11-11,0.004409,0.004458,-0.000032,-0.000071,-0.000005,0.000039,-0.000106,-0.000012,0.004272,0.000137,0.068677,False
2013-11-12,0.004244,0.004459,-0.000033,-0.000070,-0.000006,0.000040,-0.000106,-0.000013,0.004271,-0.000027,-0.013367,False
2013-11-13,0.004293,0.004459,-0.000034,-0.000070,-0.000008,0.000042,-0.000107,-0.000014,0.004270,0.000023,0.011466,False
2013-11-14,0.004364,0.004459,-0.000034,-0.000069,-0.000009,0.000044,-0.000107,-0.000015,0.004270,0.000094,0.047175,False
2013-11-15,0.004360,0.004460,-0.000035,-0.000068,-0.000010,0.000046,-0.000108,-0.000016,0.004269,0.000091,0.045261,False
2013-11-16,0.004295,0.004460,-0.000035,-0.000067,-0.000011,0.000048,-0.000108,-0.000017,0.004270,0.000025,0.012721,False
2013-11-17,0.004334,0.004461,-0.000035,-0.000066,-0.000012,0.000050,-0.000109,-0.000018,0.004270,0.000064,0.032056,False
2013-11-18,0.004588,0.004461,-0.000035,-0.000065,-0.000013,0.000052,-0.000109,-0.000020,0.004270,0.000318,0.158765,False
2013-11-19,0.004592,0.004461,-0.000035,-0.000064,-0.000015,0.000054,-0.000110,-0.000021,0.004271,0.000321,0.160350,False
2013-11-20,0.004425,0.004462,-0.000034,-0.000063,-0.000016,0.000056,-0.000110,-0.000022,0.004272,0.000153,0.076312,False
2013-11-21,0.004299,0.004462,-0.000034,-0.000062,-0.000017,0.000058,-0.000111,-0.000023,0.004274,0.000025,0.012652,False
2013-11-22,0.004352,0.004463,-0.000033,-0.000060,-0.000018,0.000059,-0.000111,-0.000024,0.004275,0.000077,0.038372,False
2013-11-23,0.004423,0.004463,-0.000032,-0.000059,-0.000019,0.000061,-0.000112,-0.000025,0.004277,0.000146,0.072975,False
2013-11-24,0.004489,0.004464,-0.000031,-0.000058,-0.000021,0.000063,-0.000112,-0.000026,0.004279,0.000210,0.104963,False
2013-11-25,0.004564,0.004464,-0.000030,-0.000056,-0.000022,0.000065,-0.000113,-0.000027,0.004281,0.000283,0.141339,False
2013-11-26,0.004495,0.004464,-0.000029,-0.000054,-0.000023,0.000067,-0.000113,-0.000029,0.004284,0.000211,0.105607,False
2013-11-27,0.004416,0.004465,-0.000027,-0.000053,-0.000024,0.000069,-0.000114,-0.000030,0.004286,0.000130,0.064772,False
2013-11-28,0.004428,0.004465,-0.000026,-0.000051,-0.000025,0.000071,-0.000114,-0.000031,0.004289,0.000139,0.069337,False
2013-11-29,0.004233,0.004466,-0.000024,-0.000049,-0.000026,0.000073,-0.000114,-0.000032,0.004292,-0.000059,-0.029693,False
2013-11-30,0.004164,0.004466,-0.000022,-0.000047,-0.000027,0.000074,-0.000115,-0.000033,0.004296,-0.000132,-0.065813,False
2013-12-01,0.004377,0.004466,-0.000020,-0.000046,-0.000028,0.000076,-0.000115,-0.000034,0.004299,0.000078,0.038983,False
2013-12-02,0.004630,0.004467,-0.000018,-0.000044,-0.000030,0.000078,-0.000116,-0.000035,0.004303,0.000327,0.163700,False
2013-12-03,0.004530,0.004467,-0.000016,-0.000042,-0.000031,0.000080,-0.000116,-0.000037,0.004306,0.000224,0.111843,False
2013-12-04,0.005582,0.004468,-0.000014,-0.000040,-0.000032,0.000082,-0.000116,-0.000038,0.004310,0.001272,0.635919,False
2013-12-05,0.004437,0.004468,-0.000012,-0.000037,-0.000033,0.000083,-0.000117,-0.000039,0.004314,0.000123,0.061435,False
2013-12-06,0.004168,0.004468,-0.000009,-0.000035,-0.000034,0.000085,-0.000117,-0.000040,0.004318,-0.000150,-0.075104,False
2013-12-07,0.004333,0.004469,-0.000007,-0.000033,-0.000035,0.000087,-0.000118,-0.000041,0.004322,0.000011,0.005309,False
2013-12-08,0.004364,0.004469,-0.000005,-0.000031,-0.000036,0.000089,-0.000118,-0.000042,0.004327,0.000037,0.018682,False
2013-12-09,0.004197,0.004470,-0.000002,-0.000029,-0.000037,0.000091,-0.000118,-0.000043,0.004331,-0.000134,-0.066980,False
2013-12-10,0.004329,0.004470,0.000000,-0.000026,-0.000038,0.000092,-0.000119,-0.000044,0.004335,-0.000006,-0.003169,False
2013-12-11,0.004287,0.004470,0.000003,-0.000024,-0.000039,0.000094,-0.000119,-0.000046,0.004340,-0.000053,-0.026378,False
2013-12-12,0.004395,0.004471,0.000005,-0.000022,-0.000040,0.000096,-0.000119,-0.000047,0.004344,0.000051,0.025400,False
2013-12-13,0.004492,0.004471,0.000007,-0.000019,-0.000041,0.000098,-0.000120,-0.000048,0.004349,0.000143,0.071672,False
2013-12-14,0.004452,0.004472,0.000010,-0.000017,-0.000042,0.000099,-0.000120,-0.000049,0.004353,0.000099,0.049444,False
2013-12-15,0.004275,0.004472,0.000012,-0.000014,-0.000043,0.000101,-0.000120,-0.000050,0.004358,-0.000083,-0.041276,False
2013-12-16,0.004455,0.004472,0.000014,-0.000012,-0.000044,0.000103,-0.000121,-0.000051,0.004362,0.000093,0.046519,False
2013-12-17,0.004386,0.004473,0.000016,-0.000010,-0.000045,0.000105,-0.000121,-0.000052,0.004366,0.000020,0.009834,False
2013-12-18,0.004352,0.004473,0.000019,-0.000007,-0.000046,0.000106,-0.000121,-0.000053,0.004371,-0.000019,-0.009323,False
2013-12-19,0.004355,0.004474,0.000021,-0.000005,-0.000047,0.000108,-0.000122,-0.000055,0.004375,-0.000020,-0.009946,False
2013-12-20,0.004361,0.004474,0.000022,-0.000002,-0.000048,0.000110,-0.000122,-0.000056,0.004379,-0.000018,-0.009030,False
2013-12-21,0.004581,0.004474,0.000024,0.000000,-0.000048,0.000111,-0.000122,-0.000057,0.004383,0.000198,0.098933,False
2013-12-22,0.004144,0.004475,0.000026,0.000003,-0.000049,0.000113,-0.000122,-0.000058,0.004387,-0.000243,-0.121553,False
2013-12-23,0.004417,0.004475,0.000028,0.000005,-0.000050,0.000115,-0.000123,-0.000059,0.004391,0.000026,0.013019,False
2013-12-24,0.004342,0.004476,0.000029,0.000008,-0.000051,0.000116,-0.000123,-0.000060,0.004395,-0.000053,-0.026348,False
2013-12-25,0.004262,0.004476,0.000030,0.000010,-0.000052,0.000118,-0.000123,-0.000061,0.004398,-0.000136,-0.068148,False
2013-12-26,0.004395,0.004476,0.000031,0.000013,-0.000053,0.000120,-0.000123,-0.000062,0.004402,-0.000007,-0.003377,False
2013-12-27,0.004250,0.004477,0.000032,0.000015,-0.000053,0.000121,-0.000124,-0.000064,0.004405,-0.000155,-0.077531,False
2013-12-28,0.004208,0.004477,0.000033,0.000018,-0.000054,0.000123,-0.000124,-0.000065,0.004408,-0.000200,-0.100105,False
2013-12-29,0.004234,0.004478,0.000034,0.000020,-0.000055,0.000125,-0.000124,-0.000066,0.004411,-0.000177,-0.088597,False
2013-12-30,0.004209,0.004478,0.000034,0.000022,-0.000056,0.000126,-0.000124,-0.000067,0.004414,-0.000205,-0.102504,False
2013-12-31,0.004321,0.004479,0.000035,0.000025,-0.000056,0.000128,-0.000125,-0.000068,0.004417,-0.000096,-0.047823,False
2014-01-01,0.004261,0.004479,0.000035,0.000027,-0.000057,0.000129,-0.000125,-0.000069,0.004419,-0.000158,-0.079051,False
2014-01-02,0.004500,0.004479,0.000035,0.000029,-0.000058,0.000131,-0.000125,-0.000070,0.004421,0.000079,0.039313,False
2014-01-03,0.004479,0.004480,0.000035,0.000032,-0.000058,0.000132,-0.000125,-0.000071,0.004423,0.000056,0.028020,False
2014-01-04,0.004459,0.004480,0.000035,0.000034,-0.000059,0.000134,-0.000125,-0.000073,0.004425,0.000034,0.016821,False
2014-01-05,0.004449,0.004481,0.000034,0.000036,-0.000060,0.000135,-0.000125,-0.000074,0.004427,0.000022,0.010967,False
2014-01-06,0.004472,0.004481,0.000033,0.000038,-0.000060,0.000137,-0.000126,-0.000075,0.004429,0.000043,0.021709,False
2014-01-07,0.004574,0.004481,0.000033,0.000040,-0.000061,0.000138,-0.000126,-0.000076,0.004430,0.000144,0.072045,False
2014-01-08,0.004596,0.004482,0.000032,0.000042,-0.000062,0.000140,-0.000126,-0.000077,0.004431,0.000165,0.082475,False
2014-01-09,0.004464,0.004482,0.000031,0.000044,-0.000062,0.000141,-0.000126,-0.000078,0.004432,0.000032,0.015999,False
2014-01-10,0.004613,0.004483,0.000029,0.000046,-0.000063,0.000143,-0.000126,-0.000079,0.004433,0.000180,0.090114,False
2014-01-11,0.004271,0.004483,0.000028,0.000048,-0.000063,0.000144,-0.000126,-0.000080,0.004433,-0.000162,-0.081181,False
2014-01-12,0.004314,0.004483,0.000027,0.000050,-0.000064,0.000146,-0.000126,-0.000082,0.004434,-0.000120,-0.059888,False
2014-01-13,0.004367,0.004484,0.000025,0.000052,-0.000064,0.000147,-0.000127,-0.000083,0.004434,-0.000067,-0.033511,False
2014-01-14,0.004313,0.004484,0.000023,0.000053,-0.000065,0.000149,-0.000127,-0.000084,0.004434,-0.000121,-0.060550,False
2014-01-15,0.004287,0.004485,0.000021,0.000055,-0.000065,0.000150,-0.000127,-0.000085,0.004434,-0.000147,-0.073511,False
2014-01-16,0.004399,0.004485,0.000019,0.000056,-0.000066,0.000151,-0.000127,-0.000086,0.004434,-0.000035,-0.017396,False
2014-01-17,0.004242,0.004485,0.000017,0.000058,-0.000066,0.000153,-0.000127,-0.000087,0.004433,-0.000191,-0.095709,False
2014-01-18,0.004227,0.004486,0.000015,0.000059,-0.000066,0.000154,-0.000127,-0.000088,0.004433,-0.000206,-0.102954,False
2014-01-19,0.004182,0.004486,0.000013,0.000061,-0.000067,0.000156,-0.000127,-0.000089,0.004432,-0.000250,-0.125135,False
2014-01-20,0.004203,0.004487,0.000011,0.000062,-0.000067,0.000157,-0.000127,-0.000090,0.004432,-0.000229,-0.114257,False
2014-01-21,0.004237,0.004487,0.000008,0.000063,-0.000068,0.000158,-0.000127,-0.000092,0.004431,-0.000194,-0.096824,False
2014-01-22,0.005475,0.004487,0.000006,0.000064,-0.000068,0.000160,-0.000127,-0.000093,0.004430,0.001045,0.522659,False
2014-01-23,0.004215,0.004488,0.000004,0.000066,-0.000068,0.000161,-0.000127,-0.000094,0.004429,-0.000214,-0.106813,False
2014-01-24,0.004244,0.004488,0.000001,0.000067,-0.000068,0.000162,-0.000127,-0.000095,0.004427,-0.000183,-0.091745,False
2014-01-25,0.004309,0.004489,-0.000001,0.000067,-0.000069,0.000163,-0.000127,-0.000096,0.004426,-0.000117,-0.058642,False
2014-01-26,0.004456,0.004489,-0.000004,0.000068,-0.000069,0.000165,-0.000127,-0.000097,0.004425,0.000031,0.015491,False
2014-01-27,0.004370,0.004489,-0.000006,0.000069,-0.000069,0.000166,-0.000127,-0.000098,0.004424,-0.000054,-0.026851,False
2014-01-28,0.004232,0.004490,-0.000008,0.000070,-0.000069,0.000167,-0.000127,-0.000099,0.004422,-0.000190,-0.095174,False
2014-01-29,0.004310,0.004490,-0.000011,0.000070,-0.000069,0.000168,-0.000127,-0.000100,0.004421,-0.000111,-0.055483,False
2014-01-30,0.004168,0.004491,-0.000013,0.000071,-0.000070,0.000170,-0.000127,-0.000102,0.004420,-0.000252,-0.125783,False
2014-01-31,0.004197,0.004491,-0.000015,0.000071,-0.000070,0.000171,-0.000127,-0.000103,0.004418,-0.000221,-0.110578,False
2014-02-01,0.004211,0.004492,-0.000017,0.000072,-0.000070,0.000172,-0.000127,-0.000104,0.004417,-0.000205,-0.102653,False
2014-02-02,0.004226,0.004492,-0.000019,0.000072,-0.000070,0.000173,-0.000127,-0.000105,0.004415,-0.000189,-0.094734,False
2014-02-03,0.004240,0.004492,-0.000021,0.000072,-0.000070,0.000174,-0.000127,-0.000106,0.004414,-0.000174,-0.086825,False
2014-02-04,0.004255,0.004493,-0.000023,0.000072,-0.000070,0.000176,-0.000127,-0.000107,0.004413,-0.000158,-0.078931,False
2014-02-05,0.004269,0.004493,-0.000025,0.000072,-0.000070,0.000177,-0.000127,-0.000108,0.004411,-0.000142,-0.071056,False
2014-02-06,0.004284,0.004494,-0.000027,0.000072,-0.000070,0.000178,-0.000127,-0.000109,0.004410,-0.000126,-0.063205,False
2014-02-07,0.004298,0.004494,-0.000028,0.000072,-0.000070,0.000179,-0.000127,-0.000110,0.004409,-0.000111,-0.055380,False
2014-02-08,0.004298,0.004494,-0.000029,0.000072,-0.000070,0.000180,-0.000127,-0.000112,0.004408,-0.000110,-0.054808,False
2014-02-09,0.004298,0.004495,-0.000031,0.000071,-0.000070,0.000181,-0.000127,-0.000113,0.004407,-0.000109,-0.054270,False
2014-02-10,0.004298,0.004495,-0.000032,0.000071,-0.000070,0.000182,-0.000127,-0.000114,0.004406,-0.000108,-0.053770,False
2014-02-11,0.004298,0.004496,-0.000033,0.000070,-0.000070,0.000183,-0.000127,-0.000115,0.004405,-0.000107,-0.053309,False
2014-02-12,0.004298,0.004496,-0.000033,0.000070,-0.000070,0.000184,-0.000127,-0.000116,0.004404,-0.000106,-0.052891,False
2014-02-13,0.004298,0.004496,-0.000034,0.000069,-0.000070,0.000185,-0.000127,-0.000117,0.004403,-0.000105,-0.052518,False
2014-02-14,0.004298,0.004497,-0.000035,0.000068,-0.000070,0.000186,-0.000126,-0.000118,0.004402,-0.000104,-0.052191,False
2014-02-15,,0.004497,-0.000035,0.000067,-0.000069,0.000187,-0.000126,-0.000119,0.004402,,,False
2014-02-16,,0.004498,-0.000035,0.000066,-0.000069,0.000188,-0.000126,-0.000120,0.004401,,,False
2014-02-17,,0.004498,-0.000035,0.000065,-0.000069,0.000189,-0.000126,-0.000121,0.004401,,,False
2014-02-18,,0.004498,-0.000035,0.000064,-0.000069,0.000190,-0.000126,-0.000123,0.004401,,,False
2014-02-19,,0.004499,-0.000034,0.000063,-0.000068,0.000191,-0.000126,-0.000124,0.004401,,,False
2014-02-20,,0.004499,-0.000034,0.000062,-0.000068,0.000192,-0.000126,-0.000125,0.004401,,,False
2014-02-21,,0.004500,-0.000033,0.000061,-0.000068,0.000193,-0.000125,-0.000126,0.004401,,,False
2014-02-22,,0.004500,-0.000032,0.000059,-0.000068,0.000193,-0.000125,-0.000127,0.004401,,,False
2014-02-23,,0.004500,-0.000031,0.000058,-0.000067,0.000194,-0.000125,-0.000128,0.004401,,,False
2014-02-24,,0.004501,-0.000030,0.000056,-0.000067,0.000195,-0.000125,-0.000129,0.004401,,,False
2014-02-25,,0.004501,-0.000029,0.000055,-0.000066,0.000196,-0.000125,-0.000130,0.004402,,,False
2014-02-26,,0.004502,-0.000028,0.000053,-0.000066,0.000197,-0.000124,-0.000131,0.004402,,,False
2014-02-27,,0.004502,-0.000026,0.000051,-0.000066,0.000198,-0.000124,-0.000132,0.004403,,,False
2014-02-28,,0.004502,-0.000024,0.000050,-0.000065,0.000198,-0.000124,-0.000134,0.004404,,,False
2014-03-01,,0.004503,-0.000022,0.000048,-0.000065,0.000199,-0.000124,-0.000135,0.004404,,,False
2014-03-02,,0.004503,-0.000021,0.000046,-0.000064,0.000200,-0.000124,-0.000136,0.004405,,,False
2014-03-03,,0.004504,-0.000019,0.000044,-0.000064,0.000201,-0.000123,-0.000137,0.004406,,,False
2014-03-04,,0.004504,-0.000016,0.000042,-0.000063,0.000201,-0.000123,-0.000138,0.004407,,,False
2014-03-05,,0.004504,-0.000014,0.000040,-0.000063,0.000202,-0.000123,-0.000139,0.004408,,,False
2014-03-06,,0.004505,-0.000012,0.000038,-0.000062,0.000203,-0.000123,-0.000140,0.004409,,,False
2014-03-07,,0.004505,-0.000010,0.000036,-0.000062,0.000203,-0.000122,-0.000141,0.004410,,,False
2014-03-08,,0.004506,-0.000007,0.000034,-0.000061,0.000204,-0.000122,-0.000142,0.004410,,,False
2014-03-09,,0.004506,-0.000005,0.000031,-0.000060,0.000204,-0.000122,-0.000143,0.004411,,,False
2014-03-10,,0.004507,-0.000003,0.000029,-0.000060,0.000205,-0.000121,-0.000144,0.004412,,,False
2014-03-11,,0.004507,-0.000000,0.000027,-0.000059,0.000206,-0.000121,-0.000146,0.004413,,,False
2014-03-12,,0.004507,0.000002,0.000025,-0.000058,0.000206,-0.000121,-0.000147,0.004414,,,False
2014-03-13,,0.004508,0.000005,0.000022,-0.000058,0.000207,-0.000120,-0.000148,0.004415,,,False
2014-03-14,,0.004508,0.000007,0.000020,-0.000057,0.000207,-0.000120,-0.000149,0.004416,,,False
2014-03-15,,0.004509,0.000009,0.000017,-0.000056,0.000208,-0.000120,-0.000150,0.004417,,,False
2014-03-16,,0.004509,0.000012,0.000015,-0.000056,0.000208,-0.000119,-0.000151,0.004418,,,False
2014-03-17,,0.004509,0.000014,0.000013,-0.000055,0.000209,-0.000119,-0.000152,0.004418,,,False
2014-03-18,,0.004510,0.000016,0.000010,-0.000054,0.000209,-0.000119,-0.000153,0.004419,,,False
2014-03-19,,0.004510,0.000018,0.000008,-0.000053,0.000210,-0.000118,-0.000154,0.004420,,,False
2014-03-20,,0.004511,0.000020,0.000005,-0.000053,0.000210,-0.000118,-0.000155,0.004420,,,False
2014-03-21,,0.004511,0.000022,0.000003,-0.000052,0.000211,-0.000118,-0.000156,0.004420,,,False
2014-03-22,,0.004511,0.000024,0.000000,-0.000051,0.000211,-0.000117,-0.000157,0.004421,,,False
2014-03-23,,0.004512,0.000026,-0.000002,-0.000050,0.000211,-0.000117,-0.000159,0.004421,,,False
2014-03-24,,0.004512,0.000027,-0.000005,-0.000049,0.000212,-0.000117,-0.000160,0.004421,,,False
2014-03-25,,0.004513,0.000029,-0.000007,-0.000048,0.000212,-0.000116,-0.000161,0.004421,,,False
2014-03-26,,0.004513,0.000030,-0.000010,-0.000048,0.000212,-0.000116,-0.000162,0.004421,,,False
2014-03-27,,0.004513,0.000031,-0.000012,-0.000047,0.000213,-0.000115,-0.000163,0.004420,,,False
2014-03-28,,0.004514,0.000032,-0.000015,-0.000046,0.000213,-0.000115,-0.000164,0.004420,,,False
2014-03-29,,0.004514,0.000033,-0.000017,-0.000045,0.000213,-0.000115,-0.000165,0.004419,,,False
2014-03-30,,0.004515,0.000034,-0.000019,-0.000044,0.000213,-0.000114,-0.000166,0.004418,,,False
2014-03-31,,0.004515,0.000034,-0.000022,-0.000043,0.000214,-0.000114,-0.000167,0.004418,,,False
2014-04-01,,0.004515,0.000035,-0.000024,-0.000042,0.000214,-0.000113,-0.000168,0.004417,,,False
2014-04-02,,0.004516,0.000035,-0.000026,-0.000041,0.000214,-0.000113,-0.000169,0.004415,,,False
2014-04-03,,0.004516,0.000035,-0.000029,-0.000040,0.000214,-0.000112,-0.000170,0.004414,,,False
2014-04-04,0.005208,0.004517,0.000035,-0.000031,-0.000039,0.000214,-0.000112,-0.000171,0.004413,0.000795,0.397608,False
2014-04-05,0.005208,0.004517,0.000035,-0.000033,-0.000038,0.000215,-0.000111,-0.000172,0.004411,0.000797,0.398368,False
2014-04-06,0.005208,0.004517,0.000034,-0.000035,-0.000037,0.000215,-0.000111,-0.000174,0.004410,0.000798,0.399191,False
2014-04-07,0.005208,0.004518,0.000034,-0.000038,-0.000036,0.000215,-0.000110,-0.000175,0.004408,0.000800,0.400073,False
2014-04-08,0.005208,0.004518,0.000033,-0.000040,-0.000035,0.000215,-0.000110,-0.000176,0.004406,0.000802,0.401013,False
2014-04-09,0.005208,0.004519,0.000032,-0.000042,-0.000034,0.000215,-0.000110,-0.000177,0.004404,0.000804,0.402008,False
2014-04-10,0.005208,0.004519,0.000031,-0.000044,-0.000033,0.000215,-0.000109,-0.000178,0.004402,0.000806,0.403053,False
2014-04-11,0.005208,0.004520,0.000030,-0.000046,-0.000032,0.000215,-0.000108,-0.000179,0.004400,0.000808,0.404147,False
2014-04-12,0.004277,0.004520,0.000028,-0.000048,-0.000031,0.000215,-0.000108,-0.000180,0.004397,-0.000120,-0.060215,False
2014-04-13,0.004386,0.004520,0.000027,-0.000049,-0.000030,0.000215,-0.000107,-0.000181,0.004395,-0.000009,-0.004537,False
2014-04-14,0.004571,0.004521,0.000025,-0.000051,-0.000028,0.000215,-0.000107,-0.000182,0.004393,0.000178,0.089177,False
2014-04-15,0.004468,0.004521,0.000024,-0.000053,-0.000027,0.000215,-0.000106,-0.000183,0.004390,0.000078,0.038922,False
2014-04-16,0.004918,0.004522,0.000022,-0.000054,-0.000026,0.000215,-0.000106,-0.000184,0.004388,0.000530,0.265192,False
2014-04-17,0.004324,0.004522,0.000020,-0.000056,-0.000025,0.000215,-0.000105,-0.000185,0.004385,-0.000061,-0.030516,False
2014-04-18,0.004707,0.004522,0.000018,-0.000058,-0.000024,0.000215,-0.000105,-0.000186,0.004382,0.000325,0.162290,False
2014-04-19,0.004338,0.004523,0.000016,-0.000059,-0.000023,0.000215,-0.000104,-0.000187,0.004380,-0.000042,-0.020893,False
2014-04-20,0.004618,0.004523,0.000013,-0.000060,-0.000022,0.000215,-0.000104,-0.000188,0.004377,0.000241,0.120428,False
2014-04-21,0.004442,0.004524,0.000011,-0.000062,-0.000021,0.000215,-0.000103,-0.000189,0.004375,0.000067,0.033748,False
2014-04-22,0.004422,0.004524,0.000009,-0.000063,-0.000019,0.000214,-0.000103,-0.000190,0.004372,0.000050,0.025060,False
2014-04-23,0.004385,0.004524,0.000007,-0.000064,-0.000018,0.000214,-0.000102,-0.000191,0.004369,0.000016,0.007858,False
2014-04-24,0.004280,0.004525,0.000004,-0.000065,-0.000017,0.000214,-0.000101,-0.000193,0.004367,-0.000087,-0.043363,False
2014-04-25,0.004288,0.004525,0.000002,-0.000066,-0.000016,0.000214,-0.000101,-0.000194,0.004364,-0.000076,-0.038110,False
2014-04-26,0.004262,0.004526,-0.000001,-0.000067,-0.000015,0.000214,-0.000100,-0.000195,0.004362,-0.000100,-0.049889,False
2014-04-27,0.004359,0.004526,-0.000003,-0.000068,-0.000014,0.000213,-0.000100,-0.000196,0.004359,-0.000000,-0.000206,False
2014-04-28,0.004389,0.004526,-0.000005,-0.000069,-0.000012,0.000213,-0.000099,-0.000197,0.004357,0.000032,0.015933,False
2014-04-29,0.004432,0.004527,-0.000008,-0.000070,-0.000011,0.000213,-0.000098,-0.000198,0.004355,0.000077,0.038522,False
2014-04-30,0.004773,0.004527,-0.000010,-0.000070,-0.000010,0.000212,-0.000098,-0.000199,0.004353,0.000420,0.210055,False
2014-05-01,0.004512,0.004528,-0.000012,-0.000071,-0.000009,0.000212,-0.000097,-0.000200,0.004351,0.000161,0.080527,False
2014-05-02,0.004523,0.004528,-0.000015,-0.000071,-0.000008,0.000212,-0.000097,-0.000201,0.004349,0.000174,0.086932,False
2014-05-03,0.004406,0.004528,-0.000017,-0.000071,-0.000006,0.000211,-0.000096,-0.000202,0.004347,0.000059,0.029265,False
2014-05-04,0.004632,0.004529,-0.000019,-0.000072,-0.000005,0.000211,-0.000095,-0.000203,0.004346,0.000286,0.143020,False
2014-05-05,0.004450,0.004529,-0.000021,-0.000072,-0.000004,0.000211,-0.000095,-0.000204,0.004345,0.000105,0.052692,False
2014-05-06,0.004399,0.004530,-0.000023,-0.000072,-0.000003,0.000210,-0.000094,-0.000205,0.004343,0.000056,0.027778,False
2014-05-07,0.004379,0.004530,-0.000024,-0.000072,-0.000002,0.000210,-0.000093,-0.000206,0.004342,0.000037,0.018272,False
2014-05-08,0.004376,0.004530,-0.000026,-0.000072,-0.000000,0.000209,-0.000093,-0.000207,0.004342,0.000034,0.017170,False
2014-05-09,0.004505,0.004531,-0.000028,-0.000072,0.000001,0.000209,-0.000092,-0.000208,0.004341,0.000164,0.081970,False
2014-05-10,0.004446,0.004531,-0.000029,-0.000072,0.000002,0.000209,-0.000091,-0.000209,0.004341,0.000105,0.052667,False
2014-05-11,0.004337,0.004532,-0.000030,-0.000071,0.000003,0.000208,-0.000091,-0.000210,0.004340,-0.000003,-0.001742,False
2014-05-12,0.004408,0.004532,-0.000031,-0.000071,0.000005,0.000208,-0.000090,-0.000211,0.004341,0.000067,0.033741,False
2014-05-13,0.004441,0.004532,-0.000032,-0.000070,0.000006,0.000207,-0.000089,-0.000212,0.004341,0.000100,0.050113,False
2014-05-14,0.004581,0.004533,-0.000033,-0.000070,0.000007,0.000206,-0.000089,-0.000213,0.004341,0.000240,0.119874,False
2014-05-15,0.005267,0.004533,-0.000034,-0.000069,0.000008,0.000206,-0.000088,-0.000214,0.004342,0.000925,0.462520,False
2014-05-16,0.004628,0.004534,-0.000034,-0.000068,0.000009,0.000205,-0.000087,-0.000215,0.004343,0.000285,0.142552,False
2014-05-17,0.004492,0.004534,-0.000035,-0.000068,0.000011,0.000205,-0.000086,-0.000216,0.004344,0.000148,0.073968,False
2014-05-18,0.004456,0.004535,-0.000035,-0.000067,0.000012,0.000204,-0.000086,-0.000217,0.004345,0.000111,0.055269,False
2014-05-19,0.004969,0.004535,-0.000035,-0.000066,0.000013,0.000203,-0.000085,-0.000218,0.004347,0.000622,0.310954,False
2014-05-20,0.005329,0.004535,-0.000035,-0.000065,0.000014,0.000203,-0.000084,-0.000219,0.004349,0.000980,0.490025,False
2014-05-21,0.004856,0.004536,-0.000035,-0.000064,0.000015,0.000202,-0.000084,-0.000220,0.004351,0.000505,0.252483,False
2014-05-22,0.004835,0.004536,-0.000034,-0.000062,0.000016,0.000202,-0.000083,-0.000222,0.004353,0.000482,0.240828,False
2014-05-23,0.004824,0.004537,-0.000033,-0.000061,0.000018,0.000201,-0.000082,-0.000223,0.004356,0.000468,0.234065,False
2014-05-24,0.004615,0.004537,-0.000033,-0.000060,0.000019,0.000200,-0.000081,-0.000224,0.004359,0.000256,0.128193,False
2014-05-25,0.004595,0.004537,-0.000032,-0.000058,0.000020,0.000199,-0.000081,-0.000225,0.004362,0.000233,0.116718,False
2014-05-26,0.004630,0.004538,-0.000031,-0.000057,0.000021,0.000199,-0.000080,-0.000226,0.004365,0.000265,0.132641,False
2014-05-27,0.004624,0.004538,-0.000029,-0.000055,0.000022,0.000198,-0.000079,-0.000227,0.004368,0.000256,0.127967,False
2014-05-28,0.005015,0.004539,-0.000028,-0.000054,0.000023,0.000197,-0.000078,-0.000228,0.004372,0.000643,0.321699,False
2014-05-29,0.004632,0.004539,-0.000026,-0.000052,0.000025,0.000196,-0.000078,-0.000229,0.004375,0.000257,0.128343,False
2014-05-30,0.004682,0.004539,-0.000025,-0.000050,0.000026,0.000195,-0.000077,-0.000230,0.004379,0.000303,0.151402,False
2014-05-31,0.004590,0.004540,-0.000023,-0.000048,0.000027,0.000195,-0.000076,-0.000231,0.004383,0.000207,0.103382,False
2014-06-01,0.004479,0.004540,-0.000021,-0.000046,0.000028,0.000194,-0.000075,-0.000232,0.004387,0.000092,0.045788,False
2014-06-02,0.004764,0.004541,-0.000019,-0.000045,0.000029,0.000193,-0.000074,-0.000233,0.004392,0.000372,0.186127,False
2014-06-03,0.005057,0.004541,-0.000017,-0.000043,0.000030,0.000192,-0.000074,-0.000234,0.004396,0.000661,0.330403,False
2014-06-04,0.005266,0.004541,-0.000015,-0.000041,0.000031,0.000191,-0.000073,-0.000235,0.004401,0.000865,0.432623,False
2014-06-05,0.005475,0.004542,-0.000013,-0.000038,0.000032,0.000190,-0.000072,-0.000236,0.004405,0.001070,0.534794,False
2014-06-06,0.004701,0.004542,-0.000010,-0.000036,0.000033,0.000189,-0.000071,-0.000237,0.004410,0.000291,0.145422,False
2014-06-07,0.004773,0.004543,-0.000008,-0.000034,0.000034,0.000188,-0.000071,-0.000238,0.004415,0.000358,0.179015,False
2014-06-08,0.004795,0.004543,-0.000006,-0.000032,0.000035,0.000187,-0.000070,-0.000239,0.004420,0.000375,0.187578,False
2014-06-09,0.004626,0.004543,-0.000003,-0.000030,0.000036,0.000187,-0.000069,-0.000240,0.004425,0.000201,0.100619,False
2014-06-10,0.004617,0.004544,-0.000001,-0.000027,0.000037,0.000186,-0.000068,-0.000241,0.004430,0.000187,0.093645,False
2014-06-11,0.004530,0.004544,0.000002,-0.000025,0.000038,0.000185,-0.000067,-0.000242,0.004435,0.000095,0.047664,False
2014-06-12,0.004932,0.004545,0.000004,-0.000023,0.000039,0.000184,-0.000066,-0.000243,0.004440,0.000492,0.246182,False
2014-06-13,0.004823,0.004545,0.000006,-0.000020,0.000040,0.000182,-0.000066,-0.000244,0.004445,0.000378,0.189207,False
2014-06-14,0.004715,0.004545,0.000009,-0.000018,0.000041,0.000181,-0.000065,-0.000245,0.004450,0.000265,0.132745,False
2014-06-15,0.004692,0.004546,0.000011,-0.000016,0.000042,0.000180,-0.000064,-0.000246,0.004454,0.000238,0.118805,False
2014-06-16,0.004836,0.004546,0.000013,-0.000013,0.000043,0.000179,-0.000063,-0.000247,0.004459,0.000377,0.188392,False
2014-06-17,0.004858,0.004547,0.000015,-0.000011,0.000044,0.000178,-0.000062,-0.000248,0.004464,0.000394,0.197015,False
2014-06-18,0.004521,0.004547,0.000018,-0.000008,0.000045,0.000177,-0.000061,-0.000249,0.004469,0.000052,0.026179,False
2014-06-19,0.005042,0.004548,0.000020,-0.000006,0.000046,0.000176,-0.000061,-0.000250,0.004473,0.000569,0.284392,False
2014-06-20,0.004784,0.004548,0.000022,-0.000003,0.000047,0.000175,-0.000060,-0.000251,0.004478,0.000306,0.153160,False
2014-06-21,0.004702,0.004548,0.000023,-0.000001,0.000048,0.000174,-0.000059,-0.000252,0.004482,0.000220,0.109988,False
2014-06-22,0.004805,0.004549,0.000025,0.000002,0.000049,0.000173,-0.000058,-0.000253,0.004486,0.000319,0.159383,False
2014-06-23,0.004861,0.004549,0.000027,0.000004,0.000050,0.000171,-0.000057,-0.000254,0.004490,0.000371,0.185351,False
2014-06-24,0.004816,0.004550,0.000028,0.000007,0.000051,0.000170,-0.000056,-0.000255,0.004494,0.000322,0.160897,False
2014-06-25,0.004764,0.004550,0.000030,0.000009,0.000051,0.000169,-0.000055,-0.000256,0.004498,0.000266,0.133026,False
2014-06-26,0.004783,0.004550,0.000031,0.000011,0.000052,0.000168,-0.000055,-0.000257,0.004502,0.000281,0.140743,False
2014-06-27,0.004858,0.004551,0.000032,0.000014,0.000053,0.000166,-0.000054,-0.000258,0.004505,0.000353,0.176552,False
2014-06-28,0.004897,0.004551,0.000033,0.000016,0.000054,0.000165,-0.000053,-0.000258,0.004508,0.000389,0.194583,False
2014-06-29,0.004936,0.004552,0.000034,0.000019,0.000055,0.000164,-0.000052,-0.000259,0.004511,0.000425,0.212713,False
2014-06-30,0.004976,0.004552,0.000034,0.000021,0.000055,0.000163,-0.000051,-0.000260,0.004514,0.000462,0.230948,False
2014-07-01,0.005015,0.004552,0.000035,0.000024,0.000056,0.000161,-0.000050,-0.000261,0.004516,0.000499,0.249288,False
2014-07-02,0.004813,0.004553,0.000035,0.000026,0.000057,0.000160,-0.000049,-0.000262,0.004519,0.000294,0.147112,False
2014-07-03,0.005031,0.004553,0.000035,0.000028,0.000057,0.000159,-0.000048,-0.000263,0.004521,0.000510,0.255047,False
2014-07-04,0.005249,0.004554,0.000035,0.000030,0.000058,0.000157,-0.000047,-0.000264,0.004523,0.000726,0.363095,False
2014-07-05,0.004790,0.004554,0.000035,0.000033,0.000059,0.000156,-0.000047,-0.000265,0.004524,0.000266,0.132757,False
2014-07-06,0.004768,0.004554,0.000034,0.000035,0.000059,0.000155,-0.000046,-0.000266,0.004526,0.000242,0.121034,False
2014-07-07,0.004767,0.004555,0.000034,0.000037,0.000060,0.000153,-0.000045,-0.000267,0.004527,0.000240,0.119926,False
2014-07-08,0.004651,0.004555,0.000033,0.000039,0.000061,0.000152,-0.000044,-0.000268,0.004528,0.000123,0.061434,False
2014-07-09,0.004987,0.004556,0.000032,0.000041,0.000061,0.000151,-0.000043,-0.000269,0.004529,0.000458,0.229056,False
2014-07-10,0.004923,0.004556,0.000031,0.000043,0.000062,0.000149,-0.000042,-0.000270,0.004529,0.000394,0.196793,False
2014-07-11,0.004965,0.004556,0.000030,0.000045,0.000062,0.000148,-0.000041,-0.000271,0.004530,0.000435,0.217642,False
2014-07-12,0.004676,0.004557,0.000029,0.000047,0.000063,0.000146,-0.000040,-0.000272,0.004530,0.000146,0.073104,False
2014-07-13,0.004641,0.004557,0.000027,0.000049,0.000063,0.000145,-0.000039,-0.000273,0.004530,0.000111,0.055674,False
2014-07-14,0.004742,0.004558,0.000026,0.000051,0.000064,0.000143,-0.000038,-0.000274,0.004529,0.000213,0.106353,False
2014-07-15,0.005233,0.004558,0.000024,0.000052,0.000064,0.000142,-0.000037,-0.000275,0.004529,0.000704,0.352135,False
2014-07-16,0.004874,0.004558,0.000022,0.000054,0.000065,0.000141,-0.000036,-0.000276,0.004528,0.000346,0.173020,False
2014-07-17,0.005050,0.004559,0.000020,0.000056,0.000065,0.000139,-0.000036,-0.000277,0.004527,0.000523,0.261503,False
2014-07-18,0.005018,0.004559,0.000018,0.000057,0.000066,0.000138,-0.000035,-0.000278,0.004526,0.000492,0.246081,False
2014-07-19,0.004817,0.004560,0.000016,0.000059,0.000066,0.000136,-0.000034,-0.000279,0.004524,0.000293,0.146250,False
2014-07-20,0.004683,0.004560,0.000014,0.000060,0.000067,0.000135,-0.000033,-0.000280,0.004523,0.000160,0.080006,False
2014-07-21,0.004557,0.004560,0.000012,0.000061,0.000067,0.000133,-0.000032,-0.000281,0.004521,0.000036,0.017845,False
2014-07-22,0.004839,0.004561,0.000010,0.000063,0.000067,0.000131,-0.000031,-0.000282,0.004519,0.000320,0.159762,False
2014-07-23,0.004840,0.004561,0.000007,0.000064,0.000068,0.000130,-0.000030,-0.000282,0.004517,0.000323,0.161253,False
2014-07-24,0.004990,0.004562,0.000005,0.000065,0.000068,0.000128,-0.000029,-0.000283,0.004515,0.000475,0.237313,False
2014-07-25,0.004703,0.004562,0.000002,0.000066,0.000068,0.000127,-0.000028,-0.000284,0.004513,0.000190,0.094936,False
2014-07-26,0.004760,0.004563,-0.000000,0.000067,0.000069,0.000125,-0.000027,-0.000285,0.004511,0.000249,0.124618,False
2014-07-27,0.004591,0.004563,-0.000002,0.000068,0.000069,0.000124,-0.000026,-0.000286,0.004508,0.000083,0.041353,False
2014-07-28,0.004941,0.004563,-0.000005,0.000069,0.000069,0.000122,-0.000025,-0.000287,0.004506,0.000435,0.217637,False
2014-07-29,0.004514,0.004564,-0.000007,0.000069,0.000069,0.000120,-0.000024,-0.000288,0.004503,0.000011,0.005464,False
2014-07-30,0.004629,0.004564,-0.000010,0.000070,0.000069,0.000119,-0.000023,-0.000289,0.004500,0.000129,0.064329,False
2014-07-31,0.004742,0.004565,-0.000012,0.000071,0.000070,0.000117,-0.000022,-0.000290,0.004498,0.000244,0.122226,False
2014-08-01,0.004939,0.004565,-0.000014,0.000071,0.000070,0.000115,-0.000021,-0.000291,0.004495,0.000444,0.222152,False
2014-08-02,0.004670,0.004565,-0.000016,0.000071,0.000070,0.000114,-0.000020,-0.000292,0.004492,0.000178,0.089099,False
2014-08-03,0.005178,0.004566,-0.000018,0.000072,0.000070,0.000112,-0.000020,-0.000293,0.004489,0.000689,0.344565,False
2014-08-04,0.004956,0.004566,-0.000020,0.000072,0.000070,0.000110,-0.000019,-0.000294,0.004486,0.000470,0.235043,False
2014-08-05,0.004679,0.004567,-0.000022,0.000072,0.000070,0.000109,-0.000018,-0.000295,0.004483,0.000196,0.098029,False
2014-08-06,0.004774,0.004567,-0.000024,0.000072,0.000070,0.000107,-0.000017,-0.000296,0.004480,0.000294,0.147019,False
2014-08-07,0.004778,0.004567,-0.000026,0.000072,0.000070,0.000105,-0.000016,-0.000296,0.004477,0.000301,0.150509,False
2014-08-08,0.005275,0.004568,-0.000027,0.000072,0.000070,0.000104,-0.000015,-0.000297,0.004474,0.000801,0.400493,False
2014-08-09,0.004897,0.004568,-0.000029,0.000072,0.000070,0.000102,-0.000014,-0.000298,0.004471,0.000426,0.212969,False
2014-08-10,0.004761,0.004569,-0.000030,0.000071,0.000070,0.000100,-0.000013,-0.000299,0.004468,0.000293,0.146433,False
2014-08-11,0.004879,0.004569,-0.000031,0.000071,0.000070,0.000098,-0.000012,-0.000300,0.004465,0.000414,0.206881,False
2014-08-12,0.004979,0.004569,-0.000032,0.000071,0.000070,0.000097,-0.000011,-0.000301,0.004462,0.000517,0.258311,False
2014-08-13,0.004793,0.004570,-0.000033,0.000070,0.000070,0.000095,-0.000010,-0.000302,0.004460,0.000333,0.166719,False
2014-08-14,0.004819,0.004570,-0.000034,0.000069,0.000070,0.000093,-0.000009,-0.000303,0.004457,0.000362,0.181104,False
2014-08-15,0.004950,0.004571,-0.000034,0.000069,0.000070,0.000091,-0.000008,-0.000304,0.004454,0.000496,0.247963,False
2014-08-16,0.004774,0.004571,-0.000035,0.000068,0.000069,0.000090,-0.000007,-0.000305,0.004451,0.000323,0.161294,False
2014-08-17,0.004809,0.004571,-0.000035,0.000067,0.000069,0.000088,-0.000006,-0.000306,0.004449,0.000360,0.180096,False
2014-08-18,0.004941,0.004572,-0.000035,0.000066,0.000069,0.000086,-0.000005,-0.000307,0.004446,0.000495,0.247368,False
2014-08-19,0.004984,0.004572,-0.000035,0.000065,0.000069,0.000084,-0.000004,-0.000307,0.004444,0.000540,0.270109,False
2014-08-20,0.004931,0.004573,-0.000035,0.000064,0.000069,0.000082,-0.000003,-0.000308,0.004441,0.000490,0.244819,False
2014-08-21,0.004640,0.004573,-0.000034,0.000063,0.000068,0.000081,-0.000002,-0.000309,0.004439,0.000201,0.100497,False
2014-08-22,0.004699,0.004573,-0.000034,0.000061,0.000068,0.000079,-0.000001,-0.000310,0.004437,0.000262,0.131144,False
2014-08-23,0.004691,0.004574,-0.000033,0.000060,0.000068,0.000077,-0.000000,-0.000311,0.004434,0.000257,0.128260,False
2014-08-24,0.004766,0.004574,-0.000032,0.000059,0.000067,0.000075,0.000001,-0.000312,0.004432,0.000334,0.166847,False
2014-08-25,0.004806,0.004575,-0.000031,0.000057,0.000067,0.000073,0.000002,-0.000313,0.004430,0.000376,0.187905,False
2014-08-26,0.004604,0.004575,-0.000030,0.000056,0.000067,0.000071,0.000003,-0.000314,0.004428,0.000176,0.087936,False
2014-08-27,0.004900,0.004576,-0.000028,0.000054,0.000066,0.000070,0.000004,-0.000315,0.004426,0.000474,0.236943,False
2014-08-28,0.004949,0.004576,-0.000027,0.000052,0.000066,0.000068,0.000005,-0.000315,0.004424,0.000525,0.262426,False
2014-08-29,0.004636,0.004576,-0.000025,0.000051,0.000065,0.000066,0.000006,-0.000316,0.004422,0.000214,0.106889,False
2014-08-30,0.004986,0.004577,-0.000023,0.000049,0.000065,0.000064,0.000006,-0.000317,0.004420,0.000566,0.282834,False
2014-08-31,0.004707,0.004577,-0.000022,0.000047,0.000065,0.000062,0.000007,-0.000318,0.004418,0.000289,0.144265,False
2014-09-01,0.004700,0.004578,-0.000020,0.000045,0.000064,0.000060,0.000008,-0.000319,0.004417,0.000283,0.141683,False
2014-09-02,0.004657,0.004578,-0.000018,0.000043,0.000064,0.000058,0.000009,-0.000320,0.004415,0.000242,0.121094,False
2014-09-03,0.004664,0.004578,-0.000015,0.000041,0.000063,0.000056,0.000010,-0.000321,0.004413,0.000251,0.125500,False
2014-09-04,0.005021,0.004579,-0.000013,0.000039,0.000062,0.000055,0.000011,-0.000322,0.004411,0.000610,0.304904,False
2014-09-05,0.004987,0.004579,-0.000011,0.000037,0.000062,0.000053,0.000012,-0.000323,0.004409,0.000578,0.288812,False
2014-09-06,0.004745,0.004580,-0.000009,0.000035,0.000061,0.000051,0.000013,-0.000323,0.004408,0.000337,0.168726,False
2014-09-07,0.004490,0.004580,-0.000006,0.000033,0.000061,0.000049,0.000014,-0.000324,0.004406,0.000084,0.042152,False
2014-09-08,0.004932,0.004580,-0.000004,0.000030,0.000060,0.000047,0.000015,-0.000325,0.004404,0.000528,0.264092,False
2014-09-09,0.004826,0.004581,-0.000002,0.000028,0.000059,0.000045,0.000016,-0.000326,0.004402,0.000424,0.212051,False
2014-09-10,0.005036,0.004581,0.000001,0.000026,0.000059,0.000043,0.000017,-0.000327,0.004400,0.000636,0.318034,False
2014-09-11,0.004701,0.004582,0.000003,0.000023,0.000058,0.000041,0.000018,-0.000328,0.004398,0.000303,0.151544,False
2014-09-12,0.004729,0.004582,0.000006,0.000021,0.000057,0.000039,0.000019,-0.000329,0.004396,0.000333,0.166586,False
2014-09-13,0.004899,0.004582,0.000008,0.000019,0.000057,0.000037,0.000020,-0.000330,0.004394,0.000505,0.252664,False
2014-09-14,0.004861,0.004583,0.000010,0.000016,0.000056,0.000035,0.000021,-0.000330,0.004391,0.000470,0.234782,False
2014-09-15,0.004874,0.004583,0.000013,0.000014,0.000055,0.000033,0.000022,-0.000331,0.004389,0.000485,0.242444,False
2014-09-16,0.004820,0.004584,0.000015,0.000011,0.000055,0.000032,0.000023,-0.000332,0.004387,0.000433,0.216653,False
2014-09-17,0.004741,0.004584,0.000017,0.000009,0.000054,0.000030,0.000024,-0.000333,0.004384,0.000357,0.178414,False
2014-09-18,0.004728,0.004584,0.000019,0.000006,0.000053,0.000028,0.000025,-0.000334,0.004382,0.000346,0.173229,False
2014-09-19,0.004647,0.004585,0.000021,0.000004,0.000052,0.000026,0.000026,-0.000335,0.004379,0.000268,0.134102,False
2014-09-20,0.004795,0.004585,0.000023,0.000001,0.000051,0.000024,0.000027,-0.000336,0.004376,0.000419,0.209536,False
2014-09-21,0.004612,0.004586,0.000025,-0.000001,0.000051,0.000022,0.000028,-0.000336,0.004373,0.000239,0.119534,False
2014-09-22,0.004707,0.004586,0.000026,-0.000003,0.000050,0.000020,0.000028,-0.000337,0.004370,0.000337,0.168598,False
2014-09-23,0.004559,0.004586,0.000028,-0.000006,0.000049,0.000018,0.000029,-0.000338,0.004367,0.000192,0.096231,False
2014-09-24,0.004541,0.004587,0.000029,-0.000008,0.000048,0.000016,0.000030,-0.000339,0.004363,0.000178,0.088935,False
2014-09-25,0.004570,0.004587,0.000031,-0.000011,0.000047,0.000014,0.000031,-0.000340,0.004360,0.000210,0.105210,False
2014-09-26,0.004559,0.004588,0.000032,-0.000013,0.000046,0.000012,0.000032,-0.000341,0.004356,0.000203,0.101559,False
2014-09-27,0.004561,0.004588,0.000033,-0.000016,0.000045,0.000010,0.000033,-0.000341,0.004352,0.000209,0.104483,False
2014-09-28,0.004862,0.004588,0.000033,-0.000018,0.000044,0.000008,0.000034,-0.000342,0.004348,0.000514,0.256981,False
2014-09-29,0.004685,0.004589,0.000034,-0.000021,0.000043,0.000006,0.000035,-0.000343,0.004344,0.000341,0.170555,False
2014-09-30,0.004682,0.004589,0.000035,-0.000023,0.000042,0.000004,0.000036,-0.000344,0.004340,0.000342,0.171205,False
2014-10-01,0.004614,0.004590,0.000035,-0.000025,0.000042,0.000002,0.000037,-0.000345,0.004335,0.000279,0.139429,False
2014-10-02,0.004709,0.004590,0.000035,-0.000028,0.000041,0.000000,0.000038,-0.000346,0.004331,0.000378,0.189227,False
2014-10-03,0.004839,0.004591,0.000035,-0.000030,0.000040,-0.000002,0.000039,-0.000346,0.004326,0.000513,0.256598,False
2014-10-04,0.004717,0.004591,0.000035,-0.000032,0.000039,-0.000004,0.000040,-0.000347,0.004321,0.000396,0.198041,False
2014-10-05,0.004567,0.004591,0.000034,-0.000034,0.000038,-0.000006,0.000041,-0.000348,0.004316,0.000251,0.125553,False
2014-10-06,0.004654,0.004592,0.000034,-0.000036,0.000036,-0.000008,0.000041,-0.000349,0.004311,0.000343,0.171631,False
2014-10-07,0.004673,0.004592,0.000033,-0.000039,0.000035,-0.000009,0.000042,-0.000350,0.004305,0.000368,0.183774,False
2014-10-08,0.004762,0.004593,0.000032,-0.000041,0.000034,-0.000011,0.000043,-0.000351,0.004300,0.000462,0.230978,False
2014-10-09,0.004595,0.004593,0.000031,-0.000043,0.000033,-0.000013,0.000044,-0.000351,0.004295,0.000300,0.150241,False
2014-10-10,0.004679,0.004593,0.000030,-0.000045,0.000032,-0.000015,0.000045,-0.000352,0.004289,0.000390,0.195057,False
2014-10-11,0.004550,0.004594,0.000029,-0.000047,0.000031,-0.000017,0.000046,-0.000353,0.004283,0.000267,0.133423,False
2014-10-12,0.004722,0.004594,0.000028,-0.000048,0.000030,-0.000019,0.000047,-0.000354,0.004277,0.000445,0.222335,False
2014-10-13,0.004795,0.004595,0.000026,-0.000050,0.000029,-0.000021,0.000048,-0.000355,0.004271,0.000524,0.261788,False
2014-10-14,0.004641,0.004595,0.000024,-0.000052,0.000028,-0.000023,0.000049,-0.000355,0.004265,0.000376,0.187777,False
2014-10-15,0.004579,0.004595,0.000023,-0.000054,0.000027,-0.000025,0.000050,-0.000356,0.004259,0.000320,0.159798,False
2014-10-16,0.004472,0.004596,0.000021,-0.000055,0.000026,-0.000027,0.000050,-0.000357,0.004253,0.000219,0.109343,False
2014-10-17,0.004500,0.004596,0.000019,-0.000057,0.000025,-0.000029,0.000051,-0.000358,0.004247,0.000253,0.126409,False
2014-10-18,0.004405,0.004597,0.000017,-0.000058,0.000023,-0.000031,0.000052,-0.000359,0.004241,0.000164,0.081988,False
2014-10-19,0.004572,0.004597,0.000015,-0.000060,0.000022,-0.000033,0.000053,-0.000360,0.004235,0.000337,0.168575,False
2014-10-20,0.004497,0.004597,0.000012,-0.000061,0.000021,-0.000035,0.000054,-0.000360,0.004229,0.000268,0.134164,False
2014-10-21,0.004589,0.004598,0.000010,-0.000062,0.000020,-0.000037,0.000055,-0.000361,0.004223,0.000366,0.183249,False
2014-10-22,0.004531,0.004598,0.000008,-0.000064,0.000019,-0.000039,0.000056,-0.000362,0.004216,0.000315,0.157322,False
2014-10-23,0.004482,0.004599,0.000005,-0.000065,0.000018,-0.000041,0.000057,-0.000363,0.004210,0.000272,0.135879,False
2014-10-24,0.004429,0.004599,0.000003,-0.000066,0.000016,-0.000043,0.000057,-0.000364,0.004204,0.000225,0.112411,False
2014-10-25,0.004541,0.004599,0.000001,-0.000067,0.000015,-0.000044,0.000058,-0.000364,0.004198,0.000343,0.171413,False
2014-10-26,0.004606,0.004600,-0.000002,-0.000068,0.000014,-0.000046,0.000059,-0.000365,0.004192,0.000414,0.206878,False
2014-10-27,0.004609,0.004600,-0.000004,-0.000068,0.000013,-0.000048,0.000060,-0.000366,0.004186,0.000423,0.211299,False
2014-10-28,0.005058,0.004601,-0.000007,-0.000069,0.000012,-0.000050,0.000061,-0.000367,0.004181,0.000877,0.438671,False
2014-10-29,0.004652,0.004601,-0.000009,-0.000070,0.000011,-0.000052,0.000062,-0.000367,0.004175,0.000477,0.238486,False
2014-10-30,0.004632,0.004601,-0.000011,-0.000070,0.000009,-0.000054,0.000063,-0.000368,0.004170,0.000462,0.231239,False
2014-10-31,0.004518,0.004602,-0.000014,-0.000071,0.000008,-0.000056,0.000063,-0.000369,0.004164,0.000354,0.176924,False
2014-11-01,0.004488,0.004602,-0.000016,-0.000071,0.000007,-0.000058,0.000064,-0.000370,0.004159,0.000329,0.164535,False
2014-11-02,0.004787,0.004603,-0.000018,-0.000072,0.000006,-0.000060,0.000065,-0.000371,0.004154,0.000633,0.316565,False
2014-11-03,0.004688,0.004603,-0.000020,-0.000072,0.000005,-0.000062,0.000066,-0.000371,0.004149,0.000539,0.269511,False
2014-11-04,0.004536,0.004604,-0.000022,-0.000072,0.000003,-0.000063,0.000067,-0.000372,0.004144,0.000392,0.195866,False
2014-11-05,0.004578,0.004604,-0.000024,-0.000072,0.000002,-0.000065,0.000068,-0.000373,0.004140,0.000438,0.219125,False
2014-11-06,0.004564,0.004604,-0.000025,-0.000072,0.000001,-0.000067,0.000068,-0.000374,0.004135,0.000429,0.214285,False
2014-11-07,0.004586,0.004605,-0.000027,-0.000072,-0.000000,-0.000069,0.000069,-0.000374,0.004131,0.000455,0.227340,False
2014-11-08,0.004617,0.004605,-0.000028,-0.000072,-0.000001,-0.000071,0.000070,-0.000375,0.004127,0.000490,0.244786,False
2014-11-09,0.004641,0.004606,-0.000030,-0.000071,-0.000003,-0.000073,0.000071,-0.000376,0.004124,0.000517,0.258621,False
2014-11-10,0.004652,0.004606,-0.000031,-0.000071,-0.000004,-0.000075,0.000072,-0.000377,0.004120,0.000532,0.265841,False
2014-11-11,0.004564,0.004606,-0.000032,-0.000071,-0.000005,-0.000076,0.000072,-0.000378,0.004117,0.000447,0.223442,False
2014-11-12,0.004520,0.004607,-0.000033,-0.000070,-0.000006,-0.000078,0.000073,-0.000378,0.004114,0.000406,0.202923,False
2014-11-13,0.004514,0.004607,-0.000034,-0.000070,-0.000008,-0.000080,0.000074,-0.000379,0.004111,0.000403,0.201282,False
2014-11-14,0.004548,0.004608,-0.000034,-0.000069,-0.000009,-0.000082,0.000075,-0.000380,0.004109,0.000439,0.219516,False
2014-11-15,0.004566,0.004608,-0.000035,-0.000068,-0.000010,-0.000084,0.000076,-0.000381,0.004107,0.000459,0.229625,False
2014-11-16,0.004573,0.004608,-0.000035,-0.000067,-0.000011,-0.000085,0.000076,-0.000381,0.004105,0.000468,0.234108,False
2014-11-17,0.004779,0.004609,-0.000035,-0.000066,-0.000012,-0.000087,0.000077,-0.000382,0.004103,0.000676,0.337965,False
2014-11-18,0.004678,0.004609,-0.000035,-0.000065,-0.000013,-0.000089,0.000078,-0.000383,0.004102,0.000576,0.288194,False
2014-11-19,0.004478,0.004610,-0.000035,-0.000064,-0.000015,-0.000091,0.000079,-0.000384,0.004100,0.000378,0.188799,False
2014-11-20,0.004572,0.004610,-0.000034,-0.000063,-0.000016,-0.000093,0.000079,-0.000384,0.004099,0.000473,0.236278,False
2014-11-21,0.004902,0.004610,-0.000034,-0.000062,-0.000017,-0.000094,0.000080,-0.000385,0.004099,0.000803,0.401634,False
2014-11-22,0.004660,0.004611,-0.000033,-0.000060,-0.000018,-0.000096,0.000081,-0.000386,0.004098,0.000562,0.280868,False
2014-11-23,0.004693,0.004611,-0.000032,-0.000059,-0.000019,-0.000098,0.000082,-0.000387,0.004098,0.000595,0.297483,False
2014-11-24,0.004623,0.004612,-0.000031,-0.000058,-0.000021,-0.000100,0.000082,-0.000387,0.004098,0.000525,0.262481,False
2014-11-25,0.004556,0.004612,-0.000030,-0.000056,-0.000022,-0.000101,0.000083,-0.000388,0.004098,0.000458,0.228866,False
2014-11-26,0.004654,0.004612,-0.000029,-0.000054,-0.000023,-0.000103,0.000084,-0.000389,0.004099,0.000555,0.277641,False
2014-11-27,0.004535,0.004613,-0.000027,-0.000053,-0.000024,-0.000105,0.000085,-0.000389,0.004099,0.000436,0.217809,False
2014-11-28,0.004687,0.004613,-0.000026,-0.000051,-0.000025,-0.000106,0.000085,-0.000390,0.004100,0.000587,0.293376,False
2014-11-29,0.004609,0.004614,-0.000024,-0.000049,-0.000026,-0.000108,0.000086,-0.000391,0.004101,0.000508,0.253845,False
2014-11-30,0.004441,0.004614,-0.000022,-0.000047,-0.000027,-0.000110,0.000087,-0.000392,0.004103,0.000338,0.169222,False
2014-12-01,0.004583,0.004614,-0.000020,-0.000046,-0.000028,-0.000112,0.000087,-0.000392,0.004104,0.000479,0.239511,False
2014-12-02,0.004646,0.004615,-0.000018,-0.000044,-0.000030,-0.000113,0.000088,-0.000393,0.004106,0.000540,0.270218,False
2014-12-03,0.004779,0.004615,-0.000016,-0.000042,-0.000031,-0.000115,0.000089,-0.000394,0.004107,0.000672,0.335850,False
2014-12-04,0.004735,0.004616,-0.000014,-0.000040,-0.000032,-0.000117,0.000090,-0.000395,0.004109,0.000626,0.312911,False
2014-12-05,0.004484,0.004616,-0.000012,-0.000037,-0.000033,-0.000118,0.000090,-0.000395,0.004111,0.000373,0.186408,False
2014-12-06,0.004663,0.004616,-0.000009,-0.000035,-0.000034,-0.000120,0.000091,-0.000396,0.004113,0.000550,0.274847,False
2014-12-07,0.004625,0.004617,-0.000007,-0.000033,-0.000035,-0.000121,0.000092,-0.000397,0.004116,0.000509,0.254736,False
2014-12-08,0.004524,0.004617,-0.000005,-0.000031,-0.000036,-0.000123,0.000092,-0.000397,0.004118,0.000406,0.203080,False
2014-12-09,0.004529,0.004618,-0.000002,-0.000029,-0.000037,-0.000125,0.000093,-0.000398,0.004120,0.000409,0.204386,False
2014-12-10,0.004488,0.004618,0.000000,-0.000026,-0.000038,-0.000126,0.000094,-0.000399,0.004123,0.000365,0.182661,False
2014-12-11,0.004644,0.004619,0.000003,-0.000024,-0.000039,-0.000128,0.000094,-0.000399,0.004125,0.000519,0.259412,False
2014-12-12,0.004515,0.004619,0.000005,-0.000022,-0.000040,-0.000129,0.000095,-0.000400,0.004128,0.000387,0.193646,False
2014-12-13,0.004529,0.004619,0.000007,-0.000019,-0.000041,-0.000131,0.000096,-0.000401,0.004130,0.000399,0.199370,False
2014-12-14,0.004548,0.004620,0.000010,-0.000017,-0.000042,-0.000132,0.000096,-0.000402,0.004133,0.000415,0.207591,False
2014-12-15,0.004569,0.004620,0.000012,-0.000014,-0.000043,-0.000134,0.000097,-0.000402,0.004135,0.000434,0.216814,False
2014-12-16,0.004603,0.004621,0.000014,-0.000012,-0.000044,-0.000136,0.000097,-0.000403,0.004138,0.000465,0.232548,False
2014-12-17,0.004583,0.004621,0.000016,-0.000010,-0.000045,-0.000137,0.000098,-0.000404,0.004140,0.000443,0.221299,False
2014-12-18,0.004493,0.004621,0.000019,-0.000007,-0.000046,-0.000139,0.000099,-0.000404,0.004143,0.000350,0.175072,False
2014-12-19,0.004528,0.004622,0.000021,-0.000005,-0.000047,-0.000140,0.000099,-0.000405,0.004145,0.000383,0.191374,False
2014-12-20,0.004594,0.004622,0.000022,-0.000002,-0.000048,-0.000142,0.000100,-0.000406,0.004148,0.000446,0.223212,False
2014-12-21,0.004602,0.004623,0.000024,0.000000,-0.000048,-0.000143,0.000100,-0.000406,0.004150,0.000452,0.226090,False
2014-12-22,0.004553,0.004623,0.000026,0.000003,-0.000049,-0.000144,0.000101,-0.000407,0.004152,0.000401,0.200515,False
2014-12-23,0.004451,0.004623,0.000028,0.000005,-0.000050,-0.000146,0.000102,-0.000408,0.004154,0.000297,0.148492,False
2014-12-24,0.004593,0.004624,0.000029,0.000008,-0.000051,-0.000147,0.000102,-0.000408,0.004156,0.000437,0.218526,False
2014-12-25,0.004527,0.004624,0.000030,0.000010,-0.000052,-0.000149,0.000103,-0.000409,0.004158,0.000369,0.184621,False
2014-12-26,0.004549,0.004625,0.000031,0.000013,-0.000053,-0.000150,0.000103,-0.000410,0.004159,0.000390,0.194782,False
2014-12-27,0.004469,0.004625,0.000032,0.000015,-0.000053,-0.000152,0.000104,-0.000410,0.004161,0.000308,0.154013,False
2014-12-28,0.004575,0.004625,0.000033,0.000018,-0.000054,-0.000153,0.000104,-0.000411,0.004162,0.000413,0.206317,False
2014-12-29,0.004415,0.004626,0.000034,0.000020,-0.000055,-0.000154,0.000105,-0.000412,0.004164,0.000251,0.125698,False
2014-12-30,0.004461,0.004626,0.000034,0.000022,-0.000056,-0.000156,0.000106,-0.000412,0.004165,0.000297,0.148408,False
2014-12-31,0.004508,0.004627,0.000035,0.000025,-0.000056,-0.000157,0.000106,-0.000413,0.004166,0.000342,0.171201,False
2015-01-01,0.004423,0.004627,0.000035,0.000027,-0.000057,-0.000158,0.000107,-0.000414,0.004166,0.000257,0.128327,False
2015-01-02,0.004442,0.004627,0.000035,0.000029,-0.000058,-0.000160,0.000107,-0.000414,0.004167,0.000275,0.137540,False
2015-01-03,0.004375,0.004628,0.000035,0.000032,-0.000058,-0.000161,0.000108,-0.000415,0.004167,0.000208,0.103840,False
2015-01-04,0.004586,0.004628,0.000035,0.000034,-0.000059,-0.000162,0.000108,-0.000416,0.004168,0.000418,0.209227,False
2015-01-05,0.004583,0.004629,0.000034,0.000036,-0.000060,-0.000164,0.000109,-0.000416,0.004168,0.000415,0.207704,False
2015-01-06,0.004567,0.004629,0.000033,0.000038,-0.000060,-0.000165,0.000109,-0.000417,0.004167,0.000400,0.199768,False
2015-01-07,0.004561,0.004629,0.000033,0.000040,-0.000061,-0.000166,0.000110,-0.000418,0.004167,0.000394,0.196922,False
2015-01-08,0.004594,0.004630,0.000032,0.000042,-0.000062,-0.000167,0.000110,-0.000418,0.004167,0.000427,0.213662,False
2015-01-09,0.004598,0.004630,0.000031,0.000044,-0.000062,-0.000169,0.000111,-0.000419,0.004166,0.000432,0.215989,False
2015-01-10,0.004602,0.004631,0.000029,0.000046,-0.000063,-0.000170,0.000111,-0.000420,0.004165,0.000437,0.218400,False
2015-01-11,0.004540,0.004631,0.000028,0.000048,-0.000063,-0.000171,0.000112,-0.000420,0.004164,0.000376,0.187895,False
2015-01-12,0.004478,0.004632,0.000027,0.000050,-0.000064,-0.000172,0.000112,-0.000421,0.004163,0.000315,0.157470,False
2015-01-13,0.004658,0.004632,0.000025,0.000052,-0.000064,-0.000173,0.000113,-0.000422,0.004162,0.000496,0.248123,False
2015-01-14,0.004472,0.004632,0.000023,0.000053,-0.000065,-0.000174,0.000113,-0.000422,0.004160,0.000312,0.155851,False
2015-01-15,0.004408,0.004633,0.000021,0.000055,-0.000065,-0.000176,0.000113,-0.000423,0.004159,0.000249,0.124651,False
2015-01-16,0.004524,0.004633,0.000019,0.000056,-0.000066,-0.000177,0.000114,-0.000423,0.004157,0.000367,0.183519,False
2015-01-17,0.004550,0.004634,0.000017,0.000058,-0.000066,-0.000178,0.000114,-0.000424,0.004155,0.000395,0.197452,False
2015-01-18,0.004522,0.004634,0.000015,0.000059,-0.000066,-0.000179,0.000115,-0.000425,0.004153,0.000369,0.184445,False
2015-01-19,0.004467,0.004634,0.000013,0.000061,-0.000067,-0.000180,0.000115,-0.000425,0.004151,0.000316,0.157994,False
2015-01-20,0.004521,0.004635,0.000011,0.000062,-0.000067,-0.000181,0.000116,-0.000426,0.004149,0.000372,0.186095,False
2015-01-21,0.004541,0.004635,0.000008,0.000063,-0.000068,-0.000182,0.000116,-0.000427,0.004147,0.000394,0.197243,False
2015-01-22,0.004597,0.004636,0.000006,0.000064,-0.000068,-0.000183,0.000116,-0.000427,0.004144,0.000453,0.226432,False
2015-01-23,0.004457,0.004636,0.000004,0.000066,-0.000068,-0.000184,0.000117,-0.000428,0.004142,0.000315,0.157659,False
2015-01-24,0.004596,0.004636,0.000001,0.000067,-0.000068,-0.000185,0.000117,-0.000428,0.004139,0.000457,0.228418,False
2015-01-25,0.004416,0.004637,-0.000001,0.000067,-0.000069,-0.000186,0.000118,-0.000429,0.004137,0.000279,0.139703,False
2015-01-26,0.004618,0.004637,-0.000004,0.000068,-0.000069,-0.000187,0.000118,-0.000430,0.004134,0.000484,0.242010,False
2015-01-27,0.004417,0.004638,-0.000006,0.000069,-0.000069,-0.000188,0.000118,-0.000430,0.004131,0.000286,0.142833,False
2015-01-28,0.004517,0.004638,-0.000008,0.000070,-0.000069,-0.000189,0.000119,-0.000431,0.004129,0.000388,0.194168,False
2015-01-29,0.004445,0.004638,-0.000011,0.000070,-0.000069,-0.000190,0.000119,-0.000432,0.004126,0.000319,0.159508,False
2015-01-30,0.004612,0.004639,-0.000013,0.000071,-0.000070,-0.000191,0.000119,-0.000432,0.004123,0.000489,0.244348,False
2015-01-31,0.004571,0.004639,-0.000015,0.000071,-0.000070,-0.000192,0.000120,-0.000433,0.004121,0.000450,0.225184,False
2015-02-01,0.004653,0.004640,-0.000017,0.000072,-0.000070,-0.000193,0.000120,-0.000433,0.004118,0.000535,0.267510,False
2015-02-02,0.004678,0.004640,-0.000019,0.000072,-0.000070,-0.000194,0.000120,-0.000434,0.004115,0.000563,0.281322,False
2015-02-03,0.004611,0.004640,-0.000021,0.000072,-0.000070,-0.000194,0.000121,-0.000434,0.004113,0.000498,0.249115,False
2015-02-04,0.004616,0.004641,-0.000023,0.000072,-0.000070,-0.000195,0.000121,-0.000435,0.004110,0.000506,0.252883,False
2015-02-05,0.004675,0.004641,-0.000025,0.000072,-0.000070,-0.000196,0.000121,-0.000436,0.004108,0.000567,0.283624,False
2015-02-06,0.004682,0.004642,-0.000027,0.000072,-0.000070,-0.000197,0.000122,-0.000436,0.004105,0.000577,0.288331,False
2015-02-07,0.004729,0.004642,-0.000028,0.000072,-0.000070,-0.000198,0.000122,-0.000437,0.004103,0.000626,0.313003,False
2015-02-08,0.004747,0.004642,-0.000029,0.000072,-0.000070,-0.000198,0.000122,-0.000437,0.004101,0.000646,0.323134,False
2015-02-09,0.004578,0.004643,-0.000031,0.000071,-0.000070,-0.000199,0.000122,-0.000438,0.004099,0.000479,0.239722,False
2015-02-10,0.005062,0.004643,-0.000032,0.000071,-0.000070,-0.000200,0.000123,-0.000439,0.004096,0.000966,0.482763,False
2015-02-11,0.004763,0.004644,-0.000033,0.000070,-0.000070,-0.000201,0.000123,-0.000439,0.004094,0.000669,0.334255,False
2015-02-12,0.004577,0.004644,-0.000033,0.000070,-0.000070,-0.000201,0.000123,-0.000440,0.004093,0.000484,0.242194,False
2015-02-13,0.004619,0.004644,-0.000034,0.000069,-0.000070,-0.000202,0.000123,-0.000440,0.004091,0.000528,0.264080,False
2015-02-14,0.004997,0.004645,-0.000035,0.000068,-0.000070,-0.000203,0.000124,-0.000441,0.004089,0.000908,0.453909,False
2015-02-15,0.004669,0.004645,-0.000035,0.000067,-0.000069,-0.000203,0.000124,-0.000441,0.004088,0.000581,0.290680,False
2015-02-16,0.004751,0.004646,-0.000035,0.000066,-0.000069,-0.000204,0.000124,-0.000442,0.004086,0.000665,0.332393,False
2015-02-17,0.004474,0.004646,-0.000035,0.000065,-0.000069,-0.000205,0.000124,-0.000443,0.004085,0.000389,0.194546,False
2015-02-18,0.004501,0.004647,-0.000035,0.000064,-0.000069,-0.000205,0.000125,-0.000443,0.004084,0.000417,0.208638,False
2015-02-19,0.004658,0.004647,-0.000034,0.000063,-0.000068,-0.000206,0.000125,-0.000444,0.004083,0.000575,0.287670,False
2015-02-20,0.004615,0.004647,-0.000034,0.000062,-0.000068,-0.000206,0.000125,-0.000444,0.004082,0.000533,0.266642,False
2015-02-21,0.004580,0.004648,-0.000033,0.000061,-0.000068,-0.000207,0.000125,-0.000445,0.004081,0.000499,0.249554,False
2015-02-22,0.004545,0.004648,-0.000032,0.000059,-0.000068,-0.000207,0.000125,-0.000445,0.004080,0.000465,0.232407,False
2015-02-23,0.004562,0.004649,-0.000031,0.000058,-0.000067,-0.000208,0.000125,-0.000446,0.004080,0.000482,0.241203,False
2015-02-24,0.004558,0.004649,-0.000030,0.000056,-0.000067,-0.000208,0.000126,-0.000446,0.004079,0.000479,0.239443,False
2015-02-25,0.004413,0.004649,-0.000029,0.000055,-0.000066,-0.000209,0.000126,-0.000447,0.004079,0.000334,0.167128,False
2015-02-26,0.004600,0.004650,-0.000028,0.000053,-0.000066,-0.000209,0.000126,-0.000448,0.004078,0.000522,0.260761,False
2015-02-27,0.004793,0.004650,-0.000026,0.000051,-0.000066,-0.000210,0.000126,-0.000448,0.004078,0.000715,0.357345,False
2015-02-28,0.004543,0.004651,-0.000024,0.000050,-0.000065,-0.000210,0.000126,-0.000449,0.004078,0.000465,0.232382,False
2015-03-01,0.004518,0.004651,-0.000022,0.000048,-0.000065,-0.000211,0.000126,-0.000449,0.004078,0.000440,0.219875,False
2015-03-02,0.004455,0.004651,-0.000021,0.000046,-0.000064,-0.000211,0.000126,-0.000450,0.004078,0.000377,0.188327,False
2015-03-03,0.004629,0.004652,-0.000019,0.000044,-0.000064,-0.000211,0.000127,-0.000450,0.004079,0.000550,0.275242,False
2015-03-04,0.004712,0.004652,-0.000016,0.000042,-0.000063,-0.000212,0.000127,-0.000451,0.004079,0.000633,0.316623,False
2015-03-05,0.005182,0.004653,-0.000014,0.000040,-0.000063,-0.000212,0.000127,-0.000451,0.004079,0.001103,0.551475,False
2015-03-06,0.004901,0.004653,-0.000012,0.000038,-0.000062,-0.000212,0.000127,-0.000452,0.004079,0.000822,0.410801,False
2015-03-07,0.004532,0.004653,-0.000010,0.000036,-0.000062,-0.000213,0.000127,-0.000452,0.004080,0.000452,0.226105,False
2015-03-08,0.004467,0.004654,-0.000007,0.000034,-0.000061,-0.000213,0.000127,-0.000453,0.004080,0.000387,0.193392,False
2015-03-09,0.004559,0.004654,-0.000005,0.000031,-0.000060,-0.000213,0.000127,-0.000453,0.004081,0.000478,0.239165,False
2015-03-10,0.004462,0.004655,-0.000003,0.000029,-0.000060,-0.000213,0.000127,-0.000454,0.004081,0.000381,0.190430,False
2015-03-11,0.004861,0.004655,-0.000000,0.000027,-0.000059,-0.000214,0.000127,-0.000454,0.004082,0.000779,0.389691,False
2015-03-12,0.004728,0.004655,0.000002,0.000025,-0.000058,-0.000214,0.000127,-0.000455,0.004082,0.000646,0.322951,False
2015-03-13,0.005040,0.004656,0.000005,0.000022,-0.000058,-0.000214,0.000127,-0.000455,0.004083,0.000957,0.478717,False
2015-03-14,0.004927,0.004656,0.000007,0.000020,-0.000057,-0.000214,0.000127,-0.000456,0.004083,0.000844,0.421991,False
2015-03-15,0.004878,0.004657,0.000009,0.000017,-0.000056,-0.000214,0.000127,-0.000456,0.004083,0.000795,0.397278,False
2015-03-16,0.005056,0.004657,0.000012,0.000015,-0.000056,-0.000215,0.000127,-0.000457,0.004084,0.000972,0.486083,False
2015-03-17,0.004622,0.004657,0.000014,0.000013,-0.000055,-0.000215,0.000127,-0.000457,0.004084,0.000538,0.268910,False
2015-03-18,0.004503,0.004658,0.000016,0.000010,-0.000054,-0.000215,0.000127,-0.000458,0.004084,0.000419,0.209262,False
2015-03-19,0.004477,0.004658,0.000018,0.000008,-0.000053,-0.000215,0.000127,-0.000458,0.004085,0.000392,0.196144,False
2015-03-20,0.004611,0.004659,0.000020,0.000005,-0.000053,-0.000215,0.000127,-0.000459,0.004085,0.000526,0.263058,False
2015-03-21,0.004660,0.004659,0.000022,0.000003,-0.000052,-0.000215,0.000127,-0.000459,0.004085,0.000575,0.287510,False
2015-03-22,0.004573,0.004660,0.000024,0.000000,-0.000051,-0.000215,0.000127,-0.000460,0.004085,0.000488,0.244001,False
2015-03-23,0.004738,0.004660,0.000026,-0.000002,-0.000050,-0.000215,0.000127,-0.000460,0.004085,0.000653,0.326534,False
2015-03-24,0.004547,0.004660,0.000027,-0.000005,-0.000049,-0.000215,0.000127,-0.000461,0.004085,0.000462,0.231113,False
2015-03-25,0.004597,0.004661,0.000029,-0.000007,-0.000048,-0.000215,0.000127,-0.000461,0.004085,0.000512,0.256240,False
2015-03-26,0.004640,0.004661,0.000030,-0.000010,-0.000048,-0.000215,0.000127,-0.000462,0.004084,0.000556,0.277917,False
2015-03-27,0.004691,0.004662,0.000031,-0.000012,-0.000047,-0.000215,0.000127,-0.000462,0.004084,0.000607,0.303645,False
2015-03-28,0.004668,0.004662,0.000032,-0.000015,-0.000046,-0.000215,0.000127,-0.000463,0.004083,0.000585,0.292427,False
2015-03-29,0.004672,0.004662,0.000033,-0.000017,-0.000045,-0.000215,0.000127,-0.000463,0.004082,0.000590,0.294763,False
2015-03-30,0.004661,0.004663,0.000034,-0.000019,-0.000044,-0.000215,0.000127,-0.000464,0.004082,0.000579,0.289654,False
2015-03-31,0.004793,0.004663,0.000034,-0.000022,-0.000043,-0.000215,0.000127,-0.000464,0.004081,0.000712,0.356100,False
2015-04-01,0.004818,0.004664,0.000035,-0.000024,-0.000042,-0.000215,0.000127,-0.000465,0.004080,0.000738,0.369103,False
2015-04-02,0.004892,0.004664,0.000035,-0.000026,-0.000041,-0.000214,0.000127,-0.000465,0.004079,0.000813,0.406660,False
2015-04-03,0.004765,0.004664,0.000035,-0.000029,-0.000040,-0.000214,0.000127,-0.000466,0.004077,0.000688,0.343772,False
2015-04-04,0.005016,0.004665,0.000035,-0.000031,-0.000039,-0.000214,0.000126,-0.000466,0.004076,0.000940,0.469938,False
2015-04-05,0.004809,0.004665,0.000035,-0.000033,-0.000038,-0.000214,0.000126,-0.000466,0.004075,0.000734,0.367156,False
2015-04-06,0.005075,0.004666,0.000034,-0.000035,-0.000037,-0.000214,0.000126,-0.000467,0.004073,0.001001,0.500675,False
2015-04-07,0.005340,0.004666,0.000034,-0.000038,-0.000036,-0.000213,0.000126,-0.000467,0.004072,0.001268,0.634242,False
2015-04-08,0.004793,0.004666,0.000033,-0.000040,-0.000035,-0.000213,0.000126,-0.000468,0.004070,0.000723,0.361604,False
2015-04-09,0.004659,0.004667,0.000032,-0.000042,-0.000034,-0.000213,0.000126,-0.000468,0.004068,0.000591,0.295510,False
2015-04-10,0.004648,0.004667,0.000031,-0.000044,-0.000033,-0.000212,0.000126,-0.000469,0.004066,0.000582,0.290955,False
2015-04-11,0.004705,0.004668,0.000030,-0.000046,-0.000032,-0.000212,0.000125,-0.000469,0.004064,0.000641,0.320437,False
2015-04-12,0.004697,0.004668,0.000028,-0.000048,-0.000031,-0.000212,0.000125,-0.000470,0.004062,0.000635,0.317451,False
2015-04-13,0.004500,0.004668,0.000027,-0.000049,-0.000030,-0.000211,0.000125,-0.000470,0.004060,0.000440,0.219993,False
2015-04-14,0.004629,0.004669,0.000025,-0.000051,-0.000028,-0.000211,0.000125,-0.000470,0.004058,0.000571,0.285559,False
2015-04-15,0.004754,0.004669,0.000024,-0.000053,-0.000027,-0.000211,0.000125,-0.000471,0.004056,0.000698,0.349144,False
2015-04-16,0.004787,0.004670,0.000022,-0.000054,-0.000026,-0.000210,0.000124,-0.000471,0.004054,0.000733,0.366744,False
2015-04-17,0.004655,0.004670,0.000020,-0.000056,-0.000025,-0.000210,0.000124,-0.000472,0.004051,0.000604,0.301853,False
2015-04-18,0.004673,0.004670,0.000018,-0.000058,-0.000024,-0.000209,0.000124,-0.000472,0.004049,0.000624,0.311965,False
2015-04-19,0.004680,0.004671,0.000016,-0.000059,-0.000023,-0.000209,0.000124,-0.000473,0.004047,0.000633,0.316576,False
2015-04-20,0.004879,0.004671,0.000013,-0.000060,-0.000022,-0.000208,0.000124,-0.000473,0.004045,0.000834,0.417179,False
2015-04-21,0.004869,0.004672,0.000011,-0.000062,-0.000021,-0.000208,0.000123,-0.000473,0.004042,0.000827,0.413269,False
2015-04-22,0.004558,0.004672,0.000009,-0.000063,-0.000019,-0.000207,0.000123,-0.000474,0.004040,0.000518,0.258839,False
2015-04-23,0.004738,0.004672,0.000007,-0.000064,-0.000018,-0.000207,0.000123,-0.000474,0.004038,0.000700,0.349884,False
2015-04-24,0.004472,0.004673,0.000004,-0.000065,-0.000017,-0.000206,0.000123,-0.000475,0.004036,0.000436,0.217898,False
2015-04-25,0.004845,0.004673,0.000002,-0.000066,-0.000016,-0.000206,0.000122,-0.000475,0.004034,0.000811,0.405375,False
2015-04-26,0.004593,0.004674,-0.000001,-0.000067,-0.000015,-0.000205,0.000122,-0.000476,0.004032,0.000561,0.280308,False
2015-04-27,0.004772,0.004674,-0.000003,-0.000068,-0.000014,-0.000205,0.000122,-0.000476,0.004031,0.000741,0.370691,False
2015-04-28,0.004657,0.004675,-0.000005,-0.000069,-0.000012,-0.000204,0.000121,-0.000476,0.004029,0.000628,0.314019,False
2015-04-29,0.004490,0.004675,-0.000008,-0.000070,-0.000011,-0.000203,0.000121,-0.000477,0.004027,0.000463,0.231285,False
2015-04-30,0.004759,0.004675,-0.000010,-0.000070,-0.000010,-0.000203,0.000121,-0.000477,0.004026,0.000733,0.366483,False
2015-05-01,0.004767,0.004676,-0.000012,-0.000071,-0.000009,-0.000202,0.000121,-0.000478,0.004025,0.000742,0.371109,False
2015-05-02,0.004713,0.004676,-0.000015,-0.000071,-0.000008,-0.000201,0.000120,-0.000478,0.004024,0.000689,0.344656,False
2015-05-03,0.004784,0.004677,-0.000017,-0.000071,-0.000006,-0.000201,0.000120,-0.000478,0.004023,0.000761,0.380619,False
2015-05-04,0.004745,0.004677,-0.000019,-0.000072,-0.000005,-0.000200,0.000120,-0.000479,0.004022,0.000723,0.361492,False
2015-05-05,0.004802,0.004677,-0.000021,-0.000072,-0.000004,-0.000199,0.000119,-0.000479,0.004021,0.000781,0.390272,False
2015-05-06,0.004686,0.004678,-0.000023,-0.000072,-0.000003,-0.000199,0.000119,-0.000479,0.004021,0.000665,0.332454,False
2015-05-07,0.004681,0.004678,-0.000024,-0.000072,-0.000002,-0.000198,0.000119,-0.000480,0.004021,0.000660,0.330032,False
2015-05-08,0.004954,0.004679,-0.000026,-0.000072,-0.000000,-0.000197,0.000118,-0.000480,0.004021,0.000933,0.466503,False
2015-05-09,0.004653,0.004679,-0.000028,-0.000072,0.000001,-0.000196,0.000118,-0.000481,0.004021,0.000632,0.315864,False
2015-05-10,0.004679,0.004679,-0.000029,-0.000072,0.000002,-0.000195,0.000117,-0.000481,0.004022,0.000657,0.328610,False
2015-05-11,0.004844,0.004680,-0.000030,-0.000071,0.000003,-0.000195,0.000117,-0.000481,0.004023,0.000821,0.410740,False
2015-05-12,0.004683,0.004680,-0.000031,-0.000071,0.000005,-0.000194,0.000117,-0.000482,0.004023,0.000660,0.329750,False
2015-05-13,0.004764,0.004681,-0.000032,-0.000070,0.000006,-0.000193,0.000116,-0.000482,0.004025,0.000739,0.369638,False
2015-05-14,0.004715,0.004681,-0.000033,-0.000070,0.000007,-0.000192,0.000116,-0.000482,0.004026,0.000689,0.344403,False
2015-05-15,0.004553,0.004681,-0.000034,-0.000069,0.000008,-0.000191,0.000116,-0.000483,0.004028,0.000525,0.262542,False
2015-05-16,0.004622,0.004682,-0.000034,-0.000068,0.000009,-0.000190,0.000115,-0.000483,0.004030,0.000592,0.296055,False
2015-05-17,0.004675,0.004682,-0.000035,-0.000068,0.000011,-0.000189,0.000115,-0.000484,0.004032,0.000643,0.321442,False
2015-05-18,0.004707,0.004683,-0.000035,-0.000067,0.000012,-0.000188,0.000114,-0.000484,0.004035,0.000672,0.336202,False
2015-05-19,0.004852,0.004683,-0.000035,-0.000066,0.000013,-0.000187,0.000114,-0.000484,0.004037,0.000815,0.407335,False
2015-05-20,0.004740,0.004683,-0.000035,-0.000065,0.000014,-0.000186,0.000113,-0.000485,0.004040,0.000700,0.349843,False
2015-05-21,0.004615,0.004684,-0.000035,-0.000064,0.000015,-0.000185,0.000113,-0.000485,0.004044,0.000571,0.285726,False
2015-05-22,0.004670,0.004684,-0.000034,-0.000062,0.000016,-0.000184,0.000112,-0.000485,0.004047,0.000623,0.311487,False
2015-05-23,0.004667,0.004685,-0.000033,-0.000061,0.000018,-0.000183,0.000112,-0.000486,0.004051,0.000616,0.308127,False
2015-05-24,0.004789,0.004685,-0.000033,-0.000060,0.000019,-0.000182,0.000112,-0.000486,0.004055,0.000734,0.367148,False
2015-05-25,0.004608,0.004685,-0.000032,-0.000058,0.000020,-0.000181,0.000111,-0.000486,0.004059,0.000549,0.274554,False
2015-05-26,0.004715,0.004686,-0.000031,-0.000057,0.000021,-0.000180,0.000111,-0.000487,0.004063,0.000652,0.325848,False
2015-05-27,0.004661,0.004686,-0.000029,-0.000055,0.000022,-0.000179,0.000110,-0.000487,0.004068,0.000593,0.296534,False
2015-05-28,0.004683,0.004687,-0.000028,-0.000054,0.000023,-0.000178,0.000110,-0.000487,0.004073,0.000610,0.305115,False
2015-05-29,0.004623,0.004687,-0.000026,-0.000052,0.000025,-0.000177,0.000109,-0.000488,0.004078,0.000545,0.272597,False
2015-05-30,0.004666,0.004687,-0.000025,-0.000050,0.000026,-0.000176,0.000109,-0.000488,0.004083,0.000583,0.291483,False
2015-05-31,0.004769,0.004688,-0.000023,-0.000048,0.000027,-0.000175,0.000108,-0.000488,0.004088,0.000681,0.340280,False
2015-06-01,0.004712,0.004688,-0.000021,-0.000046,0.000028,-0.000174,0.000108,-0.000489,0.004094,0.000618,0.308992,False
2015-06-02,0.004901,0.004689,-0.000019,-0.000045,0.000029,-0.000172,0.000107,-0.000489,0.004100,0.000801,0.400626,False
2015-06-03,0.004494,0.004689,-0.000017,-0.000043,0.000030,-0.000171,0.000107,-0.000489,0.004106,0.000388,0.194187,False
2015-06-04,0.004684,0.004690,-0.000015,-0.000041,0.000031,-0.000170,0.000106,-0.000490,0.004112,0.000572,0.286182,False
2015-06-05,0.004550,0.004690,-0.000013,-0.000038,0.000032,-0.000169,0.000105,-0.000490,0.004118,0.000432,0.216117,False
2015-06-06,0.004590,0.004690,-0.000010,-0.000036,0.000033,-0.000168,0.000105,-0.000490,0.004124,0.000466,0.232998,False
2015-06-07,0.004733,0.004691,-0.000008,-0.000034,0.000034,-0.000166,0.000104,-0.000491,0.004130,0.000603,0.301334,False
2015-06-08,0.004702,0.004691,-0.000006,-0.000032,0.000035,-0.000165,0.000104,-0.000491,0.004137,0.000565,0.282630,False
2015-06-09,0.004674,0.004692,-0.000003,-0.000030,0.000036,-0.000164,0.000103,-0.000491,0.004143,0.000531,0.265393,False
2015-06-10,0.004765,0.004692,-0.000001,-0.000027,0.000037,-0.000163,0.000103,-0.000491,0.004150,0.000615,0.307632,False
2015-06-11,0.005005,0.004692,0.000002,-0.000025,0.000038,-0.000161,0.000102,-0.000492,0.004156,0.000849,0.424352,False
2015-06-12,0.005245,0.004693,0.000004,-0.000023,0.000039,-0.000160,0.000102,-0.000492,0.004163,0.001082,0.541063,False
2015-06-13,0.004775,0.004693,0.000006,-0.000020,0.000040,-0.000159,0.000101,-0.000492,0.004169,0.000606,0.302769,False
2015-06-14,0.004779,0.004694,0.000009,-0.000018,0.000041,-0.000157,0.000100,-0.000493,0.004176,0.000603,0.301480,False
2015-06-15,0.005016,0.004694,0.000011,-0.000016,0.000042,-0.000156,0.000100,-0.000493,0.004183,0.000833,0.416702,False
2015-06-16,0.004667,0.004694,0.000013,-0.000013,0.000043,-0.000155,0.000099,-0.000493,0.004189,0.000478,0.238942,False
2015-06-17,0.004784,0.004695,0.000015,-0.000011,0.000044,-0.000153,0.000099,-0.000493,0.004196,0.000588,0.294207,False
2015-06-18,0.004900,0.004695,0.000018,-0.000008,0.000045,-0.000152,0.000098,-0.000494,0.004202,0.000698,0.349004,False
2015-06-19,0.005039,0.004696,0.000020,-0.000006,0.000046,-0.000151,0.000097,-0.000494,0.004208,0.000831,0.415340,False
2015-06-20,0.004762,0.004696,0.000022,-0.000003,0.000047,-0.000149,0.000097,-0.000494,0.004215,0.000547,0.273720,False
2015-06-21,0.005035,0.004696,0.000023,-0.000001,0.000048,-0.000148,0.000096,-0.000495,0.004221,0.000814,0.407153,False
2015-06-22,0.004843,0.004697,0.000025,0.000002,0.000049,-0.000146,0.000095,-0.000495,0.004227,0.000616,0.308142,False
2015-06-23,0.004994,0.004697,0.000027,0.000004,0.000050,-0.000145,0.000095,-0.000495,0.004233,0.000761,0.380695,False
2015-06-24,0.004947,0.004698,0.000028,0.000007,0.000051,-0.000143,0.000094,-0.000495,0.004238,0.000709,0.354317,False
2015-06-25,0.005031,0.004698,0.000030,0.000009,0.000051,-0.000142,0.000093,-0.000496,0.004244,0.000787,0.393512,False
2015-06-26,0.004709,0.004698,0.000031,0.000011,0.000052,-0.000140,0.000093,-0.000496,0.004249,0.000460,0.229786,False
2015-06-27,0.004924,0.004699,0.000032,0.000014,0.000053,-0.000139,0.000092,-0.000496,0.004255,0.000669,0.334644,False
2015-06-28,0.004690,0.004699,0.000033,0.000016,0.000054,-0.000137,0.000091,-0.000496,0.004260,0.000430,0.215088,False
2015-06-29,0.005098,0.004700,0.000034,0.000019,0.000055,-0.000136,0.000091,-0.000497,0.004265,0.000833,0.416624,False
2015-06-30,0.004759,0.004700,0.000034,0.000021,0.000055,-0.000134,0.000090,-0.000497,0.004269,0.000490,0.244754,False
2015-07-01,0.005024,0.004700,0.000035,0.000024,0.000056,-0.000133,0.000089,-0.000497,0.004274,0.000750,0.374982,False
2015-07-02,0.004883,0.004701,0.000035,0.000026,0.000057,-0.000131,0.000089,-0.000497,0.004278,0.000605,0.302309,False
2015-07-03,0.004868,0.004701,0.000035,0.000028,0.000057,-0.000130,0.000088,-0.000498,0.004283,0.000585,0.292739,False
2015-07-04,0.005016,0.004702,0.000035,0.000030,0.000058,-0.000128,0.000087,-0.000498,0.004286,0.000730,0.364773,False
2015-07-05,0.004962,0.004702,0.000035,0.000033,0.000059,-0.000127,0.000087,-0.000498,0.004290,0.000672,0.335913,False
2015-07-06,0.004981,0.004703,0.000034,0.000035,0.000059,-0.000125,0.000086,-0.000498,0.004294,0.000687,0.343659,False
2015-07-07,0.004911,0.004703,0.000034,0.000037,0.000060,-0.000123,0.000085,-0.000499,0.004297,0.000614,0.307012,False
2015-07-08,0.004850,0.004703,0.000033,0.000039,0.000061,-0.000122,0.000084,-0.000499,0.004300,0.000550,0.274971,False
2015-07-09,0.004986,0.004704,0.000032,0.000041,0.000061,-0.000120,0.000084,-0.000499,0.004303,0.000683,0.341538,False
2015-07-10,0.004995,0.004704,0.000031,0.000043,0.000062,-0.000119,0.000083,-0.000499,0.004306,0.000689,0.344711,False
2015-07-11,0.004877,0.004705,0.000030,0.000045,0.000062,-0.000117,0.000082,-0.000500,0.004308,0.000569,0.284488,False
2015-07-12,0.005000,0.004705,0.000029,0.000047,0.000063,-0.000115,0.000082,-0.000500,0.004310,0.000690,0.344869,False
2015-07-13,0.005035,0.004705,0.000027,0.000049,0.000063,-0.000114,0.000081,-0.000500,0.004312,0.000723,0.361352,False
2015-07-14,0.005055,0.004706,0.000026,0.000051,0.000064,-0.000112,0.000080,-0.000500,0.004314,0.000741,0.370434,False
2015-07-15,0.004962,0.004706,0.000024,0.000052,0.000064,-0.000110,0.000079,-0.000500,0.004316,0.000646,0.323114,False
2015-07-16,0.004898,0.004707,0.000022,0.000054,0.000065,-0.000109,0.000079,-0.000501,0.004317,0.000581,0.290387,False
2015-07-17,0.005225,0.004707,0.000020,0.000056,0.000065,-0.000107,0.000078,-0.000501,0.004318,0.000907,0.453251,False
2015-07-18,0.005077,0.004707,0.000018,0.000057,0.000066,-0.000105,0.000077,-0.000501,0.004320,0.000757,0.378703,False
2015-07-19,0.005156,0.004708,0.000016,0.000059,0.000066,-0.000103,0.000076,-0.000501,0.004321,0.000835,0.417738,False
2015-07-20,0.005110,0.004708,0.000014,0.000060,0.000067,-0.000102,0.000075,-0.000501,0.004321,0.000789,0.394353,False
2015-07-21,0.005014,0.004709,0.000012,0.000061,0.000067,-0.000100,0.000075,-0.000502,0.004322,0.000692,0.346044,False
2015-07-22,0.005077,0.004709,0.000010,0.000063,0.000067,-0.000098,0.000074,-0.000502,0.004322,0.000755,0.377305,False
2015-07-23,0.004901,0.004709,0.000007,0.000064,0.000068,-0.000097,0.000073,-0.000502,0.004323,0.000578,0.289134,False
2015-07-24,0.005041,0.004710,0.000005,0.000065,0.000068,-0.000095,0.000072,-0.000502,0.004323,0.000718,0.359023,False
2015-07-25,0.004993,0.004710,0.000002,0.000066,0.000068,-0.000093,0.000072,-0.000502,0.004323,0.000670,0.334970,False
2015-07-26,0.004871,0.004711,-0.000000,0.000067,0.000069,-0.000091,0.000071,-0.000503,0.004323,0.000548,0.273969,False
2015-07-27,0.005280,0.004711,-0.000002,0.000068,0.000069,-0.000089,0.000070,-0.000503,0.004323,0.000957,0.478515,False
2015-07-28,0.005397,0.004711,-0.000005,0.000069,0.000069,-0.000088,0.000069,-0.000503,0.004323,0.001074,0.537102,False
2015-07-29,0.005289,0.004712,-0.000007,0.000069,0.000069,-0.000086,0.000068,-0.000503,0.004323,0.000966,0.483226,False
2015-07-30,0.005211,0.004712,-0.000010,0.000070,0.000069,-0.000084,0.000067,-0.000503,0.004322,0.000889,0.444381,False
2015-07-31,0.004916,0.004713,-0.000012,0.000071,0.000070,-0.000082,0.000067,-0.000503,0.004322,0.000594,0.297063,False
2015-08-01,0.005074,0.004713,-0.000014,0.000071,0.000070,-0.000080,0.000066,-0.000504,0.004321,0.000753,0.376267,False
2015-08-02,0.005126,0.004713,-0.000016,0.000071,0.000070,-0.000079,0.000065,-0.000504,0.004321,0.000805,0.402486,False
2015-08-03,0.005116,0.004714,-0.000018,0.000072,0.000070,-0.000077,0.000064,-0.000504,0.004321,0.000795,0.397717,False
2015-08-04,0.004975,0.004714,-0.000020,0.000072,0.000070,-0.000075,0.000063,-0.000504,0.004320,0.000655,0.327456,False
2015-08-05,0.004974,0.004715,-0.000022,0.000072,0.000070,-0.000073,0.000062,-0.000504,0.004320,0.000654,0.327196,False
2015-08-06,0.005265,0.004715,-0.000024,0.000072,0.000070,-0.000071,0.000062,-0.000504,0.004319,0.000946,0.472934,False
2015-08-07,0.005666,0.004715,-0.000026,0.000072,0.000070,-0.000069,0.000061,-0.000505,0.004319,0.001347,0.673666,False
2015-08-08,0.005306,0.004716,-0.000027,0.000072,0.000070,-0.000068,0.000060,-0.000505,0.004318,0.000988,0.493888,False
2015-08-09,0.005482,0.004716,-0.000029,0.000072,0.000070,-0.000066,0.000059,-0.000505,0.004318,0.001164,0.582095,False
2015-08-10,0.005049,0.004717,-0.000030,0.000071,0.000070,-0.000064,0.000058,-0.000505,0.004317,0.000732,0.365785,False
2015-08-11,0.004697,0.004717,-0.000031,0.000071,0.000070,-0.000062,0.000057,-0.000505,0.004317,0.000380,0.189954,False
2015-08-12,0.004781,0.004718,-0.000032,0.000071,0.000070,-0.000060,0.000057,-0.000505,0.004317,0.000464,0.232100,False
2015-08-13,0.004705,0.004718,-0.000033,0.000070,0.000070,-0.000058,0.000056,-0.000506,0.004317,0.000388,0.194219,False
2015-08-14,0.004565,0.004718,-0.000034,0.000069,0.000070,-0.000056,0.000055,-0.000506,0.004316,0.000249,0.124309,False
2015-08-15,0.004548,0.004719,-0.000034,0.000069,0.000070,-0.000054,0.000054,-0.000506,0.004316,0.000232,0.115869,False
2015-08-16,0.004523,0.004719,-0.000035,0.000068,0.000069,-0.000053,0.000053,-0.000506,0.004316,0.000207,0.103396,False
2015-08-17,0.004411,0.004720,-0.000035,0.000067,0.000069,-0.000051,0.000052,-0.000506,0.004316,0.000095,0.047390,False
2015-08-18,0.004591,0.004720,-0.000035,0.000066,0.000069,-0.000049,0.000051,-0.000506,0.004316,0.000275,0.137349,False
2015-08-19,0.004581,0.004720,-0.000035,0.000065,0.000069,-0.000047,0.000050,-0.000506,0.004316,0.000265,0.132272,False
2015-08-20,0.004571,0.004721,-0.000035,0.000064,0.000069,-0.000045,0.000049,-0.000506,0.004317,0.000254,0.127160,False
2015-08-21,0.004437,0.004721,-0.000034,0.000063,0.000068,-0.000043,0.000049,-0.000507,0.004317,0.000120,0.060012,False
2015-08-22,0.004562,0.004722,-0.000034,0.000061,0.000068,-0.000041,0.000048,-0.000507,0.004317,0.000245,0.122328,False
2015-08-23,0.004530,0.004722,-0.000033,0.000060,0.000068,-0.000039,0.000047,-0.000507,0.004318,0.000212,0.106110,False
2015-08-24,0.004501,0.004722,-0.000032,0.000059,0.000067,-0.000037,0.000046,-0.000507,0.004318,0.000183,0.091358,False
2015-08-25,0.004628,0.004723,-0.000031,0.000057,0.000067,-0.000035,0.000045,-0.000507,0.004319,0.000309,0.154574,False
2015-08-26,0.004656,0.004723,-0.000030,0.000056,0.000067,-0.000033,0.000044,-0.000507,0.004319,0.000337,0.168260,False
2015-08-27,0.004423,0.004724,-0.000028,0.000054,0.000066,-0.000031,0.000043,-0.000507,0.004320,0.000103,0.051416,False
2015-08-28,0.004530,0.004724,-0.000027,0.000052,0.000066,-0.000029,0.000042,-0.000507,0.004321,0.000209,0.104547,False
2015-08-29,0.004599,0.004724,-0.000025,0.000051,0.000065,-0.000028,0.000041,-0.000507,0.004322,0.000277,0.138653,False
2015-08-30,0.004687,0.004725,-0.000023,0.000049,0.000065,-0.000026,0.000040,-0.000508,0.004323,0.000364,0.182239,False
2015-08-31,0.004534,0.004725,-0.000022,0.000047,0.000065,-0.000024,0.000040,-0.000508,0.004323,0.000211,0.105306,False
2015-09-01,0.004560,0.004726,-0.000020,0.000045,0.000064,-0.000022,0.000039,-0.000508,0.004324,0.000236,0.117859,False
2015-09-02,0.004639,0.004726,-0.000018,0.000043,0.000064,-0.000020,0.000038,-0.000508,0.004325,0.000314,0.156900,False
2015-09-03,0.004368,0.004726,-0.000015,0.000041,0.000063,-0.000018,0.000037,-0.000508,0.004326,0.000042,0.020934,False
2015-09-04,0.004420,0.004727,-0.000013,0.000039,0.000062,-0.000016,0.000036,-0.000508,0.004327,0.000093,0.046464,False
2015-09-05,0.004367,0.004727,-0.000011,0.000037,0.000062,-0.000014,0.000035,-0.000508,0.004328,0.000039,0.019494,False
2015-09-06,0.004482,0.004728,-0.000009,0.000035,0.000061,-0.000012,0.000034,-0.000508,0.004329,0.000153,0.076528,False
2015-09-07,0.004843,0.004728,-0.000006,0.000033,0.000061,-0.000010,0.000033,-0.000508,0.004330,0.000513,0.256570,False
2015-09-08,0.004521,0.004728,-0.000004,0.000030,0.000060,-0.000008,0.000032,-0.000508,0.004331,0.000190,0.095126,False
2015-09-09,0.004465,0.004729,-0.000002,0.000028,0.000059,-0.000006,0.000031,-0.000508,0.004332,0.000133,0.066698,False
2015-09-10,0.004485,0.004729,0.000001,0.000026,0.000059,-0.000004,0.000030,-0.000508,0.004332,0.000153,0.076292,False
2015-09-11,0.004474,0.004730,0.000003,0.000023,0.000058,-0.000002,0.000029,-0.000509,0.004333,0.000141,0.070411,False
2015-09-12,0.004403,0.004730,0.000006,0.000021,0.000057,-0.000000,0.000028,-0.000509,0.004334,0.000069,0.034560,False
2015-09-13,0.004711,0.004731,0.000008,0.000019,0.000057,0.000002,0.000027,-0.000509,0.004335,0.000376,0.188242,False
2015-09-14,0.004490,0.004731,0.000010,0.000016,0.000056,0.000004,0.000026,-0.000509,0.004335,0.000155,0.077464,False
2015-09-15,0.004599,0.004731,0.000013,0.000014,0.000055,0.000006,0.000026,-0.000509,0.004336,0.000263,0.131727,False
2015-09-16,0.004622,0.004732,0.000015,0.000011,0.000055,0.000008,0.000025,-0.000509,0.004336,0.000286,0.143036,False
2015-09-17,0.004588,0.004732,0.000017,0.000009,0.000054,0.000010,0.000024,-0.000509,0.004336,0.000252,0.125896,False
2015-09-18,0.004513,0.004733,0.000019,0.000006,0.000053,0.000012,0.000023,-0.000509,0.004336,0.000177,0.088308,False
2015-09-19,0.004525,0.004733,0.000021,0.000004,0.000052,0.000014,0.000022,-0.000509,0.004336,0.000189,0.094278,False
2015-09-20,0.004409,0.004733,0.000023,0.000001,0.000051,0.000015,0.000021,-0.000509,0.004336,0.000073,0.036307,False
2015-09-21,0.004866,0.004734,0.000025,-0.000001,0.000051,0.000017,0.000020,-0.000509,0.004336,0.000530,0.264900,False
2015-09-22,0.004605,0.004734,0.000026,-0.000003,0.000050,0.000019,0.000019,-0.000509,0.004336,0.000269,0.134558,False
2015-09-23,0.004603,0.004735,0.000028,-0.000006,0.000049,0.000021,0.000018,-0.000509,0.004335,0.000268,0.133783,False
2015-09-24,0.004543,0.004735,0.000029,-0.000008,0.000048,0.000023,0.000017,-0.000509,0.004335,0.000208,0.104079,False
2015-09-25,0.004633,0.004735,0.000031,-0.000011,0.000047,0.000025,0.000016,-0.000509,0.004334,0.000299,0.149446,False
2015-09-26,0.004907,0.004736,0.000032,-0.000013,0.000046,0.000027,0.000015,-0.000509,0.004333,0.000574,0.286886,False
2015-09-27,0.004996,0.004736,0.000033,-0.000016,0.000045,0.000029,0.000014,-0.000509,0.004332,0.000664,0.331901,False
2015-09-28,0.005433,0.004737,0.000033,-0.000018,0.000044,0.000031,0.000013,-0.000509,0.004331,0.001102,0.550990,False
2015-09-29,0.004827,0.004737,0.000034,-0.000021,0.000043,0.000033,0.000012,-0.000509,0.004330,0.000497,0.248655,False
2015-09-30,0.005176,0.004737,0.000035,-0.000023,0.000042,0.000035,0.000011,-0.000509,0.004328,0.000848,0.423896,False
2015-10-01,0.004929,0.004738,0.000035,-0.000025,0.000042,0.000037,0.000010,-0.000509,0.004327,0.000602,0.301211,False
2015-10-02,0.004443,0.004738,0.000035,-0.000028,0.000041,0.000039,0.000009,-0.000509,0.004325,0.000118,0.059100,False
2015-10-03,0.004404,0.004739,0.000035,-0.000030,0.000040,0.000041,0.000008,-0.000509,0.004323,0.000081,0.040563,False
2015-10-04,0.004465,0.004739,0.000035,-0.000032,0.000039,0.000043,0.000007,-0.000509,0.004321,0.000144,0.072098,False
2015-10-05,0.004406,0.004739,0.000034,-0.000034,0.000038,0.000045,0.000006,-0.000509,0.004319,0.000087,0.043702,False
2015-10-06,0.004650,0.004740,0.000034,-0.000036,0.000036,0.000046,0.000005,-0.000509,0.004316,0.000334,0.166874,False
2015-10-07,0.004476,0.004740,0.000033,-0.000039,0.000035,0.000048,0.000004,-0.000509,0.004314,0.000162,0.081111,False
2015-10-08,0.004720,0.004741,0.000032,-0.000041,0.000034,0.000050,0.000003,-0.000509,0.004311,0.000409,0.204410,False
2015-10-09,0.004651,0.004741,0.000031,-0.000043,0.000033,0.000052,0.000002,-0.000509,0.004308,0.000343,0.171269,False
2015-10-10,0.004581,0.004741,0.000030,-0.000045,0.000032,0.000054,0.000002,-0.000509,0.004306,0.000275,0.137682,False
2015-10-11,0.004552,0.004742,0.000029,-0.000047,0.000031,0.000056,0.000001,-0.000509,0.004303,0.000249,0.124647,False
2015-10-12,0.004605,0.004742,0.000028,-0.000048,0.000030,0.000058,-0.000000,-0.000509,0.004300,0.000305,0.152492,False
2015-10-13,0.004657,0.004743,0.000026,-0.000050,0.000029,0.000060,-0.000001,-0.000509,0.004297,0.000361,0.180380,False
2015-10-14,0.004710,0.004743,0.000024,-0.000052,0.000028,0.000062,-0.000002,-0.000509,0.004293,0.000417,0.208305,False
2015-10-15,0.004566,0.004743,0.000023,-0.000054,0.000027,0.000064,-0.000003,-0.000509,0.004290,0.000276,0.137930,False
2015-10-16,0.004395,0.004744,0.000021,-0.000055,0.000026,0.000065,-0.000004,-0.000509,0.004287,0.000108,0.054082,False
2015-10-17,0.004494,0.004744,0.000019,-0.000057,0.000025,0.000067,-0.000005,-0.000509,0.004283,0.000211,0.105255,False
2015-10-18,0.004610,0.004745,0.000017,-0.000058,0.000023,0.000069,-0.000006,-0.000509,0.004280,0.000330,0.164945,False
2015-10-19,0.004948,0.004745,0.000015,-0.000060,0.000022,0.000071,-0.000007,-0.000509,0.004277,0.000671,0.335644,False
2015-10-20,0.005154,0.004746,0.000012,-0.000061,0.000021,0.000073,-0.000008,-0.000509,0.004273,0.000881,0.440348,False
2015-10-21,0.004793,0.004746,0.000010,-0.000062,0.000020,0.000075,-0.000009,-0.000509,0.004270,0.000523,0.261549,False
2015-10-22,0.004702,0.004746,0.000008,-0.000064,0.000019,0.000076,-0.000010,-0.000509,0.004267,0.000435,0.217742,False
2015-10-23,0.004649,0.004747,0.000005,-0.000065,0.000018,0.000078,-0.000011,-0.000509,0.004263,0.000386,0.192920,False
2015-10-24,0.004701,0.004747,0.000003,-0.000066,0.000016,0.000080,-0.000012,-0.000509,0.004260,0.000441,0.220577,False
2015-10-25,0.004628,0.004748,0.000001,-0.000067,0.000015,0.000082,-0.000013,-0.000509,0.004257,0.000371,0.185705,False
2015-10-26,0.004584,0.004748,-0.000002,-0.000068,0.000014,0.000084,-0.000014,-0.000509,0.004253,0.000331,0.165300,False
2015-10-27,0.004535,0.004748,-0.000004,-0.000068,0.000013,0.000086,-0.000015,-0.000509,0.004250,0.000285,0.142355,False
2015-10-28,0.004438,0.004749,-0.000007,-0.000069,0.000012,0.000087,-0.000016,-0.000509,0.004247,0.000191,0.095362,False
2015-10-29,0.004643,0.004749,-0.000009,-0.000070,0.000011,0.000089,-0.000017,-0.000509,0.004244,0.000399,0.199317,False
2015-10-30,0.004607,0.004750,-0.000011,-0.000070,0.000009,0.000091,-0.000018,-0.000509,0.004242,0.000365,0.182712,False
2015-10-31,0.004667,0.004750,-0.000014,-0.000071,0.000008,0.000093,-0.000019,-0.000509,0.004239,0.000428,0.214042,False
2015-11-01,0.004840,0.004750,-0.000016,-0.000071,0.000007,0.000094,-0.000020,-0.000509,0.004236,0.000604,0.301802,False
2015-11-02,0.004660,0.004751,-0.000018,-0.000072,0.000006,0.000096,-0.000021,-0.000509,0.004234,0.000426,0.212985,False
2015-11-03,0.004672,0.004751,-0.000020,-0.000072,0.000005,0.000098,-0.000022,-0.000509,0.004232,0.000440,0.220087,False
2015-11-04,0.004548,0.004752,-0.000022,-0.000072,0.000003,0.000100,-0.000023,-0.000509,0.004230,0.000318,0.159102,False
2015-11-05,0.004630,0.004752,-0.000024,-0.000072,0.000002,0.000101,-0.000023,-0.000508,0.004228,0.000402,0.201025,False
2015-11-06,0.004657,0.004752,-0.000025,-0.000072,0.000001,0.000103,-0.000024,-0.000508,0.004226,0.000431,0.215353,False
2015-11-07,0.004624,0.004753,-0.000027,-0.000072,-0.000000,0.000105,-0.000025,-0.000508,0.004225,0.000399,0.199580,False
2015-11-08,0.004668,0.004753,-0.000028,-0.000072,-0.000001,0.000107,-0.000026,-0.000508,0.004224,0.000444,0.222203,False
2015-11-09,0.004664,0.004754,-0.000030,-0.000071,-0.000003,0.000108,-0.000027,-0.000508,0.004223,0.000441,0.220718,False
2015-11-10,0.004793,0.004754,-0.000031,-0.000071,-0.000004,0.000110,-0.000028,-0.000508,0.004222,0.000571,0.285622,False
2015-11-11,0.004710,0.004754,-0.000032,-0.000071,-0.000005,0.000112,-0.000029,-0.000508,0.004221,0.000489,0.244413,False
2015-11-12,0.004544,0.004755,-0.000033,-0.000070,-0.000006,0.000113,-0.000030,-0.000508,0.004221,0.000323,0.161588,False
2015-11-13,0.004492,0.004755,-0.000034,-0.000070,-0.000008,0.000115,-0.000031,-0.000508,0.004221,0.000271,0.135645,False
2015-11-14,0.004579,0.004756,-0.000034,-0.000069,-0.000009,0.000117,-0.000032,-0.000508,0.004221,0.000358,0.179082,False
2015-11-15,0.004582,0.004756,-0.000035,-0.000068,-0.000010,0.000118,-0.000033,-0.000508,0.004221,0.000361,0.180399,False
2015-11-16,0.004585,0.004756,-0.000035,-0.000067,-0.000011,0.000120,-0.000034,-0.000508,0.004222,0.000363,0.181595,False
2015-11-17,0.004612,0.004757,-0.000035,-0.000066,-0.000012,0.000122,-0.000035,-0.000507,0.004223,0.000389,0.194669,False
2015-11-18,0.004534,0.004757,-0.000035,-0.000065,-0.000013,0.000123,-0.000036,-0.000507,0.004224,0.000310,0.155122,False
2015-11-19,0.004687,0.004758,-0.000035,-0.000064,-0.000015,0.000125,-0.000037,-0.000507,0.004225,0.000462,0.230955,False
2015-11-20,0.004773,0.004758,-0.000034,-0.000063,-0.000016,0.000126,-0.000038,-0.000507,0.004227,0.000546,0.273167,False
2015-11-21,0.004677,0.004759,-0.000034,-0.000062,-0.000017,0.000128,-0.000038,-0.000507,0.004228,0.000449,0.224262,False
2015-11-22,0.006201,0.004759,-0.000033,-0.000060,-0.000018,0.000129,-0.000039,-0.000507,0.004231,0.001970,0.985241,False
2015-11-23,0.005507,0.004759,-0.000032,-0.000059,-0.000019,0.000131,-0.000040,-0.000507,0.004233,0.001274,0.637106,False
2015-11-24,0.004813,0.004760,-0.000031,-0.000058,-0.000021,0.000133,-0.000041,-0.000507,0.004235,0.000578,0.288860,False
2015-11-25,0.004627,0.004760,-0.000030,-0.000056,-0.000022,0.000134,-0.000042,-0.000507,0.004238,0.000389,0.194507,False
2015-11-26,0.004697,0.004761,-0.000029,-0.000054,-0.000023,0.000136,-0.000043,-0.000506,0.004241,0.000456,0.228049,False
2015-11-27,0.004673,0.004761,-0.000027,-0.000053,-0.000024,0.000137,-0.000044,-0.000506,0.004244,0.000429,0.214491,False
2015-11-28,0.004593,0.004761,-0.000026,-0.000051,-0.000025,0.000139,-0.000045,-0.000506,0.004247,0.000346,0.172837,False
2015-11-29,0.004718,0.004762,-0.000024,-0.000049,-0.000026,0.000140,-0.000046,-0.000506,0.004251,0.000467,0.233592,False
2015-11-30,0.004656,0.004762,-0.000022,-0.000047,-0.000027,0.000142,-0.000047,-0.000506,0.004254,0.000402,0.200760,False
2015-12-01,0.004629,0.004763,-0.000020,-0.000046,-0.000028,0.000143,-0.000048,-0.000506,0.004258,0.000371,0.185348,False
2015-12-02,0.004822,0.004763,-0.000018,-0.000044,-0.000030,0.000145,-0.000048,-0.000506,0.004262,0.000560,0.279860,False
2015-12-03,0.004613,0.004763,-0.000016,-0.000042,-0.000031,0.000146,-0.000049,-0.000506,0.004266,0.000347,0.173302,False
2015-12-04,0.004678,0.004764,-0.000014,-0.000040,-0.000032,0.000147,-0.000050,-0.000505,0.004271,0.000407,0.203681,False
2015-12-05,0.004839,0.004764,-0.000012,-0.000037,-0.000033,0.000149,-0.000051,-0.000505,0.004275,0.000564,0.282002,False
2015-12-06,0.004777,0.004765,-0.000009,-0.000035,-0.000034,0.000150,-0.000052,-0.000505,0.004279,0.000498,0.248773,False
2015-12-07,0.004799,0.004765,-0.000007,-0.000033,-0.000035,0.000152,-0.000053,-0.000505,0.004284,0.000515,0.257499,False
2015-12-08,0.004907,0.004765,-0.000005,-0.000031,-0.000036,0.000153,-0.000054,-0.000505,0.004289,0.000618,0.309188,False
2015-12-09,0.005146,0.004766,-0.000002,-0.000029,-0.000037,0.000154,-0.000055,-0.000505,0.004293,0.000853,0.426346,False
2015-12-10,0.004882,0.004766,0.000000,-0.000026,-0.000038,0.000156,-0.000056,-0.000504,0.004298,0.000584,0.291980,False
2015-12-11,0.005086,0.004767,0.000003,-0.000024,-0.000039,0.000157,-0.000056,-0.000504,0.004303,0.000783,0.391597,False
2015-12-12,0.004806,0.004767,0.000005,-0.000022,-0.000040,0.000158,-0.000057,-0.000504,0.004308,0.000498,0.249204,False
2015-12-13,0.004809,0.004767,0.000007,-0.000019,-0.000041,0.000160,-0.000058,-0.000504,0.004312,0.000497,0.248309,False
2015-12-14,0.004594,0.004768,0.000010,-0.000017,-0.000042,0.000161,-0.000059,-0.000504,0.004317,0.000277,0.138417,False
2015-12-15,0.004587,0.004768,0.000012,-0.000014,-0.000043,0.000162,-0.000060,-0.000504,0.004322,0.000265,0.132536,False
2015-12-16,0.004634,0.004769,0.000014,-0.000012,-0.000044,0.000164,-0.000061,-0.000503,0.004327,0.000307,0.153673,False
2015-12-17,0.004777,0.004769,0.000016,-0.000010,-0.000045,0.000165,-0.000062,-0.000503,0.004331,0.000446,0.222834,False
2015-12-18,0.004590,0.004769,0.000019,-0.000007,-0.000046,0.000166,-0.000062,-0.000503,0.004336,0.000254,0.127025,False
2015-12-19,0.004650,0.004770,0.000021,-0.000005,-0.000047,0.000167,-0.000063,-0.000503,0.004340,0.000310,0.154754,False
2015-12-20,0.004701,0.004770,0.000022,-0.000002,-0.000048,0.000169,-0.000064,-0.000503,0.004345,0.000356,0.178025,False
2015-12-21,0.004741,0.004771,0.000024,0.000000,-0.000048,0.000170,-0.000065,-0.000503,0.004349,0.000392,0.195845,False
2015-12-22,0.004602,0.004771,0.000026,0.000003,-0.000049,0.000171,-0.000066,-0.000502,0.004354,0.000248,0.124220,False
2015-12-23,0.004525,0.004771,0.000028,0.000005,-0.000050,0.000172,-0.000067,-0.000502,0.004358,0.000167,0.083655,False
2015-12-24,0.004633,0.004772,0.000029,0.000008,-0.000051,0.000173,-0.000067,-0.000502,0.004362,0.000271,0.135654,False
2015-12-25,0.004695,0.004772,0.000030,0.000010,-0.000052,0.000175,-0.000068,-0.000502,0.004366,0.000329,0.164724,False
2015-12-26,0.004698,0.004773,0.000031,0.000013,-0.000053,0.000176,-0.000069,-0.000502,0.004369,0.000329,0.164367,False
2015-12-27,0.004742,0.004773,0.000032,0.000015,-0.000053,0.000177,-0.000070,-0.000501,0.004373,0.000369,0.184588,False
2015-12-28,0.004683,0.004774,0.000033,0.000018,-0.000054,0.000178,-0.000071,-0.000501,0.004376,0.000307,0.153391,False
2015-12-29,0.004563,0.004774,0.000034,0.000020,-0.000055,0.000179,-0.000071,-0.000501,0.004379,0.000184,0.091780,False
2015-12-30,0.004641,0.004774,0.000034,0.000022,-0.000056,0.000180,-0.000072,-0.000501,0.004382,0.000259,0.129256,False
2015-12-31,0.004855,0.004775,0.000035,0.000025,-0.000056,0.000181,-0.000073,-0.000501,0.004385,0.000470,0.234824,False
2016-01-01,0.004551,0.004775,0.000035,0.000027,-0.000057,0.000182,-0.000074,-0.000500,0.004388,0.000163,0.081484,False
2016-01-02,0.004941,0.004776,0.000035,0.000029,-0.000058,0.000183,-0.000075,-0.000500,0.004391,0.000550,0.275242,False
2016-01-03,0.005079,0.004776,0.000035,0.000032,-0.000058,0.000184,-0.000075,-0.000500,0.004393,0.000686,0.343095,False
2016-01-04,0.004552,0.004776,0.000035,0.000034,-0.000059,0.000185,-0.000076,-0.000500,0.004395,0.000157,0.078545,False
2016-01-05,0.004745,0.004777,0.000034,0.000036,-0.000060,0.000186,-0.000077,-0.000500,0.004397,0.000348,0.174091,False
2016-01-06,0.004795,0.004777,0.000033,0.000038,-0.000060,0.000187,-0.000078,-0.000499,0.004399,0.000396,0.198235,False
2016-01-07,0.004865,0.004778,0.000033,0.000040,-0.000061,0.000188,-0.000078,-0.000499,0.004400,0.000465,0.232475,False
2016-01-08,0.004950,0.004778,0.000032,0.000042,-0.000062,0.000189,-0.000079,-0.000499,0.004401,0.000549,0.274312,False
2016-01-09,0.004680,0.004778,0.000031,0.000044,-0.000062,0.000190,-0.000080,-0.000499,0.004403,0.000277,0.138743,False
2016-01-10,0.004706,0.004779,0.000029,0.000046,-0.000063,0.000191,-0.000081,-0.000498,0.004403,0.000303,0.151267,False
2016-01-11,0.004629,0.004779,0.000028,0.000048,-0.000063,0.000192,-0.000081,-0.000498,0.004404,0.000225,0.112384,False
2016-01-12,0.004713,0.004780,0.000027,0.000050,-0.000064,0.000193,-0.000082,-0.000498,0.004405,0.000308,0.154090,False
2016-01-13,0.004956,0.004780,0.000025,0.000052,-0.000064,0.000194,-0.000083,-0.000498,0.004405,0.000551,0.275383,False
2016-01-14,0.004712,0.004780,0.000023,0.000053,-0.000065,0.000194,-0.000084,-0.000497,0.004405,0.000307,0.153260,False
2016-01-15,0.004729,0.004781,0.000021,0.000055,-0.000065,0.000195,-0.000084,-0.000497,0.004406,0.000323,0.161718,False
2016-01-16,0.004777,0.004781,0.000019,0.000056,-0.000066,0.000196,-0.000085,-0.000497,0.004405,0.000372,0.185753,False
2016-01-17,0.004688,0.004782,0.000017,0.000058,-0.000066,0.000197,-0.000086,-0.000497,0.004405,0.000283,0.141362,False
2016-01-18,0.004657,0.004782,0.000015,0.000059,-0.000066,0.000198,-0.000087,-0.000496,0.004405,0.000252,0.126041,False
2016-01-19,0.004550,0.004782,0.000013,0.000061,-0.000067,0.000198,-0.000087,-0.000496,0.004404,0.000146,0.072786,False
2016-01-20,0.004647,0.004783,0.000011,0.000062,-0.000067,0.000199,-0.000088,-0.000496,0.004404,0.000243,0.121592,False
2016-01-21,0.004778,0.004783,0.000008,0.000063,-0.000067,0.000200,-0.000089,-0.000496,0.004403,0.000375,0.187454,False
2016-01-22,0.004633,0.004784,0.000006,0.000064,-0.000068,0.000201,-0.000089,-0.000495,0.004402,0.000231,0.115369,False
2016-01-23,0.004816,0.004784,0.000004,0.000065,-0.000068,0.000201,-0.000090,-0.000495,0.004401,0.000415,0.207330,False
2016-01-24,0.004798,0.004784,0.000001,0.000066,-0.000068,0.000202,-0.000091,-0.000495,0.004400,0.000398,0.198833,False
2016-01-25,0.004679,0.004785,-0.000001,0.000067,-0.000069,0.000203,-0.000091,-0.000495,0.004399,0.000280,0.139873,False
2016-01-26,0.004577,0.004785,-0.000003,0.000068,-0.000069,0.000203,-0.000092,-0.000494,0.004398,0.000179,0.089444,False
2016-01-27,0.004682,0.004786,-0.000006,0.000069,-0.000069,0.000204,-0.000093,-0.000494,0.004397,0.000285,0.142542,False
2016-01-28,0.004705,0.004786,-0.000008,0.000070,-0.000069,0.000205,-0.000093,-0.000494,0.004396,0.000309,0.154661,False
2016-01-29,0.004995,0.004786,-0.000011,0.000070,-0.000069,0.000205,-0.000094,-0.000493,0.004394,0.000601,0.300297,False
2016-01-30,0.004725,0.004787,-0.000013,0.000071,-0.000070,0.000206,-0.000095,-0.000493,0.004393,0.000332,0.165943,False
2016-01-31,0.004694,0.004787,-0.000015,0.000071,-0.000070,0.000206,-0.000095,-0.000493,0.004392,0.000302,0.151095,False
2016-02-01,0.004812,0.004788,-0.000017,0.000072,-0.000070,0.000207,-0.000096,-0.000493,0.004391,0.000421,0.210749,False
2016-02-02,0.004567,0.004788,-0.000019,0.000072,-0.000070,0.000207,-0.000097,-0.000492,0.004389,0.000178,0.088898,False
2016-02-03,0.004588,0.004789,-0.000021,0.000072,-0.000070,0.000208,-0.000097,-0.000492,0.004388,0.000200,0.100039,False
2016-02-04,0.004729,0.004789,-0.000023,0.000072,-0.000070,0.000208,-0.000098,-0.000492,0.004387,0.000342,0.171166,False
2016-02-05,0.004655,0.004789,-0.000025,0.000072,-0.000070,0.000209,-0.000098,-0.000491,0.004385,0.000270,0.134776,False
2016-02-06,0.004727,0.004790,-0.000026,0.000072,-0.000070,0.000209,-0.000099,-0.000491,0.004384,0.000343,0.171365,False
2016-02-07,0.004739,0.004790,-0.000028,0.000072,-0.000070,0.000210,-0.000100,-0.000491,0.004383,0.000356,0.177928,False
2016-02-08,0.004633,0.004791,-0.000029,0.000072,-0.000070,0.000210,-0.000100,-0.000491,0.004382,0.000251,0.125462,False
2016-02-09,0.004646,0.004791,-0.000031,0.000071,-0.000070,0.000211,-0.000101,-0.000490,0.004381,0.000265,0.132463,False
2016-02-10,0.004529,0.004791,-0.000032,0.000071,-0.000070,0.000211,-0.000101,-0.000490,0.004380,0.000149,0.074429,False
2016-02-11,0.004623,0.004792,-0.000033,0.000070,-0.000070,0.000211,-0.000102,-0.000490,0.004379,0.000244,0.121856,False
2016-02-12,0.004614,0.004792,-0.000033,0.000070,-0.000070,0.000212,-0.000103,-0.000489,0.004379,0.000235,0.117742,False
2016-02-13,0.004605,0.004793,-0.000034,0.000069,-0.000070,0.000212,-0.000103,-0.000489,0.004378,0.000227,0.113584,False
2016-02-14,0.004632,0.004793,-0.000035,0.000068,-0.000070,0.000212,-0.000104,-0.000489,0.004377,0.000255,0.127382,False
2016-02-15,0.004657,0.004793,-0.000035,0.000068,-0.000069,0.000213,-0.000104,-0.000488,0.004377,0.000280,0.140132,False
2016-02-16,0.004689,0.004794,-0.000035,0.000067,-0.000069,0.000213,-0.000105,-0.000488,0.004376,0.000313,0.156335,False
2016-02-17,0.004727,0.004794,-0.000035,0.000066,-0.000069,0.000213,-0.000105,-0.000488,0.004376,0.000351,0.175489,False
2016-02-18,0.004447,0.004795,-0.000035,0.000065,-0.000069,0.000213,-0.000106,-0.000487,0.004376,0.000071,0.035594,False
2016-02-19,0.004691,0.004795,-0.000034,0.000063,-0.000068,0.000214,-0.000106,-0.000487,0.004376,0.000315,0.157649,False
2016-02-20,0.004661,0.004795,-0.000034,0.000062,-0.000068,0.000214,-0.000107,-0.000487,0.004376,0.000285,0.142655,False
2016-02-21,0.004651,0.004796,-0.000033,0.000061,-0.000068,0.000214,-0.000107,-0.000486,0.004376,0.000275,0.137611,False
2016-02-22,0.004639,0.004796,-0.000032,0.000060,-0.000068,0.000214,-0.000108,-0.000486,0.004376,0.000263,0.131520,False
2016-02-23,0.004627,0.004797,-0.000032,0.000058,-0.000067,0.000214,-0.000108,-0.000486,0.004376,0.000251,0.125382,False
2016-02-24,0.004571,0.004797,-0.000030,0.000057,-0.000067,0.000215,-0.000109,-0.000485,0.004377,0.000194,0.097199,False
2016-02-25,0.004546,0.004797,-0.000029,0.000055,-0.000067,0.000215,-0.000109,-0.000485,0.004377,0.000169,0.084472,False
2016-02-26,0.004633,0.004798,-0.000028,0.000053,-0.000066,0.000215,-0.000110,-0.000485,0.004378,0.000255,0.127703,False
2016-02-27,0.004618,0.004798,-0.000026,0.000052,-0.000066,0.000215,-0.000110,-0.000484,0.004378,0.000240,0.119896,False
2016-02-28,0.004852,0.004799,-0.000025,0.000050,-0.000065,0.000215,-0.000111,-0.000484,0.004379,0.000473,0.236552,False
2016-02-29,0.004729,0.004799,-0.000023,0.000048,-0.000065,0.000215,-0.000111,-0.000484,0.004380,0.000349,0.174675,False
2016-03-01,0.004739,0.004799,-0.000021,0.000046,-0.000064,0.000215,-0.000112,-0.000483,0.004380,0.000359,0.179267,False
2016-03-02,0.004617,0.004800,-0.000019,0.000044,-0.000064,0.000215,-0.000112,-0.000483,0.004381,0.000236,0.117832,False
2016-03-03,0.004636,0.004800,-0.000017,0.000042,-0.000063,0.000215,-0.000113,-0.000483,0.004382,0.000254,0.126874,False
2016-03-04,0.004851,0.004801,-0.000015,0.000040,-0.000063,0.000215,-0.000113,-0.000482,0.004383,0.000468,0.233896,False
2016-03-05,0.004881,0.004801,-0.000012,0.000038,-0.000062,0.000215,-0.000114,-0.000482,0.004384,0.000497,0.248403,False
2016-03-06,0.004636,0.004801,-0.000010,0.000036,-0.000062,0.000215,-0.000114,-0.000481,0.004385,0.000251,0.125398,False
2016-03-07,0.004637,0.004802,-0.000008,0.000034,-0.000061,0.000215,-0.000115,-0.000481,0.004386,0.000251,0.125386,False
2016-03-08,0.005268,0.004802,-0.000006,0.000032,-0.000061,0.000215,-0.000115,-0.000481,0.004387,0.000881,0.440370,False
2016-03-09,0.004940,0.004803,-0.000003,0.000030,-0.000060,0.000215,-0.000115,-0.000480,0.004388,0.000552,0.275856,False
2016-03-10,0.004808,0.004803,-0.000001,0.000027,-0.000059,0.000215,-0.000116,-0.000480,0.004389,0.000419,0.209347,False
2016-03-11,0.004652,0.004803,0.000002,0.000025,-0.000059,0.000215,-0.000116,-0.000480,0.004390,0.000262,0.130849,False
2016-03-12,0.004565,0.004804,0.000004,0.000023,-0.000058,0.000214,-0.000117,-0.000479,0.004391,0.000174,0.086864,False
2016-03-13,0.004960,0.004804,0.000006,0.000020,-0.000057,0.000214,-0.000117,-0.000479,0.004392,0.000568,0.283899,False
2016-03-14,0.004554,0.004805,0.000009,0.000018,-0.000057,0.000214,-0.000117,-0.000478,0.004393,0.000161,0.080456,False
2016-03-15,0.004654,0.004805,0.000011,0.000016,-0.000056,0.000214,-0.000118,-0.000478,0.004394,0.000260,0.130040,False
2016-03-16,0.004745,0.004806,0.000013,0.000013,-0.000055,0.000214,-0.000118,-0.000478,0.004395,0.000350,0.175156,False
2016-03-17,0.004746,0.004806,0.000016,0.000011,-0.000054,0.000213,-0.000118,-0.000477,0.004395,0.000351,0.175307,False
2016-03-18,0.004728,0.004806,0.000018,0.000008,-0.000054,0.000213,-0.000119,-0.000477,0.004396,0.000332,0.165997,False
2016-03-19,0.004762,0.004807,0.000020,0.000006,-0.000053,0.000213,-0.000119,-0.000476,0.004397,0.000365,0.182730,False
2016-03-20,0.004508,0.004807,0.000022,0.000003,-0.000052,0.000212,-0.000119,-0.000476,0.004397,0.000111,0.055509,False
2016-03-21,0.004557,0.004808,0.000023,0.000001,-0.000051,0.000212,-0.000120,-0.000476,0.004397,0.000160,0.079837,False
2016-03-22,0.004482,0.004808,0.000025,-0.000002,-0.000050,0.000212,-0.000120,-0.000475,0.004398,0.000084,0.042218,False
2016-03-23,0.004759,0.004808,0.000027,-0.000004,-0.000050,0.000212,-0.000120,-0.000475,0.004398,0.000361,0.180654,False
2016-03-24,0.004382,0.004809,0.000028,-0.000007,-0.000049,0.000211,-0.000121,-0.000474,0.004398,-0.000016,-0.007853,False
2016-03-25,0.004457,0.004809,0.000030,-0.000009,-0.000048,0.000211,-0.000121,-0.000474,0.004398,0.000059,0.029700,False
2016-03-26,0.004618,0.004810,0.000031,-0.000012,-0.000047,0.000210,-0.000121,-0.000474,0.004397,0.000221,0.110315,False
2016-03-27,0.004611,0.004810,0.000032,-0.000014,-0.000046,0.000210,-0.000122,-0.000473,0.004397,0.000214,0.106992,False
2016-03-28,0.004433,0.004810,0.000033,-0.000016,-0.000045,0.000209,-0.000122,-0.000473,0.004397,0.000036,0.018234,False
2016-03-29,0.004594,0.004811,0.000034,-0.000019,-0.000044,0.000209,-0.000122,-0.000472,0.004396,0.000198,0.099040,False
2016-03-30,0.004482,0.004811,0.000034,-0.000021,-0.000043,0.000209,-0.000122,-0.000472,0.004395,0.000087,0.043412,False
2016-03-31,0.004614,0.004812,0.000035,-0.000024,-0.000042,0.000208,-0.000123,-0.000471,0.004394,0.000220,0.109850,False
2016-04-01,0.004558,0.004812,0.000035,-0.000026,-0.000041,0.000208,-0.000123,-0.000471,0.004393,0.000165,0.082353,False
2016-04-02,0.004479,0.004812,0.000035,-0.000028,-0.000040,0.000207,-0.000123,-0.000471,0.004392,0.000087,0.043421,False
2016-04-03,0.004425,0.004813,0.000035,-0.000030,-0.000039,0.000207,-0.000123,-0.000470,0.004391,0.000034,0.017053,False
2016-04-04,0.004550,0.004813,0.000035,-0.000033,-0.000038,0.000206,-0.000124,-0.000470,0.004390,0.000160,0.080247,False
2016-04-05,0.004415,0.004814,0.000034,-0.000035,-0.000037,0.000205,-0.000124,-0.000469,0.004388,0.000027,0.013503,False
2016-04-06,0.004641,0.004814,0.000034,-0.000037,-0.000036,0.000205,-0.000124,-0.000469,0.004386,0.000255,0.127317,False
2016-04-07,0.004609,0.004814,0.000033,-0.000039,-0.000035,0.000204,-0.000124,-0.000468,0.004385,0.000224,0.112187,False
2016-04-08,0.004618,0.004815,0.000032,-0.000041,-0.000034,0.000204,-0.000125,-0.000468,0.004383,0.000235,0.117611,False
2016-04-09,0.004434,0.004815,0.000031,-0.000043,-0.000033,0.000203,-0.000125,-0.000468,0.004381,0.000053,0.026585,False
2016-04-10,0.004677,0.004816,0.000030,-0.000045,-0.000032,0.000202,-0.000125,-0.000467,0.004379,0.000298,0.149106,False
2016-04-11,0.004597,0.004816,0.000029,-0.000047,-0.000031,0.000202,-0.000125,-0.000467,0.004377,0.000220,0.110171,False
2016-04-12,0.004557,0.004816,0.000027,-0.000049,-0.000030,0.000201,-0.000125,-0.000466,0.004374,0.000183,0.091274,False
2016-04-13,0.004933,0.004817,0.000026,-0.000051,-0.000029,0.000200,-0.000126,-0.000466,0.004372,0.000561,0.280413,False
2016-04-14,0.004958,0.004817,0.000024,-0.000052,-0.000028,0.000199,-0.000126,-0.000465,0.004370,0.000588,0.294081,False
2016-04-15,0.004695,0.004818,0.000022,-0.000054,-0.000027,0.000199,-0.000126,-0.000465,0.004367,0.000328,0.163776,False
2016-04-16,0.004555,0.004818,0.000020,-0.000056,-0.000025,0.000198,-0.000126,-0.000464,0.004365,0.000190,0.094990,False
2016-04-17,0.004495,0.004818,0.000018,-0.000057,-0.000024,0.000197,-0.000126,-0.000464,0.004363,0.000132,0.066219,False
2016-04-18,0.004658,0.004819,0.000016,-0.000059,-0.000023,0.000196,-0.000126,-0.000463,0.004360,0.000298,0.148958,False
2016-04-19,0.004615,0.004819,0.000014,-0.000060,-0.000022,0.000196,-0.000126,-0.000463,0.004358,0.000257,0.128701,False
2016-04-20,0.004452,0.004820,0.000012,-0.000061,-0.000021,0.000195,-0.000127,-0.000462,0.004355,0.000097,0.048442,False
2016-04-21,0.004401,0.004820,0.000010,-0.000063,-0.000020,0.000194,-0.000127,-0.000462,0.004353,0.000048,0.024175,False
2016-04-22,0.004197,0.004820,0.000007,-0.000064,-0.000019,0.000193,-0.000127,-0.000462,0.004350,-0.000153,-0.076606,False
2016-04-23,0.004654,0.004821,0.000005,-0.000065,-0.000017,0.000192,-0.000127,-0.000461,0.004348,0.000306,0.153093,False
2016-04-24,0.004536,0.004821,0.000003,-0.000066,-0.000016,0.000191,-0.000127,-0.000461,0.004345,0.000191,0.095266,False
2016-04-25,0.004413,0.004822,0.000000,-0.000067,-0.000015,0.000190,-0.000127,-0.000460,0.004343,0.000070,0.034907,False
2016-04-26,0.004629,0.004822,-0.000002,-0.000068,-0.000014,0.000190,-0.000127,-0.000460,0.004341,0.000288,0.144010,False
2016-04-27,0.004598,0.004822,-0.000005,-0.000069,-0.000013,0.000189,-0.000127,-0.000459,0.004339,0.000259,0.129568,False
2016-04-28,0.004514,0.004823,-0.000007,-0.000069,-0.000012,0.000188,-0.000127,-0.000459,0.004337,0.000177,0.088576,False
2016-04-29,0.004628,0.004823,-0.000009,-0.000070,-0.000010,0.000187,-0.000127,-0.000458,0.004335,0.000293,0.146529,False
2016-04-30,0.004441,0.004824,-0.000012,-0.000071,-0.000009,0.000186,-0.000127,-0.000458,0.004333,0.000108,0.053919,False
2016-05-01,0.004556,0.004824,-0.000014,-0.000071,-0.000008,0.000185,-0.000127,-0.000457,0.004332,0.000224,0.112242,False
2016-05-02,0.004905,0.004825,-0.000016,-0.000071,-0.000007,0.000184,-0.000127,-0.000457,0.004330,0.000575,0.287491,False
2016-05-03,0.004624,0.004825,-0.000018,-0.000072,-0.000006,0.000183,-0.000127,-0.000456,0.004329,0.000295,0.147663,False
2016-05-04,0.004696,0.004825,-0.000020,-0.000072,-0.000004,0.000182,-0.000127,-0.000456,0.004327,0.000369,0.184252,False
2016-05-05,0.004776,0.004826,-0.000022,-0.000072,-0.000003,0.000181,-0.000127,-0.000455,0.004326,0.000450,0.224753,False
2016-05-06,0.004792,0.004826,-0.000024,-0.000072,-0.000002,0.000180,-0.000127,-0.000455,0.004326,0.000466,0.233162,False
2016-05-07,0.004745,0.004827,-0.000026,-0.000072,-0.000001,0.000178,-0.000127,-0.000454,0.004325,0.000420,0.209974,False
2016-05-08,0.004582,0.004827,-0.000027,-0.000072,0.000000,0.000177,-0.000127,-0.000454,0.004325,0.000257,0.128686,False
2016-05-09,0.004688,0.004827,-0.000029,-0.000072,0.000002,0.000176,-0.000127,-0.000453,0.004324,0.000364,0.181794,False
2016-05-10,0.004985,0.004828,-0.000030,-0.000071,0.000003,0.000175,-0.000127,-0.000453,0.004324,0.000661,0.330295,False
2016-05-11,0.004400,0.004828,-0.000031,-0.000071,0.000004,0.000174,-0.000127,-0.000452,0.004325,0.000075,0.037686,False
2016-05-12,0.004455,0.004829,-0.000032,-0.000071,0.000005,0.000173,-0.000127,-0.000451,0.004325,0.000130,0.064966,False
2016-05-13,0.004681,0.004829,-0.000033,-0.000070,0.000006,0.000172,-0.000127,-0.000451,0.004326,0.000355,0.177631,False
2016-05-14,0.004618,0.004829,-0.000034,-0.000069,0.000008,0.000170,-0.000127,-0.000450,0.004327,0.000291,0.145680,False
2016-05-15,0.004519,0.004830,-0.000034,-0.000069,0.000009,0.000169,-0.000127,-0.000450,0.004328,0.000191,0.095612,False
2016-05-16,0.004767,0.004830,-0.000035,-0.000068,0.000010,0.000168,-0.000127,-0.000449,0.004329,0.000438,0.218927,False
2016-05-17,0.004598,0.004831,-0.000035,-0.000067,0.000011,0.000167,-0.000127,-0.000449,0.004331,0.000267,0.133623,False
2016-05-18,0.004657,0.004831,-0.000035,-0.000066,0.000012,0.000166,-0.000127,-0.000448,0.004333,0.000324,0.162201,False
2016-05-19,0.004739,0.004831,-0.000035,-0.000065,0.000014,0.000164,-0.000127,-0.000448,0.004335,0.000404,0.202162,False
2016-05-20,0.004772,0.004832,-0.000035,-0.000064,0.000015,0.000163,-0.000127,-0.000447,0.004337,0.000435,0.217506,False
2016-05-21,0.004542,0.004832,-0.000034,-0.000063,0.000016,0.000162,-0.000127,-0.000447,0.004340,0.000202,0.101234,False
2016-05-22,0.004869,0.004833,-0.000034,-0.000062,0.000017,0.000160,-0.000127,-0.000446,0.004342,0.000527,0.263350,False
2016-05-23,0.004746,0.004833,-0.000033,-0.000060,0.000018,0.000159,-0.000126,-0.000446,0.004345,0.000401,0.200354,False
2016-05-24,0.004640,0.004833,-0.000032,-0.000059,0.000019,0.000158,-0.000126,-0.000445,0.004349,0.000291,0.145750,False
2016-05-25,0.004789,0.004834,-0.000031,-0.000057,0.000021,0.000156,-0.000126,-0.000444,0.004352,0.000437,0.218540,False
2016-05-26,0.004930,0.004834,-0.000030,-0.000056,0.000022,0.000155,-0.000126,-0.000444,0.004356,0.000574,0.287228,False
2016-05-27,0.004659,0.004835,-0.000028,-0.000054,0.000023,0.000154,-0.000126,-0.000443,0.004359,0.000300,0.149818,False
2016-05-28,0.004804,0.004835,-0.000027,-0.000053,0.000024,0.000152,-0.000126,-0.000443,0.004363,0.000441,0.220314,False
2016-05-29,0.004594,0.004835,-0.000025,-0.000051,0.000025,0.000151,-0.000126,-0.000442,0.004368,0.000226,0.113220,False
2016-05-30,0.004572,0.004836,-0.000024,-0.000049,0.000026,0.000150,-0.000125,-0.000442,0.004372,0.000200,0.100042,False
2016-05-31,0.004591,0.004836,-0.000022,-0.000047,0.000027,0.000148,-0.000125,-0.000441,0.004376,0.000215,0.107285,False
2016-06-01,0.004614,0.004837,-0.000020,-0.000045,0.000029,0.000147,-0.000125,-0.000441,0.004381,0.000233,0.116454,False
2016-06-02,0.004651,0.004837,-0.000018,-0.000043,0.000030,0.000145,-0.000125,-0.000440,0.004386,0.000265,0.132554,False
2016-06-03,0.004501,0.004837,-0.000016,-0.000041,0.000031,0.000144,-0.000125,-0.000439,0.004391,0.000110,0.055093,False
2016-06-04,0.004637,0.004838,-0.000014,-0.000039,0.000032,0.000142,-0.000124,-0.000439,0.004396,0.000241,0.120576,False
2016-06-05,0.004956,0.004838,-0.000011,-0.000037,0.000033,0.000141,-0.000124,-0.000438,0.004401,0.000555,0.277509,False
2016-06-06,0.004647,0.004839,-0.000009,-0.000035,0.000034,0.000139,-0.000124,-0.000438,0.004406,0.000241,0.120400,False
2016-06-07,0.004870,0.004839,-0.000007,-0.000033,0.000035,0.000138,-0.000124,-0.000437,0.004411,0.000459,0.229255,False
2016-06-08,0.004777,0.004839,-0.000004,-0.000031,0.000036,0.000136,-0.000124,-0.000437,0.004417,0.000360,0.180081,False
2016-06-09,0.004632,0.004840,-0.000002,-0.000028,0.000037,0.000135,-0.000123,-0.000436,0.004422,0.000210,0.104885,False
2016-06-10,0.004630,0.004840,0.000000,-0.000026,0.000038,0.000133,-0.000123,-0.000435,0.004428,0.000202,0.101174,False
2016-06-11,0.004682,0.004841,0.000003,-0.000024,0.000039,0.000132,-0.000123,-0.000435,0.004433,0.000249,0.124455,False
2016-06-12,0.004968,0.004841,0.000005,-0.000022,0.000040,0.000130,-0.000123,-0.000434,0.004439,0.000529,0.264735,False
2016-06-13,0.004570,0.004842,0.000008,-0.000019,0.000041,0.000129,-0.000122,-0.000434,0.004444,0.000126,0.063022,False
2016-06-14,0.004635,0.004842,0.000010,-0.000017,0.000042,0.000127,-0.000122,-0.000433,0.004449,0.000186,0.092822,False
2016-06-15,0.005019,0.004842,0.000012,-0.000014,0.000043,0.000126,-0.000122,-0.000432,0.004455,0.000564,0.282142,False
2016-06-16,0.004677,0.004843,0.000014,-0.000012,0.000044,0.000124,-0.000121,-0.000432,0.004460,0.000217,0.108490,False
2016-06-17,0.004819,0.004843,0.000017,-0.000009,0.000045,0.000122,-0.000121,-0.000431,0.004465,0.000354,0.176872,False
2016-06-18,0.004865,0.004844,0.000019,-0.000007,0.000046,0.000121,-0.000121,-0.000431,0.004470,0.000395,0.197295,False
2016-06-19,0.006086,0.004844,0.000021,-0.000005,0.000047,0.000119,-0.000120,-0.000430,0.004475,0.001611,0.805264,False
2016-06-20,0.006225,0.004844,0.000023,-0.000002,0.000048,0.000118,-0.000120,-0.000429,0.004480,0.001745,0.872287,False
2016-06-21,0.004633,0.004845,0.000024,0.000000,0.000048,0.000116,-0.000120,-0.000429,0.004485,0.000148,0.073869,False
2016-06-22,0.004586,0.004845,0.000026,0.000003,0.000049,0.000114,-0.000120,-0.000428,0.004490,0.000096,0.048017,False
2016-06-23,0.004883,0.004846,0.000028,0.000005,0.000050,0.000113,-0.000119,-0.000428,0.004495,0.000388,0.194234,False
2016-06-24,0.005180,0.004846,0.000029,0.000008,0.000051,0.000111,-0.000119,-0.000427,0.004499,0.000681,0.340528,False
2016-06-25,0.004601,0.004846,0.000030,0.000010,0.000052,0.000109,-0.000118,-0.000426,0.004503,0.000098,0.048902,False
2016-06-26,0.004839,0.004847,0.000031,0.000013,0.000053,0.000108,-0.000118,-0.000426,0.004507,0.000332,0.165861,False
2016-06-27,0.004650,0.004847,0.000032,0.000015,0.000053,0.000106,-0.000118,-0.000425,0.004511,0.000139,0.069409,False
2016-06-28,0.004835,0.004848,0.000033,0.000018,0.000054,0.000104,-0.000117,-0.000424,0.004515,0.000320,0.160050,False
2016-06-29,0.005166,0.004848,0.000034,0.000020,0.000055,0.000102,-0.000117,-0.000424,0.004518,0.000648,0.323788,False
2016-06-30,0.005051,0.004848,0.000034,0.000022,0.000056,0.000101,-0.000117,-0.000423,0.004522,0.000529,0.264626,False
2016-07-01,0.004975,0.004849,0.000035,0.000025,0.000056,0.000099,-0.000116,-0.000423,0.004525,0.000450,0.225065,False
2016-07-02,0.004991,0.004849,0.000035,0.000027,0.000057,0.000097,-0.000116,-0.000422,0.004528,0.000463,0.231610,False
2016-07-03,0.005301,0.004850,0.000035,0.000029,0.000058,0.000096,-0.000115,-0.000421,0.004530,0.000771,0.385260,False
2016-07-04,0.004928,0.004850,0.000035,0.000032,0.000058,0.000094,-0.000115,-0.000421,0.004533,0.000395,0.197519,False
2016-07-05,0.004582,0.004850,0.000035,0.000034,0.000059,0.000092,-0.000115,-0.000420,0.004535,0.000047,0.023386,False
2016-07-06,0.004810,0.004851,0.000034,0.000036,0.000060,0.000090,-0.000114,-0.000419,0.004537,0.000273,0.136363,False
2016-07-07,0.004779,0.004851,0.000033,0.000038,0.000060,0.000088,-0.000114,-0.000419,0.004539,0.000240,0.119950,False
2016-07-08,0.004953,0.004852,0.000033,0.000040,0.000061,0.000087,-0.000113,-0.000418,0.004541,0.000412,0.206146,False
2016-07-09,0.005138,0.004852,0.000032,0.000042,0.000062,0.000085,-0.000113,-0.000417,0.004542,0.000596,0.297951,False
2016-07-10,0.004843,0.004852,0.000031,0.000044,0.000062,0.000083,-0.000112,-0.000417,0.004543,0.000300,0.149865,False
2016-07-11,0.004703,0.004853,0.000029,0.000046,0.000063,0.000081,-0.000112,-0.000416,0.004544,0.000159,0.079385,False
2016-07-12,0.004871,0.004853,0.000028,0.000048,0.000063,0.000079,-0.000111,-0.000416,0.004545,0.000326,0.163010,False
2016-07-13,0.004798,0.004854,0.000027,0.000050,0.000064,0.000078,-0.000111,-0.000415,0.004546,0.000252,0.126237,False
2016-07-14,0.004696,0.004854,0.000025,0.000052,0.000064,0.000076,-0.000111,-0.000414,0.004546,0.000150,0.075065,False
2016-07-15,0.004602,0.004854,0.000023,0.000053,0.000065,0.000074,-0.000110,-0.000414,0.004546,0.000056,0.027991,False
2016-07-16,0.004861,0.004855,0.000021,0.000055,0.000065,0.000072,-0.000110,-0.000413,0.004546,0.000315,0.157512,False
2016-07-17,0.004997,0.004855,0.000019,0.000056,0.000066,0.000070,-0.000109,-0.000412,0.004546,0.000451,0.225623,False
2016-07-18,0.004817,0.004856,0.000017,0.000058,0.000066,0.000068,-0.000109,-0.000412,0.004545,0.000272,0.135822,False
2016-07-19,0.004804,0.004856,0.000015,0.000059,0.000066,0.000067,-0.000108,-0.000411,0.004545,0.000259,0.129604,False
2016-07-20,0.004907,0.004856,0.000013,0.000061,0.000067,0.000065,-0.000108,-0.000410,0.004544,0.000363,0.181466,False
2016-07-21,0.004755,0.004857,0.000011,0.000062,0.000067,0.000063,-0.000107,-0.000410,0.004543,0.000212,0.105903,False
2016-07-22,0.004759,0.004857,0.000008,0.000063,0.000067,0.000061,-0.000106,-0.000409,0.004542,0.000217,0.108410,False
2016-07-23,0.004796,0.004858,0.000006,0.000064,0.000068,0.000059,-0.000106,-0.000408,0.004541,0.000255,0.127483,False
2016-07-24,0.004873,0.004858,0.000004,0.000065,0.000068,0.000057,-0.000105,-0.000408,0.004540,0.000333,0.166616,False
2016-07-25,0.004747,0.004859,0.000001,0.000066,0.000068,0.000055,-0.000105,-0.000407,0.004538,0.000209,0.104306,False
2016-07-26,0.004818,0.004859,-0.000001,0.000067,0.000069,0.000053,-0.000104,-0.000406,0.004537,0.000281,0.140546,False
2016-07-27,0.004771,0.004859,-0.000003,0.000068,0.000069,0.000052,-0.000104,-0.000405,0.004535,0.000236,0.117831,False
2016-07-28,0.005097,0.004860,-0.000006,0.000069,0.000069,0.000050,-0.000103,-0.000405,0.004534,0.000563,0.281658,False
2016-07-29,0.005172,0.004860,-0.000008,0.000070,0.000069,0.000048,-0.000103,-0.000404,0.004532,0.000640,0.320019,False
2016-07-30,0.004802,0.004861,-0.000011,0.000070,0.000069,0.000046,-0.000102,-0.000403,0.004530,0.000272,0.135910,False
2016-07-31,0.004716,0.004861,-0.000013,0.000071,0.000070,0.000044,-0.000101,-0.000403,0.004528,0.000188,0.093827,False
2016-08-01,0.004758,0.004861,-0.000015,0.000071,0.000070,0.000042,-0.000101,-0.000402,0.004526,0.000232,0.115763,False
2016-08-02,0.004916,0.004862,-0.000017,0.000072,0.000070,0.000040,-0.000100,-0.000401,0.004525,0.000391,0.195713,False
2016-08-03,0.004583,0.004862,-0.000019,0.000072,0.000070,0.000038,-0.000100,-0.000401,0.004523,0.000060,0.030174,False
2016-08-04,0.004698,0.004863,-0.000021,0.000072,0.000070,0.000036,-0.000099,-0.000400,0.004521,0.000177,0.088640,False
2016-08-05,0.004618,0.004863,-0.000023,0.000072,0.000070,0.000034,-0.000098,-0.000399,0.004519,0.000099,0.049607,False
2016-08-06,0.004704,0.004863,-0.000025,0.000072,0.000070,0.000032,-0.000098,-0.000399,0.004517,0.000187,0.093569,False
2016-08-07,0.004892,0.004864,-0.000026,0.000072,0.000070,0.000030,-0.000097,-0.000398,0.004515,0.000377,0.188524,False
2016-08-08,0.004642,0.004864,-0.000028,0.000072,0.000070,0.000029,-0.000097,-0.000397,0.004513,0.000129,0.064467,False
2016-08-09,0.005062,0.004865,-0.000029,0.000072,0.000070,0.000027,-0.000096,-0.000396,0.004511,0.000551,0.275394,False
2016-08-10,0.004749,0.004865,-0.000031,0.000071,0.000070,0.000025,-0.000095,-0.000396,0.004509,0.000240,0.119803,False
2016-08-11,0.004884,0.004865,-0.000032,0.000071,0.000070,0.000023,-0.000095,-0.000395,0.004508,0.000376,0.188188,False
2016-08-12,0.004618,0.004866,-0.000033,0.000070,0.000070,0.000021,-0.000094,-0.000394,0.004506,0.000112,0.056049,False
2016-08-13,0.004599,0.004866,-0.000033,0.000070,0.000070,0.000019,-0.000093,-0.000394,0.004504,0.000095,0.047381,False
2016-08-14,0.004949,0.004867,-0.000034,0.000069,0.000070,0.000017,-0.000093,-0.000393,0.004503,0.000446,0.223184,False
2016-08-15,0.004680,0.004867,-0.000035,0.000068,0.000070,0.000015,-0.000092,-0.000392,0.004501,0.000179,0.089454,False
2016-08-16,0.005008,0.004867,-0.000035,0.000068,0.000069,0.000013,-0.000091,-0.000391,0.004500,0.000508,0.254191,False
2016-08-17,0.004876,0.004868,-0.000035,0.000067,0.000069,0.000011,-0.000091,-0.000391,0.004498,0.000378,0.188892,False
2016-08-18,0.004783,0.004868,-0.000035,0.000066,0.000069,0.000009,-0.000090,-0.000390,0.004497,0.000286,0.143057,False
2016-08-19,0.005104,0.004869,-0.000035,0.000065,0.000069,0.000007,-0.000089,-0.000389,0.004496,0.000608,0.304186,False
2016-08-20,0.004818,0.004869,-0.000034,0.000063,0.000068,0.000005,-0.000089,-0.000388,0.004494,0.000324,0.161777,False
2016-08-21,0.004818,0.004869,-0.000034,0.000062,0.000068,0.000003,-0.000088,-0.000388,0.004493,0.000325,0.162331,False
2016-08-22,0.004733,0.004870,-0.000033,0.000061,0.000068,0.000001,-0.000087,-0.000387,0.004492,0.000241,0.120349,False
2016-08-23,0.004889,0.004870,-0.000032,0.000060,0.000068,-0.000001,-0.000087,-0.000386,0.004491,0.000398,0.198831,False
2016-08-24,0.004766,0.004871,-0.000032,0.000058,0.000067,-0.000003,-0.000086,-0.000386,0.004490,0.000276,0.137777,False
2016-08-25,0.004567,0.004871,-0.000030,0.000057,0.000067,-0.000005,-0.000085,-0.000385,0.004490,0.000077,0.038690,False
2016-08-26,0.005044,0.004871,-0.000029,0.000055,0.000067,-0.000007,-0.000084,-0.000384,0.004489,0.000555,0.277571,False
2016-08-27,0.005158,0.004872,-0.000028,0.000053,0.000066,-0.000008,-0.000084,-0.000383,0.004488,0.000670,0.334922,False
2016-08-28,0.004794,0.004872,-0.000026,0.000052,0.000066,-0.000010,-0.000083,-0.000383,0.004488,0.000306,0.153246,False
2016-08-29,0.004601,0.004873,-0.000025,0.000050,0.000065,-0.000012,-0.000082,-0.000382,0.004487,0.000114,0.057044,False
2016-08-30,0.004805,0.004873,-0.000023,0.000048,0.000065,-0.000014,-0.000082,-0.000381,0.004486,0.000319,0.159319,False
2016-08-31,0.004937,0.004873,-0.000021,0.000046,0.000064,-0.000016,-0.000081,-0.000380,0.004486,0.000451,0.225575,False
2016-09-01,0.004605,0.004874,-0.000019,0.000044,0.000064,-0.000018,-0.000080,-0.000380,0.004485,0.000120,0.059814,False
2016-09-02,0.005210,0.004874,-0.000017,0.000042,0.000063,-0.000020,-0.000079,-0.000379,0.004485,0.000725,0.362541,False
2016-09-03,0.004852,0.004875,-0.000015,0.000040,0.000063,-0.000022,-0.000079,-0.000378,0.004484,0.000368,0.183758,False
2016-09-04,0.005008,0.004875,-0.000012,0.000038,0.000062,-0.000024,-0.000078,-0.000377,0.004484,0.000524,0.261969,False
2016-09-05,0.004994,0.004876,-0.000010,0.000036,0.000062,-0.000026,-0.000077,-0.000377,0.004484,0.000510,0.255179,False
2016-09-06,0.004777,0.004876,-0.000008,0.000034,0.000061,-0.000028,-0.000076,-0.000376,0.004483,0.000294,0.146890,False
2016-09-07,0.004935,0.004876,-0.000006,0.000032,0.000061,-0.000030,-0.000075,-0.000375,0.004483,0.000452,0.226108,False
2016-09-08,0.004845,0.004877,-0.000003,0.000030,0.000060,-0.000032,-0.000075,-0.000374,0.004482,0.000363,0.181336,False
2016-09-09,0.004877,0.004877,-0.000001,0.000027,0.000059,-0.000034,-0.000074,-0.000373,0.004482,0.000395,0.197579,False
2016-09-10,0.004851,0.004878,0.000002,0.000025,0.000059,-0.000036,-0.000073,-0.000373,0.004481,0.000370,0.184840,False
2016-09-11,0.004986,0.004878,0.000004,0.000023,0.000058,-0.000038,-0.000072,-0.000372,0.004481,0.000505,0.252624,False
2016-09-12,0.004648,0.004878,0.000006,0.000020,0.000057,-0.000040,-0.000072,-0.000371,0.004480,0.000168,0.083935,False
2016-09-13,0.004737,0.004879,0.000009,0.000018,0.000057,-0.000041,-0.000071,-0.000370,0.004479,0.000258,0.128777,False
2016-09-14,0.005055,0.004879,0.000011,0.000016,0.000056,-0.000043,-0.000070,-0.000370,0.004479,0.000576,0.288154,False
2016-09-15,0.004924,0.004880,0.000013,0.000013,0.000055,-0.000045,-0.000069,-0.000369,0.004478,0.000446,0.223070,False
2016-09-16,0.005232,0.004880,0.000016,0.000011,0.000054,-0.000047,-0.000068,-0.000368,0.004477,0.000755,0.377528,False
2016-09-17,0.004922,0.004880,0.000018,0.000008,0.000054,-0.000049,-0.000067,-0.000367,0.004476,0.000446,0.223032,False
2016-09-18,0.004589,0.004881,0.000020,0.000006,0.000053,-0.000051,-0.000067,-0.000367,0.004475,0.000114,0.057086,False
2016-09-19,0.004779,0.004881,0.000022,0.000003,0.000052,-0.000053,-0.000066,-0.000366,0.004474,0.000305,0.152692,False
2016-09-20,0.004601,0.004882,0.000023,0.000001,0.000051,-0.000055,-0.000065,-0.000365,0.004472,0.000129,0.064354,False
2016-09-21,0.004683,0.004882,0.000025,-0.000002,0.000050,-0.000057,-0.000064,-0.000364,0.004471,0.000212,0.106074,False
2016-09-22,0.004894,0.004882,0.000027,-0.000004,0.000050,-0.000059,-0.000063,-0.000363,0.004469,0.000425,0.212355,False
2016-09-23,0.004792,0.004883,0.000028,-0.000007,0.000049,-0.000060,-0.000062,-0.000363,0.004468,0.000324,0.162198,False
2016-09-24,0.004717,0.004883,0.000030,-0.000009,0.000048,-0.000062,-0.000062,-0.000362,0.004466,0.000251,0.125607,False
2016-09-25,0.004631,0.004884,0.000031,-0.000012,0.000047,-0.000064,-0.000061,-0.000361,0.004464,0.000167,0.083581,False
2016-09-26,0.004918,0.004884,0.000032,-0.000014,0.000046,-0.000066,-0.000060,-0.000360,0.004462,0.000456,0.228123,False
2016-09-27,0.005148,0.004884,0.000033,-0.000016,0.000045,-0.000068,-0.000059,-0.000359,0.004460,0.000688,0.344234,False
2016-09-28,0.005183,0.004885,0.000034,-0.000019,0.000044,-0.000070,-0.000058,-0.000359,0.004457,0.000726,0.362913,False
2016-09-29,0.004662,0.004885,0.000034,-0.000021,0.000043,-0.000072,-0.000057,-0.000358,0.004455,0.000207,0.103662,False
2016-09-30,0.004826,0.004886,0.000035,-0.000024,0.000042,-0.000073,-0.000057,-0.000357,0.004452,0.000374,0.186979,False
2016-10-01,0.004689,0.004886,0.000035,-0.000026,0.000041,-0.000075,-0.000056,-0.000356,0.004449,0.000240,0.119865,False
2016-10-02,0.004630,0.004886,0.000035,-0.000028,0.000040,-0.000077,-0.000055,-0.000355,0.004446,0.000184,0.091819,False
2016-10-03,0.004613,0.004887,0.000035,-0.000030,0.000039,-0.000079,-0.000054,-0.000355,0.004443,0.000170,0.084838,False
2016-10-04,0.004690,0.004887,0.000035,-0.000033,0.000038,-0.000081,-0.000053,-0.000354,0.004440,0.000250,0.124923,False
2016-10-05,0.004791,0.004888,0.000034,-0.000035,0.000037,-0.000083,-0.000052,-0.000353,0.004437,0.000354,0.177069,False
2016-10-06,0.004807,0.004888,0.000034,-0.000037,0.000036,-0.000084,-0.000051,-0.000352,0.004433,0.000374,0.186776,False
2016-10-07,0.004683,0.004888,0.000033,-0.000039,0.000035,-0.000086,-0.000050,-0.000351,0.004430,0.000253,0.126541,False
2016-10-08,0.004767,0.004889,0.000032,-0.000041,0.000034,-0.000088,-0.000050,-0.000350,0.004426,0.000341,0.170360,False
2016-10-09,0.004888,0.004889,0.000031,-0.000043,0.000033,-0.000090,-0.000049,-0.000350,0.004423,0.000465,0.232729,False
2016-10-10,0.004790,0.004890,0.000030,-0.000045,0.000032,-0.000091,-0.000048,-0.000349,0.004419,0.000371,0.185646,False
2016-10-11,0.004812,0.004890,0.000029,-0.000047,0.000031,-0.000093,-0.000047,-0.000348,0.004415,0.000397,0.198606,False
2016-10-12,0.004887,0.004890,0.000027,-0.000049,0.000030,-0.000095,-0.000046,-0.000347,0.004411,0.000476,0.238105,False
2016-10-13,0.004804,0.004891,0.000026,-0.000051,0.000029,-0.000097,-0.000045,-0.000346,0.004407,0.000397,0.198638,False
2016-10-14,0.004697,0.004891,0.000024,-0.000052,0.000028,-0.000098,-0.000044,-0.000345,0.004403,0.000294,0.147199,False
2016-10-15,0.004798,0.004892,0.000022,-0.000054,0.000027,-0.000100,-0.000043,-0.000345,0.004398,0.000400,0.199785,False
2016-10-16,0.004717,0.004892,0.000020,-0.000056,0.000025,-0.000102,-0.000042,-0.000344,0.004394,0.000323,0.161389,False
2016-10-17,0.004740,0.004893,0.000018,-0.000057,0.000024,-0.000104,-0.000041,-0.000343,0.004390,0.000350,0.175006,False
2016-10-18,0.004661,0.004893,0.000016,-0.000059,0.000023,-0.000105,-0.000041,-0.000342,0.004386,0.000275,0.137630,False
2016-10-19,0.004814,0.004893,0.000014,-0.000060,0.000022,-0.000107,-0.000040,-0.000341,0.004381,0.000433,0.216255,False
2016-10-20,0.005127,0.004894,0.000012,-0.000061,0.000021,-0.000109,-0.000039,-0.000340,0.004377,0.000750,0.374874,False
2016-10-21,0.004683,0.004894,0.000010,-0.000063,0.000020,-0.000110,-0.000038,-0.000340,0.004373,0.000310,0.154982,False
2016-10-22,0.004825,0.004895,0.000007,-0.000064,0.000019,-0.000112,-0.000037,-0.000339,0.004369,0.000456,0.228073,False
2016-10-23,0.004727,0.004895,0.000005,-0.000065,0.000017,-0.000114,-0.000036,-0.000338,0.004365,0.000362,0.181139,False
2016-10-24,0.004601,0.004895,0.000003,-0.000066,0.000016,-0.000115,-0.000035,-0.000337,0.004361,0.000240,0.120175,False
2016-10-25,0.004677,0.004896,0.000000,-0.000067,0.000015,-0.000117,-0.000034,-0.000336,0.004357,0.000320,0.160173,False
2016-10-26,0.004628,0.004896,-0.000002,-0.000068,0.000014,-0.000119,-0.000033,-0.000335,0.004353,0.000275,0.137629,False
2016-10-27,0.004657,0.004897,-0.000005,-0.000069,0.000013,-0.000120,-0.000032,-0.000335,0.004349,0.000308,0.154034,False
2016-10-28,0.004586,0.004897,-0.000007,-0.000069,0.000012,-0.000122,-0.000031,-0.000334,0.004345,0.000241,0.120383,False
2016-10-29,0.004784,0.004897,-0.000009,-0.000070,0.000010,-0.000124,-0.000030,-0.000333,0.004342,0.000442,0.221169,False
2016-10-30,0.004694,0.004898,-0.000012,-0.000071,0.000009,-0.000125,-0.000029,-0.000332,0.004338,0.000356,0.177887,False
2016-10-31,0.004605,0.004898,-0.000014,-0.000071,0.000008,-0.000127,-0.000028,-0.000331,0.004335,0.000270,0.135031,False
2016-11-01,0.004624,0.004899,-0.000016,-0.000071,0.000007,-0.000128,-0.000028,-0.000330,0.004332,0.000292,0.146094,False
2016-11-02,0.004713,0.004899,-0.000018,-0.000072,0.000006,-0.000130,-0.000027,-0.000329,0.004329,0.000384,0.192072,False
2016-11-03,0.004599,0.004899,-0.000020,-0.000072,0.000004,-0.000131,-0.000026,-0.000329,0.004326,0.000273,0.136458,False
2016-11-04,0.004684,0.004900,-0.000022,-0.000072,0.000003,-0.000133,-0.000025,-0.000328,0.004324,0.000360,0.180248,False
2016-11-05,0.004634,0.004900,-0.000024,-0.000072,0.000002,-0.000134,-0.000024,-0.000327,0.004321,0.000313,0.156437,False
2016-11-06,0.004719,0.004901,-0.000026,-0.000072,0.000001,-0.000136,-0.000023,-0.000326,0.004319,0.000400,0.200021,False
2016-11-07,0.004684,0.004901,-0.000027,-0.000072,-0.000000,-0.000138,-0.000022,-0.000325,0.004317,0.000367,0.183495,False
2016-11-08,0.004733,0.004901,-0.000029,-0.000072,-0.000002,-0.000139,-0.000021,-0.000324,0.004315,0.000418,0.208855,False
2016-11-09,0.004666,0.004902,-0.000030,-0.000071,-0.000003,-0.000141,-0.000020,-0.000323,0.004314,0.000352,0.176098,False
2016-11-10,0.004965,0.004902,-0.000031,-0.000071,-0.000004,-0.000142,-0.000019,-0.000322,0.004313,0.000652,0.326221,False
2016-11-11,0.004739,0.004903,-0.000032,-0.000071,-0.000005,-0.000143,-0.000018,-0.000322,0.004312,0.000427,0.213721,False
2016-11-12,0.004659,0.004903,-0.000033,-0.000070,-0.000006,-0.000145,-0.000017,-0.000321,0.004311,0.000348,0.174096,False
2016-11-13,0.004630,0.004903,-0.000034,-0.000069,-0.000008,-0.000146,-0.000016,-0.000320,0.004310,0.000320,0.159843,False
2016-11-14,0.004630,0.004904,-0.000034,-0.000069,-0.000009,-0.000148,-0.000015,-0.000319,0.004310,0.000320,0.159962,False
2016-11-15,0.004540,0.004904,-0.000035,-0.000068,-0.000010,-0.000149,-0.000014,-0.000318,0.004310,0.000230,0.114950,False
2016-11-16,0.004612,0.004905,-0.000035,-0.000067,-0.000011,-0.000151,-0.000013,-0.000317,0.004310,0.000302,0.150808,False
2016-11-17,0.004739,0.004905,-0.000035,-0.000066,-0.000012,-0.000152,-0.000012,-0.000316,0.004311,0.000428,0.214035,False
2016-11-18,0.004572,0.004905,-0.000035,-0.000065,-0.000014,-0.000153,-0.000011,-0.000315,0.004312,0.000260,0.130131,False
2016-11-19,0.004712,0.004906,-0.000035,-0.000064,-0.000015,-0.000155,-0.000010,-0.000315,0.004313,0.000399,0.199597,False
2016-11-20,0.004773,0.004906,-0.000034,-0.000063,-0.000016,-0.000156,-0.000009,-0.000314,0.004314,0.000459,0.229434,False
2016-11-21,0.004757,0.004907,-0.000034,-0.000062,-0.000017,-0.000157,-0.000008,-0.000313,0.004316,0.000441,0.220644,False
2016-11-22,0.004731,0.004907,-0.000033,-0.000060,-0.000018,-0.000159,-0.000007,-0.000312,0.004318,0.000413,0.206728,False
2016-11-23,0.004768,0.004907,-0.000032,-0.000059,-0.000019,-0.000160,-0.000007,-0.000311,0.004320,0.000448,0.224188,False
2016-11-24,0.004564,0.004908,-0.000031,-0.000057,-0.000021,-0.000161,-0.000006,-0.000310,0.004322,0.000242,0.121029,False
2016-11-25,0.004565,0.004908,-0.000030,-0.000056,-0.000022,-0.000163,-0.000005,-0.000309,0.004324,0.000241,0.120251,False
2016-11-26,0.004819,0.004909,-0.000028,-0.000054,-0.000023,-0.000164,-0.000004,-0.000308,0.004327,0.000492,0.245860,False
2016-11-27,0.005060,0.004909,-0.000027,-0.000053,-0.000024,-0.000165,-0.000003,-0.000307,0.004330,0.000730,0.364858,False
2016-11-28,0.004573,0.004910,-0.000025,-0.000051,-0.000025,-0.000166,-0.000002,-0.000306,0.004333,0.000240,0.119751,False
2016-11-29,0.004755,0.004910,-0.000024,-0.000049,-0.000026,-0.000168,-0.000001,-0.000306,0.004337,0.000418,0.209043,False
2016-11-30,0.004865,0.004910,-0.000022,-0.000047,-0.000027,-0.000169,0.000000,-0.000305,0.004341,0.000524,0.262238,False
2016-12-01,0.004701,0.004911,-0.000020,-0.000045,-0.000029,-0.000170,0.000001,-0.000304,0.004344,0.000357,0.178343,False
2016-12-02,0.004800,0.004911,-0.000018,-0.000043,-0.000030,-0.000171,0.000002,-0.000303,0.004348,0.000452,0.225862,False
2016-12-03,0.004658,0.004912,-0.000016,-0.000041,-0.000031,-0.000172,0.000003,-0.000302,0.004352,0.000306,0.152800,False
2016-12-04,0.004727,0.004912,-0.000014,-0.000039,-0.000032,-0.000174,0.000004,-0.000301,0.004357,0.000370,0.185165,False
2016-12-05,0.004590,0.004912,-0.000011,-0.000037,-0.000033,-0.000175,0.000005,-0.000300,0.004361,0.000229,0.114463,False
2016-12-06,0.004796,0.004913,-0.000009,-0.000035,-0.000034,-0.000176,0.000006,-0.000299,0.004366,0.000430,0.215198,False
2016-12-07,0.004659,0.004913,-0.000007,-0.000033,-0.000035,-0.000177,0.000007,-0.000298,0.004370,0.000289,0.144379,False
2016-12-08,0.004742,0.004914,-0.000004,-0.000031,-0.000036,-0.000178,0.000008,-0.000297,0.004375,0.000367,0.183512,False
2016-12-09,0.004724,0.004914,-0.000002,-0.000028,-0.000037,-0.000179,0.000009,-0.000296,0.004380,0.000344,0.172103,False
2016-12-10,0.004570,0.004914,0.000000,-0.000026,-0.000038,-0.000180,0.000010,-0.000296,0.004385,0.000185,0.092660,False
2016-12-11,0.004591,0.004915,0.000003,-0.000024,-0.000039,-0.000181,0.000011,-0.000295,0.004390,0.000201,0.100689,False
2016-12-12,0.004685,0.004915,0.000005,-0.000022,-0.000040,-0.000182,0.000012,-0.000294,0.004395,0.000290,0.145196,False
2016-12-13,0.004699,0.004916,0.000008,-0.000019,-0.000041,-0.000183,0.000013,-0.000293,0.004400,0.000299,0.149690,False
2016-12-14,0.004843,0.004916,0.000010,-0.000017,-0.000042,-0.000184,0.000014,-0.000292,0.004405,0.000438,0.219176,False
2016-12-15,0.004722,0.004916,0.000012,-0.000014,-0.000043,-0.000185,0.000015,-0.000291,0.004410,0.000312,0.156162,False
2016-12-16,0.004616,0.004917,0.000014,-0.000012,-0.000044,-0.000186,0.000016,-0.000290,0.004415,0.000201,0.100653,False
2016-12-17,0.004719,0.004917,0.000017,-0.000009,-0.000045,-0.000187,0.000017,-0.000289,0.004420,0.000299,0.149658,False
2016-12-18,0.004668,0.004918,0.000019,-0.000007,-0.000046,-0.000188,0.000018,-0.000288,0.004425,0.000243,0.121681,False
2016-12-19,0.004698,0.004918,0.000021,-0.000005,-0.000047,-0.000189,0.000018,-0.000287,0.004430,0.000268,0.134229,False
2016-12-20,0.004765,0.004918,0.000023,-0.000002,-0.000048,-0.000190,0.000019,-0.000286,0.004434,0.000331,0.165309,False
2016-12-21,0.004694,0.004919,0.000024,0.000000,-0.000048,-0.000191,0.000020,-0.000285,0.004439,0.000255,0.127425,False
2016-12-22,0.004847,0.004919,0.000026,0.000003,-0.000049,-0.000192,0.000021,-0.000284,0.004444,0.000403,0.201584,False
2016-12-23,0.004732,0.004920,0.000028,0.000005,-0.000050,-0.000193,0.000022,-0.000283,0.004448,0.000284,0.141791,False
2016-12-24,0.004737,0.004920,0.000029,0.000008,-0.000051,-0.000194,0.000023,-0.000283,0.004453,0.000284,0.142050,False
2016-12-25,0.004642,0.004920,0.000030,0.000010,-0.000052,-0.000195,0.000024,-0.000282,0.004457,0.000185,0.092367,False
2016-12-26,0.004680,0.004921,0.000031,0.000013,-0.000053,-0.000195,0.000025,-0.000281,0.004462,0.000218,0.109245,False
2016-12-27,0.005059,0.004921,0.000032,0.000015,-0.000053,-0.000196,0.000026,-0.000280,0.004466,0.000593,0.296689,False
2016-12-28,0.004785,0.004922,0.000033,0.000018,-0.000054,-0.000197,0.000027,-0.000279,0.004470,0.000315,0.157703,False
2016-12-29,0.004816,0.004922,0.000034,0.000020,-0.000055,-0.000198,0.000028,-0.000278,0.004473,0.000343,0.171289,False
2016-12-30,0.004683,0.004922,0.000034,0.000022,-0.000056,-0.000199,0.000029,-0.000277,0.004477,0.000206,0.102950,False
2016-12-31,0.004684,0.004923,0.000035,0.000025,-0.000056,-0.000199,0.000030,-0.000276,0.004481,0.000203,0.101690,False
2017-01-01,0.004717,0.004923,0.000035,0.000027,-0.000057,-0.000200,0.000031,-0.000275,0.004484,0.000233,0.116510,False
2017-01-02,0.004709,0.004924,0.000035,0.000029,-0.000058,-0.000201,0.000032,-0.000274,0.004487,0.000222,0.110907,False
2017-01-03,0.004647,0.004924,0.000035,0.000032,-0.000058,-0.000201,0.000033,-0.000273,0.004490,0.000157,0.078388,False
2017-01-04,0.004652,0.004924,0.000035,0.000034,-0.000059,-0.000202,0.000034,-0.000272,0.004493,0.000159,0.079454,False
2017-01-05,0.004604,0.004925,0.000034,0.000036,-0.000060,-0.000203,0.000035,-0.000271,0.004496,0.000108,0.054104,False
2017-01-06,0.004656,0.004925,0.000033,0.000038,-0.000060,-0.000203,0.000035,-0.000270,0.004498,0.000158,0.078840,False
2017-01-07,0.004742,0.004926,0.000033,0.000040,-0.000061,-0.000204,0.000036,-0.000269,0.004501,0.000241,0.120661,False
2017-01-08,0.004702,0.004926,0.000032,0.000042,-0.000062,-0.000205,0.000037,-0.000268,0.004503,0.000199,0.099565,False
2017-01-09,0.004776,0.004927,0.000031,0.000044,-0.000062,-0.000205,0.000038,-0.000267,0.004505,0.000271,0.135553,False
2017-01-10,0.004848,0.004927,0.000029,0.000046,-0.000063,-0.000206,0.000039,-0.000266,0.004507,0.000341,0.170622,False
2017-01-11,0.004881,0.004927,0.000028,0.000048,-0.000063,-0.000206,0.000040,-0.000265,0.004508,0.000373,0.186271,False
2017-01-12,0.004827,0.004928,0.000027,0.000050,-0.000064,-0.000207,0.000041,-0.000264,0.004510,0.000317,0.158498,False
2017-01-13,0.004845,0.004928,0.000025,0.000052,-0.000064,-0.000207,0.000042,-0.000263,0.004511,0.000334,0.166799,False
2017-01-14,0.005062,0.004929,0.000023,0.000053,-0.000065,-0.000208,0.000043,-0.000262,0.004513,0.000549,0.274672,False
2017-01-15,0.004844,0.004929,0.000021,0.000055,-0.000065,-0.000208,0.000044,-0.000261,0.004514,0.000330,0.165115,False
2017-01-16,0.004673,0.004929,0.000019,0.000056,-0.000066,-0.000209,0.000045,-0.000260,0.004515,0.000158,0.079122,False
2017-01-17,0.004927,0.004930,0.000017,0.000058,-0.000066,-0.000209,0.000046,-0.000260,0.004516,0.000411,0.205691,False
2017-01-18,0.004910,0.004930,0.000015,0.000059,-0.000066,-0.000210,0.000046,-0.000259,0.004516,0.000394,0.196818,False
2017-01-19,0.004908,0.004931,0.000013,0.000061,-0.000067,-0.000210,0.000047,-0.000258,0.004517,0.000391,0.195498,False
2017-01-20,0.004805,0.004931,0.000011,0.000062,-0.000067,-0.000211,0.000048,-0.000257,0.004518,0.000287,0.143726,False
2017-01-21,0.004721,0.004931,0.000008,0.000063,-0.000068,-0.000211,0.000049,-0.000256,0.004518,0.000203,0.101499,False
2017-01-22,0.004775,0.004932,0.000006,0.000064,-0.000068,-0.000211,0.000050,-0.000255,0.004518,0.000257,0.128311,False
2017-01-23,0.004894,0.004932,0.000004,0.000066,-0.000068,-0.000212,0.000051,-0.000254,0.004519,0.000375,0.187658,False
2017-01-24,0.004957,0.004933,0.000001,0.000067,-0.000068,-0.000212,0.000052,-0.000253,0.004519,0.000438,0.219034,False
2017-01-25,0.004712,0.004933,-0.000001,0.000067,-0.000069,-0.000212,0.000053,-0.000252,0.004519,0.000193,0.096434,False
2017-01-26,0.004709,0.004933,-0.000004,0.000068,-0.000069,-0.000213,0.000054,-0.000251,0.004519,0.000190,0.094853,False
2017-01-27,0.004846,0.004934,-0.000006,0.000069,-0.000069,-0.000213,0.000054,-0.000250,0.004519,0.000327,0.163285,False
2017-01-28,0.004736,0.004934,-0.000008,0.000070,-0.000069,-0.000213,0.000055,-0.000249,0.004520,0.000216,0.108227,False
2017-01-29,0.004777,0.004935,-0.000011,0.000070,-0.000069,-0.000214,0.000056,-0.000248,0.004520,0.000257,0.128672,False
2017-01-30,0.004850,0.004935,-0.000013,0.000071,-0.000070,-0.000214,0.000057,-0.000247,0.004520,0.000330,0.165115,False
2017-01-31,0.004888,0.004935,-0.000015,0.000071,-0.000070,-0.000214,0.000058,-0.000246,0.004520,0.000368,0.184051,False
2017-02-01,0.004901,0.004936,-0.000017,0.000072,-0.000070,-0.000214,0.000059,-0.000245,0.004520,0.000381,0.190475,False
2017-02-02,0.004841,0.004936,-0.000019,0.000072,-0.000070,-0.000214,0.000060,-0.000244,0.004520,0.000321,0.160383,False
2017-02-03,0.004717,0.004937,-0.000021,0.000072,-0.000070,-0.000215,0.000060,-0.000243,0.004520,0.000197,0.098269,False
2017-02-04,0.004839,0.004937,-0.000023,0.000072,-0.000070,-0.000215,0.000061,-0.000242,0.004521,0.000318,0.159129,False
2017-02-05,0.004817,0.004937,-0.000025,0.000072,-0.000070,-0.000215,0.000062,-0.000241,0.004521,0.000296,0.147959,False
2017-02-06,0.004809,0.004938,-0.000027,0.000072,-0.000070,-0.000215,0.000063,-0.000240,0.004521,0.000288,0.143754,False
2017-02-07,0.004812,0.004938,-0.000028,0.000072,-0.000070,-0.000215,0.000064,-0.000239,0.004522,0.000290,0.145011,False
2017-02-08,0.004991,0.004939,-0.000029,0.000072,-0.000070,-0.000215,0.000065,-0.000238,0.004523,0.000468,0.234226,False
2017-02-09,0.004901,0.004939,-0.000031,0.000071,-0.000070,-0.000215,0.000065,-0.000237,0.004523,0.000378,0.188896,False
2017-02-10,0.004868,0.004939,-0.000032,0.000071,-0.000070,-0.000215,0.000066,-0.000236,0.004524,0.000344,0.172017,False
2017-02-11,0.004803,0.004940,-0.000033,0.000070,-0.000070,-0.000215,0.000067,-0.000235,0.004525,0.000278,0.139087,False
2017-02-12,0.004672,0.004940,-0.000033,0.000070,-0.000070,-0.000215,0.000068,-0.000234,0.004526,0.000146,0.073103,False
2017-02-13,0.004715,0.004941,-0.000034,0.000069,-0.000070,-0.000215,0.000069,-0.000233,0.004527,0.000188,0.094063,False
2017-02-14,0.004699,0.004941,-0.000035,0.000068,-0.000070,-0.000215,0.000070,-0.000232,0.004528,0.000171,0.085466,False
2017-02-15,0.004716,0.004942,-0.000035,0.000067,-0.000069,-0.000215,0.000070,-0.000231,0.004529,0.000187,0.093309,False
2017-02-16,0.004886,0.004942,-0.000035,0.000066,-0.000069,-0.000215,0.000071,-0.000230,0.004531,0.000355,0.177592,False
2017-02-17,0.004756,0.004942,-0.000035,0.000065,-0.000069,-0.000215,0.000072,-0.000229,0.004532,0.000224,0.111813,False
2017-02-18,0.004737,0.004943,-0.000035,0.000064,-0.000069,-0.000215,0.000073,-0.000228,0.004534,0.000203,0.101473,False
2017-02-19,0.004815,0.004943,-0.000034,0.000063,-0.000068,-0.000215,0.000074,-0.000227,0.004536,0.000279,0.139571,False
2017-02-20,0.004666,0.004944,-0.000034,0.000062,-0.000068,-0.000214,0.000074,-0.000226,0.004538,0.000128,0.064108,False
2017-02-21,0.004736,0.004944,-0.000033,0.000061,-0.000068,-0.000214,0.000075,-0.000225,0.004540,0.000196,0.098083,False
2017-02-22,0.005083,0.004944,-0.000032,0.000059,-0.000068,-0.000214,0.000076,-0.000224,0.004542,0.000541,0.270499,False
2017-02-23,0.004865,0.004945,-0.000031,0.000058,-0.000067,-0.000214,0.000077,-0.000223,0.004544,0.000321,0.160356,False
2017-02-24,0.004744,0.004945,-0.000030,0.000056,-0.000067,-0.000214,0.000077,-0.000222,0.004547,0.000197,0.098655,False
2017-02-25,0.004767,0.004946,-0.000029,0.000055,-0.000066,-0.000214,0.000078,-0.000221,0.004549,0.000218,0.108900,False
2017-02-26,0.004786,0.004946,-0.000028,0.000053,-0.000066,-0.000213,0.000079,-0.000220,0.004552,0.000234,0.117091,False
2017-02-27,0.004935,0.004946,-0.000026,0.000051,-0.000066,-0.000213,0.000080,-0.000219,0.004555,0.000380,0.190232,False
2017-02-28,0.004787,0.004947,-0.000024,0.000050,-0.000065,-0.000213,0.000081,-0.000217,0.004557,0.000230,0.114825,False
2017-03-01,0.004910,0.004947,-0.000022,0.000048,-0.000065,-0.000212,0.000081,-0.000216,0.004560,0.000350,0.174873,False
2017-03-02,0.004946,0.004948,-0.000021,0.000046,-0.000064,-0.000212,0.000082,-0.000215,0.004563,0.000383,0.191380,False
2017-03-03,0.004841,0.004948,-0.000019,0.000044,-0.000064,-0.000212,0.000083,-0.000214,0.004566,0.000275,0.137349,False
2017-03-04,0.004619,0.004948,-0.000016,0.000042,-0.000063,-0.000211,0.000083,-0.000213,0.004569,0.000050,0.024783,False
2017-03-05,0.004882,0.004949,-0.000014,0.000040,-0.000063,-0.000211,0.000084,-0.000212,0.004573,0.000309,0.154687,False
2017-03-06,0.004958,0.004949,-0.000012,0.000038,-0.000062,-0.000211,0.000085,-0.000211,0.004576,0.000382,0.191065,False
2017-03-07,0.004785,0.004950,-0.000010,0.000036,-0.000062,-0.000210,0.000086,-0.000210,0.004579,0.000206,0.102920,False
2017-03-08,0.004947,0.004950,-0.000007,0.000034,-0.000061,-0.000210,0.000086,-0.000209,0.004582,0.000365,0.182258,False
2017-03-09,0.004795,0.004950,-0.000005,0.000031,-0.000060,-0.000209,0.000087,-0.000208,0.004586,0.000209,0.104582,False
2017-03-10,0.004993,0.004951,-0.000003,0.000029,-0.000060,-0.000209,0.000088,-0.000207,0.004589,0.000404,0.201896,False
2017-03-11,0.004804,0.004951,-0.000000,0.000027,-0.000059,-0.000208,0.000088,-0.000206,0.004593,0.000211,0.105707,False
2017-03-12,0.004819,0.004952,0.000002,0.000025,-0.000058,-0.000208,0.000089,-0.000205,0.004596,0.000223,0.111517,False
2017-03-13,0.004946,0.004952,0.000005,0.000022,-0.000058,-0.000207,0.000090,-0.000204,0.004599,0.000347,0.173331,False
2017-03-14,0.004907,0.004952,0.000007,0.000020,-0.000057,-0.000207,0.000091,-0.000203,0.004603,0.000304,0.152154,False
2017-03-15,0.004890,0.004953,0.000009,0.000017,-0.000056,-0.000206,0.000091,-0.000202,0.004606,0.000284,0.141991,False
2017-03-16,0.004829,0.004953,0.000012,0.000015,-0.000056,-0.000206,0.000092,-0.000201,0.004609,0.000220,0.109844,False
2017-03-17,0.004790,0.004954,0.000014,0.000013,-0.000055,-0.000205,0.000093,-0.000200,0.004613,0.000177,0.088720,False
2017-03-18,0.004951,0.004954,0.000016,0.000010,-0.000054,-0.000205,0.000093,-0.000199,0.004616,0.000335,0.167621,False
2017-03-19,0.004892,0.004955,0.000018,0.000008,-0.000053,-0.000204,0.000094,-0.000198,0.004619,0.000273,0.136551,False
2017-03-20,0.004812,0.004955,0.000020,0.000005,-0.000053,-0.000203,0.000095,-0.000197,0.004622,0.000190,0.095015,False
2017-03-21,0.004793,0.004955,0.000022,0.000003,-0.000052,-0.000203,0.000095,-0.000196,0.004625,0.000168,0.084015,False
2017-03-22,0.004893,0.004956,0.000024,0.000000,-0.000051,-0.000202,0.000096,-0.000195,0.004628,0.000265,0.132555,False
2017-03-23,0.004903,0.004956,0.000026,-0.000002,-0.000050,-0.000201,0.000096,-0.000194,0.004631,0.000272,0.136139,False
2017-03-24,0.005032,0.004957,0.000027,-0.000005,-0.000049,-0.000201,0.000097,-0.000193,0.004633,0.000399,0.199268,False
2017-03-25,0.005239,0.004957,0.000029,-0.000007,-0.000048,-0.000200,0.000098,-0.000192,0.004636,0.000603,0.301445,False
2017-03-26,0.005158,0.004957,0.000030,-0.000010,-0.000048,-0.000199,0.000098,-0.000190,0.004639,0.000519,0.259673,False
2017-03-27,0.004905,0.004958,0.000031,-0.000012,-0.000047,-0.000198,0.000099,-0.000189,0.004641,0.000264,0.131952,False
2017-03-28,0.004844,0.004958,0.000032,-0.000015,-0.000046,-0.000198,0.000100,-0.000188,0.004643,0.000201,0.100286,False
2017-03-29,0.004988,0.004959,0.000033,-0.000017,-0.000045,-0.000197,0.000100,-0.000187,0.004646,0.000342,0.171174,False
2017-03-30,0.004912,0.004959,0.000034,-0.000019,-0.000044,-0.000196,0.000101,-0.000186,0.004648,0.000264,0.132119,False
2017-03-31,0.004926,0.004959,0.000034,-0.000022,-0.000043,-0.000195,0.000101,-0.000185,0.004650,0.000276,0.138119,False
2017-04-01,0.005019,0.004960,0.000035,-0.000024,-0.000042,-0.000194,0.000102,-0.000184,0.004652,0.000367,0.183676,False
2017-04-02,0.004865,0.004960,0.000035,-0.000026,-0.000041,-0.000194,0.000102,-0.000183,0.004653,0.000212,0.105789,False
2017-04-03,0.004905,0.004961,0.000035,-0.000029,-0.000040,-0.000193,0.000103,-0.000182,0.004655,0.000250,0.124958,False
2017-04-04,0.004708,0.004961,0.000035,-0.000031,-0.000039,-0.000192,0.000104,-0.000181,0.004657,0.000051,0.025681,False
2017-04-05,0.004860,0.004961,0.000035,-0.000033,-0.000038,-0.000191,0.000104,-0.000180,0.004658,0.000202,0.100957,False
2017-04-06,0.004944,0.004962,0.000034,-0.000035,-0.000037,-0.000190,0.000105,-0.000179,0.004659,0.000285,0.142285,False
2017-04-07,0.004962,0.004962,0.000034,-0.000038,-0.000036,-0.000189,0.000105,-0.000178,0.004661,0.000301,0.150662,False
2017-04-08,0.004925,0.004963,0.000033,-0.000040,-0.000035,-0.000188,0.000106,-0.000177,0.004662,0.000263,0.131586,False
2017-04-09,0.005089,0.004963,0.000032,-0.000042,-0.000034,-0.000187,0.000106,-0.000176,0.004663,0.000426,0.213054,False
2017-04-10,0.005063,0.004963,0.000031,-0.000044,-0.000033,-0.000186,0.000107,-0.000175,0.004664,0.000399,0.199563,False
2017-04-11,0.005523,0.004964,0.000030,-0.000046,-0.000032,-0.000185,0.000107,-0.000174,0.004665,0.000858,0.429109,False
2017-04-12,0.005160,0.004964,0.000028,-0.000048,-0.000031,-0.000184,0.000108,-0.000172,0.004666,0.000494,0.247190,False
2017-04-13,0.004780,0.004965,0.000027,-0.000049,-0.000030,-0.000183,0.000108,-0.000171,0.004666,0.000114,0.056800,False
2017-04-14,0.005032,0.004965,0.000025,-0.000051,-0.000028,-0.000182,0.000109,-0.000170,0.004667,0.000365,0.182435,False
2017-04-15,0.005016,0.004965,0.000024,-0.000053,-0.000027,-0.000181,0.000109,-0.000169,0.004668,0.000348,0.174091,False
2017-04-16,0.004805,0.004966,0.000022,-0.000054,-0.000026,-0.000180,0.000110,-0.000168,0.004668,0.000137,0.068263,False
2017-04-17,0.004796,0.004966,0.000020,-0.000056,-0.000025,-0.000179,0.000110,-0.000167,0.004669,0.000127,0.063445,False
2017-04-18,0.005007,0.004967,0.000018,-0.000058,-0.000024,-0.000178,0.000111,-0.000166,0.004670,0.000337,0.168633,False
2017-04-19,0.005453,0.004967,0.000016,-0.000059,-0.000023,-0.000177,0.000111,-0.000165,0.004670,0.000783,0.391321,False
2017-04-20,0.005087,0.004967,0.000013,-0.000060,-0.000022,-0.000176,0.000112,-0.000164,0.004671,0.000416,0.208003,False
2017-04-21,0.005049,0.004968,0.000011,-0.000062,-0.000021,-0.000175,0.000112,-0.000163,0.004672,0.000377,0.188673,False
2017-04-22,0.004785,0.004968,0.000009,-0.000063,-0.000019,-0.000173,0.000113,-0.000162,0.004672,0.000113,0.056326,False
2017-04-23,0.004719,0.004969,0.000007,-0.000064,-0.000018,-0.000172,0.000113,-0.000161,0.004673,0.000046,0.022956,False
2017-04-24,0.004657,0.004969,0.000004,-0.000065,-0.000017,-0.000171,0.000114,-0.000160,0.004674,-0.000017,-0.008444,False
2017-04-25,0.004870,0.004970,0.000002,-0.000066,-0.000016,-0.000170,0.000114,-0.000159,0.004675,0.000195,0.097621,False
2017-04-26,0.005050,0.004970,-0.000001,-0.000067,-0.000015,-0.000169,0.000114,-0.000157,0.004676,0.000374,0.187144,False
2017-04-27,0.005147,0.004970,-0.000003,-0.000068,-0.000014,-0.000167,0.000115,-0.000156,0.004677,0.000470,0.235120,False
2017-04-28,0.005005,0.004971,-0.000005,-0.000069,-0.000012,-0.000166,0.000115,-0.000155,0.004678,0.000327,0.163542,False
2017-04-29,0.004700,0.004971,-0.000008,-0.000070,-0.000011,-0.000165,0.000116,-0.000154,0.004679,0.000021,0.010405,False
2017-04-30,0.004822,0.004972,-0.000010,-0.000070,-0.000010,-0.000164,0.000116,-0.000153,0.004681,0.000141,0.070702,False
2017-05-01,0.004698,0.004972,-0.000012,-0.000071,-0.000009,-0.000162,0.000117,-0.000152,0.004682,0.000016,0.007929,False
2017-05-02,0.004815,0.004972,-0.000015,-0.000071,-0.000008,-0.000161,0.000117,-0.000151,0.004684,0.000131,0.065580,False
2017-05-03,0.004815,0.004973,-0.000017,-0.000071,-0.000006,-0.000160,0.000117,-0.000150,0.004686,0.000129,0.064648,False
2017-05-04,0.004890,0.004973,-0.000019,-0.000072,-0.000005,-0.000159,0.000118,-0.000149,0.004688,0.000202,0.101131,False
2017-05-05,0.004847,0.004974,-0.000021,-0.000072,-0.000004,-0.000157,0.000118,-0.000148,0.004690,0.000157,0.078521,False
2017-05-06,0.004970,0.004974,-0.000023,-0.000072,-0.000003,-0.000156,0.000118,-0.000147,0.004692,0.000278,0.138816,False
2017-05-07,0.004803,0.004974,-0.000024,-0.000072,-0.000002,-0.000154,0.000119,-0.000146,0.004695,0.000108,0.054010,False
2017-05-08,0.004739,0.004975,-0.000026,-0.000072,-0.000000,-0.000153,0.000119,-0.000144,0.004698,0.000041,0.020600,False
2017-05-09,0.005063,0.004975,-0.000028,-0.000072,0.000001,-0.000152,0.000119,-0.000143,0.004701,0.000362,0.181082,False
2017-05-10,0.005016,0.004976,-0.000029,-0.000072,0.000002,-0.000150,0.000120,-0.000142,0.004704,0.000312,0.155953,False
2017-05-11,0.004926,0.004976,-0.000030,-0.000071,0.000003,-0.000149,0.000120,-0.000141,0.004708,0.000218,0.109209,False
2017-05-12,0.004805,0.004976,-0.000031,-0.000071,0.000005,-0.000148,0.000120,-0.000140,0.004711,0.000094,0.046849,False
2017-05-13,0.004936,0.004977,-0.000032,-0.000070,0.000006,-0.000146,0.000121,-0.000139,0.004715,0.000221,0.110370,False
2017-05-14,0.004744,0.004977,-0.000033,-0.000070,0.000007,-0.000145,0.000121,-0.000138,0.004719,0.000025,0.012269,False
2017-05-15,0.004808,0.004978,-0.000034,-0.000069,0.000008,-0.000143,0.000121,-0.000137,0.004724,0.000084,0.042047,False
2017-05-16,0.004893,0.004978,-0.000034,-0.000068,0.000009,-0.000142,0.000122,-0.000136,0.004729,0.000164,0.082202,False
2017-05-17,0.004936,0.004978,-0.000035,-0.000068,0.000011,-0.000140,0.000122,-0.000135,0.004734,0.000202,0.101233,False
2017-05-18,0.004886,0.004979,-0.000035,-0.000067,0.000012,-0.000139,0.000122,-0.000134,0.004739,0.000147,0.073640,False
2017-05-19,0.005030,0.004979,-0.000035,-0.000066,0.000013,-0.000137,0.000122,-0.000133,0.004744,0.000286,0.142925,False
2017-05-20,0.004824,0.004980,-0.000035,-0.000065,0.000014,-0.000136,0.000123,-0.000131,0.004750,0.000074,0.037086,False
2017-05-21,0.004793,0.004980,-0.000035,-0.000064,0.000015,-0.000134,0.000123,-0.000130,0.004756,0.000037,0.018627,False
2017-05-22,0.004727,0.004980,-0.000034,-0.000062,0.000016,-0.000133,0.000123,-0.000129,0.004762,-0.000035,-0.017452,False
2017-05-23,0.004971,0.004981,-0.000033,-0.000061,0.000018,-0.000131,0.000123,-0.000128,0.004768,0.000203,0.101351,False
2017-05-24,0.004994,0.004981,-0.000033,-0.000060,0.000019,-0.000130,0.000124,-0.000127,0.004775,0.000219,0.109540,False
2017-05-25,0.004859,0.004982,-0.000032,-0.000058,0.000020,-0.000128,0.000124,-0.000126,0.004782,0.000077,0.038616,False
2017-05-26,0.004844,0.004982,-0.000031,-0.000057,0.000021,-0.000126,0.000124,-0.000125,0.004789,0.000055,0.027584,False
2017-05-27,0.004659,0.004983,-0.000029,-0.000055,0.000022,-0.000125,0.000124,-0.000124,0.004796,-0.000137,-0.068552,False
2017-05-28,0.004592,0.004983,-0.000028,-0.000054,0.000023,-0.000123,0.000125,-0.000123,0.004804,-0.000212,-0.105790,False
2017-05-29,0.005013,0.004983,-0.000026,-0.000052,0.000025,-0.000122,0.000125,-0.000122,0.004811,0.000202,0.100877,False
2017-05-30,0.005090,0.004984,-0.000025,-0.000050,0.000026,-0.000120,0.000125,-0.000120,0.004819,0.000271,0.135452,False
2017-05-31,0.004811,0.004984,-0.000023,-0.000048,0.000027,-0.000118,0.000125,-0.000119,0.004827,-0.000016,-0.008059,False
2017-06-01,0.004976,0.004985,-0.000021,-0.000046,0.000028,-0.000117,0.000125,-0.000118,0.004835,0.000141,0.070349,False
2017-06-02,0.005823,0.004985,-0.000019,-0.000045,0.000029,-0.000115,0.000126,-0.000117,0.004844,0.000979,0.489682,False
2017-06-03,0.005530,0.004985,-0.000017,-0.000043,0.000030,-0.000113,0.000126,-0.000116,0.004852,0.000678,0.338947,False
2017-06-04,0.004964,0.004986,-0.000015,-0.000041,0.000031,-0.000112,0.000126,-0.000115,0.004861,0.000103,0.051649,False
2017-06-05,0.004808,0.004986,-0.000013,-0.000038,0.000032,-0.000110,0.000126,-0.000114,0.004869,-0.000061,-0.030705,False
2017-06-06,0.004751,0.004987,-0.000010,-0.000036,0.000033,-0.000108,0.000126,-0.000113,0.004878,-0.000127,-0.063608,False
2017-06-07,0.004837,0.004987,-0.000008,-0.000034,0.000034,-0.000107,0.000126,-0.000112,0.004887,-0.000050,-0.025053,False
2017-06-08,0.004911,0.004987,-0.000006,-0.000032,0.000035,-0.000105,0.000126,-0.000110,0.004896,0.000015,0.007466,False
2017-06-09,0.004687,0.004988,-0.000003,-0.000030,0.000036,-0.000103,0.000127,-0.000109,0.004905,-0.000218,-0.109043,False
2017-06-10,0.005097,0.004988,-0.000001,-0.000027,0.000037,-0.000101,0.000127,-0.000108,0.004914,0.000183,0.091427,False
2017-06-11,0.004880,0.004989,0.000002,-0.000025,0.000038,-0.000100,0.000127,-0.000107,0.004923,-0.000043,-0.021617,False
2017-06-12,0.004929,0.004989,0.000004,-0.000023,0.000039,-0.000098,0.000127,-0.000106,0.004932,-0.000003,-0.001667,False
2017-06-13,0.005246,0.004989,0.000006,-0.000020,0.000040,-0.000096,0.000127,-0.000105,0.004941,0.000305,0.152284,False
2017-06-14,0.005116,0.004990,0.000009,-0.000018,0.000041,-0.000095,0.000127,-0.000104,0.004951,0.000165,0.082743,False
2017-06-15,0.005115,0.004990,0.000011,-0.000016,0.000042,-0.000093,0.000127,-0.000103,0.004960,0.000155,0.077718,False
2017-06-16,0.005317,0.004991,0.000013,-0.000013,0.000043,-0.000091,0.000127,-0.000102,0.004969,0.000348,0.174215,False
2017-06-17,0.004844,0.004991,0.000015,-0.000011,0.000044,-0.000089,0.000127,-0.000101,0.004978,-0.000134,-0.066759,False
2017-06-18,0.005313,0.004991,0.000018,-0.000008,0.000045,-0.000087,0.000127,-0.000099,0.004986,0.000327,0.163305,False
2017-06-19,0.005028,0.004992,0.000020,-0.000006,0.000046,-0.000086,0.000127,-0.000098,0.004995,0.000033,0.016411,False
2017-06-20,0.005101,0.004992,0.000022,-0.000003,0.000047,-0.000084,0.000127,-0.000097,0.005004,0.000097,0.048567,False
2017-06-21,0.004982,0.004993,0.000023,-0.000001,0.000048,-0.000082,0.000127,-0.000096,0.005012,-0.000030,-0.015221,False
2017-06-22,0.005004,0.004993,0.000025,0.000002,0.000049,-0.000080,0.000127,-0.000095,0.005021,-0.000017,-0.008447,False
2017-06-23,0.004955,0.004993,0.000027,0.000004,0.000050,-0.000078,0.000127,-0.000094,0.005029,-0.000074,-0.037105,False
2017-06-24,0.004931,0.004994,0.000028,0.000007,0.000051,-0.000077,0.000127,-0.000093,0.005037,-0.000106,-0.053190,False
2017-06-25,0.004998,0.004994,0.000030,0.000009,0.000051,-0.000075,0.000127,-0.000092,0.005045,-0.000047,-0.023697,False
2017-06-26,0.004896,0.004995,0.000031,0.000011,0.000052,-0.000073,0.000127,-0.000091,0.005053,-0.000157,-0.078619,False
2017-06-27,0.005017,0.004995,0.000032,0.000014,0.000053,-0.000071,0.000127,-0.000089,0.005061,-0.000044,-0.021954,False
2017-06-28,0.005360,0.004995,0.000033,0.000016,0.000054,-0.000069,0.000127,-0.000088,0.005068,0.000292,0.145803,False
2017-06-29,0.005200,0.004996,0.000034,0.000019,0.000055,-0.000067,0.000127,-0.000087,0.005076,0.000124,0.062156,False
2017-06-30,0.005365,0.004996,0.000034,0.000021,0.000055,-0.000065,0.000127,-0.000086,0.005083,0.000282,0.141109,False
2017-07-01,0.005160,0.004997,0.000035,0.000024,0.000056,-0.000064,0.000127,-0.000085,0.005090,0.000070,0.035164,False
2017-07-02,0.005147,0.004997,0.000035,0.000026,0.000057,-0.000062,0.000127,-0.000084,0.005096,0.000051,0.025324,False
2017-07-03,0.005752,0.004998,0.000035,0.000028,0.000057,-0.000060,0.000127,-0.000083,0.005103,0.000649,0.324591,False
2017-07-04,0.005250,0.004998,0.000035,0.000030,0.000058,-0.000058,0.000127,-0.000082,0.005109,0.000141,0.070468,False
2017-07-05,0.005330,0.004998,0.000035,0.000033,0.000059,-0.000056,0.000127,-0.000080,0.005115,0.000215,0.107455,False
2017-07-06,0.005418,0.004999,0.000034,0.000035,0.000059,-0.000054,0.000127,-0.000079,0.005121,0.000297,0.148554,False
2017-07-07,0.005035,0.004999,0.000034,0.000037,0.000060,-0.000052,0.000127,-0.000078,0.005126,-0.000091,-0.045736,False
2017-07-08,0.004882,0.005000,0.000033,0.000039,0.000061,-0.000050,0.000127,-0.000077,0.005132,-0.000250,-0.124913,False
2017-07-09,0.005294,0.005000,0.000032,0.000041,0.000061,-0.000048,0.000127,-0.000076,0.005137,0.000157,0.078522,False
2017-07-10,0.005215,0.005000,0.000031,0.000043,0.000062,-0.000047,0.000127,-0.000075,0.005142,0.000073,0.036568,False
2017-07-11,0.005186,0.005001,0.000030,0.000045,0.000062,-0.000045,0.000127,-0.000074,0.005147,0.000039,0.019724,False
2017-07-12,0.005116,0.005001,0.000029,0.000047,0.000063,-0.000043,0.000126,-0.000073,0.005151,-0.000035,-0.017510,False
2017-07-13,0.004888,0.005002,0.000027,0.000049,0.000063,-0.000041,0.000126,-0.000071,0.005155,-0.000267,-0.133638,False
2017-07-14,0.005212,0.005002,0.000026,0.000051,0.000064,-0.000039,0.000126,-0.000070,0.005159,0.000053,0.026339,False
2017-07-15,0.005202,0.005002,0.000024,0.000052,0.000064,-0.000037,0.000126,-0.000069,0.005163,0.000039,0.019419,False
2017-07-16,0.005054,0.005003,0.000022,0.000054,0.000065,-0.000035,0.000126,-0.000068,0.005167,-0.000113,-0.056402,False
2017-07-17,0.005089,0.005003,0.000020,0.000056,0.000065,-0.000033,0.000126,-0.000067,0.005170,-0.000081,-0.040627,False
2017-07-18,0.004950,0.005004,0.000018,0.000057,0.000066,-0.000031,0.000126,-0.000066,0.005174,-0.000224,-0.111758,False
2017-07-19,0.005144,0.005004,0.000016,0.000059,0.000066,-0.000029,0.000125,-0.000065,0.005177,-0.000033,-0.016301,False
2017-07-20,0.005143,0.005004,0.000014,0.000060,0.000067,-0.000027,0.000125,-0.000064,0.005180,-0.000037,-0.018258,False
2017-07-21,0.005086,0.005005,0.000012,0.000061,0.000067,-0.000025,0.000125,-0.000063,0.005182,-0.000096,-0.048134,False
2017-07-22,0.004894,0.005005,0.000010,0.000063,0.000067,-0.000023,0.000125,-0.000061,0.005185,-0.000291,-0.145433,False
2017-07-23,0.004885,0.005006,0.000007,0.000064,0.000068,-0.000021,0.000125,-0.000060,0.005187,-0.000302,-0.151160,False
2017-07-24,0.005239,0.005006,0.000005,0.000065,0.000068,-0.000019,0.000124,-0.000059,0.005190,0.000049,0.024680,False
2017-07-25,0.005188,0.005006,0.000002,0.000066,0.000068,-0.000017,0.000124,-0.000058,0.005192,-0.000004,-0.001917,False
2017-07-26,0.005289,0.005007,-0.000000,0.000067,0.000069,-0.000016,0.000124,-0.000057,0.005194,0.000095,0.047544,False
2017-07-27,0.005100,0.005007,-0.000002,0.000068,0.000069,-0.000014,0.000124,-0.000056,0.005196,-0.000096,-0.047943,False
2017-07-28,0.005321,0.005008,-0.000005,0.000069,0.000069,-0.000012,0.000123,-0.000055,0.005198,0.000123,0.061618,False
2017-07-29,0.005317,0.005008,-0.000007,0.000069,0.000069,-0.000010,0.000123,-0.000053,0.005200,0.000117,0.058721,False
2017-07-30,0.005383,0.005008,-0.000010,0.000070,0.000069,-0.000008,0.000123,-0.000052,0.005201,0.000182,0.090862,False
2017-07-31,0.005492,0.005009,-0.000012,0.000071,0.000070,-0.000006,0.000123,-0.000051,0.005203,0.000289,0.144535,False
2017-08-01,0.005123,0.005009,-0.000014,0.000071,0.000070,-0.000004,0.000122,-0.000050,0.005205,-0.000082,-0.040765,False
2017-08-02,0.005193,0.005010,-0.000016,0.000071,0.000070,-0.000002,0.000122,-0.000049,0.005206,-0.000013,-0.006542,False
2017-08-03,0.005053,0.005010,-0.000018,0.000072,0.000070,0.000000,0.000122,-0.000048,0.005208,-0.000155,-0.077302,False
2017-08-04,0.005290,0.005011,-0.000020,0.000072,0.000070,0.000002,0.000122,-0.000047,0.005209,0.000081,0.040451,False
2017-08-05,0.005126,0.005011,-0.000022,0.000072,0.000070,0.000004,0.000121,-0.000046,0.005211,-0.000085,-0.042288,False
2017-08-06,0.005079,0.005011,-0.000024,0.000072,0.000070,0.000006,0.000121,-0.000044,0.005212,-0.000133,-0.066523,False
2017-08-07,0.005153,0.005012,-0.000026,0.000072,0.000070,0.000008,0.000121,-0.000043,0.005214,-0.000061,-0.030258,False
2017-08-08,0.005176,0.005012,-0.000027,0.000072,0.000070,0.000010,0.000120,-0.000042,0.005215,-0.000039,-0.019498,False
2017-08-09,0.005447,0.005013,-0.000029,0.000072,0.000070,0.000012,0.000120,-0.000041,0.005216,0.000231,0.115255,False
2017-08-10,0.005254,0.005013,-0.000030,0.000071,0.000070,0.000014,0.000120,-0.000040,0.005218,0.000036,0.017996,False
2017-08-11,0.005256,0.005013,-0.000031,0.000071,0.000070,0.000016,0.000119,-0.000039,0.005220,0.000036,0.018223,False
2017-08-12,0.005156,0.005014,-0.000032,0.000071,0.000070,0.000018,0.000119,-0.000038,0.005221,-0.000065,-0.032568,False
2017-08-13,0.005002,0.005014,-0.000033,0.000070,0.000070,0.000020,0.000119,-0.000037,0.005223,-0.000221,-0.110380,False
2017-08-14,0.005216,0.005015,-0.000034,0.000069,0.000070,0.000022,0.000118,-0.000035,0.005224,-0.000008,-0.004213,False
2017-08-15,0.005155,0.005015,-0.000034,0.000069,0.000070,0.000024,0.000118,-0.000034,0.005226,-0.000071,-0.035571,False
2017-08-16,0.005239,0.005015,-0.000035,0.000068,0.000069,0.000026,0.000118,-0.000033,0.005228,0.000011,0.005544,False
2017-08-17,0.005243,0.005016,-0.000035,0.000067,0.000069,0.000027,0.000117,-0.000032,0.005230,0.000013,0.006632,False
2017-08-18,0.005348,0.005016,-0.000035,0.000066,0.000069,0.000029,0.000117,-0.000031,0.005232,0.000116,0.058192,False
2017-08-19,0.005144,0.005017,-0.000035,0.000065,0.000069,0.000031,0.000117,-0.000030,0.005234,-0.000090,-0.044777,False
2017-08-20,0.005145,0.005017,-0.000035,0.000064,0.000069,0.000033,0.000116,-0.000029,0.005236,-0.000091,-0.045276,False
2017-08-21,0.005462,0.005017,-0.000034,0.000063,0.000068,0.000035,0.000116,-0.000028,0.005238,0.000224,0.112196,False
2017-08-22,0.005366,0.005018,-0.000034,0.000061,0.000068,0.000037,0.000115,-0.000026,0.005240,0.000126,0.063139,False
2017-08-23,0.005339,0.005018,-0.000033,0.000060,0.000068,0.000039,0.000115,-0.000025,0.005242,0.000097,0.048553,False
2017-08-24,0.005568,0.005019,-0.000032,0.000059,0.000067,0.000041,0.000114,-0.000024,0.005244,0.000324,0.161941,False
2017-08-25,0.005309,0.005019,-0.000031,0.000057,0.000067,0.000043,0.000114,-0.000023,0.005246,0.000063,0.031302,False
2017-08-26,0.005080,0.005019,-0.000030,0.000056,0.000067,0.000045,0.000114,-0.000022,0.005249,-0.000169,-0.084361,False
2017-08-27,0.005537,0.005020,-0.000028,0.000054,0.000066,0.000047,0.000113,-0.000021,0.005251,0.000286,0.142954,False
2017-08-28,0.005396,0.005020,-0.000027,0.000052,0.000066,0.000049,0.000113,-0.000020,0.005254,0.000142,0.071249,False
2017-08-29,0.005031,0.005021,-0.000025,0.000051,0.000065,0.000051,0.000112,-0.000018,0.005256,-0.000225,-0.112473,False
2017-08-30,0.005311,0.005021,-0.000023,0.000049,0.000065,0.000052,0.000112,-0.000017,0.005258,0.000053,0.026290,False
2017-08-31,0.005143,0.005021,-0.000022,0.000047,0.000065,0.000054,0.000111,-0.000016,0.005261,-0.000118,-0.058958,False
2017-09-01,0.005312,0.005022,-0.000020,0.000045,0.000064,0.000056,0.000111,-0.000015,0.005263,0.000049,0.024285,False
2017-09-02,0.005154,0.005022,-0.000018,0.000043,0.000064,0.000058,0.000110,-0.000014,0.005266,-0.000112,-0.055976,False
2017-09-03,0.005129,0.005023,-0.000015,0.000041,0.000063,0.000060,0.000110,-0.000013,0.005268,-0.000139,-0.069739,False
2017-09-04,0.004970,0.005023,-0.000013,0.000039,0.000062,0.000062,0.000109,-0.000012,0.005271,-0.000301,-0.150499,False
2017-09-05,0.005069,0.005023,-0.000011,0.000037,0.000062,0.000064,0.000109,-0.000011,0.005274,-0.000205,-0.102252,False
2017-09-06,0.004978,0.005024,-0.000009,0.000035,0.000061,0.000066,0.000108,-0.000009,0.005276,-0.000298,-0.148994,False
2017-09-07,0.005378,0.005024,-0.000006,0.000033,0.000061,0.000068,0.000108,-0.000008,0.005278,0.000100,0.049779,False
2017-09-08,0.005304,0.005025,-0.000004,0.000030,0.000060,0.000069,0.000107,-0.000007,0.005281,0.000023,0.011571,False
2017-09-09,0.005351,0.005025,-0.000002,0.000028,0.000059,0.000071,0.000107,-0.000006,0.005283,0.000068,0.033887,False
2017-09-10,0.005256,0.005026,0.000001,0.000026,0.000059,0.000073,0.000106,-0.000005,0.005286,-0.000030,-0.014770,False
2017-09-11,0.005218,0.005026,0.000003,0.000023,0.000058,0.000075,0.000106,-0.000004,0.005288,-0.000070,-0.034894,False
2017-09-12,0.005404,0.005026,0.000006,0.000021,0.000057,0.000077,0.000105,-0.000003,0.005290,0.000114,0.057018,False
2017-09-13,0.005776,0.005027,0.000008,0.000019,0.000057,0.000079,0.000105,-0.000001,0.005292,0.000484,0.241971,False
2017-09-14,0.005339,0.005027,0.000010,0.000016,0.000056,0.000080,0.000104,-0.000000,0.005294,0.000045,0.022469,False
2017-09-15,0.005222,0.005028,0.000013,0.000014,0.000055,0.000082,0.000104,0.000001,0.005296,-0.000074,-0.036985,False
2017-09-16,0.005108,0.005028,0.000015,0.000011,0.000055,0.000084,0.000103,0.000002,0.005298,-0.000190,-0.094885,False
2017-09-17,0.005319,0.005028,0.000017,0.000009,0.000054,0.000086,0.000102,0.000003,0.005299,0.000020,0.009770,False
2017-09-18,0.005326,0.005029,0.000019,0.000006,0.000053,0.000088,0.000102,0.000004,0.005301,0.000025,0.012486,False
2017-09-19,0.005420,0.005029,0.000021,0.000004,0.000052,0.000089,0.000101,0.000005,0.005302,0.000118,0.058766,False
2017-09-20,0.005400,0.005030,0.000023,0.000001,0.000051,0.000091,0.000101,0.000006,0.005304,0.000096,0.048112,False
2017-09-21,0.005147,0.005030,0.000025,-0.000001,0.000051,0.000093,0.000100,0.000008,0.005305,-0.000158,-0.078972,False
2017-09-22,0.005252,0.005030,0.000026,-0.000003,0.000050,0.000095,0.000100,0.000009,0.005306,-0.000054,-0.026984,False
2017-09-23,0.005326,0.005031,0.000028,-0.000006,0.000049,0.000096,0.000099,0.000010,0.005307,0.000019,0.009578,False
2017-09-24,0.005441,0.005031,0.000029,-0.000008,0.000048,0.000098,0.000098,0.000011,0.005308,0.000133,0.066718,False
2017-09-25,0.005191,0.005032,0.000031,-0.000011,0.000047,0.000100,0.000098,0.000012,0.005308,-0.000117,-0.058565,False
2017-09-26,0.005424,0.005032,0.000032,-0.000013,0.000046,0.000102,0.000097,0.000013,0.005309,0.000115,0.057733,False
2017-09-27,0.005353,0.005032,0.000033,-0.000016,0.000045,0.000103,0.000096,0.000014,0.005309,0.000044,0.022111,False
2017-09-28,0.005427,0.005033,0.000033,-0.000018,0.000044,0.000105,0.000096,0.000016,0.005309,0.000118,0.059071,False
2017-09-29,0.005687,0.005033,0.000034,-0.000021,0.000043,0.000107,0.000095,0.000017,0.005309,0.000378,0.189113,False
2017-09-30,0.005449,0.005034,0.000035,-0.000023,0.000042,0.000109,0.000094,0.000018,0.005309,0.000140,0.070237,False
2017-10-01,0.005345,0.005034,0.000035,-0.000025,0.000042,0.000110,0.000094,0.000019,0.005308,0.000037,0.018443,False
2017-10-02,0.005462,0.005034,0.000035,-0.000028,0.000041,0.000112,0.000093,0.000020,0.005308,0.000154,0.077231,False
2017-10-03,0.005504,0.005035,0.000035,-0.000030,0.000040,0.000114,0.000093,0.000021,0.005307,0.000197,0.098598,False
2017-10-04,0.005974,0.005035,0.000035,-0.000032,0.000039,0.000115,0.000092,0.000022,0.005306,0.000668,0.334043,False
2017-10-05,0.005528,0.005036,0.000034,-0.000034,0.000038,0.000117,0.000091,0.000023,0.005305,0.000223,0.111565,False
2017-10-06,0.005482,0.005036,0.000034,-0.000036,0.000036,0.000119,0.000091,0.000025,0.005304,0.000178,0.089162,False
2017-10-07,0.005736,0.005036,0.000033,-0.000039,0.000035,0.000120,0.000090,0.000026,0.005302,0.000434,0.216830,False
2017-10-08,0.005939,0.005037,0.000032,-0.000041,0.000034,0.000122,0.000089,0.000027,0.005301,0.000638,0.319068,False
2017-10-09,0.005862,0.005037,0.000031,-0.000043,0.000033,0.000123,0.000088,0.000028,0.005299,0.000563,0.281371,False
2017-10-10,0.006124,0.005038,0.000030,-0.000045,0.000032,0.000125,0.000088,0.000029,0.005298,0.000826,0.413236,False
2017-10-11,0.005953,0.005038,0.000029,-0.000047,0.000031,0.000127,0.000087,0.000030,0.005296,0.000657,0.328659,False
2017-10-12,0.006114,0.005039,0.000028,-0.000048,0.000030,0.000128,0.000086,0.000031,0.005294,0.000820,0.410136,False
2017-10-13,0.005788,0.005039,0.000026,-0.000050,0.000029,0.000130,0.000086,0.000032,0.005292,0.000496,0.248162,False
2017-10-14,0.005653,0.005039,0.000024,-0.000052,0.000028,0.000131,0.000085,0.000034,0.005290,0.000363,0.181733,False
2017-10-15,0.005724,0.005040,0.000023,-0.000054,0.000027,0.000133,0.000084,0.000035,0.005287,0.000437,0.218343,False
2017-10-16,0.005873,0.005040,0.000021,-0.000055,0.000026,0.000134,0.000083,0.000036,0.005285,0.000588,0.293987,False
2017-10-17,0.005817,0.005041,0.000019,-0.000057,0.000025,0.000136,0.000083,0.000037,0.005283,0.000534,0.267159,False
2017-10-18,0.005636,0.005041,0.000017,-0.000058,0.000023,0.000137,0.000082,0.000038,0.005280,0.000356,0.177854,False
2017-10-19,0.005901,0.005041,0.000015,-0.000060,0.000022,0.000139,0.000081,0.000039,0.005278,0.000623,0.311566,False
2017-10-20,0.005973,0.005042,0.000012,-0.000061,0.000021,0.000140,0.000080,0.000040,0.005275,0.000698,0.348789,False
2017-10-21,0.005815,0.005042,0.000010,-0.000062,0.000020,0.000142,0.000080,0.000042,0.005273,0.000542,0.271016,False
2017-10-22,0.005993,0.005043,0.000008,-0.000064,0.000019,0.000143,0.000079,0.000043,0.005271,0.000722,0.361241,False
2017-10-23,0.005822,0.005043,0.000005,-0.000065,0.000018,0.000145,0.000078,0.000044,0.005268,0.000554,0.276958,False
2017-10-24,0.005994,0.005043,0.000003,-0.000066,0.000016,0.000146,0.000077,0.000045,0.005266,0.000728,0.364160,False
2017-10-25,0.005920,0.005044,0.000001,-0.000067,0.000015,0.000148,0.000077,0.000046,0.005263,0.000657,0.328342,False
2017-10-26,0.005894,0.005044,-0.000002,-0.000068,0.000014,0.000149,0.000076,0.000047,0.005261,0.000633,0.316495,False
2017-10-27,0.006283,0.005045,-0.000004,-0.000068,0.000013,0.000151,0.000075,0.000048,0.005259,0.001024,0.512116,False
2017-10-28,0.006145,0.005045,-0.000007,-0.000069,0.000012,0.000152,0.000074,0.000049,0.005257,0.000888,0.444196,False
2017-10-29,0.006016,0.005045,-0.000009,-0.000070,0.000011,0.000153,0.000074,0.000051,0.005255,0.000761,0.380729,False
2017-10-30,0.006052,0.005046,-0.000011,-0.000070,0.000009,0.000155,0.000073,0.000052,0.005253,0.000799,0.399710,False
2017-10-31,0.005890,0.005046,-0.000014,-0.000071,0.000008,0.000156,0.000072,0.000053,0.005251,0.000639,0.319633,False
2017-11-01,0.005859,0.005047,-0.000016,-0.000071,0.000007,0.000157,0.000071,0.000054,0.005249,0.000610,0.304992,False
2017-11-02,0.006214,0.005047,-0.000018,-0.000072,0.000006,0.000159,0.000070,0.000055,0.005247,0.000967,0.483281,False
2017-11-03,0.006208,0.005047,-0.000020,-0.000072,0.000005,0.000160,0.000070,0.000056,0.005246,0.000962,0.480995,False
2017-11-04,0.005908,0.005048,-0.000022,-0.000072,0.000003,0.000161,0.000069,0.000057,0.005245,0.000663,0.331628,False
2017-11-05,0.005705,0.005048,-0.000024,-0.000072,0.000002,0.000163,0.000068,0.000058,0.005244,0.000461,0.230677,False
2017-11-06,0.005998,0.005049,-0.000025,-0.000072,0.000001,0.000164,0.000067,0.000060,0.005243,0.000755,0.377636,False
2017-11-07,0.005902,0.005049,-0.000027,-0.000072,-0.000000,0.000165,0.000066,0.000061,0.005242,0.000660,0.330002,False
2017-11-08,0.005741,0.005049,-0.000028,-0.000072,-0.000001,0.000166,0.000065,0.000062,0.005241,0.000500,0.249770,False
2017-11-09,0.005924,0.005050,-0.000030,-0.000071,-0.000003,0.000168,0.000065,0.000063,0.005241,0.000683,0.341437,False
2017-11-10,0.005758,0.005050,-0.000031,-0.000071,-0.000004,0.000169,0.000064,0.000064,0.005241,0.000517,0.258499,False
2017-11-11,0.005835,0.005051,-0.000032,-0.000071,-0.000005,0.000170,0.000063,0.000065,0.005241,0.000594,0.296954,False
2017-11-12,0.005746,0.005051,-0.000033,-0.000070,-0.000006,0.000171,0.000062,0.000066,0.005241,0.000505,0.252300,False
2017-11-13,0.005779,0.005051,-0.000034,-0.000070,-0.000008,0.000172,0.000061,0.000067,0.005242,0.000537,0.268535,False
2017-11-14,0.005606,0.005052,-0.000034,-0.000069,-0.000009,0.000174,0.000060,0.000069,0.005243,0.000363,0.181656,False
2017-11-15,0.005363,0.005052,-0.000035,-0.000068,-0.000010,0.000175,0.000060,0.000070,0.005244,0.000119,0.059664,False
2017-11-16,0.005757,0.005053,-0.000035,-0.000067,-0.000011,0.000176,0.000059,0.000071,0.005245,0.000512,0.256056,False
2017-11-17,0.005954,0.005053,-0.000035,-0.000066,-0.000012,0.000177,0.000058,0.000072,0.005246,0.000708,0.353834,False
2017-11-18,0.006005,0.005054,-0.000035,-0.000065,-0.000013,0.000178,0.000057,0.000073,0.005248,0.000757,0.378497,False
2017-11-19,0.006013,0.005054,-0.000035,-0.000064,-0.000015,0.000179,0.000056,0.000074,0.005250,0.000763,0.381545,False
2017-11-20,0.006069,0.005054,-0.000034,-0.000063,-0.000016,0.000180,0.000055,0.000075,0.005252,0.000817,0.408480,False
2017-11-21,0.005852,0.005055,-0.000034,-0.000062,-0.000017,0.000181,0.000054,0.000076,0.005254,0.000598,0.298804,False
2017-11-22,0.006116,0.005055,-0.000033,-0.000060,-0.000018,0.000182,0.000054,0.000078,0.005257,0.000859,0.429518,False
2017-11-23,0.006290,0.005056,-0.000032,-0.000059,-0.000019,0.000183,0.000053,0.000079,0.005260,0.001030,0.515124,False
2017-11-24,0.005936,0.005056,-0.000031,-0.000058,-0.000021,0.000184,0.000052,0.000080,0.005263,0.000673,0.336626,False
2017-11-25,0.006202,0.005056,-0.000030,-0.000056,-0.000022,0.000185,0.000051,0.000081,0.005266,0.000936,0.468027,False
2017-11-26,0.005927,0.005057,-0.000029,-0.000054,-0.000023,0.000186,0.000050,0.000082,0.005269,0.000658,0.328829,False
2017-11-27,0.006005,0.005057,-0.000027,-0.000053,-0.000024,0.000187,0.000049,0.000083,0.005273,0.000732,0.366038,False
2017-11-28,0.006104,0.005058,-0.000026,-0.000051,-0.000025,0.000188,0.000048,0.000084,0.005277,0.000827,0.413656,False
2017-11-29,0.006118,0.005058,-0.000024,-0.000049,-0.000026,0.000189,0.000047,0.000085,0.005281,0.000837,0.418690,False
2017-11-30,0.006111,0.005058,-0.000022,-0.000047,-0.000027,0.000190,0.000046,0.000086,0.005285,0.000826,0.413144,False
2017-12-01,0.006144,0.005059,-0.000020,-0.000046,-0.000028,0.000191,0.000045,0.000088,0.005289,0.000855,0.427522,False
2017-12-02,0.005780,0.005059,-0.000018,-0.000044,-0.000030,0.000192,0.000045,0.000089,0.005293,0.000487,0.243332,False
2017-12-03,0.006131,0.005060,-0.000016,-0.000042,-0.000031,0.000193,0.000044,0.000090,0.005298,0.000833,0.416577,False
2017-12-04,0.005960,0.005060,-0.000014,-0.000040,-0.000032,0.000194,0.000043,0.000091,0.005302,0.000658,0.328766,False
2017-12-05,0.005969,0.005060,-0.000012,-0.000037,-0.000033,0.000195,0.000042,0.000092,0.005307,0.000662,0.330903,False
2017-12-06,0.006072,0.005061,-0.000009,-0.000035,-0.000034,0.000195,0.000041,0.000093,0.005312,0.000760,0.379995,False
2017-12-07,0.006544,0.005061,-0.000007,-0.000033,-0.000035,0.000196,0.000040,0.000094,0.005317,0.001227,0.613549,False
2017-12-08,0.006004,0.005062,-0.000005,-0.000031,-0.000036,0.000197,0.000039,0.000095,0.005322,0.000682,0.341071,False
2017-12-09,0.005879,0.005062,-0.000002,-0.000029,-0.000037,0.000198,0.000038,0.000097,0.005327,0.000552,0.276069,False
2017-12-10,0.005771,0.005062,0.000000,-0.000026,-0.000038,0.000199,0.000037,0.000098,0.005332,0.000439,0.219548,False
2017-12-11,0.006051,0.005063,0.000003,-0.000024,-0.000039,0.000199,0.000036,0.000099,0.005337,0.000714,0.357017,False
2017-12-12,0.006153,0.005063,0.000005,-0.000022,-0.000040,0.000200,0.000035,0.000100,0.005342,0.000811,0.405482,False
2017-12-13,0.006094,0.005064,0.000007,-0.000019,-0.000041,0.000201,0.000034,0.000101,0.005347,0.000747,0.373450,False
2017-12-14,0.006086,0.005064,0.000010,-0.000017,-0.000042,0.000201,0.000034,0.000102,0.005352,0.000734,0.366927,False
2017-12-15,0.005926,0.005064,0.000012,-0.000014,-0.000043,0.000202,0.000033,0.000103,0.005357,0.000569,0.284421,False
2017-12-16,0.006418,0.005065,0.000014,-0.000012,-0.000044,0.000203,0.000032,0.000104,0.005362,0.001056,0.527939,False
2017-12-17,0.006129,0.005065,0.000016,-0.000010,-0.000045,0.000203,0.000031,0.000105,0.005367,0.000762,0.380986,False
2017-12-18,0.006285,0.005066,0.000019,-0.000007,-0.000046,0.000204,0.000030,0.000107,0.005372,0.000913,0.456570,False
2017-12-19,0.006423,0.005066,0.000021,-0.000005,-0.000047,0.000205,0.000029,0.000108,0.005377,0.001046,0.523196,False
2017-12-20,0.006232,0.005067,0.000022,-0.000002,-0.000048,0.000205,0.000028,0.000109,0.005381,0.000851,0.425372,False
2017-12-21,0.006133,0.005067,0.000024,0.000000,-0.000048,0.000206,0.000027,0.000110,0.005386,0.000747,0.373601,False
2017-12-22,0.006017,0.005067,0.000026,0.000003,-0.000049,0.000206,0.000026,0.000111,0.005390,0.000627,0.313391,False
2017-12-23,0.005893,0.005068,0.000028,0.000005,-0.000050,0.000207,0.000025,0.000112,0.005395,0.000498,0.249247,False
2017-12-24,0.006173,0.005068,0.000029,0.000008,-0.000051,0.000207,0.000024,0.000113,0.005399,0.000774,0.387173,False
2017-12-25,0.005947,0.005069,0.000030,0.000010,-0.000052,0.000208,0.000023,0.000114,0.005403,0.000544,0.272174,False
2017-12-26,0.006028,0.005069,0.000031,0.000013,-0.000053,0.000208,0.000022,0.000115,0.005406,0.000622,0.310754,False
2017-12-27,0.006005,0.005069,0.000032,0.000015,-0.000053,0.000209,0.000021,0.000116,0.005410,0.000595,0.297419,False
2017-12-28,0.006237,0.005070,0.000033,0.000018,-0.000054,0.000209,0.000020,0.000118,0.005414,0.000823,0.411670,False
2017-12-29,0.006098,0.005070,0.000034,0.000020,-0.000055,0.000210,0.000019,0.000119,0.005417,0.000681,0.340513,False
2017-12-30,0.005890,0.005071,0.000034,0.000022,-0.000056,0.000210,0.000018,0.000120,0.005420,0.000470,0.234948,False
2017-12-31,0.005897,0.005071,0.000035,0.000025,-0.000056,0.000211,0.000017,0.000121,0.005423,0.000474,0.236980,False
2018-01-01,0.005906,0.005071,0.000035,0.000027,-0.000057,0.000211,0.000017,0.000122,0.005426,0.000480,0.240110,False
2018-01-02,0.005765,0.005072,0.000035,0.000029,-0.000058,0.000211,0.000016,0.000123,0.005428,0.000337,0.168340,False
2018-01-03,0.006006,0.005072,0.000035,0.000032,-0.000058,0.000212,0.000015,0.000124,0.005431,0.000575,0.287672,False
2018-01-04,0.006237,0.005073,0.000035,0.000034,-0.000059,0.000212,0.000014,0.000125,0.005433,0.000804,0.402105,False
2018-01-05,0.005946,0.005073,0.000034,0.000036,-0.000060,0.000212,0.000013,0.000126,0.005435,0.000511,0.255641,False
2018-01-06,0.005979,0.005073,0.000033,0.000038,-0.000060,0.000213,0.000012,0.000127,0.005436,0.000543,0.271280,False
2018-01-07,0.005855,0.005074,0.000033,0.000040,-0.000061,0.000213,0.000011,0.000129,0.005438,0.000417,0.208521,False
2018-01-08,0.006373,0.005074,0.000032,0.000042,-0.000062,0.000213,0.000010,0.000130,0.005439,0.000934,0.466864,False
2018-01-09,0.006198,0.005075,0.000031,0.000044,-0.000062,0.000214,0.000009,0.000131,0.005440,0.000758,0.378808,False
2018-01-10,0.006019,0.005075,0.000029,0.000046,-0.000063,0.000214,0.000008,0.000132,0.005441,0.000578,0.288850,False
2018-01-11,0.006055,0.005075,0.000028,0.000048,-0.000063,0.000214,0.000007,0.000133,0.005442,0.000613,0.306490,False
2018-01-12,0.005835,0.005076,0.000027,0.000050,-0.000064,0.000214,0.000006,0.000134,0.005443,0.000392,0.196225,False
2018-01-13,0.005888,0.005076,0.000025,0.000052,-0.000064,0.000214,0.000005,0.000135,0.005443,0.000445,0.222552,False
2018-01-14,0.005925,0.005077,0.000023,0.000053,-0.000065,0.000215,0.000004,0.000136,0.005443,0.000482,0.240968,False
2018-01-15,0.005702,0.005077,0.000021,0.000055,-0.000065,0.000215,0.000003,0.000137,0.005443,0.000259,0.129471,False
2018-01-16,0.005776,0.005077,0.000019,0.000056,-0.000066,0.000215,0.000002,0.000138,0.005443,0.000333,0.166556,False
2018-01-17,0.006003,0.005078,0.000017,0.000058,-0.000066,0.000215,0.000001,0.000139,0.005443,0.000560,0.280220,False
2018-01-18,0.005811,0.005078,0.000015,0.000059,-0.000066,0.000215,0.000000,0.000141,0.005442,0.000369,0.184459,False
2018-01-19,0.005988,0.005079,0.000013,0.000061,-0.000067,0.000215,-0.000001,0.000142,0.005441,0.000547,0.273269,False
2018-01-20,0.005810,0.005079,0.000011,0.000062,-0.000067,0.000215,-0.000002,0.000143,0.005441,0.000369,0.184644,False
2018-01-21,0.005808,0.005079,0.000008,0.000063,-0.000068,0.000215,-0.000003,0.000144,0.005440,0.000369,0.184331,False
2018-01-22,0.005807,0.005080,0.000006,0.000064,-0.000068,0.000215,-0.000004,0.000145,0.005439,0.000368,0.184075,False
2018-01-23,0.005911,0.005080,0.000004,0.000066,-0.000068,0.000215,-0.000005,0.000146,0.005438,0.000473,0.236620,False
2018-01-24,0.006013,0.005081,0.000001,0.000067,-0.000068,0.000215,-0.000006,0.000147,0.005437,0.000577,0.288461,False
2018-01-25,0.006116,0.005081,-0.000001,0.000067,-0.000069,0.000215,-0.000007,0.000148,0.005435,0.000681,0.340344,False
2018-01-26,0.006160,0.005082,-0.000004,0.000068,-0.000069,0.000215,-0.000008,0.000149,0.005434,0.000726,0.363013,False
2018-01-27,0.006115,0.005082,-0.000006,0.000069,-0.000069,0.000215,-0.000009,0.000150,0.005433,0.000682,0.341212,False
2018-01-28,0.006290,0.005082,-0.000008,0.000070,-0.000069,0.000215,-0.000010,0.000151,0.005431,0.000859,0.429437,False
2018-01-29,0.006197,0.005083,-0.000011,0.000070,-0.000069,0.000215,-0.000011,0.000153,0.005430,0.000767,0.383682,False
2018-01-30,0.006045,0.005083,-0.000013,0.000071,-0.000070,0.000215,-0.000011,0.000154,0.005428,0.000617,0.308443,False
2018-01-31,0.006204,0.005084,-0.000015,0.000071,-0.000070,0.000214,-0.000012,0.000155,0.005427,0.000777,0.388713,False
2018-02-01,0.005950,0.005084,-0.000017,0.000072,-0.000070,0.000214,-0.000013,0.000156,0.005425,0.000525,0.262488,False
2018-02-02,0.006375,0.005084,-0.000019,0.000072,-0.000070,0.000214,-0.000014,0.000157,0.005423,0.000952,0.475763,False
2018-02-03,0.006215,0.005085,-0.000021,0.000072,-0.000070,0.000214,-0.000015,0.000158,0.005422,0.000793,0.396533,False
2018-02-04,0.005917,0.005085,-0.000023,0.000072,-0.000070,0.000214,-0.000016,0.000159,0.005420,0.000497,0.248294,False
2018-02-05,0.005739,0.005086,-0.000025,0.000072,-0.000070,0.000213,-0.000017,0.000160,0.005419,0.000320,0.160041,False
2018-02-06,0.005704,0.005086,-0.000027,0.000072,-0.000070,0.000213,-0.000018,0.000161,0.005417,0.000287,0.143270,False
2018-02-07,0.005832,0.005086,-0.000028,0.000072,-0.000070,0.000213,-0.000019,0.000162,0.005416,0.000416,0.207978,False
2018-02-08,0.005716,0.005087,-0.000029,0.000072,-0.000070,0.000213,-0.000020,0.000163,0.005415,0.000301,0.150659,False
2018-02-09,0.005350,0.005087,-0.000031,0.000071,-0.000070,0.000212,-0.000021,0.000164,0.005413,-0.000063,-0.031688,False
2018-02-10,0.005719,0.005088,-0.000032,0.000071,-0.000070,0.000212,-0.000022,0.000165,0.005412,0.000307,0.153432,False
2018-02-11,0.005360,0.005088,-0.000033,0.000070,-0.000070,0.000212,-0.000023,0.000167,0.005411,-0.000051,-0.025483,False
2018-02-12,0.005409,0.005088,-0.000033,0.000070,-0.000070,0.000211,-0.000024,0.000168,0.005410,-0.000001,-0.000436,False
2018-02-13,0.005478,0.005089,-0.000034,0.000069,-0.000070,0.000211,-0.000025,0.000169,0.005409,0.000069,0.034572,False
2018-02-14,0.005392,0.005089,-0.000035,0.000068,-0.000070,0.000211,-0.000026,0.000170,0.005408,-0.000016,-0.007962,False
2018-02-15,0.005387,0.005090,-0.000035,0.000067,-0.000069,0.000210,-0.000027,0.000171,0.005407,-0.000020,-0.010040,False
2018-02-16,0.005374,0.005090,-0.000035,0.000066,-0.000069,0.000210,-0.000028,0.000172,0.005406,-0.000032,-0.016162,False
2018-02-17,0.005207,0.005090,-0.000035,0.000065,-0.000069,0.000209,-0.000029,0.000173,0.005406,-0.000199,-0.099330,False
2018-02-18,0.005417,0.005091,-0.000035,0.000064,-0.000069,0.000209,-0.000030,0.000174,0.005405,0.000012,0.005957,False
2018-02-19,0.005396,0.005091,-0.000034,0.000063,-0.000068,0.000208,-0.000031,0.000175,0.005405,-0.000009,-0.004303,False
2018-02-20,0.005453,0.005092,-0.000034,0.000062,-0.000068,0.000208,-0.000031,0.000176,0.005404,0.000049,0.024391,False
2018-02-21,0.005577,0.005092,-0.000033,0.000061,-0.000068,0.000207,-0.000032,0.000177,0.005404,0.000173,0.086540,False
2018-02-22,0.005727,0.005092,-0.000032,0.000059,-0.000068,0.000207,-0.000033,0.000178,0.005404,0.000323,0.161644,False
2018-02-23,0.005358,0.005093,-0.000031,0.000058,-0.000067,0.000206,-0.000034,0.000179,0.005404,-0.000046,-0.022795,False
2018-02-24,0.005448,0.005093,-0.000030,0.000056,-0.000067,0.000206,-0.000035,0.000180,0.005404,0.000044,0.022224,False
2018-02-25,0.005477,0.005094,-0.000029,0.000055,-0.000066,0.000205,-0.000036,0.000181,0.005404,0.000073,0.036702,False
2018-02-26,0.005207,0.005094,-0.000028,0.000053,-0.000066,0.000205,-0.000037,0.000182,0.005404,-0.000197,-0.098357,False
2018-02-27,0.005188,0.005095,-0.000026,0.000051,-0.000066,0.000204,-0.000038,0.000184,0.005404,-0.000216,-0.107952,False
2018-02-28,0.005305,0.005095,-0.000024,0.000050,-0.000065,0.000203,-0.000039,0.000185,0.005404,-0.000099,-0.049580,False
2018-03-01,0.005333,0.005095,-0.000022,0.000048,-0.000065,0.000203,-0.000040,0.000186,0.005404,-0.000071,-0.035737,False
2018-03-02,0.005285,0.005096,-0.000021,0.000046,-0.000064,0.000202,-0.000041,0.000187,0.005405,-0.000120,-0.059922,False
2018-03-03,0.005326,0.005096,-0.000019,0.000044,-0.000064,0.000201,-0.000042,0.000188,0.005405,-0.000079,-0.039630,False
2018-03-04,0.005481,0.005097,-0.000016,0.000042,-0.000063,0.000201,-0.000043,0.000189,0.005406,0.000075,0.037643,False
2018-03-05,0.005673,0.005097,-0.000014,0.000040,-0.000063,0.000200,-0.000043,0.000190,0.005406,0.000267,0.133399,False
2018-03-06,0.005316,0.005097,-0.000012,0.000038,-0.000062,0.000199,-0.000044,0.000191,0.005407,-0.000091,-0.045356,False
2018-03-07,0.005515,0.005098,-0.000010,0.000036,-0.000062,0.000198,-0.000045,0.000192,0.005407,0.000108,0.053880,False
2018-03-08,0.005771,0.005098,-0.000007,0.000034,-0.000061,0.000198,-0.000046,0.000193,0.005408,0.000363,0.181613,False
2018-03-09,0.005450,0.005099,-0.000005,0.000031,-0.000060,0.000197,-0.000047,0.000194,0.005408,0.000042,0.020846,False
2018-03-10,0.005370,0.005099,-0.000003,0.000029,-0.000060,0.000196,-0.000048,0.000195,0.005409,-0.000039,-0.019416,False
2018-03-11,0.005508,0.005099,-0.000000,0.000027,-0.000059,0.000195,-0.000049,0.000196,0.005409,0.000099,0.049332,False
2018-03-12,0.005610,0.005100,0.000002,0.000025,-0.000058,0.000194,-0.000050,0.000197,0.005410,0.000200,0.100093,False
2018-03-13,0.005398,0.005100,0.000005,0.000022,-0.000058,0.000194,-0.000051,0.000198,0.005410,-0.000012,-0.006128,False
2018-03-14,0.005410,0.005101,0.000007,0.000020,-0.000057,0.000193,-0.000052,0.000199,0.005411,-0.000001,-0.000327,False
2018-03-15,0.005851,0.005101,0.000009,0.000017,-0.000056,0.000192,-0.000052,0.000200,0.005411,0.000440,0.220001,False
2018-03-16,0.005624,0.005101,0.000012,0.000015,-0.000056,0.000191,-0.000053,0.000201,0.005411,0.000213,0.106360,False
2018-03-17,0.005478,0.005102,0.000014,0.000013,-0.000055,0.000190,-0.000054,0.000202,0.005411,0.000067,0.033254,False
2018-03-18,0.005254,0.005102,0.000016,0.000010,-0.000054,0.000189,-0.000055,0.000203,0.005412,-0.000158,-0.078813,False
2018-03-19,0.005777,0.005103,0.000018,0.000008,-0.000053,0.000188,-0.000056,0.000204,0.005412,0.000365,0.182662,False
2018-03-20,0.005939,0.005103,0.000020,0.000005,-0.000053,0.000187,-0.000057,0.000206,0.005412,0.000527,0.263683,False
2018-03-21,0.005822,0.005103,0.000022,0.000003,-0.000052,0.000186,-0.000058,0.000207,0.005411,0.000411,0.205254,False
2018-03-22,0.005400,0.005104,0.000024,0.000000,-0.000051,0.000185,-0.000058,0.000208,0.005411,-0.000011,-0.005623,False
2018-03-23,0.005439,0.005104,0.000026,-0.000002,-0.000050,0.000184,-0.000059,0.000209,0.005411,0.000028,0.014056,False
2018-03-24,0.005420,0.005105,0.000027,-0.000005,-0.000049,0.000183,-0.000060,0.000210,0.005410,0.000010,0.004794,False
2018-03-25,0.005694,0.005105,0.000029,-0.000007,-0.000048,0.000182,-0.000061,0.000211,0.005410,0.000284,0.142092,False
2018-03-26,0.005558,0.005105,0.000030,-0.000010,-0.000048,0.000181,-0.000062,0.000212,0.005409,0.000149,0.074452,False
2018-03-27,0.005443,0.005106,0.000031,-0.000012,-0.000047,0.000180,-0.000063,0.000213,0.005408,0.000035,0.017377,False
2018-03-28,0.005327,0.005106,0.000032,-0.000015,-0.000046,0.000179,-0.000064,0.000214,0.005407,-0.000080,-0.040132,False
2018-03-29,0.005333,0.005107,0.000033,-0.000017,-0.000045,0.000178,-0.000064,0.000215,0.005406,-0.000073,-0.036574,False
2018-03-30,0.005385,0.005107,0.000034,-0.000019,-0.000044,0.000177,-0.000065,0.000216,0.005405,-0.000020,-0.009949,False
2018-03-31,0.005507,0.005107,0.000034,-0.000022,-0.000043,0.000176,-0.000066,0.000217,0.005404,0.000103,0.051744,False
2018-04-01,0.005487,0.005108,0.000035,-0.000024,-0.000042,0.000174,-0.000067,0.000218,0.005402,0.000085,0.042505,False
2018-04-02,0.005532,0.005108,0.000035,-0.000026,-0.000041,0.000173,-0.000068,0.000219,0.005400,0.000132,0.065834,False
2018-04-03,0.005452,0.005109,0.000035,-0.000029,-0.000040,0.000172,-0.000069,0.000220,0.005399,0.000053,0.026729,False
2018-04-04,0.005472,0.005109,0.000035,-0.000031,-0.000039,0.000171,-0.000069,0.000221,0.005397,0.000075,0.037690,False
2018-04-05,0.005718,0.005110,0.000035,-0.000033,-0.000038,0.000170,-0.000070,0.000222,0.005395,0.000323,0.161716,False
2018-04-06,0.005985,0.005110,0.000034,-0.000035,-0.000037,0.000169,-0.000071,0.000223,0.005392,0.000593,0.296304,False
2018-04-07,0.005698,0.005110,0.000034,-0.000038,-0.000036,0.000167,-0.000072,0.000224,0.005390,0.000308,0.153952,False
2018-04-08,0.005401,0.005111,0.000033,-0.000040,-0.000035,0.000166,-0.000073,0.000225,0.005388,0.000013,0.006657,False
2018-04-09,0.005335,0.005111,0.000032,-0.000042,-0.000034,0.000165,-0.000073,0.000226,0.005385,-0.000050,-0.025082,False
2018-04-10,0.005200,0.005112,0.000031,-0.000044,-0.000033,0.000164,-0.000074,0.000227,0.005383,-0.000183,-0.091270,False
2018-04-11,0.005213,0.005112,0.000030,-0.000046,-0.000032,0.000162,-0.000075,0.000228,0.005380,-0.000167,-0.083411,False
2018-04-12,0.005562,0.005112,0.000028,-0.000048,-0.000031,0.000161,-0.000076,0.000229,0.005377,0.000185,0.092493,False
2018-04-13,0.005630,0.005113,0.000027,-0.000049,-0.000030,0.000160,-0.000076,0.000230,0.005374,0.000256,0.127936,False
2018-04-14,0.005658,0.005113,0.000025,-0.000051,-0.000028,0.000158,-0.000077,0.000231,0.005371,0.000287,0.143414,False
2018-04-15,0.005800,0.005114,0.000024,-0.000053,-0.000027,0.000157,-0.000078,0.000232,0.005368,0.000432,0.215923,False
2018-04-16,0.005418,0.005114,0.000022,-0.000054,-0.000026,0.000156,-0.000079,0.000233,0.005365,0.000053,0.026457,False
2018-04-17,0.005596,0.005114,0.000020,-0.000056,-0.000025,0.000154,-0.000080,0.000234,0.005362,0.000234,0.117012,False
2018-04-18,0.005475,0.005115,0.000018,-0.000058,-0.000024,0.000153,-0.000080,0.000235,0.005359,0.000116,0.058081,False
2018-04-19,0.005738,0.005115,0.000016,-0.000059,-0.000023,0.000152,-0.000081,0.000236,0.005356,0.000382,0.191159,False
2018-04-20,0.005531,0.005116,0.000013,-0.000060,-0.000022,0.000150,-0.000082,0.000237,0.005353,0.000178,0.089241,False
2018-04-21,0.005292,0.005116,0.000011,-0.000062,-0.000021,0.000149,-0.000083,0.000238,0.005349,-0.000057,-0.028680,False
2018-04-22,0.005421,0.005116,0.000009,-0.000063,-0.000019,0.000147,-0.000083,0.000239,0.005346,0.000075,0.037390,False
2018-04-23,0.005423,0.005117,0.000007,-0.000064,-0.000018,0.000146,-0.000084,0.000240,0.005343,0.000080,0.039946,False
2018-04-24,0.005563,0.005117,0.000004,-0.000065,-0.000017,0.000145,-0.000085,0.000241,0.005340,0.000223,0.111481,False
2018-04-25,0.005592,0.005118,0.000002,-0.000066,-0.000016,0.000143,-0.000085,0.000242,0.005337,0.000255,0.127489,False
2018-04-26,0.005438,0.005118,-0.000001,-0.000067,-0.000015,0.000142,-0.000086,0.000243,0.005334,0.000104,0.051963,False
2018-04-27,0.005670,0.005118,-0.000003,-0.000068,-0.000014,0.000140,-0.000087,0.000244,0.005331,0.000339,0.169398,False
2018-04-28,0.005396,0.005119,-0.000005,-0.000069,-0.000012,0.000139,-0.000088,0.000245,0.005328,0.000068,0.033788,False
2018-04-29,0.005393,0.005119,-0.000008,-0.000070,-0.000011,0.000137,-0.000088,0.000246,0.005326,0.000067,0.033625,False
2018-04-30,0.005280,0.005120,-0.000010,-0.000070,-0.000010,0.000136,-0.000089,0.000247,0.005323,-0.000043,-0.021594,False
2018-05-01,0.005620,0.005120,-0.000012,-0.000071,-0.000009,0.000134,-0.000090,0.000248,0.005321,0.000299,0.149623,False
2018-05-02,0.005288,0.005120,-0.000015,-0.000071,-0.000008,0.000133,-0.000090,0.000249,0.005318,-0.000030,-0.015229,False
2018-05-03,0.005576,0.005121,-0.000017,-0.000071,-0.000006,0.000131,-0.000091,0.000250,0.005316,0.000260,0.129844,False
2018-05-04,0.005374,0.005121,-0.000019,-0.000072,-0.000005,0.000129,-0.000092,0.000251,0.005314,0.000060,0.029838,False
2018-05-05,0.005319,0.005122,-0.000021,-0.000072,-0.000004,0.000128,-0.000092,0.000252,0.005313,0.000006,0.003248,False
2018-05-06,0.005539,0.005122,-0.000023,-0.000072,-0.000003,0.000126,-0.000093,0.000253,0.005311,0.000228,0.114068,False
2018-05-07,0.005413,0.005123,-0.000024,-0.000072,-0.000002,0.000125,-0.000094,0.000254,0.005309,0.000104,0.051794,False
2018-05-08,0.005772,0.005123,-0.000026,-0.000072,-0.000000,0.000123,-0.000094,0.000255,0.005308,0.000464,0.231923,False
2018-05-09,0.005710,0.005123,-0.000028,-0.000072,0.000001,0.000121,-0.000095,0.000256,0.005307,0.000403,0.201450,False
2018-05-10,0.005375,0.005124,-0.000029,-0.000072,0.000002,0.000120,-0.000096,0.000257,0.005306,0.000069,0.034371,False
2018-05-11,0.005371,0.005124,-0.000030,-0.000071,0.000003,0.000118,-0.000096,0.000258,0.005306,0.000065,0.032685,False
2018-05-12,0.005344,0.005125,-0.000031,-0.000071,0.000005,0.000117,-0.000097,0.000259,0.005305,0.000039,0.019387,False
2018-05-13,0.005462,0.005125,-0.000032,-0.000070,0.000006,0.000115,-0.000098,0.000260,0.005305,0.000157,0.078477,False
2018-05-14,0.005388,0.005125,-0.000033,-0.000070,0.000007,0.000113,-0.000098,0.000261,0.005305,0.000083,0.041451,False
2018-05-15,0.005437,0.005126,-0.000034,-0.000069,0.000008,0.000112,-0.000099,0.000262,0.005305,0.000132,0.065808,False
2018-05-16,0.005420,0.005126,-0.000034,-0.000068,0.000009,0.000110,-0.000099,0.000263,0.005306,0.000114,0.057047,False
2018-05-17,0.005369,0.005127,-0.000035,-0.000068,0.000011,0.000108,-0.000100,0.000264,0.005307,0.000062,0.031168,False
2018-05-18,0.005582,0.005127,-0.000035,-0.000067,0.000012,0.000107,-0.000101,0.000265,0.005308,0.000274,0.137170,False
2018-05-19,0.005386,0.005127,-0.000035,-0.000066,0.000013,0.000105,-0.000101,0.000266,0.005309,0.000077,0.038554,False
2018-05-20,0.005325,0.005128,-0.000035,-0.000065,0.000014,0.000103,-0.000102,0.000267,0.005310,0.000015,0.007320,False
2018-05-21,0.005340,0.005128,-0.000035,-0.000064,0.000015,0.000101,-0.000102,0.000268,0.005312,0.000028,0.013969,False
2018-05-22,0.005202,0.005129,-0.000034,-0.000062,0.000016,0.000100,-0.000103,0.000269,0.005314,-0.000112,-0.055998,False
2018-05-23,0.005569,0.005129,-0.000033,-0.000061,0.000018,0.000098,-0.000103,0.000270,0.005316,0.000253,0.126423,False
2018-05-24,0.005481,0.005129,-0.000033,-0.000060,0.000019,0.000096,-0.000104,0.000271,0.005319,0.000162,0.081232,False
2018-05-25,0.005331,0.005130,-0.000032,-0.000058,0.000020,0.000094,-0.000105,0.000271,0.005321,0.000010,0.004933,False
2018-05-26,0.005303,0.005130,-0.000031,-0.000057,0.000021,0.000093,-0.000105,0.000272,0.005324,-0.000021,-0.010471,False
2018-05-27,0.005437,0.005131,-0.000029,-0.000055,0.000022,0.000091,-0.000106,0.000273,0.005327,0.000110,0.055024,False
2018-05-28,0.005727,0.005131,-0.000028,-0.000054,0.000023,0.000089,-0.000106,0.000274,0.005330,0.000397,0.198422,False
2018-05-29,0.005802,0.005131,-0.000026,-0.000052,0.000025,0.000087,-0.000107,0.000275,0.005334,0.000468,0.234227,False
2018-05-30,0.005652,0.005132,-0.000025,-0.000050,0.000026,0.000085,-0.000107,0.000276,0.005337,0.000315,0.157443,False
2018-05-31,0.005703,0.005132,-0.000023,-0.000048,0.000027,0.000084,-0.000108,0.000277,0.005341,0.000362,0.181076,False
2018-06-01,0.005598,0.005133,-0.000021,-0.000046,0.000028,0.000082,-0.000108,0.000278,0.005345,0.000253,0.126631,False
2018-06-02,0.005443,0.005133,-0.000019,-0.000045,0.000029,0.000080,-0.000109,0.000279,0.005349,0.000094,0.047113,False
2018-06-03,0.005198,0.005133,-0.000017,-0.000043,0.000030,0.000078,-0.000109,0.000280,0.005353,-0.000155,-0.077471,False
2018-06-04,0.005300,0.005134,-0.000015,-0.000041,0.000031,0.000076,-0.000110,0.000281,0.005357,-0.000057,-0.028615,False
2018-06-05,0.005406,0.005134,-0.000013,-0.000038,0.000032,0.000075,-0.000110,0.000282,0.005362,0.000044,0.022187,False
2018-06-06,0.005371,0.005135,-0.000010,-0.000036,0.000033,0.000073,-0.000111,0.000283,0.005366,0.000005,0.002441,False
2018-06-07,0.005391,0.005135,-0.000008,-0.000034,0.000034,0.000071,-0.000111,0.000284,0.005371,0.000020,0.010155,False
2018-06-08,0.005266,0.005135,-0.000006,-0.000032,0.000035,0.000069,-0.000112,0.000285,0.005375,-0.000109,-0.054665,False
2018-06-09,0.005274,0.005136,-0.000003,-0.000030,0.000036,0.000067,-0.000112,0.000286,0.005380,-0.000106,-0.053012,False
2018-06-10,0.005654,0.005136,-0.000001,-0.000027,0.000037,0.000065,-0.000113,0.000287,0.005385,0.000269,0.134621,False
2018-06-11,0.005465,0.005137,0.000002,-0.000025,0.000038,0.000063,-0.000113,0.000288,0.005390,0.000075,0.037742,False
2018-06-12,0.005268,0.005137,0.000004,-0.000023,0.000039,0.000062,-0.000114,0.000289,0.005394,-0.000126,-0.063143,False
2018-06-13,0.005115,0.005138,0.000006,-0.000020,0.000040,0.000060,-0.000114,0.000289,0.005399,-0.000284,-0.142026,False
2018-06-14,0.005422,0.005138,0.000009,-0.000018,0.000041,0.000058,-0.000114,0.000290,0.005404,0.000018,0.009099,False
2018-06-15,0.005422,0.005138,0.000011,-0.000016,0.000042,0.000056,-0.000115,0.000291,0.005409,0.000013,0.006740,False
2018-06-16,0.005274,0.005139,0.000013,-0.000013,0.000043,0.000054,-0.000115,0.000292,0.005413,-0.000139,-0.069596,False
2018-06-17,0.005328,0.005139,0.000015,-0.000011,0.000044,0.000052,-0.000116,0.000293,0.005418,-0.000090,-0.044902,False
2018-06-18,0.005623,0.005140,0.000018,-0.000008,0.000045,0.000050,-0.000116,0.000294,0.005422,0.000201,0.100327,False
2018-06-19,0.005472,0.005140,0.000020,-0.000006,0.000046,0.000048,-0.000116,0.000295,0.005427,0.000045,0.022600,False
2018-06-20,0.005444,0.005140,0.000022,-0.000003,0.000047,0.000046,-0.000117,0.000296,0.005431,0.000013,0.006422,False
2018-06-21,0.005402,0.005141,0.000023,-0.000001,0.000048,0.000044,-0.000117,0.000297,0.005435,-0.000033,-0.016701,False
2018-06-22,0.005505,0.005141,0.000025,0.000002,0.000049,0.000043,-0.000118,0.000298,0.005440,0.000065,0.032738,False
2018-06-23,0.005190,0.005142,0.000027,0.000004,0.000050,0.000041,-0.000118,0.000299,0.005444,-0.000254,-0.126757,False
2018-06-24,0.005278,0.005142,0.000028,0.000007,0.000051,0.000039,-0.000118,0.000300,0.005447,-0.000169,-0.084680,False
2018-06-25,0.005384,0.005142,0.000030,0.000009,0.000051,0.000037,-0.000119,0.000301,0.005451,-0.000067,-0.033525,False
2018-06-26,0.005229,0.005143,0.000031,0.000011,0.000052,0.000035,-0.000119,0.000301,0.005455,-0.000226,-0.112788,False
2018-06-27,0.005391,0.005143,0.000032,0.000014,0.000053,0.000033,-0.000119,0.000302,0.005458,-0.000067,-0.033465,False
2018-06-28,0.005398,0.005144,0.000033,0.000016,0.000054,0.000031,-0.000120,0.000303,0.005461,-0.000063,-0.031552,False
2018-06-29,0.005505,0.005144,0.000034,0.000019,0.000055,0.000029,-0.000120,0.000304,0.005464,0.000041,0.020456,False
2018-06-30,0.005719,0.005144,0.000034,0.000021,0.000055,0.000027,-0.000120,0.000305,0.005467,0.000252,0.126060,False
2018-07-01,0.005586,0.005145,0.000035,0.000024,0.000056,0.000025,-0.000121,0.000306,0.005469,0.000116,0.058098,False
2018-07-02,0.005452,0.005145,0.000035,0.000026,0.000057,0.000023,-0.000121,0.000307,0.005472,-0.000020,-0.009761,False
2018-07-03,0.005319,0.005146,0.000035,0.000028,0.000057,0.000021,-0.000121,0.000308,0.005474,-0.000155,-0.077516,False
2018-07-04,0.005334,0.005146,0.000035,0.000030,0.000058,0.000019,-0.000122,0.000309,0.005476,-0.000142,-0.070998,False
2018-07-05,0.005333,0.005146,0.000035,0.000033,0.000059,0.000017,-0.000122,0.000310,0.005478,-0.000145,-0.072372,False
2018-07-06,0.005247,0.005147,0.000034,0.000035,0.000059,0.000015,-0.000122,0.000311,0.005479,-0.000232,-0.116138,False
2018-07-07,0.005400,0.005147,0.000034,0.000037,0.000060,0.000013,-0.000122,0.000311,0.005481,-0.000081,-0.040295,False
2018-07-08,0.005424,0.005148,0.000033,0.000039,0.000061,0.000011,-0.000123,0.000312,0.005482,-0.000058,-0.028844,False
2018-07-09,0.005340,0.005148,0.000032,0.000041,0.000061,0.000010,-0.000123,0.000313,0.005483,-0.000143,-0.071284,False
2018-07-10,0.005535,0.005148,0.000031,0.000043,0.000062,0.000008,-0.000123,0.000314,0.005483,0.000052,0.025884,False
2018-07-11,0.005687,0.005149,0.000030,0.000045,0.000062,0.000006,-0.000123,0.000315,0.005484,0.000203,0.101658,False
2018-07-12,0.005389,0.005149,0.000029,0.000047,0.000063,0.000004,-0.000124,0.000316,0.005484,-0.000095,-0.047464,False
2018-07-13,0.005583,0.005150,0.000027,0.000049,0.000063,0.000002,-0.000124,0.000317,0.005484,0.000099,0.049517,False
2018-07-14,0.005418,0.005150,0.000026,0.000051,0.000064,-0.000000,-0.000124,0.000318,0.005484,-0.000066,-0.032901,False
2018-07-15,0.005519,0.005151,0.000024,0.000052,0.000064,-0.000002,-0.000124,0.000319,0.005483,0.000036,0.017778,False
2018-07-16,0.005498,0.005151,0.000022,0.000054,0.000065,-0.000004,-0.000125,0.000319,0.005483,0.000015,0.007552,False
2018-07-17,0.005195,0.005151,0.000020,0.000056,0.000065,-0.000006,-0.000125,0.000320,0.005482,-0.000287,-0.143583,False
2018-07-18,0.005654,0.005152,0.000018,0.000057,0.000066,-0.000008,-0.000125,0.000321,0.005481,0.000173,0.086371,False
2018-07-19,0.005815,0.005152,0.000016,0.000059,0.000066,-0.000010,-0.000125,0.000322,0.005480,0.000335,0.167408,False
2018-07-20,0.005470,0.005153,0.000014,0.000060,0.000067,-0.000012,-0.000125,0.000323,0.005479,-0.000009,-0.004475,False
2018-07-21,0.005350,0.005153,0.000012,0.000061,0.000067,-0.000014,-0.000125,0.000324,0.005478,-0.000128,-0.063782,False
2018-07-22,0.005310,0.005153,0.000010,0.000063,0.000067,-0.000016,-0.000126,0.000325,0.005476,-0.000166,-0.083019,False
2018-07-23,0.005401,0.005154,0.000007,0.000064,0.000068,-0.000018,-0.000126,0.000326,0.005474,-0.000073,-0.036689,False
2018-07-24,0.005568,0.005154,0.000005,0.000065,0.000068,-0.000020,-0.000126,0.000326,0.005473,0.000095,0.047702,False
2018-07-25,0.005491,0.005155,0.000002,0.000066,0.000068,-0.000022,-0.000126,0.000327,0.005471,0.000020,0.010149,False
2018-07-26,0.005488,0.005155,-0.000000,0.000067,0.000069,-0.000024,-0.000126,0.000328,0.005469,0.000019,0.009648,False
2018-07-27,0.005556,0.005155,-0.000002,0.000068,0.000069,-0.000026,-0.000126,0.000329,0.005467,0.000089,0.044693,False
2018-07-28,0.005584,0.005156,-0.000005,0.000069,0.000069,-0.000028,-0.000126,0.000330,0.005464,0.000120,0.059778,False
2018-07-29,0.005711,0.005156,-0.000007,0.000069,0.000069,-0.000030,-0.000127,0.000331,0.005462,0.000249,0.124399,False
2018-07-30,0.005746,0.005157,-0.000010,0.000070,0.000069,-0.000032,-0.000127,0.000332,0.005460,0.000286,0.143051,False
2018-07-31,0.005727,0.005157,-0.000012,0.000071,0.000070,-0.000033,-0.000127,0.000332,0.005458,0.000269,0.134727,False
2018-08-01,0.005868,0.005157,-0.000014,0.000071,0.000070,-0.000035,-0.000127,0.000333,0.005455,0.000413,0.206423,False
2018-08-02,0.006168,0.005158,-0.000016,0.000071,0.000070,-0.000037,-0.000127,0.000334,0.005453,0.000715,0.357635,False
2018-08-03,0.005567,0.005158,-0.000018,0.000072,0.000070,-0.000039,-0.000127,0.000335,0.005450,0.000117,0.058356,False
2018-08-04,0.005540,0.005159,-0.000020,0.000072,0.000070,-0.000041,-0.000127,0.000336,0.005448,0.000092,0.046082,False
2018-08-05,0.005584,0.005159,-0.000022,0.000072,0.000070,-0.000043,-0.000127,0.000337,0.005445,0.000139,0.069308,False
2018-08-06,0.005748,0.005159,-0.000024,0.000072,0.000070,-0.000045,-0.000127,0.000338,0.005443,0.000305,0.152530,False
2018-08-07,0.005666,0.005160,-0.000026,0.000072,0.000070,-0.000047,-0.000127,0.000338,0.005441,0.000225,0.112743,False
2018-08-08,0.005693,0.005160,-0.000027,0.000072,0.000070,-0.000049,-0.000127,0.000339,0.005438,0.000255,0.127444,False
2018-08-09,0.005857,0.005161,-0.000029,0.000072,0.000070,-0.000051,-0.000127,0.000340,0.005436,0.000421,0.210628,False
2018-08-10,0.005454,0.005161,-0.000030,0.000071,0.000070,-0.000053,-0.000127,0.000341,0.005433,0.000021,0.010292,False
2018-08-11,0.005767,0.005161,-0.000031,0.000071,0.000070,-0.000055,-0.000127,0.000342,0.005431,0.000336,0.167932,False
2018-08-12,0.005835,0.005162,-0.000032,0.000071,0.000070,-0.000056,-0.000127,0.000343,0.005429,0.000406,0.203046,False
2018-08-13,0.005698,0.005162,-0.000033,0.000070,0.000070,-0.000058,-0.000127,0.000344,0.005427,0.000271,0.135630,False
2018-08-14,0.005967,0.005163,-0.000034,0.000069,0.000070,-0.000060,-0.000127,0.000344,0.005425,0.000542,0.271183,False
2018-08-15,0.005946,0.005163,-0.000034,0.000069,0.000070,-0.000062,-0.000127,0.000345,0.005423,0.000523,0.261701,False
2018-08-16,0.005741,0.005163,-0.000035,0.000068,0.000069,-0.000064,-0.000127,0.000346,0.005421,0.000320,0.160184,False
2018-08-17,0.005818,0.005164,-0.000035,0.000067,0.000069,-0.000066,-0.000127,0.000347,0.005419,0.000399,0.199629,False
2018-08-18,0.005758,0.005164,-0.000035,0.000066,0.000069,-0.000068,-0.000127,0.000348,0.005417,0.000341,0.170536,False
2018-08-19,0.005567,0.005165,-0.000035,0.000065,0.000069,-0.000070,-0.000127,0.000348,0.005415,0.000152,0.075904,False
2018-08-20,0.005731,0.005165,-0.000035,0.000064,0.000069,-0.000071,-0.000127,0.000349,0.005414,0.000317,0.158732,False
2018-08-21,0.005566,0.005166,-0.000034,0.000063,0.000068,-0.000073,-0.000127,0.000350,0.005412,0.000154,0.077020,False
2018-08-22,0.005907,0.005166,-0.000034,0.000061,0.000068,-0.000075,-0.000127,0.000351,0.005410,0.000497,0.248269,False
2018-08-23,0.006224,0.005166,-0.000033,0.000060,0.000068,-0.000077,-0.000127,0.000352,0.005409,0.000815,0.407479,False
2018-08-24,0.005535,0.005167,-0.000032,0.000059,0.000067,-0.000079,-0.000127,0.000353,0.005408,0.000127,0.063650,False
2018-08-25,0.005518,0.005167,-0.000031,0.000057,0.000067,-0.000081,-0.000127,0.000353,0.005406,0.000112,0.055785,False
2018-08-26,0.005601,0.005168,-0.000030,0.000056,0.000067,-0.000082,-0.000127,0.000354,0.005405,0.000196,0.097884,False
2018-08-27,0.005864,0.005168,-0.000028,0.000054,0.000066,-0.000084,-0.000127,0.000355,0.005404,0.000460,0.229950,False
2018-08-28,0.005977,0.005168,-0.000027,0.000052,0.000066,-0.000086,-0.000127,0.000356,0.005403,0.000574,0.286985,False
2018-08-29,0.005801,0.005169,-0.000025,0.000051,0.000065,-0.000088,-0.000127,0.000357,0.005402,0.000399,0.199491,False
2018-08-30,0.005642,0.005169,-0.000023,0.000049,0.000065,-0.000090,-0.000126,0.000357,0.005401,0.000241,0.120470,False
2018-08-31,0.005394,0.005170,-0.000022,0.000047,0.000065,-0.000091,-0.000126,0.000358,0.005400,-0.000006,-0.003074,False
2018-09-01,0.005583,0.005170,-0.000020,0.000045,0.000064,-0.000093,-0.000126,0.000359,0.005399,0.000184,0.091862,False
2018-09-02,0.005539,0.005170,-0.000018,0.000043,0.000064,-0.000095,-0.000126,0.000360,0.005398,0.000141,0.070281,False
2018-09-03,0.005506,0.005171,-0.000015,0.000041,0.000063,-0.000097,-0.000126,0.000361,0.005398,0.000108,0.054187,False
2018-09-04,0.005624,0.005171,-0.000013,0.000039,0.000062,-0.000098,-0.000126,0.000361,0.005397,0.000227,0.113583,False
2018-09-05,0.005617,0.005172,-0.000011,0.000037,0.000062,-0.000100,-0.000126,0.000362,0.005396,0.000221,0.110474,False
2018-09-06,0.005493,0.005172,-0.000009,0.000035,0.000061,-0.000102,-0.000125,0.000363,0.005395,0.000098,0.048862,False
2018-09-07,0.005981,0.005172,-0.000006,0.000033,0.000061,-0.000104,-0.000125,0.000364,0.005394,0.000587,0.293253,False
2018-09-08,0.005659,0.005173,-0.000004,0.000030,0.000060,-0.000105,-0.000125,0.000365,0.005394,0.000265,0.132650,False
2018-09-09,0.005780,0.005173,-0.000002,0.000028,0.000059,-0.000107,-0.000125,0.000365,0.005393,0.000387,0.193558,False
2018-09-10,0.005520,0.005174,0.000001,0.000026,0.000059,-0.000109,-0.000125,0.000366,0.005392,0.000128,0.063981,False
2018-09-11,0.005819,0.005174,0.000003,0.000023,0.000058,-0.000110,-0.000124,0.000367,0.005391,0.000428,0.213922,False
2018-09-12,0.005830,0.005174,0.000006,0.000021,0.000057,-0.000112,-0.000124,0.000368,0.005390,0.000440,0.219887,False
2018-09-13,0.005780,0.005175,0.000008,0.000019,0.000057,-0.000114,-0.000124,0.000369,0.005389,0.000391,0.195378,False
2018-09-14,0.006425,0.005175,0.000010,0.000016,0.000056,-0.000115,-0.000124,0.000369,0.005388,0.001037,0.518401,False
2018-09-15,0.006213,0.005176,0.000013,0.000014,0.000055,-0.000117,-0.000124,0.000370,0.005387,0.000826,0.412959,False
2018-09-16,0.005884,0.005176,0.000015,0.000011,0.000055,-0.000119,-0.000123,0.000371,0.005386,0.000498,0.249056,False
2018-09-17,0.006109,0.005176,0.000017,0.000009,0.000054,-0.000120,-0.000123,0.000372,0.005385,0.000724,0.362196,False
2018-09-18,0.006289,0.005177,0.000019,0.000006,0.000053,-0.000122,-0.000123,0.000372,0.005383,0.000906,0.452881,False
2018-09-19,0.006091,0.005177,0.000021,0.000004,0.000052,-0.000124,-0.000123,0.000373,0.005382,0.000709,0.354616,False
2018-09-20,0.005796,0.005178,0.000023,0.000001,0.000051,-0.000125,-0.000122,0.000374,0.005380,0.000416,0.207903,False
2018-09-21,0.005885,0.005178,0.000025,-0.000001,0.000051,-0.000127,-0.000122,0.000375,0.005379,0.000506,0.253245,False
2018-09-22,0.005983,0.005179,0.000026,-0.000003,0.000050,-0.000128,-0.000122,0.000376,0.005377,0.000606,0.303145,False
2018-09-23,0.005976,0.005179,0.000028,-0.000006,0.000049,-0.000130,-0.000121,0.000376,0.005375,0.000601,0.300604,False
2018-09-24,0.005845,0.005179,0.000029,-0.000008,0.000048,-0.000131,-0.000121,0.000377,0.005373,0.000472,0.236126,False
2018-09-25,0.005747,0.005180,0.000031,-0.000011,0.000047,-0.000133,-0.000121,0.000378,0.005371,0.000376,0.188211,False
2018-09-26,0.006180,0.005180,0.000032,-0.000013,0.000046,-0.000134,-0.000121,0.000379,0.005368,0.000812,0.405861,False
2018-09-27,0.006230,0.005181,0.000033,-0.000016,0.000045,-0.000136,-0.000120,0.000379,0.005366,0.000864,0.432076,False
2018-09-28,0.006499,0.005181,0.000033,-0.000018,0.000044,-0.000138,-0.000120,0.000380,0.005363,0.001136,0.567858,False
2018-09-29,0.006023,0.005181,0.000034,-0.000021,0.000043,-0.000139,-0.000120,0.000381,0.005361,0.000662,0.331207,False
2018-09-30,0.006002,0.005182,0.000035,-0.000023,0.000042,-0.000141,-0.000119,0.000382,0.005358,0.000644,0.322122,False
2018-10-01,0.005811,0.005182,0.000035,-0.000025,0.000042,-0.000142,-0.000119,0.000382,0.005355,0.000456,0.228104,False
2018-10-02,0.005668,0.005183,0.000035,-0.000028,0.000041,-0.000143,-0.000118,0.000383,0.005352,0.000316,0.158151,False
2018-10-03,0.005709,0.005183,0.000035,-0.000030,0.000040,-0.000145,-0.000118,0.000384,0.005348,0.000361,0.180262,False
2018-10-04,0.006260,0.005183,0.000035,-0.000032,0.000039,-0.000146,-0.000118,0.000385,0.005345,0.000915,0.457435,False
2018-10-05,0.006006,0.005184,0.000034,-0.000034,0.000038,-0.000148,-0.000117,0.000385,0.005342,0.000664,0.332170,False
2018-10-06,0.005806,0.005184,0.000034,-0.000036,0.000036,-0.000149,-0.000117,0.000386,0.005338,0.000468,0.233962,False
2018-10-07,0.006030,0.005185,0.000033,-0.000039,0.000035,-0.000151,-0.000117,0.000387,0.005334,0.000696,0.347811,False
2018-10-08,0.005820,0.005185,0.000032,-0.000041,0.000034,-0.000152,-0.000116,0.000388,0.005331,0.000489,0.244712,False
2018-10-09,0.005597,0.005185,0.000031,-0.000043,0.000033,-0.000153,-0.000116,0.000388,0.005327,0.000270,0.135162,False
2018-10-10,0.005648,0.005186,0.000030,-0.000045,0.000032,-0.000155,-0.000115,0.000389,0.005323,0.000325,0.162658,False
2018-10-11,0.005656,0.005186,0.000029,-0.000047,0.000031,-0.000156,-0.000115,0.000390,0.005319,0.000338,0.168933,False
2018-10-12,0.005665,0.005187,0.000028,-0.000048,0.000030,-0.000157,-0.000115,0.000391,0.005314,0.000350,0.175245,False
2018-10-13,0.005673,0.005187,0.000026,-0.000050,0.000029,-0.000159,-0.000114,0.000391,0.005310,0.000363,0.181590,False
2018-10-14,0.005682,0.005187,0.000024,-0.000052,0.000028,-0.000160,-0.000114,0.000392,0.005306,0.000376,0.187962,False
2018-10-15,0.005690,0.005188,0.000023,-0.000054,0.000027,-0.000161,-0.000113,0.000393,0.005302,0.000389,0.194357,False
2018-10-16,0.005699,0.005188,0.000021,-0.000055,0.000026,-0.000163,-0.000113,0.000393,0.005297,0.000402,0.200768,False
2018-10-17,0.005707,0.005189,0.000019,-0.000057,0.000025,-0.000164,-0.000112,0.000394,0.005293,0.000414,0.207191,False
2018-10-18,0.005707,0.005189,0.000017,-0.000058,0.000023,-0.000165,-0.000112,0.000395,0.005289,0.000419,0.209382,False
2018-10-19,0.005707,0.005189,0.000015,-0.000060,0.000022,-0.000166,-0.000111,0.000396,0.005284,0.000423,0.211573,False
2018-10-20,0.005707,0.005190,0.000012,-0.000061,0.000021,-0.000168,-0.000111,0.000396,0.005280,0.000428,0.213756,False
2018-10-21,0.005707,0.005190,0.000010,-0.000062,0.000020,-0.000169,-0.000111,0.000397,0.005275,0.000432,0.215927,False
2018-10-22,0.005707,0.005191,0.000008,-0.000064,0.000019,-0.000170,-0.000110,0.000398,0.005271,0.000436,0.218079,False
2018-10-23,0.005707,0.005191,0.000005,-0.000065,0.000018,-0.000171,-0.000110,0.000398,0.005267,0.000440,0.220205,False
2018-10-24,0.005707,0.005191,0.000003,-0.000066,0.000016,-0.000172,-0.000109,0.000399,0.005263,0.000445,0.222298,False
2018-10-25,,0.005192,0.000001,-0.000067,0.000015,-0.000174,-0.000109,0.000400,0.005259,,,False
2018-10-26,,0.005192,-0.000002,-0.000068,0.000014,-0.000175,-0.000108,0.000401,0.005255,,,False
2018-10-27,,0.005193,-0.000004,-0.000068,0.000013,-0.000176,-0.000108,0.000401,0.005251,,,False
2018-10-28,,0.005193,-0.000007,-0.000069,0.000012,-0.000177,-0.000107,0.000402,0.005247,,,False
2018-10-29,,0.005194,-0.000009,-0.000070,0.000011,-0.000178,-0.000106,0.000403,0.005243,,,False
2018-10-30,,0.005194,-0.000011,-0.000070,0.000009,-0.000179,-0.000106,0.000403,0.005240,,,False
2018-10-31,,0.005194,-0.000014,-0.000071,0.000008,-0.000180,-0.000105,0.000404,0.005236,,,False
2018-11-01,,0.005195,-0.000016,-0.000071,0.000007,-0.000181,-0.000105,0.000405,0.005233,,,False
2018-11-02,,0.005195,-0.000018,-0.000072,0.000006,-0.000182,-0.000104,0.000405,0.005230,,,False
2018-11-03,,0.005196,-0.000020,-0.000072,0.000005,-0.000183,-0.000104,0.000406,0.005227,,,False
2018-11-04,,0.005196,-0.000022,-0.000072,0.000003,-0.000184,-0.000103,0.000407,0.005225,,,False
2018-11-05,,0.005196,-0.000024,-0.000072,0.000002,-0.000185,-0.000103,0.000407,0.005222,,,False
2018-11-06,,0.005197,-0.000025,-0.000072,0.000001,-0.000186,-0.000102,0.000408,0.005220,,,False
2018-11-07,,0.005197,-0.000027,-0.000072,-0.000000,-0.000187,-0.000101,0.000409,0.005218,,,False
2018-11-08,,0.005198,-0.000028,-0.000072,-0.000001,-0.000188,-0.000101,0.000409,0.005216,,,False
2018-11-09,,0.005198,-0.000030,-0.000071,-0.000003,-0.000189,-0.000100,0.000410,0.005215,,,False
2018-11-10,,0.005198,-0.000031,-0.000071,-0.000004,-0.000190,-0.000100,0.000411,0.005213,,,False
2018-11-11,,0.005199,-0.000032,-0.000071,-0.000005,-0.000191,-0.000099,0.000411,0.005212,,,False
2018-11-12,0.005987,0.005199,-0.000033,-0.000070,-0.000006,-0.000192,-0.000098,0.000412,0.005211,0.000776,0.387770,False
2018-11-13,0.005987,0.005200,-0.000034,-0.000070,-0.000008,-0.000193,-0.000098,0.000413,0.005211,0.000776,0.388029,False
2018-11-14,0.005987,0.005200,-0.000034,-0.000069,-0.000009,-0.000194,-0.000097,0.000413,0.005211,0.000776,0.388157,False
2018-11-15,0.005987,0.005200,-0.000035,-0.000068,-0.000010,-0.000195,-0.000097,0.000414,0.005211,0.000776,0.388152,False
2018-11-16,0.005987,0.005201,-0.000035,-0.000067,-0.000011,-0.000195,-0.000096,0.000415,0.005211,0.000776,0.388013,False
2018-11-17,0.005987,0.005201,-0.000035,-0.000066,-0.000012,-0.000196,-0.000095,0.000415,0.005212,0.000775,0.387740,False
2018-11-18,0.005987,0.005202,-0.000035,-0.000065,-0.000013,-0.000197,-0.000095,0.000416,0.005212,0.000775,0.387333,False
2018-11-19,0.005987,0.005202,-0.000035,-0.000064,-0.000015,-0.000198,-0.000094,0.000417,0.005213,0.000774,0.386792,False
2018-11-20,0.005815,0.005202,-0.000034,-0.000063,-0.000016,-0.000199,-0.000093,0.000417,0.005215,0.000600,0.300120,False
2018-11-21,0.005919,0.005203,-0.000034,-0.000062,-0.000017,-0.000199,-0.000093,0.000418,0.005216,0.000703,0.351316,False
2018-11-22,0.006060,0.005203,-0.000033,-0.000060,-0.000018,-0.000200,-0.000092,0.000419,0.005218,0.000842,0.420884,False
2018-11-23,0.005828,0.005204,-0.000032,-0.000059,-0.000019,-0.000201,-0.000091,0.000419,0.005220,0.000608,0.303825,False
2018-11-24,0.005934,0.005204,-0.000031,-0.000058,-0.000021,-0.000201,-0.000091,0.000420,0.005223,0.000711,0.355642,False
2018-11-25,0.006479,0.005204,-0.000030,-0.000056,-0.000022,-0.000202,-0.000090,0.000421,0.005225,0.001254,0.626839,False
2018-11-26,0.005885,0.005205,-0.000029,-0.000054,-0.000023,-0.000203,-0.000089,0.000421,0.005228,0.000657,0.328418,False
2018-11-27,0.005827,0.005205,-0.000027,-0.000053,-0.000024,-0.000203,-0.000089,0.000422,0.005231,0.000596,0.297884,False
2018-11-28,0.006474,0.005206,-0.000026,-0.000051,-0.000025,-0.000204,-0.000088,0.000423,0.005235,0.001239,0.619741,False
2018-11-29,0.005991,0.005206,-0.000024,-0.000049,-0.000026,-0.000205,-0.000087,0.000423,0.005238,0.000753,0.376493,False
2018-11-30,0.006124,0.005206,-0.000022,-0.000047,-0.000027,-0.000205,-0.000087,0.000424,0.005242,0.000882,0.441146,False
2018-12-01,0.005964,0.005207,-0.000020,-0.000046,-0.000028,-0.000206,-0.000086,0.000424,0.005246,0.000718,0.359205,False
2018-12-02,0.005998,0.005207,-0.000018,-0.000044,-0.000030,-0.000206,-0.000085,0.000425,0.005250,0.000748,0.374175,False
2018-12-03,0.006038,0.005208,-0.000016,-0.000042,-0.000031,-0.000207,-0.000084,0.000426,0.005254,0.000784,0.392062,False
2018-12-04,0.006207,0.005208,-0.000014,-0.000040,-0.000032,-0.000208,-0.000084,0.000426,0.005258,0.000949,0.474372,False
2018-12-05,0.006258,0.005209,-0.000012,-0.000037,-0.000033,-0.000208,-0.000083,0.000427,0.005263,0.000995,0.497611,False
2018-12-06,0.006298,0.005209,-0.000009,-0.000035,-0.000034,-0.000209,-0.000082,0.000428,0.005267,0.001031,0.515286,False
2018-12-07,0.006538,0.005209,-0.000007,-0.000033,-0.000035,-0.000209,-0.000081,0.000428,0.005272,0.001266,0.632903,False
2018-12-08,0.006194,0.005210,-0.000005,-0.000031,-0.000036,-0.000209,-0.000081,0.000429,0.005277,0.000917,0.458469,False
2018-12-09,0.006158,0.005210,-0.000002,-0.000029,-0.000037,-0.000210,-0.000080,0.000429,0.005282,0.000876,0.437992,False
2018-12-10,0.006132,0.005211,0.000000,-0.000026,-0.000038,-0.000210,-0.000079,0.000430,0.005287,0.000845,0.422476,False
2018-12-11,0.006253,0.005211,0.000003,-0.000024,-0.000039,-0.000211,-0.000078,0.000431,0.005292,0.000961,0.480430,False
2018-12-12,0.005969,0.005211,0.000005,-0.000022,-0.000040,-0.000211,-0.000078,0.000431,0.005297,0.000672,0.335861,False
2018-12-13,0.006089,0.005212,0.000007,-0.000019,-0.000041,-0.000211,-0.000077,0.000432,0.005302,0.000787,0.393275,False
2018-12-14,0.006383,0.005212,0.000010,-0.000017,-0.000042,-0.000212,-0.000076,0.000432,0.005308,0.001075,0.537680,False
2018-12-15,0.005792,0.005213,0.000012,-0.000014,-0.000043,-0.000212,-0.000075,0.000433,0.005313,0.000479,0.239581,False
2018-12-16,0.006231,0.005213,0.000014,-0.000012,-0.000044,-0.000212,-0.000075,0.000434,0.005318,0.000913,0.456487,False
2018-12-17,0.005795,0.005213,0.000016,-0.000010,-0.000045,-0.000213,-0.000074,0.000434,0.005323,0.000472,0.235903,False
2018-12-18,0.005953,0.005214,0.000019,-0.000007,-0.000046,-0.000213,-0.000073,0.000435,0.005328,0.000625,0.312336,False
2018-12-19,0.005803,0.005214,0.000021,-0.000005,-0.000047,-0.000213,-0.000072,0.000435,0.005333,0.000470,0.234792,False
2018-12-20,0.006090,0.005215,0.000022,-0.000002,-0.000048,-0.000214,-0.000071,0.000436,0.005338,0.000752,0.375777,False
2018-12-21,0.006207,0.005215,0.000024,0.000000,-0.000048,-0.000214,-0.000071,0.000437,0.005343,0.000864,0.431798,False
2018-12-22,0.005970,0.005215,0.000026,0.000003,-0.000049,-0.000214,-0.000070,0.000437,0.005348,0.000622,0.310859,False
2018-12-23,0.006394,0.005216,0.000028,0.000005,-0.000050,-0.000214,-0.000069,0.000438,0.005353,0.001041,0.520467,False
2018-12-24,0.006033,0.005216,0.000029,0.000008,-0.000051,-0.000214,-0.000068,0.000438,0.005358,0.000675,0.337625,False
2018-12-25,0.006206,0.005217,0.000030,0.000010,-0.000052,-0.000215,-0.000067,0.000439,0.005362,0.000844,0.421840,False
2018-12-26,0.006631,0.005217,0.000031,0.000013,-0.000053,-0.000215,-0.000067,0.000439,0.005367,0.001264,0.632115,False
2018-12-27,0.006578,0.005217,0.000032,0.000015,-0.000053,-0.000215,-0.000066,0.000440,0.005371,0.001207,0.603454,False
2018-12-28,0.006602,0.005218,0.000033,0.000018,-0.000054,-0.000215,-0.000065,0.000441,0.005375,0.001227,0.613361,False
2018-12-29,0.006112,0.005218,0.000034,0.000020,-0.000055,-0.000215,-0.000064,0.000441,0.005379,0.000733,0.366339,False
2018-12-30,0.006170,0.005219,0.000034,0.000022,-0.000056,-0.000215,-0.000063,0.000442,0.005383,0.000787,0.393392,False
2018-12-31,0.006042,0.005219,0.000035,0.000025,-0.000056,-0.000215,-0.000062,0.000442,0.005387,0.000655,0.327522,False
2019-01-01,0.006120,0.005219,0.000035,0.000027,-0.000057,-0.000215,-0.000061,0.000443,0.005391,0.000729,0.364730,False
2019-01-02,0.006115,0.005220,0.000035,0.000029,-0.000058,-0.000215,-0.000061,0.000443,0.005394,0.000721,0.360520,False
2019-01-03,0.005741,0.005220,0.000035,0.000032,-0.000058,-0.000215,-0.000060,0.000444,0.005397,0.000344,0.171891,False
2019-01-04,0.005991,0.005221,0.000035,0.000034,-0.000059,-0.000215,-0.000059,0.000444,0.005400,0.000591,0.295346,False
2019-01-05,0.005987,0.005221,0.000034,0.000036,-0.000060,-0.000215,-0.000058,0.000445,0.005403,0.000584,0.291885,False
2019-01-06,0.006107,0.005222,0.000033,0.000038,-0.000060,-0.000215,-0.000057,0.000446,0.005406,0.000701,0.350507,False
2019-01-07,0.005980,0.005222,0.000033,0.000040,-0.000061,-0.000215,-0.000056,0.000446,0.005409,0.000571,0.285712,False
2019-01-08,0.006075,0.005222,0.000032,0.000042,-0.000062,-0.000215,-0.000055,0.000447,0.005411,0.000664,0.332001,False
2019-01-09,0.005949,0.005223,0.000031,0.000044,-0.000062,-0.000215,-0.000055,0.000447,0.005413,0.000536,0.267871,False
2019-01-10,0.006295,0.005223,0.000029,0.000046,-0.000063,-0.000215,-0.000054,0.000448,0.005415,0.000880,0.439821,False
2019-01-11,0.006196,0.005224,0.000028,0.000048,-0.000063,-0.000214,-0.000053,0.000448,0.005417,0.000779,0.389350,False
2019-01-12,0.005887,0.005224,0.000027,0.000050,-0.000064,-0.000214,-0.000052,0.000449,0.005419,0.000468,0.233955,False
2019-01-13,0.006060,0.005224,0.000025,0.000052,-0.000064,-0.000214,-0.000051,0.000449,0.005421,0.000639,0.319634,False
2019-01-14,0.005980,0.005225,0.000023,0.000053,-0.000065,-0.000214,-0.000050,0.000450,0.005422,0.000558,0.278883,False
2019-01-15,0.006263,0.005225,0.000021,0.000055,-0.000065,-0.000214,-0.000049,0.000450,0.005424,0.000839,0.419701,False
2019-01-16,0.006375,0.005226,0.000019,0.000056,-0.000066,-0.000213,-0.000048,0.000451,0.005425,0.000950,0.475082,False
2019-01-17,0.005963,0.005226,0.000017,0.000058,-0.000066,-0.000213,-0.000048,0.000452,0.005426,0.000537,0.268524,False
2019-01-18,0.005969,0.005226,0.000015,0.000059,-0.000066,-0.000213,-0.000047,0.000452,0.005427,0.000542,0.271022,False
2019-01-19,0.006251,0.005227,0.000013,0.000061,-0.000067,-0.000213,-0.000046,0.000453,0.005428,0.000823,0.411573,False
2019-01-20,0.006364,0.005227,0.000011,0.000062,-0.000067,-0.000212,-0.000045,0.000453,0.005429,0.000935,0.467671,False
2019-01-21,0.006546,0.005228,0.000008,0.000063,-0.000068,-0.000212,-0.000044,0.000454,0.005429,0.001117,0.558312,False
2019-01-22,0.006444,0.005228,0.000006,0.000064,-0.000068,-0.000212,-0.000043,0.000454,0.005430,0.001014,0.506992,False
2019-01-23,0.005905,0.005228,0.000004,0.000066,-0.000068,-0.000211,-0.000042,0.000455,0.005431,0.000474,0.237205,False
2019-01-24,0.005964,0.005229,0.000001,0.000067,-0.000068,-0.000211,-0.000041,0.000455,0.005431,0.000533,0.266447,False
2019-01-25,0.005993,0.005229,-0.000001,0.000067,-0.000069,-0.000211,-0.000040,0.000456,0.005432,0.000561,0.280712,False
2019-01-26,0.006659,0.005230,-0.000004,0.000068,-0.000069,-0.000210,-0.000039,0.000456,0.005432,0.001227,0.613495,False
2019-01-27,0.006039,0.005230,-0.000006,0.000069,-0.000069,-0.000210,-0.000038,0.000457,0.005432,0.000607,0.303291,False
2019-01-28,0.005897,0.005230,-0.000008,0.000070,-0.000069,-0.000209,-0.000038,0.000457,0.005433,0.000464,0.232095,False
2019-01-29,0.005778,0.005231,-0.000011,0.000070,-0.000069,-0.000209,-0.000037,0.000458,0.005433,0.000345,0.172402,False
2019-01-30,0.005755,0.005231,-0.000013,0.000071,-0.000070,-0.000208,-0.000036,0.000458,0.005434,0.000321,0.160706,False
2019-01-31,0.006307,0.005232,-0.000015,0.000071,-0.000070,-0.000208,-0.000035,0.000459,0.005434,0.000873,0.436502,False
2019-02-01,0.006152,0.005232,-0.000017,0.000072,-0.000070,-0.000207,-0.000034,0.000459,0.005434,0.000718,0.358786,False
2019-02-02,0.005964,0.005232,-0.000019,0.000072,-0.000070,-0.000207,-0.000033,0.000460,0.005435,0.000529,0.264553,False
2019-02-03,0.006883,0.005233,-0.000021,0.000072,-0.000070,-0.000206,-0.000032,0.000460,0.005435,0.001448,0.723797,False
2019-02-04,0.006004,0.005233,-0.000023,0.000072,-0.000070,-0.000206,-0.000031,0.000461,0.005436,0.000568,0.284015,False
2019-02-05,0.005685,0.005234,-0.000025,0.000072,-0.000070,-0.000205,-0.000030,0.000461,0.005437,0.000248,0.124202,False
2019-02-06,0.005902,0.005234,-0.000027,0.000072,-0.000070,-0.000205,-0.000029,0.000462,0.005437,0.000465,0.232354,False
2019-02-07,0.005788,0.005234,-0.000028,0.000072,-0.000070,-0.000204,-0.000028,0.000462,0.005438,0.000350,0.174968,False
2019-02-08,0.005665,0.005235,-0.000029,0.000072,-0.000070,-0.000203,-0.000027,0.000463,0.005439,0.000226,0.113039,False
2019-02-09,0.005888,0.005235,-0.000031,0.000071,-0.000070,-0.000203,-0.000026,0.000463,0.005440,0.000448,0.224064,False
2019-02-10,0.005995,0.005236,-0.000032,0.000071,-0.000070,-0.000202,-0.000025,0.000463,0.005441,0.000554,0.277040,False
2019-02-11,0.005874,0.005236,-0.000033,0.000070,-0.000070,-0.000201,-0.000024,0.000464,0.005442,0.000432,0.215964,False
2019-02-12,0.006191,0.005237,-0.000033,0.000070,-0.000070,-0.000201,-0.000023,0.000464,0.005443,0.000748,0.373835,False
2019-02-13,0.005568,0.005237,-0.000034,0.000069,-0.000070,-0.000200,-0.000022,0.000465,0.005445,0.000123,0.061649,False
2019-02-14,0.005877,0.005237,-0.000035,0.000068,-0.000070,-0.000199,-0.000022,0.000465,0.005446,0.000431,0.215405,False
2019-02-15,0.005887,0.005238,-0.000035,0.000067,-0.000069,-0.000198,-0.000021,0.000466,0.005448,0.000439,0.219602,False
2019-02-16,0.005948,0.005238,-0.000035,0.000066,-0.000069,-0.000198,-0.000020,0.000466,0.005450,0.000498,0.249238,False
2019-02-17,0.005910,0.005239,-0.000035,0.000065,-0.000069,-0.000197,-0.000019,0.000467,0.005451,0.000459,0.229313,False
2019-02-18,0.005965,0.005239,-0.000035,0.000064,-0.000069,-0.000196,-0.000018,0.000467,0.005453,0.000512,0.255826,False
2019-02-19,0.005927,0.005239,-0.000034,0.000063,-0.000068,-0.000195,-0.000017,0.000468,0.005455,0.000472,0.235777,False
2019-02-20,0.005938,0.005240,-0.000034,0.000062,-0.000068,-0.000194,-0.000016,0.000468,0.005458,0.000480,0.240166,False
2019-02-21,0.005963,0.005240,-0.000033,0.000061,-0.000068,-0.000193,-0.000015,0.000468,0.005460,0.000503,0.251495,False
2019-02-22,0.006065,0.005241,-0.000032,0.000059,-0.000068,-0.000193,-0.000014,0.000469,0.005462,0.000603,0.301263,False
2019-02-23,0.006097,0.005241,-0.000031,0.000058,-0.000067,-0.000192,-0.000013,0.000469,0.005465,0.000632,0.315973,False
2019-02-24,0.006032,0.005241,-0.000030,0.000056,-0.000067,-0.000191,-0.000012,0.000470,0.005468,0.000564,0.282125,False
2019-02-25,0.006059,0.005242,-0.000029,0.000055,-0.000066,-0.000190,-0.000011,0.000470,0.005471,0.000588,0.294223,False
2019-02-26,0.005754,0.005242,-0.000028,0.000053,-0.000066,-0.000189,-0.000010,0.000471,0.005473,0.000281,0.140267,False
2019-02-27,0.006010,0.005243,-0.000026,0.000051,-0.000066,-0.000188,-0.000009,0.000471,0.005476,0.000534,0.266761,False
2019-02-28,0.005994,0.005243,-0.000024,0.000050,-0.000065,-0.000187,-0.000008,0.000472,0.005480,0.000514,0.257208,False
2019-03-01,0.005880,0.005243,-0.000022,0.000048,-0.000065,-0.000186,-0.000007,0.000472,0.005483,0.000397,0.198609,False
2019-03-02,0.005663,0.005244,-0.000021,0.000046,-0.000064,-0.000185,-0.000006,0.000472,0.005486,0.000177,0.088470,False
2019-03-03,0.006222,0.005244,-0.000019,0.000044,-0.000064,-0.000184,-0.000005,0.000473,0.005489,0.000733,0.366293,False
2019-03-04,0.005803,0.005245,-0.000016,0.000042,-0.000063,-0.000183,-0.000004,0.000473,0.005493,0.000310,0.155082,False
2019-03-05,0.006065,0.005245,-0.000014,0.000040,-0.000063,-0.000182,-0.000003,0.000474,0.005496,0.000569,0.284341,False
2019-03-06,0.006325,0.005245,-0.000012,0.000038,-0.000062,-0.000181,-0.000002,0.000474,0.005500,0.000825,0.412574,False
2019-03-07,0.006211,0.005246,-0.000010,0.000036,-0.000062,-0.000180,-0.000001,0.000474,0.005503,0.000708,0.353785,False
2019-03-08,0.006281,0.005246,-0.000007,0.000034,-0.000061,-0.000179,-0.000000,0.000475,0.005507,0.000774,0.386978,False
2019-03-09,0.006263,0.005247,-0.000005,0.000031,-0.000060,-0.000178,0.000001,0.000475,0.005511,0.000752,0.376159,False
2019-03-10,0.006055,0.005247,-0.000003,0.000029,-0.000060,-0.000177,0.000002,0.000476,0.005514,0.000541,0.270331,False
2019-03-11,0.006100,0.005247,-0.000000,0.000027,-0.000059,-0.000176,0.000003,0.000476,0.005518,0.000582,0.290999,False
2019-03-12,0.006233,0.005248,0.000002,0.000025,-0.000058,-0.000174,0.000003,0.000477,0.005522,0.000711,0.355667,False
2019-03-13,0.005835,0.005248,0.000005,0.000022,-0.000058,-0.000173,0.000004,0.000477,0.005525,0.000310,0.154840,False
2019-03-14,0.006372,0.005249,0.000007,0.000020,-0.000057,-0.000172,0.000005,0.000477,0.005529,0.000843,0.421523,False
2019-03-15,0.006108,0.005249,0.000009,0.000017,-0.000056,-0.000171,0.000006,0.000478,0.005533,0.000575,0.287719,False
2019-03-16,0.005923,0.005250,0.000012,0.000015,-0.000056,-0.000170,0.000007,0.000478,0.005536,0.000387,0.193434,False
2019-03-17,0.005787,0.005250,0.000014,0.000013,-0.000055,-0.000168,0.000008,0.000479,0.005540,0.000247,0.123671,False
2019-03-18,0.006059,0.005250,0.000016,0.000010,-0.000054,-0.000167,0.000009,0.000479,0.005543,0.000516,0.257934,False
2019-03-19,0.005927,0.005251,0.000018,0.000008,-0.000053,-0.000166,0.000010,0.000479,0.005547,0.000380,0.190228,False
2019-03-20,0.005892,0.005251,0.000020,0.000005,-0.000053,-0.000165,0.000011,0.000480,0.005550,0.000342,0.171055,False
2019-03-21,0.005904,0.005252,0.000022,0.000003,-0.000052,-0.000164,0.000012,0.000480,0.005553,0.000351,0.175421,False
2019-03-22,0.006356,0.005252,0.000024,0.000000,-0.000051,-0.000162,0.000013,0.000480,0.005556,0.000800,0.399827,False
2019-03-23,0.006146,0.005252,0.000026,-0.000002,-0.000050,-0.000161,0.000014,0.000481,0.005559,0.000587,0.293277,False
2019-03-24,0.005932,0.005253,0.000027,-0.000005,-0.000049,-0.000160,0.000015,0.000481,0.005562,0.000370,0.184774,False
2019-03-25,0.005762,0.005253,0.000029,-0.000007,-0.000048,-0.000158,0.000016,0.000482,0.005565,0.000197,0.098320,False
2019-03-26,0.005668,0.005254,0.000030,-0.000010,-0.000048,-0.000157,0.000017,0.000482,0.005568,0.000100,0.049917,False
2019-03-27,0.006023,0.005254,0.000031,-0.000012,-0.000047,-0.000156,0.000018,0.000482,0.005571,0.000452,0.226068,False
2019-03-28,0.006086,0.005254,0.000032,-0.000015,-0.000046,-0.000154,0.000019,0.000483,0.005573,0.000513,0.256273,False
2019-03-29,0.006684,0.005255,0.000033,-0.000017,-0.000045,-0.000153,0.000020,0.000483,0.005576,0.001108,0.554035,False
2019-03-30,0.006170,0.005255,0.000034,-0.000019,-0.000044,-0.000152,0.000021,0.000483,0.005578,0.000592,0.295854,False
2019-03-31,0.006413,0.005256,0.000034,-0.000022,-0.000043,-0.000150,0.000022,0.000484,0.005581,0.000832,0.416230,False
2019-04-01,0.006142,0.005256,0.000035,-0.000024,-0.000042,-0.000149,0.000023,0.000484,0.005583,0.000559,0.279663,False
2019-04-02,0.006043,0.005256,0.000035,-0.000026,-0.000041,-0.000147,0.000024,0.000484,0.005585,0.000458,0.229154,False
2019-04-03,0.006444,0.005257,0.000035,-0.000029,-0.000040,-0.000146,0.000025,0.000485,0.005587,0.000857,0.428702,False
2019-04-04,0.006051,0.005257,0.000035,-0.000031,-0.000039,-0.000144,0.000026,0.000485,0.005588,0.000463,0.231306,False
2019-04-05,0.005998,0.005258,0.000035,-0.000033,-0.000038,-0.000143,0.000026,0.000485,0.005590,0.000408,0.203964,False
2019-04-06,0.005974,0.005258,0.000034,-0.000035,-0.000037,-0.000141,0.000027,0.000486,0.005592,0.000382,0.191175,False
2019-04-07,0.006010,0.005258,0.000034,-0.000038,-0.000036,-0.000140,0.000028,0.000486,0.005593,0.000417,0.208437,False
2019-04-08,0.005771,0.005259,0.000033,-0.000040,-0.000035,-0.000139,0.000029,0.000486,0.005595,0.000176,0.088248,False
2019-04-09,0.006069,0.005259,0.000032,-0.000042,-0.000034,-0.000137,0.000030,0.000487,0.005596,0.000473,0.236603,False
2019-04-10,0.006538,0.005260,0.000031,-0.000044,-0.000033,-0.000135,0.000031,0.000487,0.005597,0.000941,0.470502,False
2019-04-11,0.006020,0.005260,0.000030,-0.000046,-0.000032,-0.000134,0.000032,0.000487,0.005598,0.000422,0.210940,False
2019-04-12,0.006329,0.005260,0.000028,-0.000048,-0.000031,-0.000132,0.000033,0.000488,0.005599,0.000730,0.364912,False
2019-04-13,0.006043,0.005261,0.000027,-0.000049,-0.000030,-0.000131,0.000034,0.000488,0.005600,0.000443,0.221417,False
2019-04-14,0.006422,0.005261,0.000025,-0.000051,-0.000028,-0.000129,0.000035,0.000488,0.005601,0.000821,0.410448,False
2019-04-15,0.006071,0.005262,0.000024,-0.000053,-0.000027,-0.000128,0.000036,0.000489,0.005602,0.000469,0.234501,False
2019-04-16,0.005986,0.005262,0.000022,-0.000054,-0.000026,-0.000126,0.000037,0.000489,0.005603,0.000383,0.191572,False
2019-04-17,0.005871,0.005262,0.000020,-0.000056,-0.000025,-0.000125,0.000038,0.000489,0.005604,0.000267,0.133656,False
2019-04-18,0.006150,0.005263,0.000018,-0.000058,-0.000024,-0.000123,0.000039,0.000490,0.005605,0.000545,0.272747,False
2019-04-19,0.006419,0.005263,0.000016,-0.000059,-0.000023,-0.000121,0.000040,0.000490,0.005605,0.000814,0.406839,False
2019-04-20,0.005909,0.005264,0.000013,-0.000060,-0.000022,-0.000120,0.000040,0.000490,0.005606,0.000303,0.151428,False
2019-04-21,0.006381,0.005264,0.000011,-0.000062,-0.000021,-0.000118,0.000041,0.000491,0.005607,0.000774,0.387006,False
2019-04-22,0.006128,0.005265,0.000009,-0.000063,-0.000019,-0.000116,0.000042,0.000491,0.005608,0.000520,0.260070,False
2019-04-23,0.005986,0.005265,0.000007,-0.000064,-0.000018,-0.000115,0.000043,0.000491,0.005609,0.000377,0.188612,False
2019-04-24,0.006485,0.005265,0.000004,-0.000065,-0.000017,-0.000113,0.000044,0.000492,0.005610,0.000875,0.437626,False
2019-04-25,0.006296,0.005266,0.000002,-0.000066,-0.000016,-0.000111,0.000045,0.000492,0.005611,0.000685,0.342607,False
2019-04-26,0.006034,0.005266,-0.000001,-0.000067,-0.000015,-0.000110,0.000046,0.000492,0.005612,0.000422,0.211049,False
2019-04-27,0.005683,0.005267,-0.000003,-0.000068,-0.000014,-0.000108,0.000047,0.000492,0.005613,0.000070,0.034945,False
2019-04-28,0.005792,0.005267,-0.000005,-0.000069,-0.000012,-0.000106,0.000048,0.000493,0.005614,0.000178,0.088790,False
2019-04-29,0.005945,0.005267,-0.000008,-0.000070,-0.000011,-0.000105,0.000049,0.000493,0.005616,0.000329,0.164577,False
2019-04-30,0.006483,0.005268,-0.000010,-0.000070,-0.000010,-0.000103,0.000050,0.000493,0.005617,0.000866,0.432801,False
2019-05-01,0.005827,0.005268,-0.000012,-0.000071,-0.000009,-0.000101,0.000050,0.000494,0.005619,0.000208,0.103957,False
2019-05-02,0.005984,0.005269,-0.000015,-0.000071,-0.000008,-0.000100,0.000051,0.000494,0.005621,0.000363,0.181539,False
2019-05-03,0.005745,0.005269,-0.000017,-0.000071,-0.000006,-0.000098,0.000052,0.000494,0.005623,0.000122,0.061041,False
2019-05-04,0.005863,0.005269,-0.000019,-0.000072,-0.000005,-0.000096,0.000053,0.000494,0.005625,0.000238,0.118959,False
2019-05-05,0.005682,0.005270,-0.000021,-0.000072,-0.000004,-0.000094,0.000054,0.000495,0.005627,0.000055,0.027288,False
2019-05-06,0.005816,0.005270,-0.000023,-0.000072,-0.000003,-0.000092,0.000055,0.000495,0.005630,0.000186,0.093023,False
2019-05-07,0.005869,0.005271,-0.000024,-0.000072,-0.000002,-0.000091,0.000056,0.000495,0.005633,0.000236,0.118160,False
2019-05-08,0.005942,0.005271,-0.000026,-0.000072,-0.000000,-0.000089,0.000057,0.000495,0.005636,0.000306,0.153196,False
2019-05-09,0.005843,0.005271,-0.000028,-0.000072,0.000001,-0.000087,0.000057,0.000496,0.005639,0.000204,0.102125,False
2019-05-10,0.005754,0.005272,-0.000029,-0.000072,0.000002,-0.000085,0.000058,0.000496,0.005642,0.000112,0.055946,False
2019-05-11,0.005613,0.005272,-0.000030,-0.000071,0.000003,-0.000084,0.000059,0.000496,0.005646,-0.000033,-0.016344,False
2019-05-12,0.005677,0.005273,-0.000031,-0.000071,0.000005,-0.000082,0.000060,0.000497,0.005649,0.000028,0.013750,False
2019-05-13,0.005797,0.005273,-0.000032,-0.000070,0.000006,-0.000080,0.000061,0.000497,0.005654,0.000143,0.071729,False
2019-05-14,0.005887,0.005273,-0.000033,-0.000070,0.000007,-0.000078,0.000062,0.000497,0.005658,0.000229,0.114589,False
2019-05-15,0.006206,0.005274,-0.000034,-0.000069,0.000008,-0.000076,0.000063,0.000497,0.005662,0.000544,0.271830,False
2019-05-16,0.006042,0.005274,-0.000034,-0.000068,0.000009,-0.000074,0.000063,0.000498,0.005667,0.000375,0.187450,False
2019-05-17,0.006368,0.005275,-0.000035,-0.000068,0.000011,-0.000073,0.000064,0.000498,0.005672,0.000696,0.347950,False
2019-05-18,0.006555,0.005275,-0.000035,-0.000067,0.000012,-0.000071,0.000065,0.000498,0.005677,0.000878,0.438828,False
2019-05-19,0.006286,0.005275,-0.000035,-0.000066,0.000013,-0.000069,0.000066,0.000498,0.005683,0.000603,0.301586,False
2019-05-20,0.006252,0.005276,-0.000035,-0.000065,0.000014,-0.000067,0.000067,0.000498,0.005689,0.000563,0.281725,False
2019-05-21,0.006128,0.005276,-0.000035,-0.000064,0.000015,-0.000065,0.000068,0.000499,0.005695,0.000433,0.216745,False
2019-05-22,0.006104,0.005277,-0.000034,-0.000062,0.000016,-0.000063,0.000068,0.000499,0.005701,0.000403,0.201648,False
2019-05-23,0.005927,0.005277,-0.000033,-0.000061,0.000018,-0.000061,0.000069,0.000499,0.005707,0.000220,0.109936,False
2019-05-24,0.006065,0.005278,-0.000033,-0.000060,0.000019,-0.000060,0.000070,0.000499,0.005714,0.000351,0.175613,False
2019-05-25,0.006007,0.005278,-0.000032,-0.000058,0.000020,-0.000058,0.000071,0.000500,0.005721,0.000286,0.143180,False
2019-05-26,0.006054,0.005278,-0.000031,-0.000057,0.000021,-0.000056,0.000072,0.000500,0.005728,0.000326,0.163142,False
2019-05-27,0.005776,0.005279,-0.000029,-0.000055,0.000022,-0.000054,0.000072,0.000500,0.005735,0.000041,0.020502,False
2019-05-28,0.006034,0.005279,-0.000028,-0.000054,0.000023,-0.000052,0.000073,0.000500,0.005742,0.000292,0.145764,False
2019-05-29,0.006013,0.005280,-0.000026,-0.000052,0.000025,-0.000050,0.000074,0.000500,0.005750,0.000263,0.131433,False
2019-05-30,0.005984,0.005280,-0.000025,-0.000050,0.000026,-0.000048,0.000075,0.000501,0.005758,0.000226,0.113014,False
2019-05-31,0.006192,0.005280,-0.000023,-0.000048,0.000027,-0.000046,0.000075,0.000501,0.005766,0.000426,0.213012,False
2019-06-01,0.006419,0.005281,-0.000021,-0.000046,0.000028,-0.000044,0.000076,0.000501,0.005774,0.000645,0.322432,False
2019-06-02,0.006039,0.005281,-0.000019,-0.000045,0.000029,-0.000042,0.000077,0.000501,0.005782,0.000257,0.128281,False
2019-06-03,0.006335,0.005282,-0.000017,-0.000043,0.000030,-0.000040,0.000078,0.000502,0.005791,0.000544,0.272063,False
2019-06-04,0.006174,0.005282,-0.000015,-0.000041,0.000031,-0.000039,0.000079,0.000502,0.005799,0.000375,0.187287,False
2019-06-05,0.006252,0.005282,-0.000013,-0.000038,0.000032,-0.000037,0.000079,0.000502,0.005808,0.000444,0.221958,False
2019-06-06,0.006225,0.005283,-0.000010,-0.000036,0.000033,-0.000035,0.000080,0.000502,0.005817,0.000408,0.204083,False
2019-06-07,0.006043,0.005283,-0.000008,-0.000034,0.000034,-0.000033,0.000081,0.000502,0.005826,0.000217,0.108668,False
2019-06-08,0.006016,0.005284,-0.000006,-0.000032,0.000035,-0.000031,0.000082,0.000502,0.005835,0.000181,0.090722,False
2019-06-09,0.006190,0.005284,-0.000003,-0.000030,0.000036,-0.000029,0.000082,0.000503,0.005843,0.000347,0.173250,False
2019-06-10,0.006693,0.005284,-0.000001,-0.000027,0.000037,-0.000027,0.000083,0.000503,0.005852,0.000841,0.420261,False
2019-06-11,0.006500,0.005285,0.000002,-0.000025,0.000038,-0.000025,0.000084,0.000503,0.005861,0.000639,0.319512,False
2019-06-12,0.006308,0.005285,0.000004,-0.000023,0.000039,-0.000023,0.000085,0.000503,0.005870,0.000438,0.218760,False
2019-06-13,0.006682,0.005286,0.000006,-0.000020,0.000040,-0.000021,0.000085,0.000503,0.005879,0.000803,0.401262,False
2019-06-14,0.006468,0.005286,0.000009,-0.000018,0.000041,-0.000019,0.000086,0.000504,0.005888,0.000580,0.289775,False
2019-06-15,0.006299,0.005286,0.000011,-0.000016,0.000042,-0.000017,0.000087,0.000504,0.005897,0.000402,0.200808,False
2019-06-16,0.006638,0.005287,0.000013,-0.000013,0.000043,-0.000015,0.000087,0.000504,0.005906,0.000732,0.365866,False
2019-06-17,0.006357,0.005287,0.000015,-0.000011,0.000044,-0.000013,0.000088,0.000504,0.005915,0.000442,0.220958,False
2019-06-18,0.006043,0.005288,0.000018,-0.000008,0.000045,-0.000011,0.000089,0.000504,0.005924,0.000119,0.059589,False
2019-06-19,0.006992,0.005288,0.000020,-0.000006,0.000046,-0.000009,0.000089,0.000504,0.005932,0.001060,0.529768,False
2019-06-20,0.006914,0.005288,0.000022,-0.000003,0.000047,-0.000007,0.000090,0.000505,0.005941,0.000973,0.486499,False
2019-06-21,0.006724,0.005289,0.000023,-0.000001,0.000048,-0.000005,0.000091,0.000505,0.005949,0.000775,0.387290,False
2019-06-22,0.006872,0.005289,0.000025,0.000002,0.000049,-0.000004,0.000092,0.000505,0.005958,0.000914,0.457147,False
2019-06-23,0.006942,0.005290,0.000027,0.000004,0.000050,-0.000002,0.000092,0.000505,0.005966,0.000976,0.488075,False
2019-06-24,0.006601,0.005290,0.000028,0.000007,0.000051,0.000000,0.000093,0.000505,0.005974,0.000627,0.313580,False
2019-06-25,0.006490,0.005290,0.000030,0.000009,0.000051,0.000002,0.000093,0.000505,0.005982,0.000508,0.254168,False
2019-06-26,0.006362,0.005291,0.000031,0.000011,0.000052,0.000004,0.000094,0.000505,0.005989,0.000373,0.186342,False
2019-06-27,0.006222,0.005291,0.000032,0.000014,0.000053,0.000006,0.000095,0.000506,0.005997,0.000225,0.112609,False
2019-06-28,0.006200,0.005292,0.000033,0.000016,0.000054,0.000008,0.000095,0.000506,0.006004,0.000196,0.097971,False
2019-06-29,0.005894,0.005292,0.000034,0.000019,0.000055,0.000010,0.000096,0.000506,0.006011,-0.000117,-0.058567,False
2019-06-30,0.006199,0.005293,0.000034,0.000021,0.000055,0.000012,0.000097,0.000506,0.006018,0.000181,0.090498,False
2019-07-01,0.006504,0.005293,0.000035,0.000024,0.000056,0.000014,0.000097,0.000506,0.006025,0.000479,0.239669,False
2019-07-02,0.006414,0.005293,0.000035,0.000026,0.000057,0.000016,0.000098,0.000506,0.006031,0.000383,0.191449,False
2019-07-03,0.006393,0.005294,0.000035,0.000028,0.000057,0.000018,0.000099,0.000506,0.006037,0.000356,0.177840,False
2019-07-04,0.007046,0.005294,0.000035,0.000030,0.000058,0.000020,0.000099,0.000506,0.006043,0.001003,0.501345,False
2019-07-05,0.006426,0.005295,0.000035,0.000033,0.000059,0.000022,0.000100,0.000507,0.006049,0.000377,0.188463,False
2019-07-06,0.006744,0.005295,0.000034,0.000035,0.000059,0.000024,0.000100,0.000507,0.006055,0.000689,0.344698,False
2019-07-07,0.006485,0.005295,0.000034,0.000037,0.000060,0.000026,0.000101,0.000507,0.006060,0.000425,0.212548,False
2019-07-08,0.006729,0.005296,0.000033,0.000039,0.000061,0.000028,0.000102,0.000507,0.006065,0.000664,0.332014,False
2019-07-09,0.006973,0.005296,0.000032,0.000041,0.000061,0.000030,0.000102,0.000507,0.006070,0.000903,0.451596,False
2019-07-10,0.007023,0.005297,0.000031,0.000043,0.000062,0.000032,0.000103,0.000507,0.006074,0.000949,0.474294,False
2019-07-11,0.006809,0.005297,0.000030,0.000045,0.000062,0.000034,0.000103,0.000507,0.006079,0.000730,0.365105,False
2019-07-12,0.006821,0.005297,0.000029,0.000047,0.000063,0.000036,0.000104,0.000507,0.006083,0.000738,0.369030,False
2019-07-13,0.006662,0.005298,0.000027,0.000049,0.000063,0.000037,0.000104,0.000507,0.006087,0.000575,0.287565,False
2019-07-14,0.006731,0.005298,0.000026,0.000051,0.000064,0.000039,0.000105,0.000508,0.006091,0.000640,0.320210,False
2019-07-15,0.006385,0.005299,0.000024,0.000052,0.000064,0.000041,0.000106,0.000508,0.006094,0.000291,0.145461,False
2019-07-16,0.006530,0.005299,0.000022,0.000054,0.000065,0.000043,0.000106,0.000508,0.006097,0.000433,0.216316,False
2019-07-17,0.006559,0.005299,0.000020,0.000056,0.000065,0.000045,0.000107,0.000508,0.006100,0.000459,0.229271,False
2019-07-18,0.006714,0.005300,0.000018,0.000057,0.000066,0.000047,0.000107,0.000508,0.006103,0.000610,0.305073,False
2019-07-19,0.006868,0.005300,0.000016,0.000059,0.000066,0.000049,0.000108,0.000508,0.006106,0.000762,0.380969,False
2019-07-20,0.006792,0.005301,0.000014,0.000060,0.000067,0.000051,0.000108,0.000508,0.006109,0.000683,0.341704,False
2019-07-21,0.006700,0.005301,0.000012,0.000061,0.000067,0.000053,0.000109,0.000508,0.006111,0.000589,0.294524,False
2019-07-22,0.006774,0.005301,0.000010,0.000063,0.000067,0.000055,0.000109,0.000508,0.006113,0.000661,0.330425,False
2019-07-23,0.006903,0.005302,0.000007,0.000064,0.000068,0.000057,0.000110,0.000508,0.006115,0.000788,0.393903,False
2019-07-24,0.006765,0.005302,0.000005,0.000065,0.000068,0.000058,0.000110,0.000508,0.006117,0.000648,0.323952,False
2019-07-25,0.006618,0.005303,0.000002,0.000066,0.000068,0.000060,0.000111,0.000509,0.006119,0.000499,0.249568,False
2019-07-26,0.006553,0.005303,-0.000000,0.000067,0.000069,0.000062,0.000111,0.000509,0.006121,0.000432,0.216246,False
2019-07-27,0.006404,0.005303,-0.000002,0.000068,0.000069,0.000064,0.000112,0.000509,0.006122,0.000282,0.140981,False
2019-07-28,0.006387,0.005304,-0.000005,0.000069,0.000069,0.000066,0.000112,0.000509,0.006123,0.000264,0.131767,False
2019-07-29,0.006329,0.005304,-0.000007,0.000069,0.000069,0.000068,0.000112,0.000509,0.006125,0.000204,0.102101,False
2019-07-30,0.006553,0.005305,-0.000010,0.000070,0.000069,0.000070,0.000113,0.000509,0.006126,0.000427,0.213476,False
2019-07-31,0.006476,0.005305,-0.000012,0.000071,0.000070,0.000072,0.000113,0.000509,0.006127,0.000348,0.174137,False
2019-08-01,0.006398,0.005306,-0.000014,0.000071,0.000070,0.000073,0.000114,0.000509,0.006128,0.000270,0.134830,False
2019-08-02,0.006680,0.005306,-0.000016,0.000071,0.000070,0.000075,0.000114,0.000509,0.006129,0.000551,0.275300,False
2019-08-03,0.006725,0.005306,-0.000018,0.000072,0.000070,0.000077,0.000115,0.000509,0.006130,0.000595,0.297292,False
2019-08-04,0.006290,0.005307,-0.000020,0.000072,0.000070,0.000079,0.000115,0.000509,0.006131,0.000159,0.079301,False
2019-08-05,0.006704,0.005307,-0.000022,0.000072,0.000070,0.000081,0.000116,0.000509,0.006132,0.000572,0.285823,False
2019-08-06,0.006821,0.005308,-0.000024,0.000072,0.000070,0.000083,0.000116,0.000509,0.006133,0.000688,0.343852,False
2019-08-07,0.006791,0.005308,-0.000026,0.000072,0.000070,0.000084,0.000116,0.000509,0.006134,0.000657,0.328386,False
2019-08-08,0.006925,0.005308,-0.000027,0.000072,0.000070,0.000086,0.000117,0.000509,0.006135,0.000790,0.395171,False
2019-08-09,0.007060,0.005309,-0.000029,0.000072,0.000070,0.000088,0.000117,0.000509,0.006136,0.000924,0.461951,False
2019-08-10,0.006914,0.005309,-0.000030,0.000071,0.000070,0.000090,0.000117,0.000509,0.006137,0.000777,0.388475,False
2019-08-11,0.006977,0.005310,-0.000031,0.000071,0.000070,0.000091,0.000118,0.000509,0.006138,0.000839,0.419488,False
2019-08-12,0.006959,0.005310,-0.000032,0.000071,0.000070,0.000093,0.000118,0.000509,0.006139,0.000819,0.409739,False
2019-08-13,0.006940,0.005310,-0.000033,0.000070,0.000070,0.000095,0.000119,0.000509,0.006140,0.000800,0.399973,False
2019-08-14,0.006909,0.005311,-0.000034,0.000069,0.000070,0.000097,0.000119,0.000509,0.006141,0.000768,0.383840,False
2019-08-15,0.006878,0.005311,-0.000034,0.000069,0.000070,0.000098,0.000119,0.000509,0.006142,0.000735,0.367686,False
2019-08-16,0.006846,0.005312,-0.000035,0.000068,0.000069,0.000100,0.000120,0.000509,0.006143,0.000703,0.351511,False
2019-08-17,0.006815,0.005312,-0.000035,0.000067,0.000069,0.000102,0.000120,0.000509,0.006145,0.000671,0.335313,False
2019-08-18,0.006784,0.005312,-0.000035,0.000066,0.000069,0.000104,0.000120,0.000509,0.006146,0.000638,0.319091,False
2019-08-19,0.006470,0.005313,-0.000035,0.000065,0.000069,0.000105,0.000121,0.000509,0.006147,0.000323,0.161445,False
2019-08-20,0.006574,0.005313,-0.000035,0.000064,0.000069,0.000107,0.000121,0.000509,0.006148,0.000426,0.212773,False
2019-08-21,0.006507,0.005314,-0.000034,0.000063,0.000068,0.000109,0.000121,0.000509,0.006150,0.000357,0.178577,False
2019-08-22,0.006333,0.005314,-0.000034,0.000061,0.000068,0.000110,0.000121,0.000509,0.006151,0.000182,0.090856,False
2019-08-23,0.006737,0.005314,-0.000033,0.000060,0.000068,0.000112,0.000122,0.000509,0.006153,0.000584,0.292111,False
2019-08-24,0.006994,0.005315,-0.000032,0.000059,0.000067,0.000114,0.000122,0.000509,0.006154,0.000840,0.419844,False
2019-08-25,0.006674,0.005315,-0.000031,0.000057,0.000067,0.000115,0.000122,0.000509,0.006156,0.000518,0.259055,False
2019-08-26,0.006409,0.005316,-0.000030,0.000056,0.000067,0.000117,0.000123,0.000509,0.006158,0.000251,0.125747,False
2019-08-27,0.006604,0.005316,-0.000028,0.000054,0.000066,0.000119,0.000123,0.000509,0.006159,0.000445,0.222421,False
2019-08-28,0.006483,0.005316,-0.000027,0.000052,0.000066,0.000120,0.000123,0.000509,0.006161,0.000322,0.161080,False
2019-08-29,0.006264,0.005317,-0.000025,0.000051,0.000065,0.000122,0.000123,0.000509,0.006163,0.000101,0.050726,False
2019-08-30,0.006364,0.005317,-0.000023,0.000049,0.000065,0.000124,0.000124,0.000509,0.006164,0.000200,0.099862,False
2019-08-31,0.006184,0.005318,-0.000022,0.000047,0.000065,0.000125,0.000124,0.000509,0.006166,0.000018,0.008991,False
2019-09-01,0.006712,0.005318,-0.000020,0.000045,0.000064,0.000127,0.000124,0.000509,0.006168,0.000544,0.272117,False
2019-09-02,0.006655,0.005318,-0.000018,0.000043,0.000064,0.000128,0.000124,0.000509,0.006170,0.000485,0.242742,False
2019-09-03,0.006535,0.005319,-0.000015,0.000041,0.000063,0.000130,0.000124,0.000509,0.006171,0.000364,0.181871,False
2019-09-04,0.006547,0.005319,-0.000013,0.000039,0.000062,0.000132,0.000125,0.000509,0.006173,0.000374,0.187007,False
2019-09-05,0.006559,0.005320,-0.000011,0.000037,0.000062,0.000133,0.000125,0.000509,0.006175,0.000384,0.192154,False
2019-09-06,0.006698,0.005320,-0.000009,0.000035,0.000061,0.000135,0.000125,0.000509,0.006176,0.000521,0.260567,False
2019-09-07,0.006836,0.005321,-0.000006,0.000033,0.000061,0.000136,0.000125,0.000509,0.006178,0.000658,0.329000,False
2019-09-08,0.006547,0.005321,-0.000004,0.000030,0.000060,0.000138,0.000125,0.000509,0.006180,0.000367,0.183706,False
2019-09-09,0.006635,0.005321,-0.000002,0.000028,0.000059,0.000139,0.000126,0.000509,0.006181,0.000454,0.227191,False
2019-09-10,0.006724,0.005322,0.000001,0.000026,0.000059,0.000141,0.000126,0.000509,0.006183,0.000541,0.270708,False
2019-09-11,0.006548,0.005322,0.000003,0.000023,0.000058,0.000142,0.000126,0.000509,0.006184,0.000364,0.182012,False
2019-09-12,0.006635,0.005323,0.000006,0.000021,0.000057,0.000144,0.000126,0.000509,0.006185,0.000450,0.224857,False
2019-09-13,0.006635,0.005323,0.000008,0.000019,0.000057,0.000145,0.000126,0.000509,0.006187,0.000448,0.224247,False
2019-09-14,0.006535,0.005323,0.000010,0.000016,0.000056,0.000146,0.000126,0.000509,0.006188,0.000347,0.173687,False
2019-09-15,0.006775,0.005324,0.000013,0.000014,0.000055,0.000148,0.000126,0.000509,0.006189,0.000586,0.293180,False
2019-09-16,0.006477,0.005324,0.000015,0.000011,0.000055,0.000149,0.000127,0.000509,0.006190,0.000287,0.143731,False
2019-09-17,0.006487,0.005325,0.000017,0.000009,0.000054,0.000151,0.000127,0.000509,0.006190,0.000297,0.148343,False
2019-09-18,0.006487,0.005325,0.000019,0.000006,0.000053,0.000152,0.000127,0.000509,0.006191,0.000296,0.148020,False
2019-09-19,0.006521,0.005325,0.000021,0.000004,0.000052,0.000153,0.000127,0.000508,0.006191,0.000330,0.164764,False
2019-09-20,0.006796,0.005326,0.000023,0.000001,0.000051,0.000155,0.000127,0.000508,0.006192,0.000604,0.302081,False
2019-09-21,0.007071,0.005326,0.000025,-0.000001,0.000051,0.000156,0.000127,0.000508,0.006192,0.000879,0.439471,False
2019-09-22,0.006654,0.005327,0.000026,-0.000003,0.000050,0.000158,0.000127,0.000508,0.006192,0.000462,0.230938,False
2019-09-23,0.006529,0.005327,0.000028,-0.000006,0.000049,0.000159,0.000127,0.000508,0.006192,0.000337,0.168484,False
2019-09-24,0.006445,0.005327,0.000029,-0.000008,0.000048,0.000160,0.000127,0.000508,0.006192,0.000253,0.126612,False
2019-09-25,0.006696,0.005328,0.000031,-0.000011,0.000047,0.000161,0.000127,0.000508,0.006191,0.000505,0.252323,False
2019-09-26,0.006696,0.005328,0.000032,-0.000013,0.000046,0.000163,0.000127,0.000508,0.006191,0.000505,0.252618,False
2019-09-27,0.006567,0.005329,0.000033,-0.000016,0.000045,0.000164,0.000127,0.000508,0.006190,0.000377,0.188499,False
2019-09-28,0.006613,0.005329,0.000033,-0.000018,0.000044,0.000165,0.000127,0.000508,0.006189,0.000423,0.211716,False
2019-09-29,0.006658,0.005329,0.000034,-0.000021,0.000043,0.000167,0.000127,0.000508,0.006188,0.000470,0.235020,False
2019-09-30,0.007045,0.005330,0.000035,-0.000023,0.000042,0.000168,0.000127,0.000508,0.006187,0.000858,0.429160,False
2019-10-01,0.006713,0.005330,0.000035,-0.000025,0.000042,0.000169,0.000127,0.000507,0.006185,0.000528,0.263887,False
2019-10-02,0.006710,0.005331,0.000035,-0.000028,0.000041,0.000170,0.000127,0.000507,0.006184,0.000526,0.263200,False
2019-10-03,0.006819,0.005331,0.000035,-0.000030,0.000040,0.000171,0.000127,0.000507,0.006182,0.000637,0.318597,False
2019-10-04,0.006928,0.005331,0.000035,-0.000032,0.000039,0.000173,0.000127,0.000507,0.006180,0.000748,0.374077,False
2019-10-05,0.007026,0.005332,0.000034,-0.000034,0.000038,0.000174,0.000127,0.000507,0.006178,0.000848,0.424138,False
2019-10-06,0.006494,0.005332,0.000034,-0.000036,0.000036,0.000175,0.000127,0.000507,0.006175,0.000319,0.159279,False
2019-10-07,0.006382,0.005333,0.000033,-0.000039,0.000035,0.000176,0.000127,0.000507,0.006173,0.000209,0.104496,False
2019-10-08,0.006814,0.005333,0.000032,-0.000041,0.000034,0.000177,0.000127,0.000507,0.006170,0.000644,0.321786,False
2019-10-09,0.006842,0.005334,0.000031,-0.000043,0.000033,0.000178,0.000127,0.000507,0.006168,0.000674,0.337147,False
2019-10-10,0.007022,0.005334,0.000030,-0.000045,0.000032,0.000179,0.000127,0.000506,0.006165,0.000857,0.428575,False
2019-10-11,0.006832,0.005334,0.000029,-0.000047,0.000031,0.000180,0.000127,0.000506,0.006162,0.000670,0.335064,False
2019-10-12,0.006520,0.005335,0.000028,-0.000048,0.000030,0.000181,0.000127,0.000506,0.006159,0.000361,0.180613,False
2019-10-13,0.006731,0.005335,0.000026,-0.000050,0.000029,0.000183,0.000127,0.000506,0.006156,0.000575,0.287715,False
2019-10-14,0.006750,0.005336,0.000024,-0.000052,0.000028,0.000184,0.000127,0.000506,0.006152,0.000598,0.298866,False
2019-10-15,0.006861,0.005336,0.000023,-0.000054,0.000027,0.000185,0.000127,0.000506,0.006149,0.000712,0.356061,False
2019-10-16,0.006893,0.005336,0.000021,-0.000055,0.000026,0.000186,0.000127,0.000506,0.006145,0.000748,0.373795,False
2019-10-17,0.006839,0.005337,0.000019,-0.000057,0.000025,0.000187,0.000127,0.000505,0.006142,0.000697,0.348561,False
2019-10-18,0.006907,0.005337,0.000017,-0.000058,0.000023,0.000188,0.000126,0.000505,0.006138,0.000769,0.384355,False
2019-10-19,0.007062,0.005338,0.000015,-0.000060,0.000022,0.000188,0.000126,0.000505,0.006135,0.000927,0.463670,False
2019-10-20,0.006780,0.005338,0.000012,-0.000061,0.000021,0.000189,0.000126,0.000505,0.006131,0.000649,0.324500,False
2019-10-21,0.006880,0.005338,0.000010,-0.000062,0.000020,0.000190,0.000126,0.000505,0.006127,0.000753,0.376339,False
2019-10-22,0.006997,0.005339,0.000008,-0.000064,0.000019,0.000191,0.000126,0.000505,0.006124,0.000873,0.436680,False
2019-10-23,0.006810,0.005339,0.000005,-0.000065,0.000018,0.000192,0.000126,0.000505,0.006120,0.000690,0.345018,False
2019-10-24,0.007000,0.005340,0.000003,-0.000066,0.000016,0.000193,0.000126,0.000504,0.006116,0.000884,0.441846,False
2019-10-25,0.006550,0.005340,0.000001,-0.000067,0.000015,0.000194,0.000125,0.000504,0.006113,0.000437,0.218658,False
2019-10-26,0.006952,0.005340,-0.000002,-0.000068,0.000014,0.000195,0.000125,0.000504,0.006109,0.000843,0.421446,False
2019-10-27,0.006901,0.005341,-0.000004,-0.000068,0.000013,0.000196,0.000125,0.000504,0.006106,0.000795,0.397455,False
2019-10-28,0.006849,0.005341,-0.000007,-0.000069,0.000012,0.000196,0.000125,0.000504,0.006102,0.000747,0.373428,False
2019-10-29,0.006857,0.005342,-0.000009,-0.000070,0.000011,0.000197,0.000125,0.000504,0.006099,0.000758,0.379110,False
2019-10-30,0.006657,0.005342,-0.000011,-0.000070,0.000009,0.000198,0.000124,0.000503,0.006096,0.000561,0.280743,False
2019-10-31,0.006796,0.005342,-0.000014,-0.000071,0.000008,0.000199,0.000124,0.000503,0.006092,0.000704,0.351823,False
2019-11-01,0.006880,0.005343,-0.000016,-0.000071,0.000007,0.000199,0.000124,0.000503,0.006089,0.000791,0.395509,False
2019-11-02,0.006965,0.005343,-0.000018,-0.000072,0.000006,0.000200,0.000124,0.000503,0.006086,0.000878,0.439130,False
2019-11-03,0.007049,0.005344,-0.000020,-0.000072,0.000005,0.000201,0.000124,0.000503,0.006084,0.000965,0.482680,False
2019-11-04,0.007003,0.005344,-0.000022,-0.000072,0.000003,0.000202,0.000123,0.000503,0.006081,0.000922,0.460988,False
2019-11-05,0.006957,0.005344,-0.000024,-0.000072,0.000002,0.000202,0.000123,0.000502,0.006079,0.000878,0.439215,False
2019-11-06,0.006512,0.005345,-0.000025,-0.000072,0.000001,0.000203,0.000123,0.000502,0.006076,0.000436,0.217857,False
2019-11-07,0.006723,0.005345,-0.000027,-0.000072,-0.000000,0.000204,0.000123,0.000502,0.006074,0.000649,0.324409,False
2019-11-08,0.006791,0.005346,-0.000028,-0.000072,-0.000001,0.000204,0.000122,0.000502,0.006072,0.000719,0.359369,False
2019-11-09,0.006674,0.005346,-0.000030,-0.000071,-0.000003,0.000205,0.000122,0.000502,0.006071,0.000603,0.301731,False
2019-11-10,0.006492,0.005346,-0.000031,-0.000071,-0.000004,0.000205,0.000122,0.000501,0.006069,0.000423,0.211493,False
2019-11-11,0.006772,0.005347,-0.000032,-0.000071,-0.000005,0.000206,0.000122,0.000501,0.006068,0.000704,0.352153,False
2019-11-12,0.006659,0.005347,-0.000033,-0.000070,-0.000006,0.000206,0.000121,0.000501,0.006067,0.000592,0.296207,False
2019-11-13,0.006968,0.005348,-0.000034,-0.000070,-0.000008,0.000207,0.000121,0.000501,0.006066,0.000902,0.451154,False
2019-11-14,0.006842,0.005348,-0.000034,-0.000069,-0.000009,0.000208,0.000121,0.000501,0.006065,0.000777,0.388493,False
2019-11-15,0.007025,0.005349,-0.000035,-0.000068,-0.000010,0.000208,0.000120,0.000500,0.006065,0.000960,0.480221,False
2019-11-16,0.006709,0.005349,-0.000035,-0.000067,-0.000011,0.000209,0.000120,0.000500,0.006064,0.000645,0.322339,False
2019-11-17,0.006772,0.005349,-0.000035,-0.000066,-0.000012,0.000209,0.000120,0.000500,0.006064,0.000708,0.353846,False
2019-11-18,0.006731,0.005350,-0.000035,-0.000065,-0.000013,0.000209,0.000119,0.000500,0.006065,0.000666,0.332992,False
2019-11-19,0.006689,0.005350,-0.000035,-0.000064,-0.000015,0.000210,0.000119,0.000499,0.006065,0.000624,0.312029,False
2019-11-20,0.006715,0.005351,-0.000034,-0.000063,-0.000016,0.000210,0.000119,0.000499,0.006066,0.000649,0.324706,False
2019-11-21,0.006746,0.005351,-0.000034,-0.000062,-0.000017,0.000211,0.000118,0.000499,0.006066,0.000680,0.340026,False
2019-11-22,0.006778,0.005351,-0.000033,-0.000060,-0.000018,0.000211,0.000118,0.000499,0.006068,0.000710,0.355240,False
2019-11-23,0.006529,0.005352,-0.000032,-0.000059,-0.000019,0.000211,0.000117,0.000499,0.006069,0.000460,0.230100,False
2019-11-24,0.006409,0.005352,-0.000031,-0.000058,-0.000021,0.000212,0.000117,0.000498,0.006070,0.000339,0.169360,False
2019-11-25,0.006986,0.005353,-0.000030,-0.000056,-0.000022,0.000212,0.000117,0.000498,0.006072,0.000914,0.457023,False
2019-11-26,0.006821,0.005353,-0.000029,-0.000054,-0.000023,0.000212,0.000116,0.000498,0.006074,0.000747,0.373592,False
2019-11-27,0.006887,0.005353,-0.000027,-0.000053,-0.000024,0.000213,0.000116,0.000498,0.006076,0.000811,0.405571,False
2019-11-28,0.006994,0.005354,-0.000026,-0.000051,-0.000025,0.000213,0.000116,0.000497,0.006078,0.000916,0.457964,False
2019-11-29,0.006815,0.005354,-0.000024,-0.000049,-0.000026,0.000213,0.000115,0.000497,0.006080,0.000735,0.367276,False
2019-11-30,0.006898,0.005355,-0.000022,-0.000047,-0.000027,0.000214,0.000115,0.000497,0.006083,0.000815,0.407262,False
2019-12-01,0.006980,0.005355,-0.000020,-0.000046,-0.000028,0.000214,0.000114,0.000497,0.006086,0.000894,0.447177,False
2019-12-02,0.006830,0.005355,-0.000018,-0.000044,-0.000030,0.000214,0.000114,0.000496,0.006088,0.000742,0.371026,False
2019-12-03,0.006681,0.005356,-0.000016,-0.000042,-0.000031,0.000214,0.000113,0.000496,0.006091,0.000590,0.294816,False
2019-12-04,0.006728,0.005356,-0.000014,-0.000040,-0.000032,0.000214,0.000113,0.000496,0.006094,0.000633,0.316703,False
2019-12-05,0.006775,0.005357,-0.000012,-0.000037,-0.000033,0.000215,0.000113,0.000496,0.006098,0.000677,0.338542,False
2019-12-06,0.006821,0.005357,-0.000009,-0.000035,-0.000034,0.000215,0.000112,0.000495,0.006101,0.000721,0.360339,False
2019-12-07,0.006868,0.005357,-0.000007,-0.000033,-0.000035,0.000215,0.000112,0.000495,0.006104,0.000764,0.382103,False
2019-12-08,0.006915,0.005358,-0.000005,-0.000031,-0.000036,0.000215,0.000111,0.000495,0.006107,0.000808,0.403839,False
2019-12-09,0.006488,0.005358,-0.000002,-0.000029,-0.000037,0.000215,0.000111,0.000494,0.006111,0.000377,0.188654,False
2019-12-10,0.006546,0.005359,0.000000,-0.000026,-0.000038,0.000215,0.000110,0.000494,0.006114,0.000432,0.215954,False
2019-12-11,0.006534,0.005359,0.000003,-0.000024,-0.000039,0.000215,0.000110,0.000494,0.006118,0.000416,0.208248,False
2019-12-12,0.006428,0.005359,0.000005,-0.000022,-0.000040,0.000215,0.000109,0.000494,0.006121,0.000307,0.153541,False
2019-12-13,0.006933,0.005360,0.000007,-0.000019,-0.000041,0.000215,0.000109,0.000493,0.006124,0.000809,0.404341,False
2019-12-14,0.006953,0.005360,0.000010,-0.000017,-0.000042,0.000215,0.000108,0.000493,0.006128,0.000825,0.412654,False
2019-12-15,0.006787,0.005361,0.000012,-0.000014,-0.000043,0.000215,0.000108,0.000493,0.006131,0.000656,0.327988,False
2019-12-16,0.006615,0.005361,0.000014,-0.000012,-0.000044,0.000215,0.000107,0.000492,0.006134,0.000481,0.240349,False
2019-12-17,0.006723,0.005362,0.000016,-0.000010,-0.000045,0.000215,0.000107,0.000492,0.006138,0.000585,0.292743,False
2019-12-18,0.006936,0.005362,0.000019,-0.000007,-0.000046,0.000215,0.000106,0.000492,0.006141,0.000795,0.397677,False
2019-12-19,0.006911,0.005362,0.000021,-0.000005,-0.000047,0.000215,0.000106,0.000492,0.006144,0.000767,0.383658,False
2019-12-20,0.006886,0.005363,0.000022,-0.000002,-0.000048,0.000215,0.000105,0.000491,0.006147,0.000739,0.369691,False
2019-12-21,0.006861,0.005363,0.000024,0.000000,-0.000048,0.000215,0.000104,0.000491,0.006149,0.000712,0.355782,False
2019-12-22,0.006686,0.005364,0.000026,0.000003,-0.000049,0.000214,0.000104,0.000491,0.006152,0.000534,0.266937,False
2019-12-23,0.006847,0.005364,0.000028,0.000005,-0.000050,0.000214,0.000103,0.000490,0.006155,0.000692,0.346160,False
2019-12-24,0.006935,0.005364,0.000029,0.000008,-0.000051,0.000214,0.000103,0.000490,0.006157,0.000778,0.388958,False
2019-12-25,0.006545,0.005365,0.000030,0.000010,-0.000052,0.000214,0.000102,0.000490,0.006159,0.000386,0.192834,False
2019-12-26,0.006794,0.005365,0.000031,0.000013,-0.000053,0.000214,0.000102,0.000489,0.006161,0.000633,0.316294,False
2019-12-27,0.007043,0.005366,0.000032,0.000015,-0.000053,0.000213,0.000101,0.000489,0.006163,0.000880,0.439840,False
2019-12-28,0.006706,0.005366,0.000033,0.000018,-0.000054,0.000213,0.000100,0.000489,0.006165,0.000541,0.270477,False
2019-12-29,0.006711,0.005366,0.000034,0.000020,-0.000055,0.000213,0.000100,0.000489,0.006167,0.000545,0.272375,False
2019-12-30,0.006717,0.005367,0.000034,0.000022,-0.000056,0.000213,0.000099,0.000488,0.006168,0.000549,0.274370,False
2019-12-31,0.006722,0.005367,0.000035,0.000025,-0.000056,0.000212,0.000099,0.000488,0.006169,0.000553,0.276464,False
2020-01-01,0.006945,0.005368,0.000035,0.000027,-0.000057,0.000212,0.000098,0.000488,0.006170,0.000775,0.387493,False
2020-01-02,0.006574,0.005368,0.000035,0.000029,-0.000058,0.000212,0.000097,0.000487,0.006171,0.000403,0.201626,False
2020-01-03,0.006438,0.005368,0.000035,0.000032,-0.000058,0.000211,0.000097,0.000487,0.006171,0.000267,0.133363,False
2020-01-04,0.006835,0.005369,0.000035,0.000034,-0.000059,0.000211,0.000096,0.000487,0.006172,0.000663,0.331705,False
2020-01-05,0.006606,0.005369,0.000034,0.000036,-0.000060,0.000211,0.000095,0.000486,0.006172,0.000434,0.217152,False
2020-01-06,0.006745,0.005370,0.000033,0.000038,-0.000060,0.000210,0.000095,0.000486,0.006172,0.000573,0.286705,False
2020-01-07,0.006844,0.005370,0.000033,0.000040,-0.000061,0.000210,0.000094,0.000486,0.006171,0.000673,0.336362,False
2020-01-08,0.007103,0.005370,0.000032,0.000042,-0.000062,0.000209,0.000094,0.000485,0.006171,0.000932,0.466124,False
2020-01-09,0.007034,0.005371,0.000031,0.000044,-0.000062,0.000209,0.000093,0.000485,0.006170,0.000864,0.431989,False
2020-01-10,0.007018,0.005371,0.000029,0.000046,-0.000063,0.000208,0.000092,0.000484,0.006169,0.000849,0.424456,False
2020-01-11,0.007016,0.005372,0.000028,0.000048,-0.000063,0.000208,0.000092,0.000484,0.006168,0.000848,0.424022,False
2020-01-12,0.006987,0.005372,0.000027,0.000050,-0.000064,0.000207,0.000091,0.000484,0.006167,0.000820,0.410186,False
2020-01-13,0.006709,0.005372,0.000025,0.000052,-0.000064,0.000207,0.000090,0.000483,0.006165,0.000544,0.271944,False
2020-01-14,0.006694,0.005373,0.000023,0.000053,-0.000065,0.000206,0.000090,0.000483,0.006163,0.000531,0.265295,False
2020-01-15,0.006390,0.005373,0.000021,0.000055,-0.000065,0.000206,0.000089,0.000483,0.006162,0.000228,0.114235,False
2020-01-16,0.006671,0.005374,0.000019,0.000056,-0.000066,0.000205,0.000088,0.000482,0.006159,0.000512,0.255760,False
2020-01-17,0.006582,0.005374,0.000017,0.000058,-0.000066,0.000204,0.000087,0.000482,0.006157,0.000425,0.212616,False
2020-01-18,0.006494,0.005374,0.000015,0.000059,-0.000066,0.000204,0.000087,0.000482,0.006155,0.000339,0.169550,False
2020-01-19,0.006872,0.005375,0.000013,0.000061,-0.000067,0.000203,0.000086,0.000481,0.006152,0.000720,0.359807,False
2020-01-20,0.006583,0.005375,0.000011,0.000062,-0.000067,0.000203,0.000085,0.000481,0.006150,0.000433,0.216633,False
2020-01-21,0.006527,0.005376,0.000008,0.000063,-0.000067,0.000202,0.000085,0.000480,0.006147,0.000380,0.190023,False
2020-01-22,0.006467,0.005376,0.000006,0.000064,-0.000068,0.000201,0.000084,0.000480,0.006144,0.000323,0.161472,False
2020-01-23,0.006828,0.005376,0.000004,0.000065,-0.000068,0.000201,0.000083,0.000480,0.006141,0.000687,0.343475,False
2020-01-24,0.006799,0.005377,0.000001,0.000066,-0.000068,0.000200,0.000082,0.000479,0.006138,0.000661,0.330528,False
2020-01-25,0.006713,0.005377,-0.000001,0.000067,-0.000069,0.000199,0.000082,0.000479,0.006135,0.000578,0.289125,False
2020-01-26,0.006558,0.005378,-0.000003,0.000068,-0.000069,0.000198,0.000081,0.000479,0.006131,0.000427,0.213260,False
2020-01-27,0.006872,0.005378,-0.000006,0.000069,-0.000069,0.000198,0.000080,0.000478,0.006128,0.000744,0.371930,False
2020-01-28,0.006927,0.005379,-0.000008,0.000070,-0.000069,0.000197,0.000079,0.000478,0.006125,0.000802,0.401127,False
2020-01-29,0.007042,0.005379,-0.000011,0.000070,-0.000069,0.000196,0.000079,0.000477,0.006121,0.000921,0.460348,False
2020-01-30,0.006930,0.005379,-0.000013,0.000071,-0.000070,0.000195,0.000078,0.000477,0.006118,0.000812,0.406087,False
2020-01-31,0.006304,0.005380,-0.000015,0.000071,-0.000070,0.000194,0.000077,0.000477,0.006114,0.000190,0.094838,False
2020-02-01,0.006682,0.005380,-0.000017,0.000072,-0.000070,0.000194,0.000076,0.000476,0.006111,0.000571,0.285597,False
2020-02-02,0.006477,0.005381,-0.000019,0.000072,-0.000070,0.000193,0.000076,0.000476,0.006107,0.000370,0.184859,False
2020-02-03,0.006498,0.005381,-0.000021,0.000072,-0.000070,0.000192,0.000075,0.000475,0.006104,0.000394,0.197119,False
2020-02-04,0.006768,0.005381,-0.000023,0.000072,-0.000070,0.000191,0.000074,0.000475,0.006100,0.000668,0.333873,False
2020-02-05,0.006767,0.005382,-0.000025,0.000072,-0.000070,0.000190,0.000073,0.000475,0.006097,0.000670,0.335116,False
2020-02-06,0.006550,0.005382,-0.000026,0.000072,-0.000070,0.000189,0.000072,0.000474,0.006093,0.000457,0.228344,False
2020-02-07,0.006914,0.005383,-0.000028,0.000072,-0.000070,0.000188,0.000072,0.000474,0.006090,0.000824,0.412052,False
2020-02-08,0.006730,0.005383,-0.000029,0.000072,-0.000070,0.000187,0.000071,0.000473,0.006087,0.000643,0.321738,False
2020-02-09,0.006474,0.005383,-0.000031,0.000071,-0.000070,0.000186,0.000070,0.000473,0.006083,0.000391,0.195398,False
2020-02-10,0.006606,0.005384,-0.000032,0.000071,-0.000070,0.000185,0.000069,0.000473,0.006080,0.000526,0.263028,False
2020-02-11,0.006623,0.005384,-0.000033,0.000070,-0.000070,0.000184,0.000068,0.000472,0.006077,0.000546,0.273125,False
2020-02-12,0.006220,0.005385,-0.000033,0.000070,-0.000070,0.000183,0.000068,0.000472,0.006074,0.000146,0.073188,False
2020-02-13,0.006542,0.005385,-0.000034,0.000069,-0.000070,0.000182,0.000067,0.000471,0.006071,0.000471,0.235714,False
2020-02-14,0.006565,0.005385,-0.000035,0.000068,-0.000070,0.000181,0.000066,0.000471,0.006068,0.000497,0.248700,False
2020-02-15,0.006588,0.005386,-0.000035,0.000068,-0.000069,0.000180,0.000065,0.000470,0.006065,0.000523,0.261645,False
2020-02-16,0.006715,0.005386,-0.000035,0.000067,-0.000069,0.000179,0.000064,0.000470,0.006062,0.000653,0.326549,False
2020-02-17,0.006842,0.005387,-0.000035,0.000066,-0.000069,0.000178,0.000064,0.000469,0.006059,0.000783,0.391409,False
2020-02-18,0.006500,0.005387,-0.000035,0.000065,-0.000069,0.000177,0.000063,0.000469,0.006057,0.000443,0.221726,False
2020-02-19,0.006641,0.005387,-0.000034,0.000063,-0.000068,0.000176,0.000062,0.000469,0.006054,0.000587,0.293499,False
2020-02-20,0.007119,0.005388,-0.000034,0.000062,-0.000068,0.000174,0.000061,0.000468,0.006052,0.001067,0.533728,False
2020-02-21,0.006769,0.005388,-0.000033,0.000061,-0.000068,0.000173,0.000060,0.000468,0.006049,0.000720,0.359914,False
2020-02-22,0.006681,0.005389,-0.000032,0.000060,-0.000068,0.000172,0.000059,0.000467,0.006047,0.000634,0.317057,False
2020-02-23,0.006694,0.005389,-0.000032,0.000058,-0.000067,0.000171,0.000058,0.000467,0.006045,0.000649,0.324659,False
2020-02-24,0.006881,0.005389,-0.000030,0.000057,-0.000067,0.000170,0.000058,0.000466,0.006043,0.000838,0.419221,False
2020-02-25,0.006874,0.005390,-0.000029,0.000055,-0.000067,0.000169,0.000057,0.000466,0.006041,0.000833,0.416744,False
2020-02-26,0.006851,0.005390,-0.000028,0.000053,-0.000066,0.000167,0.000056,0.000465,0.006039,0.000812,0.406231,False
2020-02-27,0.006828,0.005391,-0.000026,0.000052,-0.000066,0.000166,0.000055,0.000465,0.006037,0.000791,0.395684,False
2020-02-28,0.006736,0.005391,-0.000025,0.000050,-0.000065,0.000165,0.000054,0.000465,0.006035,0.000701,0.350606,False
2020-02-29,0.006666,0.005391,-0.000023,0.000048,-0.000065,0.000164,0.000053,0.000464,0.006033,0.000633,0.316499,False
2020-03-01,0.006805,0.005392,-0.000021,0.000046,-0.000064,0.000162,0.000052,0.000464,0.006031,0.000774,0.386867,False
2020-03-02,0.006646,0.005392,-0.000019,0.000044,-0.000064,0.000161,0.000051,0.000463,0.006030,0.000616,0.308213,False
2020-03-03,0.006674,0.005393,-0.000017,0.000042,-0.000063,0.000160,0.000051,0.000463,0.006028,0.000646,0.323040,False
2020-03-04,0.006716,0.005393,-0.000015,0.000040,-0.000063,0.000158,0.000050,0.000462,0.006026,0.000690,0.344853,False
2020-03-05,0.006758,0.005393,-0.000012,0.000038,-0.000062,0.000157,0.000049,0.000462,0.006025,0.000733,0.366654,False
2020-03-06,0.006803,0.005394,-0.000010,0.000036,-0.000062,0.000156,0.000048,0.000461,0.006023,0.000780,0.389948,False
2020-03-07,0.006613,0.005394,-0.000008,0.000034,-0.000061,0.000154,0.000047,0.000461,0.006022,0.000591,0.295740,False
2020-03-08,0.006481,0.005395,-0.000006,0.000032,-0.000061,0.000153,0.000046,0.000460,0.006020,0.000461,0.230532,False
2020-03-09,0.006805,0.005395,-0.000003,0.000030,-0.000060,0.000152,0.000045,0.000460,0.006018,0.000787,0.393331,False
2020-03-10,0.007129,0.005396,-0.000001,0.000027,-0.000059,0.000150,0.000044,0.000459,0.006017,0.001112,0.556139,False
2020-03-11,0.006888,0.005396,0.000002,0.000025,-0.000059,0.000149,0.000043,0.000459,0.006015,0.000873,0.436461,False
2020-03-12,0.006680,0.005396,0.000004,0.000023,-0.000058,0.000147,0.000043,0.000458,0.006013,0.000667,0.333302,False
2020-03-13,0.006697,0.005397,0.000006,0.000020,-0.000057,0.000146,0.000042,0.000458,0.006012,0.000685,0.342665,False
2020-03-14,0.007019,0.005397,0.000009,0.000018,-0.000057,0.000145,0.000041,0.000457,0.006010,0.001009,0.504556,False
2020-03-15,0.006899,0.005398,0.000011,0.000016,-0.000056,0.000143,0.000040,0.000457,0.006008,0.000891,0.445478,False
2020-03-16,0.007135,0.005398,0.000013,0.000013,-0.000055,0.000142,0.000039,0.000456,0.006006,0.001129,0.564435,False
2020-03-17,0.006783,0.005398,0.000016,0.000011,-0.000054,0.000140,0.000038,0.000456,0.006004,0.000779,0.389431,False
2020-03-18,0.006852,0.005399,0.000018,0.000008,-0.000054,0.000139,0.000037,0.000455,0.006002,0.000850,0.424970,False
2020-03-19,0.006895,0.005399,0.000020,0.000006,-0.000053,0.000137,0.000036,0.000455,0.006000,0.000895,0.447555,False
2020-03-20,0.006938,0.005400,0.000022,0.000003,-0.000052,0.000136,0.000035,0.000454,0.005998,0.000940,0.470190,False
2020-03-21,0.006981,0.005400,0.000023,0.000001,-0.000051,0.000134,0.000034,0.000454,0.005995,0.000986,0.492878,False
2020-03-22,0.007024,0.005400,0.000025,-0.000002,-0.000050,0.000133,0.000033,0.000453,0.005993,0.001031,0.515622,False
2020-03-23,0.007067,0.005401,0.000027,-0.000004,-0.000050,0.000131,0.000032,0.000453,0.005990,0.001077,0.538424,False
2020-03-24,0.007062,0.005401,0.000028,-0.000007,-0.000049,0.000130,0.000031,0.000452,0.005987,0.001075,0.537287,False
2020-03-25,0.006851,0.005402,0.000030,-0.000009,-0.000048,0.000128,0.000031,0.000452,0.005985,0.000866,0.433213,False
2020-03-26,0.006884,0.005402,0.000031,-0.000012,-0.000047,0.000126,0.000030,0.000451,0.005982,0.000902,0.451203,False
2020-03-27,0.007137,0.005402,0.000032,-0.000014,-0.000046,0.000125,0.000029,0.000451,0.005978,0.001159,0.579260,False
2020-03-28,0.006954,0.005403,0.000033,-0.000016,-0.000045,0.000123,0.000028,0.000450,0.005975,0.000979,0.489634,False
2020-03-29,0.006772,0.005403,0.000034,-0.000019,-0.000044,0.000122,0.000027,0.000450,0.005972,0.000800,0.400076,False
2020-03-30,0.006879,0.005404,0.000034,-0.000021,-0.000043,0.000120,0.000026,0.000449,0.005968,0.000911,0.455337,False
2020-03-31,0.006880,0.005404,0.000035,-0.000024,-0.000042,0.000118,0.000025,0.000449,0.005965,0.000916,0.457791,False
2020-04-01,0.006881,0.005404,0.000035,-0.000026,-0.000041,0.000117,0.000024,0.000448,0.005961,0.000921,0.460313,False
2020-04-02,0.006883,0.005405,0.000035,-0.000028,-0.000040,0.000115,0.000023,0.000447,0.005957,0.000926,0.462903,False
2020-04-03,0.006884,0.005405,0.000035,-0.000030,-0.000039,0.000113,0.000022,0.000447,0.005953,0.000931,0.465559,False
2020-04-04,0.006885,0.005406,0.000035,-0.000033,-0.000038,0.000112,0.000021,0.000446,0.005949,0.000937,0.468280,False
2020-04-05,0.006887,0.005406,0.000034,-0.000035,-0.000037,0.000110,0.000020,0.000446,0.005944,0.000942,0.471065,False
2020-04-06,0.006888,0.005406,0.000034,-0.000037,-0.000036,0.000108,0.000019,0.000445,0.005940,0.000948,0.473911,False
2020-04-07,0.006889,0.005407,0.000033,-0.000039,-0.000035,0.000107,0.000018,0.000445,0.005935,0.000954,0.476815,False
2020-04-08,0.006978,0.005407,0.000032,-0.000041,-0.000034,0.000105,0.000017,0.000444,0.005931,0.001047,0.523650,False
2020-04-09,0.007040,0.005408,0.000031,-0.000043,-0.000033,0.000103,0.000016,0.000444,0.005926,0.001114,0.557038,False
2020-04-10,0.006709,0.005408,0.000030,-0.000045,-0.000032,0.000102,0.000015,0.000443,0.005921,0.000788,0.393976,False
2020-04-11,0.006909,0.005408,0.000029,-0.000047,-0.000031,0.000100,0.000014,0.000442,0.005916,0.000993,0.496458,False
2020-04-12,0.006935,0.005409,0.000027,-0.000049,-0.000030,0.000098,0.000013,0.000442,0.005911,0.001024,0.511882,False
2020-04-13,0.006961,0.005409,0.000026,-0.000051,-0.000029,0.000096,0.000013,0.000441,0.005906,0.001055,0.527342,False
2020-04-14,0.006986,0.005410,0.000024,-0.000052,-0.000028,0.000095,0.000012,0.000441,0.005901,0.001086,0.542835,False
2020-04-15,0.007012,0.005410,0.000022,-0.000054,-0.000027,0.000093,0.000011,0.000440,0.005895,0.001117,0.558355,False
2020-04-16,0.007038,0.005410,0.000020,-0.000056,-0.000025,0.000091,0.000010,0.000440,0.005890,0.001148,0.573897,False
2020-04-17,0.007016,0.005411,0.000018,-0.000057,-0.000024,0.000089,0.000009,0.000439,0.005885,0.001131,0.565431,False
2020-04-18,0.006993,0.005411,0.000016,-0.000059,-0.000023,0.000088,0.000008,0.000439,0.005880,0.001114,0.556975,False
2020-04-19,0.006971,0.005412,0.000014,-0.000060,-0.000022,0.000086,0.000007,0.000438,0.005874,0.001097,0.548526,False
2020-04-20,0.006949,0.005412,0.000012,-0.000061,-0.000021,0.000084,0.000006,0.000437,0.005869,0.001080,0.540075,False
2020-04-21,0.006973,0.005413,0.000010,-0.000063,-0.000020,0.000082,0.000005,0.000437,0.005864,0.001109,0.554544,False
2020-04-22,0.006996,0.005413,0.000007,-0.000064,-0.000019,0.000080,0.000004,0.000436,0.005858,0.001138,0.568999,False
2020-04-23,0.007020,0.005413,0.000005,-0.000065,-0.000017,0.000079,0.000003,0.000436,0.005853,0.001167,0.583436,False
2020-04-24,0.007043,0.005414,0.000003,-0.000066,-0.000016,0.000077,0.000002,0.000435,0.005848,0.001196,0.597849,False
2020-04-25,0.007067,0.005414,0.000000,-0.000067,-0.000015,0.000075,0.000001,0.000434,0.005843,0.001224,0.612230,False
2020-04-26,0.007082,0.005415,-0.000002,-0.000068,-0.000014,0.000073,-0.000000,0.000434,0.005837,0.001244,0.622024,False
2020-04-27,0.007096,0.005415,-0.000005,-0.000069,-0.000013,0.000071,-0.000001,0.000433,0.005832,0.001264,0.631775,False
2020-04-28,0.007111,0.005415,-0.000007,-0.000069,-0.000012,0.000069,-0.000002,0.000433,0.005828,0.001283,0.641477,False
2020-04-29,0.007125,0.005416,-0.000009,-0.000070,-0.000010,0.000068,-0.000003,0.000432,0.005823,0.001302,0.651123,False
2020-04-30,0.007039,0.005416,-0.000012,-0.000071,-0.000009,0.000066,-0.000004,0.000431,0.005818,0.001221,0.610459,False
2020-05-01,0.007139,0.005417,-0.000014,-0.000071,-0.000008,0.000064,-0.000005,0.000431,0.005814,0.001325,0.662727,False
2020-05-02,0.007138,0.005417,-0.000016,-0.000071,-0.000007,0.000062,-0.000006,0.000430,0.005809,0.001329,0.664424,False
2020-05-03,0.007137,0.005417,-0.000018,-0.000072,-0.000006,0.000060,-0.000007,0.000430,0.005805,0.001332,0.666043,False
2020-05-04,0.007136,0.005418,-0.000020,-0.000072,-0.000004,0.000058,-0.000008,0.000429,0.005801,0.001335,0.667579,False
2020-05-05,0.007135,0.005418,-0.000022,-0.000072,-0.000003,0.000056,-0.000009,0.000428,0.005797,0.001338,0.669029,False
2020-05-06,0.007134,0.005419,-0.000024,-0.000072,-0.000002,0.000054,-0.000010,0.000428,0.005793,0.001341,0.670386,False
2020-05-07,0.007133,0.005419,-0.000026,-0.000072,-0.000001,0.000052,-0.000011,0.000427,0.005790,0.001343,0.671648,False
2020-05-08,0.007132,0.005419,-0.000027,-0.000072,0.000000,0.000051,-0.000012,0.000427,0.005786,0.001346,0.672809,False
2020-05-09,0.007131,0.005420,-0.000029,-0.000072,0.000002,0.000049,-0.000013,0.000426,0.005783,0.001348,0.673867,False
2020-05-10,0.007129,0.005420,-0.000030,-0.000071,0.000003,0.000047,-0.000013,0.000425,0.005780,0.001349,0.674270,False
2020-05-11,0.007127,0.005421,-0.000031,-0.000071,0.000004,0.000045,-0.000014,0.000425,0.005778,0.001349,0.674564,False
2020-05-12,0.007125,0.005421,-0.000032,-0.000071,0.000005,0.000043,-0.000015,0.000424,0.005775,0.001349,0.674746,False
2020-05-13,0.007123,0.005421,-0.000033,-0.000070,0.000006,0.000041,-0.000016,0.000423,0.005773,0.001350,0.674814,False
2020-05-14,0.007121,0.005422,-0.000034,-0.000069,0.000008,0.000039,-0.000017,0.000423,0.005771,0.001350,0.674766,False
2020-05-15,0.007118,0.005422,-0.000034,-0.000069,0.000009,0.000037,-0.000018,0.000422,0.005769,0.001349,0.674600,False
2020-05-16,0.007116,0.005423,-0.000035,-0.000068,0.000010,0.000035,-0.000019,0.000422,0.005768,0.001349,0.674317,False
2020-05-17,0.007116,0.005423,-0.000035,-0.000067,0.000011,0.000033,-0.000020,0.000421,0.005766,0.001350,0.674963,False
2020-05-18,0.007116,0.005423,-0.000035,-0.000066,0.000012,0.000031,-0.000021,0.000420,0.005765,0.001351,0.675490,False
2020-05-19,0.007116,0.005424,-0.000035,-0.000065,0.000014,0.000029,-0.000022,0.000420,0.005765,0.001352,0.675899,False
2020-05-20,0.007116,0.005424,-0.000035,-0.000064,0.000015,0.000028,-0.000023,0.000419,0.005764,0.001352,0.676192,False
2020-05-21,0.007116,0.005425,-0.000034,-0.000063,0.000016,0.000026,-0.000024,0.000418,0.005764,0.001353,0.676368,False
2020-05-22,0.007116,0.005425,-0.000034,-0.000062,0.000017,0.000024,-0.000025,0.000418,0.005763,0.001353,0.676431,False
2020-05-23,0.007116,0.005425,-0.000033,-0.000060,0.000018,0.000022,-0.000026,0.000417,0.005764,0.001353,0.676382,False
2020-05-24,,0.005426,-0.000032,-0.000059,0.000019,0.000020,-0.000027,0.000416,0.005764,,,False
2020-05-25,,0.005426,-0.000031,-0.000057,0.000021,0.000018,-0.000028,0.000416,0.005764,,,False
2020-05-26,,0.005427,-0.000030,-0.000056,0.000022,0.000016,-0.000029,0.000415,0.005765,,,False
2020-05-27,,0.005427,-0.000028,-0.000054,0.000023,0.000014,-0.000030,0.000414,0.005766,,,False
2020-05-28,,0.005427,-0.000027,-0.000053,0.000024,0.000012,-0.000031,0.000414,0.005767,,,False
2020-05-29,,0.005428,-0.000025,-0.000051,0.000025,0.000010,-0.000031,0.000413,0.005769,,,False
2020-05-30,,0.005428,-0.000024,-0.000049,0.000026,0.000008,-0.000032,0.000412,0.005770,,,False
2020-05-31,,0.005429,-0.000022,-0.000047,0.000027,0.000006,-0.000033,0.000412,0.005772,,,False
2020-06-01,,0.005429,-0.000020,-0.000045,0.000029,0.000004,-0.000034,0.000411,0.005773,,,False
2020-06-02,,0.005430,-0.000018,-0.000043,0.000030,0.000002,-0.000035,0.000411,0.005775,,,False
2020-06-03,,0.005430,-0.000016,-0.000041,0.000031,0.000000,-0.000036,0.000410,0.005777,,,False
2020-06-04,,0.005430,-0.000014,-0.000039,0.000032,-0.000002,-0.000037,0.000409,0.005780,,,False
2020-06-05,,0.005431,-0.000011,-0.000037,0.000033,-0.000004,-0.000038,0.000408,0.005782,,,False
2020-06-06,,0.005431,-0.000009,-0.000035,0.000034,-0.000006,-0.000039,0.000408,0.005784,,,False
2020-06-07,,0.005432,-0.000007,-0.000033,0.000035,-0.000008,-0.000040,0.000407,0.005787,,,False
2020-06-08,,0.005432,-0.000004,-0.000031,0.000036,-0.000010,-0.000041,0.000406,0.005789,,,False
2020-06-09,,0.005432,-0.000002,-0.000028,0.000037,-0.000011,-0.000042,0.000406,0.005792,,,False
2020-06-10,,0.005433,0.000000,-0.000026,0.000038,-0.000013,-0.000043,0.000405,0.005794,,,False
2020-06-11,,0.005433,0.000003,-0.000024,0.000039,-0.000015,-0.000043,0.000404,0.005797,,,False
2020-06-12,,0.005434,0.000005,-0.000022,0.000040,-0.000017,-0.000044,0.000404,0.005799,,,False
2020-06-13,,0.005434,0.000008,-0.000019,0.000041,-0.000019,-0.000045,0.000403,0.005802,,,False
2020-06-14,,0.005434,0.000010,-0.000017,0.000042,-0.000021,-0.000046,0.000402,0.005805,,,False
2020-06-15,,0.005435,0.000012,-0.000014,0.000043,-0.000023,-0.000047,0.000402,0.005807,,,False
2020-06-16,,0.005435,0.000014,-0.000012,0.000044,-0.000025,-0.000048,0.000401,0.005810,,,False
2020-06-17,,0.005436,0.000017,-0.000009,0.000045,-0.000027,-0.000049,0.000400,0.005812,,,False
2020-06-18,,0.005436,0.000019,-0.000007,0.000046,-0.000029,-0.000050,0.000400,0.005814,,,False
2020-06-19,,0.005436,0.000021,-0.000005,0.000047,-0.000031,-0.000051,0.000399,0.005817,,,False
2020-06-20,,0.005437,0.000023,-0.000002,0.000048,-0.000033,-0.000052,0.000398,0.005819,,,False
2020-06-21,,0.005437,0.000024,0.000000,0.000048,-0.000035,-0.000052,0.000397,0.005821,,,False
2020-06-22,,0.005438,0.000026,0.000003,0.000049,-0.000037,-0.000053,0.000397,0.005823,,,False
2020-06-23,,0.005438,0.000028,0.000005,0.000050,-0.000039,-0.000054,0.000396,0.005824,,,False
2020-06-24,,0.005438,0.000029,0.000008,0.000051,-0.000041,-0.000055,0.000395,0.005826,,,False
2020-06-25,,0.005439,0.000030,0.000010,0.000052,-0.000042,-0.000056,0.000395,0.005827,,,False
2020-06-26,,0.005439,0.000031,0.000013,0.000053,-0.000044,-0.000057,0.000394,0.005829,,,False
2020-06-27,,0.005440,0.000032,0.000015,0.000053,-0.000046,-0.000058,0.000393,0.005830,,,False
2020-06-28,,0.005440,0.000033,0.000018,0.000054,-0.000048,-0.000058,0.000392,0.005831,,,False
2020-06-29,,0.005440,0.000034,0.000020,0.000055,-0.000050,-0.000059,0.000392,0.005832,,,False
2020-06-30,,0.005441,0.000034,0.000022,0.000056,-0.000052,-0.000060,0.000391,0.005832,,,False
2020-07-01,,0.005441,0.000035,0.000025,0.000056,-0.000054,-0.000061,0.000390,0.005832,,,False
2020-07-02,,0.005442,0.000035,0.000027,0.000057,-0.000056,-0.000062,0.000390,0.005833,,,False
2020-07-03,,0.005442,0.000035,0.000029,0.000058,-0.000058,-0.000063,0.000389,0.005833,,,False
2020-07-04,,0.005442,0.000035,0.000032,0.000058,-0.000060,-0.000064,0.000388,0.005832,,,False
2020-07-05,,0.005443,0.000035,0.000034,0.000059,-0.000061,-0.000064,0.000387,0.005832,,,False
2020-07-06,,0.005443,0.000034,0.000036,0.000060,-0.000063,-0.000065,0.000387,0.005831,,,False
2020-07-07,,0.005444,0.000033,0.000038,0.000060,-0.000065,-0.000066,0.000386,0.005830,,,False
2020-07-08,,0.005444,0.000033,0.000040,0.000061,-0.000067,-0.000067,0.000385,0.005829,,,False
2020-07-09,,0.005444,0.000032,0.000042,0.000062,-0.000069,-0.000068,0.000384,0.005828,,,False
2020-07-10,,0.005445,0.000031,0.000044,0.000062,-0.000071,-0.000068,0.000384,0.005826,,,False
2020-07-11,,0.005445,0.000029,0.000046,0.000063,-0.000073,-0.000069,0.000383,0.005825,,,False
2020-07-12,,0.005446,0.000028,0.000048,0.000063,-0.000074,-0.000070,0.000382,0.005823,,,False
2020-07-13,,0.005446,0.000027,0.000050,0.000064,-0.000076,-0.000071,0.000381,0.005820,,,False
2020-07-14,,0.005447,0.000025,0.000052,0.000064,-0.000078,-0.000072,0.000381,0.005818,,,False
2020-07-15,,0.005447,0.000023,0.000053,0.000065,-0.000080,-0.000073,0.000380,0.005816,,,False
2020-07-16,,0.005447,0.000021,0.000055,0.000065,-0.000082,-0.000073,0.000379,0.005813,,,False
2020-07-17,,0.005448,0.000019,0.000056,0.000066,-0.000083,-0.000074,0.000378,0.005810,,,False
2020-07-18,,0.005448,0.000017,0.000058,0.000066,-0.000085,-0.000075,0.000378,0.005807,,,False
2020-07-19,,0.005449,0.000015,0.000059,0.000066,-0.000087,-0.000076,0.000377,0.005804,,,False
2020-07-20,,0.005449,0.000013,0.000061,0.000067,-0.000089,-0.000076,0.000376,0.005800,,,False
2020-07-21,,0.005449,0.000011,0.000062,0.000067,-0.000091,-0.000077,0.000375,0.005797,,,False
2020-07-22,,0.005450,0.000008,0.000063,0.000067,-0.000092,-0.000078,0.000375,0.005793,,,False
2020-07-23,,0.005450,0.000006,0.000064,0.000068,-0.000094,-0.000079,0.000374,0.005789,,,False
2020-07-24,,0.005451,0.000004,0.000065,0.000068,-0.000096,-0.000079,0.000373,0.005786,,,False
2020-07-25,,0.005451,0.000001,0.000066,0.000068,-0.000098,-0.000080,0.000372,0.005782,,,False
2020-07-26,,0.005451,-0.000001,0.000067,0.000069,-0.000099,-0.000081,0.000372,0.005778,,,False
2020-07-27,,0.005452,-0.000003,0.000068,0.000069,-0.000101,-0.000082,0.000371,0.005773,,,False
2020-07-28,,0.005452,-0.000006,0.000069,0.000069,-0.000103,-0.000082,0.000370,0.005769,,,False
2020-07-29,,0.005453,-0.000008,0.000070,0.000069,-0.000105,-0.000083,0.000369,0.005765,,,False
2020-07-30,,0.005453,-0.000011,0.000070,0.000069,-0.000106,-0.000084,0.000368,0.005760,,,False
2020-07-31,,0.005453,-0.000013,0.000071,0.000070,-0.000108,-0.000085,0.000368,0.005756,,,False
2020-08-01,,0.005454,-0.000015,0.000071,0.000070,-0.000110,-0.000085,0.000367,0.005752,,,False
2020-08-02,,0.005454,-0.000017,0.000072,0.000070,-0.000111,-0.000086,0.000366,0.005747,,,False
2020-08-03,,0.005455,-0.000019,0.000072,0.000070,-0.000113,-0.000087,0.000365,0.005743,,,False
2020-08-04,,0.005455,-0.000021,0.000072,0.000070,-0.000115,-0.000087,0.000364,0.005738,,,False
2020-08-05,,0.005455,-0.000023,0.000072,0.000070,-0.000116,-0.000088,0.000364,0.005734,,,False
2020-08-06,,0.005456,-0.000025,0.000072,0.000070,-0.000118,-0.000089,0.000363,0.005729,,,False
2020-08-07,,0.005456,-0.000026,0.000072,0.000070,-0.000120,-0.000090,0.000362,0.005725,,,False
2020-08-08,,0.005457,-0.000028,0.000072,0.000070,-0.000121,-0.000090,0.000361,0.005721,,,False
2020-08-09,,0.005457,-0.000029,0.000072,0.000070,-0.000123,-0.000091,0.000361,0.005716,,,False
2020-08-10,,0.005457,-0.000031,0.000071,0.000070,-0.000124,-0.000092,0.000360,0.005712,,,False
2020-08-11,,0.005458,-0.000032,0.000071,0.000070,-0.000126,-0.000092,0.000359,0.005708,,,False
2020-08-12,,0.005458,-0.000033,0.000070,0.000070,-0.000128,-0.000093,0.000358,0.005704,,,False
2020-08-13,,0.005459,-0.000033,0.000070,0.000070,-0.000129,-0.000094,0.000357,0.005699,,,False
2020-08-14,,0.005459,-0.000034,0.000069,0.000070,-0.000131,-0.000094,0.000356,0.005695,,,False
2020-08-15,,0.005459,-0.000035,0.000068,0.000070,-0.000132,-0.000095,0.000356,0.005691,,,False
2020-08-16,,0.005460,-0.000035,0.000068,0.000069,-0.000134,-0.000096,0.000355,0.005687,,,False
2020-08-17,,0.005460,-0.000035,0.000067,0.000069,-0.000135,-0.000096,0.000354,0.005684,,,False
2020-08-18,,0.005461,-0.000035,0.000066,0.000069,-0.000137,-0.000097,0.000353,0.005680,,,False
2020-08-19,,0.005461,-0.000035,0.000065,0.000069,-0.000138,-0.000097,0.000352,0.005676,,,False
2020-08-20,,0.005461,-0.000034,0.000063,0.000068,-0.000140,-0.000098,0.000352,0.005673,,,False
2020-08-21,,0.005462,-0.000034,0.000062,0.000068,-0.000141,-0.000099,0.000351,0.005669,,,False
2020-08-22,,0.005462,-0.000033,0.000061,0.000068,-0.000143,-0.000099,0.000350,0.005666,,,False
2020-08-23,,0.005463,-0.000032,0.000060,0.000068,-0.000144,-0.000100,0.000349,0.005662,,,False
2020-08-24,,0.005463,-0.000032,0.000058,0.000067,-0.000146,-0.000100,0.000348,0.005659,,,False
2020-08-25,,0.005464,-0.000030,0.000057,0.000067,-0.000147,-0.000101,0.000348,0.005656,,,False
2020-08-26,,0.005464,-0.000029,0.000055,0.000067,-0.000148,-0.000102,0.000347,0.005653,,,False
2020-08-27,,0.005464,-0.000028,0.000053,0.000066,-0.000150,-0.000102,0.000346,0.005650,,,False
2020-08-28,,0.005465,-0.000026,0.000052,0.000066,-0.000151,-0.000103,0.000345,0.005647,,,False
2020-08-29,,0.005465,-0.000025,0.000050,0.000065,-0.000153,-0.000103,0.000344,0.005644,,,False
2020-08-30,,0.005466,-0.000023,0.000048,0.000065,-0.000154,-0.000104,0.000343,0.005641,,,False
2020-08-31,,0.005466,-0.000021,0.000046,0.000064,-0.000155,-0.000104,0.000343,0.005638,,,False
2020-09-01,,0.005466,-0.000019,0.000044,0.000064,-0.000157,-0.000105,0.000342,0.005636,,,False
2020-09-02,,0.005467,-0.000017,0.000042,0.000063,-0.000158,-0.000106,0.000341,0.005633,,,False
2020-09-03,,0.005467,-0.000015,0.000040,0.000063,-0.000159,-0.000106,0.000340,0.005630,,,False
2020-09-04,,0.005468,-0.000012,0.000038,0.000062,-0.000161,-0.000107,0.000339,0.005627,,,False
2020-09-05,,0.005468,-0.000010,0.000036,0.000062,-0.000162,-0.000107,0.000338,0.005625,,,False
2020-09-06,,0.005468,-0.000008,0.000034,0.000061,-0.000163,-0.000108,0.000337,0.005622,,,False
2020-09-07,,0.005469,-0.000006,0.000032,0.000061,-0.000165,-0.000108,0.000337,0.005619,,,False
2020-09-08,,0.005469,-0.000003,0.000030,0.000060,-0.000166,-0.000109,0.000336,0.005617,,,False
2020-09-09,,0.005470,-0.000001,0.000027,0.000059,-0.000167,-0.000109,0.000335,0.005614,,,False
2020-09-10,,0.005470,0.000002,0.000025,0.000059,-0.000168,-0.000110,0.000334,0.005611,,,False
2020-09-11,,0.005470,0.000004,0.000023,0.000058,-0.000169,-0.000110,0.000333,0.005609,,,False
2020-09-12,,0.005471,0.000006,0.000020,0.000057,-0.000171,-0.000111,0.000332,0.005606,,,False
2020-09-13,,0.005471,0.000009,0.000018,0.000057,-0.000172,-0.000111,0.000331,0.005603,,,False
2020-09-14,,0.005472,0.000011,0.000016,0.000056,-0.000173,-0.000112,0.000331,0.005600,,,False
2020-09-15,,0.005472,0.000013,0.000013,0.000055,-0.000174,-0.000112,0.000330,0.005597,,,False
2020-09-16,,0.005472,0.000016,0.000011,0.000054,-0.000175,-0.000113,0.000329,0.005594,,,False
2020-09-17,,0.005473,0.000018,0.000008,0.000054,-0.000176,-0.000113,0.000328,0.005591,,,False
2020-09-18,,0.005473,0.000020,0.000006,0.000053,-0.000178,-0.000113,0.000327,0.005588,,,False
2020-09-19,,0.005474,0.000022,0.000003,0.000052,-0.000179,-0.000114,0.000326,0.005584,,,False
2020-09-20,,0.005474,0.000023,0.000001,0.000051,-0.000180,-0.000114,0.000325,0.005581,,,False
2020-09-21,,0.005474,0.000025,-0.000002,0.000050,-0.000181,-0.000115,0.000325,0.005577,,,False
2020-09-22,,0.005475,0.000027,-0.000004,0.000050,-0.000182,-0.000115,0.000324,0.005574,,,False
2020-09-23,,0.005475,0.000028,-0.000007,0.000049,-0.000183,-0.000116,0.000323,0.005570,,,False
2020-09-24,,0.005476,0.000030,-0.000009,0.000048,-0.000184,-0.000116,0.000322,0.005566,,,False
2020-09-25,,0.005476,0.000031,-0.000012,0.000047,-0.000185,-0.000116,0.000321,0.005562,,,False
2020-09-26,,0.005476,0.000032,-0.000014,0.000046,-0.000186,-0.000117,0.000320,0.005558,,,False
2020-09-27,,0.005477,0.000033,-0.000016,0.000045,-0.000187,-0.000117,0.000319,0.005554,,,False
2020-09-28,,0.005477,0.000034,-0.000019,0.000044,-0.000188,-0.000117,0.000318,0.005549,,,False
2020-09-29,,0.005478,0.000034,-0.000021,0.000043,-0.000189,-0.000118,0.000318,0.005545,,,False
2020-09-30,,0.005478,0.000035,-0.000024,0.000042,-0.000190,-0.000118,0.000317,0.005540,,,False
2020-10-01,,0.005478,0.000035,-0.000026,0.000041,-0.000191,-0.000119,0.000316,0.005535,,,False
2020-10-02,,0.005479,0.000035,-0.000028,0.000040,-0.000192,-0.000119,0.000315,0.005531,,,False
2020-10-03,,0.005479,0.000035,-0.000030,0.000039,-0.000192,-0.000119,0.000314,0.005525,,,False
2020-10-04,,0.005480,0.000035,-0.000033,0.000038,-0.000193,-0.000120,0.000313,0.005520,,,False
2020-10-05,,0.005480,0.000034,-0.000035,0.000037,-0.000194,-0.000120,0.000312,0.005515,,,False
2020-10-06,,0.005481,0.000034,-0.000037,0.000036,-0.000195,-0.000120,0.000311,0.005510,,,False
2020-10-07,,0.005481,0.000033,-0.000039,0.000035,-0.000196,-0.000121,0.000310,0.005504,,,False
2020-10-08,,0.005481,0.000032,-0.000041,0.000034,-0.000197,-0.000121,0.000310,0.005499,,,False
2020-10-09,,0.005482,0.000031,-0.000043,0.000033,-0.000197,-0.000121,0.000309,0.005493,,,False
2020-10-10,,0.005482,0.000030,-0.000045,0.000032,-0.000198,-0.000121,0.000308,0.005487,,,False
2020-10-11,,0.005483,0.000029,-0.000047,0.000031,-0.000199,-0.000122,0.000307,0.005481,,,False
2020-10-12,,0.005483,0.000027,-0.000049,0.000030,-0.000200,-0.000122,0.000306,0.005476,,,False
2020-10-13,,0.005483,0.000026,-0.000051,0.000029,-0.000200,-0.000122,0.000305,0.005470,,,False
2020-10-14,,0.005484,0.000024,-0.000052,0.000028,-0.000201,-0.000123,0.000304,0.005464,,,False
2020-10-15,,0.005484,0.000022,-0.000054,0.000027,-0.000202,-0.000123,0.000303,0.005458,,,False
2020-10-16,,0.005485,0.000020,-0.000056,0.000025,-0.000202,-0.000123,0.000302,0.005452,,,False
2020-10-17,,0.005485,0.000018,-0.000057,0.000024,-0.000203,-0.000123,0.000301,0.005446,,,False
2020-10-18,,0.005485,0.000016,-0.000059,0.000023,-0.000204,-0.000124,0.000300,0.005439,,,False
2020-10-19,,0.005486,0.000014,-0.000060,0.000022,-0.000204,-0.000124,0.000300,0.005433,,,False
2020-10-20,,0.005486,0.000012,-0.000061,0.000021,-0.000205,-0.000124,0.000299,0.005427,,,False
2020-10-21,,0.005487,0.000010,-0.000063,0.000020,-0.000206,-0.000124,0.000298,0.005421,,,False
2020-10-22,,0.005487,0.000007,-0.000064,0.000019,-0.000206,-0.000124,0.000297,0.005415,,,False
2020-10-23,,0.005487,0.000005,-0.000065,0.000017,-0.000207,-0.000125,0.000296,0.005409,,,False
2020-10-24,,0.005488,0.000003,-0.000066,0.000016,-0.000207,-0.000125,0.000295,0.005404,,,False
2020-10-25,,0.005488,0.000000,-0.000067,0.000015,-0.000208,-0.000125,0.000294,0.005398,,,False
2020-10-26,,0.005489,-0.000002,-0.000068,0.000014,-0.000208,-0.000125,0.000293,0.005392,,,False
2020-10-27,,0.005489,-0.000005,-0.000069,0.000013,-0.000209,-0.000125,0.000292,0.005387,,,False
2020-10-28,0.006756,0.005489,-0.000007,-0.000069,0.000012,-0.000209,-0.000126,0.000291,0.005381,0.001375,0.687416,False
2020-10-29,0.006756,0.005490,-0.000009,-0.000070,0.000010,-0.000210,-0.000126,0.000290,0.005376,0.001380,0.690064,False
2020-10-30,0.006756,0.005490,-0.000012,-0.000071,0.000009,-0.000210,-0.000126,0.000289,0.005371,0.001385,0.692639,False
2020-10-31,0.006756,0.005491,-0.000014,-0.000071,0.000008,-0.000210,-0.000126,0.000289,0.005366,0.001390,0.695135,False
2020-11-01,0.006756,0.005491,-0.000016,-0.000071,0.000007,-0.000211,-0.000126,0.000288,0.005361,0.001395,0.697546,False
2020-11-02,0.006756,0.005491,-0.000018,-0.000072,0.000006,-0.000211,-0.000126,0.000287,0.005356,0.001400,0.699866,False
2020-11-03,0.006756,0.005492,-0.000020,-0.000072,0.000004,-0.000212,-0.000126,0.000286,0.005352,0.001404,0.702091,False
2020-11-04,0.006756,0.005492,-0.000022,-0.000072,0.000003,-0.000212,-0.000127,0.000285,0.005348,0.001408,0.704215,False
2020-11-05,0.005385,0.005493,-0.000024,-0.000072,0.000002,-0.000212,-0.000127,0.000284,0.005344,0.000041,0.020733,False
2020-11-06,0.005453,0.005493,-0.000026,-0.000072,0.000001,-0.000213,-0.000127,0.000283,0.005340,0.000113,0.056641,False
2020-11-07,0.005336,0.005493,-0.000027,-0.000072,-0.000000,-0.000213,-0.000127,0.000282,0.005336,-0.000000,-0.000066,False
2020-11-08,0.005373,0.005494,-0.000029,-0.000072,-0.000002,-0.000213,-0.000127,0.000281,0.005333,0.000040,0.020110,False
2020-11-09,0.005313,0.005494,-0.000030,-0.000071,-0.000003,-0.000213,-0.000127,0.000280,0.005330,-0.000017,-0.008337,False
2020-11-10,0.005460,0.005495,-0.000031,-0.000071,-0.000004,-0.000214,-0.000127,0.000279,0.005327,0.000133,0.066592,False
2020-11-11,0.005431,0.005495,-0.000032,-0.000071,-0.000005,-0.000214,-0.000127,0.000278,0.005324,0.000107,0.053393,False
2020-11-12,0.005584,0.005495,-0.000033,-0.000070,-0.000006,-0.000214,-0.000127,0.000277,0.005322,0.000262,0.131064,False
2020-11-13,0.005628,0.005496,-0.000034,-0.000069,-0.000008,-0.000214,-0.000127,0.000276,0.005320,0.000308,0.154104,False
2020-11-14,0.005408,0.005496,-0.000034,-0.000069,-0.000009,-0.000214,-0.000127,0.000275,0.005318,0.000090,0.045010,False
2020-11-15,0.005476,0.005497,-0.000035,-0.000068,-0.000010,-0.000215,-0.000127,0.000274,0.005316,0.000160,0.079782,False
2020-11-16,0.005544,0.005497,-0.000035,-0.000067,-0.000011,-0.000215,-0.000127,0.000273,0.005315,0.000229,0.114418,False
2020-11-17,0.005612,0.005497,-0.000035,-0.000066,-0.000012,-0.000215,-0.000127,0.000272,0.005314,0.000298,0.148919,False
2020-11-18,0.005680,0.005498,-0.000035,-0.000065,-0.000014,-0.000215,-0.000127,0.000272,0.005313,0.000367,0.183285,False
2020-11-19,0.005748,0.005498,-0.000035,-0.000064,-0.000015,-0.000215,-0.000127,0.000271,0.005313,0.000435,0.217517,False
2020-11-20,0.005816,0.005499,-0.000034,-0.000063,-0.000016,-0.000215,-0.000127,0.000270,0.005313,0.000503,0.251615,False
2020-11-21,0.005884,0.005499,-0.000034,-0.000062,-0.000017,-0.000215,-0.000127,0.000269,0.005313,0.000571,0.285581,False
2020-11-22,0.006020,0.005500,-0.000033,-0.000060,-0.000018,-0.000215,-0.000127,0.000268,0.005313,0.000707,0.353417,False
2020-11-23,0.006020,0.005500,-0.000032,-0.000059,-0.000019,-0.000215,-0.000127,0.000267,0.005314,0.000706,0.353126,False
2020-11-24,0.005502,0.005500,-0.000031,-0.000057,-0.000021,-0.000215,-0.000127,0.000266,0.005315,0.000187,0.093710,False
2020-11-25,0.004992,0.005501,-0.000030,-0.000056,-0.000022,-0.000215,-0.000127,0.000265,0.005316,-0.000324,-0.161829,False
2020-11-26,0.005170,0.005501,-0.000028,-0.000054,-0.000023,-0.000215,-0.000127,0.000264,0.005317,-0.000147,-0.073485,False
2020-11-27,0.005122,0.005502,-0.000027,-0.000053,-0.000024,-0.000215,-0.000127,0.000263,0.005319,-0.000197,-0.098255,False
2020-11-28,0.005295,0.005502,-0.000025,-0.000051,-0.000025,-0.000215,-0.000127,0.000262,0.005320,-0.000025,-0.012636,False
2020-11-29,0.005371,0.005502,-0.000024,-0.000049,-0.000026,-0.000215,-0.000127,0.000261,0.005322,0.000049,0.024378,False
2020-11-30,0.005292,0.005503,-0.000022,-0.000047,-0.000027,-0.000215,-0.000127,0.000260,0.005324,-0.000032,-0.016208,False
2020-12-01,0.005225,0.005503,-0.000020,-0.000045,-0.000029,-0.000215,-0.000127,0.000259,0.005327,-0.000102,-0.050890,False
2020-12-02,0.005283,0.005504,-0.000018,-0.000043,-0.000030,-0.000214,-0.000127,0.000258,0.005329,-0.000046,-0.023161,False
2020-12-03,0.005527,0.005504,-0.000016,-0.000041,-0.000031,-0.000214,-0.000127,0.000257,0.005332,0.000195,0.097484,False
2020-12-04,0.005526,0.005504,-0.000014,-0.000039,-0.000032,-0.000214,-0.000127,0.000256,0.005335,0.000191,0.095550,False
2020-12-05,0.005306,0.005505,-0.000011,-0.000037,-0.000033,-0.000214,-0.000127,0.000255,0.005338,-0.000032,-0.015955,False
2020-12-06,0.005143,0.005505,-0.000009,-0.000035,-0.000034,-0.000214,-0.000126,0.000254,0.005341,-0.000198,-0.099025,False
2020-12-07,0.005291,0.005506,-0.000007,-0.000033,-0.000035,-0.000213,-0.000126,0.000253,0.005344,-0.000053,-0.026654,False
2020-12-08,0.005351,0.005506,-0.000004,-0.000031,-0.000036,-0.000213,-0.000126,0.000252,0.005348,0.000003,0.001664,False
2020-12-09,0.005177,0.005506,-0.000002,-0.000028,-0.000037,-0.000213,-0.000126,0.000251,0.005351,-0.000174,-0.087063,False
2020-12-10,0.005183,0.005507,0.000000,-0.000026,-0.000038,-0.000213,-0.000126,0.000250,0.005355,-0.000172,-0.085828,False
2020-12-11,0.005144,0.005507,0.000003,-0.000024,-0.000039,-0.000212,-0.000126,0.000249,0.005358,-0.000214,-0.107125,False
2020-12-12,0.005250,0.005508,0.000005,-0.000022,-0.000040,-0.000212,-0.000126,0.000248,0.005362,-0.000112,-0.055947,False
2020-12-13,0.005104,0.005508,0.000008,-0.000019,-0.000041,-0.000212,-0.000125,0.000247,0.005366,-0.000262,-0.130787,False
2020-12-14,0.005369,0.005508,0.000010,-0.000017,-0.000042,-0.000211,-0.000125,0.000246,0.005369,-0.000000,-0.000139,False
2020-12-15,0.005232,0.005509,0.000012,-0.000014,-0.000043,-0.000211,-0.000125,0.000245,0.005373,-0.000141,-0.070494,False
2020-12-16,0.005327,0.005509,0.000014,-0.000012,-0.000044,-0.000210,-0.000125,0.000244,0.005377,-0.000050,-0.024847,False
2020-12-17,0.005155,0.005510,0.000017,-0.000009,-0.000045,-0.000210,-0.000125,0.000243,0.005380,-0.000225,-0.112691,False
2020-12-18,0.005430,0.005510,0.000019,-0.000007,-0.000046,-0.000210,-0.000125,0.000242,0.005384,0.000046,0.022980,False
2020-12-19,0.005475,0.005510,0.000021,-0.000005,-0.000047,-0.000209,-0.000124,0.000241,0.005388,0.000087,0.043672,False
2020-12-20,0.005195,0.005511,0.000023,-0.000002,-0.000048,-0.000209,-0.000124,0.000240,0.005391,-0.000196,-0.098108,False
2020-12-21,0.005220,0.005511,0.000024,0.000000,-0.000048,-0.000208,-0.000124,0.000239,0.005395,-0.000175,-0.087354,False
2020-12-22,0.005083,0.005512,0.000026,0.000003,-0.000049,-0.000208,-0.000124,0.000238,0.005398,-0.000315,-0.157562,False
2020-12-23,0.005581,0.005512,0.000028,0.000005,-0.000050,-0.000207,-0.000123,0.000237,0.005401,0.000180,0.089774,False
2020-12-24,0.005457,0.005512,0.000029,0.000008,-0.000051,-0.000207,-0.000123,0.000236,0.005405,0.000052,0.026160,False
2020-12-25,0.005206,0.005513,0.000030,0.000010,-0.000052,-0.000206,-0.000123,0.000235,0.005408,-0.000202,-0.100900,False
2020-12-26,0.005096,0.005513,0.000031,0.000013,-0.000053,-0.000206,-0.000123,0.000234,0.005411,-0.000315,-0.157402,False
2020-12-27,0.005254,0.005514,0.000032,0.000015,-0.000053,-0.000205,-0.000122,0.000233,0.005414,-0.000160,-0.079842,False
2020-12-28,0.005143,0.005514,0.000033,0.000018,-0.000054,-0.000204,-0.000122,0.000232,0.005416,-0.000273,-0.136716,False
2020-12-29,0.005017,0.005514,0.000034,0.000020,-0.000055,-0.000204,-0.000122,0.000231,0.005419,-0.000402,-0.201020,False
2020-12-30,0.005431,0.005515,0.000034,0.000022,-0.000056,-0.000203,-0.000122,0.000230,0.005422,0.000009,0.004748,False
2020-12-31,0.005173,0.005515,0.000035,0.000025,-0.000056,-0.000203,-0.000121,0.000229,0.005424,-0.000251,-0.125410,False
2021-01-01,0.005146,0.005516,0.000035,0.000027,-0.000057,-0.000202,-0.000121,0.000228,0.005426,-0.000280,-0.139990,False
2021-01-02,0.005043,0.005516,0.000035,0.000029,-0.000058,-0.000201,-0.000121,0.000227,0.005428,-0.000385,-0.192495,False
2021-01-03,0.005126,0.005517,0.000035,0.000032,-0.000058,-0.000200,-0.000120,0.000226,0.005430,-0.000304,-0.151919,False
2021-01-04,0.005155,0.005517,0.000035,0.000034,-0.000059,-0.000200,-0.000120,0.000225,0.005432,-0.000277,-0.138261,False
2021-01-05,0.005055,0.005517,0.000034,0.000036,-0.000060,-0.000199,-0.000120,0.000224,0.005433,-0.000378,-0.189022,False
2021-01-06,0.005113,0.005518,0.000033,0.000038,-0.000060,-0.000198,-0.000119,0.000223,0.005434,-0.000321,-0.160700,False
2021-01-07,0.005198,0.005518,0.000033,0.000040,-0.000061,-0.000197,-0.000119,0.000222,0.005436,-0.000238,-0.118797,False
2021-01-08,0.005243,0.005519,0.000032,0.000042,-0.000062,-0.000197,-0.000119,0.000221,0.005437,-0.000194,-0.096813,False
2021-01-09,0.005048,0.005519,0.000031,0.000044,-0.000062,-0.000196,-0.000118,0.000220,0.005437,-0.000389,-0.194748,False
2021-01-10,0.005031,0.005519,0.000029,0.000046,-0.000063,-0.000195,-0.000118,0.000219,0.005438,-0.000407,-0.203605,False
2021-01-11,0.005204,0.005520,0.000028,0.000048,-0.000063,-0.000194,-0.000118,0.000218,0.005439,-0.000235,-0.117385,False
2021-01-12,0.005074,0.005520,0.000027,0.000050,-0.000064,-0.000193,-0.000117,0.000217,0.005439,-0.000365,-0.182590,False
2021-01-13,0.004983,0.005521,0.000025,0.000052,-0.000064,-0.000193,-0.000117,0.000216,0.005439,-0.000456,-0.228223,False
2021-01-14,0.005403,0.005521,0.000023,0.000053,-0.000065,-0.000192,-0.000116,0.000215,0.005440,-0.000037,-0.018287,False
2021-01-15,0.005108,0.005521,0.000021,0.000055,-0.000065,-0.000191,-0.000116,0.000214,0.005440,-0.000332,-0.165785,False
2021-01-16,0.005154,0.005522,0.000019,0.000056,-0.000066,-0.000190,-0.000116,0.000213,0.005439,-0.000285,-0.142720,False
2021-01-17,0.005234,0.005522,0.000017,0.000058,-0.000066,-0.000189,-0.000115,0.000212,0.005439,-0.000205,-0.102597,False
2021-01-18,0.005068,0.005523,0.000015,0.000059,-0.000066,-0.000188,-0.000115,0.000211,0.005439,-0.000371,-0.185418,False
2021-01-19,0.005094,0.005523,0.000013,0.000061,-0.000067,-0.000187,-0.000114,0.000210,0.005438,-0.000344,-0.172189,False
2021-01-20,0.005464,0.005523,0.000011,0.000062,-0.000067,-0.000186,-0.000114,0.000209,0.005438,0.000026,0.013087,False
2021-01-21,0.005265,0.005524,0.000008,0.000063,-0.000068,-0.000185,-0.000114,0.000208,0.005437,-0.000172,-0.086096,False
2021-01-22,0.005240,0.005524,0.000006,0.000064,-0.000068,-0.000184,-0.000113,0.000207,0.005436,-0.000196,-0.098242,False
2021-01-23,0.004995,0.005525,0.000004,0.000066,-0.000068,-0.000183,-0.000113,0.000206,0.005436,-0.000441,-0.220356,False
2021-01-24,0.005204,0.005525,0.000001,0.000067,-0.000068,-0.000182,-0.000112,0.000205,0.005435,-0.000231,-0.115443,False
2021-01-25,0.005206,0.005525,-0.000001,0.000067,-0.000069,-0.000181,-0.000112,0.000204,0.005434,-0.000228,-0.114008,False
2021-01-26,0.005242,0.005526,-0.000004,0.000068,-0.000069,-0.000180,-0.000111,0.000203,0.005433,-0.000191,-0.095556,False
2021-01-27,0.005187,0.005526,-0.000006,0.000069,-0.000069,-0.000179,-0.000111,0.000202,0.005432,-0.000245,-0.122593,False
2021-01-28,0.005244,0.005527,-0.000008,0.000070,-0.000069,-0.000178,-0.000110,0.000200,0.005431,-0.000187,-0.093624,False
2021-01-29,0.005056,0.005527,-0.000011,0.000070,-0.000069,-0.000177,-0.000110,0.000199,0.005430,-0.000374,-0.187153,False
2021-01-30,0.005027,0.005527,-0.000013,0.000071,-0.000070,-0.000175,-0.000109,0.000198,0.005429,-0.000402,-0.201186,False
2021-01-31,0.005080,0.005528,-0.000015,0.000071,-0.000070,-0.000174,-0.000109,0.000197,0.005428,-0.000348,-0.174228,False
2021-02-01,0.005081,0.005528,-0.000017,0.000072,-0.000070,-0.000173,-0.000108,0.000196,0.005428,-0.000347,-0.173284,False
2021-02-02,0.005171,0.005529,-0.000019,0.000072,-0.000070,-0.000172,-0.000108,0.000195,0.005427,-0.000256,-0.127859,False
2021-02-03,0.004986,0.005529,-0.000021,0.000072,-0.000070,-0.000171,-0.000107,0.000194,0.005426,-0.000440,-0.219957,False
2021-02-04,0.005104,0.005530,-0.000023,0.000072,-0.000070,-0.000170,-0.000107,0.000193,0.005425,-0.000321,-0.160584,False
2021-02-05,0.005239,0.005530,-0.000025,0.000072,-0.000070,-0.000168,-0.000106,0.000192,0.005424,-0.000185,-0.092742,False
2021-02-06,0.005335,0.005530,-0.000027,0.000072,-0.000070,-0.000167,-0.000106,0.000191,0.005424,-0.000089,-0.044436,False
2021-02-07,0.005122,0.005531,-0.000028,0.000072,-0.000070,-0.000166,-0.000105,0.000190,0.005423,-0.000301,-0.150671,False
2021-02-08,0.005110,0.005531,-0.000029,0.000072,-0.000070,-0.000165,-0.000105,0.000189,0.005423,-0.000313,-0.156450,False
2021-02-09,0.005255,0.005532,-0.000031,0.000071,-0.000070,-0.000163,-0.000104,0.000188,0.005423,-0.000168,-0.083775,False
2021-02-10,0.005181,0.005532,-0.000032,0.000071,-0.000070,-0.000162,-0.000103,0.000187,0.005422,-0.000241,-0.120651,False
2021-02-11,0.005107,0.005532,-0.000033,0.000070,-0.000070,-0.000161,-0.000103,0.000186,0.005422,-0.000315,-0.157580,False
2021-02-12,0.005033,0.005533,-0.000033,0.000070,-0.000070,-0.000159,-0.000102,0.000185,0.005422,-0.000389,-0.194564,False
2021-02-13,0.005060,0.005533,-0.000034,0.000069,-0.000070,-0.000158,-0.000102,0.000184,0.005422,-0.000362,-0.181105,False
2021-02-14,0.004955,0.005534,-0.000035,0.000068,-0.000070,-0.000157,-0.000101,0.000183,0.005422,-0.000467,-0.233706,False
2021-02-15,0.005049,0.005534,-0.000035,0.000067,-0.000069,-0.000155,-0.000101,0.000182,0.005423,-0.000374,-0.186867,False
2021-02-16,0.005032,0.005534,-0.000035,0.000066,-0.000069,-0.000154,-0.000100,0.000181,0.005423,-0.000391,-0.195591,False
2021-02-17,0.005087,0.005535,-0.000035,0.000065,-0.000069,-0.000153,-0.000099,0.000179,0.005424,-0.000337,-0.168377,False
2021-02-18,0.005119,0.005535,-0.000035,0.000064,-0.000069,-0.000151,-0.000099,0.000178,0.005424,-0.000306,-0.152926,False
2021-02-19,0.005150,0.005536,-0.000034,0.000063,-0.000068,-0.000150,-0.000098,0.000177,0.005425,-0.000275,-0.137538,False
2021-02-20,0.005182,0.005536,-0.000034,0.000062,-0.000068,-0.000148,-0.000098,0.000176,0.005426,-0.000244,-0.122212,False
2021-02-21,0.005213,0.005536,-0.000033,0.000061,-0.000068,-0.000147,-0.000097,0.000175,0.005427,-0.000214,-0.106949,False
2021-02-22,0.005245,0.005537,-0.000032,0.000059,-0.000068,-0.000146,-0.000096,0.000174,0.005428,-0.000183,-0.091748,False
2021-02-23,0.005277,0.005537,-0.000031,0.000058,-0.000067,-0.000144,-0.000096,0.000173,0.005430,-0.000153,-0.076606,False
2021-02-24,0.005308,0.005538,-0.000030,0.000056,-0.000067,-0.000143,-0.000095,0.000172,0.005431,-0.000123,-0.061522,False
2021-02-25,0.005403,0.005538,-0.000029,0.000055,-0.000066,-0.000141,-0.000094,0.000171,0.005433,-0.000030,-0.014895,False
2021-02-26,0.005403,0.005538,-0.000028,0.000053,-0.000066,-0.000140,-0.000094,0.000170,0.005434,-0.000031,-0.015721,False
2021-02-27,0.005403,0.005539,-0.000026,0.000051,-0.000066,-0.000138,-0.000093,0.000169,0.005436,-0.000033,-0.016600,False
2021-02-28,0.005194,0.005539,-0.000024,0.000050,-0.000065,-0.000137,-0.000092,0.000168,0.005438,-0.000244,-0.122026,False
2021-03-01,0.005130,0.005540,-0.000022,0.000048,-0.000065,-0.000135,-0.000092,0.000167,0.005440,-0.000310,-0.154999,False
2021-03-02,0.005274,0.005540,-0.000021,0.000046,-0.000064,-0.000134,-0.000091,0.000166,0.005442,-0.000168,-0.084014,False
2021-03-03,0.005052,0.005540,-0.000019,0.000044,-0.000064,-0.000132,-0.000090,0.000165,0.005444,-0.000392,-0.196067,False
2021-03-04,0.004969,0.005541,-0.000016,0.000042,-0.000063,-0.000131,-0.000090,0.000163,0.005446,-0.000477,-0.238656,False
2021-03-05,0.005250,0.005541,-0.000014,0.000040,-0.000063,-0.000129,-0.000089,0.000162,0.005449,-0.000199,-0.099276,False
2021-03-06,0.004994,0.005542,-0.000012,0.000038,-0.000062,-0.000127,-0.000088,0.000161,0.005451,-0.000457,-0.228423,False
2021-03-07,0.005164,0.005542,-0.000010,0.000036,-0.000062,-0.000126,-0.000088,0.000160,0.005453,-0.000289,-0.144592,False
2021-03-08,0.005141,0.005542,-0.000007,0.000034,-0.000061,-0.000124,-0.000087,0.000159,0.005456,-0.000315,-0.157280,False
2021-03-09,0.004974,0.005543,-0.000005,0.000031,-0.000060,-0.000123,-0.000086,0.000158,0.005458,-0.000484,-0.241983,False
2021-03-10,0.005016,0.005543,-0.000003,0.000029,-0.000060,-0.000121,-0.000085,0.000157,0.005460,-0.000444,-0.222194,False
2021-03-11,0.005058,0.005544,-0.000000,0.000027,-0.000059,-0.000119,-0.000085,0.000156,0.005463,-0.000405,-0.202411,False
2021-03-12,0.005100,0.005544,0.000002,0.000025,-0.000058,-0.000118,-0.000084,0.000155,0.005465,-0.000365,-0.182629,False
2021-03-13,0.005177,0.005545,0.000005,0.000022,-0.000058,-0.000116,-0.000083,0.000154,0.005468,-0.000291,-0.145342,False
2021-03-14,0.005330,0.005545,0.000007,0.000020,-0.000057,-0.000115,-0.000083,0.000153,0.005470,-0.000140,-0.070047,False
2021-03-15,0.005483,0.005545,0.000009,0.000017,-0.000056,-0.000113,-0.000082,0.000152,0.005472,0.000011,0.005261,False
2021-03-16,0.005636,0.005546,0.000012,0.000015,-0.000056,-0.000111,-0.000081,0.000151,0.005475,0.000161,0.080586,False
2021-03-17,0.005789,0.005546,0.000014,0.000013,-0.000055,-0.000110,-0.000080,0.000149,0.005477,0.000312,0.155932,False
2021-03-18,0.005942,0.005547,0.000016,0.000010,-0.000054,-0.000108,-0.000080,0.000148,0.005479,0.000463,0.231304,False
2021-03-19,0.005080,0.005547,0.000018,0.000008,-0.000053,-0.000106,-0.000079,0.000147,0.005482,-0.000402,-0.200794,False
2021-03-20,0.005164,0.005547,0.000020,0.000005,-0.000053,-0.000104,-0.000078,0.000146,0.005484,-0.000320,-0.159860,False
2021-03-21,0.005191,0.005548,0.000022,0.000003,-0.000052,-0.000103,-0.000077,0.000145,0.005486,-0.000295,-0.147388,False
2021-03-22,0.005000,0.005548,0.000024,0.000000,-0.000051,-0.000101,-0.000077,0.000144,0.005488,-0.000488,-0.243877,False
2021-03-23,0.005037,0.005549,0.000026,-0.000002,-0.000050,-0.000099,-0.000076,0.000143,0.005490,-0.000453,-0.226323,False
2021-03-24,0.005323,0.005549,0.000027,-0.000005,-0.000049,-0.000097,-0.000075,0.000142,0.005491,-0.000168,-0.084223,False
2021-03-25,0.004943,0.005549,0.000029,-0.000007,-0.000048,-0.000096,-0.000074,0.000141,0.005493,-0.000550,-0.275074,False
2021-03-26,0.005064,0.005550,0.000030,-0.000010,-0.000048,-0.000094,-0.000073,0.000140,0.005495,-0.000431,-0.215375,False
2021-03-27,0.004877,0.005550,0.000031,-0.000012,-0.000047,-0.000092,-0.000073,0.000139,0.005496,-0.000619,-0.309623,False
2021-03-28,0.004853,0.005551,0.000032,-0.000015,-0.000046,-0.000090,-0.000072,0.000137,0.005498,-0.000645,-0.322318,False
2021-03-29,0.004979,0.005551,0.000033,-0.000017,-0.000045,-0.000089,-0.000071,0.000136,0.005499,-0.000520,-0.259957,False
2021-03-30,0.005126,0.005551,0.000034,-0.000019,-0.000044,-0.000087,-0.000070,0.000135,0.005500,-0.000374,-0.187040,False
2021-03-31,0.005128,0.005552,0.000034,-0.000022,-0.000043,-0.000085,-0.000069,0.000134,0.005501,-0.000373,-0.186567,False
2021-04-01,0.005296,0.005552,0.000035,-0.000024,-0.000042,-0.000083,-0.000069,0.000133,0.005502,-0.000206,-0.103036,False
2021-04-02,0.005007,0.005553,0.000035,-0.000026,-0.000041,-0.000081,-0.000068,0.000132,0.005503,-0.000496,-0.247949,False
2021-04-03,0.005203,0.005553,0.000035,-0.000029,-0.000040,-0.000080,-0.000067,0.000131,0.005504,-0.000301,-0.150306,False
2021-04-04,0.005305,0.005553,0.000035,-0.000031,-0.000039,-0.000078,-0.000066,0.000130,0.005504,-0.000199,-0.099608,False
2021-04-05,0.005242,0.005554,0.000035,-0.000033,-0.000038,-0.000076,-0.000065,0.000129,0.005505,-0.000263,-0.131356,False
2021-04-06,0.005366,0.005554,0.000034,-0.000035,-0.000037,-0.000074,-0.000064,0.000128,0.005505,-0.000139,-0.069551,False
2021-04-07,0.004955,0.005555,0.000034,-0.000038,-0.000036,-0.000072,-0.000064,0.000127,0.005505,-0.000550,-0.275197,False
2021-04-08,0.005354,0.005555,0.000033,-0.000040,-0.000035,-0.000070,-0.000063,0.000125,0.005506,-0.000152,-0.075795,False
2021-04-09,0.005374,0.005555,0.000032,-0.000042,-0.000034,-0.000069,-0.000062,0.000124,0.005506,-0.000132,-0.065849,False
2021-04-10,0.004998,0.005556,0.000031,-0.000044,-0.000033,-0.000067,-0.000061,0.000123,0.005506,-0.000508,-0.253860,False
2021-04-11,0.005057,0.005556,0.000030,-0.000046,-0.000032,-0.000065,-0.000060,0.000122,0.005506,-0.000449,-0.224333,False
2021-04-12,0.005184,0.005557,0.000028,-0.000048,-0.000031,-0.000063,-0.000059,0.000121,0.005506,-0.000322,-0.160771,False
2021-04-13,0.005187,0.005557,0.000027,-0.000049,-0.000030,-0.000061,-0.000059,0.000120,0.005505,-0.000318,-0.159179,False
2021-04-14,0.005130,0.005558,0.000025,-0.000051,-0.000028,-0.000059,-0.000058,0.000119,0.005505,-0.000375,-0.187561,False
2021-04-15,0.005038,0.005558,0.000024,-0.000053,-0.000027,-0.000057,-0.000057,0.000118,0.005505,-0.000467,-0.233420,False
2021-04-16,0.005082,0.005558,0.000022,-0.000054,-0.000026,-0.000055,-0.000056,0.000117,0.005505,-0.000423,-0.211263,False
2021-04-17,0.005256,0.005559,0.000020,-0.000056,-0.000025,-0.000054,-0.000055,0.000116,0.005504,-0.000248,-0.124095,False
2021-04-18,0.005361,0.005559,0.000018,-0.000058,-0.000024,-0.000052,-0.000054,0.000114,0.005504,-0.000143,-0.071419,False
2021-04-19,0.005339,0.005560,0.000016,-0.000059,-0.000023,-0.000050,-0.000053,0.000113,0.005503,-0.000164,-0.082243,False
2021-04-20,0.005186,0.005560,0.000013,-0.000060,-0.000022,-0.000048,-0.000052,0.000112,0.005503,-0.000317,-0.158571,False
2021-04-21,0.005279,0.005560,0.000011,-0.000062,-0.000021,-0.000046,-0.000052,0.000111,0.005503,-0.000224,-0.111909,False
2021-04-22,0.005417,0.005561,0.000009,-0.000063,-0.000019,-0.000044,-0.000051,0.000110,0.005503,-0.000086,-0.042764,False
2021-04-23,0.005440,0.005561,0.000007,-0.000064,-0.000018,-0.000042,-0.000050,0.000109,0.005502,-0.000062,-0.031140,False
2021-04-24,0.004975,0.005562,0.000004,-0.000065,-0.000017,-0.000040,-0.000049,0.000108,0.005502,-0.000527,-0.263545,False
2021-04-25,0.005147,0.005562,0.000002,-0.000066,-0.000016,-0.000038,-0.000048,0.000107,0.005502,-0.000355,-0.177483,False
2021-04-26,0.005122,0.005562,-0.000001,-0.000067,-0.000015,-0.000036,-0.000047,0.000106,0.005502,-0.000380,-0.189962,False
2021-04-27,0.005092,0.005563,-0.000003,-0.000068,-0.000014,-0.000034,-0.000046,0.000104,0.005502,-0.000410,-0.204987,False
2021-04-28,0.005275,0.005563,-0.000005,-0.000069,-0.000012,-0.000032,-0.000045,0.000103,0.005502,-0.000227,-0.113563,False
2021-04-29,0.005025,0.005564,-0.000008,-0.000070,-0.000011,-0.000031,-0.000044,0.000102,0.005502,-0.000477,-0.238698,False
2021-04-30,0.005099,0.005564,-0.000010,-0.000070,-0.000010,-0.000029,-0.000044,0.000101,0.005503,-0.000404,-0.201896,False
2021-05-01,0.005182,0.005564,-0.000012,-0.000071,-0.000009,-0.000027,-0.000043,0.000100,0.005503,-0.000321,-0.160663,False
2021-05-02,0.005186,0.005565,-0.000015,-0.000071,-0.000008,-0.000025,-0.000042,0.000099,0.005504,-0.000318,-0.159005,False
2021-05-03,0.005001,0.005565,-0.000017,-0.000071,-0.000006,-0.000023,-0.000041,0.000098,0.005505,-0.000504,-0.251927,False
2021-05-04,0.004998,0.005566,-0.000019,-0.000072,-0.000005,-0.000021,-0.000040,0.000097,0.005506,-0.000508,-0.253934,False
2021-05-05,0.005040,0.005566,-0.000021,-0.000072,-0.000004,-0.000019,-0.000039,0.000096,0.005507,-0.000467,-0.233530,False
2021-05-06,0.005048,0.005566,-0.000023,-0.000072,-0.000003,-0.000017,-0.000038,0.000094,0.005508,-0.000460,-0.230221,False
2021-05-07,0.005149,0.005567,-0.000024,-0.000072,-0.000002,-0.000015,-0.000037,0.000093,0.005510,-0.000361,-0.180510,False
2021-05-08,0.005111,0.005567,-0.000026,-0.000072,-0.000000,-0.000013,-0.000036,0.000092,0.005512,-0.000401,-0.200402,False
2021-05-09,0.005076,0.005568,-0.000028,-0.000072,0.000001,-0.000011,-0.000035,0.000091,0.005514,-0.000438,-0.218899,False
2021-05-10,0.005020,0.005568,-0.000029,-0.000072,0.000002,-0.000009,-0.000034,0.000090,0.005516,-0.000496,-0.248006,False
2021-05-11,0.005258,0.005568,-0.000030,-0.000071,0.000003,-0.000007,-0.000033,0.000089,0.005518,-0.000260,-0.130225,False
2021-05-12,0.004970,0.005569,-0.000031,-0.000071,0.000005,-0.000005,-0.000032,0.000088,0.005521,-0.000551,-0.275559,False
2021-05-13,0.005046,0.005569,-0.000032,-0.000070,0.000006,-0.000003,-0.000032,0.000087,0.005524,-0.000478,-0.239010,False
2021-05-14,0.005235,0.005570,-0.000033,-0.000070,0.000007,-0.000001,-0.000031,0.000086,0.005527,-0.000292,-0.146080,False
2021-05-15,0.005264,0.005570,-0.000034,-0.000069,0.000008,0.000001,-0.000030,0.000084,0.005531,-0.000267,-0.133269,False
2021-05-16,0.005167,0.005570,-0.000034,-0.000068,0.000009,0.000003,-0.000029,0.000083,0.005534,-0.000367,-0.183580,False
2021-05-17,0.005175,0.005571,-0.000035,-0.000068,0.000011,0.000005,-0.000028,0.000082,0.005538,-0.000363,-0.181512,False
2021-05-18,0.005235,0.005571,-0.000035,-0.000067,0.000012,0.000007,-0.000027,0.000081,0.005542,-0.000307,-0.153565,False
2021-05-19,0.005303,0.005572,-0.000035,-0.000066,0.000013,0.000009,-0.000026,0.000080,0.005546,-0.000243,-0.121739,False
2021-05-20,0.005754,0.005572,-0.000035,-0.000065,0.000014,0.000011,-0.000025,0.000079,0.005551,0.000203,0.101467,False
2021-05-21,0.005202,0.005573,-0.000035,-0.000064,0.000015,0.000012,-0.000024,0.000078,0.005556,-0.000354,-0.176947,False
2021-05-22,0.005426,0.005573,-0.000034,-0.000062,0.000016,0.000014,-0.000023,0.000077,0.005561,-0.000135,-0.067477,False
2021-05-23,0.005366,0.005573,-0.000033,-0.000061,0.000018,0.000016,-0.000022,0.000075,0.005566,-0.000200,-0.100123,False
2021-05-24,0.005621,0.005574,-0.000033,-0.000060,0.000019,0.000018,-0.000021,0.000074,0.005572,0.000049,0.024453,False
2021-05-25,0.005875,0.005574,-0.000032,-0.000058,0.000020,0.000020,-0.000020,0.000073,0.005577,0.000298,0.148919,False
2021-05-26,0.006130,0.005575,-0.000031,-0.000057,0.000021,0.000022,-0.000019,0.000072,0.005583,0.000547,0.273278,False
2021-05-27,0.005106,0.005575,-0.000029,-0.000055,0.000022,0.000024,-0.000018,0.000071,0.005590,-0.000484,-0.241797,False
2021-05-28,0.005571,0.005575,-0.000028,-0.000054,0.000023,0.000026,-0.000017,0.000070,0.005596,-0.000025,-0.012471,False
2021-05-29,0.005396,0.005576,-0.000026,-0.000052,0.000025,0.000028,-0.000016,0.000069,0.005602,-0.000206,-0.103239,False
2021-05-30,0.005827,0.005576,-0.000025,-0.000050,0.000026,0.000030,-0.000015,0.000068,0.005609,0.000218,0.108905,False
2021-05-31,0.005260,0.005577,-0.000023,-0.000048,0.000027,0.000032,-0.000014,0.000066,0.005616,-0.000356,-0.178035,False
2021-06-01,0.005378,0.005577,-0.000021,-0.000046,0.000028,0.000034,-0.000013,0.000065,0.005623,-0.000245,-0.122553,False
2021-06-02,0.005179,0.005577,-0.000019,-0.000045,0.000029,0.000036,-0.000012,0.000064,0.005630,-0.000451,-0.225643,False
2021-06-03,0.005250,0.005578,-0.000017,-0.000043,0.000030,0.000038,-0.000012,0.000063,0.005638,-0.000388,-0.193798,False
2021-06-04,0.005321,0.005578,-0.000015,-0.000041,0.000031,0.000040,-0.000011,0.000062,0.005645,-0.000324,-0.162014,False
2021-06-05,0.005706,0.005579,-0.000013,-0.000038,0.000032,0.000042,-0.000010,0.000061,0.005653,0.000053,0.026717,False
2021-06-06,0.005383,0.005579,-0.000010,-0.000036,0.000033,0.000044,-0.000009,0.000060,0.005660,-0.000277,-0.138598,False
2021-06-07,0.005152,0.005579,-0.000008,-0.000034,0.000034,0.000045,-0.000008,0.000059,0.005668,-0.000516,-0.257953,False
2021-06-08,0.005333,0.005580,-0.000006,-0.000032,0.000035,0.000047,-0.000007,0.000057,0.005676,-0.000343,-0.171340,False
2021-06-09,0.005325,0.005580,-0.000003,-0.000030,0.000036,0.000049,-0.000006,0.000056,0.005684,-0.000359,-0.179252,False
2021-06-10,0.005973,0.005581,-0.000001,-0.000027,0.000037,0.000051,-0.000005,0.000055,0.005691,0.000282,0.140817,False
2021-06-11,0.006621,0.005581,0.000002,-0.000025,0.000038,0.000053,-0.000004,0.000054,0.005699,0.000922,0.460876,False
2021-06-12,0.005276,0.005581,0.000004,-0.000023,0.000039,0.000055,-0.000003,0.000053,0.005707,-0.000431,-0.215569,False
2021-06-13,0.005266,0.005582,0.000006,-0.000020,0.000040,0.000057,-0.000002,0.000052,0.005715,-0.000449,-0.224510,False
2021-06-14,0.005335,0.005582,0.000009,-0.000018,0.000041,0.000059,-0.000001,0.000051,0.005723,-0.000388,-0.193939,False
2021-06-15,0.005397,0.005583,0.000011,-0.000016,0.000042,0.000061,0.000000,0.000050,0.005731,-0.000334,-0.166850,False
2021-06-16,0.005503,0.005583,0.000013,-0.000013,0.000043,0.000062,0.000001,0.000048,0.005738,-0.000235,-0.117735,False
2021-06-17,0.005391,0.005583,0.000015,-0.000011,0.000044,0.000064,0.000002,0.000047,0.005746,-0.000355,-0.177588,False
2021-06-18,0.005354,0.005584,0.000018,-0.000008,0.000045,0.000066,0.000003,0.000046,0.005754,-0.000400,-0.199901,False
2021-06-19,0.005834,0.005584,0.000020,-0.000006,0.000046,0.000068,0.000004,0.000045,0.005761,0.000073,0.036332,False
2021-06-20,0.005460,0.005585,0.000022,-0.000003,0.000047,0.000070,0.000005,0.000044,0.005769,-0.000309,-0.154382,False
2021-06-21,0.005767,0.005585,0.000023,-0.000001,0.000048,0.000072,0.000006,0.000043,0.005776,-0.000009,-0.004537,False
2021-06-22,0.005086,0.005586,0.000025,0.000002,0.000049,0.000074,0.000007,0.000042,0.005783,-0.000697,-0.348626,False
2021-06-23,0.005338,0.005586,0.000027,0.000004,0.000050,0.000075,0.000008,0.000041,0.005790,-0.000452,-0.226144,False
2021-06-24,0.005275,0.005586,0.000028,0.000007,0.000051,0.000077,0.000009,0.000039,0.005797,-0.000522,-0.261086,False
2021-06-25,0.005539,0.005587,0.000030,0.000009,0.000051,0.000079,0.000010,0.000038,0.005804,-0.000265,-0.132446,False
2021-06-26,0.005314,0.005587,0.000031,0.000011,0.000052,0.000081,0.000011,0.000037,0.005810,-0.000496,-0.248219,False
2021-06-27,0.005698,0.005588,0.000032,0.000014,0.000053,0.000083,0.000012,0.000036,0.005817,-0.000119,-0.059401,False
2021-06-28,0.005236,0.005588,0.000033,0.000016,0.000054,0.000085,0.000013,0.000035,0.005823,-0.000587,-0.293487,False
2021-06-29,0.005082,0.005588,0.000034,0.000019,0.000055,0.000086,0.000014,0.000034,0.005829,-0.000747,-0.373474,False
2021-06-30,0.005151,0.005589,0.000034,0.000021,0.000055,0.000088,0.000015,0.000033,0.005835,-0.000684,-0.341858,False
2021-07-01,0.005561,0.005589,0.000035,0.000024,0.000056,0.000090,0.000015,0.000032,0.005840,-0.000279,-0.139637,False
2021-07-02,0.005346,0.005590,0.000035,0.000026,0.000057,0.000092,0.000016,0.000030,0.005846,-0.000500,-0.249806,False
2021-07-03,0.005839,0.005590,0.000035,0.000028,0.000057,0.000093,0.000017,0.000029,0.005851,-0.000012,-0.005865,False
2021-07-04,0.005824,0.005590,0.000035,0.000030,0.000058,0.000095,0.000018,0.000028,0.005856,-0.000032,-0.015812,False
2021-07-05,0.005338,0.005591,0.000035,0.000033,0.000059,0.000097,0.000019,0.000027,0.005860,-0.000522,-0.261144,False
2021-07-06,0.005298,0.005591,0.000034,0.000035,0.000059,0.000099,0.000020,0.000026,0.005865,-0.000567,-0.283362,False
2021-07-07,0.005448,0.005592,0.000034,0.000037,0.000060,0.000100,0.000021,0.000025,0.005869,-0.000421,-0.210464,False
2021-07-08,0.005389,0.005592,0.000033,0.000039,0.000061,0.000102,0.000022,0.000024,0.005873,-0.000484,-0.241950,False
2021-07-09,0.005810,0.005592,0.000032,0.000041,0.000061,0.000104,0.000023,0.000022,0.005877,-0.000067,-0.033320,False
2021-07-10,0.005360,0.005593,0.000031,0.000043,0.000062,0.000106,0.000024,0.000021,0.005880,-0.000520,-0.260076,False
2021-07-11,0.005521,0.005593,0.000030,0.000045,0.000062,0.000107,0.000025,0.000020,0.005883,-0.000362,-0.181217,False
2021-07-12,0.005248,0.005594,0.000029,0.000047,0.000063,0.000109,0.000026,0.000019,0.005886,-0.000638,-0.319247,False
2021-07-13,0.005349,0.005594,0.000027,0.000049,0.000063,0.000111,0.000027,0.000018,0.005889,-0.000540,-0.270165,False
2021-07-14,0.005658,0.005594,0.000026,0.000051,0.000064,0.000112,0.000028,0.000017,0.005892,-0.000234,-0.116975,False
2021-07-15,0.005389,0.005595,0.000024,0.000052,0.000064,0.000114,0.000029,0.000016,0.005894,-0.000505,-0.252679,False
2021-07-16,0.005712,0.005595,0.000022,0.000054,0.000065,0.000116,0.000030,0.000015,0.005897,-0.000185,-0.092280,False
2021-07-17,0.005351,0.005596,0.000020,0.000056,0.000065,0.000117,0.000031,0.000013,0.005899,-0.000548,-0.273781,False
2021-07-18,0.005446,0.005596,0.000018,0.000057,0.000066,0.000119,0.000032,0.000012,0.005900,-0.000454,-0.227185,False
2021-07-19,0.005269,0.005596,0.000016,0.000059,0.000066,0.000121,0.000033,0.000011,0.005902,-0.000633,-0.316496,False
2021-07-20,0.005416,0.005597,0.000014,0.000060,0.000067,0.000122,0.000033,0.000010,0.005903,-0.000487,-0.243718,False
2021-07-21,0.006414,0.005597,0.000012,0.000061,0.000067,0.000124,0.000034,0.000009,0.005905,0.000509,0.254644,False
2021-07-22,0.006276,0.005598,0.000010,0.000063,0.000067,0.000125,0.000035,0.000008,0.005906,0.000370,0.185088,False
2021-07-23,0.005778,0.005598,0.000007,0.000064,0.000068,0.000127,0.000036,0.000007,0.005907,-0.000129,-0.064393,False
2021-07-24,0.005309,0.005598,0.000005,0.000065,0.000068,0.000129,0.000037,0.000005,0.005908,-0.000599,-0.299303,False
2021-07-25,0.005352,0.005599,0.000002,0.000066,0.000068,0.000130,0.000038,0.000004,0.005908,-0.000556,-0.278146,False
2021-07-26,0.005347,0.005599,-0.000000,0.000067,0.000069,0.000132,0.000039,0.000003,0.005909,-0.000562,-0.280928,False
2021-07-27,0.005392,0.005600,-0.000002,0.000068,0.000069,0.000133,0.000040,0.000002,0.005909,-0.000517,-0.258653,False
2021-07-28,0.005579,0.005600,-0.000005,0.000069,0.000069,0.000135,0.000041,0.000001,0.005910,-0.000331,-0.165327,False
2021-07-29,0.005323,0.005601,-0.000007,0.000069,0.000069,0.000136,0.000042,-0.000000,0.005910,-0.000587,-0.293454,False
2021-07-30,0.005925,0.005601,-0.000010,0.000070,0.000069,0.000138,0.000043,-0.000001,0.005910,0.000015,0.007459,False
2021-07-31,0.005404,0.005601,-0.000012,0.000071,0.000070,0.000139,0.000044,-0.000002,0.005910,-0.000506,-0.253091,False
2021-08-01,0.006152,0.005602,-0.000014,0.000071,0.000070,0.000141,0.000045,-0.000004,0.005910,0.000242,0.120890,False
2021-08-02,0.005723,0.005602,-0.000016,0.000071,0.000070,0.000142,0.000045,-0.000005,0.005910,-0.000187,-0.093603,False
2021-08-03,0.005706,0.005603,-0.000018,0.000072,0.000070,0.000144,0.000046,-0.000006,0.005910,-0.000204,-0.102075,False
2021-08-04,0.005372,0.005603,-0.000020,0.000072,0.000070,0.000145,0.000047,-0.000007,0.005910,-0.000538,-0.269029,False
2021-08-05,0.006202,0.005603,-0.000022,0.000072,0.000070,0.000147,0.000048,-0.000008,0.005910,0.000292,0.146028,False
2021-08-06,0.005929,0.005604,-0.000024,0.000072,0.000070,0.000148,0.000049,-0.000009,0.005910,0.000019,0.009593,False
2021-08-07,0.005540,0.005604,-0.000026,0.000072,0.000070,0.000150,0.000050,-0.000010,0.005910,-0.000370,-0.184838,False
2021-08-08,0.005675,0.005605,-0.000027,0.000072,0.000070,0.000151,0.000051,-0.000011,0.005910,-0.000235,-0.117270,False
2021-08-09,0.005443,0.005605,-0.000029,0.000072,0.000070,0.000152,0.000052,-0.000013,0.005909,-0.000466,-0.233205,False
2021-08-10,0.005528,0.005605,-0.000030,0.000071,0.000070,0.000154,0.000053,-0.000014,0.005909,-0.000381,-0.190648,False
2021-08-11,0.005841,0.005606,-0.000031,0.000071,0.000070,0.000155,0.000053,-0.000015,0.005909,-0.000068,-0.034102,False
2021-08-12,0.005617,0.005606,-0.000032,0.000071,0.000070,0.000156,0.000054,-0.000016,0.005909,-0.000292,-0.146069,False
2021-08-13,0.005368,0.005607,-0.000033,0.000070,0.000070,0.000158,0.000055,-0.000017,0.005909,-0.000541,-0.270553,False
2021-08-14,0.005657,0.005607,-0.000034,0.000069,0.000070,0.000159,0.000056,-0.000018,0.005909,-0.000252,-0.126055,False
2021-08-15,0.005593,0.005607,-0.000034,0.000069,0.000070,0.000160,0.000057,-0.000019,0.005909,-0.000316,-0.158078,False
2021-08-16,0.005575,0.005608,-0.000035,0.000068,0.000069,0.000162,0.000058,-0.000021,0.005909,-0.000334,-0.167123,False
2021-08-17,0.005449,0.005608,-0.000035,0.000067,0.000069,0.000163,0.000059,-0.000022,0.005909,-0.000460,-0.230191,False
2021-08-18,0.005634,0.005609,-0.000035,0.000066,0.000069,0.000164,0.000060,-0.000023,0.005910,-0.000276,-0.137784,False
2021-08-19,0.005686,0.005609,-0.000035,0.000065,0.000069,0.000165,0.000060,-0.000024,0.005910,-0.000224,-0.111902,False
2021-08-20,0.005260,0.005609,-0.000035,0.000064,0.000069,0.000167,0.000061,-0.000025,0.005910,-0.000650,-0.325045,False
2021-08-21,0.005764,0.005610,-0.000034,0.000063,0.000068,0.000168,0.000062,-0.000026,0.005910,-0.000146,-0.073214,False
2021-08-22,0.005673,0.005610,-0.000034,0.000061,0.000068,0.000169,0.000063,-0.000027,0.005911,-0.000238,-0.118908,False
2021-08-23,0.005635,0.005611,-0.000033,0.000060,0.000068,0.000170,0.000064,-0.000028,0.005911,-0.000276,-0.138126,False
2021-08-24,0.005509,0.005611,-0.000032,0.000059,0.000067,0.000172,0.000065,-0.000030,0.005912,-0.000403,-0.201368,False
2021-08-25,0.005722,0.005611,-0.000031,0.000057,0.000067,0.000173,0.000065,-0.000031,0.005912,-0.000190,-0.095131,False
2021-08-26,0.005624,0.005612,-0.000030,0.000056,0.000067,0.000174,0.000066,-0.000032,0.005913,-0.000289,-0.144415,False
2021-08-27,0.005490,0.005612,-0.000028,0.000054,0.000066,0.000175,0.000067,-0.000033,0.005913,-0.000423,-0.211717,False
2021-08-28,0.005685,0.005613,-0.000027,0.000052,0.000066,0.000176,0.000068,-0.000034,0.005914,-0.000229,-0.114535,False
2021-08-29,0.005472,0.005613,-0.000025,0.000051,0.000065,0.000177,0.000069,-0.000035,0.005915,-0.000443,-0.221366,False
2021-08-30,0.005341,0.005614,-0.000023,0.000049,0.000065,0.000178,0.000069,-0.000036,0.005915,-0.000574,-0.287208,False
2021-08-31,0.005396,0.005614,-0.000022,0.000047,0.000065,0.000180,0.000070,-0.000038,0.005916,-0.000520,-0.260058,False
2021-09-01,0.005263,0.005614,-0.000020,0.000045,0.000064,0.000181,0.000071,-0.000039,0.005917,-0.000654,-0.326912,False
2021-09-02,0.005733,0.005615,-0.000018,0.000043,0.000064,0.000182,0.000072,-0.000040,0.005918,-0.000185,-0.092266,False
2021-09-03,0.006090,0.005615,-0.000015,0.000041,0.000063,0.000183,0.000073,-0.000041,0.005918,0.000172,0.085882,False
2021-09-04,0.005807,0.005616,-0.000013,0.000039,0.000062,0.000184,0.000073,-0.000042,0.005919,-0.000112,-0.055963,False
2021-09-05,0.005898,0.005616,-0.000011,0.000037,0.000062,0.000185,0.000074,-0.000043,0.005920,-0.000022,-0.010797,False
2021-09-06,0.005375,0.005616,-0.000009,0.000035,0.000061,0.000186,0.000075,-0.000044,0.005920,-0.000545,-0.272617,False
2021-09-07,0.005807,0.005617,-0.000006,0.000033,0.000061,0.000187,0.000076,-0.000045,0.005921,-0.000114,-0.056917,False
2021-09-08,0.005742,0.005617,-0.000004,0.000030,0.000060,0.000188,0.000077,-0.000047,0.005921,-0.000179,-0.089695,False
2021-09-09,0.005374,0.005618,-0.000002,0.000028,0.000059,0.000189,0.000077,-0.000048,0.005922,-0.000548,-0.273945,False
2021-09-10,0.005351,0.005618,0.000001,0.000026,0.000059,0.000190,0.000078,-0.000049,0.005922,-0.000571,-0.285663,False
2021-09-11,0.005556,0.005618,0.000003,0.000023,0.000058,0.000190,0.000079,-0.000050,0.005923,-0.000367,-0.183345,False
2021-09-12,0.005910,0.005619,0.000006,0.000021,0.000057,0.000191,0.000080,-0.000051,0.005923,-0.000013,-0.006487,False
2021-09-13,0.005478,0.005619,0.000008,0.000019,0.000057,0.000192,0.000080,-0.000052,0.005923,-0.000445,-0.222584,False
2021-09-14,0.005510,0.005620,0.000010,0.000016,0.000056,0.000193,0.000081,-0.000053,0.005923,-0.000413,-0.206633,False
2021-09-15,0.005621,0.005620,0.000013,0.000014,0.000055,0.000194,0.000082,-0.000054,0.005923,-0.000302,-0.151128,False
2021-09-16,0.005535,0.005620,0.000015,0.000011,0.000055,0.000195,0.000083,-0.000056,0.005923,-0.000388,-0.194067,False
2021-09-17,0.005598,0.005621,0.000017,0.000009,0.000054,0.000196,0.000083,-0.000057,0.005923,-0.000325,-0.162508,False
2021-09-18,0.005661,0.005621,0.000019,0.000006,0.000053,0.000196,0.000084,-0.000058,0.005923,-0.000262,-0.130885,False
2021-09-19,0.005724,0.005622,0.000021,0.000004,0.000052,0.000197,0.000085,-0.000059,0.005922,-0.000198,-0.099195,False
2021-09-20,0.005786,0.005622,0.000023,0.000001,0.000051,0.000198,0.000086,-0.000060,0.005921,-0.000135,-0.067434,False
2021-09-21,0.005849,0.005622,0.000025,-0.000001,0.000051,0.000199,0.000086,-0.000061,0.005921,-0.000071,-0.035600,False
2021-09-22,0.005912,0.005623,0.000026,-0.000003,0.000050,0.000200,0.000087,-0.000062,0.005920,-0.000007,-0.003690,False
2021-09-23,0.005975,0.005623,0.000028,-0.000006,0.000049,0.000200,0.000088,-0.000063,0.005919,0.000057,0.028299,False
2021-09-24,0.006038,0.005624,0.000029,-0.000008,0.000048,0.000201,0.000088,-0.000065,0.005917,0.000121,0.060368,False
2021-09-25,0.005593,0.005624,0.000031,-0.000011,0.000047,0.000202,0.000089,-0.000066,0.005916,-0.000323,-0.161419,False
2021-09-26,0.005464,0.005624,0.000032,-0.000013,0.000046,0.000202,0.000090,-0.000067,0.005914,-0.000450,-0.225121,False
2021-09-27,0.005398,0.005625,0.000033,-0.000016,0.000045,0.000203,0.000090,-0.000068,0.005912,-0.000514,-0.257239,False
2021-09-28,0.005306,0.005625,0.000033,-0.000018,0.000044,0.000204,0.000091,-0.000069,0.005911,-0.000605,-0.302272,False
2021-09-29,0.005739,0.005626,0.000034,-0.000021,0.000043,0.000204,0.000092,-0.000070,0.005908,-0.000169,-0.084468,False
2021-09-30,0.006173,0.005626,0.000035,-0.000023,0.000042,0.000205,0.000092,-0.000071,0.005906,0.000267,0.133421,False
2021-10-01,0.005477,0.005626,0.000035,-0.000025,0.000042,0.000205,0.000093,-0.000072,0.005904,-0.000427,-0.213355,False
2021-10-02,0.005800,0.005627,0.000035,-0.000028,0.000041,0.000206,0.000094,-0.000074,0.005901,-0.000101,-0.050545,False
2021-10-03,0.005371,0.005627,0.000035,-0.000030,0.000040,0.000207,0.000094,-0.000075,0.005898,-0.000527,-0.263652,False
2021-10-04,0.005323,0.005628,0.000035,-0.000032,0.000039,0.000207,0.000095,-0.000076,0.005895,-0.000572,-0.286177,False
2021-10-05,0.005614,0.005628,0.000034,-0.000034,0.000038,0.000208,0.000096,-0.000077,0.005892,-0.000278,-0.139121,False
2021-10-06,0.005411,0.005629,0.000034,-0.000036,0.000036,0.000208,0.000096,-0.000078,0.005889,-0.000478,-0.238988,False
2021-10-07,0.005300,0.005629,0.000033,-0.000039,0.000035,0.000209,0.000097,-0.000079,0.005886,-0.000586,-0.292779,False
2021-10-08,0.005470,0.005629,0.000032,-0.000041,0.000034,0.000209,0.000098,-0.000080,0.005882,-0.000412,-0.205997,False
2021-10-09,0.005548,0.005630,0.000031,-0.000043,0.000033,0.000210,0.000098,-0.000081,0.005878,-0.000330,-0.165146,False
2021-10-10,0.005620,0.005630,0.000030,-0.000045,0.000032,0.000210,0.000099,-0.000083,0.005874,-0.000254,-0.127230,False
2021-10-11,0.005795,0.005631,0.000029,-0.000047,0.000031,0.000210,0.000099,-0.000084,0.005871,-0.000076,-0.037751,False
2021-10-12,0.005640,0.005631,0.000028,-0.000048,0.000030,0.000211,0.000100,-0.000085,0.005866,-0.000226,-0.113216,False
2021-10-13,0.005538,0.005631,0.000026,-0.000050,0.000029,0.000211,0.000101,-0.000086,0.005862,-0.000324,-0.162128,False
2021-10-14,0.005432,0.005632,0.000024,-0.000052,0.000028,0.000212,0.000101,-0.000087,0.005858,-0.000426,-0.212991,False
2021-10-15,0.005474,0.005632,0.000023,-0.000054,0.000027,0.000212,0.000102,-0.000088,0.005854,-0.000380,-0.189812,False
2021-10-16,0.005753,0.005633,0.000021,-0.000055,0.000026,0.000212,0.000102,-0.000089,0.005849,-0.000096,-0.048096,False
2021-10-17,0.005517,0.005633,0.000019,-0.000057,0.000025,0.000213,0.000103,-0.000090,0.005845,-0.000328,-0.163847,False
2021-10-18,0.005175,0.005633,0.000017,-0.000058,0.000023,0.000213,0.000104,-0.000091,0.005840,-0.000665,-0.332573,False
2021-10-19,0.005432,0.005634,0.000015,-0.000060,0.000022,0.000213,0.000104,-0.000093,0.005836,-0.000404,-0.201778,False
2021-10-20,0.005398,0.005634,0.000012,-0.000061,0.000021,0.000213,0.000105,-0.000094,0.005831,-0.000433,-0.216469,False
2021-10-21,0.005814,0.005635,0.000010,-0.000062,0.000020,0.000214,0.000105,-0.000095,0.005826,-0.000012,-0.006152,False
2021-10-22,0.005332,0.005635,0.000008,-0.000064,0.000019,0.000214,0.000106,-0.000096,0.005822,-0.000490,-0.244834,False
2021-10-23,0.005261,0.005635,0.000005,-0.000065,0.000018,0.000214,0.000106,-0.000097,0.005817,-0.000556,-0.278021,False
2021-10-24,0.005569,0.005636,0.000003,-0.000066,0.000016,0.000214,0.000107,-0.000098,0.005812,-0.000243,-0.121719,False
2021-10-25,0.005410,0.005636,0.000001,-0.000067,0.000015,0.000214,0.000107,-0.000099,0.005808,-0.000398,-0.198934,False
2021-10-26,0.005323,0.005637,-0.000002,-0.000068,0.000014,0.000215,0.000108,-0.000100,0.005803,-0.000480,-0.240174,False
2021-10-27,0.005189,0.005637,-0.000004,-0.000068,0.000013,0.000215,0.000108,-0.000101,0.005799,-0.000610,-0.304944,False
2021-10-28,0.005196,0.005637,-0.000007,-0.000069,0.000012,0.000215,0.000109,-0.000103,0.005795,-0.000599,-0.299251,False
2021-10-29,0.005248,0.005638,-0.000009,-0.000070,0.000011,0.000215,0.000109,-0.000104,0.005790,-0.000542,-0.271101,False
2021-10-30,0.005405,0.005638,-0.000011,-0.000070,0.000009,0.000215,0.000110,-0.000105,0.005786,-0.000381,-0.190501,False
2021-10-31,0.005378,0.005639,-0.000014,-0.000071,0.000008,0.000215,0.000110,-0.000106,0.005782,-0.000404,-0.201956,False
2021-11-01,0.005362,0.005639,-0.000016,-0.000071,0.000007,0.000215,0.000111,-0.000107,0.005778,-0.000416,-0.207971,False
2021-11-02,0.005280,0.005639,-0.000018,-0.000072,0.000006,0.000215,0.000111,-0.000108,0.005774,-0.000494,-0.247053,False
2021-11-03,0.005244,0.005640,-0.000020,-0.000072,0.000005,0.000215,0.000112,-0.000109,0.005770,-0.000526,-0.263208,False
2021-11-04,0.005385,0.005640,-0.000022,-0.000072,0.000003,0.000215,0.000112,-0.000110,0.005767,-0.000382,-0.190939,False
2021-11-05,0.005253,0.005641,-0.000024,-0.000072,0.000002,0.000215,0.000113,-0.000111,0.005764,-0.000511,-0.255252,False
2021-11-06,0.005229,0.005641,-0.000025,-0.000072,0.000001,0.000215,0.000113,-0.000113,0.005760,-0.000531,-0.265652,False
2021-11-07,0.005172,0.005642,-0.000027,-0.000072,-0.000000,0.000215,0.000114,-0.000114,0.005757,-0.000585,-0.292642,False
2021-11-08,0.005737,0.005642,-0.000028,-0.000072,-0.000001,0.000215,0.000114,-0.000115,0.005754,-0.000017,-0.008727,False
2021-11-09,0.005198,0.005642,-0.000030,-0.000071,-0.000003,0.000215,0.000114,-0.000116,0.005752,-0.000554,-0.276910,False
2021-11-10,0.005622,0.005643,-0.000031,-0.000071,-0.000004,0.000215,0.000115,-0.000117,0.005749,-0.000127,-0.063695,False
2021-11-11,0.005192,0.005643,-0.000032,-0.000071,-0.000005,0.000215,0.000115,-0.000118,0.005747,-0.000555,-0.277583,False
2021-11-12,0.005426,0.005644,-0.000033,-0.000070,-0.000006,0.000214,0.000116,-0.000119,0.005745,-0.000319,-0.159579,False
2021-11-13,0.005672,0.005644,-0.000034,-0.000070,-0.000008,0.000214,0.000116,-0.000120,0.005743,-0.000071,-0.035682,False
2021-11-14,0.005465,0.005644,-0.000034,-0.000069,-0.000009,0.000214,0.000116,-0.000121,0.005742,-0.000277,-0.138396,False
2021-11-15,0.005474,0.005645,-0.000035,-0.000068,-0.000010,0.000214,0.000117,-0.000122,0.005740,-0.000266,-0.133221,False
2021-11-16,0.005532,0.005645,-0.000035,-0.000067,-0.000011,0.000214,0.000117,-0.000124,0.005739,-0.000207,-0.103658,False
2021-11-17,0.005564,0.005646,-0.000035,-0.000066,-0.000012,0.000213,0.000118,-0.000125,0.005738,-0.000174,-0.087208,False
2021-11-18,0.005639,0.005646,-0.000035,-0.000065,-0.000013,0.000213,0.000118,-0.000126,0.005738,-0.000099,-0.049369,False
2021-11-19,0.005768,0.005646,-0.000035,-0.000064,-0.000015,0.000213,0.000118,-0.000127,0.005737,0.000031,0.015358,False
2021-11-20,0.005357,0.005647,-0.000034,-0.000063,-0.000016,0.000213,0.000119,-0.000128,0.005737,-0.000380,-0.190026,False
2021-11-21,0.005361,0.005647,-0.000034,-0.000062,-0.000017,0.000212,0.000119,-0.000129,0.005737,-0.000376,-0.188018,False
2021-11-22,0.005913,0.005648,-0.000033,-0.000060,-0.000018,0.000212,0.000119,-0.000130,0.005737,0.000176,0.087882,False
2021-11-23,0.005736,0.005648,-0.000032,-0.000059,-0.000019,0.000212,0.000120,-0.000131,0.005738,-0.000002,-0.000822,False
2021-11-24,0.005337,0.005648,-0.000031,-0.000058,-0.000021,0.000211,0.000120,-0.000132,0.005738,-0.000401,-0.200629,False
2021-11-25,0.005487,0.005649,-0.000030,-0.000056,-0.000022,0.000211,0.000120,-0.000133,0.005739,-0.000252,-0.126034,False
2021-11-26,0.005458,0.005649,-0.000029,-0.000054,-0.000023,0.000210,0.000121,-0.000135,0.005740,-0.000282,-0.141035,False
2021-11-27,0.005239,0.005650,-0.000027,-0.000053,-0.000024,0.000210,0.000121,-0.000136,0.005741,-0.000502,-0.251127,False
2021-11-28,0.005448,0.005650,-0.000026,-0.000051,-0.000025,0.000210,0.000121,-0.000137,0.005743,-0.000295,-0.147307,False
2021-11-29,0.005487,0.005650,-0.000024,-0.000049,-0.000026,0.000209,0.000122,-0.000138,0.005744,-0.000257,-0.128569,False
2021-11-30,0.006182,0.005651,-0.000022,-0.000047,-0.000027,0.000209,0.000122,-0.000139,0.005746,0.000436,0.218091,False
2021-12-01,0.005777,0.005651,-0.000020,-0.000046,-0.000028,0.000208,0.000122,-0.000140,0.005748,0.000029,0.014679,False
2021-12-02,0.005743,0.005652,-0.000018,-0.000044,-0.000030,0.000208,0.000122,-0.000141,0.005750,-0.000007,-0.003301,False
2021-12-03,0.006061,0.005652,-0.000016,-0.000042,-0.000031,0.000207,0.000123,-0.000142,0.005752,0.000309,0.154659,False
2021-12-04,0.005584,0.005652,-0.000014,-0.000040,-0.000032,0.000207,0.000123,-0.000143,0.005754,-0.000170,-0.084937,False
2021-12-05,0.005445,0.005653,-0.000012,-0.000037,-0.000033,0.000206,0.000123,-0.000144,0.005756,-0.000311,-0.155582,False
2021-12-06,0.005729,0.005653,-0.000009,-0.000035,-0.000034,0.000206,0.000123,-0.000145,0.005759,-0.000030,-0.014769,False
2021-12-07,0.005577,0.005654,-0.000007,-0.000033,-0.000035,0.000205,0.000124,-0.000147,0.005761,-0.000184,-0.091993,False
2021-12-08,0.005595,0.005654,-0.000005,-0.000031,-0.000036,0.000204,0.000124,-0.000148,0.005763,-0.000168,-0.084246,False
2021-12-09,0.005595,0.005654,-0.000002,-0.000029,-0.000037,0.000204,0.000124,-0.000149,0.005766,-0.000171,-0.085521,False
2021-12-10,0.005880,0.005655,0.000000,-0.000026,-0.000038,0.000203,0.000124,-0.000150,0.005769,0.000111,0.055688,False
2021-12-11,0.005389,0.005655,0.000003,-0.000024,-0.000039,0.000202,0.000125,-0.000151,0.005771,-0.000382,-0.191113,False
2021-12-12,0.005810,0.005656,0.000005,-0.000022,-0.000040,0.000202,0.000125,-0.000152,0.005774,0.000036,0.018085,False
2021-12-13,0.005586,0.005656,0.000007,-0.000019,-0.000041,0.000201,0.000125,-0.000153,0.005776,-0.000190,-0.095212,False
2021-12-14,0.005445,0.005657,0.000010,-0.000017,-0.000042,0.000200,0.000125,-0.000154,0.005779,-0.000334,-0.166997,False
2021-12-15,0.005912,0.005657,0.000012,-0.000014,-0.000043,0.000200,0.000125,-0.000155,0.005782,0.000130,0.065236,False
2021-12-16,0.005914,0.005657,0.000014,-0.000012,-0.000044,0.000199,0.000126,-0.000156,0.005784,0.000130,0.064995,False
2021-12-17,0.006361,0.005658,0.000016,-0.000010,-0.000045,0.000198,0.000126,-0.000157,0.005786,0.000575,0.287285,False
2021-12-18,0.006086,0.005658,0.000019,-0.000007,-0.000046,0.000197,0.000126,-0.000158,0.005789,0.000297,0.148614,False
2021-12-19,0.005813,0.005659,0.000021,-0.000005,-0.000047,0.000197,0.000126,-0.000159,0.005791,0.000022,0.010987,False
2021-12-20,0.005970,0.005659,0.000022,-0.000002,-0.000048,0.000196,0.000126,-0.000161,0.005793,0.000177,0.088411,False
2021-12-21,0.005971,0.005659,0.000024,0.000000,-0.000048,0.000195,0.000126,-0.000162,0.005795,0.000176,0.087891,False
2021-12-22,0.005960,0.005660,0.000026,0.000003,-0.000049,0.000194,0.000126,-0.000163,0.005797,0.000163,0.081432,False
2021-12-23,0.005722,0.005660,0.000028,0.000005,-0.000050,0.000193,0.000127,-0.000164,0.005799,-0.000077,-0.038459,False
2021-12-24,0.005905,0.005661,0.000029,0.000008,-0.000051,0.000192,0.000127,-0.000165,0.005801,0.000104,0.052223,False
2021-12-25,0.006323,0.005661,0.000030,0.000010,-0.000052,0.000192,0.000127,-0.000166,0.005802,0.000521,0.260481,False
2021-12-26,0.005917,0.005661,0.000031,0.000013,-0.000053,0.000191,0.000127,-0.000167,0.005803,0.000114,0.056820,False
2021-12-27,0.006156,0.005662,0.000032,0.000015,-0.000053,0.000190,0.000127,-0.000168,0.005805,0.000351,0.175744,False
2021-12-28,0.005630,0.005662,0.000033,0.000018,-0.000054,0.000189,0.000127,-0.000169,0.005805,-0.000175,-0.087742,False
2021-12-29,0.005323,0.005663,0.000034,0.000020,-0.000055,0.000188,0.000127,-0.000170,0.005806,-0.000483,-0.241637,False
2021-12-30,0.005883,0.005663,0.000034,0.000022,-0.000056,0.000187,0.000127,-0.000171,0.005807,0.000076,0.038064,False
2021-12-31,0.005702,0.005663,0.000035,0.000025,-0.000056,0.000186,0.000127,-0.000172,0.005807,-0.000105,-0.052638,False
2022-01-01,0.005784,0.005664,0.000035,0.000027,-0.000057,0.000185,0.000127,-0.000173,0.005807,-0.000023,-0.011741,False
2022-01-02,0.005715,0.005664,0.000035,0.000029,-0.000058,0.000184,0.000127,-0.000174,0.005807,-0.000092,-0.046242,False
2022-01-03,0.005660,0.005665,0.000035,0.000032,-0.000058,0.000183,0.000127,-0.000176,0.005807,-0.000147,-0.073640,False
2022-01-04,0.005756,0.005665,0.000035,0.000034,-0.000059,0.000182,0.000127,-0.000177,0.005807,-0.000051,-0.025436,False
2022-01-05,0.005983,0.005665,0.000034,0.000036,-0.000060,0.000181,0.000127,-0.000178,0.005806,0.000177,0.088373,False
2022-01-06,0.006048,0.005666,0.000033,0.000038,-0.000060,0.000180,0.000127,-0.000179,0.005805,0.000243,0.121286,False
2022-01-07,0.006116,0.005666,0.000033,0.000040,-0.000061,0.000179,0.000127,-0.000180,0.005804,0.000312,0.155803,False
2022-01-08,0.005858,0.005667,0.000032,0.000042,-0.000062,0.000178,0.000127,-0.000181,0.005803,0.000055,0.027422,False
2022-01-09,0.006216,0.005667,0.000031,0.000044,-0.000062,0.000176,0.000127,-0.000182,0.005802,0.000414,0.207143,False
2022-01-10,0.005764,0.005667,0.000029,0.000046,-0.000063,0.000175,0.000127,-0.000183,0.005800,-0.000036,-0.018036,False
2022-01-11,0.006079,0.005668,0.000028,0.000048,-0.000063,0.000174,0.000127,-0.000184,0.005798,0.000281,0.140383,False
2022-01-12,0.005589,0.005668,0.000027,0.000050,-0.000064,0.000173,0.000127,-0.000185,0.005796,-0.000207,-0.103601,False
2022-01-13,0.006157,0.005669,0.000025,0.000052,-0.000064,0.000172,0.000127,-0.000186,0.005794,0.000363,0.181507,False
2022-01-14,0.005625,0.005669,0.000023,0.000053,-0.000065,0.000171,0.000127,-0.000187,0.005792,-0.000167,-0.083294,False
2022-01-15,0.005872,0.005670,0.000021,0.000055,-0.000065,0.000169,0.000127,-0.000188,0.005789,0.000083,0.041493,False
2022-01-16,0.005932,0.005670,0.000019,0.000056,-0.000066,0.000168,0.000127,-0.000189,0.005786,0.000146,0.072862,False
2022-01-17,0.006020,0.005670,0.000017,0.000058,-0.000066,0.000167,0.000127,-0.000190,0.005783,0.000237,0.118312,False
2022-01-18,0.006051,0.005671,0.000015,0.000059,-0.000066,0.000166,0.000127,-0.000191,0.005780,0.000271,0.135337,False
2022-01-19,0.005662,0.005671,0.000013,0.000061,-0.000067,0.000164,0.000127,-0.000192,0.005777,-0.000115,-0.057567,False
2022-01-20,0.005802,0.005672,0.000011,0.000062,-0.000067,0.000163,0.000127,-0.000193,0.005774,0.000028,0.014097,False
2022-01-21,0.005880,0.005672,0.000008,0.000063,-0.000068,0.000162,0.000127,-0.000195,0.005770,0.000110,0.054822,False
2022-01-22,0.005737,0.005672,0.000006,0.000064,-0.000068,0.000161,0.000127,-0.000196,0.005767,-0.000030,-0.014895,False
2022-01-23,0.005755,0.005673,0.000004,0.000066,-0.000068,0.000159,0.000127,-0.000197,0.005763,-0.000008,-0.004061,False
2022-01-24,0.005768,0.005673,0.000001,0.000067,-0.000068,0.000158,0.000127,-0.000198,0.005759,0.000009,0.004321,False
2022-01-25,0.005686,0.005674,-0.000001,0.000067,-0.000069,0.000157,0.000126,-0.000199,0.005756,-0.000070,-0.034755,False
2022-01-26,0.005808,0.005674,-0.000004,0.000068,-0.000069,0.000155,0.000126,-0.000200,0.005752,0.000056,0.028205,False
2022-01-27,0.005635,0.005674,-0.000006,0.000069,-0.000069,0.000154,0.000126,-0.000201,0.005748,-0.000113,-0.056304,False
2022-01-28,0.005616,0.005675,-0.000008,0.000070,-0.000069,0.000153,0.000126,-0.000202,0.005744,-0.000128,-0.063786,False
2022-01-29,0.005771,0.005675,-0.000011,0.000070,-0.000069,0.000151,0.000126,-0.000203,0.005739,0.000032,0.015752,False
2022-01-30,0.005779,0.005676,-0.000013,0.000071,-0.000070,0.000150,0.000126,-0.000204,0.005735,0.000044,0.021806,False
2022-01-31,0.005877,0.005676,-0.000015,0.000071,-0.000070,0.000148,0.000126,-0.000205,0.005731,0.000146,0.072869,False
2022-02-01,0.005724,0.005676,-0.000017,0.000072,-0.000070,0.000147,0.000125,-0.000206,0.005727,-0.000003,-0.001561,False
2022-02-02,0.005532,0.005677,-0.000019,0.000072,-0.000070,0.000146,0.000125,-0.000207,0.005723,-0.000191,-0.095492,False
2022-02-03,0.005779,0.005677,-0.000021,0.000072,-0.000070,0.000144,0.000125,-0.000208,0.005719,0.000060,0.030073,False
2022-02-04,0.005763,0.005678,-0.000023,0.000072,-0.000070,0.000143,0.000125,-0.000209,0.005715,0.000048,0.024128,False
2022-02-05,0.005592,0.005678,-0.000025,0.000072,-0.000070,0.000141,0.000125,-0.000210,0.005711,-0.000119,-0.059329,False
2022-02-06,0.005950,0.005678,-0.000027,0.000072,-0.000070,0.000140,0.000124,-0.000211,0.005707,0.000243,0.121695,False
2022-02-07,0.005850,0.005679,-0.000028,0.000072,-0.000070,0.000138,0.000124,-0.000212,0.005703,0.000147,0.073697,False
2022-02-08,0.005971,0.005679,-0.000029,0.000072,-0.000070,0.000137,0.000124,-0.000213,0.005699,0.000272,0.136174,False
2022-02-09,0.005984,0.005680,-0.000031,0.000071,-0.000070,0.000135,0.000124,-0.000214,0.005695,0.000289,0.144622,False
2022-02-10,0.005607,0.005680,-0.000032,0.000071,-0.000070,0.000134,0.000124,-0.000215,0.005691,-0.000084,-0.041962,False
2022-02-11,0.005677,0.005680,-0.000033,0.000070,-0.000070,0.000132,0.000123,-0.000216,0.005687,-0.000010,-0.005082,False
2022-02-12,0.005660,0.005681,-0.000033,0.000070,-0.000070,0.000131,0.000123,-0.000217,0.005683,-0.000023,-0.011739,False
2022-02-13,0.005713,0.005681,-0.000034,0.000069,-0.000070,0.000129,0.000123,-0.000218,0.005680,0.000033,0.016564,False
2022-02-14,0.005674,0.005682,-0.000035,0.000068,-0.000070,0.000127,0.000122,-0.000219,0.005676,-0.000002,-0.001175,False
2022-02-15,0.005802,0.005682,-0.000035,0.000067,-0.000069,0.000126,0.000122,-0.000220,0.005673,0.000129,0.064543,False
2022-02-16,0.005499,0.005682,-0.000035,0.000066,-0.000069,0.000124,0.000122,-0.000221,0.005670,-0.000171,-0.085285,False
2022-02-17,0.005734,0.005683,-0.000035,0.000065,-0.000069,0.000123,0.000122,-0.000222,0.005666,0.000068,0.033842,False
2022-02-18,0.005570,0.005683,-0.000035,0.000064,-0.000069,0.000121,0.000121,-0.000223,0.005663,-0.000093,-0.046577,False
2022-02-19,0.005619,0.005684,-0.000034,0.000063,-0.000068,0.000119,0.000121,-0.000224,0.005660,-0.000041,-0.020542,False
2022-02-20,0.005598,0.005684,-0.000034,0.000062,-0.000068,0.000118,0.000121,-0.000225,0.005657,-0.000059,-0.029554,False
2022-02-21,0.005434,0.005685,-0.000033,0.000061,-0.000068,0.000116,0.000120,-0.000227,0.005654,-0.000220,-0.110112,False
2022-02-22,0.005510,0.005685,-0.000032,0.000059,-0.000068,0.000114,0.000120,-0.000228,0.005651,-0.000141,-0.070715,False
2022-02-23,0.005912,0.005685,-0.000031,0.000058,-0.000067,0.000113,0.000120,-0.000229,0.005649,0.000263,0.131638,False
2022-02-24,0.005960,0.005686,-0.000030,0.000056,-0.000067,0.000111,0.000119,-0.000230,0.005646,0.000314,0.156949,False
2022-02-25,0.005813,0.005686,-0.000029,0.000055,-0.000066,0.000109,0.000119,-0.000231,0.005644,0.000169,0.084720,False
2022-02-26,0.005549,0.005687,-0.000028,0.000053,-0.000066,0.000108,0.000119,-0.000232,0.005641,-0.000092,-0.046049,False
2022-02-27,0.005494,0.005687,-0.000026,0.000051,-0.000066,0.000106,0.000118,-0.000233,0.005639,-0.000145,-0.072353,False
2022-02-28,0.005455,0.005687,-0.000024,0.000050,-0.000065,0.000104,0.000118,-0.000234,0.005636,-0.000181,-0.090691,False
2022-03-01,0.005230,0.005688,-0.000022,0.000048,-0.000065,0.000103,0.000118,-0.000235,0.005634,-0.000404,-0.202059,False
2022-03-02,0.005638,0.005688,-0.000021,0.000046,-0.000064,0.000101,0.000117,-0.000236,0.005632,0.000006,0.003045,False
2022-03-03,0.005498,0.005689,-0.000019,0.000044,-0.000064,0.000099,0.000117,-0.000237,0.005630,-0.000132,-0.065875,False
2022-03-04,0.005376,0.005689,-0.000016,0.000042,-0.000063,0.000097,0.000117,-0.000238,0.005628,-0.000252,-0.125815,False
2022-03-05,0.005437,0.005689,-0.000014,0.000040,-0.000063,0.000096,0.000116,-0.000239,0.005626,-0.000189,-0.094272,False
2022-03-06,0.005579,0.005690,-0.000012,0.000038,-0.000062,0.000094,0.000116,-0.000240,0.005623,-0.000044,-0.022242,False
2022-03-07,0.005765,0.005690,-0.000010,0.000036,-0.000062,0.000092,0.000115,-0.000241,0.005621,0.000144,0.071779,False
2022-03-08,0.005657,0.005691,-0.000007,0.000034,-0.000061,0.000090,0.000115,-0.000242,0.005619,0.000038,0.018796,False
2022-03-09,0.005406,0.005691,-0.000005,0.000031,-0.000060,0.000089,0.000115,-0.000243,0.005617,-0.000211,-0.105687,False
2022-03-10,0.005608,0.005691,-0.000003,0.000029,-0.000060,0.000087,0.000114,-0.000244,0.005615,-0.000007,-0.003667,False
2022-03-11,0.005658,0.005692,-0.000000,0.000027,-0.000059,0.000085,0.000114,-0.000245,0.005613,0.000045,0.022362,False
2022-03-12,0.005518,0.005692,0.000002,0.000025,-0.000058,0.000083,0.000113,-0.000246,0.005611,-0.000093,-0.046597,False
2022-03-13,0.005456,0.005693,0.000005,0.000022,-0.000058,0.000081,0.000113,-0.000247,0.005609,-0.000153,-0.076539,False
2022-03-14,0.005591,0.005693,0.000007,0.000020,-0.000057,0.000080,0.000112,-0.000248,0.005607,-0.000016,-0.007959,False
2022-03-15,0.005619,0.005693,0.000009,0.000017,-0.000056,0.000078,0.000112,-0.000249,0.005605,0.000014,0.007146,False
2022-03-16,0.005437,0.005694,0.000012,0.000015,-0.000056,0.000076,0.000111,-0.000250,0.005602,-0.000165,-0.082719,False
2022-03-17,0.005764,0.005694,0.000014,0.000013,-0.000055,0.000074,0.000111,-0.000251,0.005600,0.000164,0.081950,False
2022-03-18,0.005706,0.005695,0.000016,0.000010,-0.000054,0.000072,0.000110,-0.000252,0.005598,0.000108,0.054156,False
2022-03-19,0.005593,0.005695,0.000018,0.000008,-0.000053,0.000070,0.000110,-0.000252,0.005595,-0.000002,-0.001097,False
2022-03-20,0.005633,0.005695,0.000020,0.000005,-0.000053,0.000068,0.000109,-0.000253,0.005593,0.000040,0.020196,False
2022-03-21,0.005648,0.005696,0.000022,0.000003,-0.000052,0.000067,0.000109,-0.000254,0.005590,0.000058,0.029036,False
2022-03-22,0.005577,0.005696,0.000024,0.000000,-0.000051,0.000065,0.000108,-0.000255,0.005587,-0.000010,-0.005071,False
2022-03-23,0.005412,0.005697,0.000026,-0.000002,-0.000050,0.000063,0.000108,-0.000256,0.005584,-0.000172,-0.086125,False
2022-03-24,0.005487,0.005697,0.000027,-0.000005,-0.000049,0.000061,0.000107,-0.000257,0.005581,-0.000094,-0.047122,False
2022-03-25,0.005463,0.005697,0.000029,-0.000007,-0.000048,0.000059,0.000107,-0.000258,0.005578,-0.000115,-0.057559,False
2022-03-26,0.005468,0.005698,0.000030,-0.000010,-0.000048,0.000057,0.000106,-0.000259,0.005575,-0.000107,-0.053436,False
2022-03-27,0.005609,0.005698,0.000031,-0.000012,-0.000047,0.000055,0.000106,-0.000260,0.005571,0.000038,0.018751,False
2022-03-28,0.005666,0.005699,0.000032,-0.000015,-0.000046,0.000053,0.000105,-0.000261,0.005568,0.000098,0.049001,False
2022-03-29,0.005723,0.005699,0.000033,-0.000017,-0.000045,0.000052,0.000105,-0.000262,0.005564,0.000159,0.079318,False
2022-03-30,0.005544,0.005700,0.000034,-0.000019,-0.000044,0.000050,0.000104,-0.000263,0.005561,-0.000017,-0.008300,False
2022-03-31,0.005570,0.005700,0.000034,-0.000022,-0.000043,0.000048,0.000104,-0.000264,0.005557,0.000013,0.006648,False
2022-04-01,0.005742,0.005700,0.000035,-0.000024,-0.000042,0.000046,0.000103,-0.000265,0.005553,0.000189,0.094663,False
2022-04-02,0.005535,0.005701,0.000035,-0.000026,-0.000041,0.000044,0.000103,-0.000266,0.005549,-0.000014,-0.006756,False
2022-04-03,0.005482,0.005701,0.000035,-0.000029,-0.000040,0.000042,0.000102,-0.000267,0.005544,-0.000062,-0.031110,False
2022-04-04,0.005432,0.005702,0.000035,-0.000031,-0.000039,0.000040,0.000101,-0.000268,0.005540,-0.000108,-0.053900,False
2022-04-05,0.005360,0.005702,0.000035,-0.000033,-0.000038,0.000038,0.000101,-0.000269,0.005535,-0.000175,-0.087628,False
2022-04-06,0.005429,0.005702,0.000034,-0.000035,-0.000037,0.000036,0.000100,-0.000270,0.005531,-0.000102,-0.050795,False
2022-04-07,0.005406,0.005703,0.000034,-0.000038,-0.000036,0.000034,0.000100,-0.000271,0.005526,-0.000120,-0.059903,False
2022-04-08,0.005724,0.005703,0.000033,-0.000040,-0.000035,0.000032,0.000099,-0.000272,0.005521,0.000203,0.101544,False
2022-04-09,0.005412,0.005704,0.000032,-0.000042,-0.000034,0.000030,0.000098,-0.000273,0.005516,-0.000104,-0.051956,False
2022-04-10,0.005571,0.005704,0.000031,-0.000044,-0.000033,0.000028,0.000098,-0.000274,0.005511,0.000060,0.030094,False
2022-04-11,0.005445,0.005704,0.000030,-0.000046,-0.000032,0.000027,0.000097,-0.000275,0.005506,-0.000061,-0.030310,False
2022-04-12,0.004595,0.005705,0.000028,-0.000048,-0.000031,0.000025,0.000096,-0.000276,0.005500,-0.000905,-0.452673,False
2022-04-13,0.004619,0.005705,0.000027,-0.000049,-0.000030,0.000023,0.000096,-0.000277,0.005495,-0.000876,-0.437997,False
2022-04-14,0.004455,0.005706,0.000025,-0.000051,-0.000028,0.000021,0.000095,-0.000278,0.005490,-0.001035,-0.517289,False
2022-04-15,0.004808,0.005706,0.000024,-0.000053,-0.000027,0.000019,0.000095,-0.000279,0.005484,-0.000676,-0.338052,False
2022-04-16,0.004735,0.005706,0.000022,-0.000054,-0.000026,0.000017,0.000094,-0.000280,0.005479,-0.000744,-0.371791,False
2022-04-17,0.004584,0.005707,0.000020,-0.000056,-0.000025,0.000015,0.000093,-0.000280,0.005473,-0.000889,-0.444513,False
2022-04-18,0.004647,0.005707,0.000018,-0.000058,-0.000024,0.000013,0.000093,-0.000281,0.005467,-0.000820,-0.410222,False
2022-04-19,0.004645,0.005708,0.000016,-0.000059,-0.000023,0.000011,0.000092,-0.000282,0.005462,-0.000817,-0.408424,False
2022-04-20,0.004897,0.005708,0.000013,-0.000060,-0.000022,0.000009,0.000091,-0.000283,0.005456,-0.000559,-0.279624,False
2022-04-21,0.004652,0.005708,0.000011,-0.000062,-0.000021,0.000007,0.000091,-0.000284,0.005451,-0.000799,-0.399330,False
2022-04-22,0.004861,0.005709,0.000009,-0.000063,-0.000019,0.000005,0.000090,-0.000285,0.005445,-0.000584,-0.292046,False
2022-04-23,0.004510,0.005709,0.000007,-0.000064,-0.000018,0.000003,0.000089,-0.000286,0.005440,-0.000930,-0.464779,False
2022-04-24,0.004480,0.005710,0.000004,-0.000065,-0.000017,0.000001,0.000089,-0.000287,0.005434,-0.000954,-0.477035,False
2022-04-25,0.004827,0.005710,0.000002,-0.000066,-0.000016,-0.000001,0.000088,-0.000288,0.005429,-0.000602,-0.300821,False
2022-04-26,0.004613,0.005710,-0.000001,-0.000067,-0.000015,-0.000003,0.000087,-0.000289,0.005423,-0.000810,-0.405142,False
2022-04-27,0.004629,0.005711,-0.000003,-0.000068,-0.000014,-0.000005,0.000086,-0.000290,0.005418,-0.000789,-0.394506,False
2022-04-28,0.004847,0.005711,-0.000005,-0.000069,-0.000012,-0.000007,0.000086,-0.000291,0.005413,-0.000566,-0.282917,False
2022-04-29,0.004496,0.005712,-0.000008,-0.000070,-0.000011,-0.000009,0.000085,-0.000292,0.005408,-0.000912,-0.455882,False
2022-04-30,0.004500,0.005712,-0.000010,-0.000070,-0.000010,-0.000011,0.000084,-0.000293,0.005403,-0.000903,-0.451406,False
2022-05-01,0.004477,0.005713,-0.000012,-0.000071,-0.000009,-0.000013,0.000084,-0.000294,0.005398,-0.000921,-0.460497,False
2022-05-02,0.004483,0.005713,-0.000015,-0.000071,-0.000008,-0.000015,0.000083,-0.000295,0.005393,-0.000910,-0.455159,False
2022-05-03,0.004918,0.005713,-0.000017,-0.000071,-0.000006,-0.000017,0.000082,-0.000295,0.005389,-0.000471,-0.235398,False
2022-05-04,0.004697,0.005714,-0.000019,-0.000072,-0.000005,-0.000018,0.000081,-0.000296,0.005384,-0.000687,-0.343719,False
2022-05-05,0.004468,0.005714,-0.000021,-0.000072,-0.000004,-0.000020,0.000081,-0.000297,0.005380,-0.000912,-0.456127,False
2022-05-06,0.004515,0.005715,-0.000023,-0.000072,-0.000003,-0.000022,0.000080,-0.000298,0.005376,-0.000861,-0.430627,False
2022-05-07,0.004592,0.005715,-0.000024,-0.000072,-0.000002,-0.000024,0.000079,-0.000299,0.005372,-0.000780,-0.390223,False
2022-05-08,0.004578,0.005715,-0.000026,-0.000072,-0.000000,-0.000026,0.000078,-0.000300,0.005369,-0.000791,-0.395420,False
2022-05-09,0.004459,0.005716,-0.000028,-0.000072,0.000001,-0.000028,0.000078,-0.000301,0.005365,-0.000906,-0.453221,False
2022-05-10,0.004560,0.005716,-0.000029,-0.000072,0.000002,-0.000030,0.000077,-0.000302,0.005362,-0.000802,-0.401129,False
2022-05-11,0.004466,0.005717,-0.000030,-0.000071,0.000003,-0.000032,0.000076,-0.000303,0.005359,-0.000893,-0.446649,False
2022-05-12,0.004621,0.005717,-0.000031,-0.000071,0.000005,-0.000034,0.000075,-0.000304,0.005357,-0.000736,-0.367782,False
2022-05-13,0.004463,0.005717,-0.000032,-0.000070,0.000006,-0.000036,0.000074,-0.000305,0.005354,-0.000891,-0.445531,False
2022-05-14,0.004428,0.005718,-0.000033,-0.000070,0.000007,-0.000038,0.000074,-0.000306,0.005352,-0.000924,-0.461899,False
2022-05-15,0.004472,0.005718,-0.000034,-0.000069,0.000008,-0.000040,0.000073,-0.000306,0.005350,-0.000878,-0.438885,False
2022-05-16,0.004429,0.005719,-0.000034,-0.000068,0.000009,-0.000042,0.000072,-0.000307,0.005348,-0.000919,-0.459492,False
2022-05-17,0.004516,0.005719,-0.000035,-0.000068,0.000011,-0.000044,0.000071,-0.000308,0.005346,-0.000830,-0.415221,False
2022-05-18,0.004546,0.005719,-0.000035,-0.000067,0.000012,-0.000046,0.000070,-0.000309,0.005345,-0.000799,-0.399571,False
2022-05-19,0.004667,0.005720,-0.000035,-0.000066,0.000013,-0.000047,0.000070,-0.000310,0.005344,-0.000677,-0.338542,False
2022-05-20,0.004539,0.005720,-0.000035,-0.000065,0.000014,-0.000049,0.000069,-0.000311,0.005343,-0.000804,-0.402134,False
2022-05-21,0.004591,0.005721,-0.000035,-0.000064,0.000015,-0.000051,0.000068,-0.000312,0.005343,-0.000752,-0.375846,False
2022-05-22,0.004913,0.005721,-0.000034,-0.000062,0.000016,-0.000053,0.000067,-0.000313,0.005342,-0.000429,-0.214676,False
2022-05-23,0.004532,0.005721,-0.000033,-0.000061,0.000018,-0.000055,0.000066,-0.000314,0.005342,-0.000810,-0.405122,False
2022-05-24,0.004525,0.005722,-0.000033,-0.000060,0.000019,-0.000057,0.000066,-0.000315,0.005342,-0.000817,-0.408682,False
2022-05-25,0.004604,0.005722,-0.000032,-0.000058,0.000020,-0.000059,0.000065,-0.000315,0.005343,-0.000739,-0.369353,False
2022-05-26,0.004909,0.005723,-0.000031,-0.000057,0.000021,-0.000061,0.000064,-0.000316,0.005343,-0.000434,-0.217132,False
2022-05-27,0.004850,0.005723,-0.000029,-0.000055,0.000022,-0.000063,0.000063,-0.000317,0.005344,-0.000494,-0.247015,False
2022-05-28,0.004791,0.005723,-0.000028,-0.000054,0.000023,-0.000065,0.000062,-0.000318,0.005345,-0.000554,-0.276999,False
2022-05-29,0.004851,0.005724,-0.000026,-0.000052,0.000025,-0.000066,0.000061,-0.000319,0.005346,-0.000495,-0.247578,False
2022-05-30,0.004701,0.005724,-0.000025,-0.000050,0.000026,-0.000068,0.000061,-0.000320,0.005347,-0.000646,-0.323249,False
2022-05-31,0.004737,0.005725,-0.000023,-0.000048,0.000027,-0.000070,0.000060,-0.000321,0.005349,-0.000612,-0.306006,False
2022-06-01,0.004809,0.005725,-0.000021,-0.000046,0.000028,-0.000072,0.000059,-0.000322,0.005351,-0.000542,-0.270845,False
2022-06-02,0.004606,0.005725,-0.000019,-0.000045,0.000029,-0.000074,0.000058,-0.000322,0.005353,-0.000747,-0.373258,False
2022-06-03,0.004687,0.005726,-0.000017,-0.000043,0.000030,-0.000076,0.000057,-0.000323,0.005354,-0.000667,-0.333742,False
2022-06-04,0.004645,0.005726,-0.000015,-0.000041,0.000031,-0.000077,0.000056,-0.000324,0.005357,-0.000712,-0.355788,False
2022-06-05,0.004690,0.005727,-0.000013,-0.000038,0.000032,-0.000079,0.000055,-0.000325,0.005359,-0.000669,-0.334392,False
2022-06-06,0.004703,0.005727,-0.000010,-0.000036,0.000033,-0.000081,0.000054,-0.000326,0.005361,-0.000658,-0.329046,False
2022-06-07,0.004780,0.005728,-0.000008,-0.000034,0.000034,-0.000083,0.000054,-0.000327,0.005363,-0.000583,-0.291744,False
2022-06-08,0.004879,0.005728,-0.000006,-0.000032,0.000035,-0.000085,0.000053,-0.000328,0.005366,-0.000487,-0.243479,False
2022-06-09,0.004649,0.005728,-0.000003,-0.000030,0.000036,-0.000087,0.000052,-0.000329,0.005368,-0.000719,-0.359744,False
2022-06-10,0.005023,0.005729,-0.000001,-0.000027,0.000037,-0.000088,0.000051,-0.000329,0.005371,-0.000348,-0.174032,False
2022-06-11,0.004642,0.005729,0.000002,-0.000025,0.000038,-0.000090,0.000050,-0.000330,0.005374,-0.000732,-0.365836,False
2022-06-12,0.004850,0.005730,0.000004,-0.000023,0.000039,-0.000092,0.000049,-0.000331,0.005376,-0.000526,-0.263149,False
2022-06-13,0.004531,0.005730,0.000006,-0.000020,0.000040,-0.000094,0.000048,-0.000332,0.005379,-0.000848,-0.423963,False
2022-06-14,0.004535,0.005730,0.000009,-0.000018,0.000041,-0.000095,0.000047,-0.000333,0.005382,-0.000847,-0.423272,False
2022-06-15,0.004518,0.005731,0.000011,-0.000016,0.000042,-0.000097,0.000046,-0.000334,0.005384,-0.000866,-0.433068,False
2022-06-16,0.004559,0.005731,0.000013,-0.000013,0.000043,-0.000099,0.000046,-0.000335,0.005387,-0.000828,-0.413845,False
2022-06-17,0.004835,0.005732,0.000015,-0.000011,0.000044,-0.000101,0.000045,-0.000335,0.005389,-0.000554,-0.277095,False
2022-06-18,0.004686,0.005732,0.000018,-0.000008,0.000045,-0.000102,0.000044,-0.000336,0.005392,-0.000706,-0.352812,False
2022-06-19,0.004664,0.005732,0.000020,-0.000006,0.000046,-0.000104,0.000043,-0.000337,0.005394,-0.000730,-0.364990,False
2022-06-20,0.004684,0.005733,0.000022,-0.000003,0.000047,-0.000106,0.000042,-0.000338,0.005396,-0.000712,-0.356122,False
2022-06-21,0.004721,0.005733,0.000023,-0.000001,0.000048,-0.000107,0.000041,-0.000339,0.005398,-0.000677,-0.338702,False
2022-06-22,0.004861,0.005734,0.000025,0.000002,0.000049,-0.000109,0.000040,-0.000340,0.005400,-0.000539,-0.269724,False
2022-06-23,0.004809,0.005734,0.000027,0.000004,0.000050,-0.000111,0.000039,-0.000341,0.005402,-0.000593,-0.296682,False
2022-06-24,0.004884,0.005734,0.000028,0.000007,0.000051,-0.000113,0.000038,-0.000341,0.005404,-0.000520,-0.260072,False
2022-06-25,0.004734,0.005735,0.000030,0.000009,0.000051,-0.000114,0.000037,-0.000342,0.005406,-0.000672,-0.335888,False
2022-06-26,0.004744,0.005735,0.000031,0.000011,0.000052,-0.000116,0.000036,-0.000343,0.005407,-0.000663,-0.331625,False
2022-06-27,0.004631,0.005736,0.000032,0.000014,0.000053,-0.000118,0.000036,-0.000344,0.005409,-0.000778,-0.388779,False
2022-06-28,0.004926,0.005736,0.000033,0.000016,0.000054,-0.000119,0.000035,-0.000345,0.005410,-0.000484,-0.241846,False
2022-06-29,0.004768,0.005736,0.000034,0.000019,0.000055,-0.000121,0.000034,-0.000346,0.005411,-0.000643,-0.321323,False
2022-06-30,0.004896,0.005737,0.000034,0.000021,0.000055,-0.000122,0.000033,-0.000346,0.005411,-0.000515,-0.257706,False
2022-07-01,0.004737,0.005737,0.000035,0.000024,0.000056,-0.000124,0.000032,-0.000347,0.005412,-0.000675,-0.337492,False
2022-07-02,0.004742,0.005738,0.000035,0.000026,0.000057,-0.000126,0.000031,-0.000348,0.005412,-0.000670,-0.335179,False
2022-07-03,0.004699,0.005738,0.000035,0.000028,0.000057,-0.000127,0.000030,-0.000349,0.005413,-0.000714,-0.356765,False
2022-07-04,0.004882,0.005738,0.000035,0.000030,0.000058,-0.000129,0.000029,-0.000350,0.005412,-0.000530,-0.265247,False
2022-07-05,0.004750,0.005739,0.000035,0.000033,0.000059,-0.000130,0.000028,-0.000351,0.005412,-0.000662,-0.331126,False
2022-07-06,0.004866,0.005739,0.000034,0.000035,0.000059,-0.000132,0.000027,-0.000351,0.005412,-0.000546,-0.272900,False
2022-07-07,0.004688,0.005740,0.000034,0.000037,0.000060,-0.000133,0.000026,-0.000352,0.005411,-0.000723,-0.361569,False
2022-07-08,0.004692,0.005740,0.000033,0.000039,0.000061,-0.000135,0.000025,-0.000353,0.005410,-0.000718,-0.359132,False
2022-07-09,0.004857,0.005741,0.000032,0.000041,0.000061,-0.000136,0.000024,-0.000354,0.005409,-0.000552,-0.276090,False
2022-07-10,0.004688,0.005741,0.000031,0.000043,0.000062,-0.000138,0.000023,-0.000355,0.005408,-0.000720,-0.359945,False
2022-07-11,0.004734,0.005741,0.000030,0.000045,0.000062,-0.000139,0.000022,-0.000355,0.005406,-0.000672,-0.336196,False
2022-07-12,0.004709,0.005742,0.000029,0.000047,0.000063,-0.000141,0.000021,-0.000356,0.005405,-0.000696,-0.347847,False
2022-07-13,0.004703,0.005742,0.000027,0.000049,0.000063,-0.000142,0.000020,-0.000357,0.005403,-0.000700,-0.349898,False
2022-07-14,0.004712,0.005743,0.000026,0.000051,0.000064,-0.000144,0.000019,-0.000358,0.005401,-0.000689,-0.344352,False
2022-07-15,0.004687,0.005743,0.000024,0.000052,0.000064,-0.000145,0.000019,-0.000359,0.005398,-0.000711,-0.355712,False
2022-07-16,0.004814,0.005743,0.000022,0.000054,0.000065,-0.000147,0.000018,-0.000359,0.005396,-0.000582,-0.290981,False
2022-07-17,0.004692,0.005744,0.000020,0.000056,0.000065,-0.000148,0.000017,-0.000360,0.005393,-0.000701,-0.350662,False
2022-07-18,0.004729,0.005744,0.000018,0.000057,0.000066,-0.000150,0.000016,-0.000361,0.005391,-0.000662,-0.330758,False
2022-07-19,0.004834,0.005745,0.000016,0.000059,0.000066,-0.000151,0.000015,-0.000362,0.005388,-0.000554,-0.276774,False
2022-07-20,0.004735,0.005745,0.000014,0.000060,0.000067,-0.000152,0.000014,-0.000363,0.005384,-0.000649,-0.324714,False
2022-07-21,0.004784,0.005745,0.000012,0.000061,0.000067,-0.000154,0.000013,-0.000363,0.005381,-0.000597,-0.298582,False
2022-07-22,0.004678,0.005746,0.000010,0.000063,0.000067,-0.000155,0.000012,-0.000364,0.005378,-0.000700,-0.349882,False
2022-07-23,0.004650,0.005746,0.000007,0.000064,0.000068,-0.000157,0.000011,-0.000365,0.005374,-0.000724,-0.362120,False
2022-07-24,0.004569,0.005747,0.000005,0.000065,0.000068,-0.000158,0.000010,-0.000366,0.005371,-0.000802,-0.400800,False
2022-07-25,0.004637,0.005747,0.000002,0.000066,0.000068,-0.000159,0.000009,-0.000367,0.005367,-0.000730,-0.364927,False
2022-07-26,0.004731,0.005747,-0.000000,0.000067,0.000069,-0.000160,0.000008,-0.000367,0.005363,-0.000632,-0.316006,False
2022-07-27,0.004922,0.005748,-0.000002,0.000068,0.000069,-0.000162,0.000007,-0.000368,0.005359,-0.000437,-0.218543,False
2022-07-28,0.004716,0.005748,-0.000005,0.000069,0.000069,-0.000163,0.000006,-0.000369,0.005355,-0.000639,-0.319542,False
2022-07-29,0.004795,0.005749,-0.000007,0.000069,0.000069,-0.000164,0.000005,-0.000370,0.005351,-0.000556,-0.278010,False
2022-07-30,0.004837,0.005749,-0.000010,0.000070,0.000069,-0.000166,0.000004,-0.000371,0.005347,-0.000510,-0.254951,False
2022-07-31,0.004655,0.005749,-0.000012,0.000071,0.000070,-0.000167,0.000003,-0.000371,0.005343,-0.000688,-0.343870,False
2022-08-01,0.004710,0.005750,-0.000014,0.000071,0.000070,-0.000168,0.000002,-0.000372,0.005339,-0.000629,-0.314273,False
2022-08-02,0.005033,0.005750,-0.000016,0.000071,0.000070,-0.000169,0.000001,-0.000373,0.005334,-0.000301,-0.150664,False
2022-08-03,0.004948,0.005751,-0.000018,0.000072,0.000070,-0.000170,0.000000,-0.000374,0.005330,-0.000382,-0.191050,False
2022-08-04,0.005078,0.005751,-0.000020,0.000072,0.000070,-0.000172,-0.000001,-0.000374,0.005326,-0.000248,-0.123933,False
2022-08-05,0.004748,0.005751,-0.000022,0.000072,0.000070,-0.000173,-0.000002,-0.000375,0.005322,-0.000574,-0.286820,False
2022-08-06,0.004721,0.005752,-0.000024,0.000072,0.000070,-0.000174,-0.000003,-0.000376,0.005317,-0.000596,-0.298215,False
2022-08-07,0.004978,0.005752,-0.000026,0.000072,0.000070,-0.000175,-0.000004,-0.000377,0.005313,-0.000335,-0.167622,False
2022-08-08,0.004702,0.005753,-0.000027,0.000072,0.000070,-0.000176,-0.000005,-0.000377,0.005309,-0.000607,-0.303546,False
2022-08-09,0.004876,0.005753,-0.000029,0.000072,0.000070,-0.000177,-0.000006,-0.000378,0.005305,-0.000429,-0.214489,False
2022-08-10,0.004792,0.005753,-0.000030,0.000071,0.000070,-0.000179,-0.000007,-0.000379,0.005301,-0.000509,-0.254456,False
2022-08-11,0.004916,0.005754,-0.000031,0.000071,0.000070,-0.000180,-0.000008,-0.000380,0.005297,-0.000381,-0.190450,False
2022-08-12,0.004875,0.005754,-0.000032,0.000071,0.000070,-0.000181,-0.000008,-0.000380,0.005293,-0.000418,-0.208975,False
2022-08-13,0.004638,0.005755,-0.000033,0.000070,0.000070,-0.000182,-0.000009,-0.000381,0.005289,-0.000651,-0.325532,False
2022-08-14,0.004720,0.005755,-0.000034,0.000069,0.000070,-0.000183,-0.000010,-0.000382,0.005285,-0.000565,-0.282624,False
2022-08-15,0.004859,0.005756,-0.000034,0.000069,0.000070,-0.000184,-0.000011,-0.000383,0.005282,-0.000423,-0.211255,False
2022-08-16,0.004820,0.005756,-0.000035,0.000068,0.000069,-0.000185,-0.000012,-0.000383,0.005278,-0.000458,-0.228924,False
2022-08-17,0.005078,0.005756,-0.000035,0.000067,0.000069,-0.000186,-0.000013,-0.000384,0.005274,-0.000196,-0.098134,False
2022-08-18,0.004811,0.005757,-0.000035,0.000066,0.000069,-0.000187,-0.000014,-0.000385,0.005271,-0.000460,-0.229887,False
2022-08-19,0.004784,0.005757,-0.000035,0.000065,0.000069,-0.000188,-0.000015,-0.000386,0.005267,-0.000483,-0.241682,False
2022-08-20,0.004934,0.005758,-0.000035,0.000064,0.000069,-0.000189,-0.000016,-0.000386,0.005264,-0.000330,-0.165020,False
2022-08-21,0.004763,0.005758,-0.000034,0.000063,0.000068,-0.000190,-0.000017,-0.000387,0.005261,-0.000498,-0.248901,False
2022-08-22,0.004804,0.005758,-0.000034,0.000061,0.000068,-0.000191,-0.000018,-0.000388,0.005258,-0.000454,-0.226826,False
2022-08-23,0.005119,0.005759,-0.000033,0.000060,0.000068,-0.000191,-0.000019,-0.000389,0.005255,-0.000136,-0.067792,False
2022-08-24,0.005212,0.005759,-0.000032,0.000059,0.000067,-0.000192,-0.000020,-0.000389,0.005252,-0.000040,-0.019801,False
2022-08-25,0.004955,0.005760,-0.000031,0.000057,0.000067,-0.000193,-0.000021,-0.000390,0.005249,-0.000294,-0.146850,False
2022-08-26,0.004836,0.005760,-0.000030,0.000056,0.000067,-0.000194,-0.000022,-0.000391,0.005246,-0.000410,-0.204937,False
2022-08-27,0.004940,0.005760,-0.000028,0.000054,0.000066,-0.000195,-0.000023,-0.000392,0.005243,-0.000303,-0.151562,False
2022-08-28,0.004843,0.005761,-0.000027,0.000052,0.000066,-0.000196,-0.000024,-0.000392,0.005240,-0.000397,-0.198721,False
2022-08-29,0.004873,0.005761,-0.000025,0.000051,0.000065,-0.000197,-0.000025,-0.000393,0.005238,-0.000365,-0.182413,False
2022-08-30,0.004644,0.005762,-0.000023,0.000049,0.000065,-0.000197,-0.000026,-0.000394,0.005235,-0.000591,-0.295634,False
2022-08-31,0.004785,0.005762,-0.000022,0.000047,0.000065,-0.000198,-0.000027,-0.000394,0.005233,-0.000448,-0.223882,False
2022-09-01,0.004791,0.005762,-0.000020,0.000045,0.000064,-0.000199,-0.000028,-0.000395,0.005230,-0.000439,-0.219654,False
2022-09-02,0.004926,0.005763,-0.000018,0.000043,0.000064,-0.000200,-0.000029,-0.000396,0.005228,-0.000302,-0.150946,False
2022-09-03,0.004924,0.005763,-0.000015,0.000041,0.000063,-0.000200,-0.000029,-0.000397,0.005226,-0.000302,-0.150921,False
2022-09-04,0.004921,0.005764,-0.000013,0.000039,0.000062,-0.000201,-0.000030,-0.000397,0.005223,-0.000302,-0.150909,False
2022-09-05,0.004919,0.005764,-0.000011,0.000037,0.000062,-0.000202,-0.000031,-0.000398,0.005221,-0.000302,-0.150907,False
2022-09-06,0.004661,0.005764,-0.000009,0.000035,0.000061,-0.000202,-0.000032,-0.000399,0.005218,-0.000557,-0.278743,False
2022-09-07,0.004589,0.005765,-0.000006,0.000033,0.000061,-0.000203,-0.000033,-0.000399,0.005216,-0.000627,-0.313580,False
2022-09-08,0.004877,0.005765,-0.000004,0.000030,0.000060,-0.000204,-0.000034,-0.000400,0.005214,-0.000337,-0.168414,False
2022-09-09,0.004838,0.005766,-0.000002,0.000028,0.000059,-0.000204,-0.000035,-0.000401,0.005211,-0.000373,-0.186741,False
2022-09-10,0.004909,0.005766,0.000001,0.000026,0.000059,-0.000205,-0.000036,-0.000402,0.005209,-0.000300,-0.150057,False
2022-09-11,0.004764,0.005766,0.000003,0.000023,0.000058,-0.000205,-0.000037,-0.000402,0.005207,-0.000443,-0.221357,False
2022-09-12,0.004903,0.005767,0.000006,0.000021,0.000057,-0.000206,-0.000038,-0.000403,0.005204,-0.000301,-0.150637,False
2022-09-13,0.004772,0.005767,0.000008,0.000019,0.000057,-0.000207,-0.000039,-0.000404,0.005202,-0.000430,-0.214894,False
2022-09-14,0.005044,0.005768,0.000010,0.000016,0.000056,-0.000207,-0.000040,-0.000404,0.005199,-0.000155,-0.077622,False
2022-09-15,0.005076,0.005768,0.000013,0.000014,0.000055,-0.000208,-0.000041,-0.000405,0.005197,-0.000121,-0.060319,False
2022-09-16,0.004904,0.005769,0.000015,0.000011,0.000055,-0.000208,-0.000042,-0.000406,0.005194,-0.000290,-0.144980,False
2022-09-17,0.004594,0.005769,0.000017,0.000009,0.000054,-0.000209,-0.000042,-0.000406,0.005191,-0.000597,-0.298602,False
2022-09-18,0.004629,0.005769,0.000019,0.000006,0.000053,-0.000209,-0.000043,-0.000407,0.005188,-0.000559,-0.279681,False
2022-09-19,0.004613,0.005770,0.000021,0.000004,0.000052,-0.000210,-0.000044,-0.000408,0.005185,-0.000573,-0.286380,False
2022-09-20,0.004596,0.005770,0.000023,0.000001,0.000051,-0.000210,-0.000045,-0.000408,0.005182,-0.000586,-0.293031,False
2022-09-21,0.004580,0.005771,0.000025,-0.000001,0.000051,-0.000210,-0.000046,-0.000409,0.005179,-0.000599,-0.299630,False
2022-09-22,0.004774,0.005771,0.000026,-0.000003,0.000050,-0.000211,-0.000047,-0.000410,0.005176,-0.000402,-0.201008,False
2022-09-23,0.004541,0.005771,0.000028,-0.000006,0.000049,-0.000211,-0.000048,-0.000410,0.005173,-0.000632,-0.315829,False
2022-09-24,0.004611,0.005772,0.000029,-0.000008,0.000048,-0.000212,-0.000049,-0.000411,0.005169,-0.000558,-0.279091,False
2022-09-25,0.004898,0.005772,0.000031,-0.000011,0.000047,-0.000212,-0.000050,-0.000412,0.005166,-0.000268,-0.133794,False
2022-09-26,0.005061,0.005773,0.000032,-0.000013,0.000046,-0.000212,-0.000051,-0.000412,0.005162,-0.000101,-0.050434,False
2022-09-27,0.004648,0.005773,0.000033,-0.000016,0.000045,-0.000213,-0.000051,-0.000413,0.005158,-0.000510,-0.255012,False
2022-09-28,0.004980,0.005773,0.000033,-0.000018,0.000044,-0.000213,-0.000052,-0.000414,0.005154,-0.000174,-0.087027,False
2022-09-29,0.004854,0.005774,0.000034,-0.000021,0.000043,-0.000213,-0.000053,-0.000414,0.005150,-0.000296,-0.147978,False
2022-09-30,0.004725,0.005774,0.000035,-0.000023,0.000042,-0.000213,-0.000054,-0.000415,0.005146,-0.000421,-0.210366,False
2022-10-01,0.004863,0.005775,0.000035,-0.000025,0.000042,-0.000214,-0.000055,-0.000416,0.005141,-0.000278,-0.139190,False
2022-10-02,0.004672,0.005775,0.000035,-0.000028,0.000041,-0.000214,-0.000056,-0.000416,0.005137,-0.000465,-0.232453,False
2022-10-03,0.004846,0.005775,0.000035,-0.000030,0.000040,-0.000214,-0.000057,-0.000417,0.005132,-0.000286,-0.143154,False
2022-10-04,0.004756,0.005776,0.000035,-0.000032,0.000039,-0.000214,-0.000058,-0.000418,0.005128,-0.000372,-0.185795,False
2022-10-05,0.004660,0.005776,0.000034,-0.000034,0.000038,-0.000214,-0.000058,-0.000418,0.005123,-0.000463,-0.231380,False
2022-10-06,0.004714,0.005777,0.000034,-0.000036,0.000036,-0.000215,-0.000059,-0.000419,0.005118,-0.000404,-0.201908,False
2022-10-07,0.004711,0.005777,0.000033,-0.000039,0.000035,-0.000215,-0.000060,-0.000420,0.005113,-0.000402,-0.200884,False
2022-10-08,0.004818,0.005777,0.000032,-0.000041,0.000034,-0.000215,-0.000061,-0.000420,0.005108,-0.000290,-0.144811,False
2022-10-09,0.004790,0.005778,0.000031,-0.000043,0.000033,-0.000215,-0.000062,-0.000421,0.005102,-0.000312,-0.156191,False
2022-10-10,0.004683,0.005778,0.000030,-0.000045,0.000032,-0.000215,-0.000063,-0.000422,0.005097,-0.000414,-0.207029,False
2022-10-11,0.004981,0.005779,0.000029,-0.000047,0.000031,-0.000215,-0.000064,-0.000422,0.005092,-0.000111,-0.055328,False
2022-10-12,0.004945,0.005779,0.000028,-0.000048,0.000030,-0.000215,-0.000064,-0.000423,0.005086,-0.000141,-0.070593,False
2022-10-13,0.004927,0.005779,0.000026,-0.000050,0.000029,-0.000215,-0.000065,-0.000423,0.005081,-0.000154,-0.076828,False
2022-10-14,0.004734,0.005780,0.000024,-0.000052,0.000028,-0.000215,-0.000066,-0.000424,0.005075,-0.000341,-0.170539,False
2022-10-15,0.004746,0.005780,0.000023,-0.000054,0.000027,-0.000215,-0.000067,-0.000425,0.005069,-0.000323,-0.161730,False
2022-10-16,0.004832,0.005781,0.000021,-0.000055,0.000026,-0.000215,-0.000068,-0.000425,0.005064,-0.000232,-0.115907,False
2022-10-17,0.004729,0.005781,0.000019,-0.000057,0.000025,-0.000215,-0.000068,-0.000426,0.005058,-0.000329,-0.164576,False
2022-10-18,0.004938,0.005781,0.000017,-0.000058,0.000023,-0.000215,-0.000069,-0.000427,0.005052,-0.000114,-0.057242,False
2022-10-19,0.004909,0.005782,0.000015,-0.000060,0.000022,-0.000215,-0.000070,-0.000427,0.005047,-0.000138,-0.068912,False
2022-10-20,0.004764,0.005782,0.000012,-0.000061,0.000021,-0.000215,-0.000071,-0.000428,0.005041,-0.000277,-0.138591,False
2022-10-21,0.004789,0.005783,0.000010,-0.000062,0.000020,-0.000215,-0.000072,-0.000428,0.005036,-0.000247,-0.123285,False
2022-10-22,0.004688,0.005783,0.000008,-0.000064,0.000019,-0.000215,-0.000072,-0.000429,0.005030,-0.000342,-0.171002,False
2022-10-23,0.004672,0.005784,0.000005,-0.000065,0.000018,-0.000214,-0.000073,-0.000430,0.005024,-0.000352,-0.176248,False
2022-10-24,0.004634,0.005784,0.000003,-0.000066,0.000016,-0.000214,-0.000074,-0.000430,0.005019,-0.000385,-0.192528,False
2022-10-25,0.004726,0.005784,0.000001,-0.000067,0.000015,-0.000214,-0.000075,-0.000431,0.005014,-0.000288,-0.143850,False
2022-10-26,0.004934,0.005785,-0.000002,-0.000068,0.000014,-0.000214,-0.000076,-0.000431,0.005008,-0.000074,-0.037220,False
2022-10-27,0.004803,0.005785,-0.000004,-0.000068,0.000013,-0.000214,-0.000076,-0.000432,0.005003,-0.000200,-0.100144,False
2022-10-28,0.004847,0.005786,-0.000007,-0.000069,0.000012,-0.000213,-0.000077,-0.000433,0.004998,-0.000151,-0.075629,False
2022-10-29,0.004671,0.005786,-0.000009,-0.000070,0.000011,-0.000213,-0.000078,-0.000433,0.004993,-0.000322,-0.161181,False
2022-10-30,0.004691,0.005786,-0.000011,-0.000070,0.000009,-0.000213,-0.000079,-0.000434,0.004989,-0.000298,-0.148807,False
2022-10-31,0.004671,0.005787,-0.000014,-0.000071,0.000008,-0.000213,-0.000079,-0.000434,0.004984,-0.000313,-0.156511,False
2022-11-01,0.004687,0.005787,-0.000016,-0.000071,0.000007,-0.000212,-0.000080,-0.000435,0.004980,-0.000293,-0.146301,False
2022-11-02,0.004746,0.005788,-0.000018,-0.000072,0.000006,-0.000212,-0.000081,-0.000436,0.004975,-0.000229,-0.114681,False
2022-11-03,0.004880,0.005788,-0.000020,-0.000072,0.000005,-0.000212,-0.000082,-0.000436,0.004971,-0.000091,-0.045657,False
2022-11-04,0.004694,0.005788,-0.000022,-0.000072,0.000003,-0.000211,-0.000082,-0.000437,0.004967,-0.000273,-0.136734,False
2022-11-05,0.004647,0.005789,-0.000024,-0.000072,0.000002,-0.000211,-0.000083,-0.000437,0.004964,-0.000317,-0.158418,False
2022-11-06,0.004640,0.005789,-0.000025,-0.000072,0.000001,-0.000210,-0.000084,-0.000438,0.004960,-0.000320,-0.160211,False
2022-11-07,0.004672,0.005790,-0.000027,-0.000072,-0.000000,-0.000210,-0.000085,-0.000439,0.004957,-0.000285,-0.142620,False
2022-11-08,0.004705,0.005790,-0.000028,-0.000072,-0.000001,-0.000210,-0.000085,-0.000439,0.004954,-0.000249,-0.124647,False
2022-11-09,0.004577,0.005790,-0.000030,-0.000071,-0.000003,-0.000209,-0.000086,-0.000440,0.004952,-0.000375,-0.187297,False
2022-11-10,0.004724,0.005791,-0.000031,-0.000071,-0.000004,-0.000209,-0.000087,-0.000440,0.004949,-0.000225,-0.112572,False
2022-11-11,0.004649,0.005791,-0.000032,-0.000071,-0.000005,-0.000208,-0.000087,-0.000441,0.004947,-0.000298,-0.148976,False
2022-11-12,0.004558,0.005792,-0.000033,-0.000070,-0.000006,-0.000208,-0.000088,-0.000441,0.004945,-0.000387,-0.193510,False
2022-11-13,0.004594,0.005792,-0.000034,-0.000070,-0.000008,-0.000207,-0.000089,-0.000442,0.004943,-0.000349,-0.174677,False
2022-11-14,0.004642,0.005792,-0.000034,-0.000069,-0.000009,-0.000207,-0.000090,-0.000443,0.004942,-0.000300,-0.149979,False
2022-11-15,0.004579,0.005793,-0.000035,-0.000068,-0.000010,-0.000206,-0.000090,-0.000443,0.004941,-0.000362,-0.180915,False
2022-11-16,0.004553,0.005793,-0.000035,-0.000067,-0.000011,-0.000206,-0.000091,-0.000444,0.004940,-0.000387,-0.193488,False
2022-11-17,0.004531,0.005794,-0.000035,-0.000066,-0.000012,-0.000205,-0.000092,-0.000444,0.004939,-0.000408,-0.204197,False
2022-11-18,0.004586,0.005794,-0.000035,-0.000065,-0.000013,-0.000204,-0.000092,-0.000445,0.004939,-0.000353,-0.176543,False
2022-11-19,0.004619,0.005794,-0.000035,-0.000064,-0.000015,-0.000204,-0.000093,-0.000445,0.004939,-0.000320,-0.160024,False
2022-11-20,0.004628,0.005795,-0.000034,-0.000063,-0.000016,-0.000203,-0.000094,-0.000446,0.004939,-0.000311,-0.155640,False
2022-11-21,0.004645,0.005795,-0.000034,-0.000062,-0.000017,-0.000202,-0.000094,-0.000446,0.004940,-0.000295,-0.147389,False
2022-11-22,0.004611,0.005796,-0.000033,-0.000060,-0.000018,-0.000202,-0.000095,-0.000447,0.004941,-0.000330,-0.164769,False
2022-11-23,0.004589,0.005796,-0.000032,-0.000059,-0.000019,-0.000201,-0.000096,-0.000447,0.004942,-0.000353,-0.176279,False
2022-11-24,0.004679,0.005797,-0.000031,-0.000058,-0.000021,-0.000200,-0.000096,-0.000448,0.004943,-0.000264,-0.131914,False
2022-11-25,0.004790,0.005797,-0.000030,-0.000056,-0.000022,-0.000200,-0.000097,-0.000449,0.004944,-0.000154,-0.077172,False
2022-11-26,0.004697,0.005797,-0.000029,-0.000054,-0.000023,-0.000199,-0.000097,-0.000449,0.004946,-0.000249,-0.124550,False
2022-11-27,0.004507,0.005798,-0.000027,-0.000053,-0.000024,-0.000198,-0.000098,-0.000450,0.004948,-0.000441,-0.220543,False
2022-11-28,0.004673,0.005798,-0.000026,-0.000051,-0.000025,-0.000197,-0.000099,-0.000450,0.004950,-0.000277,-0.138648,False
2022-11-29,0.004550,0.005799,-0.000024,-0.000049,-0.000026,-0.000197,-0.000099,-0.000451,0.004953,-0.000403,-0.201359,False
2022-11-30,0.004529,0.005799,-0.000022,-0.000047,-0.000027,-0.000196,-0.000100,-0.000451,0.004955,-0.000426,-0.213172,False
2022-12-01,0.004575,0.005799,-0.000020,-0.000046,-0.000028,-0.000195,-0.000100,-0.000452,0.004958,-0.000383,-0.191581,False
2022-12-02,0.004589,0.005800,-0.000018,-0.000044,-0.000030,-0.000194,-0.000101,-0.000452,0.004961,-0.000372,-0.186081,False
2022-12-03,0.004575,0.005800,-0.000016,-0.000042,-0.000031,-0.000193,-0.000102,-0.000453,0.004964,-0.000389,-0.194666,False
2022-12-04,0.004520,0.005801,-0.000014,-0.000040,-0.000032,-0.000192,-0.000102,-0.000453,0.004968,-0.000448,-0.223831,False
2022-12-05,0.004474,0.005801,-0.000012,-0.000037,-0.000033,-0.000191,-0.000103,-0.000454,0.004971,-0.000497,-0.248568,False
2022-12-06,0.004542,0.005801,-0.000009,-0.000035,-0.000034,-0.000191,-0.000103,-0.000454,0.004975,-0.000433,-0.216371,False
2022-12-07,0.004710,0.005802,-0.000007,-0.000033,-0.000035,-0.000190,-0.000104,-0.000455,0.004978,-0.000268,-0.134234,False
2022-12-08,0.004573,0.005802,-0.000005,-0.000031,-0.000036,-0.000189,-0.000105,-0.000455,0.004982,-0.000409,-0.204650,False
2022-12-09,0.004633,0.005803,-0.000002,-0.000029,-0.000037,-0.000188,-0.000105,-0.000456,0.004986,-0.000353,-0.176613,False
2022-12-10,0.004573,0.005803,0.000000,-0.000026,-0.000038,-0.000187,-0.000106,-0.000456,0.004990,-0.000417,-0.208615,False
2022-12-11,0.004504,0.005803,0.000003,-0.000024,-0.000039,-0.000186,-0.000106,-0.000457,0.004994,-0.000490,-0.245149,False
2022-12-12,0.004611,0.005804,0.000005,-0.000022,-0.000040,-0.000185,-0.000107,-0.000457,0.004998,-0.000387,-0.193709,False
2022-12-13,0.004740,0.005804,0.000007,-0.000019,-0.000041,-0.000184,-0.000107,-0.000458,0.005003,-0.000263,-0.131287,False
2022-12-14,0.004815,0.005805,0.000010,-0.000017,-0.000042,-0.000183,-0.000108,-0.000458,0.005007,-0.000192,-0.095877,False
2022-12-15,0.004554,0.005805,0.000012,-0.000014,-0.000043,-0.000182,-0.000108,-0.000459,0.005011,-0.000457,-0.228471,False
2022-12-16,0.004658,0.005805,0.000014,-0.000012,-0.000044,-0.000181,-0.000109,-0.000459,0.005015,-0.000357,-0.178564,False
2022-12-17,0.004546,0.005806,0.000016,-0.000010,-0.000045,-0.000180,-0.000109,-0.000460,0.005019,-0.000473,-0.236648,False
2022-12-18,0.004536,0.005806,0.000019,-0.000007,-0.000046,-0.000179,-0.000110,-0.000460,0.005023,-0.000487,-0.243717,False
2022-12-19,0.004542,0.005807,0.000021,-0.000005,-0.000047,-0.000177,-0.000110,-0.000461,0.005028,-0.000486,-0.242764,False
2022-12-20,0.004765,0.005807,0.000022,-0.000002,-0.000048,-0.000176,-0.000111,-0.000461,0.005032,-0.000267,-0.133284,False
2022-12-21,0.004679,0.005807,0.000024,0.000000,-0.000048,-0.000175,-0.000111,-0.000462,0.005036,-0.000357,-0.178271,False
2022-12-22,0.004518,0.005808,0.000026,0.000003,-0.000049,-0.000174,-0.000112,-0.000462,0.005039,-0.000521,-0.260719,False
2022-12-23,0.004573,0.005808,0.000028,0.000005,-0.000050,-0.000173,-0.000112,-0.000463,0.005043,-0.000470,-0.235122,False
2022-12-24,0.004543,0.005809,0.000029,0.000008,-0.000051,-0.000172,-0.000113,-0.000463,0.005047,-0.000504,-0.251976,False
2022-12-25,0.004598,0.005809,0.000030,0.000010,-0.000052,-0.000171,-0.000113,-0.000464,0.005051,-0.000453,-0.226276,False
2022-12-26,0.004631,0.005809,0.000031,0.000013,-0.000053,-0.000169,-0.000113,-0.000464,0.005054,-0.000423,-0.211518,False
2022-12-27,0.004681,0.005810,0.000032,0.000015,-0.000053,-0.000168,-0.000114,-0.000465,0.005057,-0.000376,-0.188196,False
2022-12-28,0.004746,0.005810,0.000033,0.000018,-0.000054,-0.000167,-0.000114,-0.000465,0.005061,-0.000315,-0.157309,False
2022-12-29,0.004623,0.005811,0.000034,0.000020,-0.000055,-0.000166,-0.000115,-0.000466,0.005064,-0.000441,-0.220351,False
2022-12-30,0.004506,0.005811,0.000034,0.000022,-0.000056,-0.000164,-0.000115,-0.000466,0.005067,-0.000561,-0.280321,False
2022-12-31,0.004642,0.005812,0.000035,0.000025,-0.000056,-0.000163,-0.000116,-0.000466,0.005069,-0.000427,-0.213716,False
2023-01-01,0.004632,0.005812,0.000035,0.000027,-0.000057,-0.000162,-0.000116,-0.000467,0.005072,-0.000440,-0.220034,False
2023-01-02,0.004671,0.005812,0.000035,0.000029,-0.000058,-0.000161,-0.000116,-0.000467,0.005075,-0.000404,-0.201772,False
2023-01-03,0.004619,0.005813,0.000035,0.000032,-0.000058,-0.000159,-0.000117,-0.000468,0.005077,-0.000458,-0.228929,False
2023-01-04,0.004535,0.005813,0.000035,0.000034,-0.000059,-0.000158,-0.000117,-0.000468,0.005079,-0.000544,-0.272005,False
2023-01-05,0.004640,0.005814,0.000034,0.000036,-0.000060,-0.000157,-0.000118,-0.000469,0.005081,-0.000441,-0.220499,False
2023-01-06,0.004653,0.005814,0.000033,0.000038,-0.000060,-0.000155,-0.000118,-0.000469,0.005083,-0.000430,-0.214911,False
2023-01-07,0.004623,0.005814,0.000033,0.000040,-0.000061,-0.000154,-0.000118,-0.000470,0.005084,-0.000461,-0.230741,False
2023-01-08,0.004609,0.005815,0.000032,0.000042,-0.000062,-0.000152,-0.000119,-0.000470,0.005086,-0.000477,-0.238490,False
2023-01-09,0.004568,0.005815,0.000031,0.000044,-0.000062,-0.000151,-0.000119,-0.000470,0.005087,-0.000519,-0.259658,False
2023-01-10,0.004619,0.005816,0.000029,0.000046,-0.000063,-0.000150,-0.000119,-0.000471,0.005088,-0.000469,-0.234747,False
2023-01-11,0.004682,0.005816,0.000028,0.000048,-0.000063,-0.000148,-0.000120,-0.000471,0.005090,-0.000408,-0.203760,False
2023-01-12,0.004690,0.005816,0.000027,0.000050,-0.000064,-0.000147,-0.000120,-0.000472,0.005090,-0.000400,-0.200198,False
2023-01-13,0.004637,0.005817,0.000025,0.000052,-0.000064,-0.000145,-0.000120,-0.000472,0.005091,-0.000454,-0.227064,False
2023-01-14,0.004545,0.005817,0.000023,0.000053,-0.000065,-0.000144,-0.000121,-0.000473,0.005092,-0.000547,-0.273360,False
2023-01-15,0.004568,0.005818,0.000021,0.000055,-0.000065,-0.000143,-0.000121,-0.000473,0.005092,-0.000524,-0.262090,False
2023-01-16,0.004611,0.005818,0.000019,0.000056,-0.000066,-0.000141,-0.000121,-0.000473,0.005093,-0.000482,-0.240757,False
2023-01-17,0.004564,0.005818,0.000017,0.000058,-0.000066,-0.000140,-0.000122,-0.000474,0.005093,-0.000529,-0.264365,False
2023-01-18,0.004639,0.005819,0.000015,0.000059,-0.000066,-0.000138,-0.000122,-0.000474,0.005093,-0.000454,-0.226918,False
2023-01-19,0.004635,0.005819,0.000013,0.000061,-0.000067,-0.000137,-0.000122,-0.000475,0.005093,-0.000458,-0.228920,False
2023-01-20,0.004697,0.005820,0.000011,0.000062,-0.000067,-0.000135,-0.000122,-0.000475,0.005093,-0.000396,-0.197876,False
2023-01-21,0.004763,0.005820,0.000008,0.000063,-0.000068,-0.000133,-0.000123,-0.000475,0.005093,-0.000330,-0.164790,False
2023-01-22,0.004922,0.005820,0.000006,0.000064,-0.000068,-0.000132,-0.000123,-0.000476,0.005092,-0.000170,-0.085166,False
2023-01-23,0.004774,0.005821,0.000004,0.000066,-0.000068,-0.000130,-0.000123,-0.000476,0.005092,-0.000318,-0.159011,False
2023-01-24,0.004679,0.005821,0.000001,0.000067,-0.000068,-0.000129,-0.000123,-0.000477,0.005092,-0.000413,-0.206328,False
2023-01-25,0.004812,0.005822,-0.000001,0.000067,-0.000069,-0.000127,-0.000124,-0.000477,0.005091,-0.000279,-0.139624,False
2023-01-26,0.004883,0.005822,-0.000004,0.000068,-0.000069,-0.000126,-0.000124,-0.000478,0.005091,-0.000208,-0.103902,False
2023-01-27,0.004613,0.005822,-0.000006,0.000069,-0.000069,-0.000124,-0.000124,-0.000478,0.005090,-0.000477,-0.238669,False
2023-01-28,0.004641,0.005823,-0.000008,0.000070,-0.000069,-0.000122,-0.000124,-0.000478,0.005090,-0.000449,-0.224429,False
2023-01-29,0.004878,0.005823,-0.000011,0.000070,-0.000069,-0.000121,-0.000125,-0.000479,0.005089,-0.000211,-0.105688,False
2023-01-30,0.004876,0.005824,-0.000013,0.000071,-0.000070,-0.000119,-0.000125,-0.000479,0.005089,-0.000213,-0.106450,False
2023-01-31,0.004838,0.005824,-0.000015,0.000071,-0.000070,-0.000118,-0.000125,-0.000479,0.005088,-0.000250,-0.125221,False
2023-02-01,0.004778,0.005825,-0.000017,0.000072,-0.000070,-0.000116,-0.000125,-0.000480,0.005088,-0.000310,-0.155006,False
2023-02-02,0.004891,0.005825,-0.000019,0.000072,-0.000070,-0.000114,-0.000125,-0.000480,0.005088,-0.000197,-0.098310,False
2023-02-03,0.004690,0.005825,-0.000021,0.000072,-0.000070,-0.000113,-0.000125,-0.000481,0.005087,-0.000397,-0.198636,False
2023-02-04,0.004724,0.005826,-0.000023,0.000072,-0.000070,-0.000111,-0.000126,-0.000481,0.005087,-0.000363,-0.181491,False
2023-02-05,0.004715,0.005826,-0.000025,0.000072,-0.000070,-0.000109,-0.000126,-0.000481,0.005087,-0.000372,-0.185877,False
2023-02-06,0.004706,0.005827,-0.000027,0.000072,-0.000070,-0.000108,-0.000126,-0.000482,0.005087,-0.000381,-0.190299,False
2023-02-07,0.004685,0.005827,-0.000028,0.000072,-0.000070,-0.000106,-0.000126,-0.000482,0.005087,-0.000402,-0.200762,False
2023-02-08,0.004696,0.005827,-0.000029,0.000072,-0.000070,-0.000104,-0.000126,-0.000482,0.005087,-0.000391,-0.195267,False
2023-02-09,0.004609,0.005828,-0.000031,0.000071,-0.000070,-0.000102,-0.000126,-0.000483,0.005087,-0.000477,-0.238720,False
2023-02-10,0.004522,0.005828,-0.000032,0.000071,-0.000070,-0.000101,-0.000126,-0.000483,0.005087,-0.000564,-0.282223,False
2023-02-11,0.004436,0.005829,-0.000033,0.000070,-0.000070,-0.000099,-0.000127,-0.000484,0.005087,-0.000652,-0.325778,False
2023-02-12,0.004349,0.005829,-0.000033,0.000070,-0.000070,-0.000097,-0.000127,-0.000484,0.005088,-0.000739,-0.369388,False
2023-02-13,0.004262,0.005829,-0.000034,0.000069,-0.000070,-0.000095,-0.000127,-0.000484,0.005088,-0.000826,-0.413056,False
2023-02-14,0.004304,0.005830,-0.000035,0.000068,-0.000070,-0.000094,-0.000127,-0.000485,0.005089,-0.000785,-0.392383,False
2023-02-15,0.004211,0.005830,-0.000035,0.000067,-0.000069,-0.000092,-0.000127,-0.000485,0.005090,-0.000878,-0.439020,False
2023-02-16,0.004119,0.005831,-0.000035,0.000066,-0.000069,-0.000090,-0.000127,-0.000485,0.005090,-0.000971,-0.485719,False
2023-02-17,0.004491,0.005831,-0.000035,0.000065,-0.000069,-0.000088,-0.000127,-0.000486,0.005091,-0.000600,-0.300230,False
2023-02-18,0.004088,0.005831,-0.000035,0.000064,-0.000069,-0.000087,-0.000127,-0.000486,0.005093,-0.001005,-0.502304,False
2023-02-19,0.004251,0.005832,-0.000034,0.000063,-0.000068,-0.000085,-0.000127,-0.000486,0.005094,-0.000843,-0.421441,False
2023-02-20,0.004263,0.005832,-0.000034,0.000062,-0.000068,-0.000083,-0.000127,-0.000487,0.005095,-0.000832,-0.415997,False
2023-02-21,0.004276,0.005833,-0.000033,0.000061,-0.000068,-0.000081,-0.000127,-0.000487,0.005097,-0.000821,-0.410616,False
2023-02-22,0.004288,0.005833,-0.000032,0.000059,-0.000068,-0.000079,-0.000127,-0.000487,0.005098,-0.000811,-0.405295,False
2023-02-23,0.004300,0.005833,-0.000031,0.000058,-0.000067,-0.000078,-0.000127,-0.000488,0.005100,-0.000800,-0.400034,False
2023-02-24,0.004312,0.005834,-0.000030,0.000056,-0.000067,-0.000076,-0.000127,-0.000488,0.005102,-0.000790,-0.394832,False
2023-02-25,0.004325,0.005834,-0.000029,0.000055,-0.000066,-0.000074,-0.000127,-0.000488,0.005104,-0.000779,-0.389685,False
2023-02-26,0.004337,0.005835,-0.000028,0.000053,-0.000066,-0.000072,-0.000127,-0.000489,0.005106,-0.000769,-0.384592,False
2023-02-27,0.004248,0.005835,-0.000026,0.000051,-0.000066,-0.000070,-0.000127,-0.000489,0.005108,-0.000860,-0.430027,False
2023-02-28,0.004160,0.005835,-0.000024,0.000050,-0.000065,-0.000068,-0.000127,-0.000489,0.005111,-0.000951,-0.475510,False
2023-03-01,0.004071,0.005836,-0.000022,0.000048,-0.000065,-0.000066,-0.000127,-0.000490,0.005113,-0.001042,-0.521038,False
2023-03-02,0.004107,0.005836,-0.000021,0.000046,-0.000064,-0.000065,-0.000127,-0.000490,0.005116,-0.001009,-0.504276,False
2023-03-03,0.004143,0.005837,-0.000019,0.000044,-0.000064,-0.000063,-0.000127,-0.000490,0.005118,-0.000975,-0.487552,False
2023-03-04,0.004179,0.005837,-0.000016,0.000042,-0.000063,-0.000061,-0.000127,-0.000490,0.005121,-0.000942,-0.470862,False
2023-03-05,0.004075,0.005837,-0.000014,0.000040,-0.000063,-0.000059,-0.000127,-0.000491,0.005123,-0.001048,-0.524204,False
2023-03-06,0.004079,0.005838,-0.000012,0.000038,-0.000062,-0.000057,-0.000127,-0.000491,0.005126,-0.001047,-0.523572,False
2023-03-07,0.004113,0.005838,-0.000010,0.000036,-0.000062,-0.000055,-0.000127,-0.000491,0.005129,-0.001016,-0.507964,False
2023-03-08,0.004147,0.005839,-0.000007,0.000034,-0.000061,-0.000053,-0.000127,-0.000492,0.005132,-0.000985,-0.492373,False
2023-03-09,0.004132,0.005839,-0.000005,0.000031,-0.000060,-0.000051,-0.000127,-0.000492,0.005135,-0.001003,-0.501296,False
2023-03-10,0.004399,0.005840,-0.000003,0.000029,-0.000060,-0.000049,-0.000127,-0.000492,0.005137,-0.000738,-0.368979,False
2023-03-11,0.004667,0.005840,-0.000000,0.000027,-0.000059,-0.000048,-0.000127,-0.000493,0.005140,-0.000473,-0.236667,False
2023-03-12,0.004544,0.005840,0.000002,0.000025,-0.000058,-0.000046,-0.000127,-0.000493,0.005143,-0.000599,-0.299605,False
2023-03-13,0.004421,0.005841,0.000005,0.000022,-0.000058,-0.000044,-0.000127,-0.000493,0.005146,-0.000725,-0.362539,False
2023-03-14,0.004405,0.005841,0.000007,0.000020,-0.000057,-0.000042,-0.000127,-0.000493,0.005149,-0.000744,-0.371892,False
2023-03-15,0.004389,0.005842,0.000009,0.000017,-0.000056,-0.000040,-0.000126,-0.000494,0.005152,-0.000762,-0.381233,False
2023-03-16,0.004373,0.005842,0.000012,0.000015,-0.000056,-0.000038,-0.000126,-0.000494,0.005155,-0.000781,-0.390557,False
2023-03-17,0.004358,0.005842,0.000014,0.000013,-0.000055,-0.000036,-0.000126,-0.000494,0.005157,-0.000800,-0.399859,False
2023-03-18,0.004342,0.005843,0.000016,0.000010,-0.000054,-0.000034,-0.000126,-0.000495,0.005160,-0.000818,-0.409135,False
2023-03-19,0.004326,0.005843,0.000018,0.000008,-0.000053,-0.000032,-0.000126,-0.000495,0.005163,-0.000837,-0.418382,False
2023-03-20,0.004310,0.005844,0.000020,0.000005,-0.000053,-0.000030,-0.000126,-0.000495,0.005165,-0.000855,-0.427595,False
2023-03-21,0.004299,0.005844,0.000022,0.000003,-0.000052,-0.000028,-0.000126,-0.000495,0.005168,-0.000869,-0.434531,False
2023-03-22,0.004287,0.005844,0.000024,0.000000,-0.000051,-0.000026,-0.000125,-0.000496,0.005170,-0.000883,-0.441426,False
2023-03-23,0.004276,0.005845,0.000026,-0.000002,-0.000050,-0.000024,-0.000125,-0.000496,0.005172,-0.000897,-0.448278,False
2023-03-24,0.004265,0.005845,0.000027,-0.000005,-0.000049,-0.000022,-0.000125,-0.000496,0.005175,-0.000910,-0.455085,False
2023-03-25,0.004253,0.005846,0.000029,-0.000007,-0.000048,-0.000021,-0.000125,-0.000496,0.005177,-0.000924,-0.461843,False
2023-03-26,0.004242,0.005846,0.000030,-0.000010,-0.000048,-0.000019,-0.000125,-0.000497,0.005179,-0.000937,-0.468550,False
2023-03-27,0.004230,0.005846,0.000031,-0.000012,-0.000047,-0.000017,-0.000124,-0.000497,0.005181,-0.000950,-0.475205,False
2023-03-28,0.004219,0.005847,0.000032,-0.000015,-0.000046,-0.000015,-0.000124,-0.000497,0.005183,-0.000964,-0.481805,False
2023-03-29,0.004372,0.005847,0.000033,-0.000017,-0.000045,-0.000013,-0.000124,-0.000497,0.005184,-0.000812,-0.406038,False
2023-03-30,0.004526,0.005848,0.000034,-0.000019,-0.000044,-0.000011,-0.000124,-0.000498,0.005186,-0.000660,-0.330215,False
2023-03-31,0.004679,0.005848,0.000034,-0.000022,-0.000043,-0.000009,-0.000124,-0.000498,0.005187,-0.000509,-0.254335,False
2023-04-01,0.004832,0.005848,0.000035,-0.000024,-0.000042,-0.000007,-0.000123,-0.000498,0.005189,-0.000357,-0.178398,False
2023-04-02,0.004824,0.005849,0.000035,-0.000026,-0.000041,-0.000005,-0.000123,-0.000498,0.005190,-0.000366,-0.182966,False
2023-04-03,0.004816,0.005849,0.000035,-0.000029,-0.000040,-0.000003,-0.000123,-0.000499,0.005191,-0.000375,-0.187479,False
2023-04-04,0.004808,0.005850,0.000035,-0.000031,-0.000039,-0.000001,-0.000123,-0.000499,0.005192,-0.000384,-0.191937,False
2023-04-05,0.004800,0.005850,0.000035,-0.000033,-0.000038,0.000001,-0.000122,-0.000499,0.005193,-0.000393,-0.196341,False
2023-04-06,0.004793,0.005850,0.000034,-0.000035,-0.000037,0.000003,-0.000122,-0.000499,0.005194,-0.000401,-0.200692,False
2023-04-07,0.004785,0.005851,0.000034,-0.000038,-0.000036,0.000005,-0.000122,-0.000499,0.005195,-0.000410,-0.204994,False
2023-04-08,0.004777,0.005851,0.000033,-0.000040,-0.000035,0.000007,-0.000121,-0.000500,0.005195,-0.000418,-0.209248,False
2023-04-09,0.004777,0.005852,0.000032,-0.000042,-0.000034,0.000009,-0.000121,-0.000500,0.005196,-0.000419,-0.209520,False
2023-04-10,0.004777,0.005852,0.000031,-0.000044,-0.000033,0.000011,-0.000121,-0.000500,0.005196,-0.000419,-0.209750,False
2023-04-11,0.004777,0.005853,0.000030,-0.000046,-0.000032,0.000013,-0.000121,-0.000500,0.005197,-0.000420,-0.209941,False
2023-04-12,0.004777,0.005853,0.000028,-0.000048,-0.000031,0.000015,-0.000120,-0.000501,0.005197,-0.000420,-0.210098,False
2023-04-13,0.004777,0.005853,0.000027,-0.000049,-0.000030,0.000017,-0.000120,-0.000501,0.005197,-0.000420,-0.210224,False
2023-04-14,0.004777,0.005854,0.000025,-0.000051,-0.000028,0.000019,-0.000120,-0.000501,0.005198,-0.000421,-0.210324,False
2023-04-15,0.004777,0.005854,0.000024,-0.000053,-0.000027,0.000021,-0.000119,-0.000501,0.005198,-0.000421,-0.210403,False
2023-04-16,,0.005855,0.000022,-0.000054,-0.000026,0.000023,-0.000119,-0.000501,0.005198,,,False
2023-04-17,,0.005855,0.000020,-0.000056,-0.000025,0.000024,-0.000119,-0.000502,0.005198,,,False
2023-04-18,,0.005855,0.000018,-0.000058,-0.000024,0.000026,-0.000118,-0.000502,0.005198,,,False
2023-04-19,,0.005856,0.000016,-0.000059,-0.000023,0.000028,-0.000118,-0.000502,0.005198,,,False
2023-04-20,,0.005856,0.000013,-0.000060,-0.000022,0.000030,-0.000117,-0.000502,0.005198,,,False
2023-04-21,,0.005857,0.000011,-0.000062,-0.000021,0.000032,-0.000117,-0.000502,0.005198,,,False
2023-04-22,,0.005857,0.000009,-0.000063,-0.000019,0.000034,-0.000117,-0.000503,0.005198,,,False
2023-04-23,,0.005857,0.000007,-0.000064,-0.000018,0.000036,-0.000116,-0.000503,0.005199,,,False
2023-04-24,,0.005858,0.000004,-0.000065,-0.000017,0.000038,-0.000116,-0.000503,0.005199,,,False
2023-04-25,,0.005858,0.000002,-0.000066,-0.000016,0.000040,-0.000115,-0.000503,0.005199,,,False
2023-04-26,,0.005859,-0.000001,-0.000067,-0.000015,0.000042,-0.000115,-0.000503,0.005200,,,False
2023-04-27,,0.005859,-0.000003,-0.000068,-0.000014,0.000044,-0.000115,-0.000503,0.005200,,,False
2023-04-28,,0.005859,-0.000005,-0.000069,-0.000012,0.000046,-0.000114,-0.000504,0.005201,,,False
2023-04-29,,0.005860,-0.000008,-0.000070,-0.000011,0.000048,-0.000114,-0.000504,0.005201,,,False
2023-04-30,,0.005860,-0.000010,-0.000070,-0.000010,0.000050,-0.000113,-0.000504,0.005202,,,False
2023-05-01,,0.005861,-0.000012,-0.000071,-0.000009,0.000051,-0.000113,-0.000504,0.005203,,,False
2023-05-02,,0.005861,-0.000015,-0.000071,-0.000008,0.000053,-0.000112,-0.000504,0.005204,,,False
2023-05-03,,0.005861,-0.000017,-0.000071,-0.000006,0.000055,-0.000112,-0.000504,0.005206,,,False
2023-05-04,,0.005862,-0.000019,-0.000072,-0.000005,0.000057,-0.000112,-0.000505,0.005207,,,False
2023-05-05,,0.005862,-0.000021,-0.000072,-0.000004,0.000059,-0.000111,-0.000505,0.005209,,,False
2023-05-06,,0.005863,-0.000023,-0.000072,-0.000003,0.000061,-0.000111,-0.000505,0.005211,,,False
2023-05-07,,0.005863,-0.000024,-0.000072,-0.000002,0.000063,-0.000110,-0.000505,0.005213,,,False
2023-05-08,,0.005863,-0.000026,-0.000072,-0.000000,0.000065,-0.000110,-0.000505,0.005215,,,False
2023-05-09,,0.005864,-0.000028,-0.000072,0.000001,0.000067,-0.000109,-0.000505,0.005217,,,False
2023-05-10,,0.005864,-0.000029,-0.000072,0.000002,0.000068,-0.000109,-0.000506,0.005220,,,False
2023-05-11,,0.005865,-0.000030,-0.000071,0.000003,0.000070,-0.000108,-0.000506,0.005223,,,False
2023-05-12,0.004454,0.005865,-0.000031,-0.000071,0.000005,0.000072,-0.000108,-0.000506,0.005226,-0.000772,-0.385957,False
2023-05-13,0.004454,0.005865,-0.000032,-0.000070,0.000006,0.000074,-0.000107,-0.000506,0.005229,-0.000775,-0.387634,False
2023-05-14,0.004454,0.005866,-0.000033,-0.000070,0.000007,0.000076,-0.000107,-0.000506,0.005233,-0.000779,-0.389430,False
2023-05-15,0.004454,0.005866,-0.000034,-0.000069,0.000008,0.000078,-0.000106,-0.000506,0.005237,-0.000783,-0.391346,False
2023-05-16,0.004454,0.005867,-0.000034,-0.000068,0.000009,0.000079,-0.000105,-0.000506,0.005241,-0.000787,-0.393383,False
2023-05-17,0.004454,0.005867,-0.000035,-0.000068,0.000011,0.000081,-0.000105,-0.000506,0.005245,-0.000791,-0.395543,False
2023-05-18,0.004454,0.005868,-0.000035,-0.000067,0.000012,0.000083,-0.000104,-0.000507,0.005250,-0.000796,-0.397824,False
2023-05-19,0.004454,0.005868,-0.000035,-0.000066,0.000013,0.000085,-0.000104,-0.000507,0.005254,-0.000800,-0.400227,False
2023-05-20,0.004523,0.005868,-0.000035,-0.000065,0.000014,0.000087,-0.000103,-0.000507,0.005260,-0.000737,-0.368250,False
2023-05-21,0.004277,0.005869,-0.000035,-0.000064,0.000015,0.000088,-0.000103,-0.000507,0.005265,-0.000988,-0.493893,False
2023-05-22,0.004782,0.005869,-0.000034,-0.000062,0.000016,0.000090,-0.000102,-0.000507,0.005270,-0.000488,-0.244154,False
2023-05-23,0.004310,0.005870,-0.000033,-0.000061,0.000018,0.000092,-0.000102,-0.000507,0.005276,-0.000966,-0.483030,False
2023-05-24,0.004209,0.005870,-0.000033,-0.000060,0.000019,0.000094,-0.000101,-0.000507,0.005282,-0.001073,-0.536520,False
2023-05-25,0.004398,0.005870,-0.000032,-0.000058,0.000020,0.000096,-0.000100,-0.000507,0.005288,-0.000890,-0.445119,False
2023-05-26,0.004587,0.005871,-0.000031,-0.000057,0.000021,0.000097,-0.000100,-0.000507,0.005295,-0.000708,-0.353825,False
2023-05-27,0.004776,0.005871,-0.000029,-0.000055,0.000022,0.000099,-0.000099,-0.000508,0.005301,-0.000525,-0.262634,False
2023-05-28,0.004965,0.005872,-0.000028,-0.000054,0.000023,0.000101,-0.000099,-0.000508,0.005308,-0.000343,-0.171542,False
2023-05-29,0.005154,0.005872,-0.000026,-0.000052,0.000025,0.000102,-0.000098,-0.000508,0.005315,-0.000161,-0.080544,False
2023-05-30,0.005343,0.005872,-0.000025,-0.000050,0.000026,0.000104,-0.000097,-0.000508,0.005322,0.000021,0.010364,False
2023-05-31,0.005532,0.005873,-0.000023,-0.000048,0.000027,0.000106,-0.000097,-0.000508,0.005330,0.000202,0.101189,False
2023-06-01,0.005597,0.005873,-0.000021,-0.000046,0.000028,0.000108,-0.000096,-0.000508,0.005337,0.000260,0.129934,False
2023-06-02,0.005662,0.005874,-0.000019,-0.000045,0.000029,0.000109,-0.000095,-0.000508,0.005345,0.000317,0.158607,False
2023-06-03,0.005727,0.005874,-0.000017,-0.000043,0.000030,0.000111,-0.000095,-0.000508,0.005353,0.000374,0.187213,False
2023-06-04,0.005792,0.005874,-0.000015,-0.000041,0.000031,0.000113,-0.000094,-0.000508,0.005360,0.000432,0.215759,False
2023-06-05,0.005857,0.005875,-0.000013,-0.000038,0.000032,0.000114,-0.000093,-0.000508,0.005368,0.000489,0.244250,False
2023-06-06,0.005922,0.005875,-0.000010,-0.000036,0.000033,0.000116,-0.000093,-0.000508,0.005377,0.000545,0.272695,False
2023-06-07,0.005987,0.005876,-0.000008,-0.000034,0.000034,0.000118,-0.000092,-0.000508,0.005385,0.000602,0.301099,False
2023-06-08,0.006182,0.005876,-0.000006,-0.000032,0.000035,0.000119,-0.000091,-0.000509,0.005393,0.000789,0.394469,False
2023-06-09,0.006182,0.005876,-0.000003,-0.000030,0.000036,0.000121,-0.000091,-0.000509,0.005401,0.000781,0.390314,False
2023-06-10,0.006182,0.005877,-0.000001,-0.000027,0.000037,0.000123,-0.000090,-0.000509,0.005410,0.000772,0.386139,False
2023-06-11,0.006537,0.005877,0.000002,-0.000025,0.000038,0.000124,-0.000089,-0.000509,0.005418,0.001118,0.559203,False
2023-06-12,0.006891,0.005878,0.000004,-0.000023,0.000039,0.000126,-0.000089,-0.000509,0.005426,0.001465,0.732263,False
2023-06-13,0.007317,0.005878,0.000006,-0.000020,0.000040,0.000127,-0.000088,-0.000509,0.005435,0.001882,0.941076,False
2023-06-14,0.007250,0.005878,0.000009,-0.000018,0.000041,0.000129,-0.000087,-0.000509,0.005443,0.001807,0.903327,False
2023-06-15,0.007183,0.005879,0.000011,-0.000016,0.000042,0.000130,-0.000087,-0.000509,0.005452,0.001731,0.865596,False
2023-06-16,0.007116,0.005879,0.000013,-0.000013,0.000043,0.000132,-0.000086,-0.000509,0.005460,0.001656,0.827890,False
2023-06-17,0.007048,0.005880,0.000015,-0.000011,0.000044,0.000134,-0.000085,-0.000509,0.005468,0.001580,0.790216,False
2023-06-18,0.006981,0.005880,0.000018,-0.000008,0.000045,0.000135,-0.000084,-0.000509,0.005476,0.001505,0.752580,False
2023-06-19,0.006914,0.005881,0.000020,-0.000006,0.000046,0.000137,-0.000084,-0.000509,0.005484,0.001430,0.714989,False
2023-06-20,0.006847,0.005881,0.000022,-0.000003,0.000047,0.000138,-0.000083,-0.000509,0.005492,0.001355,0.677450,False
2023-06-21,0.006321,0.005881,0.000023,-0.000001,0.000048,0.000140,-0.000082,-0.000509,0.005500,0.000821,0.410541,False
2023-06-22,0.005795,0.005882,0.000025,0.000002,0.000049,0.000141,-0.000082,-0.000509,0.005508,0.000287,0.143696,False
2023-06-23,0.005653,0.005882,0.000027,0.000004,0.000050,0.000143,-0.000081,-0.000509,0.005515,0.000138,0.068921,False
2023-06-24,0.005511,0.005883,0.000028,0.000007,0.000051,0.000144,-0.000080,-0.000509,0.005523,-0.000012,-0.005779,False
2023-06-25,0.005549,0.005883,0.000030,0.000009,0.000051,0.000145,-0.000079,-0.000509,0.005530,0.000019,0.009352,False
2023-06-26,0.005586,0.005883,0.000031,0.000011,0.000052,0.000147,-0.000078,-0.000509,0.005537,0.000049,0.024569,False
2023-06-27,0.005901,0.005884,0.000032,0.000014,0.000053,0.000148,-0.000078,-0.000509,0.005544,0.000357,0.178375,False
2023-06-28,0.006215,0.005884,0.000033,0.000016,0.000054,0.000150,-0.000077,-0.000509,0.005550,0.000665,0.332276,False
2023-06-29,0.006131,0.005885,0.000034,0.000019,0.000055,0.000151,-0.000076,-0.000509,0.005557,0.000574,0.286942,False
2023-06-30,0.006047,0.005885,0.000034,0.000021,0.000055,0.000153,-0.000075,-0.000509,0.005563,0.000483,0.241710,False
2023-07-01,0.005962,0.005885,0.000035,0.000024,0.000056,0.000154,-0.000075,-0.000509,0.005569,0.000393,0.196582,False
2023-07-02,0.005878,0.005886,0.000035,0.000026,0.000057,0.000155,-0.000074,-0.000509,0.005575,0.000303,0.151561,False
2023-07-03,0.005794,0.005886,0.000035,0.000028,0.000057,0.000157,-0.000073,-0.000509,0.005581,0.000213,0.106650,False
2023-07-04,0.005710,0.005887,0.000035,0.000030,0.000058,0.000158,-0.000072,-0.000509,0.005586,0.000124,0.061850,False
2023-07-05,0.005816,0.005887,0.000035,0.000033,0.000059,0.000159,-0.000071,-0.000509,0.005592,0.000224,0.112246,False
2023-07-06,0.005876,0.005887,0.000034,0.000035,0.000059,0.000161,-0.000071,-0.000509,0.005596,0.000280,0.139755,False
2023-07-07,0.005936,0.005888,0.000034,0.000037,0.000060,0.000162,-0.000070,-0.000509,0.005601,0.000335,0.167379,False
2023-07-08,0.005996,0.005888,0.000033,0.000039,0.000061,0.000163,-0.000069,-0.000509,0.005606,0.000390,0.195118,False
2023-07-09,0.006546,0.005889,0.000032,0.000041,0.000061,0.000164,-0.000068,-0.000509,0.005610,0.000936,0.467970,False
2023-07-10,0.007096,0.005889,0.000031,0.000043,0.000062,0.000166,-0.000067,-0.000509,0.005614,0.001482,0.740936,False
2023-07-11,0.007153,0.005889,0.000030,0.000045,0.000062,0.000167,-0.000067,-0.000509,0.005618,0.001535,0.767371,False
2023-07-12,0.007209,0.005890,0.000029,0.000047,0.000063,0.000168,-0.000066,-0.000509,0.005622,0.001588,0.793918,False
2023-07-13,0.007266,0.005890,0.000027,0.000049,0.000063,0.000169,-0.000065,-0.000509,0.005625,0.001641,0.820573,False
2023-07-14,0.007323,0.005891,0.000026,0.000051,0.000064,0.000171,-0.000064,-0.000509,0.005628,0.001695,0.847336,False
2023-07-15,0.007380,0.005891,0.000024,0.000052,0.000064,0.000172,-0.000063,-0.000509,0.005631,0.001748,0.874203,False
2023-07-16,0.007436,0.005891,0.000022,0.000054,0.000065,0.000173,-0.000062,-0.000509,0.005634,0.001802,0.901172,False
2023-07-17,0.007493,0.005892,0.000020,0.000056,0.000065,0.000174,-0.000062,-0.000509,0.005637,0.001856,0.928239,False
2023-07-18,0.006293,0.005892,0.000018,0.000057,0.000066,0.000175,-0.000061,-0.000509,0.005639,0.000654,0.327044,False
2023-07-19,0.006877,0.005893,0.000016,0.000059,0.000066,0.000176,-0.000060,-0.000509,0.005641,0.001236,0.617941,False
2023-07-20,0.006958,0.005893,0.000014,0.000060,0.000067,0.000177,-0.000059,-0.000509,0.005643,0.001315,0.657425,False
2023-07-21,0.006657,0.005893,0.000012,0.000061,0.000067,0.000179,-0.000058,-0.000509,0.005645,0.001012,0.505992,False
2023-07-22,0.006356,0.005894,0.000010,0.000063,0.000067,0.000180,-0.000057,-0.000509,0.005647,0.000709,0.354638,False
2023-07-23,0.006117,0.005894,0.000007,0.000064,0.000068,0.000181,-0.000056,-0.000509,0.005648,0.000469,0.234358,False
2023-07-24,0.005997,0.005895,0.000005,0.000065,0.000068,0.000182,-0.000056,-0.000509,0.005650,0.000347,0.173648,False
2023-07-25,0.005877,0.005895,0.000002,0.000066,0.000068,0.000183,-0.000055,-0.000509,0.005651,0.000226,0.113002,False
2023-07-26,0.005233,0.005896,-0.000000,0.000067,0.000069,0.000184,-0.000054,-0.000509,0.005652,-0.000419,-0.209584,False
2023-07-27,0.005188,0.005896,-0.000002,0.000068,0.000069,0.000185,-0.000053,-0.000509,0.005653,-0.000465,-0.232615,False
2023-07-28,0.005167,0.005896,-0.000005,0.000069,0.000069,0.000186,-0.000052,-0.000509,0.005654,-0.000487,-0.243597,False
2023-07-29,0.005594,0.005897,-0.000007,0.000069,0.000069,0.000187,-0.000051,-0.000509,0.005655,-0.000061,-0.030534,False
2023-07-30,0.005403,0.005897,-0.000010,0.000070,0.000069,0.000188,-0.000050,-0.000509,0.005656,-0.000253,-0.126432,False
2023-07-31,0.005893,0.005898,-0.000012,0.000071,0.000070,0.000189,-0.000049,-0.000509,0.005657,0.000236,0.118205,False
2023-08-01,0.005767,0.005898,-0.000014,0.000071,0.000070,0.000190,-0.000049,-0.000509,0.005657,0.000110,0.054871,False
2023-08-02,0.005860,0.005898,-0.000016,0.000071,0.000070,0.000191,-0.000048,-0.000508,0.005658,0.000202,0.101061,False
2023-08-03,0.005802,0.005899,-0.000018,0.000072,0.000070,0.000192,-0.000047,-0.000508,0.005658,0.000144,0.071770,False
2023-08-04,0.005992,0.005899,-0.000020,0.000072,0.000070,0.000192,-0.000046,-0.000508,0.005659,0.000333,0.166494,False
2023-08-05,0.005963,0.005900,-0.000022,0.000072,0.000070,0.000193,-0.000045,-0.000508,0.005660,0.000303,0.151729,False
2023-08-06,0.005975,0.005900,-0.000024,0.000072,0.000070,0.000194,-0.000044,-0.000508,0.005660,0.000315,0.157469,False
2023-08-07,0.005810,0.005900,-0.000026,0.000072,0.000070,0.000195,-0.000043,-0.000508,0.005661,0.000149,0.074711,False
2023-08-08,0.005688,0.005901,-0.000027,0.000072,0.000070,0.000196,-0.000042,-0.000508,0.005661,0.000027,0.013451,False
2023-08-09,0.005554,0.005901,-0.000029,0.000072,0.000070,0.000197,-0.000041,-0.000508,0.005662,-0.000108,-0.053815,False
2023-08-10,0.005776,0.005902,-0.000030,0.000071,0.000070,0.000197,-0.000040,-0.000508,0.005662,0.000114,0.056909,False
2023-08-11,0.006215,0.005902,-0.000031,0.000071,0.000070,0.000198,-0.000039,-0.000508,0.005663,0.000552,0.276120,False
2023-08-12,0.006484,0.005902,-0.000032,0.000071,0.000070,0.000199,-0.000039,-0.000508,0.005663,0.000821,0.410315,False
2023-08-13,0.006405,0.005903,-0.000033,0.000070,0.000070,0.000200,-0.000038,-0.000508,0.005664,0.000741,0.370492,False
2023-08-14,0.005808,0.005903,-0.000034,0.000069,0.000070,0.000200,-0.000037,-0.000507,0.005665,0.000143,0.071649,False
2023-08-15,0.005705,0.005904,-0.000034,0.000069,0.000070,0.000201,-0.000036,-0.000507,0.005665,0.000040,0.019783,False
2023-08-16,0.005837,0.005904,-0.000035,0.000068,0.000069,0.000202,-0.000035,-0.000507,0.005666,0.000171,0.085392,False
2023-08-17,0.005956,0.005904,-0.000035,0.000067,0.000069,0.000202,-0.000034,-0.000507,0.005667,0.000289,0.144476,False
2023-08-18,0.006075,0.005905,-0.000035,0.000066,0.000069,0.000203,-0.000033,-0.000507,0.005668,0.000407,0.203532,False
2023-08-19,0.006194,0.005905,-0.000035,0.000065,0.000069,0.000204,-0.000032,-0.000507,0.005669,0.000525,0.262562,False
2023-08-20,0.006313,0.005906,-0.000035,0.000064,0.000069,0.000204,-0.000031,-0.000507,0.005670,0.000643,0.321564,False
2023-08-21,0.006432,0.005906,-0.000034,0.000063,0.000068,0.000205,-0.000030,-0.000507,0.005671,0.000761,0.380538,False
2023-08-22,0.006551,0.005906,-0.000034,0.000061,0.000068,0.000206,-0.000029,-0.000507,0.005672,0.000879,0.439485,False
2023-08-23,0.006670,0.005907,-0.000033,0.000060,0.000068,0.000206,-0.000028,-0.000506,0.005673,0.000997,0.498405,False
2023-08-24,0.006789,0.005907,-0.000032,0.000059,0.000067,0.000207,-0.000027,-0.000506,0.005674,0.001115,0.557299,False
2023-08-25,0.006416,0.005908,-0.000031,0.000057,0.000067,0.000207,-0.000026,-0.000506,0.005676,0.000740,0.370169,False
2023-08-26,0.006113,0.005908,-0.000030,0.000056,0.000067,0.000208,-0.000025,-0.000506,0.005677,0.000436,0.218017,False
2023-08-27,0.005927,0.005909,-0.000028,0.000054,0.000066,0.000208,-0.000024,-0.000506,0.005678,0.000249,0.124344,False
2023-08-28,0.005741,0.005909,-0.000027,0.000052,0.000066,0.000209,-0.000024,-0.000506,0.005680,0.000061,0.030652,False
2023-08-29,0.005685,0.005909,-0.000025,0.000051,0.000065,0.000209,-0.000023,-0.000506,0.005681,0.000004,0.002195,False
2023-08-30,0.005630,0.005910,-0.000023,0.000049,0.000065,0.000210,-0.000022,-0.000506,0.005683,-0.000053,-0.026275,False
2023-08-31,0.005385,0.005910,-0.000022,0.000047,0.000065,0.000210,-0.000021,-0.000505,0.005684,-0.000299,-0.149506,False
2023-09-01,0.005325,0.005911,-0.000020,0.000045,0.000064,0.000210,-0.000020,-0.000505,0.005685,-0.000360,-0.180243,False
2023-09-02,0.005247,0.005911,-0.000018,0.000043,0.000064,0.000211,-0.000019,-0.000505,0.005687,-0.000440,-0.219984,False
2023-09-03,0.005092,0.005911,-0.000015,0.000041,0.000063,0.000211,-0.000018,-0.000505,0.005688,-0.000596,-0.298224,False
2023-09-04,0.004854,0.005912,-0.000013,0.000039,0.000062,0.000212,-0.000017,-0.000505,0.005690,-0.000836,-0.417960,False
2023-09-05,0.005058,0.005912,-0.000011,0.000037,0.000062,0.000212,-0.000016,-0.000505,0.005691,-0.000633,-0.316688,False
2023-09-06,0.005121,0.005913,-0.000009,0.000035,0.000061,0.000212,-0.000015,-0.000504,0.005693,-0.000572,-0.285904,False
2023-09-07,0.005267,0.005913,-0.000006,0.000033,0.000061,0.000213,-0.000014,-0.000504,0.005694,-0.000427,-0.213603,False
2023-09-08,0.006023,0.005913,-0.000004,0.000030,0.000060,0.000213,-0.000013,-0.000504,0.005696,0.000327,0.163717,False
2023-09-09,0.005491,0.005914,-0.000002,0.000028,0.000059,0.000213,-0.000012,-0.000504,0.005697,-0.000206,-0.102937,False
2023-09-10,0.004860,0.005914,0.000001,0.000026,0.000059,0.000213,-0.000011,-0.000504,0.005698,-0.000838,-0.419062,False
2023-09-11,0.004764,0.005915,0.000003,0.000023,0.000058,0.000214,-0.000010,-0.000504,0.005699,-0.000935,-0.467654,False
2023-09-12,0.006270,0.005915,0.000006,0.000021,0.000057,0.000214,-0.000009,-0.000504,0.005700,0.000570,0.284792,False
2023-09-13,0.005301,0.005915,0.000008,0.000019,0.000057,0.000214,-0.000008,-0.000503,0.005701,-0.000400,-0.200220,False
2023-09-14,0.004624,0.005916,0.000010,0.000016,0.000056,0.000214,-0.000007,-0.000503,0.005702,-0.001078,-0.539186,False
2023-09-15,0.004658,0.005916,0.000013,0.000014,0.000055,0.000214,-0.000006,-0.000503,0.005703,-0.001045,-0.522602,False
2023-09-16,0.004621,0.005917,0.000015,0.000011,0.000055,0.000215,-0.000005,-0.000503,0.005704,-0.001083,-0.541465,False
2023-09-17,0.004642,0.005917,0.000017,0.000009,0.000054,0.000215,-0.000004,-0.000503,0.005705,-0.001063,-0.531270,False
2023-09-18,0.004967,0.005917,0.000019,0.000006,0.000053,0.000215,-0.000003,-0.000502,0.005705,-0.000738,-0.369013,False
2023-09-19,0.006083,0.005918,0.000021,0.000004,0.000052,0.000215,-0.000002,-0.000502,0.005705,0.000378,0.188808,False
2023-09-20,0.005717,0.005918,0.000023,0.000001,0.000051,0.000215,-0.000001,-0.000502,0.005706,0.000011,0.005696,False
2023-09-21,0.005396,0.005919,0.000025,-0.000001,0.000051,0.000215,-0.000000,-0.000502,0.005706,-0.000310,-0.154845,False
2023-09-22,0.004945,0.005919,0.000026,-0.000003,0.000050,0.000215,0.000000,-0.000502,0.005706,-0.000761,-0.380313,False
2023-09-23,0.005639,0.005919,0.000028,-0.000006,0.000049,0.000215,0.000001,-0.000501,0.005705,-0.000066,-0.033205,False
2023-09-24,0.004993,0.005920,0.000029,-0.000008,0.000048,0.000215,0.000002,-0.000501,0.005705,-0.000712,-0.356020,False
2023-09-25,0.004677,0.005920,0.000031,-0.000011,0.000047,0.000215,0.000003,-0.000501,0.005705,-0.001028,-0.513756,False
2023-09-26,0.005812,0.005921,0.000032,-0.000013,0.000046,0.000215,0.000004,-0.000501,0.005704,0.000108,0.054089,False
2023-09-27,0.005572,0.005921,0.000033,-0.000016,0.000045,0.000215,0.000005,-0.000501,0.005703,-0.000131,-0.065484,False
2023-09-28,0.005332,0.005921,0.000033,-0.000018,0.000044,0.000215,0.000006,-0.000500,0.005702,-0.000370,-0.184975,False
2023-09-29,0.005183,0.005922,0.000034,-0.000021,0.000043,0.000215,0.000007,-0.000500,0.005701,-0.000518,-0.258883,False
2023-09-30,0.005049,0.005922,0.000035,-0.000023,0.000042,0.000215,0.000008,-0.000500,0.005699,-0.000650,-0.325209,False
2023-10-01,0.005718,0.005923,0.000035,-0.000025,0.000042,0.000215,0.000009,-0.000500,0.005698,0.000020,0.010048,False
2023-10-02,0.004804,0.005923,0.000035,-0.000028,0.000041,0.000215,0.000010,-0.000500,0.005696,-0.000892,-0.446113,False
2023-10-03,0.005677,0.005924,0.000035,-0.000030,0.000040,0.000214,0.000011,-0.000499,0.005694,-0.000017,-0.008694,False
2023-10-04,0.005075,0.005924,0.000035,-0.000032,0.000039,0.000214,0.000012,-0.000499,0.005692,-0.000617,-0.308695,False
2023-10-05,0.005044,0.005924,0.000034,-0.000034,0.000038,0.000214,0.000013,-0.000499,0.005690,-0.000646,-0.323120,False
2023-10-06,0.005408,0.005925,0.000034,-0.000036,0.000036,0.000214,0.000014,-0.000499,0.005688,-0.000280,-0.139969,False
2023-10-07,0.005111,0.005925,0.000033,-0.000039,0.000035,0.000214,0.000015,-0.000498,0.005685,-0.000574,-0.287247,False
2023-10-08,0.004550,0.005926,0.000032,-0.000041,0.000034,0.000213,0.000016,-0.000498,0.005683,-0.001133,-0.566454,False
2023-10-09,0.004329,0.005926,0.000031,-0.000043,0.000033,0.000213,0.000017,-0.000498,0.005680,-0.001351,-0.675596,False
2023-10-10,0.004528,0.005926,0.000030,-0.000045,0.000032,0.000213,0.000018,-0.000498,0.005677,-0.001149,-0.574676,False
2023-10-11,0.004682,0.005927,0.000029,-0.000047,0.000031,0.000213,0.000019,-0.000497,0.005674,-0.000992,-0.496197,False
2023-10-12,0.005015,0.005927,0.000028,-0.000048,0.000030,0.000212,0.000020,-0.000497,0.005671,-0.000656,-0.328164,False
2023-10-13,0.005195,0.005928,0.000026,-0.000050,0.000029,0.000212,0.000021,-0.000497,0.005668,-0.000473,-0.236581,False
2023-10-14,0.004645,0.005928,0.000024,-0.000052,0.000028,0.000212,0.000022,-0.000497,0.005665,-0.001020,-0.509954,False
2023-10-15,0.004986,0.005928,0.000023,-0.000054,0.000027,0.000211,0.000023,-0.000496,0.005662,-0.000676,-0.337787,False
2023-10-16,0.004687,0.005929,0.000021,-0.000055,0.000026,0.000211,0.000024,-0.000496,0.005658,-0.000971,-0.485586,False
2023-10-17,0.004951,0.005929,0.000019,-0.000057,0.000025,0.000210,0.000024,-0.000496,0.005655,-0.000704,-0.351857,False
2023-10-18,0.004571,0.005930,0.000017,-0.000058,0.000023,0.000210,0.000025,-0.000496,0.005651,-0.001080,-0.540105,False
2023-10-19,0.005019,0.005930,0.000015,-0.000060,0.000022,0.000210,0.000026,-0.000495,0.005648,-0.000629,-0.314335,False
2023-10-20,0.004829,0.005930,0.000012,-0.000061,0.000021,0.000209,0.000027,-0.000495,0.005644,-0.000815,-0.407556,False
2023-10-21,0.004570,0.005931,0.000010,-0.000062,0.000020,0.000209,0.000028,-0.000495,0.005641,-0.001071,-0.535271,False
2023-10-22,0.004604,0.005931,0.000008,-0.000064,0.000019,0.000208,0.000029,-0.000495,0.005637,-0.001033,-0.516489,False
2023-10-23,0.004762,0.005932,0.000005,-0.000065,0.000018,0.000208,0.000030,-0.000494,0.005633,-0.000871,-0.435715,False
2023-10-24,0.004732,0.005932,0.000003,-0.000066,0.000016,0.000207,0.000031,-0.000494,0.005630,-0.000898,-0.448956,False
2023-10-25,0.005169,0.005932,0.000001,-0.000067,0.000015,0.000207,0.000032,-0.000494,0.005626,-0.000457,-0.228717,False
2023-10-26,0.004930,0.005933,-0.000002,-0.000068,0.000014,0.000206,0.000033,-0.000493,0.005623,-0.000693,-0.346507,False
2023-10-27,0.004723,0.005933,-0.000004,-0.000068,0.000013,0.000205,0.000034,-0.000493,0.005620,-0.000897,-0.448330,False
2023-10-28,0.004740,0.005934,-0.000007,-0.000069,0.000012,0.000205,0.000035,-0.000493,0.005616,-0.000876,-0.438194,False
2023-10-29,0.004672,0.005934,-0.000009,-0.000070,0.000011,0.000204,0.000036,-0.000493,0.005613,-0.000941,-0.470604,False
2023-10-30,0.004550,0.005934,-0.000011,-0.000070,0.000009,0.000204,0.000037,-0.000492,0.005610,-0.001060,-0.530067,False
2023-10-31,0.004525,0.005935,-0.000014,-0.000071,0.000008,0.000203,0.000038,-0.000492,0.005607,-0.001082,-0.541089,False
2023-11-01,0.004797,0.005935,-0.000016,-0.000071,0.000007,0.000202,0.000039,-0.000492,0.005604,-0.000807,-0.403675,False
2023-11-02,0.004613,0.005936,-0.000018,-0.000072,0.000006,0.000202,0.000039,-0.000491,0.005602,-0.000989,-0.494332,False
2023-11-03,0.005131,0.005936,-0.000020,-0.000072,0.000005,0.000201,0.000040,-0.000491,0.005599,-0.000468,-0.234064,False
2023-11-04,0.004731,0.005937,-0.000022,-0.000072,0.000003,0.000200,0.000041,-0.000491,0.005597,-0.000866,-0.432876,False
2023-11-05,0.005450,0.005937,-0.000024,-0.000072,0.000002,0.000200,0.000042,-0.000491,0.005595,-0.000145,-0.072275,False
2023-11-06,0.004837,0.005937,-0.000025,-0.000072,0.000001,0.000199,0.000043,-0.000490,0.005593,-0.000756,-0.377763,False
2023-11-07,0.004623,0.005938,-0.000027,-0.000072,-0.000000,0.000198,0.000044,-0.000490,0.005591,-0.000968,-0.483846,False
2023-11-08,0.004767,0.005938,-0.000028,-0.000072,-0.000001,0.000197,0.000045,-0.000490,0.005589,-0.000822,-0.411026,False
2023-11-09,0.004686,0.005939,-0.000030,-0.000071,-0.000003,0.000196,0.000046,-0.000489,0.005588,-0.000902,-0.450809,False
2023-11-10,0.004536,0.005939,-0.000031,-0.000071,-0.000004,0.000196,0.000047,-0.000489,0.005586,-0.001050,-0.525197,False
2023-11-11,0.004423,0.005939,-0.000032,-0.000071,-0.000005,0.000195,0.000048,-0.000489,0.005585,-0.001162,-0.581192,False
2023-11-12,0.004359,0.005940,-0.000033,-0.000070,-0.000006,0.000194,0.000049,-0.000488,0.005585,-0.001226,-0.612798,False
2023-11-13,0.004412,0.005940,-0.000034,-0.000070,-0.000008,0.000193,0.000049,-0.000488,0.005584,-0.001172,-0.586016,False
2023-11-14,0.004363,0.005941,-0.000034,-0.000069,-0.000009,0.000192,0.000050,-0.000488,0.005584,-0.001221,-0.610348,False
2023-11-15,0.004391,0.005941,-0.000035,-0.000068,-0.000010,0.000191,0.000051,-0.000487,0.005584,-0.001193,-0.596295,False
2023-11-16,0.004365,0.005941,-0.000035,-0.000067,-0.000011,0.000191,0.000052,-0.000487,0.005584,-0.001219,-0.609357,False
2023-11-17,0.004440,0.005942,-0.000035,-0.000066,-0.000012,0.000190,0.000053,-0.000487,0.005584,-0.001144,-0.572036,False
2023-11-18,0.004436,0.005942,-0.000035,-0.000065,-0.000013,0.000189,0.000054,-0.000486,0.005585,-0.001149,-0.574330,False
2023-11-19,0.004335,0.005943,-0.000035,-0.000064,-0.000015,0.000188,0.000055,-0.000486,0.005585,-0.001250,-0.625240,False
2023-11-20,0.004384,0.005943,-0.000034,-0.000063,-0.000016,0.000187,0.000056,-0.000486,0.005587,-0.001203,-0.601263,False
2023-11-21,0.004566,0.005943,-0.000034,-0.000062,-0.000017,0.000186,0.000056,-0.000485,0.005588,-0.001022,-0.510900,False
2023-11-22,0.004534,0.005944,-0.000033,-0.000060,-0.000018,0.000185,0.000057,-0.000485,0.005589,-0.001055,-0.527648,False
2023-11-23,0.004737,0.005944,-0.000032,-0.000059,-0.000019,0.000184,0.000058,-0.000485,0.005591,-0.000854,-0.427004,False
2023-11-24,0.004737,0.005945,-0.000031,-0.000058,-0.000021,0.000183,0.000059,-0.000484,0.005593,-0.000856,-0.427966,False
2023-11-25,0.004630,0.005945,-0.000030,-0.000056,-0.000022,0.000182,0.000060,-0.000484,0.005595,-0.000965,-0.482530,False
2023-11-26,0.004869,0.005945,-0.000029,-0.000054,-0.000023,0.000181,0.000061,-0.000484,0.005597,-0.000728,-0.364194,False
2023-11-27,0.004669,0.005946,-0.000027,-0.000053,-0.000024,0.000180,0.000062,-0.000483,0.005600,-0.000931,-0.465454,False
2023-11-28,0.005013,0.005946,-0.000026,-0.000051,-0.000025,0.000178,0.000062,-0.000483,0.005603,-0.000590,-0.294804,False
2023-11-29,0.004669,0.005947,-0.000024,-0.000049,-0.000026,0.000177,0.000063,-0.000483,0.005605,-0.000936,-0.468241,False
2023-11-30,0.005072,0.005947,-0.000022,-0.000047,-0.000027,0.000176,0.000064,-0.000482,0.005609,-0.000537,-0.268259,False
2023-12-01,0.005176,0.005947,-0.000020,-0.000046,-0.000028,0.000175,0.000065,-0.000482,0.005612,-0.000436,-0.217854,False
2023-12-02,0.004643,0.005948,-0.000018,-0.000044,-0.000030,0.000174,0.000066,-0.000481,0.005615,-0.000972,-0.486020,False
2023-12-03,0.004725,0.005948,-0.000016,-0.000042,-0.000031,0.000173,0.000067,-0.000481,0.005619,-0.000894,-0.446750,False
2023-12-04,0.004371,0.005949,-0.000014,-0.000040,-0.000032,0.000172,0.000067,-0.000481,0.005622,-0.001251,-0.625540,False
2023-12-05,0.004638,0.005949,-0.000012,-0.000037,-0.000033,0.000170,0.000068,-0.000480,0.005626,-0.000988,-0.493883,False
2023-12-06,0.004449,0.005949,-0.000009,-0.000035,-0.000034,0.000169,0.000069,-0.000480,0.005630,-0.001181,-0.590272,False
2023-12-07,0.005177,0.005950,-0.000007,-0.000033,-0.000035,0.000168,0.000070,-0.000480,0.005633,-0.000456,-0.228201,False
2023-12-08,0.005270,0.005950,-0.000005,-0.000031,-0.000036,0.000167,0.000071,-0.000479,0.005637,-0.000367,-0.183663,False
2023-12-09,0.005038,0.005951,-0.000002,-0.000029,-0.000037,0.000166,0.000071,-0.000479,0.005641,-0.000603,-0.301652,False
2023-12-10,0.005048,0.005951,0.000000,-0.000026,-0.000038,0.000164,0.000072,-0.000478,0.005645,-0.000597,-0.298661,False
2023-12-11,0.005208,0.005952,0.000003,-0.000024,-0.000039,0.000163,0.000073,-0.000478,0.005649,-0.000441,-0.220682,False
2023-12-12,0.005007,0.005952,0.000005,-0.000022,-0.000040,0.000162,0.000074,-0.000478,0.005653,-0.000646,-0.323209,False
2023-12-13,0.005200,0.005952,0.000007,-0.000019,-0.000041,0.000160,0.000075,-0.000477,0.005657,-0.000457,-0.228736,False
2023-12-14,0.005069,0.005953,0.000010,-0.000017,-0.000042,0.000159,0.000075,-0.000477,0.005662,-0.000593,-0.296254,False
2023-12-15,0.005611,0.005953,0.000012,-0.000014,-0.000043,0.000158,0.000076,-0.000476,0.005666,-0.000055,-0.027258,False
2023-12-16,0.005448,0.005954,0.000014,-0.000012,-0.000044,0.000156,0.000077,-0.000476,0.005669,-0.000221,-0.110740,False
2023-12-17,0.005234,0.005954,0.000016,-0.000010,-0.000045,0.000155,0.000078,-0.000476,0.005673,-0.000439,-0.219695,False
2023-12-18,0.005174,0.005954,0.000019,-0.000007,-0.000046,0.000154,0.000079,-0.000475,0.005677,-0.000503,-0.251615,False
2023-12-19,0.004969,0.005955,0.000021,-0.000005,-0.000047,0.000152,0.000079,-0.000475,0.005681,-0.000712,-0.355995,False
2023-12-20,0.005194,0.005955,0.000022,-0.000002,-0.000048,0.000151,0.000080,-0.000474,0.005685,-0.000491,-0.245328,False
2023-12-21,0.005149,0.005956,0.000024,0.000000,-0.000048,0.000150,0.000081,-0.000474,0.005688,-0.000539,-0.269609,False
2023-12-22,0.005170,0.005956,0.000026,0.000003,-0.000049,0.000148,0.000082,-0.000474,0.005692,-0.000522,-0.260831,False
2023-12-23,0.004857,0.005956,0.000028,0.000005,-0.000050,0.000147,0.000082,-0.000473,0.005695,-0.000838,-0.418991,False
2023-12-24,0.005048,0.005957,0.000029,0.000008,-0.000051,0.000145,0.000083,-0.000473,0.005698,-0.000650,-0.325082,False
2023-12-25,0.004832,0.005957,0.000030,0.000010,-0.000052,0.000144,0.000084,-0.000472,0.005701,-0.000869,-0.434601,False
2023-12-26,0.005341,0.005958,0.000031,0.000013,-0.000053,0.000142,0.000084,-0.000472,0.005704,-0.000363,-0.181542,False
2023-12-27,0.005046,0.005958,0.000032,0.000015,-0.000053,0.000141,0.000085,-0.000471,0.005707,-0.000661,-0.330402,False
2023-12-28,0.004684,0.005958,0.000033,0.000018,-0.000054,0.000139,0.000086,-0.000471,0.005709,-0.001025,-0.512678,False
2023-12-29,0.004842,0.005959,0.000034,0.000020,-0.000055,0.000138,0.000087,-0.000471,0.005712,-0.000870,-0.434865,False
2023-12-30,0.005015,0.005959,0.000034,0.000022,-0.000056,0.000136,0.000087,-0.000470,0.005714,-0.000699,-0.349461,False
2023-12-31,0.005317,0.005960,0.000035,0.000025,-0.000056,0.000135,0.000088,-0.000470,0.005716,-0.000399,-0.199463,False
2024-01-01,0.005552,0.005960,0.000035,0.000027,-0.000057,0.000133,0.000089,-0.000469,0.005718,-0.000166,-0.082870,False
2024-01-02,0.005215,0.005960,0.000035,0.000029,-0.000058,0.000132,0.000089,-0.000469,0.005719,-0.000504,-0.252177,False
2024-01-03,0.005643,0.005961,0.000035,0.000032,-0.000058,0.000130,0.000090,-0.000468,0.005721,-0.000078,-0.038887,False
2024-01-04,0.005590,0.005961,0.000035,0.000034,-0.000059,0.000129,0.000091,-0.000468,0.005722,-0.000132,-0.065997,False
2024-01-05,0.005612,0.005962,0.000034,0.000036,-0.000060,0.000127,0.000091,-0.000467,0.005723,-0.000111,-0.055508,False
2024-01-06,0.005903,0.005962,0.000033,0.000038,-0.000060,0.000126,0.000092,-0.000467,0.005724,0.000179,0.089580,False
2024-01-07,0.006018,0.005962,0.000033,0.000040,-0.000061,0.000124,0.000093,-0.000467,0.005724,0.000294,0.146768,False
2024-01-08,0.005443,0.005963,0.000032,0.000042,-0.000062,0.000122,0.000093,-0.000466,0.005725,-0.000282,-0.140947,False
2024-01-09,0.005077,0.005963,0.000031,0.000044,-0.000062,0.000121,0.000094,-0.000466,0.005725,-0.000648,-0.324063,False
2024-01-10,0.005341,0.005964,0.000029,0.000046,-0.000063,0.000119,0.000095,-0.000465,0.005725,-0.000384,-0.192085,False
2024-01-11,0.005624,0.005964,0.000028,0.000048,-0.000063,0.000118,0.000095,-0.000465,0.005725,-0.000101,-0.050512,False
2024-01-12,0.005367,0.005964,0.000027,0.000050,-0.000064,0.000116,0.000096,-0.000464,0.005725,-0.000358,-0.178848,False
2024-01-13,0.005438,0.005965,0.000025,0.000052,-0.000064,0.000114,0.000097,-0.000464,0.005724,-0.000286,-0.143095,False
2024-01-14,0.005394,0.005965,0.000023,0.000053,-0.000065,0.000113,0.000097,-0.000463,0.005724,-0.000330,-0.164756,False
2024-01-15,0.005113,0.005966,0.000021,0.000055,-0.000065,0.000111,0.000098,-0.000463,0.005723,-0.000610,-0.304834,False
2024-01-16,0.005353,0.005966,0.000019,0.000056,-0.000066,0.000109,0.000098,-0.000462,0.005722,-0.000369,-0.184332,False
2024-01-17,0.005256,0.005967,0.000017,0.000058,-0.000066,0.000108,0.000099,-0.000462,0.005721,-0.000465,-0.232256,False
2024-01-18,0.005185,0.005967,0.000015,0.000059,-0.000066,0.000106,0.000100,-0.000461,0.005719,-0.000534,-0.267107,False
2024-01-19,0.005283,0.005967,0.000013,0.000061,-0.000067,0.000104,0.000100,-0.000461,0.005718,-0.000435,-0.217392,False
2024-01-20,0.005092,0.005968,0.000011,0.000062,-0.000067,0.000102,0.000101,-0.000460,0.005716,-0.000624,-0.312113,False
2024-01-21,0.005169,0.005968,0.000008,0.000063,-0.000067,0.000101,0.000101,-0.000460,0.005715,-0.000546,-0.272777,False
2024-01-22,0.005015,0.005969,0.000006,0.000064,-0.000068,0.000099,0.000102,-0.000459,0.005713,-0.000698,-0.348887,False
2024-01-23,0.005249,0.005969,0.000004,0.000065,-0.000068,0.000097,0.000103,-0.000459,0.005711,-0.000462,-0.230949,False
2024-01-24,0.005443,0.005969,0.000001,0.000066,-0.000068,0.000095,0.000103,-0.000459,0.005709,-0.000266,-0.132968,False
2024-01-25,0.005249,0.005970,-0.000001,0.000067,-0.000069,0.000094,0.000104,-0.000458,0.005707,-0.000458,-0.228949,False
2024-01-26,0.005411,0.005970,-0.000003,0.000068,-0.000069,0.000092,0.000104,-0.000458,0.005705,-0.000294,-0.146897,False
2024-01-27,0.005172,0.005971,-0.000006,0.000069,-0.000069,0.000090,0.000105,-0.000457,0.005703,-0.000531,-0.265318,False
2024-01-28,0.005242,0.005971,-0.000008,0.000070,-0.000069,0.000088,0.000105,-0.000457,0.005700,-0.000458,-0.229216,False
2024-01-29,0.004880,0.005971,-0.000011,0.000070,-0.000069,0.000087,0.000106,-0.000456,0.005698,-0.000818,-0.409097,False
2024-01-30,0.005075,0.005972,-0.000013,0.000071,-0.000070,0.000085,0.000106,-0.000456,0.005696,-0.000621,-0.310466,False
2024-01-31,0.005132,0.005972,-0.000015,0.000071,-0.000070,0.000083,0.000107,-0.000455,0.005694,-0.000562,-0.280828,False
2024-02-01,0.005221,0.005973,-0.000017,0.000072,-0.000070,0.000081,0.000108,-0.000455,0.005691,-0.000470,-0.235189,False
2024-02-02,0.004944,0.005973,-0.000019,0.000072,-0.000070,0.000079,0.000108,-0.000454,0.005689,-0.000745,-0.372552,False
2024-02-03,0.005094,0.005973,-0.000021,0.000072,-0.000070,0.000078,0.000109,-0.000453,0.005687,-0.000593,-0.296424,False
2024-02-04,0.005105,0.005974,-0.000023,0.000072,-0.000070,0.000076,0.000109,-0.000453,0.005685,-0.000580,-0.289808,False
2024-02-05,0.005205,0.005974,-0.000025,0.000072,-0.000070,0.000074,0.000110,-0.000452,0.005682,-0.000477,-0.238709,False
2024-02-06,0.005328,0.005975,-0.000026,0.000072,-0.000070,0.000072,0.000110,-0.000452,0.005680,-0.000352,-0.176132,False
2024-02-07,0.005237,0.005975,-0.000028,0.000072,-0.000070,0.000070,0.000111,-0.000451,0.005678,-0.000441,-0.220579,False
2024-02-08,0.004781,0.005975,-0.000029,0.000072,-0.000070,0.000068,0.000111,-0.000451,0.005676,-0.000895,-0.447555,False
2024-02-09,0.005397,0.005976,-0.000031,0.000071,-0.000070,0.000067,0.000111,-0.000450,0.005674,-0.000277,-0.138563,False
2024-02-10,0.005226,0.005976,-0.000032,0.000071,-0.000070,0.000065,0.000112,-0.000450,0.005672,-0.000446,-0.223107,False
2024-02-11,0.005353,0.005977,-0.000033,0.000070,-0.000070,0.000063,0.000112,-0.000449,0.005670,-0.000317,-0.158690,False
2024-02-12,0.005495,0.005977,-0.000033,0.000070,-0.000070,0.000061,0.000113,-0.000449,0.005669,-0.000174,-0.086813,False
2024-02-13,0.006117,0.005977,-0.000034,0.000069,-0.000070,0.000059,0.000113,-0.000448,0.005667,0.000450,0.225020,False
2024-02-14,0.006240,0.005978,-0.000035,0.000068,-0.000070,0.000057,0.000114,-0.000448,0.005665,0.000575,0.287309,False
2024-02-15,0.005766,0.005978,-0.000035,0.000068,-0.000069,0.000055,0.000114,-0.000447,0.005664,0.000102,0.051050,False
2024-02-16,0.005359,0.005979,-0.000035,0.000067,-0.000069,0.000053,0.000115,-0.000447,0.005663,-0.000304,-0.151756,False
2024-02-17,0.005216,0.005979,-0.000035,0.000066,-0.000069,0.000052,0.000115,-0.000446,0.005661,-0.000445,-0.222612,False
2024-02-18,0.005175,0.005979,-0.000035,0.000065,-0.000069,0.000050,0.000115,-0.000446,0.005660,-0.000485,-0.242517,False
2024-02-19,0.005657,0.005980,-0.000034,0.000063,-0.000068,0.000048,0.000116,-0.000445,0.005659,-0.000002,-0.000973,False
2024-02-20,0.005005,0.005980,-0.000034,0.000062,-0.000068,0.000046,0.000116,-0.000444,0.005658,-0.000653,-0.326477,False
2024-02-21,0.005166,0.005981,-0.000033,0.000061,-0.000068,0.000044,0.000117,-0.000444,0.005657,-0.000491,-0.245532,False
2024-02-22,0.005295,0.005981,-0.000032,0.000060,-0.000068,0.000042,0.000117,-0.000443,0.005656,-0.000361,-0.180634,False
2024-02-23,0.005709,0.005981,-0.000032,0.000058,-0.000067,0.000040,0.000117,-0.000443,0.005656,0.000053,0.026715,False
2024-02-24,0.005058,0.005982,-0.000030,0.000057,-0.000067,0.000038,0.000118,-0.000442,0.005655,-0.000597,-0.298481,False
2024-02-25,0.004989,0.005982,-0.000029,0.000055,-0.000067,0.000036,0.000118,-0.000442,0.005654,-0.000665,-0.332721,False
2024-02-26,0.005003,0.005983,-0.000028,0.000053,-0.000066,0.000034,0.000118,-0.000441,0.005654,-0.000651,-0.325337,False
2024-02-27,0.005018,0.005983,-0.000026,0.000052,-0.000066,0.000032,0.000119,-0.000440,0.005654,-0.000636,-0.317993,False
2024-02-28,0.005032,0.005984,-0.000025,0.000050,-0.000065,0.000030,0.000119,-0.000440,0.005653,-0.000621,-0.310686,False
2024-02-29,0.004908,0.005984,-0.000023,0.000048,-0.000065,0.000028,0.000120,-0.000439,0.005653,-0.000745,-0.372581,False
2024-03-01,0.005319,0.005984,-0.000021,0.000046,-0.000064,0.000027,0.000120,-0.000439,0.005653,-0.000334,-0.167006,False
2024-03-02,0.005476,0.005985,-0.000019,0.000044,-0.000064,0.000025,0.000120,-0.000438,0.005653,-0.000177,-0.088460,False
2024-03-03,0.005515,0.005985,-0.000017,0.000042,-0.000063,0.000023,0.000120,-0.000438,0.005653,-0.000138,-0.068938,False
2024-03-04,0.006056,0.005986,-0.000015,0.000040,-0.000063,0.000021,0.000121,-0.000437,0.005653,0.000403,0.201564,False
2024-03-05,0.005427,0.005986,-0.000012,0.000038,-0.000062,0.000019,0.000121,-0.000436,0.005653,-0.000226,-0.112952,False
2024-03-06,0.005369,0.005986,-0.000010,0.000036,-0.000062,0.000017,0.000121,-0.000436,0.005653,-0.000284,-0.141981,False
2024-03-07,0.005823,0.005987,-0.000008,0.000034,-0.000061,0.000015,0.000122,-0.000435,0.005653,0.000170,0.084982,False
2024-03-08,0.005355,0.005987,-0.000006,0.000032,-0.000061,0.000013,0.000122,-0.000435,0.005653,-0.000298,-0.149060,False
2024-03-09,0.005172,0.005988,-0.000003,0.000030,-0.000060,0.000011,0.000122,-0.000434,0.005653,-0.000481,-0.240602,False
2024-03-10,0.005069,0.005988,-0.000001,0.000027,-0.000059,0.000009,0.000123,-0.000434,0.005653,-0.000584,-0.292140,False
2024-03-11,0.004901,0.005988,0.000002,0.000025,-0.000059,0.000007,0.000123,-0.000433,0.005653,-0.000752,-0.376169,False
2024-03-12,0.005193,0.005989,0.000004,0.000023,-0.000058,0.000005,0.000123,-0.000432,0.005653,-0.000460,-0.230186,False
2024-03-13,0.005474,0.005989,0.000006,0.000020,-0.000057,0.000003,0.000123,-0.000432,0.005653,-0.000179,-0.089686,False
2024-03-14,0.004996,0.005990,0.000009,0.000018,-0.000057,0.000001,0.000124,-0.000431,0.005653,-0.000657,-0.328664,False
2024-03-15,0.005612,0.005990,0.000011,0.000016,-0.000056,-0.000001,0.000124,-0.000431,0.005653,-0.000041,-0.020617,False
2024-03-16,0.004832,0.005990,0.000013,0.000013,-0.000055,-0.000003,0.000124,-0.000430,0.005653,-0.000821,-0.410541,False
2024-03-17,0.005190,0.005991,0.000016,0.000011,-0.000054,-0.000005,0.000124,-0.000429,0.005653,-0.000463,-0.231431,False
2024-03-18,0.005071,0.005991,0.000018,0.000008,-0.000054,-0.000007,0.000124,-0.000429,0.005653,-0.000582,-0.290784,False
2024-03-19,0.005243,0.005992,0.000020,0.000006,-0.000053,-0.000009,0.000125,-0.000428,0.005652,-0.000409,-0.204597,False
2024-03-20,0.005249,0.005992,0.000022,0.000003,-0.000052,-0.000011,0.000125,-0.000427,0.005652,-0.000403,-0.201365,False
2024-03-21,0.005456,0.005992,0.000023,0.000001,-0.000051,-0.000012,0.000125,-0.000427,0.005651,-0.000195,-0.097586,False
2024-03-22,0.005633,0.005993,0.000025,-0.000002,-0.000050,-0.000014,0.000125,-0.000426,0.005651,-0.000018,-0.008757,False
2024-03-23,0.005378,0.005993,0.000027,-0.000004,-0.000050,-0.000016,0.000125,-0.000426,0.005650,-0.000272,-0.135875,False
2024-03-24,0.005407,0.005994,0.000028,-0.000007,-0.000049,-0.000018,0.000126,-0.000425,0.005649,-0.000242,-0.120938,False
2024-03-25,0.005896,0.005994,0.000030,-0.000009,-0.000048,-0.000020,0.000126,-0.000424,0.005648,0.000248,0.124057,False
2024-03-26,0.005255,0.005994,0.000031,-0.000012,-0.000047,-0.000022,0.000126,-0.000424,0.005647,-0.000392,-0.195889,False
2024-03-27,0.005991,0.005995,0.000032,-0.000014,-0.000046,-0.000024,0.000126,-0.000423,0.005646,0.000345,0.172725,False
2024-03-28,0.005857,0.005995,0.000033,-0.000016,-0.000045,-0.000026,0.000126,-0.000422,0.005644,0.000213,0.106401,False
2024-03-29,0.005908,0.005996,0.000034,-0.000019,-0.000044,-0.000028,0.000126,-0.000422,0.005643,0.000265,0.132640,False
2024-03-30,0.006258,0.005996,0.000034,-0.000021,-0.000043,-0.000030,0.000126,-0.000421,0.005641,0.000617,0.308442,False
2024-03-31,0.005679,0.005996,0.000035,-0.000024,-0.000042,-0.000032,0.000127,-0.000421,0.005639,0.000040,0.019806,False
2024-04-01,0.005715,0.005997,0.000035,-0.000026,-0.000041,-0.000034,0.000127,-0.000420,0.005638,0.000077,0.038734,False
2024-04-02,0.005445,0.005997,0.000035,-0.000028,-0.000040,-0.000036,0.000127,-0.000419,0.005636,-0.000191,-0.095277,False
2024-04-03,0.005463,0.005998,0.000035,-0.000030,-0.000039,-0.000038,0.000127,-0.000419,0.005633,-0.000171,-0.085476,False
2024-04-04,0.005480,0.005998,0.000035,-0.000033,-0.000038,-0.000040,0.000127,-0.000418,0.005631,-0.000151,-0.075616,False
2024-04-05,0.005416,0.005998,0.000034,-0.000035,-0.000037,-0.000042,0.000127,-0.000417,0.005629,-0.000213,-0.106447,False
2024-04-06,0.005226,0.005999,0.000034,-0.000037,-0.000036,-0.000043,0.000127,-0.000417,0.005626,-0.000400,-0.200223,False
2024-04-07,0.005302,0.005999,0.000033,-0.000039,-0.000035,-0.000045,0.000127,-0.000416,0.005624,-0.000322,-0.160945,False
2024-04-08,0.004972,0.006000,0.000032,-0.000041,-0.000034,-0.000047,0.000127,-0.000415,0.005621,-0.000649,-0.324617,False
2024-04-09,0.005007,0.006000,0.000031,-0.000043,-0.000033,-0.000049,0.000127,-0.000415,0.005618,-0.000611,-0.305742,False
2024-04-10,0.005276,0.006001,0.000030,-0.000045,-0.000032,-0.000051,0.000127,-0.000414,0.005616,-0.000340,-0.169822,False
2024-04-11,0.004870,0.006001,0.000029,-0.000047,-0.000031,-0.000053,0.000127,-0.000413,0.005613,-0.000743,-0.371362,False
2024-04-12,0.004985,0.006001,0.000027,-0.000049,-0.000030,-0.000055,0.000127,-0.000413,0.005610,-0.000625,-0.312367,False
2024-04-13,0.005100,0.006002,0.000026,-0.000051,-0.000029,-0.000057,0.000127,-0.000412,0.005607,-0.000507,-0.253339,False
2024-04-14,0.005138,0.006002,0.000024,-0.000052,-0.000028,-0.000059,0.000127,-0.000411,0.005604,-0.000466,-0.232785,False
2024-04-15,0.005168,0.006003,0.000022,-0.000054,-0.000027,-0.000061,0.000127,-0.000411,0.005600,-0.000432,-0.216208,False
2024-04-16,0.005263,0.006003,0.000020,-0.000056,-0.000025,-0.000062,0.000127,-0.000410,0.005597,-0.000334,-0.167115,False
2024-04-17,0.005205,0.006003,0.000018,-0.000057,-0.000024,-0.000064,0.000127,-0.000409,0.005594,-0.000389,-0.194510,False
2024-04-18,0.005719,0.006004,0.000016,-0.000059,-0.000023,-0.000066,0.000127,-0.000409,0.005591,0.000128,0.064101,False
2024-04-19,0.005330,0.006004,0.000014,-0.000060,-0.000022,-0.000068,0.000127,-0.000408,0.005588,-0.000258,-0.128787,False
2024-04-20,0.005133,0.006005,0.000012,-0.000061,-0.000021,-0.000070,0.000127,-0.000407,0.005584,-0.000451,-0.225681,False
2024-04-21,0.005544,0.006005,0.000010,-0.000063,-0.000020,-0.000072,0.000127,-0.000407,0.005581,-0.000037,-0.018586,False
2024-04-22,0.005854,0.006005,0.000007,-0.000064,-0.000019,-0.000074,0.000127,-0.000406,0.005578,0.000276,0.137991,False
2024-04-23,0.005274,0.006006,0.000005,-0.000065,-0.000017,-0.000075,0.000127,-0.000405,0.005575,-0.000301,-0.150455,False
2024-04-24,0.006400,0.006006,0.000003,-0.000066,-0.000016,-0.000077,0.000127,-0.000405,0.005572,0.000828,0.414069,False
2024-04-25,0.005476,0.006007,0.000000,-0.000067,-0.000015,-0.000079,0.000127,-0.000404,0.005569,-0.000093,-0.046442,False
2024-04-26,0.005553,0.006007,-0.000002,-0.000068,-0.000014,-0.000081,0.000127,-0.000403,0.005566,-0.000013,-0.006496,False
2024-04-27,0.005952,0.006007,-0.000005,-0.000069,-0.000013,-0.000083,0.000127,-0.000403,0.005563,0.000389,0.194403,False
2024-04-28,0.005010,0.006008,-0.000007,-0.000069,-0.000012,-0.000084,0.000127,-0.000402,0.005561,-0.000551,-0.275253,False
2024-04-29,0.005446,0.006008,-0.000009,-0.000070,-0.000010,-0.000086,0.000127,-0.000401,0.005558,-0.000112,-0.055969,False
2024-04-30,0.005230,0.006009,-0.000012,-0.000071,-0.000009,-0.000088,0.000127,-0.000401,0.005555,-0.000325,-0.162750,False
2024-05-01,0.005411,0.006009,-0.000014,-0.000071,-0.000008,-0.000090,0.000127,-0.000400,0.005553,-0.000142,-0.071102,False
2024-05-02,0.005241,0.006009,-0.000016,-0.000071,-0.000007,-0.000092,0.000127,-0.000399,0.005551,-0.000310,-0.155032,False
2024-05-03,0.004985,0.006010,-0.000018,-0.000072,-0.000006,-0.000093,0.000126,-0.000398,0.005549,-0.000564,-0.282043,False
2024-05-04,0.004836,0.006010,-0.000020,-0.000072,-0.000004,-0.000095,0.000126,-0.000398,0.005547,-0.000711,-0.355642,False
2024-05-05,0.004640,0.006011,-0.000022,-0.000072,-0.000003,-0.000097,0.000126,-0.000397,0.005546,-0.000906,-0.452832,False
2024-05-06,0.004979,0.006011,-0.000024,-0.000072,-0.000002,-0.000099,0.000126,-0.000396,0.005544,-0.000565,-0.282619,False
2024-05-07,0.004978,0.006011,-0.000026,-0.000072,-0.000001,-0.000100,0.000126,-0.000396,0.005543,-0.000565,-0.282506,False
2024-05-08,0.004991,0.006012,-0.000027,-0.000072,0.000000,-0.000102,0.000126,-0.000395,0.005542,-0.000551,-0.275498,False
2024-05-09,0.005234,0.006012,-0.000029,-0.000072,0.000002,-0.000104,0.000126,-0.000394,0.005541,-0.000307,-0.153597,False
2024-05-10,0.005259,0.006013,-0.000030,-0.000071,0.000003,-0.000105,0.000125,-0.000393,0.005541,-0.000282,-0.140808,False
2024-05-11,0.005190,0.006013,-0.000031,-0.000071,0.000004,-0.000107,0.000125,-0.000393,0.005540,-0.000350,-0.175132,False
2024-05-12,0.004901,0.006013,-0.000032,-0.000071,0.000005,-0.000109,0.000125,-0.000392,0.005540,-0.000639,-0.319573,False
2024-05-13,0.005031,0.006014,-0.000033,-0.000070,0.000006,-0.000111,0.000125,-0.000391,0.005540,-0.000509,-0.254633,False
2024-05-14,0.005028,0.006014,-0.000034,-0.000069,0.000008,-0.000112,0.000125,-0.000391,0.005541,-0.000513,-0.256312,False
2024-05-15,0.005313,0.006015,-0.000034,-0.000069,0.000009,-0.000114,0.000124,-0.000390,0.005541,-0.000228,-0.114113,False
2024-05-16,0.004956,0.006015,-0.000035,-0.000068,0.000010,-0.000115,0.000124,-0.000389,0.005542,-0.000586,-0.293036,False
2024-05-17,0.005219,0.006015,-0.000035,-0.000067,0.000011,-0.000117,0.000124,-0.000388,0.005543,-0.000324,-0.162082,False
2024-05-18,0.005027,0.006016,-0.000035,-0.000066,0.000012,-0.000119,0.000124,-0.000388,0.005544,-0.000517,-0.258750,False
2024-05-19,0.005069,0.006016,-0.000035,-0.000065,0.000014,-0.000120,0.000123,-0.000387,0.005546,-0.000477,-0.238540,False
2024-05-20,0.004804,0.006017,-0.000035,-0.000064,0.000015,-0.000122,0.000123,-0.000386,0.005548,-0.000744,-0.371951,False
2024-05-21,0.005096,0.006017,-0.000034,-0.000063,0.000016,-0.000124,0.000123,-0.000385,0.005550,-0.000454,-0.226981,False
2024-05-22,0.005346,0.006018,-0.000034,-0.000062,0.000017,-0.000125,0.000123,-0.000385,0.005552,-0.000206,-0.103130,False
2024-05-23,0.004989,0.006018,-0.000033,-0.000060,0.000018,-0.000127,0.000122,-0.000384,0.005555,-0.000566,-0.282894,False
2024-05-24,0.004825,0.006018,-0.000032,-0.000059,0.000019,-0.000128,0.000122,-0.000383,0.005558,-0.000733,-0.366271,False
2024-05-25,0.005104,0.006019,-0.000031,-0.000057,0.000021,-0.000130,0.000122,-0.000382,0.005561,-0.000457,-0.228259,False
2024-05-26,0.005119,0.006019,-0.000030,-0.000056,0.000022,-0.000131,0.000122,-0.000382,0.005564,-0.000445,-0.222353,False
2024-05-27,0.005137,0.006020,-0.000028,-0.000054,0.000023,-0.000133,0.000121,-0.000381,0.005567,-0.000430,-0.215049,False
2024-05-28,0.005308,0.006020,-0.000027,-0.000053,0.000024,-0.000135,0.000121,-0.000380,0.005571,-0.000263,-0.131345,False
2024-05-29,0.005272,0.006020,-0.000025,-0.000051,0.000025,-0.000136,0.000121,-0.000379,0.005574,-0.000302,-0.151234,False
2024-05-30,0.005162,0.006021,-0.000024,-0.000049,0.000026,-0.000138,0.000120,-0.000379,0.005578,-0.000416,-0.208213,False
2024-05-31,0.005320,0.006021,-0.000022,-0.000047,0.000027,-0.000139,0.000120,-0.000378,0.005583,-0.000263,-0.131275,False
2024-06-01,0.004985,0.006022,-0.000020,-0.000045,0.000029,-0.000141,0.000120,-0.000377,0.005587,-0.000602,-0.300916,False
2024-06-02,0.005108,0.006022,-0.000018,-0.000043,0.000030,-0.000142,0.000119,-0.000376,0.005591,-0.000484,-0.241880,False
2024-06-03,0.005230,0.006022,-0.000016,-0.000041,0.000031,-0.000143,0.000119,-0.000376,0.005596,-0.000366,-0.182911,False
2024-06-04,0.004817,0.006023,-0.000014,-0.000039,0.000032,-0.000145,0.000119,-0.000375,0.005601,-0.000784,-0.391752,False
2024-06-05,0.004997,0.006023,-0.000011,-0.000037,0.000033,-0.000146,0.000118,-0.000374,0.005605,-0.000608,-0.304147,False
2024-06-06,0.005177,0.006024,-0.000009,-0.000035,0.000034,-0.000148,0.000118,-0.000373,0.005610,-0.000433,-0.216590,False
2024-06-07,0.005357,0.006024,-0.000007,-0.000033,0.000035,-0.000149,0.000118,-0.000373,0.005615,-0.000258,-0.129074,False
2024-06-08,0.005696,0.006024,-0.000004,-0.000031,0.000036,-0.000151,0.000117,-0.000372,0.005620,0.000076,0.037909,False
2024-06-09,0.005473,0.006025,-0.000002,-0.000028,0.000037,-0.000152,0.000117,-0.000371,0.005625,-0.000152,-0.076135,False
2024-06-10,0.004814,0.006025,0.000000,-0.000026,0.000038,-0.000153,0.000117,-0.000370,0.005630,-0.000816,-0.408199,False
2024-06-11,0.004614,0.006026,0.000003,-0.000024,0.000039,-0.000155,0.000116,-0.000370,0.005636,-0.001022,-0.510775,False
2024-06-12,0.004980,0.006026,0.000005,-0.000022,0.000040,-0.000156,0.000116,-0.000369,0.005641,-0.000661,-0.330357,False
2024-06-13,0.005093,0.006026,0.000008,-0.000019,0.000041,-0.000157,0.000115,-0.000368,0.005646,-0.000553,-0.276438,False
2024-06-14,0.005005,0.006027,0.000010,-0.000017,0.000042,-0.000159,0.000115,-0.000367,0.005651,-0.000646,-0.323010,False
2024-06-15,0.005010,0.006027,0.000012,-0.000014,0.000043,-0.000160,0.000115,-0.000366,0.005656,-0.000646,-0.323066,False
2024-06-16,0.004976,0.006028,0.000014,-0.000012,0.000044,-0.000161,0.000114,-0.000366,0.005661,-0.000685,-0.342600,False
2024-06-17,0.004872,0.006028,0.000017,-0.000009,0.000045,-0.000163,0.000114,-0.000365,0.005666,-0.000794,-0.397105,False
2024-06-18,0.005128,0.006028,0.000019,-0.000007,0.000046,-0.000164,0.000113,-0.000364,0.005671,-0.000544,-0.271824,False
2024-06-19,0.005383,0.006029,0.000021,-0.000005,0.000047,-0.000165,0.000113,-0.000363,0.005676,-0.000293,-0.146500,False
2024-06-20,0.005341,0.006029,0.000023,-0.000002,0.000048,-0.000166,0.000112,-0.000362,0.005681,-0.000340,-0.169879,False
2024-06-21,0.005008,0.006030,0.000024,0.000000,0.000048,-0.000168,0.000112,-0.000362,0.005685,-0.000677,-0.338703,False
2024-06-22,0.005349,0.006030,0.000026,0.000003,0.000049,-0.000169,0.000111,-0.000361,0.005690,-0.000341,-0.170467,False
2024-06-23,0.005178,0.006030,0.000028,0.000005,0.000050,-0.000170,0.000111,-0.000360,0.005694,-0.000516,-0.258165,False
2024-06-24,0.005394,0.006031,0.000029,0.000008,0.000051,-0.000171,0.000110,-0.000359,0.005699,-0.000305,-0.152293,False
2024-06-25,0.005270,0.006031,0.000030,0.000010,0.000052,-0.000172,0.000110,-0.000358,0.005703,-0.000433,-0.216344,False
2024-06-26,0.005181,0.006032,0.000031,0.000013,0.000053,-0.000174,0.000109,-0.000358,0.005707,-0.000526,-0.262816,False
2024-06-27,0.005674,0.006032,0.000032,0.000015,0.000053,-0.000175,0.000109,-0.000357,0.005710,-0.000036,-0.018204,False
2024-06-28,0.006151,0.006032,0.000033,0.000018,0.000054,-0.000176,0.000108,-0.000356,0.005714,0.000437,0.218497,False
2024-06-29,0.005677,0.006033,0.000034,0.000020,0.000055,-0.000177,0.000108,-0.000355,0.005717,-0.000040,-0.020211,False
2024-06-30,0.005584,0.006033,0.000034,0.000022,0.000056,-0.000178,0.000107,-0.000354,0.005721,-0.000137,-0.068324,False
2024-07-01,0.005145,0.006034,0.000035,0.000025,0.000056,-0.000179,0.000107,-0.000354,0.005724,-0.000579,-0.289340,False
2024-07-02,0.005548,0.006034,0.000035,0.000027,0.000057,-0.000180,0.000106,-0.000353,0.005727,-0.000178,-0.089006,False
2024-07-03,0.005952,0.006035,0.000035,0.000029,0.000058,-0.000181,0.000106,-0.000352,0.005729,0.000223,0.111429,False
2024-07-04,0.005925,0.006035,0.000035,0.000032,0.000058,-0.000182,0.000105,-0.000351,0.005732,0.000193,0.096602,False
2024-07-05,0.005898,0.006035,0.000035,0.000034,0.000059,-0.000183,0.000105,-0.000350,0.005734,0.000164,0.081879,False
2024-07-06,0.005870,0.006036,0.000034,0.000036,0.000060,-0.000184,0.000104,-0.000349,0.005736,0.000135,0.067261,False
2024-07-07,0.005843,0.006036,0.000033,0.000038,0.000060,-0.000185,0.000104,-0.000349,0.005738,0.000105,0.052747,False
2024-07-08,0.005816,0.006037,0.000033,0.000040,0.000061,-0.000186,0.000103,-0.000348,0.005739,0.000077,0.038338,False
2024-07-09,0.005789,0.006037,0.000032,0.000042,0.000062,-0.000187,0.000103,-0.000347,0.005741,0.000048,0.024033,False
2024-07-10,0.005761,0.006037,0.000031,0.000044,0.000062,-0.000188,0.000102,-0.000346,0.005742,0.000020,0.009832,False
2024-07-11,0.005598,0.006038,0.000029,0.000046,0.000063,-0.000189,0.000101,-0.000345,0.005743,-0.000145,-0.072345,False
2024-07-12,0.005598,0.006038,0.000028,0.000048,0.000063,-0.000190,0.000101,-0.000345,0.005743,-0.000145,-0.072730,False
2024-07-13,0.005598,0.006039,0.000027,0.000050,0.000064,-0.000191,0.000100,-0.000344,0.005744,-0.000146,-0.073016,False
2024-07-14,0.005598,0.006039,0.000025,0.000052,0.000064,-0.000192,0.000100,-0.000343,0.005744,-0.000146,-0.073207,False
2024-07-15,0.005598,0.006039,0.000023,0.000053,0.000065,-0.000193,0.000099,-0.000342,0.005745,-0.000147,-0.073306,False
2024-07-16,0.005598,0.006040,0.000021,0.000055,0.000065,-0.000194,0.000098,-0.000341,0.005745,-0.000147,-0.073314,False
2024-07-17,0.005069,0.006040,0.000019,0.000056,0.000066,-0.000195,0.000098,-0.000340,0.005744,-0.000675,-0.337737,False
2024-07-18,0.004970,0.006041,0.000017,0.000058,0.000066,-0.000195,0.000097,-0.000340,0.005744,-0.000774,-0.387077,False
2024-07-19,0.005231,0.006041,0.000015,0.000059,0.000066,-0.000196,0.000097,-0.000339,0.005744,-0.000513,-0.256338,False
2024-07-20,0.004802,0.006041,0.000013,0.000061,0.000067,-0.000197,0.000096,-0.000338,0.005743,-0.000941,-0.470524,False
2024-07-21,0.005191,0.006042,0.000011,0.000062,0.000067,-0.000198,0.000095,-0.000337,0.005742,-0.000551,-0.275640,False
2024-07-22,0.004787,0.006042,0.000008,0.000063,0.000067,-0.000199,0.000095,-0.000336,0.005741,-0.000954,-0.477191,False
2024-07-23,0.004924,0.006043,0.000006,0.000064,0.000068,-0.000199,0.000094,-0.000335,0.005740,-0.000816,-0.408181,False
2024-07-24,0.005058,0.006043,0.000004,0.000065,0.000068,-0.000200,0.000093,-0.000334,0.005739,-0.000681,-0.340472,False
2024-07-25,0.005193,0.006043,0.000001,0.000066,0.000068,-0.000201,0.000093,-0.000334,0.005738,-0.000545,-0.272712,False
2024-07-26,0.005327,0.006044,-0.000001,0.000067,0.000069,-0.000201,0.000092,-0.000333,0.005737,-0.000410,-0.204905,False
2024-07-27,0.005461,0.006044,-0.000003,0.000068,0.000069,-0.000202,0.000091,-0.000332,0.005735,-0.000274,-0.137058,False
2024-07-28,0.005595,0.006045,-0.000006,0.000069,0.000069,-0.000203,0.000091,-0.000331,0.005734,-0.000138,-0.069176,False
2024-07-29,0.005730,0.006045,-0.000008,0.000070,0.000069,-0.000203,0.000090,-0.000330,0.005732,-0.000003,-0.001263,False
2024-07-30,0.005864,0.006045,-0.000011,0.000070,0.000069,-0.000204,0.000089,-0.000329,0.005731,0.000133,0.066676,False
2024-07-31,0.005117,0.006046,-0.000013,0.000071,0.000070,-0.000205,0.000089,-0.000328,0.005729,-0.000612,-0.306008,False
2024-08-01,0.004750,0.006046,-0.000015,0.000071,0.000070,-0.000205,0.000088,-0.000328,0.005727,-0.000977,-0.488677,False
2024-08-02,0.004717,0.006047,-0.000017,0.000072,0.000070,-0.000206,0.000087,-0.000327,0.005726,-0.001009,-0.504586,False
2024-08-03,0.004683,0.006047,-0.000019,0.000072,0.000070,-0.000206,0.000086,-0.000326,0.005724,-0.001041,-0.520489,False
2024-08-04,0.004737,0.006047,-0.000021,0.000072,0.000070,-0.000207,0.000086,-0.000325,0.005722,-0.000985,-0.492392,False
2024-08-05,0.004792,0.006048,-0.000023,0.000072,0.000070,-0.000207,0.000085,-0.000324,0.005721,-0.000929,-0.464299,False
2024-08-06,0.004826,0.006048,-0.000025,0.000072,0.000070,-0.000208,0.000084,-0.000323,0.005719,-0.000893,-0.446464,False
2024-08-07,0.004631,0.006049,-0.000026,0.000072,0.000070,-0.000208,0.000084,-0.000322,0.005717,-0.001086,-0.543141,False
2024-08-08,0.005635,0.006049,-0.000028,0.000072,0.000070,-0.000209,0.000083,-0.000321,0.005716,-0.000081,-0.040335,False
2024-08-09,0.005577,0.006049,-0.000029,0.000072,0.000070,-0.000209,0.000082,-0.000321,0.005714,-0.000137,-0.068549,False
2024-08-10,0.006134,0.006050,-0.000031,0.000071,0.000070,-0.000210,0.000081,-0.000320,0.005713,0.000421,0.210713,False
2024-08-11,0.006177,0.006050,-0.000032,0.000071,0.000070,-0.000210,0.000081,-0.000319,0.005711,0.000465,0.232749,False
2024-08-12,0.006219,0.006051,-0.000033,0.000070,0.000070,-0.000211,0.000080,-0.000318,0.005710,0.000510,0.254754,False
2024-08-13,0.006262,0.006051,-0.000033,0.000070,0.000070,-0.000211,0.000079,-0.000317,0.005708,0.000553,0.276728,False
2024-08-14,0.006304,0.006052,-0.000034,0.000069,0.000070,-0.000211,0.000078,-0.000316,0.005707,0.000597,0.298667,False
2024-08-15,0.006347,0.006052,-0.000035,0.000068,0.000070,-0.000212,0.000078,-0.000315,0.005706,0.000641,0.320570,False
2024-08-16,0.006324,0.006052,-0.000035,0.000068,0.000069,-0.000212,0.000077,-0.000314,0.005705,0.000619,0.309634,False
2024-08-17,0.006301,0.006053,-0.000035,0.000067,0.000069,-0.000212,0.000076,-0.000314,0.005704,0.000597,0.298659,False
2024-08-18,0.006278,0.006053,-0.000035,0.000066,0.000069,-0.000213,0.000075,-0.000313,0.005703,0.000575,0.287644,False
2024-08-19,0.006255,0.006054,-0.000035,0.000065,0.000069,-0.000213,0.000075,-0.000312,0.005702,0.000553,0.276588,False
2024-08-20,0.006232,0.006054,-0.000034,0.000063,0.000068,-0.000213,0.000074,-0.000311,0.005701,0.000531,0.265490,False
2024-08-21,0.006209,0.006054,-0.000034,0.000062,0.000068,-0.000214,0.000073,-0.000310,0.005700,0.000509,0.254351,False
2024-08-22,0.006186,0.006055,-0.000033,0.000061,0.000068,-0.000214,0.000072,-0.000309,0.005700,0.000486,0.243171,False
2024-08-23,0.006186,0.006055,-0.000032,0.000060,0.000068,-0.000214,0.000071,-0.000308,0.005699,0.000487,0.243452,False
2024-08-24,0.006186,0.006056,-0.000032,0.000058,0.000067,-0.000214,0.000071,-0.000307,0.005699,0.000487,0.243693,False
2024-08-25,0.006186,0.006056,-0.000030,0.000057,0.000067,-0.000214,0.000070,-0.000306,0.005698,0.000488,0.243896,False
2024-08-26,0.006186,0.006056,-0.000029,0.000055,0.000067,-0.000214,0.000069,-0.000305,0.005698,0.000488,0.244064,False
2024-08-27,0.006186,0.006057,-0.000028,0.000053,0.000066,-0.000215,0.000068,-0.000305,0.005698,0.000488,0.244197,False
2024-08-28,0.006186,0.006057,-0.000026,0.000052,0.000066,-0.000215,0.000067,-0.000304,0.005697,0.000489,0.244299,False
2024-08-29,0.005864,0.006058,-0.000025,0.000050,0.000065,-0.000215,0.000067,-0.000303,0.005697,0.000167,0.083371,False
2024-08-30,0.005864,0.006058,-0.000023,0.000048,0.000065,-0.000215,0.000066,-0.000302,0.005697,0.000167,0.083417,False
2024-08-31,0.005864,0.006058,-0.000021,0.000046,0.000064,-0.000215,0.000065,-0.000301,0.005697,0.000167,0.083440,False
2024-09-01,0.005864,0.006059,-0.000019,0.000044,0.000064,-0.000215,0.000064,-0.000300,0.005697,0.000167,0.083442,False
2024-09-02,0.005864,0.006059,-0.000017,0.000042,0.000063,-0.000215,0.000063,-0.000299,0.005697,0.000167,0.083428,False
2024-09-03,0.005864,0.006060,-0.000015,0.000040,0.000063,-0.000215,0.000062,-0.000298,0.005697,0.000167,0.083400,False
2024-09-04,0.005864,0.006060,-0.000012,0.000038,0.000062,-0.000215,0.000062,-0.000297,0.005697,0.000167,0.083363,False
2024-09-05,0.005864,0.006060,-0.000010,0.000036,0.000062,-0.000215,0.000061,-0.000296,0.005697,0.000167,0.083320,False
2024-09-06,0.005075,0.006061,-0.000008,0.000034,0.000061,-0.000215,0.000060,-0.000295,0.005697,-0.000622,-0.311224,False
2024-09-07,0.005349,0.006061,-0.000006,0.000032,0.000061,-0.000215,0.000059,-0.000294,0.005698,-0.000349,-0.174265,False
2024-09-08,0.005733,0.006062,-0.000003,0.000030,0.000060,-0.000215,0.000058,-0.000294,0.005698,0.000036,0.017950,False
2024-09-09,0.006118,0.006062,-0.000001,0.000027,0.000059,-0.000215,0.000057,-0.000293,0.005698,0.000420,0.210176,False
2024-09-10,0.005553,0.006062,0.000002,0.000025,0.000059,-0.000215,0.000056,-0.000292,0.005698,-0.000145,-0.072333,False
2024-09-11,0.005841,0.006063,0.000004,0.000023,0.000058,-0.000215,0.000056,-0.000291,0.005698,0.000143,0.071678,False
2024-09-12,0.005081,0.006063,0.000006,0.000020,0.000057,-0.000215,0.000055,-0.000290,0.005698,-0.000617,-0.308288,False
2024-09-13,0.005227,0.006064,0.000009,0.000018,0.000057,-0.000214,0.000054,-0.000289,0.005697,-0.000470,-0.235227,False
2024-09-14,0.005099,0.006064,0.000011,0.000016,0.000056,-0.000214,0.000053,-0.000288,0.005697,-0.000598,-0.299134,False
2024-09-15,0.005114,0.006064,0.000013,0.000013,0.000055,-0.000214,0.000052,-0.000287,0.005697,-0.000583,-0.291505,False
2024-09-16,0.005133,0.006065,0.000016,0.000011,0.000054,-0.000214,0.000051,-0.000286,0.005697,-0.000563,-0.281588,False
2024-09-17,0.005153,0.006065,0.000018,0.000008,0.000054,-0.000214,0.000050,-0.000285,0.005696,-0.000543,-0.271627,False
2024-09-18,0.006141,0.006066,0.000020,0.000006,0.000053,-0.000213,0.000049,-0.000284,0.005696,0.000445,0.222630,False
2024-09-19,0.005888,0.006066,0.000022,0.000003,0.000052,-0.000213,0.000049,-0.000283,0.005695,0.000192,0.096186,False
2024-09-20,0.005634,0.006066,0.000023,0.000001,0.000051,-0.000213,0.000048,-0.000282,0.005694,-0.000060,-0.030206,False
2024-09-21,0.005019,0.006067,0.000025,-0.000002,0.000050,-0.000212,0.000047,-0.000281,0.005694,-0.000675,-0.337292,False
2024-09-22,0.004998,0.006067,0.000027,-0.000004,0.000050,-0.000212,0.000046,-0.000280,0.005693,-0.000695,-0.347570,False
2024-09-23,0.004976,0.006068,0.000028,-0.000007,0.000049,-0.000212,0.000045,-0.000280,0.005692,-0.000716,-0.357789,False
2024-09-24,0.005299,0.006068,0.000030,-0.000009,0.000048,-0.000211,0.000044,-0.000279,0.005690,-0.000391,-0.195696,False
2024-09-25,0.004808,0.006068,0.000031,-0.000012,0.000047,-0.000211,0.000043,-0.000278,0.005689,-0.000881,-0.440540,False
2024-09-26,0.005122,0.006069,0.000032,-0.000014,0.000046,-0.000211,0.000042,-0.000277,0.005688,-0.000566,-0.282819,False
2024-09-27,0.005280,0.006069,0.000033,-0.000016,0.000045,-0.000210,0.000041,-0.000276,0.005686,-0.000406,-0.203032,False
2024-09-28,0.005099,0.006070,0.000034,-0.000019,0.000044,-0.000210,0.000040,-0.000275,0.005684,-0.000585,-0.292680,False
2024-09-29,0.004970,0.006070,0.000034,-0.000021,0.000043,-0.000209,0.000039,-0.000274,0.005683,-0.000713,-0.356261,False
2024-09-30,0.005166,0.006071,0.000035,-0.000024,0.000042,-0.000209,0.000039,-0.000273,0.005681,-0.000515,-0.257276,False
2024-10-01,0.005498,0.006071,0.000035,-0.000026,0.000041,-0.000208,0.000038,-0.000272,0.005678,-0.000180,-0.090224,False
2024-10-02,0.005112,0.006071,0.000035,-0.000028,0.000040,-0.000208,0.000037,-0.000271,0.005676,-0.000564,-0.282109,False
2024-10-03,0.005189,0.006072,0.000035,-0.000030,0.000039,-0.000207,0.000036,-0.000270,0.005674,-0.000485,-0.242429,False
2024-10-04,0.005266,0.006072,0.000035,-0.000033,0.000038,-0.000207,0.000035,-0.000269,0.005671,-0.000405,-0.202687,False
2024-10-05,0.005430,0.006073,0.000034,-0.000035,0.000037,-0.000206,0.000034,-0.000268,0.005669,-0.000239,-0.119386,False
2024-10-06,0.004868,0.006073,0.000034,-0.000037,0.000036,-0.000206,0.000033,-0.000267,0.005666,-0.000798,-0.399026,False
2024-10-07,0.005701,0.006073,0.000033,-0.000039,0.000035,-0.000205,0.000032,-0.000266,0.005663,0.000038,0.018888,False
2024-10-08,0.004926,0.006074,0.000032,-0.000041,0.000034,-0.000205,0.000031,-0.000265,0.005660,-0.000734,-0.367145,False
2024-10-09,0.004915,0.006074,0.000031,-0.000043,0.000033,-0.000204,0.000030,-0.000264,0.005657,-0.000742,-0.371130,False
2024-10-10,0.004983,0.006075,0.000030,-0.000045,0.000032,-0.000203,0.000029,-0.000263,0.005654,-0.000671,-0.335570,False
2024-10-11,0.004940,0.006075,0.000029,-0.000047,0.000031,-0.000203,0.000028,-0.000262,0.005651,-0.000711,-0.355469,False
2024-10-12,0.005305,0.006075,0.000027,-0.000049,0.000030,-0.000202,0.000027,-0.000261,0.005648,-0.000343,-0.171332,False
2024-10-13,0.005446,0.006076,0.000026,-0.000051,0.000029,-0.000201,0.000026,-0.000260,0.005644,-0.000198,-0.099162,False
2024-10-14,0.005217,0.006076,0.000024,-0.000052,0.000028,-0.000201,0.000025,-0.000259,0.005641,-0.000424,-0.211966,False
2024-10-15,0.004804,0.006077,0.000022,-0.000054,0.000027,-0.000200,0.000025,-0.000258,0.005637,-0.000833,-0.416748,False
2024-10-16,0.004921,0.006077,0.000020,-0.000056,0.000025,-0.000199,0.000024,-0.000257,0.005634,-0.000713,-0.356513,False
2024-10-17,0.005036,0.006077,0.000018,-0.000057,0.000024,-0.000199,0.000023,-0.000256,0.005631,-0.000595,-0.297268,False
2024-10-18,0.004935,0.006078,0.000016,-0.000059,0.000023,-0.000198,0.000022,-0.000255,0.005627,-0.000692,-0.346017,False
2024-10-19,0.004881,0.006078,0.000014,-0.000060,0.000022,-0.000197,0.000021,-0.000255,0.005624,-0.000743,-0.371267,False
2024-10-20,0.004929,0.006079,0.000012,-0.000061,0.000021,-0.000196,0.000020,-0.000254,0.005620,-0.000691,-0.345524,False
2024-10-21,0.004966,0.006079,0.000010,-0.000063,0.000020,-0.000195,0.000019,-0.000253,0.005617,-0.000651,-0.325295,False
2024-10-22,0.004921,0.006079,0.000007,-0.000064,0.000019,-0.000195,0.000018,-0.000252,0.005613,-0.000692,-0.346084,False
2024-10-23,0.005245,0.006080,0.000005,-0.000065,0.000017,-0.000194,0.000017,-0.000251,0.005610,-0.000365,-0.182400,False
2024-10-24,0.004827,0.006080,0.000003,-0.000066,0.000016,-0.000193,0.000016,-0.000250,0.005606,-0.000779,-0.389748,False
2024-10-25,0.005269,0.006081,0.000000,-0.000067,0.000015,-0.000192,0.000015,-0.000249,0.005603,-0.000334,-0.167134,False
2024-10-26,0.005011,0.006081,-0.000002,-0.000068,0.000014,-0.000191,0.000014,-0.000248,0.005600,-0.000589,-0.294565,False
2024-10-27,0.005031,0.006081,-0.000005,-0.000069,0.000013,-0.000190,0.000013,-0.000247,0.005597,-0.000566,-0.283048,False
2024-10-28,0.004952,0.006082,-0.000007,-0.000069,0.000012,-0.000189,0.000012,-0.000246,0.005594,-0.000642,-0.321088,False
2024-10-29,0.004949,0.006082,-0.000009,-0.000070,0.000010,-0.000188,0.000011,-0.000245,0.005591,-0.000642,-0.321192,False
2024-10-30,0.005048,0.006083,-0.000012,-0.000071,0.000009,-0.000187,0.000010,-0.000244,0.005589,-0.000541,-0.270366,False
2024-10-31,0.004976,0.006083,-0.000014,-0.000071,0.000008,-0.000187,0.000009,-0.000243,0.005586,-0.000611,-0.305282,False
2024-11-01,0.004903,0.006083,-0.000016,-0.000071,0.000007,-0.000186,0.000008,-0.000242,0.005584,-0.000681,-0.340279,False
2024-11-02,0.004831,0.006084,-0.000018,-0.000072,0.000006,-0.000185,0.000007,-0.000241,0.005582,-0.000751,-0.375364,False
2024-11-03,0.004759,0.006084,-0.000020,-0.000072,0.000004,-0.000184,0.000006,-0.000240,0.005580,-0.000821,-0.410540,False
2024-11-04,0.004686,0.006085,-0.000022,-0.000072,0.000003,-0.000182,0.000005,-0.000239,0.005578,-0.000892,-0.445814,False
2024-11-05,0.004614,0.006085,-0.000024,-0.000072,0.000002,-0.000181,0.000004,-0.000238,0.005576,-0.000962,-0.481190,False
2024-11-06,0.004542,0.006085,-0.000026,-0.000072,0.000001,-0.000180,0.000003,-0.000237,0.005575,-0.001033,-0.516672,False
2024-11-07,0.004397,0.006086,-0.000027,-0.000072,-0.000000,-0.000179,0.000003,-0.000236,0.005574,-0.001177,-0.588432,False
2024-11-08,0.004397,0.006086,-0.000029,-0.000072,-0.000002,-0.000178,0.000002,-0.000235,0.005573,-0.001176,-0.587973,False
2024-11-09,0.004420,0.006087,-0.000030,-0.000071,-0.000003,-0.000177,0.000001,-0.000234,0.005572,-0.001152,-0.576131,False
2024-11-10,0.004392,0.006087,-0.000031,-0.000071,-0.000004,-0.000176,-0.000000,-0.000233,0.005572,-0.001180,-0.589910,False
2024-11-11,0.004364,0.006088,-0.000032,-0.000071,-0.000005,-0.000175,-0.000001,-0.000232,0.005572,-0.001208,-0.603814,False
2024-11-12,0.004355,0.006088,-0.000033,-0.000070,-0.000006,-0.000174,-0.000002,-0.000231,0.005572,-0.001217,-0.608343,False
2024-11-13,0.004346,0.006088,-0.000034,-0.000069,-0.000008,-0.000173,-0.000003,-0.000230,0.005572,-0.001226,-0.612999,False
2024-11-14,0.004380,0.006089,-0.000034,-0.000069,-0.000009,-0.000171,-0.000004,-0.000229,0.005573,-0.001193,-0.596286,False
2024-11-15,0.004537,0.006089,-0.000035,-0.000068,-0.000010,-0.000170,-0.000005,-0.000228,0.005573,-0.001036,-0.518202,False
2024-11-16,0.004484,0.006090,-0.000035,-0.000067,-0.000011,-0.000169,-0.000006,-0.000227,0.005574,-0.001091,-0.545500,False
2024-11-17,0.004430,0.006090,-0.000035,-0.000066,-0.000012,-0.000168,-0.000007,-0.000226,0.005576,-0.001146,-0.572929,False
2024-11-18,0.004377,0.006090,-0.000035,-0.000065,-0.000014,-0.000167,-0.000008,-0.000225,0.005577,-0.001201,-0.600489,False
2024-11-19,0.004323,0.006091,-0.000035,-0.000064,-0.000015,-0.000165,-0.000009,-0.000224,0.005579,-0.001256,-0.628179,False
2024-11-20,0.004487,0.006091,-0.000034,-0.000063,-0.000016,-0.000164,-0.000010,-0.000223,0.005581,-0.001094,-0.547248,False
2024-11-21,0.004352,0.006092,-0.000034,-0.000062,-0.000017,-0.000163,-0.000011,-0.000222,0.005584,-0.001232,-0.615945,False
2024-11-22,0.004320,0.006092,-0.000033,-0.000060,-0.000018,-0.000162,-0.000012,-0.000221,0.005587,-0.001267,-0.633268,False
2024-11-23,0.004310,0.006092,-0.000032,-0.000059,-0.000019,-0.000160,-0.000013,-0.000220,0.005589,-0.001279,-0.639714,False
2024-11-24,0.004313,0.006093,-0.000031,-0.000057,-0.000021,-0.000159,-0.000014,-0.000218,0.005593,-0.001280,-0.639781,False
2024-11-25,0.004360,0.006093,-0.000030,-0.000056,-0.000022,-0.000158,-0.000015,-0.000217,0.005596,-0.001236,-0.617965,False
2024-11-26,0.004615,0.006094,-0.000028,-0.000054,-0.000023,-0.000156,-0.000016,-0.000216,0.005600,-0.000985,-0.492262,False
2024-11-27,0.004456,0.006094,-0.000027,-0.000053,-0.000024,-0.000155,-0.000017,-0.000215,0.005603,-0.001147,-0.573670,False
2024-11-28,0.004402,0.006094,-0.000025,-0.000051,-0.000025,-0.000154,-0.000018,-0.000214,0.005607,-0.001205,-0.602683,False
2024-11-29,0.004398,0.006095,-0.000024,-0.000049,-0.000026,-0.000152,-0.000019,-0.000213,0.005612,-0.001214,-0.606797,False
2024-11-30,0.004556,0.006095,-0.000022,-0.000047,-0.000027,-0.000151,-0.000020,-0.000212,0.005616,-0.001060,-0.530007,False
2024-12-01,0.004636,0.006096,-0.000020,-0.000045,-0.000029,-0.000149,-0.000021,-0.000211,0.005621,-0.000985,-0.492308,False
2024-12-02,0.004572,0.006096,-0.000018,-0.000043,-0.000030,-0.000148,-0.000021,-0.000210,0.005625,-0.001053,-0.526694,False
2024-12-03,0.004325,0.006096,-0.000016,-0.000041,-0.000031,-0.000147,-0.000022,-0.000209,0.005630,-0.001305,-0.652659,False
2024-12-04,0.004629,0.006097,-0.000014,-0.000039,-0.000032,-0.000145,-0.000023,-0.000208,0.005635,-0.001006,-0.503197,False
2024-12-05,0.004409,0.006097,-0.000011,-0.000037,-0.000033,-0.000144,-0.000024,-0.000207,0.005641,-0.001232,-0.615803,False
2024-12-06,0.004446,0.006098,-0.000009,-0.000035,-0.000034,-0.000142,-0.000025,-0.000206,0.005646,-0.001200,-0.599969,False
2024-12-07,0.004363,0.006098,-0.000007,-0.000033,-0.000035,-0.000141,-0.000026,-0.000205,0.005651,-0.001288,-0.644189,False
2024-12-08,0.004389,0.006098,-0.000004,-0.000031,-0.000036,-0.000139,-0.000027,-0.000204,0.005657,-0.001268,-0.633957,False
2024-12-09,0.004301,0.006099,-0.000002,-0.000028,-0.000037,-0.000138,-0.000028,-0.000203,0.005663,-0.001362,-0.680766,False
2024-12-10,0.004404,0.006099,0.000000,-0.000026,-0.000038,-0.000136,-0.000029,-0.000202,0.005668,-0.001264,-0.632108,False
2024-12-11,0.004381,0.006100,0.000003,-0.000024,-0.000039,-0.000135,-0.000030,-0.000201,0.005674,-0.001293,-0.646478,False
2024-12-12,0.004460,0.006100,0.000005,-0.000022,-0.000040,-0.000133,-0.000031,-0.000200,0.005680,-0.001220,-0.609867,False
2024-12-13,0.004420,0.006100,0.000008,-0.000019,-0.000041,-0.000132,-0.000032,-0.000199,0.005686,-0.001266,-0.632769,False
2024-12-14,0.004317,0.006101,0.000010,-0.000017,-0.000042,-0.000130,-0.000033,-0.000198,0.005691,-0.001374,-0.687178,False
2024-12-15,0.004396,0.006101,0.000012,-0.000014,-0.000043,-0.000129,-0.000034,-0.000197,0.005697,-0.001301,-0.650586,False
2024-12-16,0.004418,0.006102,0.000014,-0.000012,-0.000044,-0.000127,-0.000035,-0.000196,0.005703,-0.001285,-0.642487,False
2024-12-17,0.004450,0.006102,0.000017,-0.000009,-0.000045,-0.000125,-0.000036,-0.000195,0.005709,-0.001259,-0.629374,False
2024-12-18,0.004338,0.006102,0.000019,-0.000007,-0.000046,-0.000124,-0.000036,-0.000194,0.005714,-0.001376,-0.688241,False
2024-12-19,0.004478,0.006103,0.000021,-0.000005,-0.000047,-0.000122,-0.000037,-0.000193,0.005720,-0.001242,-0.621081,False
2024-12-20,0.004377,0.006103,0.000023,-0.000002,-0.000048,-0.000121,-0.000038,-0.000192,0.005726,-0.001349,-0.674388,False
2024-12-21,0.004546,0.006104,0.000024,0.000000,-0.000048,-0.000119,-0.000039,-0.000191,0.005731,-0.001185,-0.592658,False
2024-12-22,0.004556,0.006104,0.000026,0.000003,-0.000049,-0.000117,-0.000040,-0.000190,0.005737,-0.001181,-0.590383,False
2024-12-23,0.004624,0.006105,0.000028,0.000005,-0.000050,-0.000116,-0.000041,-0.000188,0.005742,-0.001118,-0.559059,False
2024-12-24,0.004508,0.006105,0.000029,0.000008,-0.000051,-0.000114,-0.000042,-0.000187,0.005747,-0.001239,-0.619681,False
2024-12-25,0.004392,0.006105,0.000030,0.000010,-0.000052,-0.000112,-0.000043,-0.000186,0.005752,-0.001360,-0.680244,False
2024-12-26,0.004276,0.006106,0.000031,0.000013,-0.000053,-0.000111,-0.000044,-0.000185,0.005757,-0.001481,-0.740743,False
2024-12-27,0.004523,0.006106,0.000032,0.000015,-0.000053,-0.000109,-0.000045,-0.000184,0.005762,-0.001239,-0.619675,False
2024-12-28,0.004527,0.006107,0.000033,0.000018,-0.000054,-0.000107,-0.000046,-0.000183,0.005767,-0.001240,-0.620036,False
2024-12-29,0.004511,0.006107,0.000034,0.000020,-0.000055,-0.000106,-0.000046,-0.000182,0.005772,-0.001261,-0.630322,False
2024-12-30,0.004572,0.006107,0.000034,0.000022,-0.000056,-0.000104,-0.000047,-0.000181,0.005776,-0.001204,-0.602031,False
2024-12-31,0.004521,0.006108,0.000035,0.000025,-0.000056,-0.000102,-0.000048,-0.000180,0.005780,-0.001259,-0.629660,False
