date,dU,dU_trend,dU_0.25yr,dU_0.5yr,dU_1yr,dU_3.2yr,dU_4.75yr,dU_9.14yr,dU_jump,dU_exp,dU_model,dU_noise,dU_wtest,flagged
2010-01-02,-0.103591,-0.156816,0.001909,0.003795,0.002720,0.000810,0.005271,0.005946,0.000000,0.000000,-0.136366,0.032775,2.850011,False
2010-01-03,-0.105365,-0.156936,0.001906,0.003912,0.002675,0.000851,0.005283,0.005950,0.000000,0.000000,-0.136359,0.030994,2.695170,False
2010-01-04,-0.106349,-0.157056,0.001893,0.004024,0.002629,0.000892,0.005294,0.005955,0.000000,0.000000,-0.136367,0.030018,2.610293,False
2010-01-05,-0.105666,-0.157175,0.001872,0.004132,0.002583,0.000932,0.005306,0.005960,0.000000,0.000000,-0.136390,0.030724,2.671644,False
2010-01-06,-0.111190,-0.157295,0.001843,0.004235,0.002536,0.000973,0.005317,0.005964,0.000000,0.000000,-0.136427,0.025237,2.194532,False
2010-01-07,-0.110056,-0.157415,0.001804,0.004333,0.002488,0.001014,0.005329,0.005969,0.000000,0.000000,-0.136479,0.026423,2.297647,False
2010-01-08,-0.111493,-0.157535,0.001757,0.004426,0.002439,0.001054,0.005340,0.005973,0.000000,0.000000,-0.136545,0.025052,2.178461,False
2010-01-09,-0.109659,-0.157655,0.001701,0.004513,0.002390,0.001095,0.005351,0.005978,0.000000,0.000000,-0.136626,0.026967,2.344964,False
2010-01-10,-0.110048,-0.157775,0.001638,0.004596,0.002340,0.001136,0.005362,0.005982,0.000000,0.000000,-0.136721,0.026673,2.319402,False
2010-01-11,-0.105229,-0.157894,0.001566,0.004672,0.002289,0.001176,0.005374,0.005986,0.000000,0.000000,-0.136830,0.031601,2.747928,False
2010-01-12,-0.100836,-0.158014,0.001488,0.004744,0.002238,0.001217,0.005385,0.005991,0.000000,0.000000,-0.136953,0.036117,3.140608,False
2010-01-13,-0.107410,-0.158134,0.001402,0.004809,0.002186,0.001257,0.005396,0.005995,0.000000,0.000000,-0.137089,0.029679,2.580806,False
2010-01-14,-0.114012,-0.158254,0.001309,0.004869,0.002133,0.001298,0.005407,0.006000,0.000000,0.000000,-0.137239,0.023227,2.019711,False
2010-01-15,-0.113188,-0.158374,0.001211,0.004923,0.002080,0.001338,0.005417,0.006004,0.000000,0.000000,-0.137401,0.024213,2.105462,False
2010-01-16,-0.111426,-0.158493,0.001106,0.004972,0.002026,0.001378,0.005428,0.006008,0.000000,0.000000,-0.137575,0.026149,2.273849,False
2010-01-17,-0.112993,-0.158613,0.000997,0.005014,0.001971,0.001419,0.005439,0.006013,0.000000,0.000000,-0.137762,0.024769,2.153791,False
2010-01-18,-0.110965,-0.158733,0.000882,0.005050,0.001916,0.001459,0.005449,0.006017,0.000000,0.000000,-0.137959,0.026994,2.347331,False
2010-01-19,-0.109526,-0.158853,0.000764,0.005081,0.001860,0.001499,0.005460,0.006021,0.000000,0.000000,-0.138168,0.028642,2.490598,False
2010-01-20,-0.112029,-0.158973,0.000641,0.005105,0.001804,0.001539,0.005471,0.006025,0.000000,0.000000,-0.138387,0.026358,2.291982,False
2010-01-21,-0.106739,-0.159093,0.000516,0.005124,0.001747,0.001579,0.005481,0.006030,0.000000,0.000000,-0.138615,0.031876,2.771866,False
2010-01-22,-0.107836,-0.159212,0.000389,0.005136,0.001690,0.001619,0.005491,0.006034,0.000000,0.000000,-0.138853,0.031017,2.697157,False
2010-01-23,-0.113645,-0.159332,0.000259,0.005142,0.001632,0.001660,0.005502,0.006038,0.000000,0.000000,-0.139100,0.025455,2.213454,False
2010-01-24,-0.110639,-0.159452,0.000128,0.005142,0.001574,0.001700,0.005512,0.006042,0.000000,0.000000,-0.139354,0.028715,2.496965,False
2010-01-25,-0.111168,-0.159572,-0.000003,0.005136,0.001515,0.001739,0.005522,0.006046,0.000000,0.000000,-0.139616,0.028448,2.473719,False
2010-01-26,-0.113756,-0.159692,-0.000134,0.005124,0.001456,0.001779,0.005532,0.006050,0.000000,0.000000,-0.139884,0.026128,2.272010,False
2010-01-27,-0.118910,-0.159811,-0.000265,0.005106,0.001396,0.001819,0.005542,0.006055,0.000000,0.000000,-0.140158,0.021248,1.847694,False
2010-01-28,-0.111932,-0.159931,-0.000394,0.005082,0.001336,0.001859,0.005552,0.006059,0.000000,0.000000,-0.140438,0.028506,2.478799,False
2010-01-29,-0.116795,-0.160051,-0.000522,0.005052,0.001275,0.001899,0.005562,0.006063,0.000000,0.000000,-0.140723,0.023928,2.080662,False
2010-01-30,-0.114205,-0.160171,-0.000647,0.005016,0.001215,0.001938,0.005571,0.006067,0.000000,0.000000,-0.141011,0.026806,2.330962,False
2010-01-31,-0.119799,-0.160291,-0.000769,0.004974,0.001153,0.001978,0.005581,0.006071,0.000000,0.000000,-0.141303,0.021504,1.869905,False
2010-02-01,-0.115763,-0.160411,-0.000887,0.004926,0.001092,0.002018,0.005591,0.006075,0.000000,0.000000,-0.141598,0.025835,2.246478,False
2010-02-02,-0.118944,-0.160530,-0.001002,0.004872,0.001030,0.002057,0.005600,0.006079,0.000000,0.000000,-0.141894,0.022950,1.995670,False
2010-02-03,-0.119811,-0.160650,-0.001111,0.004812,0.000968,0.002097,0.005610,0.006083,0.000000,0.000000,-0.142192,0.022381,1.946208,False
2010-02-04,-0.117455,-0.160770,-0.001215,0.004747,0.000905,0.002136,0.005619,0.006087,0.000000,0.000000,-0.142491,0.025036,2.177083,False
2010-02-05,-0.119170,-0.160890,-0.001313,0.004676,0.000843,0.002175,0.005628,0.006090,0.000000,0.000000,-0.142791,0.023621,2.053984,False
2010-02-06,-0.113451,-0.161010,-0.001406,0.004599,0.000780,0.002215,0.005638,0.006094,0.000000,0.000000,-0.143090,0.029639,2.577296,False
2010-02-07,-0.120656,-0.161129,-0.001491,0.004517,0.000716,0.002254,0.005647,0.006098,0.000000,0.000000,-0.143388,0.022732,1.976710,False
2010-02-08,-0.114687,-0.161249,-0.001570,0.004430,0.000653,0.002293,0.005656,0.006102,0.000000,0.000000,-0.143685,0.028998,2.521573,False
2010-02-09,-0.126675,-0.161369,-0.001641,0.004337,0.000589,0.002332,0.005665,0.006106,0.000000,0.000000,-0.143980,0.017305,1.504799,False
2010-02-10,-0.122014,-0.161489,-0.001704,0.004240,0.000525,0.002371,0.005674,0.006110,0.000000,0.000000,-0.144273,0.022259,1.935563,False
2010-02-11,-0.123802,-0.161609,-0.001759,0.004137,0.000462,0.002410,0.005683,0.006113,0.000000,0.000000,-0.144563,0.020762,1.805352,False
2010-02-12,-0.125589,-0.161729,-0.001806,0.004029,0.000397,0.002449,0.005692,0.006117,0.000000,0.000000,-0.144850,0.019261,1.674868,False
2010-02-13,-0.127583,-0.161848,-0.001844,0.003917,0.000333,0.002488,0.005700,0.006121,0.000000,0.000000,-0.145133,0.017550,1.526123,False
2010-02-14,-0.134753,-0.161968,-0.001874,0.003800,0.000269,0.002526,0.005709,0.006125,0.000000,0.000000,-0.145413,0.010660,0.926959,False
2010-02-15,-0.127815,-0.162088,-0.001894,0.003678,0.000205,0.002565,0.005718,0.006128,0.000000,0.000000,-0.145689,0.017874,1.554218,False
2010-02-16,-0.130648,-0.162208,-0.001906,0.003553,0.000140,0.002604,0.005726,0.006132,0.000000,0.000000,-0.145960,0.015312,1.331444,False
2010-02-17,-0.123074,-0.162328,-0.001908,0.003422,0.000076,0.002642,0.005734,0.006136,0.000000,0.000000,-0.146226,0.023152,2.013226,False
2010-02-18,-0.128147,-0.162447,-0.001902,0.003288,0.000011,0.002680,0.005743,0.006139,0.000000,0.000000,-0.146488,0.018341,1.594851,False
2010-02-19,-0.125551,-0.162567,-0.001887,0.003150,-0.000053,0.002719,0.005751,0.006143,0.000000,0.000000,-0.146745,0.021194,1.842917,False
2010-02-20,-0.122738,-0.162687,-0.001862,0.003008,-0.000118,0.002757,0.005759,0.006146,0.000000,0.000000,-0.146996,0.024258,2.109413,False
2010-02-21,-0.125177,-0.162807,-0.001829,0.002863,-0.000182,0.002795,0.005767,0.006150,0.000000,0.000000,-0.147243,0.022066,1.918769,False
2010-02-22,-0.123088,-0.162927,-0.001787,0.002714,-0.000247,0.002833,0.005775,0.006153,0.000000,0.000000,-0.147484,0.024396,2.121416,False
2010-02-23,-0.118627,-0.163047,-0.001737,0.002562,-0.000311,0.002871,0.005783,0.006157,0.000000,0.000000,-0.147721,0.029094,2.529876,False
2010-02-24,-0.120146,-0.163166,-0.001678,0.002407,-0.000375,0.002909,0.005791,0.006160,0.000000,0.000000,-0.147952,0.027806,2.417892,False
2010-02-25,-0.127273,-0.163286,-0.001612,0.002249,-0.000440,0.002947,0.005799,0.006164,0.000000,0.000000,-0.148178,0.020905,1.817819,False
2010-02-26,-0.124776,-0.163406,-0.001538,0.002089,-0.000504,0.002985,0.005807,0.006167,0.000000,0.000000,-0.148399,0.023623,2.054187,False
2010-02-27,-0.130929,-0.163526,-0.001456,0.001926,-0.000567,0.003023,0.005815,0.006171,0.000000,0.000000,-0.148616,0.017687,1.537966,False
2010-02-28,-0.127583,-0.163646,-0.001368,0.001761,-0.000631,0.003060,0.005822,0.006174,0.000000,0.000000,-0.148827,0.021244,1.847345,False
2010-03-01,-0.130673,-0.163765,-0.001273,0.001593,-0.000695,0.003098,0.005830,0.006178,0.000000,0.000000,-0.149035,0.018362,1.596690,False
2010-03-02,-0.127889,-0.163885,-0.001172,0.001424,-0.000758,0.003135,0.005837,0.006181,0.000000,0.000000,-0.149238,0.021349,1.856455,False
2010-03-03,-0.126594,-0.164005,-0.001066,0.001253,-0.000821,0.003172,0.005844,0.006184,0.000000,0.000000,-0.149438,0.022844,1.986402,False
2010-03-04,-0.129314,-0.164125,-0.000954,0.001080,-0.000884,0.003210,0.005852,0.006188,0.000000,0.000000,-0.149633,0.020319,1.766905,False
2010-03-05,-0.125182,-0.164245,-0.000838,0.000907,-0.000946,0.003247,0.005859,0.006191,0.000000,0.000000,-0.149826,0.024644,2.142945,False
2010-03-06,-0.129899,-0.164365,-0.000718,0.000732,-0.001009,0.003284,0.005866,0.006194,0.000000,0.000000,-0.150015,0.020116,1.749248,False
2010-03-07,-0.136995,-0.164484,-0.000595,0.000556,-0.001071,0.003321,0.005873,0.006197,0.000000,0.000000,-0.150202,0.013207,1.148452,False
2010-03-08,-0.139611,-0.164604,-0.000469,0.000380,-0.001132,0.003358,0.005880,0.006201,0.000000,0.000000,-0.150387,0.010776,0.937022,False
2010-03-09,-0.136043,-0.164724,-0.000340,0.000203,-0.001194,0.003395,0.005887,0.006204,0.000000,0.000000,-0.150569,0.014526,1.263165,False
2010-03-10,-0.131556,-0.164844,-0.000210,0.000026,-0.001255,0.003431,0.005894,0.006207,0.000000,0.000000,-0.150751,0.019195,1.669089,False
2010-03-11,-0.137266,-0.164964,-0.000079,-0.000151,-0.001315,0.003468,0.005901,0.006210,0.000000,0.000000,-0.150931,0.013665,1.188218,False
2010-03-12,-0.123034,-0.165083,0.000052,-0.000328,-0.001375,0.003504,0.005907,0.006213,0.000000,0.000000,-0.151110,0.028076,2.441369,False
2010-03-13,-0.133472,-0.165203,0.000183,-0.000504,-0.001435,0.003541,0.005914,0.006216,0.000000,0.000000,-0.151289,0.017817,1.549272,False
2010-03-14,-0.127225,-0.165323,0.000314,-0.000680,-0.001495,0.003577,0.005920,0.006219,0.000000,0.000000,-0.151468,0.024243,2.108049,False
2010-03-15,-0.129046,-0.165443,0.000442,-0.000855,-0.001553,0.003613,0.005927,0.006223,0.000000,0.000000,-0.151647,0.022601,1.965300,False
2010-03-16,-0.136112,-0.165563,0.000569,-0.001029,-0.001612,0.003649,0.005933,0.006226,0.000000,0.000000,-0.151827,0.015715,1.366535,False
2010-03-17,-0.136720,-0.165683,0.000693,-0.001202,-0.001670,0.003685,0.005939,0.006229,0.000000,0.000000,-0.152009,0.015289,1.329441,False
2010-03-18,-0.136569,-0.165802,0.000814,-0.001373,-0.001727,0.003721,0.005946,0.006232,0.000000,0.000000,-0.152192,0.015623,1.358483,False
2010-03-19,-0.132615,-0.165922,0.000931,-0.001543,-0.001784,0.003757,0.005952,0.006235,0.000000,0.000000,-0.152376,0.019761,1.718388,False
2010-03-20,-0.126747,-0.166042,0.001043,-0.001711,-0.001841,0.003792,0.005958,0.006238,0.000000,0.000000,-0.152564,0.025817,2.244924,False
2010-03-21,-0.133113,-0.166162,0.001151,-0.001877,-0.001897,0.003828,0.005964,0.006240,0.000000,0.000000,-0.152753,0.019640,1.707859,False
2010-03-22,-0.132205,-0.166282,0.001253,-0.002041,-0.001952,0.003863,0.005970,0.006243,0.000000,0.000000,-0.152946,0.020741,1.803566,False
2010-03-23,-0.134917,-0.166401,0.001349,-0.002202,-0.002007,0.003898,0.005975,0.006246,0.000000,0.000000,-0.153142,0.018225,1.584764,False
2010-03-24,-0.142575,-0.166521,0.001439,-0.002361,-0.002061,0.003934,0.005981,0.006249,0.000000,0.000000,-0.153341,0.010766,0.936172,False
2010-03-25,-0.128541,-0.166641,0.001521,-0.002517,-0.002115,0.003969,0.005987,0.006252,0.000000,0.000000,-0.153544,0.025003,2.174155,False
2010-03-26,-0.140638,-0.166761,0.001597,-0.002670,-0.002168,0.004004,0.005992,0.006255,0.000000,0.000000,-0.153750,0.013112,1.140209,False
2010-03-27,-0.145752,-0.166881,0.001665,-0.002819,-0.002220,0.004038,0.005998,0.006258,0.000000,0.000000,-0.153961,0.008209,0.713826,False
2010-03-28,-0.139880,-0.167001,0.001725,-0.002966,-0.002272,0.004073,0.006003,0.006260,0.000000,0.000000,-0.154176,0.014296,1.243106,False
2010-03-29,-0.142749,-0.167120,0.001778,-0.003109,-0.002323,0.004108,0.006009,0.006263,0.000000,0.000000,-0.154395,0.011646,1.012664,False
2010-03-30,-0.147393,-0.167240,0.001821,-0.003248,-0.002373,0.004142,0.006014,0.006266,0.000000,0.000000,-0.154618,0.007225,0.628246,False
2010-03-31,-0.146089,-0.167360,0.001856,-0.003383,-0.002423,0.004177,0.006019,0.006269,0.000000,0.000000,-0.154845,0.008756,0.761419,False
2010-04-01,-0.135265,-0.167480,0.001882,-0.003514,-0.002471,0.004211,0.006024,0.006271,0.000000,0.000000,-0.155077,0.019812,1.722792,False
2010-04-02,-0.143332,-0.167600,0.001900,-0.003642,-0.002520,0.004245,0.006029,0.006274,0.000000,0.000000,-0.155313,0.011981,1.041838,False
2010-04-03,-0.152933,-0.167719,0.001908,-0.003765,-0.002567,0.004279,0.006034,0.006277,0.000000,0.000000,-0.155553,0.002620,0.227855,False
2010-04-04,-0.136568,-0.167839,0.001907,-0.003883,-0.002614,0.004313,0.006039,0.006279,0.000000,0.000000,-0.155798,0.019230,1.672137,False
2010-04-05,-0.140601,-0.167959,0.001897,-0.003997,-0.002659,0.004347,0.006044,0.006282,0.000000,0.000000,-0.156046,0.015445,1.343018,False
2010-04-06,-0.145585,-0.168079,0.001879,-0.004106,-0.002704,0.004380,0.006048,0.006284,0.000000,0.000000,-0.156298,0.010713,0.931524,False
2010-04-07,-0.143464,-0.168199,0.001851,-0.004210,-0.002749,0.004414,0.006053,0.006287,0.000000,0.000000,-0.156553,0.013089,1.138158,False
2010-04-08,-0.141149,-0.168319,0.001814,-0.004309,-0.002792,0.004447,0.006058,0.006290,0.000000,0.000000,-0.156811,0.015662,1.361939,False
2010-04-09,-0.138886,-0.168438,0.001769,-0.004403,-0.002835,0.004480,0.006062,0.006292,0.000000,0.000000,-0.157073,0.018187,1.581451,False
2010-04-10,-0.142380,-0.168558,0.001716,-0.004492,-0.002877,0.004513,0.006066,0.006295,0.000000,0.000000,-0.157337,0.014957,1.300576,False
2010-04-11,-0.143346,-0.168678,0.001654,-0.004576,-0.002917,0.004546,0.006071,0.006297,0.000000,0.000000,-0.157603,0.014257,1.239717,False
2010-04-12,-0.146181,-0.168798,0.001585,-0.004654,-0.002958,0.004579,0.006075,0.006299,0.000000,0.000000,-0.157871,0.011690,1.016492,False
2010-04-13,-0.144060,-0.168918,0.001508,-0.004726,-0.002997,0.004612,0.006079,0.006302,0.000000,0.000000,-0.158140,0.014080,1.224342,False
2010-04-14,-0.146984,-0.169037,0.001424,-0.004793,-0.003035,0.004644,0.006083,0.006304,0.000000,0.000000,-0.158410,0.011426,0.993573,False
2010-04-15,-0.148669,-0.169157,0.001333,-0.004855,-0.003072,0.004677,0.006087,0.006307,0.000000,0.000000,-0.158681,0.010012,0.870579,False
2010-04-16,-0.146824,-0.169277,0.001236,-0.004910,-0.003109,0.004709,0.006091,0.006309,0.000000,0.000000,-0.158951,0.012127,1.054531,False
2010-04-17,-0.149481,-0.169397,0.001133,-0.004960,-0.003144,0.004741,0.006095,0.006311,0.000000,0.000000,-0.159221,0.009740,0.846949,False
2010-04-18,-0.147478,-0.169517,0.001024,-0.005004,-0.003179,0.004773,0.006099,0.006314,0.000000,0.000000,-0.159490,0.012012,1.044481,False
2010-04-19,-0.141473,-0.169637,0.000911,-0.005042,-0.003213,0.004805,0.006102,0.006316,0.000000,0.000000,-0.159756,0.018283,1.589857,False
2010-04-20,-0.152802,-0.169756,0.000794,-0.005074,-0.003246,0.004837,0.006106,0.006318,0.000000,0.000000,-0.160021,0.007219,0.627724,False
2010-04-21,-0.159269,-0.169876,0.000672,-0.005100,-0.003277,0.004869,0.006109,0.006321,0.000000,0.000000,-0.160282,0.001013,0.088114,False
2010-04-22,-0.156272,-0.169996,0.000548,-0.005120,-0.003308,0.004900,0.006113,0.006323,0.000000,0.000000,-0.160540,0.004268,0.371150,False
2010-04-23,-0.151233,-0.170116,0.000421,-0.005134,-0.003338,0.004932,0.006116,0.006325,0.000000,0.000000,-0.160794,0.009561,0.831384,False
2010-04-24,-0.147894,-0.170236,0.000292,-0.005141,-0.003367,0.004963,0.006119,0.006327,0.000000,0.000000,-0.161043,0.013149,1.143373,False
2010-04-25,-0.154042,-0.170355,0.000161,-0.005143,-0.003395,0.004994,0.006123,0.006329,0.000000,0.000000,-0.161286,0.007244,0.629930,False
2010-04-26,-0.149883,-0.170475,0.000030,-0.005138,-0.003422,0.005025,0.006126,0.006331,0.000000,0.000000,-0.161524,0.011641,1.012218,False
2010-04-27,-0.146260,-0.170595,-0.000101,-0.005128,-0.003447,0.005055,0.006129,0.006334,0.000000,0.000000,-0.161754,0.015494,1.347314,False
2010-04-28,-0.146494,-0.170715,-0.000232,-0.005111,-0.003472,0.005086,0.006132,0.006336,0.000000,0.000000,-0.161977,0.015483,1.346380,False
2010-04-29,-0.152205,-0.170835,-0.000362,-0.005089,-0.003496,0.005117,0.006135,0.006338,0.000000,0.000000,-0.162193,0.009988,0.868496,False
2010-04-30,-0.151764,-0.170955,-0.000490,-0.005060,-0.003519,0.005147,0.006137,0.006340,0.000000,0.000000,-0.162400,0.010636,0.924827,False
2010-05-01,-0.155285,-0.171074,-0.000616,-0.005025,-0.003540,0.005177,0.006140,0.006342,0.000000,0.000000,-0.162597,0.007312,0.635843,False
2010-05-02,-0.149020,-0.171194,-0.000739,-0.004985,-0.003561,0.005207,0.006143,0.006344,0.000000,0.000000,-0.162785,0.013765,1.196975,False
2010-05-03,-0.142755,-0.171314,-0.000858,-0.004938,-0.003581,0.005237,0.006145,0.006346,0.000000,0.000000,-0.162963,0.020208,1.757219,False
2010-05-04,-0.141587,-0.171434,-0.000973,-0.004886,-0.003599,0.005267,0.006148,0.006348,0.000000,0.000000,-0.163130,0.021543,1.873313,False
2010-05-05,-0.149131,-0.171554,-0.001084,-0.004828,-0.003617,0.005296,0.006150,0.006350,0.000000,0.000000,-0.163286,0.014155,1.230867,False
2010-05-06,-0.141401,-0.171673,-0.001190,-0.004764,-0.003633,0.005326,0.006152,0.006352,0.000000,0.000000,-0.163430,0.022029,1.915579,False
2010-05-07,-0.150038,-0.171793,-0.001289,-0.004694,-0.003648,0.005355,0.006155,0.006353,0.000000,0.000000,-0.163562,0.013524,1.176021,False
2010-05-08,-0.144027,-0.171913,-0.001383,-0.004619,-0.003662,0.005384,0.006157,0.006355,0.000000,0.000000,-0.163682,0.019655,1.709116,False
2010-05-09,-0.146054,-0.172033,-0.001470,-0.004538,-0.003676,0.005413,0.006159,0.006357,0.000000,0.000000,-0.163789,0.017735,1.542137,False
2010-05-10,-0.154064,-0.172153,-0.001551,-0.004452,-0.003688,0.005442,0.006161,0.006359,0.000000,0.000000,-0.163882,0.009818,0.853751,False
2010-05-11,-0.150770,-0.172273,-0.001624,-0.004361,-0.003699,0.005470,0.006163,0.006361,0.000000,0.000000,-0.163962,0.013192,1.147151,False
2010-05-12,-0.157855,-0.172392,-0.001689,-0.004265,-0.003709,0.005499,0.006164,0.006363,0.000000,0.000000,-0.164029,0.006174,0.536838,False
2010-05-13,-0.157434,-0.172512,-0.001746,-0.004163,-0.003717,0.005527,0.006166,0.006364,0.000000,0.000000,-0.164081,0.006647,0.578013,False
2010-05-14,-0.155869,-0.172632,-0.001795,-0.004057,-0.003725,0.005555,0.006168,0.006366,0.000000,0.000000,-0.164120,0.008251,0.717444,False
2010-05-15,-0.156809,-0.172752,-0.001835,-0.003946,-0.003732,0.005583,0.006169,0.006368,0.000000,0.000000,-0.164144,0.007335,0.637819,False
2010-05-16,-0.157211,-0.172872,-0.001867,-0.003830,-0.003737,0.005611,0.006171,0.006369,0.000000,0.000000,-0.164154,0.006943,0.603740,False
2010-05-17,-0.159868,-0.172991,-0.001890,-0.003709,-0.003741,0.005639,0.006172,0.006371,0.000000,0.000000,-0.164150,0.004282,0.372337,False
2010-05-18,-0.157272,-0.173111,-0.001904,-0.003584,-0.003745,0.005666,0.006174,0.006373,0.000000,0.000000,-0.164132,0.006860,0.596482,False
2010-05-19,-0.160217,-0.173231,-0.001909,-0.003455,-0.003747,0.005694,0.006175,0.006374,0.000000,0.000000,-0.164099,0.003882,0.337573,False
2010-05-20,-0.162632,-0.173351,-0.001905,-0.003322,-0.003748,0.005721,0.006176,0.006376,0.000000,0.000000,-0.164053,0.001421,0.123536,False
2010-05-21,-0.162797,-0.173471,-0.001891,-0.003185,-0.003748,0.005748,0.006177,0.006377,0.000000,0.000000,-0.163992,0.001195,0.103951,False
2010-05-22,-0.159139,-0.173591,-0.001869,-0.003044,-0.003746,0.005775,0.006178,0.006379,0.000000,0.000000,-0.163919,0.004780,0.415619,False
2010-05-23,-0.172102,-0.173710,-0.001838,-0.002900,-0.003744,0.005801,0.006179,0.006381,0.000000,0.000000,-0.163832,-0.008270,-0.719174,False
2010-05-24,-0.161175,-0.173830,-0.001798,-0.002752,-0.003741,0.005828,0.006180,0.006382,0.000000,0.000000,-0.163731,0.002556,0.222296,False
2010-05-25,-0.164042,-0.173950,-0.001750,-0.002601,-0.003736,0.005854,0.006181,0.006384,0.000000,0.000000,-0.163619,-0.000423,-0.036811,False
2010-05-26,-0.166542,-0.174070,-0.001694,-0.002446,-0.003731,0.005880,0.006181,0.006385,0.000000,0.000000,-0.163494,-0.003048,-0.265066,False
2010-05-27,-0.158218,-0.174190,-0.001629,-0.002289,-0.003724,0.005906,0.006182,0.006386,0.000000,0.000000,-0.163357,0.005139,0.446873,False
2010-05-28,-0.167614,-0.174309,-0.001557,-0.002129,-0.003716,0.005932,0.006182,0.006388,0.000000,0.000000,-0.163209,-0.004405,-0.383036,False
2010-05-29,-0.158913,-0.174429,-0.001477,-0.001967,-0.003707,0.005958,0.006183,0.006389,0.000000,0.000000,-0.163050,0.004137,0.359774,False
2010-05-30,-0.162681,-0.174549,-0.001391,-0.001802,-0.003697,0.005983,0.006183,0.006391,0.000000,0.000000,-0.162882,0.000201,0.017440,False
2010-05-31,-0.161393,-0.174669,-0.001297,-0.001635,-0.003686,0.006009,0.006183,0.006392,0.000000,0.000000,-0.162703,0.001310,0.113929,False
2010-06-01,-0.159117,-0.174789,-0.001198,-0.001466,-0.003674,0.006034,0.006184,0.006393,0.000000,0.000000,-0.162516,0.003399,0.295556,False
2010-06-02,-0.157766,-0.174909,-0.001093,-0.001296,-0.003660,0.006059,0.006184,0.006395,0.000000,0.000000,-0.162320,0.004554,0.396034,False
2010-06-03,-0.157012,-0.175028,-0.000983,-0.001124,-0.003646,0.006084,0.006184,0.006396,0.000000,0.000000,-0.162117,0.005106,0.443973,False
2010-06-04,-0.156257,-0.175148,-0.000868,-0.000950,-0.003630,0.006108,0.006184,0.006397,0.000000,0.000000,-0.161908,0.005650,0.491323,False
2010-06-05,-0.155503,-0.175268,-0.000749,-0.000776,-0.003614,0.006133,0.006184,0.006398,0.000000,0.000000,-0.161692,0.006189,0.538147,False
2010-06-06,-0.158825,-0.175388,-0.000626,-0.000600,-0.003596,0.006157,0.006183,0.006400,0.000000,0.000000,-0.161471,0.002646,0.230051,False
2010-06-07,-0.159814,-0.175508,-0.000500,-0.000424,-0.003578,0.006181,0.006183,0.006401,0.000000,0.000000,-0.161245,0.001431,0.124436,False
2010-06-08,-0.157713,-0.175627,-0.000373,-0.000247,-0.003558,0.006205,0.006183,0.006402,0.000000,0.000000,-0.161016,0.003303,0.287199,False
2010-06-09,-0.150759,-0.175747,-0.000243,-0.000070,-0.003537,0.006229,0.006182,0.006403,0.000000,0.000000,-0.160784,0.010025,0.871717,False
2010-06-10,-0.154416,-0.175867,-0.000112,0.000107,-0.003515,0.006252,0.006182,0.006404,0.000000,0.000000,-0.160550,0.006134,0.533364,False
2010-06-11,-0.156469,-0.175987,0.000019,0.000284,-0.003492,0.006276,0.006181,0.006405,0.000000,0.000000,-0.160314,0.003845,0.334389,False
2010-06-12,-0.158620,-0.176107,0.000151,0.000460,-0.003468,0.006299,0.006180,0.006406,0.000000,0.000000,-0.160079,0.001459,0.126865,False
2010-06-13,-0.157584,-0.176227,0.000281,0.000636,-0.003443,0.006322,0.006180,0.006407,0.000000,0.000000,-0.159844,0.002260,0.196554,False
2010-06-14,-0.156547,-0.176346,0.000410,0.000811,-0.003417,0.006345,0.006179,0.006408,0.000000,0.000000,-0.159610,0.003063,0.266361,False
2010-06-15,-0.155511,-0.176466,0.000538,0.000986,-0.003390,0.006367,0.006178,0.006409,0.000000,0.000000,-0.159379,0.003868,0.336358,False
2010-06-16,-0.154474,-0.176586,0.000662,0.001159,-0.003362,0.006390,0.006177,0.006410,0.000000,0.000000,-0.159150,0.004676,0.406616,False
2010-06-17,-0.153438,-0.176706,0.000784,0.001331,-0.003333,0.006412,0.006176,0.006411,0.000000,0.000000,-0.158926,0.005488,0.477205,False
2010-06-18,-0.152401,-0.176826,0.000902,0.001501,-0.003303,0.006434,0.006174,0.006412,0.000000,0.000000,-0.158706,0.006304,0.548193,False
2010-06-19,-0.151365,-0.176945,0.001015,0.001669,-0.003272,0.006456,0.006173,0.006413,0.000000,0.000000,-0.158491,0.007126,0.619647,False
2010-06-20,-0.149292,-0.177065,0.001124,0.001836,-0.003241,0.006478,0.006172,0.006414,0.000000,0.000000,-0.158282,0.008990,0.781759,False
2010-06-21,-0.149292,-0.177185,0.001228,0.002000,-0.003208,0.006499,0.006170,0.006415,0.000000,0.000000,-0.158080,0.008788,0.764214,False
2010-06-22,-0.156484,-0.177305,0.001325,0.002162,-0.003174,0.006520,0.006169,0.006416,0.000000,0.000000,-0.157886,0.001402,0.121932,False
2010-06-23,-0.150856,-0.177425,0.001417,0.002321,-0.003139,0.006542,0.006167,0.006417,0.000000,0.000000,-0.157700,0.006844,0.595146,False
2010-06-24,-0.157771,-0.177545,0.001501,0.002478,-0.003103,0.006563,0.006166,0.006417,0.000000,0.000000,-0.157523,-0.000248,-0.021568,False
2010-06-25,-0.152328,-0.177664,0.001579,0.002632,-0.003067,0.006583,0.006164,0.006418,0.000000,0.000000,-0.157355,0.005027,0.437146,False
2010-06-26,-0.150708,-0.177784,0.001649,0.002782,-0.003029,0.006604,0.006162,0.006419,0.000000,0.000000,-0.157197,0.006489,0.564294,False
2010-06-27,-0.148565,-0.177904,0.001711,0.002929,-0.002991,0.006624,0.006160,0.006420,0.000000,0.000000,-0.157050,0.008485,0.737834,False
2010-06-28,-0.148889,-0.178024,0.001765,0.003073,-0.002951,0.006644,0.006158,0.006420,0.000000,0.000000,-0.156914,0.008025,0.697808,False
2010-06-29,-0.158351,-0.178144,0.001811,0.003213,-0.002911,0.006664,0.006156,0.006421,0.000000,0.000000,-0.156789,-0.001562,-0.135833,False
2010-06-30,-0.157827,-0.178263,0.001848,0.003350,-0.002870,0.006684,0.006154,0.006422,0.000000,0.000000,-0.156676,-0.001151,-0.100090,False
2010-07-01,-0.157303,-0.178383,0.001877,0.003482,-0.002828,0.006704,0.006152,0.006422,0.000000,0.000000,-0.156575,-0.000728,-0.063288,False
2010-07-02,-0.156779,-0.178503,0.001896,0.003610,-0.002785,0.006723,0.006149,0.006423,0.000000,0.000000,-0.156487,-0.000292,-0.025401,False
2010-07-03,-0.156255,-0.178623,0.001907,0.003734,-0.002742,0.006742,0.006147,0.006424,0.000000,0.000000,-0.156411,0.000156,0.013594,False
2010-07-04,-0.155731,-0.178743,0.001908,0.003854,-0.002697,0.006762,0.006144,0.006424,0.000000,0.000000,-0.156348,0.000618,0.053715,False
2010-07-05,-0.155206,-0.178863,0.001901,0.003969,-0.002652,0.006780,0.006142,0.006425,0.000000,0.000000,-0.156299,0.001092,0.094976,False
2010-07-06,-0.154682,-0.178982,0.001884,0.004079,-0.002606,0.006799,0.006139,0.006425,0.000000,0.000000,-0.156262,0.001580,0.137387,False
2010-07-07,-0.152586,-0.179102,0.001859,0.004184,-0.002560,0.006817,0.006136,0.006426,0.000000,0.000000,-0.156239,0.003653,0.317673,False
2010-07-08,-0.152586,-0.179222,0.001824,0.004285,-0.002512,0.006836,0.006134,0.006426,0.000000,0.000000,-0.156229,0.003643,0.316824,False
2010-07-09,-0.152586,-0.179342,0.001781,0.004380,-0.002464,0.006854,0.006131,0.006427,0.000000,0.000000,-0.156233,0.003647,0.317130,False
2010-07-10,-0.152586,-0.179462,0.001730,0.004470,-0.002415,0.006872,0.006128,0.006427,0.000000,0.000000,-0.156250,0.003664,0.318585,False
2010-07-11,-0.150468,-0.179581,0.001670,0.004555,-0.002365,0.006889,0.006125,0.006428,0.000000,0.000000,-0.156280,0.005812,0.505350,False
2010-07-12,-0.150694,-0.179701,0.001603,0.004635,-0.002315,0.006907,0.006122,0.006428,0.000000,0.000000,-0.156322,0.005628,0.489414,False
2010-07-13,-0.149933,-0.179821,0.001528,0.004709,-0.002264,0.006924,0.006118,0.006428,0.000000,0.000000,-0.156378,0.006445,0.560408,False
2010-07-14,-0.158721,-0.179941,0.001445,0.004777,-0.002212,0.006941,0.006115,0.006429,0.000000,0.000000,-0.156446,-0.002275,-0.197863,False
2010-07-15,-0.158633,-0.180061,0.001356,0.004840,-0.002159,0.006958,0.006112,0.006429,0.000000,0.000000,-0.156526,-0.002107,-0.183250,False
2010-07-16,-0.166184,-0.180181,0.001261,0.004897,-0.002106,0.006974,0.006108,0.006429,0.000000,0.000000,-0.156617,-0.009567,-0.831870,False
2010-07-17,-0.168644,-0.180300,0.001159,0.004948,-0.002053,0.006991,0.006105,0.006429,0.000000,0.000000,-0.156721,-0.011923,-1.036797,False
2010-07-18,-0.156994,-0.180420,0.001052,0.004993,-0.001998,0.007007,0.006101,0.006430,0.000000,0.000000,-0.156835,-0.000159,-0.013806,False
2010-07-19,-0.171796,-0.180540,0.000940,0.005033,-0.001944,0.007023,0.006097,0.006430,0.000000,0.000000,-0.156960,-0.014836,-1.290067,False
2010-07-20,-0.166056,-0.180660,0.000823,0.005066,-0.001888,0.007039,0.006094,0.006430,0.000000,0.000000,-0.157095,-0.008961,-0.779183,False
2010-07-21,-0.150523,-0.180780,0.000703,0.005094,-0.001832,0.007055,0.006090,0.006430,0.000000,0.000000,-0.157240,0.006717,0.584105,False
2010-07-22,-0.156035,-0.180899,0.000579,0.005115,-0.001776,0.007070,0.006086,0.006431,0.000000,0.000000,-0.157394,0.001359,0.118187,False
2010-07-23,-0.158894,-0.181019,0.000453,0.005131,-0.001719,0.007085,0.006082,0.006431,0.000000,0.000000,-0.157557,-0.001337,-0.116288,False
2010-07-24,-0.153513,-0.181139,0.000324,0.005140,-0.001661,0.007100,0.006078,0.006431,0.000000,0.000000,-0.157727,0.004214,0.366456,False
2010-07-25,-0.169147,-0.181259,0.000194,0.005143,-0.001603,0.007115,0.006074,0.006431,0.000000,0.000000,-0.157905,-0.011242,-0.977544,False
2010-07-26,-0.162439,-0.181379,0.000063,0.005140,-0.001544,0.007130,0.006069,0.006431,0.000000,0.000000,-0.158090,-0.004349,-0.378165,False
2010-07-27,-0.144337,-0.181499,-0.000069,0.005131,-0.001485,0.007144,0.006065,0.006431,0.000000,0.000000,-0.158281,0.013944,1.212538,False
2010-07-28,-0.168319,-0.181618,-0.000200,0.005116,-0.001426,0.007158,0.006061,0.006431,0.000000,0.000000,-0.158478,-0.009841,-0.855747,False
2010-07-29,-0.164164,-0.181738,-0.000330,0.005095,-0.001366,0.007172,0.006056,0.006431,0.000000,0.000000,-0.158680,-0.005484,-0.476902,False
2010-07-30,-0.160107,-0.181858,-0.000458,0.005068,-0.001306,0.007186,0.006052,0.006431,0.000000,0.000000,-0.158886,-0.001221,-0.106197,False
2010-07-31,-0.167713,-0.181978,-0.000585,0.005035,-0.001245,0.007200,0.006047,0.006431,0.000000,0.000000,-0.159096,-0.008617,-0.749340,False
2010-08-01,-0.168862,-0.182098,-0.000708,0.004995,-0.001184,0.007213,0.006042,0.006431,0.000000,0.000000,-0.159309,-0.009553,-0.830731,False
2010-08-02,-0.163367,-0.182217,-0.000829,0.004950,-0.001123,0.007226,0.006037,0.006431,0.000000,0.000000,-0.159524,-0.003843,-0.334164,False
2010-08-03,-0.163797,-0.182337,-0.000945,0.004899,-0.001061,0.007239,0.006032,0.006431,0.000000,0.000000,-0.159742,-0.004056,-0.352673,False
2010-08-04,-0.164228,-0.182457,-0.001057,0.004843,-0.000999,0.007252,0.006027,0.006431,0.000000,0.000000,-0.159960,-0.004267,-0.371066,False
2010-08-05,-0.164658,-0.182577,-0.001164,0.004780,-0.000937,0.007264,0.006022,0.006430,0.000000,0.000000,-0.160180,-0.004478,-0.389394,False
2010-08-06,-0.165088,-0.182697,-0.001265,0.004712,-0.000874,0.007277,0.006017,0.006430,0.000000,0.000000,-0.160400,-0.004689,-0.407706,False
2010-08-07,-0.165518,-0.182817,-0.001360,0.004638,-0.000811,0.007289,0.006012,0.006430,0.000000,0.000000,-0.160619,-0.004900,-0.426050,False
2010-08-08,-0.165949,-0.182936,-0.001449,0.004559,-0.000748,0.007301,0.006007,0.006430,0.000000,0.000000,-0.160837,-0.005111,-0.444469,False
2010-08-09,-0.166379,-0.183056,-0.001531,0.004474,-0.000685,0.007312,0.006001,0.006430,0.000000,0.000000,-0.161054,-0.005325,-0.463008,False
2010-08-10,-0.158064,-0.183176,-0.001606,0.004384,-0.000621,0.007324,0.005996,0.006429,0.000000,0.000000,-0.161270,0.003206,0.278752,False
2010-08-11,-0.158337,-0.183296,-0.001673,0.004289,-0.000557,0.007335,0.005990,0.006429,0.000000,0.000000,-0.161483,0.003146,0.273531,False
2010-08-12,-0.161315,-0.183416,-0.001732,0.004189,-0.000494,0.007346,0.005985,0.006429,0.000000,0.000000,-0.161693,0.000378,0.032857,False
2010-08-13,-0.164674,-0.183535,-0.001783,0.004084,-0.000430,0.007357,0.005979,0.006428,0.000000,0.000000,-0.161900,-0.002774,-0.241214,False
2010-08-14,-0.155447,-0.183655,-0.001826,0.003974,-0.000365,0.007368,0.005973,0.006428,0.000000,0.000000,-0.162104,0.006657,0.578852,False
2010-08-15,-0.156238,-0.183775,-0.001860,0.003859,-0.000301,0.007378,0.005968,0.006428,0.000000,0.000000,-0.162304,0.006066,0.527506,False
2010-08-16,-0.157028,-0.183895,-0.001885,0.003740,-0.000237,0.007388,0.005962,0.006427,0.000000,0.000000,-0.162500,0.005472,0.475810,False
2010-08-17,-0.157994,-0.184015,-0.001901,0.003616,-0.000172,0.007398,0.005956,0.006427,0.000000,0.000000,-0.162692,0.004698,0.408484,False
2010-08-18,-0.166568,-0.184135,-0.001908,0.003488,-0.000108,0.007408,0.005950,0.006426,0.000000,0.000000,-0.162879,-0.003689,-0.320796,False
2010-08-19,-0.169560,-0.184254,-0.001906,0.003356,-0.000043,0.007417,0.005944,0.006426,0.000000,0.000000,-0.163062,-0.006498,-0.565087,False
2010-08-20,-0.163147,-0.184374,-0.001895,0.003220,0.000021,0.007427,0.005937,0.006425,0.000000,0.000000,-0.163239,0.000092,0.008035,False
2010-08-21,-0.158697,-0.184494,-0.001876,0.003080,0.000086,0.007436,0.005931,0.006425,0.000000,0.000000,-0.163412,0.004715,0.410040,False
2010-08-22,-0.163559,-0.184614,-0.001847,0.002936,0.000150,0.007445,0.005925,0.006424,0.000000,0.000000,-0.163581,0.000022,0.001880,False
2010-08-23,-0.164951,-0.184734,-0.001809,0.002789,0.000215,0.007454,0.005918,0.006424,0.000000,0.000000,-0.163744,-0.001207,-0.104968,False
2010-08-24,-0.157255,-0.184853,-0.001763,0.002639,0.000279,0.007462,0.005912,0.006423,0.000000,0.000000,-0.163902,0.006647,0.578020,False
2010-08-25,-0.154145,-0.184973,-0.001709,0.002485,0.000343,0.007470,0.005905,0.006422,0.000000,0.000000,-0.164056,0.009911,0.861805,False
2010-08-26,-0.159711,-0.185093,-0.001646,0.002329,0.000407,0.007478,0.005898,0.006422,0.000000,0.000000,-0.164205,0.004494,0.390743,False
2010-08-27,-0.175222,-0.185213,-0.001576,0.002169,0.000472,0.007486,0.005892,0.006421,0.000000,0.000000,-0.164349,-0.010873,-0.945501,False
2010-08-28,-0.156597,-0.185333,-0.001498,0.002008,0.000535,0.007494,0.005885,0.006420,0.000000,0.000000,-0.164488,0.007891,0.686217,False
2010-08-29,-0.161073,-0.185453,-0.001413,0.001843,0.000599,0.007501,0.005878,0.006420,0.000000,0.000000,-0.164624,0.003551,0.308782,False
2010-08-30,-0.178076,-0.185572,-0.001321,0.001677,0.000663,0.007508,0.005871,0.006419,0.000000,0.000000,-0.164755,-0.013321,-1.158305,False
2010-08-31,-0.167853,-0.185692,-0.001223,0.001509,0.000726,0.007515,0.005864,0.006418,0.000000,0.000000,-0.164883,-0.002970,-0.258242,False
2010-09-01,-0.159040,-0.185812,-0.001120,0.001339,0.000789,0.007522,0.005857,0.006418,0.000000,0.000000,-0.165007,0.005967,0.518911,False
2010-09-02,-0.164412,-0.185932,-0.001011,0.001167,0.000852,0.007529,0.005849,0.006417,0.000000,0.000000,-0.165129,0.000717,0.062310,False
2010-09-03,-0.156556,-0.186052,-0.000897,0.000994,0.000915,0.007535,0.005842,0.006416,0.000000,0.000000,-0.165247,0.008691,0.755722,False
2010-09-04,-0.167448,-0.186171,-0.000779,0.000819,0.000977,0.007541,0.005835,0.006415,0.000000,0.000000,-0.165363,-0.002085,-0.181341,False
2010-09-05,-0.155420,-0.186291,-0.000657,0.000644,0.001040,0.007547,0.005827,0.006414,0.000000,0.000000,-0.165476,0.010056,0.874455,False
2010-09-06,-0.158084,-0.186411,-0.000532,0.000468,0.001101,0.007552,0.005820,0.006413,0.000000,0.000000,-0.165588,0.007504,0.652536,False
2010-09-07,-0.152466,-0.186531,-0.000405,0.000292,0.001163,0.007558,0.005812,0.006412,0.000000,0.000000,-0.165699,0.013233,1.150675,False
2010-09-08,-0.158851,-0.186651,-0.000275,0.000115,0.001224,0.007563,0.005804,0.006411,0.000000,0.000000,-0.165808,0.006957,0.604997,False
2010-09-09,-0.151199,-0.186771,-0.000145,-0.000062,0.001285,0.007568,0.005797,0.006411,0.000000,0.000000,-0.165918,0.014719,1.279884,False
2010-09-10,-0.150868,-0.186890,-0.000014,-0.000239,0.001345,0.007573,0.005789,0.006410,0.000000,0.000000,-0.166027,0.015159,1.318158,False
2010-09-11,-0.156517,-0.187010,0.000118,-0.000416,0.001405,0.007577,0.005781,0.006409,0.000000,0.000000,-0.166136,0.009619,0.836464,False
2010-09-12,-0.152006,-0.187130,0.000249,-0.000592,0.001465,0.007582,0.005773,0.006407,0.000000,0.000000,-0.166247,0.014241,1.238317,False
2010-09-13,-0.164866,-0.187250,0.000378,-0.000768,0.001524,0.007586,0.005765,0.006406,0.000000,0.000000,-0.166358,0.001492,0.129756,False
2010-09-14,-0.159072,-0.187370,0.000506,-0.000942,0.001583,0.007590,0.005757,0.006405,0.000000,0.000000,-0.166471,0.007399,0.643425,False
2010-09-15,-0.159187,-0.187489,0.000631,-0.001116,0.001641,0.007593,0.005748,0.006404,0.000000,0.000000,-0.166587,0.007400,0.643448,False
2010-09-16,-0.156214,-0.187609,0.000754,-0.001288,0.001699,0.007597,0.005740,0.006403,0.000000,0.000000,-0.166704,0.010490,0.912208,False
2010-09-17,-0.153495,-0.187729,0.000873,-0.001459,0.001756,0.007600,0.005732,0.006402,0.000000,0.000000,-0.166825,0.013330,1.159130,False
2010-09-18,-0.140076,-0.187849,0.000987,-0.001627,0.001813,0.007603,0.005723,0.006401,0.000000,0.000000,-0.166949,0.026873,2.336770,False
2010-09-19,-0.155388,-0.187969,0.001098,-0.001794,0.001869,0.007606,0.005715,0.006400,0.000000,0.000000,-0.167076,0.011688,1.016375,False
2010-09-20,-0.169441,-0.188088,0.001202,-0.001959,0.001925,0.007609,0.005706,0.006398,0.000000,0.000000,-0.167208,-0.002233,-0.194199,False
2010-09-21,-0.158489,-0.188208,0.001302,-0.002122,0.001980,0.007611,0.005697,0.006397,0.000000,0.000000,-0.167343,0.008854,0.769947,False
2010-09-22,-0.160405,-0.188328,0.001394,-0.002282,0.002034,0.007613,0.005689,0.006396,0.000000,0.000000,-0.167484,0.007079,0.615532,False
2010-09-23,-0.159025,-0.188448,0.001481,-0.002439,0.002088,0.007615,0.005680,0.006395,0.000000,0.000000,-0.167629,0.008604,0.748145,False
2010-09-24,-0.159892,-0.188568,0.001560,-0.002594,0.002141,0.007617,0.005671,0.006393,0.000000,0.000000,-0.167779,0.007887,0.685807,False
2010-09-25,-0.168491,-0.188688,0.001632,-0.002745,0.002194,0.007618,0.005662,0.006392,0.000000,0.000000,-0.167934,-0.000557,-0.048420,False
2010-09-26,-0.158885,-0.188807,0.001696,-0.002893,0.002246,0.007619,0.005653,0.006391,0.000000,0.000000,-0.168095,0.009210,0.800871,False
2010-09-27,-0.164015,-0.188927,0.001753,-0.003038,0.002297,0.007620,0.005644,0.006389,0.000000,0.000000,-0.168261,0.004246,0.369256,False
2010-09-28,-0.167981,-0.189047,0.001800,-0.003179,0.002348,0.007621,0.005635,0.006388,0.000000,0.000000,-0.168434,0.000453,0.039355,False
2010-09-29,-0.153393,-0.189167,0.001840,-0.003316,0.002398,0.007622,0.005625,0.006387,0.000000,0.000000,-0.168611,0.015218,1.323348,False
2010-09-30,-0.164271,-0.189287,0.001870,-0.003449,0.002447,0.007622,0.005616,0.006385,0.000000,0.000000,-0.168795,0.004524,0.393411,False
2010-10-01,-0.167541,-0.189406,0.001892,-0.003579,0.002496,0.007622,0.005607,0.006384,0.000000,0.000000,-0.168985,0.001444,0.125546,False
2010-10-02,-0.163710,-0.189526,0.001905,-0.003704,0.002543,0.007622,0.005597,0.006382,0.000000,0.000000,-0.169180,0.005470,0.475662,False
2010-10-03,-0.167573,-0.189646,0.001909,-0.003824,0.002590,0.007622,0.005588,0.006381,0.000000,0.000000,-0.169381,0.001808,0.157231,False
2010-10-04,-0.167668,-0.189766,0.001903,-0.003940,0.002637,0.007622,0.005578,0.006379,0.000000,0.000000,-0.169588,0.001920,0.166938,False
2010-10-05,-0.166770,-0.189886,0.001889,-0.004052,0.002682,0.007621,0.005568,0.006378,0.000000,0.000000,-0.169800,0.003030,0.263468,False
2010-10-06,-0.166127,-0.190006,0.001866,-0.004158,0.002727,0.007620,0.005558,0.006376,0.000000,0.000000,-0.170017,0.003890,0.338281,False
2010-10-07,-0.174160,-0.190125,0.001834,-0.004260,0.002771,0.007619,0.005549,0.006375,0.000000,0.000000,-0.170240,-0.003920,-0.340903,False
2010-10-08,-0.158141,-0.190245,0.001793,-0.004357,0.002814,0.007617,0.005539,0.006373,0.000000,0.000000,-0.170467,0.012326,1.071807,False
2010-10-09,-0.166557,-0.190365,0.001744,-0.004448,0.002856,0.007616,0.005529,0.006371,0.000000,0.000000,-0.170698,0.004141,0.360124,False
2010-10-10,-0.166148,-0.190485,0.001686,-0.004535,0.002897,0.007614,0.005519,0.006370,0.000000,0.000000,-0.170934,0.004786,0.416194,False
2010-10-11,-0.173094,-0.190605,0.001621,-0.004615,0.002938,0.007612,0.005508,0.006368,0.000000,0.000000,-0.171174,-0.001920,-0.166972,False
2010-10-12,-0.174174,-0.190724,0.001547,-0.004691,0.002977,0.007610,0.005498,0.006366,0.000000,0.000000,-0.171417,-0.002757,-0.239755,False
2010-10-13,-0.170868,-0.190844,0.001467,-0.004761,0.003016,0.007607,0.005488,0.006365,0.000000,0.000000,-0.171663,0.000795,0.069111,False
2010-10-14,-0.173920,-0.190964,0.001379,-0.004825,0.003054,0.007604,0.005477,0.006363,0.000000,0.000000,-0.171911,-0.002009,-0.174674,False
2010-10-15,-0.166510,-0.191084,0.001285,-0.004883,0.003091,0.007601,0.005467,0.006361,0.000000,0.000000,-0.172162,0.005652,0.491458,False
2010-10-16,-0.168955,-0.191204,0.001185,-0.004936,0.003127,0.007598,0.005457,0.006359,0.000000,0.000000,-0.172414,0.003459,0.300766,False
2010-10-17,-0.171441,-0.191324,0.001079,-0.004983,0.003162,0.007595,0.005446,0.006357,0.000000,0.000000,-0.172667,0.001226,0.106597,False
2010-10-18,-0.176931,-0.191443,0.000968,-0.005024,0.003196,0.007591,0.005435,0.006356,0.000000,0.000000,-0.172920,-0.004011,-0.348749,False
2010-10-19,-0.174526,-0.191563,0.000853,-0.005059,0.003229,0.007587,0.005425,0.006354,0.000000,0.000000,-0.173174,-0.001352,-0.117583,False
2010-10-20,-0.174118,-0.191683,0.000733,-0.005088,0.003262,0.007583,0.005414,0.006352,0.000000,0.000000,-0.173427,-0.000691,-0.060128,False
2010-10-21,-0.168275,-0.191803,0.000610,-0.005110,0.003293,0.007579,0.005403,0.006350,0.000000,0.000000,-0.173678,0.005403,0.469824,False
2010-10-22,-0.185008,-0.191923,0.000485,-0.005127,0.003323,0.007575,0.005392,0.006348,0.000000,0.000000,-0.173928,-0.011080,-0.963516,False
2010-10-23,-0.173538,-0.192042,0.000356,-0.005138,0.003353,0.007570,0.005381,0.006346,0.000000,0.000000,-0.174175,0.000637,0.055362,False
2010-10-24,-0.177193,-0.192162,0.000227,-0.005143,0.003381,0.007565,0.005370,0.006344,0.000000,0.000000,-0.174419,-0.002774,-0.241247,False
2010-10-25,-0.180622,-0.192282,0.000096,-0.005141,0.003408,0.007560,0.005359,0.006342,0.000000,0.000000,-0.174659,-0.005963,-0.518526,False
2010-10-26,-0.181380,-0.192402,-0.000036,-0.005134,0.003435,0.007555,0.005348,0.006340,0.000000,0.000000,-0.174895,-0.006485,-0.563919,False
2010-10-27,-0.178733,-0.192522,-0.000167,-0.005120,0.003460,0.007549,0.005336,0.006338,0.000000,0.000000,-0.175126,-0.003607,-0.313654,False
2010-10-28,-0.177553,-0.192642,-0.000297,-0.005101,0.003484,0.007543,0.005325,0.006336,0.000000,0.000000,-0.175352,-0.002201,-0.191434,False
2010-10-29,-0.181699,-0.192761,-0.000426,-0.005075,0.003507,0.007537,0.005313,0.006334,0.000000,0.000000,-0.175571,-0.006128,-0.532877,False
2010-10-30,-0.184268,-0.192881,-0.000553,-0.005043,0.003530,0.007531,0.005302,0.006332,0.000000,0.000000,-0.175784,-0.008484,-0.737770,False
2010-10-31,-0.183766,-0.193001,-0.000678,-0.005006,0.003551,0.007525,0.005290,0.006330,0.000000,0.000000,-0.175989,-0.007777,-0.676249,False
2010-11-01,-0.185843,-0.193121,-0.000799,-0.004962,0.003571,0.007518,0.005279,0.006327,0.000000,0.000000,-0.176187,-0.009656,-0.839667,False
2010-11-02,-0.190836,-0.193241,-0.000916,-0.004913,0.003590,0.007511,0.005267,0.006325,0.000000,0.000000,-0.176376,-0.014460,-1.257371,False
2010-11-03,-0.189014,-0.193360,-0.001029,-0.004857,0.003608,0.007504,0.005255,0.006323,0.000000,0.000000,-0.176557,-0.012457,-1.083231,False
2010-11-04,-0.181283,-0.193480,-0.001137,-0.004796,0.003625,0.007497,0.005243,0.006321,0.000000,0.000000,-0.176728,-0.004555,-0.396070,False
2010-11-05,-0.176044,-0.193600,-0.001240,-0.004730,0.003641,0.007489,0.005232,0.006319,0.000000,0.000000,-0.176890,0.000846,0.073552,False
2010-11-06,-0.174239,-0.193720,-0.001337,-0.004657,0.003656,0.007481,0.005220,0.006316,0.000000,0.000000,-0.177041,0.002802,0.243688,False
2010-11-07,-0.181124,-0.193840,-0.001428,-0.004579,0.003669,0.007474,0.005208,0.006314,0.000000,0.000000,-0.177183,-0.003941,-0.342739,False
2010-11-08,-0.178901,-0.193960,-0.001511,-0.004496,0.003682,0.007465,0.005195,0.006312,0.000000,0.000000,-0.177313,-0.001588,-0.138104,False
2010-11-09,-0.185289,-0.194079,-0.001588,-0.004407,0.003693,0.007457,0.005183,0.006309,0.000000,0.000000,-0.177432,-0.007857,-0.683217,False
2010-11-10,-0.179706,-0.194199,-0.001657,-0.004314,0.003704,0.007448,0.005171,0.006307,0.000000,0.000000,-0.177540,-0.002166,-0.188361,False
2010-11-11,-0.176258,-0.194319,-0.001718,-0.004215,0.003713,0.007440,0.005159,0.006305,0.000000,0.000000,-0.177636,0.001378,0.119838,False
2010-11-12,-0.176868,-0.194439,-0.001771,-0.004111,0.003721,0.007430,0.005146,0.006302,0.000000,0.000000,-0.177721,0.000853,0.074147,False
2010-11-13,-0.178613,-0.194559,-0.001816,-0.004002,0.003728,0.007421,0.005134,0.006300,0.000000,0.000000,-0.177793,-0.000820,-0.071271,False
2010-11-14,-0.172921,-0.194678,-0.001852,-0.003888,0.003734,0.007412,0.005121,0.006297,0.000000,0.000000,-0.177854,0.004933,0.428969,False
2010-11-15,-0.175948,-0.194798,-0.001880,-0.003770,0.003739,0.007402,0.005109,0.006295,0.000000,0.000000,-0.177903,0.001955,0.169993,False
2010-11-16,-0.178154,-0.194918,-0.001898,-0.003647,0.003743,0.007392,0.005096,0.006292,0.000000,0.000000,-0.177940,-0.000214,-0.018632,False
2010-11-17,-0.170817,-0.195038,-0.001907,-0.003520,0.003746,0.007382,0.005083,0.006290,0.000000,0.000000,-0.177965,0.007148,0.621534,False
2010-11-18,-0.174793,-0.195158,-0.001908,-0.003389,0.003747,0.007372,0.005070,0.006287,0.000000,0.000000,-0.177978,0.003185,0.276935,False
2010-11-19,-0.171816,-0.195278,-0.001899,-0.003254,0.003748,0.007361,0.005058,0.006285,0.000000,0.000000,-0.177979,0.006163,0.535931,False
2010-11-20,-0.173296,-0.195397,-0.001881,-0.003115,0.003747,0.007350,0.005045,0.006282,0.000000,0.000000,-0.177969,0.004673,0.406368,False
2010-11-21,-0.174703,-0.195517,-0.001855,-0.002972,0.003745,0.007340,0.005032,0.006280,0.000000,0.000000,-0.177948,0.003245,0.282178,False
2010-11-22,-0.169657,-0.195637,-0.001819,-0.002826,0.003743,0.007328,0.005019,0.006277,0.000000,0.000000,-0.177916,0.008259,0.718171,False
2010-11-23,-0.170108,-0.195757,-0.001775,-0.002677,0.003739,0.007317,0.005005,0.006274,0.000000,0.000000,-0.177873,0.007765,0.675245,False
2010-11-24,-0.177177,-0.195877,-0.001723,-0.002524,0.003734,0.007305,0.004992,0.006272,0.000000,0.000000,-0.177820,0.000643,0.055956,False
2010-11-25,-0.181084,-0.195996,-0.001662,-0.002368,0.003727,0.007294,0.004979,0.006269,0.000000,0.000000,-0.177758,-0.003326,-0.289225,False
2010-11-26,-0.171658,-0.196116,-0.001594,-0.002209,0.003720,0.007282,0.004966,0.006266,0.000000,0.000000,-0.177686,0.006028,0.524179,False
2010-11-27,-0.175932,-0.196236,-0.001518,-0.002048,0.003712,0.007269,0.004952,0.006264,0.000000,0.000000,-0.177605,0.001673,0.145516,False
2010-11-28,-0.173402,-0.196356,-0.001435,-0.001885,0.003702,0.007257,0.004939,0.006261,0.000000,0.000000,-0.177517,0.004115,0.357789,False
2010-11-29,-0.177142,-0.196476,-0.001345,-0.001719,0.003692,0.007244,0.004925,0.006258,0.000000,0.000000,-0.177420,0.000278,0.024181,False
2010-11-30,-0.179813,-0.196596,-0.001248,-0.001551,0.003680,0.007231,0.004912,0.006255,0.000000,0.000000,-0.177317,-0.002496,-0.217081,False
2010-12-01,-0.175136,-0.196715,-0.001146,-0.001381,0.003667,0.007218,0.004898,0.006252,0.000000,0.000000,-0.177207,0.002071,0.180059,False
2010-12-02,-0.170875,-0.196835,-0.001038,-0.001210,0.003653,0.007205,0.004884,0.006250,0.000000,0.000000,-0.177091,0.006216,0.540532,False
2010-12-03,-0.167823,-0.196955,-0.000926,-0.001037,0.003638,0.007192,0.004871,0.006247,0.000000,0.000000,-0.176971,0.009148,0.795441,False
2010-12-04,-0.172579,-0.197075,-0.000809,-0.000863,0.003622,0.007178,0.004857,0.006244,0.000000,0.000000,-0.176846,0.004267,0.371024,False
2010-12-05,-0.172044,-0.197195,-0.000688,-0.000688,0.003605,0.007164,0.004843,0.006241,0.000000,0.000000,-0.176718,0.004674,0.406391,False
2010-12-06,-0.170836,-0.197314,-0.000564,-0.000512,0.003587,0.007150,0.004829,0.006238,0.000000,0.000000,-0.176587,0.005751,0.500044,False
2010-12-07,-0.166268,-0.197434,-0.000437,-0.000336,0.003568,0.007136,0.004815,0.006235,0.000000,0.000000,-0.176454,0.010186,0.885704,False
2010-12-08,-0.164946,-0.197554,-0.000308,-0.000159,0.003548,0.007121,0.004801,0.006232,0.000000,0.000000,-0.176320,0.011374,0.989006,False
2010-12-09,-0.167554,-0.197674,-0.000178,0.000018,0.003526,0.007106,0.004787,0.006229,0.000000,0.000000,-0.176185,0.008631,0.750541,False
2010-12-10,-0.165804,-0.197794,-0.000046,0.000195,0.003504,0.007091,0.004772,0.006226,0.000000,0.000000,-0.176051,0.010247,0.891079,False
2010-12-11,-0.172212,-0.197914,0.000085,0.000372,0.003480,0.007076,0.004758,0.006223,0.000000,0.000000,-0.175919,0.003707,0.322341,False
2010-12-12,-0.161625,-0.198033,0.000216,0.000548,0.003456,0.007061,0.004744,0.006220,0.000000,0.000000,-0.175789,0.014164,1.231618,False
2010-12-13,-0.171368,-0.198153,0.000346,0.000724,0.003430,0.007045,0.004729,0.006217,0.000000,0.000000,-0.175661,0.004293,0.373328,False
2010-12-14,-0.167798,-0.198273,0.000474,0.000899,0.003404,0.007030,0.004715,0.006214,0.000000,0.000000,-0.175538,0.007740,0.673021,False
2010-12-15,-0.164951,-0.198393,0.000600,0.001073,0.003377,0.007014,0.004700,0.006211,0.000000,0.000000,-0.175419,0.010468,0.910245,False
2010-12-16,-0.168078,-0.198513,0.000724,0.001245,0.003348,0.006997,0.004686,0.006207,0.000000,0.000000,-0.175305,0.007227,0.628461,False
2010-12-17,-0.164191,-0.198632,0.000843,0.001416,0.003319,0.006981,0.004671,0.006204,0.000000,0.000000,-0.175198,0.011007,0.957128,False
2010-12-18,-0.168805,-0.198752,0.000959,0.001585,0.003288,0.006965,0.004656,0.006201,0.000000,0.000000,-0.175098,0.006293,0.547181,False
2010-12-19,-0.168681,-0.198872,0.001070,0.001753,0.003257,0.006948,0.004642,0.006198,0.000000,0.000000,-0.175005,0.006324,0.549902,False
2010-12-20,-0.166373,-0.198992,0.001177,0.001918,0.003224,0.006931,0.004627,0.006195,0.000000,0.000000,-0.174921,0.008548,0.743267,False
2010-12-21,-0.158091,-0.199112,0.001277,0.002081,0.003191,0.006914,0.004612,0.006191,0.000000,0.000000,-0.174845,0.016754,1.456901,False
2010-12-22,-0.159136,-0.199232,0.001372,0.002242,0.003157,0.006896,0.004597,0.006188,0.000000,0.000000,-0.174780,0.015644,1.360338,False
2010-12-23,-0.167300,-0.199351,0.001460,0.002400,0.003121,0.006879,0.004582,0.006185,0.000000,0.000000,-0.174725,0.007425,0.645635,False
2010-12-24,-0.167742,-0.199471,0.001541,0.002555,0.003085,0.006861,0.004567,0.006181,0.000000,0.000000,-0.174681,0.006939,0.603363,False
2010-12-25,-0.169559,-0.199591,0.001615,0.002707,0.003048,0.006843,0.004552,0.006178,0.000000,0.000000,-0.174648,0.005089,0.442529,False
2010-12-26,-0.162545,-0.199711,0.001681,0.002856,0.003010,0.006825,0.004537,0.006175,0.000000,0.000000,-0.174628,0.012083,1.050655,False
2010-12-27,-0.165100,-0.199831,0.001739,0.003002,0.002971,0.006806,0.004521,0.006171,0.000000,0.000000,-0.174620,0.009520,0.827783,False
2010-12-28,-0.161568,-0.199950,0.001789,0.003144,0.002931,0.006788,0.004506,0.006168,0.000000,0.000000,-0.174624,0.013056,1.135343,False
2010-12-29,-0.155885,-0.200070,0.001831,0.003282,0.002891,0.006769,0.004491,0.006164,0.000000,0.000000,-0.174643,0.018758,1.631107,False
2010-12-30,-0.166483,-0.200190,0.001864,0.003416,0.002849,0.006750,0.004475,0.006161,0.000000,0.000000,-0.174675,0.008192,0.712323,False
2010-12-31,-0.168525,-0.200310,0.001888,0.003547,0.002807,0.006731,0.004460,0.006157,0.000000,0.000000,-0.174721,0.006196,0.538756,False
2011-01-01,-0.171481,-0.200430,0.001903,0.003673,0.002764,0.006712,0.004444,0.006154,0.000000,0.000000,-0.174781,0.003300,0.286951,False
2011-01-02,-0.166917,-0.200550,0.001909,0.003795,0.002720,0.006692,0.004428,0.006150,0.000000,0.000000,-0.174856,0.007939,0.690317,False
2011-01-03,-0.167781,-0.200669,0.001906,0.003912,0.002675,0.006672,0.004413,0.006147,0.000000,0.000000,-0.174945,0.007164,0.622954,False
2011-01-04,-0.167891,-0.200789,0.001893,0.004024,0.002629,0.006653,0.004397,0.006143,0.000000,0.000000,-0.175049,0.007158,0.622438,False
2011-01-05,-0.170178,-0.200909,0.001872,0.004132,0.002583,0.006632,0.004381,0.006140,0.000000,0.000000,-0.175168,0.004990,0.433903,False
2011-01-06,-0.173360,-0.201029,0.001843,0.004235,0.002536,0.006612,0.004365,0.006136,0.000000,0.000000,-0.175302,0.001942,0.168830,False
2011-01-07,-0.169485,-0.201149,0.001804,0.004333,0.002488,0.006592,0.004350,0.006132,0.000000,0.000000,-0.175450,0.005965,0.518695,False
2011-01-08,-0.164179,-0.201268,0.001757,0.004426,0.002439,0.006571,0.004334,0.006129,0.000000,0.000000,-0.175613,0.011434,0.994271,False
2011-01-09,-0.165639,-0.201388,0.001701,0.004513,0.002390,0.006550,0.004318,0.006125,0.000000,0.000000,-0.175791,0.010152,0.882766,False
2011-01-10,-0.168734,-0.201508,0.001638,0.004596,0.002340,0.006529,0.004302,0.006121,0.000000,0.000000,-0.175983,0.007249,0.630338,False
2011-01-11,-0.167986,-0.201628,0.001566,0.004672,0.002289,0.006508,0.004285,0.006118,0.000000,0.000000,-0.176189,0.008203,0.713317,False
2011-01-12,-0.169312,-0.201748,0.001488,0.004744,0.002238,0.006486,0.004269,0.006114,0.000000,0.000000,-0.176409,0.007097,0.617156,False
2011-01-13,-0.171963,-0.201868,0.001402,0.004809,0.002186,0.006465,0.004253,0.006110,0.000000,0.000000,-0.176643,0.004680,0.406961,False
2011-01-14,-0.166200,-0.201987,0.001309,0.004869,0.002133,0.006443,0.004237,0.006106,0.000000,0.000000,-0.176890,0.010690,0.929571,False
2011-01-15,-0.172550,-0.202107,0.001211,0.004923,0.002080,0.006421,0.004220,0.006103,0.000000,0.000000,-0.177150,0.004600,0.399995,False
2011-01-16,-0.175284,-0.202227,0.001106,0.004972,0.002026,0.006399,0.004204,0.006099,0.000000,0.000000,-0.177422,0.002138,0.185938,False
2011-01-17,-0.178381,-0.202347,0.000997,0.005014,0.001971,0.006376,0.004187,0.006095,0.000000,0.000000,-0.177707,-0.000674,-0.058642,False
2011-01-18,-0.177173,-0.202467,0.000882,0.005050,0.001916,0.006354,0.004171,0.006091,0.000000,0.000000,-0.178002,0.000829,0.072127,False
2011-01-19,-0.178690,-0.202586,0.000764,0.005081,0.001860,0.006331,0.004154,0.006087,0.000000,0.000000,-0.178309,-0.000381,-0.033105,False
2011-01-20,-0.173472,-0.202706,0.000641,0.005105,0.001804,0.006308,0.004138,0.006083,0.000000,0.000000,-0.178627,0.005155,0.448225,False
2011-01-21,-0.172858,-0.202826,0.000516,0.005124,0.001747,0.006285,0.004121,0.006079,0.000000,0.000000,-0.178954,0.006096,0.530066,False
2011-01-22,-0.178027,-0.202946,0.000389,0.005136,0.001690,0.006262,0.004104,0.006075,0.000000,0.000000,-0.179290,0.001263,0.109846,False
2011-01-23,-0.176344,-0.203066,0.000259,0.005142,0.001632,0.006238,0.004088,0.006071,0.000000,0.000000,-0.179635,0.003291,0.286207,False
2011-01-24,-0.177928,-0.203186,0.000128,0.005142,0.001574,0.006215,0.004071,0.006067,0.000000,0.000000,-0.179989,0.002061,0.179182,False
2011-01-25,-0.182969,-0.203305,-0.000003,0.005136,0.001515,0.006191,0.004054,0.006063,0.000000,0.000000,-0.180349,-0.002620,-0.227805,False
2011-01-26,-0.186945,-0.203425,-0.000134,0.005124,0.001456,0.006167,0.004037,0.006059,0.000000,0.000000,-0.180717,-0.006228,-0.541595,False
2011-01-27,-0.181390,-0.203545,-0.000265,0.005106,0.001396,0.006142,0.004020,0.006055,0.000000,0.000000,-0.181090,-0.000300,-0.026070,False
2011-01-28,-0.180929,-0.203665,-0.000394,0.005082,0.001336,0.006118,0.004003,0.006051,0.000000,0.000000,-0.181469,0.000540,0.046974,False
2011-01-29,-0.178802,-0.203785,-0.000522,0.005052,0.001275,0.006094,0.003986,0.006047,0.000000,0.000000,-0.181853,0.003051,0.265304,False
2011-01-30,-0.176315,-0.203904,-0.000647,0.005016,0.001215,0.006069,0.003969,0.006043,0.000000,0.000000,-0.182241,0.005926,0.515300,False
2011-01-31,-0.182472,-0.204024,-0.000769,0.004974,0.001153,0.006044,0.003951,0.006039,0.000000,0.000000,-0.182632,0.000160,0.013946,False
2011-02-01,-0.175761,-0.204144,-0.000887,0.004926,0.001092,0.006019,0.003934,0.006034,0.000000,0.000000,-0.183027,0.007266,0.631796,False
2011-02-02,-0.173956,-0.204264,-0.001002,0.004872,0.001030,0.005994,0.003917,0.006030,0.000000,0.000000,-0.183423,0.009467,0.823229,False
2011-02-03,-0.176055,-0.204384,-0.001111,0.004812,0.000968,0.005968,0.003899,0.006026,0.000000,0.000000,-0.183821,0.007766,0.675320,False
2011-02-04,-0.179793,-0.204504,-0.001215,0.004747,0.000905,0.005943,0.003882,0.006022,0.000000,0.000000,-0.184220,0.004427,0.384975,False
2011-02-05,-0.184582,-0.204623,-0.001313,0.004676,0.000843,0.005917,0.003864,0.006018,0.000000,0.000000,-0.184620,0.000038,0.003271,False
2011-02-06,-0.177656,-0.204743,-0.001406,0.004599,0.000780,0.005891,0.003847,0.006013,0.000000,0.000000,-0.185019,0.007363,0.640246,False
2011-02-07,-0.179335,-0.204863,-0.001491,0.004517,0.000716,0.005865,0.003829,0.006009,0.000000,0.000000,-0.185417,0.006082,0.528896,False
2011-02-08,-0.176164,-0.204983,-0.001570,0.004430,0.000653,0.005839,0.003812,0.006005,0.000000,0.000000,-0.185815,0.009651,0.839176,False
2011-02-09,-0.182516,-0.205103,-0.001641,0.004337,0.000589,0.005812,0.003794,0.006000,0.000000,0.000000,-0.186210,0.003694,0.321216,False
2011-02-10,-0.181676,-0.205222,-0.001704,0.004240,0.000525,0.005785,0.003776,0.005996,0.000000,0.000000,-0.186603,0.004927,0.428455,False
2011-02-11,-0.182388,-0.205342,-0.001759,0.004137,0.000462,0.005759,0.003759,0.005992,0.000000,0.000000,-0.186994,0.004606,0.400506,False
2011-02-12,-0.185670,-0.205462,-0.001806,0.004029,0.000397,0.005732,0.003741,0.005987,0.000000,0.000000,-0.187381,0.001711,0.148813,False
2011-02-13,-0.193090,-0.205582,-0.001844,0.003917,0.000333,0.005705,0.003723,0.005983,0.000000,0.000000,-0.187765,-0.005325,-0.463005,False
2011-02-14,-0.188466,-0.205702,-0.001874,0.003800,0.000269,0.005677,0.003705,0.005978,0.000000,0.000000,-0.188146,-0.000320,-0.027845,False
2011-02-15,-0.200578,-0.205822,-0.001894,0.003678,0.000205,0.005650,0.003687,0.005974,0.000000,0.000000,-0.188522,-0.012056,-1.048343,False
2011-02-16,-0.185849,-0.205941,-0.001906,0.003553,0.000140,0.005622,0.003669,0.005969,0.000000,0.000000,-0.188894,0.003045,0.264783,False
2011-02-17,-0.179165,-0.206061,-0.001908,0.003422,0.000076,0.005595,0.003651,0.005965,0.000000,0.000000,-0.189261,0.010096,0.877948,False
2011-02-18,-0.185015,-0.206181,-0.001902,0.003288,0.000011,0.005567,0.003633,0.005960,0.000000,0.000000,-0.189624,0.004609,0.400788,False
2011-02-19,-0.189412,-0.206301,-0.001887,0.003150,-0.000053,0.005539,0.003615,0.005956,0.000000,0.000000,-0.189982,0.000570,0.049552,False
2011-02-20,-0.185953,-0.206421,-0.001862,0.003008,-0.000118,0.005510,0.003596,0.005951,0.000000,0.000000,-0.190335,0.004382,0.381012,False
2011-02-21,-0.188769,-0.206540,-0.001829,0.002863,-0.000182,0.005482,0.003578,0.005946,0.000000,0.000000,-0.190682,0.001913,0.166379,False
2011-02-22,-0.186982,-0.206660,-0.001787,0.002714,-0.000247,0.005453,0.003560,0.005942,0.000000,0.000000,-0.191025,0.004043,0.351563,False
2011-02-23,-0.185929,-0.206780,-0.001737,0.002562,-0.000311,0.005425,0.003542,0.005937,0.000000,0.000000,-0.191362,0.005433,0.472477,False
2011-02-24,-0.190995,-0.206900,-0.001678,0.002407,-0.000375,0.005396,0.003523,0.005933,0.000000,0.000000,-0.191695,0.000700,0.060864,False
2011-02-25,-0.189947,-0.207020,-0.001612,0.002249,-0.000440,0.005367,0.003505,0.005928,0.000000,0.000000,-0.192022,0.002075,0.180470,False
2011-02-26,-0.191598,-0.207140,-0.001538,0.002089,-0.000504,0.005337,0.003486,0.005923,0.000000,0.000000,-0.192345,0.000747,0.064955,False
2011-02-27,-0.190080,-0.207259,-0.001456,0.001926,-0.000567,0.005308,0.003468,0.005918,0.000000,0.000000,-0.192663,0.002583,0.224594,False
2011-02-28,-0.185609,-0.207379,-0.001368,0.001761,-0.000631,0.005279,0.003449,0.005914,0.000000,0.000000,-0.192976,0.007367,0.640618,False
2011-03-01,-0.188871,-0.207499,-0.001273,0.001593,-0.000695,0.005249,0.003431,0.005909,0.000000,0.000000,-0.193285,0.004414,0.383828,False
2011-03-02,-0.195730,-0.207619,-0.001172,0.001424,-0.000758,0.005219,0.003412,0.005904,0.000000,0.000000,-0.193590,-0.002140,-0.186104,False
2011-03-03,-0.191997,-0.207739,-0.001066,0.001253,-0.000821,0.005189,0.003393,0.005899,0.000000,0.000000,-0.193891,0.001894,0.164670,False
2011-03-04,-0.199418,-0.207858,-0.000954,0.001080,-0.000884,0.005159,0.003374,0.005894,0.000000,0.000000,-0.194188,-0.005230,-0.454781,False
2011-03-05,-0.197498,-0.207978,-0.000838,0.000907,-0.000946,0.005129,0.003356,0.005890,0.000000,0.000000,-0.194482,-0.003016,-0.262258,False
2011-03-06,-0.190896,-0.208098,-0.000718,0.000732,-0.001009,0.005098,0.003337,0.005885,0.000000,0.000000,-0.194773,0.003877,0.337139,False
2011-03-07,-0.193477,-0.208218,-0.000595,0.000556,-0.001071,0.005068,0.003318,0.005880,0.000000,0.000000,-0.195062,0.001585,0.137785,False
2011-03-08,-0.195553,-0.208338,-0.000469,0.000380,-0.001132,0.005037,0.003299,0.005875,0.000000,0.000000,-0.195348,-0.000205,-0.017852,False
2011-03-09,-0.195871,-0.208458,-0.000340,0.000203,-0.001194,0.005006,0.003280,0.005870,0.000000,0.000000,-0.195632,-0.000239,-0.020785,False
2011-03-10,-0.192692,-0.208577,-0.000210,0.000026,-0.001255,0.004975,0.003261,0.005865,0.000000,0.000000,-0.195915,0.003223,0.280237,False
2011-03-11,-0.202198,-0.208697,-0.000079,-0.000151,-0.001315,0.004944,0.003242,0.005860,0.000000,0.000000,-0.196196,-0.006002,-0.521882,False
2011-03-12,-0.201892,-0.208817,0.000052,-0.000328,-0.001375,0.004913,0.003223,0.005855,0.000000,0.000000,-0.196477,-0.005415,-0.470849,False
2011-03-13,-0.196613,-0.208937,0.000183,-0.000504,-0.001435,0.004881,0.003204,0.005850,0.000000,0.000000,-0.196758,0.000145,0.012590,False
2011-03-14,-0.201335,-0.209057,0.000314,-0.000680,-0.001495,0.004850,0.003184,0.005845,0.000000,0.000000,-0.197038,-0.004297,-0.373619,False
2011-03-15,-0.196025,-0.209176,0.000442,-0.000855,-0.001553,0.004818,0.003165,0.005840,0.000000,0.000000,-0.197319,0.001294,0.112558,False
2011-03-16,-0.198753,-0.209296,0.000569,-0.001029,-0.001612,0.004786,0.003146,0.005835,0.000000,0.000000,-0.197601,-0.001152,-0.100150,False
2011-03-17,-0.201289,-0.209416,0.000693,-0.001202,-0.001670,0.004754,0.003127,0.005830,0.000000,0.000000,-0.197884,-0.003405,-0.296058,False
2011-03-18,-0.197274,-0.209536,0.000814,-0.001373,-0.001727,0.004722,0.003107,0.005825,0.000000,0.000000,-0.198169,0.000895,0.077823,False
2011-03-19,-0.196324,-0.209656,0.000931,-0.001543,-0.001784,0.004690,0.003088,0.005819,0.000000,0.000000,-0.198456,0.002132,0.185348,False
2011-03-20,-0.194699,-0.209776,0.001043,-0.001711,-0.001841,0.004658,0.003068,0.005814,0.000000,0.000000,-0.198744,0.004045,0.351765,False
2011-03-21,-0.200108,-0.209895,0.001151,-0.001877,-0.001897,0.004625,0.003049,0.005809,0.000000,0.000000,-0.199036,-0.001072,-0.093248,False
2011-03-22,-0.207366,-0.210015,0.001253,-0.002041,-0.001952,0.004592,0.003029,0.005804,0.000000,0.000000,-0.199330,-0.008036,-0.698794,False
2011-03-23,-0.203420,-0.210135,0.001349,-0.002202,-0.002007,0.004560,0.003010,0.005799,0.000000,0.000000,-0.199627,-0.003793,-0.329807,False
2011-03-24,-0.197945,-0.210255,0.001439,-0.002361,-0.002061,0.004527,0.002990,0.005793,0.000000,0.000000,-0.199928,0.001983,0.172430,False
2011-03-25,-0.200249,-0.210375,0.001521,-0.002517,-0.002115,0.004494,0.002971,0.005788,0.000000,0.000000,-0.200232,-0.000017,-0.001454,False
2011-03-26,-0.205802,-0.210494,0.001597,-0.002670,-0.002168,0.004460,0.002951,0.005783,0.000000,0.000000,-0.200540,-0.005262,-0.457531,False
2011-03-27,-0.201030,-0.210614,0.001665,-0.002819,-0.002220,0.004427,0.002931,0.005778,0.000000,0.000000,-0.200852,-0.000178,-0.015438,False
2011-03-28,-0.206824,-0.210734,0.001725,-0.002966,-0.002272,0.004394,0.002911,0.005772,0.000000,0.000000,-0.201169,-0.005655,-0.491772,False
2011-03-29,-0.208029,-0.210854,0.001778,-0.003109,-0.002323,0.004360,0.002892,0.005767,0.000000,0.000000,-0.201489,-0.006540,-0.568700,False
2011-03-30,-0.202623,-0.210974,0.001821,-0.003248,-0.002373,0.004326,0.002872,0.005762,0.000000,0.000000,-0.201814,-0.000809,-0.070391,False
2011-03-31,-0.205268,-0.211094,0.001856,-0.003383,-0.002423,0.004293,0.002852,0.005756,0.000000,0.000000,-0.202142,-0.003126,-0.271797,False
2011-04-01,-0.200272,-0.211213,0.001882,-0.003514,-0.002471,0.004259,0.002832,0.005751,0.000000,0.000000,-0.202475,0.002203,0.191601,False
2011-04-02,-0.198984,-0.211333,0.001900,-0.003642,-0.002520,0.004225,0.002812,0.005745,0.000000,0.000000,-0.202813,0.003829,0.332930,False
2011-04-03,-0.202397,-0.211453,0.001908,-0.003765,-0.002567,0.004190,0.002792,0.005740,0.000000,0.000000,-0.203154,0.000757,0.065834,False
2011-04-04,-0.204893,-0.211573,0.001907,-0.003883,-0.002614,0.004156,0.002772,0.005734,0.000000,0.000000,-0.203499,-0.001394,-0.121175,False
2011-04-05,-0.209520,-0.211693,0.001897,-0.003997,-0.002659,0.004122,0.002752,0.005729,0.000000,0.000000,-0.203849,-0.005671,-0.493154,False
2011-04-06,-0.207438,-0.211812,0.001879,-0.004106,-0.002704,0.004087,0.002732,0.005723,0.000000,0.000000,-0.204202,-0.003236,-0.281425,False
2011-04-07,-0.202013,-0.211932,0.001851,-0.004210,-0.002749,0.004052,0.002712,0.005718,0.000000,0.000000,-0.204558,0.002545,0.221296,False
2011-04-08,-0.209615,-0.212052,0.001814,-0.004309,-0.002792,0.004018,0.002692,0.005712,0.000000,0.000000,-0.204917,-0.004698,-0.408492,False
2011-04-09,-0.206902,-0.212172,0.001769,-0.004403,-0.002835,0.003983,0.002672,0.005707,0.000000,0.000000,-0.205280,-0.001622,-0.141078,False
2011-04-10,-0.208925,-0.212292,0.001716,-0.004492,-0.002877,0.003948,0.002651,0.005701,0.000000,0.000000,-0.205644,-0.003281,-0.285272,False
2011-04-11,-0.212472,-0.212412,0.001654,-0.004576,-0.002917,0.003913,0.002631,0.005695,0.000000,0.000000,-0.206011,-0.006461,-0.561803,False
2011-04-12,-0.212056,-0.212531,0.001585,-0.004654,-0.002958,0.003877,0.002611,0.005690,0.000000,0.000000,-0.206380,-0.005676,-0.493576,False
2011-04-13,-0.205732,-0.212651,0.001508,-0.004726,-0.002997,0.003842,0.002590,0.005684,0.000000,0.000000,-0.206750,0.001018,0.088502,False
2011-04-14,-0.208356,-0.212771,0.001424,-0.004793,-0.003035,0.003806,0.002570,0.005679,0.000000,0.000000,-0.207120,-0.001236,-0.107435,False
2011-04-15,-0.207917,-0.212891,0.001333,-0.004855,-0.003072,0.003771,0.002550,0.005673,0.000000,0.000000,-0.207492,-0.000425,-0.036996,False
2011-04-16,-0.212784,-0.213011,0.001236,-0.004910,-0.003109,0.003735,0.002529,0.005667,0.000000,0.000000,-0.207862,-0.004922,-0.427964,False
2011-04-17,-0.214740,-0.213130,0.001133,-0.004960,-0.003144,0.003699,0.002509,0.005661,0.000000,0.000000,-0.208233,-0.006507,-0.565865,False
2011-04-18,-0.205907,-0.213250,0.001024,-0.005004,-0.003179,0.003664,0.002488,0.005656,0.000000,0.000000,-0.208601,0.002694,0.234298,False
2011-04-19,-0.216787,-0.213370,0.000911,-0.005042,-0.003213,0.003628,0.002468,0.005650,0.000000,0.000000,-0.208968,-0.007819,-0.679876,False
2011-04-20,-0.217209,-0.213490,0.000794,-0.005074,-0.003246,0.003591,0.002447,0.005644,0.000000,0.000000,-0.209333,-0.007876,-0.684871,False
2011-04-21,-0.212090,-0.213610,0.000672,-0.005100,-0.003277,0.003555,0.002427,0.005638,0.000000,0.000000,-0.209694,-0.002396,-0.208307,False
2011-04-22,-0.215738,-0.213730,0.000548,-0.005120,-0.003308,0.003519,0.002406,0.005632,0.000000,0.000000,-0.210052,-0.005686,-0.494409,False
2011-04-23,-0.213862,-0.213849,0.000421,-0.005134,-0.003338,0.003482,0.002385,0.005627,0.000000,0.000000,-0.210406,-0.003456,-0.300537,False
2011-04-24,-0.210291,-0.213969,0.000292,-0.005141,-0.003367,0.003446,0.002365,0.005621,0.000000,0.000000,-0.210754,0.000463,0.040297,False
2011-04-25,-0.218745,-0.214089,0.000161,-0.005143,-0.003395,0.003409,0.002344,0.005615,0.000000,0.000000,-0.211097,-0.007648,-0.665004,False
2011-04-26,-0.212571,-0.214209,0.000030,-0.005138,-0.003422,0.003373,0.002323,0.005609,0.000000,0.000000,-0.211434,-0.001137,-0.098843,False
2011-04-27,-0.207151,-0.214329,-0.000101,-0.005128,-0.003447,0.003336,0.002302,0.005603,0.000000,0.000000,-0.211764,0.004613,0.401160,False
2011-04-28,-0.211214,-0.214448,-0.000232,-0.005111,-0.003472,0.003299,0.002282,0.005597,0.000000,0.000000,-0.212087,0.000873,0.075908,False
2011-04-29,-0.214809,-0.214568,-0.000362,-0.005089,-0.003496,0.003262,0.002261,0.005591,0.000000,0.000000,-0.212402,-0.002407,-0.209348,False
2011-04-30,-0.213128,-0.214688,-0.000490,-0.005060,-0.003519,0.003225,0.002240,0.005585,0.000000,0.000000,-0.212707,-0.000421,-0.036572,False
2011-05-01,-0.213990,-0.214808,-0.000616,-0.005025,-0.003540,0.003188,0.002219,0.005579,0.000000,0.000000,-0.213004,-0.000986,-0.085728,False
2011-05-02,-0.215906,-0.214928,-0.000739,-0.004985,-0.003561,0.003150,0.002198,0.005573,0.000000,0.000000,-0.213291,-0.002615,-0.227388,False
2011-05-03,-0.217044,-0.215048,-0.000858,-0.004938,-0.003581,0.003113,0.002177,0.005567,0.000000,0.000000,-0.213568,-0.003476,-0.302293,False
2011-05-04,-0.213191,-0.215167,-0.000973,-0.004886,-0.003599,0.003075,0.002156,0.005561,0.000000,0.000000,-0.213833,0.000642,0.055859,False
2011-05-05,-0.214359,-0.215287,-0.001084,-0.004828,-0.003617,0.003038,0.002135,0.005555,0.000000,0.000000,-0.214088,-0.000271,-0.023583,False
2011-05-06,-0.225840,-0.215407,-0.001190,-0.004764,-0.003633,0.003000,0.002114,0.005549,0.000000,0.000000,-0.214330,-0.011510,-1.000833,False
2011-05-07,-0.215893,-0.215527,-0.001289,-0.004694,-0.003648,0.002962,0.002093,0.005542,0.000000,0.000000,-0.214561,-0.001332,-0.115842,False
2011-05-08,-0.218026,-0.215647,-0.001383,-0.004619,-0.003662,0.002925,0.002072,0.005536,0.000000,0.000000,-0.214779,-0.003247,-0.282383,False
2011-05-09,-0.219405,-0.215766,-0.001470,-0.004538,-0.003676,0.002887,0.002051,0.005530,0.000000,0.000000,-0.214983,-0.004422,-0.384489,False
2011-05-10,-0.214066,-0.215886,-0.001551,-0.004452,-0.003688,0.002849,0.002029,0.005524,0.000000,0.000000,-0.215175,0.001109,0.096423,False
2011-05-11,-0.212670,-0.216006,-0.001624,-0.004361,-0.003699,0.002811,0.002008,0.005518,0.000000,0.000000,-0.215353,0.002683,0.233283,False
2011-05-12,-0.219234,-0.216126,-0.001689,-0.004265,-0.003709,0.002772,0.001987,0.005512,0.000000,0.000000,-0.215517,-0.003717,-0.323234,False
2011-05-13,-0.216138,-0.216246,-0.001746,-0.004163,-0.003717,0.002734,0.001966,0.005505,0.000000,0.000000,-0.215667,-0.000471,-0.040970,False
2011-05-14,-0.223954,-0.216366,-0.001795,-0.004057,-0.003725,0.002696,0.001945,0.005499,0.000000,0.000000,-0.215803,-0.008151,-0.708810,False
2011-05-15,-0.225582,-0.216485,-0.001835,-0.003946,-0.003732,0.002658,0.001923,0.005493,0.000000,0.000000,-0.215924,-0.009658,-0.839806,False
2011-05-16,-0.224695,-0.216605,-0.001867,-0.003830,-0.003737,0.002619,0.001902,0.005486,0.000000,0.000000,-0.216031,-0.008664,-0.753355,False
2011-05-17,-0.229394,-0.216725,-0.001890,-0.003709,-0.003741,0.002580,0.001881,0.005480,0.000000,0.000000,-0.216124,-0.013270,-1.153893,False
2011-05-18,-0.235137,-0.216845,-0.001904,-0.003584,-0.003745,0.002542,0.001859,0.005474,0.000000,0.000000,-0.216203,-0.018934,-1.646460,False
2011-05-19,-0.219655,-0.216965,-0.001909,-0.003455,-0.003747,0.002503,0.001838,0.005467,0.000000,0.000000,-0.216267,-0.003388,-0.294616,False
2011-05-20,-0.224137,-0.217084,-0.001905,-0.003322,-0.003748,0.002464,0.001817,0.005461,0.000000,0.000000,-0.216317,-0.007820,-0.680001,False
2011-05-21,-0.214593,-0.217204,-0.001891,-0.003185,-0.003748,0.002426,0.001795,0.005455,0.000000,0.000000,-0.216353,0.001760,0.153052,False
2011-05-22,-0.224032,-0.217324,-0.001869,-0.003044,-0.003746,0.002387,0.001774,0.005448,0.000000,0.000000,-0.216375,-0.007657,-0.665785,False
2011-05-23,-0.222794,-0.217444,-0.001838,-0.002900,-0.003744,0.002348,0.001752,0.005442,0.000000,0.000000,-0.216384,-0.006410,-0.557358,False
2011-05-24,-0.228519,-0.217564,-0.001798,-0.002752,-0.003741,0.002309,0.001731,0.005435,0.000000,0.000000,-0.216380,-0.012139,-1.055553,False
2011-05-25,-0.224794,-0.217684,-0.001750,-0.002601,-0.003736,0.002270,0.001709,0.005429,0.000000,0.000000,-0.216363,-0.008431,-0.733120,False
2011-05-26,-0.218947,-0.217803,-0.001694,-0.002446,-0.003731,0.002230,0.001688,0.005422,0.000000,0.000000,-0.216334,-0.002613,-0.227241,False
2011-05-27,-0.223034,-0.217923,-0.001629,-0.002289,-0.003724,0.002191,0.001666,0.005416,0.000000,0.000000,-0.216292,-0.006742,-0.586226,False
2011-05-28,-0.230648,-0.218043,-0.001557,-0.002129,-0.003716,0.002152,0.001644,0.005409,0.000000,0.000000,-0.216240,-0.014408,-1.252900,False
2011-05-29,-0.229924,-0.218163,-0.001477,-0.001967,-0.003707,0.002112,0.001623,0.005403,0.000000,0.000000,-0.216176,-0.013748,-1.195479,False
2011-05-30,-0.231870,-0.218283,-0.001391,-0.001802,-0.003697,0.002073,0.001601,0.005396,0.000000,0.000000,-0.216102,-0.015768,-1.371130,False
2011-05-31,-0.215311,-0.218402,-0.001297,-0.001635,-0.003686,0.002034,0.001580,0.005389,0.000000,0.000000,-0.216018,0.000707,0.061504,False
2011-06-01,-0.216816,-0.218522,-0.001198,-0.001466,-0.003674,0.001994,0.001558,0.005383,0.000000,0.000000,-0.215926,-0.000890,-0.077434,False
2011-06-02,-0.222686,-0.218642,-0.001093,-0.001296,-0.003660,0.001954,0.001536,0.005376,0.000000,0.000000,-0.215824,-0.006862,-0.596669,False
2011-06-03,-0.222037,-0.218762,-0.000983,-0.001124,-0.003646,0.001915,0.001514,0.005370,0.000000,0.000000,-0.215715,-0.006322,-0.549703,False
2011-06-04,-0.219987,-0.218882,-0.000868,-0.000950,-0.003630,0.001875,0.001493,0.005363,0.000000,0.000000,-0.215600,-0.004387,-0.381518,False
2011-06-05,-0.227426,-0.219002,-0.000749,-0.000776,-0.003614,0.001835,0.001471,0.005356,0.000000,0.000000,-0.215477,-0.011949,-1.039004,False
2011-06-06,-0.220722,-0.219121,-0.000626,-0.000600,-0.003596,0.001795,0.001449,0.005349,0.000000,0.000000,-0.215350,-0.005372,-0.467138,False
2011-06-07,-0.225283,-0.219241,-0.000500,-0.000424,-0.003578,0.001756,0.001427,0.005343,0.000000,0.000000,-0.215218,-0.010065,-0.875242,False
2011-06-08,-0.222677,-0.219361,-0.000373,-0.000247,-0.003558,0.001716,0.001406,0.005336,0.000000,0.000000,-0.215082,-0.007595,-0.660463,False
2011-06-09,-0.224287,-0.219481,-0.000243,-0.000070,-0.003537,0.001676,0.001384,0.005329,0.000000,0.000000,-0.214943,-0.009344,-0.812556,False
2011-06-10,-0.222564,-0.219601,-0.000112,0.000107,-0.003515,0.001636,0.001362,0.005322,0.000000,0.000000,-0.214801,-0.007763,-0.675013,False
2011-06-11,-0.219632,-0.219720,0.000019,0.000284,-0.003492,0.001596,0.001340,0.005316,0.000000,0.000000,-0.214659,-0.004973,-0.432459,False
2011-06-12,-0.216977,-0.219840,0.000151,0.000460,-0.003468,0.001555,0.001318,0.005309,0.000000,0.000000,-0.214516,-0.002461,-0.214037,False
2011-06-13,-0.227767,-0.219960,0.000281,0.000636,-0.003443,0.001515,0.001296,0.005302,0.000000,0.000000,-0.214373,-0.013394,-1.164719,False
2011-06-14,-0.224630,-0.220080,0.000410,0.000811,-0.003417,0.001475,0.001274,0.005295,0.000000,0.000000,-0.214231,-0.010399,-0.904257,False
2011-06-15,-0.221980,-0.220200,0.000538,0.000986,-0.003390,0.001435,0.001252,0.005288,0.000000,0.000000,-0.214091,-0.007889,-0.685972,False
2011-06-16,-0.227705,-0.220319,0.000662,0.001159,-0.003362,0.001394,0.001230,0.005281,0.000000,0.000000,-0.213954,-0.013751,-1.195705,False
2011-06-17,-0.224274,-0.220439,0.000784,0.001331,-0.003333,0.001354,0.001208,0.005274,0.000000,0.000000,-0.213821,-0.010453,-0.908952,False
2011-06-18,-0.232327,-0.220559,0.000902,0.001501,-0.003303,0.001314,0.001186,0.005267,0.000000,0.000000,-0.213692,-0.018635,-1.620426,False
2011-06-19,-0.225237,-0.220679,0.001015,0.001669,-0.003272,0.001273,0.001164,0.005260,0.000000,0.000000,-0.213568,-0.011669,-1.014671,False
2011-06-20,-0.216842,-0.220799,0.001124,0.001836,-0.003241,0.001233,0.001142,0.005253,0.000000,0.000000,-0.213450,-0.003392,-0.294925,False
2011-06-21,-0.238538,-0.220919,0.001228,0.002000,-0.003208,0.001192,0.001120,0.005246,0.000000,0.000000,-0.213339,-0.025199,-2.191213,False
2011-06-22,-0.220349,-0.221038,0.001325,0.002162,-0.003174,0.001152,0.001098,0.005239,0.000000,0.000000,-0.213235,-0.007114,-0.618604,False
2011-06-23,-0.221605,-0.221158,0.001417,0.002321,-0.003139,0.001111,0.001076,0.005232,0.000000,0.000000,-0.213139,-0.008466,-0.736172,False
2011-06-24,-0.242241,-0.221278,0.001501,0.002478,-0.003103,0.001071,0.001054,0.005225,0.000000,0.000000,-0.213052,-0.029189,-2.538209,False
2011-06-25,-0.223533,-0.221398,0.001579,0.002632,-0.003067,0.001030,0.001032,0.005218,0.000000,0.000000,-0.212973,-0.010560,-0.918230,False
2011-06-26,-0.229666,-0.221518,0.001649,0.002782,-0.003029,0.000990,0.001010,0.005211,0.000000,0.000000,-0.212905,-0.016761,-1.457489,False
2011-06-27,-0.221309,-0.221637,0.001711,0.002929,-0.002991,0.000949,0.000988,0.005204,0.000000,0.000000,-0.212847,-0.008462,-0.735854,False
2011-06-28,-0.224476,-0.221757,0.001765,0.003073,-0.002951,0.000908,0.000966,0.005197,0.000000,0.000000,-0.212799,-0.011677,-1.015372,False
2011-06-29,-0.235876,-0.221877,0.001811,0.003213,-0.002911,0.000867,0.000944,0.005190,0.000000,0.000000,-0.212763,-0.023113,-2.009829,False
2011-06-30,-0.227114,-0.221997,0.001848,0.003350,-0.002870,0.000827,0.000921,0.005183,0.000000,0.000000,-0.212738,-0.014376,-1.250061,False
2011-07-01,-0.218898,-0.222117,0.001877,0.003482,-0.002828,0.000786,0.000899,0.005175,0.000000,0.000000,-0.212726,-0.006172,-0.536734,False
2011-07-02,-0.228725,-0.222237,0.001896,0.003610,-0.002785,0.000745,0.000877,0.005168,0.000000,0.000000,-0.212725,-0.016000,-1.391300,False
2011-07-03,-0.224875,-0.222356,0.001907,0.003734,-0.002742,0.000704,0.000855,0.005161,0.000000,0.000000,-0.212737,-0.012138,-1.055475,False
2011-07-04,-0.234349,-0.222476,0.001908,0.003854,-0.002697,0.000663,0.000833,0.005154,0.000000,0.000000,-0.212762,-0.021587,-1.877154,False
2011-07-05,-0.222642,-0.222596,0.001901,0.003969,-0.002652,0.000623,0.000811,0.005147,0.000000,0.000000,-0.212799,-0.009843,-0.855889,False
2011-07-06,-0.228823,-0.222716,0.001884,0.004079,-0.002606,0.000582,0.000788,0.005139,0.000000,0.000000,-0.212850,-0.015973,-1.388974,False
2011-07-07,-0.225664,-0.222836,0.001859,0.004184,-0.002560,0.000541,0.000766,0.005132,0.000000,0.000000,-0.212913,-0.012751,-1.108752,False
2011-07-08,-0.221227,-0.222955,0.001824,0.004285,-0.002512,0.000500,0.000744,0.005125,0.000000,0.000000,-0.212990,-0.008237,-0.716264,False
2011-07-09,-0.232646,-0.223075,0.001781,0.004380,-0.002464,0.000459,0.000722,0.005117,0.000000,0.000000,-0.213080,-0.019566,-1.701427,False
2011-07-10,-0.221279,-0.223195,0.001730,0.004470,-0.002415,0.000418,0.000699,0.005110,0.000000,0.000000,-0.213182,-0.008097,-0.704072,False
2011-07-11,-0.219207,-0.223315,0.001670,0.004555,-0.002365,0.000377,0.000677,0.005103,0.000000,0.000000,-0.213298,-0.005909,-0.513863,False
2011-07-12,-0.221595,-0.223435,0.001603,0.004635,-0.002315,0.000336,0.000655,0.005095,0.000000,0.000000,-0.213426,-0.008169,-0.710381,False
2011-07-13,-0.217042,-0.223555,0.001528,0.004709,-0.002264,0.000295,0.000632,0.005088,0.000000,0.000000,-0.213566,-0.003476,-0.302251,False
2011-07-14,-0.222830,-0.223674,0.001445,0.004777,-0.002212,0.000254,0.000610,0.005080,0.000000,0.000000,-0.213719,-0.009111,-0.792279,False
2011-07-15,-0.221183,-0.223794,0.001356,0.004840,-0.002159,0.000213,0.000588,0.005073,0.000000,0.000000,-0.213883,-0.007300,-0.634751,False
2011-07-16,-0.229937,-0.223914,0.001261,0.004897,-0.002106,0.000172,0.000566,0.005066,0.000000,0.000000,-0.214059,-0.015878,-1.380654,False
2011-07-17,-0.224343,-0.224034,0.001159,0.004948,-0.002053,0.000131,0.000543,0.005058,0.000000,0.000000,-0.214247,-0.010096,-0.877931,False
2011-07-18,-0.225180,-0.224154,0.001052,0.004993,-0.001998,0.000090,0.000521,0.005051,0.000000,0.000000,-0.214445,-0.010735,-0.933489,False
2011-07-19,-0.216862,-0.224273,0.000940,0.005033,-0.001944,0.000049,0.000499,0.005043,0.000000,0.000000,-0.214653,-0.002209,-0.192060,False
2011-07-20,-0.205503,-0.224393,0.000823,0.005066,-0.001888,0.000008,0.000476,0.005036,0.000000,0.000000,-0.214872,0.009369,0.814661,False
2011-07-21,-0.220017,-0.224513,0.000703,0.005094,-0.001832,-0.000033,0.000454,0.005028,0.000000,0.000000,-0.215099,-0.004918,-0.427628,False
2011-07-22,-0.239235,-0.224633,0.000579,0.005115,-0.001776,-0.000074,0.000432,0.005020,0.000000,0.000000,-0.215336,-0.023899,-2.078192,False
2011-07-23,-0.226526,-0.224753,0.000453,0.005131,-0.001719,-0.000115,0.000409,0.005013,0.000000,0.000000,-0.215581,-0.010945,-0.951773,False
2011-07-24,-0.223016,-0.224873,0.000324,0.005140,-0.001661,-0.000156,0.000387,0.005005,0.000000,0.000000,-0.215833,-0.007183,-0.624594,False
2011-07-25,-0.229109,-0.224992,0.000194,0.005143,-0.001603,-0.000197,0.000364,0.004998,0.000000,0.000000,-0.216093,-0.013016,-1.131836,False
2011-07-26,-0.217584,-0.225112,0.000063,0.005140,-0.001544,-0.000238,0.000342,0.004990,0.000000,0.000000,-0.216359,-0.001225,-0.106509,False
2011-07-27,-0.225457,-0.225232,-0.000069,0.005131,-0.001485,-0.000279,0.000320,0.004982,0.000000,0.000000,-0.216631,-0.008826,-0.767447,False
2011-07-28,-0.230024,-0.225352,-0.000200,0.005116,-0.001426,-0.000320,0.000297,0.004975,0.000000,0.000000,-0.216909,-0.013115,-1.140443,False
2011-07-29,-0.224212,-0.225472,-0.000330,0.005095,-0.001366,-0.000361,0.000275,0.004967,0.000000,0.000000,-0.217191,-0.007021,-0.610508,False
2011-07-30,-0.219012,-0.225591,-0.000458,0.005068,-0.001306,-0.000402,0.000253,0.004959,0.000000,0.000000,-0.217477,-0.001535,-0.133435,False
2011-07-31,-0.215598,-0.225711,-0.000585,0.005035,-0.001245,-0.000443,0.000230,0.004952,0.000000,0.000000,-0.217767,0.002169,0.188634,False
2011-08-01,-0.231136,-0.225831,-0.000708,0.004995,-0.001184,-0.000483,0.000208,0.004944,0.000000,0.000000,-0.218060,-0.013076,-1.137051,False
2011-08-02,-0.230829,-0.225951,-0.000829,0.004950,-0.001123,-0.000524,0.000185,0.004936,0.000000,0.000000,-0.218355,-0.012474,-1.084717,False
2011-08-03,-0.232693,-0.226071,-0.000945,0.004899,-0.001061,-0.000565,0.000163,0.004928,0.000000,0.000000,-0.218651,-0.014042,-1.221025,False
2011-08-04,-0.223969,-0.226191,-0.001057,0.004843,-0.000999,-0.000606,0.000141,0.004921,0.000000,0.000000,-0.218949,-0.005020,-0.436549,False
2011-08-05,-0.226700,-0.226310,-0.001164,0.004780,-0.000937,-0.000647,0.000118,0.004913,0.000000,0.000000,-0.219247,-0.007453,-0.648123,False
2011-08-06,-0.230756,-0.226430,-0.001265,0.004712,-0.000874,-0.000688,0.000096,0.004905,0.000000,0.000000,-0.219544,-0.011212,-0.974924,False
2011-08-07,-0.222095,-0.226550,-0.001360,0.004638,-0.000811,-0.000729,0.000073,0.004897,0.000000,0.000000,-0.219841,-0.002254,-0.195958,False
2011-08-08,-0.227031,-0.226670,-0.001449,0.004559,-0.000748,-0.000770,0.000051,0.004889,0.000000,0.000000,-0.220137,-0.006894,-0.599443,False
2011-08-09,-0.219237,-0.226790,-0.001531,0.004474,-0.000685,-0.000810,0.000028,0.004881,0.000000,0.000000,-0.220432,0.001195,0.103881,False
2011-08-10,-0.218106,-0.226909,-0.001606,0.004384,-0.000621,-0.000851,0.000006,0.004873,0.000000,0.000000,-0.220724,0.002618,0.227625,False
2011-08-11,-0.227841,-0.227029,-0.001673,0.004289,-0.000557,-0.000892,-0.000016,0.004866,0.000000,0.000000,-0.221013,-0.006828,-0.593726,False
2011-08-12,-0.224011,-0.227149,-0.001732,0.004189,-0.000494,-0.000932,-0.000039,0.004858,0.000000,0.000000,-0.221300,-0.002711,-0.235775,False
2011-08-13,-0.227844,-0.227269,-0.001783,0.004084,-0.000430,-0.000973,-0.000061,0.004850,0.000000,0.000000,-0.221583,-0.006261,-0.544468,False
2011-08-14,-0.224774,-0.227389,-0.001826,0.003974,-0.000365,-0.001014,-0.000084,0.004842,0.000000,0.000000,-0.221862,-0.002912,-0.253226,False
2011-08-15,-0.226328,-0.227509,-0.001860,0.003859,-0.000301,-0.001054,-0.000106,0.004834,0.000000,0.000000,-0.222137,-0.004191,-0.364468,False
2011-08-16,-0.227883,-0.227628,-0.001885,0.003740,-0.000237,-0.001095,-0.000128,0.004826,0.000000,0.000000,-0.222408,-0.005475,-0.476088,False
2011-08-17,-0.225950,-0.227748,-0.001901,0.003616,-0.000172,-0.001136,-0.000151,0.004818,0.000000,0.000000,-0.222674,-0.003276,-0.284846,False
2011-08-18,-0.221431,-0.227868,-0.001908,0.003488,-0.000108,-0.001176,-0.000173,0.004810,0.000000,0.000000,-0.222936,0.001505,0.130849,False
2011-08-19,-0.232946,-0.227988,-0.001906,0.003356,-0.000043,-0.001217,-0.000196,0.004802,0.000000,0.000000,-0.223192,-0.009754,-0.848148,False
2011-08-20,-0.241334,-0.228108,-0.001895,0.003220,0.000021,-0.001257,-0.000218,0.004794,0.000000,0.000000,-0.223444,-0.017890,-1.555676,False
2011-08-21,-0.232106,-0.228227,-0.001876,0.003080,0.000086,-0.001298,-0.000240,0.004786,0.000000,0.000000,-0.223690,-0.008416,-0.731827,False
2011-08-22,-0.225431,-0.228347,-0.001847,0.002936,0.000150,-0.001338,-0.000263,0.004777,0.000000,0.000000,-0.223931,-0.001500,-0.130435,False
2011-08-23,-0.245087,-0.228467,-0.001809,0.002789,0.000215,-0.001378,-0.000285,0.004769,0.000000,0.000000,-0.224167,-0.020920,-1.819151,False
2011-08-24,-0.230451,-0.228587,-0.001763,0.002639,0.000279,-0.001419,-0.000308,0.004761,0.000000,0.000000,-0.224397,-0.006054,-0.526409,False
2011-08-25,-0.239978,-0.228707,-0.001709,0.002485,0.000343,-0.001459,-0.000330,0.004753,0.000000,0.000000,-0.224623,-0.015355,-1.335247,False
2011-08-26,-0.230827,-0.228827,-0.001646,0.002329,0.000407,-0.001499,-0.000352,0.004745,0.000000,0.000000,-0.224843,-0.005984,-0.520354,False
2011-08-27,-0.226134,-0.228946,-0.001576,0.002169,0.000472,-0.001539,-0.000375,0.004737,0.000000,0.000000,-0.225058,-0.001076,-0.093543,False
2011-08-28,-0.230768,-0.229066,-0.001498,0.002008,0.000535,-0.001579,-0.000397,0.004728,0.000000,0.000000,-0.225269,-0.005499,-0.478192,False
2011-08-29,-0.224973,-0.229186,-0.001413,0.001843,0.000599,-0.001619,-0.000419,0.004720,0.000000,0.000000,-0.225475,0.000502,0.043629,False
2011-08-30,-0.231964,-0.229306,-0.001321,0.001677,0.000663,-0.001660,-0.000442,0.004712,0.000000,0.000000,-0.225676,-0.006288,-0.546756,False
2011-08-31,-0.227403,-0.229426,-0.001223,0.001509,0.000726,-0.001700,-0.000464,0.004704,0.000000,0.000000,-0.225874,-0.001529,-0.132977,False
2011-09-01,-0.234885,-0.229545,-0.001120,0.001339,0.000789,-0.001739,-0.000486,0.004695,0.000000,0.000000,-0.226067,-0.008818,-0.766748,False
2011-09-02,-0.233282,-0.229665,-0.001011,0.001167,0.000852,-0.001779,-0.000509,0.004687,0.000000,0.000000,-0.226257,-0.007025,-0.610826,False
2011-09-03,-0.234158,-0.229785,-0.000897,0.000994,0.000915,-0.001819,-0.000531,0.004679,0.000000,0.000000,-0.226444,-0.007714,-0.670748,False
2011-09-04,-0.236700,-0.229905,-0.000779,0.000819,0.000977,-0.001859,-0.000553,0.004671,0.000000,0.000000,-0.226628,-0.010072,-0.875786,False
2011-09-05,-0.243176,-0.230025,-0.000657,0.000644,0.001040,-0.001899,-0.000576,0.004662,0.000000,0.000000,-0.226810,-0.016366,-1.423126,False
2011-09-06,-0.233905,-0.230145,-0.000532,0.000468,0.001101,-0.001938,-0.000598,0.004654,0.000000,0.000000,-0.226990,-0.006915,-0.601344,False
2011-09-07,-0.226134,-0.230264,-0.000405,0.000292,0.001163,-0.001978,-0.000620,0.004646,0.000000,0.000000,-0.227167,0.001033,0.089857,False
2011-09-08,-0.227454,-0.230384,-0.000275,0.000115,0.001224,-0.002018,-0.000643,0.004637,0.000000,0.000000,-0.227344,-0.000110,-0.009574,False
2011-09-09,-0.245534,-0.230504,-0.000145,-0.000062,0.001285,-0.002057,-0.000665,0.004629,0.000000,0.000000,-0.227520,-0.018014,-1.566472,False
2011-09-10,-0.234861,-0.230624,-0.000014,-0.000239,0.001345,-0.002097,-0.000687,0.004620,0.000000,0.000000,-0.227695,-0.007166,-0.623146,False
2011-09-11,-0.234172,-0.230744,0.000118,-0.000416,0.001405,-0.002136,-0.000709,0.004612,0.000000,0.000000,-0.227870,-0.006302,-0.547995,False
2011-09-12,-0.221472,-0.230863,0.000249,-0.000592,0.001465,-0.002175,-0.000732,0.004603,0.000000,0.000000,-0.228046,0.006574,0.571629,False
2011-09-13,-0.237290,-0.230983,0.000378,-0.000768,0.001524,-0.002215,-0.000754,0.004595,0.000000,0.000000,-0.228222,-0.009068,-0.788499,False
2011-09-14,-0.231333,-0.231103,0.000506,-0.000942,0.001583,-0.002254,-0.000776,0.004587,0.000000,0.000000,-0.228400,-0.002933,-0.255038,False
2011-09-15,-0.231418,-0.231223,0.000631,-0.001116,0.001641,-0.002293,-0.000798,0.004578,0.000000,0.000000,-0.228580,-0.002838,-0.246822,False
2011-09-16,-0.244808,-0.231343,0.000754,-0.001288,0.001699,-0.002332,-0.000821,0.004569,0.000000,0.000000,-0.228761,-0.016047,-1.395379,False
2011-09-17,-0.237801,-0.231463,0.000873,-0.001459,0.001756,-0.002371,-0.000843,0.004561,0.000000,0.000000,-0.228945,-0.008856,-0.770068,False
2011-09-18,-0.237134,-0.231582,0.000987,-0.001627,0.001813,-0.002410,-0.000865,0.004552,0.000000,0.000000,-0.229132,-0.008002,-0.695812,False
2011-09-19,-0.235027,-0.231702,0.001098,-0.001794,0.001869,-0.002449,-0.000887,0.004544,0.000000,0.000000,-0.229322,-0.005705,-0.496059,False
2011-09-20,-0.246615,-0.231822,0.001202,-0.001959,0.001925,-0.002488,-0.000909,0.004535,0.000000,0.000000,-0.229516,-0.017099,-1.486865,False
2011-09-21,-0.243106,-0.231942,0.001302,-0.002122,0.001980,-0.002526,-0.000932,0.004527,0.000000,0.000000,-0.229714,-0.013392,-1.164552,False
2011-09-22,-0.242631,-0.232062,0.001394,-0.002282,0.002034,-0.002565,-0.000954,0.004518,0.000000,0.000000,-0.229915,-0.012716,-1.105701,False
2011-09-23,-0.243358,-0.232181,0.001481,-0.002439,0.002088,-0.002604,-0.000976,0.004509,0.000000,0.000000,-0.230122,-0.013236,-1.150987,False
2011-09-24,-0.241978,-0.232301,0.001560,-0.002594,0.002141,-0.002642,-0.000998,0.004501,0.000000,0.000000,-0.230333,-0.011645,-1.012649,False
2011-09-25,-0.240648,-0.232421,0.001632,-0.002745,0.002194,-0.002680,-0.001020,0.004492,0.000000,0.000000,-0.230548,-0.010100,-0.878235,False
2011-09-26,-0.239323,-0.232541,0.001696,-0.002893,0.002246,-0.002719,-0.001042,0.004483,0.000000,0.000000,-0.230769,-0.008554,-0.743815,False
2011-09-27,-0.248079,-0.232661,0.001753,-0.003038,0.002297,-0.002757,-0.001064,0.004475,0.000000,0.000000,-0.230995,-0.017084,-1.485552,False
2011-09-28,-0.245124,-0.232781,0.001800,-0.003179,0.002348,-0.002795,-0.001086,0.004466,0.000000,0.000000,-0.231226,-0.013898,-1.208479,False
2011-09-29,-0.241528,-0.232900,0.001840,-0.003316,0.002398,-0.002833,-0.001108,0.004457,0.000000,0.000000,-0.231463,-0.010065,-0.875199,False
2011-09-30,-0.238074,-0.233020,0.001870,-0.003449,0.002447,-0.002871,-0.001130,0.004449,0.000000,0.000000,-0.231705,-0.006369,-0.553796,False
2011-10-01,-0.242561,-0.233140,0.001892,-0.003579,0.002496,-0.002909,-0.001152,0.004440,0.000000,0.000000,-0.231953,-0.010608,-0.922444,False
2011-10-02,-0.249572,-0.233260,0.001905,-0.003704,0.002543,-0.002947,-0.001174,0.004431,0.000000,0.000000,-0.232206,-0.017366,-1.510101,False
2011-10-03,-0.241893,-0.233380,0.001909,-0.003824,0.002590,-0.002985,-0.001196,0.004422,0.000000,0.000000,-0.232464,-0.009429,-0.819906,False
2011-10-04,-0.240628,-0.233499,0.001903,-0.003940,0.002637,-0.003023,-0.001218,0.004413,0.000000,0.000000,-0.232728,-0.007900,-0.686999,False
2011-10-05,-0.249230,-0.233619,0.001889,-0.004052,0.002682,-0.003060,-0.001240,0.004405,0.000000,0.000000,-0.232996,-0.016234,-1.411652,False
2011-10-06,-0.244919,-0.233739,0.001866,-0.004158,0.002727,-0.003098,-0.001262,0.004396,0.000000,0.000000,-0.233269,-0.011650,-1.013014,False
2011-10-07,-0.249861,-0.233859,0.001834,-0.004260,0.002771,-0.003135,-0.001284,0.004387,0.000000,0.000000,-0.233547,-0.016314,-1.418582,False
2011-10-08,-0.247497,-0.233979,0.001793,-0.004357,0.002814,-0.003172,-0.001306,0.004378,0.000000,0.000000,-0.233830,-0.013667,-1.188465,False
2011-10-09,-0.243251,-0.234099,0.001744,-0.004448,0.002856,-0.003210,-0.001328,0.004369,0.000000,0.000000,-0.234116,-0.009135,-0.794343,False
2011-10-10,-0.249793,-0.234218,0.001686,-0.004535,0.002897,-0.003247,-0.001350,0.004360,0.000000,0.000000,-0.234406,-0.015387,-1.337981,False
2011-10-11,-0.256775,-0.234338,0.001621,-0.004615,0.002938,-0.003284,-0.001372,0.004351,0.000000,0.000000,-0.234700,-0.022075,-1.919587,False
2011-10-12,-0.245713,-0.234458,0.001547,-0.004691,0.002977,-0.003321,-0.001394,0.004343,0.000000,0.000000,-0.234996,-0.010717,-0.931889,False
2011-10-13,-0.247831,-0.234578,0.001467,-0.004761,0.003016,-0.003358,-0.001415,0.004334,0.000000,0.000000,-0.235295,-0.012536,-1.090057,False
2011-10-14,-0.228840,-0.234698,0.001379,-0.004825,0.003054,-0.003395,-0.001437,0.004325,0.000000,0.000000,-0.235597,0.006757,0.587524,False
2011-10-15,-0.234875,-0.234817,0.001285,-0.004883,0.003091,-0.003431,-0.001459,0.004316,0.000000,0.000000,-0.235899,0.001024,0.089072,False
2011-10-16,-0.247177,-0.234937,0.001185,-0.004936,0.003127,-0.003468,-0.001481,0.004307,0.000000,0.000000,-0.236203,-0.010974,-0.954240,False
2011-10-17,-0.248481,-0.235057,0.001079,-0.004983,0.003162,-0.003504,-0.001503,0.004298,0.000000,0.000000,-0.236508,-0.011973,-1.041152,False
2011-10-18,-0.251977,-0.235177,0.000968,-0.005024,0.003196,-0.003541,-0.001524,0.004289,0.000000,0.000000,-0.236812,-0.015165,-1.318670,False
2011-10-19,-0.243071,-0.235297,0.000853,-0.005059,0.003229,-0.003577,-0.001546,0.004280,0.000000,0.000000,-0.237116,-0.005955,-0.517799,False
2011-10-20,-0.245060,-0.235417,0.000733,-0.005088,0.003262,-0.003613,-0.001568,0.004271,0.000000,0.000000,-0.237419,-0.007641,-0.664415,False
2011-10-21,-0.249729,-0.235536,0.000610,-0.005110,0.003293,-0.003649,-0.001589,0.004261,0.000000,0.000000,-0.237720,-0.012009,-1.044222,False
2011-10-22,-0.243095,-0.235656,0.000485,-0.005127,0.003323,-0.003685,-0.001611,0.004252,0.000000,0.000000,-0.238019,-0.005076,-0.441360,False
2011-10-23,-0.252261,-0.235776,0.000356,-0.005138,0.003353,-0.003721,-0.001633,0.004243,0.000000,0.000000,-0.238315,-0.013946,-1.212663,False
2011-10-24,-0.250714,-0.235896,0.000227,-0.005143,0.003381,-0.003757,-0.001654,0.004234,0.000000,0.000000,-0.238608,-0.012106,-1.052707,False
2011-10-25,-0.248783,-0.236016,0.000096,-0.005141,0.003408,-0.003792,-0.001676,0.004225,0.000000,0.000000,-0.238896,-0.009887,-0.859720,False
2011-10-26,-0.247989,-0.236135,-0.000036,-0.005134,0.003435,-0.003828,-0.001697,0.004216,0.000000,0.000000,-0.239180,-0.008809,-0.766015,False
2011-10-27,-0.241169,-0.236255,-0.000167,-0.005120,0.003460,-0.003863,-0.001719,0.004207,0.000000,0.000000,-0.239458,-0.001711,-0.148776,False
2011-10-28,-0.249773,-0.236375,-0.000297,-0.005101,0.003484,-0.003898,-0.001740,0.004198,0.000000,0.000000,-0.239730,-0.010043,-0.873272,False
2011-10-29,-0.252904,-0.236495,-0.000426,-0.005075,0.003507,-0.003934,-0.001762,0.004188,0.000000,0.000000,-0.239996,-0.012908,-1.122423,False
2011-10-30,-0.255719,-0.236615,-0.000553,-0.005043,0.003530,-0.003969,-0.001783,0.004179,0.000000,0.000000,-0.240255,-0.015464,-1.344716,False
2011-10-31,-0.255605,-0.236735,-0.000678,-0.005006,0.003551,-0.004004,-0.001805,0.004170,0.000000,0.000000,-0.240506,-0.015099,-1.312980,False
2011-11-01,-0.252484,-0.236854,-0.000799,-0.004962,0.003571,-0.004038,-0.001826,0.004161,0.000000,0.000000,-0.240748,-0.011736,-1.020481,False
2011-11-02,-0.252715,-0.236974,-0.000916,-0.004913,0.003590,-0.004073,-0.001848,0.004152,0.000000,0.000000,-0.240982,-0.011733,-1.020220,False
2011-11-03,-0.248709,-0.237094,-0.001029,-0.004857,0.003608,-0.004108,-0.001869,0.004142,0.000000,0.000000,-0.241207,-0.007502,-0.652326,False
2011-11-04,-0.250830,-0.237214,-0.001137,-0.004796,0.003625,-0.004142,-0.001890,0.004133,0.000000,0.000000,-0.241422,-0.009408,-0.818058,False
2011-11-05,-0.250563,-0.237334,-0.001240,-0.004730,0.003641,-0.004177,-0.001912,0.004124,0.000000,0.000000,-0.241627,-0.008935,-0.776985,False
2011-11-06,-0.250295,-0.237453,-0.001337,-0.004657,0.003656,-0.004211,-0.001933,0.004114,0.000000,0.000000,-0.241822,-0.008474,-0.736829,False
2011-11-07,-0.250028,-0.237573,-0.001428,-0.004579,0.003669,-0.004245,-0.001954,0.004105,0.000000,0.000000,-0.242005,-0.008023,-0.697620,False
2011-11-08,-0.249760,-0.237693,-0.001511,-0.004496,0.003682,-0.004279,-0.001976,0.004096,0.000000,0.000000,-0.242177,-0.007583,-0.659389,False
2011-11-09,-0.249493,-0.237813,-0.001588,-0.004407,0.003693,-0.004313,-0.001997,0.004086,0.000000,0.000000,-0.242338,-0.007155,-0.622161,False
2011-11-10,-0.249226,-0.237933,-0.001657,-0.004314,0.003704,-0.004347,-0.002018,0.004077,0.000000,0.000000,-0.242487,-0.006739,-0.585959,False
2011-11-11,-0.248958,-0.238053,-0.001718,-0.004215,0.003713,-0.004380,-0.002039,0.004068,0.000000,0.000000,-0.242624,-0.006334,-0.550801,False
2011-11-12,-0.248958,-0.238172,-0.001771,-0.004111,0.003721,-0.004414,-0.002060,0.004058,0.000000,0.000000,-0.242749,-0.006209,-0.539952,False
2011-11-13,-0.248958,-0.238292,-0.001816,-0.004002,0.003728,-0.004447,-0.002081,0.004049,0.000000,0.000000,-0.242861,-0.006097,-0.530174,False
2011-11-14,-0.248958,-0.238412,-0.001852,-0.003888,0.003734,-0.004480,-0.002103,0.004039,0.000000,0.000000,-0.242961,-0.005997,-0.521473,False
2011-11-15,-0.246017,-0.238532,-0.001880,-0.003770,0.003739,-0.004513,-0.002124,0.004030,0.000000,0.000000,-0.243049,-0.002968,-0.258089,False
2011-11-16,-0.246017,-0.238652,-0.001898,-0.003647,0.003743,-0.004546,-0.002145,0.004021,0.000000,0.000000,-0.243124,-0.002893,-0.251548,False
2011-11-17,-0.246017,-0.238771,-0.001907,-0.003520,0.003746,-0.004579,-0.002166,0.004011,0.000000,0.000000,-0.243187,-0.002830,-0.246081,False
2011-11-18,-0.246017,-0.238891,-0.001908,-0.003389,0.003747,-0.004612,-0.002187,0.004002,0.000000,0.000000,-0.243238,-0.002779,-0.241679,False
2011-11-19,-0.246017,-0.239011,-0.001899,-0.003254,0.003748,-0.004644,-0.002208,0.003992,0.000000,0.000000,-0.243276,-0.002741,-0.238329,False
2011-11-20,-0.246017,-0.239131,-0.001881,-0.003115,0.003747,-0.004677,-0.002228,0.003983,0.000000,0.000000,-0.243303,-0.002714,-0.236013,False
2011-11-21,-0.246017,-0.239251,-0.001855,-0.002972,0.003745,-0.004709,-0.002249,0.003973,0.000000,0.000000,-0.243318,-0.002699,-0.234710,False
2011-11-22,-0.246017,-0.239371,-0.001819,-0.002826,0.003743,-0.004741,-0.002270,0.003964,0.000000,0.000000,-0.243321,-0.002696,-0.234395,False
2011-11-23,-0.247731,-0.239490,-0.001775,-0.002677,0.003739,-0.004773,-0.002291,0.003954,0.000000,0.000000,-0.243314,-0.004417,-0.384081,False
2011-11-24,-0.244596,-0.239610,-0.001723,-0.002524,0.003734,-0.004805,-0.002312,0.003945,0.000000,0.000000,-0.243296,-0.001300,-0.113039,False
2011-11-25,-0.240124,-0.239730,-0.001662,-0.002368,0.003727,-0.004837,-0.002333,0.003935,0.000000,0.000000,-0.243268,0.003144,0.273376,False
2011-11-26,-0.244067,-0.239850,-0.001594,-0.002209,0.003720,-0.004869,-0.002353,0.003925,0.000000,0.000000,-0.243230,-0.000837,-0.072795,False
2011-11-27,-0.244670,-0.239970,-0.001518,-0.002048,0.003712,-0.004900,-0.002374,0.003916,0.000000,0.000000,-0.243183,-0.001487,-0.129334,False
2011-11-28,-0.249070,-0.240089,-0.001435,-0.001885,0.003702,-0.004932,-0.002395,0.003906,0.000000,0.000000,-0.243127,-0.005943,-0.516801,False
2011-11-29,-0.241911,-0.240209,-0.001345,-0.001719,0.003692,-0.004963,-0.002415,0.003897,0.000000,0.000000,-0.243063,0.001152,0.100158,False
2011-11-30,-0.232689,-0.240329,-0.001248,-0.001551,0.003680,-0.004994,-0.002436,0.003887,0.000000,0.000000,-0.242991,0.010302,0.895858,False
2011-12-01,-0.249100,-0.240449,-0.001146,-0.001381,0.003667,-0.005025,-0.002457,0.003877,0.000000,0.000000,-0.242913,-0.006187,-0.537993,False
2011-12-02,-0.243562,-0.240569,-0.001038,-0.001210,0.003653,-0.005055,-0.002477,0.003868,0.000000,0.000000,-0.242829,-0.000733,-0.063768,False
2011-12-03,-0.250051,-0.240689,-0.000926,-0.001037,0.003638,-0.005086,-0.002498,0.003858,0.000000,0.000000,-0.242739,-0.007312,-0.635843,False
2011-12-04,-0.242048,-0.240808,-0.000809,-0.000863,0.003622,-0.005117,-0.002518,0.003848,0.000000,0.000000,-0.242644,0.000596,0.051847,False
2011-12-05,-0.235514,-0.240928,-0.000688,-0.000688,0.003605,-0.005147,-0.002539,0.003838,0.000000,0.000000,-0.242546,0.007032,0.611455,False
2011-12-06,-0.250793,-0.241048,-0.000564,-0.000512,0.003587,-0.005177,-0.002559,0.003829,0.000000,0.000000,-0.242444,-0.008349,-0.725997,False
2011-12-07,-0.243775,-0.241168,-0.000437,-0.000336,0.003568,-0.005207,-0.002579,0.003819,0.000000,0.000000,-0.242340,-0.001435,-0.124786,False
2011-12-08,-0.241012,-0.241288,-0.000308,-0.000159,0.003548,-0.005237,-0.002600,0.003809,0.000000,0.000000,-0.242234,0.001222,0.106288,False
2011-12-09,-0.240750,-0.241407,-0.000178,0.000018,0.003526,-0.005267,-0.002620,0.003799,0.000000,0.000000,-0.242128,0.001378,0.119816,False
2011-12-10,-0.241029,-0.241527,-0.000046,0.000195,0.003504,-0.005296,-0.002640,0.003790,0.000000,0.000000,-0.242022,0.000993,0.086306,False
2011-12-11,-0.240197,-0.241647,0.000085,0.000372,0.003480,-0.005326,-0.002661,0.003780,0.000000,0.000000,-0.241916,0.001719,0.149480,False
2011-12-12,-0.246796,-0.241767,0.000216,0.000548,0.003456,-0.005355,-0.002681,0.003770,0.000000,0.000000,-0.241812,-0.004984,-0.433372,False
2011-12-13,-0.248735,-0.241887,0.000346,0.000724,0.003430,-0.005384,-0.002701,0.003760,0.000000,0.000000,-0.241711,-0.007024,-0.610787,False
2011-12-14,-0.247109,-0.242007,0.000474,0.000899,0.003404,-0.005413,-0.002721,0.003750,0.000000,0.000000,-0.241613,-0.005496,-0.477913,False
2011-12-15,-0.243892,-0.242126,0.000600,0.001073,0.003377,-0.005442,-0.002741,0.003741,0.000000,0.000000,-0.241519,-0.002373,-0.206330,False
2011-12-16,-0.246037,-0.242246,0.000724,0.001245,0.003348,-0.005470,-0.002761,0.003731,0.000000,0.000000,-0.241430,-0.004607,-0.400579,False
2011-12-17,-0.247298,-0.242366,0.000843,0.001416,0.003319,-0.005499,-0.002781,0.003721,0.000000,0.000000,-0.241347,-0.005951,-0.517461,False
2011-12-18,-0.247944,-0.242486,0.000959,0.001585,0.003288,-0.005527,-0.002801,0.003711,0.000000,0.000000,-0.241271,-0.006673,-0.580301,False
2011-12-19,-0.244250,-0.242606,0.001070,0.001753,0.003257,-0.005555,-0.002821,0.003701,0.000000,0.000000,-0.241201,-0.003049,-0.265123,False
2011-12-20,-0.243514,-0.242725,0.001177,0.001918,0.003224,-0.005583,-0.002841,0.003691,0.000000,0.000000,-0.241140,-0.002374,-0.206473,False
2011-12-21,-0.235006,-0.242845,0.001277,0.002081,0.003191,-0.005611,-0.002861,0.003681,0.000000,0.000000,-0.241087,0.006081,0.528753,False
2011-12-22,-0.243804,-0.242965,0.001372,0.002242,0.003157,-0.005639,-0.002881,0.003671,0.000000,0.000000,-0.241043,-0.002761,-0.240084,False
2011-12-23,-0.244829,-0.243085,0.001460,0.002400,0.003121,-0.005666,-0.002901,0.003661,0.000000,0.000000,-0.241009,-0.003820,-0.332146,False
2011-12-24,-0.247195,-0.243205,0.001541,0.002555,0.003085,-0.005694,-0.002921,0.003651,0.000000,0.000000,-0.240986,-0.006209,-0.539904,False
2011-12-25,-0.248760,-0.243325,0.001615,0.002707,0.003048,-0.005721,-0.002940,0.003641,0.000000,0.000000,-0.240974,-0.007786,-0.677048,False
2011-12-26,-0.246061,-0.243444,0.001681,0.002856,0.003010,-0.005748,-0.002960,0.003631,0.000000,0.000000,-0.240973,-0.005088,-0.442403,False
2011-12-27,-0.246451,-0.243564,0.001739,0.003002,0.002971,-0.005775,-0.002980,0.003621,0.000000,0.000000,-0.240985,-0.005466,-0.475319,False
2011-12-28,-0.243882,-0.243684,0.001789,0.003144,0.002931,-0.005801,-0.002999,0.003611,0.000000,0.000000,-0.241009,-0.002873,-0.249845,False
2011-12-29,-0.247551,-0.243804,0.001831,0.003282,0.002891,-0.005828,-0.003019,0.003601,0.000000,0.000000,-0.241046,-0.006505,-0.565686,False
2011-12-30,-0.244426,-0.243924,0.001864,0.003416,0.002849,-0.005854,-0.003038,0.003591,0.000000,0.000000,-0.241096,-0.003330,-0.289594,False
2011-12-31,-0.243666,-0.244043,0.001888,0.003547,0.002807,-0.005880,-0.003058,0.003581,0.000000,0.000000,-0.241159,-0.002507,-0.217977,False
2012-01-01,-0.236813,-0.244163,0.001903,0.003673,0.002764,-0.005906,-0.003077,0.003571,0.000000,0.000000,-0.241237,0.004424,0.384664,False
2012-01-02,-0.240994,-0.244283,0.001909,0.003794,0.002720,-0.005932,-0.003097,0.003561,0.000000,0.000000,-0.241328,0.000334,0.029020,False
2012-01-03,-0.246623,-0.244402,0.001906,0.003911,0.002675,-0.005958,-0.003116,0.003551,0.000000,0.000000,-0.241433,-0.005190,-0.451313,False
2012-01-04,-0.244013,-0.244522,0.001894,0.004023,0.002630,-0.005983,-0.003135,0.003541,0.000000,0.000000,-0.241552,-0.002461,-0.213979,False
2012-01-05,-0.248275,-0.244641,0.001873,0.004131,0.002584,-0.006008,-0.003154,0.003531,0.000000,0.000000,-0.241686,-0.006589,-0.572971,False
2012-01-06,-0.246611,-0.244761,0.001843,0.004234,0.002537,-0.006034,-0.003174,0.003521,0.000000,0.000000,-0.241834,-0.004777,-0.415419,False
2012-01-07,-0.245950,-0.244880,0.001805,0.004332,0.002489,-0.006058,-0.003193,0.003511,0.000000,0.000000,-0.241996,-0.003954,-0.343848,False
2012-01-08,-0.246108,-0.245000,0.001758,0.004424,0.002440,-0.006083,-0.003212,0.003501,0.000000,0.000000,-0.242172,-0.003936,-0.342264,False
2012-01-09,-0.246032,-0.245119,0.001703,0.004512,0.002391,-0.006108,-0.003231,0.003490,0.000000,0.000000,-0.242362,-0.003670,-0.319115,False
2012-01-10,-0.243300,-0.245239,0.001639,0.004594,0.002341,-0.006132,-0.003250,0.003480,0.000000,0.000000,-0.242566,-0.000734,-0.063804,False
2012-01-11,-0.249206,-0.245358,0.001568,0.004670,0.002291,-0.006156,-0.003269,0.003470,0.000000,0.000000,-0.242784,-0.006422,-0.558440,False
2012-01-12,-0.248935,-0.245478,0.001490,0.004742,0.002239,-0.006180,-0.003288,0.003460,0.000000,0.000000,-0.243015,-0.005920,-0.514783,False
2012-01-13,-0.245400,-0.245597,0.001405,0.004807,0.002187,-0.006204,-0.003307,0.003450,0.000000,0.000000,-0.243259,-0.002141,-0.186164,False
2012-01-14,-0.241865,-0.245717,0.001313,0.004867,0.002135,-0.006228,-0.003326,0.003440,0.000000,0.000000,-0.243516,0.001651,0.143561,False
2012-01-15,-0.246388,-0.245836,0.001214,0.004921,0.002082,-0.006251,-0.003345,0.003429,0.000000,0.000000,-0.243785,-0.002603,-0.226336,False
2012-01-16,-0.255264,-0.245956,0.001111,0.004970,0.002028,-0.006275,-0.003363,0.003419,0.000000,0.000000,-0.244066,-0.011198,-0.973717,False
2012-01-17,-0.249130,-0.246075,0.001001,0.005012,0.001974,-0.006298,-0.003382,0.003409,0.000000,0.000000,-0.244359,-0.004771,-0.414883,False
2012-01-18,-0.244639,-0.246195,0.000888,0.005049,0.001919,-0.006321,-0.003401,0.003399,0.000000,0.000000,-0.244662,0.000023,0.002037,False
2012-01-19,-0.244971,-0.246314,0.000770,0.005079,0.001863,-0.006343,-0.003419,0.003388,0.000000,0.000000,-0.244977,0.000006,0.000478,False
2012-01-20,-0.245061,-0.246434,0.000648,0.005104,0.001807,-0.006366,-0.003438,0.003378,0.000000,0.000000,-0.245301,0.000240,0.020828,False
2012-01-21,-0.245564,-0.246553,0.000523,0.005123,0.001750,-0.006388,-0.003457,0.003368,0.000000,0.000000,-0.245634,0.000070,0.006081,False
2012-01-22,-0.247685,-0.246673,0.000396,0.005135,0.001693,-0.006411,-0.003475,0.003358,0.000000,0.000000,-0.245976,-0.001709,-0.148596,False
2012-01-23,-0.254749,-0.246792,0.000267,0.005142,0.001635,-0.006433,-0.003494,0.003347,0.000000,0.000000,-0.246327,-0.008422,-0.732387,False
2012-01-24,-0.251823,-0.246912,0.000137,0.005143,0.001577,-0.006455,-0.003512,0.003337,0.000000,0.000000,-0.246685,-0.005138,-0.446822,False
2012-01-25,-0.251114,-0.247031,0.000006,0.005137,0.001519,-0.006476,-0.003530,0.003327,0.000000,0.000000,-0.247049,-0.004065,-0.353435,False
2012-01-26,-0.259511,-0.247151,-0.000125,0.005125,0.001460,-0.006498,-0.003549,0.003316,0.000000,0.000000,-0.247421,-0.012090,-1.051326,False
2012-01-27,-0.254570,-0.247270,-0.000256,0.005108,0.001400,-0.006519,-0.003567,0.003306,0.000000,0.000000,-0.247798,-0.006772,-0.588899,False
2012-01-28,-0.253040,-0.247389,-0.000385,0.005084,0.001340,-0.006540,-0.003585,0.003296,0.000000,0.000000,-0.248180,-0.004860,-0.422645,False
2012-01-29,-0.252341,-0.247509,-0.000512,0.005054,0.001280,-0.006561,-0.003603,0.003285,0.000000,0.000000,-0.248566,-0.003775,-0.328274,False
2012-01-30,-0.249703,-0.247628,-0.000637,0.005019,0.001219,-0.006582,-0.003622,0.003275,0.000000,0.000000,-0.248956,-0.000747,-0.064972,False
2012-01-31,-0.251739,-0.247748,-0.000759,0.004977,0.001158,-0.006602,-0.003640,0.003264,0.000000,0.000000,-0.249349,-0.002390,-0.207841,False
2012-02-01,-0.253473,-0.247867,-0.000877,0.004930,0.001097,-0.006623,-0.003658,0.003254,0.000000,0.000000,-0.249744,-0.003729,-0.324239,False
2012-02-02,-0.253927,-0.247987,-0.000992,0.004877,0.001035,-0.006643,-0.003676,0.003244,0.000000,0.000000,-0.250141,-0.003786,-0.329179,False
2012-02-03,-0.253124,-0.248106,-0.001101,0.004818,0.000973,-0.006663,-0.003694,0.003233,0.000000,0.000000,-0.250540,-0.002584,-0.224715,False
2012-02-04,-0.254307,-0.248226,-0.001206,0.004753,0.000911,-0.006682,-0.003712,0.003223,0.000000,0.000000,-0.250939,-0.003368,-0.292899,False
2012-02-05,-0.252386,-0.248345,-0.001304,0.004683,0.000849,-0.006702,-0.003729,0.003212,0.000000,0.000000,-0.251338,-0.001048,-0.091173,False
2012-02-06,-0.256025,-0.248465,-0.001397,0.004607,0.000786,-0.006721,-0.003747,0.003202,0.000000,0.000000,-0.251736,-0.004289,-0.372979,False
2012-02-07,-0.258636,-0.248584,-0.001483,0.004526,0.000723,-0.006741,-0.003765,0.003191,0.000000,0.000000,-0.252133,-0.006503,-0.565493,False
2012-02-08,-0.256989,-0.248704,-0.001562,0.004439,0.000660,-0.006760,-0.003783,0.003181,0.000000,0.000000,-0.252528,-0.004461,-0.387892,False
2012-02-09,-0.257321,-0.248823,-0.001633,0.004348,0.000596,-0.006778,-0.003800,0.003170,0.000000,0.000000,-0.252921,-0.004400,-0.382567,False
2012-02-10,-0.252637,-0.248943,-0.001697,0.004251,0.000532,-0.006797,-0.003818,0.003160,0.000000,0.000000,-0.253312,0.000675,0.058704,False
2012-02-11,-0.254622,-0.249062,-0.001753,0.004149,0.000469,-0.006815,-0.003835,0.003149,0.000000,0.000000,-0.253700,-0.000922,-0.080205,False
2012-02-12,-0.254621,-0.249182,-0.001801,0.004042,0.000405,-0.006834,-0.003853,0.003139,0.000000,0.000000,-0.254084,-0.000537,-0.046721,False
2012-02-13,-0.254001,-0.249301,-0.001840,0.003931,0.000341,-0.006852,-0.003870,0.003128,0.000000,0.000000,-0.254464,0.000463,0.040256,False
2012-02-14,-0.260437,-0.249421,-0.001870,0.003814,0.000277,-0.006869,-0.003888,0.003118,0.000000,0.000000,-0.254840,-0.005597,-0.486696,False
2012-02-15,-0.258609,-0.249540,-0.001892,0.003694,0.000212,-0.006887,-0.003905,0.003107,0.000000,0.000000,-0.255212,-0.003397,-0.295428,False
2012-02-16,-0.263123,-0.249660,-0.001905,0.003569,0.000148,-0.006904,-0.003922,0.003096,0.000000,0.000000,-0.255578,-0.007545,-0.656051,False
2012-02-17,-0.259927,-0.249779,-0.001909,0.003439,0.000084,-0.006922,-0.003940,0.003086,0.000000,0.000000,-0.255940,-0.003987,-0.346670,False
2012-02-18,-0.258874,-0.249899,-0.001903,0.003306,0.000020,-0.006939,-0.003957,0.003075,0.000000,0.000000,-0.256297,-0.002577,-0.224087,False
2012-02-19,-0.262977,-0.250018,-0.001889,0.003169,-0.000045,-0.006956,-0.003974,0.003065,0.000000,0.000000,-0.256648,-0.006329,-0.550312,False
2012-02-20,-0.253961,-0.250138,-0.001866,0.003028,-0.000109,-0.006972,-0.003991,0.003054,0.000000,0.000000,-0.256994,0.003033,0.263773,False
2012-02-21,-0.254740,-0.250257,-0.001834,0.002883,-0.000173,-0.006989,-0.004008,0.003043,0.000000,0.000000,-0.257335,0.002595,0.225641,False
2012-02-22,-0.255859,-0.250377,-0.001794,0.002736,-0.000238,-0.007005,-0.004025,0.003033,0.000000,0.000000,-0.257670,0.001811,0.157490,False
2012-02-23,-0.256977,-0.250496,-0.001745,0.002584,-0.000302,-0.007021,-0.004042,0.003022,0.000000,0.000000,-0.257999,0.001022,0.088858,False
2012-02-24,-0.258096,-0.250616,-0.001687,0.002430,-0.000366,-0.007037,-0.004059,0.003011,0.000000,0.000000,-0.258323,0.000227,0.019747,False
2012-02-25,-0.259215,-0.250735,-0.001622,0.002273,-0.000430,-0.007052,-0.004076,0.003001,0.000000,0.000000,-0.258642,-0.000573,-0.049838,False
2012-02-26,-0.260333,-0.250855,-0.001549,0.002114,-0.000494,-0.007068,-0.004093,0.002990,0.000000,0.000000,-0.258955,-0.001379,-0.119887,False
2012-02-27,-0.261452,-0.250974,-0.001469,0.001951,-0.000557,-0.007083,-0.004109,0.002979,0.000000,0.000000,-0.259263,-0.002189,-0.190389,False
2012-02-28,-0.262571,-0.251094,-0.001382,0.001787,-0.000621,-0.007098,-0.004126,0.002969,0.000000,0.000000,-0.259565,-0.003005,-0.261328,False
2012-02-29,-0.264808,-0.251213,-0.001289,0.001620,-0.000684,-0.007113,-0.004143,0.002958,0.000000,0.000000,-0.259863,-0.004945,-0.429964,False
2012-03-01,-0.264808,-0.251333,-0.001189,0.001452,-0.000747,-0.007127,-0.004159,0.002947,0.000000,0.000000,-0.260157,-0.004651,-0.404450,False
2012-03-02,-0.255683,-0.251452,-0.001084,0.001282,-0.000810,-0.007142,-0.004176,0.002936,0.000000,0.000000,-0.260446,0.004763,0.414163,False
2012-03-03,-0.255324,-0.251572,-0.000973,0.001110,-0.000873,-0.007156,-0.004192,0.002926,0.000000,0.000000,-0.260731,0.005407,0.470181,False
2012-03-04,-0.254965,-0.251691,-0.000858,0.000937,-0.000936,-0.007170,-0.004209,0.002915,0.000000,0.000000,-0.261012,0.006048,0.525870,False
2012-03-05,-0.254605,-0.251811,-0.000739,0.000763,-0.000998,-0.007184,-0.004225,0.002904,0.000000,0.000000,-0.261290,0.006684,0.581257,False
2012-03-06,-0.254246,-0.251930,-0.000617,0.000588,-0.001060,-0.007197,-0.004241,0.002893,0.000000,0.000000,-0.261564,0.007318,0.636372,False
2012-03-07,-0.255236,-0.252050,-0.000492,0.000412,-0.001121,-0.007211,-0.004257,0.002883,0.000000,0.000000,-0.261836,0.006600,0.573948,False
2012-03-08,-0.256225,-0.252169,-0.000364,0.000236,-0.001182,-0.007224,-0.004274,0.002872,0.000000,0.000000,-0.262105,0.005880,0.511314,False
2012-03-09,-0.257215,-0.252289,-0.000234,0.000059,-0.001243,-0.007237,-0.004290,0.002861,0.000000,0.000000,-0.262373,0.005158,0.448503,False
2012-03-10,-0.258205,-0.252408,-0.000104,-0.000117,-0.001304,-0.007249,-0.004306,0.002850,0.000000,0.000000,-0.262638,0.004434,0.385547,False
2012-03-11,-0.259194,-0.252528,0.000027,-0.000294,-0.001364,-0.007262,-0.004322,0.002839,0.000000,0.000000,-0.262903,0.003709,0.322482,False
2012-03-12,-0.260184,-0.252647,0.000158,-0.000470,-0.001424,-0.007274,-0.004338,0.002828,0.000000,0.000000,-0.263166,0.002982,0.259340,False
2012-03-13,-0.261174,-0.252767,0.000288,-0.000646,-0.001483,-0.007286,-0.004354,0.002818,0.000000,0.000000,-0.263429,0.002256,0.196156,False
2012-03-14,-0.263153,-0.252886,0.000417,-0.000820,-0.001542,-0.007298,-0.004370,0.002807,0.000000,0.000000,-0.263692,0.000539,0.046905,False
2012-03-15,-0.263153,-0.253006,0.000544,-0.000994,-0.001600,-0.007310,-0.004385,0.002796,0.000000,0.000000,-0.263956,0.000803,0.069796,False
2012-03-16,-0.262971,-0.253125,0.000668,-0.001167,-0.001658,-0.007321,-0.004401,0.002785,0.000000,0.000000,-0.264220,0.001249,0.108570,False
2012-03-17,-0.266324,-0.253245,0.000789,-0.001338,-0.001716,-0.007333,-0.004417,0.002774,0.000000,0.000000,-0.264484,-0.001840,-0.159958,False
2012-03-18,-0.274735,-0.253364,0.000906,-0.001508,-0.001773,-0.007344,-0.004432,0.002763,0.000000,0.000000,-0.264751,-0.009984,-0.868193,False
2012-03-19,-0.275792,-0.253484,0.001020,-0.001676,-0.001829,-0.007355,-0.004448,0.002752,0.000000,0.000000,-0.265019,-0.010773,-0.936800,False
2012-03-20,-0.272602,-0.253603,0.001128,-0.001842,-0.001885,-0.007365,-0.004463,0.002741,0.000000,0.000000,-0.265289,-0.007313,-0.635926,False
2012-03-21,-0.268717,-0.253722,0.001231,-0.002005,-0.001940,-0.007376,-0.004479,0.002730,0.000000,0.000000,-0.265561,-0.003156,-0.274414,False
2012-03-22,-0.265680,-0.253842,0.001328,-0.002167,-0.001995,-0.007386,-0.004494,0.002719,0.000000,0.000000,-0.265836,0.000156,0.013584,False
2012-03-23,-0.270952,-0.253961,0.001419,-0.002326,-0.002049,-0.007396,-0.004510,0.002708,0.000000,0.000000,-0.266114,-0.004838,-0.420690,False
2012-03-24,-0.272850,-0.254081,0.001503,-0.002482,-0.002103,-0.007406,-0.004525,0.002698,0.000000,0.000000,-0.266395,-0.006455,-0.561306,False
2012-03-25,-0.275837,-0.254200,0.001580,-0.002635,-0.002156,-0.007415,-0.004540,0.002687,0.000000,0.000000,-0.266679,-0.009158,-0.796332,False
2012-03-26,-0.278686,-0.254320,0.001650,-0.002785,-0.002208,-0.007425,-0.004555,0.002676,0.000000,0.000000,-0.266967,-0.011719,-1.019058,False
2012-03-27,-0.270620,-0.254439,0.001712,-0.002932,-0.002260,-0.007434,-0.004570,0.002665,0.000000,0.000000,-0.267258,-0.003362,-0.292343,False
2012-03-28,-0.275941,-0.254559,0.001766,-0.003075,-0.002311,-0.007443,-0.004585,0.002654,0.000000,0.000000,-0.267553,-0.008388,-0.729394,False
2012-03-29,-0.271984,-0.254678,0.001811,-0.003215,-0.002361,-0.007451,-0.004600,0.002643,0.000000,0.000000,-0.267852,-0.004132,-0.359337,False
2012-03-30,-0.275595,-0.254798,0.001848,-0.003351,-0.002411,-0.007460,-0.004615,0.002632,0.000000,0.000000,-0.268154,-0.007441,-0.647036,False
2012-03-31,-0.276943,-0.254917,0.001877,-0.003483,-0.002459,-0.007468,-0.004630,0.002621,0.000000,0.000000,-0.268460,-0.008483,-0.737624,False
2012-04-01,-0.278291,-0.255037,0.001896,-0.003610,-0.002508,-0.007476,-0.004645,0.002610,0.000000,0.000000,-0.268770,-0.009521,-0.827886,False
2012-04-02,-0.279639,-0.255156,0.001907,-0.003734,-0.002555,-0.007484,-0.004659,0.002598,0.000000,0.000000,-0.269084,-0.010555,-0.917828,False
2012-04-03,-0.280987,-0.255276,0.001908,-0.003853,-0.002602,-0.007492,-0.004674,0.002587,0.000000,0.000000,-0.269401,-0.011586,-1.007460,False
2012-04-04,-0.282335,-0.255395,0.001901,-0.003968,-0.002648,-0.007499,-0.004689,0.002576,0.000000,0.000000,-0.269722,-0.012613,-1.096795,False
2012-04-05,-0.283683,-0.255515,0.001884,-0.004078,-0.002693,-0.007506,-0.004703,0.002565,0.000000,0.000000,-0.270046,-0.013637,-1.185849,False
2012-04-06,-0.274708,-0.255634,0.001859,-0.004183,-0.002737,-0.007513,-0.004718,0.002554,0.000000,0.000000,-0.270373,-0.004335,-0.376988,False
2012-04-07,-0.280183,-0.255754,0.001825,-0.004283,-0.002781,-0.007520,-0.004732,0.002543,0.000000,0.000000,-0.270702,-0.009481,-0.824410,False
2012-04-08,-0.271127,-0.255873,0.001782,-0.004379,-0.002823,-0.007527,-0.004747,0.002532,0.000000,0.000000,-0.271034,-0.000093,-0.008052,False
2012-04-09,-0.276590,-0.255993,0.001731,-0.004469,-0.002865,-0.007533,-0.004761,0.002521,0.000000,0.000000,-0.271369,-0.005221,-0.454030,False
2012-04-10,-0.277449,-0.256112,0.001672,-0.004553,-0.002906,-0.007539,-0.004775,0.002510,0.000000,0.000000,-0.271705,-0.005744,-0.499506,False
2012-04-11,-0.276655,-0.256232,0.001605,-0.004633,-0.002947,-0.007545,-0.004789,0.002499,0.000000,0.000000,-0.272042,-0.004613,-0.401122,False
2012-04-12,-0.282117,-0.256351,0.001530,-0.004707,-0.002986,-0.007551,-0.004803,0.002488,0.000000,0.000000,-0.272380,-0.009737,-0.846654,False
2012-04-13,-0.275968,-0.256471,0.001448,-0.004775,-0.003024,-0.007556,-0.004817,0.002476,0.000000,0.000000,-0.272719,-0.003249,-0.282489,False
2012-04-14,-0.281522,-0.256590,0.001359,-0.004838,-0.003062,-0.007562,-0.004831,0.002465,0.000000,0.000000,-0.273058,-0.008464,-0.735973,False
2012-04-15,-0.278981,-0.256710,0.001264,-0.004895,-0.003099,-0.007567,-0.004845,0.002454,0.000000,0.000000,-0.273397,-0.005584,-0.485586,False
2012-04-16,-0.286819,-0.256829,0.001163,-0.004946,-0.003134,-0.007571,-0.004859,0.002443,0.000000,0.000000,-0.273734,-0.013085,-1.137806,False
2012-04-17,-0.279894,-0.256949,0.001057,-0.004992,-0.003169,-0.007576,-0.004873,0.002432,0.000000,0.000000,-0.274070,-0.005824,-0.506422,False
2012-04-18,-0.282613,-0.257068,0.000945,-0.005031,-0.003203,-0.007580,-0.004887,0.002421,0.000000,0.000000,-0.274404,-0.008209,-0.713830,False
2012-04-19,-0.287262,-0.257188,0.000829,-0.005065,-0.003236,-0.007585,-0.004900,0.002409,0.000000,0.000000,-0.274735,-0.012527,-1.089298,False
2012-04-20,-0.273822,-0.257307,0.000709,-0.005093,-0.003268,-0.007589,-0.004914,0.002398,0.000000,0.000000,-0.275063,0.001241,0.107905,False
2012-04-21,-0.276083,-0.257427,0.000586,-0.005114,-0.003299,-0.007592,-0.004927,0.002387,0.000000,0.000000,-0.275387,-0.000696,-0.060536,False
2012-04-22,-0.274912,-0.257546,0.000460,-0.005130,-0.003329,-0.007596,-0.004941,0.002376,0.000000,0.000000,-0.275706,0.000794,0.069065,False
2012-04-23,-0.268900,-0.257666,0.000332,-0.005140,-0.003358,-0.007599,-0.004954,0.002364,0.000000,0.000000,-0.276021,0.007121,0.619176,False
2012-04-24,-0.280413,-0.257785,0.000202,-0.005143,-0.003386,-0.007602,-0.004968,0.002353,0.000000,0.000000,-0.276329,-0.004084,-0.355126,False
2012-04-25,-0.276901,-0.257905,0.000071,-0.005141,-0.003413,-0.007605,-0.004981,0.002342,0.000000,0.000000,-0.276631,-0.000270,-0.023462,False
2012-04-26,-0.284417,-0.258024,-0.000060,-0.005132,-0.003439,-0.007608,-0.004994,0.002331,0.000000,0.000000,-0.276926,-0.007491,-0.651363,False
2012-04-27,-0.288035,-0.258144,-0.000191,-0.005117,-0.003464,-0.007610,-0.005007,0.002319,0.000000,0.000000,-0.277214,-0.010821,-0.940971,False
2012-04-28,-0.280675,-0.258263,-0.000320,-0.005097,-0.003488,-0.007612,-0.005020,0.002308,0.000000,0.000000,-0.277493,-0.003182,-0.276685,False
2012-04-29,-0.279173,-0.258383,-0.000449,-0.005070,-0.003511,-0.007614,-0.005033,0.002297,0.000000,0.000000,-0.277764,-0.001409,-0.122558,False
2012-04-30,-0.273170,-0.258502,-0.000575,-0.005037,-0.003533,-0.007616,-0.005046,0.002286,0.000000,0.000000,-0.278025,0.004855,0.422143,False
2012-05-01,-0.276030,-0.258622,-0.000699,-0.004999,-0.003554,-0.007618,-0.005059,0.002274,0.000000,0.000000,-0.278276,0.002246,0.195281,False
2012-05-02,-0.281826,-0.258741,-0.000819,-0.004954,-0.003574,-0.007619,-0.005072,0.002263,0.000000,0.000000,-0.278516,-0.003310,-0.287799,False
2012-05-03,-0.282854,-0.258861,-0.000935,-0.004904,-0.003593,-0.007620,-0.005085,0.002252,0.000000,0.000000,-0.278746,-0.004108,-0.357229,False
2012-05-04,-0.265877,-0.258980,-0.001047,-0.004848,-0.003611,-0.007621,-0.005097,0.002240,0.000000,0.000000,-0.278964,0.013087,1.137991,False
2012-05-05,-0.271535,-0.259100,-0.001154,-0.004786,-0.003627,-0.007622,-0.005110,0.002229,0.000000,0.000000,-0.279170,0.007635,0.663907,False
2012-05-06,-0.271354,-0.259219,-0.001256,-0.004719,-0.003643,-0.007622,-0.005123,0.002218,0.000000,0.000000,-0.279364,0.008010,0.696482,False
2012-05-07,-0.275150,-0.259339,-0.001351,-0.004646,-0.003658,-0.007622,-0.005135,0.002206,0.000000,0.000000,-0.279544,0.004394,0.382114,False
2012-05-08,-0.271353,-0.259458,-0.001441,-0.004567,-0.003671,-0.007622,-0.005148,0.002195,0.000000,0.000000,-0.279712,0.008359,0.726860,False
2012-05-09,-0.286822,-0.259578,-0.001523,-0.004483,-0.003684,-0.007622,-0.005160,0.002184,0.000000,0.000000,-0.279866,-0.006956,-0.604876,False
2012-05-10,-0.273063,-0.259697,-0.001599,-0.004394,-0.003695,-0.007622,-0.005172,0.002172,0.000000,0.000000,-0.280006,0.006943,0.603751,False
2012-05-11,-0.271487,-0.259816,-0.001666,-0.004300,-0.003705,-0.007621,-0.005184,0.002161,0.000000,0.000000,-0.280132,0.008645,0.751761,False
2012-05-12,-0.274166,-0.259936,-0.001726,-0.004200,-0.003714,-0.007620,-0.005197,0.002150,0.000000,0.000000,-0.280244,0.006078,0.528529,False
2012-05-13,-0.282833,-0.260055,-0.001778,-0.004096,-0.003722,-0.007619,-0.005209,0.002138,0.000000,0.000000,-0.280341,-0.002492,-0.216656,False
2012-05-14,-0.282341,-0.260175,-0.001822,-0.003987,-0.003729,-0.007618,-0.005221,0.002127,0.000000,0.000000,-0.280424,-0.001917,-0.166675,False
2012-05-15,-0.281805,-0.260294,-0.001856,-0.003873,-0.003735,-0.007616,-0.005233,0.002115,0.000000,0.000000,-0.280492,-0.001313,-0.114143,False
2012-05-16,-0.274484,-0.260414,-0.001882,-0.003755,-0.003740,-0.007615,-0.005244,0.002104,0.000000,0.000000,-0.280546,0.006062,0.527112,False
2012-05-17,-0.284309,-0.260533,-0.001900,-0.003632,-0.003744,-0.007613,-0.005256,0.002093,0.000000,0.000000,-0.280585,-0.003724,-0.323867,False
2012-05-18,-0.288116,-0.260653,-0.001908,-0.003505,-0.003746,-0.007610,-0.005268,0.002081,0.000000,0.000000,-0.280609,-0.007507,-0.652813,False
2012-05-19,-0.276062,-0.260772,-0.001907,-0.003373,-0.003747,-0.007608,-0.005280,0.002070,0.000000,0.000000,-0.280618,0.004556,0.396197,False
2012-05-20,-0.285637,-0.260892,-0.001897,-0.003238,-0.003748,-0.007605,-0.005291,0.002058,0.000000,0.000000,-0.280614,-0.005023,-0.436823,False
2012-05-21,-0.282421,-0.261011,-0.001879,-0.003099,-0.003747,-0.007603,-0.005303,0.002047,0.000000,0.000000,-0.280595,-0.001826,-0.158813,False
2012-05-22,-0.283380,-0.261131,-0.001851,-0.002956,-0.003745,-0.007599,-0.005314,0.002035,0.000000,0.000000,-0.280562,-0.002818,-0.245054,False
2012-05-23,-0.276833,-0.261250,-0.001815,-0.002810,-0.003742,-0.007596,-0.005326,0.002024,0.000000,0.000000,-0.280516,0.003683,0.320218,False
2012-05-24,-0.268358,-0.261370,-0.001770,-0.002660,-0.003738,-0.007593,-0.005337,0.002012,0.000000,0.000000,-0.280456,0.012098,1.051990,False
2012-05-25,-0.277452,-0.261489,-0.001717,-0.002508,-0.003733,-0.007589,-0.005348,0.002001,0.000000,0.000000,-0.280383,0.002931,0.254905,False
2012-05-26,-0.268853,-0.261609,-0.001656,-0.002352,-0.003727,-0.007585,-0.005359,0.001989,0.000000,0.000000,-0.280298,0.011445,0.995260,False
2012-05-27,-0.286960,-0.261728,-0.001587,-0.002194,-0.003719,-0.007581,-0.005371,0.001978,0.000000,0.000000,-0.280202,-0.006758,-0.587685,False
2012-05-28,-0.277554,-0.261848,-0.001510,-0.002033,-0.003711,-0.007577,-0.005382,0.001966,0.000000,0.000000,-0.280093,0.002539,0.220809,False
2012-05-29,-0.276755,-0.261967,-0.001427,-0.001869,-0.003701,-0.007572,-0.005393,0.001955,0.000000,0.000000,-0.279974,0.003219,0.279922,False
2012-05-30,-0.278832,-0.262087,-0.001336,-0.001704,-0.003691,-0.007567,-0.005403,0.001943,0.000000,0.000000,-0.279845,0.001013,0.088052,False
2012-05-31,-0.279161,-0.262206,-0.001240,-0.001536,-0.003679,-0.007562,-0.005414,0.001932,0.000000,0.000000,-0.279705,0.000544,0.047341,False
2012-06-01,-0.280742,-0.262326,-0.001137,-0.001367,-0.003666,-0.007557,-0.005425,0.001920,0.000000,0.000000,-0.279557,-0.001185,-0.103024,False
2012-06-02,-0.279352,-0.262445,-0.001029,-0.001196,-0.003652,-0.007551,-0.005436,0.001909,0.000000,0.000000,-0.279401,0.000049,0.004234,False
2012-06-03,-0.278569,-0.262565,-0.000916,-0.001023,-0.003637,-0.007546,-0.005446,0.001897,0.000000,0.000000,-0.279237,0.000668,0.058047,False
2012-06-04,-0.277801,-0.262684,-0.000799,-0.000850,-0.003621,-0.007540,-0.005457,0.001886,0.000000,0.000000,-0.279066,0.001265,0.109957,False
2012-06-05,-0.281218,-0.262804,-0.000679,-0.000675,-0.003604,-0.007534,-0.005467,0.001874,0.000000,0.000000,-0.278888,-0.002330,-0.202577,False
2012-06-06,-0.278217,-0.262923,-0.000555,-0.000500,-0.003586,-0.007527,-0.005478,0.001863,0.000000,0.000000,-0.278706,0.000489,0.042511,False
2012-06-07,-0.276386,-0.263043,-0.000428,-0.000324,-0.003566,-0.007521,-0.005488,0.001851,0.000000,0.000000,-0.278519,0.002133,0.185465,False
2012-06-08,-0.284581,-0.263162,-0.000299,-0.000147,-0.003546,-0.007514,-0.005498,0.001840,0.000000,0.000000,-0.278328,-0.006253,-0.543732,False
2012-06-09,-0.280296,-0.263282,-0.000169,0.000029,-0.003525,-0.007507,-0.005509,0.001828,0.000000,0.000000,-0.278134,-0.002162,-0.187964,False
2012-06-10,-0.271304,-0.263401,-0.000038,0.000206,-0.003502,-0.007500,-0.005519,0.001816,0.000000,0.000000,-0.277939,0.006635,0.576927,False
2012-06-11,-0.280638,-0.263521,0.000093,0.000382,-0.003479,-0.007493,-0.005529,0.001805,0.000000,0.000000,-0.277742,-0.002896,-0.251857,False
2012-06-12,-0.278324,-0.263640,0.000223,0.000558,-0.003455,-0.007485,-0.005539,0.001793,0.000000,0.000000,-0.277544,-0.000780,-0.067807,False
2012-06-13,-0.279062,-0.263760,0.000353,0.000733,-0.003429,-0.007477,-0.005549,0.001782,0.000000,0.000000,-0.277347,-0.001715,-0.149113,False
2012-06-14,-0.279052,-0.263879,0.000481,0.000907,-0.003403,-0.007469,-0.005558,0.001770,0.000000,0.000000,-0.277151,-0.001901,-0.165268,False
2012-06-15,-0.279854,-0.263999,0.000606,0.001081,-0.003375,-0.007461,-0.005568,0.001758,0.000000,0.000000,-0.276958,-0.002896,-0.251868,False
2012-06-16,-0.280656,-0.264118,0.000729,0.001253,-0.003347,-0.007452,-0.005578,0.001747,0.000000,0.000000,-0.276767,-0.003890,-0.338220,False
2012-06-17,-0.281459,-0.264238,0.000848,0.001423,-0.003317,-0.007444,-0.005587,0.001735,0.000000,0.000000,-0.276580,-0.004879,-0.424255,False
2012-06-18,-0.282261,-0.264357,0.000964,0.001592,-0.003287,-0.007435,-0.005597,0.001724,0.000000,0.000000,-0.276397,-0.005864,-0.509905,False
2012-06-19,-0.283063,-0.264477,0.001074,0.001759,-0.003255,-0.007426,-0.005606,0.001712,0.000000,0.000000,-0.276219,-0.006844,-0.595107,False
2012-06-20,-0.283865,-0.264596,0.001180,0.001924,-0.003223,-0.007416,-0.005616,0.001700,0.000000,0.000000,-0.276047,-0.007818,-0.679795,False
2012-06-21,-0.284667,-0.264716,0.001280,0.002086,-0.003190,-0.007407,-0.005625,0.001689,0.000000,0.000000,-0.275882,-0.008785,-0.763910,False
2012-06-22,-0.288678,-0.264835,0.001374,0.002246,-0.003156,-0.007397,-0.005634,0.001677,0.000000,0.000000,-0.275724,-0.012954,-1.126407,False
2012-06-23,-0.288678,-0.264955,0.001462,0.002404,-0.003120,-0.007387,-0.005644,0.001665,0.000000,0.000000,-0.275574,-0.013104,-1.139447,False
2012-06-24,-0.288678,-0.265074,0.001543,0.002559,-0.003084,-0.007377,-0.005653,0.001654,0.000000,0.000000,-0.275433,-0.013245,-1.151746,False
2012-06-25,-0.288678,-0.265194,0.001616,0.002710,-0.003047,-0.007366,-0.005662,0.001642,0.000000,0.000000,-0.275301,-0.013377,-1.163254,False
2012-06-26,-0.288678,-0.265313,0.001682,0.002859,-0.003009,-0.007356,-0.005671,0.001630,0.000000,0.000000,-0.275178,-0.013500,-1.173924,False
2012-06-27,-0.269782,-0.265433,0.001740,0.003004,-0.002971,-0.007345,-0.005680,0.001619,0.000000,0.000000,-0.275065,0.005283,0.459417,False
2012-06-28,-0.269575,-0.265552,0.001790,0.003145,-0.002931,-0.007334,-0.005688,0.001607,0.000000,0.000000,-0.274963,0.005388,0.468548,False
2012-06-29,-0.272698,-0.265672,0.001831,0.003283,-0.002890,-0.007323,-0.005697,0.001595,0.000000,0.000000,-0.274872,0.002174,0.189071,False
2012-06-30,-0.283139,-0.265791,0.001864,0.003417,-0.002849,-0.007311,-0.005706,0.001583,0.000000,0.000000,-0.274793,-0.008346,-0.725765,False
2012-07-01,-0.273001,-0.265911,0.001888,0.003547,-0.002807,-0.007299,-0.005714,0.001572,0.000000,0.000000,-0.274725,0.001724,0.149893,False
2012-07-02,-0.274129,-0.266030,0.001903,0.003673,-0.002764,-0.007288,-0.005723,0.001560,0.000000,0.000000,-0.274669,0.000540,0.046941,False
2012-07-03,-0.280385,-0.266149,0.001909,0.003794,-0.002720,-0.007275,-0.005731,0.001548,0.000000,0.000000,-0.274625,-0.005760,-0.500864,False
2012-07-04,-0.275773,-0.266269,0.001906,0.003911,-0.002675,-0.007263,-0.005740,0.001537,0.000000,0.000000,-0.274594,-0.001179,-0.102548,False
2012-07-05,-0.274737,-0.266388,0.001894,0.004023,-0.002630,-0.007251,-0.005748,0.001525,0.000000,0.000000,-0.274575,-0.000162,-0.014099,False
2012-07-06,-0.280825,-0.266508,0.001873,0.004131,-0.002584,-0.007238,-0.005756,0.001513,0.000000,0.000000,-0.274569,-0.006256,-0.544031,False
2012-07-07,-0.270764,-0.266627,0.001843,0.004234,-0.002537,-0.007225,-0.005764,0.001501,0.000000,0.000000,-0.274575,0.003811,0.331398,False
2012-07-08,-0.273881,-0.266747,0.001805,0.004332,-0.002489,-0.007212,-0.005772,0.001490,0.000000,0.000000,-0.274594,0.000713,0.062043,False
2012-07-09,-0.276997,-0.266866,0.001758,0.004424,-0.002440,-0.007199,-0.005780,0.001478,0.000000,0.000000,-0.274626,-0.002371,-0.206216,False
2012-07-10,-0.280114,-0.266986,0.001703,0.004512,-0.002391,-0.007185,-0.005788,0.001466,0.000000,0.000000,-0.274670,-0.005444,-0.473388,False
2012-07-11,-0.273749,-0.267105,0.001639,0.004594,-0.002341,-0.007171,-0.005796,0.001454,0.000000,0.000000,-0.274727,0.000978,0.085008,False
2012-07-12,-0.270116,-0.267225,0.001568,0.004670,-0.002291,-0.007157,-0.005804,0.001443,0.000000,0.000000,-0.274795,0.004679,0.406897,False
2012-07-13,-0.275615,-0.267344,0.001490,0.004742,-0.002239,-0.007143,-0.005811,0.001431,0.000000,0.000000,-0.274876,-0.000739,-0.064262,False
2012-07-14,-0.276816,-0.267464,0.001405,0.004807,-0.002187,-0.007129,-0.005819,0.001419,0.000000,0.000000,-0.274968,-0.001848,-0.160666,False
2012-07-15,-0.266921,-0.267583,0.001313,0.004867,-0.002135,-0.007114,-0.005827,0.001407,0.000000,0.000000,-0.275072,0.008151,0.708787,False
2012-07-16,-0.278208,-0.267703,0.001214,0.004921,-0.002082,-0.007099,-0.005834,0.001395,0.000000,0.000000,-0.275187,-0.003021,-0.262715,False
2012-07-17,-0.277685,-0.267822,0.001111,0.004970,-0.002028,-0.007084,-0.005841,0.001384,0.000000,0.000000,-0.275312,-0.002373,-0.206335,False
2012-07-18,-0.282543,-0.267942,0.001001,0.005012,-0.001974,-0.007069,-0.005849,0.001372,0.000000,0.000000,-0.275448,-0.007095,-0.616979,False
2012-07-19,-0.274462,-0.268061,0.000888,0.005049,-0.001919,-0.007054,-0.005856,0.001360,0.000000,0.000000,-0.275593,0.001131,0.098357,False
2012-07-20,-0.280770,-0.268181,0.000770,0.005079,-0.001863,-0.007038,-0.005863,0.001348,0.000000,0.000000,-0.275748,-0.005022,-0.436717,False
2012-07-21,-0.272683,-0.268300,0.000648,0.005104,-0.001807,-0.007022,-0.005870,0.001336,0.000000,0.000000,-0.275911,0.003228,0.280713,False
2012-07-22,-0.277806,-0.268420,0.000523,0.005123,-0.001750,-0.007006,-0.005877,0.001325,0.000000,0.000000,-0.276083,-0.001723,-0.149833,False
2012-07-23,-0.276653,-0.268539,0.000396,0.005135,-0.001693,-0.006990,-0.005884,0.001313,0.000000,0.000000,-0.276262,-0.000391,-0.033970,False
2012-07-24,-0.283589,-0.268659,0.000267,0.005142,-0.001635,-0.006974,-0.005891,0.001301,0.000000,0.000000,-0.276449,-0.007140,-0.620877,False
2012-07-25,-0.281868,-0.268778,0.000137,0.005143,-0.001577,-0.006957,-0.005898,0.001289,0.000000,0.000000,-0.276642,-0.005226,-0.454430,False
2012-07-26,-0.270576,-0.268898,0.000006,0.005137,-0.001519,-0.006940,-0.005904,0.001277,0.000000,0.000000,-0.276841,0.006265,0.544796,False
2012-07-27,-0.273391,-0.269017,-0.000125,0.005125,-0.001460,-0.006923,-0.005911,0.001265,0.000000,0.000000,-0.277046,0.003655,0.317794,False
2012-07-28,-0.282407,-0.269137,-0.000256,0.005108,-0.001400,-0.006906,-0.005917,0.001254,0.000000,0.000000,-0.277255,-0.005152,-0.448014,False
2012-07-29,-0.276281,-0.269256,-0.000385,0.005084,-0.001340,-0.006889,-0.005924,0.001242,0.000000,0.000000,-0.277468,0.001187,0.103234,False
2012-07-30,-0.263564,-0.269376,-0.000512,0.005054,-0.001280,-0.006871,-0.005930,0.001230,0.000000,0.000000,-0.277685,0.014121,1.227918,False
2012-07-31,-0.282101,-0.269495,-0.000637,0.005019,-0.001219,-0.006853,-0.005937,0.001218,0.000000,0.000000,-0.277905,-0.004196,-0.364886,False
2012-08-01,-0.262850,-0.269615,-0.000759,0.004977,-0.001158,-0.006835,-0.005943,0.001206,0.000000,0.000000,-0.278127,0.015277,1.328422,False
2012-08-02,-0.270356,-0.269734,-0.000877,0.004930,-0.001097,-0.006817,-0.005949,0.001194,0.000000,0.000000,-0.278351,0.007995,0.695180,False
2012-08-03,-0.277862,-0.269854,-0.000992,0.004877,-0.001035,-0.006799,-0.005955,0.001182,0.000000,0.000000,-0.278575,0.000713,0.062032,False
2012-08-04,-0.278907,-0.269973,-0.001101,0.004818,-0.000973,-0.006780,-0.005961,0.001171,0.000000,0.000000,-0.278801,-0.000106,-0.009247,False
2012-08-05,-0.293974,-0.270093,-0.001206,0.004753,-0.000911,-0.006761,-0.005967,0.001159,0.000000,0.000000,-0.279026,-0.014948,-1.299835,False
2012-08-06,-0.283405,-0.270212,-0.001304,0.004683,-0.000849,-0.006742,-0.005973,0.001147,0.000000,0.000000,-0.279251,-0.004154,-0.361260,False
2012-08-07,-0.277477,-0.270332,-0.001397,0.004607,-0.000786,-0.006723,-0.005978,0.001135,0.000000,0.000000,-0.279474,0.001997,0.173650,False
2012-08-08,-0.267058,-0.270451,-0.001483,0.004526,-0.000723,-0.006704,-0.005984,0.001123,0.000000,0.000000,-0.279696,0.012638,1.098938,False
2012-08-09,-0.267601,-0.270571,-0.001562,0.004439,-0.000660,-0.006684,-0.005990,0.001111,0.000000,0.000000,-0.279915,0.012314,1.070823,False
2012-08-10,-0.262720,-0.270690,-0.001633,0.004348,-0.000596,-0.006665,-0.005995,0.001099,0.000000,0.000000,-0.280133,0.017413,1.514136,False
2012-08-11,-0.274672,-0.270810,-0.001697,0.004251,-0.000532,-0.006645,-0.006001,0.001087,0.000000,0.000000,-0.280347,0.005675,0.493446,False
2012-08-12,-0.271945,-0.270929,-0.001753,0.004149,-0.000469,-0.006625,-0.006006,0.001075,0.000000,0.000000,-0.280557,0.008612,0.748895,False
2012-08-13,-0.275095,-0.271049,-0.001801,0.004042,-0.000405,-0.006604,-0.006011,0.001064,0.000000,0.000000,-0.280764,0.005669,0.492972,False
2012-08-14,-0.278245,-0.271168,-0.001840,0.003931,-0.000341,-0.006584,-0.006016,0.001052,0.000000,0.000000,-0.280967,0.002722,0.236691,False
2012-08-15,-0.289528,-0.271288,-0.001870,0.003814,-0.000277,-0.006563,-0.006022,0.001040,0.000000,0.000000,-0.281165,-0.008363,-0.727189,False
2012-08-16,-0.282062,-0.271407,-0.001892,0.003694,-0.000212,-0.006542,-0.006027,0.001028,0.000000,0.000000,-0.281359,-0.000703,-0.061128,False
2012-08-17,-0.280798,-0.271527,-0.001905,0.003569,-0.000148,-0.006521,-0.006032,0.001016,0.000000,0.000000,-0.281548,0.000750,0.065204,False
2012-08-18,-0.275942,-0.271646,-0.001909,0.003439,-0.000084,-0.006500,-0.006036,0.001004,0.000000,0.000000,-0.281732,0.005790,0.503442,False
2012-08-19,-0.277622,-0.271766,-0.001903,0.003306,-0.000020,-0.006478,-0.006041,0.000992,0.000000,0.000000,-0.281910,0.004288,0.372833,False
2012-08-20,-0.279303,-0.271885,-0.001889,0.003169,0.000045,-0.006457,-0.006046,0.000980,0.000000,0.000000,-0.282083,0.002780,0.241761,False
2012-08-21,-0.260000,-0.272005,-0.001866,0.003028,0.000109,-0.006435,-0.006051,0.000968,0.000000,0.000000,-0.282251,0.022251,1.934869,False
2012-08-22,-0.270580,-0.272124,-0.001834,0.002883,0.000173,-0.006413,-0.006055,0.000956,0.000000,0.000000,-0.282413,0.011833,1.028981,False
2012-08-23,-0.272700,-0.272244,-0.001794,0.002736,0.000238,-0.006391,-0.006060,0.000944,0.000000,0.000000,-0.282570,0.009870,0.858271,False
2012-08-24,-0.268293,-0.272363,-0.001745,0.002584,0.000302,-0.006368,-0.006064,0.000932,0.000000,0.000000,-0.282722,0.014429,1.254655,False
2012-08-25,-0.282875,-0.272482,-0.001687,0.002430,0.000366,-0.006346,-0.006068,0.000920,0.000000,0.000000,-0.282868,-0.000007,-0.000644,False
2012-08-26,-0.272114,-0.272602,-0.001622,0.002273,0.000430,-0.006323,-0.006073,0.000908,0.000000,0.000000,-0.283008,0.010894,0.947341,False
2012-08-27,-0.286116,-0.272721,-0.001549,0.002114,0.000494,-0.006300,-0.006077,0.000896,0.000000,0.000000,-0.283144,-0.002972,-0.258421,False
2012-08-28,-0.275381,-0.272841,-0.001469,0.001951,0.000557,-0.006277,-0.006081,0.000884,0.000000,0.000000,-0.283275,0.007893,0.686388,False
2012-08-29,-0.264647,-0.272960,-0.001382,0.001787,0.000621,-0.006254,-0.006085,0.000872,0.000000,0.000000,-0.283401,0.018754,1.630787,False
2012-08-30,-0.269767,-0.273080,-0.001289,0.001620,0.000684,-0.006230,-0.006089,0.000860,0.000000,0.000000,-0.283523,0.013756,1.196143,False
2012-08-31,-0.283906,-0.273199,-0.001189,0.001452,0.000747,-0.006207,-0.006093,0.000849,0.000000,0.000000,-0.283640,-0.000266,-0.023127,False
2012-09-01,-0.276184,-0.273319,-0.001084,0.001282,0.000810,-0.006183,-0.006097,0.000837,0.000000,0.000000,-0.283753,0.007569,0.658217,False
2012-09-02,-0.279190,-0.273438,-0.000973,0.001110,0.000873,-0.006159,-0.006100,0.000825,0.000000,0.000000,-0.283863,0.004673,0.406377,False
2012-09-03,-0.287474,-0.273558,-0.000858,0.000937,0.000936,-0.006134,-0.006104,0.000813,0.000000,0.000000,-0.283970,-0.003504,-0.304704,False
2012-09-04,-0.266726,-0.273677,-0.000739,0.000763,0.000998,-0.006110,-0.006107,0.000801,0.000000,0.000000,-0.284074,0.017348,1.508483,False
2012-09-05,-0.269761,-0.273797,-0.000617,0.000588,0.001060,-0.006086,-0.006111,0.000789,0.000000,0.000000,-0.284175,0.014414,1.253361,False
2012-09-06,-0.279656,-0.273916,-0.000492,0.000412,0.001121,-0.006061,-0.006114,0.000777,0.000000,0.000000,-0.284274,0.004618,0.401530,False
2012-09-07,-0.271058,-0.274036,-0.000364,0.000236,0.001182,-0.006036,-0.006118,0.000765,0.000000,0.000000,-0.284371,0.013313,1.157634,False
2012-09-08,-0.271748,-0.274155,-0.000234,0.000059,0.001243,-0.006011,-0.006121,0.000753,0.000000,0.000000,-0.284467,0.012719,1.105969,False
2012-09-09,-0.275015,-0.274275,-0.000104,-0.000117,0.001304,-0.005986,-0.006124,0.000741,0.000000,0.000000,-0.284562,0.009547,0.830137,False
2012-09-10,-0.277501,-0.274394,0.000027,-0.000294,0.001364,-0.005960,-0.006127,0.000729,0.000000,0.000000,-0.284656,0.007155,0.622176,False
2012-09-11,-0.303573,-0.274514,0.000158,-0.000470,0.001424,-0.005935,-0.006130,0.000717,0.000000,0.000000,-0.284750,-0.018823,-1.636749,False
2012-09-12,-0.278945,-0.274633,0.000288,-0.000646,0.001483,-0.005909,-0.006133,0.000705,0.000000,0.000000,-0.284845,0.005900,0.513055,False
2012-09-13,-0.307604,-0.274753,0.000417,-0.000820,0.001542,-0.005883,-0.006136,0.000693,0.000000,0.000000,-0.284941,-0.022663,-1.970726,False
2012-09-14,-0.278143,-0.274872,0.000544,-0.000994,0.001600,-0.005857,-0.006138,0.000681,0.000000,0.000000,-0.285037,0.006894,0.599511,False
2012-09-15,-0.287578,-0.274992,0.000668,-0.001167,0.001658,-0.005831,-0.006141,0.000669,0.000000,0.000000,-0.285136,-0.002442,-0.212372,False
2012-09-16,-0.280749,-0.275111,0.000789,-0.001338,0.001716,-0.005804,-0.006144,0.000657,0.000000,0.000000,-0.285236,0.004487,0.390181,False
2012-09-17,-0.281955,-0.275231,0.000906,-0.001508,0.001773,-0.005778,-0.006146,0.000645,0.000000,0.000000,-0.285339,0.003384,0.294247,False
2012-09-18,-0.271665,-0.275350,0.001020,-0.001676,0.001829,-0.005751,-0.006149,0.000633,0.000000,0.000000,-0.285444,0.013779,1.198206,False
2012-09-19,-0.283646,-0.275470,0.001128,-0.001842,0.001885,-0.005724,-0.006151,0.000621,0.000000,0.000000,-0.285553,0.001907,0.165829,False
2012-09-20,-0.292555,-0.275589,0.001231,-0.002005,0.001940,-0.005697,-0.006153,0.000609,0.000000,0.000000,-0.285665,-0.006890,-0.599117,False
2012-09-21,-0.282585,-0.275709,0.001328,-0.002167,0.001995,-0.005670,-0.006155,0.000596,0.000000,0.000000,-0.285781,0.003196,0.277917,False
2012-09-22,-0.279627,-0.275828,0.001419,-0.002326,0.002049,-0.005642,-0.006157,0.000584,0.000000,0.000000,-0.285901,0.006274,0.545564,False
2012-09-23,-0.282236,-0.275948,0.001503,-0.002482,0.002103,-0.005615,-0.006159,0.000572,0.000000,0.000000,-0.286025,0.003789,0.329498,False
2012-09-24,-0.289747,-0.276067,0.001580,-0.002635,0.002156,-0.005587,-0.006161,0.000560,0.000000,0.000000,-0.286154,-0.003593,-0.312433,False
2012-09-25,-0.284490,-0.276187,0.001650,-0.002785,0.002208,-0.005559,-0.006163,0.000548,0.000000,0.000000,-0.286288,0.001798,0.156309,False
2012-09-26,-0.292501,-0.276306,0.001712,-0.002932,0.002260,-0.005531,-0.006165,0.000536,0.000000,0.000000,-0.286426,-0.006075,-0.528262,False
2012-09-27,-0.284222,-0.276426,0.001766,-0.003075,0.002311,-0.005503,-0.006167,0.000524,0.000000,0.000000,-0.286569,0.002347,0.204128,False
2012-09-28,-0.295389,-0.276545,0.001811,-0.003215,0.002361,-0.005474,-0.006168,0.000512,0.000000,0.000000,-0.286718,-0.008671,-0.753992,False
2012-09-29,-0.294576,-0.276665,0.001848,-0.003351,0.002411,-0.005446,-0.006170,0.000500,0.000000,0.000000,-0.286872,-0.007704,-0.669949,False
2012-09-30,-0.293764,-0.276784,0.001877,-0.003483,0.002459,-0.005417,-0.006171,0.000488,0.000000,0.000000,-0.287031,-0.006733,-0.585450,False
2012-10-01,-0.292951,-0.276904,0.001896,-0.003610,0.002508,-0.005388,-0.006173,0.000476,0.000000,0.000000,-0.287195,-0.005756,-0.500497,False
2012-10-02,-0.283537,-0.277023,0.001907,-0.003734,0.002555,-0.005359,-0.006174,0.000464,0.000000,0.000000,-0.287365,0.003828,0.332850,False
2012-10-03,-0.290498,-0.277143,0.001908,-0.003853,0.002602,-0.005330,-0.006175,0.000452,0.000000,0.000000,-0.287539,-0.002959,-0.257273,False
2012-10-04,-0.287754,-0.277262,0.001901,-0.003968,0.002648,-0.005301,-0.006176,0.000440,0.000000,0.000000,-0.287719,-0.000035,-0.003048,False
2012-10-05,-0.292394,-0.277382,0.001884,-0.004078,0.002693,-0.005271,-0.006177,0.000428,0.000000,0.000000,-0.287903,-0.004491,-0.390491,False
2012-10-06,-0.293519,-0.277501,0.001859,-0.004183,0.002737,-0.005242,-0.006178,0.000416,0.000000,0.000000,-0.288092,-0.005427,-0.471878,False
2012-10-07,-0.289715,-0.277621,0.001825,-0.004283,0.002781,-0.005212,-0.006179,0.000404,0.000000,0.000000,-0.288286,-0.001429,-0.124274,False
2012-10-08,-0.294616,-0.277740,0.001782,-0.004379,0.002823,-0.005182,-0.006180,0.000392,0.000000,0.000000,-0.288483,-0.006133,-0.533265,False
2012-10-09,-0.295933,-0.277860,0.001731,-0.004469,0.002865,-0.005152,-0.006181,0.000380,0.000000,0.000000,-0.288685,-0.007248,-0.630270,False
2012-10-10,-0.287592,-0.277979,0.001672,-0.004553,0.002906,-0.005122,-0.006181,0.000368,0.000000,0.000000,-0.288890,0.001298,0.112856,False
2012-10-11,-0.288525,-0.278099,0.001605,-0.004633,0.002947,-0.005092,-0.006182,0.000356,0.000000,0.000000,-0.289098,0.000573,0.049820,False
2012-10-12,-0.295275,-0.278218,0.001530,-0.004707,0.002986,-0.005061,-0.006183,0.000344,0.000000,0.000000,-0.289309,-0.005966,-0.518802,False
2012-10-13,-0.295758,-0.278338,0.001448,-0.004775,0.003024,-0.005030,-0.006183,0.000331,0.000000,0.000000,-0.289522,-0.006236,-0.542267,False
2012-10-14,-0.296222,-0.278457,0.001359,-0.004838,0.003062,-0.005000,-0.006183,0.000319,0.000000,0.000000,-0.289737,-0.006485,-0.563917,False
2012-10-15,-0.288401,-0.278577,0.001264,-0.004895,0.003099,-0.004969,-0.006183,0.000307,0.000000,0.000000,-0.289953,0.001552,0.134988,False
2012-10-16,-0.306576,-0.278696,0.001163,-0.004946,0.003134,-0.004938,-0.006184,0.000295,0.000000,0.000000,-0.290171,-0.016405,-1.426553,False
2012-10-17,-0.303899,-0.278815,0.001057,-0.004992,0.003169,-0.004906,-0.006184,0.000283,0.000000,0.000000,-0.290388,-0.013511,-1.174888,False
2012-10-18,-0.301223,-0.278935,0.000945,-0.005031,0.003203,-0.004875,-0.006184,0.000271,0.000000,0.000000,-0.290606,-0.010617,-0.923240,False
2012-10-19,-0.289625,-0.279054,0.000829,-0.005065,0.003236,-0.004843,-0.006184,0.000259,0.000000,0.000000,-0.290822,0.001197,0.104125,False
2012-10-20,-0.292067,-0.279174,0.000709,-0.005093,0.003268,-0.004812,-0.006183,0.000247,0.000000,0.000000,-0.291038,-0.001029,-0.089495,False
2012-10-21,-0.290319,-0.279293,0.000586,-0.005114,0.003299,-0.004780,-0.006183,0.000235,0.000000,0.000000,-0.291251,0.000932,0.081066,False
2012-10-22,-0.294600,-0.279413,0.000460,-0.005130,0.003329,-0.004748,-0.006183,0.000223,0.000000,0.000000,-0.291462,-0.003138,-0.272852,False
2012-10-23,-0.289339,-0.279532,0.000332,-0.005140,0.003358,-0.004716,-0.006183,0.000211,0.000000,0.000000,-0.291670,0.002331,0.202698,False
2012-10-24,-0.289706,-0.279652,0.000202,-0.005143,0.003386,-0.004684,-0.006182,0.000199,0.000000,0.000000,-0.291874,0.002168,0.188534,False
2012-10-25,-0.293142,-0.279771,0.000071,-0.005141,0.003413,-0.004652,-0.006181,0.000187,0.000000,0.000000,-0.292074,-0.001068,-0.092877,False
2012-10-26,-0.299173,-0.279891,-0.000060,-0.005132,0.003439,-0.004619,-0.006181,0.000175,0.000000,0.000000,-0.292269,-0.006904,-0.600368,False
2012-10-27,-0.295711,-0.280010,-0.000191,-0.005117,0.003464,-0.004586,-0.006180,0.000162,0.000000,0.000000,-0.292458,-0.003253,-0.282862,False
2012-10-28,-0.293221,-0.280130,-0.000320,-0.005097,0.003488,-0.004554,-0.006179,0.000150,0.000000,0.000000,-0.292641,-0.000580,-0.050410,False
2012-10-29,-0.293618,-0.280249,-0.000449,-0.005070,0.003511,-0.004521,-0.006178,0.000138,0.000000,0.000000,-0.292818,-0.000800,-0.069585,False
2012-10-30,-0.293924,-0.280369,-0.000575,-0.005037,0.003533,-0.004488,-0.006177,0.000126,0.000000,0.000000,-0.292987,-0.000937,-0.081478,False
2012-10-31,-0.282359,-0.280488,-0.000699,-0.004999,0.003554,-0.004455,-0.006176,0.000114,0.000000,0.000000,-0.293148,0.010789,0.938210,False
2012-11-01,-0.292010,-0.280608,-0.000819,-0.004954,0.003574,-0.004422,-0.006175,0.000102,0.000000,0.000000,-0.293301,0.001291,0.112303,False
2012-11-02,-0.301043,-0.280727,-0.000935,-0.004904,0.003593,-0.004388,-0.006174,0.000090,0.000000,0.000000,-0.293446,-0.007597,-0.660635,False
2012-11-03,-0.299495,-0.280847,-0.001047,-0.004848,0.003611,-0.004355,-0.006173,0.000078,0.000000,0.000000,-0.293581,-0.005914,-0.514298,False
2012-11-04,-0.289607,-0.280966,-0.001154,-0.004786,0.003627,-0.004321,-0.006171,0.000066,0.000000,0.000000,-0.293706,0.004099,0.356405,False
2012-11-05,-0.290449,-0.281086,-0.001256,-0.004719,0.003643,-0.004287,-0.006170,0.000054,0.000000,0.000000,-0.293821,0.003372,0.293176,False
2012-11-06,-0.298234,-0.281205,-0.001351,-0.004646,0.003658,-0.004253,-0.006168,0.000042,0.000000,0.000000,-0.293925,-0.004309,-0.374715,False
2012-11-07,-0.296654,-0.281325,-0.001441,-0.004567,0.003671,-0.004219,-0.006167,0.000030,0.000000,0.000000,-0.294018,-0.002636,-0.229212,False
2012-11-08,-0.301338,-0.281444,-0.001523,-0.004483,0.003684,-0.004185,-0.006165,0.000018,0.000000,0.000000,-0.294100,-0.007238,-0.629386,False
2012-11-09,-0.291089,-0.281564,-0.001599,-0.004394,0.003695,-0.004151,-0.006163,0.000005,0.000000,0.000000,-0.294170,0.003081,0.267954,False
2012-11-10,-0.299568,-0.281683,-0.001666,-0.004300,0.003705,-0.004117,-0.006161,-0.000007,0.000000,0.000000,-0.294229,-0.005339,-0.464256,False
2012-11-11,-0.298916,-0.281803,-0.001726,-0.004200,0.003714,-0.004082,-0.006160,-0.000019,0.000000,0.000000,-0.294276,-0.004640,-0.403512,False
2012-11-12,-0.295004,-0.281922,-0.001778,-0.004096,0.003722,-0.004048,-0.006157,-0.000031,0.000000,0.000000,-0.294310,-0.000694,-0.060350,False
2012-11-13,-0.299329,-0.282042,-0.001822,-0.003987,0.003729,-0.004013,-0.006155,-0.000043,0.000000,0.000000,-0.294332,-0.004997,-0.434519,False
2012-11-14,-0.293680,-0.282161,-0.001856,-0.003873,0.003735,-0.003978,-0.006153,-0.000055,0.000000,0.000000,-0.294342,0.000662,0.057540,False
2012-11-15,-0.293811,-0.282281,-0.001882,-0.003755,0.003740,-0.003943,-0.006151,-0.000067,0.000000,0.000000,-0.294339,0.000528,0.045911,False
2012-11-16,-0.302302,-0.282400,-0.001900,-0.003632,0.003744,-0.003908,-0.006149,-0.000079,0.000000,0.000000,-0.294324,-0.007978,-0.693752,False
2012-11-17,-0.293536,-0.282520,-0.001908,-0.003505,0.003746,-0.003873,-0.006146,-0.000091,0.000000,0.000000,-0.294296,0.000760,0.066122,False
2012-11-18,-0.287171,-0.282639,-0.001907,-0.003373,0.003747,-0.003838,-0.006144,-0.000103,0.000000,0.000000,-0.294257,0.007086,0.616151,False
2012-11-19,-0.292373,-0.282759,-0.001897,-0.003238,0.003748,-0.003802,-0.006141,-0.000115,0.000000,0.000000,-0.294205,0.001832,0.159306,False
2012-11-20,-0.294082,-0.282878,-0.001879,-0.003099,0.003747,-0.003767,-0.006138,-0.000127,0.000000,0.000000,-0.294141,0.000059,0.005171,False
2012-11-21,-0.291558,-0.282998,-0.001851,-0.002956,0.003745,-0.003731,-0.006136,-0.000139,0.000000,0.000000,-0.294066,0.002508,0.218114,False
2012-11-22,-0.299362,-0.283117,-0.001815,-0.002810,0.003742,-0.003696,-0.006133,-0.000152,0.000000,0.000000,-0.293980,-0.005382,-0.468012,False
2012-11-23,-0.288351,-0.283237,-0.001770,-0.002660,0.003738,-0.003660,-0.006130,-0.000164,0.000000,0.000000,-0.293882,0.005531,0.480997,False
2012-11-24,-0.294474,-0.283356,-0.001717,-0.002508,0.003733,-0.003624,-0.006127,-0.000176,0.000000,0.000000,-0.293774,-0.000700,-0.060826,False
2012-11-25,-0.290174,-0.283476,-0.001656,-0.002352,0.003727,-0.003588,-0.006124,-0.000188,0.000000,0.000000,-0.293656,0.003482,0.302817,False
2012-11-26,-0.280274,-0.283595,-0.001587,-0.002194,0.003719,-0.003552,-0.006121,-0.000200,0.000000,0.000000,-0.293529,0.013255,1.152577,False
2012-11-27,-0.290426,-0.283715,-0.001510,-0.002033,0.003711,-0.003515,-0.006118,-0.000212,0.000000,0.000000,-0.293392,0.002966,0.257889,False
2012-11-28,-0.282350,-0.283834,-0.001427,-0.001869,0.003701,-0.003479,-0.006114,-0.000224,0.000000,0.000000,-0.293246,0.010896,0.947497,False
2012-11-29,-0.287494,-0.283954,-0.001336,-0.001704,0.003691,-0.003443,-0.006111,-0.000236,0.000000,0.000000,-0.293093,0.005599,0.486841,False
2012-11-30,-0.282577,-0.284073,-0.001240,-0.001536,0.003679,-0.003406,-0.006107,-0.000248,0.000000,0.000000,-0.292932,0.010355,0.900412,False
2012-12-01,-0.292158,-0.284193,-0.001137,-0.001367,0.003666,-0.003369,-0.006104,-0.000260,0.000000,0.000000,-0.292764,0.000606,0.052701,False
2012-12-02,-0.282600,-0.284312,-0.001029,-0.001196,0.003652,-0.003333,-0.006100,-0.000272,0.000000,0.000000,-0.292590,0.009990,0.868723,False
2012-12-03,-0.294627,-0.284432,-0.000916,-0.001023,0.003637,-0.003296,-0.006097,-0.000284,0.000000,0.000000,-0.292411,-0.002216,-0.192678,False
2012-12-04,-0.291716,-0.284551,-0.000799,-0.000850,0.003621,-0.003259,-0.006093,-0.000296,0.000000,0.000000,-0.292227,0.000511,0.044475,False
2012-12-05,-0.290459,-0.284671,-0.000679,-0.000675,0.003604,-0.003222,-0.006089,-0.000308,0.000000,0.000000,-0.292040,0.001581,0.137465,False
2012-12-06,-0.290425,-0.284790,-0.000555,-0.000500,0.003586,-0.003185,-0.006085,-0.000321,0.000000,0.000000,-0.291849,0.001424,0.123837,False
2012-12-07,-0.284249,-0.284909,-0.000428,-0.000324,0.003566,-0.003148,-0.006081,-0.000333,0.000000,0.000000,-0.291656,0.007407,0.644094,False
2012-12-08,-0.286772,-0.285029,-0.000299,-0.000147,0.003546,-0.003110,-0.006077,-0.000345,0.000000,0.000000,-0.291462,0.004690,0.407784,False
2012-12-09,-0.286378,-0.285148,-0.000169,0.000029,0.003525,-0.003073,-0.006073,-0.000357,0.000000,0.000000,-0.291266,0.004888,0.425065,False
2012-12-10,-0.285984,-0.285268,-0.000038,0.000206,0.003502,-0.003036,-0.006069,-0.000369,0.000000,0.000000,-0.291071,0.005087,0.442355,False
2012-12-11,-0.285590,-0.285387,0.000093,0.000382,0.003479,-0.002998,-0.006064,-0.000381,0.000000,0.000000,-0.290877,0.005287,0.459726,False
2012-12-12,-0.285196,-0.285507,0.000223,0.000558,0.003455,-0.002960,-0.006060,-0.000393,0.000000,0.000000,-0.290684,0.005488,0.477248,False
2012-12-13,-0.284802,-0.285626,0.000353,0.000733,0.003429,-0.002923,-0.006055,-0.000405,0.000000,0.000000,-0.290494,0.005692,0.494993,False
2012-12-14,-0.289535,-0.285746,0.000481,0.000907,0.003403,-0.002885,-0.006051,-0.000417,0.000000,0.000000,-0.290308,0.000773,0.067205,False
2012-12-15,-0.288945,-0.285865,0.000606,0.001081,0.003375,-0.002847,-0.006046,-0.000429,0.000000,0.000000,-0.290125,0.001180,0.102650,False
2012-12-16,-0.286106,-0.285985,0.000729,0.001253,0.003347,-0.002809,-0.006041,-0.000441,0.000000,0.000000,-0.289948,0.003842,0.334091,False
2012-12-17,-0.291340,-0.286104,0.000848,0.001423,0.003317,-0.002771,-0.006037,-0.000453,0.000000,0.000000,-0.289776,-0.001564,-0.135969,False
2012-12-18,-0.290895,-0.286224,0.000964,0.001592,0.003287,-0.002733,-0.006032,-0.000465,0.000000,0.000000,-0.289611,-0.001284,-0.111638,False
2012-12-19,-0.297206,-0.286343,0.001074,0.001759,0.003255,-0.002695,-0.006027,-0.000477,0.000000,0.000000,-0.289453,-0.007753,-0.674156,False
2012-12-20,-0.289462,-0.286463,0.001180,0.001924,0.003223,-0.002656,-0.006022,-0.000489,0.000000,0.000000,-0.289303,-0.000159,-0.013811,False
2012-12-21,-0.294283,-0.286582,0.001280,0.002086,0.003190,-0.002618,-0.006016,-0.000501,0.000000,0.000000,-0.289162,-0.005121,-0.445324,False
2012-12-22,-0.283211,-0.286702,0.001374,0.002246,0.003156,-0.002579,-0.006011,-0.000513,0.000000,0.000000,-0.289030,0.005819,0.505969,False
2012-12-23,-0.280119,-0.286821,0.001462,0.002404,0.003120,-0.002541,-0.006006,-0.000525,0.000000,0.000000,-0.288907,0.008788,0.764211,False
2012-12-24,-0.285580,-0.286941,0.001543,0.002559,0.003084,-0.002502,-0.006001,-0.000537,0.000000,0.000000,-0.288796,0.003216,0.279625,False
2012-12-25,-0.292182,-0.287060,0.001616,0.002710,0.003047,-0.002464,-0.005995,-0.000550,0.000000,0.000000,-0.288695,-0.003487,-0.303218,False
2012-12-26,-0.281390,-0.287180,0.001682,0.002859,0.003009,-0.002425,-0.005990,-0.000562,0.000000,0.000000,-0.288606,0.007216,0.627467,False
2012-12-27,-0.288821,-0.287299,0.001740,0.003004,0.002971,-0.002386,-0.005984,-0.000574,0.000000,0.000000,-0.288529,-0.000292,-0.025411,False
2012-12-28,-0.290008,-0.287419,0.001790,0.003145,0.002931,-0.002347,-0.005978,-0.000586,0.000000,0.000000,-0.288464,-0.001544,-0.134248,False
2012-12-29,-0.282713,-0.287538,0.001831,0.003283,0.002890,-0.002308,-0.005973,-0.000598,0.000000,0.000000,-0.288412,0.005699,0.495598,False
2012-12-30,-0.278888,-0.287658,0.001864,0.003417,0.002849,-0.002269,-0.005967,-0.000610,0.000000,0.000000,-0.288374,0.009486,0.824854,False
2012-12-31,-0.285920,-0.287777,0.001888,0.003547,0.002807,-0.002230,-0.005961,-0.000622,0.000000,0.000000,-0.288349,0.002429,0.211197,False
2013-01-01,-0.283775,-0.287897,0.001903,0.003673,0.002764,-0.002191,-0.005955,-0.000634,0.000000,0.000000,-0.288337,0.004562,0.396737,False
2013-01-02,-0.288491,-0.288017,0.001909,0.003795,0.002720,-0.002152,-0.005949,-0.000646,0.000000,0.000000,-0.288340,-0.000151,-0.013115,False
2013-01-03,-0.279230,-0.288136,0.001906,0.003912,0.002675,-0.002112,-0.005943,-0.000658,0.000000,0.000000,-0.288357,0.009127,0.793659,False
2013-01-04,-0.284941,-0.288256,0.001893,0.004024,0.002629,-0.002073,-0.005936,-0.000670,0.000000,0.000000,-0.288388,0.003447,0.299766,False
2013-01-05,-0.290203,-0.288376,0.001872,0.004132,0.002583,-0.002034,-0.005930,-0.000682,0.000000,0.000000,-0.288434,-0.001769,-0.153834,False
2013-01-06,-0.282373,-0.288496,0.001843,0.004235,0.002536,-0.001994,-0.005924,-0.000694,0.000000,0.000000,-0.288494,0.006121,0.532254,False
2013-01-07,-0.273644,-0.288616,0.001804,0.004333,0.002488,-0.001954,-0.005917,-0.000706,0.000000,0.000000,-0.288568,0.014924,1.297765,False
2013-01-08,-0.277743,-0.288735,0.001757,0.004426,0.002439,-0.001915,-0.005911,-0.000718,0.000000,0.000000,-0.288657,0.010914,0.949039,False
2013-01-09,-0.278823,-0.288855,0.001701,0.004513,0.002390,-0.001875,-0.005904,-0.000730,0.000000,0.000000,-0.288760,0.009937,0.864067,False
2013-01-10,-0.283915,-0.288975,0.001638,0.004596,0.002340,-0.001835,-0.005897,-0.000742,0.000000,0.000000,-0.288877,0.004962,0.431441,False
2013-01-11,-0.284634,-0.289095,0.001566,0.004672,0.002289,-0.001795,-0.005891,-0.000754,0.000000,0.000000,-0.289007,0.004373,0.380273,False
2013-01-12,-0.274774,-0.289215,0.001488,0.004744,0.002238,-0.001756,-0.005884,-0.000766,0.000000,0.000000,-0.289151,0.014377,1.250193,False
2013-01-13,-0.275348,-0.289335,0.001402,0.004809,0.002186,-0.001716,-0.005877,-0.000778,0.000000,0.000000,-0.289308,0.013960,1.213956,False
2013-01-14,-0.286479,-0.289454,0.001309,0.004869,0.002133,-0.001676,-0.005870,-0.000790,0.000000,0.000000,-0.289479,0.003000,0.260839,False
2013-01-15,-0.289204,-0.289574,0.001211,0.004923,0.002080,-0.001636,-0.005863,-0.000802,0.000000,0.000000,-0.289661,0.000457,0.039762,False
2013-01-16,-0.284999,-0.289694,0.001106,0.004972,0.002026,-0.001596,-0.005856,-0.000814,0.000000,0.000000,-0.289856,0.004857,0.422344,False
2013-01-17,-0.281167,-0.289814,0.000997,0.005014,0.001971,-0.001555,-0.005848,-0.000826,0.000000,0.000000,-0.290062,0.008895,0.773500,False
2013-01-18,-0.294111,-0.289934,0.000882,0.005050,0.001916,-0.001515,-0.005841,-0.000838,0.000000,0.000000,-0.290280,-0.003831,-0.333160,False
2013-01-19,-0.289994,-0.290053,0.000764,0.005081,0.001860,-0.001475,-0.005834,-0.000850,0.000000,0.000000,-0.290508,0.000514,0.044669,False
2013-01-20,-0.288638,-0.290173,0.000641,0.005105,0.001804,-0.001435,-0.005826,-0.000862,0.000000,0.000000,-0.290746,0.002108,0.183286,False
2013-01-21,-0.283835,-0.290293,0.000516,0.005124,0.001747,-0.001394,-0.005819,-0.000874,0.000000,0.000000,-0.290993,0.007158,0.622469,False
2013-01-22,-0.298453,-0.290413,0.000389,0.005136,0.001690,-0.001354,-0.005811,-0.000886,0.000000,0.000000,-0.291250,-0.007203,-0.626355,False
2013-01-23,-0.291404,-0.290533,0.000259,0.005142,0.001632,-0.001314,-0.005803,-0.000898,0.000000,0.000000,-0.291515,0.000111,0.009631,False
2013-01-24,-0.290180,-0.290653,0.000128,0.005142,0.001574,-0.001273,-0.005796,-0.000910,0.000000,0.000000,-0.291787,0.001607,0.139763,False
2013-01-25,-0.291634,-0.290772,-0.000003,0.005136,0.001515,-0.001233,-0.005788,-0.000922,0.000000,0.000000,-0.292067,0.000433,0.037639,False
2013-01-26,-0.298064,-0.290892,-0.000134,0.005124,0.001456,-0.001192,-0.005780,-0.000934,0.000000,0.000000,-0.292353,-0.005711,-0.496623,False
2013-01-27,-0.293985,-0.291012,-0.000265,0.005106,0.001396,-0.001152,-0.005772,-0.000946,0.000000,0.000000,-0.292645,-0.001340,-0.116559,False
2013-01-28,-0.297415,-0.291132,-0.000394,0.005082,0.001336,-0.001111,-0.005764,-0.000958,0.000000,0.000000,-0.292941,-0.004474,-0.389008,False
2013-01-29,-0.295533,-0.291252,-0.000522,0.005052,0.001275,-0.001071,-0.005756,-0.000970,0.000000,0.000000,-0.293243,-0.002290,-0.199158,False
2013-01-30,-0.298783,-0.291371,-0.000647,0.005016,0.001215,-0.001030,-0.005747,-0.000982,0.000000,0.000000,-0.293548,-0.005235,-0.455240,False
2013-01-31,-0.292238,-0.291491,-0.000769,0.004974,0.001153,-0.000990,-0.005739,-0.000994,0.000000,0.000000,-0.293856,0.001618,0.140689,False
2013-02-01,-0.293567,-0.291611,-0.000887,0.004926,0.001092,-0.000949,-0.005731,-0.001006,0.000000,0.000000,-0.294167,0.000600,0.052139,False
2013-02-02,-0.292481,-0.291731,-0.001002,0.004872,0.001030,-0.000908,-0.005722,-0.001018,0.000000,0.000000,-0.294479,0.001998,0.173749,False
2013-02-03,-0.299984,-0.291851,-0.001111,0.004812,0.000968,-0.000867,-0.005714,-0.001030,0.000000,0.000000,-0.294793,-0.005191,-0.451403,False
2013-02-04,-0.293142,-0.291971,-0.001215,0.004747,0.000905,-0.000827,-0.005705,-0.001042,0.000000,0.000000,-0.295107,0.001965,0.170890,False
2013-02-05,-0.302244,-0.292090,-0.001313,0.004676,0.000843,-0.000786,-0.005696,-0.001054,0.000000,0.000000,-0.295422,-0.006822,-0.593249,False
2013-02-06,-0.298848,-0.292210,-0.001406,0.004599,0.000780,-0.000745,-0.005688,-0.001066,0.000000,0.000000,-0.295736,-0.003112,-0.270652,False
2013-02-07,-0.298112,-0.292330,-0.001491,0.004517,0.000716,-0.000704,-0.005679,-0.001078,0.000000,0.000000,-0.296048,-0.002064,-0.179453,False
2013-02-08,-0.307873,-0.292450,-0.001570,0.004430,0.000653,-0.000663,-0.005670,-0.001090,0.000000,0.000000,-0.296359,-0.011514,-1.001176,False
2013-02-09,-0.298606,-0.292570,-0.001641,0.004337,0.000589,-0.000623,-0.005661,-0.001102,0.000000,0.000000,-0.296669,-0.001937,-0.168472,False
2013-02-10,-0.300642,-0.292689,-0.001704,0.004240,0.000525,-0.000582,-0.005652,-0.001114,0.000000,0.000000,-0.296975,-0.003667,-0.318860,False
2013-02-11,-0.306241,-0.292809,-0.001759,0.004137,0.000462,-0.000541,-0.005643,-0.001125,0.000000,0.000000,-0.297279,-0.008962,-0.779334,False
2013-02-12,-0.297574,-0.292929,-0.001806,0.004029,0.000397,-0.000500,-0.005633,-0.001137,0.000000,0.000000,-0.297579,0.000005,0.000419,False
2013-02-13,-0.299374,-0.293049,-0.001844,0.003917,0.000333,-0.000459,-0.005624,-0.001149,0.000000,0.000000,-0.297875,-0.001499,-0.130328,False
2013-02-14,-0.302943,-0.293169,-0.001874,0.003800,0.000269,-0.000418,-0.005615,-0.001161,0.000000,0.000000,-0.298168,-0.004775,-0.415258,False
2013-02-15,-0.300904,-0.293289,-0.001894,0.003678,0.000205,-0.000377,-0.005605,-0.001173,0.000000,0.000000,-0.298455,-0.002449,-0.212916,False
2013-02-16,-0.307478,-0.293408,-0.001906,0.003553,0.000140,-0.000336,-0.005596,-0.001185,0.000000,0.000000,-0.298739,-0.008739,-0.759935,False
2013-02-17,-0.298777,-0.293528,-0.001908,0.003422,0.000076,-0.000295,-0.005586,-0.001197,0.000000,0.000000,-0.299017,0.000240,0.020883,False
2013-02-18,-0.303341,-0.293648,-0.001902,0.003288,0.000011,-0.000254,-0.005577,-0.001209,0.000000,0.000000,-0.299291,-0.004050,-0.352216,False
2013-02-19,-0.303137,-0.293768,-0.001887,0.003150,-0.000053,-0.000213,-0.005567,-0.001221,0.000000,0.000000,-0.299559,-0.003578,-0.311159,False
2013-02-20,-0.303979,-0.293888,-0.001862,0.003008,-0.000118,-0.000172,-0.005557,-0.001233,0.000000,0.000000,-0.299822,-0.004157,-0.361519,False
2013-02-21,-0.313365,-0.294007,-0.001829,0.002863,-0.000182,-0.000131,-0.005547,-0.001245,0.000000,0.000000,-0.300079,-0.013286,-1.155304,False
2013-02-22,-0.307049,-0.294127,-0.001787,0.002714,-0.000247,-0.000090,-0.005537,-0.001256,0.000000,0.000000,-0.300331,-0.006718,-0.584168,False
2013-02-23,-0.307777,-0.294247,-0.001737,0.002562,-0.000311,-0.000049,-0.005527,-0.001268,0.000000,0.000000,-0.300578,-0.007199,-0.626024,False
2013-02-24,-0.308834,-0.294367,-0.001678,0.002407,-0.000375,-0.000008,-0.005517,-0.001280,0.000000,0.000000,-0.300819,-0.008015,-0.696955,False
2013-02-25,-0.308353,-0.294487,-0.001612,0.002249,-0.000440,0.000033,-0.005507,-0.001292,0.000000,0.000000,-0.301055,-0.007298,-0.634606,False
2013-02-26,-0.311594,-0.294607,-0.001538,0.002089,-0.000504,0.000074,-0.005497,-0.001304,0.000000,0.000000,-0.301286,-0.010308,-0.896361,False
2013-02-27,-0.311290,-0.294726,-0.001456,0.001926,-0.000567,0.000115,-0.005487,-0.001316,0.000000,0.000000,-0.301512,-0.009778,-0.850292,False
2013-02-28,-0.311295,-0.294846,-0.001368,0.001761,-0.000631,0.000156,-0.005476,-0.001328,0.000000,0.000000,-0.301733,-0.009562,-0.831516,False
2013-03-01,-0.307496,-0.294966,-0.001273,0.001593,-0.000695,0.000197,-0.005466,-0.001339,0.000000,0.000000,-0.301949,-0.005547,-0.482361,False
2013-03-02,-0.309138,-0.295086,-0.001172,0.001424,-0.000758,0.000238,-0.005455,-0.001351,0.000000,0.000000,-0.302161,-0.006977,-0.606722,False
2013-03-03,-0.316261,-0.295206,-0.001066,0.001253,-0.000821,0.000279,-0.005445,-0.001363,0.000000,0.000000,-0.302368,-0.013893,-1.208053,False
2013-03-04,-0.321611,-0.295325,-0.000954,0.001080,-0.000884,0.000320,-0.005434,-0.001375,0.000000,0.000000,-0.302572,-0.019039,-1.655548,False
2013-03-05,-0.314148,-0.295445,-0.000838,0.000907,-0.000946,0.000361,-0.005423,-0.001387,0.000000,0.000000,-0.302772,-0.011376,-0.989179,False
2013-03-06,-0.308665,-0.295565,-0.000718,0.000732,-0.001009,0.000402,-0.005412,-0.001399,0.000000,0.000000,-0.302969,-0.005696,-0.495266,False
2013-03-07,-0.305153,-0.295685,-0.000595,0.000556,-0.001071,0.000443,-0.005402,-0.001410,0.000000,0.000000,-0.303164,-0.001989,-0.172996,False
2013-03-08,-0.309977,-0.295805,-0.000469,0.000380,-0.001132,0.000483,-0.005391,-0.001422,0.000000,0.000000,-0.303355,-0.006622,-0.575817,False
2013-03-09,-0.316245,-0.295925,-0.000340,0.000203,-0.001194,0.000524,-0.005380,-0.001434,0.000000,0.000000,-0.303544,-0.012701,-1.104392,False
2013-03-10,-0.314751,-0.296044,-0.000210,0.000026,-0.001255,0.000565,-0.005369,-0.001446,0.000000,0.000000,-0.303732,-0.011019,-0.958166,False
2013-03-11,-0.324589,-0.296164,-0.000079,-0.000151,-0.001315,0.000606,-0.005357,-0.001458,0.000000,0.000000,-0.303918,-0.020671,-1.797452,False
2013-03-12,-0.317079,-0.296284,0.000052,-0.000328,-0.001375,0.000647,-0.005346,-0.001469,0.000000,0.000000,-0.304104,-0.012975,-1.128303,False
2013-03-13,-0.316554,-0.296404,0.000183,-0.000504,-0.001435,0.000688,-0.005335,-0.001481,0.000000,0.000000,-0.304288,-0.012266,-1.066599,False
2013-03-14,-0.317418,-0.296524,0.000314,-0.000680,-0.001495,0.000729,-0.005323,-0.001493,0.000000,0.000000,-0.304473,-0.012945,-1.125695,False
2013-03-15,-0.318771,-0.296643,0.000442,-0.000855,-0.001553,0.000770,-0.005312,-0.001505,0.000000,0.000000,-0.304657,-0.014114,-1.227298,False
2013-03-16,-0.319212,-0.296763,0.000569,-0.001029,-0.001612,0.000810,-0.005301,-0.001517,0.000000,0.000000,-0.304842,-0.014370,-1.249546,False
2013-03-17,-0.323980,-0.296883,0.000693,-0.001202,-0.001670,0.000851,-0.005289,-0.001528,0.000000,0.000000,-0.305028,-0.018952,-1.647972,False
2013-03-18,-0.315246,-0.297003,0.000814,-0.001373,-0.001727,0.000892,-0.005277,-0.001540,0.000000,0.000000,-0.305216,-0.010030,-0.872198,False
2013-03-19,-0.307248,-0.297123,0.000931,-0.001543,-0.001784,0.000932,-0.005266,-0.001552,0.000000,0.000000,-0.305405,-0.001843,-0.160278,False
2013-03-20,-0.312534,-0.297243,0.001043,-0.001711,-0.001841,0.000973,-0.005254,-0.001564,0.000000,0.000000,-0.305596,-0.006938,-0.603314,False
2013-03-21,-0.308288,-0.297362,0.001151,-0.001877,-0.001897,0.001014,-0.005242,-0.001575,0.000000,0.000000,-0.305789,-0.002499,-0.217279,False
2013-03-22,-0.315133,-0.297482,0.001253,-0.002041,-0.001952,0.001054,-0.005230,-0.001587,0.000000,0.000000,-0.305985,-0.009148,-0.795451,False
2013-03-23,-0.312687,-0.297602,0.001349,-0.002202,-0.002007,0.001095,-0.005218,-0.001599,0.000000,0.000000,-0.306184,-0.006503,-0.565457,False
2013-03-24,-0.321429,-0.297722,0.001439,-0.002361,-0.002061,0.001136,-0.005206,-0.001611,0.000000,0.000000,-0.306386,-0.015043,-1.308060,False
2013-03-25,-0.313308,-0.297842,0.001521,-0.002517,-0.002115,0.001176,-0.005194,-0.001622,0.000000,0.000000,-0.306592,-0.006716,-0.584022,False
2013-03-26,-0.321240,-0.297961,0.001597,-0.002670,-0.002168,0.001217,-0.005182,-0.001634,0.000000,0.000000,-0.306801,-0.014439,-1.255588,False
2013-03-27,-0.312185,-0.298081,0.001665,-0.002819,-0.002220,0.001257,-0.005169,-0.001646,0.000000,0.000000,-0.307013,-0.005172,-0.449699,False
2013-03-28,-0.315106,-0.298201,0.001725,-0.002966,-0.002272,0.001298,-0.005157,-0.001657,0.000000,0.000000,-0.307230,-0.007876,-0.684866,False
2013-03-29,-0.315338,-0.298321,0.001778,-0.003109,-0.002323,0.001338,-0.005145,-0.001669,0.000000,0.000000,-0.307451,-0.007887,-0.685864,False
2013-03-30,-0.315435,-0.298441,0.001821,-0.003248,-0.002373,0.001378,-0.005132,-0.001681,0.000000,0.000000,-0.307675,-0.007760,-0.674773,False
2013-03-31,-0.321508,-0.298561,0.001856,-0.003383,-0.002423,0.001419,-0.005120,-0.001693,0.000000,0.000000,-0.307904,-0.013604,-1.182982,False
2013-04-01,-0.321332,-0.298680,0.001882,-0.003514,-0.002471,0.001459,-0.005107,-0.001704,0.000000,0.000000,-0.308136,-0.013196,-1.147449,False
2013-04-02,-0.316439,-0.298800,0.001900,-0.003642,-0.002520,0.001499,-0.005094,-0.001716,0.000000,0.000000,-0.308373,-0.008066,-0.701395,False
2013-04-03,-0.317047,-0.298920,0.001908,-0.003765,-0.002567,0.001539,-0.005082,-0.001728,0.000000,0.000000,-0.308613,-0.008434,-0.733349,False
2013-04-04,-0.307361,-0.299040,0.001907,-0.003883,-0.002614,0.001579,-0.005069,-0.001739,0.000000,0.000000,-0.308858,0.001497,0.130158,False
2013-04-05,-0.308891,-0.299160,0.001897,-0.003997,-0.002659,0.001619,-0.005056,-0.001751,0.000000,0.000000,-0.309106,0.000215,0.018676,False
2013-04-06,-0.310072,-0.299279,0.001879,-0.004106,-0.002704,0.001660,-0.005043,-0.001763,0.000000,0.000000,-0.309357,-0.000715,-0.062158,False
2013-04-07,-0.319649,-0.299399,0.001851,-0.004210,-0.002749,0.001700,-0.005030,-0.001774,0.000000,0.000000,-0.309612,-0.010037,-0.872801,False
2013-04-08,-0.316973,-0.299519,0.001814,-0.004309,-0.002792,0.001739,-0.005017,-0.001786,0.000000,0.000000,-0.309869,-0.007104,-0.617709,False
2013-04-09,-0.309647,-0.299639,0.001769,-0.004403,-0.002835,0.001779,-0.005004,-0.001797,0.000000,0.000000,-0.310130,0.000483,0.041961,False
2013-04-10,-0.313869,-0.299759,0.001716,-0.004492,-0.002877,0.001819,-0.004991,-0.001809,0.000000,0.000000,-0.310392,-0.003477,-0.302343,False
2013-04-11,-0.309814,-0.299879,0.001654,-0.004576,-0.002917,0.001859,-0.004977,-0.001821,0.000000,0.000000,-0.310656,0.000842,0.073261,False
2013-04-12,-0.310954,-0.299998,0.001585,-0.004654,-0.002958,0.001899,-0.004964,-0.001832,0.000000,0.000000,-0.310922,-0.000032,-0.002741,False
2013-04-13,-0.308692,-0.300118,0.001508,-0.004726,-0.002997,0.001938,-0.004951,-0.001844,0.000000,0.000000,-0.311190,0.002498,0.217178,False
2013-04-14,-0.310961,-0.300238,0.001424,-0.004793,-0.003035,0.001978,-0.004937,-0.001856,0.000000,0.000000,-0.311457,0.000496,0.043154,False
2013-04-15,-0.313429,-0.300358,0.001333,-0.004855,-0.003072,0.002018,-0.004924,-0.001867,0.000000,0.000000,-0.311725,-0.001704,-0.148161,False
2013-04-16,-0.309656,-0.300478,0.001236,-0.004910,-0.003109,0.002057,-0.004910,-0.001879,0.000000,0.000000,-0.311993,0.002337,0.203188,False
2013-04-17,-0.321289,-0.300597,0.001133,-0.004960,-0.003144,0.002097,-0.004896,-0.001890,0.000000,0.000000,-0.312259,-0.009030,-0.785193,False
2013-04-18,-0.306973,-0.300717,0.001024,-0.005004,-0.003179,0.002136,-0.004883,-0.001902,0.000000,0.000000,-0.312524,0.005551,0.482735,False
2013-04-19,-0.301448,-0.300837,0.000911,-0.005042,-0.003213,0.002175,-0.004869,-0.001913,0.000000,0.000000,-0.312788,0.011340,0.986051,False
2013-04-20,-0.308930,-0.300957,0.000794,-0.005074,-0.003246,0.002215,-0.004855,-0.001925,0.000000,0.000000,-0.313048,0.004118,0.358097,False
2013-04-21,-0.317719,-0.301077,0.000672,-0.005100,-0.003277,0.002254,-0.004841,-0.001937,0.000000,0.000000,-0.313305,-0.004414,-0.383790,False
2013-04-22,-0.315247,-0.301197,0.000548,-0.005120,-0.003308,0.002293,-0.004827,-0.001948,0.000000,0.000000,-0.313559,-0.001688,-0.146793,False
2013-04-23,-0.317041,-0.301316,0.000421,-0.005134,-0.003338,0.002332,-0.004813,-0.001960,0.000000,0.000000,-0.313808,-0.003233,-0.281139,False
2013-04-24,-0.311142,-0.301436,0.000292,-0.005141,-0.003367,0.002371,-0.004799,-0.001971,0.000000,0.000000,-0.314052,0.002910,0.253029,False
2013-04-25,-0.305735,-0.301556,0.000161,-0.005143,-0.003395,0.002410,-0.004785,-0.001983,0.000000,0.000000,-0.314290,0.008555,0.743917,False
2013-04-26,-0.308185,-0.301676,0.000030,-0.005138,-0.003422,0.002449,-0.004771,-0.001994,0.000000,0.000000,-0.314522,0.006337,0.551038,False
2013-04-27,-0.317090,-0.301796,-0.000101,-0.005128,-0.003447,0.002488,-0.004756,-0.002006,0.000000,0.000000,-0.314747,-0.002343,-0.203752,False
2013-04-28,-0.315826,-0.301915,-0.000232,-0.005111,-0.003472,0.002526,-0.004742,-0.002017,0.000000,0.000000,-0.314964,-0.000862,-0.074939,False
2013-04-29,-0.302189,-0.302035,-0.000362,-0.005089,-0.003496,0.002565,-0.004728,-0.002029,0.000000,0.000000,-0.315173,0.012984,1.129075,False
2013-04-30,-0.304835,-0.302155,-0.000490,-0.005060,-0.003519,0.002604,-0.004713,-0.002040,0.000000,0.000000,-0.315374,0.010539,0.916413,False
2013-05-01,-0.308650,-0.302275,-0.000616,-0.005025,-0.003540,0.002642,-0.004699,-0.002052,0.000000,0.000000,-0.315565,0.006915,0.601285,False
2013-05-02,-0.315286,-0.302395,-0.000739,-0.004985,-0.003561,0.002680,-0.004684,-0.002063,0.000000,0.000000,-0.315746,0.000460,0.039990,False
2013-05-03,-0.306273,-0.302515,-0.000858,-0.004938,-0.003581,0.002719,-0.004669,-0.002075,0.000000,0.000000,-0.315917,0.009644,0.838568,False
2013-05-04,-0.301830,-0.302634,-0.000973,-0.004886,-0.003599,0.002757,-0.004655,-0.002086,0.000000,0.000000,-0.316076,0.014246,1.238802,False
2013-05-05,-0.300519,-0.302754,-0.001084,-0.004828,-0.003617,0.002795,-0.004640,-0.002098,0.000000,0.000000,-0.316224,0.015705,1.365691,False
2013-05-06,-0.306155,-0.302874,-0.001190,-0.004764,-0.003633,0.002833,-0.004625,-0.002109,0.000000,0.000000,-0.316361,0.010206,0.887456,False
2013-05-07,-0.311808,-0.302994,-0.001289,-0.004694,-0.003648,0.002871,-0.004610,-0.002120,0.000000,0.000000,-0.316485,0.004677,0.406670,False
2013-05-08,-0.306715,-0.303114,-0.001383,-0.004619,-0.003662,0.002909,-0.004595,-0.002132,0.000000,0.000000,-0.316596,0.009881,0.859211,False
2013-05-09,-0.306943,-0.303233,-0.001470,-0.004538,-0.003676,0.002947,-0.004580,-0.002143,0.000000,0.000000,-0.316694,0.009751,0.847917,False
2013-05-10,-0.297337,-0.303353,-0.001551,-0.004452,-0.003688,0.002985,-0.004565,-0.002155,0.000000,0.000000,-0.316779,0.019442,1.690587,False
2013-05-11,-0.307654,-0.303473,-0.001624,-0.004361,-0.003699,0.003023,-0.004550,-0.002166,0.000000,0.000000,-0.316850,0.009196,0.799630,False
2013-05-12,-0.305884,-0.303593,-0.001689,-0.004265,-0.003709,0.003060,-0.004535,-0.002178,0.000000,0.000000,-0.316907,0.011023,0.958505,False
2013-05-13,-0.314330,-0.303713,-0.001746,-0.004163,-0.003717,0.003098,-0.004519,-0.002189,0.000000,0.000000,-0.316950,0.002620,0.227803,False
2013-05-14,-0.307868,-0.303833,-0.001795,-0.004057,-0.003725,0.003135,-0.004504,-0.002200,0.000000,0.000000,-0.316978,0.009110,0.792206,False
2013-05-15,-0.303093,-0.303952,-0.001835,-0.003946,-0.003732,0.003172,-0.004489,-0.002212,0.000000,0.000000,-0.316993,0.013900,1.208662,False
2013-05-16,-0.294927,-0.304072,-0.001867,-0.003830,-0.003737,0.003210,-0.004473,-0.002223,0.000000,0.000000,-0.316992,0.022065,1.918730,False
2013-05-17,-0.309567,-0.304192,-0.001890,-0.003709,-0.003741,0.003247,-0.004458,-0.002234,0.000000,0.000000,-0.316978,0.007411,0.644410,False
2013-05-18,-0.298855,-0.304312,-0.001904,-0.003584,-0.003745,0.003284,-0.004442,-0.002246,0.000000,0.000000,-0.316949,0.018094,1.573356,False
2013-05-19,-0.293238,-0.304432,-0.001909,-0.003455,-0.003747,0.003321,-0.004427,-0.002257,0.000000,0.000000,-0.316905,0.023667,2.058011,False
2013-05-20,-0.307728,-0.304551,-0.001905,-0.003322,-0.003748,0.003358,-0.004411,-0.002268,0.000000,0.000000,-0.316847,0.009119,0.792995,False
2013-05-21,-0.298924,-0.304671,-0.001891,-0.003185,-0.003748,0.003395,-0.004395,-0.002280,0.000000,0.000000,-0.316776,0.017852,1.552322,False
2013-05-22,-0.303465,-0.304791,-0.001869,-0.003044,-0.003746,0.003431,-0.004379,-0.002291,0.000000,0.000000,-0.316690,0.013225,1.150014,False
2013-05-23,-0.317576,-0.304911,-0.001838,-0.002900,-0.003744,0.003468,-0.004363,-0.002302,0.000000,0.000000,-0.316591,-0.000985,-0.085647,False
2013-05-24,-0.308737,-0.305031,-0.001798,-0.002752,-0.003741,0.003504,-0.004348,-0.002314,0.000000,0.000000,-0.316479,0.007742,0.673195,False
2013-05-25,-0.305678,-0.305151,-0.001750,-0.002601,-0.003736,0.003541,-0.004332,-0.002325,0.000000,0.000000,-0.316354,0.010676,0.928311,False
2013-05-26,-0.300416,-0.305270,-0.001694,-0.002446,-0.003731,0.003577,-0.004316,-0.002336,0.000000,0.000000,-0.316216,0.015800,1.373909,False
2013-05-27,-0.297276,-0.305390,-0.001629,-0.002289,-0.003724,0.003613,-0.004300,-0.002348,0.000000,0.000000,-0.316066,0.018790,1.633942,False
2013-05-28,-0.310276,-0.305510,-0.001557,-0.002129,-0.003716,0.003649,-0.004283,-0.002359,0.000000,0.000000,-0.315905,0.005629,0.489498,False
2013-05-29,-0.306296,-0.305630,-0.001477,-0.001967,-0.003707,0.003685,-0.004267,-0.002370,0.000000,0.000000,-0.315733,0.009437,0.820622,False
2013-05-30,-0.308713,-0.305750,-0.001391,-0.001802,-0.003697,0.003721,-0.004251,-0.002381,0.000000,0.000000,-0.315551,0.006838,0.594582,False
2013-05-31,-0.307876,-0.305869,-0.001297,-0.001635,-0.003686,0.003757,-0.004235,-0.002393,0.000000,0.000000,-0.315358,0.007482,0.650648,False
2013-06-01,-0.309604,-0.305989,-0.001198,-0.001466,-0.003674,0.003792,-0.004218,-0.002404,0.000000,0.000000,-0.315157,0.005553,0.482876,False
2013-06-02,-0.302151,-0.306109,-0.001093,-0.001296,-0.003660,0.003828,-0.004202,-0.002415,0.000000,0.000000,-0.314947,0.012796,1.112717,False
2013-06-03,-0.308771,-0.306229,-0.000983,-0.001124,-0.003646,0.003863,-0.004185,-0.002426,0.000000,0.000000,-0.314730,0.005959,0.518144,False
2013-06-04,-0.313498,-0.306349,-0.000868,-0.000950,-0.003630,0.003898,-0.004169,-0.002438,0.000000,0.000000,-0.314505,0.001007,0.087570,False
2013-06-05,-0.309409,-0.306469,-0.000749,-0.000776,-0.003614,0.003934,-0.004152,-0.002449,0.000000,0.000000,-0.314274,0.004865,0.423060,False
2013-06-06,-0.313742,-0.306588,-0.000626,-0.000600,-0.003596,0.003969,-0.004136,-0.002460,0.000000,0.000000,-0.314038,0.000296,0.025724,False
2013-06-07,-0.311246,-0.306708,-0.000500,-0.000424,-0.003578,0.004004,-0.004119,-0.002471,0.000000,0.000000,-0.313797,0.002551,0.221807,False
2013-06-08,-0.308807,-0.306828,-0.000373,-0.000247,-0.003558,0.004038,-0.004102,-0.002482,0.000000,0.000000,-0.313552,0.004745,0.412596,False
2013-06-09,-0.319699,-0.306948,-0.000243,-0.000070,-0.003537,0.004073,-0.004085,-0.002493,0.000000,0.000000,-0.313304,-0.006395,-0.556099,False
2013-06-10,-0.314247,-0.307068,-0.000112,0.000107,-0.003515,0.004108,-0.004069,-0.002505,0.000000,0.000000,-0.313054,-0.001193,-0.103770,False
2013-06-11,-0.304401,-0.307187,0.000019,0.000284,-0.003492,0.004142,-0.004052,-0.002516,0.000000,0.000000,-0.312802,0.008401,0.730525,False
2013-06-12,-0.310008,-0.307307,0.000151,0.000460,-0.003468,0.004177,-0.004035,-0.002527,0.000000,0.000000,-0.312550,0.002542,0.221033,False
2013-06-13,-0.309421,-0.307427,0.000281,0.000636,-0.003443,0.004211,-0.004018,-0.002538,0.000000,0.000000,-0.312298,0.002877,0.250175,False
2013-06-14,-0.316717,-0.307547,0.000410,0.000811,-0.003417,0.004245,-0.004001,-0.002549,0.000000,0.000000,-0.312047,-0.004670,-0.406063,False
2013-06-15,-0.308128,-0.307667,0.000538,0.000986,-0.003390,0.004279,-0.003984,-0.002560,0.000000,0.000000,-0.311798,0.003670,0.319173,False
2013-06-16,-0.313810,-0.307787,0.000662,0.001159,-0.003362,0.004313,-0.003966,-0.002571,0.000000,0.000000,-0.311552,-0.002258,-0.196306,False
2013-06-17,-0.315962,-0.307906,0.000784,0.001331,-0.003333,0.004347,-0.003949,-0.002582,0.000000,0.000000,-0.311310,-0.004652,-0.404517,False
2013-06-18,-0.306654,-0.308026,0.000902,0.001501,-0.003303,0.004380,-0.003932,-0.002594,0.000000,0.000000,-0.311072,0.004418,0.384173,False
2013-06-19,-0.316378,-0.308146,0.001015,0.001669,-0.003272,0.004414,-0.003915,-0.002605,0.000000,0.000000,-0.310839,-0.005539,-0.481646,False
2013-06-20,-0.315395,-0.308266,0.001124,0.001836,-0.003241,0.004447,-0.003897,-0.002616,0.000000,0.000000,-0.310612,-0.004783,-0.415910,False
2013-06-21,-0.300587,-0.308386,0.001228,0.002000,-0.003208,0.004480,-0.003880,-0.002627,0.000000,0.000000,-0.310392,0.009805,0.852576,False
2013-06-22,-0.305497,-0.308505,0.001325,0.002162,-0.003174,0.004513,-0.003862,-0.002638,0.000000,0.000000,-0.310179,0.004682,0.407088,False
2013-06-23,-0.304011,-0.308625,0.001417,0.002321,-0.003139,0.004546,-0.003845,-0.002649,0.000000,0.000000,-0.309973,0.005962,0.518467,False
2013-06-24,-0.307844,-0.308745,0.001501,0.002478,-0.003103,0.004579,-0.003827,-0.002660,0.000000,0.000000,-0.309777,0.001933,0.168073,False
2013-06-25,-0.309744,-0.308865,0.001579,0.002632,-0.003067,0.004612,-0.003810,-0.002671,0.000000,0.000000,-0.309590,-0.000154,-0.013433,False
2013-06-26,-0.305952,-0.308985,0.001649,0.002782,-0.003029,0.004644,-0.003792,-0.002682,0.000000,0.000000,-0.309412,0.003460,0.300866,False
2013-06-27,-0.302365,-0.309105,0.001711,0.002929,-0.002991,0.004677,-0.003774,-0.002693,0.000000,0.000000,-0.309245,0.006880,0.598234,False
2013-06-28,-0.304409,-0.309224,0.001765,0.003073,-0.002951,0.004709,-0.003756,-0.002704,0.000000,0.000000,-0.309088,0.004679,0.406887,False
2013-06-29,-0.311913,-0.309344,0.001811,0.003213,-0.002911,0.004741,-0.003739,-0.002715,0.000000,0.000000,-0.308943,-0.002970,-0.258268,False
2013-06-30,-0.305689,-0.309464,0.001848,0.003350,-0.002870,0.004773,-0.003721,-0.002726,0.000000,0.000000,-0.308809,0.003120,0.271325,False
2013-07-01,-0.306668,-0.309584,0.001877,0.003482,-0.002828,0.004805,-0.003703,-0.002737,0.000000,0.000000,-0.308688,0.002020,0.175611,False
2013-07-02,-0.311357,-0.309704,0.001896,0.003610,-0.002785,0.004837,-0.003685,-0.002748,0.000000,0.000000,-0.308578,-0.002779,-0.241646,False
2013-07-03,-0.310436,-0.309823,0.001907,0.003734,-0.002742,0.004869,-0.003667,-0.002759,0.000000,0.000000,-0.308481,-0.001955,-0.169988,False
2013-07-04,-0.299869,-0.309943,0.001908,0.003854,-0.002697,0.004900,-0.003649,-0.002770,0.000000,0.000000,-0.308397,0.008528,0.741560,False
2013-07-05,-0.296777,-0.310063,0.001901,0.003969,-0.002652,0.004932,-0.003631,-0.002781,0.000000,0.000000,-0.308326,0.011549,1.004229,False
2013-07-06,-0.303210,-0.310183,0.001884,0.004079,-0.002606,0.004963,-0.003612,-0.002792,0.000000,0.000000,-0.308267,0.005057,0.439769,False
2013-07-07,-0.303999,-0.310303,0.001859,0.004184,-0.002560,0.004994,-0.003594,-0.002802,0.000000,0.000000,-0.308222,0.004223,0.367229,False
2013-07-08,-0.306845,-0.310423,0.001824,0.004285,-0.002512,0.005025,-0.003576,-0.002813,0.000000,0.000000,-0.308190,0.001345,0.116958,False
2013-07-09,-0.304092,-0.310542,0.001781,0.004380,-0.002464,0.005055,-0.003558,-0.002824,0.000000,0.000000,-0.308171,0.004079,0.354693,False
2013-07-10,-0.313832,-0.310662,0.001730,0.004470,-0.002415,0.005086,-0.003539,-0.002835,0.000000,0.000000,-0.308165,-0.005667,-0.492791,False
2013-07-11,-0.308137,-0.310782,0.001670,0.004555,-0.002365,0.005117,-0.003521,-0.002846,0.000000,0.000000,-0.308172,0.000035,0.003020,False
2013-07-12,-0.283064,-0.310902,0.001603,0.004635,-0.002315,0.005147,-0.003502,-0.002857,0.000000,0.000000,-0.308191,0.025127,2.184978,False
2013-07-13,-0.277089,-0.311022,0.001528,0.004709,-0.002264,0.005177,-0.003484,-0.002868,0.000000,0.000000,-0.308223,0.031134,2.707328,False
2013-07-14,-0.300942,-0.311141,0.001445,0.004777,-0.002212,0.005207,-0.003465,-0.002879,0.000000,0.000000,-0.308268,0.007326,0.637003,False
2013-07-15,-0.307012,-0.311261,0.001356,0.004840,-0.002159,0.005237,-0.003447,-0.002889,0.000000,0.000000,-0.308324,0.001312,0.114065,False
2013-07-16,-0.308842,-0.311381,0.001261,0.004897,-0.002106,0.005267,-0.003428,-0.002900,0.000000,0.000000,-0.308392,-0.000450,-0.039166,False
2013-07-17,-0.302069,-0.311501,0.001159,0.004948,-0.002053,0.005296,-0.003410,-0.002911,0.000000,0.000000,-0.308471,0.006402,0.556667,False
2013-07-18,-0.308879,-0.311621,0.001052,0.004993,-0.001998,0.005326,-0.003391,-0.002922,0.000000,0.000000,-0.308561,-0.000318,-0.027686,False
2013-07-19,-0.312735,-0.311741,0.000940,0.005033,-0.001944,0.005355,-0.003372,-0.002933,0.000000,0.000000,-0.308661,-0.004074,-0.354264,False
2013-07-20,-0.305739,-0.311860,0.000823,0.005066,-0.001888,0.005384,-0.003353,-0.002943,0.000000,0.000000,-0.308771,0.003032,0.263674,False
2013-07-21,-0.308891,-0.311980,0.000703,0.005094,-0.001832,0.005413,-0.003334,-0.002954,0.000000,0.000000,-0.308891,-0.000000,-0.000001,False
2013-07-22,-0.308430,-0.312100,0.000579,0.005115,-0.001776,0.005442,-0.003315,-0.002965,0.000000,0.000000,-0.309020,0.000590,0.051275,False
2013-07-23,-0.304934,-0.312220,0.000453,0.005131,-0.001719,0.005470,-0.003297,-0.002976,0.000000,0.000000,-0.309157,0.004223,0.367193,False
2013-07-24,-0.324609,-0.312340,0.000324,0.005140,-0.001661,0.005499,-0.003278,-0.002986,0.000000,0.000000,-0.309302,-0.015307,-1.331079,False
2013-07-25,-0.307357,-0.312459,0.000194,0.005143,-0.001603,0.005527,-0.003259,-0.002997,0.000000,0.000000,-0.309454,0.002097,0.182322,False
2013-07-26,-0.302486,-0.312579,0.000063,0.005140,-0.001544,0.005555,-0.003239,-0.003008,0.000000,0.000000,-0.309612,0.007126,0.619693,False
2013-07-27,-0.314355,-0.312699,-0.000069,0.005131,-0.001485,0.005583,-0.003220,-0.003018,0.000000,0.000000,-0.309777,-0.004578,-0.398063,False
2013-07-28,-0.315728,-0.312819,-0.000200,0.005116,-0.001426,0.005611,-0.003201,-0.003029,0.000000,0.000000,-0.309948,-0.005780,-0.502652,False
2013-07-29,-0.300896,-0.312939,-0.000330,0.005095,-0.001366,0.005639,-0.003182,-0.003040,0.000000,0.000000,-0.310123,0.009227,0.802307,False
2013-07-30,-0.317402,-0.313059,-0.000458,0.005068,-0.001306,0.005666,-0.003163,-0.003050,0.000000,0.000000,-0.310302,-0.007100,-0.617413,False
2013-07-31,-0.315680,-0.313178,-0.000585,0.005035,-0.001245,0.005694,-0.003143,-0.003061,0.000000,0.000000,-0.310485,-0.005195,-0.451781,False
2013-08-01,-0.310190,-0.313298,-0.000708,0.004995,-0.001184,0.005721,-0.003124,-0.003072,0.000000,0.000000,-0.310670,0.000481,0.041802,False
2013-08-02,-0.304699,-0.313418,-0.000829,0.004950,-0.001123,0.005748,-0.003105,-0.003082,0.000000,0.000000,-0.310858,0.006159,0.535588,False
2013-08-03,-0.301254,-0.313538,-0.000945,0.004899,-0.001061,0.005775,-0.003085,-0.003093,0.000000,0.000000,-0.311048,0.009794,0.851654,False
2013-08-04,-0.311747,-0.313658,-0.001057,0.004843,-0.000999,0.005801,-0.003066,-0.003104,0.000000,0.000000,-0.311239,-0.000508,-0.044182,False
2013-08-05,-0.310839,-0.313777,-0.001164,0.004780,-0.000937,0.005828,-0.003046,-0.003114,0.000000,0.000000,-0.311430,0.000591,0.051422,False
2013-08-06,-0.310769,-0.313897,-0.001265,0.004712,-0.000874,0.005854,-0.003027,-0.003125,0.000000,0.000000,-0.311622,0.000853,0.074155,False
2013-08-07,-0.320877,-0.314017,-0.001360,0.004638,-0.000811,0.005880,-0.003007,-0.003135,0.000000,0.000000,-0.311813,-0.009064,-0.788204,False
2013-08-08,-0.306275,-0.314137,-0.001449,0.004559,-0.000748,0.005906,-0.002988,-0.003146,0.000000,0.000000,-0.312002,0.005727,0.498041,False
2013-08-09,-0.308296,-0.314257,-0.001531,0.004474,-0.000685,0.005932,-0.002968,-0.003157,0.000000,0.000000,-0.312191,0.003895,0.338670,False
2013-08-10,-0.288861,-0.314377,-0.001606,0.004384,-0.000621,0.005958,-0.002948,-0.003167,0.000000,0.000000,-0.312377,0.023516,2.044862,False
2013-08-11,-0.315062,-0.314496,-0.001673,0.004289,-0.000557,0.005983,-0.002929,-0.003178,0.000000,0.000000,-0.312561,-0.002501,-0.217509,False
2013-08-12,-0.315637,-0.314616,-0.001732,0.004189,-0.000494,0.006009,-0.002909,-0.003188,0.000000,0.000000,-0.312741,-0.002896,-0.251784,False
2013-08-13,-0.312704,-0.314736,-0.001783,0.004084,-0.000430,0.006034,-0.002889,-0.003199,0.000000,0.000000,-0.312919,0.000215,0.018700,False
2013-08-14,-0.317801,-0.314856,-0.001826,0.003974,-0.000365,0.006059,-0.002869,-0.003209,0.000000,0.000000,-0.313093,-0.004708,-0.409390,False
2013-08-15,-0.318332,-0.314976,-0.001860,0.003859,-0.000301,0.006084,-0.002850,-0.003220,0.000000,0.000000,-0.313263,-0.005069,-0.440779,False
2013-08-16,-0.309362,-0.315095,-0.001885,0.003740,-0.000237,0.006108,-0.002830,-0.003230,0.000000,0.000000,-0.313429,0.004067,0.353641,False
2013-08-17,-0.307065,-0.315215,-0.001901,0.003616,-0.000172,0.006133,-0.002810,-0.003241,0.000000,0.000000,-0.313590,0.006525,0.567414,False
2013-08-18,-0.306527,-0.315335,-0.001908,0.003488,-0.000108,0.006157,-0.002790,-0.003251,0.000000,0.000000,-0.313747,0.007220,0.627826,False
2013-08-19,-0.306853,-0.315455,-0.001906,0.003356,-0.000043,0.006181,-0.002770,-0.003262,0.000000,0.000000,-0.313899,0.007046,0.612689,False
2013-08-20,-0.313923,-0.315575,-0.001895,0.003220,0.000021,0.006205,-0.002750,-0.003272,0.000000,0.000000,-0.314046,0.000123,0.010688,False
2013-08-21,-0.323521,-0.315694,-0.001876,0.003080,0.000086,0.006229,-0.002730,-0.003282,0.000000,0.000000,-0.314188,-0.009333,-0.811576,False
2013-08-22,-0.307797,-0.315814,-0.001847,0.002936,0.000150,0.006252,-0.002709,-0.003293,0.000000,0.000000,-0.314325,0.006528,0.567630,False
2013-08-23,-0.302782,-0.315934,-0.001809,0.002789,0.000215,0.006276,-0.002689,-0.003303,0.000000,0.000000,-0.314457,0.011675,1.015177,False
2013-08-24,-0.308313,-0.316054,-0.001763,0.002639,0.000279,0.006299,-0.002669,-0.003314,0.000000,0.000000,-0.314583,0.006270,0.545239,False
2013-08-25,-0.309738,-0.316174,-0.001709,0.002485,0.000343,0.006322,-0.002649,-0.003324,0.000000,0.000000,-0.314705,0.004967,0.431908,False
2013-08-26,-0.309493,-0.316294,-0.001646,0.002329,0.000407,0.006345,-0.002629,-0.003334,0.000000,0.000000,-0.314822,0.005329,0.463368,False
2013-08-27,-0.313133,-0.316413,-0.001576,0.002169,0.000472,0.006367,-0.002608,-0.003345,0.000000,0.000000,-0.314934,0.001801,0.156586,False
2013-08-28,-0.303930,-0.316533,-0.001498,0.002008,0.000535,0.006390,-0.002588,-0.003355,0.000000,0.000000,-0.315041,0.011111,0.966185,False
2013-08-29,-0.314898,-0.316653,-0.001413,0.001843,0.000599,0.006412,-0.002568,-0.003365,0.000000,0.000000,-0.315144,0.000246,0.021399,False
2013-08-30,-0.305634,-0.316773,-0.001321,0.001677,0.000663,0.006434,-0.002547,-0.003376,0.000000,0.000000,-0.315243,0.009609,0.835553,False
2013-08-31,-0.312881,-0.316893,-0.001223,0.001509,0.000726,0.006456,-0.002527,-0.003386,0.000000,0.000000,-0.315338,0.002457,0.213625,False
2013-09-01,-0.315056,-0.317012,-0.001120,0.001339,0.000789,0.006478,-0.002506,-0.003396,0.000000,0.000000,-0.315429,0.000373,0.032424,False
2013-09-02,-0.315458,-0.317132,-0.001011,0.001167,0.000852,0.006499,-0.002486,-0.003407,0.000000,0.000000,-0.315517,0.000059,0.005105,False
2013-09-03,-0.314257,-0.317252,-0.000897,0.000994,0.000915,0.006520,-0.002465,-0.003417,0.000000,0.000000,-0.315602,0.001345,0.116917,False
2013-09-04,-0.327451,-0.317372,-0.000779,0.000819,0.000977,0.006542,-0.002445,-0.003427,0.000000,0.000000,-0.315684,-0.011767,-1.023242,False
2013-09-05,-0.312819,-0.317492,-0.000657,0.000644,0.001040,0.006563,-0.002424,-0.003437,0.000000,0.000000,-0.315764,0.002945,0.256052,False
2013-09-06,-0.311934,-0.317612,-0.000532,0.000468,0.001101,0.006583,-0.002403,-0.003448,0.000000,0.000000,-0.315842,0.003908,0.339790,False
2013-09-07,-0.307615,-0.317731,-0.000405,0.000292,0.001163,0.006604,-0.002383,-0.003458,0.000000,0.000000,-0.315918,0.008303,0.722008,False
2013-09-08,-0.313004,-0.317851,-0.000275,0.000115,0.001224,0.006624,-0.002362,-0.003468,0.000000,0.000000,-0.315994,0.002990,0.259957,False
2013-09-09,-0.307459,-0.317971,-0.000145,-0.000062,0.001285,0.006644,-0.002341,-0.003478,0.000000,0.000000,-0.316068,0.008609,0.748632,False
2013-09-10,-0.317965,-0.318091,-0.000014,-0.000239,0.001345,0.006664,-0.002321,-0.003488,0.000000,0.000000,-0.316143,-0.001822,-0.158453,False
2013-09-11,-0.313423,-0.318211,0.000118,-0.000416,0.001405,0.006684,-0.002300,-0.003498,0.000000,0.000000,-0.316218,0.002795,0.243002,False
2013-09-12,-0.314640,-0.318330,0.000249,-0.000592,0.001465,0.006704,-0.002279,-0.003509,0.000000,0.000000,-0.316293,0.001653,0.143729,False
2013-09-13,-0.311592,-0.318450,0.000378,-0.000768,0.001524,0.006723,-0.002258,-0.003519,0.000000,0.000000,-0.316369,0.004777,0.415418,False
2013-09-14,-0.308163,-0.318570,0.000506,-0.000942,0.001583,0.006742,-0.002237,-0.003529,0.000000,0.000000,-0.316447,0.008284,0.720367,False
2013-09-15,-0.308111,-0.318690,0.000631,-0.001116,0.001641,0.006762,-0.002216,-0.003539,0.000000,0.000000,-0.316527,0.008416,0.731829,False
2013-09-16,-0.310688,-0.318810,0.000754,-0.001288,0.001699,0.006780,-0.002195,-0.003549,0.000000,0.000000,-0.316609,0.005921,0.514883,False
2013-09-17,-0.307040,-0.318930,0.000873,-0.001459,0.001756,0.006799,-0.002174,-0.003559,0.000000,0.000000,-0.316694,0.009654,0.839477,False
2013-09-18,-0.309970,-0.319049,0.000987,-0.001627,0.001813,0.006817,-0.002153,-0.003569,0.000000,0.000000,-0.316782,0.006812,0.592339,False
2013-09-19,-0.309232,-0.319169,0.001098,-0.001794,0.001869,0.006836,-0.002132,-0.003579,0.000000,0.000000,-0.316873,0.007641,0.664457,False
2013-09-20,-0.321196,-0.319289,0.001202,-0.001959,0.001925,0.006854,-0.002111,-0.003589,0.000000,0.000000,-0.316968,-0.004228,-0.367617,False
2013-09-21,-0.320460,-0.319409,0.001302,-0.002122,0.001980,0.006872,-0.002090,-0.003599,0.000000,0.000000,-0.317068,-0.003392,-0.294987,False
2013-09-22,-0.320390,-0.319529,0.001394,-0.002282,0.002034,0.006889,-0.002069,-0.003610,0.000000,0.000000,-0.317171,-0.003219,-0.279887,False
2013-09-23,-0.323013,-0.319648,0.001481,-0.002439,0.002088,0.006907,-0.002048,-0.003620,0.000000,0.000000,-0.317280,-0.005733,-0.498555,False
2013-09-24,-0.310667,-0.319768,0.001560,-0.002594,0.002141,0.006924,-0.002027,-0.003630,0.000000,0.000000,-0.317393,0.006726,0.584855,False
2013-09-25,-0.316304,-0.319888,0.001632,-0.002745,0.002194,0.006941,-0.002006,-0.003640,0.000000,0.000000,-0.317511,0.001207,0.104971,False
2013-09-26,-0.316188,-0.320008,0.001696,-0.002893,0.002246,0.006958,-0.001984,-0.003650,0.000000,0.000000,-0.317635,0.001447,0.125809,False
2013-09-27,-0.317891,-0.320128,0.001753,-0.003038,0.002297,0.006974,-0.001963,-0.003659,0.000000,0.000000,-0.317764,-0.000127,-0.011055,False
2013-09-28,-0.314370,-0.320248,0.001800,-0.003179,0.002348,0.006991,-0.001942,-0.003669,0.000000,0.000000,-0.317898,0.003528,0.306825,False
2013-09-29,-0.314514,-0.320367,0.001840,-0.003316,0.002398,0.007007,-0.001921,-0.003679,0.000000,0.000000,-0.318039,0.003525,0.306498,False
2013-09-30,-0.328453,-0.320487,0.001870,-0.003449,0.002447,0.007023,-0.001899,-0.003689,0.000000,0.000000,-0.318185,-0.010268,-0.892901,False
2013-10-01,-0.323711,-0.320607,0.001892,-0.003579,0.002496,0.007039,-0.001878,-0.003699,0.000000,0.000000,-0.318336,-0.005375,-0.467373,False
2013-10-02,-0.324221,-0.320727,0.001905,-0.003704,0.002543,0.007055,-0.001857,-0.003709,0.000000,0.000000,-0.318493,-0.005728,-0.498051,False
2013-10-03,-0.318353,-0.320847,0.001909,-0.003824,0.002590,0.007070,-0.001835,-0.003719,0.000000,0.000000,-0.318656,0.000303,0.026363,False
2013-10-04,-0.320861,-0.320966,0.001903,-0.003940,0.002637,0.007085,-0.001814,-0.003729,0.000000,0.000000,-0.318824,-0.002037,-0.177096,False
2013-10-05,-0.318987,-0.321086,0.001889,-0.004052,0.002682,0.007100,-0.001792,-0.003739,0.000000,0.000000,-0.318998,0.000011,0.000948,False
2013-10-06,-0.325208,-0.321206,0.001866,-0.004158,0.002727,0.007115,-0.001771,-0.003749,0.000000,0.000000,-0.319177,-0.006031,-0.524476,False
2013-10-07,-0.332923,-0.321326,0.001834,-0.004260,0.002771,0.007130,-0.001749,-0.003758,0.000000,0.000000,-0.319360,-0.013563,-1.179387,False
2013-10-08,-0.322746,-0.321446,0.001793,-0.004357,0.002814,0.007144,-0.001728,-0.003768,0.000000,0.000000,-0.319548,-0.003198,-0.278070,False
2013-10-09,-0.323322,-0.321566,0.001744,-0.004448,0.002856,0.007158,-0.001706,-0.003778,0.000000,0.000000,-0.319741,-0.003581,-0.311418,False
2013-10-10,-0.323053,-0.321685,0.001686,-0.004535,0.002897,0.007172,-0.001685,-0.003788,0.000000,0.000000,-0.319937,-0.003116,-0.270940,False
2013-10-11,-0.321440,-0.321805,0.001621,-0.004615,0.002938,0.007186,-0.001663,-0.003798,0.000000,0.000000,-0.320137,-0.001303,-0.113276,False
2013-10-12,-0.325476,-0.321925,0.001547,-0.004691,0.002977,0.007200,-0.001642,-0.003807,0.000000,0.000000,-0.320341,-0.005135,-0.446545,False
2013-10-13,-0.313864,-0.322045,0.001467,-0.004761,0.003016,0.007213,-0.001620,-0.003817,0.000000,0.000000,-0.320547,0.006683,0.581127,False
2013-10-14,-0.330931,-0.322165,0.001379,-0.004825,0.003054,0.007226,-0.001598,-0.003827,0.000000,0.000000,-0.320756,-0.010175,-0.884821,False
2013-10-15,-0.319501,-0.322284,0.001285,-0.004883,0.003091,0.007239,-0.001577,-0.003837,0.000000,0.000000,-0.320966,0.001465,0.127396,False
2013-10-16,-0.317702,-0.322404,0.001185,-0.004936,0.003127,0.007252,-0.001555,-0.003846,0.000000,0.000000,-0.321178,0.003476,0.302257,False
2013-10-17,-0.326552,-0.322524,0.001079,-0.004983,0.003162,0.007264,-0.001533,-0.003856,0.000000,0.000000,-0.321391,-0.005161,-0.448807,False
2013-10-18,-0.326459,-0.322644,0.000968,-0.005024,0.003196,0.007277,-0.001512,-0.003866,0.000000,0.000000,-0.321604,-0.004855,-0.422191,False
2013-10-19,-0.322721,-0.322764,0.000853,-0.005059,0.003229,0.007289,-0.001490,-0.003875,0.000000,0.000000,-0.321817,-0.000904,-0.078639,False
2013-10-20,-0.326264,-0.322884,0.000733,-0.005088,0.003262,0.007301,-0.001468,-0.003885,0.000000,0.000000,-0.322029,-0.004235,-0.368288,False
2013-10-21,-0.326261,-0.323003,0.000610,-0.005110,0.003293,0.007312,-0.001446,-0.003895,0.000000,0.000000,-0.322239,-0.004022,-0.349713,False
2013-10-22,-0.319744,-0.323123,0.000485,-0.005127,0.003323,0.007324,-0.001425,-0.003904,0.000000,0.000000,-0.322448,0.002704,0.235123,False
2013-10-23,-0.326192,-0.323243,0.000356,-0.005138,0.003353,0.007335,-0.001403,-0.003914,0.000000,0.000000,-0.322654,-0.003538,-0.307660,False
2013-10-24,-0.333574,-0.323363,0.000227,-0.005143,0.003381,0.007346,-0.001381,-0.003924,0.000000,0.000000,-0.322857,-0.010717,-0.931941,False
2013-10-25,-0.333288,-0.323483,0.000096,-0.005141,0.003408,0.007357,-0.001359,-0.003933,0.000000,0.000000,-0.323056,-0.010232,-0.889774,False
2013-10-26,-0.331912,-0.323602,-0.000036,-0.005134,0.003435,0.007368,-0.001337,-0.003943,0.000000,0.000000,-0.323250,-0.008662,-0.753211,False
2013-10-27,-0.327237,-0.323722,-0.000167,-0.005120,0.003460,0.007378,-0.001315,-0.003952,0.000000,0.000000,-0.323440,-0.003797,-0.330217,False
2013-10-28,-0.326049,-0.323842,-0.000297,-0.005101,0.003484,0.007388,-0.001293,-0.003962,0.000000,0.000000,-0.323623,-0.002426,-0.210933,False
2013-10-29,-0.337228,-0.323962,-0.000426,-0.005075,0.003507,0.007398,-0.001272,-0.003971,0.000000,0.000000,-0.323801,-0.013427,-1.167582,False
2013-10-30,-0.327960,-0.324082,-0.000553,-0.005043,0.003530,0.007408,-0.001250,-0.003981,0.000000,0.000000,-0.323972,-0.003988,-0.346824,False
2013-10-31,-0.338967,-0.324202,-0.000678,-0.005006,0.003551,0.007417,-0.001228,-0.003990,0.000000,0.000000,-0.324135,-0.014832,-1.289751,False
2013-11-01,-0.322982,-0.324321,-0.000799,-0.004962,0.003571,0.007427,-0.001206,-0.004000,0.000000,0.000000,-0.324290,0.001308,0.113766,False
2013-11-02,-0.327095,-0.324441,-0.000916,-0.004913,0.003590,0.007436,-0.001184,-0.004009,0.000000,0.000000,-0.324437,-0.002658,-0.231102,False
2013-11-03,-0.330059,-0.324561,-0.001029,-0.004857,0.003608,0.007445,-0.001162,-0.004019,0.000000,0.000000,-0.324575,-0.005484,-0.476833,False
2013-11-04,-0.330992,-0.324681,-0.001137,-0.004796,0.003625,0.007454,-0.001140,-0.004028,0.000000,0.000000,-0.324704,-0.006288,-0.546771,False
2013-11-05,-0.329217,-0.324801,-0.001240,-0.004730,0.003641,0.007462,-0.001118,-0.004038,0.000000,0.000000,-0.324823,-0.004394,-0.382083,False
2013-11-06,-0.323278,-0.324920,-0.001337,-0.004657,0.003656,0.007470,-0.001096,-0.004047,0.000000,0.000000,-0.324932,0.001654,0.143802,False
2013-11-07,-0.329183,-0.325040,-0.001428,-0.004579,0.003669,0.007478,-0.001074,-0.004057,0.000000,0.000000,-0.325030,-0.004153,-0.361146,False
2013-11-08,-0.329622,-0.325160,-0.001511,-0.004496,0.003682,0.007486,-0.001051,-0.004066,0.000000,0.000000,-0.325117,-0.004505,-0.391739,False
2013-11-09,-0.323881,-0.325280,-0.001588,-0.004407,0.003693,0.007494,-0.001029,-0.004075,0.000000,0.000000,-0.325193,0.001312,0.114085,False
2013-11-10,-0.321755,-0.325400,-0.001657,-0.004314,0.003704,0.007501,-0.001007,-0.004085,0.000000,0.000000,-0.325257,0.003502,0.304563,False
2013-11-11,-0.322550,-0.325520,-0.001718,-0.004215,0.003713,0.007508,-0.000985,-0.004094,0.000000,0.000000,-0.325310,0.002760,0.240026,False
2013-11-12,-0.322342,-0.325639,-0.001771,-0.004111,0.003721,0.007515,-0.000963,-0.004103,0.000000,0.000000,-0.325351,0.003009,0.261676,False
2013-11-13,-0.323158,-0.325759,-0.001816,-0.004002,0.003728,0.007522,-0.000941,-0.004113,0.000000,0.000000,-0.325380,0.002222,0.193241,False
2013-11-14,-0.329031,-0.325879,-0.001852,-0.003888,0.003734,0.007529,-0.000919,-0.004122,0.000000,0.000000,-0.325397,-0.003634,-0.315982,False
2013-11-15,-0.317651,-0.325999,-0.001880,-0.003770,0.003739,0.007535,-0.000897,-0.004131,0.000000,0.000000,-0.325402,0.007751,0.674005,False
2013-11-16,-0.315854,-0.326119,-0.001898,-0.003647,0.003743,0.007541,-0.000874,-0.004141,0.000000,0.000000,-0.325395,0.009541,0.829638,False
2013-11-17,-0.320066,-0.326238,-0.001907,-0.003520,0.003746,0.007547,-0.000852,-0.004150,0.000000,0.000000,-0.325376,0.005310,0.461704,False
2013-11-18,-0.323370,-0.326358,-0.001908,-0.003389,0.003747,0.007552,-0.000830,-0.004159,0.000000,0.000000,-0.325344,0.001974,0.171691,False
2013-11-19,-0.324369,-0.326478,-0.001899,-0.003254,0.003748,0.007558,-0.000808,-0.004168,0.000000,0.000000,-0.325302,0.000933,0.081091,False
2013-11-20,-0.326785,-0.326598,-0.001881,-0.003115,0.003747,0.007563,-0.000786,-0.004177,0.000000,0.000000,-0.325247,-0.001538,-0.133731,False
2013-11-21,-0.324186,-0.326718,-0.001855,-0.002972,0.003745,0.007568,-0.000763,-0.004187,0.000000,0.000000,-0.325181,0.000995,0.086550,False
2013-11-22,-0.323150,-0.326838,-0.001819,-0.002826,0.003743,0.007573,-0.000741,-0.004196,0.000000,0.000000,-0.325105,0.001955,0.169961,False
2013-11-23,-0.328514,-0.326957,-0.001775,-0.002677,0.003739,0.007577,-0.000719,-0.004205,0.000000,0.000000,-0.325017,-0.003497,-0.304077,False
2013-11-24,-0.327496,-0.327077,-0.001723,-0.002524,0.003734,0.007582,-0.000697,-0.004214,0.000000,0.000000,-0.324919,-0.002577,-0.224053,False
2013-11-25,-0.327694,-0.327197,-0.001662,-0.002368,0.003727,0.007586,-0.000674,-0.004223,0.000000,0.000000,-0.324812,-0.002882,-0.250625,False
2013-11-26,-0.322850,-0.327317,-0.001594,-0.002209,0.003720,0.007590,-0.000652,-0.004232,0.000000,0.000000,-0.324695,0.001845,0.160421,False
2013-11-27,-0.323035,-0.327437,-0.001518,-0.002048,0.003712,0.007593,-0.000630,-0.004242,0.000000,0.000000,-0.324569,0.001534,0.133392,False
2013-11-28,-0.332871,-0.327556,-0.001435,-0.001885,0.003702,0.007597,-0.000607,-0.004251,0.000000,0.000000,-0.324435,-0.008436,-0.733579,False
2013-11-29,-0.325264,-0.327676,-0.001345,-0.001719,0.003692,0.007600,-0.000585,-0.004260,0.000000,0.000000,-0.324293,-0.000971,-0.084440,False
2013-11-30,-0.328338,-0.327796,-0.001248,-0.001551,0.003680,0.007603,-0.000563,-0.004269,0.000000,0.000000,-0.324144,-0.004194,-0.364703,False
2013-12-01,-0.327234,-0.327916,-0.001146,-0.001381,0.003667,0.007606,-0.000540,-0.004278,0.000000,0.000000,-0.323988,-0.003246,-0.282224,False
2013-12-02,-0.317489,-0.328036,-0.001038,-0.001210,0.003653,0.007609,-0.000518,-0.004287,0.000000,0.000000,-0.323827,0.006338,0.551144,False
2013-12-03,-0.322264,-0.328156,-0.000926,-0.001037,0.003638,0.007611,-0.000496,-0.004296,0.000000,0.000000,-0.323661,0.001397,0.121461,False
2013-12-04,-0.329027,-0.328275,-0.000809,-0.000863,0.003622,0.007613,-0.000473,-0.004305,0.000000,0.000000,-0.323490,-0.005537,-0.481468,False
2013-12-05,-0.322887,-0.328395,-0.000688,-0.000688,0.003605,0.007615,-0.000451,-0.004314,0.000000,0.000000,-0.323316,0.000429,0.037291,False
2013-12-06,-0.322969,-0.328515,-0.000564,-0.000512,0.003587,0.007617,-0.000429,-0.004323,0.000000,0.000000,-0.323139,0.000170,0.014763,False
2013-12-07,-0.321085,-0.328635,-0.000437,-0.000336,0.003568,0.007618,-0.000406,-0.004332,0.000000,0.000000,-0.322960,0.001875,0.163015,False
2013-12-08,-0.315777,-0.328755,-0.000308,-0.000159,0.003548,0.007619,-0.000384,-0.004341,0.000000,0.000000,-0.322779,0.007002,0.608902,False
2013-12-09,-0.316704,-0.328874,-0.000178,0.000018,0.003526,0.007620,-0.000362,-0.004350,0.000000,0.000000,-0.322599,0.005895,0.512580,False
2013-12-10,-0.312415,-0.328994,-0.000046,0.000195,0.003504,0.007621,-0.000339,-0.004359,0.000000,0.000000,-0.322418,0.010003,0.869861,False
2013-12-11,-0.321458,-0.329114,0.000085,0.000372,0.003480,0.007622,-0.000317,-0.004368,0.000000,0.000000,-0.322239,0.000781,0.067945,False
2013-12-12,-0.316133,-0.329234,0.000216,0.000548,0.003456,0.007622,-0.000295,-0.004376,0.000000,0.000000,-0.322062,0.005929,0.515602,False
2013-12-13,-0.319658,-0.329354,0.000346,0.000724,0.003430,0.007622,-0.000272,-0.004385,0.000000,0.000000,-0.321888,0.002230,0.193945,False
2013-12-14,-0.311706,-0.329474,0.000474,0.000899,0.003404,0.007622,-0.000250,-0.004394,0.000000,0.000000,-0.321718,0.010012,0.870612,False
2013-12-15,-0.318606,-0.329593,0.000600,0.001073,0.003377,0.007622,-0.000227,-0.004403,0.000000,0.000000,-0.321552,0.002946,0.256194,False
2013-12-16,-0.316138,-0.329713,0.000724,0.001245,0.003348,0.007622,-0.000205,-0.004412,0.000000,0.000000,-0.321392,0.005254,0.456846,False
2013-12-17,-0.315060,-0.329833,0.000843,0.001416,0.003319,0.007621,-0.000183,-0.004421,0.000000,0.000000,-0.321237,0.006177,0.537160,False
2013-12-18,-0.314655,-0.329953,0.000959,0.001585,0.003288,0.007620,-0.000160,-0.004429,0.000000,0.000000,-0.321090,0.006435,0.559549,False
2013-12-19,-0.314562,-0.330073,0.001070,0.001753,0.003257,0.007619,-0.000138,-0.004438,0.000000,0.000000,-0.320950,0.006388,0.555468,False
2013-12-20,-0.317847,-0.330192,0.001177,0.001918,0.003224,0.007617,-0.000115,-0.004447,0.000000,0.000000,-0.320818,0.002971,0.258371,False
2013-12-21,-0.319087,-0.330312,0.001277,0.002081,0.003191,0.007616,-0.000093,-0.004456,0.000000,0.000000,-0.320696,0.001609,0.139884,False
2013-12-22,-0.317491,-0.330432,0.001372,0.002242,0.003157,0.007614,-0.000071,-0.004464,0.000000,0.000000,-0.320583,0.003092,0.268847,False
2013-12-23,-0.313729,-0.330552,0.001460,0.002400,0.003121,0.007612,-0.000048,-0.004473,0.000000,0.000000,-0.320480,0.006751,0.587053,False
2013-12-24,-0.318335,-0.330672,0.001541,0.002555,0.003085,0.007610,-0.000026,-0.004482,0.000000,0.000000,-0.320388,0.002053,0.178553,False
2013-12-25,-0.314758,-0.330792,0.001615,0.002707,0.003048,0.007607,-0.000003,-0.004490,0.000000,0.000000,-0.320308,0.005550,0.482615,False
2013-12-26,-0.320596,-0.330911,0.001681,0.002856,0.003010,0.007604,0.000019,-0.004499,0.000000,0.000000,-0.320240,-0.000356,-0.030978,False
2013-12-27,-0.321815,-0.331031,0.001739,0.003002,0.002971,0.007601,0.000042,-0.004508,0.000000,0.000000,-0.320184,-0.001631,-0.141837,False
2013-12-28,-0.313664,-0.331151,0.001789,0.003144,0.002931,0.007598,0.000064,-0.004516,0.000000,0.000000,-0.320141,0.006477,0.563208,False
2013-12-29,-0.313745,-0.331271,0.001831,0.003282,0.002891,0.007595,0.000086,-0.004525,0.000000,0.000000,-0.320111,0.006366,0.553581,False
2013-12-30,-0.308780,-0.331391,0.001864,0.003416,0.002849,0.007591,0.000109,-0.004534,0.000000,0.000000,-0.320095,0.011315,0.983922,False
2013-12-31,-0.319325,-0.331510,0.001888,0.003547,0.002807,0.007587,0.000131,-0.004542,0.000000,0.000000,-0.320093,0.000768,0.066778,False
2014-01-01,-0.314940,-0.331630,0.001903,0.003673,0.002764,0.007583,0.000154,-0.004551,0.000000,0.000000,-0.320105,0.005165,0.449129,False
2014-01-02,-0.315768,-0.331750,0.001909,0.003795,0.002720,0.007579,0.000176,-0.004559,0.000000,0.000000,-0.320131,0.004363,0.379427,False
2014-01-03,-0.317441,-0.331870,0.001906,0.003912,0.002675,0.007575,0.000198,-0.004568,0.000000,0.000000,-0.320172,0.002732,0.237556,False
2014-01-04,-0.319113,-0.331990,0.001893,0.004024,0.002629,0.007570,0.000221,-0.004576,0.000000,0.000000,-0.320228,0.001115,0.096961,False
2014-01-05,-0.310470,-0.332110,0.001872,0.004132,0.002583,0.007565,0.000243,-0.004585,0.000000,0.000000,-0.320298,0.009828,0.854646,False
2014-01-06,-0.313728,-0.332229,0.001843,0.004235,0.002536,0.007560,0.000266,-0.004593,0.000000,0.000000,-0.320384,0.006656,0.578743,False
2014-01-07,-0.316308,-0.332349,0.001804,0.004333,0.002488,0.007555,0.000288,-0.004602,0.000000,0.000000,-0.320483,0.004175,0.363076,False
2014-01-08,-0.314334,-0.332469,0.001757,0.004426,0.002439,0.007549,0.000310,-0.004610,0.000000,0.000000,-0.320598,0.006264,0.544682,False
2014-01-09,-0.315409,-0.332589,0.001701,0.004513,0.002390,0.007543,0.000333,-0.004619,0.000000,0.000000,-0.320727,0.005318,0.462417,False
2014-01-10,-0.310793,-0.332709,0.001638,0.004596,0.002340,0.007537,0.000355,-0.004627,0.000000,0.000000,-0.320870,0.010077,0.876268,False
2014-01-11,-0.318373,-0.332828,0.001566,0.004672,0.002289,0.007531,0.000377,-0.004636,0.000000,0.000000,-0.321027,0.002654,0.230824,False
2014-01-12,-0.316349,-0.332948,0.001488,0.004744,0.002238,0.007525,0.000400,-0.004644,0.000000,0.000000,-0.321199,0.004850,0.421715,False
2014-01-13,-0.320414,-0.333068,0.001402,0.004809,0.002186,0.007518,0.000422,-0.004652,0.000000,0.000000,-0.321383,0.000969,0.084304,False
2014-01-14,-0.317546,-0.333188,0.001309,0.004869,0.002133,0.007511,0.000445,-0.004661,0.000000,0.000000,-0.321581,0.004035,0.350911,False
2014-01-15,-0.321306,-0.333308,0.001211,0.004923,0.002080,0.007504,0.000467,-0.004669,0.000000,0.000000,-0.321792,0.000486,0.042284,False
2014-01-16,-0.316684,-0.333428,0.001106,0.004972,0.002026,0.007497,0.000489,-0.004677,0.000000,0.000000,-0.322015,0.005331,0.463605,False
2014-01-17,-0.321980,-0.333547,0.000997,0.005014,0.001971,0.007489,0.000512,-0.004686,0.000000,0.000000,-0.322251,0.000271,0.023530,False
2014-01-18,-0.334675,-0.333667,0.000882,0.005050,0.001916,0.007481,0.000534,-0.004694,0.000000,0.000000,-0.322497,-0.012178,-1.058941,False
2014-01-19,-0.329002,-0.333787,0.000764,0.005081,0.001860,0.007474,0.000556,-0.004702,0.000000,0.000000,-0.322755,-0.006247,-0.543243,False
2014-01-20,-0.324869,-0.333907,0.000641,0.005105,0.001804,0.007465,0.000579,-0.004710,0.000000,0.000000,-0.323023,-0.001846,-0.160553,False
2014-01-21,-0.334725,-0.334027,0.000516,0.005124,0.001747,0.007457,0.000601,-0.004719,0.000000,0.000000,-0.323300,-0.011425,-0.993444,False
2014-01-22,-0.321339,-0.334146,0.000389,0.005136,0.001690,0.007448,0.000623,-0.004727,0.000000,0.000000,-0.323587,0.002248,0.195513,False
2014-01-23,-0.332796,-0.334266,0.000259,0.005142,0.001632,0.007440,0.000645,-0.004735,0.000000,0.000000,-0.323883,-0.008913,-0.775040,False
2014-01-24,-0.325883,-0.334386,0.000128,0.005142,0.001574,0.007430,0.000668,-0.004743,0.000000,0.000000,-0.324187,-0.001696,-0.147504,False
2014-01-25,-0.327857,-0.334506,-0.000003,0.005136,0.001515,0.007421,0.000690,-0.004751,0.000000,0.000000,-0.324498,-0.003359,-0.292110,False
2014-01-26,-0.326925,-0.334626,-0.000134,0.005124,0.001456,0.007412,0.000712,-0.004760,0.000000,0.000000,-0.324815,-0.002110,-0.183435,False
2014-01-27,-0.323347,-0.334746,-0.000265,0.005106,0.001396,0.007402,0.000735,-0.004768,0.000000,0.000000,-0.325139,0.001792,0.155855,False
2014-01-28,-0.338199,-0.334865,-0.000394,0.005082,0.001336,0.007392,0.000757,-0.004776,0.000000,0.000000,-0.325469,-0.012730,-1.106993,False
2014-01-29,-0.333574,-0.334985,-0.000522,0.005052,0.001275,0.007382,0.000779,-0.004784,0.000000,0.000000,-0.325803,-0.007771,-0.675774,False
2014-01-30,-0.330916,-0.335105,-0.000647,0.005016,0.001215,0.007372,0.000801,-0.004792,0.000000,0.000000,-0.326141,-0.004775,-0.415243,False
2014-01-31,-0.330886,-0.335225,-0.000769,0.004974,0.001153,0.007361,0.000823,-0.004800,0.000000,0.000000,-0.326482,-0.004404,-0.382934,False
2014-02-01,-0.331027,-0.335345,-0.000887,0.004926,0.001092,0.007350,0.000846,-0.004808,0.000000,0.000000,-0.326827,-0.004200,-0.365215,False
2014-02-02,-0.331167,-0.335464,-0.001002,0.004872,0.001030,0.007340,0.000868,-0.004816,0.000000,0.000000,-0.327173,-0.003994,-0.347308,False
2014-02-03,-0.331308,-0.335584,-0.001111,0.004812,0.000968,0.007328,0.000890,-0.004824,0.000000,0.000000,-0.327521,-0.003787,-0.329267,False
2014-02-04,-0.331448,-0.335704,-0.001215,0.004747,0.000905,0.007317,0.000912,-0.004832,0.000000,0.000000,-0.327870,-0.003578,-0.311145,False
2014-02-05,-0.331589,-0.335824,-0.001313,0.004676,0.000843,0.007305,0.000934,-0.004840,0.000000,0.000000,-0.328220,-0.003369,-0.292993,False
2014-02-06,-0.331730,-0.335944,-0.001406,0.004599,0.000780,0.007294,0.000956,-0.004848,0.000000,0.000000,-0.328569,-0.003161,-0.274861,False
2014-02-07,-0.331870,-0.336064,-0.001491,0.004517,0.000716,0.007282,0.000979,-0.004856,0.000000,0.000000,-0.328917,-0.002953,-0.256797,False
2014-02-08,-0.331870,-0.336183,-0.001570,0.004430,0.000653,0.007269,0.001001,-0.004864,0.000000,0.000000,-0.329264,-0.002606,-0.226620,False
2014-02-09,-0.331870,-0.336303,-0.001641,0.004337,0.000589,0.007257,0.001023,-0.004872,0.000000,0.000000,-0.329609,-0.002261,-0.196598,False
2014-02-10,-0.331870,-0.336423,-0.001704,0.004240,0.000525,0.007244,0.001045,-0.004880,0.000000,0.000000,-0.329952,-0.001918,-0.166773,False
2014-02-11,-0.331870,-0.336543,-0.001759,0.004137,0.000462,0.007231,0.001067,-0.004888,0.000000,0.000000,-0.330293,-0.001578,-0.137181,False
2014-02-12,-0.331870,-0.336663,-0.001806,0.004029,0.000397,0.007218,0.001089,-0.004896,0.000000,0.000000,-0.330630,-0.001240,-0.107858,False
2014-02-13,-0.331870,-0.336782,-0.001844,0.003917,0.000333,0.007205,0.001111,-0.004903,0.000000,0.000000,-0.330963,-0.000907,-0.078836,False
2014-02-14,-0.331870,-0.336902,-0.001874,0.003800,0.000269,0.007192,0.001133,-0.004911,0.000000,0.000000,-0.331293,-0.000577,-0.050144,False
2014-02-15,,-0.337022,-0.001894,0.003678,0.000205,0.007178,0.001155,-0.004919,0.000000,0.000000,-0.331619,,,False
2014-02-16,,-0.337142,-0.001906,0.003553,0.000140,0.007164,0.001177,-0.004927,0.000000,0.000000,-0.331941,,,False
2014-02-17,,-0.337262,-0.001908,0.003422,0.000076,0.007150,0.001199,-0.004935,0.000000,0.000000,-0.332258,,,False
2014-02-18,,-0.337382,-0.001902,0.003288,0.000011,0.007136,0.001221,-0.004942,0.000000,0.000000,-0.332570,,,False
2014-02-19,,-0.337501,-0.001887,0.003150,-0.000053,0.007121,0.001243,-0.004950,0.000000,0.000000,-0.332877,,,False
2014-02-20,,-0.337621,-0.001862,0.003008,-0.000118,0.007106,0.001265,-0.004958,0.000000,0.000000,-0.333179,,,False
2014-02-21,,-0.337741,-0.001829,0.002863,-0.000182,0.007091,0.001287,-0.004966,0.000000,0.000000,-0.333477,,,False
2014-02-22,,-0.337861,-0.001787,0.002714,-0.000247,0.007076,0.001309,-0.004973,0.000000,0.000000,-0.333769,,,False
2014-02-23,,-0.337981,-0.001737,0.002562,-0.000311,0.007061,0.001331,-0.004981,0.000000,0.000000,-0.334056,,,False
2014-02-24,,-0.338100,-0.001678,0.002407,-0.000375,0.007045,0.001353,-0.004989,0.000000,0.000000,-0.334337,,,False
2014-02-25,,-0.338220,-0.001612,0.002249,-0.000440,0.007030,0.001375,-0.004996,0.000000,0.000000,-0.334614,,,False
2014-02-26,,-0.338340,-0.001538,0.002089,-0.000504,0.007014,0.001396,-0.005004,0.000000,0.000000,-0.334886,,,False
2014-02-27,,-0.338460,-0.001456,0.001926,-0.000567,0.006997,0.001418,-0.005011,0.000000,0.000000,-0.335153,,,False
2014-02-28,,-0.338580,-0.001368,0.001761,-0.000631,0.006981,0.001440,-0.005019,0.000000,0.000000,-0.335416,,,False
2014-03-01,,-0.338700,-0.001273,0.001593,-0.000695,0.006965,0.001462,-0.005027,0.000000,0.000000,-0.335674,,,False
2014-03-02,,-0.338819,-0.001172,0.001424,-0.000758,0.006948,0.001484,-0.005034,0.000000,0.000000,-0.335928,,,False
2014-03-03,,-0.338939,-0.001066,0.001253,-0.000821,0.006931,0.001505,-0.005042,0.000000,0.000000,-0.336178,,,False
2014-03-04,,-0.339059,-0.000954,0.001080,-0.000884,0.006914,0.001527,-0.005049,0.000000,0.000000,-0.336425,,,False
2014-03-05,,-0.339179,-0.000838,0.000907,-0.000946,0.006896,0.001549,-0.005057,0.000000,0.000000,-0.336668,,,False
2014-03-06,,-0.339299,-0.000718,0.000732,-0.001009,0.006879,0.001570,-0.005064,0.000000,0.000000,-0.336908,,,False
2014-03-07,,-0.339418,-0.000595,0.000556,-0.001071,0.006861,0.001592,-0.005072,0.000000,0.000000,-0.337146,,,False
2014-03-08,,-0.339538,-0.000469,0.000380,-0.001132,0.006843,0.001614,-0.005079,0.000000,0.000000,-0.337382,,,False
2014-03-09,,-0.339658,-0.000340,0.000203,-0.001194,0.006825,0.001635,-0.005086,0.000000,0.000000,-0.337615,,,False
2014-03-10,,-0.339778,-0.000210,0.000026,-0.001255,0.006806,0.001657,-0.005094,0.000000,0.000000,-0.337847,,,False
2014-03-11,,-0.339898,-0.000079,-0.000151,-0.001315,0.006788,0.001679,-0.005101,0.000000,0.000000,-0.338078,,,False
2014-03-12,,-0.340018,0.000052,-0.000328,-0.001375,0.006769,0.001700,-0.005109,0.000000,0.000000,-0.338308,,,False
2014-03-13,,-0.340137,0.000183,-0.000504,-0.001435,0.006750,0.001722,-0.005116,0.000000,0.000000,-0.338538,,,False
2014-03-14,,-0.340257,0.000314,-0.000680,-0.001495,0.006731,0.001743,-0.005123,0.000000,0.000000,-0.338767,,,False
2014-03-15,,-0.340377,0.000442,-0.000855,-0.001553,0.006712,0.001765,-0.005131,0.000000,0.000000,-0.338997,,,False
2014-03-16,,-0.340497,0.000569,-0.001029,-0.001612,0.006692,0.001786,-0.005138,0.000000,0.000000,-0.339229,,,False
2014-03-17,,-0.340617,0.000693,-0.001202,-0.001670,0.006672,0.001808,-0.005145,0.000000,0.000000,-0.339461,,,False
2014-03-18,,-0.340736,0.000814,-0.001373,-0.001727,0.006653,0.001829,-0.005152,0.000000,0.000000,-0.339695,,,False
2014-03-19,,-0.340856,0.000931,-0.001543,-0.001784,0.006632,0.001850,-0.005160,0.000000,0.000000,-0.339930,,,False
2014-03-20,,-0.340976,0.001043,-0.001711,-0.001841,0.006612,0.001872,-0.005167,0.000000,0.000000,-0.340168,,,False
2014-03-21,,-0.341096,0.001151,-0.001877,-0.001897,0.006592,0.001893,-0.005174,0.000000,0.000000,-0.340409,,,False
2014-03-22,,-0.341216,0.001253,-0.002041,-0.001952,0.006571,0.001914,-0.005181,0.000000,0.000000,-0.340652,,,False
2014-03-23,,-0.341336,0.001349,-0.002202,-0.002007,0.006550,0.001936,-0.005188,0.000000,0.000000,-0.340899,,,False
2014-03-24,,-0.341455,0.001439,-0.002361,-0.002061,0.006529,0.001957,-0.005196,0.000000,0.000000,-0.341148,,,False
2014-03-25,,-0.341575,0.001521,-0.002517,-0.002115,0.006508,0.001978,-0.005203,0.000000,0.000000,-0.341402,,,False
2014-03-26,,-0.341695,0.001597,-0.002670,-0.002168,0.006486,0.001999,-0.005210,0.000000,0.000000,-0.341659,,,False
2014-03-27,,-0.341815,0.001665,-0.002819,-0.002220,0.006465,0.002021,-0.005217,0.000000,0.000000,-0.341921,,,False
2014-03-28,,-0.341935,0.001725,-0.002966,-0.002272,0.006443,0.002042,-0.005224,0.000000,0.000000,-0.342186,,,False
2014-03-29,,-0.342054,0.001778,-0.003109,-0.002323,0.006421,0.002063,-0.005231,0.000000,0.000000,-0.342455,,,False
2014-03-30,,-0.342174,0.001821,-0.003248,-0.002373,0.006399,0.002084,-0.005238,0.000000,0.000000,-0.342729,,,False
2014-03-31,,-0.342294,0.001856,-0.003383,-0.002423,0.006376,0.002105,-0.005245,0.000000,0.000000,-0.343007,,,False
2014-04-01,,-0.342414,0.001882,-0.003514,-0.002471,0.006354,0.002126,-0.005252,0.000000,0.000000,-0.343290,,,False
2014-04-02,,-0.342534,0.001900,-0.003642,-0.002520,0.006331,0.002147,-0.005259,0.000000,0.000000,-0.343576,,,False
2014-04-03,,-0.342654,0.001908,-0.003765,-0.002567,0.006308,0.002168,-0.005266,0.000000,0.000000,-0.343867,,,False
2014-04-04,-0.340727,-0.342773,0.001907,-0.003883,-0.002614,0.006285,0.002189,-0.005273,0.000000,0.000000,-0.344161,0.003434,0.298652,False
2014-04-05,-0.340727,-0.342893,0.001897,-0.003997,-0.002659,0.006262,0.002210,-0.005280,0.000000,0.000000,-0.344460,0.003733,0.324611,False
2014-04-06,-0.340727,-0.343013,0.001879,-0.004106,-0.002704,0.006238,0.002231,-0.005287,0.000000,0.000000,-0.344762,0.004035,0.350889,False
2014-04-07,-0.340727,-0.343133,0.001851,-0.004210,-0.002749,0.006215,0.002252,-0.005294,0.000000,0.000000,-0.345068,0.004341,0.377464,False
2014-04-08,-0.340727,-0.343253,0.001814,-0.004309,-0.002792,0.006191,0.002273,-0.005301,0.000000,0.000000,-0.345377,0.004650,0.404315,False
2014-04-09,-0.340727,-0.343372,0.001769,-0.004403,-0.002835,0.006167,0.002294,-0.005307,0.000000,0.000000,-0.345688,0.004961,0.431413,False
2014-04-10,-0.340727,-0.343492,0.001716,-0.004492,-0.002877,0.006142,0.002314,-0.005314,0.000000,0.000000,-0.346002,0.005275,0.458731,False
2014-04-11,-0.340727,-0.343612,0.001654,-0.004576,-0.002917,0.006118,0.002335,-0.005321,0.000000,0.000000,-0.346319,0.005592,0.486234,False
2014-04-12,-0.343459,-0.343732,0.001585,-0.004654,-0.002958,0.006094,0.002356,-0.005328,0.000000,0.000000,-0.346637,0.003178,0.276324,False
2014-04-13,-0.351477,-0.343852,0.001508,-0.004726,-0.002997,0.006069,0.002377,-0.005335,0.000000,0.000000,-0.346956,-0.004521,-0.393124,False
2014-04-14,-0.350429,-0.343972,0.001424,-0.004793,-0.003035,0.006044,0.002397,-0.005341,0.000000,0.000000,-0.347276,-0.003153,-0.274151,False
2014-04-15,-0.351411,-0.344091,0.001333,-0.004855,-0.003072,0.006019,0.002418,-0.005348,0.000000,0.000000,-0.347597,-0.003814,-0.331669,False
2014-04-16,-0.356515,-0.344211,0.001236,-0.004910,-0.003109,0.005994,0.002439,-0.005355,0.000000,0.000000,-0.347917,-0.008598,-0.747636,False
2014-04-17,-0.348904,-0.344331,0.001133,-0.004960,-0.003144,0.005968,0.002459,-0.005362,0.000000,0.000000,-0.348237,-0.000667,-0.058011,False
2014-04-18,-0.356268,-0.344451,0.001024,-0.005004,-0.003179,0.005943,0.002480,-0.005368,0.000000,0.000000,-0.348555,-0.007713,-0.670669,False
2014-04-19,-0.356334,-0.344571,0.000911,-0.005042,-0.003213,0.005917,0.002500,-0.005375,0.000000,0.000000,-0.348872,-0.007462,-0.648878,False
2014-04-20,-0.360023,-0.344690,0.000794,-0.005074,-0.003246,0.005891,0.002521,-0.005382,0.000000,0.000000,-0.349186,-0.010837,-0.942341,False
2014-04-21,-0.356856,-0.344810,0.000672,-0.005100,-0.003277,0.005865,0.002541,-0.005388,0.000000,0.000000,-0.349497,-0.007359,-0.639894,False
2014-04-22,-0.354687,-0.344930,0.000548,-0.005120,-0.003308,0.005839,0.002562,-0.005395,0.000000,0.000000,-0.349805,-0.004882,-0.424546,False
2014-04-23,-0.347257,-0.345050,0.000421,-0.005134,-0.003338,0.005812,0.002582,-0.005401,0.000000,0.000000,-0.350108,0.002851,0.247909,False
2014-04-24,-0.355597,-0.345170,0.000292,-0.005141,-0.003367,0.005785,0.002602,-0.005408,0.000000,0.000000,-0.350406,-0.005191,-0.451366,False
2014-04-25,-0.350349,-0.345290,0.000161,-0.005143,-0.003395,0.005759,0.002623,-0.005414,0.000000,0.000000,-0.350699,0.000350,0.030443,False
2014-04-26,-0.360414,-0.345409,0.000030,-0.005138,-0.003422,0.005732,0.002643,-0.005421,0.000000,0.000000,-0.350986,-0.009428,-0.819848,False
2014-04-27,-0.350748,-0.345529,-0.000101,-0.005128,-0.003447,0.005705,0.002663,-0.005427,0.000000,0.000000,-0.351266,0.000518,0.045011,False
2014-04-28,-0.359886,-0.345649,-0.000232,-0.005111,-0.003472,0.005677,0.002683,-0.005434,0.000000,0.000000,-0.351538,-0.008348,-0.725905,False
2014-04-29,-0.357733,-0.345769,-0.000362,-0.005089,-0.003496,0.005650,0.002703,-0.005440,0.000000,0.000000,-0.351803,-0.005930,-0.515690,False
2014-04-30,-0.361090,-0.345889,-0.000490,-0.005060,-0.003519,0.005622,0.002724,-0.005447,0.000000,0.000000,-0.352058,-0.009032,-0.785354,False
2014-05-01,-0.356469,-0.346008,-0.000616,-0.005025,-0.003540,0.005595,0.002744,-0.005453,0.000000,0.000000,-0.352305,-0.004164,-0.362078,False
2014-05-02,-0.355970,-0.346128,-0.000739,-0.004985,-0.003561,0.005567,0.002764,-0.005460,0.000000,0.000000,-0.352542,-0.003428,-0.298084,False
2014-05-03,-0.355311,-0.346248,-0.000858,-0.004938,-0.003581,0.005539,0.002784,-0.005466,0.000000,0.000000,-0.352769,-0.002542,-0.221071,False
2014-05-04,-0.362511,-0.346368,-0.000973,-0.004886,-0.003599,0.005510,0.002804,-0.005472,0.000000,0.000000,-0.352985,-0.009526,-0.828389,False
2014-05-05,-0.366804,-0.346488,-0.001084,-0.004828,-0.003617,0.005482,0.002824,-0.005479,0.000000,0.000000,-0.353189,-0.013615,-1.183907,False
2014-05-06,-0.356495,-0.346608,-0.001190,-0.004764,-0.003633,0.005453,0.002844,-0.005485,0.000000,0.000000,-0.353382,-0.003113,-0.270707,False
2014-05-07,-0.356288,-0.346727,-0.001289,-0.004694,-0.003648,0.005425,0.002864,-0.005491,0.000000,0.000000,-0.353562,-0.002726,-0.237002,False
2014-05-08,-0.351064,-0.346847,-0.001383,-0.004619,-0.003662,0.005396,0.002883,-0.005498,0.000000,0.000000,-0.353731,0.002667,0.231871,False
2014-05-09,-0.365308,-0.346967,-0.001470,-0.004538,-0.003676,0.005367,0.002903,-0.005504,0.000000,0.000000,-0.353886,-0.011422,-0.993252,False
2014-05-10,-0.355782,-0.347087,-0.001551,-0.004452,-0.003688,0.005337,0.002923,-0.005510,0.000000,0.000000,-0.354027,-0.001755,-0.152572,False
2014-05-11,-0.360360,-0.347207,-0.001624,-0.004361,-0.003699,0.005308,0.002943,-0.005517,0.000000,0.000000,-0.354156,-0.006204,-0.539504,False
2014-05-12,-0.349604,-0.347326,-0.001689,-0.004265,-0.003709,0.005279,0.002962,-0.005523,0.000000,0.000000,-0.354270,0.004666,0.405757,False
2014-05-13,-0.350265,-0.347446,-0.001746,-0.004163,-0.003717,0.005249,0.002982,-0.005529,0.000000,0.000000,-0.354371,0.004106,0.357018,False
2014-05-14,-0.351459,-0.347566,-0.001795,-0.004057,-0.003725,0.005219,0.003002,-0.005535,0.000000,0.000000,-0.354457,0.002998,0.260703,False
2014-05-15,-0.342092,-0.347686,-0.001835,-0.003946,-0.003732,0.005189,0.003021,-0.005541,0.000000,0.000000,-0.354529,0.012437,1.081496,False
2014-05-16,-0.346390,-0.347806,-0.001867,-0.003830,-0.003737,0.005159,0.003041,-0.005547,0.000000,0.000000,-0.354587,0.008197,0.712784,False
2014-05-17,-0.355589,-0.347925,-0.001890,-0.003709,-0.003741,0.005129,0.003060,-0.005554,0.000000,0.000000,-0.354630,-0.000959,-0.083348,False
2014-05-18,-0.356653,-0.348045,-0.001904,-0.003584,-0.003745,0.005098,0.003080,-0.005560,0.000000,0.000000,-0.354660,-0.001993,-0.173331,False
2014-05-19,-0.350077,-0.348165,-0.001909,-0.003455,-0.003747,0.005068,0.003099,-0.005566,0.000000,0.000000,-0.354675,0.004598,0.399798,False
2014-05-20,-0.355023,-0.348285,-0.001905,-0.003322,-0.003748,0.005037,0.003118,-0.005572,0.000000,0.000000,-0.354676,-0.000347,-0.030211,False
2014-05-21,-0.362657,-0.348405,-0.001891,-0.003185,-0.003748,0.005006,0.003138,-0.005578,0.000000,0.000000,-0.354663,-0.007994,-0.695168,False
2014-05-22,-0.345172,-0.348525,-0.001869,-0.003044,-0.003746,0.004975,0.003157,-0.005584,0.000000,0.000000,-0.354636,0.009464,0.822945,False
2014-05-23,-0.353598,-0.348644,-0.001838,-0.002900,-0.003744,0.004944,0.003176,-0.005590,0.000000,0.000000,-0.354596,0.000998,0.086762,False
2014-05-24,-0.356280,-0.348764,-0.001798,-0.002752,-0.003741,0.004913,0.003196,-0.005596,0.000000,0.000000,-0.354543,-0.001737,-0.151081,False
2014-05-25,-0.356399,-0.348884,-0.001750,-0.002601,-0.003736,0.004881,0.003215,-0.005602,0.000000,0.000000,-0.354477,-0.001922,-0.167162,False
2014-05-26,-0.349092,-0.349004,-0.001694,-0.002446,-0.003731,0.004850,0.003234,-0.005608,0.000000,0.000000,-0.354398,0.005306,0.461426,False
2014-05-27,-0.354247,-0.349124,-0.001629,-0.002289,-0.003724,0.004818,0.003253,-0.005614,0.000000,0.000000,-0.354308,0.000061,0.005329,False
2014-05-28,-0.356048,-0.349243,-0.001557,-0.002129,-0.003716,0.004786,0.003272,-0.005620,0.000000,0.000000,-0.354207,-0.001841,-0.160105,False
2014-05-29,-0.344742,-0.349363,-0.001477,-0.001967,-0.003707,0.004754,0.003291,-0.005625,0.000000,0.000000,-0.354094,0.009352,0.813257,False
2014-05-30,-0.350722,-0.349483,-0.001391,-0.001802,-0.003697,0.004722,0.003310,-0.005631,0.000000,0.000000,-0.353972,0.003250,0.282596,False
2014-05-31,-0.357371,-0.349603,-0.001297,-0.001635,-0.003686,0.004690,0.003329,-0.005637,0.000000,0.000000,-0.353840,-0.003531,-0.307079,False
2014-06-01,-0.355488,-0.349723,-0.001198,-0.001466,-0.003674,0.004658,0.003348,-0.005643,0.000000,0.000000,-0.353698,-0.001790,-0.155626,False
2014-06-02,-0.358138,-0.349843,-0.001093,-0.001296,-0.003660,0.004625,0.003367,-0.005649,0.000000,0.000000,-0.353549,-0.004589,-0.399072,False
2014-06-03,-0.353097,-0.349962,-0.000983,-0.001124,-0.003646,0.004592,0.003385,-0.005655,0.000000,0.000000,-0.353391,0.000294,0.025601,False
2014-06-04,-0.346811,-0.350082,-0.000868,-0.000950,-0.003630,0.004560,0.003404,-0.005660,0.000000,0.000000,-0.353227,0.006416,0.557933,False
2014-06-05,-0.340525,-0.350202,-0.000749,-0.000776,-0.003614,0.004527,0.003423,-0.005666,0.000000,0.000000,-0.353057,0.012532,1.089730,False
2014-06-06,-0.346660,-0.350322,-0.000626,-0.000600,-0.003596,0.004494,0.003441,-0.005672,0.000000,0.000000,-0.352881,0.006221,0.540971,False
2014-06-07,-0.342125,-0.350442,-0.000500,-0.000424,-0.003578,0.004460,0.003460,-0.005677,0.000000,0.000000,-0.352701,0.010576,0.919640,False
2014-06-08,-0.362981,-0.350561,-0.000373,-0.000247,-0.003558,0.004427,0.003478,-0.005683,0.000000,0.000000,-0.352517,-0.010464,-0.909933,False
2014-06-09,-0.347532,-0.350681,-0.000243,-0.000070,-0.003537,0.004394,0.003497,-0.005689,0.000000,0.000000,-0.352330,0.004798,0.417193,False
2014-06-10,-0.348649,-0.350801,-0.000112,0.000107,-0.003515,0.004360,0.003515,-0.005694,0.000000,0.000000,-0.352141,0.003492,0.303612,False
2014-06-11,-0.350328,-0.350921,0.000019,0.000284,-0.003492,0.004326,0.003534,-0.005700,0.000000,0.000000,-0.351950,0.001622,0.141050,False
2014-06-12,-0.355640,-0.351041,0.000151,0.000460,-0.003468,0.004293,0.003552,-0.005706,0.000000,0.000000,-0.351759,-0.003881,-0.337466,False
2014-06-13,-0.352905,-0.351161,0.000281,0.000636,-0.003443,0.004259,0.003571,-0.005711,0.000000,0.000000,-0.351569,-0.001336,-0.116209,False
2014-06-14,-0.354378,-0.351280,0.000410,0.000811,-0.003417,0.004225,0.003589,-0.005717,0.000000,0.000000,-0.351379,-0.002999,-0.260760,False
2014-06-15,-0.353823,-0.351400,0.000538,0.000986,-0.003390,0.004190,0.003607,-0.005722,0.000000,0.000000,-0.351192,-0.002631,-0.228785,False
2014-06-16,-0.345481,-0.351520,0.000662,0.001159,-0.003362,0.004156,0.003625,-0.005728,0.000000,0.000000,-0.351008,0.005527,0.480570,False
2014-06-17,-0.349746,-0.351640,0.000784,0.001331,-0.003333,0.004122,0.003643,-0.005733,0.000000,0.000000,-0.350827,0.001081,0.093982,False
2014-06-18,-0.350605,-0.351760,0.000902,0.001501,-0.003303,0.004087,0.003661,-0.005739,0.000000,0.000000,-0.350650,0.000045,0.003955,False
2014-06-19,-0.337301,-0.351879,0.001015,0.001669,-0.003272,0.004052,0.003679,-0.005744,0.000000,0.000000,-0.350479,0.013178,1.145947,False
2014-06-20,-0.349988,-0.351999,0.001124,0.001836,-0.003241,0.004018,0.003697,-0.005750,0.000000,0.000000,-0.350314,0.000326,0.028371,False
2014-06-21,-0.345884,-0.352119,0.001228,0.002000,-0.003208,0.003983,0.003715,-0.005755,0.000000,0.000000,-0.350156,0.004272,0.371463,False
2014-06-22,-0.347828,-0.352239,0.001325,0.002162,-0.003174,0.003948,0.003733,-0.005760,0.000000,0.000000,-0.350005,0.002177,0.189285,False
2014-06-23,-0.330456,-0.352359,0.001417,0.002321,-0.003139,0.003913,0.003751,-0.005766,0.000000,0.000000,-0.349862,0.019406,1.687458,False
2014-06-24,-0.336049,-0.352479,0.001501,0.002478,-0.003103,0.003877,0.003769,-0.005771,0.000000,0.000000,-0.349727,0.013678,1.189429,False
2014-06-25,-0.350073,-0.352598,0.001579,0.002632,-0.003067,0.003842,0.003787,-0.005777,0.000000,0.000000,-0.349602,-0.000471,-0.040923,False
2014-06-26,-0.348307,-0.352718,0.001649,0.002782,-0.003029,0.003806,0.003804,-0.005782,0.000000,0.000000,-0.349487,0.001180,0.102623,False
2014-06-27,-0.344571,-0.352838,0.001711,0.002929,-0.002991,0.003771,0.003822,-0.005787,0.000000,0.000000,-0.349382,0.004811,0.418373,False
2014-06-28,-0.346050,-0.352958,0.001765,0.003073,-0.002951,0.003735,0.003840,-0.005792,0.000000,0.000000,-0.349288,0.003238,0.281588,False
2014-06-29,-0.347529,-0.353078,0.001811,0.003213,-0.002911,0.003699,0.003857,-0.005798,0.000000,0.000000,-0.349206,0.001677,0.145783,False
2014-06-30,-0.349008,-0.353197,0.001848,0.003350,-0.002870,0.003664,0.003875,-0.005803,0.000000,0.000000,-0.349134,0.000126,0.010992,False
2014-07-01,-0.350487,-0.353317,0.001877,0.003482,-0.002828,0.003628,0.003892,-0.005808,0.000000,0.000000,-0.349075,-0.001412,-0.122754,False
2014-07-02,-0.343311,-0.353437,0.001896,0.003610,-0.002785,0.003591,0.003909,-0.005813,0.000000,0.000000,-0.349029,0.005718,0.497180,False
2014-07-03,-0.350059,-0.353557,0.001907,0.003734,-0.002742,0.003555,0.003927,-0.005818,0.000000,0.000000,-0.348994,-0.001065,-0.092576,False
2014-07-04,-0.356807,-0.353677,0.001908,0.003854,-0.002697,0.003519,0.003944,-0.005824,0.000000,0.000000,-0.348973,-0.007834,-0.681219,False
2014-07-05,-0.346467,-0.353797,0.001901,0.003969,-0.002652,0.003482,0.003961,-0.005829,0.000000,0.000000,-0.348965,0.002498,0.217176,False
2014-07-06,-0.343523,-0.353916,0.001884,0.004079,-0.002606,0.003446,0.003979,-0.005834,0.000000,0.000000,-0.348969,0.005446,0.473576,False
2014-07-07,-0.357549,-0.354036,0.001859,0.004184,-0.002560,0.003409,0.003996,-0.005839,0.000000,0.000000,-0.348987,-0.008562,-0.744535,False
2014-07-08,-0.339483,-0.354156,0.001824,0.004285,-0.002512,0.003373,0.004013,-0.005844,0.000000,0.000000,-0.349018,0.009535,0.829105,False
2014-07-09,-0.341641,-0.354276,0.001781,0.004380,-0.002464,0.003336,0.004030,-0.005849,0.000000,0.000000,-0.349062,0.007421,0.645277,False
2014-07-10,-0.346041,-0.354396,0.001730,0.004470,-0.002415,0.003299,0.004047,-0.005854,0.000000,0.000000,-0.349119,0.003078,0.267625,False
2014-07-11,-0.356990,-0.354515,0.001670,0.004555,-0.002365,0.003262,0.004064,-0.005859,0.000000,0.000000,-0.349189,-0.007801,-0.678383,False
2014-07-12,-0.348220,-0.354635,0.001603,0.004635,-0.002315,0.003225,0.004080,-0.005864,0.000000,0.000000,-0.349271,0.001051,0.091414,False
2014-07-13,-0.348226,-0.354755,0.001528,0.004709,-0.002264,0.003188,0.004097,-0.005869,0.000000,0.000000,-0.349366,0.001140,0.099169,False
2014-07-14,-0.344701,-0.354875,0.001445,0.004777,-0.002212,0.003150,0.004114,-0.005874,0.000000,0.000000,-0.349474,0.004773,0.415035,False
2014-07-15,-0.361855,-0.354995,0.001356,0.004840,-0.002159,0.003113,0.004131,-0.005879,0.000000,0.000000,-0.349593,-0.012262,-1.066230,False
2014-07-16,-0.362428,-0.355115,0.001261,0.004897,-0.002106,0.003075,0.004147,-0.005884,0.000000,0.000000,-0.349724,-0.012704,-1.104657,False
2014-07-17,-0.341597,-0.355234,0.001159,0.004948,-0.002053,0.003038,0.004164,-0.005889,0.000000,0.000000,-0.349867,0.008270,0.719114,False
2014-07-18,-0.363619,-0.355354,0.001052,0.004993,-0.001998,0.003000,0.004181,-0.005894,0.000000,0.000000,-0.350020,-0.013599,-1.182517,False
2014-07-19,-0.354415,-0.355474,0.000940,0.005033,-0.001944,0.002962,0.004197,-0.005898,0.000000,0.000000,-0.350184,-0.004231,-0.367937,False
2014-07-20,-0.355556,-0.355594,0.000823,0.005066,-0.001888,0.002925,0.004213,-0.005903,0.000000,0.000000,-0.350357,-0.005199,-0.452055,False
2014-07-21,-0.357382,-0.355714,0.000703,0.005094,-0.001832,0.002887,0.004230,-0.005908,0.000000,0.000000,-0.350540,-0.006842,-0.594916,False
2014-07-22,-0.347161,-0.355833,0.000579,0.005115,-0.001776,0.002849,0.004246,-0.005913,0.000000,0.000000,-0.350733,0.003572,0.310566,False
2014-07-23,-0.361503,-0.355953,0.000453,0.005131,-0.001719,0.002811,0.004262,-0.005918,0.000000,0.000000,-0.350933,-0.010570,-0.919134,False
2014-07-24,-0.372327,-0.356073,0.000324,0.005140,-0.001661,0.002772,0.004279,-0.005922,0.000000,0.000000,-0.351141,-0.021186,-1.842240,False
2014-07-25,-0.354541,-0.356193,0.000194,0.005143,-0.001603,0.002734,0.004295,-0.005927,0.000000,0.000000,-0.351357,-0.003184,-0.276889,False
2014-07-26,-0.364657,-0.356313,0.000063,0.005140,-0.001544,0.002696,0.004311,-0.005932,0.000000,0.000000,-0.351579,-0.013078,-1.137221,False
2014-07-27,-0.361585,-0.356433,-0.000069,0.005131,-0.001485,0.002658,0.004327,-0.005936,0.000000,0.000000,-0.351807,-0.009778,-0.850245,False
2014-07-28,-0.369397,-0.356552,-0.000200,0.005116,-0.001426,0.002619,0.004343,-0.005941,0.000000,0.000000,-0.352041,-0.017356,-1.509231,False
2014-07-29,-0.364423,-0.356672,-0.000330,0.005095,-0.001366,0.002580,0.004359,-0.005946,0.000000,0.000000,-0.352279,-0.012144,-1.055973,False
2014-07-30,-0.363579,-0.356792,-0.000458,0.005068,-0.001306,0.002542,0.004375,-0.005950,0.000000,0.000000,-0.352522,-0.011057,-0.961482,False
2014-07-31,-0.358808,-0.356912,-0.000585,0.005035,-0.001245,0.002503,0.004390,-0.005955,0.000000,0.000000,-0.352768,-0.006040,-0.525203,False
2014-08-01,-0.370902,-0.357032,-0.000708,0.004995,-0.001184,0.002464,0.004406,-0.005959,0.000000,0.000000,-0.353017,-0.017885,-1.555191,False
2014-08-02,-0.367719,-0.357151,-0.000829,0.004950,-0.001123,0.002426,0.004422,-0.005964,0.000000,0.000000,-0.353269,-0.014450,-1.256542,False
2014-08-03,-0.359994,-0.357271,-0.000945,0.004899,-0.001061,0.002387,0.004438,-0.005968,0.000000,0.000000,-0.353522,-0.006472,-0.562788,False
2014-08-04,-0.361040,-0.357391,-0.001057,0.004843,-0.000999,0.002348,0.004453,-0.005973,0.000000,0.000000,-0.353776,-0.007264,-0.631632,False
2014-08-05,-0.359865,-0.357511,-0.001164,0.004780,-0.000937,0.002309,0.004469,-0.005977,0.000000,0.000000,-0.354031,-0.005834,-0.507298,False
2014-08-06,-0.354957,-0.357631,-0.001265,0.004712,-0.000874,0.002270,0.004484,-0.005982,0.000000,0.000000,-0.354286,-0.000671,-0.058358,False
2014-08-07,-0.360286,-0.357751,-0.001360,0.004638,-0.000811,0.002230,0.004500,-0.005986,0.000000,0.000000,-0.354540,-0.005746,-0.499641,False
2014-08-08,-0.364116,-0.357870,-0.001449,0.004559,-0.000748,0.002191,0.004515,-0.005991,0.000000,0.000000,-0.354793,-0.009323,-0.810671,False
2014-08-09,-0.367203,-0.357990,-0.001531,0.004474,-0.000685,0.002152,0.004530,-0.005995,0.000000,0.000000,-0.355045,-0.012158,-1.057230,False
2014-08-10,-0.357812,-0.358110,-0.001606,0.004384,-0.000621,0.002112,0.004545,-0.005999,0.000000,0.000000,-0.355294,-0.002518,-0.218924,False
2014-08-11,-0.372921,-0.358230,-0.001673,0.004289,-0.000557,0.002073,0.004561,-0.006004,0.000000,0.000000,-0.355541,-0.017380,-1.511270,False
2014-08-12,-0.371392,-0.358350,-0.001732,0.004189,-0.000494,0.002034,0.004576,-0.006008,0.000000,0.000000,-0.355785,-0.015607,-1.357088,False
2014-08-13,-0.358190,-0.358469,-0.001783,0.004084,-0.000430,0.001994,0.004591,-0.006012,0.000000,0.000000,-0.356026,-0.002164,-0.188148,False
2014-08-14,-0.357005,-0.358589,-0.001826,0.003974,-0.000365,0.001954,0.004606,-0.006017,0.000000,0.000000,-0.356263,-0.000742,-0.064481,False
2014-08-15,-0.368073,-0.358709,-0.001860,0.003859,-0.000301,0.001915,0.004621,-0.006021,0.000000,0.000000,-0.356497,-0.011576,-1.006637,False
2014-08-16,-0.368900,-0.358829,-0.001885,0.003740,-0.000237,0.001875,0.004635,-0.006025,0.000000,0.000000,-0.356726,-0.012174,-1.058639,False
2014-08-17,-0.363801,-0.358949,-0.001901,0.003616,-0.000172,0.001835,0.004650,-0.006029,0.000000,0.000000,-0.356950,-0.006851,-0.595727,False
2014-08-18,-0.355493,-0.359069,-0.001908,0.003488,-0.000108,0.001795,0.004665,-0.006034,0.000000,0.000000,-0.357170,0.001677,0.145822,False
2014-08-19,-0.369129,-0.359188,-0.001906,0.003356,-0.000043,0.001756,0.004680,-0.006038,0.000000,0.000000,-0.357385,-0.011744,-1.021225,False
2014-08-20,-0.371354,-0.359308,-0.001895,0.003220,0.000021,0.001716,0.004694,-0.006042,0.000000,0.000000,-0.357595,-0.013759,-1.196444,False
2014-08-21,-0.364750,-0.359428,-0.001876,0.003080,0.000086,0.001676,0.004709,-0.006046,0.000000,0.000000,-0.357800,-0.006950,-0.604364,False
2014-08-22,-0.368737,-0.359548,-0.001847,0.002936,0.000150,0.001636,0.004723,-0.006050,0.000000,0.000000,-0.358000,-0.010737,-0.933687,False
2014-08-23,-0.351096,-0.359668,-0.001809,0.002789,0.000215,0.001596,0.004738,-0.006054,0.000000,0.000000,-0.358194,0.007098,0.617238,False
2014-08-24,-0.357604,-0.359787,-0.001763,0.002639,0.000279,0.001555,0.004752,-0.006058,0.000000,0.000000,-0.358384,0.000780,0.067806,False
2014-08-25,-0.371882,-0.359907,-0.001709,0.002485,0.000343,0.001515,0.004766,-0.006062,0.000000,0.000000,-0.358568,-0.013314,-1.157719,False
2014-08-26,-0.353348,-0.360027,-0.001646,0.002329,0.000407,0.001475,0.004781,-0.006067,0.000000,0.000000,-0.358748,0.005400,0.469542,False
2014-08-27,-0.365504,-0.360147,-0.001576,0.002169,0.000472,0.001435,0.004795,-0.006071,0.000000,0.000000,-0.358922,-0.006582,-0.572313,False
2014-08-28,-0.371635,-0.360267,-0.001498,0.002008,0.000535,0.001394,0.004809,-0.006075,0.000000,0.000000,-0.359092,-0.012543,-1.090661,False
2014-08-29,-0.364913,-0.360387,-0.001413,0.001843,0.000599,0.001354,0.004823,-0.006078,0.000000,0.000000,-0.359258,-0.005655,-0.491747,False
2014-08-30,-0.368055,-0.360506,-0.001321,0.001677,0.000663,0.001314,0.004837,-0.006082,0.000000,0.000000,-0.359419,-0.008636,-0.750942,False
2014-08-31,-0.338087,-0.360626,-0.001223,0.001509,0.000726,0.001273,0.004851,-0.006086,0.000000,0.000000,-0.359576,0.021489,1.868646,False
2014-09-01,-0.368342,-0.360746,-0.001120,0.001339,0.000789,0.001233,0.004865,-0.006090,0.000000,0.000000,-0.359730,-0.008612,-0.748871,False
2014-09-02,-0.364734,-0.360866,-0.001011,0.001167,0.000852,0.001192,0.004879,-0.006094,0.000000,0.000000,-0.359880,-0.004854,-0.422076,False
2014-09-03,-0.368892,-0.360986,-0.000897,0.000994,0.000915,0.001152,0.004892,-0.006098,0.000000,0.000000,-0.360027,-0.008865,-0.770853,False
2014-09-04,-0.351160,-0.361105,-0.000779,0.000819,0.000977,0.001111,0.004906,-0.006102,0.000000,0.000000,-0.360172,0.009012,0.783611,False
2014-09-05,-0.346836,-0.361225,-0.000657,0.000644,0.001040,0.001071,0.004920,-0.006106,0.000000,0.000000,-0.360314,0.013478,1.171957,False
2014-09-06,-0.373007,-0.361345,-0.000532,0.000468,0.001101,0.001030,0.004933,-0.006109,0.000000,0.000000,-0.360454,-0.012553,-1.091606,False
2014-09-07,-0.360707,-0.361465,-0.000405,0.000292,0.001163,0.000990,0.004947,-0.006113,0.000000,0.000000,-0.360592,-0.000115,-0.010002,False
2014-09-08,-0.370097,-0.361585,-0.000275,0.000115,0.001224,0.000949,0.004960,-0.006117,0.000000,0.000000,-0.360729,-0.009368,-0.814585,False
2014-09-09,-0.356616,-0.361705,-0.000145,-0.000062,0.001285,0.000908,0.004973,-0.006121,0.000000,0.000000,-0.360866,0.004250,0.369550,False
2014-09-10,-0.369667,-0.361824,-0.000014,-0.000239,0.001345,0.000867,0.004987,-0.006124,0.000000,0.000000,-0.361002,-0.008665,-0.753472,False
2014-09-11,-0.345810,-0.361944,0.000118,-0.000416,0.001405,0.000827,0.005000,-0.006128,0.000000,0.000000,-0.361138,0.015328,1.332908,False
2014-09-12,-0.351312,-0.362064,0.000249,-0.000592,0.001465,0.000786,0.005013,-0.006132,0.000000,0.000000,-0.361275,0.009963,0.866379,False
2014-09-13,-0.373186,-0.362184,0.000378,-0.000768,0.001524,0.000745,0.005026,-0.006135,0.000000,0.000000,-0.361413,-0.011773,-1.023717,False
2014-09-14,-0.373433,-0.362304,0.000506,-0.000942,0.001583,0.000704,0.005039,-0.006139,0.000000,0.000000,-0.361553,-0.011880,-1.033083,False
2014-09-15,-0.363165,-0.362423,0.000631,-0.001116,0.001641,0.000663,0.005052,-0.006143,0.000000,0.000000,-0.361694,-0.001471,-0.127943,False
2014-09-16,-0.362192,-0.362543,0.000754,-0.001288,0.001699,0.000623,0.005065,-0.006146,0.000000,0.000000,-0.361837,-0.000355,-0.030871,False
2014-09-17,-0.370284,-0.362663,0.000873,-0.001459,0.001756,0.000582,0.005078,-0.006150,0.000000,0.000000,-0.361983,-0.008301,-0.721832,False
2014-09-18,-0.361122,-0.362783,0.000987,-0.001627,0.001813,0.000541,0.005091,-0.006153,0.000000,0.000000,-0.362132,0.001010,0.087814,False
2014-09-19,-0.363595,-0.362903,0.001098,-0.001794,0.001869,0.000500,0.005103,-0.006157,0.000000,0.000000,-0.362284,-0.001311,-0.113987,False
2014-09-20,-0.373713,-0.363023,0.001202,-0.001959,0.001925,0.000459,0.005116,-0.006160,0.000000,0.000000,-0.362440,-0.011273,-0.980251,False
2014-09-21,-0.370089,-0.363142,0.001302,-0.002122,0.001980,0.000418,0.005129,-0.006164,0.000000,0.000000,-0.362600,-0.007489,-0.651209,False
2014-09-22,-0.368983,-0.363262,0.001394,-0.002282,0.002034,0.000377,0.005141,-0.006167,0.000000,0.000000,-0.362764,-0.006219,-0.540751,False
2014-09-23,-0.372940,-0.363382,0.001481,-0.002439,0.002088,0.000336,0.005153,-0.006171,0.000000,0.000000,-0.362933,-0.010007,-0.870156,False
2014-09-24,-0.361877,-0.363502,0.001560,-0.002594,0.002141,0.000295,0.005166,-0.006174,0.000000,0.000000,-0.363107,0.001230,0.106943,False
2014-09-25,-0.380018,-0.363622,0.001632,-0.002745,0.002194,0.000254,0.005178,-0.006177,0.000000,0.000000,-0.363285,-0.016733,-1.455001,False
2014-09-26,-0.368160,-0.363741,0.001696,-0.002893,0.002246,0.000213,0.005190,-0.006181,0.000000,0.000000,-0.363469,-0.004691,-0.407885,False
2014-09-27,-0.371951,-0.363861,0.001753,-0.003038,0.002297,0.000172,0.005202,-0.006184,0.000000,0.000000,-0.363658,-0.008293,-0.721088,False
2014-09-28,-0.369844,-0.363981,0.001800,-0.003179,0.002348,0.000131,0.005215,-0.006187,0.000000,0.000000,-0.363853,-0.005991,-0.520949,False
2014-09-29,-0.369390,-0.364101,0.001840,-0.003316,0.002398,0.000090,0.005227,-0.006191,0.000000,0.000000,-0.364053,-0.005337,-0.464070,False
2014-09-30,-0.363656,-0.364221,0.001870,-0.003449,0.002447,0.000049,0.005238,-0.006194,0.000000,0.000000,-0.364259,0.000603,0.052423,False
2014-10-01,-0.360910,-0.364341,0.001892,-0.003579,0.002496,0.000008,0.005250,-0.006197,0.000000,0.000000,-0.364470,0.003560,0.309571,False
2014-10-02,-0.367161,-0.364460,0.001905,-0.003704,0.002543,-0.000033,0.005262,-0.006200,0.000000,0.000000,-0.364687,-0.002474,-0.215148,False
2014-10-03,-0.369199,-0.364580,0.001909,-0.003824,0.002590,-0.000074,0.005274,-0.006204,0.000000,0.000000,-0.364909,-0.004290,-0.373047,False
2014-10-04,-0.372885,-0.364700,0.001903,-0.003940,0.002637,-0.000115,0.005286,-0.006207,0.000000,0.000000,-0.365136,-0.007749,-0.673787,False
2014-10-05,-0.370269,-0.364820,0.001889,-0.004052,0.002682,-0.000156,0.005297,-0.006210,0.000000,0.000000,-0.365369,-0.004900,-0.426078,False
2014-10-06,-0.367087,-0.364940,0.001866,-0.004158,0.002727,-0.000197,0.005309,-0.006213,0.000000,0.000000,-0.365607,-0.001480,-0.128716,False
2014-10-07,-0.371552,-0.365059,0.001834,-0.004260,0.002771,-0.000238,0.005320,-0.006216,0.000000,0.000000,-0.365849,-0.005703,-0.495898,False
2014-10-08,-0.368723,-0.365179,0.001793,-0.004357,0.002814,-0.000279,0.005332,-0.006219,0.000000,0.000000,-0.366096,-0.002627,-0.228426,False
2014-10-09,-0.367711,-0.365299,0.001744,-0.004448,0.002856,-0.000320,0.005343,-0.006222,0.000000,0.000000,-0.366347,-0.001364,-0.118589,False
2014-10-10,-0.374419,-0.365419,0.001686,-0.004535,0.002897,-0.000361,0.005354,-0.006225,0.000000,0.000000,-0.366602,-0.007817,-0.679719,False
2014-10-11,-0.385830,-0.365539,0.001621,-0.004615,0.002938,-0.000402,0.005365,-0.006228,0.000000,0.000000,-0.366861,-0.018969,-1.649500,False
2014-10-12,-0.377593,-0.365659,0.001547,-0.004691,0.002977,-0.000443,0.005376,-0.006231,0.000000,0.000000,-0.367122,-0.010471,-0.910489,False
2014-10-13,-0.385468,-0.365778,0.001467,-0.004761,0.003016,-0.000483,0.005387,-0.006234,0.000000,0.000000,-0.367387,-0.018081,-1.572287,False
2014-10-14,-0.363805,-0.365898,0.001379,-0.004825,0.003054,-0.000524,0.005398,-0.006237,0.000000,0.000000,-0.367653,0.003848,0.334632,False
2014-10-15,-0.370556,-0.366018,0.001285,-0.004883,0.003091,-0.000565,0.005409,-0.006240,0.000000,0.000000,-0.367922,-0.002634,-0.229079,False
2014-10-16,-0.370838,-0.366138,0.001185,-0.004936,0.003127,-0.000606,0.005420,-0.006243,0.000000,0.000000,-0.368191,-0.002647,-0.230160,False
2014-10-17,-0.373424,-0.366258,0.001079,-0.004983,0.003162,-0.000647,0.005431,-0.006246,0.000000,0.000000,-0.368461,-0.004963,-0.431526,False
2014-10-18,-0.373439,-0.366377,0.000968,-0.005024,0.003196,-0.000688,0.005442,-0.006249,0.000000,0.000000,-0.368732,-0.004707,-0.409311,False
2014-10-19,-0.375914,-0.366497,0.000853,-0.005059,0.003229,-0.000729,0.005452,-0.006252,0.000000,0.000000,-0.369002,-0.006912,-0.601043,False
2014-10-20,-0.369397,-0.366617,0.000733,-0.005088,0.003262,-0.000770,0.005463,-0.006255,0.000000,0.000000,-0.369271,-0.000126,-0.010945,False
2014-10-21,-0.367461,-0.366737,0.000610,-0.005110,0.003293,-0.000810,0.005473,-0.006258,0.000000,0.000000,-0.369539,0.002078,0.180668,False
2014-10-22,-0.377885,-0.366857,0.000485,-0.005127,0.003323,-0.000851,0.005484,-0.006260,0.000000,0.000000,-0.369804,-0.008081,-0.702689,False
2014-10-23,-0.372728,-0.366977,0.000356,-0.005138,0.003353,-0.000892,0.005494,-0.006263,0.000000,0.000000,-0.370067,-0.002661,-0.231417,False
2014-10-24,-0.374740,-0.367096,0.000227,-0.005143,0.003381,-0.000932,0.005504,-0.006266,0.000000,0.000000,-0.370326,-0.004414,-0.383831,False
2014-10-25,-0.381006,-0.367216,0.000096,-0.005141,0.003408,-0.000973,0.005514,-0.006269,0.000000,0.000000,-0.370581,-0.010425,-0.906505,False
2014-10-26,-0.380071,-0.367336,-0.000036,-0.005134,0.003435,-0.001014,0.005524,-0.006271,0.000000,0.000000,-0.370832,-0.009239,-0.803406,False
2014-10-27,-0.368252,-0.367456,-0.000167,-0.005120,0.003460,-0.001054,0.005534,-0.006274,0.000000,0.000000,-0.371077,0.002825,0.245674,False
2014-10-28,-0.370589,-0.367576,-0.000297,-0.005101,0.003484,-0.001095,0.005544,-0.006277,0.000000,0.000000,-0.371317,0.000728,0.063292,False
2014-10-29,-0.377392,-0.367695,-0.000426,-0.005075,0.003507,-0.001136,0.005554,-0.006279,0.000000,0.000000,-0.371550,-0.005842,-0.507995,False
2014-10-30,-0.374687,-0.367815,-0.000553,-0.005043,0.003530,-0.001176,0.005564,-0.006282,0.000000,0.000000,-0.371776,-0.002911,-0.253106,False
2014-10-31,-0.369392,-0.367935,-0.000678,-0.005006,0.003551,-0.001217,0.005574,-0.006284,0.000000,0.000000,-0.371995,0.002603,0.226345,False
2014-11-01,-0.370339,-0.368055,-0.000799,-0.004962,0.003571,-0.001257,0.005583,-0.006287,0.000000,0.000000,-0.372206,0.001867,0.162311,False
2014-11-02,-0.385979,-0.368175,-0.000916,-0.004913,0.003590,-0.001298,0.005593,-0.006289,0.000000,0.000000,-0.372408,-0.013571,-1.180122,False
2014-11-03,-0.372283,-0.368295,-0.001029,-0.004857,0.003608,-0.001338,0.005603,-0.006292,0.000000,0.000000,-0.372601,0.000318,0.027611,False
2014-11-04,-0.375691,-0.368414,-0.001137,-0.004796,0.003625,-0.001378,0.005612,-0.006294,0.000000,0.000000,-0.372784,-0.002907,-0.252792,False
2014-11-05,-0.381613,-0.368534,-0.001240,-0.004730,0.003641,-0.001419,0.005621,-0.006297,0.000000,0.000000,-0.372957,-0.008656,-0.752672,False
2014-11-06,-0.376058,-0.368654,-0.001337,-0.004657,0.003656,-0.001459,0.005631,-0.006299,0.000000,0.000000,-0.373120,-0.002938,-0.255455,False
2014-11-07,-0.372838,-0.368774,-0.001428,-0.004579,0.003669,-0.001499,0.005640,-0.006302,0.000000,0.000000,-0.373272,0.000434,0.037782,False
2014-11-08,-0.382559,-0.368894,-0.001511,-0.004496,0.003682,-0.001539,0.005649,-0.006304,0.000000,0.000000,-0.373414,-0.009145,-0.795251,False
2014-11-09,-0.383480,-0.369013,-0.001588,-0.004407,0.003693,-0.001579,0.005658,-0.006307,0.000000,0.000000,-0.373543,-0.009937,-0.864057,False
2014-11-10,-0.375872,-0.369133,-0.001657,-0.004314,0.003704,-0.001619,0.005667,-0.006309,0.000000,0.000000,-0.373661,-0.002211,-0.192223,False
2014-11-11,-0.378913,-0.369253,-0.001718,-0.004215,0.003713,-0.001660,0.005676,-0.006311,0.000000,0.000000,-0.373768,-0.005145,-0.447422,False
2014-11-12,-0.376068,-0.369373,-0.001771,-0.004111,0.003721,-0.001700,0.005685,-0.006314,0.000000,0.000000,-0.373862,-0.002206,-0.191840,False
2014-11-13,-0.366332,-0.369493,-0.001816,-0.004002,0.003728,-0.001739,0.005694,-0.006316,0.000000,0.000000,-0.373944,0.007612,0.661901,False
2014-11-14,-0.374656,-0.369613,-0.001852,-0.003888,0.003734,-0.001779,0.005702,-0.006318,0.000000,0.000000,-0.374014,-0.000642,-0.055857,False
2014-11-15,-0.382044,-0.369732,-0.001880,-0.003770,0.003739,-0.001819,0.005711,-0.006320,0.000000,0.000000,-0.374071,-0.007973,-0.693292,False
2014-11-16,-0.379170,-0.369852,-0.001898,-0.003647,0.003743,-0.001859,0.005720,-0.006323,0.000000,0.000000,-0.374116,-0.005054,-0.439446,False
2014-11-17,-0.380500,-0.369972,-0.001907,-0.003520,0.003746,-0.001899,0.005728,-0.006325,0.000000,0.000000,-0.374149,-0.006351,-0.552227,False
2014-11-18,-0.378776,-0.370092,-0.001908,-0.003389,0.003747,-0.001938,0.005737,-0.006327,0.000000,0.000000,-0.374170,-0.004606,-0.400495,False
2014-11-19,-0.375270,-0.370212,-0.001899,-0.003254,0.003748,-0.001978,0.005745,-0.006329,0.000000,0.000000,-0.374179,-0.001091,-0.094845,False
2014-11-20,-0.367914,-0.370331,-0.001881,-0.003115,0.003747,-0.002018,0.005753,-0.006331,0.000000,0.000000,-0.374176,0.006262,0.544565,False
2014-11-21,-0.377288,-0.370451,-0.001855,-0.002972,0.003745,-0.002057,0.005761,-0.006333,0.000000,0.000000,-0.374162,-0.003126,-0.271808,False
2014-11-22,-0.370225,-0.370571,-0.001819,-0.002826,0.003743,-0.002097,0.005769,-0.006336,0.000000,0.000000,-0.374137,0.003912,0.340149,False
2014-11-23,-0.366778,-0.370691,-0.001775,-0.002677,0.003739,-0.002136,0.005777,-0.006338,0.000000,0.000000,-0.374100,0.007322,0.636725,False
2014-11-24,-0.375579,-0.370811,-0.001723,-0.002524,0.003734,-0.002175,0.005785,-0.006340,0.000000,0.000000,-0.374053,-0.001526,-0.132654,False
2014-11-25,-0.375101,-0.370931,-0.001662,-0.002368,0.003727,-0.002215,0.005793,-0.006342,0.000000,0.000000,-0.373997,-0.001104,-0.096038,False
2014-11-26,-0.365801,-0.371050,-0.001594,-0.002209,0.003720,-0.002254,0.005801,-0.006344,0.000000,0.000000,-0.373930,0.008129,0.706875,False
2014-11-27,-0.367485,-0.371170,-0.001518,-0.002048,0.003712,-0.002293,0.005809,-0.006346,0.000000,0.000000,-0.373854,0.006369,0.553867,False
2014-11-28,-0.371728,-0.371290,-0.001435,-0.001885,0.003702,-0.002332,0.005816,-0.006348,0.000000,0.000000,-0.373770,0.002042,0.177596,False
2014-11-29,-0.375075,-0.371410,-0.001345,-0.001719,0.003692,-0.002371,0.005824,-0.006350,0.000000,0.000000,-0.373678,-0.001397,-0.121454,False
2014-11-30,-0.368426,-0.371530,-0.001248,-0.001551,0.003680,-0.002410,0.005831,-0.006351,0.000000,0.000000,-0.373579,0.005153,0.448076,False
2014-12-01,-0.368124,-0.371649,-0.001146,-0.001381,0.003667,-0.002449,0.005839,-0.006353,0.000000,0.000000,-0.373473,0.005349,0.465112,False
2014-12-02,-0.368457,-0.371769,-0.001038,-0.001210,0.003653,-0.002488,0.005846,-0.006355,0.000000,0.000000,-0.373361,0.004904,0.426409,False
2014-12-03,-0.370127,-0.371889,-0.000926,-0.001037,0.003638,-0.002526,0.005854,-0.006357,0.000000,0.000000,-0.373243,0.003116,0.270985,False
2014-12-04,-0.367761,-0.372009,-0.000809,-0.000863,0.003622,-0.002565,0.005861,-0.006359,0.000000,0.000000,-0.373121,0.005360,0.466122,False
2014-12-05,-0.366855,-0.372129,-0.000688,-0.000688,0.003605,-0.002604,0.005868,-0.006361,0.000000,0.000000,-0.372996,0.006141,0.533971,False
2014-12-06,-0.372547,-0.372249,-0.000564,-0.000512,0.003587,-0.002642,0.005875,-0.006362,0.000000,0.000000,-0.372867,0.000320,0.027819,False
2014-12-07,-0.370719,-0.372368,-0.000437,-0.000336,0.003568,-0.002680,0.005882,-0.006364,0.000000,0.000000,-0.372736,0.002017,0.175384,False
2014-12-08,-0.374944,-0.372488,-0.000308,-0.000159,0.003548,-0.002719,0.005889,-0.006366,0.000000,0.000000,-0.372603,-0.002341,-0.203523,False
2014-12-09,-0.377378,-0.372608,-0.000178,0.000018,0.003526,-0.002757,0.005895,-0.006368,0.000000,0.000000,-0.372470,-0.004908,-0.426744,False
2014-12-10,-0.364498,-0.372728,-0.000046,0.000195,0.003504,-0.002795,0.005902,-0.006369,0.000000,0.000000,-0.372338,0.007840,0.681704,False
2014-12-11,-0.366276,-0.372848,0.000085,0.000372,0.003480,-0.002833,0.005909,-0.006371,0.000000,0.000000,-0.372206,0.005930,0.515632,False
2014-12-12,-0.370186,-0.372967,0.000216,0.000548,0.003456,-0.002871,0.005915,-0.006373,0.000000,0.000000,-0.372076,0.001890,0.164329,False
2014-12-13,-0.375487,-0.373087,0.000346,0.000724,0.003430,-0.002909,0.005922,-0.006374,0.000000,0.000000,-0.371948,-0.003539,-0.307697,False
2014-12-14,-0.370498,-0.373207,0.000474,0.000899,0.003404,-0.002947,0.005928,-0.006376,0.000000,0.000000,-0.371825,0.001327,0.115361,False
2014-12-15,-0.369674,-0.373327,0.000600,0.001073,0.003377,-0.002985,0.005935,-0.006377,0.000000,0.000000,-0.371705,0.002031,0.176620,False
2014-12-16,-0.374983,-0.373447,0.000724,0.001245,0.003348,-0.003023,0.005941,-0.006379,0.000000,0.000000,-0.371591,-0.003392,-0.294984,False
2014-12-17,-0.369739,-0.373567,0.000843,0.001416,0.003319,-0.003060,0.005947,-0.006380,0.000000,0.000000,-0.371482,0.001743,0.151574,False
2014-12-18,-0.374790,-0.373686,0.000959,0.001585,0.003288,-0.003098,0.005953,-0.006382,0.000000,0.000000,-0.371380,-0.003410,-0.296509,False
2014-12-19,-0.366294,-0.373806,0.001070,0.001753,0.003257,-0.003135,0.005959,-0.006383,0.000000,0.000000,-0.371286,0.004992,0.434049,False
2014-12-20,-0.367208,-0.373926,0.001177,0.001918,0.003224,-0.003172,0.005965,-0.006385,0.000000,0.000000,-0.371199,0.003991,0.347048,False
2014-12-21,-0.374553,-0.374046,0.001277,0.002081,0.003191,-0.003210,0.005971,-0.006386,0.000000,0.000000,-0.371121,-0.003432,-0.298407,False
2014-12-22,-0.377556,-0.374166,0.001372,0.002242,0.003157,-0.003247,0.005977,-0.006388,0.000000,0.000000,-0.371053,-0.006503,-0.565478,False
2014-12-23,-0.362567,-0.374285,0.001460,0.002400,0.003121,-0.003284,0.005983,-0.006389,0.000000,0.000000,-0.370995,0.008428,0.732848,False
2014-12-24,-0.367895,-0.374405,0.001541,0.002555,0.003085,-0.003321,0.005988,-0.006391,0.000000,0.000000,-0.370947,0.003052,0.265404,False
2014-12-25,-0.366923,-0.374525,0.001615,0.002707,0.003048,-0.003358,0.005994,-0.006392,0.000000,0.000000,-0.370911,0.003988,0.346761,False
2014-12-26,-0.367496,-0.374645,0.001681,0.002856,0.003010,-0.003395,0.005999,-0.006393,0.000000,0.000000,-0.370886,0.003390,0.294789,False
2014-12-27,-0.363236,-0.374765,0.001739,0.003002,0.002971,-0.003431,0.006005,-0.006394,0.000000,0.000000,-0.370874,0.007638,0.664140,False
2014-12-28,-0.363135,-0.374885,0.001789,0.003144,0.002931,-0.003468,0.006010,-0.006396,0.000000,0.000000,-0.370874,0.007739,0.672937,False
2014-12-29,-0.363298,-0.375004,0.001831,0.003282,0.002891,-0.003504,0.006015,-0.006397,0.000000,0.000000,-0.370887,0.007589,0.659911,False
2014-12-30,-0.367413,-0.375124,0.001864,0.003416,0.002849,-0.003541,0.006020,-0.006398,0.000000,0.000000,-0.370914,0.003501,0.304439,False
2014-12-31,-0.371527,-0.375244,0.001888,0.003547,0.002807,-0.003577,0.006025,-0.006399,0.000000,0.000000,-0.370954,-0.000573,-0.049843,False
2015-01-01,-0.370855,-0.375364,0.001903,0.003673,0.002764,-0.003613,0.006030,-0.006401,0.000000,0.000000,-0.371008,0.000153,0.013304,False
2015-01-02,-0.360058,-0.375484,0.001909,0.003795,0.002720,-0.003649,0.006035,-0.006402,0.000000,0.000000,-0.371076,0.011018,0.958115,False
2015-01-03,-0.366275,-0.375603,0.001906,0.003912,0.002675,-0.003685,0.006040,-0.006403,0.000000,0.000000,-0.371159,0.004884,0.424691,False
2015-01-04,-0.359347,-0.375723,0.001893,0.004024,0.002629,-0.003721,0.006045,-0.006404,0.000000,0.000000,-0.371256,0.011909,1.035564,False
2015-01-05,-0.363684,-0.375843,0.001872,0.004132,0.002583,-0.003757,0.006050,-0.006405,0.000000,0.000000,-0.371367,0.007683,0.668130,False
2015-01-06,-0.363917,-0.375963,0.001843,0.004235,0.002536,-0.003792,0.006054,-0.006406,0.000000,0.000000,-0.371493,0.007576,0.658826,False
2015-01-07,-0.372068,-0.376083,0.001804,0.004333,0.002488,-0.003828,0.006059,-0.006407,0.000000,0.000000,-0.371634,-0.000434,-0.037744,False
2015-01-08,-0.363826,-0.376203,0.001757,0.004426,0.002439,-0.003863,0.006063,-0.006408,0.000000,0.000000,-0.371789,0.007963,0.692414,False
2015-01-09,-0.364324,-0.376322,0.001701,0.004513,0.002390,-0.003898,0.006068,-0.006409,0.000000,0.000000,-0.371958,0.007634,0.663853,False
2015-01-10,-0.364821,-0.376442,0.001638,0.004596,0.002340,-0.003934,0.006072,-0.006410,0.000000,0.000000,-0.372141,0.007320,0.636515,False
2015-01-11,-0.368171,-0.376562,0.001566,0.004672,0.002289,-0.003969,0.006076,-0.006411,0.000000,0.000000,-0.372338,0.004167,0.362338,False
2015-01-12,-0.371521,-0.376682,0.001488,0.004744,0.002238,-0.004004,0.006080,-0.006412,0.000000,0.000000,-0.372548,0.001027,0.089342,False
2015-01-13,-0.369831,-0.376802,0.001402,0.004809,0.002186,-0.004038,0.006084,-0.006413,0.000000,0.000000,-0.372772,0.002941,0.255761,False
2015-01-14,-0.377967,-0.376921,0.001309,0.004869,0.002133,-0.004073,0.006088,-0.006414,0.000000,0.000000,-0.373009,-0.004958,-0.431130,False
2015-01-15,-0.372045,-0.377041,0.001211,0.004923,0.002080,-0.004108,0.006092,-0.006415,0.000000,0.000000,-0.373258,0.001213,0.105505,False
2015-01-16,-0.371136,-0.377161,0.001106,0.004972,0.002026,-0.004142,0.006096,-0.006416,0.000000,0.000000,-0.373520,0.002384,0.207281,False
2015-01-17,-0.374218,-0.377281,0.000997,0.005014,0.001971,-0.004177,0.006100,-0.006417,0.000000,0.000000,-0.373793,-0.000425,-0.036971,False
2015-01-18,-0.367770,-0.377401,0.000882,0.005050,0.001916,-0.004211,0.006103,-0.006417,0.000000,0.000000,-0.374077,0.006307,0.548445,False
2015-01-19,-0.365708,-0.377521,0.000764,0.005081,0.001860,-0.004245,0.006107,-0.006418,0.000000,0.000000,-0.374372,0.008664,0.753398,False
2015-01-20,-0.368441,-0.377640,0.000641,0.005105,0.001804,-0.004279,0.006110,-0.006419,0.000000,0.000000,-0.374677,0.006236,0.542275,False
2015-01-21,-0.376939,-0.377760,0.000516,0.005124,0.001747,-0.004313,0.006114,-0.006420,0.000000,0.000000,-0.374992,-0.001947,-0.169322,False
2015-01-22,-0.379906,-0.377880,0.000389,0.005136,0.001690,-0.004347,0.006117,-0.006420,0.000000,0.000000,-0.375315,-0.004591,-0.399181,False
2015-01-23,-0.379727,-0.378000,0.000259,0.005142,0.001632,-0.004380,0.006120,-0.006421,0.000000,0.000000,-0.375647,-0.004080,-0.354749,False
2015-01-24,-0.379049,-0.378120,0.000128,0.005142,0.001574,-0.004414,0.006123,-0.006422,0.000000,0.000000,-0.375987,-0.003062,-0.266252,False
2015-01-25,-0.371805,-0.378239,-0.000003,0.005136,0.001515,-0.004447,0.006126,-0.006422,0.000000,0.000000,-0.376334,0.004529,0.393818,False
2015-01-26,-0.368048,-0.378359,-0.000134,0.005124,0.001456,-0.004480,0.006129,-0.006423,0.000000,0.000000,-0.376687,0.008639,0.751232,False
2015-01-27,-0.375850,-0.378479,-0.000265,0.005106,0.001396,-0.004513,0.006132,-0.006424,0.000000,0.000000,-0.377046,0.001196,0.104020,False
2015-01-28,-0.378782,-0.378599,-0.000394,0.005082,0.001336,-0.004546,0.006135,-0.006424,0.000000,0.000000,-0.377410,-0.001372,-0.119267,False
2015-01-29,-0.378617,-0.378719,-0.000522,0.005052,0.001275,-0.004579,0.006138,-0.006425,0.000000,0.000000,-0.377779,-0.000838,-0.072861,False
2015-01-30,-0.381866,-0.378838,-0.000647,0.005016,0.001215,-0.004612,0.006141,-0.006425,0.000000,0.000000,-0.378152,-0.003714,-0.322992,False
2015-01-31,-0.381559,-0.378958,-0.000769,0.004974,0.001153,-0.004644,0.006143,-0.006426,0.000000,0.000000,-0.378527,-0.003032,-0.263631,False
2015-02-01,-0.385046,-0.379078,-0.000887,0.004926,0.001092,-0.004677,0.006146,-0.006426,0.000000,0.000000,-0.378905,-0.006141,-0.533964,False
2015-02-02,-0.380078,-0.379198,-0.001002,0.004872,0.001030,-0.004709,0.006148,-0.006427,0.000000,0.000000,-0.379285,-0.000793,-0.068917,False
2015-02-03,-0.377595,-0.379318,-0.001111,0.004812,0.000968,-0.004741,0.006151,-0.006427,0.000000,0.000000,-0.379667,0.002072,0.180153,False
2015-02-04,-0.383328,-0.379438,-0.001215,0.004747,0.000905,-0.004773,0.006153,-0.006427,0.000000,0.000000,-0.380049,-0.003279,-0.285156,False
2015-02-05,-0.382494,-0.379557,-0.001313,0.004676,0.000843,-0.004805,0.006155,-0.006428,0.000000,0.000000,-0.380431,-0.002063,-0.179417,False
2015-02-06,-0.382027,-0.379677,-0.001406,0.004599,0.000780,-0.004837,0.006157,-0.006428,0.000000,0.000000,-0.380812,-0.001215,-0.105635,False
2015-02-07,-0.385308,-0.379797,-0.001491,0.004517,0.000716,-0.004869,0.006159,-0.006429,0.000000,0.000000,-0.381193,-0.004115,-0.357859,False
2015-02-08,-0.384721,-0.379917,-0.001570,0.004430,0.000653,-0.004900,0.006161,-0.006429,0.000000,0.000000,-0.381571,-0.003150,-0.273873,False
2015-02-09,-0.384932,-0.380037,-0.001641,0.004337,0.000589,-0.004932,0.006163,-0.006429,0.000000,0.000000,-0.381948,-0.002984,-0.259459,False
2015-02-10,-0.395258,-0.380156,-0.001704,0.004240,0.000525,-0.004963,0.006165,-0.006429,0.000000,0.000000,-0.382322,-0.012936,-1.124831,False
2015-02-11,-0.382066,-0.380276,-0.001759,0.004137,0.000462,-0.004994,0.006167,-0.006430,0.000000,0.000000,-0.382694,0.000628,0.054581,False
2015-02-12,-0.384070,-0.380396,-0.001806,0.004029,0.000397,-0.005025,0.006168,-0.006430,0.000000,0.000000,-0.383062,-0.001008,-0.087692,False
2015-02-13,-0.380132,-0.380516,-0.001844,0.003917,0.000333,-0.005055,0.006170,-0.006430,0.000000,0.000000,-0.383426,0.003294,0.286404,False
2015-02-14,-0.380423,-0.380636,-0.001874,0.003800,0.000269,-0.005086,0.006171,-0.006430,0.000000,0.000000,-0.383786,0.003363,0.292405,False
2015-02-15,-0.372507,-0.380756,-0.001894,0.003678,0.000205,-0.005117,0.006173,-0.006431,0.000000,0.000000,-0.384141,0.011634,1.011678,False
2015-02-16,-0.395293,-0.380875,-0.001906,0.003553,0.000140,-0.005147,0.006174,-0.006431,0.000000,0.000000,-0.384492,-0.010801,-0.939193,False
2015-02-17,-0.385729,-0.380995,-0.001908,0.003422,0.000076,-0.005177,0.006175,-0.006431,0.000000,0.000000,-0.384838,-0.000891,-0.077444,False
2015-02-18,-0.391788,-0.381115,-0.001902,0.003288,0.000011,-0.005207,0.006176,-0.006431,0.000000,0.000000,-0.385179,-0.006609,-0.574657,False
2015-02-19,-0.387333,-0.381235,-0.001887,0.003150,-0.000053,-0.005237,0.006177,-0.006431,0.000000,0.000000,-0.385515,-0.001818,-0.158061,False
2015-02-20,-0.388474,-0.381355,-0.001862,0.003008,-0.000118,-0.005267,0.006178,-0.006431,0.000000,0.000000,-0.385846,-0.002628,-0.228536,False
2015-02-21,-0.379290,-0.381474,-0.001829,0.002863,-0.000182,-0.005296,0.006179,-0.006431,0.000000,0.000000,-0.386171,0.006881,0.598346,False
2015-02-22,-0.387621,-0.381594,-0.001787,0.002714,-0.000247,-0.005326,0.006180,-0.006431,0.000000,0.000000,-0.386491,-0.001130,-0.098287,False
2015-02-23,-0.388034,-0.381714,-0.001737,0.002562,-0.000311,-0.005355,0.006181,-0.006431,0.000000,0.000000,-0.386805,-0.001229,-0.106870,False
2015-02-24,-0.388957,-0.381834,-0.001678,0.002407,-0.000375,-0.005384,0.006181,-0.006431,0.000000,0.000000,-0.387114,-0.001843,-0.160269,False
2015-02-25,-0.386536,-0.381954,-0.001612,0.002249,-0.000440,-0.005413,0.006182,-0.006431,0.000000,0.000000,-0.387418,0.000882,0.076653,False
2015-02-26,-0.387783,-0.382074,-0.001538,0.002089,-0.000504,-0.005442,0.006182,-0.006431,0.000000,0.000000,-0.387716,-0.000067,-0.005834,False
2015-02-27,-0.392162,-0.382193,-0.001456,0.001926,-0.000567,-0.005470,0.006183,-0.006431,0.000000,0.000000,-0.388009,-0.004153,-0.361108,False
2015-02-28,-0.398338,-0.382313,-0.001368,0.001761,-0.000631,-0.005499,0.006183,-0.006431,0.000000,0.000000,-0.388298,-0.010040,-0.873069,False
2015-03-01,-0.389077,-0.382433,-0.001273,0.001593,-0.000695,-0.005527,0.006183,-0.006430,0.000000,0.000000,-0.388581,-0.000496,-0.043089,False
2015-03-02,-0.388895,-0.382553,-0.001172,0.001424,-0.000758,-0.005555,0.006184,-0.006430,0.000000,0.000000,-0.388861,-0.000034,-0.002974,False
2015-03-03,-0.382533,-0.382673,-0.001066,0.001253,-0.000821,-0.005583,0.006184,-0.006430,0.000000,0.000000,-0.389136,0.006603,0.574167,False
2015-03-04,-0.393290,-0.382792,-0.000954,0.001080,-0.000884,-0.005611,0.006184,-0.006430,0.000000,0.000000,-0.389407,-0.003883,-0.337640,False
2015-03-05,-0.387933,-0.382912,-0.000838,0.000907,-0.000946,-0.005639,0.006184,-0.006430,0.000000,0.000000,-0.389675,0.001742,0.151456,False
2015-03-06,-0.384920,-0.383032,-0.000718,0.000732,-0.001009,-0.005666,0.006183,-0.006429,0.000000,0.000000,-0.389939,0.005019,0.436441,False
2015-03-07,-0.390859,-0.383152,-0.000595,0.000556,-0.001071,-0.005694,0.006183,-0.006429,0.000000,0.000000,-0.390200,-0.000659,-0.057265,False
2015-03-08,-0.395428,-0.383272,-0.000469,0.000380,-0.001132,-0.005721,0.006183,-0.006429,0.000000,0.000000,-0.390459,-0.004969,-0.432066,False
2015-03-09,-0.394912,-0.383392,-0.000340,0.000203,-0.001194,-0.005748,0.006183,-0.006428,0.000000,0.000000,-0.390716,-0.004196,-0.364884,False
2015-03-10,-0.392994,-0.383511,-0.000210,0.000026,-0.001255,-0.005775,0.006182,-0.006428,0.000000,0.000000,-0.390971,-0.002023,-0.175949,False
2015-03-11,-0.394447,-0.383631,-0.000079,-0.000151,-0.001315,-0.005801,0.006181,-0.006428,0.000000,0.000000,-0.391224,-0.003223,-0.280271,False
2015-03-12,-0.386772,-0.383751,0.000052,-0.000328,-0.001375,-0.005828,0.006181,-0.006427,0.000000,0.000000,-0.391476,0.004704,0.409056,False
2015-03-13,-0.397269,-0.383871,0.000183,-0.000504,-0.001435,-0.005854,0.006180,-0.006427,0.000000,0.000000,-0.391728,-0.005541,-0.481849,False
2015-03-14,-0.385976,-0.383991,0.000314,-0.000680,-0.001495,-0.005880,0.006179,-0.006426,0.000000,0.000000,-0.391979,0.006003,0.522005,False
2015-03-15,-0.384893,-0.384110,0.000442,-0.000855,-0.001553,-0.005906,0.006178,-0.006426,0.000000,0.000000,-0.392231,0.007338,0.638045,False
2015-03-16,-0.384995,-0.384230,0.000569,-0.001029,-0.001612,-0.005932,0.006177,-0.006425,0.000000,0.000000,-0.392482,0.007487,0.651085,False
2015-03-17,-0.387700,-0.384350,0.000693,-0.001202,-0.001670,-0.005958,0.006176,-0.006425,0.000000,0.000000,-0.392735,0.005035,0.437855,False
2015-03-18,-0.390203,-0.384470,0.000814,-0.001373,-0.001727,-0.005983,0.006175,-0.006424,0.000000,0.000000,-0.392989,0.002786,0.242298,False
2015-03-19,-0.389932,-0.384590,0.000931,-0.001543,-0.001784,-0.006009,0.006174,-0.006424,0.000000,0.000000,-0.393245,0.003313,0.288099,False
2015-03-20,-0.400508,-0.384710,0.001043,-0.001711,-0.001841,-0.006034,0.006173,-0.006423,0.000000,0.000000,-0.393503,-0.007005,-0.609150,False
2015-03-21,-0.400842,-0.384829,0.001151,-0.001877,-0.001897,-0.006059,0.006171,-0.006422,0.000000,0.000000,-0.393763,-0.007079,-0.615594,False
2015-03-22,-0.403088,-0.384949,0.001253,-0.002041,-0.001952,-0.006084,0.006170,-0.006422,0.000000,0.000000,-0.394025,-0.009063,-0.788077,False
2015-03-23,-0.389945,-0.385069,0.001349,-0.002202,-0.002007,-0.006108,0.006168,-0.006421,0.000000,0.000000,-0.394290,0.004345,0.377859,False
2015-03-24,-0.399256,-0.385189,0.001439,-0.002361,-0.002061,-0.006133,0.006167,-0.006420,0.000000,0.000000,-0.394559,-0.004697,-0.408459,False
2015-03-25,-0.403176,-0.385309,0.001521,-0.002517,-0.002115,-0.006157,0.006165,-0.006420,0.000000,0.000000,-0.394830,-0.008346,-0.725709,False
2015-03-26,-0.399855,-0.385428,0.001597,-0.002670,-0.002168,-0.006181,0.006163,-0.006419,0.000000,0.000000,-0.395105,-0.004750,-0.413004,False
2015-03-27,-0.402819,-0.385548,0.001665,-0.002819,-0.002220,-0.006205,0.006161,-0.006418,0.000000,0.000000,-0.395384,-0.007435,-0.646505,False
2015-03-28,-0.395853,-0.385668,0.001725,-0.002966,-0.002272,-0.006229,0.006160,-0.006418,0.000000,0.000000,-0.395667,-0.000186,-0.016198,False
2015-03-29,-0.394986,-0.385788,0.001778,-0.003109,-0.002323,-0.006252,0.006158,-0.006417,0.000000,0.000000,-0.395953,0.000967,0.084096,False
2015-03-30,-0.393910,-0.385908,0.001821,-0.003248,-0.002373,-0.006276,0.006155,-0.006416,0.000000,0.000000,-0.396243,0.002333,0.202906,False
2015-03-31,-0.391450,-0.386028,0.001856,-0.003383,-0.002423,-0.006299,0.006153,-0.006415,0.000000,0.000000,-0.396538,0.005088,0.442408,False
2015-04-01,-0.395051,-0.386147,0.001882,-0.003514,-0.002471,-0.006322,0.006151,-0.006414,0.000000,0.000000,-0.396836,0.001785,0.155210,False
2015-04-02,-0.383577,-0.386267,0.001900,-0.003642,-0.002520,-0.006345,0.006149,-0.006413,0.000000,0.000000,-0.397138,0.013561,1.179220,False
2015-04-03,-0.393526,-0.386387,0.001908,-0.003765,-0.002567,-0.006367,0.006146,-0.006412,0.000000,0.000000,-0.397444,0.003918,0.340692,False
2015-04-04,-0.393707,-0.386507,0.001907,-0.003883,-0.002614,-0.006390,0.006144,-0.006412,0.000000,0.000000,-0.397754,0.004047,0.351877,False
2015-04-05,-0.396941,-0.386627,0.001897,-0.003997,-0.002659,-0.006412,0.006141,-0.006411,0.000000,0.000000,-0.398067,0.001126,0.097890,False
2015-04-06,-0.398069,-0.386746,0.001879,-0.004106,-0.002704,-0.006434,0.006138,-0.006410,0.000000,0.000000,-0.398383,0.000314,0.027325,False
2015-04-07,-0.399197,-0.386866,0.001851,-0.004210,-0.002749,-0.006456,0.006136,-0.006409,0.000000,0.000000,-0.398703,-0.000494,-0.042970,False
2015-04-08,-0.393783,-0.386986,0.001814,-0.004309,-0.002792,-0.006478,0.006133,-0.006408,0.000000,0.000000,-0.399025,0.005242,0.455851,False
2015-04-09,-0.398238,-0.387106,0.001769,-0.004403,-0.002835,-0.006499,0.006130,-0.006407,0.000000,0.000000,-0.399350,0.001112,0.096719,False
2015-04-10,-0.401251,-0.387226,0.001716,-0.004492,-0.002877,-0.006520,0.006127,-0.006405,0.000000,0.000000,-0.399677,-0.001574,-0.136831,False
2015-04-11,-0.409640,-0.387346,0.001654,-0.004576,-0.002917,-0.006542,0.006124,-0.006404,0.000000,0.000000,-0.400006,-0.009634,-0.837700,False
2015-04-12,-0.403789,-0.387465,0.001585,-0.004654,-0.002958,-0.006563,0.006121,-0.006403,0.000000,0.000000,-0.400337,-0.003452,-0.300185,False
2015-04-13,-0.401329,-0.387585,0.001508,-0.004726,-0.002997,-0.006583,0.006118,-0.006402,0.000000,0.000000,-0.400668,-0.000661,-0.057454,False
2015-04-14,-0.400600,-0.387705,0.001424,-0.004793,-0.003035,-0.006604,0.006114,-0.006401,0.000000,0.000000,-0.401000,0.000400,0.034801,False
2015-04-15,-0.396172,-0.387825,0.001333,-0.004855,-0.003072,-0.006624,0.006111,-0.006400,0.000000,0.000000,-0.401332,0.005160,0.448711,False
2015-04-16,-0.405523,-0.387945,0.001236,-0.004910,-0.003109,-0.006644,0.006107,-0.006399,0.000000,0.000000,-0.401664,-0.003859,-0.335594,False
2015-04-17,-0.394100,-0.388064,0.001133,-0.004960,-0.003144,-0.006664,0.006104,-0.006397,0.000000,0.000000,-0.401994,0.007894,0.686446,False
2015-04-18,-0.400479,-0.388184,0.001024,-0.005004,-0.003179,-0.006684,0.006100,-0.006396,0.000000,0.000000,-0.402323,0.001844,0.160350,False
2015-04-19,-0.400388,-0.388304,0.000911,-0.005042,-0.003213,-0.006704,0.006096,-0.006395,0.000000,0.000000,-0.402650,0.002262,0.196675,False
2015-04-20,-0.391928,-0.388424,0.000794,-0.005074,-0.003246,-0.006723,0.006093,-0.006394,0.000000,0.000000,-0.402974,0.011046,0.960500,False
2015-04-21,-0.400022,-0.388544,0.000672,-0.005100,-0.003277,-0.006742,0.006089,-0.006392,0.000000,0.000000,-0.403294,0.003272,0.284556,False
2015-04-22,-0.401574,-0.388664,0.000548,-0.005120,-0.003308,-0.006762,0.006085,-0.006391,0.000000,0.000000,-0.403611,0.002037,0.177136,False
2015-04-23,-0.412394,-0.388783,0.000421,-0.005134,-0.003338,-0.006780,0.006081,-0.006389,0.000000,0.000000,-0.403923,-0.008471,-0.736596,False
2015-04-24,-0.408730,-0.388903,0.000292,-0.005141,-0.003367,-0.006799,0.006077,-0.006388,0.000000,0.000000,-0.404230,-0.004500,-0.391303,False
2015-04-25,-0.403101,-0.389023,0.000161,-0.005143,-0.003395,-0.006817,0.006072,-0.006387,0.000000,0.000000,-0.404531,0.001430,0.124351,False
2015-04-26,-0.399474,-0.389143,0.000030,-0.005138,-0.003422,-0.006836,0.006068,-0.006385,0.000000,0.000000,-0.404826,0.005352,0.465354,False
2015-04-27,-0.398832,-0.389263,-0.000101,-0.005128,-0.003447,-0.006854,0.006064,-0.006384,0.000000,0.000000,-0.405113,0.006281,0.546175,False
2015-04-28,-0.396045,-0.389382,-0.000232,-0.005111,-0.003472,-0.006872,0.006059,-0.006382,0.000000,0.000000,-0.405393,0.009348,0.812846,False
2015-04-29,-0.396567,-0.389502,-0.000362,-0.005089,-0.003496,-0.006889,0.006055,-0.006381,0.000000,0.000000,-0.405664,0.009097,0.791053,False
2015-04-30,-0.411674,-0.389622,-0.000490,-0.005060,-0.003519,-0.006907,0.006050,-0.006379,0.000000,0.000000,-0.405927,-0.005747,-0.499776,False
2015-05-01,-0.401335,-0.389742,-0.000616,-0.005025,-0.003540,-0.006924,0.006046,-0.006378,0.000000,0.000000,-0.406180,0.004845,0.421263,False
2015-05-02,-0.412554,-0.389862,-0.000739,-0.004985,-0.003561,-0.006941,0.006041,-0.006376,0.000000,0.000000,-0.406422,-0.006132,-0.533182,False
2015-05-03,-0.412132,-0.389982,-0.000858,-0.004938,-0.003581,-0.006958,0.006036,-0.006375,0.000000,0.000000,-0.406655,-0.005477,-0.476288,False
2015-05-04,-0.394371,-0.390101,-0.000973,-0.004886,-0.003599,-0.006974,0.006031,-0.006373,0.000000,0.000000,-0.406876,0.012505,1.087377,False
2015-05-05,-0.407672,-0.390221,-0.001084,-0.004828,-0.003617,-0.006991,0.006026,-0.006371,0.000000,0.000000,-0.407085,-0.000587,-0.051011,False
2015-05-06,-0.403325,-0.390341,-0.001190,-0.004764,-0.003633,-0.007007,0.006021,-0.006370,0.000000,0.000000,-0.407283,0.003958,0.344160,False
2015-05-07,-0.413246,-0.390461,-0.001289,-0.004694,-0.003648,-0.007023,0.006016,-0.006368,0.000000,0.000000,-0.407468,-0.005778,-0.502453,False
2015-05-08,-0.403615,-0.390581,-0.001383,-0.004619,-0.003662,-0.007039,0.006011,-0.006366,0.000000,0.000000,-0.407640,0.004025,0.349986,False
2015-05-09,-0.409027,-0.390700,-0.001470,-0.004538,-0.003676,-0.007055,0.006005,-0.006365,0.000000,0.000000,-0.407799,-0.001228,-0.106815,False
2015-05-10,-0.411861,-0.390820,-0.001551,-0.004452,-0.003688,-0.007070,0.006000,-0.006363,0.000000,0.000000,-0.407944,-0.003917,-0.340623,False
2015-05-11,-0.411385,-0.390940,-0.001624,-0.004361,-0.003699,-0.007085,0.005995,-0.006361,0.000000,0.000000,-0.408075,-0.003310,-0.287811,False
2015-05-12,-0.408808,-0.391060,-0.001689,-0.004265,-0.003709,-0.007100,0.005989,-0.006359,0.000000,0.000000,-0.408192,-0.000616,-0.053531,False
2015-05-13,-0.408244,-0.391180,-0.001746,-0.004163,-0.003717,-0.007115,0.005983,-0.006357,0.000000,0.000000,-0.408295,0.000051,0.004462,False
2015-05-14,-0.402733,-0.391300,-0.001795,-0.004057,-0.003725,-0.007130,0.005978,-0.006356,0.000000,0.000000,-0.408384,0.005651,0.491372,False
2015-05-15,-0.407623,-0.391419,-0.001835,-0.003946,-0.003732,-0.007144,0.005972,-0.006354,0.000000,0.000000,-0.408458,0.000835,0.072580,False
2015-05-16,-0.403983,-0.391539,-0.001867,-0.003830,-0.003737,-0.007158,0.005966,-0.006352,0.000000,0.000000,-0.408517,0.004534,0.394255,False
2015-05-17,-0.403870,-0.391659,-0.001890,-0.003709,-0.003741,-0.007172,0.005960,-0.006350,0.000000,0.000000,-0.408562,0.004692,0.407961,False
2015-05-18,-0.411397,-0.391779,-0.001904,-0.003584,-0.003745,-0.007186,0.005954,-0.006348,0.000000,0.000000,-0.408592,-0.002805,-0.243952,False
2015-05-19,-0.418654,-0.391899,-0.001909,-0.003455,-0.003747,-0.007200,0.005948,-0.006346,0.000000,0.000000,-0.408607,-0.010047,-0.873651,False
2015-05-20,-0.412532,-0.392018,-0.001905,-0.003322,-0.003748,-0.007213,0.005942,-0.006344,0.000000,0.000000,-0.408608,-0.003924,-0.341210,False
2015-05-21,-0.421638,-0.392138,-0.001891,-0.003185,-0.003748,-0.007226,0.005936,-0.006342,0.000000,0.000000,-0.408595,-0.013043,-1.134181,False
2015-05-22,-0.402986,-0.392258,-0.001869,-0.003044,-0.003746,-0.007239,0.005929,-0.006340,0.000000,0.000000,-0.408568,0.005582,0.485370,False
2015-05-23,-0.409288,-0.392378,-0.001838,-0.002900,-0.003744,-0.007252,0.005923,-0.006338,0.000000,0.000000,-0.408527,-0.000761,-0.066187,False
2015-05-24,-0.399719,-0.392498,-0.001798,-0.002752,-0.003741,-0.007264,0.005917,-0.006336,0.000000,0.000000,-0.408473,0.008754,0.761178,False
2015-05-25,-0.403273,-0.392618,-0.001750,-0.002601,-0.003736,-0.007277,0.005910,-0.006334,0.000000,0.000000,-0.408405,0.005132,0.446277,False
2015-05-26,-0.404597,-0.392737,-0.001694,-0.002446,-0.003731,-0.007289,0.005903,-0.006332,0.000000,0.000000,-0.408325,0.003728,0.324190,False
2015-05-27,-0.404927,-0.392857,-0.001629,-0.002289,-0.003724,-0.007301,0.005897,-0.006330,0.000000,0.000000,-0.408233,0.003306,0.287478,False
2015-05-28,-0.412835,-0.392977,-0.001557,-0.002129,-0.003716,-0.007312,0.005890,-0.006328,0.000000,0.000000,-0.408129,-0.004706,-0.409207,False
2015-05-29,-0.417486,-0.393097,-0.001477,-0.001967,-0.003707,-0.007324,0.005883,-0.006325,0.000000,0.000000,-0.408014,-0.009472,-0.823645,False
2015-05-30,-0.412585,-0.393217,-0.001391,-0.001802,-0.003697,-0.007335,0.005876,-0.006323,0.000000,0.000000,-0.407888,-0.004697,-0.408395,False
2015-05-31,-0.409233,-0.393336,-0.001297,-0.001635,-0.003686,-0.007346,0.005869,-0.006321,0.000000,0.000000,-0.407753,-0.001480,-0.128709,False
2015-06-01,-0.414645,-0.393456,-0.001198,-0.001466,-0.003674,-0.007357,0.005862,-0.006319,0.000000,0.000000,-0.407608,-0.007037,-0.611921,False
2015-06-02,-0.409386,-0.393576,-0.001093,-0.001296,-0.003660,-0.007368,0.005855,-0.006316,0.000000,0.000000,-0.407454,-0.001932,-0.167974,False
2015-06-03,-0.409826,-0.393696,-0.000983,-0.001124,-0.003646,-0.007378,0.005847,-0.006314,0.000000,0.000000,-0.407293,-0.002533,-0.220284,False
2015-06-04,-0.415854,-0.393816,-0.000868,-0.000950,-0.003630,-0.007388,0.005840,-0.006312,0.000000,0.000000,-0.407124,-0.008730,-0.759135,False
2015-06-05,-0.414311,-0.393936,-0.000749,-0.000776,-0.003614,-0.007398,0.005833,-0.006310,0.000000,0.000000,-0.406949,-0.007362,-0.640201,False
2015-06-06,-0.415707,-0.394055,-0.000626,-0.000600,-0.003596,-0.007408,0.005825,-0.006307,0.000000,0.000000,-0.406768,-0.008939,-0.777329,False
2015-06-07,-0.406000,-0.394175,-0.000500,-0.000424,-0.003578,-0.007417,0.005818,-0.006305,0.000000,0.000000,-0.406582,0.000582,0.050596,False
2015-06-08,-0.414318,-0.394295,-0.000373,-0.000247,-0.003558,-0.007427,0.005810,-0.006302,0.000000,0.000000,-0.406392,-0.007926,-0.689227,False
2015-06-09,-0.410459,-0.394415,-0.000243,-0.000070,-0.003537,-0.007436,0.005802,-0.006300,0.000000,0.000000,-0.406199,-0.004260,-0.370465,False
2015-06-10,-0.397135,-0.394535,-0.000112,0.000107,-0.003515,-0.007445,0.005795,-0.006298,0.000000,0.000000,-0.406003,0.008868,0.771129,False
2015-06-11,-0.405016,-0.394654,0.000019,0.000284,-0.003492,-0.007454,0.005787,-0.006295,0.000000,0.000000,-0.405806,0.000790,0.068669,False
2015-06-12,-0.412897,-0.394774,0.000151,0.000460,-0.003468,-0.007462,0.005779,-0.006293,0.000000,0.000000,-0.405608,-0.007289,-0.633858,False
2015-06-13,-0.409915,-0.394894,0.000281,0.000636,-0.003443,-0.007470,0.005771,-0.006290,0.000000,0.000000,-0.405410,-0.004505,-0.391770,False
2015-06-14,-0.403829,-0.395014,0.000410,0.000811,-0.003417,-0.007478,0.005763,-0.006288,0.000000,0.000000,-0.405213,0.001384,0.120310,False
2015-06-15,-0.408956,-0.395134,0.000538,0.000986,-0.003390,-0.007486,0.005754,-0.006285,0.000000,0.000000,-0.405017,-0.003939,-0.342503,False
2015-06-16,-0.405860,-0.395254,0.000662,0.001159,-0.003362,-0.007494,0.005746,-0.006282,0.000000,0.000000,-0.404824,-0.001036,-0.090052,False
2015-06-17,-0.410822,-0.395373,0.000784,0.001331,-0.003333,-0.007501,0.005738,-0.006280,0.000000,0.000000,-0.404635,-0.006187,-0.538004,False
2015-06-18,-0.411138,-0.395493,0.000902,0.001501,-0.003303,-0.007508,0.005730,-0.006277,0.000000,0.000000,-0.404450,-0.006688,-0.581596,False
2015-06-19,-0.411875,-0.395613,0.001015,0.001669,-0.003272,-0.007515,0.005721,-0.006275,0.000000,0.000000,-0.404269,-0.007606,-0.661370,False
2015-06-20,-0.417202,-0.395733,0.001124,0.001836,-0.003241,-0.007522,0.005713,-0.006272,0.000000,0.000000,-0.404095,-0.013107,-1.139783,False
2015-06-21,-0.405611,-0.395853,0.001228,0.002000,-0.003208,-0.007529,0.005704,-0.006269,0.000000,0.000000,-0.403926,-0.001685,-0.146510,False
2015-06-22,-0.419304,-0.395972,0.001325,0.002162,-0.003174,-0.007535,0.005695,-0.006266,0.000000,0.000000,-0.403765,-0.015539,-1.351231,False
2015-06-23,-0.414906,-0.396092,0.001417,0.002321,-0.003139,-0.007541,0.005686,-0.006264,0.000000,0.000000,-0.403611,-0.011295,-0.982149,False
2015-06-24,-0.411314,-0.396212,0.001501,0.002478,-0.003103,-0.007547,0.005678,-0.006261,0.000000,0.000000,-0.403466,-0.007848,-0.682425,False
2015-06-25,-0.422435,-0.396332,0.001579,0.002632,-0.003067,-0.007552,0.005669,-0.006258,0.000000,0.000000,-0.403330,-0.019105,-1.661314,False
2015-06-26,-0.417963,-0.396452,0.001649,0.002782,-0.003029,-0.007558,0.005660,-0.006255,0.000000,0.000000,-0.403203,-0.014760,-1.283461,False
2015-06-27,-0.410499,-0.396572,0.001711,0.002929,-0.002991,-0.007563,0.005651,-0.006253,0.000000,0.000000,-0.403087,-0.007412,-0.644560,False
2015-06-28,-0.419153,-0.396691,0.001765,0.003073,-0.002951,-0.007568,0.005642,-0.006250,0.000000,0.000000,-0.402980,-0.016173,-1.406309,False
2015-06-29,-0.409287,-0.396811,0.001811,0.003213,-0.002911,-0.007573,0.005632,-0.006247,0.000000,0.000000,-0.402885,-0.006402,-0.556669,False
2015-06-30,-0.406787,-0.396931,0.001848,0.003350,-0.002870,-0.007577,0.005623,-0.006244,0.000000,0.000000,-0.402802,-0.003985,-0.346563,False
2015-07-01,-0.402760,-0.397051,0.001877,0.003482,-0.002828,-0.007582,0.005614,-0.006241,0.000000,0.000000,-0.402729,-0.000031,-0.002657,False
2015-07-02,-0.414164,-0.397171,0.001896,0.003610,-0.002785,-0.007586,0.005604,-0.006238,0.000000,0.000000,-0.402669,-0.011495,-0.999531,False
2015-07-03,-0.414034,-0.397290,0.001907,0.003734,-0.002742,-0.007590,0.005595,-0.006235,0.000000,0.000000,-0.402622,-0.011412,-0.992382,False
2015-07-04,-0.401993,-0.397410,0.001908,0.003854,-0.002697,-0.007593,0.005585,-0.006232,0.000000,0.000000,-0.402586,0.000593,0.051592,False
2015-07-05,-0.402503,-0.397530,0.001901,0.003969,-0.002652,-0.007597,0.005575,-0.006229,0.000000,0.000000,-0.402564,0.000061,0.005273,False
2015-07-06,-0.410420,-0.397650,0.001884,0.004079,-0.002606,-0.007600,0.005566,-0.006226,0.000000,0.000000,-0.402554,-0.007866,-0.684022,False
2015-07-07,-0.401564,-0.397770,0.001859,0.004184,-0.002560,-0.007603,0.005556,-0.006223,0.000000,0.000000,-0.402557,0.000993,0.086318,False
2015-07-08,-0.416744,-0.397890,0.001824,0.004285,-0.002512,-0.007606,0.005546,-0.006220,0.000000,0.000000,-0.402572,-0.014172,-1.232311,False
2015-07-09,-0.409878,-0.398009,0.001781,0.004380,-0.002464,-0.007609,0.005536,-0.006217,0.000000,0.000000,-0.402601,-0.007277,-0.632783,False
2015-07-10,-0.412197,-0.398129,0.001730,0.004470,-0.002415,-0.007611,0.005526,-0.006214,0.000000,0.000000,-0.402642,-0.009555,-0.830844,False
2015-07-11,-0.411051,-0.398249,0.001670,0.004555,-0.002365,-0.007613,0.005516,-0.006211,0.000000,0.000000,-0.402696,-0.008355,-0.726503,False
2015-07-12,-0.390295,-0.398369,0.001603,0.004635,-0.002315,-0.007615,0.005506,-0.006208,0.000000,0.000000,-0.402763,0.012468,1.084137,False
2015-07-13,-0.411858,-0.398489,0.001528,0.004709,-0.002264,-0.007617,0.005496,-0.006204,0.000000,0.000000,-0.402841,-0.009017,-0.784072,False
2015-07-14,-0.412284,-0.398608,0.001445,0.004777,-0.002212,-0.007618,0.005485,-0.006201,0.000000,0.000000,-0.402932,-0.009352,-0.813239,False
2015-07-15,-0.416624,-0.398728,0.001356,0.004840,-0.002159,-0.007619,0.005475,-0.006198,0.000000,0.000000,-0.403034,-0.013590,-1.181738,False
2015-07-16,-0.409478,-0.398848,0.001261,0.004897,-0.002106,-0.007620,0.005464,-0.006195,0.000000,0.000000,-0.403148,-0.006330,-0.550467,False
2015-07-17,-0.408569,-0.398968,0.001159,0.004948,-0.002053,-0.007621,0.005454,-0.006191,0.000000,0.000000,-0.403272,-0.005297,-0.460589,False
2015-07-18,-0.408693,-0.399088,0.001052,0.004993,-0.001998,-0.007622,0.005443,-0.006188,0.000000,0.000000,-0.403407,-0.005286,-0.459617,False
2015-07-19,-0.426871,-0.399208,0.000940,0.005033,-0.001944,-0.007622,0.005433,-0.006185,0.000000,0.000000,-0.403553,-0.023318,-2.027676,False
2015-07-20,-0.413149,-0.399327,0.000823,0.005066,-0.001888,-0.007622,0.005422,-0.006182,0.000000,0.000000,-0.403708,-0.009441,-0.820981,False
2015-07-21,-0.421048,-0.399447,0.000703,0.005094,-0.001832,-0.007622,0.005411,-0.006178,0.000000,0.000000,-0.403872,-0.017176,-1.493575,False
2015-07-22,-0.409533,-0.399567,0.000579,0.005115,-0.001776,-0.007622,0.005400,-0.006175,0.000000,0.000000,-0.404045,-0.005488,-0.477242,False
2015-07-23,-0.403702,-0.399687,0.000453,0.005131,-0.001719,-0.007622,0.005389,-0.006171,0.000000,0.000000,-0.404226,0.000524,0.045535,False
2015-07-24,-0.417803,-0.399807,0.000324,0.005140,-0.001661,-0.007621,0.005378,-0.006168,0.000000,0.000000,-0.404414,-0.013389,-1.164250,False
2015-07-25,-0.420439,-0.399926,0.000194,0.005143,-0.001603,-0.007620,0.005367,-0.006165,0.000000,0.000000,-0.404610,-0.015829,-1.376472,False
2015-07-26,-0.423451,-0.400046,0.000063,0.005140,-0.001544,-0.007619,0.005356,-0.006161,0.000000,0.000000,-0.404811,-0.018640,-1.620836,False
2015-07-27,-0.414751,-0.400166,-0.000069,0.005131,-0.001485,-0.007617,0.005345,-0.006158,0.000000,0.000000,-0.405019,-0.009732,-0.846265,False
2015-07-28,-0.408798,-0.400286,-0.000200,0.005116,-0.001426,-0.007616,0.005333,-0.006154,0.000000,0.000000,-0.405232,-0.003566,-0.310116,False
2015-07-29,-0.410962,-0.400406,-0.000330,0.005095,-0.001366,-0.007614,0.005322,-0.006151,0.000000,0.000000,-0.405449,-0.005513,-0.479400,False
2015-07-30,-0.422639,-0.400526,-0.000458,0.005068,-0.001306,-0.007612,0.005311,-0.006147,0.000000,0.000000,-0.405670,-0.016969,-1.475562,False
2015-07-31,-0.420783,-0.400645,-0.000585,0.005035,-0.001245,-0.007610,0.005299,-0.006143,0.000000,0.000000,-0.405894,-0.014889,-1.294656,False
2015-08-01,-0.415353,-0.400765,-0.000708,0.004995,-0.001184,-0.007607,0.005288,-0.006140,0.000000,0.000000,-0.406122,-0.009231,-0.802738,False
2015-08-02,-0.423397,-0.400885,-0.000829,0.004950,-0.001123,-0.007604,0.005276,-0.006136,0.000000,0.000000,-0.406351,-0.017046,-1.482294,False
2015-08-03,-0.418753,-0.401005,-0.000945,0.004899,-0.001061,-0.007601,0.005264,-0.006133,0.000000,0.000000,-0.406581,-0.012172,-1.058421,False
2015-08-04,-0.421922,-0.401125,-0.001057,0.004843,-0.000999,-0.007598,0.005252,-0.006129,0.000000,0.000000,-0.406813,-0.015109,-1.313866,False
2015-08-05,-0.408902,-0.401244,-0.001164,0.004780,-0.000937,-0.007595,0.005240,-0.006125,0.000000,0.000000,-0.407044,-0.001858,-0.161549,False
2015-08-06,-0.410999,-0.401364,-0.001265,0.004712,-0.000874,-0.007591,0.005229,-0.006122,0.000000,0.000000,-0.407276,-0.003723,-0.323780,False
2015-08-07,-0.432782,-0.401484,-0.001360,0.004638,-0.000811,-0.007587,0.005217,-0.006118,0.000000,0.000000,-0.407506,-0.025276,-2.197911,False
2015-08-08,-0.431498,-0.401604,-0.001449,0.004559,-0.000748,-0.007583,0.005204,-0.006114,0.000000,0.000000,-0.407735,-0.023763,-2.066333,False
2015-08-09,-0.421439,-0.401724,-0.001531,0.004474,-0.000685,-0.007579,0.005192,-0.006110,0.000000,0.000000,-0.407962,-0.013477,-1.171874,False
2015-08-10,-0.430575,-0.401844,-0.001606,0.004384,-0.000621,-0.007575,0.005180,-0.006107,0.000000,0.000000,-0.408187,-0.022388,-1.946749,False
2015-08-11,-0.435026,-0.401963,-0.001673,0.004289,-0.000557,-0.007570,0.005168,-0.006103,0.000000,0.000000,-0.408410,-0.026616,-2.314472,False
2015-08-12,-0.425819,-0.402083,-0.001732,0.004189,-0.000494,-0.007565,0.005156,-0.006099,0.000000,0.000000,-0.408629,-0.017190,-1.494821,False
2015-08-13,-0.431588,-0.402203,-0.001783,0.004084,-0.000430,-0.007560,0.005143,-0.006095,0.000000,0.000000,-0.408844,-0.022744,-1.977741,False
2015-08-14,-0.418503,-0.402323,-0.001826,0.003974,-0.000365,-0.007555,0.005131,-0.006091,0.000000,0.000000,-0.409055,-0.009448,-0.821522,False
2015-08-15,-0.424085,-0.402443,-0.001860,0.003859,-0.000301,-0.007549,0.005118,-0.006087,0.000000,0.000000,-0.409263,-0.014822,-1.288888,False
2015-08-16,-0.429147,-0.402562,-0.001885,0.003740,-0.000237,-0.007543,0.005105,-0.006083,0.000000,0.000000,-0.409466,-0.019681,-1.711429,False
2015-08-17,-0.429292,-0.402682,-0.001901,0.003616,-0.000172,-0.007537,0.005093,-0.006079,0.000000,0.000000,-0.409664,-0.019628,-1.706816,False
2015-08-18,-0.431293,-0.402802,-0.001908,0.003488,-0.000108,-0.007531,0.005080,-0.006075,0.000000,0.000000,-0.409857,-0.021436,-1.864026,False
2015-08-19,-0.436945,-0.402922,-0.001906,0.003356,-0.000043,-0.007525,0.005067,-0.006071,0.000000,0.000000,-0.410045,-0.026900,-2.339158,False
2015-08-20,-0.442597,-0.403042,-0.001895,0.003220,0.000021,-0.007518,0.005054,-0.006067,0.000000,0.000000,-0.410227,-0.032370,-2.814746,False
2015-08-21,-0.436200,-0.403162,-0.001876,0.003080,0.000086,-0.007511,0.005041,-0.006063,0.000000,0.000000,-0.410405,-0.025795,-2.243059,False
2015-08-22,-0.433258,-0.403281,-0.001847,0.002936,0.000150,-0.007504,0.005028,-0.006059,0.000000,0.000000,-0.410577,-0.022681,-1.972276,False
2015-08-23,-0.429007,-0.403401,-0.001809,0.002789,0.000215,-0.007497,0.005015,-0.006055,0.000000,0.000000,-0.410743,-0.018264,-1.588135,False
2015-08-24,-0.423533,-0.403521,-0.001763,0.002639,0.000279,-0.007489,0.005002,-0.006051,0.000000,0.000000,-0.410905,-0.012628,-1.098115,False
2015-08-25,-0.420359,-0.403641,-0.001709,0.002485,0.000343,-0.007481,0.004989,-0.006047,0.000000,0.000000,-0.411061,-0.009298,-0.808557,False
2015-08-26,-0.411431,-0.403761,-0.001646,0.002329,0.000407,-0.007474,0.004976,-0.006043,0.000000,0.000000,-0.411211,-0.000220,-0.019105,False
2015-08-27,-0.420436,-0.403880,-0.001576,0.002169,0.000472,-0.007465,0.004962,-0.006039,0.000000,0.000000,-0.411357,-0.009079,-0.789488,False
2015-08-28,-0.414738,-0.404000,-0.001498,0.002008,0.000535,-0.007457,0.004949,-0.006035,0.000000,0.000000,-0.411498,-0.003240,-0.281777,False
2015-08-29,-0.419124,-0.404120,-0.001413,0.001843,0.000599,-0.007448,0.004936,-0.006030,0.000000,0.000000,-0.411634,-0.007490,-0.651348,False
2015-08-30,-0.419264,-0.404240,-0.001321,0.001677,0.000663,-0.007440,0.004922,-0.006026,0.000000,0.000000,-0.411765,-0.007499,-0.652092,False
2015-08-31,-0.414753,-0.404360,-0.001223,0.001509,0.000726,-0.007430,0.004908,-0.006022,0.000000,0.000000,-0.411892,-0.002861,-0.248772,False
2015-09-01,-0.424648,-0.404480,-0.001120,0.001339,0.000789,-0.007421,0.004895,-0.006018,0.000000,0.000000,-0.412015,-0.012633,-1.098492,False
2015-09-02,-0.422368,-0.404599,-0.001011,0.001167,0.000852,-0.007412,0.004881,-0.006013,0.000000,0.000000,-0.412135,-0.010233,-0.889835,False
2015-09-03,-0.423154,-0.404719,-0.000897,0.000994,0.000915,-0.007402,0.004867,-0.006009,0.000000,0.000000,-0.412251,-0.010903,-0.948075,False
2015-09-04,-0.422075,-0.404839,-0.000779,0.000819,0.000977,-0.007392,0.004853,-0.006005,0.000000,0.000000,-0.412364,-0.009711,-0.844400,False
2015-09-05,-0.421894,-0.404959,-0.000657,0.000644,0.001040,-0.007382,0.004839,-0.006001,0.000000,0.000000,-0.412475,-0.009419,-0.819038,False
2015-09-06,-0.413846,-0.405079,-0.000532,0.000468,0.001101,-0.007372,0.004825,-0.005996,0.000000,0.000000,-0.412584,-0.001262,-0.109781,False
2015-09-07,-0.410454,-0.405198,-0.000405,0.000292,0.001163,-0.007361,0.004811,-0.005992,0.000000,0.000000,-0.412690,0.002236,0.194448,False
2015-09-08,-0.422963,-0.405318,-0.000275,0.000115,0.001224,-0.007350,0.004797,-0.005987,0.000000,0.000000,-0.412795,-0.010168,-0.884140,False
2015-09-09,-0.416620,-0.405438,-0.000145,-0.000062,0.001285,-0.007340,0.004783,-0.005983,0.000000,0.000000,-0.412900,-0.003720,-0.323509,False
2015-09-10,-0.424191,-0.405558,-0.000014,-0.000239,0.001345,-0.007328,0.004769,-0.005978,0.000000,0.000000,-0.413003,-0.011188,-0.972838,False
2015-09-11,-0.424314,-0.405678,0.000118,-0.000416,0.001405,-0.007317,0.004755,-0.005974,0.000000,0.000000,-0.413107,-0.011207,-0.974526,False
2015-09-12,-0.423598,-0.405798,0.000249,-0.000592,0.001465,-0.007305,0.004740,-0.005969,0.000000,0.000000,-0.413211,-0.010387,-0.903230,False
2015-09-13,-0.412144,-0.405917,0.000378,-0.000768,0.001524,-0.007294,0.004726,-0.005965,0.000000,0.000000,-0.413315,0.001171,0.101869,False
2015-09-14,-0.419305,-0.406037,0.000506,-0.000942,0.001583,-0.007282,0.004711,-0.005960,0.000000,0.000000,-0.413421,-0.005884,-0.511626,False
2015-09-15,-0.419518,-0.406157,0.000631,-0.001116,0.001641,-0.007269,0.004697,-0.005956,0.000000,0.000000,-0.413529,-0.005989,-0.520809,False
2015-09-16,-0.420975,-0.406277,0.000754,-0.001288,0.001699,-0.007257,0.004682,-0.005951,0.000000,0.000000,-0.413638,-0.007337,-0.637994,False
2015-09-17,-0.421722,-0.406397,0.000873,-0.001459,0.001756,-0.007244,0.004667,-0.005947,0.000000,0.000000,-0.413750,-0.007972,-0.693233,False
2015-09-18,-0.423887,-0.406516,0.000987,-0.001627,0.001813,-0.007231,0.004653,-0.005942,0.000000,0.000000,-0.413864,-0.010023,-0.871536,False
2015-09-19,-0.418869,-0.406636,0.001098,-0.001794,0.001869,-0.007218,0.004638,-0.005937,0.000000,0.000000,-0.413982,-0.004887,-0.424960,False
2015-09-20,-0.410185,-0.406756,0.001202,-0.001959,0.001925,-0.007205,0.004623,-0.005933,0.000000,0.000000,-0.414103,0.003918,0.340701,False
2015-09-21,-0.425977,-0.406876,0.001302,-0.002122,0.001980,-0.007192,0.004608,-0.005928,0.000000,0.000000,-0.414228,-0.011749,-1.021659,False
2015-09-22,-0.420138,-0.406996,0.001394,-0.002282,0.002034,-0.007178,0.004593,-0.005923,0.000000,0.000000,-0.414357,-0.005781,-0.502707,False
2015-09-23,-0.422660,-0.407116,0.001481,-0.002439,0.002088,-0.007164,0.004578,-0.005919,0.000000,0.000000,-0.414490,-0.008170,-0.710422,False
2015-09-24,-0.419908,-0.407235,0.001560,-0.002594,0.002141,-0.007150,0.004563,-0.005914,0.000000,0.000000,-0.414628,-0.005280,-0.459130,False
2015-09-25,-0.415508,-0.407355,0.001632,-0.002745,0.002194,-0.007136,0.004548,-0.005909,0.000000,0.000000,-0.414771,-0.000737,-0.064117,False
2015-09-26,-0.422922,-0.407475,0.001696,-0.002893,0.002246,-0.007121,0.004533,-0.005904,0.000000,0.000000,-0.414918,-0.008004,-0.695977,False
2015-09-27,-0.415797,-0.407595,0.001753,-0.003038,0.002297,-0.007106,0.004517,-0.005900,0.000000,0.000000,-0.415071,-0.000726,-0.063132,False
2015-09-28,-0.418133,-0.407715,0.001800,-0.003179,0.002348,-0.007091,0.004502,-0.005895,0.000000,0.000000,-0.415229,-0.002904,-0.252529,False
2015-09-29,-0.423643,-0.407834,0.001840,-0.003316,0.002398,-0.007076,0.004487,-0.005890,0.000000,0.000000,-0.415392,-0.008251,-0.717465,False
2015-09-30,-0.423920,-0.407954,0.001870,-0.003449,0.002447,-0.007061,0.004471,-0.005885,0.000000,0.000000,-0.415561,-0.008359,-0.726894,False
2015-10-01,-0.426201,-0.408074,0.001892,-0.003579,0.002496,-0.007045,0.004456,-0.005880,0.000000,0.000000,-0.415735,-0.010466,-0.910121,False
2015-10-02,-0.418900,-0.408194,0.001905,-0.003704,0.002543,-0.007030,0.004440,-0.005875,0.000000,0.000000,-0.415914,-0.002986,-0.259669,False
2015-10-03,-0.415093,-0.408314,0.001909,-0.003824,0.002590,-0.007014,0.004425,-0.005870,0.000000,0.000000,-0.416098,0.001005,0.087412,False
2015-10-04,-0.421815,-0.408434,0.001903,-0.003940,0.002637,-0.006997,0.004409,-0.005865,0.000000,0.000000,-0.416288,-0.005527,-0.480628,False
2015-10-05,-0.417829,-0.408553,0.001889,-0.004052,0.002682,-0.006981,0.004393,-0.005860,0.000000,0.000000,-0.416482,-0.001347,-0.117106,False
2015-10-06,-0.421849,-0.408673,0.001866,-0.004158,0.002727,-0.006965,0.004377,-0.005855,0.000000,0.000000,-0.416682,-0.005167,-0.449342,False
2015-10-07,-0.415499,-0.408793,0.001834,-0.004260,0.002771,-0.006948,0.004361,-0.005850,0.000000,0.000000,-0.416885,0.001386,0.120558,False
2015-10-08,-0.414080,-0.408913,0.001793,-0.004357,0.002814,-0.006931,0.004346,-0.005845,0.000000,0.000000,-0.417094,0.003014,0.262049,False
2015-10-09,-0.416147,-0.409033,0.001744,-0.004448,0.002856,-0.006914,0.004330,-0.005840,0.000000,0.000000,-0.417306,0.001159,0.100757,False
2015-10-10,-0.417666,-0.409152,0.001686,-0.004535,0.002897,-0.006896,0.004314,-0.005835,0.000000,0.000000,-0.417522,-0.000144,-0.012563,False
2015-10-11,-0.417471,-0.409272,0.001621,-0.004615,0.002938,-0.006879,0.004297,-0.005830,0.000000,0.000000,-0.417741,0.000270,0.023448,False
2015-10-12,-0.418102,-0.409392,0.001547,-0.004691,0.002977,-0.006861,0.004281,-0.005825,0.000000,0.000000,-0.417963,-0.000139,-0.012113,False
2015-10-13,-0.418733,-0.409512,0.001467,-0.004761,0.003016,-0.006843,0.004265,-0.005820,0.000000,0.000000,-0.418187,-0.000546,-0.047457,False
2015-10-14,-0.419364,-0.409632,0.001379,-0.004825,0.003054,-0.006825,0.004249,-0.005815,0.000000,0.000000,-0.418414,-0.000950,-0.082624,False
2015-10-15,-0.416611,-0.409752,0.001285,-0.004883,0.003091,-0.006806,0.004233,-0.005809,0.000000,0.000000,-0.418642,0.002031,0.176606,False
2015-10-16,-0.420609,-0.409871,0.001185,-0.004936,0.003127,-0.006788,0.004216,-0.005804,0.000000,0.000000,-0.418871,-0.001738,-0.151116,False
2015-10-17,-0.423952,-0.409991,0.001079,-0.004983,0.003162,-0.006769,0.004200,-0.005799,0.000000,0.000000,-0.419101,-0.004851,-0.421835,False
2015-10-18,-0.420251,-0.410111,0.000968,-0.005024,0.003196,-0.006750,0.004183,-0.005794,0.000000,0.000000,-0.419331,-0.000920,-0.080033,False
2015-10-19,-0.415590,-0.410231,0.000853,-0.005059,0.003229,-0.006731,0.004167,-0.005788,0.000000,0.000000,-0.419560,0.003970,0.345196,False
2015-10-20,-0.414069,-0.410351,0.000733,-0.005088,0.003262,-0.006712,0.004150,-0.005783,0.000000,0.000000,-0.419788,0.005719,0.497281,False
2015-10-21,-0.412294,-0.410470,0.000610,-0.005110,0.003293,-0.006692,0.004134,-0.005778,0.000000,0.000000,-0.420014,0.007720,0.671302,False
2015-10-22,-0.423492,-0.410590,0.000485,-0.005127,0.003323,-0.006672,0.004117,-0.005773,0.000000,0.000000,-0.420238,-0.003254,-0.282969,False
2015-10-23,-0.419225,-0.410710,0.000356,-0.005138,0.003353,-0.006653,0.004100,-0.005767,0.000000,0.000000,-0.420459,0.001234,0.107286,False
2015-10-24,-0.421005,-0.410830,0.000227,-0.005143,0.003381,-0.006632,0.004083,-0.005762,0.000000,0.000000,-0.420676,-0.000329,-0.028596,False
2015-10-25,-0.432566,-0.410950,0.000096,-0.005141,0.003408,-0.006612,0.004066,-0.005756,0.000000,0.000000,-0.420889,-0.011677,-1.015362,False
2015-10-26,-0.415986,-0.411069,-0.000036,-0.005134,0.003435,-0.006592,0.004050,-0.005751,0.000000,0.000000,-0.421098,0.005112,0.444498,False
2015-10-27,-0.422671,-0.411189,-0.000167,-0.005120,0.003460,-0.006571,0.004033,-0.005746,0.000000,0.000000,-0.421301,-0.001370,-0.119154,False
2015-10-28,-0.425058,-0.411309,-0.000297,-0.005101,0.003484,-0.006550,0.004016,-0.005740,0.000000,0.000000,-0.421498,-0.003560,-0.309588,False
2015-10-29,-0.427480,-0.411429,-0.000426,-0.005075,0.003507,-0.006529,0.003999,-0.005735,0.000000,0.000000,-0.421688,-0.005792,-0.503637,False
2015-10-30,-0.421936,-0.411549,-0.000553,-0.005043,0.003530,-0.006508,0.003981,-0.005729,0.000000,0.000000,-0.421871,-0.000065,-0.005613,False
2015-10-31,-0.414507,-0.411669,-0.000678,-0.005006,0.003551,-0.006486,0.003964,-0.005724,0.000000,0.000000,-0.422047,0.007540,0.655654,False
2015-11-01,-0.417226,-0.411788,-0.000799,-0.004962,0.003571,-0.006465,0.003947,-0.005718,0.000000,0.000000,-0.422214,0.004988,0.433768,False
2015-11-02,-0.423284,-0.411908,-0.000916,-0.004913,0.003590,-0.006443,0.003930,-0.005713,0.000000,0.000000,-0.422373,-0.000911,-0.079227,False
2015-11-03,-0.424201,-0.412028,-0.001029,-0.004857,0.003608,-0.006421,0.003912,-0.005707,0.000000,0.000000,-0.422522,-0.001679,-0.145984,False
2015-11-04,-0.419506,-0.412148,-0.001137,-0.004796,0.003625,-0.006399,0.003895,-0.005701,0.000000,0.000000,-0.422662,0.003156,0.274414,False
2015-11-05,-0.421134,-0.412268,-0.001240,-0.004730,0.003641,-0.006376,0.003878,-0.005696,0.000000,0.000000,-0.422791,0.001657,0.144102,False
2015-11-06,-0.424592,-0.412387,-0.001337,-0.004657,0.003656,-0.006354,0.003860,-0.005690,0.000000,0.000000,-0.422910,-0.001682,-0.146258,False
2015-11-07,-0.412646,-0.412507,-0.001428,-0.004579,0.003669,-0.006331,0.003843,-0.005684,0.000000,0.000000,-0.423018,0.010372,0.901911,False
2015-11-08,-0.424950,-0.412627,-0.001511,-0.004496,0.003682,-0.006308,0.003825,-0.005679,0.000000,0.000000,-0.423115,-0.001835,-0.159596,False
2015-11-09,-0.422867,-0.412747,-0.001588,-0.004407,0.003693,-0.006285,0.003807,-0.005673,0.000000,0.000000,-0.423200,0.000333,0.028936,False
2015-11-10,-0.417838,-0.412867,-0.001657,-0.004314,0.003704,-0.006262,0.003790,-0.005667,0.000000,0.000000,-0.423273,0.005435,0.472616,False
2015-11-11,-0.422314,-0.412987,-0.001718,-0.004215,0.003713,-0.006238,0.003772,-0.005662,0.000000,0.000000,-0.423334,0.001020,0.088728,False
2015-11-12,-0.421732,-0.413106,-0.001771,-0.004111,0.003721,-0.006215,0.003754,-0.005656,0.000000,0.000000,-0.423383,0.001651,0.143607,False
2015-11-13,-0.419099,-0.413226,-0.001816,-0.004002,0.003728,-0.006191,0.003736,-0.005650,0.000000,0.000000,-0.423420,0.004321,0.375762,False
2015-11-14,-0.424399,-0.413346,-0.001852,-0.003888,0.003734,-0.006167,0.003718,-0.005644,0.000000,0.000000,-0.423445,-0.000954,-0.082986,False
2015-11-15,-0.424916,-0.413466,-0.001880,-0.003770,0.003739,-0.006142,0.003701,-0.005639,0.000000,0.000000,-0.423457,-0.001459,-0.126859,False
2015-11-16,-0.425432,-0.413586,-0.001898,-0.003647,0.003743,-0.006118,0.003683,-0.005633,0.000000,0.000000,-0.423456,-0.001976,-0.171812,False
2015-11-17,-0.430056,-0.413705,-0.001907,-0.003520,0.003746,-0.006094,0.003664,-0.005627,0.000000,0.000000,-0.423443,-0.006613,-0.575013,False
2015-11-18,-0.418718,-0.413825,-0.001908,-0.003389,0.003747,-0.006069,0.003646,-0.005621,0.000000,0.000000,-0.423418,0.004700,0.408721,False
2015-11-19,-0.424148,-0.413945,-0.001899,-0.003254,0.003748,-0.006044,0.003628,-0.005615,0.000000,0.000000,-0.423381,-0.000767,-0.066684,False
2015-11-20,-0.419507,-0.414065,-0.001881,-0.003115,0.003747,-0.006019,0.003610,-0.005609,0.000000,0.000000,-0.423332,0.003825,0.332615,False
2015-11-21,-0.418742,-0.414185,-0.001855,-0.002972,0.003745,-0.005994,0.003592,-0.005603,0.000000,0.000000,-0.423271,0.004529,0.393859,False
2015-11-22,-0.423510,-0.414305,-0.001819,-0.002826,0.003743,-0.005968,0.003574,-0.005597,0.000000,0.000000,-0.423199,-0.000311,-0.027014,False
2015-11-23,-0.424034,-0.414424,-0.001775,-0.002677,0.003739,-0.005943,0.003555,-0.005591,0.000000,0.000000,-0.423116,-0.000917,-0.079758,False
2015-11-24,-0.424557,-0.414544,-0.001723,-0.002524,0.003734,-0.005917,0.003537,-0.005585,0.000000,0.000000,-0.423023,-0.001534,-0.133426,False
2015-11-25,-0.426429,-0.414664,-0.001662,-0.002368,0.003727,-0.005891,0.003519,-0.005579,0.000000,0.000000,-0.422919,-0.003510,-0.305242,False
2015-11-26,-0.428499,-0.414784,-0.001594,-0.002209,0.003720,-0.005865,0.003500,-0.005573,0.000000,0.000000,-0.422805,-0.005694,-0.495120,False
2015-11-27,-0.431161,-0.414904,-0.001518,-0.002048,0.003712,-0.005839,0.003482,-0.005567,0.000000,0.000000,-0.422682,-0.008479,-0.737278,False
2015-11-28,-0.430185,-0.415023,-0.001435,-0.001885,0.003702,-0.005812,0.003463,-0.005561,0.000000,0.000000,-0.422551,-0.007634,-0.663841,False
2015-11-29,-0.429972,-0.415143,-0.001345,-0.001719,0.003692,-0.005785,0.003444,-0.005555,0.000000,0.000000,-0.422411,-0.007561,-0.657455,False
2015-11-30,-0.429244,-0.415263,-0.001248,-0.001551,0.003680,-0.005759,0.003426,-0.005549,0.000000,0.000000,-0.422264,-0.006980,-0.606934,False
2015-12-01,-0.432458,-0.415383,-0.001146,-0.001381,0.003667,-0.005732,0.003407,-0.005543,0.000000,0.000000,-0.422110,-0.010348,-0.899788,False
2015-12-02,-0.423468,-0.415503,-0.001038,-0.001210,0.003653,-0.005705,0.003388,-0.005537,0.000000,0.000000,-0.421950,-0.001518,-0.131957,False
2015-12-03,-0.422338,-0.415623,-0.000926,-0.001037,0.003638,-0.005677,0.003370,-0.005530,0.000000,0.000000,-0.421785,-0.000553,-0.048075,False
2015-12-04,-0.429721,-0.415742,-0.000809,-0.000863,0.003622,-0.005650,0.003351,-0.005524,0.000000,0.000000,-0.421615,-0.008106,-0.704861,False
2015-12-05,-0.424596,-0.415862,-0.000688,-0.000688,0.003605,-0.005622,0.003332,-0.005518,0.000000,0.000000,-0.421441,-0.003155,-0.274335,False
2015-12-06,-0.428672,-0.415982,-0.000564,-0.000512,0.003587,-0.005595,0.003313,-0.005512,0.000000,0.000000,-0.421264,-0.007408,-0.644170,False
2015-12-07,-0.425837,-0.416102,-0.000437,-0.000336,0.003568,-0.005567,0.003294,-0.005506,0.000000,0.000000,-0.421085,-0.004752,-0.413253,False
2015-12-08,-0.430151,-0.416222,-0.000308,-0.000159,0.003548,-0.005539,0.003275,-0.005499,0.000000,0.000000,-0.420904,-0.009247,-0.804122,False
2015-12-09,-0.428810,-0.416341,-0.000178,0.000018,0.003526,-0.005510,0.003256,-0.005493,0.000000,0.000000,-0.420722,-0.008088,-0.703317,False
2015-12-10,-0.421855,-0.416461,-0.000046,0.000195,0.003504,-0.005482,0.003237,-0.005487,0.000000,0.000000,-0.420540,-0.001315,-0.114329,False
2015-12-11,-0.415316,-0.416581,0.000085,0.000372,0.003480,-0.005453,0.003218,-0.005480,0.000000,0.000000,-0.420359,0.005043,0.438564,False
2015-12-12,-0.429635,-0.416701,0.000216,0.000548,0.003456,-0.005425,0.003199,-0.005474,0.000000,0.000000,-0.420180,-0.009455,-0.822131,False
2015-12-13,-0.422494,-0.416821,0.000346,0.000724,0.003430,-0.005396,0.003180,-0.005468,0.000000,0.000000,-0.420004,-0.002490,-0.216516,False
2015-12-14,-0.425786,-0.416941,0.000474,0.000899,0.003404,-0.005367,0.003160,-0.005461,0.000000,0.000000,-0.419831,-0.005955,-0.517825,False
2015-12-15,-0.428136,-0.417060,0.000600,0.001073,0.003377,-0.005337,0.003141,-0.005455,0.000000,0.000000,-0.419662,-0.008474,-0.736856,False
2015-12-16,-0.422916,-0.417180,0.000724,0.001245,0.003348,-0.005308,0.003122,-0.005448,0.000000,0.000000,-0.419498,-0.003418,-0.297193,False
2015-12-17,-0.421769,-0.417300,0.000843,0.001416,0.003319,-0.005279,0.003102,-0.005442,0.000000,0.000000,-0.419340,-0.002429,-0.211202,False
2015-12-18,-0.428015,-0.417420,0.000959,0.001585,0.003288,-0.005249,0.003083,-0.005436,0.000000,0.000000,-0.419189,-0.008826,-0.767514,False
2015-12-19,-0.427053,-0.417540,0.001070,0.001753,0.003257,-0.005219,0.003064,-0.005429,0.000000,0.000000,-0.419044,-0.008009,-0.696411,False
2015-12-20,-0.426670,-0.417659,0.001177,0.001918,0.003224,-0.005189,0.003044,-0.005423,0.000000,0.000000,-0.418908,-0.007762,-0.674961,False
2015-12-21,-0.415936,-0.417779,0.001277,0.002081,0.003191,-0.005159,0.003025,-0.005416,0.000000,0.000000,-0.418780,0.002844,0.247331,False
2015-12-22,-0.419387,-0.417899,0.001372,0.002242,0.003157,-0.005129,0.003005,-0.005409,0.000000,0.000000,-0.418662,-0.000725,-0.063044,False
2015-12-23,-0.421287,-0.418019,0.001460,0.002400,0.003121,-0.005098,0.002985,-0.005403,0.000000,0.000000,-0.418554,-0.002733,-0.237683,False
2015-12-24,-0.419196,-0.418139,0.001541,0.002555,0.003085,-0.005068,0.002966,-0.005396,0.000000,0.000000,-0.418456,-0.000740,-0.064360,False
2015-12-25,-0.420306,-0.418259,0.001615,0.002707,0.003048,-0.005037,0.002946,-0.005390,0.000000,0.000000,-0.418369,-0.001937,-0.168418,False
2015-12-26,-0.423904,-0.418378,0.001681,0.002856,0.003010,-0.005006,0.002926,-0.005383,0.000000,0.000000,-0.418294,-0.005610,-0.487812,False
2015-12-27,-0.419453,-0.418498,0.001739,0.003002,0.002971,-0.004975,0.002907,-0.005376,0.000000,0.000000,-0.418231,-0.001222,-0.106239,False
2015-12-28,-0.424264,-0.418618,0.001789,0.003144,0.002931,-0.004944,0.002887,-0.005370,0.000000,0.000000,-0.418181,-0.006083,-0.528965,False
2015-12-29,-0.424110,-0.418738,0.001831,0.003282,0.002891,-0.004913,0.002867,-0.005363,0.000000,0.000000,-0.418143,-0.005967,-0.518826,False
2015-12-30,-0.417243,-0.418858,0.001864,0.003416,0.002849,-0.004881,0.002847,-0.005356,0.000000,0.000000,-0.418119,0.000876,0.076208,False
2015-12-31,-0.421723,-0.418977,0.001888,0.003547,0.002807,-0.004850,0.002827,-0.005350,0.000000,0.000000,-0.418109,-0.003614,-0.314270,False
2016-01-01,-0.423210,-0.419097,0.001903,0.003673,0.002764,-0.004818,0.002807,-0.005343,0.000000,0.000000,-0.418112,-0.005098,-0.443282,False
2016-01-02,-0.418075,-0.419217,0.001909,0.003794,0.002720,-0.004786,0.002787,-0.005336,0.000000,0.000000,-0.418130,0.000055,0.004749,False
2016-01-03,-0.413423,-0.419336,0.001906,0.003911,0.002675,-0.004755,0.002767,-0.005330,0.000000,0.000000,-0.418161,0.004738,0.412011,False
2016-01-04,-0.417481,-0.419456,0.001894,0.004023,0.002630,-0.004722,0.002747,-0.005323,0.000000,0.000000,-0.418207,0.000726,0.063121,False
2016-01-05,-0.419073,-0.419575,0.001873,0.004131,0.002584,-0.004690,0.002727,-0.005316,0.000000,0.000000,-0.418267,-0.000806,-0.070088,False
2016-01-06,-0.421744,-0.419695,0.001843,0.004234,0.002537,-0.004658,0.002707,-0.005309,0.000000,0.000000,-0.418341,-0.003403,-0.295876,False
2016-01-07,-0.414387,-0.419814,0.001805,0.004332,0.002489,-0.004626,0.002687,-0.005302,0.000000,0.000000,-0.418430,0.004043,0.351579,False
2016-01-08,-0.415188,-0.419934,0.001758,0.004424,0.002440,-0.004593,0.002667,-0.005296,0.000000,0.000000,-0.418533,0.003345,0.290881,False
2016-01-09,-0.420112,-0.420053,0.001703,0.004512,0.002391,-0.004560,0.002647,-0.005289,0.000000,0.000000,-0.418650,-0.001462,-0.127112,False
2016-01-10,-0.420463,-0.420173,0.001639,0.004594,0.002341,-0.004527,0.002626,-0.005282,0.000000,0.000000,-0.418781,-0.001682,-0.146242,False
2016-01-11,-0.410657,-0.420292,0.001568,0.004670,0.002291,-0.004495,0.002606,-0.005275,0.000000,0.000000,-0.418926,0.008269,0.719038,False
2016-01-12,-0.424676,-0.420412,0.001490,0.004742,0.002239,-0.004461,0.002586,-0.005268,0.000000,0.000000,-0.419084,-0.005592,-0.486251,False
2016-01-13,-0.419661,-0.420531,0.001405,0.004807,0.002187,-0.004428,0.002566,-0.005261,0.000000,0.000000,-0.419255,-0.000406,-0.035265,False
2016-01-14,-0.409861,-0.420651,0.001313,0.004867,0.002135,-0.004395,0.002545,-0.005254,0.000000,0.000000,-0.419440,0.009579,0.832923,False
2016-01-15,-0.409502,-0.420770,0.001214,0.004921,0.002082,-0.004361,0.002525,-0.005247,0.000000,0.000000,-0.419636,0.010134,0.881236,False
2016-01-16,-0.416993,-0.420890,0.001111,0.004970,0.002028,-0.004328,0.002504,-0.005240,0.000000,0.000000,-0.419845,0.002852,0.247987,False
2016-01-17,-0.422247,-0.421009,0.001001,0.005012,0.001974,-0.004294,0.002484,-0.005233,0.000000,0.000000,-0.420065,-0.002182,-0.189734,False
2016-01-18,-0.419227,-0.421129,0.000888,0.005049,0.001919,-0.004260,0.002464,-0.005226,0.000000,0.000000,-0.420296,0.001069,0.092988,False
2016-01-19,-0.414484,-0.421248,0.000770,0.005079,0.001863,-0.004226,0.002443,-0.005219,0.000000,0.000000,-0.420538,0.006054,0.526458,False
2016-01-20,-0.415930,-0.421368,0.000648,0.005104,0.001807,-0.004192,0.002422,-0.005212,0.000000,0.000000,-0.420790,0.004860,0.422628,False
2016-01-21,-0.414774,-0.421487,0.000523,0.005123,0.001750,-0.004158,0.002402,-0.005205,0.000000,0.000000,-0.421052,0.006278,0.545885,False
2016-01-22,-0.424998,-0.421607,0.000396,0.005135,0.001693,-0.004124,0.002381,-0.005198,0.000000,0.000000,-0.421322,-0.003676,-0.319648,False
2016-01-23,-0.422340,-0.421726,0.000267,0.005142,0.001635,-0.004089,0.002361,-0.005191,0.000000,0.000000,-0.421601,-0.000739,-0.064285,False
2016-01-24,-0.427952,-0.421846,0.000137,0.005143,0.001577,-0.004055,0.002340,-0.005183,0.000000,0.000000,-0.421887,-0.006065,-0.527383,False
2016-01-25,-0.420744,-0.421965,0.000006,0.005137,0.001519,-0.004020,0.002319,-0.005176,0.000000,0.000000,-0.422181,0.001437,0.124916,False
2016-01-26,-0.430556,-0.422085,-0.000125,0.005125,0.001460,-0.003985,0.002299,-0.005169,0.000000,0.000000,-0.422480,-0.008076,-0.702226,False
2016-01-27,-0.423803,-0.422204,-0.000256,0.005108,0.001400,-0.003950,0.002278,-0.005162,0.000000,0.000000,-0.422786,-0.001017,-0.088430,False
2016-01-28,-0.423794,-0.422324,-0.000385,0.005084,0.001340,-0.003915,0.002257,-0.005155,0.000000,0.000000,-0.423097,-0.000697,-0.060624,False
2016-01-29,-0.424657,-0.422443,-0.000512,0.005054,0.001280,-0.003880,0.002236,-0.005147,0.000000,0.000000,-0.423412,-0.001245,-0.108255,False
2016-01-30,-0.423206,-0.422563,-0.000637,0.005019,0.001219,-0.003845,0.002215,-0.005140,0.000000,0.000000,-0.423731,0.000525,0.045664,False
2016-01-31,-0.430559,-0.422682,-0.000759,0.004977,0.001158,-0.003809,0.002194,-0.005133,0.000000,0.000000,-0.424053,-0.006506,-0.565707,False
2016-02-01,-0.424164,-0.422801,-0.000877,0.004930,0.001097,-0.003774,0.002174,-0.005126,0.000000,0.000000,-0.424378,0.000214,0.018621,False
2016-02-02,-0.424040,-0.422921,-0.000992,0.004877,0.001035,-0.003738,0.002153,-0.005118,0.000000,0.000000,-0.424705,0.000665,0.057809,False
2016-02-03,-0.423947,-0.423040,-0.001101,0.004818,0.000973,-0.003703,0.002132,-0.005111,0.000000,0.000000,-0.425033,0.001086,0.094414,False
2016-02-04,-0.419743,-0.423160,-0.001206,0.004753,0.000911,-0.003667,0.002111,-0.005104,0.000000,0.000000,-0.425361,0.005618,0.488555,False
2016-02-05,-0.420534,-0.423279,-0.001304,0.004683,0.000849,-0.003631,0.002090,-0.005096,0.000000,0.000000,-0.425690,0.005156,0.448357,False
2016-02-06,-0.430857,-0.423399,-0.001397,0.004607,0.000786,-0.003595,0.002069,-0.005089,0.000000,0.000000,-0.426018,-0.004839,-0.420752,False
2016-02-07,-0.431724,-0.423518,-0.001483,0.004526,0.000723,-0.003559,0.002048,-0.005082,0.000000,0.000000,-0.426346,-0.005378,-0.467689,False
2016-02-08,-0.424652,-0.423638,-0.001562,0.004439,0.000660,-0.003523,0.002026,-0.005074,0.000000,0.000000,-0.426671,0.002019,0.175589,False
2016-02-09,-0.424606,-0.423757,-0.001633,0.004348,0.000596,-0.003486,0.002005,-0.005067,0.000000,0.000000,-0.426995,0.002389,0.207734,False
2016-02-10,-0.428273,-0.423877,-0.001697,0.004251,0.000532,-0.003450,0.001984,-0.005059,0.000000,0.000000,-0.427316,-0.000957,-0.083207,False
2016-02-11,-0.425997,-0.423996,-0.001753,0.004149,0.000469,-0.003413,0.001963,-0.005052,0.000000,0.000000,-0.427634,0.001637,0.142380,False
2016-02-12,-0.421283,-0.424116,-0.001801,0.004042,0.000405,-0.003377,0.001942,-0.005044,0.000000,0.000000,-0.427949,0.006666,0.579678,False
2016-02-13,-0.416569,-0.424235,-0.001840,0.003931,0.000341,-0.003340,0.001921,-0.005037,0.000000,0.000000,-0.428261,0.011692,1.016655,False
2016-02-14,-0.426660,-0.424355,-0.001870,0.003814,0.000277,-0.003303,0.001899,-0.005029,0.000000,0.000000,-0.428568,0.001908,0.165890,False
2016-02-15,-0.430073,-0.424474,-0.001892,0.003694,0.000212,-0.003266,0.001878,-0.005022,0.000000,0.000000,-0.428871,-0.001202,-0.104555,False
2016-02-16,-0.426297,-0.424594,-0.001905,0.003569,0.000148,-0.003229,0.001857,-0.005014,0.000000,0.000000,-0.429169,0.002872,0.249731,False
2016-02-17,-0.424579,-0.424713,-0.001909,0.003439,0.000084,-0.003192,0.001835,-0.005007,0.000000,0.000000,-0.429462,0.004883,0.424641,False
2016-02-18,-0.430072,-0.424833,-0.001903,0.003306,0.000020,-0.003155,0.001814,-0.004999,0.000000,0.000000,-0.429751,-0.000321,-0.027927,False
2016-02-19,-0.427662,-0.424952,-0.001889,0.003169,-0.000045,-0.003118,0.001793,-0.004991,0.000000,0.000000,-0.430034,0.002372,0.206275,False
2016-02-20,-0.431100,-0.425072,-0.001866,0.003028,-0.000109,-0.003080,0.001771,-0.004984,0.000000,0.000000,-0.430312,-0.000788,-0.068503,False
2016-02-21,-0.429428,-0.425191,-0.001834,0.002883,-0.000173,-0.003043,0.001750,-0.004976,0.000000,0.000000,-0.430585,0.001157,0.100601,False
2016-02-22,-0.430634,-0.425311,-0.001794,0.002736,-0.000238,-0.003005,0.001728,-0.004969,0.000000,0.000000,-0.430852,0.000218,0.018978,False
2016-02-23,-0.427187,-0.425430,-0.001745,0.002584,-0.000302,-0.002968,0.001707,-0.004961,0.000000,0.000000,-0.431114,0.003927,0.341495,False
2016-02-24,-0.430614,-0.425550,-0.001687,0.002430,-0.000366,-0.002930,0.001685,-0.004953,0.000000,0.000000,-0.431371,0.000757,0.065808,False
2016-02-25,-0.437924,-0.425669,-0.001622,0.002273,-0.000430,-0.002892,0.001664,-0.004945,0.000000,0.000000,-0.431622,-0.006302,-0.547991,False
2016-02-26,-0.436510,-0.425789,-0.001549,0.002114,-0.000494,-0.002854,0.001642,-0.004938,0.000000,0.000000,-0.431868,-0.004642,-0.403630,False
2016-02-27,-0.433489,-0.425908,-0.001469,0.001951,-0.000557,-0.002817,0.001621,-0.004930,0.000000,0.000000,-0.432109,-0.001380,-0.119968,False
2016-02-28,-0.432302,-0.426028,-0.001382,0.001787,-0.000621,-0.002779,0.001599,-0.004922,0.000000,0.000000,-0.432346,0.000044,0.003793,False
2016-02-29,-0.429974,-0.426147,-0.001289,0.001620,-0.000684,-0.002740,0.001578,-0.004914,0.000000,0.000000,-0.432577,0.002603,0.226365,False
2016-03-01,-0.442835,-0.426267,-0.001189,0.001452,-0.000747,-0.002702,0.001556,-0.004907,0.000000,0.000000,-0.432804,-0.010031,-0.872232,False
2016-03-02,-0.447336,-0.426386,-0.001084,0.001282,-0.000810,-0.002664,0.001534,-0.004899,0.000000,0.000000,-0.433027,-0.014309,-1.244236,False
2016-03-03,-0.432448,-0.426506,-0.000973,0.001110,-0.000873,-0.002626,0.001513,-0.004891,0.000000,0.000000,-0.433246,0.000798,0.069419,False
2016-03-04,-0.431961,-0.426625,-0.000858,0.000937,-0.000936,-0.002587,0.001491,-0.004883,0.000000,0.000000,-0.433462,0.001501,0.130500,False
2016-03-05,-0.439479,-0.426745,-0.000739,0.000763,-0.000998,-0.002549,0.001469,-0.004875,0.000000,0.000000,-0.433674,-0.005805,-0.504793,False
2016-03-06,-0.436021,-0.426864,-0.000617,0.000588,-0.001060,-0.002510,0.001448,-0.004867,0.000000,0.000000,-0.433883,-0.002138,-0.185907,False
2016-03-07,-0.442528,-0.426984,-0.000492,0.000412,-0.001121,-0.002471,0.001426,-0.004859,0.000000,0.000000,-0.434090,-0.008438,-0.733769,False
2016-03-08,-0.444120,-0.427103,-0.000364,0.000236,-0.001182,-0.002433,0.001404,-0.004852,0.000000,0.000000,-0.434294,-0.009826,-0.854434,False
2016-03-09,-0.440114,-0.427223,-0.000234,0.000059,-0.001243,-0.002394,0.001382,-0.004844,0.000000,0.000000,-0.434497,-0.005617,-0.488478,False
2016-03-10,-0.446878,-0.427342,-0.000104,-0.000117,-0.001304,-0.002355,0.001361,-0.004836,0.000000,0.000000,-0.434698,-0.012180,-1.059171,False
2016-03-11,-0.436901,-0.427462,0.000027,-0.000294,-0.001364,-0.002316,0.001339,-0.004828,0.000000,0.000000,-0.434897,-0.002004,-0.174218,False
2016-03-12,-0.432223,-0.427581,0.000158,-0.000470,-0.001424,-0.002277,0.001317,-0.004820,0.000000,0.000000,-0.435097,0.002874,0.249891,False
2016-03-13,-0.441278,-0.427701,0.000288,-0.000646,-0.001483,-0.002238,0.001295,-0.004812,0.000000,0.000000,-0.435296,-0.005982,-0.520198,False
2016-03-14,-0.435681,-0.427820,0.000417,-0.000820,-0.001542,-0.002199,0.001273,-0.004804,0.000000,0.000000,-0.435495,-0.000186,-0.016193,False
2016-03-15,-0.432242,-0.427940,0.000544,-0.000994,-0.001600,-0.002160,0.001251,-0.004796,0.000000,0.000000,-0.435694,0.003452,0.300202,False
2016-03-16,-0.433630,-0.428059,0.000668,-0.001167,-0.001658,-0.002121,0.001229,-0.004788,0.000000,0.000000,-0.435895,0.002265,0.196933,False
2016-03-17,-0.427517,-0.428179,0.000789,-0.001338,-0.001716,-0.002081,0.001207,-0.004780,0.000000,0.000000,-0.436096,0.008579,0.746031,False
2016-03-18,-0.434873,-0.428298,0.000906,-0.001508,-0.001773,-0.002042,0.001186,-0.004771,0.000000,0.000000,-0.436300,0.001427,0.124048,False
2016-03-19,-0.439228,-0.428418,0.001020,-0.001676,-0.001829,-0.002002,0.001164,-0.004763,0.000000,0.000000,-0.436505,-0.002723,-0.236812,False
2016-03-20,-0.436484,-0.428537,0.001128,-0.001842,-0.001885,-0.001963,0.001142,-0.004755,0.000000,0.000000,-0.436712,0.000228,0.019827,False
2016-03-21,-0.435571,-0.428657,0.001231,-0.002005,-0.001940,-0.001923,0.001120,-0.004747,0.000000,0.000000,-0.436922,0.001351,0.117468,False
2016-03-22,-0.432497,-0.428776,0.001328,-0.002167,-0.001995,-0.001884,0.001098,-0.004739,0.000000,0.000000,-0.437135,0.004638,0.403267,False
2016-03-23,-0.434619,-0.428896,0.001419,-0.002326,-0.002049,-0.001844,0.001076,-0.004731,0.000000,0.000000,-0.437350,0.002731,0.237505,False
2016-03-24,-0.428911,-0.429015,0.001503,-0.002482,-0.002103,-0.001804,0.001054,-0.004723,0.000000,0.000000,-0.437569,0.008658,0.752900,False
2016-03-25,-0.432031,-0.429134,0.001580,-0.002635,-0.002156,-0.001765,0.001032,-0.004714,0.000000,0.000000,-0.437792,0.005761,0.500945,False
2016-03-26,-0.432329,-0.429254,0.001650,-0.002785,-0.002208,-0.001725,0.001010,-0.004706,0.000000,0.000000,-0.438018,0.005689,0.494699,False
2016-03-27,-0.424999,-0.429373,0.001712,-0.002932,-0.002260,-0.001685,0.000988,-0.004698,0.000000,0.000000,-0.438248,0.013249,1.152087,False
2016-03-28,-0.431785,-0.429493,0.001766,-0.003075,-0.002311,-0.001645,0.000965,-0.004690,0.000000,0.000000,-0.438482,0.006697,0.582336,False
2016-03-29,-0.437206,-0.429612,0.001811,-0.003215,-0.002361,-0.001605,0.000943,-0.004681,0.000000,0.000000,-0.438720,0.001514,0.131626,False
2016-03-30,-0.437122,-0.429732,0.001848,-0.003351,-0.002411,-0.001565,0.000921,-0.004673,0.000000,0.000000,-0.438962,0.001840,0.159959,False
2016-03-31,-0.432512,-0.429851,0.001877,-0.003483,-0.002459,-0.001525,0.000899,-0.004665,0.000000,0.000000,-0.439207,0.006695,0.582205,False
2016-04-01,-0.432163,-0.429971,0.001896,-0.003610,-0.002508,-0.001485,0.000877,-0.004656,0.000000,0.000000,-0.439457,0.007294,0.634275,False
2016-04-02,-0.428588,-0.430090,0.001907,-0.003734,-0.002555,-0.001445,0.000855,-0.004648,0.000000,0.000000,-0.439711,0.011123,0.967205,False
2016-04-03,-0.423244,-0.430210,0.001908,-0.003853,-0.002602,-0.001405,0.000833,-0.004640,0.000000,0.000000,-0.439968,0.016724,1.454291,False
2016-04-04,-0.435666,-0.430329,0.001901,-0.003968,-0.002648,-0.001365,0.000811,-0.004631,0.000000,0.000000,-0.440229,0.004563,0.396823,False
2016-04-05,-0.429785,-0.430449,0.001884,-0.004078,-0.002693,-0.001324,0.000789,-0.004623,0.000000,0.000000,-0.440494,0.010709,0.931221,False
2016-04-06,-0.431154,-0.430568,0.001859,-0.004183,-0.002737,-0.001284,0.000766,-0.004615,0.000000,0.000000,-0.440762,0.009608,0.835466,False
2016-04-07,-0.433839,-0.430688,0.001825,-0.004283,-0.002781,-0.001244,0.000744,-0.004606,0.000000,0.000000,-0.441033,0.007194,0.625536,False
2016-04-08,-0.425460,-0.430807,0.001782,-0.004379,-0.002823,-0.001203,0.000722,-0.004598,0.000000,0.000000,-0.441306,0.015846,1.377926,False
2016-04-09,-0.429004,-0.430927,0.001731,-0.004469,-0.002865,-0.001163,0.000700,-0.004589,0.000000,0.000000,-0.441582,0.012578,1.093740,False
2016-04-10,-0.433884,-0.431046,0.001672,-0.004553,-0.002906,-0.001122,0.000678,-0.004581,0.000000,0.000000,-0.441860,0.007976,0.693554,False
2016-04-11,-0.433043,-0.431166,0.001605,-0.004633,-0.002947,-0.001082,0.000655,-0.004572,0.000000,0.000000,-0.442139,0.009096,0.790987,False
2016-04-12,-0.430014,-0.431285,0.001530,-0.004707,-0.002986,-0.001042,0.000633,-0.004564,0.000000,0.000000,-0.442420,0.012406,1.078785,False
2016-04-13,-0.430252,-0.431405,0.001448,-0.004775,-0.003024,-0.001001,0.000611,-0.004555,0.000000,0.000000,-0.442701,0.012449,1.082561,False
2016-04-14,-0.425346,-0.431524,0.001359,-0.004838,-0.003062,-0.000960,0.000589,-0.004547,0.000000,0.000000,-0.442983,0.017637,1.533664,False
2016-04-15,-0.443779,-0.431644,0.001264,-0.004895,-0.003099,-0.000920,0.000566,-0.004538,0.000000,0.000000,-0.443265,-0.000514,-0.044731,False
2016-04-16,-0.425699,-0.431763,0.001163,-0.004946,-0.003134,-0.000879,0.000544,-0.004530,0.000000,0.000000,-0.443545,0.017846,1.551852,False
2016-04-17,-0.445299,-0.431883,0.001057,-0.004992,-0.003169,-0.000839,0.000522,-0.004521,0.000000,0.000000,-0.443825,-0.001474,-0.128201,False
2016-04-18,-0.425579,-0.432002,0.000945,-0.005031,-0.003203,-0.000798,0.000500,-0.004512,0.000000,0.000000,-0.444102,0.018523,1.610714,False
2016-04-19,-0.439503,-0.432122,0.000829,-0.005065,-0.003236,-0.000757,0.000477,-0.004504,0.000000,0.000000,-0.444377,0.004874,0.423851,False
2016-04-20,-0.433648,-0.432241,0.000709,-0.005093,-0.003268,-0.000717,0.000455,-0.004495,0.000000,0.000000,-0.444649,0.011001,0.956636,False
2016-04-21,-0.431572,-0.432361,0.000586,-0.005114,-0.003299,-0.000676,0.000433,-0.004487,0.000000,0.000000,-0.444918,0.013346,1.160494,False
2016-04-22,-0.426007,-0.432480,0.000460,-0.005130,-0.003329,-0.000635,0.000410,-0.004478,0.000000,0.000000,-0.445182,0.019175,1.667373,False
2016-04-23,-0.435730,-0.432600,0.000332,-0.005140,-0.003358,-0.000594,0.000388,-0.004469,0.000000,0.000000,-0.445441,0.009711,0.844435,False
2016-04-24,-0.430186,-0.432719,0.000202,-0.005143,-0.003386,-0.000554,0.000366,-0.004460,0.000000,0.000000,-0.445695,0.015509,1.348583,False
2016-04-25,-0.438125,-0.432839,0.000071,-0.005141,-0.003413,-0.000513,0.000344,-0.004452,0.000000,0.000000,-0.445942,0.007817,0.679763,False
2016-04-26,-0.434690,-0.432958,-0.000060,-0.005132,-0.003439,-0.000472,0.000321,-0.004443,0.000000,0.000000,-0.446183,0.011493,0.999398,False
2016-04-27,-0.431841,-0.433078,-0.000191,-0.005117,-0.003464,-0.000431,0.000299,-0.004434,0.000000,0.000000,-0.446417,0.014576,1.267437,False
2016-04-28,-0.430070,-0.433197,-0.000320,-0.005097,-0.003488,-0.000390,0.000277,-0.004426,0.000000,0.000000,-0.446642,0.016572,1.441042,False
2016-04-29,-0.431646,-0.433317,-0.000449,-0.005070,-0.003511,-0.000349,0.000254,-0.004417,0.000000,0.000000,-0.446859,0.015213,1.322859,False
2016-04-30,-0.437170,-0.433436,-0.000575,-0.005037,-0.003533,-0.000309,0.000232,-0.004408,0.000000,0.000000,-0.447067,0.009897,0.860577,False
2016-05-01,-0.430918,-0.433556,-0.000699,-0.004999,-0.003554,-0.000268,0.000210,-0.004399,0.000000,0.000000,-0.447265,0.016347,1.421449,False
2016-05-02,-0.435043,-0.433675,-0.000819,-0.004954,-0.003574,-0.000227,0.000187,-0.004390,0.000000,0.000000,-0.447452,0.012409,1.079083,False
2016-05-03,-0.427550,-0.433795,-0.000935,-0.004904,-0.003593,-0.000186,0.000165,-0.004382,0.000000,0.000000,-0.447629,0.020079,1.746041,False
2016-05-04,-0.434386,-0.433914,-0.001047,-0.004848,-0.003611,-0.000145,0.000143,-0.004373,0.000000,0.000000,-0.447795,0.013409,1.166019,False
2016-05-05,-0.430754,-0.434034,-0.001154,-0.004786,-0.003627,-0.000104,0.000120,-0.004364,0.000000,0.000000,-0.447949,0.017195,1.495237,False
2016-05-06,-0.424933,-0.434153,-0.001256,-0.004719,-0.003643,-0.000063,0.000098,-0.004355,0.000000,0.000000,-0.448091,0.023158,2.013746,False
2016-05-07,-0.443518,-0.434273,-0.001351,-0.004646,-0.003658,-0.000022,0.000075,-0.004346,0.000000,0.000000,-0.448220,0.004702,0.408900,False
2016-05-08,-0.437347,-0.434392,-0.001441,-0.004567,-0.003671,0.000018,0.000053,-0.004337,0.000000,0.000000,-0.448337,0.010990,0.955625,False
2016-05-09,-0.432356,-0.434512,-0.001523,-0.004483,-0.003684,0.000059,0.000031,-0.004328,0.000000,0.000000,-0.448440,0.016084,1.398588,False
2016-05-10,-0.445139,-0.434631,-0.001599,-0.004394,-0.003695,0.000100,0.000008,-0.004319,0.000000,0.000000,-0.448529,0.003390,0.294805,False
2016-05-11,-0.443015,-0.434751,-0.001666,-0.004300,-0.003705,0.000141,-0.000014,-0.004310,0.000000,0.000000,-0.448605,0.005590,0.486083,False
2016-05-12,-0.445283,-0.434870,-0.001726,-0.004200,-0.003714,0.000182,-0.000036,-0.004301,0.000000,0.000000,-0.448667,0.003384,0.294227,False
2016-05-13,-0.439847,-0.434990,-0.001778,-0.004096,-0.003722,0.000223,-0.000059,-0.004292,0.000000,0.000000,-0.448714,0.008867,0.771051,False
2016-05-14,-0.460513,-0.435109,-0.001822,-0.003987,-0.003729,0.000264,-0.000081,-0.004283,0.000000,0.000000,-0.448747,-0.011766,-1.023109,False
2016-05-15,-0.451434,-0.435229,-0.001856,-0.003873,-0.003735,0.000305,-0.000103,-0.004274,0.000000,0.000000,-0.448766,-0.002668,-0.232000,False
2016-05-16,-0.455302,-0.435348,-0.001882,-0.003755,-0.003740,0.000345,-0.000126,-0.004265,0.000000,0.000000,-0.448770,-0.006532,-0.567970,False
2016-05-17,-0.450646,-0.435467,-0.001900,-0.003632,-0.003744,0.000386,-0.000148,-0.004256,0.000000,0.000000,-0.448760,-0.001886,-0.163976,False
2016-05-18,-0.451071,-0.435587,-0.001908,-0.003505,-0.003746,0.000427,-0.000170,-0.004247,0.000000,0.000000,-0.448736,-0.002335,-0.203056,False
2016-05-19,-0.447258,-0.435706,-0.001907,-0.003373,-0.003747,0.000468,-0.000193,-0.004238,0.000000,0.000000,-0.448697,0.001439,0.125149,False
2016-05-20,-0.444492,-0.435826,-0.001897,-0.003238,-0.003748,0.000509,-0.000215,-0.004229,0.000000,0.000000,-0.448644,0.004152,0.361087,False
2016-05-21,-0.446366,-0.435945,-0.001879,-0.003099,-0.003747,0.000550,-0.000237,-0.004220,0.000000,0.000000,-0.448578,0.002212,0.192340,False
2016-05-22,-0.445292,-0.436065,-0.001851,-0.002956,-0.003745,0.000590,-0.000260,-0.004211,0.000000,0.000000,-0.448498,0.003206,0.278757,False
2016-05-23,-0.441652,-0.436184,-0.001815,-0.002810,-0.003742,0.000631,-0.000282,-0.004202,0.000000,0.000000,-0.448404,0.006752,0.587147,False
2016-05-24,-0.446692,-0.436304,-0.001770,-0.002660,-0.003738,0.000672,-0.000304,-0.004193,0.000000,0.000000,-0.448298,0.001606,0.139626,False
2016-05-25,-0.453388,-0.436423,-0.001717,-0.002508,-0.003733,0.000713,-0.000327,-0.004183,0.000000,0.000000,-0.448179,-0.005209,-0.452988,False
2016-05-26,-0.449050,-0.436543,-0.001656,-0.002352,-0.003727,0.000753,-0.000349,-0.004174,0.000000,0.000000,-0.448047,-0.001003,-0.087181,False
2016-05-27,-0.454787,-0.436662,-0.001587,-0.002194,-0.003719,0.000794,-0.000371,-0.004165,0.000000,0.000000,-0.447905,-0.006882,-0.598476,False
2016-05-28,-0.443550,-0.436782,-0.001510,-0.002033,-0.003711,0.000835,-0.000394,-0.004156,0.000000,0.000000,-0.447750,0.004200,0.365259,False
2016-05-29,-0.447648,-0.436901,-0.001427,-0.001869,-0.003701,0.000875,-0.000416,-0.004147,0.000000,0.000000,-0.447586,-0.000062,-0.005407,False
2016-05-30,-0.455226,-0.437021,-0.001336,-0.001704,-0.003691,0.000916,-0.000438,-0.004137,0.000000,0.000000,-0.447411,-0.007815,-0.679551,False
2016-05-31,-0.453695,-0.437140,-0.001240,-0.001536,-0.003679,0.000956,-0.000460,-0.004128,0.000000,0.000000,-0.447227,-0.006468,-0.562426,False
2016-06-01,-0.450670,-0.437260,-0.001137,-0.001367,-0.003666,0.000997,-0.000483,-0.004119,0.000000,0.000000,-0.447034,-0.003636,-0.316146,False
2016-06-02,-0.449113,-0.437379,-0.001029,-0.001196,-0.003652,0.001037,-0.000505,-0.004109,0.000000,0.000000,-0.446833,-0.002280,-0.198218,False
2016-06-03,-0.460746,-0.437499,-0.000916,-0.001023,-0.003637,0.001078,-0.000527,-0.004100,0.000000,0.000000,-0.446625,-0.014121,-1.227884,False
2016-06-04,-0.461942,-0.437618,-0.000799,-0.000850,-0.003621,0.001118,-0.000550,-0.004091,0.000000,0.000000,-0.446411,-0.015531,-1.350558,False
2016-06-05,-0.454708,-0.437738,-0.000679,-0.000675,-0.003604,0.001159,-0.000572,-0.004082,0.000000,0.000000,-0.446190,-0.008518,-0.740694,False
2016-06-06,-0.464028,-0.437857,-0.000555,-0.000500,-0.003586,0.001199,-0.000594,-0.004072,0.000000,0.000000,-0.445964,-0.018064,-1.570748,False
2016-06-07,-0.467064,-0.437977,-0.000428,-0.000324,-0.003566,0.001240,-0.000616,-0.004063,0.000000,0.000000,-0.445735,-0.021329,-1.854736,False
2016-06-08,-0.458088,-0.438096,-0.000299,-0.000147,-0.003546,0.001280,-0.000639,-0.004053,0.000000,0.000000,-0.445501,-0.012587,-1.094501,False
2016-06-09,-0.457287,-0.438216,-0.000169,0.000029,-0.003525,0.001320,-0.000661,-0.004044,0.000000,0.000000,-0.445265,-0.012022,-1.045364,False
2016-06-10,-0.454335,-0.438335,-0.000038,0.000206,-0.003502,0.001361,-0.000683,-0.004035,0.000000,0.000000,-0.445028,-0.009307,-0.809338,False
2016-06-11,-0.453598,-0.438455,0.000093,0.000382,-0.003479,0.001401,-0.000705,-0.004025,0.000000,0.000000,-0.444789,-0.008809,-0.766004,False
2016-06-12,-0.445101,-0.438574,0.000223,0.000558,-0.003455,0.001441,-0.000727,-0.004016,0.000000,0.000000,-0.444550,-0.000551,-0.047898,False
2016-06-13,-0.447955,-0.438694,0.000353,0.000733,-0.003429,0.001481,-0.000750,-0.004006,0.000000,0.000000,-0.444312,-0.003643,-0.316774,False
2016-06-14,-0.462698,-0.438813,0.000481,0.000907,-0.003403,0.001521,-0.000772,-0.003997,0.000000,0.000000,-0.444076,-0.018622,-1.619343,False
2016-06-15,-0.456047,-0.438933,0.000606,0.001081,-0.003375,0.001561,-0.000794,-0.003987,0.000000,0.000000,-0.443841,-0.012206,-1.061359,False
2016-06-16,-0.450290,-0.439052,0.000729,0.001253,-0.003347,0.001601,-0.000816,-0.003978,0.000000,0.000000,-0.443610,-0.006680,-0.580840,False
2016-06-17,-0.445413,-0.439172,0.000848,0.001423,-0.003317,0.001641,-0.000838,-0.003968,0.000000,0.000000,-0.443383,-0.002030,-0.176499,False
2016-06-18,-0.451764,-0.439291,0.000964,0.001592,-0.003287,0.001681,-0.000860,-0.003959,0.000000,0.000000,-0.443161,-0.008603,-0.748096,False
2016-06-19,-0.440216,-0.439411,0.001074,0.001759,-0.003255,0.001721,-0.000882,-0.003949,0.000000,0.000000,-0.442944,0.002728,0.237218,False
2016-06-20,-0.443760,-0.439530,0.001180,0.001924,-0.003223,0.001761,-0.000905,-0.003940,0.000000,0.000000,-0.442733,-0.001027,-0.089276,False
2016-06-21,-0.454154,-0.439650,0.001280,0.002086,-0.003190,0.001800,-0.000927,-0.003930,0.000000,0.000000,-0.442530,-0.011624,-1.010823,False
2016-06-22,-0.440308,-0.439769,0.001374,0.002246,-0.003156,0.001840,-0.000949,-0.003921,0.000000,0.000000,-0.442333,0.002025,0.176116,False
2016-06-23,-0.444402,-0.439889,0.001462,0.002404,-0.003120,0.001880,-0.000971,-0.003911,0.000000,0.000000,-0.442145,-0.002257,-0.196230,False
2016-06-24,-0.448496,-0.440008,0.001543,0.002559,-0.003084,0.001919,-0.000993,-0.003902,0.000000,0.000000,-0.441966,-0.006530,-0.567808,False
2016-06-25,-0.447912,-0.440128,0.001616,0.002710,-0.003047,0.001959,-0.001015,-0.003892,0.000000,0.000000,-0.441796,-0.006116,-0.531785,False
2016-06-26,-0.439429,-0.440247,0.001682,0.002859,-0.003009,0.001998,-0.001037,-0.003882,0.000000,0.000000,-0.441637,0.002208,0.191971,False
2016-06-27,-0.449487,-0.440367,0.001740,0.003004,-0.002971,0.002038,-0.001059,-0.003873,0.000000,0.000000,-0.441487,-0.008000,-0.695625,False
2016-06-28,-0.454442,-0.440486,0.001790,0.003145,-0.002931,0.002077,-0.001081,-0.003863,0.000000,0.000000,-0.441349,-0.013093,-1.138534,False
2016-06-29,-0.445769,-0.440606,0.001831,0.003283,-0.002890,0.002117,-0.001103,-0.003853,0.000000,0.000000,-0.441222,-0.004547,-0.395416,False
2016-06-30,-0.458064,-0.440725,0.001864,0.003417,-0.002849,0.002156,-0.001125,-0.003844,0.000000,0.000000,-0.441106,-0.016958,-1.474587,False
2016-07-01,-0.443533,-0.440845,0.001888,0.003547,-0.002807,0.002195,-0.001147,-0.003834,0.000000,0.000000,-0.441003,-0.002530,-0.220018,False
2016-07-02,-0.450206,-0.440964,0.001903,0.003673,-0.002764,0.002234,-0.001169,-0.003824,0.000000,0.000000,-0.440912,-0.009294,-0.808207,False
2016-07-03,-0.455993,-0.441084,0.001909,0.003794,-0.002720,0.002273,-0.001191,-0.003815,0.000000,0.000000,-0.440833,-0.015160,-1.318264,False
2016-07-04,-0.467220,-0.441203,0.001906,0.003911,-0.002675,0.002312,-0.001213,-0.003805,0.000000,0.000000,-0.440767,-0.026453,-2.300260,False
2016-07-05,-0.450896,-0.441323,0.001894,0.004023,-0.002630,0.002351,-0.001235,-0.003795,0.000000,0.000000,-0.440714,-0.010182,-0.885400,False
2016-07-06,-0.458876,-0.441442,0.001873,0.004131,-0.002584,0.002390,-0.001257,-0.003785,0.000000,0.000000,-0.440674,-0.018202,-1.582806,False
2016-07-07,-0.442089,-0.441562,0.001843,0.004234,-0.002537,0.002429,-0.001278,-0.003776,0.000000,0.000000,-0.440647,-0.001442,-0.125433,False
2016-07-08,-0.423290,-0.441681,0.001805,0.004332,-0.002489,0.002468,-0.001300,-0.003766,0.000000,0.000000,-0.440632,0.017342,1.508025,False
2016-07-09,-0.433449,-0.441800,0.001758,0.004424,-0.002440,0.002506,-0.001322,-0.003756,0.000000,0.000000,-0.440631,0.007182,0.624520,False
2016-07-10,-0.441582,-0.441920,0.001703,0.004512,-0.002391,0.002545,-0.001344,-0.003746,0.000000,0.000000,-0.440642,-0.000940,-0.081697,False
2016-07-11,-0.434387,-0.442039,0.001639,0.004594,-0.002341,0.002583,-0.001366,-0.003736,0.000000,0.000000,-0.440667,0.006280,0.546058,False
2016-07-12,-0.449838,-0.442159,0.001568,0.004670,-0.002291,0.002622,-0.001388,-0.003727,0.000000,0.000000,-0.440703,-0.009135,-0.794317,False
2016-07-13,-0.446177,-0.442278,0.001490,0.004742,-0.002239,0.002660,-0.001409,-0.003717,0.000000,0.000000,-0.440752,-0.005425,-0.471713,False
2016-07-14,-0.446177,-0.442398,0.001405,0.004807,-0.002187,0.002698,-0.001431,-0.003707,0.000000,0.000000,-0.440813,-0.005364,-0.466413,False
2016-07-15,-0.437892,-0.442517,0.001313,0.004867,-0.002135,0.002737,-0.001453,-0.003697,0.000000,0.000000,-0.440886,0.002994,0.260338,False
2016-07-16,-0.443395,-0.442637,0.001214,0.004921,-0.002082,0.002775,-0.001475,-0.003687,0.000000,0.000000,-0.440970,-0.002425,-0.210881,False
2016-07-17,-0.452017,-0.442756,0.001111,0.004970,-0.002028,0.002813,-0.001496,-0.003677,0.000000,0.000000,-0.441065,-0.010952,-0.952365,False
2016-07-18,-0.448868,-0.442876,0.001001,0.005012,-0.001974,0.002851,-0.001518,-0.003667,0.000000,0.000000,-0.441170,-0.007698,-0.669367,False
2016-07-19,-0.442199,-0.442995,0.000888,0.005049,-0.001919,0.002889,-0.001540,-0.003657,0.000000,0.000000,-0.441286,-0.000913,-0.079404,False
2016-07-20,-0.443707,-0.443115,0.000770,0.005079,-0.001863,0.002926,-0.001561,-0.003647,0.000000,0.000000,-0.441411,-0.002296,-0.199648,False
2016-07-21,-0.455474,-0.443234,0.000648,0.005104,-0.001807,0.002964,-0.001583,-0.003637,0.000000,0.000000,-0.441545,-0.013929,-1.211186,False
2016-07-22,-0.450323,-0.443354,0.000523,0.005123,-0.001750,0.003002,-0.001604,-0.003627,0.000000,0.000000,-0.441688,-0.008635,-0.750846,False
2016-07-23,-0.456511,-0.443473,0.000396,0.005135,-0.001693,0.003039,-0.001626,-0.003618,0.000000,0.000000,-0.441839,-0.014672,-1.275808,False
2016-07-24,-0.454261,-0.443593,0.000267,0.005142,-0.001635,0.003077,-0.001648,-0.003608,0.000000,0.000000,-0.441998,-0.012263,-1.066380,False
2016-07-25,-0.453937,-0.443712,0.000137,0.005143,-0.001577,0.003114,-0.001669,-0.003598,0.000000,0.000000,-0.442163,-0.011774,-1.023831,False
2016-07-26,-0.455373,-0.443832,0.000006,0.005137,-0.001519,0.003151,-0.001691,-0.003587,0.000000,0.000000,-0.442335,-0.013038,-1.133778,False
2016-07-27,-0.451924,-0.443951,-0.000125,0.005125,-0.001460,0.003189,-0.001712,-0.003577,0.000000,0.000000,-0.442512,-0.009412,-0.818448,False
2016-07-28,-0.452490,-0.444071,-0.000256,0.005108,-0.001400,0.003226,-0.001734,-0.003567,0.000000,0.000000,-0.442694,-0.009796,-0.851807,False
2016-07-29,-0.454066,-0.444190,-0.000385,0.005084,-0.001340,0.003263,-0.001755,-0.003557,0.000000,0.000000,-0.442881,-0.011185,-0.972604,False
2016-07-30,-0.454675,-0.444310,-0.000512,0.005054,-0.001280,0.003300,-0.001776,-0.003547,0.000000,0.000000,-0.443072,-0.011603,-1.008980,False
2016-07-31,-0.442177,-0.444429,-0.000637,0.005019,-0.001219,0.003336,-0.001798,-0.003537,0.000000,0.000000,-0.443266,0.001089,0.094664,False
2016-08-01,-0.455482,-0.444549,-0.000759,0.004977,-0.001158,0.003373,-0.001819,-0.003527,0.000000,0.000000,-0.443462,-0.012020,-1.045204,False
2016-08-02,-0.456091,-0.444668,-0.000877,0.004930,-0.001097,0.003410,-0.001841,-0.003517,0.000000,0.000000,-0.443661,-0.012430,-1.080898,False
2016-08-03,-0.451559,-0.444788,-0.000992,0.004877,-0.001035,0.003446,-0.001862,-0.003507,0.000000,0.000000,-0.443861,-0.007698,-0.669425,False
2016-08-04,-0.454551,-0.444907,-0.001101,0.004818,-0.000973,0.003483,-0.001883,-0.003497,0.000000,0.000000,-0.444061,-0.010490,-0.912141,False
2016-08-05,-0.447507,-0.445027,-0.001206,0.004753,-0.000911,0.003519,-0.001904,-0.003487,0.000000,0.000000,-0.444262,-0.003245,-0.282138,False
2016-08-06,-0.454493,-0.445146,-0.001304,0.004683,-0.000849,0.003555,-0.001926,-0.003476,0.000000,0.000000,-0.444463,-0.010030,-0.872159,False
2016-08-07,-0.458769,-0.445266,-0.001397,0.004607,-0.000786,0.003591,-0.001947,-0.003466,0.000000,0.000000,-0.444663,-0.014106,-1.226600,False
2016-08-08,-0.456965,-0.445385,-0.001483,0.004526,-0.000723,0.003627,-0.001968,-0.003456,0.000000,0.000000,-0.444862,-0.012103,-1.052459,False
2016-08-09,-0.448249,-0.445505,-0.001562,0.004439,-0.000660,0.003663,-0.001989,-0.003446,0.000000,0.000000,-0.445059,-0.003190,-0.277432,False
2016-08-10,-0.449606,-0.445624,-0.001633,0.004348,-0.000596,0.003699,-0.002010,-0.003436,0.000000,0.000000,-0.445253,-0.004353,-0.378514,False
2016-08-11,-0.445797,-0.445744,-0.001697,0.004251,-0.000532,0.003735,-0.002032,-0.003425,0.000000,0.000000,-0.445445,-0.000352,-0.030611,False
2016-08-12,-0.451038,-0.445863,-0.001753,0.004149,-0.000469,0.003770,-0.002053,-0.003415,0.000000,0.000000,-0.445634,-0.005404,-0.469933,False
2016-08-13,-0.443869,-0.445983,-0.001801,0.004042,-0.000405,0.003806,-0.002074,-0.003405,0.000000,0.000000,-0.445819,0.001950,0.169576,False
2016-08-14,-0.451518,-0.446102,-0.001840,0.003931,-0.000341,0.003841,-0.002095,-0.003395,0.000000,0.000000,-0.446001,-0.005517,-0.479764,False
2016-08-15,-0.437761,-0.446222,-0.001870,0.003814,-0.000277,0.003877,-0.002116,-0.003385,0.000000,0.000000,-0.446178,0.008417,0.731933,False
2016-08-16,-0.452892,-0.446341,-0.001892,0.003694,-0.000212,0.003912,-0.002137,-0.003374,0.000000,0.000000,-0.446351,-0.006541,-0.568747,False
2016-08-17,-0.448110,-0.446461,-0.001905,0.003569,-0.000148,0.003947,-0.002158,-0.003364,0.000000,0.000000,-0.446520,-0.001590,-0.138257,False
2016-08-18,-0.451418,-0.446580,-0.001909,0.003439,-0.000084,0.003982,-0.002179,-0.003354,0.000000,0.000000,-0.446684,-0.004734,-0.411658,False
2016-08-19,-0.453496,-0.446700,-0.001903,0.003306,-0.000020,0.004016,-0.002200,-0.003343,0.000000,0.000000,-0.446843,-0.006653,-0.578528,False
2016-08-20,-0.448120,-0.446819,-0.001889,0.003169,0.000045,0.004051,-0.002220,-0.003333,0.000000,0.000000,-0.446997,-0.001123,-0.097660,False
2016-08-21,-0.458098,-0.446939,-0.001866,0.003028,0.000109,0.004086,-0.002241,-0.003323,0.000000,0.000000,-0.447146,-0.010952,-0.952363,False
2016-08-22,-0.444646,-0.447058,-0.001834,0.002883,0.000173,0.004120,-0.002262,-0.003312,0.000000,0.000000,-0.447290,0.002644,0.229880,False
2016-08-23,-0.440482,-0.447178,-0.001794,0.002736,0.000238,0.004155,-0.002283,-0.003302,0.000000,0.000000,-0.447428,0.006946,0.604025,False
2016-08-24,-0.425810,-0.447297,-0.001745,0.002584,0.000302,0.004189,-0.002304,-0.003292,0.000000,0.000000,-0.447562,0.021752,1.891468,False
2016-08-25,-0.451254,-0.447417,-0.001687,0.002430,0.000366,0.004223,-0.002324,-0.003281,0.000000,0.000000,-0.447690,-0.003564,-0.309873,False
2016-08-26,-0.455942,-0.447536,-0.001622,0.002273,0.000430,0.004257,-0.002345,-0.003271,0.000000,0.000000,-0.447814,-0.008128,-0.706770,False
2016-08-27,-0.472484,-0.447656,-0.001549,0.002114,0.000494,0.004291,-0.002366,-0.003260,0.000000,0.000000,-0.447933,-0.024551,-2.134864,False
2016-08-28,-0.445740,-0.447775,-0.001469,0.001951,0.000557,0.004324,-0.002386,-0.003250,0.000000,0.000000,-0.448047,0.002307,0.200643,False
2016-08-29,-0.445707,-0.447894,-0.001382,0.001787,0.000621,0.004358,-0.002407,-0.003240,0.000000,0.000000,-0.448157,0.002450,0.213074,False
2016-08-30,-0.450503,-0.448014,-0.001289,0.001620,0.000684,0.004392,-0.002428,-0.003229,0.000000,0.000000,-0.448263,-0.002240,-0.194769,False
2016-08-31,-0.450059,-0.448133,-0.001189,0.001452,0.000747,0.004425,-0.002448,-0.003219,0.000000,0.000000,-0.448365,-0.001694,-0.147296,False
2016-09-01,-0.456497,-0.448253,-0.001084,0.001282,0.000810,0.004458,-0.002469,-0.003208,0.000000,0.000000,-0.448463,-0.008034,-0.698571,False
2016-09-02,-0.444970,-0.448372,-0.000973,0.001110,0.000873,0.004491,-0.002489,-0.003198,0.000000,0.000000,-0.448559,0.003589,0.312044,False
2016-09-03,-0.454918,-0.448492,-0.000858,0.000937,0.000936,0.004524,-0.002509,-0.003187,0.000000,0.000000,-0.448651,-0.006267,-0.544988,False
2016-09-04,-0.451365,-0.448611,-0.000739,0.000763,0.000998,0.004557,-0.002530,-0.003177,0.000000,0.000000,-0.448740,-0.002625,-0.228245,False
2016-09-05,-0.443716,-0.448731,-0.000617,0.000588,0.001060,0.004590,-0.002550,-0.003166,0.000000,0.000000,-0.448828,0.005112,0.444481,False
2016-09-06,-0.450475,-0.448850,-0.000492,0.000412,0.001121,0.004622,-0.002571,-0.003156,0.000000,0.000000,-0.448913,-0.001562,-0.135821,False
2016-09-07,-0.446008,-0.448970,-0.000364,0.000236,0.001182,0.004655,-0.002591,-0.003145,0.000000,0.000000,-0.448997,0.002989,0.259929,False
2016-09-08,-0.454459,-0.449089,-0.000234,0.000059,0.001243,0.004687,-0.002611,-0.003135,0.000000,0.000000,-0.449080,-0.005379,-0.467713,False
2016-09-09,-0.450038,-0.449209,-0.000104,-0.000117,0.001304,0.004719,-0.002631,-0.003124,0.000000,0.000000,-0.449163,-0.000875,-0.076101,False
2016-09-10,-0.446536,-0.449328,0.000027,-0.000294,0.001364,0.004751,-0.002652,-0.003114,0.000000,0.000000,-0.449245,0.002709,0.235584,False
2016-09-11,-0.449925,-0.449448,0.000158,-0.000470,0.001424,0.004783,-0.002672,-0.003103,0.000000,0.000000,-0.449328,-0.000597,-0.051924,False
2016-09-12,-0.455200,-0.449567,0.000288,-0.000646,0.001483,0.004815,-0.002692,-0.003092,0.000000,0.000000,-0.449411,-0.005789,-0.503371,False
2016-09-13,-0.455871,-0.449687,0.000417,-0.000820,0.001542,0.004847,-0.002712,-0.003082,0.000000,0.000000,-0.449496,-0.006375,-0.554372,False
2016-09-14,-0.449206,-0.449806,0.000544,-0.000994,0.001600,0.004878,-0.002732,-0.003071,0.000000,0.000000,-0.449582,0.000376,0.032674,False
2016-09-15,-0.446578,-0.449926,0.000668,-0.001167,0.001658,0.004909,-0.002752,-0.003061,0.000000,0.000000,-0.449670,0.003092,0.268847,False
2016-09-16,-0.456818,-0.450045,0.000789,-0.001338,0.001716,0.004941,-0.002772,-0.003050,0.000000,0.000000,-0.449760,-0.007058,-0.613732,False
2016-09-17,-0.451446,-0.450165,0.000906,-0.001508,0.001773,0.004972,-0.002792,-0.003039,0.000000,0.000000,-0.449853,-0.001593,-0.138507,False
2016-09-18,-0.450261,-0.450284,0.001020,-0.001676,0.001829,0.005003,-0.002812,-0.003029,0.000000,0.000000,-0.449949,-0.000312,-0.027098,False
2016-09-19,-0.441585,-0.450404,0.001128,-0.001842,0.001885,0.005033,-0.002832,-0.003018,0.000000,0.000000,-0.450049,0.008464,0.736003,False
2016-09-20,-0.452315,-0.450523,0.001231,-0.002005,0.001940,0.005064,-0.002852,-0.003007,0.000000,0.000000,-0.450153,-0.002162,-0.188043,False
2016-09-21,-0.451893,-0.450643,0.001328,-0.002167,0.001995,0.005095,-0.002872,-0.002997,0.000000,0.000000,-0.450260,-0.001633,-0.141994,False
2016-09-22,-0.451987,-0.450762,0.001419,-0.002326,0.002049,0.005125,-0.002891,-0.002986,0.000000,0.000000,-0.450372,-0.001615,-0.140431,False
2016-09-23,-0.455106,-0.450882,0.001503,-0.002482,0.002103,0.005155,-0.002911,-0.002975,0.000000,0.000000,-0.450489,-0.004617,-0.401508,False
2016-09-24,-0.444397,-0.451001,0.001580,-0.002635,0.002156,0.005185,-0.002931,-0.002965,0.000000,0.000000,-0.450610,0.006213,0.540274,False
2016-09-25,-0.451304,-0.451121,0.001650,-0.002785,0.002208,0.005215,-0.002950,-0.002954,0.000000,0.000000,-0.450737,-0.000567,-0.049328,False
2016-09-26,-0.448005,-0.451240,0.001712,-0.002932,0.002260,0.005245,-0.002970,-0.002943,0.000000,0.000000,-0.450869,0.002864,0.249004,False
2016-09-27,-0.457440,-0.451360,0.001766,-0.003075,0.002311,0.005274,-0.002990,-0.002932,0.000000,0.000000,-0.451006,-0.006434,-0.559500,False
2016-09-28,-0.441383,-0.451479,0.001811,-0.003215,0.002361,0.005304,-0.003009,-0.002922,0.000000,0.000000,-0.451148,0.009765,0.849168,False
2016-09-29,-0.452009,-0.451599,0.001848,-0.003351,0.002411,0.005333,-0.003029,-0.002911,0.000000,0.000000,-0.451297,-0.000712,-0.061942,False
2016-09-30,-0.451605,-0.451718,0.001877,-0.003483,0.002459,0.005362,-0.003048,-0.002900,0.000000,0.000000,-0.451450,-0.000155,-0.013436,False
2016-10-01,-0.439857,-0.451838,0.001896,-0.003610,0.002508,0.005391,-0.003068,-0.002889,0.000000,0.000000,-0.451610,0.011753,1.021988,False
2016-10-02,-0.453270,-0.451957,0.001907,-0.003734,0.002555,0.005420,-0.003087,-0.002878,0.000000,0.000000,-0.451775,-0.001495,-0.130020,False
2016-10-03,-0.442275,-0.452077,0.001908,-0.003853,0.002602,0.005449,-0.003106,-0.002868,0.000000,0.000000,-0.451945,0.009670,0.840880,False
2016-10-04,-0.443881,-0.452196,0.001901,-0.003968,0.002648,0.005477,-0.003126,-0.002857,0.000000,0.000000,-0.452121,0.008240,0.716504,False
2016-10-05,-0.437621,-0.452316,0.001884,-0.004078,0.002693,0.005506,-0.003145,-0.002846,0.000000,0.000000,-0.452302,0.014681,1.276578,False
2016-10-06,-0.442716,-0.452435,0.001859,-0.004183,0.002737,0.005534,-0.003164,-0.002835,0.000000,0.000000,-0.452487,0.009771,0.849692,False
2016-10-07,-0.446003,-0.452555,0.001825,-0.004283,0.002781,0.005562,-0.003183,-0.002824,0.000000,0.000000,-0.452678,0.006675,0.580437,False
2016-10-08,-0.449210,-0.452674,0.001782,-0.004379,0.002823,0.005590,-0.003202,-0.002813,0.000000,0.000000,-0.452873,0.003663,0.318529,False
2016-10-09,-0.446829,-0.452794,0.001731,-0.004469,0.002865,0.005617,-0.003222,-0.002803,0.000000,0.000000,-0.453072,0.006243,0.542896,False
2016-10-10,-0.444070,-0.452913,0.001672,-0.004553,0.002906,0.005645,-0.003241,-0.002792,0.000000,0.000000,-0.453275,0.009205,0.800468,False
2016-10-11,-0.430930,-0.453033,0.001605,-0.004633,0.002947,0.005672,-0.003260,-0.002781,0.000000,0.000000,-0.453482,0.022552,1.961038,False
2016-10-12,-0.448272,-0.453152,0.001530,-0.004707,0.002986,0.005700,-0.003279,-0.002770,0.000000,0.000000,-0.453692,0.005420,0.471268,False
2016-10-13,-0.460480,-0.453272,0.001448,-0.004775,0.003024,0.005727,-0.003297,-0.002759,0.000000,0.000000,-0.453904,-0.006576,-0.571837,False
2016-10-14,-0.451156,-0.453391,0.001359,-0.004838,0.003062,0.005754,-0.003316,-0.002748,0.000000,0.000000,-0.454118,0.002962,0.257597,False
2016-10-15,-0.453003,-0.453511,0.001264,-0.004895,0.003099,0.005780,-0.003335,-0.002737,0.000000,0.000000,-0.454335,0.001332,0.115790,False
2016-10-16,-0.456001,-0.453630,0.001163,-0.004946,0.003134,0.005807,-0.003354,-0.002726,0.000000,0.000000,-0.454552,-0.001449,-0.125999,False
2016-10-17,-0.449274,-0.453750,0.001057,-0.004992,0.003169,0.005833,-0.003373,-0.002715,0.000000,0.000000,-0.454770,0.005496,0.477924,False
2016-10-18,-0.451612,-0.453869,0.000945,-0.005031,0.003203,0.005860,-0.003391,-0.002704,0.000000,0.000000,-0.454988,0.003376,0.293600,False
2016-10-19,-0.445677,-0.453989,0.000829,-0.005065,0.003236,0.005886,-0.003410,-0.002693,0.000000,0.000000,-0.455206,0.009529,0.828630,False
2016-10-20,-0.443522,-0.454108,0.000709,-0.005093,0.003268,0.005912,-0.003429,-0.002682,0.000000,0.000000,-0.455423,0.011901,1.034878,False
2016-10-21,-0.439489,-0.454227,0.000586,-0.005114,0.003299,0.005937,-0.003447,-0.002671,0.000000,0.000000,-0.455638,0.016149,1.404293,False
2016-10-22,-0.453217,-0.454347,0.000460,-0.005130,0.003329,0.005963,-0.003466,-0.002660,0.000000,0.000000,-0.455851,0.002634,0.229084,False
2016-10-23,-0.450380,-0.454466,0.000332,-0.005140,0.003358,0.005988,-0.003484,-0.002649,0.000000,0.000000,-0.456062,0.005682,0.494068,False
2016-10-24,-0.447074,-0.454586,0.000202,-0.005143,0.003386,0.006013,-0.003503,-0.002638,0.000000,0.000000,-0.456269,0.009195,0.799540,False
2016-10-25,-0.446649,-0.454705,0.000071,-0.005141,0.003413,0.006039,-0.003521,-0.002627,0.000000,0.000000,-0.456472,0.009823,0.854143,False
2016-10-26,-0.454130,-0.454825,-0.000060,-0.005132,0.003439,0.006063,-0.003540,-0.002616,0.000000,0.000000,-0.456670,0.002540,0.220868,False
2016-10-27,-0.449539,-0.454944,-0.000191,-0.005117,0.003464,0.006088,-0.003558,-0.002605,0.000000,0.000000,-0.456863,0.007324,0.636879,False
2016-10-28,-0.456162,-0.455064,-0.000320,-0.005097,0.003488,0.006113,-0.003576,-0.002594,0.000000,0.000000,-0.457050,0.000888,0.077257,False
2016-10-29,-0.453820,-0.455183,-0.000449,-0.005070,0.003511,0.006137,-0.003594,-0.002583,0.000000,0.000000,-0.457231,0.003411,0.296646,False
2016-10-30,-0.449037,-0.455303,-0.000575,-0.005037,0.003533,0.006161,-0.003612,-0.002572,0.000000,0.000000,-0.457405,0.008368,0.727693,False
2016-10-31,-0.443624,-0.455422,-0.000699,-0.004999,0.003554,0.006185,-0.003631,-0.002561,0.000000,0.000000,-0.457572,0.013948,1.212872,False
2016-11-01,-0.454808,-0.455542,-0.000819,-0.004954,0.003574,0.006209,-0.003649,-0.002550,0.000000,0.000000,-0.457731,0.002923,0.254136,False
2016-11-02,-0.456874,-0.455661,-0.000935,-0.004904,0.003593,0.006233,-0.003667,-0.002539,0.000000,0.000000,-0.457881,0.001007,0.087528,False
2016-11-03,-0.448660,-0.455781,-0.001047,-0.004848,0.003611,0.006256,-0.003685,-0.002528,0.000000,0.000000,-0.458022,0.009362,0.814051,False
2016-11-04,-0.449784,-0.455900,-0.001154,-0.004786,0.003627,0.006279,-0.003703,-0.002517,0.000000,0.000000,-0.458153,0.008369,0.727750,False
2016-11-05,-0.450155,-0.456020,-0.001256,-0.004719,0.003643,0.006302,-0.003720,-0.002506,0.000000,0.000000,-0.458275,0.008120,0.706068,False
2016-11-06,-0.458437,-0.456139,-0.001351,-0.004646,0.003658,0.006325,-0.003738,-0.002494,0.000000,0.000000,-0.458386,-0.000051,-0.004421,False
2016-11-07,-0.453948,-0.456259,-0.001441,-0.004567,0.003671,0.006348,-0.003756,-0.002483,0.000000,0.000000,-0.458487,0.004539,0.394685,False
2016-11-08,-0.457149,-0.456378,-0.001523,-0.004483,0.003684,0.006371,-0.003774,-0.002472,0.000000,0.000000,-0.458577,0.001428,0.124143,False
2016-11-09,-0.454696,-0.456498,-0.001599,-0.004394,0.003695,0.006393,-0.003791,-0.002461,0.000000,0.000000,-0.458655,0.003959,0.344274,False
2016-11-10,-0.457505,-0.456617,-0.001666,-0.004300,0.003705,0.006415,-0.003809,-0.002450,0.000000,0.000000,-0.458722,0.001217,0.105840,False
2016-11-11,-0.454218,-0.456737,-0.001726,-0.004200,0.003714,0.006437,-0.003827,-0.002439,0.000000,0.000000,-0.458777,0.004559,0.396475,False
2016-11-12,-0.457574,-0.456856,-0.001778,-0.004096,0.003722,0.006459,-0.003844,-0.002427,0.000000,0.000000,-0.458821,0.001247,0.108426,False
2016-11-13,-0.452127,-0.456976,-0.001822,-0.003987,0.003729,0.006480,-0.003862,-0.002416,0.000000,0.000000,-0.458852,0.006725,0.584813,False
2016-11-14,-0.458064,-0.457095,-0.001856,-0.003873,0.003735,0.006502,-0.003879,-0.002405,0.000000,0.000000,-0.458872,0.000808,0.070239,False
2016-11-15,-0.452673,-0.457215,-0.001882,-0.003755,0.003740,0.006523,-0.003896,-0.002394,0.000000,0.000000,-0.458879,0.006206,0.539656,False
2016-11-16,-0.454416,-0.457334,-0.001900,-0.003632,0.003744,0.006544,-0.003914,-0.002383,0.000000,0.000000,-0.458874,0.004458,0.387677,False
2016-11-17,-0.454523,-0.457454,-0.001908,-0.003505,0.003746,0.006565,-0.003931,-0.002371,0.000000,0.000000,-0.458858,0.004335,0.376915,False
2016-11-18,-0.444440,-0.457573,-0.001907,-0.003373,0.003747,0.006586,-0.003948,-0.002360,0.000000,0.000000,-0.458829,0.014389,1.251206,False
2016-11-19,-0.439224,-0.457693,-0.001897,-0.003238,0.003748,0.006606,-0.003965,-0.002349,0.000000,0.000000,-0.458788,0.019564,1.701259,False
2016-11-20,-0.451201,-0.457812,-0.001879,-0.003099,0.003747,0.006627,-0.003983,-0.002338,0.000000,0.000000,-0.458737,0.007536,0.655267,False
2016-11-21,-0.454039,-0.457932,-0.001851,-0.002956,0.003745,0.006647,-0.004000,-0.002326,0.000000,0.000000,-0.458673,0.004634,0.402990,False
2016-11-22,-0.446231,-0.458051,-0.001815,-0.002810,0.003742,0.006667,-0.004017,-0.002315,0.000000,0.000000,-0.458599,0.012368,1.075498,False
2016-11-23,-0.459761,-0.458171,-0.001770,-0.002660,0.003738,0.006686,-0.004034,-0.002304,0.000000,0.000000,-0.458514,-0.001247,-0.108398,False
2016-11-24,-0.450309,-0.458290,-0.001717,-0.002508,0.003733,0.006706,-0.004051,-0.002293,0.000000,0.000000,-0.458419,0.008110,0.705251,False
2016-11-25,-0.459856,-0.458410,-0.001656,-0.002352,0.003727,0.006725,-0.004067,-0.002281,0.000000,0.000000,-0.458315,-0.001541,-0.134041,False
2016-11-26,-0.449870,-0.458529,-0.001587,-0.002194,0.003719,0.006744,-0.004084,-0.002270,0.000000,0.000000,-0.458200,0.008330,0.724376,False
2016-11-27,-0.448716,-0.458649,-0.001510,-0.002033,0.003711,0.006763,-0.004101,-0.002259,0.000000,0.000000,-0.458077,0.009361,0.814024,False
2016-11-28,-0.445424,-0.458768,-0.001427,-0.001869,0.003701,0.006782,-0.004118,-0.002247,0.000000,0.000000,-0.457946,0.012522,1.088865,False
2016-11-29,-0.461031,-0.458888,-0.001336,-0.001704,0.003691,0.006801,-0.004134,-0.002236,0.000000,0.000000,-0.457807,-0.003224,-0.280355,False
2016-11-30,-0.469915,-0.459007,-0.001240,-0.001536,0.003679,0.006819,-0.004151,-0.002225,0.000000,0.000000,-0.457661,-0.012254,-1.065583,False
2016-12-01,-0.455729,-0.459127,-0.001137,-0.001367,0.003666,0.006837,-0.004167,-0.002213,0.000000,0.000000,-0.457508,0.001779,0.154717,False
2016-12-02,-0.453307,-0.459246,-0.001029,-0.001196,0.003652,0.006855,-0.004184,-0.002202,0.000000,0.000000,-0.457350,0.004043,0.351559,False
2016-12-03,-0.445214,-0.459366,-0.000916,-0.001023,0.003637,0.006873,-0.004200,-0.002191,0.000000,0.000000,-0.457187,0.011973,1.041093,False
2016-12-04,-0.452092,-0.459485,-0.000799,-0.000850,0.003621,0.006891,-0.004217,-0.002179,0.000000,0.000000,-0.457019,0.004927,0.428426,False
2016-12-05,-0.453358,-0.459605,-0.000679,-0.000675,0.003604,0.006908,-0.004233,-0.002168,0.000000,0.000000,-0.456848,0.003490,0.303448,False
2016-12-06,-0.455233,-0.459724,-0.000555,-0.000500,0.003586,0.006925,-0.004249,-0.002157,0.000000,0.000000,-0.456674,0.001441,0.125270,False
2016-12-07,-0.442050,-0.459844,-0.000428,-0.000324,0.003566,0.006942,-0.004266,-0.002145,0.000000,0.000000,-0.456498,0.014448,1.256309,False
2016-12-08,-0.447738,-0.459963,-0.000299,-0.000147,0.003546,0.006959,-0.004282,-0.002134,0.000000,0.000000,-0.456320,0.008582,0.746286,False
2016-12-09,-0.449825,-0.460083,-0.000169,0.000029,0.003525,0.006975,-0.004298,-0.002122,0.000000,0.000000,-0.456143,0.006318,0.549358,False
2016-12-10,-0.446073,-0.460202,-0.000038,0.000206,0.003502,0.006992,-0.004314,-0.002111,0.000000,0.000000,-0.455965,0.009892,0.860206,False
2016-12-11,-0.450818,-0.460322,0.000093,0.000382,0.003479,0.007008,-0.004330,-0.002100,0.000000,0.000000,-0.455789,0.004971,0.432291,False
2016-12-12,-0.451848,-0.460441,0.000223,0.000558,0.003455,0.007024,-0.004346,-0.002088,0.000000,0.000000,-0.455615,0.003767,0.327597,False
2016-12-13,-0.447474,-0.460560,0.000353,0.000733,0.003429,0.007040,-0.004362,-0.002077,0.000000,0.000000,-0.455444,0.007970,0.693066,False
2016-12-14,-0.450444,-0.460680,0.000481,0.000907,0.003403,0.007055,-0.004377,-0.002065,0.000000,0.000000,-0.455277,0.004833,0.420245,False
2016-12-15,-0.451736,-0.460799,0.000606,0.001081,0.003375,0.007071,-0.004393,-0.002054,0.000000,0.000000,-0.455114,0.003378,0.293727,False
2016-12-16,-0.451050,-0.460919,0.000729,0.001253,0.003347,0.007086,-0.004409,-0.002042,0.000000,0.000000,-0.454956,0.003906,0.339667,False
2016-12-17,-0.451962,-0.461038,0.000848,0.001423,0.003317,0.007101,-0.004425,-0.002031,0.000000,0.000000,-0.454805,0.002843,0.247175,False
2016-12-18,-0.459391,-0.461158,0.000964,0.001592,0.003287,0.007116,-0.004440,-0.002020,0.000000,0.000000,-0.454660,-0.004731,-0.411422,False
2016-12-19,-0.453238,-0.461277,0.001074,0.001759,0.003255,0.007130,-0.004456,-0.002008,0.000000,0.000000,-0.454522,0.001284,0.111679,False
2016-12-20,-0.452126,-0.461397,0.001180,0.001924,0.003223,0.007145,-0.004471,-0.001997,0.000000,0.000000,-0.454393,0.002267,0.197149,False
2016-12-21,-0.452085,-0.461516,0.001280,0.002086,0.003190,0.007159,-0.004487,-0.001985,0.000000,0.000000,-0.454273,0.002188,0.190264,False
2016-12-22,-0.449115,-0.461636,0.001374,0.002246,0.003156,0.007173,-0.004502,-0.001974,0.000000,0.000000,-0.454162,0.005047,0.438907,False
2016-12-23,-0.445170,-0.461755,0.001462,0.002404,0.003120,0.007186,-0.004517,-0.001962,0.000000,0.000000,-0.454062,0.008892,0.773219,False
2016-12-24,-0.448576,-0.461875,0.001543,0.002559,0.003084,0.007200,-0.004532,-0.001951,0.000000,0.000000,-0.453972,0.005396,0.469251,False
2016-12-25,-0.459666,-0.461994,0.001616,0.002710,0.003047,0.007213,-0.004548,-0.001939,0.000000,0.000000,-0.453894,-0.005772,-0.501904,False
2016-12-26,-0.447851,-0.462114,0.001682,0.002859,0.003009,0.007226,-0.004563,-0.001928,0.000000,0.000000,-0.453828,0.005977,0.519710,False
2016-12-27,-0.450816,-0.462233,0.001740,0.003004,0.002971,0.007239,-0.004578,-0.001916,0.000000,0.000000,-0.453774,0.002958,0.257179,False
2016-12-28,-0.451647,-0.462353,0.001790,0.003145,0.002931,0.007252,-0.004593,-0.001905,0.000000,0.000000,-0.453732,0.002085,0.181323,False
2016-12-29,-0.455165,-0.462472,0.001831,0.003283,0.002890,0.007264,-0.004608,-0.001893,0.000000,0.000000,-0.453704,-0.001461,-0.127042,False
2016-12-30,-0.453683,-0.462592,0.001864,0.003417,0.002849,0.007277,-0.004623,-0.001881,0.000000,0.000000,-0.453689,0.000006,0.000548,False
2016-12-31,-0.455752,-0.462711,0.001888,0.003547,0.002807,0.007289,-0.004637,-0.001870,0.000000,0.000000,-0.453688,-0.002064,-0.179444,False
2017-01-01,-0.456961,-0.462831,0.001903,0.003673,0.002764,0.007301,-0.004652,-0.001858,0.000000,0.000000,-0.453702,-0.003259,-0.283432,False
2017-01-02,-0.443135,-0.462951,0.001909,0.003795,0.002720,0.007312,-0.004667,-0.001847,0.000000,0.000000,-0.453729,0.010594,0.921219,False
2017-01-03,-0.444833,-0.463070,0.001906,0.003912,0.002675,0.007324,-0.004682,-0.001835,0.000000,0.000000,-0.453771,0.008938,0.777217,False
2017-01-04,-0.447990,-0.463190,0.001893,0.004024,0.002629,0.007335,-0.004696,-0.001824,0.000000,0.000000,-0.453828,0.005838,0.507616,False
2017-01-05,-0.458003,-0.463310,0.001872,0.004132,0.002583,0.007346,-0.004711,-0.001812,0.000000,0.000000,-0.453899,-0.004104,-0.356884,False
2017-01-06,-0.450310,-0.463430,0.001843,0.004235,0.002536,0.007357,-0.004725,-0.001800,0.000000,0.000000,-0.453985,0.003675,0.319544,False
2017-01-07,-0.446737,-0.463550,0.001804,0.004333,0.002488,0.007368,-0.004740,-0.001789,0.000000,0.000000,-0.454085,0.007348,0.638986,False
2017-01-08,-0.446337,-0.463670,0.001757,0.004426,0.002439,0.007378,-0.004754,-0.001777,0.000000,0.000000,-0.454200,0.007863,0.683781,False
2017-01-09,-0.444368,-0.463789,0.001701,0.004513,0.002390,0.007388,-0.004768,-0.001765,0.000000,0.000000,-0.454330,0.009962,0.866267,False
2017-01-10,-0.450647,-0.463909,0.001638,0.004596,0.002340,0.007398,-0.004782,-0.001754,0.000000,0.000000,-0.454474,0.003827,0.332775,False
2017-01-11,-0.455975,-0.464029,0.001566,0.004672,0.002289,0.007408,-0.004797,-0.001742,0.000000,0.000000,-0.454632,-0.001343,-0.116799,False
2017-01-12,-0.449844,-0.464149,0.001488,0.004744,0.002238,0.007417,-0.004811,-0.001730,0.000000,0.000000,-0.454803,0.004959,0.431260,False
2017-01-13,-0.447043,-0.464269,0.001402,0.004809,0.002186,0.007427,-0.004825,-0.001719,0.000000,0.000000,-0.454989,0.007946,0.690927,False
2017-01-14,-0.456521,-0.464388,0.001309,0.004869,0.002133,0.007436,-0.004839,-0.001707,0.000000,0.000000,-0.455187,-0.001334,-0.116004,False
2017-01-15,-0.454984,-0.464508,0.001211,0.004923,0.002080,0.007445,-0.004853,-0.001695,0.000000,0.000000,-0.455398,0.000414,0.036000,False
2017-01-16,-0.459454,-0.464628,0.001106,0.004972,0.002026,0.007454,-0.004867,-0.001684,0.000000,0.000000,-0.455621,-0.003833,-0.333270,False
2017-01-17,-0.448740,-0.464748,0.000997,0.005014,0.001971,0.007462,-0.004880,-0.001672,0.000000,0.000000,-0.455857,0.007117,0.618840,False
2017-01-18,-0.468673,-0.464868,0.000882,0.005050,0.001916,0.007470,-0.004894,-0.001660,0.000000,0.000000,-0.456103,-0.012570,-1.093016,False
2017-01-19,-0.458513,-0.464988,0.000764,0.005081,0.001860,0.007478,-0.004908,-0.001649,0.000000,0.000000,-0.456361,-0.002152,-0.187142,False
2017-01-20,-0.454236,-0.465107,0.000641,0.005105,0.001804,0.007486,-0.004921,-0.001637,0.000000,0.000000,-0.456629,0.002393,0.208065,False
2017-01-21,-0.458123,-0.465227,0.000516,0.005124,0.001747,0.007494,-0.004935,-0.001625,0.000000,0.000000,-0.456906,-0.001217,-0.105792,False
2017-01-22,-0.460406,-0.465347,0.000389,0.005136,0.001690,0.007501,-0.004948,-0.001613,0.000000,0.000000,-0.457193,-0.003213,-0.279371,False
2017-01-23,-0.462304,-0.465467,0.000259,0.005142,0.001632,0.007508,-0.004962,-0.001602,0.000000,0.000000,-0.457489,-0.004815,-0.418726,False
2017-01-24,-0.460004,-0.465587,0.000128,0.005142,0.001574,0.007515,-0.004975,-0.001590,0.000000,0.000000,-0.457792,-0.002212,-0.192347,False
2017-01-25,-0.454511,-0.465706,-0.000003,0.005136,0.001515,0.007522,-0.004988,-0.001578,0.000000,0.000000,-0.458103,0.003592,0.312321,False
2017-01-26,-0.462698,-0.465826,-0.000134,0.005124,0.001456,0.007529,-0.005002,-0.001566,0.000000,0.000000,-0.458420,-0.004278,-0.371996,False
2017-01-27,-0.465894,-0.465946,-0.000265,0.005106,0.001396,0.007535,-0.005015,-0.001555,0.000000,0.000000,-0.458743,-0.007151,-0.621790,False
2017-01-28,-0.459908,-0.466066,-0.000394,0.005082,0.001336,0.007541,-0.005028,-0.001543,0.000000,0.000000,-0.459072,-0.000836,-0.072684,False
2017-01-29,-0.460308,-0.466186,-0.000522,0.005052,0.001275,0.007547,-0.005041,-0.001531,0.000000,0.000000,-0.459406,-0.000902,-0.078473,False
2017-01-30,-0.466010,-0.466306,-0.000647,0.005016,0.001215,0.007552,-0.005054,-0.001519,0.000000,0.000000,-0.459743,-0.006267,-0.544955,False
2017-01-31,-0.458796,-0.466425,-0.000769,0.004974,0.001153,0.007558,-0.005067,-0.001508,0.000000,0.000000,-0.460084,0.001288,0.111988,False
2017-02-01,-0.463636,-0.466545,-0.000887,0.004926,0.001092,0.007563,-0.005080,-0.001496,0.000000,0.000000,-0.460427,-0.003209,-0.279005,False
2017-02-02,-0.463764,-0.466665,-0.001002,0.004872,0.001030,0.007568,-0.005092,-0.001484,0.000000,0.000000,-0.460773,-0.002991,-0.260076,False
2017-02-03,-0.457529,-0.466785,-0.001111,0.004812,0.000968,0.007573,-0.005105,-0.001472,0.000000,0.000000,-0.461120,0.003591,0.312286,False
2017-02-04,-0.461427,-0.466905,-0.001215,0.004747,0.000905,0.007577,-0.005118,-0.001461,0.000000,0.000000,-0.461468,0.000041,0.003594,False
2017-02-05,-0.459214,-0.467024,-0.001313,0.004676,0.000843,0.007582,-0.005130,-0.001449,0.000000,0.000000,-0.461817,0.002603,0.226317,False
2017-02-06,-0.461447,-0.467144,-0.001406,0.004599,0.000780,0.007586,-0.005143,-0.001437,0.000000,0.000000,-0.462165,0.000718,0.062407,False
2017-02-07,-0.465972,-0.467264,-0.001491,0.004517,0.000716,0.007590,-0.005155,-0.001425,0.000000,0.000000,-0.462512,-0.003460,-0.300880,False
2017-02-08,-0.467449,-0.467384,-0.001570,0.004430,0.000653,0.007593,-0.005167,-0.001413,0.000000,0.000000,-0.462858,-0.004591,-0.399241,False
2017-02-09,-0.473553,-0.467504,-0.001641,0.004337,0.000589,0.007597,-0.005180,-0.001401,0.000000,0.000000,-0.463202,-0.010351,-0.900111,False
2017-02-10,-0.473780,-0.467624,-0.001704,0.004240,0.000525,0.007600,-0.005192,-0.001390,0.000000,0.000000,-0.463543,-0.010237,-0.890138,False
2017-02-11,-0.471360,-0.467743,-0.001759,0.004137,0.000462,0.007603,-0.005204,-0.001378,0.000000,0.000000,-0.463882,-0.007478,-0.650231,False
2017-02-12,-0.471996,-0.467863,-0.001806,0.004029,0.000397,0.007606,-0.005216,-0.001366,0.000000,0.000000,-0.464218,-0.007778,-0.676336,False
2017-02-13,-0.473296,-0.467983,-0.001844,0.003917,0.000333,0.007609,-0.005228,-0.001354,0.000000,0.000000,-0.464550,-0.008746,-0.760487,False
2017-02-14,-0.474582,-0.468103,-0.001874,0.003800,0.000269,0.007611,-0.005240,-0.001342,0.000000,0.000000,-0.464879,-0.009703,-0.843755,False
2017-02-15,-0.472694,-0.468223,-0.001894,0.003678,0.000205,0.007613,-0.005252,-0.001330,0.000000,0.000000,-0.465203,-0.007491,-0.651384,False
2017-02-16,-0.471218,-0.468342,-0.001906,0.003553,0.000140,0.007615,-0.005264,-0.001319,0.000000,0.000000,-0.465523,-0.005695,-0.495222,False
2017-02-17,-0.470169,-0.468462,-0.001908,0.003422,0.000076,0.007617,-0.005275,-0.001307,0.000000,0.000000,-0.465838,-0.004331,-0.376594,False
2017-02-18,-0.472928,-0.468582,-0.001902,0.003288,0.000011,0.007618,-0.005287,-0.001295,0.000000,0.000000,-0.466149,-0.006779,-0.589516,False
2017-02-19,-0.467318,-0.468702,-0.001887,0.003150,-0.000053,0.007619,-0.005299,-0.001283,0.000000,0.000000,-0.466454,-0.000864,-0.075130,False
2017-02-20,-0.476236,-0.468822,-0.001862,0.003008,-0.000118,0.007620,-0.005310,-0.001271,0.000000,0.000000,-0.466754,-0.009482,-0.824490,False
2017-02-21,-0.470384,-0.468942,-0.001829,0.002863,-0.000182,0.007621,-0.005322,-0.001259,0.000000,0.000000,-0.467050,-0.003334,-0.289950,False
2017-02-22,-0.483450,-0.469061,-0.001787,0.002714,-0.000247,0.007622,-0.005333,-0.001247,0.000000,0.000000,-0.467340,-0.016110,-1.400904,False
2017-02-23,-0.469794,-0.469181,-0.001737,0.002562,-0.000311,0.007622,-0.005344,-0.001236,0.000000,0.000000,-0.467624,-0.002170,-0.188657,False
2017-02-24,-0.473891,-0.469301,-0.001678,0.002407,-0.000375,0.007622,-0.005355,-0.001224,0.000000,0.000000,-0.467904,-0.005987,-0.520596,False
2017-02-25,-0.474856,-0.469421,-0.001612,0.002249,-0.000440,0.007622,-0.005367,-0.001212,0.000000,0.000000,-0.468179,-0.006677,-0.580627,False
2017-02-26,-0.473998,-0.469541,-0.001538,0.002089,-0.000504,0.007622,-0.005378,-0.001200,0.000000,0.000000,-0.468448,-0.005550,-0.482568,False
2017-02-27,-0.474623,-0.469660,-0.001456,0.001926,-0.000567,0.007622,-0.005389,-0.001188,0.000000,0.000000,-0.468713,-0.005910,-0.513884,False
2017-02-28,-0.470223,-0.469780,-0.001368,0.001761,-0.000631,0.007621,-0.005400,-0.001176,0.000000,0.000000,-0.468974,-0.001249,-0.108647,False
2017-03-01,-0.467589,-0.469900,-0.001273,0.001593,-0.000695,0.007620,-0.005411,-0.001164,0.000000,0.000000,-0.469229,0.001640,0.142639,False
2017-03-02,-0.478252,-0.470020,-0.001172,0.001424,-0.000758,0.007619,-0.005421,-0.001152,0.000000,0.000000,-0.469481,-0.008771,-0.762702,False
2017-03-03,-0.467876,-0.470140,-0.001066,0.001253,-0.000821,0.007617,-0.005432,-0.001140,0.000000,0.000000,-0.469729,0.001853,0.161092,False
2017-03-04,-0.471120,-0.470260,-0.000954,0.001080,-0.000884,0.007616,-0.005443,-0.001128,0.000000,0.000000,-0.469973,-0.001147,-0.099780,False
2017-03-05,-0.477928,-0.470379,-0.000838,0.000907,-0.000946,0.007614,-0.005453,-0.001116,0.000000,0.000000,-0.470213,-0.007715,-0.670857,False
2017-03-06,-0.474897,-0.470499,-0.000718,0.000732,-0.001009,0.007612,-0.005464,-0.001105,0.000000,0.000000,-0.470451,-0.004446,-0.386633,False
2017-03-07,-0.473682,-0.470619,-0.000595,0.000556,-0.001071,0.007610,-0.005474,-0.001093,0.000000,0.000000,-0.470686,-0.002996,-0.260555,False
2017-03-08,-0.477450,-0.470739,-0.000469,0.000380,-0.001132,0.007607,-0.005485,-0.001081,0.000000,0.000000,-0.470918,-0.006532,-0.567985,False
2017-03-09,-0.472977,-0.470859,-0.000340,0.000203,-0.001194,0.007604,-0.005495,-0.001069,0.000000,0.000000,-0.471149,-0.001828,-0.158977,False
2017-03-10,-0.468290,-0.470978,-0.000210,0.000026,-0.001255,0.007601,-0.005505,-0.001057,0.000000,0.000000,-0.471378,0.003088,0.268502,False
2017-03-11,-0.471560,-0.471098,-0.000079,-0.000151,-0.001315,0.007598,-0.005516,-0.001045,0.000000,0.000000,-0.471606,0.000046,0.003965,False
2017-03-12,-0.469999,-0.471218,0.000052,-0.000328,-0.001375,0.007595,-0.005526,-0.001033,0.000000,0.000000,-0.471833,0.001834,0.159444,False
2017-03-13,-0.479805,-0.471338,0.000183,-0.000504,-0.001435,0.007591,-0.005536,-0.001021,0.000000,0.000000,-0.472059,-0.007746,-0.673546,False
2017-03-14,-0.478289,-0.471458,0.000314,-0.000680,-0.001495,0.007587,-0.005546,-0.001009,0.000000,0.000000,-0.472286,-0.006003,-0.522015,False
2017-03-15,-0.477438,-0.471578,0.000442,-0.000855,-0.001553,0.007583,-0.005556,-0.000997,0.000000,0.000000,-0.472513,-0.004925,-0.428277,False
2017-03-16,-0.474710,-0.471697,0.000569,-0.001029,-0.001612,0.007579,-0.005565,-0.000985,0.000000,0.000000,-0.472741,-0.001969,-0.171256,False
2017-03-17,-0.471537,-0.471817,0.000693,-0.001202,-0.001670,0.007575,-0.005575,-0.000973,0.000000,0.000000,-0.472969,0.001432,0.124561,False
2017-03-18,-0.475016,-0.471937,0.000814,-0.001373,-0.001727,0.007570,-0.005585,-0.000961,0.000000,0.000000,-0.473200,-0.001816,-0.157926,False
2017-03-19,-0.475030,-0.472057,0.000931,-0.001543,-0.001784,0.007565,-0.005594,-0.000949,0.000000,0.000000,-0.473432,-0.001598,-0.138947,False
2017-03-20,-0.480668,-0.472177,0.001043,-0.001711,-0.001841,0.007560,-0.005604,-0.000937,0.000000,0.000000,-0.473667,-0.007001,-0.608821,False
2017-03-21,-0.479727,-0.472296,0.001151,-0.001877,-0.001897,0.007555,-0.005613,-0.000925,0.000000,0.000000,-0.473904,-0.005823,-0.506389,False
2017-03-22,-0.475706,-0.472416,0.001253,-0.002041,-0.001952,0.007549,-0.005623,-0.000913,0.000000,0.000000,-0.474143,-0.001563,-0.135887,False
2017-03-23,-0.478125,-0.472536,0.001349,-0.002202,-0.002007,0.007543,-0.005632,-0.000901,0.000000,0.000000,-0.474386,-0.003739,-0.325117,False
2017-03-24,-0.471920,-0.472656,0.001439,-0.002361,-0.002061,0.007537,-0.005641,-0.000889,0.000000,0.000000,-0.474632,0.002712,0.235856,False
2017-03-25,-0.484768,-0.472776,0.001521,-0.002517,-0.002115,0.007531,-0.005650,-0.000877,0.000000,0.000000,-0.474882,-0.009886,-0.859646,False
2017-03-26,-0.490540,-0.472896,0.001597,-0.002670,-0.002168,0.007525,-0.005659,-0.000865,0.000000,0.000000,-0.475136,-0.015404,-1.339517,False
2017-03-27,-0.475291,-0.473015,0.001665,-0.002819,-0.002220,0.007518,-0.005668,-0.000853,0.000000,0.000000,-0.475393,0.000102,0.008863,False
2017-03-28,-0.485583,-0.473135,0.001725,-0.002966,-0.002272,0.007511,-0.005677,-0.000841,0.000000,0.000000,-0.475654,-0.009929,-0.863362,False
2017-03-29,-0.472880,-0.473255,0.001778,-0.003109,-0.002323,0.007504,-0.005686,-0.000829,0.000000,0.000000,-0.475920,0.003040,0.264337,False
2017-03-30,-0.477875,-0.473375,0.001821,-0.003248,-0.002373,0.007497,-0.005695,-0.000817,0.000000,0.000000,-0.476190,-0.001685,-0.146555,False
2017-03-31,-0.479140,-0.473495,0.001856,-0.003383,-0.002423,0.007489,-0.005704,-0.000805,0.000000,0.000000,-0.476464,-0.002676,-0.232734,False
2017-04-01,-0.481100,-0.473614,0.001882,-0.003514,-0.002471,0.007481,-0.005712,-0.000793,0.000000,0.000000,-0.476742,-0.004358,-0.378981,False
2017-04-02,-0.483064,-0.473734,0.001900,-0.003642,-0.002520,0.007474,-0.005721,-0.000781,0.000000,0.000000,-0.477024,-0.006040,-0.525214,False
2017-04-03,-0.480874,-0.473854,0.001908,-0.003765,-0.002567,0.007465,-0.005729,-0.000769,0.000000,0.000000,-0.477310,-0.003564,-0.309875,False
2017-04-04,-0.480300,-0.473974,0.001907,-0.003883,-0.002614,0.007457,-0.005738,-0.000757,0.000000,0.000000,-0.477601,-0.002699,-0.234713,False
2017-04-05,-0.481594,-0.474094,0.001897,-0.003997,-0.002659,0.007448,-0.005746,-0.000745,0.000000,0.000000,-0.477895,-0.003699,-0.321656,False
2017-04-06,-0.472148,-0.474213,0.001879,-0.004106,-0.002704,0.007440,-0.005754,-0.000733,0.000000,0.000000,-0.478193,0.006045,0.525628,False
2017-04-07,-0.484356,-0.474333,0.001851,-0.004210,-0.002749,0.007430,-0.005762,-0.000721,0.000000,0.000000,-0.478494,-0.005862,-0.509752,False
2017-04-08,-0.478076,-0.474453,0.001814,-0.004309,-0.002792,0.007421,-0.005770,-0.000709,0.000000,0.000000,-0.478798,0.000722,0.062791,False
2017-04-09,-0.480616,-0.474573,0.001769,-0.004403,-0.002835,0.007412,-0.005778,-0.000697,0.000000,0.000000,-0.479105,-0.001511,-0.131380,False
2017-04-10,-0.485695,-0.474693,0.001716,-0.004492,-0.002877,0.007402,-0.005786,-0.000685,0.000000,0.000000,-0.479415,-0.006280,-0.546118,False
2017-04-11,-0.499997,-0.474813,0.001654,-0.004576,-0.002917,0.007392,-0.005794,-0.000673,0.000000,0.000000,-0.479726,-0.020271,-1.762675,False
2017-04-12,-0.471494,-0.474932,0.001585,-0.004654,-0.002958,0.007382,-0.005802,-0.000661,0.000000,0.000000,-0.480040,0.008546,0.743088,False
2017-04-13,-0.479428,-0.475052,0.001508,-0.004726,-0.002997,0.007372,-0.005810,-0.000649,0.000000,0.000000,-0.480354,0.000926,0.080526,False
2017-04-14,-0.482180,-0.475172,0.001424,-0.004793,-0.003035,0.007361,-0.005817,-0.000637,0.000000,0.000000,-0.480669,-0.001511,-0.131358,False
2017-04-15,-0.485613,-0.475292,0.001333,-0.004855,-0.003072,0.007350,-0.005825,-0.000625,0.000000,0.000000,-0.480985,-0.004628,-0.402434,False
2017-04-16,-0.484602,-0.475412,0.001236,-0.004910,-0.003109,0.007340,-0.005832,-0.000612,0.000000,0.000000,-0.481300,-0.003302,-0.287093,False
2017-04-17,-0.490170,-0.475531,0.001133,-0.004960,-0.003144,0.007328,-0.005840,-0.000600,0.000000,0.000000,-0.481615,-0.008555,-0.743904,False
2017-04-18,-0.473592,-0.475651,0.001024,-0.005004,-0.003179,0.007317,-0.005847,-0.000588,0.000000,0.000000,-0.481928,0.008336,0.724909,False
2017-04-19,-0.502208,-0.475771,0.000911,-0.005042,-0.003213,0.007305,-0.005854,-0.000576,0.000000,0.000000,-0.482240,-0.019968,-1.736354,False
2017-04-20,-0.487210,-0.475891,0.000794,-0.005074,-0.003246,0.007294,-0.005862,-0.000564,0.000000,0.000000,-0.482549,-0.004661,-0.405310,False
2017-04-21,-0.489394,-0.476011,0.000672,-0.005100,-0.003277,0.007282,-0.005869,-0.000552,0.000000,0.000000,-0.482855,-0.006539,-0.568622,False
2017-04-22,-0.484757,-0.476131,0.000548,-0.005120,-0.003308,0.007269,-0.005876,-0.000540,0.000000,0.000000,-0.483157,-0.001600,-0.139125,False
2017-04-23,-0.489666,-0.476250,0.000421,-0.005134,-0.003338,0.007257,-0.005883,-0.000528,0.000000,0.000000,-0.483455,-0.006211,-0.540090,False
2017-04-24,-0.474118,-0.476370,0.000292,-0.005141,-0.003367,0.007244,-0.005890,-0.000516,0.000000,0.000000,-0.483748,0.009630,0.837384,False
2017-04-25,-0.480995,-0.476490,0.000161,-0.005143,-0.003395,0.007231,-0.005896,-0.000504,0.000000,0.000000,-0.484035,0.003040,0.264373,False
2017-04-26,-0.487914,-0.476610,0.000030,-0.005138,-0.003422,0.007218,-0.005903,-0.000492,0.000000,0.000000,-0.484316,-0.003598,-0.312830,False
2017-04-27,-0.480795,-0.476730,-0.000101,-0.005128,-0.003447,0.007205,-0.005910,-0.000480,0.000000,0.000000,-0.484591,0.003796,0.330068,False
2017-04-28,-0.488464,-0.476849,-0.000232,-0.005111,-0.003472,0.007192,-0.005916,-0.000468,0.000000,0.000000,-0.484858,-0.003606,-0.313594,False
2017-04-29,-0.478580,-0.476969,-0.000362,-0.005089,-0.003496,0.007178,-0.005923,-0.000456,0.000000,0.000000,-0.485116,0.006536,0.568390,False
2017-04-30,-0.488746,-0.477089,-0.000490,-0.005060,-0.003519,0.007164,-0.005929,-0.000444,0.000000,0.000000,-0.485367,-0.003379,-0.293856,False
2017-05-01,-0.482785,-0.477209,-0.000616,-0.005025,-0.003540,0.007150,-0.005935,-0.000431,0.000000,0.000000,-0.485608,0.002823,0.245443,False
2017-05-02,-0.484103,-0.477329,-0.000739,-0.004985,-0.003561,0.007136,-0.005942,-0.000419,0.000000,0.000000,-0.485839,0.001736,0.150933,False
2017-05-03,-0.485601,-0.477449,-0.000858,-0.004938,-0.003581,0.007121,-0.005948,-0.000407,0.000000,0.000000,-0.486060,0.000459,0.039872,False
2017-05-04,-0.481330,-0.477568,-0.000973,-0.004886,-0.003599,0.007106,-0.005954,-0.000395,0.000000,0.000000,-0.486269,0.004939,0.429519,False
2017-05-05,-0.479224,-0.477688,-0.001084,-0.004828,-0.003617,0.007091,-0.005960,-0.000383,0.000000,0.000000,-0.486468,0.007244,0.629919,False
2017-05-06,-0.492030,-0.477808,-0.001190,-0.004764,-0.003633,0.007076,-0.005966,-0.000371,0.000000,0.000000,-0.486655,-0.005375,-0.467403,False
2017-05-07,-0.488935,-0.477928,-0.001289,-0.004694,-0.003648,0.007061,-0.005972,-0.000359,0.000000,0.000000,-0.486829,-0.002106,-0.183094,False
2017-05-08,-0.488662,-0.478048,-0.001383,-0.004619,-0.003662,0.007045,-0.005978,-0.000347,0.000000,0.000000,-0.486991,-0.001671,-0.145274,False
2017-05-09,-0.490924,-0.478167,-0.001470,-0.004538,-0.003676,0.007030,-0.005983,-0.000335,0.000000,0.000000,-0.487140,-0.003784,-0.329019,False
2017-05-10,-0.489870,-0.478287,-0.001551,-0.004452,-0.003688,0.007014,-0.005989,-0.000323,0.000000,0.000000,-0.487276,-0.002594,-0.225573,False
2017-05-11,-0.486730,-0.478407,-0.001624,-0.004361,-0.003699,0.006997,-0.005994,-0.000311,0.000000,0.000000,-0.487398,0.000668,0.058081,False
2017-05-12,-0.492991,-0.478527,-0.001689,-0.004265,-0.003709,0.006981,-0.006000,-0.000298,0.000000,0.000000,-0.487506,-0.005485,-0.476945,False
2017-05-13,-0.491193,-0.478647,-0.001746,-0.004163,-0.003717,0.006965,-0.006005,-0.000286,0.000000,0.000000,-0.487600,-0.003593,-0.312410,False
2017-05-14,-0.498370,-0.478767,-0.001795,-0.004057,-0.003725,0.006948,-0.006011,-0.000274,0.000000,0.000000,-0.487680,-0.010690,-0.929543,False
2017-05-15,-0.498708,-0.478886,-0.001835,-0.003946,-0.003732,0.006931,-0.006016,-0.000262,0.000000,0.000000,-0.487746,-0.010962,-0.953224,False
2017-05-16,-0.496230,-0.479006,-0.001867,-0.003830,-0.003737,0.006914,-0.006021,-0.000250,0.000000,0.000000,-0.487797,-0.008433,-0.733284,False
2017-05-17,-0.490758,-0.479126,-0.001890,-0.003709,-0.003741,0.006896,-0.006026,-0.000238,0.000000,0.000000,-0.487834,-0.002924,-0.254246,False
2017-05-18,-0.494058,-0.479246,-0.001904,-0.003584,-0.003745,0.006879,-0.006031,-0.000226,0.000000,0.000000,-0.487857,-0.006201,-0.539238,False
2017-05-19,-0.497420,-0.479366,-0.001909,-0.003455,-0.003747,0.006861,-0.006036,-0.000214,0.000000,0.000000,-0.487865,-0.009555,-0.830862,False
2017-05-20,-0.495701,-0.479485,-0.001905,-0.003322,-0.003748,0.006843,-0.006041,-0.000202,0.000000,0.000000,-0.487859,-0.007842,-0.681888,False
2017-05-21,-0.489314,-0.479605,-0.001891,-0.003185,-0.003748,0.006825,-0.006045,-0.000189,0.000000,0.000000,-0.487840,-0.001474,-0.128215,False
2017-05-22,-0.494940,-0.479725,-0.001869,-0.003044,-0.003746,0.006806,-0.006050,-0.000177,0.000000,0.000000,-0.487806,-0.007134,-0.620344,False
2017-05-23,-0.485297,-0.479845,-0.001838,-0.002900,-0.003744,0.006788,-0.006055,-0.000165,0.000000,0.000000,-0.487759,0.002462,0.214095,False
2017-05-24,-0.489631,-0.479965,-0.001798,-0.002752,-0.003741,0.006769,-0.006059,-0.000153,0.000000,0.000000,-0.487699,-0.001932,-0.168000,False
2017-05-25,-0.493775,-0.480085,-0.001750,-0.002601,-0.003736,0.006750,-0.006064,-0.000141,0.000000,0.000000,-0.487626,-0.006149,-0.534684,False
2017-05-26,-0.499226,-0.480204,-0.001694,-0.002446,-0.003731,0.006731,-0.006068,-0.000129,0.000000,0.000000,-0.487541,-0.011685,-1.016096,False
2017-05-27,-0.496102,-0.480324,-0.001629,-0.002289,-0.003724,0.006712,-0.006072,-0.000117,0.000000,0.000000,-0.487444,-0.008658,-0.752892,False
2017-05-28,-0.500484,-0.480444,-0.001557,-0.002129,-0.003716,0.006692,-0.006077,-0.000105,0.000000,0.000000,-0.487335,-0.013149,-1.143377,False
2017-05-29,-0.502263,-0.480564,-0.001477,-0.001967,-0.003707,0.006672,-0.006081,-0.000093,0.000000,0.000000,-0.487216,-0.015047,-1.308462,False
2017-05-30,-0.484331,-0.480684,-0.001391,-0.001802,-0.003697,0.006653,-0.006085,-0.000080,0.000000,0.000000,-0.487086,0.002755,0.239557,False
2017-05-31,-0.491309,-0.480803,-0.001297,-0.001635,-0.003686,0.006632,-0.006089,-0.000068,0.000000,0.000000,-0.486946,-0.004363,-0.379356,False
2017-06-01,-0.503205,-0.480923,-0.001198,-0.001466,-0.003674,0.006612,-0.006092,-0.000056,0.000000,0.000000,-0.486798,-0.016407,-1.426709,False
2017-06-02,-0.498170,-0.481043,-0.001093,-0.001296,-0.003660,0.006592,-0.006096,-0.000044,0.000000,0.000000,-0.486641,-0.011529,-1.002531,False
2017-06-03,-0.497625,-0.481163,-0.000983,-0.001124,-0.003646,0.006571,-0.006100,-0.000032,0.000000,0.000000,-0.486476,-0.011149,-0.969456,False
2017-06-04,-0.488782,-0.481283,-0.000868,-0.000950,-0.003630,0.006550,-0.006104,-0.000020,0.000000,0.000000,-0.486305,-0.002477,-0.215422,False
2017-06-05,-0.490247,-0.481403,-0.000749,-0.000776,-0.003614,0.006529,-0.006107,-0.000008,0.000000,0.000000,-0.486127,-0.004120,-0.358275,False
2017-06-06,-0.496246,-0.481522,-0.000626,-0.000600,-0.003596,0.006508,-0.006111,0.000004,0.000000,0.000000,-0.485944,-0.010302,-0.895860,False
2017-06-07,-0.498225,-0.481642,-0.000500,-0.000424,-0.003578,0.006486,-0.006114,0.000016,0.000000,0.000000,-0.485756,-0.012469,-1.084284,False
2017-06-08,-0.497158,-0.481762,-0.000373,-0.000247,-0.003558,0.006465,-0.006117,0.000029,0.000000,0.000000,-0.485564,-0.011594,-1.008171,False
2017-06-09,-0.492220,-0.481882,-0.000243,-0.000070,-0.003537,0.006443,-0.006121,0.000041,0.000000,0.000000,-0.485369,-0.006851,-0.595711,False
2017-06-10,-0.482852,-0.482002,-0.000112,0.000107,-0.003515,0.006421,-0.006124,0.000053,0.000000,0.000000,-0.485172,0.002320,0.201778,False
2017-06-11,-0.506291,-0.482121,0.000019,0.000284,-0.003492,0.006399,-0.006127,0.000065,0.000000,0.000000,-0.484974,-0.021317,-1.853633,False
2017-06-12,-0.496118,-0.482241,0.000151,0.000460,-0.003468,0.006376,-0.006130,0.000077,0.000000,0.000000,-0.484775,-0.011343,-0.986304,False
2017-06-13,-0.488638,-0.482361,0.000281,0.000636,-0.003443,0.006354,-0.006133,0.000089,0.000000,0.000000,-0.484577,-0.004061,-0.353121,False
2017-06-14,-0.494815,-0.482481,0.000410,0.000811,-0.003417,0.006331,-0.006136,0.000101,0.000000,0.000000,-0.484380,-0.010435,-0.907401,False
2017-06-15,-0.491623,-0.482601,0.000538,0.000986,-0.003390,0.006308,-0.006138,0.000113,0.000000,0.000000,-0.484185,-0.007438,-0.646811,False
2017-06-16,-0.487561,-0.482721,0.000662,0.001159,-0.003362,0.006285,-0.006141,0.000125,0.000000,0.000000,-0.483992,-0.003569,-0.310325,False
2017-06-17,-0.495087,-0.482840,0.000784,0.001331,-0.003333,0.006262,-0.006144,0.000138,0.000000,0.000000,-0.483803,-0.011284,-0.981176,False
2017-06-18,-0.489718,-0.482960,0.000902,0.001501,-0.003303,0.006238,-0.006146,0.000150,0.000000,0.000000,-0.483619,-0.006099,-0.530340,False
2017-06-19,-0.489382,-0.483080,0.001015,0.001669,-0.003272,0.006215,-0.006149,0.000162,0.000000,0.000000,-0.483440,-0.005942,-0.516706,False
2017-06-20,-0.478997,-0.483200,0.001124,0.001836,-0.003241,0.006191,-0.006151,0.000174,0.000000,0.000000,-0.483267,0.004270,0.371269,False
2017-06-21,-0.484967,-0.483320,0.001228,0.002000,-0.003208,0.006167,-0.006153,0.000186,0.000000,0.000000,-0.483100,-0.001867,-0.162353,False
2017-06-22,-0.494538,-0.483439,0.001325,0.002162,-0.003174,0.006142,-0.006155,0.000198,0.000000,0.000000,-0.482941,-0.011597,-1.008466,False
2017-06-23,-0.492558,-0.483559,0.001417,0.002321,-0.003139,0.006118,-0.006157,0.000210,0.000000,0.000000,-0.482789,-0.009769,-0.849450,False
2017-06-24,-0.489753,-0.483679,0.001501,0.002478,-0.003103,0.006094,-0.006159,0.000222,0.000000,0.000000,-0.482647,-0.007106,-0.617943,False
2017-06-25,-0.484130,-0.483799,0.001579,0.002632,-0.003067,0.006069,-0.006161,0.000234,0.000000,0.000000,-0.482513,-0.001617,-0.140591,False
2017-06-26,-0.487013,-0.483919,0.001649,0.002782,-0.003029,0.006044,-0.006163,0.000246,0.000000,0.000000,-0.482390,-0.004623,-0.402039,False
2017-06-27,-0.487674,-0.484039,0.001711,0.002929,-0.002991,0.006019,-0.006165,0.000259,0.000000,0.000000,-0.482276,-0.005398,-0.469373,False
2017-06-28,-0.486788,-0.484158,0.001765,0.003073,-0.002951,0.005994,-0.006167,0.000271,0.000000,0.000000,-0.482174,-0.004614,-0.401248,False
2017-06-29,-0.496809,-0.484278,0.001811,0.003213,-0.002911,0.005968,-0.006168,0.000283,0.000000,0.000000,-0.482082,-0.014727,-1.280581,False
2017-06-30,-0.481501,-0.484398,0.001848,0.003350,-0.002870,0.005943,-0.006170,0.000295,0.000000,0.000000,-0.482003,0.000502,0.043618,False
2017-07-01,-0.478271,-0.484518,0.001877,0.003482,-0.002828,0.005917,-0.006171,0.000307,0.000000,0.000000,-0.481935,0.003664,0.318598,False
2017-07-02,-0.486609,-0.484638,0.001896,0.003610,-0.002785,0.005891,-0.006173,0.000319,0.000000,0.000000,-0.481879,-0.004730,-0.411269,False
2017-07-03,-0.492839,-0.484757,0.001907,0.003734,-0.002742,0.005865,-0.006174,0.000331,0.000000,0.000000,-0.481836,-0.011003,-0.956741,False
2017-07-04,-0.488559,-0.484877,0.001908,0.003854,-0.002697,0.005839,-0.006175,0.000343,0.000000,0.000000,-0.481806,-0.006753,-0.587192,False
2017-07-05,-0.493458,-0.484997,0.001901,0.003969,-0.002652,0.005812,-0.006176,0.000355,0.000000,0.000000,-0.481789,-0.011669,-1.014696,False
2017-07-06,-0.500946,-0.485117,0.001884,0.004079,-0.002606,0.005785,-0.006177,0.000367,0.000000,0.000000,-0.481785,-0.019161,-1.666198,False
2017-07-07,-0.481143,-0.485237,0.001859,0.004184,-0.002560,0.005759,-0.006178,0.000380,0.000000,0.000000,-0.481794,0.000651,0.056567,False
2017-07-08,-0.486605,-0.485357,0.001824,0.004285,-0.002512,0.005732,-0.006179,0.000392,0.000000,0.000000,-0.481815,-0.004790,-0.416485,False
2017-07-09,-0.481288,-0.485476,0.001781,0.004380,-0.002464,0.005705,-0.006180,0.000404,0.000000,0.000000,-0.481850,0.000562,0.048903,False
2017-07-10,-0.477913,-0.485596,0.001730,0.004470,-0.002415,0.005677,-0.006181,0.000416,0.000000,0.000000,-0.481898,0.003985,0.346551,False
2017-07-11,-0.480070,-0.485716,0.001670,0.004555,-0.002365,0.005650,-0.006181,0.000428,0.000000,0.000000,-0.481959,0.001889,0.164274,False
2017-07-12,-0.477201,-0.485836,0.001603,0.004635,-0.002315,0.005622,-0.006182,0.000440,0.000000,0.000000,-0.482033,0.004832,0.420145,False
2017-07-13,-0.479240,-0.485956,0.001528,0.004709,-0.002264,0.005595,-0.006183,0.000452,0.000000,0.000000,-0.482119,0.002879,0.250320,False
2017-07-14,-0.490536,-0.486075,0.001445,0.004777,-0.002212,0.005567,-0.006183,0.000464,0.000000,0.000000,-0.482217,-0.008319,-0.723399,False
2017-07-15,-0.474646,-0.486195,0.001356,0.004840,-0.002159,0.005539,-0.006183,0.000476,0.000000,0.000000,-0.482327,0.007681,0.667921,False
2017-07-16,-0.485854,-0.486315,0.001261,0.004897,-0.002106,0.005510,-0.006183,0.000488,0.000000,0.000000,-0.482449,-0.003405,-0.296098,False
2017-07-17,-0.482633,-0.486435,0.001159,0.004948,-0.002053,0.005482,-0.006184,0.000500,0.000000,0.000000,-0.482582,-0.000051,-0.004444,False
2017-07-18,-0.489820,-0.486555,0.001052,0.004993,-0.001998,0.005453,-0.006184,0.000512,0.000000,0.000000,-0.482726,-0.007094,-0.616893,False
2017-07-19,-0.488655,-0.486675,0.000940,0.005033,-0.001944,0.005425,-0.006184,0.000525,0.000000,0.000000,-0.482880,-0.005775,-0.502176,False
2017-07-20,-0.491478,-0.486794,0.000823,0.005066,-0.001888,0.005396,-0.006184,0.000537,0.000000,0.000000,-0.483044,-0.008434,-0.733380,False
2017-07-21,-0.484650,-0.486914,0.000703,0.005094,-0.001832,0.005367,-0.006183,0.000549,0.000000,0.000000,-0.483218,-0.001432,-0.124547,False
2017-07-22,-0.485676,-0.487034,0.000579,0.005115,-0.001776,0.005337,-0.006183,0.000561,0.000000,0.000000,-0.483400,-0.002276,-0.197896,False
2017-07-23,-0.484502,-0.487154,0.000453,0.005131,-0.001719,0.005308,-0.006183,0.000573,0.000000,0.000000,-0.483591,-0.000911,-0.079214,False
2017-07-24,-0.485090,-0.487274,0.000324,0.005140,-0.001661,0.005279,-0.006182,0.000585,0.000000,0.000000,-0.483790,-0.001300,-0.113072,False
2017-07-25,-0.480155,-0.487393,0.000194,0.005143,-0.001603,0.005249,-0.006182,0.000597,0.000000,0.000000,-0.483996,0.003841,0.333957,False
2017-07-26,-0.489885,-0.487513,0.000063,0.005140,-0.001544,0.005219,-0.006181,0.000609,0.000000,0.000000,-0.484208,-0.005677,-0.493656,False
2017-07-27,-0.486202,-0.487633,-0.000069,0.005131,-0.001485,0.005189,-0.006181,0.000621,0.000000,0.000000,-0.484426,-0.001776,-0.154398,False
2017-07-28,-0.488919,-0.487753,-0.000200,0.005116,-0.001426,0.005159,-0.006180,0.000633,0.000000,0.000000,-0.484650,-0.004269,-0.371194,False
2017-07-29,-0.482609,-0.487873,-0.000330,0.005095,-0.001366,0.005129,-0.006179,0.000645,0.000000,0.000000,-0.484879,0.002270,0.197380,False
2017-07-30,-0.485883,-0.487993,-0.000458,0.005068,-0.001306,0.005098,-0.006178,0.000657,0.000000,0.000000,-0.485112,-0.000771,-0.067076,False
2017-07-31,-0.483488,-0.488112,-0.000585,0.005035,-0.001245,0.005068,-0.006177,0.000669,0.000000,0.000000,-0.485348,0.001860,0.161730,False
2017-08-01,-0.487192,-0.488232,-0.000708,0.004995,-0.001184,0.005037,-0.006176,0.000681,0.000000,0.000000,-0.485587,-0.001605,-0.139561,False
2017-08-02,-0.493381,-0.488352,-0.000829,0.004950,-0.001123,0.005006,-0.006175,0.000693,0.000000,0.000000,-0.485828,-0.007553,-0.656740,False
2017-08-03,-0.480781,-0.488472,-0.000945,0.004899,-0.001061,0.004975,-0.006174,0.000705,0.000000,0.000000,-0.486072,0.005291,0.460053,False
2017-08-04,-0.490138,-0.488592,-0.001057,0.004843,-0.000999,0.004944,-0.006173,0.000717,0.000000,0.000000,-0.486316,-0.003822,-0.332365,False
2017-08-05,-0.486942,-0.488711,-0.001164,0.004780,-0.000937,0.004913,-0.006171,0.000729,0.000000,0.000000,-0.486560,-0.000382,-0.033175,False
2017-08-06,-0.498451,-0.488831,-0.001265,0.004712,-0.000874,0.004881,-0.006170,0.000741,0.000000,0.000000,-0.486805,-0.011646,-1.012685,False
2017-08-07,-0.480843,-0.488951,-0.001360,0.004638,-0.000811,0.004850,-0.006168,0.000754,0.000000,0.000000,-0.487049,0.006206,0.539664,False
2017-08-08,-0.487265,-0.489071,-0.001449,0.004559,-0.000748,0.004818,-0.006167,0.000766,0.000000,0.000000,-0.487292,0.000027,0.002351,False
2017-08-09,-0.480466,-0.489191,-0.001531,0.004474,-0.000685,0.004786,-0.006165,0.000778,0.000000,0.000000,-0.487533,0.007067,0.614548,False
2017-08-10,-0.497490,-0.489311,-0.001606,0.004384,-0.000621,0.004754,-0.006163,0.000790,0.000000,0.000000,-0.487772,-0.009718,-0.845002,False
2017-08-11,-0.486017,-0.489430,-0.001673,0.004289,-0.000557,0.004722,-0.006161,0.000802,0.000000,0.000000,-0.488009,0.001992,0.173226,False
2017-08-12,-0.498864,-0.489550,-0.001732,0.004189,-0.000494,0.004690,-0.006159,0.000814,0.000000,0.000000,-0.488243,-0.010621,-0.923584,False
2017-08-13,-0.491319,-0.489670,-0.001783,0.004084,-0.000430,0.004658,-0.006157,0.000826,0.000000,0.000000,-0.488473,-0.002846,-0.247468,False
2017-08-14,-0.498178,-0.489790,-0.001826,0.003974,-0.000365,0.004625,-0.006155,0.000838,0.000000,0.000000,-0.488700,-0.009478,-0.824193,False
2017-08-15,-0.484319,-0.489910,-0.001860,0.003859,-0.000301,0.004592,-0.006153,0.000850,0.000000,0.000000,-0.488922,0.004603,0.400300,False
2017-08-16,-0.482340,-0.490029,-0.001885,0.003740,-0.000237,0.004560,-0.006151,0.000862,0.000000,0.000000,-0.489141,0.006801,0.591377,False
2017-08-17,-0.494300,-0.490149,-0.001901,0.003616,-0.000172,0.004527,-0.006148,0.000874,0.000000,0.000000,-0.489355,-0.004945,-0.430025,False
2017-08-18,-0.490181,-0.490269,-0.001908,0.003488,-0.000108,0.004494,-0.006146,0.000886,0.000000,0.000000,-0.489564,-0.000617,-0.053665,False
2017-08-19,-0.484128,-0.490389,-0.001906,0.003356,-0.000043,0.004460,-0.006143,0.000898,0.000000,0.000000,-0.489768,0.005640,0.490445,False
2017-08-20,-0.484662,-0.490509,-0.001895,0.003220,0.000021,0.004427,-0.006141,0.000910,0.000000,0.000000,-0.489967,0.005305,0.461335,False
2017-08-21,-0.497644,-0.490629,-0.001876,0.003080,0.000086,0.004394,-0.006138,0.000922,0.000000,0.000000,-0.490161,-0.007483,-0.650653,False
2017-08-22,-0.495667,-0.490748,-0.001847,0.002936,0.000150,0.004360,-0.006135,0.000934,0.000000,0.000000,-0.490350,-0.005317,-0.462308,False
2017-08-23,-0.486195,-0.490868,-0.001809,0.002789,0.000215,0.004326,-0.006133,0.000946,0.000000,0.000000,-0.490534,0.004339,0.377325,False
2017-08-24,-0.489342,-0.490988,-0.001763,0.002639,0.000279,0.004293,-0.006130,0.000958,0.000000,0.000000,-0.490713,0.001371,0.119206,False
2017-08-25,-0.482387,-0.491108,-0.001709,0.002485,0.000343,0.004259,-0.006127,0.000970,0.000000,0.000000,-0.490886,0.008499,0.739078,False
2017-08-26,-0.480380,-0.491228,-0.001646,0.002329,0.000407,0.004225,-0.006124,0.000982,0.000000,0.000000,-0.491055,0.010675,0.928255,False
2017-08-27,-0.486332,-0.491347,-0.001576,0.002169,0.000472,0.004190,-0.006120,0.000993,0.000000,0.000000,-0.491219,0.004887,0.424920,False
2017-08-28,-0.482982,-0.491467,-0.001498,0.002008,0.000535,0.004156,-0.006117,0.001005,0.000000,0.000000,-0.491378,0.008396,0.730045,False
2017-08-29,-0.482125,-0.491587,-0.001413,0.001843,0.000599,0.004122,-0.006114,0.001017,0.000000,0.000000,-0.491532,0.009407,0.817995,False
2017-08-30,-0.489753,-0.491707,-0.001321,0.001677,0.000663,0.004087,-0.006110,0.001029,0.000000,0.000000,-0.491682,0.001929,0.167745,False
2017-08-31,-0.483684,-0.491827,-0.001223,0.001509,0.000726,0.004052,-0.006107,0.001041,0.000000,0.000000,-0.491828,0.008144,0.708189,False
2017-09-01,-0.472917,-0.491947,-0.001120,0.001339,0.000789,0.004018,-0.006103,0.001053,0.000000,0.000000,-0.491971,0.019054,1.656827,False
2017-09-02,-0.489928,-0.492066,-0.001011,0.001167,0.000852,0.003983,-0.006100,0.001065,0.000000,0.000000,-0.492109,0.002181,0.189688,False
2017-09-03,-0.501101,-0.492186,-0.000897,0.000994,0.000915,0.003948,-0.006096,0.001077,0.000000,0.000000,-0.492245,-0.008856,-0.770070,False
2017-09-04,-0.476557,-0.492306,-0.000779,0.000819,0.000977,0.003913,-0.006092,0.001089,0.000000,0.000000,-0.492378,0.015821,1.375757,False
2017-09-05,-0.467791,-0.492426,-0.000657,0.000644,0.001040,0.003877,-0.006088,0.001101,0.000000,0.000000,-0.492509,0.024718,2.149377,False
2017-09-06,-0.464913,-0.492546,-0.000532,0.000468,0.001101,0.003842,-0.006084,0.001113,0.000000,0.000000,-0.492637,0.027724,2.410822,False
2017-09-07,-0.486590,-0.492665,-0.000405,0.000292,0.001163,0.003806,-0.006080,0.001125,0.000000,0.000000,-0.492764,0.006174,0.536911,False
2017-09-08,-0.486841,-0.492785,-0.000275,0.000115,0.001224,0.003771,-0.006076,0.001137,0.000000,0.000000,-0.492890,0.006049,0.526026,False
2017-09-09,-0.481618,-0.492905,-0.000145,-0.000062,0.001285,0.003735,-0.006072,0.001149,0.000000,0.000000,-0.493015,0.011397,0.991073,False
2017-09-10,-0.494798,-0.493025,-0.000014,-0.000239,0.001345,0.003699,-0.006068,0.001161,0.000000,0.000000,-0.493140,-0.001658,-0.144170,False
2017-09-11,-0.478620,-0.493145,0.000118,-0.000416,0.001405,0.003664,-0.006063,0.001173,0.000000,0.000000,-0.493265,0.014645,1.273463,False
2017-09-12,-0.489141,-0.493265,0.000249,-0.000592,0.001465,0.003628,-0.006059,0.001184,0.000000,0.000000,-0.493390,0.004249,0.369489,False
2017-09-13,-0.483428,-0.493384,0.000378,-0.000768,0.001524,0.003591,-0.006054,0.001196,0.000000,0.000000,-0.493516,0.010088,0.877249,False
2017-09-14,-0.511293,-0.493504,0.000506,-0.000942,0.001583,0.003555,-0.006050,0.001208,0.000000,0.000000,-0.493644,-0.017649,-1.534699,False
2017-09-15,-0.490630,-0.493624,0.000631,-0.001116,0.001641,0.003519,-0.006045,0.001220,0.000000,0.000000,-0.493773,0.003143,0.273334,False
2017-09-16,-0.487214,-0.493744,0.000754,-0.001288,0.001699,0.003482,-0.006040,0.001232,0.000000,0.000000,-0.493905,0.006691,0.581817,False
2017-09-17,-0.492490,-0.493864,0.000873,-0.001459,0.001756,0.003446,-0.006035,0.001244,0.000000,0.000000,-0.494039,0.001549,0.134699,False
2017-09-18,-0.486211,-0.493983,0.000987,-0.001627,0.001813,0.003409,-0.006031,0.001256,0.000000,0.000000,-0.494176,0.007965,0.692620,False
2017-09-19,-0.491397,-0.494103,0.001098,-0.001794,0.001869,0.003373,-0.006026,0.001268,0.000000,0.000000,-0.494317,0.002920,0.253872,False
2017-09-20,-0.498189,-0.494223,0.001202,-0.001959,0.001925,0.003336,-0.006021,0.001280,0.000000,0.000000,-0.494461,-0.003728,-0.324210,False
2017-09-21,-0.495330,-0.494343,0.001302,-0.002122,0.001980,0.003299,-0.006015,0.001291,0.000000,0.000000,-0.494609,-0.000721,-0.062730,False
2017-09-22,-0.489955,-0.494463,0.001394,-0.002282,0.002034,0.003262,-0.006010,0.001303,0.000000,0.000000,-0.494761,0.004806,0.417903,False
2017-09-23,-0.491440,-0.494583,0.001481,-0.002439,0.002088,0.003225,-0.006005,0.001315,0.000000,0.000000,-0.494918,0.003478,0.302408,False
2017-09-24,-0.494667,-0.494702,0.001560,-0.002594,0.002141,0.003188,-0.005999,0.001327,0.000000,0.000000,-0.495079,0.000412,0.035850,False
2017-09-25,-0.490050,-0.494822,0.001632,-0.002745,0.002194,0.003150,-0.005994,0.001339,0.000000,0.000000,-0.495246,0.005196,0.451811,False
2017-09-26,-0.500558,-0.494942,0.001696,-0.002893,0.002246,0.003113,-0.005988,0.001351,0.000000,0.000000,-0.495418,-0.005140,-0.446998,False
2017-09-27,-0.496119,-0.495062,0.001753,-0.003038,0.002297,0.003075,-0.005983,0.001363,0.000000,0.000000,-0.495595,-0.000524,-0.045608,False
2017-09-28,-0.495661,-0.495182,0.001800,-0.003179,0.002348,0.003038,-0.005977,0.001374,0.000000,0.000000,-0.495777,0.000116,0.010079,False
2017-09-29,-0.496938,-0.495301,0.001840,-0.003316,0.002398,0.003000,-0.005971,0.001386,0.000000,0.000000,-0.495965,-0.000973,-0.084628,False
2017-09-30,-0.499064,-0.495421,0.001870,-0.003449,0.002447,0.002962,-0.005965,0.001398,0.000000,0.000000,-0.496158,-0.002906,-0.252682,False
2017-10-01,-0.492444,-0.495541,0.001892,-0.003579,0.002496,0.002925,-0.005959,0.001410,0.000000,0.000000,-0.496357,0.003913,0.340265,False
2017-10-02,-0.503568,-0.495661,0.001905,-0.003704,0.002543,0.002887,-0.005953,0.001422,0.000000,0.000000,-0.496561,-0.007007,-0.609268,False
2017-10-03,-0.507916,-0.495781,0.001909,-0.003824,0.002590,0.002849,-0.005947,0.001433,0.000000,0.000000,-0.496771,-0.011145,-0.969113,False
2017-10-04,-0.494833,-0.495901,0.001903,-0.003940,0.002637,0.002811,-0.005941,0.001445,0.000000,0.000000,-0.496986,0.002153,0.187240,False
2017-10-05,-0.504573,-0.496020,0.001889,-0.004052,0.002682,0.002772,-0.005935,0.001457,0.000000,0.000000,-0.497206,-0.007367,-0.640568,False
2017-10-06,-0.495401,-0.496140,0.001866,-0.004158,0.002727,0.002734,-0.005929,0.001469,0.000000,0.000000,-0.497432,0.002031,0.176576,False
2017-10-07,-0.502805,-0.496260,0.001834,-0.004260,0.002771,0.002696,-0.005922,0.001481,0.000000,0.000000,-0.497662,-0.005143,-0.447260,False
2017-10-08,-0.507867,-0.496380,0.001793,-0.004357,0.002814,0.002658,-0.005916,0.001492,0.000000,0.000000,-0.497896,-0.009971,-0.867055,False
2017-10-09,-0.489816,-0.496500,0.001744,-0.004448,0.002856,0.002619,-0.005909,0.001504,0.000000,0.000000,-0.498134,0.008318,0.723339,False
2017-10-10,-0.485214,-0.496619,0.001686,-0.004535,0.002897,0.002580,-0.005902,0.001516,0.000000,0.000000,-0.498377,0.013163,1.144588,False
2017-10-11,-0.495672,-0.496739,0.001621,-0.004615,0.002938,0.002542,-0.005896,0.001528,0.000000,0.000000,-0.498623,0.002951,0.256575,False
2017-10-12,-0.507164,-0.496859,0.001547,-0.004691,0.002977,0.002503,-0.005889,0.001540,0.000000,0.000000,-0.498872,-0.008292,-0.721084,False
2017-10-13,-0.506731,-0.496979,0.001467,-0.004761,0.003016,0.002464,-0.005882,0.001551,0.000000,0.000000,-0.499123,-0.007608,-0.661555,False
2017-10-14,-0.503890,-0.497099,0.001379,-0.004825,0.003054,0.002426,-0.005875,0.001563,0.000000,0.000000,-0.499377,-0.004513,-0.392443,False
2017-10-15,-0.502996,-0.497219,0.001285,-0.004883,0.003091,0.002387,-0.005868,0.001575,0.000000,0.000000,-0.499632,-0.003364,-0.292486,False
2017-10-16,-0.515624,-0.497338,0.001185,-0.004936,0.003127,0.002348,-0.005861,0.001587,0.000000,0.000000,-0.499889,-0.015735,-1.368249,False
2017-10-17,-0.506795,-0.497458,0.001079,-0.004983,0.003162,0.002309,-0.005854,0.001598,0.000000,0.000000,-0.500147,-0.006648,-0.578126,False
2017-10-18,-0.490646,-0.497578,0.000968,-0.005024,0.003196,0.002270,-0.005847,0.001610,0.000000,0.000000,-0.500404,0.009758,0.848531,False
2017-10-19,-0.503863,-0.497698,0.000853,-0.005059,0.003229,0.002230,-0.005839,0.001622,0.000000,0.000000,-0.500661,-0.003202,-0.278413,False
2017-10-20,-0.504062,-0.497818,0.000733,-0.005088,0.003262,0.002191,-0.005832,0.001633,0.000000,0.000000,-0.500917,-0.003145,-0.273446,False
2017-10-21,-0.508530,-0.497937,0.000610,-0.005110,0.003293,0.002152,-0.005824,0.001645,0.000000,0.000000,-0.501172,-0.007358,-0.639834,False
2017-10-22,-0.515152,-0.498057,0.000485,-0.005127,0.003323,0.002112,-0.005817,0.001657,0.000000,0.000000,-0.501424,-0.013728,-1.193717,False
2017-10-23,-0.498862,-0.498177,0.000356,-0.005138,0.003353,0.002073,-0.005809,0.001669,0.000000,0.000000,-0.501674,0.002812,0.244503,False
2017-10-24,-0.514485,-0.498297,0.000227,-0.005143,0.003381,0.002034,-0.005801,0.001680,0.000000,0.000000,-0.501920,-0.012565,-1.092617,False
2017-10-25,-0.506493,-0.498417,0.000096,-0.005141,0.003408,0.001994,-0.005794,0.001692,0.000000,0.000000,-0.502162,-0.004331,-0.376609,False
2017-10-26,-0.503818,-0.498537,-0.000036,-0.005134,0.003435,0.001954,-0.005786,0.001704,0.000000,0.000000,-0.502399,-0.001419,-0.123353,False
2017-10-27,-0.508169,-0.498656,-0.000167,-0.005120,0.003460,0.001915,-0.005778,0.001715,0.000000,0.000000,-0.502632,-0.005537,-0.481510,False
2017-10-28,-0.513725,-0.498776,-0.000297,-0.005101,0.003484,0.001875,-0.005770,0.001727,0.000000,0.000000,-0.502858,-0.010867,-0.944959,False
2017-10-29,-0.507995,-0.498896,-0.000426,-0.005075,0.003507,0.001835,-0.005762,0.001739,0.000000,0.000000,-0.503078,-0.004917,-0.427575,False
2017-10-30,-0.512474,-0.499016,-0.000553,-0.005043,0.003530,0.001795,-0.005753,0.001750,0.000000,0.000000,-0.503291,-0.009183,-0.798541,False
2017-10-31,-0.512121,-0.499136,-0.000678,-0.005006,0.003551,0.001756,-0.005745,0.001762,0.000000,0.000000,-0.503496,-0.008625,-0.749991,False
2017-11-01,-0.495639,-0.499255,-0.000799,-0.004962,0.003571,0.001716,-0.005737,0.001774,0.000000,0.000000,-0.503693,0.008054,0.700375,False
2017-11-02,-0.493355,-0.499375,-0.000916,-0.004913,0.003590,0.001676,-0.005728,0.001785,0.000000,0.000000,-0.503882,0.010527,0.915382,False
2017-11-03,-0.504477,-0.499495,-0.001029,-0.004857,0.003608,0.001636,-0.005720,0.001797,0.000000,0.000000,-0.504061,-0.000416,-0.036143,False
2017-11-04,-0.498584,-0.499615,-0.001137,-0.004796,0.003625,0.001596,-0.005711,0.001808,0.000000,0.000000,-0.504231,0.005647,0.491063,False
2017-11-05,-0.505037,-0.499735,-0.001240,-0.004730,0.003641,0.001555,-0.005703,0.001820,0.000000,0.000000,-0.504391,-0.000646,-0.056168,False
2017-11-06,-0.506293,-0.499855,-0.001337,-0.004657,0.003656,0.001515,-0.005694,0.001832,0.000000,0.000000,-0.504540,-0.001753,-0.152392,False
2017-11-07,-0.501846,-0.499974,-0.001428,-0.004579,0.003669,0.001475,-0.005685,0.001843,0.000000,0.000000,-0.504679,0.002833,0.246358,False
2017-11-08,-0.496766,-0.500094,-0.001511,-0.004496,0.003682,0.001435,-0.005677,0.001855,0.000000,0.000000,-0.504807,0.008041,0.699183,False
2017-11-09,-0.507193,-0.500214,-0.001588,-0.004407,0.003693,0.001394,-0.005668,0.001867,0.000000,0.000000,-0.504923,-0.002270,-0.197420,False
2017-11-10,-0.500056,-0.500334,-0.001657,-0.004314,0.003704,0.001354,-0.005659,0.001878,0.000000,0.000000,-0.505027,0.004971,0.432265,False
2017-11-11,-0.519401,-0.500454,-0.001718,-0.004215,0.003713,0.001314,-0.005650,0.001890,0.000000,0.000000,-0.505120,-0.014281,-1.241867,False
2017-11-12,-0.498886,-0.500573,-0.001771,-0.004111,0.003721,0.001273,-0.005640,0.001901,0.000000,0.000000,-0.505200,0.006314,0.549039,False
2017-11-13,-0.498869,-0.500693,-0.001816,-0.004002,0.003728,0.001233,-0.005631,0.001913,0.000000,0.000000,-0.505268,0.006399,0.556449,False
2017-11-14,-0.501958,-0.500813,-0.001852,-0.003888,0.003734,0.001192,-0.005622,0.001924,0.000000,0.000000,-0.505324,0.003366,0.292705,False
2017-11-15,-0.500736,-0.500933,-0.001880,-0.003770,0.003739,0.001152,-0.005612,0.001936,0.000000,0.000000,-0.505368,0.004632,0.402760,False
2017-11-16,-0.506458,-0.501053,-0.001898,-0.003647,0.003743,0.001111,-0.005603,0.001948,0.000000,0.000000,-0.505399,-0.001059,-0.092082,False
2017-11-17,-0.506071,-0.501173,-0.001907,-0.003520,0.003746,0.001071,-0.005594,0.001959,0.000000,0.000000,-0.505418,-0.000653,-0.056770,False
2017-11-18,-0.505558,-0.501292,-0.001908,-0.003389,0.003747,0.001030,-0.005584,0.001971,0.000000,0.000000,-0.505425,-0.000133,-0.011557,False
2017-11-19,-0.504938,-0.501412,-0.001899,-0.003254,0.003748,0.000990,-0.005574,0.001982,0.000000,0.000000,-0.505420,0.000482,0.041918,False
2017-11-20,-0.495077,-0.501532,-0.001881,-0.003115,0.003747,0.000949,-0.005565,0.001994,0.000000,0.000000,-0.505403,0.010326,0.897933,False
2017-11-21,-0.507104,-0.501652,-0.001855,-0.002972,0.003745,0.000908,-0.005555,0.002005,0.000000,0.000000,-0.505375,-0.001729,-0.150359,False
2017-11-22,-0.502726,-0.501772,-0.001819,-0.002826,0.003743,0.000867,-0.005545,0.002017,0.000000,0.000000,-0.505335,0.002609,0.226893,False
2017-11-23,-0.503231,-0.501891,-0.001775,-0.002677,0.003739,0.000827,-0.005535,0.002028,0.000000,0.000000,-0.505285,0.002054,0.178588,False
2017-11-24,-0.502603,-0.502011,-0.001723,-0.002524,0.003734,0.000786,-0.005525,0.002040,0.000000,0.000000,-0.505224,0.002621,0.227890,False
2017-11-25,-0.500699,-0.502131,-0.001662,-0.002368,0.003727,0.000745,-0.005515,0.002051,0.000000,0.000000,-0.505153,0.004454,0.387271,False
2017-11-26,-0.491119,-0.502251,-0.001594,-0.002209,0.003720,0.000704,-0.005505,0.002063,0.000000,0.000000,-0.505072,0.013953,1.213293,False
2017-11-27,-0.503226,-0.502371,-0.001518,-0.002048,0.003712,0.000663,-0.005494,0.002074,0.000000,0.000000,-0.504982,0.001756,0.152697,False
2017-11-28,-0.506371,-0.502491,-0.001435,-0.001885,0.003702,0.000623,-0.005484,0.002086,0.000000,0.000000,-0.504884,-0.001487,-0.129340,False
2017-11-29,-0.505853,-0.502610,-0.001345,-0.001719,0.003692,0.000582,-0.005474,0.002097,0.000000,0.000000,-0.504777,-0.001076,-0.093550,False
2017-11-30,-0.499970,-0.502730,-0.001248,-0.001551,0.003680,0.000541,-0.005463,0.002108,0.000000,0.000000,-0.504663,0.004693,0.408122,False
2017-12-01,-0.498231,-0.502850,-0.001146,-0.001381,0.003667,0.000500,-0.005453,0.002120,0.000000,0.000000,-0.504543,0.006312,0.548862,False
2017-12-02,-0.492830,-0.502970,-0.001038,-0.001210,0.003653,0.000459,-0.005442,0.002131,0.000000,0.000000,-0.504416,0.011586,1.007513,False
2017-12-03,-0.504288,-0.503090,-0.000926,-0.001037,0.003638,0.000418,-0.005431,0.002143,0.000000,0.000000,-0.504285,-0.000003,-0.000299,False
2017-12-04,-0.487610,-0.503209,-0.000809,-0.000863,0.003622,0.000377,-0.005421,0.002154,0.000000,0.000000,-0.504148,0.016538,1.438098,False
2017-12-05,-0.497065,-0.503329,-0.000688,-0.000688,0.003605,0.000336,-0.005410,0.002166,0.000000,0.000000,-0.504008,0.006943,0.603727,False
2017-12-06,-0.498101,-0.503449,-0.000564,-0.000512,0.003587,0.000295,-0.005399,0.002177,0.000000,0.000000,-0.503865,0.005764,0.501177,False
2017-12-07,-0.489611,-0.503569,-0.000437,-0.000336,0.003568,0.000254,-0.005388,0.002188,0.000000,0.000000,-0.503719,0.014108,1.226778,False
2017-12-08,-0.499830,-0.503689,-0.000308,-0.000159,0.003548,0.000213,-0.005377,0.002200,0.000000,0.000000,-0.503572,0.003742,0.325381,False
2017-12-09,-0.505280,-0.503809,-0.000178,0.000018,0.003526,0.000172,-0.005366,0.002211,0.000000,0.000000,-0.503424,-0.001856,-0.161377,False
2017-12-10,-0.496555,-0.503928,-0.000046,0.000195,0.003504,0.000131,-0.005355,0.002222,0.000000,0.000000,-0.503277,0.006722,0.584489,False
2017-12-11,-0.499649,-0.504048,0.000085,0.000372,0.003480,0.000090,-0.005343,0.002234,0.000000,0.000000,-0.503130,0.003481,0.302702,False
2017-12-12,-0.507002,-0.504168,0.000216,0.000548,0.003456,0.000049,-0.005332,0.002245,0.000000,0.000000,-0.502985,-0.004017,-0.349276,False
2017-12-13,-0.499489,-0.504288,0.000346,0.000724,0.003430,0.000008,-0.005321,0.002257,0.000000,0.000000,-0.502843,0.003354,0.291672,False
2017-12-14,-0.501688,-0.504408,0.000474,0.000899,0.003404,-0.000033,-0.005309,0.002268,0.000000,0.000000,-0.502705,0.001017,0.088398,False
2017-12-15,-0.503068,-0.504527,0.000600,0.001073,0.003377,-0.000074,-0.005298,0.002279,0.000000,0.000000,-0.502570,-0.000498,-0.043289,False
2017-12-16,-0.501479,-0.504647,0.000724,0.001245,0.003348,-0.000115,-0.005286,0.002291,0.000000,0.000000,-0.502441,0.000962,0.083639,False
2017-12-17,-0.508791,-0.504767,0.000843,0.001416,0.003319,-0.000156,-0.005274,0.002302,0.000000,0.000000,-0.502317,-0.006474,-0.562927,False
2017-12-18,-0.497681,-0.504887,0.000959,0.001585,0.003288,-0.000197,-0.005263,0.002313,0.000000,0.000000,-0.502200,0.004519,0.392994,False
2017-12-19,-0.504933,-0.505007,0.001070,0.001753,0.003257,-0.000238,-0.005251,0.002324,0.000000,0.000000,-0.502091,-0.002842,-0.247144,False
2017-12-20,-0.505056,-0.505127,0.001177,0.001918,0.003224,-0.000279,-0.005239,0.002336,0.000000,0.000000,-0.501989,-0.003067,-0.266668,False
2017-12-21,-0.506302,-0.505246,0.001277,0.002081,0.003191,-0.000320,-0.005227,0.002347,0.000000,0.000000,-0.501897,-0.004405,-0.383085,False
2017-12-22,-0.502743,-0.505366,0.001372,0.002242,0.003157,-0.000361,-0.005215,0.002358,0.000000,0.000000,-0.501813,-0.000930,-0.080859,False
2017-12-23,-0.503199,-0.505486,0.001460,0.002400,0.003121,-0.000402,-0.005203,0.002370,0.000000,0.000000,-0.501740,-0.001459,-0.126891,False
2017-12-24,-0.497921,-0.505606,0.001541,0.002555,0.003085,-0.000443,-0.005191,0.002381,0.000000,0.000000,-0.501677,0.003756,0.326608,False
2017-12-25,-0.500263,-0.505726,0.001615,0.002707,0.003048,-0.000483,-0.005179,0.002392,0.000000,0.000000,-0.501625,0.001362,0.118471,False
2017-12-26,-0.502767,-0.505845,0.001681,0.002856,0.003010,-0.000524,-0.005166,0.002403,0.000000,0.000000,-0.501586,-0.001181,-0.102737,False
2017-12-27,-0.502968,-0.505965,0.001739,0.003002,0.002971,-0.000565,-0.005154,0.002415,0.000000,0.000000,-0.501558,-0.001410,-0.122626,False
2017-12-28,-0.492254,-0.506085,0.001789,0.003144,0.002931,-0.000606,-0.005142,0.002426,0.000000,0.000000,-0.501543,0.009289,0.807712,False
2017-12-29,-0.501422,-0.506205,0.001831,0.003282,0.002891,-0.000647,-0.005129,0.002437,0.000000,0.000000,-0.501541,0.000119,0.010310,False
2017-12-30,-0.501212,-0.506325,0.001864,0.003416,0.002849,-0.000688,-0.005117,0.002448,0.000000,0.000000,-0.501552,0.000340,0.029547,False
2017-12-31,-0.496480,-0.506444,0.001888,0.003547,0.002807,-0.000729,-0.005104,0.002459,0.000000,0.000000,-0.501577,0.005097,0.443189,False
2018-01-01,-0.498789,-0.506564,0.001903,0.003673,0.002764,-0.000770,-0.005091,0.002471,0.000000,0.000000,-0.501615,0.002826,0.245778,False
2018-01-02,-0.494712,-0.506684,0.001909,0.003795,0.002720,-0.000810,-0.005078,0.002482,0.000000,0.000000,-0.501668,0.006956,0.604898,False
2018-01-03,-0.492781,-0.506804,0.001906,0.003912,0.002675,-0.000851,-0.005066,0.002493,0.000000,0.000000,-0.501735,0.008954,0.778651,False
2018-01-04,-0.494601,-0.506924,0.001893,0.004024,0.002629,-0.000892,-0.005053,0.002504,0.000000,0.000000,-0.501817,0.007216,0.627479,False
2018-01-05,-0.488499,-0.507044,0.001872,0.004132,0.002583,-0.000932,-0.005040,0.002515,0.000000,0.000000,-0.501913,0.013414,1.166433,False
2018-01-06,-0.489591,-0.507163,0.001843,0.004235,0.002536,-0.000973,-0.005027,0.002526,0.000000,0.000000,-0.502023,0.012432,1.081079,False
2018-01-07,-0.495075,-0.507283,0.001804,0.004333,0.002488,-0.001014,-0.005014,0.002537,0.000000,0.000000,-0.502148,0.007073,0.615065,False
2018-01-08,-0.493639,-0.507403,0.001757,0.004426,0.002439,-0.001054,-0.005001,0.002549,0.000000,0.000000,-0.502287,0.008648,0.752037,False
2018-01-09,-0.492281,-0.507523,0.001701,0.004513,0.002390,-0.001095,-0.004987,0.002560,0.000000,0.000000,-0.502441,0.010160,0.883461,False
2018-01-10,-0.503586,-0.507643,0.001638,0.004596,0.002340,-0.001136,-0.004974,0.002571,0.000000,0.000000,-0.502608,-0.000978,-0.085024,False
2018-01-11,-0.504702,-0.507762,0.001566,0.004672,0.002289,-0.001176,-0.004961,0.002582,0.000000,0.000000,-0.502789,-0.001913,-0.166309,False
2018-01-12,-0.500103,-0.507882,0.001488,0.004744,0.002238,-0.001217,-0.004947,0.002593,0.000000,0.000000,-0.502984,0.002881,0.250542,False
2018-01-13,-0.503853,-0.508002,0.001402,0.004809,0.002186,-0.001257,-0.004934,0.002604,0.000000,0.000000,-0.503192,-0.000661,-0.057456,False
2018-01-14,-0.496778,-0.508122,0.001309,0.004869,0.002133,-0.001298,-0.004920,0.002615,0.000000,0.000000,-0.503413,0.006635,0.576971,False
2018-01-15,-0.492168,-0.508242,0.001211,0.004923,0.002080,-0.001338,-0.004907,0.002626,0.000000,0.000000,-0.503647,0.011479,0.998140,False
2018-01-16,-0.489837,-0.508362,0.001106,0.004972,0.002026,-0.001378,-0.004893,0.002637,0.000000,0.000000,-0.503892,0.014055,1.222186,False
2018-01-17,-0.483699,-0.508481,0.000997,0.005014,0.001971,-0.001419,-0.004879,0.002648,0.000000,0.000000,-0.504149,0.020450,1.778288,False
2018-01-18,-0.506081,-0.508601,0.000882,0.005050,0.001916,-0.001459,-0.004865,0.002659,0.000000,0.000000,-0.504418,-0.001663,-0.144640,False
2018-01-19,-0.501122,-0.508721,0.000764,0.005081,0.001860,-0.001499,-0.004852,0.002670,0.000000,0.000000,-0.504697,0.003575,0.310835,False
2018-01-20,-0.492165,-0.508841,0.000641,0.005105,0.001804,-0.001539,-0.004838,0.002681,0.000000,0.000000,-0.504986,0.012821,1.114840,False
2018-01-21,-0.491079,-0.508961,0.000516,0.005124,0.001747,-0.001579,-0.004824,0.002692,0.000000,0.000000,-0.505284,0.014206,1.235282,False
2018-01-22,-0.489992,-0.509080,0.000389,0.005136,0.001690,-0.001619,-0.004810,0.002703,0.000000,0.000000,-0.505592,0.015600,1.356501,False
2018-01-23,-0.502383,-0.509200,0.000259,0.005142,0.001632,-0.001660,-0.004796,0.002714,0.000000,0.000000,-0.505908,0.003525,0.306488,False
2018-01-24,-0.501943,-0.509320,0.000128,0.005142,0.001574,-0.001700,-0.004781,0.002725,0.000000,0.000000,-0.506231,0.004289,0.372928,False
2018-01-25,-0.501502,-0.509440,-0.000003,0.005136,0.001515,-0.001739,-0.004767,0.002736,0.000000,0.000000,-0.506562,0.005060,0.439982,False
2018-01-26,-0.506763,-0.509560,-0.000134,0.005124,0.001456,-0.001779,-0.004753,0.002747,0.000000,0.000000,-0.506899,0.000136,0.011812,False
2018-01-27,-0.499423,-0.509680,-0.000265,0.005106,0.001396,-0.001819,-0.004738,0.002758,0.000000,0.000000,-0.507242,0.007819,0.679883,False
2018-01-28,-0.489429,-0.509799,-0.000394,0.005082,0.001336,-0.001859,-0.004724,0.002769,0.000000,0.000000,-0.507590,0.018161,1.579179,False
2018-01-29,-0.501197,-0.509919,-0.000522,0.005052,0.001275,-0.001899,-0.004710,0.002780,0.000000,0.000000,-0.507942,0.006745,0.586515,False
2018-01-30,-0.510977,-0.510039,-0.000647,0.005016,0.001215,-0.001938,-0.004695,0.002791,0.000000,0.000000,-0.508298,-0.002679,-0.232951,False
2018-01-31,-0.511766,-0.510159,-0.000769,0.004974,0.001153,-0.001978,-0.004680,0.002802,0.000000,0.000000,-0.508657,-0.003109,-0.270318,False
2018-02-01,-0.508875,-0.510279,-0.000887,0.004926,0.001092,-0.002018,-0.004666,0.002813,0.000000,0.000000,-0.509019,0.000144,0.012530,False
2018-02-02,-0.511725,-0.510398,-0.001002,0.004872,0.001030,-0.002057,-0.004651,0.002824,0.000000,0.000000,-0.509383,-0.002342,-0.203679,False
2018-02-03,-0.511793,-0.510518,-0.001111,0.004812,0.000968,-0.002097,-0.004636,0.002835,0.000000,0.000000,-0.509748,-0.002045,-0.177868,False
2018-02-04,-0.503215,-0.510638,-0.001215,0.004747,0.000905,-0.002136,-0.004621,0.002845,0.000000,0.000000,-0.510113,0.006898,0.599823,False
2018-02-05,-0.502772,-0.510758,-0.001313,0.004676,0.000843,-0.002175,-0.004606,0.002856,0.000000,0.000000,-0.510478,0.007706,0.670124,False
2018-02-06,-0.512528,-0.510878,-0.001406,0.004599,0.000780,-0.002215,-0.004591,0.002867,0.000000,0.000000,-0.510843,-0.001685,-0.146493,False
2018-02-07,-0.512100,-0.510998,-0.001491,0.004517,0.000716,-0.002254,-0.004576,0.002878,0.000000,0.000000,-0.511207,-0.000893,-0.077639,False
2018-02-08,-0.510977,-0.511117,-0.001570,0.004430,0.000653,-0.002293,-0.004561,0.002889,0.000000,0.000000,-0.511569,0.000592,0.051510,False
2018-02-09,-0.507331,-0.511237,-0.001641,0.004337,0.000589,-0.002332,-0.004546,0.002900,0.000000,0.000000,-0.511929,0.004598,0.399866,False
2018-02-10,-0.499852,-0.511357,-0.001704,0.004240,0.000525,-0.002371,-0.004531,0.002910,0.000000,0.000000,-0.512287,0.012435,1.081302,False
2018-02-11,-0.511416,-0.511477,-0.001759,0.004137,0.000462,-0.002410,-0.004516,0.002921,0.000000,0.000000,-0.512641,0.001225,0.106563,False
2018-02-12,-0.508569,-0.511597,-0.001806,0.004029,0.000397,-0.002449,-0.004500,0.002932,0.000000,0.000000,-0.512993,0.004424,0.384658,False
2018-02-13,-0.510284,-0.511716,-0.001844,0.003917,0.000333,-0.002488,-0.004485,0.002943,0.000000,0.000000,-0.513340,0.003056,0.265728,False
2018-02-14,-0.506832,-0.511836,-0.001874,0.003800,0.000269,-0.002526,-0.004469,0.002954,0.000000,0.000000,-0.513683,0.006851,0.595744,False
2018-02-15,-0.493056,-0.511956,-0.001894,0.003678,0.000205,-0.002565,-0.004454,0.002964,0.000000,0.000000,-0.514022,0.020966,1.823115,False
2018-02-16,-0.503312,-0.512076,-0.001906,0.003553,0.000140,-0.002604,-0.004438,0.002975,0.000000,0.000000,-0.514356,0.011044,0.960340,False
2018-02-17,-0.510369,-0.512196,-0.001908,0.003422,0.000076,-0.002642,-0.004423,0.002986,0.000000,0.000000,-0.514685,0.004316,0.375313,False
2018-02-18,-0.513205,-0.512316,-0.001902,0.003288,0.000011,-0.002680,-0.004407,0.002996,0.000000,0.000000,-0.515009,0.001804,0.156886,False
2018-02-19,-0.511004,-0.512435,-0.001887,0.003150,-0.000053,-0.002719,-0.004391,0.003007,0.000000,0.000000,-0.515328,0.004324,0.376004,False
2018-02-20,-0.514951,-0.512555,-0.001862,0.003008,-0.000118,-0.002757,-0.004375,0.003018,0.000000,0.000000,-0.515642,0.000691,0.060048,False
2018-02-21,-0.504911,-0.512675,-0.001829,0.002863,-0.000182,-0.002795,-0.004360,0.003029,0.000000,0.000000,-0.515950,0.011039,0.959882,False
2018-02-22,-0.508780,-0.512795,-0.001787,0.002714,-0.000247,-0.002833,-0.004344,0.003039,0.000000,0.000000,-0.516252,0.007472,0.649762,False
2018-02-23,-0.522539,-0.512915,-0.001737,0.002562,-0.000311,-0.002871,-0.004328,0.003050,0.000000,0.000000,-0.516549,-0.005990,-0.520831,False
2018-02-24,-0.516128,-0.513034,-0.001678,0.002407,-0.000375,-0.002909,-0.004312,0.003061,0.000000,0.000000,-0.516841,0.000713,0.062017,False
2018-02-25,-0.510930,-0.513154,-0.001612,0.002249,-0.000440,-0.002947,-0.004295,0.003071,0.000000,0.000000,-0.517128,0.006198,0.538923,False
2018-02-26,-0.501792,-0.513274,-0.001538,0.002089,-0.000504,-0.002985,-0.004279,0.003082,0.000000,0.000000,-0.517409,0.015617,1.357982,False
2018-02-27,-0.502712,-0.513394,-0.001456,0.001926,-0.000567,-0.003023,-0.004263,0.003093,0.000000,0.000000,-0.517685,0.014973,1.301990,False
2018-02-28,-0.501441,-0.513514,-0.001368,0.001761,-0.000631,-0.003060,-0.004247,0.003103,0.000000,0.000000,-0.517956,0.016515,1.436091,False
2018-03-01,-0.513776,-0.513634,-0.001273,0.001593,-0.000695,-0.003098,-0.004231,0.003114,0.000000,0.000000,-0.518223,0.004447,0.386652,False
2018-03-02,-0.508898,-0.513753,-0.001172,0.001424,-0.000758,-0.003135,-0.004214,0.003124,0.000000,0.000000,-0.518484,0.009586,0.833606,False
2018-03-03,-0.508767,-0.513873,-0.001066,0.001253,-0.000821,-0.003172,-0.004198,0.003135,0.000000,0.000000,-0.518742,0.009975,0.867410,False
2018-03-04,-0.505449,-0.513993,-0.000954,0.001080,-0.000884,-0.003210,-0.004181,0.003145,0.000000,0.000000,-0.518996,0.013547,1.178001,False
2018-03-05,-0.511753,-0.514113,-0.000838,0.000907,-0.000946,-0.003247,-0.004165,0.003156,0.000000,0.000000,-0.519246,0.007493,0.651579,False
2018-03-06,-0.516432,-0.514233,-0.000718,0.000732,-0.001009,-0.003284,-0.004148,0.003167,0.000000,0.000000,-0.519493,0.003061,0.266174,False
2018-03-07,-0.518339,-0.514352,-0.000595,0.000556,-0.001071,-0.003321,-0.004131,0.003177,0.000000,0.000000,-0.519737,0.001398,0.121554,False
2018-03-08,-0.513984,-0.514472,-0.000469,0.000380,-0.001132,-0.003358,-0.004115,0.003188,0.000000,0.000000,-0.519978,0.005994,0.521228,False
2018-03-09,-0.507367,-0.514592,-0.000340,0.000203,-0.001194,-0.003395,-0.004098,0.003198,0.000000,0.000000,-0.520217,0.012850,1.117402,False
2018-03-10,-0.517862,-0.514712,-0.000210,0.000026,-0.001255,-0.003431,-0.004081,0.003209,0.000000,0.000000,-0.520454,0.002592,0.225414,False
2018-03-11,-0.517720,-0.514832,-0.000079,-0.000151,-0.001315,-0.003468,-0.004064,0.003219,0.000000,0.000000,-0.520690,0.002970,0.258254,False
2018-03-12,-0.520234,-0.514952,0.000052,-0.000328,-0.001375,-0.003504,-0.004047,0.003230,0.000000,0.000000,-0.520924,0.000690,0.060043,False
2018-03-13,-0.510342,-0.515071,0.000183,-0.000504,-0.001435,-0.003541,-0.004030,0.003240,0.000000,0.000000,-0.521158,0.010816,0.940554,False
2018-03-14,-0.521231,-0.515191,0.000314,-0.000680,-0.001495,-0.003577,-0.004013,0.003251,0.000000,0.000000,-0.521392,0.000161,0.013996,False
2018-03-15,-0.517064,-0.515311,0.000442,-0.000855,-0.001553,-0.003613,-0.003996,0.003261,0.000000,0.000000,-0.521626,0.004562,0.396664,False
2018-03-16,-0.521221,-0.515431,0.000569,-0.001029,-0.001612,-0.003649,-0.003979,0.003271,0.000000,0.000000,-0.521860,0.000639,0.055547,False
2018-03-17,-0.519170,-0.515551,0.000693,-0.001202,-0.001670,-0.003685,-0.003962,0.003282,0.000000,0.000000,-0.522095,0.002925,0.254330,False
2018-03-18,-0.515631,-0.515670,0.000814,-0.001373,-0.001727,-0.003721,-0.003945,0.003292,0.000000,0.000000,-0.522331,0.006700,0.582610,False
2018-03-19,-0.522954,-0.515790,0.000931,-0.001543,-0.001784,-0.003757,-0.003928,0.003303,0.000000,0.000000,-0.522569,-0.000385,-0.033494,False
2018-03-20,-0.510212,-0.515910,0.001043,-0.001711,-0.001841,-0.003792,-0.003910,0.003313,0.000000,0.000000,-0.522809,0.012597,1.095349,False
2018-03-21,-0.515721,-0.516030,0.001151,-0.001877,-0.001897,-0.003828,-0.003893,0.003323,0.000000,0.000000,-0.523050,0.007329,0.637342,False
2018-03-22,-0.516338,-0.516150,0.001253,-0.002041,-0.001952,-0.003863,-0.003875,0.003334,0.000000,0.000000,-0.523295,0.006957,0.604945,False
2018-03-23,-0.516681,-0.516270,0.001349,-0.002202,-0.002007,-0.003898,-0.003858,0.003344,0.000000,0.000000,-0.523542,0.006861,0.596617,False
2018-03-24,-0.514292,-0.516389,0.001439,-0.002361,-0.002061,-0.003934,-0.003840,0.003354,0.000000,0.000000,-0.523792,0.009500,0.826118,False
2018-03-25,-0.517066,-0.516509,0.001521,-0.002517,-0.002115,-0.003969,-0.003823,0.003365,0.000000,0.000000,-0.524046,0.006980,0.606946,False
2018-03-26,-0.513262,-0.516629,0.001597,-0.002670,-0.002168,-0.004004,-0.003805,0.003375,0.000000,0.000000,-0.524303,0.011041,0.960073,False
2018-03-27,-0.511891,-0.516749,0.001665,-0.002819,-0.002220,-0.004038,-0.003787,0.003385,0.000000,0.000000,-0.524563,0.012672,1.101949,False
2018-03-28,-0.512213,-0.516869,0.001725,-0.002966,-0.002272,-0.004073,-0.003770,0.003396,0.000000,0.000000,-0.524828,0.012615,1.096933,False
2018-03-29,-0.517795,-0.516988,0.001778,-0.003109,-0.002323,-0.004108,-0.003752,0.003406,0.000000,0.000000,-0.525096,0.007301,0.634859,False
2018-03-30,-0.524566,-0.517108,0.001821,-0.003248,-0.002373,-0.004142,-0.003734,0.003416,0.000000,0.000000,-0.525368,0.000802,0.069732,False
2018-03-31,-0.517801,-0.517228,0.001856,-0.003383,-0.002423,-0.004177,-0.003716,0.003427,0.000000,0.000000,-0.525644,0.007843,0.681990,False
2018-04-01,-0.513928,-0.517348,0.001882,-0.003514,-0.002471,-0.004211,-0.003698,0.003437,0.000000,0.000000,-0.525924,0.011996,1.043109,False
2018-04-02,-0.514366,-0.517468,0.001900,-0.003642,-0.002520,-0.004245,-0.003680,0.003447,0.000000,0.000000,-0.526208,0.011842,1.029696,False
2018-04-03,-0.520815,-0.517588,0.001908,-0.003765,-0.002567,-0.004279,-0.003662,0.003457,0.000000,0.000000,-0.526495,0.005680,0.493915,False
2018-04-04,-0.521801,-0.517707,0.001907,-0.003883,-0.002614,-0.004313,-0.003644,0.003467,0.000000,0.000000,-0.526786,0.004985,0.433496,False
2018-04-05,-0.517146,-0.517827,0.001897,-0.003997,-0.002659,-0.004347,-0.003626,0.003478,0.000000,0.000000,-0.527081,0.009935,0.863904,False
2018-04-06,-0.523620,-0.517947,0.001879,-0.004106,-0.002704,-0.004380,-0.003608,0.003488,0.000000,0.000000,-0.527379,0.003759,0.326860,False
2018-04-07,-0.515861,-0.518067,0.001851,-0.004210,-0.002749,-0.004414,-0.003590,0.003498,0.000000,0.000000,-0.527680,0.011819,1.027735,False
2018-04-08,-0.528514,-0.518187,0.001814,-0.004309,-0.002792,-0.004447,-0.003571,0.003508,0.000000,0.000000,-0.527984,-0.000530,-0.046102,False
2018-04-09,-0.526455,-0.518306,0.001769,-0.004403,-0.002835,-0.004480,-0.003553,0.003518,0.000000,0.000000,-0.528290,0.001835,0.159582,False
2018-04-10,-0.520740,-0.518426,0.001716,-0.004492,-0.002877,-0.004513,-0.003535,0.003528,0.000000,0.000000,-0.528599,0.007859,0.683368,False
2018-04-11,-0.523670,-0.518546,0.001654,-0.004576,-0.002917,-0.004546,-0.003516,0.003539,0.000000,0.000000,-0.528909,0.005239,0.455570,False
2018-04-12,-0.522657,-0.518666,0.001585,-0.004654,-0.002958,-0.004579,-0.003498,0.003549,0.000000,0.000000,-0.529221,0.006564,0.570763,False
2018-04-13,-0.531024,-0.518786,0.001508,-0.004726,-0.002997,-0.004612,-0.003479,0.003559,0.000000,0.000000,-0.529533,-0.001491,-0.129614,False
2018-04-14,-0.517831,-0.518906,0.001424,-0.004793,-0.003035,-0.004644,-0.003461,0.003569,0.000000,0.000000,-0.529847,0.012016,1.044834,False
2018-04-15,-0.520543,-0.519025,0.001333,-0.004855,-0.003072,-0.004677,-0.003442,0.003579,0.000000,0.000000,-0.530160,0.009617,0.836239,False
2018-04-16,-0.523556,-0.519145,0.001236,-0.004910,-0.003109,-0.004709,-0.003424,0.003589,0.000000,0.000000,-0.530472,0.006916,0.601426,False
2018-04-17,-0.526672,-0.519265,0.001133,-0.004960,-0.003144,-0.004741,-0.003405,0.003599,0.000000,0.000000,-0.530784,0.004112,0.357564,False
2018-04-18,-0.517484,-0.519385,0.001024,-0.005004,-0.003179,-0.004773,-0.003386,0.003609,0.000000,0.000000,-0.531094,0.013610,1.183475,False
2018-04-19,-0.520440,-0.519505,0.000911,-0.005042,-0.003213,-0.004805,-0.003367,0.003619,0.000000,0.000000,-0.531402,0.010962,0.953197,False
2018-04-20,-0.524713,-0.519624,0.000794,-0.005074,-0.003246,-0.004837,-0.003349,0.003629,0.000000,0.000000,-0.531707,0.006994,0.608154,False
2018-04-21,-0.528450,-0.519744,0.000672,-0.005100,-0.003277,-0.004869,-0.003330,0.003639,0.000000,0.000000,-0.532008,0.003558,0.309426,False
2018-04-22,-0.527986,-0.519864,0.000548,-0.005120,-0.003308,-0.004900,-0.003311,0.003649,0.000000,0.000000,-0.532306,0.004320,0.375655,False
2018-04-23,-0.523890,-0.519984,0.000421,-0.005134,-0.003338,-0.004932,-0.003292,0.003659,0.000000,0.000000,-0.532599,0.008709,0.757307,False
2018-04-24,-0.523653,-0.520104,0.000292,-0.005141,-0.003367,-0.004963,-0.003273,0.003669,0.000000,0.000000,-0.532887,0.009234,0.802938,False
2018-04-25,-0.533685,-0.520224,0.000161,-0.005143,-0.003395,-0.004994,-0.003254,0.003679,0.000000,0.000000,-0.533169,-0.000516,-0.044900,False
2018-04-26,-0.532421,-0.520343,0.000030,-0.005138,-0.003422,-0.005025,-0.003235,0.003689,0.000000,0.000000,-0.533444,0.001023,0.088958,False
2018-04-27,-0.529638,-0.520463,-0.000101,-0.005128,-0.003447,-0.005055,-0.003216,0.003699,0.000000,0.000000,-0.533712,0.004074,0.354281,False
2018-04-28,-0.529074,-0.520583,-0.000232,-0.005111,-0.003472,-0.005086,-0.003196,0.003709,0.000000,0.000000,-0.533973,0.004899,0.425974,False
2018-04-29,-0.531073,-0.520703,-0.000362,-0.005089,-0.003496,-0.005117,-0.003177,0.003718,0.000000,0.000000,-0.534225,0.003152,0.274070,False
2018-04-30,-0.528026,-0.520823,-0.000490,-0.005060,-0.003519,-0.005147,-0.003158,0.003728,0.000000,0.000000,-0.534468,0.006442,0.560169,False
2018-05-01,-0.513220,-0.520942,-0.000616,-0.005025,-0.003540,-0.005177,-0.003139,0.003738,0.000000,0.000000,-0.534702,0.021482,1.867960,False
2018-05-02,-0.532525,-0.521062,-0.000739,-0.004985,-0.003561,-0.005207,-0.003119,0.003748,0.000000,0.000000,-0.534925,0.002400,0.208700,False
2018-05-03,-0.531741,-0.521182,-0.000858,-0.004938,-0.003581,-0.005237,-0.003100,0.003758,0.000000,0.000000,-0.535138,0.003397,0.295383,False
2018-05-04,-0.518811,-0.521302,-0.000973,-0.004886,-0.003599,-0.005267,-0.003081,0.003768,0.000000,0.000000,-0.535340,0.016529,1.437269,False
2018-05-05,-0.532379,-0.521422,-0.001084,-0.004828,-0.003617,-0.005296,-0.003061,0.003778,0.000000,0.000000,-0.535530,0.003151,0.273969,False
2018-05-06,-0.530127,-0.521542,-0.001190,-0.004764,-0.003633,-0.005326,-0.003042,0.003787,0.000000,0.000000,-0.535708,0.005581,0.485268,False
2018-05-07,-0.525219,-0.521661,-0.001289,-0.004694,-0.003648,-0.005355,-0.003022,0.003797,0.000000,0.000000,-0.535873,0.010654,0.926433,False
2018-05-08,-0.543037,-0.521781,-0.001383,-0.004619,-0.003662,-0.005384,-0.003003,0.003807,0.000000,0.000000,-0.536025,-0.007012,-0.609701,False
2018-05-09,-0.539293,-0.521901,-0.001470,-0.004538,-0.003676,-0.005413,-0.002983,0.003817,0.000000,0.000000,-0.536165,-0.003128,-0.272035,False
2018-05-10,-0.541898,-0.522021,-0.001551,-0.004452,-0.003688,-0.005442,-0.002963,0.003826,0.000000,0.000000,-0.536290,-0.005608,-0.487640,False
2018-05-11,-0.528587,-0.522141,-0.001624,-0.004361,-0.003699,-0.005470,-0.002944,0.003836,0.000000,0.000000,-0.536402,0.007815,0.679546,False
2018-05-12,-0.534682,-0.522260,-0.001689,-0.004265,-0.003709,-0.005499,-0.002924,0.003846,0.000000,0.000000,-0.536499,0.001817,0.158024,False
2018-05-13,-0.540585,-0.522380,-0.001746,-0.004163,-0.003717,-0.005527,-0.002904,0.003856,0.000000,0.000000,-0.536582,-0.004003,-0.348049,False
2018-05-14,-0.537987,-0.522500,-0.001795,-0.004057,-0.003725,-0.005555,-0.002884,0.003865,0.000000,0.000000,-0.536651,-0.001336,-0.116166,False
2018-05-15,-0.533781,-0.522620,-0.001835,-0.003946,-0.003732,-0.005583,-0.002864,0.003875,0.000000,0.000000,-0.536705,0.002924,0.254274,False
2018-05-16,-0.534299,-0.522740,-0.001867,-0.003830,-0.003737,-0.005611,-0.002845,0.003885,0.000000,0.000000,-0.536745,0.002446,0.212656,False
2018-05-17,-0.531651,-0.522860,-0.001890,-0.003709,-0.003741,-0.005639,-0.002825,0.003894,0.000000,0.000000,-0.536769,0.005118,0.445066,False
2018-05-18,-0.538306,-0.522979,-0.001904,-0.003584,-0.003745,-0.005666,-0.002805,0.003904,0.000000,0.000000,-0.536779,-0.001527,-0.132755,False
2018-05-19,-0.541816,-0.523099,-0.001909,-0.003455,-0.003747,-0.005694,-0.002785,0.003913,0.000000,0.000000,-0.536775,-0.005041,-0.438364,False
2018-05-20,-0.548185,-0.523219,-0.001905,-0.003322,-0.003748,-0.005721,-0.002765,0.003923,0.000000,0.000000,-0.536756,-0.011429,-0.993837,False
2018-05-21,-0.530891,-0.523339,-0.001891,-0.003185,-0.003748,-0.005748,-0.002745,0.003933,0.000000,0.000000,-0.536723,0.005832,0.507102,False
2018-05-22,-0.533692,-0.523459,-0.001869,-0.003044,-0.003746,-0.005775,-0.002724,0.003942,0.000000,0.000000,-0.536675,0.002983,0.259429,False
2018-05-23,-0.533849,-0.523578,-0.001838,-0.002900,-0.003744,-0.005801,-0.002704,0.003952,0.000000,0.000000,-0.536614,0.002765,0.240471,False
2018-05-24,-0.528110,-0.523698,-0.001798,-0.002752,-0.003741,-0.005828,-0.002684,0.003961,0.000000,0.000000,-0.536540,0.008430,0.733040,False
2018-05-25,-0.532783,-0.523818,-0.001750,-0.002601,-0.003736,-0.005854,-0.002664,0.003971,0.000000,0.000000,-0.536452,0.003669,0.319080,False
2018-05-26,-0.535358,-0.523938,-0.001694,-0.002446,-0.003731,-0.005880,-0.002644,0.003980,0.000000,0.000000,-0.536352,0.000994,0.086453,False
2018-05-27,-0.547568,-0.524058,-0.001629,-0.002289,-0.003724,-0.005906,-0.002623,0.003990,0.000000,0.000000,-0.536240,-0.011328,-0.985063,False
2018-05-28,-0.533746,-0.524178,-0.001557,-0.002129,-0.003716,-0.005932,-0.002603,0.003999,0.000000,0.000000,-0.536116,0.002370,0.206053,False
2018-05-29,-0.537711,-0.524297,-0.001477,-0.001967,-0.003707,-0.005958,-0.002583,0.004009,0.000000,0.000000,-0.535980,-0.001731,-0.150500,False
2018-05-30,-0.542987,-0.524417,-0.001391,-0.001802,-0.003697,-0.005983,-0.002562,0.004018,0.000000,0.000000,-0.535834,-0.007153,-0.621977,False
2018-05-31,-0.543819,-0.524537,-0.001297,-0.001635,-0.003686,-0.006009,-0.002542,0.004028,0.000000,0.000000,-0.535678,-0.008141,-0.707890,False
2018-06-01,-0.544873,-0.524657,-0.001198,-0.001466,-0.003674,-0.006034,-0.002522,0.004037,0.000000,0.000000,-0.535513,-0.009360,-0.813922,False
2018-06-02,-0.546598,-0.524777,-0.001093,-0.001296,-0.003660,-0.006059,-0.002501,0.004047,0.000000,0.000000,-0.535339,-0.011259,-0.979058,False
2018-06-03,-0.537711,-0.524896,-0.000983,-0.001124,-0.003646,-0.006084,-0.002481,0.004056,0.000000,0.000000,-0.535157,-0.002554,-0.222107,False
2018-06-04,-0.547954,-0.525016,-0.000868,-0.000950,-0.003630,-0.006108,-0.002460,0.004065,0.000000,0.000000,-0.534967,-0.012987,-1.129265,False
2018-06-05,-0.565949,-0.525136,-0.000749,-0.000776,-0.003614,-0.006133,-0.002439,0.004075,0.000000,0.000000,-0.534772,-0.031177,-2.711076,False
2018-06-06,-0.550877,-0.525256,-0.000626,-0.000600,-0.003596,-0.006157,-0.002419,0.004084,0.000000,0.000000,-0.534570,-0.016307,-1.417995,False
2018-06-07,-0.545005,-0.525376,-0.000500,-0.000424,-0.003578,-0.006181,-0.002398,0.004094,0.000000,0.000000,-0.534364,-0.010641,-0.925343,False
2018-06-08,-0.544356,-0.525496,-0.000373,-0.000247,-0.003558,-0.006205,-0.002378,0.004103,0.000000,0.000000,-0.534153,-0.010203,-0.887224,False
2018-06-09,-0.537300,-0.525615,-0.000243,-0.000070,-0.003537,-0.006229,-0.002357,0.004112,0.000000,0.000000,-0.533939,-0.003361,-0.292263,False
2018-06-10,-0.529433,-0.525735,-0.000112,0.000107,-0.003515,-0.006252,-0.002336,0.004121,0.000000,0.000000,-0.533723,0.004290,0.373005,False
2018-06-11,-0.546963,-0.525855,0.000019,0.000284,-0.003492,-0.006276,-0.002315,0.004131,0.000000,0.000000,-0.533504,-0.013459,-1.170305,False
2018-06-12,-0.548770,-0.525975,0.000151,0.000460,-0.003468,-0.006299,-0.002295,0.004140,0.000000,0.000000,-0.533286,-0.015484,-1.346468,False
2018-06-13,-0.540419,-0.526095,0.000281,0.000636,-0.003443,-0.006322,-0.002274,0.004149,0.000000,0.000000,-0.533067,-0.007352,-0.639323,False
2018-06-14,-0.544886,-0.526214,0.000410,0.000811,-0.003417,-0.006345,-0.002253,0.004159,0.000000,0.000000,-0.532849,-0.012037,-1.046711,False
2018-06-15,-0.532008,-0.526334,0.000538,0.000986,-0.003390,-0.006367,-0.002232,0.004168,0.000000,0.000000,-0.532633,0.000625,0.054308,False
2018-06-16,-0.540023,-0.526454,0.000662,0.001159,-0.003362,-0.006390,-0.002211,0.004177,0.000000,0.000000,-0.532419,-0.007604,-0.661236,False
2018-06-17,-0.548004,-0.526574,0.000784,0.001331,-0.003333,-0.006412,-0.002190,0.004186,0.000000,0.000000,-0.532208,-0.015796,-1.373535,False
2018-06-18,-0.542065,-0.526694,0.000902,0.001501,-0.003303,-0.006434,-0.002169,0.004195,0.000000,0.000000,-0.532002,-0.010063,-0.875043,False
2018-06-19,-0.543439,-0.526814,0.001015,0.001669,-0.003272,-0.006456,-0.002148,0.004205,0.000000,0.000000,-0.531801,-0.011638,-1.012039,False
2018-06-20,-0.538292,-0.526933,0.001124,0.001836,-0.003241,-0.006478,-0.002127,0.004214,0.000000,0.000000,-0.531605,-0.006687,-0.581504,False
2018-06-21,-0.540919,-0.527053,0.001228,0.002000,-0.003208,-0.006499,-0.002106,0.004223,0.000000,0.000000,-0.531415,-0.009504,-0.826416,False
2018-06-22,-0.542219,-0.527173,0.001325,0.002162,-0.003174,-0.006520,-0.002085,0.004232,0.000000,0.000000,-0.531233,-0.010986,-0.955326,False
2018-06-23,-0.542923,-0.527293,0.001417,0.002321,-0.003139,-0.006542,-0.002064,0.004241,0.000000,0.000000,-0.531058,-0.011865,-1.031739,False
2018-06-24,-0.526287,-0.527413,0.001501,0.002478,-0.003103,-0.006563,-0.002043,0.004250,0.000000,0.000000,-0.530892,0.004605,0.400398,False
2018-06-25,-0.535384,-0.527532,0.001579,0.002632,-0.003067,-0.006583,-0.002022,0.004259,0.000000,0.000000,-0.530734,-0.004650,-0.404341,False
2018-06-26,-0.530625,-0.527652,0.001649,0.002782,-0.003029,-0.006604,-0.002000,0.004268,0.000000,0.000000,-0.530586,-0.000039,-0.003384,False
2018-06-27,-0.527758,-0.527772,0.001711,0.002929,-0.002991,-0.006624,-0.001979,0.004277,0.000000,0.000000,-0.530448,0.002690,0.233921,False
2018-06-28,-0.528125,-0.527892,0.001765,0.003073,-0.002951,-0.006644,-0.001958,0.004286,0.000000,0.000000,-0.530321,0.002196,0.190922,False
2018-06-29,-0.534762,-0.528012,0.001811,0.003213,-0.002911,-0.006664,-0.001937,0.004295,0.000000,0.000000,-0.530204,-0.004558,-0.396344,False
2018-06-30,-0.515147,-0.528132,0.001848,0.003350,-0.002870,-0.006684,-0.001915,0.004304,0.000000,0.000000,-0.530099,0.014952,1.300157,False
2018-07-01,-0.524460,-0.528251,0.001877,0.003482,-0.002828,-0.006704,-0.001894,0.004313,0.000000,0.000000,-0.530005,0.005545,0.482166,False
2018-07-02,-0.533774,-0.528371,0.001896,0.003610,-0.002785,-0.006723,-0.001873,0.004322,0.000000,0.000000,-0.529924,-0.003850,-0.334783,False
2018-07-03,-0.543087,-0.528491,0.001907,0.003734,-0.002742,-0.006742,-0.001851,0.004331,0.000000,0.000000,-0.529854,-0.013233,-1.150668,False
2018-07-04,-0.520397,-0.528611,0.001908,0.003854,-0.002697,-0.006762,-0.001830,0.004340,0.000000,0.000000,-0.529797,0.009400,0.817428,False
2018-07-05,-0.525664,-0.528731,0.001901,0.003969,-0.002652,-0.006780,-0.001808,0.004349,0.000000,0.000000,-0.529753,0.004089,0.355576,False
2018-07-06,-0.524802,-0.528850,0.001884,0.004079,-0.002606,-0.006799,-0.001787,0.004358,0.000000,0.000000,-0.529722,0.004920,0.427787,False
2018-07-07,-0.539040,-0.528970,0.001859,0.004184,-0.002560,-0.006817,-0.001766,0.004367,0.000000,0.000000,-0.529703,-0.009337,-0.811933,False
2018-07-08,-0.540679,-0.529090,0.001824,0.004285,-0.002512,-0.006836,-0.001744,0.004376,0.000000,0.000000,-0.529697,-0.010982,-0.954975,False
2018-07-09,-0.528572,-0.529210,0.001781,0.004380,-0.002464,-0.006854,-0.001723,0.004385,0.000000,0.000000,-0.529704,0.001132,0.098399,False
2018-07-10,-0.547725,-0.529330,0.001730,0.004470,-0.002415,-0.006872,-0.001701,0.004394,0.000000,0.000000,-0.529723,-0.018002,-1.565384,False
2018-07-11,-0.544032,-0.529450,0.001670,0.004555,-0.002365,-0.006889,-0.001679,0.004403,0.000000,0.000000,-0.529755,-0.014277,-1.241465,False
2018-07-12,-0.546867,-0.529569,0.001603,0.004635,-0.002315,-0.006907,-0.001658,0.004411,0.000000,0.000000,-0.529800,-0.017067,-1.484119,False
2018-07-13,-0.541037,-0.529689,0.001528,0.004709,-0.002264,-0.006924,-0.001636,0.004420,0.000000,0.000000,-0.529856,-0.011181,-0.972234,False
2018-07-14,-0.538311,-0.529809,0.001445,0.004777,-0.002212,-0.006941,-0.001615,0.004429,0.000000,0.000000,-0.529925,-0.008386,-0.729224,False
2018-07-15,-0.532355,-0.529929,0.001356,0.004840,-0.002159,-0.006958,-0.001593,0.004438,0.000000,0.000000,-0.530005,-0.002350,-0.204331,False
2018-07-16,-0.524717,-0.530049,0.001261,0.004897,-0.002106,-0.006974,-0.001571,0.004446,0.000000,0.000000,-0.530097,0.005380,0.467808,False
2018-07-17,-0.529975,-0.530168,0.001159,0.004948,-0.002053,-0.006991,-0.001550,0.004455,0.000000,0.000000,-0.530199,0.000224,0.019507,False
2018-07-18,-0.534931,-0.530288,0.001052,0.004993,-0.001998,-0.007007,-0.001528,0.004464,0.000000,0.000000,-0.530312,-0.004619,-0.401617,False
2018-07-19,-0.527578,-0.530408,0.000940,0.005033,-0.001944,-0.007023,-0.001506,0.004473,0.000000,0.000000,-0.530436,0.002858,0.248486,False
2018-07-20,-0.536505,-0.530528,0.000823,0.005066,-0.001888,-0.007039,-0.001485,0.004481,0.000000,0.000000,-0.530568,-0.005937,-0.516225,False
2018-07-21,-0.541977,-0.530648,0.000703,0.005094,-0.001832,-0.007055,-0.001463,0.004490,0.000000,0.000000,-0.530710,-0.011267,-0.979706,False
2018-07-22,-0.534865,-0.530768,0.000579,0.005115,-0.001776,-0.007070,-0.001441,0.004499,0.000000,0.000000,-0.530861,-0.004004,-0.348178,False
2018-07-23,-0.535904,-0.530887,0.000453,0.005131,-0.001719,-0.007085,-0.001419,0.004507,0.000000,0.000000,-0.531020,-0.004884,-0.424729,False
2018-07-24,-0.529459,-0.531007,0.000324,0.005140,-0.001661,-0.007100,-0.001397,0.004516,0.000000,0.000000,-0.531186,0.001727,0.150155,False
2018-07-25,-0.530712,-0.531127,0.000194,0.005143,-0.001603,-0.007115,-0.001376,0.004525,0.000000,0.000000,-0.531359,0.000647,0.056250,False
2018-07-26,-0.536466,-0.531247,0.000063,0.005140,-0.001544,-0.007130,-0.001354,0.004533,0.000000,0.000000,-0.531538,-0.004928,-0.428496,False
2018-07-27,-0.539058,-0.531367,-0.000069,0.005131,-0.001485,-0.007144,-0.001332,0.004542,0.000000,0.000000,-0.531723,-0.007335,-0.637788,False
2018-07-28,-0.543463,-0.531486,-0.000200,0.005116,-0.001426,-0.007158,-0.001310,0.004550,0.000000,0.000000,-0.531914,-0.011549,-1.004287,False
2018-07-29,-0.530498,-0.531606,-0.000330,0.005095,-0.001366,-0.007172,-0.001288,0.004559,0.000000,0.000000,-0.532108,0.001610,0.140038,False
2018-07-30,-0.542599,-0.531726,-0.000458,0.005068,-0.001306,-0.007186,-0.001266,0.004567,0.000000,0.000000,-0.532307,-0.010292,-0.894953,False
2018-07-31,-0.534125,-0.531846,-0.000585,0.005035,-0.001245,-0.007200,-0.001244,0.004576,0.000000,0.000000,-0.532509,-0.001616,-0.140531,False
2018-08-01,-0.533487,-0.531966,-0.000708,0.004995,-0.001184,-0.007213,-0.001222,0.004584,0.000000,0.000000,-0.532713,-0.000774,-0.067274,False
2018-08-02,-0.536454,-0.532086,-0.000829,0.004950,-0.001123,-0.007226,-0.001200,0.004593,0.000000,0.000000,-0.532920,-0.003534,-0.307320,False
2018-08-03,-0.539401,-0.532205,-0.000945,0.004899,-0.001061,-0.007239,-0.001178,0.004601,0.000000,0.000000,-0.533128,-0.006273,-0.545506,False
2018-08-04,-0.539655,-0.532325,-0.001057,0.004843,-0.000999,-0.007252,-0.001156,0.004610,0.000000,0.000000,-0.533336,-0.006319,-0.549448,False
2018-08-05,-0.546472,-0.532445,-0.001164,0.004780,-0.000937,-0.007264,-0.001134,0.004618,0.000000,0.000000,-0.533545,-0.012927,-1.124065,False
2018-08-06,-0.547859,-0.532565,-0.001265,0.004712,-0.000874,-0.007277,-0.001112,0.004627,0.000000,0.000000,-0.533754,-0.014105,-1.226539,False
2018-08-07,-0.542457,-0.532685,-0.001360,0.004638,-0.000811,-0.007289,-0.001090,0.004635,0.000000,0.000000,-0.533961,-0.008496,-0.738740,False
2018-08-08,-0.539822,-0.532804,-0.001449,0.004559,-0.000748,-0.007301,-0.001068,0.004644,0.000000,0.000000,-0.534168,-0.005654,-0.491672,False
2018-08-09,-0.555601,-0.532924,-0.001531,0.004474,-0.000685,-0.007312,-0.001046,0.004652,0.000000,0.000000,-0.534372,-0.021229,-1.845987,False
2018-08-10,-0.546154,-0.533044,-0.001606,0.004384,-0.000621,-0.007324,-0.001024,0.004660,0.000000,0.000000,-0.534574,-0.011580,-1.006941,False
2018-08-11,-0.537695,-0.533164,-0.001673,0.004289,-0.000557,-0.007335,-0.001002,0.004669,0.000000,0.000000,-0.534773,-0.002922,-0.254053,False
2018-08-12,-0.541294,-0.533284,-0.001732,0.004189,-0.000494,-0.007346,-0.000980,0.004677,0.000000,0.000000,-0.534969,-0.006325,-0.549967,False
2018-08-13,-0.539100,-0.533404,-0.001783,0.004084,-0.000430,-0.007357,-0.000957,0.004685,0.000000,0.000000,-0.535162,-0.003938,-0.342455,False
2018-08-14,-0.541221,-0.533523,-0.001826,0.003974,-0.000365,-0.007368,-0.000935,0.004693,0.000000,0.000000,-0.535350,-0.005871,-0.510503,False
2018-08-15,-0.543030,-0.533643,-0.001860,0.003859,-0.000301,-0.007378,-0.000913,0.004702,0.000000,0.000000,-0.535534,-0.007496,-0.651792,False
2018-08-16,-0.541271,-0.533763,-0.001885,0.003740,-0.000237,-0.007388,-0.000891,0.004710,0.000000,0.000000,-0.535714,-0.005557,-0.483215,False
2018-08-17,-0.537021,-0.533883,-0.001901,0.003616,-0.000172,-0.007398,-0.000869,0.004718,0.000000,0.000000,-0.535889,-0.001132,-0.098444,False
2018-08-18,-0.535981,-0.534003,-0.001908,0.003488,-0.000108,-0.007408,-0.000847,0.004726,0.000000,0.000000,-0.536059,0.000078,0.006763,False
2018-08-19,-0.543297,-0.534122,-0.001906,0.003356,-0.000043,-0.007417,-0.000824,0.004735,0.000000,0.000000,-0.536223,-0.007074,-0.615087,False
2018-08-20,-0.547182,-0.534242,-0.001895,0.003220,0.000021,-0.007427,-0.000802,0.004743,0.000000,0.000000,-0.536383,-0.010799,-0.939048,False
2018-08-21,-0.537255,-0.534362,-0.001876,0.003080,0.000086,-0.007436,-0.000780,0.004751,0.000000,0.000000,-0.536537,-0.000718,-0.062433,False
2018-08-22,-0.528375,-0.534482,-0.001847,0.002936,0.000150,-0.007445,-0.000758,0.004759,0.000000,0.000000,-0.536686,0.008311,0.722667,False
2018-08-23,-0.538266,-0.534602,-0.001809,0.002789,0.000215,-0.007454,-0.000735,0.004767,0.000000,0.000000,-0.536829,-0.001437,-0.124966,False
2018-08-24,-0.536376,-0.534722,-0.001763,0.002639,0.000279,-0.007462,-0.000713,0.004775,0.000000,0.000000,-0.536967,0.000591,0.051365,False
2018-08-25,-0.528922,-0.534841,-0.001709,0.002485,0.000343,-0.007470,-0.000691,0.004784,0.000000,0.000000,-0.537099,0.008177,0.711056,False
2018-08-26,-0.540617,-0.534961,-0.001646,0.002329,0.000407,-0.007478,-0.000669,0.004792,0.000000,0.000000,-0.537226,-0.003391,-0.294840,False
2018-08-27,-0.546119,-0.535081,-0.001576,0.002169,0.000472,-0.007486,-0.000646,0.004800,0.000000,0.000000,-0.537348,-0.008771,-0.762661,False
2018-08-28,-0.532768,-0.535201,-0.001498,0.002008,0.000535,-0.007494,-0.000624,0.004808,0.000000,0.000000,-0.537465,0.004697,0.408478,False
2018-08-29,-0.539487,-0.535321,-0.001413,0.001843,0.000599,-0.007501,-0.000602,0.004816,0.000000,0.000000,-0.537578,-0.001909,-0.166015,False
2018-08-30,-0.534105,-0.535440,-0.001321,0.001677,0.000663,-0.007508,-0.000579,0.004824,0.000000,0.000000,-0.537686,0.003581,0.311358,False
2018-08-31,-0.535298,-0.535560,-0.001223,0.001509,0.000726,-0.007515,-0.000557,0.004832,0.000000,0.000000,-0.537789,0.002491,0.216619,False
2018-09-01,-0.537721,-0.535680,-0.001120,0.001339,0.000789,-0.007522,-0.000535,0.004840,0.000000,0.000000,-0.537889,0.000168,0.014576,False
2018-09-02,-0.533160,-0.535800,-0.001011,0.001167,0.000852,-0.007529,-0.000513,0.004848,0.000000,0.000000,-0.537984,0.004824,0.419516,False
2018-09-03,-0.518314,-0.535920,-0.000897,0.000994,0.000915,-0.007535,-0.000490,0.004856,0.000000,0.000000,-0.538077,0.019763,1.718511,False
2018-09-04,-0.532160,-0.536040,-0.000779,0.000819,0.000977,-0.007541,-0.000468,0.004864,0.000000,0.000000,-0.538166,0.006006,0.522288,False
2018-09-05,-0.544408,-0.536159,-0.000657,0.000644,0.001040,-0.007547,-0.000446,0.004872,0.000000,0.000000,-0.538253,-0.006155,-0.535207,False
2018-09-06,-0.536062,-0.536279,-0.000532,0.000468,0.001101,-0.007552,-0.000423,0.004879,0.000000,0.000000,-0.538338,0.002276,0.197884,False
2018-09-07,-0.543603,-0.536399,-0.000405,0.000292,0.001163,-0.007558,-0.000401,0.004887,0.000000,0.000000,-0.538420,-0.005183,-0.450663,False
2018-09-08,-0.537015,-0.536519,-0.000275,0.000115,0.001224,-0.007563,-0.000378,0.004895,0.000000,0.000000,-0.538502,0.001487,0.129274,False
2018-09-09,-0.549789,-0.536639,-0.000145,-0.000062,0.001285,-0.007568,-0.000356,0.004903,0.000000,0.000000,-0.538582,-0.011207,-0.974530,False
2018-09-10,-0.538144,-0.536758,-0.000014,-0.000239,0.001345,-0.007573,-0.000334,0.004911,0.000000,0.000000,-0.538662,0.000518,0.045007,False
2018-09-11,-0.530813,-0.536878,0.000118,-0.000416,0.001405,-0.007577,-0.000311,0.004919,0.000000,0.000000,-0.538741,0.007928,0.689400,False
2018-09-12,-0.525306,-0.536998,0.000249,-0.000592,0.001465,-0.007582,-0.000289,0.004927,0.000000,0.000000,-0.538821,0.013515,1.175208,False
2018-09-13,-0.526155,-0.537118,0.000378,-0.000768,0.001524,-0.007586,-0.000267,0.004934,0.000000,0.000000,-0.538901,0.012746,1.108382,False
2018-09-14,-0.507740,-0.537238,0.000506,-0.000942,0.001583,-0.007590,-0.000244,0.004942,0.000000,0.000000,-0.538983,0.031243,2.716784,False
2018-09-15,-0.532280,-0.537358,0.000631,-0.001116,0.001641,-0.007593,-0.000222,0.004950,0.000000,0.000000,-0.539066,0.006786,0.590103,False
2018-09-16,-0.545645,-0.537477,0.000754,-0.001288,0.001699,-0.007597,-0.000199,0.004958,0.000000,0.000000,-0.539151,-0.006494,-0.564669,False
2018-09-17,-0.538921,-0.537597,0.000873,-0.001459,0.001756,-0.007600,-0.000177,0.004965,0.000000,0.000000,-0.539239,0.000318,0.027633,False
2018-09-18,-0.542333,-0.537717,0.000987,-0.001627,0.001813,-0.007603,-0.000155,0.004973,0.000000,0.000000,-0.539329,-0.003004,-0.261220,False
2018-09-19,-0.537824,-0.537837,0.001098,-0.001794,0.001869,-0.007606,-0.000132,0.004981,0.000000,0.000000,-0.539422,0.001598,0.138978,False
2018-09-20,-0.531860,-0.537957,0.001202,-0.001959,0.001925,-0.007609,-0.000110,0.004988,0.000000,0.000000,-0.539519,0.007659,0.665996,False
2018-09-21,-0.538596,-0.538076,0.001302,-0.002122,0.001980,-0.007611,-0.000087,0.004996,0.000000,0.000000,-0.539619,0.001023,0.088991,False
2018-09-22,-0.535369,-0.538196,0.001394,-0.002282,0.002034,-0.007613,-0.000065,0.005003,0.000000,0.000000,-0.539724,0.004355,0.378685,False
2018-09-23,-0.542395,-0.538316,0.001481,-0.002439,0.002088,-0.007615,-0.000043,0.005011,0.000000,0.000000,-0.539833,-0.002562,-0.222813,False
2018-09-24,-0.542006,-0.538436,0.001560,-0.002594,0.002141,-0.007617,-0.000020,0.005019,0.000000,0.000000,-0.539946,-0.002060,-0.179132,False
2018-09-25,-0.542700,-0.538556,0.001632,-0.002745,0.002194,-0.007618,0.000002,0.005026,0.000000,0.000000,-0.540064,-0.002636,-0.229212,False
2018-09-26,-0.533271,-0.538675,0.001696,-0.002893,0.002246,-0.007619,0.000025,0.005034,0.000000,0.000000,-0.540187,0.006916,0.601397,False
2018-09-27,-0.550038,-0.538795,0.001753,-0.003038,0.002297,-0.007620,0.000047,0.005041,0.000000,0.000000,-0.540315,-0.009723,-0.845465,False
2018-09-28,-0.540962,-0.538915,0.001800,-0.003179,0.002348,-0.007621,0.000070,0.005049,0.000000,0.000000,-0.540448,-0.000514,-0.044659,False
2018-09-29,-0.533680,-0.539035,0.001840,-0.003316,0.002398,-0.007622,0.000092,0.005056,0.000000,0.000000,-0.540587,0.006907,0.600604,False
2018-09-30,-0.553997,-0.539155,0.001870,-0.003449,0.002447,-0.007622,0.000114,0.005064,0.000000,0.000000,-0.540731,-0.013266,-1.153585,False
2018-10-01,-0.553335,-0.539275,0.001892,-0.003579,0.002496,-0.007622,0.000137,0.005071,0.000000,0.000000,-0.540880,-0.012455,-1.083053,False
2018-10-02,-0.544671,-0.539394,0.001905,-0.003704,0.002543,-0.007622,0.000159,0.005079,0.000000,0.000000,-0.541034,-0.003637,-0.316236,False
2018-10-03,-0.538657,-0.539514,0.001909,-0.003824,0.002590,-0.007622,0.000182,0.005086,0.000000,0.000000,-0.541194,0.002537,0.220597,False
2018-10-04,-0.545449,-0.539634,0.001903,-0.003940,0.002637,-0.007622,0.000204,0.005094,0.000000,0.000000,-0.541359,-0.004090,-0.355693,False
2018-10-05,-0.532123,-0.539754,0.001889,-0.004052,0.002682,-0.007621,0.000226,0.005101,0.000000,0.000000,-0.541528,0.009405,0.817837,False
2018-10-06,-0.544778,-0.539874,0.001866,-0.004158,0.002727,-0.007620,0.000249,0.005108,0.000000,0.000000,-0.541702,-0.003076,-0.267438,False
2018-10-07,-0.550546,-0.539993,0.001834,-0.004260,0.002771,-0.007619,0.000271,0.005116,0.000000,0.000000,-0.541881,-0.008665,-0.753450,False
2018-10-08,-0.542612,-0.540113,0.001793,-0.004357,0.002814,-0.007617,0.000294,0.005123,0.000000,0.000000,-0.542064,-0.000548,-0.047613,False
2018-10-09,-0.541475,-0.540233,0.001744,-0.004448,0.002856,-0.007616,0.000316,0.005130,0.000000,0.000000,-0.542252,0.000777,0.067526,False
2018-10-10,-0.543983,-0.540353,0.001686,-0.004535,0.002897,-0.007614,0.000338,0.005138,0.000000,0.000000,-0.542442,-0.001541,-0.133975,False
2018-10-11,-0.543978,-0.540473,0.001621,-0.004615,0.002938,-0.007612,0.000361,0.005145,0.000000,0.000000,-0.542636,-0.001342,-0.116696,False
2018-10-12,-0.543974,-0.540593,0.001547,-0.004691,0.002977,-0.007610,0.000383,0.005152,0.000000,0.000000,-0.542833,-0.001140,-0.099166,False
2018-10-13,-0.543969,-0.540712,0.001467,-0.004761,0.003016,-0.007607,0.000405,0.005159,0.000000,0.000000,-0.543033,-0.000936,-0.081422,False
2018-10-14,-0.543964,-0.540832,0.001379,-0.004825,0.003054,-0.007604,0.000428,0.005167,0.000000,0.000000,-0.543234,-0.000730,-0.063503,False
2018-10-15,-0.543959,-0.540952,0.001285,-0.004883,0.003091,-0.007601,0.000450,0.005174,0.000000,0.000000,-0.543437,-0.000523,-0.045452,False
2018-10-16,-0.543955,-0.541072,0.001185,-0.004936,0.003127,-0.007598,0.000472,0.005181,0.000000,0.000000,-0.543641,-0.000314,-0.027312,False
2018-10-17,-0.543950,-0.541192,0.001079,-0.004983,0.003162,-0.007595,0.000495,0.005188,0.000000,0.000000,-0.543845,-0.000105,-0.009128,False
2018-10-18,-0.543950,-0.541311,0.000968,-0.005024,0.003196,-0.007591,0.000517,0.005195,0.000000,0.000000,-0.544049,0.000099,0.008642,False
2018-10-19,-0.543950,-0.541431,0.000853,-0.005059,0.003229,-0.007587,0.000539,0.005202,0.000000,0.000000,-0.544253,0.000303,0.026360,False
2018-10-20,-0.543950,-0.541551,0.000733,-0.005088,0.003262,-0.007583,0.000562,0.005209,0.000000,0.000000,-0.544456,0.000506,0.043973,False
2018-10-21,-0.543950,-0.541671,0.000610,-0.005110,0.003293,-0.007579,0.000584,0.005217,0.000000,0.000000,-0.544657,0.000706,0.061432,False
2018-10-22,-0.543950,-0.541791,0.000485,-0.005127,0.003323,-0.007575,0.000606,0.005224,0.000000,0.000000,-0.544855,0.000905,0.078684,False
2018-10-23,-0.543950,-0.541911,0.000356,-0.005138,0.003353,-0.007570,0.000629,0.005231,0.000000,0.000000,-0.545050,0.001100,0.095677,False
2018-10-24,-0.543950,-0.542030,0.000227,-0.005143,0.003381,-0.007565,0.000651,0.005238,0.000000,0.000000,-0.545242,0.001292,0.112356,False
2018-10-25,,-0.542150,0.000096,-0.005141,0.003408,-0.007560,0.000673,0.005245,0.000000,0.000000,-0.545430,,,False
2018-10-26,,-0.542270,-0.000036,-0.005134,0.003435,-0.007555,0.000696,0.005252,0.000000,0.000000,-0.545613,,,False
2018-10-27,,-0.542390,-0.000167,-0.005120,0.003460,-0.007549,0.000718,0.005259,0.000000,0.000000,-0.545790,,,False
2018-10-28,,-0.542510,-0.000297,-0.005101,0.003484,-0.007543,0.000740,0.005266,0.000000,0.000000,-0.545961,,,False
2018-10-29,,-0.542629,-0.000426,-0.005075,0.003507,-0.007537,0.000762,0.005273,0.000000,0.000000,-0.546126,,,False
2018-10-30,,-0.542749,-0.000553,-0.005043,0.003530,-0.007531,0.000785,0.005280,0.000000,0.000000,-0.546283,,,False
2018-10-31,,-0.542869,-0.000678,-0.005006,0.003551,-0.007525,0.000807,0.005286,0.000000,0.000000,-0.546433,,,False
2018-11-01,,-0.542989,-0.000799,-0.004962,0.003571,-0.007518,0.000829,0.005293,0.000000,0.000000,-0.546575,,,False
2018-11-02,,-0.543109,-0.000916,-0.004913,0.003590,-0.007511,0.000851,0.005300,0.000000,0.000000,-0.546707,,,False
2018-11-03,,-0.543229,-0.001029,-0.004857,0.003608,-0.007504,0.000873,0.005307,0.000000,0.000000,-0.546831,,,False
2018-11-04,,-0.543348,-0.001137,-0.004796,0.003625,-0.007497,0.000896,0.005314,0.000000,0.000000,-0.546945,,,False
2018-11-05,,-0.543468,-0.001240,-0.004730,0.003641,-0.007489,0.000918,0.005321,0.000000,0.000000,-0.547048,,,False
2018-11-06,,-0.543588,-0.001337,-0.004657,0.003656,-0.007481,0.000940,0.005328,0.000000,0.000000,-0.547141,,,False
2018-11-07,,-0.543708,-0.001428,-0.004579,0.003669,-0.007474,0.000962,0.005334,0.000000,0.000000,-0.547223,,,False
2018-11-08,,-0.543828,-0.001511,-0.004496,0.003682,-0.007465,0.000984,0.005341,0.000000,0.000000,-0.547293,,,False
2018-11-09,,-0.543947,-0.001588,-0.004407,0.003693,-0.007457,0.001006,0.005348,0.000000,0.000000,-0.547353,,,False
2018-11-10,,-0.544067,-0.001657,-0.004314,0.003704,-0.007448,0.001028,0.005355,0.000000,0.000000,-0.547400,,,False
2018-11-11,,-0.544187,-0.001718,-0.004215,0.003713,-0.007440,0.001050,0.005361,0.000000,0.000000,-0.547435,,,False
2018-11-12,-0.543795,-0.544307,-0.001771,-0.004111,0.003721,-0.007430,0.001073,0.005368,0.000000,0.000000,-0.547458,0.003663,0.318505,False
2018-11-13,-0.543795,-0.544427,-0.001816,-0.004002,0.003728,-0.007421,0.001095,0.005375,0.000000,0.000000,-0.547468,0.003673,0.319426,False
2018-11-14,-0.543795,-0.544547,-0.001852,-0.003888,0.003734,-0.007412,0.001117,0.005381,0.000000,0.000000,-0.547467,0.003672,0.319266,False
2018-11-15,-0.543795,-0.544666,-0.001880,-0.003770,0.003739,-0.007402,0.001139,0.005388,0.000000,0.000000,-0.547452,0.003657,0.318022,False
2018-11-16,-0.543795,-0.544786,-0.001898,-0.003647,0.003743,-0.007392,0.001161,0.005394,0.000000,0.000000,-0.547426,0.003631,0.315696,False
2018-11-17,-0.543795,-0.544906,-0.001907,-0.003520,0.003746,-0.007382,0.001183,0.005401,0.000000,0.000000,-0.547386,0.003591,0.312293,False
2018-11-18,-0.543795,-0.545026,-0.001908,-0.003389,0.003747,-0.007372,0.001205,0.005408,0.000000,0.000000,-0.547335,0.003540,0.307822,False
2018-11-19,-0.543795,-0.545146,-0.001899,-0.003254,0.003748,-0.007361,0.001227,0.005414,0.000000,0.000000,-0.547271,0.003476,0.302297,False
2018-11-20,-0.548146,-0.545265,-0.001881,-0.003115,0.003747,-0.007350,0.001249,0.005421,0.000000,0.000000,-0.547196,-0.000950,-0.082613,False
2018-11-21,-0.546774,-0.545385,-0.001855,-0.002972,0.003745,-0.007340,0.001271,0.005427,0.000000,0.000000,-0.547109,0.000335,0.029113,False
2018-11-22,-0.549211,-0.545505,-0.001819,-0.002826,0.003743,-0.007328,0.001292,0.005434,0.000000,0.000000,-0.547010,-0.002201,-0.191367,False
2018-11-23,-0.542428,-0.545625,-0.001775,-0.002677,0.003739,-0.007317,0.001314,0.005440,0.000000,0.000000,-0.546901,0.004473,0.388932,False
2018-11-24,-0.544567,-0.545745,-0.001723,-0.002524,0.003734,-0.007305,0.001336,0.005447,0.000000,0.000000,-0.546781,0.002214,0.192479,False
2018-11-25,-0.543000,-0.545865,-0.001662,-0.002368,0.003727,-0.007294,0.001358,0.005453,0.000000,0.000000,-0.546650,0.003650,0.317397,False
2018-11-26,-0.554761,-0.545984,-0.001594,-0.002209,0.003720,-0.007282,0.001380,0.005459,0.000000,0.000000,-0.546510,-0.008251,-0.717490,False
2018-11-27,-0.539487,-0.546104,-0.001518,-0.002048,0.003712,-0.007269,0.001402,0.005466,0.000000,0.000000,-0.546360,0.006873,0.597689,False
2018-11-28,-0.537430,-0.546224,-0.001435,-0.001885,0.003702,-0.007257,0.001424,0.005472,0.000000,0.000000,-0.546202,0.008772,0.762808,False
2018-11-29,-0.540195,-0.546344,-0.001345,-0.001719,0.003692,-0.007244,0.001445,0.005479,0.000000,0.000000,-0.546036,0.005841,0.507917,False
2018-11-30,-0.548890,-0.546464,-0.001248,-0.001551,0.003680,-0.007231,0.001467,0.005485,0.000000,0.000000,-0.545862,-0.003028,-0.263276,False
2018-12-01,-0.555484,-0.546583,-0.001146,-0.001381,0.003667,-0.007218,0.001489,0.005491,0.000000,0.000000,-0.545682,-0.009802,-0.852369,False
2018-12-02,-0.546746,-0.546703,-0.001038,-0.001210,0.003653,-0.007205,0.001511,0.005497,0.000000,0.000000,-0.545495,-0.001251,-0.108779,False
2018-12-03,-0.531457,-0.546823,-0.000926,-0.001037,0.003638,-0.007192,0.001532,0.005504,0.000000,0.000000,-0.545303,0.013846,1.203990,False
2018-12-04,-0.542027,-0.546943,-0.000809,-0.000863,0.003622,-0.007178,0.001554,0.005510,0.000000,0.000000,-0.545106,0.003079,0.267741,False
2018-12-05,-0.541281,-0.547063,-0.000688,-0.000688,0.003605,-0.007164,0.001576,0.005516,0.000000,0.000000,-0.544905,0.003624,0.315149,False
2018-12-06,-0.537853,-0.547183,-0.000564,-0.000512,0.003587,-0.007150,0.001598,0.005522,0.000000,0.000000,-0.544701,0.006848,0.595498,False
2018-12-07,-0.549945,-0.547302,-0.000437,-0.000336,0.003568,-0.007136,0.001619,0.005529,0.000000,0.000000,-0.544495,-0.005450,-0.473926,False
2018-12-08,-0.533393,-0.547422,-0.000308,-0.000159,0.003548,-0.007121,0.001641,0.005535,0.000000,0.000000,-0.544287,0.010894,0.947296,False
2018-12-09,-0.544918,-0.547542,-0.000178,0.000018,0.003526,-0.007106,0.001662,0.005541,0.000000,0.000000,-0.544078,-0.000840,-0.073026,False
2018-12-10,-0.542807,-0.547662,-0.000046,0.000195,0.003504,-0.007091,0.001684,0.005547,0.000000,0.000000,-0.543870,0.001063,0.092396,False
2018-12-11,-0.542568,-0.547782,0.000085,0.000372,0.003480,-0.007076,0.001705,0.005553,0.000000,0.000000,-0.543662,0.001094,0.095113,False
2018-12-12,-0.544309,-0.547901,0.000216,0.000548,0.003456,-0.007061,0.001727,0.005559,0.000000,0.000000,-0.543456,-0.000853,-0.074195,False
2018-12-13,-0.550220,-0.548021,0.000346,0.000724,0.003430,-0.007045,0.001749,0.005565,0.000000,0.000000,-0.543252,-0.006968,-0.605892,False
2018-12-14,-0.546878,-0.548141,0.000474,0.000899,0.003404,-0.007030,0.001770,0.005571,0.000000,0.000000,-0.543052,-0.003826,-0.332688,False
2018-12-15,-0.545961,-0.548261,0.000600,0.001073,0.003377,-0.007014,0.001791,0.005578,0.000000,0.000000,-0.542856,-0.003105,-0.269992,False
2018-12-16,-0.534758,-0.548381,0.000724,0.001245,0.003348,-0.006997,0.001813,0.005584,0.000000,0.000000,-0.542665,0.007907,0.687570,False
2018-12-17,-0.550647,-0.548501,0.000843,0.001416,0.003319,-0.006981,0.001834,0.005590,0.000000,0.000000,-0.542480,-0.008167,-0.710196,False
2018-12-18,-0.545855,-0.548620,0.000959,0.001585,0.003288,-0.006965,0.001856,0.005596,0.000000,0.000000,-0.542301,-0.003554,-0.309048,False
2018-12-19,-0.539665,-0.548740,0.001070,0.001753,0.003257,-0.006948,0.001877,0.005601,0.000000,0.000000,-0.542129,0.002464,0.214295,False
2018-12-20,-0.539410,-0.548860,0.001177,0.001918,0.003224,-0.006931,0.001898,0.005607,0.000000,0.000000,-0.541966,0.002556,0.222243,False
2018-12-21,-0.544698,-0.548980,0.001277,0.002081,0.003191,-0.006914,0.001920,0.005613,0.000000,0.000000,-0.541811,-0.002887,-0.251057,False
2018-12-22,-0.544479,-0.549100,0.001372,0.002242,0.003157,-0.006896,0.001941,0.005619,0.000000,0.000000,-0.541665,-0.002814,-0.244677,False
2018-12-23,-0.554814,-0.549219,0.001460,0.002400,0.003121,-0.006879,0.001962,0.005625,0.000000,0.000000,-0.541530,-0.013284,-1.155173,False
2018-12-24,-0.546690,-0.549339,0.001541,0.002555,0.003085,-0.006861,0.001984,0.005631,0.000000,0.000000,-0.541404,-0.005286,-0.459622,False
2018-12-25,-0.539866,-0.549459,0.001615,0.002707,0.003048,-0.006843,0.002005,0.005637,0.000000,0.000000,-0.541290,0.001424,0.123851,False
2018-12-26,-0.550427,-0.549579,0.001681,0.002856,0.003010,-0.006825,0.002026,0.005643,0.000000,0.000000,-0.541188,-0.009239,-0.803406,False
2018-12-27,-0.537228,-0.549699,0.001739,0.003002,0.002971,-0.006806,0.002047,0.005648,0.000000,0.000000,-0.541097,0.003869,0.336476,False
2018-12-28,-0.542257,-0.549819,0.001789,0.003144,0.002931,-0.006788,0.002068,0.005654,0.000000,0.000000,-0.541020,-0.001237,-0.107597,False
2018-12-29,-0.537214,-0.549938,0.001831,0.003282,0.002891,-0.006769,0.002089,0.005660,0.000000,0.000000,-0.540955,0.003741,0.325281,False
2018-12-30,-0.539315,-0.550058,0.001864,0.003416,0.002849,-0.006750,0.002110,0.005666,0.000000,0.000000,-0.540903,0.001588,0.138096,False
2018-12-31,-0.547979,-0.550178,0.001888,0.003547,0.002807,-0.006731,0.002131,0.005671,0.000000,0.000000,-0.540865,-0.007114,-0.618604,False
2019-01-01,-0.546593,-0.550298,0.001903,0.003673,0.002764,-0.006712,0.002152,0.005677,0.000000,0.000000,-0.540841,-0.005752,-0.500188,False
2019-01-02,-0.541982,-0.550418,0.001909,0.003795,0.002720,-0.006692,0.002173,0.005683,0.000000,0.000000,-0.540831,-0.001151,-0.100117,False
2019-01-03,-0.541039,-0.550537,0.001906,0.003912,0.002675,-0.006672,0.002194,0.005688,0.000000,0.000000,-0.540835,-0.000204,-0.017766,False
2019-01-04,-0.543553,-0.550657,0.001893,0.004024,0.002629,-0.006653,0.002215,0.005694,0.000000,0.000000,-0.540853,-0.002700,-0.234780,False
2019-01-05,-0.540735,-0.550777,0.001872,0.004132,0.002583,-0.006632,0.002236,0.005700,0.000000,0.000000,-0.540886,0.000151,0.013109,False
2019-01-06,-0.547845,-0.550897,0.001843,0.004235,0.002536,-0.006612,0.002257,0.005705,0.000000,0.000000,-0.540933,-0.006912,-0.601054,False
2019-01-07,-0.537704,-0.551017,0.001804,0.004333,0.002488,-0.006592,0.002278,0.005711,0.000000,0.000000,-0.540994,0.003290,0.286118,False
2019-01-08,-0.549412,-0.551137,0.001757,0.004426,0.002439,-0.006571,0.002299,0.005716,0.000000,0.000000,-0.541070,-0.008342,-0.725381,False
2019-01-09,-0.536790,-0.551256,0.001701,0.004513,0.002390,-0.006550,0.002320,0.005722,0.000000,0.000000,-0.541160,0.004370,0.380003,False
2019-01-10,-0.536149,-0.551376,0.001638,0.004596,0.002340,-0.006529,0.002340,0.005728,0.000000,0.000000,-0.541264,0.005115,0.444777,False
2019-01-11,-0.540646,-0.551496,0.001566,0.004672,0.002289,-0.006508,0.002361,0.005733,0.000000,0.000000,-0.541382,0.000736,0.063965,False
2019-01-12,-0.546810,-0.551616,0.001488,0.004744,0.002238,-0.006486,0.002382,0.005739,0.000000,0.000000,-0.541513,-0.005297,-0.460629,False
2019-01-13,-0.540097,-0.551736,0.001402,0.004809,0.002186,-0.006465,0.002402,0.005744,0.000000,0.000000,-0.541657,0.001560,0.135663,False
2019-01-14,-0.548690,-0.551855,0.001309,0.004869,0.002133,-0.006443,0.002423,0.005749,0.000000,0.000000,-0.541814,-0.006876,-0.597883,False
2019-01-15,-0.547579,-0.551975,0.001211,0.004923,0.002080,-0.006421,0.002444,0.005755,0.000000,0.000000,-0.541984,-0.005595,-0.486518,False
2019-01-16,-0.545491,-0.552095,0.001106,0.004972,0.002026,-0.006399,0.002464,0.005760,0.000000,0.000000,-0.542166,-0.003325,-0.289148,False
2019-01-17,-0.548135,-0.552215,0.000997,0.005014,0.001971,-0.006376,0.002485,0.005766,0.000000,0.000000,-0.542359,-0.005776,-0.502248,False
2019-01-18,-0.531249,-0.552335,0.000882,0.005050,0.001916,-0.006354,0.002505,0.005771,0.000000,0.000000,-0.542564,0.011315,0.983880,False
2019-01-19,-0.527676,-0.552455,0.000764,0.005081,0.001860,-0.006331,0.002526,0.005776,0.000000,0.000000,-0.542779,0.015103,1.313277,False
2019-01-20,-0.550706,-0.552574,0.000641,0.005105,0.001804,-0.006308,0.002546,0.005782,0.000000,0.000000,-0.543004,-0.007702,-0.669754,False
2019-01-21,-0.555520,-0.552694,0.000516,0.005124,0.001747,-0.006285,0.002567,0.005787,0.000000,0.000000,-0.543238,-0.012282,-1.067960,False
2019-01-22,-0.559816,-0.552814,0.000389,0.005136,0.001690,-0.006262,0.002587,0.005792,0.000000,0.000000,-0.543482,-0.016334,-1.420347,False
2019-01-23,-0.553123,-0.552934,0.000259,0.005142,0.001632,-0.006238,0.002607,0.005797,0.000000,0.000000,-0.543734,-0.009389,-0.816448,False
2019-01-24,-0.547929,-0.553054,0.000128,0.005142,0.001574,-0.006215,0.002628,0.005803,0.000000,0.000000,-0.543993,-0.003936,-0.342228,False
2019-01-25,-0.555120,-0.553173,-0.000003,0.005136,0.001515,-0.006191,0.002648,0.005808,0.000000,0.000000,-0.544260,-0.010860,-0.944352,False
2019-01-26,-0.553543,-0.553293,-0.000134,0.005124,0.001456,-0.006167,0.002668,0.005813,0.000000,0.000000,-0.544533,-0.009010,-0.783485,False
2019-01-27,-0.551855,-0.553413,-0.000265,0.005106,0.001396,-0.006142,0.002688,0.005818,0.000000,0.000000,-0.544812,-0.007043,-0.612466,False
2019-01-28,-0.545432,-0.553533,-0.000394,0.005082,0.001336,-0.006118,0.002709,0.005823,0.000000,0.000000,-0.545095,-0.000337,-0.029266,False
2019-01-29,-0.552957,-0.553653,-0.000522,0.005052,0.001275,-0.006094,0.002729,0.005829,0.000000,0.000000,-0.545384,-0.007573,-0.658549,False
2019-01-30,-0.545775,-0.553773,-0.000647,0.005016,0.001215,-0.006069,0.002749,0.005834,0.000000,0.000000,-0.545676,-0.000099,-0.008636,False
2019-01-31,-0.556209,-0.553892,-0.000769,0.004974,0.001153,-0.006044,0.002769,0.005839,0.000000,0.000000,-0.545971,-0.010238,-0.890277,False
2019-02-01,-0.561250,-0.554012,-0.000887,0.004926,0.001092,-0.006019,0.002789,0.005844,0.000000,0.000000,-0.546268,-0.014982,-1.302746,False
2019-02-02,-0.561467,-0.554132,-0.001002,0.004872,0.001030,-0.005994,0.002809,0.005849,0.000000,0.000000,-0.546568,-0.014899,-1.295578,False
2019-02-03,-0.533313,-0.554252,-0.001111,0.004812,0.000968,-0.005968,0.002829,0.005854,0.000000,0.000000,-0.546869,0.013556,1.178740,False
2019-02-04,-0.544297,-0.554372,-0.001215,0.004747,0.000905,-0.005943,0.002849,0.005859,0.000000,0.000000,-0.547170,0.002873,0.249807,False
2019-02-05,-0.544755,-0.554491,-0.001313,0.004676,0.000843,-0.005917,0.002869,0.005864,0.000000,0.000000,-0.547471,0.002716,0.236180,False
2019-02-06,-0.540633,-0.554611,-0.001406,0.004599,0.000780,-0.005891,0.002888,0.005869,0.000000,0.000000,-0.547772,0.007139,0.620766,False
2019-02-07,-0.554118,-0.554731,-0.001491,0.004517,0.000716,-0.005865,0.002908,0.005874,0.000000,0.000000,-0.548071,-0.006047,-0.525786,False
2019-02-08,-0.552177,-0.554851,-0.001570,0.004430,0.000653,-0.005839,0.002928,0.005879,0.000000,0.000000,-0.548370,-0.003807,-0.331087,False
2019-02-09,-0.556854,-0.554971,-0.001641,0.004337,0.000589,-0.005812,0.002948,0.005884,0.000000,0.000000,-0.548665,-0.008189,-0.712049,False
2019-02-10,-0.560247,-0.555091,-0.001704,0.004240,0.000525,-0.005785,0.002967,0.005888,0.000000,0.000000,-0.548959,-0.011288,-0.981582,False
2019-02-11,-0.564066,-0.555210,-0.001759,0.004137,0.000462,-0.005759,0.002987,0.005893,0.000000,0.000000,-0.549249,-0.014817,-1.288420,False
2019-02-12,-0.560491,-0.555330,-0.001806,0.004029,0.000397,-0.005732,0.003007,0.005898,0.000000,0.000000,-0.549536,-0.010955,-0.952597,False
2019-02-13,-0.572430,-0.555450,-0.001844,0.003917,0.000333,-0.005705,0.003026,0.005903,0.000000,0.000000,-0.549819,-0.022611,-1.966146,False
2019-02-14,-0.562774,-0.555570,-0.001874,0.003800,0.000269,-0.005677,0.003046,0.005908,0.000000,0.000000,-0.550098,-0.012676,-1.102225,False
2019-02-15,-0.565897,-0.555690,-0.001894,0.003678,0.000205,-0.005650,0.003065,0.005913,0.000000,0.000000,-0.550373,-0.015524,-1.349905,False
2019-02-16,-0.561906,-0.555809,-0.001906,0.003553,0.000140,-0.005622,0.003085,0.005917,0.000000,0.000000,-0.550643,-0.011263,-0.979380,False
2019-02-17,-0.555522,-0.555929,-0.001908,0.003422,0.000076,-0.005595,0.003104,0.005922,0.000000,0.000000,-0.550908,-0.004614,-0.401194,False
2019-02-18,-0.552339,-0.556049,-0.001902,0.003288,0.000011,-0.005567,0.003123,0.005927,0.000000,0.000000,-0.551168,-0.001171,-0.101795,False
2019-02-19,-0.564791,-0.556169,-0.001887,0.003150,-0.000053,-0.005539,0.003143,0.005931,0.000000,0.000000,-0.551423,-0.013368,-1.162415,False
2019-02-20,-0.567769,-0.556289,-0.001862,0.003008,-0.000118,-0.005510,0.003162,0.005936,0.000000,0.000000,-0.551673,-0.016096,-1.399672,False
2019-02-21,-0.566736,-0.556409,-0.001829,0.002863,-0.000182,-0.005482,0.003181,0.005941,0.000000,0.000000,-0.551917,-0.014819,-1.288615,False
2019-02-22,-0.565093,-0.556528,-0.001787,0.002714,-0.000247,-0.005453,0.003200,0.005945,0.000000,0.000000,-0.552156,-0.012937,-1.124987,False
2019-02-23,-0.571078,-0.556648,-0.001737,0.002562,-0.000311,-0.005425,0.003220,0.005950,0.000000,0.000000,-0.552389,-0.018689,-1.625134,False
2019-02-24,-0.569941,-0.556768,-0.001678,0.002407,-0.000375,-0.005396,0.003239,0.005955,0.000000,0.000000,-0.552617,-0.017324,-1.506445,False
2019-02-25,-0.570956,-0.556888,-0.001612,0.002249,-0.000440,-0.005367,0.003258,0.005959,0.000000,0.000000,-0.552840,-0.018116,-1.575347,False
2019-02-26,-0.567785,-0.557008,-0.001538,0.002089,-0.000504,-0.005337,0.003277,0.005964,0.000000,0.000000,-0.553057,-0.014728,-1.280701,False
2019-02-27,-0.569744,-0.557127,-0.001456,0.001926,-0.000567,-0.005308,0.003296,0.005968,0.000000,0.000000,-0.553269,-0.016475,-1.432582,False
2019-02-28,-0.569800,-0.557247,-0.001368,0.001761,-0.000631,-0.005279,0.003315,0.005973,0.000000,0.000000,-0.553477,-0.016323,-1.419408,False
2019-03-01,-0.564758,-0.557367,-0.001273,0.001593,-0.000695,-0.005249,0.003334,0.005977,0.000000,0.000000,-0.553680,-0.011078,-0.963336,False
2019-03-02,-0.554069,-0.557487,-0.001172,0.001424,-0.000758,-0.005219,0.003352,0.005982,0.000000,0.000000,-0.553878,-0.000191,-0.016606,False
2019-03-03,-0.561553,-0.557607,-0.001066,0.001253,-0.000821,-0.005189,0.003371,0.005986,0.000000,0.000000,-0.554072,-0.007481,-0.650500,False
2019-03-04,-0.564351,-0.557727,-0.000954,0.001080,-0.000884,-0.005159,0.003390,0.005990,0.000000,0.000000,-0.554263,-0.010088,-0.877255,False
2019-03-05,-0.572396,-0.557846,-0.000838,0.000907,-0.000946,-0.005129,0.003409,0.005995,0.000000,0.000000,-0.554449,-0.017947,-1.560583,False
2019-03-06,-0.569894,-0.557966,-0.000718,0.000732,-0.001009,-0.005098,0.003427,0.005999,0.000000,0.000000,-0.554633,-0.015261,-1.327063,False
2019-03-07,-0.565878,-0.558086,-0.000595,0.000556,-0.001071,-0.005068,0.003446,0.006004,0.000000,0.000000,-0.554813,-0.011065,-0.962145,False
2019-03-08,-0.567782,-0.558206,-0.000469,0.000380,-0.001132,-0.005037,0.003465,0.006008,0.000000,0.000000,-0.554991,-0.012791,-1.112232,False
2019-03-09,-0.540414,-0.558326,-0.000340,0.000203,-0.001194,-0.005006,0.003483,0.006012,0.000000,0.000000,-0.555167,0.014753,1.282882,False
2019-03-10,-0.566021,-0.558445,-0.000210,0.000026,-0.001255,-0.004975,0.003502,0.006017,0.000000,0.000000,-0.555341,-0.010680,-0.928682,False
2019-03-11,-0.576999,-0.558565,-0.000079,-0.000151,-0.001315,-0.004944,0.003520,0.006021,0.000000,0.000000,-0.555514,-0.021485,-1.868283,False
2019-03-12,-0.566433,-0.558685,0.000052,-0.000328,-0.001375,-0.004913,0.003538,0.006025,0.000000,0.000000,-0.555685,-0.010748,-0.934580,False
2019-03-13,-0.561401,-0.558805,0.000183,-0.000504,-0.001435,-0.004881,0.003557,0.006029,0.000000,0.000000,-0.555856,-0.005545,-0.482150,False
2019-03-14,-0.566296,-0.558925,0.000314,-0.000680,-0.001495,-0.004850,0.003575,0.006033,0.000000,0.000000,-0.556027,-0.010269,-0.892956,False
2019-03-15,-0.565365,-0.559045,0.000442,-0.000855,-0.001553,-0.004818,0.003593,0.006038,0.000000,0.000000,-0.556198,-0.009167,-0.797139,False
2019-03-16,-0.576759,-0.559164,0.000569,-0.001029,-0.001612,-0.004786,0.003612,0.006042,0.000000,0.000000,-0.556369,-0.020390,-1.773014,False
2019-03-17,-0.571550,-0.559284,0.000693,-0.001202,-0.001670,-0.004754,0.003630,0.006046,0.000000,0.000000,-0.556542,-0.015008,-1.305068,False
2019-03-18,-0.570796,-0.559404,0.000814,-0.001373,-0.001727,-0.004722,0.003648,0.006050,0.000000,0.000000,-0.556715,-0.014081,-1.224401,False
2019-03-19,-0.553552,-0.559524,0.000931,-0.001543,-0.001784,-0.004690,0.003666,0.006054,0.000000,0.000000,-0.556891,0.003339,0.290323,False
2019-03-20,-0.549479,-0.559644,0.001043,-0.001711,-0.001841,-0.004658,0.003684,0.006058,0.000000,0.000000,-0.557068,0.007589,0.659915,False
2019-03-21,-0.570103,-0.559763,0.001151,-0.001877,-0.001897,-0.004625,0.003702,0.006062,0.000000,0.000000,-0.557248,-0.012855,-1.117858,False
2019-03-22,-0.572604,-0.559883,0.001253,-0.002041,-0.001952,-0.004592,0.003720,0.006066,0.000000,0.000000,-0.557430,-0.015174,-1.319491,False
2019-03-23,-0.570886,-0.560003,0.001349,-0.002202,-0.002007,-0.004560,0.003738,0.006070,0.000000,0.000000,-0.557615,-0.013271,-1.154005,False
2019-03-24,-0.561616,-0.560123,0.001439,-0.002361,-0.002061,-0.004527,0.003756,0.006074,0.000000,0.000000,-0.557803,-0.003813,-0.331551,False
2019-03-25,-0.566885,-0.560243,0.001521,-0.002517,-0.002115,-0.004494,0.003773,0.006078,0.000000,0.000000,-0.557995,-0.008890,-0.773067,False
2019-03-26,-0.567938,-0.560363,0.001597,-0.002670,-0.002168,-0.004460,0.003791,0.006082,0.000000,0.000000,-0.558190,-0.009748,-0.847666,False
2019-03-27,-0.566542,-0.560482,0.001665,-0.002819,-0.002220,-0.004427,0.003809,0.006086,0.000000,0.000000,-0.558389,-0.008153,-0.708986,False
2019-03-28,-0.574832,-0.560602,0.001725,-0.002966,-0.002272,-0.004394,0.003826,0.006090,0.000000,0.000000,-0.558591,-0.016241,-1.412234,False
2019-03-29,-0.563564,-0.560722,0.001778,-0.003109,-0.002323,-0.004360,0.003844,0.006094,0.000000,0.000000,-0.558798,-0.004766,-0.414444,False
2019-03-30,-0.575699,-0.560842,0.001821,-0.003248,-0.002373,-0.004326,0.003862,0.006098,0.000000,0.000000,-0.559008,-0.016691,-1.451350,False
2019-03-31,-0.568696,-0.560962,0.001856,-0.003383,-0.002423,-0.004293,0.003879,0.006102,0.000000,0.000000,-0.559223,-0.009473,-0.823731,False
2019-04-01,-0.575320,-0.561081,0.001882,-0.003514,-0.002471,-0.004259,0.003896,0.006105,0.000000,0.000000,-0.559442,-0.015878,-1.380720,False
2019-04-02,-0.563270,-0.561201,0.001900,-0.003642,-0.002520,-0.004225,0.003914,0.006109,0.000000,0.000000,-0.559664,-0.003606,-0.313537,False
2019-04-03,-0.571192,-0.561321,0.001908,-0.003765,-0.002567,-0.004190,0.003931,0.006113,0.000000,0.000000,-0.559891,-0.011301,-0.982712,False
2019-04-04,-0.577562,-0.561441,0.001907,-0.003883,-0.002614,-0.004156,0.003948,0.006117,0.000000,0.000000,-0.560121,-0.017441,-1.516602,False
2019-04-05,-0.569771,-0.561561,0.001897,-0.003997,-0.002659,-0.004122,0.003966,0.006120,0.000000,0.000000,-0.560355,-0.009416,-0.818787,False
2019-04-06,-0.565384,-0.561681,0.001879,-0.004106,-0.002704,-0.004087,0.003983,0.006124,0.000000,0.000000,-0.560592,-0.004792,-0.416673,False
2019-04-07,-0.578543,-0.561800,0.001851,-0.004210,-0.002749,-0.004052,0.004000,0.006128,0.000000,0.000000,-0.560833,-0.017710,-1.540022,False
2019-04-08,-0.582906,-0.561920,0.001814,-0.004309,-0.002792,-0.004018,0.004017,0.006132,0.000000,0.000000,-0.561076,-0.021830,-1.898246,False
2019-04-09,-0.570646,-0.562040,0.001769,-0.004403,-0.002835,-0.003983,0.004034,0.006135,0.000000,0.000000,-0.561322,-0.009324,-0.810764,False
2019-04-10,-0.588099,-0.562160,0.001716,-0.004492,-0.002877,-0.003948,0.004051,0.006139,0.000000,0.000000,-0.561571,-0.026528,-2.306823,False
2019-04-11,-0.567211,-0.562280,0.001654,-0.004576,-0.002917,-0.003913,0.004068,0.006142,0.000000,0.000000,-0.561821,-0.005390,-0.468715,False
2019-04-12,-0.575025,-0.562399,0.001585,-0.004654,-0.002958,-0.003877,0.004085,0.006146,0.000000,0.000000,-0.562073,-0.012952,-1.126301,False
2019-04-13,-0.570585,-0.562519,0.001508,-0.004726,-0.002997,-0.003842,0.004101,0.006150,0.000000,0.000000,-0.562325,-0.008260,-0.718228,False
2019-04-14,-0.573626,-0.562639,0.001424,-0.004793,-0.003035,-0.003806,0.004118,0.006153,0.000000,0.000000,-0.562579,-0.011047,-0.960623,False
2019-04-15,-0.587163,-0.562759,0.001333,-0.004855,-0.003072,-0.003771,0.004135,0.006157,0.000000,0.000000,-0.562832,-0.024331,-2.115702,False
2019-04-16,-0.571794,-0.562879,0.001236,-0.004910,-0.003109,-0.003735,0.004152,0.006160,0.000000,0.000000,-0.563086,-0.008708,-0.757248,False
2019-04-17,-0.577195,-0.562999,0.001133,-0.004960,-0.003144,-0.003699,0.004168,0.006164,0.000000,0.000000,-0.563338,-0.013857,-1.204961,False
2019-04-18,-0.563257,-0.563118,0.001024,-0.005004,-0.003179,-0.003664,0.004185,0.006167,0.000000,0.000000,-0.563589,0.000332,0.028850,False
2019-04-19,-0.569996,-0.563238,0.000911,-0.005042,-0.003213,-0.003628,0.004201,0.006170,0.000000,0.000000,-0.563838,-0.006158,-0.535517,False
2019-04-20,-0.565260,-0.563358,0.000794,-0.005074,-0.003246,-0.003591,0.004218,0.006174,0.000000,0.000000,-0.564084,-0.001176,-0.102287,False
2019-04-21,-0.581424,-0.563478,0.000672,-0.005100,-0.003277,-0.003555,0.004234,0.006177,0.000000,0.000000,-0.564327,-0.017097,-1.486730,False
2019-04-22,-0.586103,-0.563598,0.000548,-0.005120,-0.003308,-0.003519,0.004250,0.006181,0.000000,0.000000,-0.564566,-0.021537,-1.872813,False
2019-04-23,-0.572288,-0.563717,0.000421,-0.005134,-0.003338,-0.003482,0.004266,0.006184,0.000000,0.000000,-0.564800,-0.007488,-0.651111,False
2019-04-24,-0.580453,-0.563837,0.000292,-0.005141,-0.003367,-0.003446,0.004283,0.006187,0.000000,0.000000,-0.565030,-0.015423,-1.341157,False
2019-04-25,-0.577019,-0.563957,0.000161,-0.005143,-0.003395,-0.003409,0.004299,0.006191,0.000000,0.000000,-0.565253,-0.011766,-1.023092,False
2019-04-26,-0.578484,-0.564077,0.000030,-0.005138,-0.003422,-0.003373,0.004315,0.006194,0.000000,0.000000,-0.565471,-0.013013,-1.131581,False
2019-04-27,-0.578215,-0.564197,-0.000101,-0.005128,-0.003447,-0.003336,0.004331,0.006197,0.000000,0.000000,-0.565681,-0.012534,-1.089894,False
2019-04-28,-0.580638,-0.564317,-0.000232,-0.005111,-0.003472,-0.003299,0.004347,0.006200,0.000000,0.000000,-0.565884,-0.014754,-1.282954,False
2019-04-29,-0.581326,-0.564436,-0.000362,-0.005089,-0.003496,-0.003262,0.004363,0.006203,0.000000,0.000000,-0.566079,-0.015247,-1.325858,False
2019-04-30,-0.574782,-0.564556,-0.000490,-0.005060,-0.003519,-0.003225,0.004379,0.006207,0.000000,0.000000,-0.566264,-0.008518,-0.740658,False
2019-05-01,-0.570393,-0.564676,-0.000616,-0.005025,-0.003540,-0.003188,0.004394,0.006210,0.000000,0.000000,-0.566441,-0.003952,-0.343665,False
2019-05-02,-0.575086,-0.564796,-0.000739,-0.004985,-0.003561,-0.003150,0.004410,0.006213,0.000000,0.000000,-0.566607,-0.008479,-0.737274,False
2019-05-03,-0.575402,-0.564916,-0.000858,-0.004938,-0.003581,-0.003113,0.004426,0.006216,0.000000,0.000000,-0.566763,-0.008639,-0.751186,False
2019-05-04,-0.569665,-0.565035,-0.000973,-0.004886,-0.003599,-0.003075,0.004441,0.006219,0.000000,0.000000,-0.566908,-0.002757,-0.239706,False
2019-05-05,-0.584576,-0.565155,-0.001084,-0.004828,-0.003617,-0.003038,0.004457,0.006222,0.000000,0.000000,-0.567042,-0.017534,-1.524702,False
2019-05-06,-0.579644,-0.565275,-0.001190,-0.004764,-0.003633,-0.003000,0.004473,0.006225,0.000000,0.000000,-0.567164,-0.012480,-1.085258,False
2019-05-07,-0.581896,-0.565395,-0.001289,-0.004694,-0.003648,-0.002962,0.004488,0.006228,0.000000,0.000000,-0.567273,-0.014623,-1.271585,False
2019-05-08,-0.575828,-0.565515,-0.001383,-0.004619,-0.003662,-0.002925,0.004503,0.006231,0.000000,0.000000,-0.567369,-0.008459,-0.735544,False
2019-05-09,-0.575209,-0.565635,-0.001470,-0.004538,-0.003676,-0.002887,0.004519,0.006234,0.000000,0.000000,-0.567453,-0.007756,-0.674469,False
2019-05-10,-0.566131,-0.565754,-0.001551,-0.004452,-0.003688,-0.002849,0.004534,0.006237,0.000000,0.000000,-0.567523,0.001392,0.121003,False
2019-05-11,-0.570628,-0.565874,-0.001624,-0.004361,-0.003699,-0.002811,0.004549,0.006240,0.000000,0.000000,-0.567579,-0.003049,-0.265154,False
2019-05-12,-0.581037,-0.565994,-0.001689,-0.004265,-0.003709,-0.002772,0.004564,0.006243,0.000000,0.000000,-0.567621,-0.013416,-1.166611,False
2019-05-13,-0.578074,-0.566114,-0.001746,-0.004163,-0.003717,-0.002734,0.004579,0.006246,0.000000,0.000000,-0.567649,-0.010425,-0.906516,False
2019-05-14,-0.572995,-0.566234,-0.001795,-0.004057,-0.003725,-0.002696,0.004594,0.006249,0.000000,0.000000,-0.567663,-0.005332,-0.463666,False
2019-05-15,-0.577724,-0.566353,-0.001835,-0.003946,-0.003732,-0.002658,0.004609,0.006252,0.000000,0.000000,-0.567662,-0.010062,-0.874939,False
2019-05-16,-0.584821,-0.566473,-0.001867,-0.003830,-0.003737,-0.002619,0.004624,0.006255,0.000000,0.000000,-0.567647,-0.017174,-1.493383,False
2019-05-17,-0.566807,-0.566593,-0.001890,-0.003709,-0.003741,-0.002580,0.004639,0.006257,0.000000,0.000000,-0.567618,0.000811,0.070478,False
2019-05-18,-0.572809,-0.566713,-0.001904,-0.003584,-0.003745,-0.002542,0.004654,0.006260,0.000000,0.000000,-0.567573,-0.005236,-0.455265,False
2019-05-19,-0.567674,-0.566833,-0.001909,-0.003455,-0.003747,-0.002503,0.004669,0.006263,0.000000,0.000000,-0.567515,-0.000159,-0.013823,False
2019-05-20,-0.578166,-0.566953,-0.001905,-0.003322,-0.003748,-0.002464,0.004683,0.006266,0.000000,0.000000,-0.567442,-0.010724,-0.932490,False
2019-05-21,-0.583600,-0.567072,-0.001891,-0.003185,-0.003748,-0.002426,0.004698,0.006268,0.000000,0.000000,-0.567356,-0.016244,-1.412552,False
2019-05-22,-0.565763,-0.567192,-0.001869,-0.003044,-0.003746,-0.002387,0.004713,0.006271,0.000000,0.000000,-0.567255,0.001492,0.129747,False
2019-05-23,-0.568343,-0.567312,-0.001838,-0.002900,-0.003744,-0.002348,0.004727,0.006274,0.000000,0.000000,-0.567141,-0.001202,-0.104524,False
2019-05-24,-0.572094,-0.567432,-0.001798,-0.002752,-0.003741,-0.002309,0.004741,0.006276,0.000000,0.000000,-0.567014,-0.005080,-0.441773,False
2019-05-25,-0.571769,-0.567552,-0.001750,-0.002601,-0.003736,-0.002270,0.004756,0.006279,0.000000,0.000000,-0.566873,-0.004896,-0.425707,False
2019-05-26,-0.583263,-0.567671,-0.001694,-0.002446,-0.003731,-0.002230,0.004770,0.006282,0.000000,0.000000,-0.566721,-0.016542,-1.438464,False
2019-05-27,-0.585643,-0.567791,-0.001629,-0.002289,-0.003724,-0.002191,0.004784,0.006284,0.000000,0.000000,-0.566556,-0.019087,-1.659743,False
2019-05-28,-0.573069,-0.567911,-0.001557,-0.002129,-0.003716,-0.002152,0.004798,0.006287,0.000000,0.000000,-0.566380,-0.006689,-0.581676,False
2019-05-29,-0.578624,-0.568031,-0.001477,-0.001967,-0.003707,-0.002112,0.004813,0.006289,0.000000,0.000000,-0.566193,-0.012431,-1.080999,False
2019-05-30,-0.574703,-0.568151,-0.001391,-0.001802,-0.003697,-0.002073,0.004827,0.006292,0.000000,0.000000,-0.565995,-0.008708,-0.757227,False
2019-05-31,-0.578226,-0.568271,-0.001297,-0.001635,-0.003686,-0.002034,0.004841,0.006294,0.000000,0.000000,-0.565787,-0.012439,-1.081610,False
2019-06-01,-0.568385,-0.568390,-0.001198,-0.001466,-0.003674,-0.001994,0.004854,0.006297,0.000000,0.000000,-0.565571,-0.002814,-0.244703,False
2019-06-02,-0.566891,-0.568510,-0.001093,-0.001296,-0.003660,-0.001954,0.004868,0.006299,0.000000,0.000000,-0.565346,-0.001545,-0.134358,False
2019-06-03,-0.571210,-0.568630,-0.000983,-0.001124,-0.003646,-0.001915,0.004882,0.006302,0.000000,0.000000,-0.565113,-0.006097,-0.530168,False
2019-06-04,-0.575573,-0.568750,-0.000868,-0.000950,-0.003630,-0.001875,0.004896,0.006304,0.000000,0.000000,-0.564873,-0.010700,-0.930415,False
2019-06-05,-0.551657,-0.568870,-0.000749,-0.000776,-0.003614,-0.001835,0.004909,0.006306,0.000000,0.000000,-0.564627,0.012970,1.127835,False
2019-06-06,-0.579783,-0.568989,-0.000626,-0.000600,-0.003596,-0.001795,0.004923,0.006309,0.000000,0.000000,-0.564375,-0.015408,-1.339786,False
2019-06-07,-0.570773,-0.569109,-0.000500,-0.000424,-0.003578,-0.001756,0.004937,0.006311,0.000000,0.000000,-0.564119,-0.006654,-0.578598,False
2019-06-08,-0.564246,-0.569229,-0.000373,-0.000247,-0.003558,-0.001716,0.004950,0.006313,0.000000,0.000000,-0.563859,-0.000387,-0.033662,False
2019-06-09,-0.568567,-0.569349,-0.000243,-0.000070,-0.003537,-0.001676,0.004963,0.006316,0.000000,0.000000,-0.563596,-0.004971,-0.432298,False
2019-06-10,-0.561473,-0.569469,-0.000112,0.000107,-0.003515,-0.001636,0.004977,0.006318,0.000000,0.000000,-0.563330,0.001857,0.161479,False
2019-06-11,-0.561175,-0.569589,0.000019,0.000284,-0.003492,-0.001596,0.004990,0.006320,0.000000,0.000000,-0.563063,0.001888,0.164178,False
2019-06-12,-0.578566,-0.569708,0.000151,0.000460,-0.003468,-0.001555,0.005003,0.006323,0.000000,0.000000,-0.562796,-0.015770,-1.371346,False
2019-06-13,-0.566631,-0.569828,0.000281,0.000636,-0.003443,-0.001515,0.005016,0.006325,0.000000,0.000000,-0.562528,-0.004103,-0.356760,False
2019-06-14,-0.578372,-0.569948,0.000410,0.000811,-0.003417,-0.001475,0.005029,0.006327,0.000000,0.000000,-0.562262,-0.016110,-1.400859,False
2019-06-15,-0.570933,-0.570068,0.000538,0.000986,-0.003390,-0.001435,0.005042,0.006329,0.000000,0.000000,-0.561998,-0.008935,-0.776964,False
2019-06-16,-0.583350,-0.570188,0.000662,0.001159,-0.003362,-0.001394,0.005055,0.006331,0.000000,0.000000,-0.561736,-0.021614,-1.879437,False
2019-06-17,-0.570664,-0.570307,0.000784,0.001331,-0.003333,-0.001354,0.005068,0.006333,0.000000,0.000000,-0.561479,-0.009185,-0.798731,False
2019-06-18,-0.576499,-0.570427,0.000902,0.001501,-0.003303,-0.001314,0.005081,0.006335,0.000000,0.000000,-0.561225,-0.015274,-1.328168,False
2019-06-19,-0.564583,-0.570547,0.001015,0.001669,-0.003272,-0.001273,0.005094,0.006337,0.000000,0.000000,-0.560977,-0.003606,-0.313594,False
2019-06-20,-0.564482,-0.570667,0.001124,0.001836,-0.003241,-0.001233,0.005107,0.006340,0.000000,0.000000,-0.560734,-0.003748,-0.325901,False
2019-06-21,-0.585082,-0.570787,0.001228,0.002000,-0.003208,-0.001192,0.005119,0.006342,0.000000,0.000000,-0.560498,-0.024584,-2.137721,False
2019-06-22,-0.554126,-0.570906,0.001325,0.002162,-0.003174,-0.001152,0.005132,0.006344,0.000000,0.000000,-0.560270,0.006144,0.534224,False
2019-06-23,-0.578174,-0.571026,0.001417,0.002321,-0.003139,-0.001111,0.005144,0.006346,0.000000,0.000000,-0.560049,-0.018125,-1.576095,False
2019-06-24,-0.572423,-0.571146,0.001501,0.002478,-0.003103,-0.001071,0.005157,0.006347,0.000000,0.000000,-0.559837,-0.012586,-1.094450,False
2019-06-25,-0.566905,-0.571266,0.001579,0.002632,-0.003067,-0.001030,0.005169,0.006349,0.000000,0.000000,-0.559634,-0.007271,-0.632266,False
2019-06-26,-0.577528,-0.571386,0.001649,0.002782,-0.003029,-0.000990,0.005181,0.006351,0.000000,0.000000,-0.559441,-0.018087,-1.572800,False
2019-06-27,-0.584419,-0.571506,0.001711,0.002929,-0.002991,-0.000949,0.005193,0.006353,0.000000,0.000000,-0.559258,-0.025161,-2.187918,False
2019-06-28,-0.571101,-0.571625,0.001765,0.003073,-0.002951,-0.000908,0.005205,0.006355,0.000000,0.000000,-0.559086,-0.012015,-1.044796,False
2019-06-29,-0.564195,-0.571745,0.001811,0.003213,-0.002911,-0.000867,0.005218,0.006357,0.000000,0.000000,-0.558925,-0.005270,-0.458266,False
2019-06-30,-0.571956,-0.571865,0.001848,0.003350,-0.002870,-0.000827,0.005230,0.006359,0.000000,0.000000,-0.558776,-0.013180,-1.146075,False
2019-07-01,-0.579716,-0.571985,0.001877,0.003482,-0.002828,-0.000786,0.005241,0.006361,0.000000,0.000000,-0.558638,-0.021078,-1.832845,False
2019-07-02,-0.583171,-0.572105,0.001896,0.003610,-0.002785,-0.000745,0.005253,0.006362,0.000000,0.000000,-0.558513,-0.024658,-2.144159,False
2019-07-03,-0.579551,-0.572224,0.001907,0.003734,-0.002742,-0.000704,0.005265,0.006364,0.000000,0.000000,-0.558401,-0.021150,-1.839167,False
2019-07-04,-0.558124,-0.572344,0.001908,0.003854,-0.002697,-0.000663,0.005277,0.006366,0.000000,0.000000,-0.558301,0.000177,0.015366,False
2019-07-05,-0.546211,-0.572464,0.001901,0.003969,-0.002652,-0.000623,0.005288,0.006368,0.000000,0.000000,-0.558214,0.012003,1.043714,False
2019-07-06,-0.558311,-0.572584,0.001884,0.004079,-0.002606,-0.000582,0.005300,0.006369,0.000000,0.000000,-0.558140,-0.000171,-0.014894,False
2019-07-07,-0.576820,-0.572704,0.001859,0.004184,-0.002560,-0.000541,0.005312,0.006371,0.000000,0.000000,-0.558079,-0.018741,-1.629670,False
2019-07-08,-0.556790,-0.572824,0.001824,0.004285,-0.002512,-0.000500,0.005323,0.006373,0.000000,0.000000,-0.558031,0.001241,0.107909,False
2019-07-09,-0.561960,-0.572943,0.001781,0.004380,-0.002464,-0.000459,0.005334,0.006374,0.000000,0.000000,-0.557996,-0.003964,-0.344680,False
2019-07-10,-0.559994,-0.573063,0.001730,0.004470,-0.002415,-0.000418,0.005346,0.006376,0.000000,0.000000,-0.557974,-0.002020,-0.175619,False
2019-07-11,-0.591133,-0.573183,0.001670,0.004555,-0.002365,-0.000377,0.005357,0.006377,0.000000,0.000000,-0.557965,-0.033168,-2.884135,False
2019-07-12,-0.588864,-0.573303,0.001603,0.004635,-0.002315,-0.000336,0.005368,0.006379,0.000000,0.000000,-0.557969,-0.030895,-2.686504,False
2019-07-13,-0.562343,-0.573423,0.001528,0.004709,-0.002264,-0.000295,0.005379,0.006380,0.000000,0.000000,-0.557985,-0.004358,-0.378917,False
2019-07-14,-0.580777,-0.573542,0.001445,0.004777,-0.002212,-0.000254,0.005390,0.006382,0.000000,0.000000,-0.558014,-0.022763,-1.979396,False
2019-07-15,-0.589650,-0.573662,0.001356,0.004840,-0.002159,-0.000213,0.005401,0.006383,0.000000,0.000000,-0.558054,-0.031596,-2.747446,False
2019-07-16,-0.575824,-0.573782,0.001261,0.004897,-0.002106,-0.000172,0.005412,0.006385,0.000000,0.000000,-0.558106,-0.017718,-1.540660,False
2019-07-17,-0.576420,-0.573902,0.001159,0.004948,-0.002053,-0.000131,0.005423,0.006386,0.000000,0.000000,-0.558170,-0.018250,-1.586983,False
2019-07-18,-0.573424,-0.574022,0.001052,0.004993,-0.001998,-0.000090,0.005434,0.006388,0.000000,0.000000,-0.558244,-0.015180,-1.320016,False
2019-07-19,-0.574285,-0.574142,0.000940,0.005033,-0.001944,-0.000049,0.005444,0.006389,0.000000,0.000000,-0.558328,-0.015957,-1.387535,False
2019-07-20,-0.573241,-0.574261,0.000823,0.005066,-0.001888,-0.000008,0.005455,0.006390,0.000000,0.000000,-0.558423,-0.014818,-1.288539,False
2019-07-21,-0.589298,-0.574381,0.000703,0.005094,-0.001832,0.000033,0.005465,0.006392,0.000000,0.000000,-0.558527,-0.030771,-2.675764,False
2019-07-22,-0.564924,-0.574501,0.000579,0.005115,-0.001776,0.000074,0.005476,0.006393,0.000000,0.000000,-0.558640,-0.006284,-0.546475,False
2019-07-23,-0.554918,-0.574621,0.000453,0.005131,-0.001719,0.000115,0.005486,0.006394,0.000000,0.000000,-0.558761,0.003843,0.334151,False
2019-07-24,-0.568204,-0.574741,0.000324,0.005140,-0.001661,0.000156,0.005496,0.006396,0.000000,0.000000,-0.558890,-0.009314,-0.809934,False
2019-07-25,-0.578830,-0.574860,0.000194,0.005143,-0.001603,0.000197,0.005507,0.006397,0.000000,0.000000,-0.559026,-0.019804,-1.722086,False
2019-07-26,-0.564465,-0.574980,0.000063,0.005140,-0.001544,0.000238,0.005517,0.006398,0.000000,0.000000,-0.559169,-0.005296,-0.460530,False
2019-07-27,-0.548279,-0.575100,-0.000069,0.005131,-0.001485,0.000279,0.005527,0.006399,0.000000,0.000000,-0.559318,0.011039,0.959899,False
2019-07-28,-0.566741,-0.575220,-0.000200,0.005116,-0.001426,0.000320,0.005537,0.006401,0.000000,0.000000,-0.559472,-0.007269,-0.632071,False
2019-07-29,-0.580010,-0.575340,-0.000330,0.005095,-0.001366,0.000361,0.005547,0.006402,0.000000,0.000000,-0.559631,-0.020379,-1.772058,False
2019-07-30,-0.564077,-0.575460,-0.000458,0.005068,-0.001306,0.000402,0.005557,0.006403,0.000000,0.000000,-0.559795,-0.004282,-0.372377,False
2019-07-31,-0.548993,-0.575579,-0.000585,0.005035,-0.001245,0.000443,0.005567,0.006404,0.000000,0.000000,-0.559962,0.010969,0.953786,False
2019-08-01,-0.565259,-0.575699,-0.000708,0.004995,-0.001184,0.000483,0.005576,0.006405,0.000000,0.000000,-0.560131,-0.005128,-0.445882,False
2019-08-02,-0.568950,-0.575819,-0.000829,0.004950,-0.001123,0.000524,0.005586,0.006406,0.000000,0.000000,-0.560303,-0.008647,-0.751870,False
2019-08-03,-0.578822,-0.575939,-0.000945,0.004899,-0.001061,0.000565,0.005595,0.006407,0.000000,0.000000,-0.560477,-0.018345,-1.595187,False
2019-08-04,-0.571473,-0.576059,-0.001057,0.004843,-0.000999,0.000606,0.005605,0.006408,0.000000,0.000000,-0.560652,-0.010821,-0.940928,False
2019-08-05,-0.556400,-0.576178,-0.001164,0.004780,-0.000937,0.000647,0.005614,0.006409,0.000000,0.000000,-0.560828,0.004428,0.385031,False
2019-08-06,-0.560588,-0.576298,-0.001265,0.004712,-0.000874,0.000688,0.005624,0.006410,0.000000,0.000000,-0.561003,0.000415,0.036119,False
2019-08-07,-0.573783,-0.576418,-0.001360,0.004638,-0.000811,0.000729,0.005633,0.006411,0.000000,0.000000,-0.561178,-0.012605,-1.096058,False
2019-08-08,-0.566193,-0.576538,-0.001449,0.004559,-0.000748,0.000770,0.005642,0.006412,0.000000,0.000000,-0.561352,-0.004841,-0.420937,False
2019-08-09,-0.578233,-0.576658,-0.001531,0.004474,-0.000685,0.000810,0.005651,0.006413,0.000000,0.000000,-0.561525,-0.016708,-1.452908,False
2019-08-10,-0.577588,-0.576778,-0.001606,0.004384,-0.000621,0.000851,0.005660,0.006414,0.000000,0.000000,-0.561695,-0.015893,-1.382014,False
2019-08-11,-0.572478,-0.576897,-0.001673,0.004289,-0.000557,0.000892,0.005669,0.006415,0.000000,0.000000,-0.561863,-0.010615,-0.923074,False
2019-08-12,-0.545170,-0.577017,-0.001732,0.004189,-0.000494,0.000932,0.005678,0.006416,0.000000,0.000000,-0.562028,0.016858,1.465876,False
2019-08-13,-0.569118,-0.577137,-0.001783,0.004084,-0.000430,0.000973,0.005687,0.006417,0.000000,0.000000,-0.562189,-0.006929,-0.602502,False
2019-08-14,-0.549452,-0.577257,-0.001826,0.003974,-0.000365,0.001014,0.005696,0.006417,0.000000,0.000000,-0.562347,0.012895,1.121327,False
2019-08-15,-0.591985,-0.577377,-0.001860,0.003859,-0.000301,0.001054,0.005705,0.006418,0.000000,0.000000,-0.562501,-0.029484,-2.563793,False
2019-08-16,-0.547810,-0.577496,-0.001885,0.003740,-0.000237,0.001095,0.005713,0.006419,0.000000,0.000000,-0.562651,0.014841,1.290547,False
2019-08-17,-0.580295,-0.577616,-0.001901,0.003616,-0.000172,0.001136,0.005722,0.006420,0.000000,0.000000,-0.562797,-0.017498,-1.521586,False
2019-08-18,-0.577466,-0.577736,-0.001908,0.003488,-0.000108,0.001176,0.005730,0.006420,0.000000,0.000000,-0.562938,-0.014528,-1.263340,False
2019-08-19,-0.580881,-0.577856,-0.001906,0.003356,-0.000043,0.001217,0.005739,0.006421,0.000000,0.000000,-0.563074,-0.017807,-1.548470,False
2019-08-20,-0.582439,-0.577976,-0.001895,0.003220,0.000021,0.001257,0.005747,0.006422,0.000000,0.000000,-0.563205,-0.019234,-1.672550,False
2019-08-21,-0.572551,-0.578096,-0.001876,0.003080,0.000086,0.001298,0.005755,0.006422,0.000000,0.000000,-0.563331,-0.009220,-0.801763,False
2019-08-22,-0.567835,-0.578215,-0.001847,0.002936,0.000150,0.001338,0.005763,0.006423,0.000000,0.000000,-0.563452,-0.004383,-0.381156,False
2019-08-23,-0.565585,-0.578335,-0.001809,0.002789,0.000215,0.001378,0.005771,0.006424,0.000000,0.000000,-0.563568,-0.002017,-0.175427,False
2019-08-24,-0.576360,-0.578455,-0.001763,0.002639,0.000279,0.001419,0.005779,0.006424,0.000000,0.000000,-0.563678,-0.012682,-1.102748,False
2019-08-25,-0.553473,-0.578575,-0.001709,0.002485,0.000343,0.001459,0.005787,0.006425,0.000000,0.000000,-0.563784,0.010311,0.896627,False
2019-08-26,-0.576690,-0.578695,-0.001646,0.002329,0.000407,0.001499,0.005795,0.006425,0.000000,0.000000,-0.563885,-0.012805,-1.113469,False
2019-08-27,-0.573218,-0.578814,-0.001576,0.002169,0.000472,0.001539,0.005803,0.006426,0.000000,0.000000,-0.563981,-0.009237,-0.803197,False
2019-08-28,-0.571841,-0.578934,-0.001498,0.002008,0.000535,0.001579,0.005811,0.006426,0.000000,0.000000,-0.564073,-0.007768,-0.675501,False
2019-08-29,-0.578393,-0.579054,-0.001413,0.001843,0.000599,0.001619,0.005818,0.006427,0.000000,0.000000,-0.564160,-0.014233,-1.237667,False
2019-08-30,-0.578155,-0.579174,-0.001321,0.001677,0.000663,0.001660,0.005826,0.006427,0.000000,0.000000,-0.564243,-0.013912,-1.209762,False
2019-08-31,-0.569835,-0.579294,-0.001223,0.001509,0.000726,0.001700,0.005833,0.006427,0.000000,0.000000,-0.564322,-0.005513,-0.479416,False
2019-09-01,-0.561678,-0.579414,-0.001120,0.001339,0.000789,0.001739,0.005841,0.006428,0.000000,0.000000,-0.564397,0.002719,0.236439,False
2019-09-02,-0.567952,-0.579533,-0.001011,0.001167,0.000852,0.001779,0.005848,0.006428,0.000000,0.000000,-0.564469,-0.003483,-0.302866,False
2019-09-03,-0.564799,-0.579653,-0.000897,0.000994,0.000915,0.001819,0.005855,0.006429,0.000000,0.000000,-0.564538,-0.000261,-0.022693,False
2019-09-04,-0.569357,-0.579773,-0.000779,0.000819,0.000977,0.001859,0.005862,0.006429,0.000000,0.000000,-0.564604,-0.004752,-0.413228,False
2019-09-05,-0.573914,-0.579893,-0.000657,0.000644,0.001040,0.001899,0.005870,0.006429,0.000000,0.000000,-0.564668,-0.009246,-0.803962,False
2019-09-06,-0.557058,-0.580013,-0.000532,0.000468,0.001101,0.001938,0.005877,0.006429,0.000000,0.000000,-0.564731,0.007673,0.667185,False
2019-09-07,-0.563887,-0.580132,-0.000405,0.000292,0.001163,0.001978,0.005884,0.006430,0.000000,0.000000,-0.564791,0.000904,0.078636,False
2019-09-08,-0.552274,-0.580252,-0.000275,0.000115,0.001224,0.002018,0.005890,0.006430,0.000000,0.000000,-0.564851,0.012577,1.093647,False
2019-09-09,-0.566754,-0.580372,-0.000145,-0.000062,0.001285,0.002057,0.005897,0.006430,0.000000,0.000000,-0.564910,-0.001844,-0.160311,False
2019-09-10,-0.581233,-0.580492,-0.000014,-0.000239,0.001345,0.002097,0.005904,0.006430,0.000000,0.000000,-0.564969,-0.016264,-1.414289,False
2019-09-11,-0.567043,-0.580612,0.000118,-0.000416,0.001405,0.002136,0.005910,0.006431,0.000000,0.000000,-0.565028,-0.002015,-0.175248,False
2019-09-12,-0.558831,-0.580732,0.000249,-0.000592,0.001465,0.002175,0.005917,0.006431,0.000000,0.000000,-0.565087,0.006256,0.544023,False
2019-09-13,-0.571009,-0.580851,0.000378,-0.000768,0.001524,0.002215,0.005924,0.006431,0.000000,0.000000,-0.565148,-0.005861,-0.509657,False
2019-09-14,-0.572086,-0.580971,0.000506,-0.000942,0.001583,0.002254,0.005930,0.006431,0.000000,0.000000,-0.565210,-0.006876,-0.597901,False
2019-09-15,-0.558936,-0.581091,0.000631,-0.001116,0.001641,0.002293,0.005936,0.006431,0.000000,0.000000,-0.565274,0.006338,0.551151,False
2019-09-16,-0.556519,-0.581211,0.000754,-0.001288,0.001699,0.002332,0.005942,0.006431,0.000000,0.000000,-0.565341,0.008822,0.767101,False
2019-09-17,-0.558166,-0.581331,0.000873,-0.001459,0.001756,0.002371,0.005949,0.006431,0.000000,0.000000,-0.565410,0.007244,0.629897,False
2019-09-18,-0.565691,-0.581450,0.000987,-0.001627,0.001813,0.002410,0.005955,0.006431,0.000000,0.000000,-0.565482,-0.000209,-0.018169,False
2019-09-19,-0.557608,-0.581570,0.001098,-0.001794,0.001869,0.002449,0.005961,0.006431,0.000000,0.000000,-0.565558,0.007950,0.691283,False
2019-09-20,-0.566960,-0.581690,0.001202,-0.001959,0.001925,0.002488,0.005967,0.006431,0.000000,0.000000,-0.565637,-0.001323,-0.115021,False
2019-09-21,-0.562329,-0.581810,0.001302,-0.002122,0.001980,0.002526,0.005972,0.006431,0.000000,0.000000,-0.565721,0.003392,0.294946,False
2019-09-22,-0.576405,-0.581930,0.001394,-0.002282,0.002034,0.002565,0.005978,0.006431,0.000000,0.000000,-0.565809,-0.010596,-0.921399,False
2019-09-23,-0.579342,-0.582050,0.001481,-0.002439,0.002088,0.002604,0.005984,0.006431,0.000000,0.000000,-0.565902,-0.013440,-1.168727,False
2019-09-24,-0.576922,-0.582169,0.001560,-0.002594,0.002141,0.002642,0.005990,0.006431,0.000000,0.000000,-0.565999,-0.010923,-0.949802,False
2019-09-25,-0.572127,-0.582289,0.001632,-0.002745,0.002194,0.002680,0.005995,0.006430,0.000000,0.000000,-0.566102,-0.006025,-0.523908,False
2019-09-26,-0.583521,-0.582409,0.001696,-0.002893,0.002246,0.002719,0.006001,0.006430,0.000000,0.000000,-0.566210,-0.017311,-1.505292,False
2019-09-27,-0.569232,-0.582529,0.001753,-0.003038,0.002297,0.002757,0.006006,0.006430,0.000000,0.000000,-0.566324,-0.002908,-0.252897,False
2019-09-28,-0.575778,-0.582649,0.001800,-0.003179,0.002348,0.002795,0.006011,0.006430,0.000000,0.000000,-0.566443,-0.009335,-0.811757,False
2019-09-29,-0.586607,-0.582768,0.001840,-0.003316,0.002398,0.002833,0.006016,0.006430,0.000000,0.000000,-0.566568,-0.020039,-1.742561,False
2019-09-30,-0.558001,-0.582888,0.001870,-0.003449,0.002447,0.002871,0.006022,0.006429,0.000000,0.000000,-0.566698,0.008697,0.756260,False
2019-10-01,-0.563583,-0.583008,0.001892,-0.003579,0.002496,0.002909,0.006027,0.006429,0.000000,0.000000,-0.566834,0.003251,0.282706,False
2019-10-02,-0.573366,-0.583128,0.001905,-0.003704,0.002543,0.002947,0.006032,0.006429,0.000000,0.000000,-0.566976,-0.006390,-0.555662,False
2019-10-03,-0.579553,-0.583248,0.001909,-0.003824,0.002590,0.002985,0.006036,0.006428,0.000000,0.000000,-0.567123,-0.012430,-1.080848,False
2019-10-04,-0.589341,-0.583368,0.001903,-0.003940,0.002637,0.003023,0.006041,0.006428,0.000000,0.000000,-0.567276,-0.022065,-1.918689,False
2019-10-05,-0.585239,-0.583487,0.001889,-0.004052,0.002682,0.003060,0.006046,0.006428,0.000000,0.000000,-0.567434,-0.017805,-1.548242,False
2019-10-06,-0.581753,-0.583607,0.001866,-0.004158,0.002727,0.003098,0.006051,0.006427,0.000000,0.000000,-0.567598,-0.014155,-1.230913,False
2019-10-07,-0.577749,-0.583727,0.001834,-0.004260,0.002771,0.003135,0.006055,0.006427,0.000000,0.000000,-0.567766,-0.009983,-0.868113,False
2019-10-08,-0.581471,-0.583847,0.001793,-0.004357,0.002814,0.003172,0.006060,0.006426,0.000000,0.000000,-0.567939,-0.013532,-1.176734,False
2019-10-09,-0.576827,-0.583967,0.001744,-0.004448,0.002856,0.003210,0.006064,0.006426,0.000000,0.000000,-0.568116,-0.008711,-0.757498,False
2019-10-10,-0.565412,-0.584086,0.001686,-0.004535,0.002897,0.003247,0.006069,0.006425,0.000000,0.000000,-0.568297,0.002885,0.250871,False
2019-10-11,-0.579272,-0.584206,0.001621,-0.004615,0.002938,0.003284,0.006073,0.006425,0.000000,0.000000,-0.568482,-0.010790,-0.938267,False
2019-10-12,-0.562353,-0.584326,0.001547,-0.004691,0.002977,0.003321,0.006077,0.006424,0.000000,0.000000,-0.568670,0.006317,0.549316,False
2019-10-13,-0.582770,-0.584446,0.001467,-0.004761,0.003016,0.003358,0.006081,0.006424,0.000000,0.000000,-0.568861,-0.013909,-1.209462,False
2019-10-14,-0.583437,-0.584566,0.001379,-0.004825,0.003054,0.003395,0.006085,0.006423,0.000000,0.000000,-0.569055,-0.014382,-1.250640,False
2019-10-15,-0.578145,-0.584686,0.001285,-0.004883,0.003091,0.003431,0.006089,0.006423,0.000000,0.000000,-0.569250,-0.008895,-0.773477,False
2019-10-16,-0.569722,-0.584805,0.001185,-0.004936,0.003127,0.003468,0.006093,0.006422,0.000000,0.000000,-0.569447,-0.000275,-0.023929,False
2019-10-17,-0.571456,-0.584925,0.001079,-0.004983,0.003162,0.003504,0.006097,0.006421,0.000000,0.000000,-0.569645,-0.001811,-0.157521,False
2019-10-18,-0.578470,-0.585045,0.000968,-0.005024,0.003196,0.003541,0.006100,0.006421,0.000000,0.000000,-0.569843,-0.008627,-0.750212,False
2019-10-19,-0.578624,-0.585165,0.000853,-0.005059,0.003229,0.003577,0.006104,0.006420,0.000000,0.000000,-0.570040,-0.008584,-0.746401,False
2019-10-20,-0.580759,-0.585285,0.000733,-0.005088,0.003262,0.003613,0.006108,0.006419,0.000000,0.000000,-0.570237,-0.010522,-0.914918,False
2019-10-21,-0.566855,-0.585404,0.000610,-0.005110,0.003293,0.003649,0.006111,0.006418,0.000000,0.000000,-0.570433,0.003578,0.311139,False
2019-10-22,-0.572234,-0.585524,0.000485,-0.005127,0.003323,0.003685,0.006114,0.006418,0.000000,0.000000,-0.570627,-0.001607,-0.139757,False
2019-10-23,-0.586492,-0.585644,0.000356,-0.005138,0.003353,0.003721,0.006118,0.006417,0.000000,0.000000,-0.570818,-0.015674,-1.362966,False
2019-10-24,-0.584238,-0.585764,0.000227,-0.005143,0.003381,0.003757,0.006121,0.006416,0.000000,0.000000,-0.571006,-0.013232,-1.150627,False
2019-10-25,-0.590194,-0.585884,0.000096,-0.005141,0.003408,0.003792,0.006124,0.006415,0.000000,0.000000,-0.571190,-0.019004,-1.652531,False
2019-10-26,-0.579551,-0.586004,-0.000036,-0.005134,0.003435,0.003828,0.006127,0.006414,0.000000,0.000000,-0.571370,-0.008181,-0.711429,False
2019-10-27,-0.579508,-0.586123,-0.000167,-0.005120,0.003460,0.003863,0.006130,0.006413,0.000000,0.000000,-0.571544,-0.007964,-0.692502,False
2019-10-28,-0.581459,-0.586243,-0.000297,-0.005101,0.003484,0.003898,0.006133,0.006412,0.000000,0.000000,-0.571713,-0.009746,-0.847456,False
2019-10-29,-0.586230,-0.586363,-0.000426,-0.005075,0.003507,0.003934,0.006136,0.006412,0.000000,0.000000,-0.571876,-0.014354,-1.248166,False
2019-10-30,-0.586470,-0.586483,-0.000553,-0.005043,0.003530,0.003969,0.006139,0.006411,0.000000,0.000000,-0.572032,-0.014438,-1.255466,False
2019-10-31,-0.584371,-0.586603,-0.000678,-0.005006,0.003551,0.004004,0.006141,0.006410,0.000000,0.000000,-0.572181,-0.012190,-1.060013,False
2019-11-01,-0.576836,-0.586722,-0.000799,-0.004962,0.003571,0.004038,0.006144,0.006409,0.000000,0.000000,-0.572322,-0.004514,-0.392548,False
2019-11-02,-0.576869,-0.586842,-0.000916,-0.004913,0.003590,0.004073,0.006146,0.006408,0.000000,0.000000,-0.572454,-0.004415,-0.383901,False
2019-11-03,-0.581661,-0.586962,-0.001029,-0.004857,0.003608,0.004108,0.006149,0.006407,0.000000,0.000000,-0.572578,-0.009083,-0.789851,False
2019-11-04,-0.584044,-0.587082,-0.001137,-0.004796,0.003625,0.004142,0.006151,0.006405,0.000000,0.000000,-0.572692,-0.011352,-0.987136,False
2019-11-05,-0.571729,-0.587202,-0.001240,-0.004730,0.003641,0.004177,0.006153,0.006404,0.000000,0.000000,-0.572796,0.001067,0.092817,False
2019-11-06,-0.579888,-0.587322,-0.001337,-0.004657,0.003656,0.004211,0.006156,0.006403,0.000000,0.000000,-0.572891,-0.006997,-0.608464,False
2019-11-07,-0.590785,-0.587441,-0.001428,-0.004579,0.003669,0.004245,0.006158,0.006402,0.000000,0.000000,-0.572974,-0.017811,-1.548750,False
2019-11-08,-0.580935,-0.587561,-0.001511,-0.004496,0.003682,0.004279,0.006160,0.006401,0.000000,0.000000,-0.573047,-0.007888,-0.685894,False
2019-11-09,-0.588934,-0.587681,-0.001588,-0.004407,0.003693,0.004313,0.006162,0.006400,0.000000,0.000000,-0.573109,-0.015825,-1.376097,False
2019-11-10,-0.580335,-0.587801,-0.001657,-0.004314,0.003704,0.004347,0.006163,0.006399,0.000000,0.000000,-0.573159,-0.007176,-0.623989,False
2019-11-11,-0.569625,-0.587921,-0.001718,-0.004215,0.003713,0.004380,0.006165,0.006397,0.000000,0.000000,-0.573198,0.003573,0.310672,False
2019-11-12,-0.588539,-0.588040,-0.001771,-0.004111,0.003721,0.004414,0.006167,0.006396,0.000000,0.000000,-0.573225,-0.015314,-1.331694,False
2019-11-13,-0.590647,-0.588160,-0.001816,-0.004002,0.003728,0.004447,0.006169,0.006395,0.000000,0.000000,-0.573239,-0.017408,-1.513706,False
2019-11-14,-0.584724,-0.588280,-0.001852,-0.003888,0.003734,0.004480,0.006170,0.006394,0.000000,0.000000,-0.573242,-0.011482,-0.998415,False
2019-11-15,-0.577340,-0.588400,-0.001880,-0.003770,0.003739,0.004513,0.006172,0.006392,0.000000,0.000000,-0.573233,-0.004107,-0.357129,False
2019-11-16,-0.574279,-0.588520,-0.001898,-0.003647,0.003743,0.004546,0.006173,0.006391,0.000000,0.000000,-0.573212,-0.001067,-0.092801,False
2019-11-17,-0.575760,-0.588640,-0.001907,-0.003520,0.003746,0.004579,0.006174,0.006390,0.000000,0.000000,-0.573179,-0.002581,-0.224472,False
2019-11-18,-0.571758,-0.588759,-0.001908,-0.003389,0.003747,0.004612,0.006175,0.006388,0.000000,0.000000,-0.573134,0.001376,0.119609,False
2019-11-19,-0.581079,-0.588879,-0.001899,-0.003254,0.003748,0.004644,0.006177,0.006387,0.000000,0.000000,-0.573077,-0.008002,-0.695851,False
2019-11-20,-0.581369,-0.588999,-0.001881,-0.003115,0.003747,0.004677,0.006178,0.006385,0.000000,0.000000,-0.573008,-0.008361,-0.727007,False
2019-11-21,-0.578778,-0.589119,-0.001855,-0.002972,0.003745,0.004709,0.006179,0.006384,0.000000,0.000000,-0.572929,-0.005849,-0.508620,False
2019-11-22,-0.575601,-0.589239,-0.001819,-0.002826,0.003743,0.004741,0.006179,0.006382,0.000000,0.000000,-0.572838,-0.002763,-0.240230,False
2019-11-23,-0.577669,-0.589358,-0.001775,-0.002677,0.003739,0.004773,0.006180,0.006381,0.000000,0.000000,-0.572737,-0.004932,-0.428851,False
2019-11-24,-0.586240,-0.589478,-0.001723,-0.002524,0.003734,0.004805,0.006181,0.006379,0.000000,0.000000,-0.572626,-0.013614,-1.183840,False
2019-11-25,-0.581823,-0.589598,-0.001662,-0.002368,0.003727,0.004837,0.006182,0.006378,0.000000,0.000000,-0.572505,-0.009318,-0.810291,False
2019-11-26,-0.577037,-0.589718,-0.001594,-0.002209,0.003720,0.004869,0.006182,0.006376,0.000000,0.000000,-0.572374,-0.004663,-0.405467,False
2019-11-27,-0.580353,-0.589838,-0.001518,-0.002048,0.003712,0.004900,0.006183,0.006375,0.000000,0.000000,-0.572235,-0.008118,-0.705932,False
2019-11-28,-0.581132,-0.589958,-0.001435,-0.001885,0.003702,0.004932,0.006183,0.006373,0.000000,0.000000,-0.572087,-0.009045,-0.786508,False
2019-11-29,-0.578301,-0.590077,-0.001345,-0.001719,0.003692,0.004963,0.006183,0.006371,0.000000,0.000000,-0.571932,-0.006369,-0.553839,False
2019-11-30,-0.577713,-0.590197,-0.001248,-0.001551,0.003680,0.004994,0.006184,0.006370,0.000000,0.000000,-0.571769,-0.005944,-0.516829,False
2019-12-01,-0.580990,-0.590317,-0.001146,-0.001381,0.003667,0.005025,0.006184,0.006368,0.000000,0.000000,-0.571601,-0.009389,-0.816463,False
2019-12-02,-0.570989,-0.590437,-0.001038,-0.001210,0.003653,0.005055,0.006184,0.006366,0.000000,0.000000,-0.571426,0.000437,0.038012,False
2019-12-03,-0.582079,-0.590557,-0.000926,-0.001037,0.003638,0.005086,0.006184,0.006365,0.000000,0.000000,-0.571247,-0.010832,-0.941949,False
2019-12-04,-0.588622,-0.590676,-0.000809,-0.000863,0.003622,0.005117,0.006184,0.006363,0.000000,0.000000,-0.571063,-0.017559,-1.526891,False
2019-12-05,-0.555595,-0.590796,-0.000688,-0.000688,0.003605,0.005147,0.006183,0.006361,0.000000,0.000000,-0.570875,0.015280,1.328729,False
2019-12-06,-0.583592,-0.590916,-0.000564,-0.000512,0.003587,0.005177,0.006183,0.006359,0.000000,0.000000,-0.570685,-0.012907,-1.122325,False
2019-12-07,-0.575159,-0.591036,-0.000437,-0.000336,0.003568,0.005207,0.006183,0.006358,0.000000,0.000000,-0.570493,-0.004666,-0.405724,False
2019-12-08,-0.591598,-0.591156,-0.000308,-0.000159,0.003548,0.005237,0.006182,0.006356,0.000000,0.000000,-0.570300,-0.021298,-1.852006,False
2019-12-09,-0.582859,-0.591276,-0.000178,0.000018,0.003526,0.005267,0.006182,0.006354,0.000000,0.000000,-0.570106,-0.012753,-1.108926,False
2019-12-10,-0.567620,-0.591395,-0.000046,0.000195,0.003504,0.005296,0.006181,0.006352,0.000000,0.000000,-0.569913,0.002293,0.199413,False
2019-12-11,-0.570305,-0.591515,0.000085,0.000372,0.003480,0.005326,0.006181,0.006350,0.000000,0.000000,-0.569721,-0.000584,-0.050743,False
2019-12-12,-0.574313,-0.591635,0.000216,0.000548,0.003456,0.005355,0.006180,0.006348,0.000000,0.000000,-0.569532,-0.004781,-0.415757,False
2019-12-13,-0.576877,-0.591755,0.000346,0.000724,0.003430,0.005384,0.006179,0.006346,0.000000,0.000000,-0.569345,-0.007532,-0.654948,False
2019-12-14,-0.577383,-0.591875,0.000474,0.000899,0.003404,0.005413,0.006178,0.006344,0.000000,0.000000,-0.569162,-0.008221,-0.714855,False
2019-12-15,-0.574313,-0.591994,0.000600,0.001073,0.003377,0.005442,0.006177,0.006342,0.000000,0.000000,-0.568984,-0.005329,-0.463408,False
2019-12-16,-0.589076,-0.592114,0.000724,0.001245,0.003348,0.005470,0.006176,0.006340,0.000000,0.000000,-0.568811,-0.020265,-1.762188,False
2019-12-17,-0.559246,-0.592234,0.000843,0.001416,0.003319,0.005499,0.006175,0.006338,0.000000,0.000000,-0.568644,0.009398,0.817220,False
2019-12-18,-0.559160,-0.592354,0.000959,0.001585,0.003288,0.005527,0.006174,0.006336,0.000000,0.000000,-0.568484,0.009324,0.810795,False
2019-12-19,-0.560807,-0.592474,0.001070,0.001753,0.003257,0.005555,0.006172,0.006334,0.000000,0.000000,-0.568332,0.007525,0.654340,False
2019-12-20,-0.578019,-0.592594,0.001177,0.001918,0.003224,0.005583,0.006171,0.006332,0.000000,0.000000,-0.568188,-0.009831,-0.854864,False
2019-12-21,-0.583035,-0.592713,0.001277,0.002081,0.003191,0.005611,0.006170,0.006330,0.000000,0.000000,-0.568053,-0.014982,-1.302757,False
2019-12-22,-0.564160,-0.592833,0.001372,0.002242,0.003157,0.005639,0.006168,0.006328,0.000000,0.000000,-0.567928,0.003768,0.327674,False
2019-12-23,-0.568468,-0.592953,0.001460,0.002400,0.003121,0.005666,0.006166,0.006325,0.000000,0.000000,-0.567814,-0.000654,-0.056907,False
2019-12-24,-0.579804,-0.593073,0.001541,0.002555,0.003085,0.005694,0.006165,0.006323,0.000000,0.000000,-0.567710,-0.012094,-1.051666,False
2019-12-25,-0.555791,-0.593193,0.001615,0.002707,0.003048,0.005721,0.006163,0.006321,0.000000,0.000000,-0.567618,0.011827,1.028402,False
2019-12-26,-0.573840,-0.593312,0.001681,0.002856,0.003010,0.005748,0.006161,0.006319,0.000000,0.000000,-0.567537,-0.006303,-0.548048,False
2019-12-27,-0.568251,-0.593432,0.001739,0.003002,0.002971,0.005775,0.006159,0.006317,0.000000,0.000000,-0.567470,-0.000781,-0.067932,False
2019-12-28,-0.571939,-0.593552,0.001789,0.003144,0.002931,0.005801,0.006157,0.006314,0.000000,0.000000,-0.567415,-0.004524,-0.393385,False
2019-12-29,-0.576131,-0.593672,0.001831,0.003282,0.002891,0.005828,0.006155,0.006312,0.000000,0.000000,-0.567374,-0.008757,-0.761504,False
2019-12-30,-0.578808,-0.593792,0.001864,0.003416,0.002849,0.005854,0.006153,0.006310,0.000000,0.000000,-0.567346,-0.011462,-0.996693,False
2019-12-31,-0.592760,-0.593912,0.001888,0.003547,0.002807,0.005880,0.006150,0.006307,0.000000,0.000000,-0.567332,-0.025428,-2.211100,False
2020-01-01,-0.586903,-0.594031,0.001903,0.003673,0.002764,0.005906,0.006148,0.006305,0.000000,0.000000,-0.567333,-0.019570,-1.701745,False
2020-01-02,-0.574554,-0.594151,0.001909,0.003794,0.002720,0.005932,0.006146,0.006303,0.000000,0.000000,-0.567348,-0.007206,-0.626616,False
2020-01-03,-0.572959,-0.594270,0.001906,0.003911,0.002675,0.005958,0.006143,0.006300,0.000000,0.000000,-0.567377,-0.005582,-0.485353,False
2020-01-04,-0.569708,-0.594390,0.001894,0.004023,0.002630,0.005983,0.006140,0.006298,0.000000,0.000000,-0.567422,-0.002286,-0.198816,False
2020-01-05,-0.584602,-0.594509,0.001873,0.004131,0.002584,0.006008,0.006138,0.006295,0.000000,0.000000,-0.567481,-0.017121,-1.488825,False
2020-01-06,-0.567079,-0.594629,0.001843,0.004234,0.002537,0.006034,0.006135,0.006293,0.000000,0.000000,-0.567554,0.000475,0.041317,False
2020-01-07,-0.577804,-0.594748,0.001805,0.004332,0.002489,0.006058,0.006132,0.006290,0.000000,0.000000,-0.567642,-0.010162,-0.883611,False
2020-01-08,-0.563407,-0.594868,0.001758,0.004424,0.002440,0.006083,0.006129,0.006288,0.000000,0.000000,-0.567745,0.004338,0.377255,False
2020-01-09,-0.566135,-0.594987,0.001703,0.004512,0.002391,0.006108,0.006126,0.006285,0.000000,0.000000,-0.567863,0.001728,0.150251,False
2020-01-10,-0.573666,-0.595107,0.001639,0.004594,0.002341,0.006132,0.006123,0.006283,0.000000,0.000000,-0.567995,-0.005671,-0.493160,False
2020-01-11,-0.565874,-0.595226,0.001568,0.004670,0.002291,0.006156,0.006120,0.006280,0.000000,0.000000,-0.568141,0.002267,0.197091,False
2020-01-12,-0.571296,-0.595346,0.001490,0.004742,0.002239,0.006180,0.006117,0.006277,0.000000,0.000000,-0.568300,-0.002996,-0.260497,False
2020-01-13,-0.576862,-0.595465,0.001405,0.004807,0.002187,0.006204,0.006113,0.006275,0.000000,0.000000,-0.568474,-0.008388,-0.729429,False
2020-01-14,-0.571017,-0.595585,0.001313,0.004867,0.002135,0.006228,0.006110,0.006272,0.000000,0.000000,-0.568660,-0.002357,-0.204950,False
2020-01-15,-0.579744,-0.595704,0.001214,0.004921,0.002082,0.006251,0.006107,0.006269,0.000000,0.000000,-0.568859,-0.010885,-0.946486,False
2020-01-16,-0.564949,-0.595824,0.001111,0.004970,0.002028,0.006275,0.006103,0.006267,0.000000,0.000000,-0.569071,0.004122,0.358449,False
2020-01-17,-0.574126,-0.595943,0.001001,0.005012,0.001974,0.006298,0.006099,0.006264,0.000000,0.000000,-0.569295,-0.004831,-0.420096,False
2020-01-18,-0.567214,-0.596063,0.000888,0.005049,0.001919,0.006321,0.006096,0.006261,0.000000,0.000000,-0.569530,0.002316,0.201402,False
2020-01-19,-0.555343,-0.596182,0.000770,0.005079,0.001863,0.006343,0.006092,0.006258,0.000000,0.000000,-0.569776,0.014433,1.255072,False
2020-01-20,-0.575588,-0.596302,0.000648,0.005104,0.001807,0.006366,0.006088,0.006256,0.000000,0.000000,-0.570033,-0.005555,-0.483045,False
2020-01-21,-0.582944,-0.596421,0.000523,0.005123,0.001750,0.006388,0.006084,0.006253,0.000000,0.000000,-0.570300,-0.012644,-1.099520,False
2020-01-22,-0.567962,-0.596541,0.000396,0.005135,0.001693,0.006411,0.006080,0.006250,0.000000,0.000000,-0.570575,0.002613,0.227250,False
2020-01-23,-0.569992,-0.596660,0.000267,0.005142,0.001635,0.006433,0.006076,0.006247,0.000000,0.000000,-0.570860,0.000868,0.075472,False
2020-01-24,-0.583122,-0.596780,0.000137,0.005143,0.001577,0.006455,0.006072,0.006244,0.000000,0.000000,-0.571153,-0.011969,-1.040820,False
2020-01-25,-0.581983,-0.596899,0.000006,0.005137,0.001519,0.006476,0.006067,0.006241,0.000000,0.000000,-0.571453,-0.010530,-0.915681,False
2020-01-26,-0.580050,-0.597019,-0.000125,0.005125,0.001460,0.006498,0.006063,0.006238,0.000000,0.000000,-0.571760,-0.008290,-0.720906,False
2020-01-27,-0.583448,-0.597138,-0.000256,0.005108,0.001400,0.006519,0.006059,0.006236,0.000000,0.000000,-0.572073,-0.011375,-0.989159,False
2020-01-28,-0.571631,-0.597258,-0.000385,0.005084,0.001340,0.006540,0.006054,0.006233,0.000000,0.000000,-0.572391,0.000760,0.066111,False
2020-01-29,-0.572081,-0.597377,-0.000512,0.005054,0.001280,0.006561,0.006050,0.006230,0.000000,0.000000,-0.572715,0.000634,0.055108,False
2020-01-30,-0.580106,-0.597497,-0.000637,0.005019,0.001219,0.006582,0.006045,0.006227,0.000000,0.000000,-0.573042,-0.007064,-0.614225,False
2020-01-31,-0.584710,-0.597616,-0.000759,0.004977,0.001158,0.006602,0.006040,0.006224,0.000000,0.000000,-0.573374,-0.011336,-0.985769,False
2020-02-01,-0.594827,-0.597736,-0.000877,0.004930,0.001097,0.006623,0.006035,0.006220,0.000000,0.000000,-0.573708,-0.021119,-1.836451,False
2020-02-02,-0.591121,-0.597855,-0.000992,0.004877,0.001035,0.006643,0.006030,0.006217,0.000000,0.000000,-0.574044,-0.017077,-1.484933,False
2020-02-03,-0.578207,-0.597975,-0.001101,0.004818,0.000973,0.006663,0.006025,0.006214,0.000000,0.000000,-0.574382,-0.003825,-0.332575,False
2020-02-04,-0.585723,-0.598094,-0.001206,0.004753,0.000911,0.006682,0.006020,0.006211,0.000000,0.000000,-0.574722,-0.011001,-0.956646,False
2020-02-05,-0.590572,-0.598214,-0.001304,0.004683,0.000849,0.006702,0.006015,0.006208,0.000000,0.000000,-0.575061,-0.015511,-1.348761,False
2020-02-06,-0.586428,-0.598333,-0.001397,0.004607,0.000786,0.006721,0.006010,0.006205,0.000000,0.000000,-0.575401,-0.011027,-0.958884,False
2020-02-07,-0.598778,-0.598452,-0.001483,0.004526,0.000723,0.006741,0.006005,0.006202,0.000000,0.000000,-0.575740,-0.023038,-2.003323,False
2020-02-08,-0.585216,-0.598572,-0.001562,0.004439,0.000660,0.006760,0.005999,0.006198,0.000000,0.000000,-0.576078,-0.009138,-0.794644,False
2020-02-09,-0.579480,-0.598691,-0.001633,0.004348,0.000596,0.006778,0.005994,0.006195,0.000000,0.000000,-0.576414,-0.003066,-0.266629,False
2020-02-10,-0.578337,-0.598811,-0.001697,0.004251,0.000532,0.006797,0.005988,0.006192,0.000000,0.000000,-0.576748,-0.001589,-0.138189,False
2020-02-11,-0.586683,-0.598930,-0.001753,0.004149,0.000469,0.006815,0.005983,0.006189,0.000000,0.000000,-0.577079,-0.009604,-0.835099,False
2020-02-12,-0.595972,-0.599050,-0.001801,0.004042,0.000405,0.006834,0.005977,0.006185,0.000000,0.000000,-0.577408,-0.018564,-1.614265,False
2020-02-13,-0.584206,-0.599169,-0.001840,0.003931,0.000341,0.006852,0.005971,0.006182,0.000000,0.000000,-0.577733,-0.006473,-0.562850,False
2020-02-14,-0.576985,-0.599289,-0.001870,0.003814,0.000277,0.006869,0.005965,0.006179,0.000000,0.000000,-0.578055,0.001070,0.093032,False
2020-02-15,-0.570506,-0.599408,-0.001892,0.003694,0.000212,0.006887,0.005959,0.006175,0.000000,0.000000,-0.578373,0.007867,0.684049,False
2020-02-16,-0.578537,-0.599528,-0.001905,0.003569,0.000148,0.006904,0.005953,0.006172,0.000000,0.000000,-0.578686,0.000149,0.012962,False
2020-02-17,-0.592256,-0.599647,-0.001909,0.003439,0.000084,0.006922,0.005947,0.006169,0.000000,0.000000,-0.578995,-0.013261,-1.153120,False
2020-02-18,-0.592241,-0.599767,-0.001903,0.003306,0.000020,0.006939,0.005941,0.006165,0.000000,0.000000,-0.579300,-0.012941,-1.125342,False
2020-02-19,-0.593386,-0.599886,-0.001889,0.003169,-0.000045,0.006956,0.005935,0.006162,0.000000,0.000000,-0.579599,-0.013787,-1.198849,False
2020-02-20,-0.571709,-0.600006,-0.001866,0.003028,-0.000109,0.006972,0.005929,0.006158,0.000000,0.000000,-0.579894,0.008185,0.711741,False
2020-02-21,-0.586650,-0.600125,-0.001834,0.002883,-0.000173,0.006989,0.005922,0.006155,0.000000,0.000000,-0.580184,-0.006466,-0.562273,False
2020-02-22,-0.597306,-0.600245,-0.001794,0.002736,-0.000238,0.007005,0.005916,0.006151,0.000000,0.000000,-0.580469,-0.016837,-1.464114,False
2020-02-23,-0.605196,-0.600364,-0.001745,0.002584,-0.000302,0.007021,0.005909,0.006148,0.000000,0.000000,-0.580749,-0.024447,-2.125867,False
2020-02-24,-0.596209,-0.600484,-0.001687,0.002430,-0.000366,0.007037,0.005903,0.006144,0.000000,0.000000,-0.581023,-0.015186,-1.320488,False
2020-02-25,-0.594092,-0.600603,-0.001622,0.002273,-0.000430,0.007052,0.005896,0.006141,0.000000,0.000000,-0.581293,-0.012799,-1.112925,False
2020-02-26,-0.560873,-0.600723,-0.001549,0.002114,-0.000494,0.007068,0.005889,0.006137,0.000000,0.000000,-0.581559,0.020686,1.798743,False
2020-02-27,-0.595972,-0.600842,-0.001469,0.001951,-0.000557,0.007083,0.005882,0.006133,0.000000,0.000000,-0.581819,-0.014153,-1.230689,False
2020-02-28,-0.598832,-0.600962,-0.001382,0.001787,-0.000621,0.007098,0.005875,0.006130,0.000000,0.000000,-0.582075,-0.016757,-1.457121,False
2020-02-29,-0.594068,-0.601081,-0.001289,0.001620,-0.000684,0.007113,0.005868,0.006126,0.000000,0.000000,-0.582327,-0.011741,-1.020969,False
2020-03-01,-0.605686,-0.601201,-0.001189,0.001452,-0.000747,0.007127,0.005861,0.006122,0.000000,0.000000,-0.582575,-0.023111,-2.009692,False
2020-03-02,-0.591559,-0.601320,-0.001084,0.001282,-0.000810,0.007142,0.005854,0.006119,0.000000,0.000000,-0.582818,-0.008741,-0.760051,False
2020-03-03,-0.578361,-0.601440,-0.000973,0.001110,-0.000873,0.007156,0.005847,0.006115,0.000000,0.000000,-0.583059,0.004698,0.408501,False
2020-03-04,-0.590846,-0.601559,-0.000858,0.000937,-0.000936,0.007170,0.005840,0.006111,0.000000,0.000000,-0.583296,-0.007550,-0.656533,False
2020-03-05,-0.593188,-0.601679,-0.000739,0.000763,-0.000998,0.007184,0.005832,0.006107,0.000000,0.000000,-0.583530,-0.009658,-0.839821,False
2020-03-06,-0.596182,-0.601798,-0.000617,0.000588,-0.001060,0.007197,0.005825,0.006104,0.000000,0.000000,-0.583762,-0.012420,-1.080028,False
2020-03-07,-0.601444,-0.601918,-0.000492,0.000412,-0.001121,0.007211,0.005817,0.006100,0.000000,0.000000,-0.583991,-0.017453,-1.517645,False
2020-03-08,-0.586012,-0.602037,-0.000364,0.000236,-0.001182,0.007224,0.005810,0.006096,0.000000,0.000000,-0.584219,-0.001793,-0.155947,False
2020-03-09,-0.585797,-0.602157,-0.000234,0.000059,-0.001243,0.007237,0.005802,0.006092,0.000000,0.000000,-0.584445,-0.001352,-0.117594,False
2020-03-10,-0.577656,-0.602276,-0.000104,-0.000117,-0.001304,0.007249,0.005794,0.006088,0.000000,0.000000,-0.584670,0.007014,0.609881,False
2020-03-11,-0.594229,-0.602396,0.000027,-0.000294,-0.001364,0.007262,0.005786,0.006084,0.000000,0.000000,-0.584894,-0.009335,-0.811749,False
2020-03-12,-0.601564,-0.602515,0.000158,-0.000470,-0.001424,0.007274,0.005778,0.006080,0.000000,0.000000,-0.585118,-0.016446,-1.430102,False
2020-03-13,-0.589616,-0.602635,0.000288,-0.000646,-0.001483,0.007286,0.005770,0.006076,0.000000,0.000000,-0.585342,-0.004274,-0.371666,False
2020-03-14,-0.569385,-0.602754,0.000417,-0.000820,-0.001542,0.007298,0.005762,0.006072,0.000000,0.000000,-0.585566,0.016181,1.407072,False
2020-03-15,-0.582243,-0.602874,0.000544,-0.000994,-0.001600,0.007310,0.005754,0.006069,0.000000,0.000000,-0.585792,0.003549,0.308579,False
2020-03-16,-0.573733,-0.602993,0.000668,-0.001167,-0.001658,0.007321,0.005746,0.006064,0.000000,0.000000,-0.586018,0.012285,1.068280,False
2020-03-17,-0.586101,-0.603113,0.000789,-0.001338,-0.001716,0.007333,0.005738,0.006060,0.000000,0.000000,-0.586246,0.000145,0.012641,False
2020-03-18,-0.585666,-0.603232,0.000906,-0.001508,-0.001773,0.007344,0.005729,0.006056,0.000000,0.000000,-0.586476,0.000810,0.070475,False
2020-03-19,-0.575632,-0.603352,0.001020,-0.001676,-0.001829,0.007355,0.005721,0.006052,0.000000,0.000000,-0.586709,0.011077,0.963203,False
2020-03-20,-0.605589,-0.603471,0.001128,-0.001842,-0.001885,0.007365,0.005712,0.006048,0.000000,0.000000,-0.586944,-0.018645,-1.621320,False
2020-03-21,-0.583326,-0.603591,0.001231,-0.002005,-0.001940,0.007376,0.005704,0.006044,0.000000,0.000000,-0.587182,0.003856,0.335277,False
2020-03-22,-0.576705,-0.603710,0.001328,-0.002167,-0.001995,0.007386,0.005695,0.006040,0.000000,0.000000,-0.587423,0.010718,0.931977,False
2020-03-23,-0.578320,-0.603830,0.001419,-0.002326,-0.002049,0.007396,0.005686,0.006036,0.000000,0.000000,-0.587667,0.009347,0.812801,False
2020-03-24,-0.580402,-0.603949,0.001503,-0.002482,-0.002103,0.007406,0.005677,0.006032,0.000000,0.000000,-0.587915,0.007513,0.653333,False
2020-03-25,-0.588932,-0.604069,0.001580,-0.002635,-0.002156,0.007415,0.005669,0.006027,0.000000,0.000000,-0.588167,-0.000765,-0.066495,False
2020-03-26,-0.588936,-0.604188,0.001650,-0.002785,-0.002208,0.007425,0.005660,0.006023,0.000000,0.000000,-0.588423,-0.000513,-0.044583,False
2020-03-27,-0.585125,-0.604308,0.001712,-0.002932,-0.002260,0.007434,0.005651,0.006019,0.000000,0.000000,-0.588683,0.003558,0.309430,False
2020-03-28,-0.587393,-0.604427,0.001766,-0.003075,-0.002311,0.007443,0.005641,0.006015,0.000000,0.000000,-0.588948,0.001555,0.135204,False
2020-03-29,-0.593651,-0.604547,0.001811,-0.003215,-0.002361,0.007451,0.005632,0.006010,0.000000,0.000000,-0.589217,-0.004434,-0.385602,False
2020-03-30,-0.584827,-0.604666,0.001848,-0.003351,-0.002411,0.007460,0.005623,0.006006,0.000000,0.000000,-0.589490,0.004663,0.405449,False
2020-03-31,-0.579814,-0.604785,0.001877,-0.003483,-0.002459,0.007468,0.005614,0.006002,0.000000,0.000000,-0.589767,0.009953,0.865489,False
2020-04-01,-0.603911,-0.604905,0.001896,-0.003610,-0.002508,0.007476,0.005604,0.005997,0.000000,0.000000,-0.590049,-0.013862,-1.205400,False
2020-04-02,-0.612357,-0.605024,0.001907,-0.003734,-0.002555,0.007484,0.005595,0.005993,0.000000,0.000000,-0.590335,-0.022022,-1.914962,False
2020-04-03,-0.593208,-0.605144,0.001908,-0.003853,-0.002602,0.007492,0.005585,0.005989,0.000000,0.000000,-0.590625,-0.002583,-0.224599,False
2020-04-04,-0.602363,-0.605263,0.001901,-0.003968,-0.002648,0.007499,0.005576,0.005984,0.000000,0.000000,-0.590919,-0.011444,-0.995106,False
2020-04-05,-0.592443,-0.605383,0.001884,-0.004078,-0.002693,0.007506,0.005566,0.005980,0.000000,0.000000,-0.591217,-0.001226,-0.106586,False
2020-04-06,-0.589940,-0.605502,0.001859,-0.004183,-0.002737,0.007513,0.005556,0.005975,0.000000,0.000000,-0.591519,0.001579,0.137290,False
2020-04-07,-0.596000,-0.605622,0.001825,-0.004283,-0.002781,0.007520,0.005546,0.005971,0.000000,0.000000,-0.591824,-0.004176,-0.363153,False
2020-04-08,-0.582027,-0.605741,0.001782,-0.004379,-0.002823,0.007527,0.005536,0.005966,0.000000,0.000000,-0.592132,0.010105,0.878669,False
2020-04-09,-0.615281,-0.605861,0.001731,-0.004469,-0.002865,0.007533,0.005526,0.005962,0.000000,0.000000,-0.592442,-0.022839,-1.985969,False
2020-04-10,-0.590202,-0.605980,0.001672,-0.004553,-0.002906,0.007539,0.005516,0.005957,0.000000,0.000000,-0.592755,0.002553,0.222034,False
2020-04-11,-0.598551,-0.606100,0.001605,-0.004633,-0.002947,0.007545,0.005506,0.005953,0.000000,0.000000,-0.593070,-0.005481,-0.476576,False
2020-04-12,-0.591053,-0.606219,0.001530,-0.004707,-0.002986,0.007551,0.005496,0.005948,0.000000,0.000000,-0.593387,0.002334,0.202949,False
2020-04-13,-0.603540,-0.606339,0.001448,-0.004775,-0.003024,0.007556,0.005486,0.005944,0.000000,0.000000,-0.593705,-0.009835,-0.855257,False
2020-04-14,-0.584552,-0.606458,0.001359,-0.004838,-0.003062,0.007562,0.005475,0.005939,0.000000,0.000000,-0.594023,0.009471,0.823548,False
2020-04-15,-0.602568,-0.606578,0.001264,-0.004895,-0.003099,0.007567,0.005465,0.005934,0.000000,0.000000,-0.594341,-0.008227,-0.715378,False
2020-04-16,-0.606809,-0.606697,0.001163,-0.004946,-0.003134,0.007571,0.005454,0.005930,0.000000,0.000000,-0.594659,-0.012150,-1.056513,False
2020-04-17,-0.590127,-0.606817,0.001057,-0.004992,-0.003169,0.007576,0.005444,0.005925,0.000000,0.000000,-0.594976,0.004849,0.421660,False
2020-04-18,-0.602193,-0.606936,0.000945,-0.005031,-0.003203,0.007580,0.005433,0.005920,0.000000,0.000000,-0.595292,-0.006901,-0.600126,False
2020-04-19,-0.595540,-0.607056,0.000829,-0.005065,-0.003236,0.007585,0.005422,0.005916,0.000000,0.000000,-0.595605,0.000065,0.005644,False
2020-04-20,-0.604972,-0.607175,0.000709,-0.005093,-0.003268,0.007589,0.005412,0.005911,0.000000,0.000000,-0.595916,-0.009056,-0.787518,False
2020-04-21,-0.591044,-0.607295,0.000586,-0.005114,-0.003299,0.007592,0.005401,0.005906,0.000000,0.000000,-0.596223,0.005179,0.450337,False
2020-04-22,-0.585334,-0.607414,0.000460,-0.005130,-0.003329,0.007596,0.005390,0.005901,0.000000,0.000000,-0.596526,0.011192,0.973242,False
2020-04-23,-0.580871,-0.607534,0.000332,-0.005140,-0.003358,0.007599,0.005379,0.005896,0.000000,0.000000,-0.596825,0.015954,1.387316,False
2020-04-24,-0.585161,-0.607653,0.000202,-0.005143,-0.003386,0.007602,0.005368,0.005892,0.000000,0.000000,-0.597119,0.011958,1.039809,False
2020-04-25,-0.595488,-0.607773,0.000071,-0.005141,-0.003413,0.007605,0.005357,0.005887,0.000000,0.000000,-0.597407,0.001919,0.166842,False
2020-04-26,-0.590792,-0.607892,-0.000060,-0.005132,-0.003439,0.007608,0.005345,0.005882,0.000000,0.000000,-0.597688,0.006896,0.599665,False
2020-04-27,-0.595707,-0.608012,-0.000191,-0.005117,-0.003464,0.007610,0.005334,0.005877,0.000000,0.000000,-0.597963,0.002256,0.196136,False
2020-04-28,-0.591275,-0.608131,-0.000320,-0.005097,-0.003488,0.007612,0.005323,0.005872,0.000000,0.000000,-0.598229,0.006954,0.604726,False
2020-04-29,-0.597366,-0.608251,-0.000449,-0.005070,-0.003511,0.007614,0.005311,0.005867,0.000000,0.000000,-0.598488,0.001122,0.097556,False
2020-04-30,-0.609645,-0.608370,-0.000575,-0.005037,-0.003533,0.007616,0.005300,0.005862,0.000000,0.000000,-0.598738,-0.010907,-0.948468,False
2020-05-01,-0.594212,-0.608490,-0.000699,-0.004999,-0.003554,0.007618,0.005288,0.005857,0.000000,0.000000,-0.598978,0.004766,0.414432,False
2020-05-02,-0.599035,-0.608609,-0.000819,-0.004954,-0.003574,0.007619,0.005277,0.005852,0.000000,0.000000,-0.599208,0.000173,0.015078,False
2020-05-03,-0.588227,-0.608729,-0.000935,-0.004904,-0.003593,0.007620,0.005265,0.005847,0.000000,0.000000,-0.599428,0.011201,0.974032,False
2020-05-04,-0.588506,-0.608848,-0.001047,-0.004848,-0.003611,0.007621,0.005253,0.005842,0.000000,0.000000,-0.599637,0.011131,0.967949,False
2020-05-05,-0.592075,-0.608968,-0.001154,-0.004786,-0.003627,0.007622,0.005242,0.005837,0.000000,0.000000,-0.599835,0.007760,0.674787,False
2020-05-06,-0.590832,-0.609087,-0.001256,-0.004719,-0.003643,0.007622,0.005230,0.005832,0.000000,0.000000,-0.600021,0.009189,0.799030,False
2020-05-07,-0.606261,-0.609207,-0.001351,-0.004646,-0.003658,0.007622,0.005218,0.005827,0.000000,0.000000,-0.600194,-0.006067,-0.527531,False
2020-05-08,-0.593845,-0.609326,-0.001441,-0.004567,-0.003671,0.007622,0.005206,0.005822,0.000000,0.000000,-0.600355,0.006510,0.566115,False
2020-05-09,-0.591486,-0.609446,-0.001523,-0.004483,-0.003684,0.007622,0.005194,0.005817,0.000000,0.000000,-0.600503,0.009017,0.784114,False
2020-05-10,-0.584961,-0.609565,-0.001599,-0.004394,-0.003695,0.007622,0.005181,0.005811,0.000000,0.000000,-0.600638,0.015677,1.363222,False
2020-05-11,-0.589543,-0.609685,-0.001666,-0.004300,-0.003705,0.007621,0.005169,0.005806,0.000000,0.000000,-0.600759,0.011216,0.975330,False
2020-05-12,-0.582982,-0.609804,-0.001726,-0.004200,-0.003714,0.007620,0.005157,0.005801,0.000000,0.000000,-0.600867,0.017885,1.555203,False
2020-05-13,-0.604666,-0.609924,-0.001778,-0.004096,-0.003722,0.007619,0.005145,0.005796,0.000000,0.000000,-0.600961,-0.003705,-0.322217,False
2020-05-14,-0.592685,-0.610043,-0.001822,-0.003987,-0.003729,0.007618,0.005132,0.005791,0.000000,0.000000,-0.601040,0.008355,0.726536,False
2020-05-15,-0.607276,-0.610163,-0.001856,-0.003873,-0.003735,0.007616,0.005120,0.005785,0.000000,0.000000,-0.601106,-0.006170,-0.536543,False
2020-05-16,-0.587307,-0.610282,-0.001882,-0.003755,-0.003740,0.007615,0.005107,0.005780,0.000000,0.000000,-0.601157,0.013850,1.204368,False
2020-05-17,-0.596417,-0.610402,-0.001900,-0.003632,-0.003744,0.007613,0.005094,0.005775,0.000000,0.000000,-0.601195,0.004778,0.415445,False
2020-05-18,-0.590121,-0.610521,-0.001908,-0.003505,-0.003746,0.007610,0.005082,0.005769,0.000000,0.000000,-0.601218,0.011097,0.964954,False
2020-05-19,-0.598833,-0.610641,-0.001907,-0.003373,-0.003747,0.007608,0.005069,0.005764,0.000000,0.000000,-0.601227,0.002394,0.208208,False
2020-05-20,-0.599361,-0.610760,-0.001897,-0.003238,-0.003748,0.007605,0.005056,0.005759,0.000000,0.000000,-0.601223,0.001862,0.161883,False
2020-05-21,-0.599890,-0.610879,-0.001879,-0.003099,-0.003747,0.007603,0.005043,0.005753,0.000000,0.000000,-0.601205,0.001315,0.114380,False
2020-05-22,-0.600418,-0.610999,-0.001851,-0.002956,-0.003745,0.007599,0.005030,0.005748,0.000000,0.000000,-0.601174,0.000756,0.065718,False
2020-05-23,-0.600947,-0.611118,-0.001815,-0.002810,-0.003742,0.007596,0.005017,0.005743,0.000000,0.000000,-0.601130,0.000183,0.015926,False
2020-05-24,-0.601475,-0.611238,-0.001770,-0.002660,-0.003738,0.007593,0.005004,0.005737,0.000000,0.000000,-0.601073,-0.000402,-0.034968,False
2020-05-25,-0.593571,-0.611357,-0.001717,-0.002508,-0.003733,0.007589,0.004991,0.005732,0.000000,0.000000,-0.601004,0.007433,0.646323,False
2020-05-26,-0.590995,-0.611477,-0.001656,-0.002352,-0.003727,0.007585,0.004978,0.005726,0.000000,0.000000,-0.600923,0.009928,0.863323,False
2020-05-27,-0.588418,-0.611596,-0.001587,-0.002194,-0.003719,0.007581,0.004964,0.005721,0.000000,0.000000,-0.600830,0.012412,1.079334,False
2020-05-28,-0.585354,-0.611716,-0.001510,-0.002033,-0.003711,0.007577,0.004951,0.005715,0.000000,0.000000,-0.600727,0.015373,1.336792,False
2020-05-29,-0.582290,-0.611835,-0.001427,-0.001869,-0.003701,0.007572,0.004938,0.005710,0.000000,0.000000,-0.600614,0.018324,1.593354,False
2020-05-30,-0.579226,-0.611955,-0.001336,-0.001704,-0.003691,0.007567,0.004924,0.005704,0.000000,0.000000,-0.600490,0.021264,1.849071,False
2020-05-31,-0.576162,-0.612074,-0.001240,-0.001536,-0.003679,0.007562,0.004911,0.005698,0.000000,0.000000,-0.600358,0.024196,2.103998,False
2020-06-01,-0.573098,-0.612194,-0.001137,-0.001367,-0.003666,0.007557,0.004897,0.005693,0.000000,0.000000,-0.600217,0.027119,2.358191,False
2020-06-02,-0.578240,-0.612313,-0.001029,-0.001196,-0.003652,0.007551,0.004883,0.005687,0.000000,0.000000,-0.600069,0.021829,1.898145,False
2020-06-03,-0.578244,-0.612433,-0.000916,-0.001023,-0.003637,0.007546,0.004870,0.005681,0.000000,0.000000,-0.599913,0.021669,1.884269,False
2020-06-04,-0.591227,-0.612552,-0.000799,-0.000850,-0.003621,0.007540,0.004856,0.005676,0.000000,0.000000,-0.599751,0.008524,0.741238,False
2020-06-05,-0.592144,-0.612672,-0.000679,-0.000675,-0.003604,0.007534,0.004842,0.005670,0.000000,0.000000,-0.599584,0.007440,0.646913,False
2020-06-06,-0.593062,-0.612791,-0.000555,-0.000500,-0.003586,0.007527,0.004828,0.005664,0.000000,0.000000,-0.599412,0.006350,0.552175,False
2020-06-07,-0.593979,-0.612911,-0.000428,-0.000324,-0.003566,0.007521,0.004814,0.005659,0.000000,0.000000,-0.599236,0.005257,0.457092,False
2020-06-08,-0.593039,-0.613030,-0.000299,-0.000147,-0.003546,0.007514,0.004800,0.005653,0.000000,0.000000,-0.599056,0.006017,0.523225,False
2020-06-09,-0.592099,-0.613150,-0.000169,0.000029,-0.003525,0.007507,0.004786,0.005647,0.000000,0.000000,-0.598875,0.006775,0.589156,False
2020-06-10,-0.591160,-0.613269,-0.000038,0.000206,-0.003502,0.007500,0.004772,0.005641,0.000000,0.000000,-0.598692,0.007532,0.654956,False
2020-06-11,-0.590220,-0.613389,0.000093,0.000382,-0.003479,0.007493,0.004757,0.005636,0.000000,0.000000,-0.598508,0.008288,0.720697,False
2020-06-12,-0.589280,-0.613508,0.000223,0.000558,-0.003455,0.007485,0.004743,0.005630,0.000000,0.000000,-0.598324,0.009044,0.786452,False
2020-06-13,-0.590335,-0.613628,0.000353,0.000733,-0.003429,0.007477,0.004729,0.005624,0.000000,0.000000,-0.598142,0.007806,0.678810,False
2020-06-14,-0.591391,-0.613747,0.000481,0.000907,-0.003403,0.007469,0.004714,0.005618,0.000000,0.000000,-0.597961,0.006570,0.571326,False
2020-06-15,-0.592446,-0.613867,0.000606,0.001081,-0.003375,0.007461,0.004700,0.005612,0.000000,0.000000,-0.597783,0.005337,0.464071,False
2020-06-16,-0.593501,-0.613986,0.000729,0.001253,-0.003347,0.007452,0.004685,0.005606,0.000000,0.000000,-0.597608,0.004107,0.357114,False
2020-06-17,-0.594556,-0.614106,0.000848,0.001423,-0.003317,0.007444,0.004671,0.005600,0.000000,0.000000,-0.597437,0.002881,0.250524,False
2020-06-18,-0.595611,-0.614225,0.000964,0.001592,-0.003287,0.007435,0.004656,0.005594,0.000000,0.000000,-0.597272,0.001660,0.144368,False
2020-06-19,-0.596667,-0.614345,0.001074,0.001759,-0.003255,0.007426,0.004641,0.005588,0.000000,0.000000,-0.597112,0.000445,0.038712,False
2020-06-20,-0.601943,-0.614464,0.001180,0.001924,-0.003223,0.007416,0.004626,0.005582,0.000000,0.000000,-0.596959,-0.004984,-0.433425,False
2020-06-21,-0.601943,-0.614584,0.001280,0.002086,-0.003190,0.007407,0.004611,0.005576,0.000000,0.000000,-0.596812,-0.005131,-0.446134,False
2020-06-22,-0.601943,-0.614703,0.001374,0.002246,-0.003156,0.007397,0.004597,0.005570,0.000000,0.000000,-0.596674,-0.005269,-0.458161,False
2020-06-23,-0.601943,-0.614823,0.001462,0.002404,-0.003120,0.007387,0.004582,0.005564,0.000000,0.000000,-0.596544,-0.005399,-0.469449,False
2020-06-24,-0.601943,-0.614942,0.001543,0.002559,-0.003084,0.007377,0.004567,0.005558,0.000000,0.000000,-0.596424,-0.005519,-0.479946,False
2020-06-25,-0.583160,-0.615062,0.001616,0.002710,-0.003047,0.007366,0.004551,0.005552,0.000000,0.000000,-0.596313,0.013153,1.143701,False
2020-06-26,-0.582772,-0.615181,0.001682,0.002859,-0.003009,0.007356,0.004536,0.005546,0.000000,0.000000,-0.596212,0.013440,1.168701,False
2020-06-27,-0.582383,-0.615301,0.001740,0.003004,-0.002971,0.007345,0.004521,0.005540,0.000000,0.000000,-0.596122,0.013738,1.194630,False
2020-06-28,-0.581995,-0.615420,0.001790,0.003145,-0.002931,0.007334,0.004506,0.005534,0.000000,0.000000,-0.596043,0.014048,1.221530,False
2020-06-29,-0.581607,-0.615540,0.001831,0.003283,-0.002890,0.007323,0.004490,0.005528,0.000000,0.000000,-0.595975,0.014369,1.249436,False
2020-06-30,-0.581218,-0.615659,0.001864,0.003417,-0.002849,0.007311,0.004475,0.005521,0.000000,0.000000,-0.595920,0.014701,1.278380,False
2020-07-01,-0.580830,-0.615779,0.001888,0.003547,-0.002807,0.007299,0.004460,0.005515,0.000000,0.000000,-0.595876,0.015046,1.308390,False
2020-07-02,-0.580442,-0.615898,0.001903,0.003673,-0.002764,0.007288,0.004444,0.005509,0.000000,0.000000,-0.595846,0.015404,1.339490,False
2020-07-03,-0.579665,-0.616018,0.001909,0.003794,-0.002720,0.007275,0.004429,0.005503,0.000000,0.000000,-0.595828,0.016163,1.405469,False
2020-07-04,-0.579665,-0.616137,0.001906,0.003911,-0.002675,0.007263,0.004413,0.005497,0.000000,0.000000,-0.595823,0.016158,1.405038,False
2020-07-05,-0.578297,-0.616257,0.001894,0.004023,-0.002630,0.007251,0.004397,0.005490,0.000000,0.000000,-0.595831,0.017534,1.524702,False
2020-07-06,-0.576929,-0.616376,0.001873,0.004131,-0.002584,0.007238,0.004381,0.005484,0.000000,0.000000,-0.595852,0.018923,1.645512,False
2020-07-07,-0.575561,-0.616496,0.001843,0.004234,-0.002537,0.007225,0.004366,0.005478,0.000000,0.000000,-0.595887,0.020326,1.767471,False
2020-07-08,-0.586232,-0.616615,0.001805,0.004332,-0.002489,0.007212,0.004350,0.005471,0.000000,0.000000,-0.595935,0.009703,0.843754,False
2020-07-09,-0.596902,-0.616735,0.001758,0.004424,-0.002440,0.007199,0.004334,0.005465,0.000000,0.000000,-0.595996,-0.000906,-0.078819,False
2020-07-10,-0.592399,-0.616854,0.001703,0.004512,-0.002391,0.007185,0.004318,0.005459,0.000000,0.000000,-0.596070,0.003670,0.319135,False
2020-07-11,-0.587897,-0.616974,0.001639,0.004594,-0.002341,0.007171,0.004302,0.005452,0.000000,0.000000,-0.596156,0.008259,0.718213,False
2020-07-12,-0.589404,-0.617093,0.001568,0.004670,-0.002291,0.007157,0.004286,0.005446,0.000000,0.000000,-0.596256,0.006852,0.595832,False
2020-07-13,-0.590911,-0.617212,0.001490,0.004742,-0.002239,0.007143,0.004270,0.005439,0.000000,0.000000,-0.596368,0.005457,0.474539,False
2020-07-14,-0.592418,-0.617332,0.001405,0.004807,-0.002187,0.007129,0.004254,0.005433,0.000000,0.000000,-0.596493,0.004075,0.354310,False
2020-07-15,-0.578925,-0.617451,0.001313,0.004867,-0.002135,0.007114,0.004237,0.005426,0.000000,0.000000,-0.596629,0.017704,1.539465,False
2020-07-16,-0.594548,-0.617571,0.001214,0.004921,-0.002082,0.007099,0.004221,0.005420,0.000000,0.000000,-0.596777,0.002229,0.193801,False
2020-07-17,-0.582125,-0.617690,0.001111,0.004970,-0.002028,0.007084,0.004205,0.005413,0.000000,0.000000,-0.596936,0.014811,1.287893,False
2020-07-18,-0.587276,-0.617810,0.001001,0.005012,-0.001974,0.007069,0.004188,0.005407,0.000000,0.000000,-0.597106,0.009830,0.854747,False
2020-07-19,-0.573948,-0.617929,0.000888,0.005049,-0.001919,0.007054,0.004172,0.005400,0.000000,0.000000,-0.597286,0.023338,2.029368,False
2020-07-20,-0.583423,-0.618049,0.000770,0.005079,-0.001863,0.007038,0.004155,0.005394,0.000000,0.000000,-0.597476,0.014053,1.221977,False
2020-07-21,-0.592898,-0.618168,0.000648,0.005104,-0.001807,0.007022,0.004139,0.005387,0.000000,0.000000,-0.597675,0.004777,0.415397,False
2020-07-22,-0.602373,-0.618288,0.000523,0.005123,-0.001750,0.007006,0.004122,0.005381,0.000000,0.000000,-0.597883,-0.004490,-0.390416,False
2020-07-23,-0.594480,-0.618407,0.000396,0.005135,-0.001693,0.006990,0.004105,0.005374,0.000000,0.000000,-0.598100,0.003619,0.314707,False
2020-07-24,-0.586588,-0.618527,0.000267,0.005142,-0.001635,0.006974,0.004089,0.005367,0.000000,0.000000,-0.598324,0.011736,1.020499,False
2020-07-25,-0.578696,-0.618646,0.000137,0.005143,-0.001577,0.006957,0.004072,0.005361,0.000000,0.000000,-0.598555,0.019859,1.726909,False
2020-07-26,-0.570803,-0.618766,0.000006,0.005137,-0.001519,0.006940,0.004055,0.005354,0.000000,0.000000,-0.598793,0.027990,2.433885,False
2020-07-27,-0.584921,-0.618885,-0.000125,0.005125,-0.001460,0.006923,0.004038,0.005347,0.000000,0.000000,-0.599036,0.014115,1.227376,False
2020-07-28,-0.599040,-0.619005,-0.000256,0.005108,-0.001400,0.006906,0.004021,0.005340,0.000000,0.000000,-0.599285,0.000245,0.021326,False
2020-07-29,-0.596433,-0.619124,-0.000385,0.005084,-0.001340,0.006889,0.004004,0.005334,0.000000,0.000000,-0.599539,0.003106,0.270117,False
2020-07-30,-0.593825,-0.619244,-0.000512,0.005054,-0.001280,0.006871,0.003987,0.005327,0.000000,0.000000,-0.599797,0.005972,0.519261,False
2020-07-31,-0.591217,-0.619363,-0.000637,0.005019,-0.001219,0.006853,0.003970,0.005320,0.000000,0.000000,-0.600058,0.008840,0.768704,False
2020-08-01,-0.588610,-0.619483,-0.000759,0.004977,-0.001158,0.006835,0.003953,0.005313,0.000000,0.000000,-0.600322,0.011712,1.018392,False
2020-08-02,-0.573088,-0.619602,-0.000877,0.004930,-0.001097,0.006817,0.003936,0.005307,0.000000,0.000000,-0.600588,0.027500,2.391272,False
2020-08-03,-0.576529,-0.619722,-0.000992,0.004877,-0.001035,0.006799,0.003918,0.005300,0.000000,0.000000,-0.600855,0.024326,2.115294,False
2020-08-04,-0.579971,-0.619841,-0.001101,0.004818,-0.000973,0.006780,0.003901,0.005293,0.000000,0.000000,-0.601124,0.021153,1.839405,False
2020-08-05,-0.600764,-0.619961,-0.001206,0.004753,-0.000911,0.006761,0.003884,0.005286,0.000000,0.000000,-0.601393,0.000629,0.054730,False
2020-08-06,-0.615663,-0.620080,-0.001304,0.004683,-0.000849,0.006742,0.003866,0.005279,0.000000,0.000000,-0.601663,-0.014000,-1.217430,False
2020-08-07,-0.587924,-0.620200,-0.001397,0.004607,-0.000786,0.006723,0.003849,0.005272,0.000000,0.000000,-0.601931,0.014007,1.218009,False
2020-08-08,-0.597028,-0.620319,-0.001483,0.004526,-0.000723,0.006704,0.003831,0.005265,0.000000,0.000000,-0.602199,0.005171,0.449611,False
2020-08-09,-0.590415,-0.620439,-0.001562,0.004439,-0.000660,0.006684,0.003814,0.005258,0.000000,0.000000,-0.602464,0.012049,1.047768,False
2020-08-10,-0.591142,-0.620558,-0.001633,0.004348,-0.000596,0.006665,0.003796,0.005251,0.000000,0.000000,-0.602728,0.011586,1.007486,False
2020-08-11,-0.591869,-0.620678,-0.001697,0.004251,-0.000532,0.006645,0.003778,0.005244,0.000000,0.000000,-0.602989,0.011120,0.966987,False
2020-08-12,-0.600876,-0.620797,-0.001753,0.004149,-0.000469,0.006625,0.003761,0.005237,0.000000,0.000000,-0.603248,0.002372,0.206237,False
2020-08-13,-0.587165,-0.620917,-0.001801,0.004042,-0.000405,0.006604,0.003743,0.005230,0.000000,0.000000,-0.603503,0.016338,1.420682,False
2020-08-14,-0.595683,-0.621036,-0.001840,0.003931,-0.000341,0.006584,0.003725,0.005223,0.000000,0.000000,-0.603754,0.008071,0.701859,False
2020-08-15,-0.576137,-0.621156,-0.001870,0.003814,-0.000277,0.006563,0.003707,0.005216,0.000000,0.000000,-0.604002,0.027865,2.423047,False
2020-08-16,-0.585973,-0.621275,-0.001892,0.003694,-0.000212,0.006542,0.003689,0.005209,0.000000,0.000000,-0.604246,0.018273,1.588917,False
2020-08-17,-0.594000,-0.621395,-0.001905,0.003569,-0.000148,0.006521,0.003671,0.005202,0.000000,0.000000,-0.604485,0.010485,0.911711,False
2020-08-18,-0.613739,-0.621514,-0.001909,0.003439,-0.000084,0.006500,0.003653,0.005195,0.000000,0.000000,-0.604719,-0.009020,-0.784326,False
2020-08-19,-0.581619,-0.621634,-0.001903,0.003306,-0.000020,0.006478,0.003635,0.005188,0.000000,0.000000,-0.604949,0.023330,2.028705,False
2020-08-20,-0.582006,-0.621753,-0.001889,0.003169,0.000045,0.006457,0.003617,0.005181,0.000000,0.000000,-0.605174,0.023168,2.014620,False
2020-08-21,-0.585544,-0.621873,-0.001866,0.003028,0.000109,0.006435,0.003599,0.005174,0.000000,0.000000,-0.605394,0.019850,1.726109,False
2020-08-22,-0.604090,-0.621992,-0.001834,0.002883,0.000173,0.006413,0.003581,0.005166,0.000000,0.000000,-0.605609,0.001519,0.132125,False
2020-08-23,-0.583718,-0.622112,-0.001794,0.002736,0.000238,0.006391,0.003563,0.005159,0.000000,0.000000,-0.605820,0.022102,1.921884,False
2020-08-24,-0.602534,-0.622231,-0.001745,0.002584,0.000302,0.006368,0.003544,0.005152,0.000000,0.000000,-0.606025,0.003491,0.303564,False
2020-08-25,-0.590998,-0.622351,-0.001687,0.002430,0.000366,0.006346,0.003526,0.005145,0.000000,0.000000,-0.606225,0.015227,1.324128,False
2020-08-26,-0.586012,-0.622470,-0.001622,0.002273,0.000430,0.006323,0.003508,0.005137,0.000000,0.000000,-0.606421,0.020409,1.774714,False
2020-08-27,-0.581026,-0.622590,-0.001549,0.002114,0.000494,0.006300,0.003489,0.005130,0.000000,0.000000,-0.606612,0.025586,2.224902,False
2020-08-28,-0.576040,-0.622709,-0.001469,0.001951,0.000557,0.006277,0.003471,0.005123,0.000000,0.000000,-0.606799,0.030759,2.674704,False
2020-08-29,-0.604944,-0.622829,-0.001382,0.001787,0.000621,0.006254,0.003452,0.005116,0.000000,0.000000,-0.606982,0.002038,0.177184,False
2020-08-30,-0.603507,-0.622948,-0.001289,0.001620,0.000684,0.006230,0.003434,0.005108,0.000000,0.000000,-0.607160,0.003653,0.317665,False
2020-08-31,-0.588749,-0.623068,-0.001189,0.001452,0.000747,0.006207,0.003415,0.005101,0.000000,0.000000,-0.607335,0.018586,1.616170,False
2020-09-01,-0.598929,-0.623187,-0.001084,0.001282,0.000810,0.006183,0.003396,0.005094,0.000000,0.000000,-0.607506,0.008577,0.745855,False
2020-09-02,-0.582038,-0.623307,-0.000973,0.001110,0.000873,0.006159,0.003378,0.005086,0.000000,0.000000,-0.607675,0.025637,2.229269,False
2020-09-03,-0.599995,-0.623426,-0.000858,0.000937,0.000936,0.006134,0.003359,0.005079,0.000000,0.000000,-0.607840,0.007845,0.682180,False
2020-09-04,-0.582389,-0.623545,-0.000739,0.000763,0.000998,0.006110,0.003340,0.005071,0.000000,0.000000,-0.608003,0.025614,2.227315,False
2020-09-05,-0.591065,-0.623665,-0.000617,0.000588,0.001060,0.006086,0.003321,0.005064,0.000000,0.000000,-0.608164,0.017099,1.486879,False
2020-09-06,-0.595583,-0.623784,-0.000492,0.000412,0.001121,0.006061,0.003302,0.005056,0.000000,0.000000,-0.608323,0.012740,1.107864,False
2020-09-07,-0.600101,-0.623904,-0.000364,0.000236,0.001182,0.006036,0.003283,0.005049,0.000000,0.000000,-0.608481,0.008380,0.728739,False
2020-09-08,-0.598152,-0.624023,-0.000234,0.000059,0.001243,0.006011,0.003264,0.005042,0.000000,0.000000,-0.608639,0.010487,0.911887,False
2020-09-09,-0.581614,-0.624143,-0.000104,-0.000117,0.001304,0.005986,0.003245,0.005034,0.000000,0.000000,-0.608795,0.027181,2.363606,False
2020-09-10,-0.576326,-0.624262,0.000027,-0.000294,0.001364,0.005960,0.003226,0.005026,0.000000,0.000000,-0.608952,0.032626,2.837063,False
2020-09-11,-0.587452,-0.624382,0.000158,-0.000470,0.001424,0.005935,0.003207,0.005019,0.000000,0.000000,-0.609109,0.021657,1.883252,False
2020-09-12,-0.599364,-0.624501,0.000288,-0.000646,0.001483,0.005909,0.003188,0.005011,0.000000,0.000000,-0.609267,0.009903,0.861166,False
2020-09-13,-0.606381,-0.624621,0.000417,-0.000820,0.001542,0.005883,0.003169,0.005004,0.000000,0.000000,-0.609427,0.003046,0.264843,False
2020-09-14,-0.593567,-0.624740,0.000544,-0.000994,0.001600,0.005857,0.003150,0.004996,0.000000,0.000000,-0.609588,0.016021,1.393100,False
2020-09-15,-0.586561,-0.624860,0.000668,-0.001167,0.001658,0.005831,0.003131,0.004989,0.000000,0.000000,-0.609751,0.023190,2.016495,False
2020-09-16,-0.579555,-0.624979,0.000789,-0.001338,0.001716,0.005804,0.003111,0.004981,0.000000,0.000000,-0.609916,0.030361,2.640107,False
2020-09-17,-0.575711,-0.625099,0.000906,-0.001508,0.001773,0.005778,0.003092,0.004973,0.000000,0.000000,-0.610085,0.034374,2.989012,False
2020-09-18,-0.589411,-0.625218,0.001020,-0.001676,0.001829,0.005751,0.003073,0.004966,0.000000,0.000000,-0.610256,0.020845,1.812633,False
2020-09-19,-0.591938,-0.625338,0.001128,-0.001842,0.001885,0.005724,0.003053,0.004958,0.000000,0.000000,-0.610432,0.018494,1.608133,False
2020-09-20,-0.587468,-0.625457,0.001231,-0.002005,0.001940,0.005697,0.003034,0.004950,0.000000,0.000000,-0.610611,0.023143,2.012408,False
2020-09-21,-0.592830,-0.625577,0.001328,-0.002167,0.001995,0.005670,0.003014,0.004943,0.000000,0.000000,-0.610794,0.017964,1.562094,False
2020-09-22,-0.604278,-0.625696,0.001419,-0.002326,0.002049,0.005642,0.002995,0.004935,0.000000,0.000000,-0.610982,0.006704,0.582956,False
2020-09-23,-0.602722,-0.625816,0.001503,-0.002482,0.002103,0.005615,0.002975,0.004927,0.000000,0.000000,-0.611175,0.008453,0.735015,False
2020-09-24,-0.604650,-0.625935,0.001580,-0.002635,0.002156,0.005587,0.002955,0.004919,0.000000,0.000000,-0.611372,0.006723,0.584574,False
2020-09-25,-0.606577,-0.626055,0.001650,-0.002785,0.002208,0.005559,0.002936,0.004911,0.000000,0.000000,-0.611575,0.004998,0.434585,False
2020-09-26,-0.608505,-0.626174,0.001712,-0.002932,0.002260,0.005531,0.002916,0.004904,0.000000,0.000000,-0.611783,0.003278,0.285062,False
2020-09-27,-0.610433,-0.626294,0.001766,-0.003075,0.002311,0.005503,0.002896,0.004896,0.000000,0.000000,-0.611997,0.001564,0.136017,False
2020-09-28,-0.607201,-0.626413,0.001811,-0.003215,0.002361,0.005474,0.002877,0.004888,0.000000,0.000000,-0.612217,0.005016,0.436132,False
2020-09-29,-0.605258,-0.626533,0.001848,-0.003351,0.002411,0.005446,0.002857,0.004880,0.000000,0.000000,-0.612441,0.007183,0.624652,False
2020-09-30,-0.612428,-0.626652,0.001877,-0.003483,0.002459,0.005417,0.002837,0.004872,0.000000,0.000000,-0.612672,0.000244,0.021231,False
2020-10-01,-0.616465,-0.626772,0.001896,-0.003610,0.002508,0.005388,0.002817,0.004864,0.000000,0.000000,-0.612909,-0.003556,-0.309261,False
2020-10-02,-0.609546,-0.626891,0.001907,-0.003734,0.002555,0.005359,0.002797,0.004856,0.000000,0.000000,-0.613150,0.003604,0.313433,False
2020-10-03,-0.602952,-0.627011,0.001908,-0.003853,0.002602,0.005330,0.002777,0.004849,0.000000,0.000000,-0.613398,0.010446,0.908347,False
2020-10-04,-0.604833,-0.627130,0.001901,-0.003968,0.002648,0.005301,0.002757,0.004841,0.000000,0.000000,-0.613651,0.008818,0.766777,False
2020-10-05,-0.584956,-0.627250,0.001884,-0.004078,0.002693,0.005271,0.002737,0.004833,0.000000,0.000000,-0.613909,0.028953,2.517665,False
2020-10-06,-0.598178,-0.627369,0.001859,-0.004183,0.002737,0.005242,0.002717,0.004825,0.000000,0.000000,-0.614172,0.015994,1.390820,False
2020-10-07,-0.606705,-0.627489,0.001825,-0.004283,0.002781,0.005212,0.002697,0.004817,0.000000,0.000000,-0.614441,0.007736,0.672657,False
2020-10-08,-0.604907,-0.627608,0.001782,-0.004379,0.002823,0.005182,0.002677,0.004809,0.000000,0.000000,-0.614713,0.009806,0.852718,False
2020-10-09,-0.627890,-0.627728,0.001731,-0.004469,0.002865,0.005152,0.002657,0.004801,0.000000,0.000000,-0.614990,-0.012900,-1.121719,False
2020-10-10,-0.608418,-0.627847,0.001672,-0.004553,0.002906,0.005122,0.002637,0.004793,0.000000,0.000000,-0.615271,0.006853,0.595925,False
2020-10-11,-0.622716,-0.627967,0.001605,-0.004633,0.002947,0.005092,0.002616,0.004785,0.000000,0.000000,-0.615556,-0.007160,-0.622642,False
2020-10-12,-0.597759,-0.628086,0.001530,-0.004707,0.002986,0.005061,0.002596,0.004776,0.000000,0.000000,-0.615843,0.018084,1.572545,False
2020-10-13,-0.603643,-0.628206,0.001448,-0.004775,0.003024,0.005030,0.002576,0.004768,0.000000,0.000000,-0.616134,0.012490,1.086101,False
2020-10-14,-0.609528,-0.628325,0.001359,-0.004838,0.003062,0.005000,0.002555,0.004760,0.000000,0.000000,-0.616426,0.006898,0.599855,False
2020-10-15,-0.635200,-0.628445,0.001264,-0.004895,0.003099,0.004969,0.002535,0.004752,0.000000,0.000000,-0.616721,-0.018479,-1.606887,False
2020-10-16,-0.599505,-0.628564,0.001163,-0.004946,0.003134,0.004938,0.002515,0.004744,0.000000,0.000000,-0.617017,0.017512,1.522746,False
2020-10-17,-0.616741,-0.628684,0.001057,-0.004992,0.003169,0.004906,0.002494,0.004736,0.000000,0.000000,-0.617313,0.000572,0.049749,False
2020-10-18,-0.619971,-0.628803,0.000945,-0.005031,0.003203,0.004875,0.002474,0.004728,0.000000,0.000000,-0.617610,-0.002361,-0.205316,False
2020-10-19,-0.618813,-0.628923,0.000829,-0.005065,0.003236,0.004843,0.002453,0.004719,0.000000,0.000000,-0.617906,-0.000906,-0.078816,False
2020-10-20,-0.617654,-0.629042,0.000709,-0.005093,0.003268,0.004812,0.002433,0.004711,0.000000,0.000000,-0.618202,0.000547,0.047604,False
2020-10-21,-0.616496,-0.629162,0.000586,-0.005114,0.003299,0.004780,0.002412,0.004703,0.000000,0.000000,-0.618496,0.002000,0.173893,False
2020-10-22,-0.618606,-0.629281,0.000460,-0.005130,0.003329,0.004748,0.002392,0.004695,0.000000,0.000000,-0.618788,0.000182,0.015795,False
2020-10-23,-0.614715,-0.629401,0.000332,-0.005140,0.003358,0.004716,0.002371,0.004686,0.000000,0.000000,-0.619077,0.004361,0.379244,False
2020-10-24,-0.610825,-0.629520,0.000202,-0.005143,0.003386,0.004684,0.002350,0.004678,0.000000,0.000000,-0.619363,0.008538,0.742404,False
2020-10-25,-0.613250,-0.629639,0.000071,-0.005141,0.003413,0.004652,0.002330,0.004670,0.000000,0.000000,-0.619645,0.006395,0.556049,False
2020-10-26,-0.630849,-0.629759,-0.000060,-0.005132,0.003439,0.004619,0.002309,0.004662,0.000000,0.000000,-0.619922,-0.010927,-0.950180,False
2020-10-27,-0.615276,-0.629878,-0.000191,-0.005117,0.003464,0.004586,0.002288,0.004653,0.000000,0.000000,-0.620194,0.004918,0.427667,False
2020-10-28,-0.616173,-0.629998,-0.000320,-0.005097,0.003488,0.004554,0.002267,0.004645,0.000000,0.000000,-0.620461,0.004288,0.372841,False
2020-10-29,-0.604498,-0.630117,-0.000449,-0.005070,0.003511,0.004521,0.002247,0.004637,0.000000,0.000000,-0.620721,0.016222,1.410641,False
2020-10-30,-0.592824,-0.630237,-0.000575,-0.005037,0.003533,0.004488,0.002226,0.004628,0.000000,0.000000,-0.620974,0.028150,2.447842,False
2020-10-31,-0.611894,-0.630356,-0.000699,-0.004999,0.003554,0.004455,0.002205,0.004620,0.000000,0.000000,-0.621220,0.009326,0.810962,False
2020-11-01,-0.616984,-0.630476,-0.000819,-0.004954,0.003574,0.004422,0.002184,0.004611,0.000000,0.000000,-0.621458,0.004474,0.389041,False
2020-11-02,-0.607300,-0.630595,-0.000935,-0.004904,0.003593,0.004388,0.002163,0.004603,0.000000,0.000000,-0.621687,0.014387,1.251080,False
2020-11-03,-0.607152,-0.630715,-0.001047,-0.004848,0.003611,0.004355,0.002142,0.004594,0.000000,0.000000,-0.621908,0.014756,1.283122,False
2020-11-04,-0.615931,-0.630834,-0.001154,-0.004786,0.003627,0.004321,0.002121,0.004586,0.000000,0.000000,-0.622119,0.006188,0.538084,False
2020-11-05,-0.637728,-0.630954,-0.001256,-0.004719,0.003643,0.004287,0.002100,0.004578,0.000000,0.000000,-0.622320,-0.015408,-1.339810,False
2020-11-06,-0.624948,-0.631073,-0.001351,-0.004646,0.003658,0.004253,0.002079,0.004569,0.000000,0.000000,-0.622511,-0.002437,-0.211898,False
2020-11-07,-0.632128,-0.631193,-0.001441,-0.004567,0.003671,0.004219,0.002058,0.004561,0.000000,0.000000,-0.622692,-0.009436,-0.820561,False
2020-11-08,-0.636392,-0.631312,-0.001523,-0.004483,0.003684,0.004185,0.002037,0.004552,0.000000,0.000000,-0.622861,-0.013531,-1.176609,False
2020-11-09,-0.624163,-0.631432,-0.001599,-0.004394,0.003695,0.004151,0.002016,0.004543,0.000000,0.000000,-0.623019,-0.001144,-0.099458,False
2020-11-10,-0.632002,-0.631551,-0.001666,-0.004300,0.003705,0.004117,0.001995,0.004535,0.000000,0.000000,-0.623166,-0.008836,-0.768347,False
2020-11-11,-0.629666,-0.631671,-0.001726,-0.004200,0.003714,0.004082,0.001974,0.004526,0.000000,0.000000,-0.623301,-0.006365,-0.553469,False
2020-11-12,-0.630467,-0.631790,-0.001778,-0.004096,0.003722,0.004048,0.001952,0.004518,0.000000,0.000000,-0.623424,-0.007043,-0.612402,False
2020-11-13,-0.638228,-0.631910,-0.001822,-0.003987,0.003729,0.004013,0.001931,0.004509,0.000000,0.000000,-0.623536,-0.014692,-1.277592,False
2020-11-14,-0.633510,-0.632029,-0.001856,-0.003873,0.003735,0.003978,0.001910,0.004501,0.000000,0.000000,-0.623635,-0.009875,-0.858698,False
2020-11-15,-0.633224,-0.632149,-0.001882,-0.003755,0.003740,0.003943,0.001889,0.004492,0.000000,0.000000,-0.623722,-0.009501,-0.826214,False
2020-11-16,-0.632937,-0.632268,-0.001900,-0.003632,0.003744,0.003908,0.001867,0.004483,0.000000,0.000000,-0.623797,-0.009140,-0.794778,False
2020-11-17,-0.632651,-0.632388,-0.001908,-0.003505,0.003746,0.003873,0.001846,0.004475,0.000000,0.000000,-0.623861,-0.008790,-0.764384,False
2020-11-18,-0.632365,-0.632507,-0.001907,-0.003373,0.003747,0.003838,0.001825,0.004466,0.000000,0.000000,-0.623912,-0.008453,-0.735021,False
2020-11-19,-0.632078,-0.632627,-0.001897,-0.003238,0.003748,0.003802,0.001803,0.004457,0.000000,0.000000,-0.623952,-0.008127,-0.706677,False
2020-11-20,-0.631792,-0.632746,-0.001879,-0.003099,0.003747,0.003767,0.001782,0.004448,0.000000,0.000000,-0.623980,-0.007812,-0.679334,False
2020-11-21,-0.631506,-0.632866,-0.001851,-0.002956,0.003745,0.003731,0.001760,0.004440,0.000000,0.000000,-0.623997,-0.007509,-0.652969,False
2020-11-22,-0.630933,-0.632985,-0.001815,-0.002810,0.003742,0.003696,0.001739,0.004431,0.000000,0.000000,-0.624002,-0.006931,-0.602659,False
2020-11-23,-0.630933,-0.633105,-0.001770,-0.002660,0.003738,0.003660,0.001718,0.004422,0.000000,0.000000,-0.623998,-0.006935,-0.603069,False
2020-11-24,-0.635839,-0.633224,-0.001717,-0.002508,0.003733,0.003624,0.001696,0.004413,0.000000,0.000000,-0.623983,-0.011856,-1.030978,False
2020-11-25,-0.626325,-0.633344,-0.001656,-0.002352,0.003727,0.003588,0.001675,0.004405,0.000000,0.000000,-0.623958,-0.002367,-0.205827,False
2020-11-26,-0.627258,-0.633463,-0.001587,-0.002194,0.003719,0.003552,0.001653,0.004396,0.000000,0.000000,-0.623924,-0.003334,-0.289923,False
2020-11-27,-0.636587,-0.633583,-0.001510,-0.002033,0.003711,0.003515,0.001632,0.004387,0.000000,0.000000,-0.623881,-0.012706,-1.104873,False
2020-11-28,-0.627291,-0.633702,-0.001427,-0.001869,0.003701,0.003479,0.001610,0.004378,0.000000,0.000000,-0.623830,-0.003461,-0.300979,False
2020-11-29,-0.625975,-0.633822,-0.001336,-0.001704,0.003691,0.003443,0.001588,0.004369,0.000000,0.000000,-0.623771,-0.002204,-0.191667,False
2020-11-30,-0.629229,-0.633941,-0.001240,-0.001536,0.003679,0.003406,0.001567,0.004360,0.000000,0.000000,-0.623705,-0.005524,-0.480363,False
2020-12-01,-0.632408,-0.634061,-0.001137,-0.001367,0.003666,0.003369,0.001545,0.004352,0.000000,0.000000,-0.623632,-0.008776,-0.763096,False
2020-12-02,-0.615260,-0.634180,-0.001029,-0.001196,0.003652,0.003333,0.001523,0.004343,0.000000,0.000000,-0.623554,0.008294,0.721235,False
2020-12-03,-0.633197,-0.634300,-0.000916,-0.001023,0.003637,0.003296,0.001502,0.004334,0.000000,0.000000,-0.623471,-0.009726,-0.845743,False
2020-12-04,-0.624790,-0.634419,-0.000799,-0.000850,0.003621,0.003259,0.001480,0.004325,0.000000,0.000000,-0.623383,-0.001407,-0.122314,False
2020-12-05,-0.630272,-0.634539,-0.000679,-0.000675,0.003604,0.003222,0.001458,0.004316,0.000000,0.000000,-0.623292,-0.006980,-0.606935,False
2020-12-06,-0.627337,-0.634658,-0.000555,-0.000500,0.003586,0.003185,0.001437,0.004307,0.000000,0.000000,-0.623198,-0.004139,-0.359887,False
2020-12-07,-0.623874,-0.634778,-0.000428,-0.000324,0.003566,0.003148,0.001415,0.004298,0.000000,0.000000,-0.623102,-0.000772,-0.067102,False
2020-12-08,-0.623372,-0.634897,-0.000299,-0.000147,0.003546,0.003110,0.001393,0.004289,0.000000,0.000000,-0.623005,-0.000367,-0.031902,False
2020-12-09,-0.624084,-0.635017,-0.000169,0.000029,0.003525,0.003073,0.001371,0.004280,0.000000,0.000000,-0.622908,-0.001176,-0.102302,False
2020-12-10,-0.617292,-0.635136,-0.000038,0.000206,0.003502,0.003036,0.001350,0.004271,0.000000,0.000000,-0.622810,0.005518,0.479853,False
2020-12-11,-0.621433,-0.635256,0.000093,0.000382,0.003479,0.002998,0.001328,0.004262,0.000000,0.000000,-0.622714,0.001281,0.111418,False
2020-12-12,-0.622432,-0.635375,0.000223,0.000558,0.003455,0.002960,0.001306,0.004253,0.000000,0.000000,-0.622620,0.000188,0.016377,False
2020-12-13,-0.630164,-0.635495,0.000353,0.000733,0.003429,0.002923,0.001284,0.004244,0.000000,0.000000,-0.622529,-0.007635,-0.663895,False
2020-12-14,-0.616310,-0.635614,0.000481,0.000907,0.003403,0.002885,0.001262,0.004235,0.000000,0.000000,-0.622442,0.006132,0.533194,False
2020-12-15,-0.619758,-0.635734,0.000606,0.001081,0.003375,0.002847,0.001240,0.004226,0.000000,0.000000,-0.622359,0.002601,0.226149,False
2020-12-16,-0.615033,-0.635853,0.000729,0.001253,0.003347,0.002809,0.001218,0.004216,0.000000,0.000000,-0.622281,0.007248,0.630255,False
2020-12-17,-0.620850,-0.635972,0.000848,0.001423,0.003317,0.002771,0.001197,0.004207,0.000000,0.000000,-0.622209,0.001359,0.118188,False
2020-12-18,-0.620998,-0.636092,0.000964,0.001592,0.003287,0.002733,0.001175,0.004198,0.000000,0.000000,-0.622144,0.001146,0.099665,False
2020-12-19,-0.622792,-0.636211,0.001074,0.001759,0.003255,0.002695,0.001153,0.004189,0.000000,0.000000,-0.622087,-0.000705,-0.061336,False
2020-12-20,-0.618512,-0.636331,0.001180,0.001924,0.003223,0.002656,0.001131,0.004180,0.000000,0.000000,-0.622037,0.003525,0.306550,False
2020-12-21,-0.626768,-0.636450,0.001280,0.002086,0.003190,0.002618,0.001109,0.004171,0.000000,0.000000,-0.621997,-0.004771,-0.414878,False
2020-12-22,-0.629495,-0.636570,0.001374,0.002246,0.003156,0.002579,0.001087,0.004161,0.000000,0.000000,-0.621966,-0.007529,-0.654694,False
2020-12-23,-0.618512,-0.636689,0.001462,0.002404,0.003120,0.002541,0.001065,0.004152,0.000000,0.000000,-0.621945,0.003433,0.298547,False
2020-12-24,-0.612525,-0.636809,0.001543,0.002559,0.003084,0.002502,0.001043,0.004143,0.000000,0.000000,-0.621935,0.009410,0.818288,False
2020-12-25,-0.621298,-0.636928,0.001616,0.002710,0.003047,0.002464,0.001021,0.004134,0.000000,0.000000,-0.621937,0.000639,0.055533,False
2020-12-26,-0.622616,-0.637048,0.001682,0.002859,0.003009,0.002425,0.000999,0.004125,0.000000,0.000000,-0.621950,-0.000666,-0.057934,False
2020-12-27,-0.609316,-0.637167,0.001740,0.003004,0.002971,0.002386,0.000977,0.004115,0.000000,0.000000,-0.621975,0.012659,1.100797,False
2020-12-28,-0.623374,-0.637287,0.001790,0.003145,0.002931,0.002347,0.000954,0.004106,0.000000,0.000000,-0.622013,-0.001361,-0.118323,False
2020-12-29,-0.626975,-0.637406,0.001831,0.003283,0.002890,0.002308,0.000932,0.004097,0.000000,0.000000,-0.622065,-0.004910,-0.426999,False
2020-12-30,-0.620035,-0.637526,0.001864,0.003417,0.002849,0.002269,0.000910,0.004087,0.000000,0.000000,-0.622129,0.002094,0.182102,False
2020-12-31,-0.620369,-0.637645,0.001888,0.003547,0.002807,0.002230,0.000888,0.004078,0.000000,0.000000,-0.622208,0.001839,0.159877,False
2021-01-01,-0.625226,-0.637765,0.001903,0.003673,0.002764,0.002191,0.000866,0.004069,0.000000,0.000000,-0.622300,-0.002926,-0.254435,False
2021-01-02,-0.621975,-0.637885,0.001909,0.003795,0.002720,0.002152,0.000844,0.004059,0.000000,0.000000,-0.622407,0.000432,0.037558,False
2021-01-03,-0.629492,-0.638004,0.001906,0.003912,0.002675,0.002112,0.000822,0.004050,0.000000,0.000000,-0.622528,-0.006964,-0.605541,False
2021-01-04,-0.627120,-0.638124,0.001893,0.004024,0.002629,0.002073,0.000799,0.004040,0.000000,0.000000,-0.622664,-0.004456,-0.387463,False
2021-01-05,-0.626038,-0.638244,0.001872,0.004132,0.002583,0.002034,0.000777,0.004031,0.000000,0.000000,-0.622815,-0.003223,-0.280288,False
2021-01-06,-0.615745,-0.638364,0.001843,0.004235,0.002536,0.001994,0.000755,0.004022,0.000000,0.000000,-0.622980,0.007235,0.629114,False
2021-01-07,-0.630484,-0.638484,0.001804,0.004333,0.002488,0.001954,0.000733,0.004012,0.000000,0.000000,-0.623160,-0.007324,-0.636910,False
2021-01-08,-0.627944,-0.638604,0.001757,0.004426,0.002439,0.001915,0.000710,0.004003,0.000000,0.000000,-0.623354,-0.004590,-0.399152,False
2021-01-09,-0.616964,-0.638723,0.001701,0.004513,0.002390,0.001875,0.000688,0.003993,0.000000,0.000000,-0.623562,0.006598,0.573769,False
2021-01-10,-0.625460,-0.638843,0.001638,0.004596,0.002340,0.001835,0.000666,0.003984,0.000000,0.000000,-0.623785,-0.001675,-0.145641,False
2021-01-11,-0.621215,-0.638963,0.001566,0.004672,0.002289,0.001795,0.000644,0.003974,0.000000,0.000000,-0.624022,0.002807,0.244078,False
2021-01-12,-0.614450,-0.639083,0.001488,0.004744,0.002238,0.001756,0.000621,0.003965,0.000000,0.000000,-0.624272,0.009822,0.854120,False
2021-01-13,-0.626119,-0.639203,0.001402,0.004809,0.002186,0.001716,0.000599,0.003955,0.000000,0.000000,-0.624536,-0.001583,-0.137629,False
2021-01-14,-0.617937,-0.639322,0.001309,0.004869,0.002133,0.001676,0.000577,0.003945,0.000000,0.000000,-0.624813,0.006876,0.597932,False
2021-01-15,-0.620336,-0.639442,0.001211,0.004923,0.002080,0.001636,0.000554,0.003936,0.000000,0.000000,-0.625103,0.004767,0.414509,False
2021-01-16,-0.616618,-0.639562,0.001106,0.004972,0.002026,0.001596,0.000532,0.003926,0.000000,0.000000,-0.625405,0.008787,0.764064,False
2021-01-17,-0.624501,-0.639682,0.000997,0.005014,0.001971,0.001555,0.000510,0.003917,0.000000,0.000000,-0.625718,0.001217,0.105863,False
2021-01-18,-0.623832,-0.639802,0.000882,0.005050,0.001916,0.001515,0.000487,0.003907,0.000000,0.000000,-0.626043,0.002211,0.192298,False
2021-01-19,-0.625159,-0.639922,0.000764,0.005081,0.001860,0.001475,0.000465,0.003897,0.000000,0.000000,-0.626379,0.001220,0.106107,False
2021-01-20,-0.623603,-0.640041,0.000641,0.005105,0.001804,0.001435,0.000443,0.003888,0.000000,0.000000,-0.626725,0.003122,0.271504,False
2021-01-21,-0.615365,-0.640161,0.000516,0.005124,0.001747,0.001394,0.000420,0.003878,0.000000,0.000000,-0.627081,0.011716,1.018786,False
2021-01-22,-0.623075,-0.640281,0.000389,0.005136,0.001690,0.001354,0.000398,0.003869,0.000000,0.000000,-0.627446,0.004371,0.380076,False
2021-01-23,-0.631313,-0.640401,0.000259,0.005142,0.001632,0.001314,0.000376,0.003859,0.000000,0.000000,-0.627819,-0.003494,-0.303808,False
2021-01-24,-0.627445,-0.640521,0.000128,0.005142,0.001574,0.001273,0.000353,0.003849,0.000000,0.000000,-0.628200,0.000755,0.065687,False
2021-01-25,-0.623975,-0.640640,-0.000003,0.005136,0.001515,0.001233,0.000331,0.003839,0.000000,0.000000,-0.628589,0.004614,0.401202,False
2021-01-26,-0.627131,-0.640760,-0.000134,0.005124,0.001456,0.001192,0.000308,0.003830,0.000000,0.000000,-0.628984,0.001853,0.161114,False
2021-01-27,-0.629767,-0.640880,-0.000265,0.005106,0.001396,0.001152,0.000286,0.003820,0.000000,0.000000,-0.629385,-0.000382,-0.033241,False
2021-01-28,-0.626616,-0.641000,-0.000394,0.005082,0.001336,0.001111,0.000264,0.003810,0.000000,0.000000,-0.629791,0.003175,0.276079,False
2021-01-29,-0.639266,-0.641120,-0.000522,0.005052,0.001275,0.001071,0.000241,0.003800,0.000000,0.000000,-0.630202,-0.009064,-0.788202,False
2021-01-30,-0.632581,-0.641240,-0.000647,0.005016,0.001215,0.001030,0.000219,0.003791,0.000000,0.000000,-0.630616,-0.001965,-0.170835,False
2021-01-31,-0.635988,-0.641359,-0.000769,0.004974,0.001153,0.000990,0.000197,0.003781,0.000000,0.000000,-0.631034,-0.004954,-0.430748,False
2021-02-01,-0.636252,-0.641479,-0.000887,0.004926,0.001092,0.000949,0.000174,0.003771,0.000000,0.000000,-0.631455,-0.004797,-0.417128,False
2021-02-02,-0.636120,-0.641599,-0.001002,0.004872,0.001030,0.000908,0.000152,0.003761,0.000000,0.000000,-0.631878,-0.004242,-0.368899,False
2021-02-03,-0.638787,-0.641719,-0.001111,0.004812,0.000968,0.000867,0.000129,0.003751,0.000000,0.000000,-0.632302,-0.006485,-0.563941,False
2021-02-04,-0.639043,-0.641839,-0.001215,0.004747,0.000905,0.000827,0.000107,0.003742,0.000000,0.000000,-0.632726,-0.006317,-0.549265,False
2021-02-05,-0.636274,-0.641958,-0.001313,0.004676,0.000843,0.000786,0.000085,0.003732,0.000000,0.000000,-0.633151,-0.003123,-0.271531,False
2021-02-06,-0.627249,-0.642078,-0.001406,0.004599,0.000780,0.000745,0.000062,0.003722,0.000000,0.000000,-0.633576,0.006327,0.550169,False
2021-02-07,-0.637012,-0.642198,-0.001491,0.004517,0.000716,0.000704,0.000040,0.003712,0.000000,0.000000,-0.634000,-0.003012,-0.261952,False
2021-02-08,-0.631256,-0.642318,-0.001570,0.004430,0.000653,0.000663,0.000017,0.003702,0.000000,0.000000,-0.634422,0.003166,0.275278,False
2021-02-09,-0.634527,-0.642438,-0.001641,0.004337,0.000589,0.000623,-0.000005,0.003692,0.000000,0.000000,-0.634842,0.000315,0.027380,False
2021-02-10,-0.634062,-0.642558,-0.001704,0.004240,0.000525,0.000582,-0.000028,0.003682,0.000000,0.000000,-0.635260,0.001198,0.104170,False
2021-02-11,-0.633596,-0.642677,-0.001759,0.004137,0.000462,0.000541,-0.000050,0.003672,0.000000,0.000000,-0.635675,0.002078,0.180711,False
2021-02-12,-0.633131,-0.642797,-0.001806,0.004029,0.000397,0.000500,-0.000072,0.003662,0.000000,0.000000,-0.636086,0.002955,0.256967,False
2021-02-13,-0.636442,-0.642917,-0.001844,0.003917,0.000333,0.000459,-0.000095,0.003652,0.000000,0.000000,-0.636494,0.000052,0.004530,False
2021-02-14,-0.637472,-0.643037,-0.001874,0.003800,0.000269,0.000418,-0.000117,0.003642,0.000000,0.000000,-0.636898,-0.000574,-0.049904,False
2021-02-15,-0.637081,-0.643157,-0.001894,0.003678,0.000205,0.000377,-0.000140,0.003632,0.000000,0.000000,-0.637298,0.000217,0.018855,False
2021-02-16,-0.637015,-0.643276,-0.001906,0.003553,0.000140,0.000336,-0.000162,0.003622,0.000000,0.000000,-0.637693,0.000678,0.058959,False
2021-02-17,-0.643096,-0.643396,-0.001908,0.003422,0.000076,0.000295,-0.000184,0.003612,0.000000,0.000000,-0.638083,-0.005013,-0.435872,False
2021-02-18,-0.643723,-0.643516,-0.001902,0.003288,0.000011,0.000254,-0.000207,0.003602,0.000000,0.000000,-0.638469,-0.005254,-0.456899,False
2021-02-19,-0.644351,-0.643636,-0.001887,0.003150,-0.000053,0.000213,-0.000229,0.003592,0.000000,0.000000,-0.638849,-0.005501,-0.478370,False
2021-02-20,-0.644978,-0.643756,-0.001862,0.003008,-0.000118,0.000172,-0.000252,0.003582,0.000000,0.000000,-0.639225,-0.005753,-0.500293,False
2021-02-21,-0.645605,-0.643876,-0.001829,0.002863,-0.000182,0.000131,-0.000274,0.003572,0.000000,0.000000,-0.639594,-0.006011,-0.522675,False
2021-02-22,-0.646232,-0.643995,-0.001787,0.002714,-0.000247,0.000090,-0.000296,0.003562,0.000000,0.000000,-0.639959,-0.006273,-0.545520,False
2021-02-23,-0.646860,-0.644115,-0.001737,0.002562,-0.000311,0.000049,-0.000319,0.003552,0.000000,0.000000,-0.640318,-0.006542,-0.568827,False
2021-02-24,-0.647487,-0.644235,-0.001678,0.002407,-0.000375,0.000008,-0.000341,0.003542,0.000000,0.000000,-0.640672,-0.006815,-0.592592,False
2021-02-25,-0.649369,-0.644355,-0.001612,0.002249,-0.000440,-0.000033,-0.000363,0.003532,0.000000,0.000000,-0.641021,-0.008348,-0.725906,False
2021-02-26,-0.649369,-0.644475,-0.001538,0.002089,-0.000504,-0.000074,-0.000386,0.003522,0.000000,0.000000,-0.641365,-0.008004,-0.696020,False
2021-02-27,-0.649369,-0.644594,-0.001456,0.001926,-0.000567,-0.000115,-0.000408,0.003512,0.000000,0.000000,-0.641704,-0.007665,-0.666564,False
2021-02-28,-0.648188,-0.644714,-0.001368,0.001761,-0.000631,-0.000156,-0.000431,0.003501,0.000000,0.000000,-0.642037,-0.006151,-0.534829,False
2021-03-01,-0.653949,-0.644834,-0.001273,0.001593,-0.000695,-0.000197,-0.000453,0.003491,0.000000,0.000000,-0.642367,-0.011582,-1.007144,False
2021-03-02,-0.649730,-0.644954,-0.001172,0.001424,-0.000758,-0.000238,-0.000475,0.003481,0.000000,0.000000,-0.642692,-0.007038,-0.612012,False
2021-03-03,-0.651382,-0.645074,-0.001066,0.001253,-0.000821,-0.000279,-0.000498,0.003471,0.000000,0.000000,-0.643013,-0.008369,-0.727757,False
2021-03-04,-0.642568,-0.645194,-0.000954,0.001080,-0.000884,-0.000320,-0.000520,0.003461,0.000000,0.000000,-0.643330,0.000762,0.066254,False
2021-03-05,-0.650609,-0.645313,-0.000838,0.000907,-0.000946,-0.000361,-0.000542,0.003450,0.000000,0.000000,-0.643644,-0.006965,-0.605693,False
2021-03-06,-0.654897,-0.645433,-0.000718,0.000732,-0.001009,-0.000402,-0.000565,0.003440,0.000000,0.000000,-0.643954,-0.010943,-0.951568,False
2021-03-07,-0.655833,-0.645553,-0.000595,0.000556,-0.001071,-0.000443,-0.000587,0.003430,0.000000,0.000000,-0.644262,-0.011571,-1.006213,False
2021-03-08,-0.653426,-0.645673,-0.000469,0.000380,-0.001132,-0.000483,-0.000609,0.003420,0.000000,0.000000,-0.644567,-0.008859,-0.770378,False
2021-03-09,-0.655444,-0.645793,-0.000340,0.000203,-0.001194,-0.000524,-0.000631,0.003410,0.000000,0.000000,-0.644870,-0.010574,-0.919510,False
2021-03-10,-0.656574,-0.645912,-0.000210,0.000026,-0.001255,-0.000565,-0.000654,0.003399,0.000000,0.000000,-0.645171,-0.011403,-0.991575,False
2021-03-11,-0.657704,-0.646032,-0.000079,-0.000151,-0.001315,-0.000606,-0.000676,0.003389,0.000000,0.000000,-0.645471,-0.012233,-1.063758,False
2021-03-12,-0.658834,-0.646152,0.000052,-0.000328,-0.001375,-0.000647,-0.000698,0.003379,0.000000,0.000000,-0.645770,-0.013064,-1.136024,False
2021-03-13,-0.660904,-0.646272,0.000183,-0.000504,-0.001435,-0.000688,-0.000721,0.003368,0.000000,0.000000,-0.646068,-0.014836,-1.290078,False
2021-03-14,-0.660690,-0.646392,0.000314,-0.000680,-0.001495,-0.000729,-0.000743,0.003358,0.000000,0.000000,-0.646366,-0.014323,-1.245521,False
2021-03-15,-0.660476,-0.646512,0.000442,-0.000855,-0.001553,-0.000770,-0.000765,0.003348,0.000000,0.000000,-0.646665,-0.013811,-1.200945,False
2021-03-16,-0.660261,-0.646631,0.000569,-0.001029,-0.001612,-0.000810,-0.000787,0.003337,0.000000,0.000000,-0.646964,-0.013298,-1.156317,False
2021-03-17,-0.660047,-0.646751,0.000693,-0.001202,-0.001670,-0.000851,-0.000810,0.003327,0.000000,0.000000,-0.647264,-0.012783,-1.111603,False
2021-03-18,-0.659833,-0.646871,0.000814,-0.001373,-0.001727,-0.000892,-0.000832,0.003317,0.000000,0.000000,-0.647565,-0.012268,-1.066773,False
2021-03-19,-0.654973,-0.646991,0.000931,-0.001543,-0.001784,-0.000932,-0.000854,0.003306,0.000000,0.000000,-0.647868,-0.007105,-0.617814,False
2021-03-20,-0.664237,-0.647111,0.001043,-0.001711,-0.001841,-0.000973,-0.000876,0.003296,0.000000,0.000000,-0.648173,-0.016064,-1.396851,False
2021-03-21,-0.666073,-0.647230,0.001151,-0.001877,-0.001897,-0.001014,-0.000898,0.003285,0.000000,0.000000,-0.648481,-0.017592,-1.529773,False
2021-03-22,-0.660731,-0.647350,0.001253,-0.002041,-0.001952,-0.001054,-0.000920,0.003275,0.000000,0.000000,-0.648791,-0.011940,-1.038291,False
2021-03-23,-0.660161,-0.647470,0.001349,-0.002202,-0.002007,-0.001095,-0.000943,0.003265,0.000000,0.000000,-0.649104,-0.011057,-0.961512,False
2021-03-24,-0.661400,-0.647590,0.001439,-0.002361,-0.002061,-0.001136,-0.000965,0.003254,0.000000,0.000000,-0.649420,-0.011980,-1.041764,False
2021-03-25,-0.661712,-0.647710,0.001521,-0.002517,-0.002115,-0.001176,-0.000987,0.003244,0.000000,0.000000,-0.649739,-0.011973,-1.041113,False
2021-03-26,-0.660565,-0.647830,0.001597,-0.002670,-0.002168,-0.001217,-0.001009,0.003233,0.000000,0.000000,-0.650062,-0.010503,-0.913283,False
2021-03-27,-0.653780,-0.647949,0.001665,-0.002819,-0.002220,-0.001257,-0.001031,0.003223,0.000000,0.000000,-0.650389,-0.003391,-0.294868,False
2021-03-28,-0.656357,-0.648069,0.001725,-0.002966,-0.002272,-0.001298,-0.001053,0.003212,0.000000,0.000000,-0.650720,-0.005637,-0.490204,False
2021-03-29,-0.655295,-0.648189,0.001778,-0.003109,-0.002323,-0.001338,-0.001075,0.003202,0.000000,0.000000,-0.651054,-0.004241,-0.368763,False
2021-03-30,-0.659158,-0.648309,0.001821,-0.003248,-0.002373,-0.001378,-0.001097,0.003191,0.000000,0.000000,-0.651393,-0.007765,-0.675234,False
2021-03-31,-0.656371,-0.648429,0.001856,-0.003383,-0.002423,-0.001419,-0.001119,0.003181,0.000000,0.000000,-0.651735,-0.004636,-0.403092,False
2021-04-01,-0.646209,-0.648548,0.001882,-0.003514,-0.002471,-0.001459,-0.001141,0.003170,0.000000,0.000000,-0.652082,0.005873,0.510703,False
2021-04-02,-0.661846,-0.648668,0.001900,-0.003642,-0.002520,-0.001499,-0.001163,0.003160,0.000000,0.000000,-0.652433,-0.009413,-0.818547,False
2021-04-03,-0.663998,-0.648788,0.001908,-0.003765,-0.002567,-0.001539,-0.001185,0.003149,0.000000,0.000000,-0.652787,-0.011211,-0.974849,False
2021-04-04,-0.664397,-0.648908,0.001907,-0.003883,-0.002614,-0.001579,-0.001207,0.003139,0.000000,0.000000,-0.653146,-0.011251,-0.978389,False
2021-04-05,-0.662685,-0.649028,0.001897,-0.003997,-0.002659,-0.001619,-0.001229,0.003128,0.000000,0.000000,-0.653507,-0.009178,-0.798050,False
2021-04-06,-0.668999,-0.649148,0.001879,-0.004106,-0.002704,-0.001660,-0.001251,0.003117,0.000000,0.000000,-0.653873,-0.015126,-1.315327,False
2021-04-07,-0.656635,-0.649267,0.001851,-0.004210,-0.002749,-0.001700,-0.001273,0.003107,0.000000,0.000000,-0.654241,-0.002394,-0.208153,False
2021-04-08,-0.663209,-0.649387,0.001814,-0.004309,-0.002792,-0.001739,-0.001295,0.003096,0.000000,0.000000,-0.654613,-0.008596,-0.747508,False
2021-04-09,-0.664518,-0.649507,0.001769,-0.004403,-0.002835,-0.001779,-0.001317,0.003086,0.000000,0.000000,-0.654987,-0.009531,-0.828811,False
2021-04-10,-0.663426,-0.649627,0.001716,-0.004492,-0.002877,-0.001819,-0.001339,0.003075,0.000000,0.000000,-0.655363,-0.008063,-0.701134,False
2021-04-11,-0.664703,-0.649747,0.001654,-0.004576,-0.002917,-0.001859,-0.001361,0.003064,0.000000,0.000000,-0.655741,-0.008962,-0.779291,False
2021-04-12,-0.663953,-0.649866,0.001585,-0.004654,-0.002958,-0.001899,-0.001383,0.003054,0.000000,0.000000,-0.656121,-0.007832,-0.681059,False
2021-04-13,-0.661451,-0.649986,0.001508,-0.004726,-0.002997,-0.001938,-0.001405,0.003043,0.000000,0.000000,-0.656502,-0.004949,-0.430386,False
2021-04-14,-0.666935,-0.650106,0.001424,-0.004793,-0.003035,-0.001978,-0.001426,0.003032,0.000000,0.000000,-0.656883,-0.010052,-0.874097,False
2021-04-15,-0.668508,-0.650226,0.001333,-0.004855,-0.003072,-0.002018,-0.001448,0.003022,0.000000,0.000000,-0.657264,-0.011244,-0.977711,False
2021-04-16,-0.659800,-0.650346,0.001236,-0.004910,-0.003109,-0.002057,-0.001470,0.003011,0.000000,0.000000,-0.657645,-0.002155,-0.187362,False
2021-04-17,-0.662418,-0.650466,0.001133,-0.004960,-0.003144,-0.002097,-0.001492,0.003000,0.000000,0.000000,-0.658025,-0.004393,-0.381965,False
2021-04-18,-0.670728,-0.650585,0.001024,-0.005004,-0.003179,-0.002136,-0.001513,0.002989,0.000000,0.000000,-0.658404,-0.012324,-1.071656,False
2021-04-19,-0.657543,-0.650705,0.000911,-0.005042,-0.003213,-0.002175,-0.001535,0.002979,0.000000,0.000000,-0.658780,0.001237,0.107602,False
2021-04-20,-0.671450,-0.650825,0.000794,-0.005074,-0.003246,-0.002215,-0.001557,0.002968,0.000000,0.000000,-0.659154,-0.012296,-1.069200,False
2021-04-21,-0.666062,-0.650945,0.000672,-0.005100,-0.003277,-0.002254,-0.001579,0.002957,0.000000,0.000000,-0.659525,-0.006537,-0.568461,False
2021-04-22,-0.666140,-0.651065,0.000548,-0.005120,-0.003308,-0.002293,-0.001600,0.002946,0.000000,0.000000,-0.659891,-0.006249,-0.543366,False
2021-04-23,-0.669955,-0.651184,0.000421,-0.005134,-0.003338,-0.002332,-0.001622,0.002936,0.000000,0.000000,-0.660253,-0.009702,-0.843622,False
2021-04-24,-0.669054,-0.651304,0.000292,-0.005141,-0.003367,-0.002371,-0.001643,0.002925,0.000000,0.000000,-0.660610,-0.008444,-0.734239,False
2021-04-25,-0.664363,-0.651424,0.000161,-0.005143,-0.003395,-0.002410,-0.001665,0.002914,0.000000,0.000000,-0.660961,-0.003402,-0.295794,False
2021-04-26,-0.669370,-0.651544,0.000030,-0.005138,-0.003422,-0.002449,-0.001687,0.002903,0.000000,0.000000,-0.661306,-0.008064,-0.701211,False
2021-04-27,-0.670348,-0.651664,-0.000101,-0.005128,-0.003447,-0.002488,-0.001708,0.002892,0.000000,0.000000,-0.661644,-0.008704,-0.756894,False
2021-04-28,-0.674698,-0.651784,-0.000232,-0.005111,-0.003472,-0.002526,-0.001730,0.002882,0.000000,0.000000,-0.661974,-0.012724,-1.106460,False
2021-04-29,-0.656256,-0.651903,-0.000362,-0.005089,-0.003496,-0.002565,-0.001751,0.002871,0.000000,0.000000,-0.662295,0.006039,0.525167,False
2021-04-30,-0.658606,-0.652023,-0.000490,-0.005060,-0.003519,-0.002604,-0.001773,0.002860,0.000000,0.000000,-0.662608,0.004002,0.348024,False
2021-05-01,-0.660185,-0.652143,-0.000616,-0.005025,-0.003540,-0.002642,-0.001794,0.002849,0.000000,0.000000,-0.662912,0.002727,0.237101,False
2021-05-02,-0.664313,-0.652263,-0.000739,-0.004985,-0.003561,-0.002680,-0.001816,0.002838,0.000000,0.000000,-0.663205,-0.001108,-0.096344,False
2021-05-03,-0.668591,-0.652383,-0.000858,-0.004938,-0.003581,-0.002719,-0.001837,0.002827,0.000000,0.000000,-0.663488,-0.005103,-0.443751,False
2021-05-04,-0.656904,-0.652502,-0.000973,-0.004886,-0.003599,-0.002757,-0.001858,0.002817,0.000000,0.000000,-0.663760,0.006856,0.596141,False
2021-05-05,-0.662151,-0.652622,-0.001084,-0.004828,-0.003617,-0.002795,-0.001880,0.002806,0.000000,0.000000,-0.664020,0.001869,0.162505,False
2021-05-06,-0.660591,-0.652742,-0.001190,-0.004764,-0.003633,-0.002833,-0.001901,0.002795,0.000000,0.000000,-0.664268,0.003677,0.319736,False
2021-05-07,-0.657453,-0.652862,-0.001289,-0.004694,-0.003648,-0.002871,-0.001922,0.002784,0.000000,0.000000,-0.664504,0.007051,0.613101,False
2021-05-08,-0.672805,-0.652982,-0.001383,-0.004619,-0.003662,-0.002909,-0.001944,0.002773,0.000000,0.000000,-0.664727,-0.008078,-0.702477,False
2021-05-09,-0.665286,-0.653102,-0.001470,-0.004538,-0.003676,-0.002947,-0.001965,0.002762,0.000000,0.000000,-0.664936,-0.000350,-0.030422,False
2021-05-10,-0.670272,-0.653221,-0.001551,-0.004452,-0.003688,-0.002985,-0.001986,0.002751,0.000000,0.000000,-0.665132,-0.005140,-0.446936,False
2021-05-11,-0.674893,-0.653341,-0.001624,-0.004361,-0.003699,-0.003023,-0.002007,0.002740,0.000000,0.000000,-0.665315,-0.009578,-0.832912,False
2021-05-12,-0.670202,-0.653461,-0.001689,-0.004265,-0.003709,-0.003060,-0.002029,0.002729,0.000000,0.000000,-0.665483,-0.004719,-0.410372,False
2021-05-13,-0.670902,-0.653581,-0.001746,-0.004163,-0.003717,-0.003098,-0.002050,0.002718,0.000000,0.000000,-0.665637,-0.005265,-0.457855,False
2021-05-14,-0.673343,-0.653701,-0.001795,-0.004057,-0.003725,-0.003135,-0.002071,0.002707,0.000000,0.000000,-0.665776,-0.007567,-0.657983,False
2021-05-15,-0.672956,-0.653820,-0.001835,-0.003946,-0.003732,-0.003172,-0.002092,0.002696,0.000000,0.000000,-0.665901,-0.007055,-0.613461,False
2021-05-16,-0.684623,-0.653940,-0.001867,-0.003830,-0.003737,-0.003210,-0.002113,0.002685,0.000000,0.000000,-0.666012,-0.018611,-1.618382,False
2021-05-17,-0.675568,-0.654060,-0.001890,-0.003709,-0.003741,-0.003247,-0.002134,0.002674,0.000000,0.000000,-0.666107,-0.009461,-0.822660,False
2021-05-18,-0.667649,-0.654180,-0.001904,-0.003584,-0.003745,-0.003284,-0.002155,0.002663,0.000000,0.000000,-0.666189,-0.001460,-0.126987,False
2021-05-19,-0.671103,-0.654300,-0.001909,-0.003455,-0.003747,-0.003321,-0.002176,0.002652,0.000000,0.000000,-0.666255,-0.004848,-0.421532,False
2021-05-20,-0.669782,-0.654420,-0.001905,-0.003322,-0.003748,-0.003358,-0.002197,0.002641,0.000000,0.000000,-0.666308,-0.003474,-0.302109,False
2021-05-21,-0.678512,-0.654539,-0.001891,-0.003185,-0.003748,-0.003395,-0.002218,0.002630,0.000000,0.000000,-0.666346,-0.012166,-1.057919,False
2021-05-22,-0.671045,-0.654659,-0.001869,-0.003044,-0.003746,-0.003431,-0.002239,0.002619,0.000000,0.000000,-0.666370,-0.004675,-0.406509,False
2021-05-23,-0.687057,-0.654779,-0.001838,-0.002900,-0.003744,-0.003468,-0.002260,0.002608,0.000000,0.000000,-0.666381,-0.020676,-1.797943,False
2021-05-24,-0.680155,-0.654899,-0.001798,-0.002752,-0.003741,-0.003504,-0.002281,0.002597,0.000000,0.000000,-0.666378,-0.013777,-1.198018,False
2021-05-25,-0.673253,-0.655019,-0.001750,-0.002601,-0.003736,-0.003541,-0.002301,0.002586,0.000000,0.000000,-0.666362,-0.006891,-0.599225,False
2021-05-26,-0.666351,-0.655138,-0.001694,-0.002446,-0.003731,-0.003577,-0.002322,0.002575,0.000000,0.000000,-0.666333,-0.000018,-0.001528,False
2021-05-27,-0.688662,-0.655258,-0.001629,-0.002289,-0.003724,-0.003613,-0.002343,0.002564,0.000000,0.000000,-0.666293,-0.022369,-1.945149,False
2021-05-28,-0.688717,-0.655378,-0.001557,-0.002129,-0.003716,-0.003649,-0.002364,0.002552,0.000000,0.000000,-0.666240,-0.022477,-1.954480,False
2021-05-29,-0.678821,-0.655498,-0.001477,-0.001967,-0.003707,-0.003685,-0.002384,0.002541,0.000000,0.000000,-0.666177,-0.012644,-1.099475,False
2021-05-30,-0.678952,-0.655618,-0.001391,-0.001802,-0.003697,-0.003721,-0.002405,0.002530,0.000000,0.000000,-0.666103,-0.012849,-1.117300,False
2021-05-31,-0.683551,-0.655738,-0.001297,-0.001635,-0.003686,-0.003757,-0.002426,0.002519,0.000000,0.000000,-0.666019,-0.017532,-1.524513,False
2021-06-01,-0.677171,-0.655857,-0.001198,-0.001466,-0.003674,-0.003792,-0.002446,0.002508,0.000000,0.000000,-0.665926,-0.011245,-0.977840,False
2021-06-02,-0.690642,-0.655977,-0.001093,-0.001296,-0.003660,-0.003828,-0.002467,0.002497,0.000000,0.000000,-0.665824,-0.024818,-2.158092,False
2021-06-03,-0.683034,-0.656097,-0.000983,-0.001124,-0.003646,-0.003863,-0.002487,0.002486,0.000000,0.000000,-0.665714,-0.017320,-1.506077,False
2021-06-04,-0.679708,-0.656217,-0.000868,-0.000950,-0.003630,-0.003898,-0.002508,0.002474,0.000000,0.000000,-0.665597,-0.014111,-1.227037,False
2021-06-05,-0.681713,-0.656337,-0.000749,-0.000776,-0.003614,-0.003934,-0.002528,0.002463,0.000000,0.000000,-0.665474,-0.016239,-1.412122,False
2021-06-06,-0.682356,-0.656456,-0.000626,-0.000600,-0.003596,-0.003969,-0.002549,0.002452,0.000000,0.000000,-0.665344,-0.017012,-1.479267,False
2021-06-07,-0.682271,-0.656576,-0.000500,-0.000424,-0.003578,-0.004004,-0.002569,0.002441,0.000000,0.000000,-0.665210,-0.017061,-1.483531,False
2021-06-08,-0.676830,-0.656696,-0.000373,-0.000247,-0.003558,-0.004038,-0.002590,0.002430,0.000000,0.000000,-0.665072,-0.011758,-1.022411,False
2021-06-09,-0.678706,-0.656816,-0.000243,-0.000070,-0.003537,-0.004073,-0.002610,0.002418,0.000000,0.000000,-0.664931,-0.013775,-1.197835,False
2021-06-10,-0.680011,-0.656936,-0.000112,0.000107,-0.003515,-0.004108,-0.002630,0.002407,0.000000,0.000000,-0.664787,-0.015224,-1.323862,False
2021-06-11,-0.681317,-0.657056,0.000019,0.000284,-0.003492,-0.004142,-0.002650,0.002396,0.000000,0.000000,-0.664642,-0.016675,-1.450026,False
2021-06-12,-0.669353,-0.657175,0.000151,0.000460,-0.003468,-0.004177,-0.002671,0.002385,0.000000,0.000000,-0.664496,-0.004857,-0.422387,False
2021-06-13,-0.674003,-0.657295,0.000281,0.000636,-0.003443,-0.004211,-0.002691,0.002373,0.000000,0.000000,-0.664349,-0.009654,-0.839436,False
2021-06-14,-0.672972,-0.657415,0.000410,0.000811,-0.003417,-0.004245,-0.002711,0.002362,0.000000,0.000000,-0.664204,-0.008768,-0.762405,False
2021-06-15,-0.672599,-0.657535,0.000538,0.000986,-0.003390,-0.004279,-0.002731,0.002351,0.000000,0.000000,-0.664061,-0.008538,-0.742440,False
2021-06-16,-0.673405,-0.657655,0.000662,0.001159,-0.003362,-0.004313,-0.002751,0.002340,0.000000,0.000000,-0.663920,-0.009485,-0.824774,False
2021-06-17,-0.667227,-0.657774,0.000784,0.001331,-0.003333,-0.004347,-0.002771,0.002328,0.000000,0.000000,-0.663783,-0.003444,-0.299511,False
2021-06-18,-0.666512,-0.657894,0.000902,0.001501,-0.003303,-0.004380,-0.002791,0.002317,0.000000,0.000000,-0.663649,-0.002863,-0.248930,False
2021-06-19,-0.670686,-0.658014,0.001015,0.001669,-0.003272,-0.004414,-0.002811,0.002306,0.000000,0.000000,-0.663521,-0.007165,-0.623053,False
2021-06-20,-0.671305,-0.658134,0.001124,0.001836,-0.003241,-0.004447,-0.002831,0.002294,0.000000,0.000000,-0.663398,-0.007907,-0.687552,False
2021-06-21,-0.659958,-0.658254,0.001228,0.002000,-0.003208,-0.004480,-0.002851,0.002283,0.000000,0.000000,-0.663282,0.003324,0.289026,False
2021-06-22,-0.664298,-0.658374,0.001325,0.002162,-0.003174,-0.004513,-0.002871,0.002272,0.000000,0.000000,-0.663173,-0.001125,-0.097867,False
2021-06-23,-0.668218,-0.658493,0.001417,0.002321,-0.003139,-0.004546,-0.002891,0.002260,0.000000,0.000000,-0.663071,-0.005147,-0.447566,False
2021-06-24,-0.659997,-0.658613,0.001501,0.002478,-0.003103,-0.004579,-0.002911,0.002249,0.000000,0.000000,-0.662978,0.002981,0.259203,False
2021-06-25,-0.669888,-0.658733,0.001579,0.002632,-0.003067,-0.004612,-0.002930,0.002238,0.000000,0.000000,-0.662894,-0.006994,-0.608205,False
2021-06-26,-0.668160,-0.658853,0.001649,0.002782,-0.003029,-0.004644,-0.002950,0.002226,0.000000,0.000000,-0.662819,-0.005341,-0.464436,False
2021-06-27,-0.656301,-0.658973,0.001711,0.002929,-0.002991,-0.004677,-0.002970,0.002215,0.000000,0.000000,-0.662754,0.006453,0.561163,False
2021-06-28,-0.681967,-0.659092,0.001765,0.003073,-0.002951,-0.004709,-0.002989,0.002204,0.000000,0.000000,-0.662700,-0.019267,-1.675365,False
2021-06-29,-0.669564,-0.659212,0.001811,0.003213,-0.002911,-0.004741,-0.003009,0.002192,0.000000,0.000000,-0.662657,-0.006907,-0.600593,False
2021-06-30,-0.671578,-0.659332,0.001848,0.003350,-0.002870,-0.004773,-0.003029,0.002181,0.000000,0.000000,-0.662625,-0.008953,-0.778484,False
2021-07-01,-0.668887,-0.659452,0.001877,0.003482,-0.002828,-0.004805,-0.003048,0.002169,0.000000,0.000000,-0.662605,-0.006282,-0.546227,False
2021-07-02,-0.672108,-0.659572,0.001896,0.003610,-0.002785,-0.004837,-0.003068,0.002158,0.000000,0.000000,-0.662597,-0.009511,-0.827013,False
2021-07-03,-0.662914,-0.659692,0.001907,0.003734,-0.002742,-0.004869,-0.003087,0.002147,0.000000,0.000000,-0.662602,-0.000312,-0.027166,False
2021-07-04,-0.663350,-0.659811,0.001908,0.003854,-0.002697,-0.004900,-0.003106,0.002135,0.000000,0.000000,-0.662618,-0.000732,-0.063626,False
2021-07-05,-0.675845,-0.659931,0.001901,0.003969,-0.002652,-0.004932,-0.003126,0.002124,0.000000,0.000000,-0.662648,-0.013197,-1.147596,False
2021-07-06,-0.671578,-0.660051,0.001884,0.004079,-0.002606,-0.004963,-0.003145,0.002112,0.000000,0.000000,-0.662690,-0.008888,-0.772892,False
2021-07-07,-0.656049,-0.660171,0.001859,0.004184,-0.002560,-0.004994,-0.003164,0.002101,0.000000,0.000000,-0.662745,0.006696,0.582231,False
2021-07-08,-0.663039,-0.660291,0.001824,0.004285,-0.002512,-0.005025,-0.003184,0.002089,0.000000,0.000000,-0.662812,-0.000227,-0.019705,False
2021-07-09,-0.645424,-0.660410,0.001781,0.004380,-0.002464,-0.005055,-0.003203,0.002078,0.000000,0.000000,-0.662893,0.017469,1.519038,False
2021-07-10,-0.645130,-0.660530,0.001730,0.004470,-0.002415,-0.005086,-0.003222,0.002067,0.000000,0.000000,-0.662986,0.017856,1.552713,False
2021-07-11,-0.658667,-0.660650,0.001670,0.004555,-0.002365,-0.005117,-0.003241,0.002055,0.000000,0.000000,-0.663092,0.004425,0.384788,False
2021-07-12,-0.659707,-0.660770,0.001603,0.004635,-0.002315,-0.005147,-0.003260,0.002044,0.000000,0.000000,-0.663210,0.003503,0.304640,False
2021-07-13,-0.671939,-0.660890,0.001528,0.004709,-0.002264,-0.005177,-0.003279,0.002032,0.000000,0.000000,-0.663341,-0.008598,-0.747663,False
2021-07-14,-0.664673,-0.661010,0.001445,0.004777,-0.002212,-0.005207,-0.003298,0.002021,0.000000,0.000000,-0.663483,-0.001190,-0.103447,False
2021-07-15,-0.657931,-0.661129,0.001356,0.004840,-0.002159,-0.005237,-0.003317,0.002009,0.000000,0.000000,-0.663638,0.005707,0.496218,False
2021-07-16,-0.660969,-0.661249,0.001261,0.004897,-0.002106,-0.005267,-0.003336,0.001998,0.000000,0.000000,-0.663803,0.002834,0.246434,False
2021-07-17,-0.668835,-0.661369,0.001159,0.004948,-0.002053,-0.005296,-0.003355,0.001986,0.000000,0.000000,-0.663979,-0.004856,-0.422222,False
2021-07-18,-0.665209,-0.661489,0.001052,0.004993,-0.001998,-0.005326,-0.003374,0.001975,0.000000,0.000000,-0.664166,-0.001043,-0.090656,False
2021-07-19,-0.665864,-0.661609,0.000940,0.005033,-0.001944,-0.005355,-0.003392,0.001963,0.000000,0.000000,-0.664364,-0.001500,-0.130470,False
2021-07-20,-0.667702,-0.661728,0.000823,0.005066,-0.001888,-0.005384,-0.003411,0.001951,0.000000,0.000000,-0.664570,-0.003132,-0.272315,False
2021-07-21,-0.653645,-0.661848,0.000703,0.005094,-0.001832,-0.005413,-0.003430,0.001940,0.000000,0.000000,-0.664786,0.011141,0.968810,False
2021-07-22,-0.651249,-0.661968,0.000579,0.005115,-0.001776,-0.005442,-0.003448,0.001928,0.000000,0.000000,-0.665011,0.013762,1.196685,False
2021-07-23,-0.667313,-0.662088,0.000453,0.005131,-0.001719,-0.005470,-0.003467,0.001917,0.000000,0.000000,-0.665244,-0.002069,-0.179954,False
2021-07-24,-0.670607,-0.662208,0.000324,0.005140,-0.001661,-0.005499,-0.003485,0.001905,0.000000,0.000000,-0.665484,-0.005123,-0.445504,False
2021-07-25,-0.654981,-0.662328,0.000194,0.005143,-0.001603,-0.005527,-0.003504,0.001894,0.000000,0.000000,-0.665731,0.010750,0.934767,False
2021-07-26,-0.665110,-0.662447,0.000063,0.005140,-0.001544,-0.005555,-0.003522,0.001882,0.000000,0.000000,-0.665984,0.000874,0.076024,False
2021-07-27,-0.673974,-0.662567,-0.000069,0.005131,-0.001485,-0.005583,-0.003541,0.001870,0.000000,0.000000,-0.666243,-0.007731,-0.672221,False
2021-07-28,-0.660526,-0.662687,-0.000200,0.005116,-0.001426,-0.005611,-0.003559,0.001859,0.000000,0.000000,-0.666508,0.005982,0.520153,False
2021-07-29,-0.674039,-0.662807,-0.000330,0.005095,-0.001366,-0.005639,-0.003577,0.001847,0.000000,0.000000,-0.666777,-0.007262,-0.631518,False
2021-07-30,-0.660960,-0.662927,-0.000458,0.005068,-0.001306,-0.005666,-0.003596,0.001836,0.000000,0.000000,-0.667049,0.006089,0.529496,False
2021-07-31,-0.670439,-0.663046,-0.000585,0.005035,-0.001245,-0.005694,-0.003614,0.001824,0.000000,0.000000,-0.667325,-0.003114,-0.270773,False
2021-08-01,-0.656577,-0.663166,-0.000708,0.004995,-0.001184,-0.005721,-0.003632,0.001812,0.000000,0.000000,-0.667604,0.011027,0.958837,False
2021-08-02,-0.665738,-0.663286,-0.000829,0.004950,-0.001123,-0.005748,-0.003650,0.001801,0.000000,0.000000,-0.667884,0.002146,0.186622,False
2021-08-03,-0.662972,-0.663406,-0.000945,0.004899,-0.001061,-0.005775,-0.003668,0.001789,0.000000,0.000000,-0.668166,0.005194,0.451659,False
2021-08-04,-0.663600,-0.663526,-0.001057,0.004843,-0.000999,-0.005801,-0.003686,0.001778,0.000000,0.000000,-0.668449,0.004849,0.421636,False
2021-08-05,-0.660206,-0.663646,-0.001164,0.004780,-0.000937,-0.005828,-0.003704,0.001766,0.000000,0.000000,-0.668732,0.008526,0.741371,False
2021-08-06,-0.663060,-0.663765,-0.001265,0.004712,-0.000874,-0.005854,-0.003722,0.001754,0.000000,0.000000,-0.669014,0.005954,0.517772,False
2021-08-07,-0.671231,-0.663885,-0.001360,0.004638,-0.000811,-0.005880,-0.003740,0.001743,0.000000,0.000000,-0.669296,-0.001935,-0.168251,False
2021-08-08,-0.675404,-0.664005,-0.001449,0.004559,-0.000748,-0.005906,-0.003758,0.001731,0.000000,0.000000,-0.669576,-0.005828,-0.506743,False
2021-08-09,-0.664237,-0.664125,-0.001531,0.004474,-0.000685,-0.005932,-0.003776,0.001719,0.000000,0.000000,-0.669855,0.005618,0.488511,False
2021-08-10,-0.669136,-0.664245,-0.001606,0.004384,-0.000621,-0.005958,-0.003793,0.001708,0.000000,0.000000,-0.670131,0.000995,0.086517,False
2021-08-11,-0.673636,-0.664364,-0.001673,0.004289,-0.000557,-0.005983,-0.003811,0.001696,0.000000,0.000000,-0.670404,-0.003232,-0.281028,False
2021-08-12,-0.669373,-0.664484,-0.001732,0.004189,-0.000494,-0.006009,-0.003829,0.001684,0.000000,0.000000,-0.670674,0.001301,0.113148,False
2021-08-13,-0.664986,-0.664604,-0.001783,0.004084,-0.000430,-0.006034,-0.003846,0.001673,0.000000,0.000000,-0.670941,0.005955,0.517791,False
2021-08-14,-0.666491,-0.664724,-0.001826,0.003974,-0.000365,-0.006059,-0.003864,0.001661,0.000000,0.000000,-0.671203,0.004712,0.409743,False
2021-08-15,-0.656322,-0.664844,-0.001860,0.003859,-0.000301,-0.006084,-0.003881,0.001649,0.000000,0.000000,-0.671461,0.015139,1.316454,False
2021-08-16,-0.667990,-0.664964,-0.001885,0.003740,-0.000237,-0.006108,-0.003899,0.001637,0.000000,0.000000,-0.671715,0.003725,0.323899,False
2021-08-17,-0.678193,-0.665083,-0.001901,0.003616,-0.000172,-0.006133,-0.003916,0.001626,0.000000,0.000000,-0.671964,-0.006229,-0.541681,False
2021-08-18,-0.661785,-0.665203,-0.001908,0.003488,-0.000108,-0.006157,-0.003933,0.001614,0.000000,0.000000,-0.672207,0.010422,0.906304,False
2021-08-19,-0.672610,-0.665323,-0.001906,0.003356,-0.000043,-0.006181,-0.003951,0.001602,0.000000,0.000000,-0.672446,-0.000164,-0.014247,False
2021-08-20,-0.668763,-0.665443,-0.001895,0.003220,0.000021,-0.006205,-0.003968,0.001591,0.000000,0.000000,-0.672680,0.003917,0.340567,False
2021-08-21,-0.653377,-0.665563,-0.001876,0.003080,0.000086,-0.006229,-0.003985,0.001579,0.000000,0.000000,-0.672908,0.019531,1.698305,False
2021-08-22,-0.657571,-0.665682,-0.001847,0.002936,0.000150,-0.006252,-0.004002,0.001567,0.000000,0.000000,-0.673130,0.015559,1.352960,False
2021-08-23,-0.665244,-0.665802,-0.001809,0.002789,0.000215,-0.006276,-0.004019,0.001555,0.000000,0.000000,-0.673347,0.008103,0.704620,False
2021-08-24,-0.660595,-0.665922,-0.001763,0.002639,0.000279,-0.006299,-0.004036,0.001544,0.000000,0.000000,-0.673559,0.012964,1.127285,False
2021-08-25,-0.665290,-0.666042,-0.001709,0.002485,0.000343,-0.006322,-0.004053,0.001532,0.000000,0.000000,-0.673765,0.008475,0.736961,False
2021-08-26,-0.677220,-0.666162,-0.001646,0.002329,0.000407,-0.006345,-0.004070,0.001520,0.000000,0.000000,-0.673966,-0.003254,-0.282953,False
2021-08-27,-0.668833,-0.666281,-0.001576,0.002169,0.000472,-0.006367,-0.004087,0.001508,0.000000,0.000000,-0.674162,0.005329,0.463381,False
2021-08-28,-0.649099,-0.666401,-0.001498,0.002008,0.000535,-0.006390,-0.004104,0.001496,0.000000,0.000000,-0.674353,0.025254,2.195977,False
2021-08-29,-0.670271,-0.666521,-0.001413,0.001843,0.000599,-0.006412,-0.004120,0.001485,0.000000,0.000000,-0.674539,0.004268,0.371112,False
2021-08-30,-0.678406,-0.666641,-0.001321,0.001677,0.000663,-0.006434,-0.004137,0.001473,0.000000,0.000000,-0.674720,-0.003686,-0.320498,False
2021-08-31,-0.674786,-0.666761,-0.001223,0.001509,0.000726,-0.006456,-0.004154,0.001461,0.000000,0.000000,-0.674897,0.000111,0.009691,False
2021-09-01,-0.668677,-0.666881,-0.001120,0.001339,0.000789,-0.006478,-0.004170,0.001449,0.000000,0.000000,-0.675071,0.006394,0.555965,False
2021-09-02,-0.676928,-0.667000,-0.001011,0.001167,0.000852,-0.006499,-0.004187,0.001438,0.000000,0.000000,-0.675240,-0.001688,-0.146781,False
2021-09-03,-0.659605,-0.667120,-0.000897,0.000994,0.000915,-0.006520,-0.004203,0.001426,0.000000,0.000000,-0.675406,0.015801,1.374005,False
2021-09-04,-0.655151,-0.667240,-0.000779,0.000819,0.000977,-0.006542,-0.004220,0.001414,0.000000,0.000000,-0.675569,0.020418,1.775482,False
2021-09-05,-0.666707,-0.667360,-0.000657,0.000644,0.001040,-0.006563,-0.004236,0.001402,0.000000,0.000000,-0.675729,0.009022,0.784554,False
2021-09-06,-0.673226,-0.667480,-0.000532,0.000468,0.001101,-0.006583,-0.004252,0.001390,0.000000,0.000000,-0.675887,0.002661,0.231427,False
2021-09-07,-0.689774,-0.667599,-0.000405,0.000292,0.001163,-0.006604,-0.004269,0.001378,0.000000,0.000000,-0.676044,-0.013730,-1.193951,False
2021-09-08,-0.672777,-0.667719,-0.000275,0.000115,0.001224,-0.006624,-0.004285,0.001367,0.000000,0.000000,-0.676198,0.003421,0.297500,False
2021-09-09,-0.672058,-0.667839,-0.000145,-0.000062,0.001285,-0.006644,-0.004301,0.001355,0.000000,0.000000,-0.676352,0.004294,0.373382,False
2021-09-10,-0.681168,-0.667959,-0.000014,-0.000239,0.001345,-0.006664,-0.004317,0.001343,0.000000,0.000000,-0.676505,-0.004663,-0.405487,False
2021-09-11,-0.661777,-0.668079,0.000118,-0.000416,0.001405,-0.006684,-0.004333,0.001331,0.000000,0.000000,-0.676658,0.014881,1.293976,False
2021-09-12,-0.674639,-0.668199,0.000249,-0.000592,0.001465,-0.006704,-0.004349,0.001319,0.000000,0.000000,-0.676811,0.002172,0.188851,False
2021-09-13,-0.672391,-0.668318,0.000378,-0.000768,0.001524,-0.006723,-0.004365,0.001307,0.000000,0.000000,-0.676965,0.004574,0.397696,False
2021-09-14,-0.684357,-0.668438,0.000506,-0.000942,0.001583,-0.006742,-0.004381,0.001296,0.000000,0.000000,-0.677119,-0.007238,-0.629364,False
2021-09-15,-0.676330,-0.668558,0.000631,-0.001116,0.001641,-0.006762,-0.004396,0.001284,0.000000,0.000000,-0.677276,0.000946,0.082228,False
2021-09-16,-0.665627,-0.668678,0.000754,-0.001288,0.001699,-0.006780,-0.004412,0.001272,0.000000,0.000000,-0.677434,0.011807,1.026682,False
2021-09-17,-0.667915,-0.668798,0.000873,-0.001459,0.001756,-0.006799,-0.004428,0.001260,0.000000,0.000000,-0.677594,0.009679,0.841672,False
2021-09-18,-0.670203,-0.668917,0.000987,-0.001627,0.001813,-0.006817,-0.004443,0.001248,0.000000,0.000000,-0.677758,0.007554,0.656896,False
2021-09-19,-0.672491,-0.669037,0.001098,-0.001794,0.001869,-0.006836,-0.004459,0.001236,0.000000,0.000000,-0.677924,0.005432,0.472384,False
2021-09-20,-0.674779,-0.669157,0.001202,-0.001959,0.001925,-0.006854,-0.004474,0.001224,0.000000,0.000000,-0.678093,0.003314,0.288165,False
2021-09-21,-0.677068,-0.669277,0.001302,-0.002122,0.001980,-0.006872,-0.004490,0.001212,0.000000,0.000000,-0.678267,0.001199,0.104268,False
2021-09-22,-0.679356,-0.669397,0.001394,-0.002282,0.002034,-0.006889,-0.004505,0.001200,0.000000,0.000000,-0.678444,-0.000912,-0.079283,False
2021-09-23,-0.681644,-0.669517,0.001481,-0.002439,0.002088,-0.006907,-0.004521,0.001189,0.000000,0.000000,-0.678626,-0.003018,-0.262464,False
2021-09-24,-0.683932,-0.669636,0.001560,-0.002594,0.002141,-0.006924,-0.004536,0.001177,0.000000,0.000000,-0.678812,-0.005120,-0.445255,False
2021-09-25,-0.682861,-0.669756,0.001632,-0.002745,0.002194,-0.006941,-0.004551,0.001165,0.000000,0.000000,-0.679002,-0.003859,-0.335539,False
2021-09-26,-0.677898,-0.669876,0.001696,-0.002893,0.002246,-0.006958,-0.004566,0.001153,0.000000,0.000000,-0.679198,0.001300,0.113036,False
2021-09-27,-0.675732,-0.669996,0.001753,-0.003038,0.002297,-0.006974,-0.004581,0.001141,0.000000,0.000000,-0.679399,0.003667,0.318830,False
2021-09-28,-0.687663,-0.670116,0.001800,-0.003179,0.002348,-0.006991,-0.004596,0.001129,0.000000,0.000000,-0.679604,-0.008059,-0.700756,False
2021-09-29,-0.680115,-0.670235,0.001840,-0.003316,0.002398,-0.007007,-0.004611,0.001117,0.000000,0.000000,-0.679815,-0.000300,-0.026108,False
2021-09-30,-0.672568,-0.670355,0.001870,-0.003449,0.002447,-0.007023,-0.004626,0.001105,0.000000,0.000000,-0.680031,0.007463,0.648997,False
2021-10-01,-0.688309,-0.670475,0.001892,-0.003579,0.002496,-0.007039,-0.004641,0.001093,0.000000,0.000000,-0.680253,-0.008056,-0.700530,False
2021-10-02,-0.666985,-0.670595,0.001905,-0.003704,0.002543,-0.007055,-0.004656,0.001081,0.000000,0.000000,-0.680480,0.013495,1.173439,False
2021-10-03,-0.682452,-0.670715,0.001909,-0.003824,0.002590,-0.007070,-0.004671,0.001069,0.000000,0.000000,-0.680711,-0.001741,-0.151363,False
2021-10-04,-0.680516,-0.670835,0.001903,-0.003940,0.002637,-0.007085,-0.004685,0.001057,0.000000,0.000000,-0.680948,0.000432,0.037576,False
2021-10-05,-0.680916,-0.670954,0.001889,-0.004052,0.002682,-0.007100,-0.004700,0.001045,0.000000,0.000000,-0.681190,0.000274,0.023808,False
2021-10-06,-0.690944,-0.671074,0.001866,-0.004158,0.002727,-0.007115,-0.004714,0.001033,0.000000,0.000000,-0.681436,-0.009508,-0.826771,False
2021-10-07,-0.692441,-0.671194,0.001834,-0.004260,0.002771,-0.007130,-0.004729,0.001022,0.000000,0.000000,-0.681687,-0.010754,-0.935136,False
2021-10-08,-0.671119,-0.671314,0.001793,-0.004357,0.002814,-0.007144,-0.004743,0.001010,0.000000,0.000000,-0.681942,0.010823,0.941125,False
2021-10-09,-0.686854,-0.671434,0.001744,-0.004448,0.002856,-0.007158,-0.004758,0.000998,0.000000,0.000000,-0.682201,-0.004653,-0.404622,False
2021-10-10,-0.703228,-0.671553,0.001686,-0.004535,0.002897,-0.007172,-0.004772,0.000986,0.000000,0.000000,-0.682463,-0.020765,-1.805624,False
2021-10-11,-0.680780,-0.671673,0.001621,-0.004615,0.002938,-0.007186,-0.004786,0.000974,0.000000,0.000000,-0.682729,0.001949,0.169479,False
2021-10-12,-0.680581,-0.671793,0.001547,-0.004691,0.002977,-0.007200,-0.004800,0.000962,0.000000,0.000000,-0.682998,0.002417,0.210131,False
2021-10-13,-0.678112,-0.671913,0.001467,-0.004761,0.003016,-0.007213,-0.004814,0.000950,0.000000,0.000000,-0.683268,0.005156,0.448382,False
2021-10-14,-0.689457,-0.672033,0.001379,-0.004825,0.003054,-0.007226,-0.004828,0.000938,0.000000,0.000000,-0.683541,-0.005916,-0.514417,False
2021-10-15,-0.686288,-0.672153,0.001285,-0.004883,0.003091,-0.007239,-0.004842,0.000926,0.000000,0.000000,-0.683815,-0.002473,-0.215001,False
2021-10-16,-0.696901,-0.672272,0.001185,-0.004936,0.003127,-0.007252,-0.004856,0.000914,0.000000,0.000000,-0.684091,-0.012810,-1.113939,False
2021-10-17,-0.677815,-0.672392,0.001079,-0.004983,0.003162,-0.007264,-0.004870,0.000902,0.000000,0.000000,-0.684366,0.006551,0.569683,False
2021-10-18,-0.694839,-0.672512,0.000968,-0.005024,0.003196,-0.007277,-0.004884,0.000890,0.000000,0.000000,-0.684642,-0.010197,-0.886707,False
2021-10-19,-0.690555,-0.672632,0.000853,-0.005059,0.003229,-0.007289,-0.004898,0.000878,0.000000,0.000000,-0.684917,-0.005638,-0.490286,False
2021-10-20,-0.686777,-0.672752,0.000733,-0.005088,0.003262,-0.007301,-0.004911,0.000866,0.000000,0.000000,-0.685190,-0.001587,-0.137977,False
2021-10-21,-0.675100,-0.672871,0.000610,-0.005110,0.003293,-0.007312,-0.004925,0.000854,0.000000,0.000000,-0.685462,0.010362,0.901041,False
2021-10-22,-0.689022,-0.672991,0.000485,-0.005127,0.003323,-0.007324,-0.004938,0.000842,0.000000,0.000000,-0.685731,-0.003291,-0.286155,False
2021-10-23,-0.685770,-0.673111,0.000356,-0.005138,0.003353,-0.007335,-0.004952,0.000830,0.000000,0.000000,-0.685997,0.000227,0.019773,False
2021-10-24,-0.687947,-0.673231,0.000227,-0.005143,0.003381,-0.007346,-0.004965,0.000818,0.000000,0.000000,-0.686260,-0.001687,-0.146706,False
2021-10-25,-0.680374,-0.673351,0.000096,-0.005141,0.003408,-0.007357,-0.004978,0.000806,0.000000,0.000000,-0.686518,0.006144,0.534268,False
2021-10-26,-0.685450,-0.673471,-0.000036,-0.005134,0.003435,-0.007368,-0.004992,0.000794,0.000000,0.000000,-0.686771,0.001321,0.114902,False
2021-10-27,-0.692548,-0.673590,-0.000167,-0.005120,0.003460,-0.007378,-0.005005,0.000782,0.000000,0.000000,-0.687019,-0.005529,-0.480770,False
2021-10-28,-0.689996,-0.673710,-0.000297,-0.005101,0.003484,-0.007388,-0.005018,0.000770,0.000000,0.000000,-0.687261,-0.002735,-0.237842,False
2021-10-29,-0.686184,-0.673830,-0.000426,-0.005075,0.003507,-0.007398,-0.005031,0.000758,0.000000,0.000000,-0.687496,0.001312,0.114068,False
2021-10-30,-0.682586,-0.673950,-0.000553,-0.005043,0.003530,-0.007408,-0.005044,0.000746,0.000000,0.000000,-0.687723,0.005137,0.446737,False
2021-10-31,-0.681410,-0.674070,-0.000678,-0.005006,0.003551,-0.007417,-0.005057,0.000734,0.000000,0.000000,-0.687943,0.006533,0.568117,False
2021-11-01,-0.689390,-0.674189,-0.000799,-0.004962,0.003571,-0.007427,-0.005070,0.000722,0.000000,0.000000,-0.688155,-0.001235,-0.107406,False
2021-11-02,-0.695118,-0.674309,-0.000916,-0.004913,0.003590,-0.007436,-0.005083,0.000709,0.000000,0.000000,-0.688357,-0.006761,-0.587875,False
2021-11-03,-0.688656,-0.674429,-0.001029,-0.004857,0.003608,-0.007445,-0.005095,0.000697,0.000000,0.000000,-0.688551,-0.000105,-0.009160,False
2021-11-04,-0.683175,-0.674549,-0.001137,-0.004796,0.003625,-0.007454,-0.005108,0.000685,0.000000,0.000000,-0.688734,0.005559,0.483394,False
2021-11-05,-0.675836,-0.674669,-0.001240,-0.004730,0.003641,-0.007462,-0.005121,0.000673,0.000000,0.000000,-0.688907,0.013071,1.136619,False
2021-11-06,-0.691879,-0.674789,-0.001337,-0.004657,0.003656,-0.007470,-0.005133,0.000661,0.000000,0.000000,-0.689070,-0.002809,-0.244302,False
2021-11-07,-0.685654,-0.674908,-0.001428,-0.004579,0.003669,-0.007478,-0.005146,0.000649,0.000000,0.000000,-0.689221,0.003567,0.310164,False
2021-11-08,-0.695813,-0.675028,-0.001511,-0.004496,0.003682,-0.007486,-0.005158,0.000637,0.000000,0.000000,-0.689361,-0.006452,-0.561057,False
2021-11-09,-0.685150,-0.675148,-0.001588,-0.004407,0.003693,-0.007494,-0.005170,0.000625,0.000000,0.000000,-0.689489,0.004339,0.377316,False
2021-11-10,-0.672754,-0.675268,-0.001657,-0.004314,0.003704,-0.007501,-0.005183,0.000613,0.000000,0.000000,-0.689605,0.016851,1.465346,False
2021-11-11,-0.687378,-0.675388,-0.001718,-0.004215,0.003713,-0.007508,-0.005195,0.000601,0.000000,0.000000,-0.689710,0.002332,0.202754,False
2021-11-12,-0.689665,-0.675507,-0.001771,-0.004111,0.003721,-0.007515,-0.005207,0.000589,0.000000,0.000000,-0.689802,0.000137,0.011873,False
2021-11-13,-0.674598,-0.675627,-0.001816,-0.004002,0.003728,-0.007522,-0.005219,0.000577,0.000000,0.000000,-0.689881,0.015283,1.328953,False
2021-11-14,-0.677719,-0.675747,-0.001852,-0.003888,0.003734,-0.007529,-0.005231,0.000565,0.000000,0.000000,-0.689948,0.012229,1.063378,False
2021-11-15,-0.683948,-0.675867,-0.001880,-0.003770,0.003739,-0.007535,-0.005243,0.000553,0.000000,0.000000,-0.690002,0.006054,0.526450,False
2021-11-16,-0.689728,-0.675987,-0.001898,-0.003647,0.003743,-0.007541,-0.005255,0.000541,0.000000,0.000000,-0.690044,0.000316,0.027474,False
2021-11-17,-0.682590,-0.676107,-0.001907,-0.003520,0.003746,-0.007547,-0.005267,0.000529,0.000000,0.000000,-0.690073,0.007483,0.650715,False
2021-11-18,-0.683456,-0.676226,-0.001908,-0.003389,0.003747,-0.007552,-0.005278,0.000517,0.000000,0.000000,-0.690090,0.006634,0.576880,False
2021-11-19,-0.675220,-0.676346,-0.001899,-0.003254,0.003748,-0.007558,-0.005290,0.000505,0.000000,0.000000,-0.690095,0.014875,1.293458,False
2021-11-20,-0.686012,-0.676466,-0.001881,-0.003115,0.003747,-0.007563,-0.005301,0.000492,0.000000,0.000000,-0.690087,0.004075,0.354382,False
2021-11-21,-0.678862,-0.676586,-0.001855,-0.002972,0.003745,-0.007568,-0.005313,0.000480,0.000000,0.000000,-0.690068,0.011206,0.974455,False
2021-11-22,-0.682539,-0.676706,-0.001819,-0.002826,0.003743,-0.007573,-0.005324,0.000468,0.000000,0.000000,-0.690038,0.007499,0.652051,False
2021-11-23,-0.679965,-0.676825,-0.001775,-0.002677,0.003739,-0.007577,-0.005336,0.000456,0.000000,0.000000,-0.689996,0.010031,0.872242,False
2021-11-24,-0.679106,-0.676945,-0.001723,-0.002524,0.003734,-0.007582,-0.005347,0.000444,0.000000,0.000000,-0.689943,0.010837,0.942366,False
2021-11-25,-0.683902,-0.677065,-0.001662,-0.002368,0.003727,-0.007586,-0.005358,0.000432,0.000000,0.000000,-0.689880,0.005978,0.519853,False
2021-11-26,-0.690344,-0.677185,-0.001594,-0.002209,0.003720,-0.007590,-0.005369,0.000420,0.000000,0.000000,-0.689808,-0.000536,-0.046650,False
2021-11-27,-0.690787,-0.677305,-0.001518,-0.002048,0.003712,-0.007593,-0.005381,0.000408,0.000000,0.000000,-0.689725,-0.001062,-0.092314,False
2021-11-28,-0.695056,-0.677425,-0.001435,-0.001885,0.003702,-0.007597,-0.005392,0.000396,0.000000,0.000000,-0.689634,-0.005422,-0.471440,False
2021-11-29,-0.693237,-0.677544,-0.001345,-0.001719,0.003692,-0.007600,-0.005402,0.000384,0.000000,0.000000,-0.689535,-0.003702,-0.321889,False
2021-11-30,-0.682648,-0.677664,-0.001248,-0.001551,0.003680,-0.007603,-0.005413,0.000372,0.000000,0.000000,-0.689428,0.006780,0.589608,False
2021-12-01,-0.681838,-0.677784,-0.001146,-0.001381,0.003667,-0.007606,-0.005424,0.000359,0.000000,0.000000,-0.689315,0.007477,0.650153,False
2021-12-02,-0.686255,-0.677904,-0.001038,-0.001210,0.003653,-0.007609,-0.005435,0.000347,0.000000,0.000000,-0.689195,0.002940,0.255631,False
2021-12-03,-0.693657,-0.678024,-0.000926,-0.001037,0.003638,-0.007611,-0.005446,0.000335,0.000000,0.000000,-0.689069,-0.004588,-0.398940,False
2021-12-04,-0.695690,-0.678143,-0.000809,-0.000863,0.003622,-0.007613,-0.005456,0.000323,0.000000,0.000000,-0.688939,-0.006751,-0.587061,False
2021-12-05,-0.686018,-0.678263,-0.000688,-0.000688,0.003605,-0.007615,-0.005467,0.000311,0.000000,0.000000,-0.688804,0.002786,0.242289,False
2021-12-06,-0.684464,-0.678383,-0.000564,-0.000512,0.003587,-0.007617,-0.005477,0.000299,0.000000,0.000000,-0.688667,0.004203,0.365440,False
2021-12-07,-0.685403,-0.678503,-0.000437,-0.000336,0.003568,-0.007618,-0.005487,0.000287,0.000000,0.000000,-0.688526,0.003123,0.271591,False
2021-12-08,-0.685910,-0.678623,-0.000308,-0.000159,0.003548,-0.007619,-0.005498,0.000275,0.000000,0.000000,-0.688384,0.002474,0.215158,False
2021-12-09,-0.691312,-0.678743,-0.000178,0.000018,0.003526,-0.007620,-0.005508,0.000263,0.000000,0.000000,-0.688241,-0.003071,-0.267004,False
2021-12-10,-0.683498,-0.678862,-0.000046,0.000195,0.003504,-0.007621,-0.005518,0.000251,0.000000,0.000000,-0.688099,0.004601,0.400046,False
2021-12-11,-0.681346,-0.678982,0.000085,0.000372,0.003480,-0.007622,-0.005528,0.000239,0.000000,0.000000,-0.687956,0.006610,0.574814,False
2021-12-12,-0.669666,-0.679102,0.000216,0.000548,0.003456,-0.007622,-0.005538,0.000226,0.000000,0.000000,-0.687816,0.018150,1.578241,False
2021-12-13,-0.684412,-0.679222,0.000346,0.000724,0.003430,-0.007622,-0.005548,0.000214,0.000000,0.000000,-0.687678,0.003266,0.283964,False
2021-12-14,-0.682589,-0.679342,0.000474,0.000899,0.003404,-0.007622,-0.005558,0.000202,0.000000,0.000000,-0.687543,0.004954,0.430750,False
2021-12-15,-0.678070,-0.679461,0.000600,0.001073,0.003377,-0.007622,-0.005568,0.000190,0.000000,0.000000,-0.687412,0.009342,0.812321,False
2021-12-16,-0.674415,-0.679581,0.000724,0.001245,0.003348,-0.007622,-0.005577,0.000178,0.000000,0.000000,-0.687286,0.012871,1.119181,False
2021-12-17,-0.677362,-0.679701,0.000843,0.001416,0.003319,-0.007621,-0.005587,0.000166,0.000000,0.000000,-0.687165,0.009803,0.852441,False
2021-12-18,-0.680352,-0.679821,0.000959,0.001585,0.003288,-0.007620,-0.005597,0.000154,0.000000,0.000000,-0.687051,0.006699,0.582516,False
2021-12-19,-0.680149,-0.679941,0.001070,0.001753,0.003257,-0.007619,-0.005606,0.000142,0.000000,0.000000,-0.686944,0.006795,0.590861,False
2021-12-20,-0.677606,-0.680061,0.001177,0.001918,0.003224,-0.007617,-0.005616,0.000130,0.000000,0.000000,-0.686845,0.009239,0.803364,False
2021-12-21,-0.680510,-0.680180,0.001277,0.002081,0.003191,-0.007616,-0.005625,0.000117,0.000000,0.000000,-0.686754,0.006244,0.542956,False
2021-12-22,-0.677451,-0.680300,0.001372,0.002242,0.003157,-0.007614,-0.005634,0.000105,0.000000,0.000000,-0.686672,0.009221,0.801866,False
2021-12-23,-0.674470,-0.680420,0.001460,0.002400,0.003121,-0.007612,-0.005643,0.000093,0.000000,0.000000,-0.686601,0.012131,1.054847,False
2021-12-24,-0.678912,-0.680540,0.001541,0.002555,0.003085,-0.007610,-0.005653,0.000081,0.000000,0.000000,-0.686539,0.007627,0.663253,False
2021-12-25,-0.684813,-0.680660,0.001615,0.002707,0.003048,-0.007607,-0.005662,0.000069,0.000000,0.000000,-0.686489,0.001676,0.145741,False
2021-12-26,-0.685031,-0.680779,0.001681,0.002856,0.003010,-0.007604,-0.005671,0.000057,0.000000,0.000000,-0.686450,0.001419,0.123402,False
2021-12-27,-0.675072,-0.680899,0.001739,0.003002,0.002971,-0.007601,-0.005679,0.000045,0.000000,0.000000,-0.686423,0.011351,0.987057,False
2021-12-28,-0.673238,-0.681019,0.001789,0.003144,0.002931,-0.007598,-0.005688,0.000033,0.000000,0.000000,-0.686409,0.013171,1.145268,False
2021-12-29,-0.684136,-0.681139,0.001831,0.003282,0.002891,-0.007595,-0.005697,0.000021,0.000000,0.000000,-0.686407,0.002271,0.197460,False
2021-12-30,-0.677349,-0.681259,0.001864,0.003416,0.002849,-0.007591,-0.005706,0.000008,0.000000,0.000000,-0.686418,0.009069,0.788620,False
2021-12-31,-0.676575,-0.681379,0.001888,0.003547,0.002807,-0.007587,-0.005714,-0.000004,0.000000,0.000000,-0.686443,0.009868,0.858078,False
2022-01-01,-0.675481,-0.681498,0.001903,0.003673,0.002764,-0.007583,-0.005723,-0.000016,0.000000,0.000000,-0.686481,0.011000,0.956552,False
2022-01-02,-0.669966,-0.681618,0.001909,0.003795,0.002720,-0.007579,-0.005731,-0.000028,0.000000,0.000000,-0.686534,0.016568,1.440670,False
2022-01-03,-0.675142,-0.681738,0.001906,0.003912,0.002675,-0.007575,-0.005740,-0.000040,0.000000,0.000000,-0.686600,0.011458,0.996357,False
2022-01-04,-0.683641,-0.681858,0.001893,0.004024,0.002629,-0.007570,-0.005748,-0.000052,0.000000,0.000000,-0.686681,0.003040,0.264319,False
2022-01-05,-0.675893,-0.681978,0.001872,0.004132,0.002583,-0.007565,-0.005756,-0.000064,0.000000,0.000000,-0.686775,0.010882,0.946301,False
2022-01-06,-0.671353,-0.682097,0.001843,0.004235,0.002536,-0.007560,-0.005764,-0.000076,0.000000,0.000000,-0.686884,0.015531,1.350565,False
2022-01-07,-0.691549,-0.682217,0.001804,0.004333,0.002488,-0.007555,-0.005772,-0.000088,0.000000,0.000000,-0.687008,-0.004541,-0.394892,False
2022-01-08,-0.674649,-0.682337,0.001757,0.004426,0.002439,-0.007549,-0.005780,-0.000101,0.000000,0.000000,-0.687145,0.012496,1.086619,False
2022-01-09,-0.677629,-0.682457,0.001701,0.004513,0.002390,-0.007543,-0.005788,-0.000113,0.000000,0.000000,-0.687296,0.009667,0.840652,False
2022-01-10,-0.673408,-0.682577,0.001638,0.004596,0.002340,-0.007537,-0.005796,-0.000125,0.000000,0.000000,-0.687462,0.014054,1.222060,False
2022-01-11,-0.679960,-0.682697,0.001566,0.004672,0.002289,-0.007531,-0.005804,-0.000137,0.000000,0.000000,-0.687640,0.007680,0.667869,False
2022-01-12,-0.675481,-0.682816,0.001488,0.004744,0.002238,-0.007525,-0.005812,-0.000149,0.000000,0.000000,-0.687833,0.012352,1.074056,False
2022-01-13,-0.671841,-0.682936,0.001402,0.004809,0.002186,-0.007518,-0.005819,-0.000161,0.000000,0.000000,-0.688038,0.016197,1.408421,False
2022-01-14,-0.685425,-0.683056,0.001309,0.004869,0.002133,-0.007511,-0.005827,-0.000173,0.000000,0.000000,-0.688256,0.002831,0.246150,False
2022-01-15,-0.682805,-0.683176,0.001211,0.004923,0.002080,-0.007504,-0.005834,-0.000185,0.000000,0.000000,-0.688486,0.005681,0.493993,False
2022-01-16,-0.682504,-0.683296,0.001106,0.004972,0.002026,-0.007497,-0.005842,-0.000197,0.000000,0.000000,-0.688728,0.006224,0.541219,False
2022-01-17,-0.683825,-0.683415,0.000997,0.005014,0.001971,-0.007489,-0.005849,-0.000210,0.000000,0.000000,-0.688982,0.005157,0.448396,False
2022-01-18,-0.669758,-0.683535,0.000882,0.005050,0.001916,-0.007481,-0.005856,-0.000222,0.000000,0.000000,-0.689246,0.019488,1.694613,False
2022-01-19,-0.686848,-0.683655,0.000764,0.005081,0.001860,-0.007474,-0.005863,-0.000234,0.000000,0.000000,-0.689521,0.002673,0.232433,False
2022-01-20,-0.687700,-0.683775,0.000641,0.005105,0.001804,-0.007465,-0.005870,-0.000246,0.000000,0.000000,-0.689806,0.002106,0.183114,False
2022-01-21,-0.684988,-0.683895,0.000516,0.005124,0.001747,-0.007457,-0.005877,-0.000258,0.000000,0.000000,-0.690100,0.005112,0.444519,False
2022-01-22,-0.674975,-0.684015,0.000389,0.005136,0.001690,-0.007448,-0.005884,-0.000270,0.000000,0.000000,-0.690403,0.015428,1.341554,False
2022-01-23,-0.684341,-0.684134,0.000259,0.005142,0.001632,-0.007440,-0.005891,-0.000282,0.000000,0.000000,-0.690714,0.006373,0.554167,False
2022-01-24,-0.676584,-0.684254,0.000128,0.005142,0.001574,-0.007430,-0.005898,-0.000294,0.000000,0.000000,-0.691032,0.014448,1.256389,False
2022-01-25,-0.688150,-0.684374,-0.000003,0.005136,0.001515,-0.007421,-0.005905,-0.000306,0.000000,0.000000,-0.691358,0.003208,0.278948,False
2022-01-26,-0.680677,-0.684494,-0.000134,0.005124,0.001456,-0.007412,-0.005911,-0.000318,0.000000,0.000000,-0.691690,0.011013,0.957614,False
2022-01-27,-0.679413,-0.684614,-0.000265,0.005106,0.001396,-0.007402,-0.005918,-0.000331,0.000000,0.000000,-0.692027,0.012614,1.096851,False
2022-01-28,-0.680485,-0.684733,-0.000394,0.005082,0.001336,-0.007392,-0.005924,-0.000343,0.000000,0.000000,-0.692369,0.011884,1.033386,False
2022-01-29,-0.670600,-0.684853,-0.000522,0.005052,0.001275,-0.007382,-0.005931,-0.000355,0.000000,0.000000,-0.692715,0.022115,1.923074,False
2022-01-30,-0.690259,-0.684973,-0.000647,0.005016,0.001215,-0.007372,-0.005937,-0.000367,0.000000,0.000000,-0.693065,0.002806,0.244031,False
2022-01-31,-0.690231,-0.685093,-0.000769,0.004974,0.001153,-0.007361,-0.005943,-0.000379,0.000000,0.000000,-0.693418,0.003187,0.277158,False
2022-02-01,-0.686171,-0.685213,-0.000887,0.004926,0.001092,-0.007350,-0.005949,-0.000391,0.000000,0.000000,-0.693774,0.007603,0.661093,False
2022-02-02,-0.683277,-0.685333,-0.001002,0.004872,0.001030,-0.007340,-0.005955,-0.000403,0.000000,0.000000,-0.694130,0.010853,0.943781,False
2022-02-03,-0.682494,-0.685452,-0.001111,0.004812,0.000968,-0.007328,-0.005961,-0.000415,0.000000,0.000000,-0.694488,0.011994,1.042995,False
2022-02-04,-0.687582,-0.685572,-0.001215,0.004747,0.000905,-0.007317,-0.005967,-0.000427,0.000000,0.000000,-0.694847,0.007265,0.631725,False
2022-02-05,-0.688987,-0.685692,-0.001313,0.004676,0.000843,-0.007305,-0.005973,-0.000439,0.000000,0.000000,-0.695205,0.006218,0.540702,False
2022-02-06,-0.695591,-0.685812,-0.001406,0.004599,0.000780,-0.007294,-0.005979,-0.000451,0.000000,0.000000,-0.695563,-0.000028,-0.002472,False
2022-02-07,-0.685828,-0.685932,-0.001491,0.004517,0.000716,-0.007282,-0.005985,-0.000464,0.000000,0.000000,-0.695919,0.010091,0.877462,False
2022-02-08,-0.691165,-0.686051,-0.001570,0.004430,0.000653,-0.007269,-0.005990,-0.000476,0.000000,0.000000,-0.696273,0.005108,0.444197,False
2022-02-09,-0.692493,-0.686171,-0.001641,0.004337,0.000589,-0.007257,-0.005996,-0.000488,0.000000,0.000000,-0.696625,0.004132,0.359341,False
2022-02-10,-0.691763,-0.686291,-0.001704,0.004240,0.000525,-0.007244,-0.006001,-0.000500,0.000000,0.000000,-0.696975,0.005212,0.453203,False
2022-02-11,-0.695937,-0.686411,-0.001759,0.004137,0.000462,-0.007231,-0.006007,-0.000512,0.000000,0.000000,-0.697321,0.001384,0.120353,False
2022-02-12,-0.698192,-0.686531,-0.001806,0.004029,0.000397,-0.007218,-0.006012,-0.000524,0.000000,0.000000,-0.697664,-0.000528,-0.045939,False
2022-02-13,-0.700955,-0.686651,-0.001844,0.003917,0.000333,-0.007205,-0.006017,-0.000536,0.000000,0.000000,-0.698002,-0.002953,-0.256749,False
2022-02-14,-0.695614,-0.686770,-0.001874,0.003800,0.000269,-0.007192,-0.006022,-0.000548,0.000000,0.000000,-0.698337,0.002723,0.236764,False
2022-02-15,-0.700056,-0.686890,-0.001894,0.003678,0.000205,-0.007178,-0.006027,-0.000560,0.000000,0.000000,-0.698667,-0.001389,-0.120818,False
2022-02-16,-0.690597,-0.687010,-0.001906,0.003553,0.000140,-0.007164,-0.006032,-0.000572,0.000000,0.000000,-0.698992,0.008395,0.729962,False
2022-02-17,-0.700639,-0.687130,-0.001908,0.003422,0.000076,-0.007150,-0.006037,-0.000584,0.000000,0.000000,-0.699311,-0.001328,-0.115439,False
2022-02-18,-0.699460,-0.687250,-0.001902,0.003288,0.000011,-0.007136,-0.006042,-0.000596,0.000000,0.000000,-0.699626,0.000166,0.014443,False
2022-02-19,-0.703065,-0.687369,-0.001887,0.003150,-0.000053,-0.007121,-0.006047,-0.000608,0.000000,0.000000,-0.699935,-0.003130,-0.272145,False
2022-02-20,-0.696012,-0.687489,-0.001862,0.003008,-0.000118,-0.007106,-0.006051,-0.000620,0.000000,0.000000,-0.700239,0.004227,0.367571,False
2022-02-21,-0.699177,-0.687609,-0.001829,0.002863,-0.000182,-0.007091,-0.006056,-0.000632,0.000000,0.000000,-0.700537,0.001360,0.118279,False
2022-02-22,-0.692342,-0.687729,-0.001787,0.002714,-0.000247,-0.007076,-0.006060,-0.000645,0.000000,0.000000,-0.700830,0.008488,0.738064,False
2022-02-23,-0.695889,-0.687849,-0.001737,0.002562,-0.000311,-0.007061,-0.006065,-0.000657,0.000000,0.000000,-0.701117,0.005228,0.454579,False
2022-02-24,-0.705668,-0.687969,-0.001678,0.002407,-0.000375,-0.007045,-0.006069,-0.000669,0.000000,0.000000,-0.701398,-0.004270,-0.371304,False
2022-02-25,-0.699968,-0.688088,-0.001612,0.002249,-0.000440,-0.007030,-0.006073,-0.000681,0.000000,0.000000,-0.701674,0.001706,0.148334,False
2022-02-26,-0.698142,-0.688208,-0.001538,0.002089,-0.000504,-0.007014,-0.006078,-0.000693,0.000000,0.000000,-0.701944,0.003802,0.330635,False
2022-02-27,-0.697528,-0.688328,-0.001456,0.001926,-0.000567,-0.006997,-0.006082,-0.000705,0.000000,0.000000,-0.702210,0.004682,0.407088,False
2022-02-28,-0.691226,-0.688448,-0.001368,0.001761,-0.000631,-0.006981,-0.006086,-0.000717,0.000000,0.000000,-0.702470,0.011244,0.977708,False
2022-03-01,-0.690109,-0.688568,-0.001273,0.001593,-0.000695,-0.006965,-0.006090,-0.000729,0.000000,0.000000,-0.702725,0.012616,1.097036,False
2022-03-02,-0.686967,-0.688687,-0.001172,0.001424,-0.000758,-0.006948,-0.006093,-0.000741,0.000000,0.000000,-0.702976,0.016009,1.392048,False
2022-03-03,-0.690197,-0.688807,-0.001066,0.001253,-0.000821,-0.006931,-0.006097,-0.000753,0.000000,0.000000,-0.703222,0.013025,1.132593,False
2022-03-04,-0.700640,-0.688927,-0.000954,0.001080,-0.000884,-0.006914,-0.006101,-0.000765,0.000000,0.000000,-0.703464,0.002824,0.245564,False
2022-03-05,-0.698417,-0.689047,-0.000838,0.000907,-0.000946,-0.006896,-0.006105,-0.000777,0.000000,0.000000,-0.703702,0.005285,0.459597,False
2022-03-06,-0.702793,-0.689167,-0.000718,0.000732,-0.001009,-0.006879,-0.006108,-0.000789,0.000000,0.000000,-0.703937,0.001144,0.099503,False
2022-03-07,-0.697192,-0.689287,-0.000595,0.000556,-0.001071,-0.006861,-0.006112,-0.000801,0.000000,0.000000,-0.704169,0.006977,0.606703,False
2022-03-08,-0.697691,-0.689406,-0.000469,0.000380,-0.001132,-0.006843,-0.006115,-0.000813,0.000000,0.000000,-0.704398,0.006707,0.583229,False
2022-03-09,-0.690937,-0.689526,-0.000340,0.000203,-0.001194,-0.006825,-0.006118,-0.000825,0.000000,0.000000,-0.704625,0.013688,1.190243,False
2022-03-10,-0.696291,-0.689646,-0.000210,0.000026,-0.001255,-0.006806,-0.006121,-0.000837,0.000000,0.000000,-0.704849,0.008558,0.744212,False
2022-03-11,-0.693702,-0.689766,-0.000079,-0.000151,-0.001315,-0.006788,-0.006125,-0.000849,0.000000,0.000000,-0.705072,0.011370,0.988737,False
2022-03-12,-0.692871,-0.689886,0.000052,-0.000328,-0.001375,-0.006769,-0.006128,-0.000861,0.000000,0.000000,-0.705294,0.012423,1.080285,False
2022-03-13,-0.686121,-0.690005,0.000183,-0.000504,-0.001435,-0.006750,-0.006131,-0.000873,0.000000,0.000000,-0.705515,0.019394,1.686458,False
2022-03-14,-0.690891,-0.690125,0.000314,-0.000680,-0.001495,-0.006731,-0.006133,-0.000885,0.000000,0.000000,-0.705736,0.014845,1.290853,False
2022-03-15,-0.699091,-0.690245,0.000442,-0.000855,-0.001553,-0.006712,-0.006136,-0.000897,0.000000,0.000000,-0.705956,0.006865,0.596984,False
2022-03-16,-0.703631,-0.690365,0.000569,-0.001029,-0.001612,-0.006692,-0.006139,-0.000909,0.000000,0.000000,-0.706177,0.002546,0.221406,False
2022-03-17,-0.696871,-0.690485,0.000693,-0.001202,-0.001670,-0.006672,-0.006142,-0.000921,0.000000,0.000000,-0.706399,0.009528,0.828500,False
2022-03-18,-0.696009,-0.690605,0.000814,-0.001373,-0.001727,-0.006653,-0.006144,-0.000933,0.000000,0.000000,-0.706621,0.010612,0.922818,False
2022-03-19,-0.701075,-0.690724,0.000931,-0.001543,-0.001784,-0.006632,-0.006147,-0.000945,0.000000,0.000000,-0.706846,0.005771,0.501784,False
2022-03-20,-0.706460,-0.690844,0.001043,-0.001711,-0.001841,-0.006612,-0.006149,-0.000957,0.000000,0.000000,-0.707071,0.000611,0.053165,False
2022-03-21,-0.704896,-0.690964,0.001151,-0.001877,-0.001897,-0.006592,-0.006151,-0.000969,0.000000,0.000000,-0.707299,0.002403,0.208988,False
2022-03-22,-0.695305,-0.691084,0.001253,-0.002041,-0.001952,-0.006571,-0.006154,-0.000981,0.000000,0.000000,-0.707530,0.012225,1.063020,False
2022-03-23,-0.697307,-0.691204,0.001349,-0.002202,-0.002007,-0.006550,-0.006156,-0.000993,0.000000,0.000000,-0.707763,0.010456,0.909197,False
2022-03-24,-0.698058,-0.691323,0.001439,-0.002361,-0.002061,-0.006529,-0.006158,-0.001005,0.000000,0.000000,-0.707999,0.009941,0.864410,False
2022-03-25,-0.689371,-0.691443,0.001521,-0.002517,-0.002115,-0.006508,-0.006160,-0.001017,0.000000,0.000000,-0.708238,0.018867,1.640591,False
2022-03-26,-0.692353,-0.691563,0.001597,-0.002670,-0.002168,-0.006486,-0.006162,-0.001029,0.000000,0.000000,-0.708480,0.016127,1.402365,False
2022-03-27,-0.703381,-0.691683,0.001665,-0.002819,-0.002220,-0.006465,-0.006164,-0.001041,0.000000,0.000000,-0.708726,0.005345,0.464791,False
2022-03-28,-0.696150,-0.691803,0.001725,-0.002966,-0.002272,-0.006443,-0.006165,-0.001053,0.000000,0.000000,-0.708976,0.012825,1.115228,False
2022-03-29,-0.688920,-0.691923,0.001778,-0.003109,-0.002323,-0.006421,-0.006167,-0.001065,0.000000,0.000000,-0.709229,0.020309,1.765988,False
2022-03-30,-0.698980,-0.692042,0.001821,-0.003248,-0.002373,-0.006399,-0.006169,-0.001077,0.000000,0.000000,-0.709486,0.010506,0.913555,False
2022-03-31,-0.699746,-0.692162,0.001856,-0.003383,-0.002423,-0.006376,-0.006170,-0.001089,0.000000,0.000000,-0.709747,0.010001,0.869627,False
2022-04-01,-0.697930,-0.692282,0.001882,-0.003514,-0.002471,-0.006354,-0.006172,-0.001100,0.000000,0.000000,-0.710011,0.012081,1.050551,False
2022-04-02,-0.705264,-0.692402,0.001900,-0.003642,-0.002520,-0.006331,-0.006173,-0.001112,0.000000,0.000000,-0.710280,0.005016,0.436150,False
2022-04-03,-0.690094,-0.692522,0.001908,-0.003765,-0.002567,-0.006308,-0.006174,-0.001124,0.000000,0.000000,-0.710552,0.020458,1.778938,False
2022-04-04,-0.690400,-0.692641,0.001907,-0.003883,-0.002614,-0.006285,-0.006176,-0.001136,0.000000,0.000000,-0.710827,0.020427,1.776295,False
2022-04-05,-0.694296,-0.692761,0.001897,-0.003997,-0.002659,-0.006262,-0.006177,-0.001148,0.000000,0.000000,-0.711106,0.016810,1.461773,False
2022-04-06,-0.698648,-0.692881,0.001879,-0.004106,-0.002704,-0.006238,-0.006178,-0.001160,0.000000,0.000000,-0.711389,0.012741,1.107878,False
2022-04-07,-0.693119,-0.693001,0.001851,-0.004210,-0.002749,-0.006215,-0.006179,-0.001172,0.000000,0.000000,-0.711674,0.018555,1.613459,False
2022-04-08,-0.689911,-0.693121,0.001814,-0.004309,-0.002792,-0.006191,-0.006179,-0.001184,0.000000,0.000000,-0.711962,0.022051,1.917448,False
2022-04-09,-0.691906,-0.693241,0.001769,-0.004403,-0.002835,-0.006167,-0.006180,-0.001196,0.000000,0.000000,-0.712252,0.020346,1.769211,False
2022-04-10,-0.691296,-0.693360,0.001716,-0.004492,-0.002877,-0.006142,-0.006181,-0.001208,0.000000,0.000000,-0.712544,0.021248,1.847676,False
2022-04-11,-0.691962,-0.693480,0.001654,-0.004576,-0.002917,-0.006118,-0.006182,-0.001220,0.000000,0.000000,-0.712838,0.020876,1.815331,False
2022-04-12,-0.691416,-0.693600,0.001585,-0.004654,-0.002958,-0.006094,-0.006182,-0.001231,0.000000,0.000000,-0.713134,0.021718,1.888489,False
2022-04-13,-0.693155,-0.693720,0.001508,-0.004726,-0.002997,-0.006069,-0.006183,-0.001243,0.000000,0.000000,-0.713430,0.020275,1.763026,False
2022-04-14,-0.695724,-0.693840,0.001424,-0.004793,-0.003035,-0.006044,-0.006183,-0.001255,0.000000,0.000000,-0.713726,0.018002,1.565424,False
2022-04-15,-0.698071,-0.693959,0.001333,-0.004855,-0.003072,-0.006019,-0.006183,-0.001267,0.000000,0.000000,-0.714023,0.015952,1.387118,False
2022-04-16,-0.703026,-0.694079,0.001236,-0.004910,-0.003109,-0.005994,-0.006184,-0.001279,0.000000,0.000000,-0.714319,0.011293,0.981977,False
2022-04-17,-0.692468,-0.694199,0.001133,-0.004960,-0.003144,-0.005968,-0.006184,-0.001291,0.000000,0.000000,-0.714613,0.022145,1.925693,False
2022-04-18,-0.696537,-0.694319,0.001024,-0.005004,-0.003179,-0.005943,-0.006184,-0.001303,0.000000,0.000000,-0.714907,0.018370,1.597348,False
2022-04-19,-0.697386,-0.694439,0.000911,-0.005042,-0.003213,-0.005917,-0.006184,-0.001315,0.000000,0.000000,-0.715197,0.017811,1.548805,False
2022-04-20,-0.702641,-0.694559,0.000794,-0.005074,-0.003246,-0.005891,-0.006184,-0.001326,0.000000,0.000000,-0.715485,0.012844,1.116883,False
2022-04-21,-0.694610,-0.694678,0.000672,-0.005100,-0.003277,-0.005865,-0.006183,-0.001338,0.000000,0.000000,-0.715770,0.021160,1.839963,False
2022-04-22,-0.700364,-0.694798,0.000548,-0.005120,-0.003308,-0.005839,-0.006183,-0.001350,0.000000,0.000000,-0.716050,0.015686,1.363992,False
2022-04-23,-0.701933,-0.694918,0.000421,-0.005134,-0.003338,-0.005812,-0.006183,-0.001362,0.000000,0.000000,-0.716326,0.014393,1.251525,False
2022-04-24,-0.699799,-0.695038,0.000292,-0.005141,-0.003367,-0.005785,-0.006182,-0.001374,0.000000,0.000000,-0.716596,0.016797,1.460594,False
2022-04-25,-0.702952,-0.695158,0.000161,-0.005143,-0.003395,-0.005759,-0.006182,-0.001386,0.000000,0.000000,-0.716860,0.013908,1.209406,False
2022-04-26,-0.705135,-0.695277,0.000030,-0.005138,-0.003422,-0.005732,-0.006181,-0.001397,0.000000,0.000000,-0.717118,0.011983,1.041993,False
2022-04-27,-0.705504,-0.695397,-0.000101,-0.005128,-0.003447,-0.005705,-0.006181,-0.001409,0.000000,0.000000,-0.717368,0.011864,1.031691,False
2022-04-28,-0.699765,-0.695517,-0.000232,-0.005111,-0.003472,-0.005677,-0.006180,-0.001421,0.000000,0.000000,-0.717611,0.017846,1.551839,False
2022-04-29,-0.702256,-0.695637,-0.000362,-0.005089,-0.003496,-0.005650,-0.006179,-0.001433,0.000000,0.000000,-0.717845,0.015589,1.355600,False
2022-04-30,-0.700871,-0.695757,-0.000490,-0.005060,-0.003519,-0.005622,-0.006178,-0.001445,0.000000,0.000000,-0.718071,0.017200,1.495620,False
2022-05-01,-0.704469,-0.695877,-0.000616,-0.005025,-0.003540,-0.005595,-0.006177,-0.001457,0.000000,0.000000,-0.718286,0.013817,1.201500,False
2022-05-02,-0.705573,-0.695996,-0.000739,-0.004985,-0.003561,-0.005567,-0.006176,-0.001468,0.000000,0.000000,-0.718492,0.012919,1.123364,False
2022-05-03,-0.703855,-0.696116,-0.000858,-0.004938,-0.003581,-0.005539,-0.006175,-0.001480,0.000000,0.000000,-0.718686,0.014831,1.289689,False
2022-05-04,-0.702324,-0.696236,-0.000973,-0.004886,-0.003599,-0.005510,-0.006174,-0.001492,0.000000,0.000000,-0.718870,0.016546,1.438776,False
2022-05-05,-0.704699,-0.696356,-0.001084,-0.004828,-0.003617,-0.005482,-0.006172,-0.001504,0.000000,0.000000,-0.719042,0.014343,1.247192,False
2022-05-06,-0.709290,-0.696476,-0.001190,-0.004764,-0.003633,-0.005453,-0.006171,-0.001515,0.000000,0.000000,-0.719201,0.009911,0.861854,False
2022-05-07,-0.703792,-0.696595,-0.001289,-0.004694,-0.003648,-0.005425,-0.006169,-0.001527,0.000000,0.000000,-0.719348,0.015556,1.352725,False
2022-05-08,-0.709130,-0.696715,-0.001383,-0.004619,-0.003662,-0.005396,-0.006168,-0.001539,0.000000,0.000000,-0.719482,0.010352,0.900204,False
2022-05-09,-0.704326,-0.696835,-0.001470,-0.004538,-0.003676,-0.005367,-0.006166,-0.001551,0.000000,0.000000,-0.719603,0.015277,1.328434,False
2022-05-10,-0.701629,-0.696955,-0.001551,-0.004452,-0.003688,-0.005337,-0.006164,-0.001562,0.000000,0.000000,-0.719710,0.018081,1.572258,False
2022-05-11,-0.701619,-0.697075,-0.001624,-0.004361,-0.003699,-0.005308,-0.006163,-0.001574,0.000000,0.000000,-0.719803,0.018184,1.581215,False
2022-05-12,-0.706813,-0.697194,-0.001689,-0.004265,-0.003709,-0.005279,-0.006161,-0.001586,0.000000,0.000000,-0.719882,0.013069,1.136416,False
2022-05-13,-0.700917,-0.697314,-0.001746,-0.004163,-0.003717,-0.005249,-0.006159,-0.001598,0.000000,0.000000,-0.719946,0.019029,1.654713,False
2022-05-14,-0.702107,-0.697434,-0.001795,-0.004057,-0.003725,-0.005219,-0.006157,-0.001609,0.000000,0.000000,-0.719996,0.017889,1.555571,False
2022-05-15,-0.706633,-0.697554,-0.001835,-0.003946,-0.003732,-0.005189,-0.006155,-0.001621,0.000000,0.000000,-0.720031,0.013398,1.165068,False
2022-05-16,-0.703539,-0.697674,-0.001867,-0.003830,-0.003737,-0.005159,-0.006152,-0.001633,0.000000,0.000000,-0.720052,0.016513,1.435893,False
2022-05-17,-0.706947,-0.697794,-0.001890,-0.003709,-0.003741,-0.005129,-0.006150,-0.001645,0.000000,0.000000,-0.720058,0.013111,1.140047,False
2022-05-18,-0.698046,-0.697913,-0.001904,-0.003584,-0.003745,-0.005098,-0.006148,-0.001656,0.000000,0.000000,-0.720049,0.022003,1.913270,False
2022-05-19,-0.709717,-0.698033,-0.001909,-0.003455,-0.003747,-0.005068,-0.006145,-0.001668,0.000000,0.000000,-0.720025,0.010308,0.896352,False
2022-05-20,-0.702316,-0.698153,-0.001905,-0.003322,-0.003748,-0.005037,-0.006143,-0.001680,0.000000,0.000000,-0.719987,0.017671,1.536610,False
2022-05-21,-0.703384,-0.698273,-0.001891,-0.003185,-0.003748,-0.005006,-0.006140,-0.001691,0.000000,0.000000,-0.719935,0.016551,1.439189,False
2022-05-22,-0.704104,-0.698393,-0.001869,-0.003044,-0.003746,-0.004975,-0.006137,-0.001703,0.000000,0.000000,-0.719868,0.015764,1.370805,False
2022-05-23,-0.698483,-0.698512,-0.001838,-0.002900,-0.003744,-0.004944,-0.006135,-0.001715,0.000000,0.000000,-0.719788,0.021305,1.852611,False
2022-05-24,-0.700596,-0.698632,-0.001798,-0.002752,-0.003741,-0.004913,-0.006132,-0.001726,0.000000,0.000000,-0.719694,0.019098,1.660723,False
2022-05-25,-0.690853,-0.698752,-0.001750,-0.002601,-0.003736,-0.004881,-0.006129,-0.001738,0.000000,0.000000,-0.719587,0.028734,2.498650,False
2022-05-26,-0.702093,-0.698872,-0.001694,-0.002446,-0.003731,-0.004850,-0.006126,-0.001750,0.000000,0.000000,-0.719468,0.017375,1.510863,False
2022-05-27,-0.703926,-0.698992,-0.001629,-0.002289,-0.003724,-0.004818,-0.006123,-0.001761,0.000000,0.000000,-0.719336,0.015410,1.340010,False
2022-05-28,-0.705759,-0.699112,-0.001557,-0.002129,-0.003716,-0.004786,-0.006120,-0.001773,0.000000,0.000000,-0.719193,0.013434,1.168134,False
2022-05-29,-0.690999,-0.699231,-0.001477,-0.001967,-0.003707,-0.004754,-0.006116,-0.001785,0.000000,0.000000,-0.719038,0.028039,2.438151,False
2022-05-30,-0.691189,-0.699351,-0.001391,-0.001802,-0.003697,-0.004722,-0.006113,-0.001796,0.000000,0.000000,-0.718872,0.027683,2.407242,False
2022-05-31,-0.698597,-0.699471,-0.001297,-0.001635,-0.003686,-0.004690,-0.006110,-0.001808,0.000000,0.000000,-0.718697,0.020100,1.747807,False
2022-06-01,-0.698645,-0.699591,-0.001198,-0.001466,-0.003674,-0.004658,-0.006106,-0.001820,0.000000,0.000000,-0.718512,0.019867,1.727555,False
2022-06-02,-0.693288,-0.699711,-0.001093,-0.001296,-0.003660,-0.004625,-0.006102,-0.001831,0.000000,0.000000,-0.718318,0.025030,2.176544,False
2022-06-03,-0.692534,-0.699830,-0.000983,-0.001124,-0.003646,-0.004592,-0.006099,-0.001843,0.000000,0.000000,-0.718117,0.025583,2.224574,False
2022-06-04,-0.696887,-0.699950,-0.000868,-0.000950,-0.003630,-0.004560,-0.006095,-0.001854,0.000000,0.000000,-0.717908,0.021021,1.827884,False
2022-06-05,-0.685332,-0.700070,-0.000749,-0.000776,-0.003614,-0.004527,-0.006091,-0.001866,0.000000,0.000000,-0.717692,0.032360,2.813931,False
2022-06-06,-0.693024,-0.700190,-0.000626,-0.000600,-0.003596,-0.004494,-0.006087,-0.001878,0.000000,0.000000,-0.717471,0.024447,2.125824,False
2022-06-07,-0.691529,-0.700310,-0.000500,-0.000424,-0.003578,-0.004460,-0.006083,-0.001889,0.000000,0.000000,-0.717245,0.025716,2.236156,False
2022-06-08,-0.697119,-0.700430,-0.000373,-0.000247,-0.003558,-0.004427,-0.006079,-0.001901,0.000000,0.000000,-0.717014,0.019895,1.730040,False
2022-06-09,-0.688826,-0.700549,-0.000243,-0.000070,-0.003537,-0.004394,-0.006075,-0.001912,0.000000,0.000000,-0.716781,0.027955,2.430852,False
2022-06-10,-0.697400,-0.700669,-0.000112,0.000107,-0.003515,-0.004360,-0.006071,-0.001924,0.000000,0.000000,-0.716545,0.019145,1.664751,False
2022-06-11,-0.692993,-0.700789,0.000019,0.000284,-0.003492,-0.004326,-0.006067,-0.001935,0.000000,0.000000,-0.716307,0.023314,2.027289,False
2022-06-12,-0.691570,-0.700909,0.000151,0.000460,-0.003468,-0.004293,-0.006062,-0.001947,0.000000,0.000000,-0.716068,0.024498,2.130277,False
2022-06-13,-0.701082,-0.701029,0.000281,0.000636,-0.003443,-0.004259,-0.006058,-0.001958,0.000000,0.000000,-0.715830,0.014748,1.282397,False
2022-06-14,-0.693503,-0.701148,0.000410,0.000811,-0.003417,-0.004225,-0.006053,-0.001970,0.000000,0.000000,-0.715592,0.022089,1.920766,False
2022-06-15,-0.694871,-0.701268,0.000538,0.000986,-0.003390,-0.004190,-0.006049,-0.001982,0.000000,0.000000,-0.715356,0.020485,1.781281,False
2022-06-16,-0.693340,-0.701388,0.000662,0.001159,-0.003362,-0.004156,-0.006044,-0.001993,0.000000,0.000000,-0.715122,0.021782,1.894101,False
2022-06-17,-0.583081,-0.701508,0.000784,0.001331,-0.003333,-0.004122,-0.006039,-0.002005,0.000000,0.000000,-0.714892,0.131811,11.461818,True
2022-06-18,-0.563888,-0.701628,0.000902,0.001501,-0.003303,-0.004087,-0.006034,-0.002016,0.161338,-0.000192,-0.553520,-0.010368,-0.901580,False
2022-06-19,-0.567485,-0.701748,0.001015,0.001669,-0.003272,-0.004052,-0.006029,-0.002028,0.161338,-0.000383,-0.553489,-0.013996,-1.217058,False
2022-06-20,-0.562201,-0.701867,0.001124,0.001836,-0.003241,-0.004018,-0.006024,-0.002039,0.161338,-0.000571,-0.553461,-0.008740,-0.759969,False
2022-06-21,-0.571656,-0.701987,0.001228,0.002000,-0.003208,-0.003983,-0.006019,-0.002051,0.161338,-0.000757,-0.553438,-0.018218,-1.584162,False
2022-06-22,-0.544306,-0.702107,0.001325,0.002162,-0.003174,-0.003948,-0.006014,-0.002062,0.161338,-0.000941,-0.553420,0.009114,0.792513,False
2022-06-23,-0.556513,-0.702227,0.001417,0.002321,-0.003139,-0.003913,-0.006009,-0.002073,0.161338,-0.001123,-0.553407,-0.003106,-0.270059,False
2022-06-24,-0.558134,-0.702347,0.001501,0.002478,-0.003103,-0.003877,-0.006003,-0.002085,0.161338,-0.001303,-0.553401,-0.004733,-0.411559,False
2022-06-25,-0.562962,-0.702466,0.001579,0.002632,-0.003067,-0.003842,-0.005998,-0.002096,0.161338,-0.001481,-0.553402,-0.009560,-0.831324,False
2022-06-26,-0.557708,-0.702586,0.001649,0.002782,-0.003029,-0.003806,-0.005993,-0.002108,0.161338,-0.001657,-0.553410,-0.004298,-0.373740,False
2022-06-27,-0.556554,-0.702706,0.001711,0.002929,-0.002991,-0.003771,-0.005987,-0.002119,0.161338,-0.001831,-0.553426,-0.003128,-0.271975,False
2022-06-28,-0.552026,-0.702826,0.001765,0.003073,-0.002951,-0.003735,-0.005981,-0.002131,0.161338,-0.002003,-0.553451,0.001425,0.123927,False
2022-06-29,-0.556924,-0.702946,0.001811,0.003213,-0.002911,-0.003699,-0.005976,-0.002142,0.161338,-0.002174,-0.553485,-0.003439,-0.299038,False
2022-06-30,-0.555233,-0.703066,0.001848,0.003350,-0.002870,-0.003664,-0.005970,-0.002154,0.161338,-0.002342,-0.553528,-0.001705,-0.148224,False
2022-07-01,-0.563301,-0.703185,0.001877,0.003482,-0.002828,-0.003628,-0.005964,-0.002165,0.161338,-0.002509,-0.553582,-0.009719,-0.845165,False
2022-07-02,-0.545649,-0.703305,0.001896,0.003610,-0.002785,-0.003591,-0.005958,-0.002176,0.161338,-0.002673,-0.553645,0.007996,0.695299,False
2022-07-03,-0.549120,-0.703425,0.001907,0.003734,-0.002742,-0.003555,-0.005952,-0.002188,0.161338,-0.002836,-0.553719,0.004599,0.399887,False
2022-07-04,-0.556442,-0.703545,0.001908,0.003854,-0.002697,-0.003519,-0.005946,-0.002199,0.161338,-0.002997,-0.553803,-0.002639,-0.229467,False
2022-07-05,-0.563086,-0.703665,0.001901,0.003969,-0.002652,-0.003482,-0.005940,-0.002211,0.161338,-0.003157,-0.553898,-0.009188,-0.798922,False
2022-07-06,-0.552267,-0.703784,0.001884,0.004079,-0.002606,-0.003446,-0.005933,-0.002222,0.161338,-0.003314,-0.554005,0.001738,0.151099,False
2022-07-07,-0.561660,-0.703904,0.001859,0.004184,-0.002560,-0.003409,-0.005927,-0.002233,0.161338,-0.003470,-0.554122,-0.007538,-0.655483,False
2022-07-08,-0.556515,-0.704024,0.001824,0.004285,-0.002512,-0.003373,-0.005921,-0.002245,0.161338,-0.003624,-0.554250,-0.002265,-0.196925,False
2022-07-09,-0.565568,-0.704144,0.001781,0.004380,-0.002464,-0.003336,-0.005914,-0.002256,0.161338,-0.003776,-0.554390,-0.011178,-0.972012,False
2022-07-10,-0.560255,-0.704264,0.001730,0.004470,-0.002415,-0.003299,-0.005907,-0.002267,0.161338,-0.003927,-0.554540,-0.005715,-0.496921,False
2022-07-11,-0.562911,-0.704384,0.001670,0.004555,-0.002365,-0.003262,-0.005901,-0.002279,0.161338,-0.004076,-0.554702,-0.008209,-0.713836,False
2022-07-12,-0.554665,-0.704503,0.001603,0.004635,-0.002315,-0.003225,-0.005894,-0.002290,0.161338,-0.004223,-0.554874,0.000209,0.018187,False
2022-07-13,-0.561753,-0.704623,0.001528,0.004709,-0.002264,-0.003188,-0.005887,-0.002301,0.161338,-0.004369,-0.555057,-0.006696,-0.582260,False
2022-07-14,-0.547550,-0.704743,0.001445,0.004777,-0.002212,-0.003150,-0.005880,-0.002313,0.161338,-0.004513,-0.555250,0.007700,0.669585,False
2022-07-15,-0.555122,-0.704863,0.001356,0.004840,-0.002159,-0.003113,-0.005873,-0.002324,0.161338,-0.004656,-0.555454,0.000332,0.028829,False
2022-07-16,-0.556809,-0.704983,0.001261,0.004897,-0.002106,-0.003075,-0.005866,-0.002335,0.161338,-0.004797,-0.555667,-0.001142,-0.099337,False
2022-07-17,-0.557209,-0.705102,0.001159,0.004948,-0.002053,-0.003038,-0.005859,-0.002346,0.161338,-0.004936,-0.555889,-0.001320,-0.114772,False
2022-07-18,-0.558955,-0.705222,0.001052,0.004993,-0.001998,-0.003000,-0.005852,-0.002358,0.161338,-0.005074,-0.556121,-0.002834,-0.246464,False
2022-07-19,-0.565905,-0.705342,0.000940,0.005033,-0.001944,-0.002962,-0.005845,-0.002369,0.161338,-0.005210,-0.556361,-0.009544,-0.829929,False
2022-07-20,-0.566912,-0.705462,0.000823,0.005066,-0.001888,-0.002925,-0.005837,-0.002380,0.161338,-0.005345,-0.556609,-0.010303,-0.895901,False
2022-07-21,-0.561371,-0.705582,0.000703,0.005094,-0.001832,-0.002887,-0.005830,-0.002391,0.161338,-0.005478,-0.556865,-0.004506,-0.391814,False
2022-07-22,-0.564901,-0.705702,0.000579,0.005115,-0.001776,-0.002849,-0.005822,-0.002403,0.161338,-0.005610,-0.557128,-0.007773,-0.675884,False
2022-07-23,-0.567353,-0.705821,0.000453,0.005131,-0.001719,-0.002811,-0.005815,-0.002414,0.161338,-0.005741,-0.557398,-0.009955,-0.865637,False
2022-07-24,-0.570695,-0.705941,0.000324,0.005140,-0.001661,-0.002772,-0.005807,-0.002425,0.161338,-0.005869,-0.557674,-0.013021,-1.132249,False
2022-07-25,-0.566750,-0.706061,0.000194,0.005143,-0.001603,-0.002734,-0.005799,-0.002436,0.161338,-0.005997,-0.557956,-0.008794,-0.764727,False
2022-07-26,-0.569826,-0.706181,0.000063,0.005140,-0.001544,-0.002696,-0.005792,-0.002448,0.161338,-0.006123,-0.558242,-0.011584,-1.007296,False
2022-07-27,-0.564697,-0.706301,-0.000069,0.005131,-0.001485,-0.002658,-0.005784,-0.002459,0.161338,-0.006248,-0.558533,-0.006164,-0.536005,False
2022-07-28,-0.559132,-0.706420,-0.000200,0.005116,-0.001426,-0.002619,-0.005776,-0.002470,0.161338,-0.006371,-0.558828,-0.000304,-0.026473,False
2022-07-29,-0.560158,-0.706540,-0.000330,0.005095,-0.001366,-0.002580,-0.005768,-0.002481,0.161338,-0.006493,-0.559125,-0.001033,-0.089796,False
2022-07-30,-0.562638,-0.706660,-0.000458,0.005068,-0.001306,-0.002542,-0.005760,-0.002492,0.161338,-0.006614,-0.559426,-0.003212,-0.279331,False
2022-07-31,-0.561944,-0.706780,-0.000585,0.005035,-0.001245,-0.002503,-0.005751,-0.002503,0.161338,-0.006733,-0.559728,-0.002216,-0.192696,False
2022-08-01,-0.561166,-0.706900,-0.000708,0.004995,-0.001184,-0.002464,-0.005743,-0.002515,0.161338,-0.006851,-0.560032,-0.001134,-0.098639,False
2022-08-02,-0.557437,-0.707020,-0.000829,0.004950,-0.001123,-0.002426,-0.005735,-0.002526,0.161338,-0.006968,-0.560336,0.002899,0.252092,False
2022-08-03,-0.550943,-0.707139,-0.000945,0.004899,-0.001061,-0.002387,-0.005726,-0.002537,0.161338,-0.007083,-0.560641,0.009698,0.843272,False
2022-08-04,-0.563318,-0.707259,-0.001057,0.004843,-0.000999,-0.002348,-0.005718,-0.002548,0.161338,-0.007197,-0.560945,-0.002373,-0.206366,False
2022-08-05,-0.566308,-0.707379,-0.001164,0.004780,-0.000937,-0.002309,-0.005709,-0.002559,0.161338,-0.007310,-0.561248,-0.005060,-0.440003,False
2022-08-06,-0.561298,-0.707499,-0.001265,0.004712,-0.000874,-0.002270,-0.005701,-0.002570,0.161338,-0.007422,-0.561550,0.000252,0.021879,False
2022-08-07,-0.566287,-0.707619,-0.001360,0.004638,-0.000811,-0.002230,-0.005692,-0.002581,0.161338,-0.007532,-0.561849,-0.004438,-0.385895,False
2022-08-08,-0.562867,-0.707738,-0.001449,0.004559,-0.000748,-0.002191,-0.005683,-0.002592,0.161338,-0.007641,-0.562146,-0.000721,-0.062674,False
2022-08-09,-0.557349,-0.707858,-0.001531,0.004474,-0.000685,-0.002152,-0.005674,-0.002604,0.161338,-0.007749,-0.562440,0.005091,0.442717,False
2022-08-10,-0.558957,-0.707978,-0.001606,0.004384,-0.000621,-0.002112,-0.005665,-0.002615,0.161338,-0.007856,-0.562731,0.003774,0.328152,False
2022-08-11,-0.550257,-0.708098,-0.001673,0.004289,-0.000557,-0.002073,-0.005656,-0.002626,0.161338,-0.007961,-0.563017,0.012760,1.109593,False
2022-08-12,-0.555349,-0.708218,-0.001732,0.004189,-0.000494,-0.002034,-0.005647,-0.002637,0.161338,-0.008066,-0.563300,0.007951,0.691354,False
2022-08-13,-0.555710,-0.708338,-0.001783,0.004084,-0.000430,-0.001994,-0.005638,-0.002648,0.161338,-0.008169,-0.563577,0.007867,0.684099,False
2022-08-14,-0.554526,-0.708457,-0.001826,0.003974,-0.000365,-0.001954,-0.005629,-0.002659,0.161338,-0.008271,-0.563850,0.009324,0.810755,False
2022-08-15,-0.555457,-0.708577,-0.001860,0.003859,-0.000301,-0.001915,-0.005620,-0.002670,0.161338,-0.008372,-0.564117,0.008660,0.753035,False
2022-08-16,-0.553956,-0.708697,-0.001885,0.003740,-0.000237,-0.001875,-0.005610,-0.002681,0.161338,-0.008472,-0.564379,0.010423,0.906307,False
2022-08-17,-0.531896,-0.708817,-0.001901,0.003616,-0.000172,-0.001835,-0.005601,-0.002692,0.161338,-0.008571,-0.564634,0.032738,2.846814,False
2022-08-18,-0.556956,-0.708937,-0.001908,0.003488,-0.000108,-0.001795,-0.005591,-0.002703,0.161338,-0.008668,-0.564884,0.007928,0.689407,False
2022-08-19,-0.555179,-0.709056,-0.001906,0.003356,-0.000043,-0.001756,-0.005582,-0.002714,0.161338,-0.008765,-0.565128,0.009949,0.865116,False
2022-08-20,-0.557786,-0.709176,-0.001895,0.003220,0.000021,-0.001716,-0.005572,-0.002725,0.161338,-0.008860,-0.565365,0.007579,0.659063,False
2022-08-21,-0.554873,-0.709296,-0.001876,0.003080,0.000086,-0.001676,-0.005562,-0.002736,0.161338,-0.008955,-0.565596,0.010723,0.932458,False
2022-08-22,-0.562578,-0.709416,-0.001847,0.002936,0.000150,-0.001636,-0.005552,-0.002747,0.161338,-0.009048,-0.565821,0.003243,0.281993,False
2022-08-23,-0.568082,-0.709536,-0.001809,0.002789,0.000215,-0.001596,-0.005542,-0.002758,0.161338,-0.009141,-0.566039,-0.002043,-0.177637,False
2022-08-24,-0.549903,-0.709656,-0.001763,0.002639,0.000279,-0.001555,-0.005532,-0.002769,0.161338,-0.009232,-0.566251,0.016348,1.421572,False
2022-08-25,-0.557990,-0.709775,-0.001709,0.002485,0.000343,-0.001515,-0.005522,-0.002780,0.161338,-0.009322,-0.566457,0.008467,0.736235,False
2022-08-26,-0.566688,-0.709895,-0.001646,0.002329,0.000407,-0.001475,-0.005512,-0.002790,0.161338,-0.009412,-0.566656,-0.000032,-0.002770,False
2022-08-27,-0.556022,-0.710015,-0.001576,0.002169,0.000472,-0.001435,-0.005502,-0.002801,0.161338,-0.009500,-0.566850,0.010828,0.941527,False
2022-08-28,-0.564563,-0.710135,-0.001498,0.002008,0.000535,-0.001394,-0.005492,-0.002812,0.161338,-0.009587,-0.567037,0.002474,0.215140,False
2022-08-29,-0.559252,-0.710255,-0.001413,0.001843,0.000599,-0.001354,-0.005481,-0.002823,0.161338,-0.009674,-0.567219,0.007967,0.692784,False
2022-08-30,-0.568272,-0.710374,-0.001321,0.001677,0.000663,-0.001314,-0.005471,-0.002834,0.161338,-0.009759,-0.567396,-0.000876,-0.076216,False
2022-08-31,-0.558202,-0.710494,-0.001223,0.001509,0.000726,-0.001273,-0.005461,-0.002845,0.161338,-0.009844,-0.567567,0.009365,0.814336,False
2022-09-01,-0.558426,-0.710614,-0.001120,0.001339,0.000789,-0.001233,-0.005450,-0.002856,0.161338,-0.009927,-0.567733,0.009307,0.809337,False
2022-09-02,-0.560754,-0.710734,-0.001011,0.001167,0.000852,-0.001192,-0.005439,-0.002867,0.161338,-0.010010,-0.567895,0.007141,0.620987,False
2022-09-03,-0.557582,-0.710854,-0.000897,0.000994,0.000915,-0.001152,-0.005429,-0.002877,0.161338,-0.010092,-0.568053,0.010471,0.910563,False
2022-09-04,-0.554409,-0.710974,-0.000779,0.000819,0.000977,-0.001111,-0.005418,-0.002888,0.161338,-0.010173,-0.568207,0.013798,1.199807,False
2022-09-05,-0.551237,-0.711093,-0.000657,0.000644,0.001040,-0.001071,-0.005407,-0.002899,0.161338,-0.010253,-0.568358,0.017121,1.488753,False
2022-09-06,-0.565937,-0.711213,-0.000532,0.000468,0.001101,-0.001030,-0.005396,-0.002910,0.161338,-0.010332,-0.568505,0.002568,0.223318,False
2022-09-07,-0.565301,-0.711333,-0.000405,0.000292,0.001163,-0.000990,-0.005385,-0.002921,0.161338,-0.010410,-0.568650,0.003349,0.291220,False
2022-09-08,-0.569116,-0.711453,-0.000275,0.000115,0.001224,-0.000949,-0.005374,-0.002931,0.161338,-0.010487,-0.568793,-0.000323,-0.028113,False
2022-09-09,-0.564103,-0.711573,-0.000145,-0.000062,0.001285,-0.000908,-0.005363,-0.002942,0.161338,-0.010564,-0.568934,0.004831,0.420053,False
2022-09-10,-0.558233,-0.711692,-0.000014,-0.000239,0.001345,-0.000867,-0.005352,-0.002953,0.161338,-0.010639,-0.569073,0.010840,0.942624,False
2022-09-11,-0.555996,-0.711812,0.000118,-0.000416,0.001405,-0.000827,-0.005341,-0.002964,0.161338,-0.010714,-0.569212,0.013216,1.149205,False
2022-09-12,-0.564559,-0.711932,0.000249,-0.000592,0.001465,-0.000786,-0.005329,-0.002974,0.161338,-0.010788,-0.569350,0.004791,0.416616,False
2022-09-13,-0.564386,-0.712052,0.000378,-0.000768,0.001524,-0.000745,-0.005318,-0.002985,0.161338,-0.010861,-0.569488,0.005102,0.443679,False
2022-09-14,-0.566258,-0.712172,0.000506,-0.000942,0.001583,-0.000704,-0.005306,-0.002996,0.161338,-0.010933,-0.569627,0.003369,0.292952,False
2022-09-15,-0.568912,-0.712292,0.000631,-0.001116,0.001641,-0.000663,-0.005295,-0.003007,0.161338,-0.011005,-0.569766,0.000854,0.074299,False
2022-09-16,-0.558105,-0.712411,0.000754,-0.001288,0.001699,-0.000623,-0.005283,-0.003017,0.161338,-0.011076,-0.569907,0.011802,1.026278,False
2022-09-17,-0.574689,-0.712531,0.000873,-0.001459,0.001756,-0.000582,-0.005271,-0.003028,0.161338,-0.011146,-0.570050,-0.004639,-0.403424,False
2022-09-18,-0.562254,-0.712651,0.000987,-0.001627,0.001813,-0.000541,-0.005260,-0.003039,0.161338,-0.011215,-0.570194,0.007940,0.690444,False
2022-09-19,-0.563892,-0.712771,0.001098,-0.001794,0.001869,-0.000500,-0.005248,-0.003049,0.161338,-0.011283,-0.570341,0.006449,0.560756,False
2022-09-20,-0.565531,-0.712891,0.001202,-0.001959,0.001925,-0.000459,-0.005236,-0.003060,0.161338,-0.011351,-0.570491,0.004960,0.431309,False
2022-09-21,-0.567169,-0.713010,0.001302,-0.002122,0.001980,-0.000418,-0.005224,-0.003071,0.161338,-0.011418,-0.570644,0.003475,0.302132,False
2022-09-22,-0.557549,-0.713130,0.001394,-0.002282,0.002034,-0.000377,-0.005212,-0.003081,0.161338,-0.011484,-0.570800,0.013251,1.152237,False
2022-09-23,-0.570153,-0.713250,0.001481,-0.002439,0.002088,-0.000336,-0.005200,-0.003092,0.161338,-0.011550,-0.570960,0.000807,0.070140,False
2022-09-24,-0.564131,-0.713370,0.001560,-0.002594,0.002141,-0.000295,-0.005188,-0.003103,0.161338,-0.011614,-0.571123,0.006992,0.608038,False
2022-09-25,-0.559189,-0.713490,0.001632,-0.002745,0.002194,-0.000254,-0.005176,-0.003113,0.161338,-0.011678,-0.571291,0.012102,1.052384,False
2022-09-26,-0.563602,-0.713610,0.001696,-0.002893,0.002246,-0.000213,-0.005163,-0.003124,0.161338,-0.011742,-0.571464,0.007862,0.683629,False
2022-09-27,-0.560772,-0.713729,0.001753,-0.003038,0.002297,-0.000172,-0.005151,-0.003134,0.161338,-0.011804,-0.571641,0.010869,0.945090,False
2022-09-28,-0.572148,-0.713849,0.001800,-0.003179,0.002348,-0.000131,-0.005138,-0.003145,0.161338,-0.011866,-0.571822,-0.000326,-0.028352,False
2022-09-29,-0.565932,-0.713969,0.001840,-0.003316,0.002398,-0.000090,-0.005126,-0.003155,0.161338,-0.011927,-0.572008,0.006076,0.528353,False
2022-09-30,-0.566058,-0.714089,0.001870,-0.003449,0.002447,-0.000049,-0.005113,-0.003166,0.161338,-0.011988,-0.572199,0.006141,0.533993,False
2022-10-01,-0.573919,-0.714209,0.001892,-0.003579,0.002496,-0.000008,-0.005101,-0.003177,0.161338,-0.012048,-0.572395,-0.001524,-0.132563,False
2022-10-02,-0.569754,-0.714328,0.001905,-0.003704,0.002543,0.000033,-0.005088,-0.003187,0.161338,-0.012107,-0.572595,0.002841,0.247030,False
2022-10-03,-0.567090,-0.714448,0.001909,-0.003824,0.002590,0.000074,-0.005075,-0.003198,0.161338,-0.012165,-0.572800,0.005710,0.496508,False
2022-10-04,-0.573843,-0.714568,0.001903,-0.003940,0.002637,0.000115,-0.005062,-0.003208,0.161338,-0.012223,-0.573009,-0.000834,-0.072488,False
2022-10-05,-0.571752,-0.714688,0.001889,-0.004052,0.002682,0.000156,-0.005050,-0.003219,0.161338,-0.012281,-0.573223,0.001471,0.127944,False
2022-10-06,-0.575599,-0.714808,0.001866,-0.004158,0.002727,0.000197,-0.005037,-0.003229,0.161338,-0.012337,-0.573442,-0.002157,-0.187604,False
2022-10-07,-0.580746,-0.714928,0.001834,-0.004260,0.002771,0.000238,-0.005024,-0.003240,0.161338,-0.012393,-0.573664,-0.007082,-0.615845,False
2022-10-08,-0.578019,-0.715047,0.001793,-0.004357,0.002814,0.000279,-0.005010,-0.003250,0.161338,-0.012449,-0.573890,-0.004129,-0.359062,False
2022-10-09,-0.566872,-0.715167,0.001744,-0.004448,0.002856,0.000320,-0.004997,-0.003260,0.161338,-0.012503,-0.574119,0.007247,0.630197,False
2022-10-10,-0.571406,-0.715287,0.001686,-0.004535,0.002897,0.000361,-0.004984,-0.003271,0.161338,-0.012558,-0.574352,0.002946,0.256167,False
2022-10-11,-0.578392,-0.715407,0.001621,-0.004615,0.002938,0.000402,-0.004971,-0.003281,0.161338,-0.012611,-0.574587,-0.003805,-0.330837,False
2022-10-12,-0.576626,-0.715527,0.001547,-0.004691,0.002977,0.000443,-0.004957,-0.003292,0.161338,-0.012664,-0.574825,-0.001801,-0.156586,False
2022-10-13,-0.571641,-0.715646,0.001467,-0.004761,0.003016,0.000483,-0.004944,-0.003302,0.161338,-0.012717,-0.575065,0.003424,0.297752,False
2022-10-14,-0.574337,-0.715766,0.001379,-0.004825,0.003054,0.000524,-0.004930,-0.003313,0.161338,-0.012768,-0.575307,0.000970,0.084313,False
2022-10-15,-0.570274,-0.715886,0.001285,-0.004883,0.003091,0.000565,-0.004917,-0.003323,0.161338,-0.012820,-0.575549,0.005275,0.458708,False
2022-10-16,-0.571349,-0.716006,0.001185,-0.004936,0.003127,0.000606,-0.004903,-0.003333,0.161338,-0.012870,-0.575792,0.004443,0.386371,False
2022-10-17,-0.572328,-0.716126,0.001079,-0.004983,0.003162,0.000647,-0.004890,-0.003344,0.161338,-0.012920,-0.576035,0.003707,0.322389,False
2022-10-18,-0.577962,-0.716246,0.000968,-0.005024,0.003196,0.000688,-0.004876,-0.003354,0.161338,-0.012970,-0.576278,-0.001684,-0.146416,False
2022-10-19,-0.570282,-0.716365,0.000853,-0.005059,0.003229,0.000729,-0.004862,-0.003364,0.161338,-0.013019,-0.576520,0.006238,0.542429,False
2022-10-20,-0.580539,-0.716485,0.000733,-0.005088,0.003262,0.000770,-0.004848,-0.003375,0.161338,-0.013067,-0.576760,-0.003779,-0.328604,False
2022-10-21,-0.577868,-0.716605,0.000610,-0.005110,0.003293,0.000810,-0.004834,-0.003385,0.161338,-0.013115,-0.576998,-0.000870,-0.075652,False
2022-10-22,-0.564089,-0.716725,0.000485,-0.005127,0.003323,0.000851,-0.004820,-0.003395,0.161338,-0.013163,-0.577233,0.013144,1.142973,False
2022-10-23,-0.578609,-0.716845,0.000356,-0.005138,0.003353,0.000892,-0.004806,-0.003405,0.161338,-0.013210,-0.577465,-0.001144,-0.099479,False
2022-10-24,-0.576358,-0.716964,0.000227,-0.005143,0.003381,0.000932,-0.004792,-0.003416,0.161338,-0.013256,-0.577693,0.001335,0.116072,False
2022-10-25,-0.572784,-0.717084,0.000096,-0.005141,0.003408,0.000973,-0.004778,-0.003426,0.161338,-0.013302,-0.577916,0.005132,0.446268,False
2022-10-26,-0.573398,-0.717204,-0.000036,-0.005134,0.003435,0.001014,-0.004764,-0.003436,0.161338,-0.013347,-0.578134,0.004736,0.411839,False
2022-10-27,-0.568953,-0.717324,-0.000167,-0.005120,0.003460,0.001054,-0.004749,-0.003446,0.161338,-0.013392,-0.578346,0.009393,0.816820,False
2022-10-28,-0.569053,-0.717444,-0.000297,-0.005101,0.003484,0.001095,-0.004735,-0.003457,0.161338,-0.013436,-0.578552,0.009499,0.826030,False
2022-10-29,-0.577440,-0.717564,-0.000426,-0.005075,0.003507,0.001136,-0.004720,-0.003467,0.161338,-0.013480,-0.578751,0.001311,0.114026,False
2022-10-30,-0.575459,-0.717683,-0.000553,-0.005043,0.003530,0.001176,-0.004706,-0.003477,0.161338,-0.013524,-0.578943,0.003484,0.302933,False
2022-10-31,-0.570220,-0.717803,-0.000678,-0.005006,0.003551,0.001217,-0.004691,-0.003487,0.161338,-0.013567,-0.579126,0.008906,0.774443,False
2022-11-01,-0.570418,-0.717923,-0.000799,-0.004962,0.003571,0.001257,-0.004677,-0.003497,0.161338,-0.013609,-0.579301,0.008883,0.772421,False
2022-11-02,-0.578096,-0.718043,-0.000916,-0.004913,0.003590,0.001298,-0.004662,-0.003508,0.161338,-0.013651,-0.579466,0.001370,0.119172,False
2022-11-03,-0.571004,-0.718163,-0.001029,-0.004857,0.003608,0.001338,-0.004647,-0.003518,0.161338,-0.013692,-0.579623,0.008619,0.749436,False
2022-11-04,-0.571408,-0.718282,-0.001137,-0.004796,0.003625,0.001378,-0.004632,-0.003528,0.161338,-0.013733,-0.579768,0.008360,0.726999,False
2022-11-05,-0.573489,-0.718402,-0.001240,-0.004730,0.003641,0.001419,-0.004618,-0.003538,0.161338,-0.013774,-0.579904,0.006415,0.557824,False
2022-11-06,-0.573165,-0.718522,-0.001337,-0.004657,0.003656,0.001459,-0.004603,-0.003548,0.161338,-0.013814,-0.580029,0.006864,0.596833,False
2022-11-07,-0.563018,-0.718642,-0.001428,-0.004579,0.003669,0.001499,-0.004588,-0.003558,0.161338,-0.013854,-0.580142,0.017124,1.489037,False
2022-11-08,-0.569405,-0.718762,-0.001511,-0.004496,0.003682,0.001539,-0.004573,-0.003568,0.161338,-0.013893,-0.580244,0.010839,0.942496,False
2022-11-09,-0.567556,-0.718882,-0.001588,-0.004407,0.003693,0.001579,-0.004557,-0.003578,0.161338,-0.013932,-0.580334,0.012778,1.111098,False
2022-11-10,-0.572170,-0.719001,-0.001657,-0.004314,0.003704,0.001619,-0.004542,-0.003588,0.161338,-0.013970,-0.580411,0.008241,0.716646,False
2022-11-11,-0.572385,-0.719121,-0.001718,-0.004215,0.003713,0.001660,-0.004527,-0.003598,0.161338,-0.014008,-0.580477,0.008092,0.703645,False
2022-11-12,-0.565516,-0.719241,-0.001771,-0.004111,0.003721,0.001700,-0.004512,-0.003609,0.161338,-0.014046,-0.580530,0.015014,1.305558,False
2022-11-13,-0.573029,-0.719361,-0.001816,-0.004002,0.003728,0.001739,-0.004496,-0.003619,0.161338,-0.014083,-0.580570,0.007541,0.655767,False
2022-11-14,-0.561642,-0.719481,-0.001852,-0.003888,0.003734,0.001779,-0.004481,-0.003629,0.161338,-0.014120,-0.580598,0.018956,1.648351,False
2022-11-15,-0.562507,-0.719600,-0.001880,-0.003770,0.003739,0.001819,-0.004465,-0.003639,0.161338,-0.014156,-0.580613,0.018106,1.574439,False
2022-11-16,-0.568980,-0.719720,-0.001898,-0.003647,0.003743,0.001859,-0.004450,-0.003649,0.161338,-0.014192,-0.580615,0.011635,1.011772,False
2022-11-17,-0.568889,-0.719840,-0.001907,-0.003520,0.003746,0.001899,-0.004434,-0.003658,0.161338,-0.014227,-0.580605,0.011716,1.018790,False
2022-11-18,-0.567253,-0.719960,-0.001908,-0.003389,0.003747,0.001938,-0.004419,-0.003668,0.161338,-0.014262,-0.580582,0.013329,1.159068,False
2022-11-19,-0.565604,-0.720080,-0.001899,-0.003254,0.003748,0.001978,-0.004403,-0.003678,0.161338,-0.014297,-0.580547,0.014943,1.299402,False
2022-11-20,-0.574687,-0.720200,-0.001881,-0.003115,0.003747,0.002018,-0.004387,-0.003688,0.161338,-0.014331,-0.580500,0.005813,0.505462,False
2022-11-21,-0.568664,-0.720319,-0.001855,-0.002972,0.003745,0.002057,-0.004371,-0.003698,0.161338,-0.014365,-0.580441,0.011777,1.024054,False
2022-11-22,-0.568548,-0.720439,-0.001819,-0.002826,0.003743,0.002097,-0.004356,-0.003708,0.161338,-0.014399,-0.580370,0.011822,1.027986,False
2022-11-23,-0.572086,-0.720559,-0.001775,-0.002677,0.003739,0.002136,-0.004340,-0.003718,0.161338,-0.014432,-0.580288,0.008202,0.713201,False
2022-11-24,-0.570478,-0.720679,-0.001723,-0.002524,0.003734,0.002175,-0.004324,-0.003728,0.161338,-0.014465,-0.580195,0.009717,0.844950,False
2022-11-25,-0.566937,-0.720799,-0.001662,-0.002368,0.003727,0.002215,-0.004308,-0.003738,0.161338,-0.014498,-0.580092,0.013155,1.143881,False
2022-11-26,-0.576048,-0.720918,-0.001594,-0.002209,0.003720,0.002254,-0.004291,-0.003748,0.161338,-0.014530,-0.579978,0.003930,0.341772,False
2022-11-27,-0.573091,-0.721038,-0.001518,-0.002048,0.003712,0.002293,-0.004275,-0.003757,0.161338,-0.014561,-0.579856,0.006765,0.588235,False
2022-11-28,-0.568626,-0.721158,-0.001435,-0.001885,0.003702,0.002332,-0.004259,-0.003767,0.161338,-0.014593,-0.579724,0.011098,0.965056,False
2022-11-29,-0.573538,-0.721278,-0.001345,-0.001719,0.003692,0.002371,-0.004243,-0.003777,0.161338,-0.014624,-0.579584,0.006046,0.525766,False
2022-11-30,-0.569032,-0.721398,-0.001248,-0.001551,0.003680,0.002410,-0.004226,-0.003787,0.161338,-0.014655,-0.579437,0.010405,0.904766,False
2022-12-01,-0.568879,-0.721518,-0.001146,-0.001381,0.003667,0.002449,-0.004210,-0.003797,0.161338,-0.014685,-0.579282,0.010403,0.904635,False
2022-12-02,-0.575442,-0.721637,-0.001038,-0.001210,0.003653,0.002488,-0.004194,-0.003806,0.161338,-0.014715,-0.579121,0.003679,0.319955,False
2022-12-03,-0.574428,-0.721757,-0.000926,-0.001037,0.003638,0.002526,-0.004177,-0.003816,0.161338,-0.014745,-0.578955,0.004527,0.393658,False
2022-12-04,-0.569642,-0.721877,-0.000809,-0.000863,0.003622,0.002565,-0.004161,-0.003826,0.161338,-0.014774,-0.578784,0.009142,0.794937,False
2022-12-05,-0.571990,-0.721997,-0.000688,-0.000688,0.003605,0.002604,-0.004144,-0.003836,0.161338,-0.014803,-0.578608,0.006618,0.575513,False
2022-12-06,-0.561205,-0.722117,-0.000564,-0.000512,0.003587,0.002642,-0.004127,-0.003845,0.161338,-0.014832,-0.578430,0.017225,1.497799,False
2022-12-07,-0.571548,-0.722236,-0.000437,-0.000336,0.003568,0.002680,-0.004111,-0.003855,0.161338,-0.014860,-0.578248,0.006700,0.582649,False
2022-12-08,-0.569626,-0.722356,-0.000308,-0.000159,0.003548,0.002719,-0.004094,-0.003865,0.161338,-0.014889,-0.578066,0.008440,0.733872,False
2022-12-09,-0.565675,-0.722476,-0.000178,0.000018,0.003526,0.002757,-0.004077,-0.003874,0.161338,-0.014916,-0.577882,0.012207,1.061451,False
2022-12-10,-0.566699,-0.722596,-0.000046,0.000195,0.003504,0.002795,-0.004060,-0.003884,0.161338,-0.014944,-0.577698,0.010999,0.956415,False
2022-12-11,-0.573847,-0.722716,0.000085,0.000372,0.003480,0.002833,-0.004043,-0.003894,0.161338,-0.014971,-0.577515,0.003668,0.318924,False
2022-12-12,-0.570028,-0.722836,0.000216,0.000548,0.003456,0.002871,-0.004026,-0.003903,0.161338,-0.014998,-0.577333,0.007305,0.635223,False
2022-12-13,-0.565152,-0.722955,0.000346,0.000724,0.003430,0.002909,-0.004009,-0.003913,0.161338,-0.015024,-0.577154,0.012002,1.043645,False
2022-12-14,-0.571978,-0.723075,0.000474,0.000899,0.003404,0.002947,-0.003992,-0.003923,0.161338,-0.015051,-0.576978,0.005000,0.434784,False
2022-12-15,-0.571741,-0.723195,0.000600,0.001073,0.003377,0.002985,-0.003975,-0.003932,0.161338,-0.015077,-0.576806,0.005065,0.440449,False
2022-12-16,-0.564383,-0.723315,0.000724,0.001245,0.003348,0.003023,-0.003958,-0.003942,0.161338,-0.015103,-0.576639,0.012256,1.065753,False
2022-12-17,-0.569854,-0.723435,0.000843,0.001416,0.003319,0.003060,-0.003941,-0.003951,0.161338,-0.015128,-0.576478,0.006624,0.575981,False
2022-12-18,-0.559084,-0.723554,0.000959,0.001585,0.003288,0.003098,-0.003923,-0.003961,0.161338,-0.015153,-0.576323,0.017239,1.499027,False
2022-12-19,-0.574181,-0.723674,0.001070,0.001753,0.003257,0.003135,-0.003906,-0.003970,0.161338,-0.015178,-0.576175,0.001994,0.173390,False
2022-12-20,-0.567431,-0.723794,0.001177,0.001918,0.003224,0.003172,-0.003888,-0.003980,0.161338,-0.015203,-0.576035,0.008604,0.748176,False
2022-12-21,-0.564614,-0.723914,0.001277,0.002081,0.003191,0.003210,-0.003871,-0.003989,0.161338,-0.015227,-0.575904,0.011290,0.981707,False
2022-12-22,-0.564358,-0.724034,0.001372,0.002242,0.003157,0.003247,-0.003854,-0.003999,0.161338,-0.015251,-0.575781,0.011423,0.993344,False
2022-12-23,-0.564869,-0.724154,0.001460,0.002400,0.003121,0.003284,-0.003836,-0.004008,0.161338,-0.015275,-0.575669,0.010800,0.939142,False
2022-12-24,-0.567995,-0.724273,0.001541,0.002555,0.003085,0.003321,-0.003818,-0.004018,0.161338,-0.015298,-0.575567,0.007572,0.658459,False
2022-12-25,-0.570606,-0.724393,0.001615,0.002707,0.003048,0.003358,-0.003801,-0.004027,0.161338,-0.015322,-0.575476,0.004870,0.423516,False
2022-12-26,-0.574980,-0.724513,0.001681,0.002856,0.003010,0.003395,-0.003783,-0.004037,0.161338,-0.015345,-0.575397,0.000417,0.036272,False
2022-12-27,-0.576059,-0.724633,0.001739,0.003002,0.002971,0.003431,-0.003765,-0.004046,0.161338,-0.015367,-0.575330,-0.000729,-0.063404,False
2022-12-28,-0.572920,-0.724753,0.001789,0.003144,0.002931,0.003468,-0.003747,-0.004056,0.161338,-0.015390,-0.575275,0.002355,0.204786,False
2022-12-29,-0.573565,-0.724872,0.001831,0.003282,0.002891,0.003504,-0.003730,-0.004065,0.161338,-0.015412,-0.575233,0.001668,0.145052,False
2022-12-30,-0.579555,-0.724992,0.001864,0.003416,0.002849,0.003541,-0.003712,-0.004074,0.161338,-0.015434,-0.575204,-0.004351,-0.378317,False
2022-12-31,-0.572388,-0.725112,0.001888,0.003547,0.002807,0.003577,-0.003694,-0.004084,0.161338,-0.015456,-0.575189,0.002801,0.243578,False
2023-01-01,-0.572113,-0.725232,0.001903,0.003673,0.002764,0.003613,-0.003676,-0.004093,0.161338,-0.015477,-0.575188,0.003075,0.267366,False
2023-01-02,-0.576627,-0.725352,0.001909,0.003795,0.002720,0.003649,-0.003658,-0.004102,0.161338,-0.015499,-0.575200,-0.001427,-0.124064,False
2023-01-03,-0.569908,-0.725472,0.001906,0.003912,0.002675,0.003685,-0.003640,-0.004112,0.161338,-0.015520,-0.575227,0.005319,0.462520,False
2023-01-04,-0.577276,-0.725591,0.001893,0.004024,0.002629,0.003721,-0.003621,-0.004121,0.161338,-0.015541,-0.575268,-0.002008,-0.174611,False
2023-01-05,-0.573813,-0.725711,0.001872,0.004132,0.002583,0.003757,-0.003603,-0.004130,0.161338,-0.015561,-0.575323,0.001510,0.131330,False
2023-01-06,-0.578085,-0.725831,0.001843,0.004235,0.002536,0.003792,-0.003585,-0.004140,0.161338,-0.015582,-0.575393,-0.002692,-0.234089,False
2023-01-07,-0.570575,-0.725951,0.001804,0.004333,0.002488,0.003828,-0.003567,-0.004149,0.161338,-0.015602,-0.575477,0.004902,0.426259,False
2023-01-08,-0.571324,-0.726071,0.001757,0.004426,0.002439,0.003863,-0.003548,-0.004158,0.161338,-0.015622,-0.575575,0.004251,0.369673,False
2023-01-09,-0.575114,-0.726190,0.001701,0.004513,0.002390,0.003898,-0.003530,-0.004167,0.161338,-0.015641,-0.575688,0.000574,0.049880,False
2023-01-10,-0.576348,-0.726310,0.001638,0.004596,0.002340,0.003934,-0.003512,-0.004177,0.161338,-0.015661,-0.575814,-0.000534,-0.046439,False
2023-01-11,-0.571494,-0.726430,0.001566,0.004672,0.002289,0.003969,-0.003493,-0.004186,0.161338,-0.015680,-0.575954,0.004460,0.387829,False
2023-01-12,-0.570156,-0.726550,0.001488,0.004744,0.002238,0.004004,-0.003475,-0.004195,0.161338,-0.015699,-0.576108,0.005952,0.517529,False
2023-01-13,-0.573410,-0.726670,0.001402,0.004809,0.002186,0.004038,-0.003456,-0.004204,0.161338,-0.015718,-0.576274,0.002864,0.249071,False
2023-01-14,-0.576965,-0.726790,0.001309,0.004869,0.002133,0.004073,-0.003438,-0.004213,0.161338,-0.015737,-0.576454,-0.000511,-0.044444,False
2023-01-15,-0.581632,-0.726909,0.001211,0.004923,0.002080,0.004108,-0.003419,-0.004222,0.161338,-0.015755,-0.576646,-0.004986,-0.433572,False
2023-01-16,-0.585236,-0.727029,0.001106,0.004972,0.002026,0.004142,-0.003400,-0.004232,0.161338,-0.015773,-0.576850,-0.008386,-0.729217,False
2023-01-17,-0.585534,-0.727149,0.000997,0.005014,0.001971,0.004177,-0.003381,-0.004241,0.161338,-0.015791,-0.577066,-0.008468,-0.736376,False
2023-01-18,-0.583235,-0.727269,0.000882,0.005050,0.001916,0.004211,-0.003363,-0.004250,0.161338,-0.015809,-0.577292,-0.005943,-0.516743,False
2023-01-19,-0.583985,-0.727389,0.000764,0.005081,0.001860,0.004245,-0.003344,-0.004259,0.161338,-0.015827,-0.577530,-0.006455,-0.561318,False
2023-01-20,-0.581432,-0.727508,0.000641,0.005105,0.001804,0.004279,-0.003325,-0.004268,0.161338,-0.015844,-0.577777,-0.003655,-0.317802,False
2023-01-21,-0.585069,-0.727628,0.000516,0.005124,0.001747,0.004313,-0.003306,-0.004277,0.161338,-0.015861,-0.578034,-0.007035,-0.611720,False
2023-01-22,-0.582399,-0.727748,0.000389,0.005136,0.001690,0.004347,-0.003287,-0.004286,0.161338,-0.015878,-0.578300,-0.004099,-0.356428,False
2023-01-23,-0.584570,-0.727868,0.000259,0.005142,0.001632,0.004380,-0.003268,-0.004295,0.161338,-0.015895,-0.578574,-0.005996,-0.521370,False
2023-01-24,-0.592235,-0.727988,0.000128,0.005142,0.001574,0.004414,-0.003249,-0.004304,0.161338,-0.015912,-0.578856,-0.013379,-1.163383,False
2023-01-25,-0.592321,-0.728108,-0.000003,0.005136,0.001515,0.004447,-0.003230,-0.004313,0.161338,-0.015928,-0.579145,-0.013176,-1.145739,False
2023-01-26,-0.591560,-0.728227,-0.000134,0.005124,0.001456,0.004480,-0.003211,-0.004322,0.161338,-0.015945,-0.579440,-0.012120,-1.053885,False
2023-01-27,-0.586996,-0.728347,-0.000265,0.005106,0.001396,0.004513,-0.003192,-0.004331,0.161338,-0.015961,-0.579741,-0.007255,-0.630834,False
2023-01-28,-0.592824,-0.728467,-0.000394,0.005082,0.001336,0.004546,-0.003172,-0.004340,0.161338,-0.015977,-0.580048,-0.012776,-1.110992,False
2023-01-29,-0.596546,-0.728587,-0.000522,0.005052,0.001275,0.004579,-0.003153,-0.004349,0.161338,-0.015992,-0.580358,-0.016188,-1.407633,False
2023-01-30,-0.601786,-0.728707,-0.000647,0.005016,0.001215,0.004612,-0.003134,-0.004358,0.161338,-0.016008,-0.580673,-0.021113,-1.835944,False
2023-01-31,-0.602313,-0.728826,-0.000769,0.004974,0.001153,0.004644,-0.003114,-0.004367,0.161338,-0.016023,-0.580990,-0.021323,-1.854155,False
2023-02-01,-0.598474,-0.728946,-0.000887,0.004926,0.001092,0.004677,-0.003095,-0.004376,0.161338,-0.016039,-0.581310,-0.017164,-1.492497,False
2023-02-02,-0.595362,-0.729066,-0.001002,0.004872,0.001030,0.004709,-0.003076,-0.004384,0.161338,-0.016054,-0.581632,-0.013730,-1.193894,False
2023-02-03,-0.590406,-0.729186,-0.001111,0.004812,0.000968,0.004741,-0.003056,-0.004393,0.161338,-0.016069,-0.581955,-0.008451,-0.734834,False
2023-02-04,-0.590591,-0.729306,-0.001215,0.004747,0.000905,0.004773,-0.003037,-0.004402,0.161338,-0.016083,-0.582279,-0.008312,-0.722763,False
2023-02-05,-0.594840,-0.729425,-0.001313,0.004676,0.000843,0.004805,-0.003017,-0.004411,0.161338,-0.016098,-0.582603,-0.012237,-1.064078,False
2023-02-06,-0.590883,-0.729545,-0.001406,0.004599,0.000780,0.004837,-0.002998,-0.004420,0.161338,-0.016113,-0.582926,-0.007957,-0.691872,False
2023-02-07,-0.599496,-0.729665,-0.001491,0.004517,0.000716,0.004869,-0.002978,-0.004429,0.161338,-0.016127,-0.583249,-0.016247,-1.412801,False
2023-02-08,-0.597746,-0.729785,-0.001570,0.004430,0.000653,0.004900,-0.002958,-0.004437,0.161338,-0.016141,-0.583570,-0.014176,-1.232737,False
2023-02-09,-0.595336,-0.729905,-0.001641,0.004337,0.000589,0.004932,-0.002939,-0.004446,0.161338,-0.016155,-0.583888,-0.011448,-0.995461,False
2023-02-10,-0.599070,-0.730025,-0.001704,0.004240,0.000525,0.004963,-0.002919,-0.004455,0.161338,-0.016169,-0.584204,-0.014866,-1.292708,False
2023-02-11,-0.602805,-0.730144,-0.001759,0.004137,0.000462,0.004994,-0.002899,-0.004464,0.161338,-0.016182,-0.584518,-0.018287,-1.590213,False
2023-02-12,-0.605390,-0.730264,-0.001806,0.004029,0.000397,0.005025,-0.002879,-0.004472,0.161338,-0.016196,-0.584827,-0.020563,-1.788097,False
2023-02-13,-0.607976,-0.730384,-0.001844,0.003917,0.000333,0.005055,-0.002859,-0.004481,0.161338,-0.016209,-0.585133,-0.022843,-1.986305,False
2023-02-14,-0.614240,-0.730504,-0.001874,0.003800,0.000269,0.005086,-0.002840,-0.004490,0.161338,-0.016222,-0.585436,-0.028804,-2.504734,False
2023-02-15,-0.617034,-0.730624,-0.001894,0.003678,0.000205,0.005117,-0.002820,-0.004498,0.161338,-0.016235,-0.585733,-0.031301,-2.721803,False
2023-02-16,-0.611630,-0.730743,-0.001906,0.003553,0.000140,0.005147,-0.002800,-0.004507,0.161338,-0.016248,-0.586026,-0.025604,-2.226402,False
2023-02-17,-0.605678,-0.730863,-0.001908,0.003422,0.000076,0.005177,-0.002780,-0.004516,0.161338,-0.016261,-0.586315,-0.019363,-1.683769,False
2023-02-18,-0.604150,-0.730983,-0.001902,0.003288,0.000011,0.005207,-0.002760,-0.004524,0.161338,-0.016274,-0.586598,-0.017552,-1.526267,False
2023-02-19,-0.598702,-0.731103,-0.001887,0.003150,-0.000053,0.005237,-0.002740,-0.004533,0.161338,-0.016286,-0.586876,-0.011826,-1.028345,False
2023-02-20,-0.610986,-0.731223,-0.001862,0.003008,-0.000118,0.005267,-0.002719,-0.004541,0.161338,-0.016298,-0.587149,-0.023837,-2.072792,False
2023-02-21,-0.612423,-0.731343,-0.001829,0.002863,-0.000182,0.005296,-0.002699,-0.004550,0.161338,-0.016311,-0.587416,-0.025007,-2.174486,False
2023-02-22,-0.608433,-0.731462,-0.001787,0.002714,-0.000247,0.005326,-0.002679,-0.004558,0.161338,-0.016323,-0.587679,-0.020754,-1.804733,False
2023-02-23,-0.614228,-0.731582,-0.001737,0.002562,-0.000311,0.005355,-0.002659,-0.004567,0.161338,-0.016335,-0.587935,-0.026293,-2.286316,False
2023-02-24,-0.610295,-0.731702,-0.001678,0.002407,-0.000375,0.005384,-0.002639,-0.004576,0.161338,-0.016347,-0.588187,-0.022108,-1.922448,False
2023-02-25,-0.619466,-0.731822,-0.001612,0.002249,-0.000440,0.005413,-0.002618,-0.004584,0.161338,-0.016358,-0.588433,-0.031033,-2.698513,False
2023-02-26,-0.616983,-0.731942,-0.001538,0.002089,-0.000504,0.005442,-0.002598,-0.004593,0.161338,-0.016370,-0.588674,-0.028309,-2.461633,False
2023-02-27,-0.615437,-0.732061,-0.001456,0.001926,-0.000567,0.005470,-0.002578,-0.004601,0.161338,-0.016381,-0.588910,-0.026527,-2.306665,False
2023-02-28,-0.612872,-0.732181,-0.001368,0.001761,-0.000631,0.005499,-0.002557,-0.004609,0.161338,-0.016392,-0.589142,-0.023730,-2.063505,False
2023-03-01,-0.611187,-0.732301,-0.001273,0.001593,-0.000695,0.005527,-0.002537,-0.004618,0.161338,-0.016404,-0.589368,-0.021819,-1.897267,False
2023-03-02,-0.611825,-0.732421,-0.001172,0.001424,-0.000758,0.005555,-0.002516,-0.004626,0.161338,-0.016415,-0.589591,-0.022235,-1.933438,False
2023-03-03,-0.612464,-0.732541,-0.001066,0.001253,-0.000821,0.005583,-0.002496,-0.004635,0.161338,-0.016426,-0.589809,-0.022655,-1.969965,False
2023-03-04,-0.613102,-0.732661,-0.000954,0.001080,-0.000884,0.005611,-0.002475,-0.004643,0.161338,-0.016436,-0.590024,-0.023078,-2.006825,False
2023-03-05,-0.610841,-0.732780,-0.000838,0.000907,-0.000946,0.005639,-0.002455,-0.004651,0.161338,-0.016447,-0.590234,-0.020607,-1.791873,False
2023-03-06,-0.613598,-0.732900,-0.000718,0.000732,-0.001009,0.005666,-0.002434,-0.004660,0.161338,-0.016458,-0.590442,-0.023156,-2.013546,False
2023-03-07,-0.611984,-0.733020,-0.000595,0.000556,-0.001071,0.005694,-0.002414,-0.004668,0.161338,-0.016468,-0.590647,-0.021336,-1.855336,False
2023-03-08,-0.610369,-0.733140,-0.000469,0.000380,-0.001132,0.005721,-0.002393,-0.004676,0.161338,-0.016478,-0.590850,-0.019519,-1.697340,False
2023-03-09,-0.610085,-0.733260,-0.000340,0.000203,-0.001194,0.005748,-0.002372,-0.004685,0.161338,-0.016489,-0.591050,-0.019035,-1.655223,False
2023-03-10,-0.611316,-0.733379,-0.000210,0.000026,-0.001255,0.005775,-0.002352,-0.004693,0.161338,-0.016499,-0.591249,-0.020067,-1.744995,False
2023-03-11,-0.612547,-0.733499,-0.000079,-0.000151,-0.001315,0.005801,-0.002331,-0.004701,0.161338,-0.016509,-0.591446,-0.021101,-1.834883,False
2023-03-12,-0.617141,-0.733619,0.000052,-0.000328,-0.001375,0.005828,-0.002310,-0.004710,0.161338,-0.016519,-0.591642,-0.025499,-2.217286,False
2023-03-13,-0.621735,-0.733739,0.000183,-0.000504,-0.001435,0.005854,-0.002289,-0.004718,0.161338,-0.016528,-0.591838,-0.029897,-2.599736,False
2023-03-14,-0.618250,-0.733859,0.000314,-0.000680,-0.001495,0.005880,-0.002268,-0.004726,0.161338,-0.016538,-0.592034,-0.026216,-2.279648,False
2023-03-15,-0.614764,-0.733979,0.000442,-0.000855,-0.001553,0.005906,-0.002248,-0.004734,0.161338,-0.016548,-0.592230,-0.022535,-1.959537,False
2023-03-16,-0.611279,-0.734098,0.000569,-0.001029,-0.001612,0.005932,-0.002227,-0.004742,0.161338,-0.016557,-0.592426,-0.018853,-1.639371,False
2023-03-17,-0.612314,-0.734218,0.000693,-0.001202,-0.001670,0.005958,-0.002206,-0.004751,0.161338,-0.016566,-0.592624,-0.019691,-1.712231,False
2023-03-18,-0.613350,-0.734338,0.000814,-0.001373,-0.001727,0.005983,-0.002185,-0.004759,0.161338,-0.016576,-0.592823,-0.020527,-1.784971,False
2023-03-19,-0.614386,-0.734458,0.000931,-0.001543,-0.001784,0.006009,-0.002164,-0.004767,0.161338,-0.016585,-0.593024,-0.021362,-1.857560,False
2023-03-20,-0.615421,-0.734578,0.001043,-0.001711,-0.001841,0.006034,-0.002143,-0.004775,0.161338,-0.016594,-0.593226,-0.022195,-1.929968,False
2023-03-21,-0.616284,-0.734697,0.001151,-0.001877,-0.001897,0.006059,-0.002122,-0.004783,0.161338,-0.016603,-0.593432,-0.022853,-1.987199,False
2023-03-22,-0.617148,-0.734817,0.001253,-0.002041,-0.001952,0.006084,-0.002101,-0.004791,0.161338,-0.016612,-0.593639,-0.023508,-2.044196,False
2023-03-23,-0.618011,-0.734937,0.001349,-0.002202,-0.002007,0.006108,-0.002080,-0.004799,0.161338,-0.016620,-0.593850,-0.024161,-2.100934,False
2023-03-24,-0.618874,-0.735057,0.001439,-0.002361,-0.002061,0.006133,-0.002059,-0.004807,0.161338,-0.016629,-0.594064,-0.024810,-2.157392,False
2023-03-25,-0.619738,-0.735177,0.001521,-0.002517,-0.002115,0.006157,-0.002037,-0.004815,0.161338,-0.016638,-0.594282,-0.025456,-2.213551,False
2023-03-26,-0.620601,-0.735297,0.001597,-0.002670,-0.002168,0.006181,-0.002016,-0.004823,0.161338,-0.016646,-0.594503,-0.026098,-2.269392,False
2023-03-27,-0.621465,-0.735416,0.001665,-0.002819,-0.002220,0.006205,-0.001995,-0.004831,0.161338,-0.016654,-0.594728,-0.026736,-2.324903,False
2023-03-28,-0.622328,-0.735536,0.001725,-0.002966,-0.002272,0.006229,-0.001974,-0.004839,0.161338,-0.016663,-0.594957,-0.027371,-2.380072,False
2023-03-29,-0.619680,-0.735656,0.001778,-0.003109,-0.002323,0.006252,-0.001953,-0.004847,0.161338,-0.016671,-0.595190,-0.024490,-2.129531,False
2023-03-30,-0.617031,-0.735776,0.001821,-0.003248,-0.002373,0.006276,-0.001931,-0.004855,0.161338,-0.016679,-0.595427,-0.021604,-1.878634,False
2023-03-31,-0.614383,-0.735896,0.001856,-0.003383,-0.002423,0.006299,-0.001910,-0.004863,0.161338,-0.016687,-0.595668,-0.018715,-1.627377,False
2023-04-01,-0.611735,-0.736015,0.001882,-0.003514,-0.002471,0.006322,-0.001889,-0.004871,0.161338,-0.016695,-0.595914,-0.015821,-1.375762,False
2023-04-02,-0.611968,-0.736135,0.001900,-0.003642,-0.002520,0.006345,-0.001867,-0.004879,0.161338,-0.016703,-0.596163,-0.015805,-1.374347,False
2023-04-03,-0.612201,-0.736255,0.001908,-0.003765,-0.002567,0.006367,-0.001846,-0.004887,0.161338,-0.016711,-0.596417,-0.015785,-1.372585,False
2023-04-04,-0.612434,-0.736375,0.001907,-0.003883,-0.002614,0.006390,-0.001825,-0.004895,0.161338,-0.016718,-0.596674,-0.015761,-1.370486,False
2023-04-05,-0.612668,-0.736495,0.001897,-0.003997,-0.002659,0.006412,-0.001803,-0.004903,0.161338,-0.016726,-0.596935,-0.015733,-1.368062,False
2023-04-06,-0.612901,-0.736615,0.001879,-0.004106,-0.002704,0.006434,-0.001782,-0.004911,0.161338,-0.016733,-0.597199,-0.015701,-1.365333,False
2023-04-07,-0.613134,-0.736734,0.001851,-0.004210,-0.002749,0.006456,-0.001760,-0.004918,0.161338,-0.016741,-0.597467,-0.015667,-1.362316,False
2023-04-08,-0.613367,-0.736854,0.001814,-0.004309,-0.002792,0.006478,-0.001739,-0.004926,0.161338,-0.016748,-0.597738,-0.015629,-1.359036,False
2023-04-09,-0.613367,-0.736974,0.001769,-0.004403,-0.002835,0.006499,-0.001717,-0.004934,0.161338,-0.016755,-0.598012,-0.015355,-1.335246,False
2023-04-10,-0.613367,-0.737094,0.001716,-0.004492,-0.002877,0.006520,-0.001696,-0.004942,0.161338,-0.016762,-0.598288,-0.015079,-1.311248,False
2023-04-11,-0.613367,-0.737214,0.001654,-0.004576,-0.002917,0.006542,-0.001674,-0.004949,0.161338,-0.016769,-0.598566,-0.014801,-1.287074,False
2023-04-12,-0.613367,-0.737333,0.001585,-0.004654,-0.002958,0.006563,-0.001653,-0.004957,0.161338,-0.016776,-0.598845,-0.014522,-1.262759,False
2023-04-13,-0.613367,-0.737453,0.001508,-0.004726,-0.002997,0.006583,-0.001631,-0.004965,0.161338,-0.016783,-0.599126,-0.014241,-1.238340,False
2023-04-14,-0.613367,-0.737573,0.001424,-0.004793,-0.003035,0.006604,-0.001609,-0.004973,0.161338,-0.016790,-0.599408,-0.013959,-1.213858,False
2023-04-15,-0.613367,-0.737693,0.001333,-0.004855,-0.003072,0.006624,-0.001588,-0.004980,0.161338,-0.016797,-0.599689,-0.013678,-1.189354,False
2023-04-16,,-0.737813,0.001236,-0.004910,-0.003109,0.006644,-0.001566,-0.004988,0.161338,-0.016804,-0.599971,,,False
2023-04-17,,-0.737933,0.001133,-0.004960,-0.003144,0.006664,-0.001544,-0.004995,0.161338,-0.016810,-0.600252,,,False
2023-04-18,,-0.738052,0.001024,-0.005004,-0.003179,0.006684,-0.001523,-0.005003,0.161338,-0.016817,-0.600531,,,False
2023-04-19,,-0.738172,0.000911,-0.005042,-0.003213,0.006704,-0.001501,-0.005011,0.161338,-0.016823,-0.600808,,,False
2023-04-20,,-0.738292,0.000794,-0.005074,-0.003246,0.006723,-0.001479,-0.005018,0.161338,-0.016830,-0.601083,,,False
2023-04-21,,-0.738412,0.000672,-0.005100,-0.003277,0.006742,-0.001457,-0.005026,0.161338,-0.016836,-0.601355,,,False
2023-04-22,,-0.738532,0.000548,-0.005120,-0.003308,0.006762,-0.001436,-0.005033,0.161338,-0.016842,-0.601623,,,False
2023-04-23,,-0.738651,0.000421,-0.005134,-0.003338,0.006780,-0.001414,-0.005041,0.161338,-0.016849,-0.601887,,,False
2023-04-24,,-0.738771,0.000292,-0.005141,-0.003367,0.006799,-0.001392,-0.005048,0.161338,-0.016855,-0.602145,,,False
2023-04-25,,-0.738891,0.000161,-0.005143,-0.003395,0.006817,-0.001370,-0.005056,0.161338,-0.016861,-0.602398,,,False
2023-04-26,,-0.739011,0.000030,-0.005138,-0.003422,0.006836,-0.001348,-0.005063,0.161338,-0.016867,-0.602645,,,False
2023-04-27,,-0.739131,-0.000101,-0.005128,-0.003447,0.006854,-0.001326,-0.005071,0.161338,-0.016873,-0.602885,,,False
2023-04-28,,-0.739251,-0.000232,-0.005111,-0.003472,0.006872,-0.001304,-0.005078,0.161338,-0.016879,-0.603118,,,False
2023-04-29,,-0.739370,-0.000362,-0.005089,-0.003496,0.006889,-0.001282,-0.005086,0.161338,-0.016884,-0.603342,,,False
2023-04-30,,-0.739490,-0.000490,-0.005060,-0.003519,0.006907,-0.001261,-0.005093,0.161338,-0.016890,-0.603558,,,False
2023-05-01,,-0.739610,-0.000616,-0.005025,-0.003540,0.006924,-0.001239,-0.005101,0.161338,-0.016896,-0.603764,,,False
2023-05-02,,-0.739730,-0.000739,-0.004985,-0.003561,0.006941,-0.001217,-0.005108,0.161338,-0.016901,-0.603961,,,False
2023-05-03,,-0.739850,-0.000858,-0.004938,-0.003581,0.006958,-0.001195,-0.005115,0.161338,-0.016907,-0.604147,,,False
2023-05-04,,-0.739969,-0.000973,-0.004886,-0.003599,0.006974,-0.001173,-0.005123,0.161338,-0.016912,-0.604323,,,False
2023-05-05,,-0.740089,-0.001084,-0.004828,-0.003617,0.006991,-0.001151,-0.005130,0.161338,-0.016918,-0.604487,,,False
2023-05-06,,-0.740209,-0.001190,-0.004764,-0.003633,0.007007,-0.001129,-0.005137,0.161338,-0.016923,-0.604639,,,False
2023-05-07,,-0.740329,-0.001289,-0.004694,-0.003648,0.007023,-0.001107,-0.005144,0.161338,-0.016928,-0.604779,,,False
2023-05-08,,-0.740449,-0.001383,-0.004619,-0.003662,0.007039,-0.001085,-0.005152,0.161338,-0.016934,-0.604906,,,False
2023-05-09,,-0.740569,-0.001470,-0.004538,-0.003676,0.007055,-0.001062,-0.005159,0.161338,-0.016939,-0.605020,,,False
2023-05-10,,-0.740688,-0.001551,-0.004452,-0.003688,0.007070,-0.001040,-0.005166,0.161338,-0.016944,-0.605121,,,False
2023-05-11,,-0.740808,-0.001624,-0.004361,-0.003699,0.007085,-0.001018,-0.005173,0.161338,-0.016949,-0.605209,,,False
2023-05-12,-0.622925,-0.740928,-0.001689,-0.004265,-0.003709,0.007100,-0.000996,-0.005181,0.161338,-0.016954,-0.605282,-0.017643,-1.534154,False
2023-05-13,-0.622925,-0.741048,-0.001746,-0.004163,-0.003717,0.007115,-0.000974,-0.005188,0.161338,-0.016959,-0.605342,-0.017583,-1.528980,False
2023-05-14,-0.622925,-0.741168,-0.001795,-0.004057,-0.003725,0.007130,-0.000952,-0.005195,0.161338,-0.016964,-0.605387,-0.017538,-1.525040,False
2023-05-15,-0.622925,-0.741287,-0.001835,-0.003946,-0.003732,0.007144,-0.000930,-0.005202,0.161338,-0.016969,-0.605418,-0.017507,-1.522344,False
2023-05-16,-0.622925,-0.741407,-0.001867,-0.003830,-0.003737,0.007158,-0.000908,-0.005209,0.161338,-0.016974,-0.605435,-0.017490,-1.520895,False
2023-05-17,-0.622925,-0.741527,-0.001890,-0.003709,-0.003741,0.007172,-0.000885,-0.005216,0.161338,-0.016978,-0.605437,-0.017488,-1.520697,False
2023-05-18,-0.622925,-0.741647,-0.001904,-0.003584,-0.003745,0.007186,-0.000863,-0.005223,0.161338,-0.016983,-0.605425,-0.017500,-1.521745,False
2023-05-19,-0.622925,-0.741767,-0.001909,-0.003455,-0.003747,0.007200,-0.000841,-0.005230,0.161338,-0.016988,-0.605399,-0.017526,-1.524032,False
2023-05-20,-0.625735,-0.741887,-0.001905,-0.003322,-0.003748,0.007213,-0.000819,-0.005237,0.161338,-0.016992,-0.605358,-0.020377,-1.771896,False
2023-05-21,-0.631655,-0.742006,-0.001891,-0.003185,-0.003748,0.007226,-0.000797,-0.005244,0.161338,-0.016997,-0.605304,-0.026351,-2.291407,False
2023-05-22,-0.612937,-0.742126,-0.001869,-0.003044,-0.003746,0.007239,-0.000774,-0.005251,0.161338,-0.017001,-0.605236,-0.007701,-0.669676,False
2023-05-23,-0.621990,-0.742246,-0.001838,-0.002900,-0.003744,0.007252,-0.000752,-0.005258,0.161338,-0.017006,-0.605154,-0.016836,-1.463984,False
2023-05-24,-0.635729,-0.742366,-0.001798,-0.002752,-0.003741,0.007264,-0.000730,-0.005265,0.161338,-0.017010,-0.605060,-0.030669,-2.666912,False
2023-05-25,-0.629993,-0.742486,-0.001750,-0.002601,-0.003736,0.007277,-0.000708,-0.005272,0.161338,-0.017014,-0.604952,-0.025041,-2.177471,False
2023-05-26,-0.624257,-0.742605,-0.001694,-0.002446,-0.003731,0.007289,-0.000685,-0.005279,0.161338,-0.017019,-0.604832,-0.019425,-1.689104,False
2023-05-27,-0.618521,-0.742725,-0.001629,-0.002289,-0.003724,0.007301,-0.000663,-0.005286,0.161338,-0.017023,-0.604701,-0.013820,-1.201771,False
2023-05-28,-0.612785,-0.742845,-0.001557,-0.002129,-0.003716,0.007312,-0.000641,-0.005293,0.161338,-0.017027,-0.604558,-0.008227,-0.715430,False
2023-05-29,-0.607049,-0.742965,-0.001477,-0.001967,-0.003707,0.007324,-0.000619,-0.005300,0.161338,-0.017031,-0.604404,-0.002645,-0.230033,False
2023-05-30,-0.601313,-0.743085,-0.001391,-0.001802,-0.003697,0.007335,-0.000596,-0.005307,0.161338,-0.017035,-0.604239,0.002926,0.254468,False
2023-05-31,-0.595577,-0.743205,-0.001297,-0.001635,-0.003686,0.007346,-0.000574,-0.005314,0.161338,-0.017040,-0.604065,0.008488,0.738128,False
2023-06-01,-0.597129,-0.743324,-0.001198,-0.001466,-0.003674,0.007357,-0.000552,-0.005320,0.161338,-0.017044,-0.603883,0.006753,0.587254,False
2023-06-02,-0.598681,-0.743444,-0.001093,-0.001296,-0.003660,0.007368,-0.000529,-0.005327,0.161338,-0.017048,-0.603691,0.005010,0.435653,False
2023-06-03,-0.600233,-0.743564,-0.000983,-0.001124,-0.003646,0.007378,-0.000507,-0.005334,0.161338,-0.017051,-0.603492,0.003259,0.283386,False
2023-06-04,-0.601785,-0.743684,-0.000868,-0.000950,-0.003630,0.007388,-0.000485,-0.005341,0.161338,-0.017055,-0.603286,0.001501,0.130518,False
2023-06-05,-0.603337,-0.743804,-0.000749,-0.000776,-0.003614,0.007398,-0.000462,-0.005347,0.161338,-0.017059,-0.603074,-0.000263,-0.022888,False
2023-06-06,-0.604890,-0.743923,-0.000626,-0.000600,-0.003596,0.007408,-0.000440,-0.005354,0.161338,-0.017063,-0.602857,-0.002033,-0.176762,False
2023-06-07,-0.606442,-0.744043,-0.000500,-0.000424,-0.003578,0.007417,-0.000418,-0.005361,0.161338,-0.017067,-0.602635,-0.003807,-0.331035,False
2023-06-08,-0.611098,-0.744163,-0.000373,-0.000247,-0.003558,0.007427,-0.000395,-0.005368,0.161338,-0.017070,-0.602409,-0.008689,-0.755569,False
2023-06-09,-0.611098,-0.744283,-0.000243,-0.000070,-0.003537,0.007436,-0.000373,-0.005374,0.161338,-0.017074,-0.602180,-0.008918,-0.775464,False
2023-06-10,-0.611098,-0.744403,-0.000112,0.000107,-0.003515,0.007445,-0.000350,-0.005381,0.161338,-0.017078,-0.601949,-0.009149,-0.795545,False
2023-06-11,-0.611625,-0.744523,0.000019,0.000284,-0.003492,0.007454,-0.000328,-0.005387,0.161338,-0.017081,-0.601717,-0.009908,-0.861565,False
2023-06-12,-0.612152,-0.744642,0.000151,0.000460,-0.003468,0.007462,-0.000306,-0.005394,0.161338,-0.017085,-0.601484,-0.010668,-0.927624,False
2023-06-13,-0.615709,-0.744762,0.000281,0.000636,-0.003443,0.007470,-0.000283,-0.005401,0.161338,-0.017088,-0.601252,-0.014457,-1.257127,False
2023-06-14,-0.614919,-0.744882,0.000410,0.000811,-0.003417,0.007478,-0.000261,-0.005407,0.161338,-0.017092,-0.601021,-0.013898,-1.208550,False
2023-06-15,-0.614130,-0.745002,0.000538,0.000986,-0.003390,0.007486,-0.000239,-0.005414,0.161338,-0.017095,-0.600792,-0.013338,-1.159794,False
2023-06-16,-0.613340,-0.745122,0.000662,0.001159,-0.003362,0.007494,-0.000216,-0.005420,0.161338,-0.017099,-0.600566,-0.012774,-1.110789,False
2023-06-17,-0.612550,-0.745241,0.000784,0.001331,-0.003333,0.007501,-0.000194,-0.005427,0.161338,-0.017102,-0.600343,-0.012207,-1.061464,False
2023-06-18,-0.611760,-0.745361,0.000902,0.001501,-0.003303,0.007508,-0.000171,-0.005433,0.161338,-0.017105,-0.600125,-0.011635,-1.011752,False
2023-06-19,-0.610971,-0.745481,0.001015,0.001669,-0.003272,0.007515,-0.000149,-0.005440,0.161338,-0.017109,-0.599912,-0.011058,-0.961584,False
2023-06-20,-0.610181,-0.745601,0.001124,0.001836,-0.003241,0.007522,-0.000127,-0.005446,0.161338,-0.017112,-0.599706,-0.010475,-0.910896,False
2023-06-21,-0.596027,-0.745721,0.001228,0.002000,-0.003208,0.007529,-0.000104,-0.005453,0.161338,-0.017115,-0.599506,0.003479,0.302487,False
2023-06-22,-0.581873,-0.745841,0.001325,0.002162,-0.003174,0.007535,-0.000082,-0.005459,0.161338,-0.017118,-0.599313,0.017440,1.516513,False
2023-06-23,-0.587853,-0.745960,0.001417,0.002321,-0.003139,0.007541,-0.000059,-0.005465,0.161338,-0.017121,-0.599128,0.011275,0.980458,False
2023-06-24,-0.593833,-0.746080,0.001501,0.002478,-0.003103,0.007547,-0.000037,-0.005472,0.161338,-0.017125,-0.598952,0.005119,0.445159,False
2023-06-25,-0.592113,-0.746200,0.001579,0.002632,-0.003067,0.007552,-0.000014,-0.005478,0.161338,-0.017128,-0.598786,0.006672,0.580191,False
2023-06-26,-0.590394,-0.746320,0.001649,0.002782,-0.003029,0.007558,0.000008,-0.005485,0.161338,-0.017131,-0.598629,0.008235,0.716079,False
2023-06-27,-0.600826,-0.746440,0.001711,0.002929,-0.002991,0.007563,0.000030,-0.005491,0.161338,-0.017134,-0.598483,-0.002343,-0.203738,False
2023-06-28,-0.611257,-0.746559,0.001765,0.003073,-0.002951,0.007568,0.000053,-0.005497,0.161338,-0.017137,-0.598347,-0.012910,-1.122611,False
2023-06-29,-0.614629,-0.746679,0.001811,0.003213,-0.002911,0.007573,0.000075,-0.005503,0.161338,-0.017140,-0.598223,-0.016406,-1.426602,False
2023-06-30,-0.618000,-0.746799,0.001848,0.003350,-0.002870,0.007577,0.000098,-0.005510,0.161338,-0.017143,-0.598110,-0.019890,-1.729576,False
2023-07-01,-0.621372,-0.746919,0.001877,0.003482,-0.002828,0.007582,0.000120,-0.005516,0.161338,-0.017145,-0.598010,-0.023362,-2.031503,False
2023-07-02,-0.624744,-0.747039,0.001896,0.003610,-0.002785,0.007586,0.000142,-0.005522,0.161338,-0.017148,-0.597922,-0.026822,-2.332355,False
2023-07-03,-0.628115,-0.747159,0.001907,0.003734,-0.002742,0.007590,0.000165,-0.005528,0.161338,-0.017151,-0.597846,-0.030269,-2.632111,False
2023-07-04,-0.631487,-0.747278,0.001908,0.003854,-0.002697,0.007593,0.000187,-0.005535,0.161338,-0.017154,-0.597783,-0.033704,-2.930752,False
2023-07-05,-0.627211,-0.747398,0.001901,0.003969,-0.002652,0.007597,0.000210,-0.005541,0.161338,-0.017157,-0.597734,-0.029477,-2.563250,False
2023-07-06,-0.624418,-0.747518,0.001884,0.004079,-0.002606,0.007600,0.000232,-0.005547,0.161338,-0.017159,-0.597697,-0.026721,-2.323594,False
2023-07-07,-0.621626,-0.747638,0.001859,0.004184,-0.002560,0.007603,0.000254,-0.005553,0.161338,-0.017162,-0.597674,-0.023952,-2.082794,False
2023-07-08,-0.618833,-0.747758,0.001824,0.004285,-0.002512,0.007606,0.000277,-0.005559,0.161338,-0.017165,-0.597663,-0.021170,-1.840847,False
2023-07-09,-0.623318,-0.747877,0.001781,0.004380,-0.002464,0.007609,0.000299,-0.005565,0.161338,-0.017167,-0.597666,-0.025652,-2.230596,False
2023-07-10,-0.627803,-0.747997,0.001730,0.004470,-0.002415,0.007611,0.000322,-0.005571,0.161338,-0.017170,-0.597682,-0.030121,-2.619209,False
2023-07-11,-0.628281,-0.748117,0.001670,0.004555,-0.002365,0.007613,0.000344,-0.005577,0.161338,-0.017173,-0.597711,-0.030570,-2.658230,False
2023-07-12,-0.628758,-0.748237,0.001603,0.004635,-0.002315,0.007615,0.000366,-0.005583,0.161338,-0.017175,-0.597753,-0.031006,-2.696140,False
2023-07-13,-0.629236,-0.748357,0.001528,0.004709,-0.002264,0.007617,0.000389,-0.005589,0.161338,-0.017178,-0.597807,-0.031429,-2.732956,False
2023-07-14,-0.629714,-0.748477,0.001445,0.004777,-0.002212,0.007618,0.000411,-0.005595,0.161338,-0.017180,-0.597874,-0.031840,-2.768699,False
2023-07-15,-0.630191,-0.748596,0.001356,0.004840,-0.002159,0.007619,0.000433,-0.005601,0.161338,-0.017183,-0.597952,-0.032239,-2.803396,False
2023-07-16,-0.630669,-0.748716,0.001261,0.004897,-0.002106,0.007620,0.000456,-0.005607,0.161338,-0.017185,-0.598043,-0.032626,-2.837075,False
2023-07-17,-0.638153,-0.748836,0.001159,0.004948,-0.002053,0.007621,0.000478,-0.005613,0.161338,-0.017187,-0.598144,-0.040009,-3.479015,True
2023-07-18,-0.638744,-0.748956,0.001052,0.004993,-0.001998,0.007622,0.000500,-0.005619,0.161338,-0.017190,-0.598257,-0.040487,-3.520614,True
2023-07-19,-0.617540,-0.749076,0.000940,0.005033,-0.001944,0.007622,0.000523,-0.005625,0.161338,-0.017192,-0.598380,-0.019160,-1.666082,False
2023-07-20,-0.640230,-0.749195,0.000823,0.005066,-0.001888,0.007622,0.000545,-0.005631,0.161338,-0.017194,-0.598513,-0.041717,-3.627548,True
2023-07-21,-0.612786,-0.749315,0.000703,0.005094,-0.001832,0.007622,0.000567,-0.005637,0.161338,-0.017197,-0.598656,-0.014131,-1.228751,False
2023-07-22,-0.585343,-0.749435,0.000579,0.005115,-0.001776,0.007622,0.000590,-0.005642,0.161338,-0.017199,-0.598808,0.013465,1.170829,False
2023-07-23,-0.605681,-0.749555,0.000453,0.005131,-0.001719,0.007622,0.000612,-0.005648,0.161338,-0.017201,-0.598968,-0.006713,-0.583767,False
2023-07-24,-0.597883,-0.749675,0.000324,0.005140,-0.001661,0.007621,0.000634,-0.005654,0.161338,-0.017203,-0.599136,0.001253,0.108932,False
2023-07-25,-0.590085,-0.749795,0.000194,0.005143,-0.001603,0.007620,0.000657,-0.005660,0.161338,-0.017206,-0.599311,0.009226,0.802268,False
2023-07-26,-0.586905,-0.749914,0.000063,0.005140,-0.001544,0.007619,0.000679,-0.005665,0.161338,-0.017208,-0.599493,0.012588,1.094623,False
2023-07-27,-0.616408,-0.750034,-0.000069,0.005131,-0.001485,0.007617,0.000701,-0.005671,0.161338,-0.017210,-0.599681,-0.016727,-1.454490,False
2023-07-28,-0.596297,-0.750154,-0.000200,0.005116,-0.001426,0.007616,0.000723,-0.005677,0.161338,-0.017212,-0.599875,0.003578,0.311137,False
2023-07-29,-0.618687,-0.750274,-0.000330,0.005095,-0.001366,0.007614,0.000746,-0.005683,0.161338,-0.017214,-0.600074,-0.018613,-1.618551,False
2023-07-30,-0.592313,-0.750394,-0.000458,0.005068,-0.001306,0.007612,0.000768,-0.005688,0.161338,-0.017216,-0.600277,0.007964,0.692479,False
2023-07-31,-0.592156,-0.750513,-0.000585,0.005035,-0.001245,0.007610,0.000790,-0.005694,0.161338,-0.017218,-0.600483,0.008327,0.724085,False
2023-08-01,-0.586072,-0.750633,-0.000708,0.004995,-0.001184,0.007607,0.000812,-0.005699,0.161338,-0.017220,-0.600692,0.014620,1.271345,False
2023-08-02,-0.604998,-0.750753,-0.000829,0.004950,-0.001123,0.007604,0.000835,-0.005705,0.161338,-0.017222,-0.600904,-0.004094,-0.355968,False
2023-08-03,-0.589939,-0.750873,-0.000945,0.004899,-0.001061,0.007601,0.000857,-0.005711,0.161338,-0.017224,-0.601118,0.011179,0.972091,False
2023-08-04,-0.622932,-0.750993,-0.001057,0.004843,-0.000999,0.007598,0.000879,-0.005716,0.161338,-0.017226,-0.601333,-0.021599,-1.878179,False
2023-08-05,-0.605680,-0.751113,-0.001164,0.004780,-0.000937,0.007595,0.000901,-0.005722,0.161338,-0.017228,-0.601548,-0.004132,-0.359265,False
2023-08-06,-0.616660,-0.751232,-0.001265,0.004712,-0.000874,0.007591,0.000923,-0.005727,0.161338,-0.017230,-0.601764,-0.014896,-1.295302,False
2023-08-07,-0.604265,-0.751352,-0.001360,0.004638,-0.000811,0.007587,0.000945,-0.005733,0.161338,-0.017232,-0.601979,-0.002286,-0.198771,False
2023-08-08,-0.608651,-0.751472,-0.001449,0.004559,-0.000748,0.007583,0.000968,-0.005738,0.161338,-0.017234,-0.602193,-0.006458,-0.561546,False
2023-08-09,-0.608535,-0.751592,-0.001531,0.004474,-0.000685,0.007579,0.000990,-0.005744,0.161338,-0.017236,-0.602406,-0.006129,-0.532972,False
2023-08-10,-0.594874,-0.751712,-0.001606,0.004384,-0.000621,0.007575,0.001012,-0.005749,0.161338,-0.017238,-0.602616,0.007742,0.673258,False
2023-08-11,-0.622264,-0.751831,-0.001673,0.004289,-0.000557,0.007570,0.001034,-0.005755,0.161338,-0.017240,-0.602825,-0.019439,-1.690375,False
2023-08-12,-0.574100,-0.751951,-0.001732,0.004189,-0.000494,0.007565,0.001056,-0.005760,0.161338,-0.017241,-0.603030,0.028930,2.515661,False
2023-08-13,-0.593985,-0.752071,-0.001783,0.004084,-0.000430,0.007560,0.001078,-0.005765,0.161338,-0.017243,-0.603232,0.009247,0.804114,False
2023-08-14,-0.608973,-0.752191,-0.001826,0.003974,-0.000365,0.007555,0.001100,-0.005771,0.161338,-0.017245,-0.603431,-0.005542,-0.481916,False
2023-08-15,-0.620909,-0.752311,-0.001860,0.003859,-0.000301,0.007549,0.001122,-0.005776,0.161338,-0.017247,-0.603626,-0.017283,-1.502889,False
2023-08-16,-0.606189,-0.752431,-0.001885,0.003740,-0.000237,0.007543,0.001144,-0.005781,0.161338,-0.017248,-0.603816,-0.002373,-0.206310,False
2023-08-17,-0.610349,-0.752550,-0.001901,0.003616,-0.000172,0.007537,0.001166,-0.005787,0.161338,-0.017250,-0.604003,-0.006347,-0.551893,False
2023-08-18,-0.614510,-0.752670,-0.001908,0.003488,-0.000108,0.007531,0.001188,-0.005792,0.161338,-0.017252,-0.604184,-0.010326,-0.897876,False
2023-08-19,-0.618671,-0.752790,-0.001906,0.003356,-0.000043,0.007525,0.001210,-0.005797,0.161338,-0.017254,-0.604361,-0.014309,-1.244270,False
2023-08-20,-0.622831,-0.752910,-0.001895,0.003220,0.000021,0.007518,0.001232,-0.005802,0.161338,-0.017255,-0.604533,-0.018298,-1.591089,False
2023-08-21,-0.626991,-0.753030,-0.001876,0.003080,0.000086,0.007511,0.001254,-0.005808,0.161338,-0.017257,-0.604701,-0.022291,-1.938340,False
2023-08-22,-0.631152,-0.753149,-0.001847,0.002936,0.000150,0.007504,0.001276,-0.005813,0.161338,-0.017258,-0.604863,-0.026289,-2.286027,False
2023-08-23,-0.635312,-0.753269,-0.001809,0.002789,0.000215,0.007497,0.001298,-0.005818,0.161338,-0.017260,-0.605020,-0.030293,-2.634152,False
2023-08-24,-0.639473,-0.753389,-0.001763,0.002639,0.000279,0.007489,0.001320,-0.005823,0.161338,-0.017262,-0.605172,-0.034301,-2.982713,False
2023-08-25,-0.647855,-0.753509,-0.001709,0.002485,0.000343,0.007481,0.001342,-0.005828,0.161338,-0.017263,-0.605319,-0.042536,-3.698790,True
2023-08-26,-0.593489,-0.753629,-0.001646,0.002329,0.000407,0.007474,0.001364,-0.005833,0.161338,-0.017265,-0.605461,0.011972,1.041058,False
2023-08-27,-0.603174,-0.753749,-0.001576,0.002169,0.000472,0.007465,0.001385,-0.005838,0.161338,-0.017266,-0.605599,0.002425,0.210843,False
2023-08-28,-0.612859,-0.753868,-0.001498,0.002008,0.000535,0.007457,0.001407,-0.005844,0.161338,-0.017268,-0.605732,-0.007127,-0.619769,False
2023-08-29,-0.609442,-0.753988,-0.001413,0.001843,0.000599,0.007448,0.001429,-0.005849,0.161338,-0.017269,-0.605860,-0.003582,-0.311499,False
2023-08-30,-0.606026,-0.754108,-0.001321,0.001677,0.000663,0.007440,0.001451,-0.005854,0.161338,-0.017271,-0.605985,-0.000041,-0.003589,False
2023-08-31,-0.607101,-0.754228,-0.001223,0.001509,0.000726,0.007430,0.001473,-0.005859,0.161338,-0.017272,-0.606105,-0.000996,-0.086581,False
2023-09-01,-0.602801,-0.754348,-0.001120,0.001339,0.000789,0.007421,0.001494,-0.005864,0.161338,-0.017274,-0.606222,0.003421,0.297505,False
2023-09-02,-0.602940,-0.754467,-0.001011,0.001167,0.000852,0.007412,0.001516,-0.005869,0.161338,-0.017275,-0.606336,0.003396,0.295305,False
2023-09-03,-0.597262,-0.754587,-0.000897,0.000994,0.000915,0.007402,0.001538,-0.005873,0.161338,-0.017276,-0.606447,0.009185,0.798674,False
2023-09-04,-0.620146,-0.754707,-0.000779,0.000819,0.000977,0.007392,0.001560,-0.005878,0.161338,-0.017278,-0.606555,-0.013591,-1.181835,False
2023-09-05,-0.592035,-0.754827,-0.000657,0.000644,0.001040,0.007382,0.001581,-0.005883,0.161338,-0.017279,-0.606661,0.014626,1.271810,False
2023-09-06,-0.590022,-0.754947,-0.000532,0.000468,0.001101,0.007372,0.001603,-0.005888,0.161338,-0.017281,-0.606765,0.016743,1.455902,False
2023-09-07,-0.599129,-0.755067,-0.000405,0.000292,0.001163,0.007361,0.001625,-0.005893,0.161338,-0.017282,-0.606868,0.007739,0.672913,False
2023-09-08,-0.598026,-0.755186,-0.000275,0.000115,0.001224,0.007350,0.001646,-0.005898,0.161338,-0.017283,-0.606969,0.008943,0.777661,False
2023-09-09,-0.608576,-0.755306,-0.000145,-0.000062,0.001285,0.007340,0.001668,-0.005903,0.161338,-0.017285,-0.607070,-0.001506,-0.130949,False
2023-09-10,-0.616200,-0.755426,-0.000014,-0.000239,0.001345,0.007328,0.001689,-0.005908,0.161338,-0.017286,-0.607171,-0.009029,-0.785139,False
2023-09-11,-0.615632,-0.755546,0.000118,-0.000416,0.001405,0.007317,0.001711,-0.005912,0.161338,-0.017287,-0.607272,-0.008360,-0.726960,False
2023-09-12,-0.594857,-0.755666,0.000249,-0.000592,0.001465,0.007305,0.001732,-0.005917,0.161338,-0.017288,-0.607374,0.012517,1.088408,False
2023-09-13,-0.613332,-0.755785,0.000378,-0.000768,0.001524,0.007294,0.001754,-0.005922,0.161338,-0.017290,-0.607477,-0.005855,-0.509170,False
2023-09-14,-0.602938,-0.755905,0.000506,-0.000942,0.001583,0.007282,0.001775,-0.005926,0.161338,-0.017291,-0.607581,0.004643,0.403733,False
2023-09-15,-0.618745,-0.756025,0.000631,-0.001116,0.001641,0.007269,0.001797,-0.005931,0.161338,-0.017292,-0.607687,-0.011058,-0.961543,False
2023-09-16,-0.600659,-0.756145,0.000754,-0.001288,0.001699,0.007257,0.001818,-0.005936,0.161338,-0.017293,-0.607796,0.007137,0.620604,False
2023-09-17,-0.619012,-0.756265,0.000873,-0.001459,0.001756,0.007244,0.001840,-0.005940,0.161338,-0.017295,-0.607907,-0.011105,-0.965619,False
2023-09-18,-0.613953,-0.756385,0.000987,-0.001627,0.001813,0.007231,0.001861,-0.005945,0.161338,-0.017296,-0.608022,-0.005931,-0.515744,False
2023-09-19,-0.601363,-0.756504,0.001098,-0.001794,0.001869,0.007218,0.001882,-0.005950,0.161338,-0.017297,-0.608140,0.006777,0.589304,False
2023-09-20,-0.617261,-0.756624,0.001202,-0.001959,0.001925,0.007205,0.001904,-0.005954,0.161338,-0.017298,-0.608262,-0.008999,-0.782532,False
2023-09-21,-0.622124,-0.756744,0.001302,-0.002122,0.001980,0.007192,0.001925,-0.005959,0.161338,-0.017299,-0.608388,-0.013736,-1.194443,False
2023-09-22,-0.621867,-0.756864,0.001394,-0.002282,0.002034,0.007178,0.001946,-0.005963,0.161338,-0.017301,-0.608518,-0.013349,-1.160751,False
2023-09-23,-0.617492,-0.756984,0.001481,-0.002439,0.002088,0.007164,0.001968,-0.005968,0.161338,-0.017302,-0.608654,-0.008838,-0.768562,False
2023-09-24,-0.623677,-0.757103,0.001560,-0.002594,0.002141,0.007150,0.001989,-0.005972,0.161338,-0.017303,-0.608794,-0.014883,-1.294203,False
2023-09-25,-0.614116,-0.757223,0.001632,-0.002745,0.002194,0.007136,0.002010,-0.005977,0.161338,-0.017304,-0.608939,-0.005177,-0.450180,False
2023-09-26,-0.604962,-0.757343,0.001696,-0.002893,0.002246,0.007121,0.002031,-0.005981,0.161338,-0.017305,-0.609090,0.004128,0.358916,False
2023-09-27,-0.608999,-0.757463,0.001753,-0.003038,0.002297,0.007106,0.002052,-0.005986,0.161338,-0.017306,-0.609246,0.000247,0.021445,False
2023-09-28,-0.613036,-0.757583,0.001800,-0.003179,0.002348,0.007091,0.002074,-0.005990,0.161338,-0.017307,-0.609407,-0.003629,-0.315541,False
2023-09-29,-0.630841,-0.757703,0.001840,-0.003316,0.002398,0.007076,0.002095,-0.005995,0.161338,-0.017308,-0.609575,-0.021266,-1.849251,False
2023-09-30,-0.624822,-0.757822,0.001870,-0.003449,0.002447,0.007061,0.002116,-0.005999,0.161338,-0.017309,-0.609748,-0.015074,-1.310814,False
2023-10-01,-0.620742,-0.757942,0.001892,-0.003579,0.002496,0.007045,0.002137,-0.006003,0.161338,-0.017310,-0.609926,-0.010816,-0.940490,False
2023-10-02,-0.613112,-0.758062,0.001905,-0.003704,0.002543,0.007030,0.002158,-0.006008,0.161338,-0.017311,-0.610111,-0.003001,-0.260978,False
2023-10-03,-0.599899,-0.758182,0.001909,-0.003824,0.002590,0.007014,0.002179,-0.006012,0.161338,-0.017312,-0.610301,0.010402,0.904499,False
2023-10-04,-0.619914,-0.758302,0.001903,-0.003940,0.002637,0.006997,0.002200,-0.006016,0.161338,-0.017313,-0.610496,-0.009418,-0.818939,False
2023-10-05,-0.623252,-0.758421,0.001889,-0.004052,0.002682,0.006981,0.002221,-0.006021,0.161338,-0.017314,-0.610697,-0.012555,-1.091740,False
2023-10-06,-0.627609,-0.758541,0.001866,-0.004158,0.002727,0.006965,0.002242,-0.006025,0.161338,-0.017315,-0.610903,-0.016706,-1.452702,False
2023-10-07,-0.625981,-0.758661,0.001834,-0.004260,0.002771,0.006948,0.002262,-0.006029,0.161338,-0.017316,-0.611114,-0.014867,-1.292801,False
2023-10-08,-0.624321,-0.758781,0.001793,-0.004357,0.002814,0.006931,0.002283,-0.006033,0.161338,-0.017317,-0.611329,-0.012992,-1.129713,False
2023-10-09,-0.617806,-0.758901,0.001744,-0.004448,0.002856,0.006914,0.002304,-0.006037,0.161338,-0.017318,-0.611549,-0.006257,-0.544070,False
2023-10-10,-0.621321,-0.759021,0.001686,-0.004535,0.002897,0.006896,0.002325,-0.006042,0.161338,-0.017319,-0.611773,-0.009548,-0.830251,False
2023-10-11,-0.626066,-0.759140,0.001621,-0.004615,0.002938,0.006879,0.002346,-0.006046,0.161338,-0.017320,-0.612001,-0.014065,-1.223069,False
2023-10-12,-0.612616,-0.759260,0.001547,-0.004691,0.002977,0.006861,0.002366,-0.006050,0.161338,-0.017321,-0.612232,-0.000384,-0.033428,False
2023-10-13,-0.621400,-0.759380,0.001467,-0.004761,0.003016,0.006843,0.002387,-0.006054,0.161338,-0.017322,-0.612465,-0.008935,-0.776930,False
2023-10-14,-0.622664,-0.759500,0.001379,-0.004825,0.003054,0.006825,0.002408,-0.006058,0.161338,-0.017323,-0.612701,-0.009963,-0.866310,False
2023-10-15,-0.624291,-0.759620,0.001285,-0.004883,0.003091,0.006806,0.002428,-0.006062,0.161338,-0.017324,-0.612939,-0.011352,-0.987088,False
2023-10-16,-0.632379,-0.759739,0.001185,-0.004936,0.003127,0.006788,0.002449,-0.006066,0.161338,-0.017324,-0.613179,-0.019200,-1.669569,False
2023-10-17,-0.614465,-0.759859,0.001079,-0.004983,0.003162,0.006769,0.002469,-0.006070,0.161338,-0.017325,-0.613419,-0.001046,-0.090930,False
2023-10-18,-0.623439,-0.759979,0.000968,-0.005024,0.003196,0.006750,0.002490,-0.006074,0.161338,-0.017326,-0.613660,-0.009779,-0.850347,False
2023-10-19,-0.617982,-0.760099,0.000853,-0.005059,0.003229,0.006731,0.002510,-0.006078,0.161338,-0.017327,-0.613900,-0.004082,-0.354914,False
2023-10-20,-0.610438,-0.760219,0.000733,-0.005088,0.003262,0.006712,0.002531,-0.006082,0.161338,-0.017328,-0.614140,0.003702,0.321928,False
2023-10-21,-0.615137,-0.760339,0.000610,-0.005110,0.003293,0.006692,0.002551,-0.006086,0.161338,-0.017329,-0.614378,-0.000759,-0.065960,False
2023-10-22,-0.619429,-0.760458,0.000485,-0.005127,0.003323,0.006672,0.002572,-0.006090,0.161338,-0.017330,-0.614615,-0.004814,-0.418630,False
2023-10-23,-0.613256,-0.760578,0.000356,-0.005138,0.003353,0.006653,0.002592,-0.006094,0.161338,-0.017330,-0.614848,0.001592,0.138475,False
2023-10-24,-0.619470,-0.760698,0.000227,-0.005143,0.003381,0.006632,0.002612,-0.006098,0.161338,-0.017331,-0.615079,-0.004391,-0.381831,False
2023-10-25,-0.610755,-0.760818,0.000096,-0.005141,0.003408,0.006612,0.002633,-0.006101,0.161338,-0.017332,-0.615306,0.004551,0.395705,False
2023-10-26,-0.624241,-0.760938,-0.000036,-0.005134,0.003435,0.006592,0.002653,-0.006105,0.161338,-0.017333,-0.615528,-0.008713,-0.757666,False
2023-10-27,-0.621132,-0.761057,-0.000167,-0.005120,0.003460,0.006571,0.002673,-0.006109,0.161338,-0.017333,-0.615745,-0.005387,-0.468433,False
2023-10-28,-0.622234,-0.761177,-0.000297,-0.005101,0.003484,0.006550,0.002693,-0.006113,0.161338,-0.017334,-0.615957,-0.006277,-0.545863,False
2023-10-29,-0.611297,-0.761297,-0.000426,-0.005075,0.003507,0.006529,0.002714,-0.006117,0.161338,-0.017335,-0.616162,0.004865,0.423034,False
2023-10-30,-0.617218,-0.761417,-0.000553,-0.005043,0.003530,0.006508,0.002734,-0.006120,0.161338,-0.017336,-0.616360,-0.000858,-0.074573,False
2023-10-31,-0.622939,-0.761537,-0.000678,-0.005006,0.003551,0.006486,0.002754,-0.006124,0.161338,-0.017336,-0.616552,-0.006387,-0.555429,False
2023-11-01,-0.620194,-0.761656,-0.000799,-0.004962,0.003571,0.006465,0.002774,-0.006128,0.161338,-0.017337,-0.616735,-0.003459,-0.300798,False
2023-11-02,-0.631122,-0.761776,-0.000916,-0.004913,0.003590,0.006443,0.002794,-0.006131,0.161338,-0.017338,-0.616910,-0.014212,-1.235855,False
2023-11-03,-0.630861,-0.761896,-0.001029,-0.004857,0.003608,0.006421,0.002814,-0.006135,0.161338,-0.017339,-0.617076,-0.013785,-1.198730,False
2023-11-04,-0.622703,-0.762016,-0.001137,-0.004796,0.003625,0.006399,0.002834,-0.006139,0.161338,-0.017339,-0.617232,-0.005471,-0.475725,False
2023-11-05,-0.619279,-0.762136,-0.001240,-0.004730,0.003641,0.006376,0.002854,-0.006142,0.161338,-0.017340,-0.617379,-0.001900,-0.165224,False
2023-11-06,-0.612689,-0.762256,-0.001337,-0.004657,0.003656,0.006354,0.002873,-0.006146,0.161338,-0.017341,-0.617515,0.004826,0.419692,False
2023-11-07,-0.619459,-0.762375,-0.001428,-0.004579,0.003669,0.006331,0.002893,-0.006149,0.161338,-0.017341,-0.617641,-0.001818,-0.158050,False
2023-11-08,-0.621410,-0.762495,-0.001511,-0.004496,0.003682,0.006308,0.002913,-0.006153,0.161338,-0.017342,-0.617756,-0.003654,-0.317699,False
2023-11-09,-0.631004,-0.762615,-0.001588,-0.004407,0.003693,0.006285,0.002933,-0.006156,0.161338,-0.017343,-0.617860,-0.013144,-1.142930,False
2023-11-10,-0.623007,-0.762735,-0.001657,-0.004314,0.003704,0.006262,0.002953,-0.006160,0.161338,-0.017343,-0.617953,-0.005054,-0.439507,False
2023-11-11,-0.635963,-0.762855,-0.001718,-0.004215,0.003713,0.006238,0.002972,-0.006163,0.161338,-0.017344,-0.618033,-0.017930,-1.559099,False
2023-11-12,-0.635350,-0.762974,-0.001771,-0.004111,0.003721,0.006215,0.002992,-0.006167,0.161338,-0.017345,-0.618102,-0.017248,-1.499808,False
2023-11-13,-0.639919,-0.763094,-0.001816,-0.004002,0.003728,0.006191,0.003011,-0.006170,0.161338,-0.017345,-0.618159,-0.021760,-1.892167,False
2023-11-14,-0.633809,-0.763214,-0.001852,-0.003888,0.003734,0.006167,0.003031,-0.006174,0.161338,-0.017346,-0.618204,-0.015605,-1.356966,False
2023-11-15,-0.634389,-0.763334,-0.001880,-0.003770,0.003739,0.006142,0.003051,-0.006177,0.161338,-0.017347,-0.618237,-0.016152,-1.404555,False
2023-11-16,-0.639291,-0.763454,-0.001898,-0.003647,0.003743,0.006118,0.003070,-0.006180,0.161338,-0.017347,-0.618257,-0.021034,-1.829021,False
2023-11-17,-0.637640,-0.763574,-0.001907,-0.003520,0.003746,0.006094,0.003089,-0.006184,0.161338,-0.017348,-0.618266,-0.019374,-1.684706,False
2023-11-18,-0.621845,-0.763693,-0.001908,-0.003389,0.003747,0.006069,0.003109,-0.006187,0.161338,-0.017349,-0.618263,-0.003582,-0.311514,False
2023-11-19,-0.625724,-0.763813,-0.001899,-0.003254,0.003748,0.006044,0.003128,-0.006190,0.161338,-0.017349,-0.618248,-0.007476,-0.650127,False
2023-11-20,-0.622255,-0.763933,-0.001881,-0.003115,0.003747,0.006019,0.003147,-0.006194,0.161338,-0.017350,-0.618221,-0.004034,-0.350789,False
2023-11-21,-0.620964,-0.764053,-0.001855,-0.002972,0.003745,0.005994,0.003167,-0.006197,0.161338,-0.017350,-0.618183,-0.002781,-0.241825,False
2023-11-22,-0.617477,-0.764173,-0.001819,-0.002826,0.003743,0.005968,0.003186,-0.006200,0.161338,-0.017351,-0.618134,0.000657,0.057137,False
2023-11-23,-0.614069,-0.764292,-0.001775,-0.002677,0.003739,0.005943,0.003205,-0.006203,0.161338,-0.017351,-0.618074,0.004005,0.348301,False
2023-11-24,-0.630735,-0.764412,-0.001723,-0.002524,0.003734,0.005917,0.003224,-0.006206,0.161338,-0.017352,-0.618005,-0.012730,-1.106996,False
2023-11-25,-0.616254,-0.764532,-0.001662,-0.002368,0.003727,0.005891,0.003243,-0.006210,0.161338,-0.017353,-0.617925,0.001671,0.145285,False
2023-11-26,-0.620074,-0.764652,-0.001594,-0.002209,0.003720,0.005865,0.003262,-0.006213,0.161338,-0.017353,-0.617836,-0.002238,-0.194643,False
2023-11-27,-0.620240,-0.764772,-0.001518,-0.002048,0.003712,0.005839,0.003281,-0.006216,0.161338,-0.017354,-0.617738,-0.002502,-0.217605,False
2023-11-28,-0.607424,-0.764892,-0.001435,-0.001885,0.003702,0.005812,0.003300,-0.006219,0.161338,-0.017354,-0.617631,0.010207,0.887579,False
2023-11-29,-0.620091,-0.765011,-0.001345,-0.001719,0.003692,0.005785,0.003319,-0.006222,0.161338,-0.017355,-0.617517,-0.002574,-0.223825,False
2023-11-30,-0.612372,-0.765131,-0.001248,-0.001551,0.003680,0.005759,0.003338,-0.006225,0.161338,-0.017355,-0.617396,0.005024,0.436846,False
2023-12-01,-0.618664,-0.765251,-0.001146,-0.001381,0.003667,0.005732,0.003357,-0.006228,0.161338,-0.017356,-0.617268,-0.001396,-0.121394,False
2023-12-02,-0.614526,-0.765371,-0.001038,-0.001210,0.003653,0.005705,0.003376,-0.006231,0.161338,-0.017356,-0.617134,0.002608,0.226818,False
2023-12-03,-0.619434,-0.765491,-0.000926,-0.001037,0.003638,0.005677,0.003395,-0.006234,0.161338,-0.017357,-0.616996,-0.002438,-0.212022,False
2023-12-04,-0.606346,-0.765610,-0.000809,-0.000863,0.003622,0.005650,0.003413,-0.006237,0.161338,-0.017357,-0.616853,0.010507,0.913630,False
2023-12-05,-0.614739,-0.765730,-0.000688,-0.000688,0.003605,0.005622,0.003432,-0.006240,0.161338,-0.017358,-0.616706,0.001967,0.171055,False
2023-12-06,-0.614171,-0.765850,-0.000564,-0.000512,0.003587,0.005595,0.003451,-0.006243,0.161338,-0.017358,-0.616557,0.002386,0.207452,False
2023-12-07,-0.597481,-0.765970,-0.000437,-0.000336,0.003568,0.005567,0.003469,-0.006246,0.161338,-0.017359,-0.616405,0.018924,1.645585,False
2023-12-08,-0.610627,-0.766090,-0.000308,-0.000159,0.003548,0.005539,0.003488,-0.006249,0.161338,-0.017359,-0.616253,0.005626,0.489176,False
2023-12-09,-0.610917,-0.766210,-0.000178,0.000018,0.003526,0.005510,0.003506,-0.006252,0.161338,-0.017360,-0.616099,0.005182,0.450643,False
2023-12-10,-0.616011,-0.766329,-0.000046,0.000195,0.003504,0.005482,0.003525,-0.006254,0.161338,-0.017360,-0.615947,-0.000064,-0.005593,False
2023-12-11,-0.602389,-0.766449,0.000085,0.000372,0.003480,0.005453,0.003543,-0.006257,0.161338,-0.017361,-0.615795,0.013406,1.165756,False
2023-12-12,-0.613284,-0.766569,0.000216,0.000548,0.003456,0.005425,0.003561,-0.006260,0.161338,-0.017361,-0.615646,0.002362,0.205370,False
2023-12-13,-0.599412,-0.766689,0.000346,0.000724,0.003430,0.005396,0.003580,-0.006263,0.161338,-0.017362,-0.615499,0.016087,1.398886,False
2023-12-14,-0.609628,-0.766809,0.000474,0.000899,0.003404,0.005367,0.003598,-0.006266,0.161338,-0.017362,-0.615356,0.005728,0.498114,False
2023-12-15,-0.621260,-0.766928,0.000600,0.001073,0.003377,0.005337,0.003616,-0.006268,0.161338,-0.017363,-0.615218,-0.006042,-0.525397,False
2023-12-16,-0.614039,-0.767048,0.000724,0.001245,0.003348,0.005308,0.003634,-0.006271,0.161338,-0.017363,-0.615085,0.001046,0.090943,False
2023-12-17,-0.615872,-0.767168,0.000843,0.001416,0.003319,0.005279,0.003652,-0.006274,0.161338,-0.017363,-0.614958,-0.000914,-0.079493,False
2023-12-18,-0.609077,-0.767288,0.000959,0.001585,0.003288,0.005249,0.003670,-0.006276,0.161338,-0.017364,-0.614838,0.005761,0.500926,False
2023-12-19,-0.624889,-0.767408,0.001070,0.001753,0.003257,0.005219,0.003688,-0.006279,0.161338,-0.017364,-0.614725,-0.010164,-0.883823,False
2023-12-20,-0.598859,-0.767528,0.001177,0.001918,0.003224,0.005189,0.003706,-0.006281,0.161338,-0.017365,-0.614621,0.015762,1.370584,False
2023-12-21,-0.609394,-0.767647,0.001277,0.002081,0.003191,0.005159,0.003724,-0.006284,0.161338,-0.017365,-0.614525,0.005131,0.446206,False
2023-12-22,-0.621452,-0.767767,0.001372,0.002242,0.003157,0.005129,0.003742,-0.006287,0.161338,-0.017366,-0.614440,-0.007012,-0.609768,False
2023-12-23,-0.616689,-0.767887,0.001460,0.002400,0.003121,0.005098,0.003760,-0.006289,0.161338,-0.017366,-0.614364,-0.002325,-0.202154,False
2023-12-24,-0.614871,-0.768007,0.001541,0.002555,0.003085,0.005068,0.003778,-0.006292,0.161338,-0.017366,-0.614300,-0.000571,-0.049683,False
2023-12-25,-0.614214,-0.768127,0.001615,0.002707,0.003048,0.005037,0.003796,-0.006294,0.161338,-0.017367,-0.614246,0.000032,0.002824,False
2023-12-26,-0.606965,-0.768246,0.001681,0.002856,0.003010,0.005006,0.003813,-0.006297,0.161338,-0.017367,-0.614205,0.007240,0.629586,False
2023-12-27,-0.601776,-0.768366,0.001739,0.003002,0.002971,0.004975,0.003831,-0.006299,0.161338,-0.017368,-0.614176,0.012400,1.078297,False
2023-12-28,-0.608277,-0.768486,0.001789,0.003144,0.002931,0.004944,0.003848,-0.006302,0.161338,-0.017368,-0.614160,0.005883,0.511604,False
2023-12-29,-0.619315,-0.768606,0.001831,0.003282,0.002891,0.004913,0.003866,-0.006304,0.161338,-0.017368,-0.614158,-0.005157,-0.448459,False
2023-12-30,-0.611901,-0.768726,0.001864,0.003416,0.002849,0.004881,0.003883,-0.006306,0.161338,-0.017369,-0.614169,0.002268,0.197181,False
2023-12-31,-0.602092,-0.768846,0.001888,0.003547,0.002807,0.004850,0.003901,-0.006309,0.161338,-0.017369,-0.614193,0.012101,1.052289,False
2024-01-01,-0.603350,-0.768965,0.001903,0.003673,0.002764,0.004818,0.003918,-0.006311,0.161338,-0.017370,-0.614232,0.010882,0.946280,False
2024-01-02,-0.596643,-0.769085,0.001909,0.003794,0.002720,0.004786,0.003935,-0.006313,0.161338,-0.017370,-0.614285,0.017642,1.534114,False
2024-01-03,-0.588970,-0.769204,0.001906,0.003911,0.002675,0.004755,0.003953,-0.006316,0.161338,-0.017370,-0.614353,0.025383,2.207202,False
2024-01-04,-0.604814,-0.769324,0.001894,0.004023,0.002630,0.004722,0.003970,-0.006318,0.161338,-0.017371,-0.614435,0.009621,0.836599,False
2024-01-05,-0.607436,-0.769443,0.001873,0.004131,0.002584,0.004690,0.003987,-0.006320,0.161338,-0.017371,-0.614532,0.007096,0.617004,False
2024-01-06,-0.607952,-0.769563,0.001843,0.004234,0.002537,0.004658,0.004004,-0.006322,0.161338,-0.017371,-0.614643,0.006691,0.581811,False
2024-01-07,-0.586319,-0.769682,0.001805,0.004332,0.002489,0.004626,0.004021,-0.006325,0.161338,-0.017372,-0.614769,0.028450,2.473887,False
2024-01-08,-0.592973,-0.769802,0.001758,0.004424,0.002440,0.004593,0.004038,-0.006327,0.161338,-0.017372,-0.614909,0.021936,1.907485,False
2024-01-09,-0.596356,-0.769921,0.001703,0.004512,0.002391,0.004560,0.004055,-0.006329,0.161338,-0.017372,-0.615064,0.018708,1.626767,False
2024-01-10,-0.588273,-0.770041,0.001639,0.004594,0.002341,0.004527,0.004072,-0.006331,0.161338,-0.017373,-0.615233,0.026960,2.344329,False
2024-01-11,-0.611119,-0.770160,0.001568,0.004670,0.002291,0.004495,0.004088,-0.006333,0.161338,-0.017373,-0.615416,0.004297,0.373628,False
2024-01-12,-0.627389,-0.770280,0.001490,0.004742,0.002239,0.004461,0.004105,-0.006335,0.161338,-0.017373,-0.615612,-0.011777,-1.024052,False
2024-01-13,-0.609707,-0.770399,0.001405,0.004807,0.002187,0.004428,0.004122,-0.006337,0.161338,-0.017374,-0.615823,0.006116,0.531783,False
2024-01-14,-0.603807,-0.770519,0.001313,0.004867,0.002135,0.004395,0.004139,-0.006339,0.161338,-0.017374,-0.616046,0.012239,1.064234,False
2024-01-15,-0.610790,-0.770638,0.001214,0.004921,0.002082,0.004361,0.004155,-0.006341,0.161338,-0.017374,-0.616282,0.005492,0.477530,False
2024-01-16,-0.604651,-0.770758,0.001111,0.004970,0.002028,0.004328,0.004172,-0.006343,0.161338,-0.017375,-0.616530,0.011879,1.032938,False
2024-01-17,-0.605711,-0.770877,0.001001,0.005012,0.001974,0.004294,0.004188,-0.006345,0.161338,-0.017375,-0.616790,0.011079,0.963376,False
2024-01-18,-0.618377,-0.770997,0.000888,0.005049,0.001919,0.004260,0.004204,-0.006347,0.161338,-0.017375,-0.617061,-0.001316,-0.114416,False
2024-01-19,-0.611217,-0.771116,0.000770,0.005079,0.001863,0.004226,0.004221,-0.006349,0.161338,-0.017376,-0.617343,0.006126,0.532736,False
2024-01-20,-0.618754,-0.771236,0.000648,0.005104,0.001807,0.004192,0.004237,-0.006351,0.161338,-0.017376,-0.617636,-0.001118,-0.097214,False
2024-01-21,-0.604470,-0.771355,0.000523,0.005123,0.001750,0.004158,0.004253,-0.006353,0.161338,-0.017376,-0.617938,0.013468,1.171161,False
2024-01-22,-0.631512,-0.771475,0.000396,0.005135,0.001693,0.004124,0.004270,-0.006355,0.161338,-0.017376,-0.618250,-0.013262,-1.153231,False
2024-01-23,-0.616931,-0.771594,0.000267,0.005142,0.001635,0.004089,0.004286,-0.006357,0.161338,-0.017377,-0.618570,0.001639,0.142513,False
2024-01-24,-0.627146,-0.771714,0.000137,0.005143,0.001577,0.004055,0.004302,-0.006359,0.161338,-0.017377,-0.618898,-0.008248,-0.717226,False
2024-01-25,-0.619236,-0.771833,0.000006,0.005137,0.001519,0.004020,0.004318,-0.006360,0.161338,-0.017377,-0.619233,-0.000003,-0.000242,False
2024-01-26,-0.613422,-0.771953,-0.000125,0.005125,0.001460,0.003985,0.004334,-0.006362,0.161338,-0.017378,-0.619575,0.006153,0.535063,False
2024-01-27,-0.631993,-0.772072,-0.000256,0.005108,0.001400,0.003950,0.004350,-0.006364,0.161338,-0.017378,-0.619923,-0.012070,-1.049544,False
2024-01-28,-0.623670,-0.772192,-0.000385,0.005084,0.001340,0.003915,0.004366,-0.006366,0.161338,-0.017378,-0.620277,-0.003393,-0.295074,False
2024-01-29,-0.613278,-0.772311,-0.000512,0.005054,0.001280,0.003880,0.004381,-0.006367,0.161338,-0.017378,-0.620635,0.007357,0.639719,False
2024-01-30,-0.623059,-0.772431,-0.000637,0.005019,0.001219,0.003845,0.004397,-0.006369,0.161338,-0.017379,-0.620997,-0.002062,-0.179309,False
2024-01-31,-0.618608,-0.772550,-0.000759,0.004977,0.001158,0.003809,0.004413,-0.006371,0.161338,-0.017379,-0.621363,0.002755,0.239525,False
2024-02-01,-0.625988,-0.772670,-0.000877,0.004930,0.001097,0.003774,0.004428,-0.006372,0.161338,-0.017379,-0.621731,-0.004257,-0.370182,False
2024-02-02,-0.627784,-0.772789,-0.000992,0.004877,0.001035,0.003738,0.004444,-0.006374,0.161338,-0.017379,-0.622101,-0.005683,-0.494137,False
2024-02-03,-0.639503,-0.772909,-0.001101,0.004818,0.000973,0.003703,0.004460,-0.006376,0.161338,-0.017380,-0.622473,-0.017030,-1.480831,False
2024-02-04,-0.619755,-0.773028,-0.001206,0.004753,0.000911,0.003667,0.004475,-0.006377,0.161338,-0.017380,-0.622846,0.003091,0.268816,False
2024-02-05,-0.651063,-0.773148,-0.001304,0.004683,0.000849,0.003631,0.004490,-0.006379,0.161338,-0.017380,-0.623220,-0.027843,-2.421160,False
2024-02-06,-0.621355,-0.773267,-0.001397,0.004607,0.000786,0.003595,0.004506,-0.006380,0.161338,-0.017380,-0.623593,0.002238,0.194581,False
2024-02-07,-0.608538,-0.773387,-0.001483,0.004526,0.000723,0.003559,0.004521,-0.006382,0.161338,-0.017381,-0.623965,0.015427,1.341472,False
2024-02-08,-0.638283,-0.773506,-0.001562,0.004439,0.000660,0.003523,0.004536,-0.006383,0.161338,-0.017381,-0.624336,-0.013947,-1.212794,False
2024-02-09,-0.630665,-0.773626,-0.001633,0.004348,0.000596,0.003486,0.004551,-0.006385,0.161338,-0.017381,-0.624705,-0.005960,-0.518261,False
2024-02-10,-0.644222,-0.773745,-0.001697,0.004251,0.000532,0.003450,0.004566,-0.006386,0.161338,-0.017381,-0.625072,-0.019150,-1.665228,False
2024-02-11,-0.630108,-0.773864,-0.001753,0.004149,0.000469,0.003413,0.004582,-0.006387,0.161338,-0.017382,-0.625436,-0.004672,-0.406256,False
2024-02-12,-0.625957,-0.773984,-0.001801,0.004042,0.000405,0.003377,0.004596,-0.006389,0.161338,-0.017382,-0.625797,-0.000160,-0.013902,False
2024-02-13,-0.603973,-0.774103,-0.001840,0.003931,0.000341,0.003340,0.004611,-0.006390,0.161338,-0.017382,-0.626155,0.022182,1.928846,False
2024-02-14,-0.627952,-0.774223,-0.001870,0.003814,0.000277,0.003303,0.004626,-0.006392,0.161338,-0.017382,-0.626509,-0.001443,-0.125520,False
2024-02-15,-0.617460,-0.774342,-0.001892,0.003694,0.000212,0.003266,0.004641,-0.006393,0.161338,-0.017383,-0.626858,0.009398,0.817235,False
2024-02-16,-0.644109,-0.774462,-0.001905,0.003569,0.000148,0.003229,0.004656,-0.006394,0.161338,-0.017383,-0.627204,-0.016905,-1.470042,False
2024-02-17,-0.618442,-0.774581,-0.001909,0.003439,0.000084,0.003192,0.004670,-0.006395,0.161338,-0.017383,-0.627544,0.009102,0.791498,False
2024-02-18,-0.626831,-0.774701,-0.001903,0.003306,0.000020,0.003155,0.004685,-0.006397,0.161338,-0.017383,-0.627880,0.001049,0.091230,False
2024-02-19,-0.613753,-0.774820,-0.001889,0.003169,-0.000045,0.003118,0.004700,-0.006398,0.161338,-0.017383,-0.628211,0.014458,1.257228,False
2024-02-20,-0.622898,-0.774940,-0.001866,0.003028,-0.000109,0.003080,0.004714,-0.006399,0.161338,-0.017384,-0.628537,0.005639,0.490352,False
2024-02-21,-0.630158,-0.775059,-0.001834,0.002883,-0.000173,0.003043,0.004729,-0.006400,0.161338,-0.017384,-0.628858,-0.001300,-0.113058,False
2024-02-22,-0.634335,-0.775179,-0.001794,0.002736,-0.000238,0.003005,0.004743,-0.006402,0.161338,-0.017384,-0.629173,-0.005162,-0.448830,False
2024-02-23,-0.642023,-0.775298,-0.001745,0.002584,-0.000302,0.002968,0.004757,-0.006403,0.161338,-0.017384,-0.629484,-0.012539,-1.090357,False
2024-02-24,-0.634884,-0.775418,-0.001687,0.002430,-0.000366,0.002930,0.004772,-0.006404,0.161338,-0.017384,-0.629789,-0.005095,-0.443027,False
2024-02-25,-0.636651,-0.775537,-0.001622,0.002273,-0.000430,0.002892,0.004786,-0.006405,0.161338,-0.017385,-0.630089,-0.006562,-0.570573,False
2024-02-26,-0.635581,-0.775657,-0.001549,0.002114,-0.000494,0.002854,0.004800,-0.006406,0.161338,-0.017385,-0.630385,-0.005197,-0.451885,False
2024-02-27,-0.634512,-0.775776,-0.001469,0.001951,-0.000557,0.002817,0.004814,-0.006407,0.161338,-0.017385,-0.630675,-0.003837,-0.333618,False
2024-02-28,-0.633442,-0.775896,-0.001382,0.001787,-0.000621,0.002779,0.004828,-0.006408,0.161338,-0.017385,-0.630961,-0.002481,-0.215756,False
2024-02-29,-0.627325,-0.776015,-0.001289,0.001620,-0.000684,0.002740,0.004842,-0.006409,0.161338,-0.017385,-0.631242,0.003917,0.340615,False
2024-03-01,-0.629711,-0.776135,-0.001189,0.001452,-0.000747,0.002702,0.004856,-0.006410,0.161338,-0.017386,-0.631519,0.001808,0.157225,False
2024-03-02,-0.647299,-0.776254,-0.001084,0.001282,-0.000810,0.002664,0.004869,-0.006411,0.161338,-0.017386,-0.631792,-0.015507,-1.348425,False
2024-03-03,-0.635238,-0.776374,-0.000973,0.001110,-0.000873,0.002626,0.004883,-0.006412,0.161338,-0.017386,-0.632061,-0.003177,-0.276225,False
2024-03-04,-0.622160,-0.776493,-0.000858,0.000937,-0.000936,0.002587,0.004897,-0.006413,0.161338,-0.017386,-0.632327,0.010167,0.884112,False
2024-03-05,-0.648196,-0.776613,-0.000739,0.000763,-0.000998,0.002549,0.004911,-0.006414,0.161338,-0.017386,-0.632590,-0.015606,-1.357039,False
2024-03-06,-0.631475,-0.776732,-0.000617,0.000588,-0.001060,0.002510,0.004924,-0.006415,0.161338,-0.017387,-0.632850,0.001375,0.119571,False
2024-03-07,-0.630540,-0.776852,-0.000492,0.000412,-0.001121,0.002471,0.004938,-0.006415,0.161338,-0.017387,-0.633108,0.002568,0.223274,False
2024-03-08,-0.641011,-0.776971,-0.000364,0.000236,-0.001182,0.002433,0.004951,-0.006416,0.161338,-0.017387,-0.633363,-0.007648,-0.665027,False
2024-03-09,-0.652410,-0.777091,-0.000234,0.000059,-0.001243,0.002394,0.004964,-0.006417,0.161338,-0.017387,-0.633617,-0.018793,-1.634170,False
2024-03-10,-0.639877,-0.777210,-0.000104,-0.000117,-0.001304,0.002355,0.004978,-0.006418,0.161338,-0.017387,-0.633870,-0.006007,-0.522381,False
2024-03-11,-0.643191,-0.777330,0.000027,-0.000294,-0.001364,0.002316,0.004991,-0.006419,0.161338,-0.017387,-0.634121,-0.009070,-0.788671,False
2024-03-12,-0.654850,-0.777449,0.000158,-0.000470,-0.001424,0.002277,0.005004,-0.006419,0.161338,-0.017388,-0.634372,-0.020478,-1.780658,False
2024-03-13,-0.640075,-0.777569,0.000288,-0.000646,-0.001483,0.002238,0.005017,-0.006420,0.161338,-0.017388,-0.634623,-0.005452,-0.474047,False
2024-03-14,-0.635211,-0.777688,0.000417,-0.000820,-0.001542,0.002199,0.005030,-0.006421,0.161338,-0.017388,-0.634875,-0.000336,-0.029239,False
2024-03-15,-0.636242,-0.777808,0.000544,-0.000994,-0.001600,0.002160,0.005043,-0.006421,0.161338,-0.017388,-0.635127,-0.001115,-0.096983,False
2024-03-16,-0.631870,-0.777927,0.000668,-0.001167,-0.001658,0.002121,0.005056,-0.006422,0.161338,-0.017388,-0.635380,0.003510,0.305188,False
2024-03-17,-0.648599,-0.778047,0.000789,-0.001338,-0.001716,0.002081,0.005069,-0.006423,0.161338,-0.017388,-0.635634,-0.012965,-1.127391,False
2024-03-18,-0.651231,-0.778166,0.000906,-0.001508,-0.001773,0.002042,0.005082,-0.006423,0.161338,-0.017389,-0.635890,-0.015341,-1.333992,False
2024-03-19,-0.642767,-0.778286,0.001020,-0.001676,-0.001829,0.002002,0.005094,-0.006424,0.161338,-0.017389,-0.636148,-0.006619,-0.575543,False
2024-03-20,-0.639476,-0.778405,0.001128,-0.001842,-0.001885,0.001963,0.005107,-0.006424,0.161338,-0.017389,-0.636409,-0.003067,-0.266712,False
2024-03-21,-0.626447,-0.778525,0.001231,-0.002005,-0.001940,0.001923,0.005120,-0.006425,0.161338,-0.017389,-0.636672,0.010225,0.889136,False
2024-03-22,-0.638038,-0.778644,0.001328,-0.002167,-0.001995,0.001884,0.005132,-0.006426,0.161338,-0.017389,-0.636938,-0.001100,-0.095629,False
2024-03-23,-0.654248,-0.778764,0.001419,-0.002326,-0.002049,0.001844,0.005144,-0.006426,0.161338,-0.017389,-0.637208,-0.017040,-1.481766,False
2024-03-24,-0.633609,-0.778883,0.001503,-0.002482,-0.002103,0.001804,0.005157,-0.006426,0.161338,-0.017390,-0.637481,0.003872,0.336657,False
2024-03-25,-0.626916,-0.779003,0.001580,-0.002635,-0.002156,0.001765,0.005169,-0.006427,0.161338,-0.017390,-0.637757,0.010841,0.942700,False
2024-03-26,-0.642985,-0.779122,0.001650,-0.002785,-0.002208,0.001725,0.005181,-0.006427,0.161338,-0.017390,-0.638037,-0.004948,-0.430231,False
2024-03-27,-0.635170,-0.779242,0.001712,-0.002932,-0.002260,0.001685,0.005194,-0.006428,0.161338,-0.017390,-0.638322,0.003152,0.274051,False
2024-03-28,-0.661611,-0.779361,0.001766,-0.003075,-0.002311,0.001645,0.005206,-0.006428,0.161338,-0.017390,-0.638610,-0.023001,-2.000099,False
2024-03-29,-0.635420,-0.779481,0.001811,-0.003215,-0.002361,0.001605,0.005218,-0.006428,0.161338,-0.017390,-0.638902,0.003482,0.302804,False
2024-03-30,-0.642874,-0.779600,0.001848,-0.003351,-0.002411,0.001565,0.005230,-0.006429,0.161338,-0.017390,-0.639199,-0.003675,-0.319584,False
2024-03-31,-0.638565,-0.779720,0.001877,-0.003483,-0.002459,0.001525,0.005241,-0.006429,0.161338,-0.017391,-0.639499,0.000934,0.081257,False
2024-04-01,-0.629714,-0.779839,0.001896,-0.003610,-0.002508,0.001485,0.005253,-0.006429,0.161338,-0.017391,-0.639804,0.010090,0.877411,False
2024-04-02,-0.632197,-0.779959,0.001907,-0.003734,-0.002555,0.001445,0.005265,-0.006430,0.161338,-0.017391,-0.640113,0.007916,0.688351,False
2024-04-03,-0.632058,-0.780078,0.001908,-0.003853,-0.002602,0.001405,0.005277,-0.006430,0.161338,-0.017391,-0.640426,0.008367,0.727588,False
2024-04-04,-0.631920,-0.780197,0.001901,-0.003968,-0.002648,0.001365,0.005288,-0.006430,0.161338,-0.017391,-0.640742,0.008822,0.767153,False
2024-04-05,-0.633171,-0.780317,0.001884,-0.004078,-0.002693,0.001324,0.005300,-0.006430,0.161338,-0.017391,-0.641062,0.007891,0.686204,False
2024-04-06,-0.641847,-0.780436,0.001859,-0.004183,-0.002737,0.001284,0.005311,-0.006430,0.161338,-0.017391,-0.641386,-0.000461,-0.040105,False
2024-04-07,-0.632732,-0.780556,0.001825,-0.004283,-0.002781,0.001244,0.005323,-0.006431,0.161338,-0.017391,-0.641712,0.008980,0.780900,False
2024-04-08,-0.629465,-0.780675,0.001782,-0.004379,-0.002823,0.001203,0.005334,-0.006431,0.161338,-0.017392,-0.642042,0.012577,1.093627,False
2024-04-09,-0.637336,-0.780795,0.001731,-0.004469,-0.002865,0.001163,0.005345,-0.006431,0.161338,-0.017392,-0.642374,0.005038,0.438050,False
2024-04-10,-0.632399,-0.780914,0.001672,-0.004553,-0.002906,0.001122,0.005357,-0.006431,0.161338,-0.017392,-0.642708,0.010309,0.896396,False
2024-04-11,-0.636410,-0.781034,0.001605,-0.004633,-0.002947,0.001082,0.005368,-0.006431,0.161338,-0.017392,-0.643043,0.006633,0.576806,False
2024-04-12,-0.630869,-0.781153,0.001530,-0.004707,-0.002986,0.001042,0.005379,-0.006431,0.161338,-0.017392,-0.643380,0.012511,1.087896,False
2024-04-13,-0.625329,-0.781273,0.001448,-0.004775,-0.003024,0.001001,0.005390,-0.006431,0.161338,-0.017392,-0.643718,0.018389,1.599060,False
2024-04-14,-0.642865,-0.781392,0.001359,-0.004838,-0.003062,0.000960,0.005401,-0.006431,0.161338,-0.017392,-0.644056,0.001191,0.103606,False
2024-04-15,-0.646370,-0.781512,0.001264,-0.004895,-0.003099,0.000920,0.005412,-0.006431,0.161338,-0.017392,-0.644395,-0.001975,-0.171772,False
2024-04-16,-0.638305,-0.781631,0.001163,-0.004946,-0.003134,0.000879,0.005422,-0.006431,0.161338,-0.017392,-0.644732,0.006427,0.558880,False
2024-04-17,-0.623514,-0.781751,0.001057,-0.004992,-0.003169,0.000839,0.005433,-0.006431,0.161338,-0.017393,-0.645068,0.021554,1.874297,False
2024-04-18,-0.617392,-0.781870,0.000945,-0.005031,-0.003203,0.000798,0.005444,-0.006431,0.161338,-0.017393,-0.645403,0.028011,2.435735,False
2024-04-19,-0.629080,-0.781990,0.000829,-0.005065,-0.003236,0.000757,0.005454,-0.006431,0.161338,-0.017393,-0.645735,0.016655,1.448273,False
2024-04-20,-0.637792,-0.782109,0.000709,-0.005093,-0.003268,0.000717,0.005465,-0.006430,0.161338,-0.017393,-0.646064,0.008272,0.719337,False
2024-04-21,-0.630353,-0.782229,0.000586,-0.005114,-0.003299,0.000676,0.005475,-0.006430,0.161338,-0.017393,-0.646390,0.016037,1.394527,False
2024-04-22,-0.616587,-0.782348,0.000460,-0.005130,-0.003329,0.000635,0.005486,-0.006430,0.161338,-0.017393,-0.646712,0.030125,2.619528,False
2024-04-23,-0.632376,-0.782468,0.000332,-0.005140,-0.003358,0.000594,0.005496,-0.006430,0.161338,-0.017393,-0.647028,0.014652,1.274112,False
2024-04-24,-0.625783,-0.782587,0.000202,-0.005143,-0.003386,0.000554,0.005506,-0.006430,0.161338,-0.017393,-0.647340,0.021557,1.874486,False
2024-04-25,-0.643453,-0.782707,0.000071,-0.005141,-0.003413,0.000513,0.005516,-0.006429,0.161338,-0.017393,-0.647645,0.004192,0.364508,False
2024-04-26,-0.619441,-0.782826,-0.000060,-0.005132,-0.003439,0.000472,0.005526,-0.006429,0.161338,-0.017394,-0.647943,0.028502,2.478472,False
2024-04-27,-0.629540,-0.782946,-0.000191,-0.005117,-0.003464,0.000431,0.005536,-0.006429,0.161338,-0.017394,-0.648235,0.018695,1.625629,False
2024-04-28,-0.642643,-0.783065,-0.000320,-0.005097,-0.003488,0.000390,0.005546,-0.006428,0.161338,-0.017394,-0.648518,0.005875,0.510882,False
2024-04-29,-0.650300,-0.783185,-0.000449,-0.005070,-0.003511,0.000349,0.005556,-0.006428,0.161338,-0.017394,-0.648793,-0.001507,-0.131037,False
2024-04-30,-0.635650,-0.783304,-0.000575,-0.005037,-0.003533,0.000309,0.005566,-0.006428,0.161338,-0.017394,-0.649059,0.013409,1.165994,False
2024-05-01,-0.647403,-0.783424,-0.000699,-0.004999,-0.003554,0.000268,0.005575,-0.006427,0.161338,-0.017394,-0.649315,0.001912,0.166275,False
2024-05-02,-0.641735,-0.783543,-0.000819,-0.004954,-0.003574,0.000227,0.005585,-0.006427,0.161338,-0.017394,-0.649561,0.007826,0.680540,False
2024-05-03,-0.644081,-0.783663,-0.000935,-0.004904,-0.003593,0.000186,0.005595,-0.006426,0.161338,-0.017394,-0.649797,0.005716,0.497006,False
2024-05-04,-0.644964,-0.783782,-0.001047,-0.004848,-0.003611,0.000145,0.005604,-0.006426,0.161338,-0.017394,-0.650021,0.005057,0.439716,False
2024-05-05,-0.659463,-0.783902,-0.001154,-0.004786,-0.003627,0.000104,0.005614,-0.006426,0.161338,-0.017394,-0.650233,-0.009230,-0.802588,False
2024-05-06,-0.647169,-0.784021,-0.001256,-0.004719,-0.003643,0.000063,0.005623,-0.006425,0.161338,-0.017395,-0.650434,0.003265,0.283882,False
2024-05-07,-0.651154,-0.784141,-0.001351,-0.004646,-0.003658,0.000022,0.005632,-0.006424,0.161338,-0.017395,-0.650622,-0.000532,-0.046300,False
2024-05-08,-0.643243,-0.784260,-0.001441,-0.004567,-0.003671,-0.000018,0.005641,-0.006424,0.161338,-0.017395,-0.650797,0.007554,0.656833,False
2024-05-09,-0.629918,-0.784380,-0.001523,-0.004483,-0.003684,-0.000059,0.005650,-0.006423,0.161338,-0.017395,-0.650958,0.021040,1.829600,False
2024-05-10,-0.621799,-0.784499,-0.001599,-0.004394,-0.003695,-0.000100,0.005659,-0.006423,0.161338,-0.017395,-0.651107,0.029308,2.548498,False
2024-05-11,-0.630166,-0.784619,-0.001666,-0.004300,-0.003705,-0.000141,0.005668,-0.006422,0.161338,-0.017395,-0.651241,0.021075,1.832634,False
2024-05-12,-0.631716,-0.784738,-0.001726,-0.004200,-0.003714,-0.000182,0.005677,-0.006421,0.161338,-0.017395,-0.651362,0.019646,1.708338,False
2024-05-13,-0.653474,-0.784858,-0.001778,-0.004096,-0.003722,-0.000223,0.005686,-0.006421,0.161338,-0.017395,-0.651468,-0.002006,-0.174405,False
2024-05-14,-0.647514,-0.784977,-0.001822,-0.003987,-0.003729,-0.000264,0.005695,-0.006420,0.161338,-0.017395,-0.651561,0.004047,0.351874,False
2024-05-15,-0.641999,-0.785097,-0.001856,-0.003873,-0.003735,-0.000305,0.005704,-0.006419,0.161338,-0.017395,-0.651638,0.009639,0.838209,False
2024-05-16,-0.620910,-0.785216,-0.001882,-0.003755,-0.003740,-0.000345,0.005712,-0.006419,0.161338,-0.017395,-0.651702,0.030792,2.677555,False
2024-05-17,-0.638857,-0.785336,-0.001900,-0.003632,-0.003744,-0.000386,0.005721,-0.006418,0.161338,-0.017395,-0.651751,0.012894,1.121218,False
2024-05-18,-0.642098,-0.785455,-0.001908,-0.003505,-0.003746,-0.000427,0.005729,-0.006417,0.161338,-0.017396,-0.651786,0.009688,0.842421,False
2024-05-19,-0.640142,-0.785575,-0.001907,-0.003373,-0.003747,-0.000468,0.005738,-0.006416,0.161338,-0.017396,-0.651806,0.011664,1.014302,False
2024-05-20,-0.644506,-0.785694,-0.001897,-0.003238,-0.003748,-0.000509,0.005746,-0.006416,0.161338,-0.017396,-0.651813,0.007307,0.635398,False
2024-05-21,-0.643285,-0.785814,-0.001879,-0.003099,-0.003747,-0.000550,0.005754,-0.006415,0.161338,-0.017396,-0.651806,0.008521,0.740944,False
2024-05-22,-0.636987,-0.785933,-0.001851,-0.002956,-0.003745,-0.000590,0.005762,-0.006414,0.161338,-0.017396,-0.651785,0.014798,1.286788,False
2024-05-23,-0.637714,-0.786053,-0.001815,-0.002810,-0.003742,-0.000631,0.005770,-0.006413,0.161338,-0.017396,-0.651751,0.014037,1.220607,False
2024-05-24,-0.647933,-0.786172,-0.001770,-0.002660,-0.003738,-0.000672,0.005778,-0.006412,0.161338,-0.017396,-0.651704,0.003771,0.327910,False
2024-05-25,-0.634478,-0.786292,-0.001717,-0.002508,-0.003733,-0.000713,0.005786,-0.006411,0.161338,-0.017396,-0.651644,0.017166,1.492731,False
2024-05-26,-0.632265,-0.786411,-0.001656,-0.002352,-0.003727,-0.000753,0.005794,-0.006410,0.161338,-0.017396,-0.651573,0.019308,1.678932,False
2024-05-27,-0.640556,-0.786530,-0.001587,-0.002194,-0.003719,-0.000794,0.005802,-0.006409,0.161338,-0.017396,-0.651489,0.010933,0.950730,False
2024-05-28,-0.629471,-0.786650,-0.001510,-0.002033,-0.003711,-0.000835,0.005810,-0.006408,0.161338,-0.017396,-0.651395,0.021924,1.906429,False
2024-05-29,-0.624801,-0.786769,-0.001427,-0.001869,-0.003701,-0.000875,0.005817,-0.006407,0.161338,-0.017396,-0.651290,0.026489,2.303382,False
2024-05-30,-0.615608,-0.786889,-0.001336,-0.001704,-0.003691,-0.000916,0.005825,-0.006406,0.161338,-0.017396,-0.651175,0.035567,3.092771,False
2024-05-31,-0.617938,-0.787008,-0.001240,-0.001536,-0.003679,-0.000956,0.005832,-0.006405,0.161338,-0.017397,-0.651050,0.033112,2.879345,False
2024-06-01,-0.636009,-0.787128,-0.001137,-0.001367,-0.003666,-0.000997,0.005840,-0.006404,0.161338,-0.017397,-0.650917,0.014908,1.296379,False
2024-06-02,-0.622509,-0.787247,-0.001029,-0.001196,-0.003652,-0.001037,0.005847,-0.006403,0.161338,-0.017397,-0.650776,0.028268,2.458063,False
2024-06-03,-0.609008,-0.787367,-0.000916,-0.001023,-0.003637,-0.001078,0.005854,-0.006402,0.161338,-0.017397,-0.650628,0.041620,3.619111,True
2024-06-04,-0.631575,-0.787486,-0.000799,-0.000850,-0.003621,-0.001118,0.005861,-0.006400,0.161338,-0.017397,-0.650473,0.018898,1.643282,False
2024-06-05,-0.630723,-0.787606,-0.000679,-0.000675,-0.003604,-0.001159,0.005868,-0.006399,0.161338,-0.017397,-0.650312,0.019589,1.703383,False
2024-06-06,-0.629871,-0.787725,-0.000555,-0.000500,-0.003586,-0.001199,0.005875,-0.006398,0.161338,-0.017397,-0.650146,0.020275,1.763045,False
2024-06-07,-0.629019,-0.787845,-0.000428,-0.000324,-0.003566,-0.001240,0.005882,-0.006397,0.161338,-0.017397,-0.649976,0.020957,1.822339,False
2024-06-08,-0.625308,-0.787964,-0.000299,-0.000147,-0.003546,-0.001280,0.005889,-0.006395,0.161338,-0.017397,-0.649802,0.024494,2.129943,False
2024-06-09,-0.616323,-0.788084,-0.000169,0.000029,-0.003525,-0.001320,0.005896,-0.006394,0.161338,-0.017397,-0.649626,0.033303,2.895929,False
2024-06-10,-0.638942,-0.788203,-0.000038,0.000206,-0.003502,-0.001361,0.005903,-0.006393,0.161338,-0.017397,-0.649448,0.010506,0.913585,False
2024-06-11,-0.635784,-0.788323,0.000093,0.000382,-0.003479,-0.001401,0.005909,-0.006392,0.161338,-0.017397,-0.649269,0.013485,1.172636,False
2024-06-12,-0.632416,-0.788442,0.000223,0.000558,-0.003455,-0.001441,0.005916,-0.006390,0.161338,-0.017397,-0.649090,0.016674,1.449938,False
2024-06-13,-0.640326,-0.788562,0.000353,0.000733,-0.003429,-0.001481,0.005922,-0.006389,0.161338,-0.017397,-0.648912,0.008586,0.746605,False
2024-06-14,-0.630784,-0.788681,0.000481,0.000907,-0.003403,-0.001521,0.005929,-0.006387,0.161338,-0.017397,-0.648735,0.017951,1.560970,False
2024-06-15,-0.640879,-0.788801,0.000606,0.001081,-0.003375,-0.001561,0.005935,-0.006386,0.161338,-0.017397,-0.648561,0.007682,0.667973,False
2024-06-16,-0.644394,-0.788920,0.000729,0.001253,-0.003347,-0.001601,0.005941,-0.006385,0.161338,-0.017398,-0.648389,0.003995,0.347424,False
2024-06-17,-0.619362,-0.789040,0.000848,0.001423,-0.003317,-0.001641,0.005947,-0.006383,0.161338,-0.017398,-0.648222,0.028860,2.509565,False
2024-06-18,-0.617825,-0.789159,0.000964,0.001592,-0.003287,-0.001681,0.005953,-0.006382,0.161338,-0.017398,-0.648059,0.030234,2.629071,False
2024-06-19,-0.616288,-0.789279,0.001074,0.001759,-0.003255,-0.001721,0.005959,-0.006380,0.161338,-0.017398,-0.647902,0.031614,2.749052,False
2024-06-20,-0.621154,-0.789398,0.001180,0.001924,-0.003223,-0.001761,0.005965,-0.006379,0.161338,-0.017398,-0.647751,0.026597,2.312788,False
2024-06-21,-0.625890,-0.789518,0.001280,0.002086,-0.003190,-0.001800,0.005971,-0.006377,0.161338,-0.017398,-0.647607,0.021717,1.888427,False
2024-06-22,-0.607575,-0.789637,0.001374,0.002246,-0.003156,-0.001840,0.005977,-0.006376,0.161338,-0.017398,-0.647470,0.039895,3.469158,True
2024-06-23,-0.639530,-0.789757,0.001462,0.002404,-0.003120,-0.001880,0.005983,-0.006374,0.161338,-0.017398,-0.647342,0.007812,0.679297,False
2024-06-24,-0.611865,-0.789876,0.001543,0.002559,-0.003084,-0.001919,0.005988,-0.006372,0.161338,-0.017398,-0.647222,0.035357,3.074550,False
2024-06-25,-0.608751,-0.789996,0.001616,0.002710,-0.003047,-0.001959,0.005994,-0.006371,0.161338,-0.017398,-0.647112,0.038361,3.335749,True
2024-06-26,-0.638490,-0.790115,0.001682,0.002859,-0.003009,-0.001998,0.005999,-0.006369,0.161338,-0.017398,-0.647012,0.008522,0.741027,False
2024-06-27,-0.637801,-0.790235,0.001740,0.003004,-0.002971,-0.002038,0.006005,-0.006367,0.161338,-0.017398,-0.646922,0.009121,0.793123,False
2024-06-28,-0.639425,-0.790354,0.001790,0.003145,-0.002931,-0.002077,0.006010,-0.006366,0.161338,-0.017398,-0.646843,0.007418,0.645034,False
2024-06-29,-0.621438,-0.790474,0.001831,0.003283,-0.002890,-0.002117,0.006015,-0.006364,0.161338,-0.017398,-0.646775,0.025337,2.203229,False
2024-06-30,-0.615686,-0.790593,0.001864,0.003417,-0.002849,-0.002156,0.006020,-0.006362,0.161338,-0.017398,-0.646719,0.031033,2.698524,False
2024-07-01,-0.619509,-0.790713,0.001888,0.003547,-0.002807,-0.002195,0.006025,-0.006360,0.161338,-0.017398,-0.646675,0.027166,2.362251,False
2024-07-02,-0.612019,-0.790832,0.001903,0.003673,-0.002764,-0.002234,0.006030,-0.006359,0.161338,-0.017398,-0.646643,0.034623,3.010738,False
2024-07-03,-0.604530,-0.790952,0.001909,0.003794,-0.002720,-0.002273,0.006035,-0.006357,0.161338,-0.017398,-0.646624,0.042094,3.660310,True
2024-07-04,-0.607407,-0.791071,0.001906,0.003911,-0.002675,-0.002312,0.006040,-0.006355,0.161338,-0.017398,-0.646617,0.039209,3.409507,True
2024-07-05,-0.610285,-0.791191,0.001894,0.004023,-0.002630,-0.002351,0.006045,-0.006353,0.161338,-0.017399,-0.646623,0.036338,3.159817,False
2024-07-06,-0.613162,-0.791310,0.001873,0.004131,-0.002584,-0.002390,0.006050,-0.006351,0.161338,-0.017399,-0.646642,0.033479,2.911247,False
2024-07-07,-0.616040,-0.791430,0.001843,0.004234,-0.002537,-0.002429,0.006054,-0.006349,0.161338,-0.017399,-0.646674,0.030634,2.663801,False
2024-07-08,-0.618917,-0.791549,0.001805,0.004332,-0.002489,-0.002468,0.006059,-0.006347,0.161338,-0.017399,-0.646718,0.027801,2.417478,False
2024-07-09,-0.621795,-0.791669,0.001758,0.004424,-0.002440,-0.002506,0.006063,-0.006345,0.161338,-0.017399,-0.646776,0.024981,2.172273,False
2024-07-10,-0.624672,-0.791788,0.001703,0.004512,-0.002391,-0.002545,0.006067,-0.006343,0.161338,-0.017399,-0.646846,0.022174,1.928179,False
2024-07-11,-0.641937,-0.791908,0.001639,0.004594,-0.002341,-0.002583,0.006072,-0.006341,0.161338,-0.017399,-0.646929,0.004992,0.434111,False
2024-07-12,-0.641937,-0.792027,0.001568,0.004670,-0.002291,-0.002622,0.006076,-0.006339,0.161338,-0.017399,-0.647025,0.005088,0.442410,False
2024-07-13,-0.641937,-0.792147,0.001490,0.004742,-0.002239,-0.002660,0.006080,-0.006337,0.161338,-0.017399,-0.647132,0.005195,0.451769,False
2024-07-14,-0.641937,-0.792266,0.001405,0.004807,-0.002187,-0.002698,0.006084,-0.006335,0.161338,-0.017399,-0.647252,0.005315,0.462166,False
2024-07-15,-0.641937,-0.792386,0.001313,0.004867,-0.002135,-0.002737,0.006088,-0.006333,0.161338,-0.017399,-0.647383,0.005446,0.473574,False
2024-07-16,-0.641937,-0.792505,0.001214,0.004921,-0.002082,-0.002775,0.006092,-0.006331,0.161338,-0.017399,-0.647526,0.005589,0.485961,False
2024-07-17,-0.639042,-0.792624,0.001111,0.004970,-0.002028,-0.002813,0.006096,-0.006329,0.161338,-0.017399,-0.647679,0.008637,0.751035,False
2024-07-18,-0.621313,-0.792744,0.001001,0.005012,-0.001974,-0.002851,0.006099,-0.006327,0.161338,-0.017399,-0.647843,0.026530,2.306932,False
2024-07-19,-0.628025,-0.792863,0.000888,0.005049,-0.001919,-0.002889,0.006103,-0.006325,0.161338,-0.017399,-0.648017,0.019992,1.738397,False
2024-07-20,-0.622380,-0.792983,0.000770,0.005079,-0.001863,-0.002926,0.006107,-0.006322,0.161338,-0.017399,-0.648200,0.025820,2.245213,False
2024-07-21,-0.626033,-0.793102,0.000648,0.005104,-0.001807,-0.002964,0.006110,-0.006320,0.161338,-0.017399,-0.648392,0.022359,1.944293,False
2024-07-22,-0.638377,-0.793222,0.000523,0.005123,-0.001750,-0.003002,0.006113,-0.006318,0.161338,-0.017399,-0.648593,0.010216,0.888374,False
2024-07-23,-0.611937,-0.793341,0.000396,0.005135,-0.001693,-0.003039,0.006117,-0.006316,0.161338,-0.017399,-0.648802,0.036865,3.205669,False
2024-07-24,-0.610780,-0.793461,0.000267,0.005142,-0.001635,-0.003077,0.006120,-0.006313,0.161338,-0.017399,-0.649018,0.038238,3.325060,True
2024-07-25,-0.609624,-0.793580,0.000137,0.005143,-0.001577,-0.003114,0.006123,-0.006311,0.161338,-0.017399,-0.649242,0.039618,3.445043,True
2024-07-26,-0.608467,-0.793700,0.000006,0.005137,-0.001519,-0.003151,0.006126,-0.006309,0.161338,-0.017399,-0.649471,0.041004,3.565566,True
2024-07-27,-0.607310,-0.793819,-0.000125,0.005125,-0.001460,-0.003189,0.006129,-0.006306,0.161338,-0.017399,-0.649706,0.042396,3.686576,True
2024-07-28,-0.606153,-0.793939,-0.000256,0.005108,-0.001400,-0.003226,0.006132,-0.006304,0.161338,-0.017399,-0.649946,0.043792,3.808019,True
2024-07-29,-0.604997,-0.794058,-0.000385,0.005084,-0.001340,-0.003263,0.006135,-0.006302,0.161338,-0.017400,-0.650190,0.045193,3.929843,True
2024-07-30,-0.603840,-0.794178,-0.000512,0.005054,-0.001280,-0.003300,0.006138,-0.006299,0.161338,-0.017400,-0.650438,0.046598,4.051992,True
2024-07-31,-0.622973,-0.794297,-0.000637,0.005019,-0.001219,-0.003336,0.006140,-0.006297,0.161338,-0.017400,-0.650689,0.027716,2.410090,False
2024-08-01,-0.632519,-0.794417,-0.000759,0.004977,-0.001158,-0.003373,0.006143,-0.006294,0.161338,-0.017400,-0.650943,0.018424,1.602059,False
2024-08-02,-0.631226,-0.794536,-0.000877,0.004930,-0.001097,-0.003410,0.006146,-0.006292,0.161338,-0.017400,-0.651198,0.019972,1.736716,False
2024-08-03,-0.629933,-0.794656,-0.000992,0.004877,-0.001035,-0.003446,0.006148,-0.006289,0.161338,-0.017400,-0.651455,0.021522,1.871487,False
2024-08-04,-0.624103,-0.794775,-0.001101,0.004818,-0.000973,-0.003483,0.006150,-0.006287,0.161338,-0.017400,-0.651713,0.027609,2.400799,False
2024-08-05,-0.618274,-0.794895,-0.001206,0.004753,-0.000911,-0.003519,0.006153,-0.006284,0.161338,-0.017400,-0.651970,0.033696,2.930125,False
2024-08-06,-0.640177,-0.795014,-0.001304,0.004683,-0.000849,-0.003555,0.006155,-0.006282,0.161338,-0.017400,-0.652228,0.012051,1.047895,False
2024-08-07,-0.633791,-0.795134,-0.001397,0.004607,-0.000786,-0.003591,0.006157,-0.006279,0.161338,-0.017400,-0.652484,0.018693,1.625498,False
2024-08-08,-0.604578,-0.795253,-0.001483,0.004526,-0.000723,-0.003627,0.006159,-0.006276,0.161338,-0.017400,-0.652739,0.048161,4.187933,True
2024-08-09,-0.616904,-0.795373,-0.001562,0.004439,-0.000660,-0.003663,0.006161,-0.006274,0.161338,-0.017400,-0.652992,0.036088,3.138115,False
2024-08-10,-0.611064,-0.795492,-0.001633,0.004348,-0.000596,-0.003699,0.006163,-0.006271,0.161338,-0.017400,-0.653243,0.042179,3.667743,True
2024-08-11,-0.612526,-0.795612,-0.001697,0.004251,-0.000532,-0.003735,0.006165,-0.006268,0.161338,-0.017400,-0.653491,0.040965,3.562136,True
2024-08-12,-0.613989,-0.795731,-0.001753,0.004149,-0.000469,-0.003770,0.006166,-0.006266,0.161338,-0.017400,-0.653736,0.039747,3.456251,True
2024-08-13,-0.615451,-0.795851,-0.001801,0.004042,-0.000405,-0.003806,0.006168,-0.006263,0.161338,-0.017400,-0.653977,0.038526,3.350057,True
2024-08-14,-0.616914,-0.795970,-0.001840,0.003931,-0.000341,-0.003841,0.006170,-0.006260,0.161338,-0.017400,-0.654214,0.037301,3.243524,False
2024-08-15,-0.618376,-0.796090,-0.001870,0.003814,-0.000277,-0.003877,0.006171,-0.006257,0.161338,-0.017400,-0.654447,0.036071,3.136626,False
2024-08-16,-0.619059,-0.796209,-0.001892,0.003694,-0.000212,-0.003912,0.006172,-0.006255,0.161338,-0.017400,-0.654676,0.035616,3.097075,False
2024-08-17,-0.619743,-0.796329,-0.001905,0.003569,-0.000148,-0.003947,0.006174,-0.006252,0.161338,-0.017400,-0.654900,0.035157,3.057118,False
2024-08-18,-0.620426,-0.796448,-0.001909,0.003439,-0.000084,-0.003982,0.006175,-0.006249,0.161338,-0.017400,-0.655119,0.034692,3.016737,False
2024-08-19,-0.621110,-0.796568,-0.001903,0.003306,-0.000020,-0.004016,0.006176,-0.006246,0.161338,-0.017400,-0.655333,0.034223,2.975919,False
2024-08-20,-0.621793,-0.796687,-0.001889,0.003169,0.000045,-0.004051,0.006177,-0.006243,0.161338,-0.017400,-0.655542,0.033749,2.934654,False
2024-08-21,-0.622477,-0.796807,-0.001866,0.003028,0.000109,-0.004086,0.006178,-0.006240,0.161338,-0.017400,-0.655745,0.033269,2.892936,False
2024-08-22,-0.623160,-0.796926,-0.001834,0.002883,0.000173,-0.004120,0.006179,-0.006237,0.161338,-0.017400,-0.655944,0.032784,2.850761,False
2024-08-23,-0.623160,-0.797046,-0.001794,0.002736,0.000238,-0.004155,0.006180,-0.006234,0.161338,-0.017400,-0.656137,0.032977,2.867559,False
2024-08-24,-0.623160,-0.797165,-0.001745,0.002584,0.000302,-0.004189,0.006181,-0.006231,0.161338,-0.017400,-0.656325,0.033165,2.883903,False
2024-08-25,-0.623160,-0.797285,-0.001687,0.002430,0.000366,-0.004223,0.006181,-0.006228,0.161338,-0.017400,-0.656508,0.033348,2.899800,False
2024-08-26,-0.623160,-0.797404,-0.001622,0.002273,0.000430,-0.004257,0.006182,-0.006225,0.161338,-0.017400,-0.656686,0.033525,2.915258,False
2024-08-27,-0.623160,-0.797524,-0.001549,0.002114,0.000494,-0.004291,0.006182,-0.006222,0.161338,-0.017400,-0.656858,0.033698,2.930289,False
2024-08-28,-0.632045,-0.797643,-0.001469,0.001951,0.000557,-0.004324,0.006183,-0.006219,0.161338,-0.017400,-0.657027,0.024982,2.172313,False
2024-08-29,-0.632045,-0.797763,-0.001382,0.001787,0.000621,-0.004358,0.006183,-0.006216,0.161338,-0.017400,-0.657190,0.025145,2.186540,False
2024-08-30,-0.632045,-0.797882,-0.001289,0.001620,0.000684,-0.004392,0.006183,-0.006213,0.161338,-0.017400,-0.657350,0.025305,2.200393,False
2024-08-31,-0.632045,-0.798002,-0.001189,0.001452,0.000747,-0.004425,0.006184,-0.006210,0.161338,-0.017401,-0.657505,0.025460,2.213895,False
2024-09-01,-0.632045,-0.798121,-0.001084,0.001282,0.000810,-0.004458,0.006184,-0.006207,0.161338,-0.017401,-0.657656,0.025611,2.227072,False
2024-09-02,-0.632045,-0.798241,-0.000973,0.001110,0.000873,-0.004491,0.006184,-0.006204,0.161338,-0.017401,-0.657804,0.025759,2.239951,False
2024-09-03,-0.632045,-0.798360,-0.000858,0.000937,0.000936,-0.004524,0.006184,-0.006200,0.161338,-0.017401,-0.657949,0.025904,2.252561,False
2024-09-04,-0.632045,-0.798480,-0.000739,0.000763,0.000998,-0.004557,0.006184,-0.006197,0.161338,-0.017401,-0.658092,0.026047,2.264933,False
2024-09-05,-0.640249,-0.798599,-0.000617,0.000588,0.001060,-0.004590,0.006183,-0.006194,0.161338,-0.017401,-0.658232,0.017983,1.563708,False
2024-09-06,-0.648307,-0.798719,-0.000492,0.000412,0.001121,-0.004622,0.006183,-0.006191,0.161338,-0.017401,-0.658370,0.010063,0.875007,False
2024-09-07,-0.635006,-0.798838,-0.000364,0.000236,0.001182,-0.004655,0.006183,-0.006187,0.161338,-0.017401,-0.658506,0.023500,2.043473,False
2024-09-08,-0.636831,-0.798957,-0.000234,0.000059,0.001243,-0.004687,0.006182,-0.006184,0.161338,-0.017401,-0.658641,0.021810,1.896533,False
2024-09-09,-0.638656,-0.799077,-0.000104,-0.000117,0.001304,-0.004719,0.006182,-0.006181,0.161338,-0.017401,-0.658776,0.020120,1.749529,False
2024-09-10,-0.646193,-0.799196,0.000027,-0.000294,0.001364,-0.004751,0.006181,-0.006177,0.161338,-0.017401,-0.658910,0.012717,1.105801,False
2024-09-11,-0.640251,-0.799316,0.000158,-0.000470,0.001424,-0.004783,0.006180,-0.006174,0.161338,-0.017401,-0.659044,0.018793,1.634169,False
2024-09-12,-0.629526,-0.799435,0.000288,-0.000646,0.001483,-0.004815,0.006179,-0.006171,0.161338,-0.017401,-0.659179,0.029653,2.578496,False
2024-09-13,-0.628531,-0.799555,0.000417,-0.000820,0.001542,-0.004847,0.006179,-0.006167,0.161338,-0.017401,-0.659314,0.030783,2.676820,False
2024-09-14,-0.648470,-0.799674,0.000544,-0.000994,0.001600,-0.004878,0.006178,-0.006164,0.161338,-0.017401,-0.659452,0.010982,0.954914,False
2024-09-15,-0.638769,-0.799794,0.000668,-0.001167,0.001658,-0.004909,0.006177,-0.006160,0.161338,-0.017401,-0.659590,0.020821,1.810555,False
2024-09-16,-0.637884,-0.799913,0.000789,-0.001338,0.001716,-0.004941,0.006176,-0.006157,0.161338,-0.017401,-0.659731,0.021847,1.899777,False
2024-09-17,-0.636999,-0.800033,0.000906,-0.001508,0.001773,-0.004972,0.006174,-0.006153,0.161338,-0.017401,-0.659875,0.022876,1.989222,False
2024-09-18,-0.643003,-0.800152,0.001020,-0.001676,0.001829,-0.005003,0.006173,-0.006150,0.161338,-0.017401,-0.660022,0.017019,1.479878,False
2024-09-19,-0.646728,-0.800272,0.001128,-0.001842,0.001885,-0.005033,0.006172,-0.006146,0.161338,-0.017401,-0.660171,0.013443,1.168994,False
2024-09-20,-0.650453,-0.800391,0.001231,-0.002005,0.001940,-0.005064,0.006170,-0.006143,0.161338,-0.017401,-0.660325,0.009872,0.858424,False
2024-09-21,-0.658587,-0.800511,0.001328,-0.002167,0.001995,-0.005095,0.006169,-0.006139,0.161338,-0.017401,-0.660482,0.001895,0.164804,False
2024-09-22,-0.660667,-0.800630,0.001419,-0.002326,0.002049,-0.005125,0.006167,-0.006136,0.161338,-0.017401,-0.660644,-0.000023,-0.001972,False
2024-09-23,-0.662746,-0.800750,0.001503,-0.002482,0.002103,-0.005155,0.006166,-0.006132,0.161338,-0.017401,-0.660810,-0.001936,-0.168360,False
2024-09-24,-0.650242,-0.800869,0.001580,-0.002635,0.002156,-0.005185,0.006164,-0.006128,0.161338,-0.017401,-0.660981,0.010739,0.933790,False
2024-09-25,-0.642771,-0.800989,0.001650,-0.002785,0.002208,-0.005215,0.006162,-0.006125,0.161338,-0.017401,-0.661156,0.018385,1.598713,False
2024-09-26,-0.654476,-0.801108,0.001712,-0.002932,0.002260,-0.005245,0.006160,-0.006121,0.161338,-0.017401,-0.661337,0.006861,0.596598,False
2024-09-27,-0.649604,-0.801228,0.001766,-0.003075,0.002311,-0.005274,0.006158,-0.006117,0.161338,-0.017401,-0.661523,0.011919,1.036411,False
2024-09-28,-0.639445,-0.801347,0.001811,-0.003215,0.002361,-0.005304,0.006156,-0.006114,0.161338,-0.017401,-0.661714,0.022269,1.936424,False
2024-09-29,-0.645104,-0.801467,0.001848,-0.003351,0.002411,-0.005333,0.006154,-0.006110,0.161338,-0.017401,-0.661910,0.016806,1.461424,False
2024-09-30,-0.651796,-0.801586,0.001877,-0.003483,0.002459,-0.005362,0.006152,-0.006106,0.161338,-0.017401,-0.662112,0.010316,0.897065,False
2024-10-01,-0.650481,-0.801706,0.001896,-0.003610,0.002508,-0.005391,0.006149,-0.006102,0.161338,-0.017401,-0.662319,0.011838,1.029434,False
2024-10-02,-0.652187,-0.801825,0.001907,-0.003734,0.002555,-0.005420,0.006147,-0.006098,0.161338,-0.017401,-0.662532,0.010345,0.899570,False
2024-10-03,-0.645799,-0.801945,0.001908,-0.003853,0.002602,-0.005449,0.006144,-0.006095,0.161338,-0.017401,-0.662750,0.016951,1.473989,False
2024-10-04,-0.639411,-0.802064,0.001901,-0.003968,0.002648,-0.005477,0.006142,-0.006091,0.161338,-0.017401,-0.662973,0.023562,2.048852,False
2024-10-05,-0.648765,-0.802184,0.001884,-0.004078,0.002693,-0.005506,0.006139,-0.006087,0.161338,-0.017401,-0.663201,0.014436,1.255278,False
2024-10-06,-0.654493,-0.802303,0.001859,-0.004183,0.002737,-0.005534,0.006136,-0.006083,0.161338,-0.017401,-0.663433,0.008940,0.777423,False
2024-10-07,-0.644326,-0.802423,0.001825,-0.004283,0.002781,-0.005562,0.006134,-0.006079,0.161338,-0.017401,-0.663671,0.019345,1.682136,False
2024-10-08,-0.664806,-0.802542,0.001782,-0.004379,0.002823,-0.005590,0.006131,-0.006075,0.161338,-0.017401,-0.663912,-0.000894,-0.077736,False
2024-10-09,-0.651257,-0.802662,0.001731,-0.004469,0.002865,-0.005617,0.006128,-0.006071,0.161338,-0.017401,-0.664157,0.012900,1.121780,False
2024-10-10,-0.639762,-0.802781,0.001672,-0.004553,0.002906,-0.005645,0.006125,-0.006067,0.161338,-0.017401,-0.664407,0.024645,2.143004,False
2024-10-11,-0.649391,-0.802901,0.001605,-0.004633,0.002947,-0.005672,0.006122,-0.006063,0.161338,-0.017401,-0.664659,0.015268,1.327642,False
2024-10-12,-0.641871,-0.803020,0.001530,-0.004707,0.002986,-0.005700,0.006118,-0.006059,0.161338,-0.017401,-0.664914,0.023043,2.003747,False
2024-10-13,-0.644576,-0.803140,0.001448,-0.004775,0.003024,-0.005727,0.006115,-0.006055,0.161338,-0.017401,-0.665172,0.020596,1.790934,False
2024-10-14,-0.647423,-0.803259,0.001359,-0.004838,0.003062,-0.005754,0.006112,-0.006051,0.161338,-0.017401,-0.665431,0.018008,1.565945,False
2024-10-15,-0.662931,-0.803379,0.001264,-0.004895,0.003099,-0.005780,0.006108,-0.006047,0.161338,-0.017401,-0.665692,0.002761,0.240130,False
2024-10-16,-0.649058,-0.803498,0.001163,-0.004946,0.003134,-0.005807,0.006105,-0.006043,0.161338,-0.017401,-0.665955,0.016897,1.469271,False
2024-10-17,-0.654793,-0.803618,0.001057,-0.004992,0.003169,-0.005833,0.006101,-0.006038,0.161338,-0.017401,-0.666217,0.011424,0.993409,False
2024-10-18,-0.659820,-0.803737,0.000945,-0.005031,0.003203,-0.005860,0.006098,-0.006034,0.161338,-0.017401,-0.666480,0.006660,0.579106,False
2024-10-19,-0.660126,-0.803857,0.000829,-0.005065,0.003236,-0.005886,0.006094,-0.006030,0.161338,-0.017401,-0.666742,0.006616,0.575268,False
2024-10-20,-0.663263,-0.803976,0.000709,-0.005093,0.003268,-0.005912,0.006090,-0.006026,0.161338,-0.017401,-0.667002,0.003739,0.325151,False
2024-10-21,-0.665336,-0.804096,0.000586,-0.005114,0.003299,-0.005937,0.006086,-0.006022,0.161338,-0.017401,-0.667261,0.001925,0.167398,False
2024-10-22,-0.663635,-0.804215,0.000460,-0.005130,0.003329,-0.005963,0.006082,-0.006017,0.161338,-0.017402,-0.667518,0.003883,0.337609,False
2024-10-23,-0.656246,-0.804335,0.000332,-0.005140,0.003358,-0.005988,0.006078,-0.006013,0.161338,-0.017402,-0.667771,0.011525,1.002168,False
2024-10-24,-0.654384,-0.804454,0.000202,-0.005143,0.003386,-0.006013,0.006074,-0.006009,0.161338,-0.017402,-0.668021,0.013637,1.185802,False
2024-10-25,-0.659887,-0.804574,0.000071,-0.005141,0.003413,-0.006039,0.006070,-0.006004,0.161338,-0.017402,-0.668266,0.008379,0.728635,False
2024-10-26,-0.655072,-0.804693,-0.000060,-0.005132,0.003439,-0.006063,0.006065,-0.006000,0.161338,-0.017402,-0.668507,0.013435,1.168265,False
2024-10-27,-0.659546,-0.804813,-0.000191,-0.005117,0.003464,-0.006088,0.006061,-0.005996,0.161338,-0.017402,-0.668742,0.009196,0.799682,False
2024-10-28,-0.666906,-0.804932,-0.000320,-0.005097,0.003488,-0.006113,0.006056,-0.005991,0.161338,-0.017402,-0.668972,0.002066,0.179620,False
2024-10-29,-0.669821,-0.805052,-0.000449,-0.005070,0.003511,-0.006137,0.006052,-0.005987,0.161338,-0.017402,-0.669194,-0.000627,-0.054496,False
2024-10-30,-0.660504,-0.805171,-0.000575,-0.005037,0.003533,-0.006161,0.006047,-0.005983,0.161338,-0.017402,-0.669410,0.008906,0.774417,False
2024-10-31,-0.667123,-0.805290,-0.000699,-0.004999,0.003554,-0.006185,0.006043,-0.005978,0.161338,-0.017402,-0.669618,0.002494,0.216875,False
2024-11-01,-0.673743,-0.805410,-0.000819,-0.004954,0.003574,-0.006209,0.006038,-0.005974,0.161338,-0.017402,-0.669817,-0.003926,-0.341385,False
2024-11-02,-0.680362,-0.805529,-0.000935,-0.004904,0.003593,-0.006233,0.006033,-0.005969,0.161338,-0.017402,-0.670008,-0.010355,-0.900407,False
2024-11-03,-0.686982,-0.805649,-0.001047,-0.004848,0.003611,-0.006256,0.006028,-0.005965,0.161338,-0.017402,-0.670189,-0.016793,-1.460234,False
2024-11-04,-0.693601,-0.805768,-0.001154,-0.004786,0.003627,-0.006279,0.006023,-0.005960,0.161338,-0.017402,-0.670361,-0.023240,-2.020904,False
2024-11-05,-0.700221,-0.805888,-0.001256,-0.004719,0.003643,-0.006302,0.006018,-0.005956,0.161338,-0.017402,-0.670523,-0.029698,-2.582457,False
2024-11-06,-0.706840,-0.806007,-0.001351,-0.004646,0.003658,-0.006325,0.006013,-0.005951,0.161338,-0.017402,-0.670674,-0.036167,-3.144925,False
2024-11-07,-0.713460,-0.806127,-0.001441,-0.004567,0.003671,-0.006348,0.006007,-0.005946,0.161338,-0.017402,-0.670814,-0.042646,-3.708340,True
2024-11-08,-0.710895,-0.806246,-0.001523,-0.004483,0.003684,-0.006371,0.006002,-0.005942,0.161338,-0.017402,-0.670943,-0.039952,-3.474078,True
2024-11-09,-0.709651,-0.806366,-0.001599,-0.004394,0.003695,-0.006393,0.005997,-0.005937,0.161338,-0.017402,-0.671061,-0.038590,-3.355686,True
2024-11-10,-0.708620,-0.806485,-0.001666,-0.004300,0.003705,-0.006415,0.005991,-0.005933,0.161338,-0.017402,-0.671166,-0.037454,-3.256839,False
2024-11-11,-0.701764,-0.806605,-0.001726,-0.004200,0.003714,-0.006437,0.005986,-0.005928,0.161338,-0.017402,-0.671260,-0.030504,-2.652509,False
2024-11-12,-0.709716,-0.806724,-0.001778,-0.004096,0.003722,-0.006459,0.005980,-0.005923,0.161338,-0.017402,-0.671342,-0.038374,-3.336885,True
2024-11-13,-0.694613,-0.806844,-0.001822,-0.003987,0.003729,-0.006480,0.005974,-0.005918,0.161338,-0.017402,-0.671411,-0.023202,-2.017543,False
2024-11-14,-0.698231,-0.806963,-0.001856,-0.003873,0.003735,-0.006502,0.005968,-0.005914,0.161338,-0.017402,-0.671468,-0.026763,-2.327185,False
2024-11-15,-0.697360,-0.807083,-0.001882,-0.003755,0.003740,-0.006523,0.005962,-0.005909,0.161338,-0.017402,-0.671513,-0.025847,-2.247553,False
2024-11-16,-0.701519,-0.807202,-0.001900,-0.003632,0.003744,-0.006544,0.005956,-0.005904,0.161338,-0.017402,-0.671546,-0.029973,-2.606384,False
2024-11-17,-0.705678,-0.807322,-0.001908,-0.003505,0.003746,-0.006565,0.005950,-0.005899,0.161338,-0.017402,-0.671566,-0.034112,-2.966282,False
2024-11-18,-0.709837,-0.807441,-0.001907,-0.003373,0.003747,-0.006586,0.005944,-0.005895,0.161338,-0.017402,-0.671574,-0.038263,-3.327236,True
2024-11-19,-0.713996,-0.807561,-0.001897,-0.003238,0.003748,-0.006606,0.005938,-0.005890,0.161338,-0.017402,-0.671570,-0.042426,-3.689233,True
2024-11-20,-0.708709,-0.807680,-0.001879,-0.003099,0.003747,-0.006627,0.005932,-0.005885,0.161338,-0.017402,-0.671554,-0.037155,-3.230863,False
2024-11-21,-0.712969,-0.807800,-0.001851,-0.002956,0.003745,-0.006647,0.005925,-0.005880,0.161338,-0.017402,-0.671527,-0.041442,-3.603672,True
2024-11-22,-0.699909,-0.807919,-0.001815,-0.002810,0.003742,-0.006667,0.005919,-0.005875,0.161338,-0.017402,-0.671488,-0.028421,-2.471370,False
2024-11-23,-0.695797,-0.808039,-0.001770,-0.002660,0.003738,-0.006686,0.005913,-0.005870,0.161338,-0.017402,-0.671439,-0.024358,-2.118104,False
2024-11-24,-0.696746,-0.808158,-0.001717,-0.002508,0.003733,-0.006706,0.005906,-0.005865,0.161338,-0.017402,-0.671379,-0.025367,-2.205838,False
2024-11-25,-0.691975,-0.808278,-0.001656,-0.002352,0.003727,-0.006725,0.005899,-0.005860,0.161338,-0.017402,-0.671309,-0.020666,-1.797059,False
2024-11-26,-0.696034,-0.808397,-0.001587,-0.002194,0.003719,-0.006744,0.005893,-0.005855,0.161338,-0.017402,-0.671229,-0.024805,-2.156941,False
2024-11-27,-0.688281,-0.808517,-0.001510,-0.002033,0.003711,-0.006763,0.005886,-0.005850,0.161338,-0.017402,-0.671140,-0.017141,-1.490486,False
2024-11-28,-0.683335,-0.808636,-0.001427,-0.001869,0.003701,-0.006782,0.005879,-0.005845,0.161338,-0.017402,-0.671043,-0.012292,-1.068861,False
2024-11-29,-0.686658,-0.808756,-0.001336,-0.001704,0.003691,-0.006801,0.005872,-0.005840,0.161338,-0.017402,-0.670938,-0.015720,-1.366974,False
2024-11-30,-0.689727,-0.808875,-0.001240,-0.001536,0.003679,-0.006819,0.005865,-0.005835,0.161338,-0.017402,-0.670825,-0.018902,-1.643639,False
2024-12-01,-0.691848,-0.808995,-0.001137,-0.001367,0.003666,-0.006837,0.005858,-0.005830,0.161338,-0.017402,-0.670706,-0.021142,-1.838453,False
2024-12-02,-0.699076,-0.809114,-0.001029,-0.001196,0.003652,-0.006855,0.005851,-0.005825,0.161338,-0.017402,-0.670580,-0.028496,-2.477879,False
2024-12-03,-0.699464,-0.809234,-0.000916,-0.001023,0.003637,-0.006873,0.005843,-0.005820,0.161338,-0.017402,-0.670450,-0.029014,-2.522985,False
2024-12-04,-0.693295,-0.809353,-0.000799,-0.000850,0.003621,-0.006891,0.005836,-0.005815,0.161338,-0.017402,-0.670314,-0.022981,-1.998317,False
2024-12-05,-0.689958,-0.809473,-0.000679,-0.000675,0.003604,-0.006908,0.005828,-0.005810,0.161338,-0.017402,-0.670175,-0.019783,-1.720244,False
2024-12-06,-0.689336,-0.809592,-0.000555,-0.000500,0.003586,-0.006925,0.005821,-0.005804,0.161338,-0.017402,-0.670033,-0.019303,-1.678525,False
2024-12-07,-0.688175,-0.809712,-0.000428,-0.000324,0.003566,-0.006942,0.005813,-0.005799,0.161338,-0.017402,-0.669888,-0.018287,-1.590137,False
2024-12-08,-0.689229,-0.809831,-0.000299,-0.000147,0.003546,-0.006959,0.005806,-0.005794,0.161338,-0.017402,-0.669742,-0.019487,-1.694486,False
2024-12-09,-0.688455,-0.809951,-0.000169,0.000029,0.003525,-0.006975,0.005798,-0.005789,0.161338,-0.017402,-0.669596,-0.018859,-1.639939,False
2024-12-10,-0.690128,-0.810070,-0.000038,0.000206,0.003502,-0.006992,0.005790,-0.005783,0.161338,-0.017402,-0.669449,-0.020679,-1.798163,False
2024-12-11,-0.691035,-0.810190,0.000093,0.000382,0.003479,-0.007008,0.005782,-0.005778,0.161338,-0.017402,-0.669303,-0.021732,-1.889696,False
2024-12-12,-0.697679,-0.810309,0.000223,0.000558,0.003455,-0.007024,0.005774,-0.005773,0.161338,-0.017402,-0.669160,-0.028519,-2.479945,False
2024-12-13,-0.695353,-0.810429,0.000353,0.000733,0.003429,-0.007040,0.005766,-0.005767,0.161338,-0.017402,-0.669018,-0.026335,-2.289969,False
2024-12-14,-0.688572,-0.810548,0.000481,0.000907,0.003403,-0.007055,0.005758,-0.005762,0.161338,-0.017402,-0.668880,-0.019692,-1.712308,False
2024-12-15,-0.685621,-0.810668,0.000606,0.001081,0.003375,-0.007071,0.005750,-0.005757,0.161338,-0.017402,-0.668747,-0.016874,-1.467326,False
2024-12-16,-0.694704,-0.810787,0.000729,0.001253,0.003347,-0.007086,0.005742,-0.005751,0.161338,-0.017402,-0.668618,-0.026086,-2.268346,False
2024-12-17,-0.689264,-0.810907,0.000848,0.001423,0.003317,-0.007101,0.005733,-0.005746,0.161338,-0.017402,-0.668495,-0.020769,-1.805996,False
2024-12-18,-0.693690,-0.811026,0.000964,0.001592,0.003287,-0.007116,0.005725,-0.005740,0.161338,-0.017402,-0.668379,-0.025311,-2.200994,False
2024-12-19,-0.693434,-0.811146,0.001074,0.001759,0.003255,-0.007130,0.005717,-0.005735,0.161338,-0.017402,-0.668269,-0.025165,-2.188232,False
2024-12-20,-0.688250,-0.811265,0.001180,0.001924,0.003223,-0.007145,0.005708,-0.005730,0.161338,-0.017402,-0.668168,-0.020082,-1.746257,False
2024-12-21,-0.689050,-0.811385,0.001280,0.002086,0.003190,-0.007159,0.005699,-0.005724,0.161338,-0.017402,-0.668075,-0.020975,-1.823880,False
2024-12-22,-0.687643,-0.811504,0.001374,0.002246,0.003156,-0.007173,0.005691,-0.005718,0.161338,-0.017402,-0.667992,-0.019651,-1.708783,False
2024-12-23,-0.707252,-0.811623,0.001462,0.002404,0.003120,-0.007186,0.005682,-0.005713,0.161338,-0.017402,-0.667919,-0.039333,-3.420303,True
2024-12-24,-0.707365,-0.811743,0.001543,0.002559,0.003084,-0.007200,0.005673,-0.005707,0.161338,-0.017402,-0.667856,-0.039509,-3.435607,True
2024-12-25,-0.707478,-0.811862,0.001616,0.002710,0.003047,-0.007213,0.005664,-0.005702,0.161338,-0.017402,-0.667804,-0.039674,-3.449950,True
2024-12-26,-0.707591,-0.811982,0.001682,0.002859,0.003009,-0.007226,0.005655,-0.005696,0.161338,-0.017402,-0.667763,-0.039828,-3.463288,True
2024-12-27,-0.687681,-0.812101,0.001740,0.003004,0.002971,-0.007239,0.005646,-0.005691,0.161338,-0.017402,-0.667735,-0.019946,-1.734449,False
2024-12-28,-0.686719,-0.812221,0.001790,0.003145,0.002931,-0.007252,0.005637,-0.005685,0.161338,-0.017402,-0.667719,-0.019000,-1.652179,False
2024-12-29,-0.687013,-0.812340,0.001831,0.003283,0.002890,-0.007264,0.005628,-0.005679,0.161338,-0.017402,-0.667716,-0.019297,-1.678009,False
2024-12-30,-0.688786,-0.812460,0.001864,0.003417,0.002849,-0.007277,0.005618,-0.005674,0.161338,-0.017402,-0.667726,-0.021060,-1.831300,False
2024-12-31,-0.679111,-0.812579,0.001888,0.003547,0.002807,-0.007289,0.005609,-0.005668,0.161338,-0.017402,-0.667750,-0.011361,-0.987939,False
