date,dN,dN_trend,dN_0.25yr,dN_0.5yr,dN_1yr,dN_3.12yr,dN_4.38yr,dN_8.18yr,dN_jump,dN_exp,dN_model,dN_noise,dN_wtest,flagged
2010-01-02,-0.039993,-0.038163,0.000198,-0.000261,0.000938,-0.000225,-0.000807,-0.000168,0.000000,0.000000,-0.038488,-0.001505,-0.601905,False
2010-01-03,-0.041075,-0.038200,0.000192,-0.000282,0.000934,-0.000227,-0.000808,-0.000171,0.000000,0.000000,-0.038562,-0.002513,-1.005259,False
2010-01-04,-0.041032,-0.038237,0.000185,-0.000303,0.000930,-0.000228,-0.000810,-0.000174,0.000000,0.000000,-0.038636,-0.002396,-0.958279,False
2010-01-05,-0.040119,-0.038274,0.000177,-0.000323,0.000926,-0.000229,-0.000812,-0.000177,0.000000,0.000000,-0.038712,-0.001407,-0.562990,False
2010-01-06,-0.041616,-0.038311,0.000169,-0.000343,0.000922,-0.000230,-0.000813,-0.000180,0.000000,0.000000,-0.038787,-0.002829,-1.131416,False
2010-01-07,-0.039990,-0.038348,0.000159,-0.000362,0.000917,-0.000232,-0.000815,-0.000183,0.000000,0.000000,-0.038864,-0.001126,-0.450384,False
2010-01-08,-0.040465,-0.038385,0.000149,-0.000381,0.000912,-0.000233,-0.000817,-0.000186,0.000000,0.000000,-0.038941,-0.001524,-0.609520,False
2010-01-09,-0.041396,-0.038423,0.000138,-0.000400,0.000906,-0.000234,-0.000818,-0.000189,0.000000,0.000000,-0.039019,-0.002377,-0.950855,False
2010-01-10,-0.039484,-0.038460,0.000127,-0.000418,0.000901,-0.000235,-0.000820,-0.000192,0.000000,0.000000,-0.039097,-0.000387,-0.154818,False
2010-01-11,-0.039943,-0.038497,0.000114,-0.000435,0.000895,-0.000236,-0.000821,-0.000195,0.000000,0.000000,-0.039175,-0.000768,-0.307041,False
2010-01-12,-0.042144,-0.038534,0.000102,-0.000452,0.000889,-0.000237,-0.000823,-0.000198,0.000000,0.000000,-0.039254,-0.002890,-1.155955,False
2010-01-13,-0.042993,-0.038571,0.000089,-0.000469,0.000882,-0.000239,-0.000824,-0.000201,0.000000,0.000000,-0.039333,-0.003660,-1.463993,False
2010-01-14,-0.043308,-0.038608,0.000075,-0.000485,0.000876,-0.000240,-0.000826,-0.000204,0.000000,0.000000,-0.039412,-0.003896,-1.558390,False
2010-01-15,-0.042217,-0.038645,0.000061,-0.000500,0.000869,-0.000241,-0.000827,-0.000207,0.000000,0.000000,-0.039491,-0.002726,-1.090378,False
2010-01-16,-0.041556,-0.038682,0.000047,-0.000515,0.000862,-0.000242,-0.000829,-0.000210,0.000000,0.000000,-0.039570,-0.001986,-0.794394,False
2010-01-17,-0.044770,-0.038720,0.000032,-0.000529,0.000854,-0.000243,-0.000830,-0.000213,0.000000,0.000000,-0.039649,-0.005121,-2.048471,False
2010-01-18,-0.042822,-0.038757,0.000018,-0.000543,0.000847,-0.000244,-0.000832,-0.000216,0.000000,0.000000,-0.039727,-0.003095,-1.237845,False
2010-01-19,-0.043459,-0.038794,0.000003,-0.000556,0.000839,-0.000245,-0.000833,-0.000219,0.000000,0.000000,-0.039806,-0.003653,-1.461351,False
2010-01-20,-0.040507,-0.038831,-0.000012,-0.000568,0.000831,-0.000247,-0.000835,-0.000222,0.000000,0.000000,-0.039883,-0.000624,-0.249424,False
2010-01-21,-0.042718,-0.038868,-0.000026,-0.000579,0.000822,-0.000248,-0.000836,-0.000225,0.000000,0.000000,-0.039961,-0.002757,-1.102899,False
2010-01-22,-0.045034,-0.038905,-0.000041,-0.000590,0.000814,-0.000249,-0.000838,-0.000228,0.000000,0.000000,-0.040037,-0.004997,-1.998609,False
2010-01-23,-0.043823,-0.038942,-0.000055,-0.000601,0.000805,-0.000250,-0.000839,-0.000231,0.000000,0.000000,-0.040114,-0.003709,-1.483789,False
2010-01-24,-0.044141,-0.038979,-0.000069,-0.000610,0.000796,-0.000251,-0.000841,-0.000234,0.000000,0.000000,-0.040189,-0.003952,-1.580872,False
2010-01-25,-0.042854,-0.039017,-0.000083,-0.000619,0.000786,-0.000252,-0.000842,-0.000237,0.000000,0.000000,-0.040263,-0.002591,-1.036291,False
2010-01-26,-0.044336,-0.039054,-0.000097,-0.000627,0.000777,-0.000253,-0.000843,-0.000240,0.000000,0.000000,-0.040337,-0.003999,-1.599675,False
2010-01-27,-0.045199,-0.039091,-0.000109,-0.000634,0.000767,-0.000254,-0.000845,-0.000243,0.000000,0.000000,-0.040409,-0.004790,-1.915857,False
2010-01-28,-0.044796,-0.039128,-0.000122,-0.000641,0.000757,-0.000255,-0.000846,-0.000246,0.000000,0.000000,-0.040481,-0.004315,-1.726064,False
2010-01-29,-0.045361,-0.039165,-0.000134,-0.000646,0.000746,-0.000256,-0.000847,-0.000249,0.000000,0.000000,-0.040551,-0.004810,-1.923925,False
2010-01-30,-0.044755,-0.039202,-0.000145,-0.000651,0.000736,-0.000257,-0.000849,-0.000252,0.000000,0.000000,-0.040620,-0.004135,-1.653866,False
2010-01-31,-0.043839,-0.039239,-0.000155,-0.000656,0.000725,-0.000258,-0.000850,-0.000255,0.000000,0.000000,-0.040688,-0.003151,-1.260312,False
2010-02-01,-0.044397,-0.039277,-0.000165,-0.000659,0.000714,-0.000259,-0.000851,-0.000258,0.000000,0.000000,-0.040755,-0.003642,-1.456887,False
2010-02-02,-0.044294,-0.039314,-0.000174,-0.000662,0.000703,-0.000260,-0.000853,-0.000261,0.000000,0.000000,-0.040820,-0.003474,-1.389610,False
2010-02-03,-0.043842,-0.039351,-0.000182,-0.000664,0.000692,-0.000261,-0.000854,-0.000264,0.000000,0.000000,-0.040884,-0.002958,-1.183303,False
2010-02-04,-0.042644,-0.039388,-0.000189,-0.000665,0.000680,-0.000262,-0.000855,-0.000267,0.000000,0.000000,-0.040946,-0.001698,-0.679183,False
2010-02-05,-0.046100,-0.039425,-0.000196,-0.000665,0.000668,-0.000263,-0.000856,-0.000270,0.000000,0.000000,-0.041007,-0.005093,-2.037266,False
2010-02-06,-0.043860,-0.039462,-0.000201,-0.000665,0.000656,-0.000264,-0.000858,-0.000273,0.000000,0.000000,-0.041066,-0.002794,-1.117564,False
2010-02-07,-0.042242,-0.039499,-0.000206,-0.000663,0.000644,-0.000265,-0.000859,-0.000276,0.000000,0.000000,-0.041124,-0.001118,-0.447291,False
2010-02-08,-0.045838,-0.039536,-0.000209,-0.000661,0.000632,-0.000266,-0.000860,-0.000279,0.000000,0.000000,-0.041180,-0.004658,-1.863255,False
2010-02-09,-0.042904,-0.039574,-0.000212,-0.000658,0.000619,-0.000267,-0.000861,-0.000282,0.000000,0.000000,-0.041234,-0.001670,-0.667863,False
2010-02-10,-0.042798,-0.039611,-0.000213,-0.000655,0.000607,-0.000268,-0.000862,-0.000285,0.000000,0.000000,-0.041287,-0.001511,-0.604321,False
2010-02-11,-0.041549,-0.039648,-0.000214,-0.000650,0.000594,-0.000269,-0.000864,-0.000288,0.000000,0.000000,-0.041338,-0.000210,-0.084031,False
2010-02-12,-0.040299,-0.039685,-0.000213,-0.000645,0.000581,-0.000270,-0.000865,-0.000290,0.000000,0.000000,-0.041388,0.001089,0.435606,False
2010-02-13,-0.042967,-0.039722,-0.000212,-0.000639,0.000567,-0.000271,-0.000866,-0.000293,0.000000,0.000000,-0.041436,-0.001531,-0.612408,False
2010-02-14,-0.040621,-0.039759,-0.000209,-0.000633,0.000554,-0.000272,-0.000867,-0.000296,0.000000,0.000000,-0.041482,0.000861,0.344532,False
2010-02-15,-0.041502,-0.039796,-0.000206,-0.000625,0.000540,-0.000273,-0.000868,-0.000299,0.000000,0.000000,-0.041527,0.000025,0.010031,False
2010-02-16,-0.041903,-0.039833,-0.000201,-0.000617,0.000527,-0.000274,-0.000869,-0.000302,0.000000,0.000000,-0.041570,-0.000333,-0.133101,False
2010-02-17,-0.045190,-0.039871,-0.000196,-0.000608,0.000513,-0.000274,-0.000870,-0.000305,0.000000,0.000000,-0.041612,-0.003578,-1.431255,False
2010-02-18,-0.045321,-0.039908,-0.000190,-0.000598,0.000499,-0.000275,-0.000871,-0.000308,0.000000,0.000000,-0.041652,-0.003669,-1.467618,False
2010-02-19,-0.044321,-0.039945,-0.000182,-0.000588,0.000485,-0.000276,-0.000872,-0.000311,0.000000,0.000000,-0.041691,-0.002630,-1.052173,False
2010-02-20,-0.044396,-0.039982,-0.000174,-0.000577,0.000470,-0.000277,-0.000873,-0.000314,0.000000,0.000000,-0.041728,-0.002668,-1.067306,False
2010-02-21,-0.041360,-0.040019,-0.000165,-0.000565,0.000456,-0.000278,-0.000874,-0.000317,0.000000,0.000000,-0.041764,0.000404,0.161405,False
2010-02-22,-0.044497,-0.040056,-0.000156,-0.000553,0.000441,-0.000279,-0.000875,-0.000320,0.000000,0.000000,-0.041798,-0.002699,-1.079622,False
2010-02-23,-0.046193,-0.040093,-0.000145,-0.000540,0.000426,-0.000280,-0.000876,-0.000323,0.000000,0.000000,-0.041831,-0.004362,-1.744763,False
2010-02-24,-0.044633,-0.040131,-0.000134,-0.000526,0.000412,-0.000280,-0.000877,-0.000326,0.000000,0.000000,-0.041863,-0.002770,-1.107993,False
2010-02-25,-0.041953,-0.040168,-0.000122,-0.000512,0.000397,-0.000281,-0.000878,-0.000329,0.000000,0.000000,-0.041894,-0.000059,-0.023688,False
2010-02-26,-0.042495,-0.040205,-0.000110,-0.000497,0.000381,-0.000282,-0.000879,-0.000332,0.000000,0.000000,-0.041923,-0.000572,-0.228620,False
2010-02-27,-0.042730,-0.040242,-0.000097,-0.000482,0.000366,-0.000283,-0.000880,-0.000335,0.000000,0.000000,-0.041952,-0.000778,-0.311159,False
2010-02-28,-0.043115,-0.040279,-0.000084,-0.000465,0.000351,-0.000284,-0.000881,-0.000338,0.000000,0.000000,-0.041980,-0.001135,-0.454077,False
2010-03-01,-0.041658,-0.040316,-0.000070,-0.000449,0.000335,-0.000284,-0.000882,-0.000341,0.000000,0.000000,-0.042007,0.000349,0.139459,False
2010-03-02,-0.044669,-0.040353,-0.000056,-0.000432,0.000320,-0.000285,-0.000883,-0.000344,0.000000,0.000000,-0.042033,-0.002636,-1.054521,False
2010-03-03,-0.044338,-0.040390,-0.000041,-0.000414,0.000304,-0.000286,-0.000884,-0.000347,0.000000,0.000000,-0.042058,-0.002280,-0.911982,False
2010-03-04,-0.044075,-0.040428,-0.000027,-0.000396,0.000289,-0.000287,-0.000885,-0.000349,0.000000,0.000000,-0.042083,-0.001992,-0.796892,False
2010-03-05,-0.044533,-0.040465,-0.000012,-0.000377,0.000273,-0.000287,-0.000886,-0.000352,0.000000,0.000000,-0.042107,-0.002426,-0.970415,False
2010-03-06,-0.042419,-0.040502,0.000003,-0.000358,0.000257,-0.000288,-0.000887,-0.000355,0.000000,0.000000,-0.042131,-0.000288,-0.115318,False
2010-03-07,-0.042828,-0.040539,0.000017,-0.000339,0.000241,-0.000289,-0.000887,-0.000358,0.000000,0.000000,-0.042154,-0.000674,-0.269565,False
2010-03-08,-0.042418,-0.040576,0.000032,-0.000319,0.000225,-0.000290,-0.000888,-0.000361,0.000000,0.000000,-0.042177,-0.000241,-0.096321,False
2010-03-09,-0.043885,-0.040613,0.000046,-0.000299,0.000209,-0.000290,-0.000889,-0.000364,0.000000,0.000000,-0.042200,-0.001685,-0.673950,False
2010-03-10,-0.043998,-0.040650,0.000061,-0.000278,0.000193,-0.000291,-0.000890,-0.000367,0.000000,0.000000,-0.042223,-0.001775,-0.710018,False
2010-03-11,-0.044355,-0.040687,0.000075,-0.000257,0.000176,-0.000292,-0.000891,-0.000370,0.000000,0.000000,-0.042246,-0.002109,-0.843690,False
2010-03-12,-0.044455,-0.040725,0.000088,-0.000236,0.000160,-0.000292,-0.000891,-0.000373,0.000000,0.000000,-0.042269,-0.002186,-0.874530,False
2010-03-13,-0.044126,-0.040762,0.000101,-0.000214,0.000144,-0.000293,-0.000892,-0.000376,0.000000,0.000000,-0.042292,-0.001834,-0.733706,False
2010-03-14,-0.044719,-0.040799,0.000114,-0.000192,0.000127,-0.000294,-0.000893,-0.000379,0.000000,0.000000,-0.042315,-0.002404,-0.961584,False
2010-03-15,-0.043170,-0.040836,0.000126,-0.000170,0.000111,-0.000294,-0.000894,-0.000382,0.000000,0.000000,-0.042339,-0.000831,-0.332532,False
2010-03-16,-0.042488,-0.040873,0.000138,-0.000148,0.000095,-0.000295,-0.000894,-0.000385,0.000000,0.000000,-0.042363,-0.000125,-0.050117,False
2010-03-17,-0.045276,-0.040910,0.000149,-0.000126,0.000078,-0.000296,-0.000895,-0.000387,0.000000,0.000000,-0.042387,-0.002889,-1.155509,False
2010-03-18,-0.042985,-0.040947,0.000159,-0.000103,0.000062,-0.000296,-0.000896,-0.000390,0.000000,0.000000,-0.042412,-0.000573,-0.229080,False
2010-03-19,-0.043640,-0.040985,0.000169,-0.000080,0.000045,-0.000297,-0.000896,-0.000393,0.000000,0.000000,-0.042438,-0.001202,-0.480800,False
2010-03-20,-0.044711,-0.041022,0.000177,-0.000058,0.000029,-0.000298,-0.000897,-0.000396,0.000000,0.000000,-0.042464,-0.002247,-0.898644,False
2010-03-21,-0.044809,-0.041059,0.000185,-0.000035,0.000012,-0.000298,-0.000898,-0.000399,0.000000,0.000000,-0.042492,-0.002317,-0.926985,False
2010-03-22,-0.045137,-0.041096,0.000192,-0.000012,-0.000004,-0.000299,-0.000898,-0.000402,0.000000,0.000000,-0.042519,-0.002618,-1.047001,False
2010-03-23,-0.045045,-0.041133,0.000198,0.000011,-0.000021,-0.000299,-0.000899,-0.000405,0.000000,0.000000,-0.042548,-0.002497,-0.998669,False
2010-03-24,-0.041803,-0.041170,0.000203,0.000034,-0.000037,-0.000300,-0.000900,-0.000408,0.000000,0.000000,-0.042578,0.000775,0.310031,False
2010-03-25,-0.044206,-0.041207,0.000207,0.000057,-0.000054,-0.000301,-0.000900,-0.000411,0.000000,0.000000,-0.042609,-0.001597,-0.638882,False
2010-03-26,-0.044557,-0.041244,0.000210,0.000079,-0.000070,-0.000301,-0.000901,-0.000414,0.000000,0.000000,-0.042641,-0.001916,-0.766591,False
2010-03-27,-0.044457,-0.041282,0.000213,0.000102,-0.000087,-0.000302,-0.000901,-0.000416,0.000000,0.000000,-0.042673,-0.001784,-0.713482,False
2010-03-28,-0.045024,-0.041319,0.000214,0.000125,-0.000103,-0.000302,-0.000902,-0.000419,0.000000,0.000000,-0.042707,-0.002317,-0.926743,False
2010-03-29,-0.047166,-0.041356,0.000214,0.000147,-0.000120,-0.000303,-0.000902,-0.000422,0.000000,0.000000,-0.042742,-0.004424,-1.769561,False
2010-03-30,-0.045143,-0.041393,0.000213,0.000169,-0.000136,-0.000303,-0.000903,-0.000425,0.000000,0.000000,-0.042778,-0.002365,-0.945928,False
2010-03-31,-0.045994,-0.041430,0.000211,0.000191,-0.000153,-0.000304,-0.000903,-0.000428,0.000000,0.000000,-0.042815,-0.003179,-1.271437,False
2010-04-01,-0.046067,-0.041467,0.000208,0.000213,-0.000169,-0.000304,-0.000904,-0.000431,0.000000,0.000000,-0.042854,-0.003213,-1.285283,False
2010-04-02,-0.045483,-0.041504,0.000204,0.000235,-0.000185,-0.000305,-0.000904,-0.000434,0.000000,0.000000,-0.042893,-0.002590,-1.035864,False
2010-04-03,-0.044589,-0.041541,0.000200,0.000256,-0.000201,-0.000305,-0.000905,-0.000437,0.000000,0.000000,-0.042934,-0.001655,-0.661978,False
2010-04-04,-0.046241,-0.041579,0.000194,0.000277,-0.000217,-0.000306,-0.000905,-0.000440,0.000000,0.000000,-0.042976,-0.003265,-1.306026,False
2010-04-05,-0.045393,-0.041616,0.000187,0.000298,-0.000233,-0.000306,-0.000906,-0.000442,0.000000,0.000000,-0.043019,-0.002374,-0.949612,False
2010-04-06,-0.047433,-0.041653,0.000179,0.000318,-0.000249,-0.000307,-0.000906,-0.000445,0.000000,0.000000,-0.043063,-0.004370,-1.747939,False
2010-04-07,-0.045791,-0.041690,0.000171,0.000338,-0.000265,-0.000307,-0.000907,-0.000448,0.000000,0.000000,-0.043108,-0.002683,-1.073016,False
2010-04-08,-0.047007,-0.041727,0.000162,0.000357,-0.000281,-0.000308,-0.000907,-0.000451,0.000000,0.000000,-0.043155,-0.003852,-1.540849,False
2010-04-09,-0.045783,-0.041764,0.000152,0.000376,-0.000297,-0.000308,-0.000907,-0.000454,0.000000,0.000000,-0.043202,-0.002581,-1.032250,False
2010-04-10,-0.044790,-0.041801,0.000141,0.000395,-0.000313,-0.000309,-0.000908,-0.000457,0.000000,0.000000,-0.043251,-0.001539,-0.615631,False
2010-04-11,-0.045340,-0.041839,0.000130,0.000413,-0.000328,-0.000309,-0.000908,-0.000460,0.000000,0.000000,-0.043300,-0.002040,-0.815803,False
2010-04-12,-0.045135,-0.041876,0.000118,0.000431,-0.000344,-0.000309,-0.000908,-0.000463,0.000000,0.000000,-0.043351,-0.001784,-0.713584,False
2010-04-13,-0.043022,-0.041913,0.000105,0.000448,-0.000359,-0.000310,-0.000909,-0.000465,0.000000,0.000000,-0.043403,0.000381,0.152212,False
2010-04-14,-0.044072,-0.041950,0.000092,0.000465,-0.000374,-0.000310,-0.000909,-0.000468,0.000000,0.000000,-0.043455,-0.000617,-0.246833,False
2010-04-15,-0.044790,-0.041987,0.000078,0.000481,-0.000390,-0.000310,-0.000909,-0.000471,0.000000,0.000000,-0.043508,-0.001282,-0.512738,False
2010-04-16,-0.045507,-0.042024,0.000065,0.000496,-0.000405,-0.000311,-0.000910,-0.000474,0.000000,0.000000,-0.043562,-0.001945,-0.777923,False
2010-04-17,-0.043711,-0.042061,0.000050,0.000511,-0.000419,-0.000311,-0.000910,-0.000477,0.000000,0.000000,-0.043617,-0.000094,-0.037609,False
2010-04-18,-0.043925,-0.042098,0.000036,0.000526,-0.000434,-0.000312,-0.000910,-0.000480,0.000000,0.000000,-0.043672,-0.000253,-0.101016,False
2010-04-19,-0.043874,-0.042136,0.000021,0.000539,-0.000449,-0.000312,-0.000910,-0.000483,0.000000,0.000000,-0.043729,-0.000145,-0.058168,False
2010-04-20,-0.044548,-0.042173,0.000007,0.000552,-0.000464,-0.000312,-0.000911,-0.000485,0.000000,0.000000,-0.043785,-0.000763,-0.305087,False
2010-04-21,-0.044538,-0.042210,-0.000008,0.000565,-0.000478,-0.000313,-0.000911,-0.000488,0.000000,0.000000,-0.043843,-0.000695,-0.278197,False
2010-04-22,-0.045544,-0.042247,-0.000023,0.000577,-0.000492,-0.000313,-0.000911,-0.000491,0.000000,0.000000,-0.043900,-0.001644,-0.657521,False
2010-04-23,-0.044926,-0.042284,-0.000037,0.000588,-0.000506,-0.000313,-0.000911,-0.000494,0.000000,0.000000,-0.043958,-0.000968,-0.387084,False
2010-04-24,-0.043540,-0.042321,-0.000052,0.000598,-0.000520,-0.000313,-0.000911,-0.000497,0.000000,0.000000,-0.044017,0.000477,0.190690,False
2010-04-25,-0.044732,-0.042358,-0.000066,0.000608,-0.000534,-0.000314,-0.000912,-0.000500,0.000000,0.000000,-0.044075,-0.000657,-0.262622,False
2010-04-26,-0.042980,-0.042395,-0.000080,0.000617,-0.000548,-0.000314,-0.000912,-0.000502,0.000000,0.000000,-0.044134,0.001154,0.461756,False
2010-04-27,-0.043558,-0.042433,-0.000093,0.000625,-0.000561,-0.000314,-0.000912,-0.000505,0.000000,0.000000,-0.044193,0.000635,0.254199,False
2010-04-28,-0.046796,-0.042470,-0.000106,0.000632,-0.000575,-0.000315,-0.000912,-0.000508,0.000000,0.000000,-0.044253,-0.002543,-1.017315,False
2010-04-29,-0.046052,-0.042507,-0.000119,0.000639,-0.000588,-0.000315,-0.000912,-0.000511,0.000000,0.000000,-0.044312,-0.001740,-0.696009,False
2010-04-30,-0.044828,-0.042544,-0.000131,0.000645,-0.000601,-0.000315,-0.000912,-0.000514,0.000000,0.000000,-0.044371,-0.000457,-0.182705,False
2010-05-01,-0.045997,-0.042581,-0.000142,0.000650,-0.000613,-0.000315,-0.000912,-0.000517,0.000000,0.000000,-0.044430,-0.001567,-0.626625,False
2010-05-02,-0.046916,-0.042618,-0.000153,0.000655,-0.000626,-0.000315,-0.000912,-0.000519,0.000000,0.000000,-0.044490,-0.002426,-0.970590,False
2010-05-03,-0.047835,-0.042655,-0.000163,0.000658,-0.000639,-0.000316,-0.000912,-0.000522,0.000000,0.000000,-0.044548,-0.003287,-1.314618,False
2010-05-04,-0.049104,-0.042693,-0.000172,0.000661,-0.000651,-0.000316,-0.000912,-0.000525,0.000000,0.000000,-0.044607,-0.004497,-1.798729,False
2010-05-05,-0.047188,-0.042730,-0.000180,0.000663,-0.000663,-0.000316,-0.000912,-0.000528,0.000000,0.000000,-0.044666,-0.002522,-1.008939,False
2010-05-06,-0.046949,-0.042767,-0.000188,0.000664,-0.000675,-0.000316,-0.000912,-0.000531,0.000000,0.000000,-0.044724,-0.002225,-0.890066,False
2010-05-07,-0.046326,-0.042804,-0.000194,0.000665,-0.000686,-0.000316,-0.000912,-0.000533,0.000000,0.000000,-0.044782,-0.001544,-0.617724,False
2010-05-08,-0.044328,-0.042841,-0.000200,0.000665,-0.000698,-0.000316,-0.000912,-0.000536,0.000000,0.000000,-0.044839,0.000511,0.204473,False
2010-05-09,-0.043052,-0.042878,-0.000205,0.000664,-0.000709,-0.000317,-0.000912,-0.000539,0.000000,0.000000,-0.044896,0.001844,0.737712,False
2010-05-10,-0.045118,-0.042915,-0.000209,0.000662,-0.000720,-0.000317,-0.000912,-0.000542,0.000000,0.000000,-0.044953,-0.000165,-0.066016,False
2010-05-11,-0.047572,-0.042952,-0.000211,0.000659,-0.000731,-0.000317,-0.000912,-0.000545,0.000000,0.000000,-0.045009,-0.002563,-1.025122,False
2010-05-12,-0.046306,-0.042990,-0.000213,0.000656,-0.000742,-0.000317,-0.000912,-0.000547,0.000000,0.000000,-0.045065,-0.001241,-0.496413,False
2010-05-13,-0.047154,-0.043027,-0.000214,0.000652,-0.000752,-0.000317,-0.000912,-0.000550,0.000000,0.000000,-0.045120,-0.002034,-0.813496,False
2010-05-14,-0.047472,-0.043064,-0.000214,0.000647,-0.000762,-0.000317,-0.000912,-0.000553,0.000000,0.000000,-0.045175,-0.002297,-0.918775,False
2010-05-15,-0.047926,-0.043101,-0.000212,0.000641,-0.000772,-0.000317,-0.000912,-0.000556,0.000000,0.000000,-0.045229,-0.002697,-1.078653,False
2010-05-16,-0.047887,-0.043138,-0.000210,0.000634,-0.000782,-0.000317,-0.000912,-0.000559,0.000000,0.000000,-0.045283,-0.002604,-1.041532,False
2010-05-17,-0.049130,-0.043175,-0.000207,0.000627,-0.000791,-0.000317,-0.000911,-0.000561,0.000000,0.000000,-0.045336,-0.003794,-1.517412,False
2010-05-18,-0.049837,-0.043212,-0.000203,0.000619,-0.000800,-0.000318,-0.000911,-0.000564,0.000000,0.000000,-0.045389,-0.004448,-1.779091,False
2010-05-19,-0.048088,-0.043249,-0.000197,0.000610,-0.000809,-0.000318,-0.000911,-0.000567,0.000000,0.000000,-0.045442,-0.002646,-1.058566,False
2010-05-20,-0.049731,-0.043287,-0.000191,0.000601,-0.000818,-0.000318,-0.000911,-0.000570,0.000000,0.000000,-0.045493,-0.004238,-1.695033,False
2010-05-21,-0.049157,-0.043324,-0.000184,0.000591,-0.000827,-0.000318,-0.000911,-0.000572,0.000000,0.000000,-0.045545,-0.003612,-1.444885,False
2010-05-22,-0.047958,-0.043361,-0.000176,0.000580,-0.000835,-0.000318,-0.000910,-0.000575,0.000000,0.000000,-0.045596,-0.002362,-0.944915,False
2010-05-23,-0.047735,-0.043398,-0.000168,0.000568,-0.000843,-0.000318,-0.000910,-0.000578,0.000000,0.000000,-0.045646,-0.002089,-0.835513,False
2010-05-24,-0.048810,-0.043435,-0.000158,0.000556,-0.000851,-0.000318,-0.000910,-0.000581,0.000000,0.000000,-0.045696,-0.003114,-1.245471,False
2010-05-25,-0.048546,-0.043472,-0.000148,0.000543,-0.000858,-0.000318,-0.000910,-0.000584,0.000000,0.000000,-0.045746,-0.002800,-1.119976,False
2010-05-26,-0.047601,-0.043509,-0.000137,0.000530,-0.000866,-0.000318,-0.000909,-0.000586,0.000000,0.000000,-0.045795,-0.001806,-0.722215,False
2010-05-27,-0.046624,-0.043547,-0.000125,0.000516,-0.000873,-0.000318,-0.000909,-0.000589,0.000000,0.000000,-0.045845,-0.000779,-0.311777,False
2010-05-28,-0.046053,-0.043584,-0.000113,0.000501,-0.000879,-0.000318,-0.000909,-0.000592,0.000000,0.000000,-0.045893,-0.000160,-0.063845,False
2010-05-29,-0.046382,-0.043621,-0.000100,0.000485,-0.000886,-0.000318,-0.000908,-0.000595,0.000000,0.000000,-0.045942,-0.000440,-0.176004,False
2010-05-30,-0.046796,-0.043658,-0.000087,0.000470,-0.000892,-0.000317,-0.000908,-0.000597,0.000000,0.000000,-0.045990,-0.000806,-0.322239,False
2010-05-31,-0.049109,-0.043695,-0.000073,0.000453,-0.000898,-0.000317,-0.000908,-0.000600,0.000000,0.000000,-0.046039,-0.003070,-1.228132,False
2010-06-01,-0.048646,-0.043732,-0.000059,0.000436,-0.000904,-0.000317,-0.000907,-0.000603,0.000000,0.000000,-0.046087,-0.002559,-1.023666,False
2010-06-02,-0.048941,-0.043769,-0.000045,0.000419,-0.000909,-0.000317,-0.000907,-0.000606,0.000000,0.000000,-0.046135,-0.002806,-1.122423,False
2010-06-03,-0.049032,-0.043806,-0.000030,0.000400,-0.000914,-0.000317,-0.000907,-0.000608,0.000000,0.000000,-0.046183,-0.002849,-1.139719,False
2010-06-04,-0.049124,-0.043844,-0.000016,0.000382,-0.000919,-0.000317,-0.000906,-0.000611,0.000000,0.000000,-0.046231,-0.002893,-1.157002,False
2010-06-05,-0.049215,-0.043881,-0.000001,0.000363,-0.000924,-0.000317,-0.000906,-0.000614,0.000000,0.000000,-0.046279,-0.002936,-1.174254,False
2010-06-06,-0.046489,-0.043918,0.000014,0.000344,-0.000928,-0.000317,-0.000905,-0.000617,0.000000,0.000000,-0.046328,-0.000161,-0.064522,False
2010-06-07,-0.047348,-0.043955,0.000028,0.000324,-0.000932,-0.000317,-0.000905,-0.000619,0.000000,0.000000,-0.046376,-0.000972,-0.388722,False
2010-06-08,-0.047000,-0.043992,0.000043,0.000304,-0.000936,-0.000317,-0.000904,-0.000622,0.000000,0.000000,-0.046425,-0.000575,-0.230036,False
2010-06-09,-0.049127,-0.044029,0.000057,0.000283,-0.000940,-0.000316,-0.000904,-0.000625,0.000000,0.000000,-0.046474,-0.002653,-1.061246,False
2010-06-10,-0.047689,-0.044066,0.000071,0.000262,-0.000943,-0.000316,-0.000903,-0.000627,0.000000,0.000000,-0.046523,-0.001166,-0.466337,False
2010-06-11,-0.048372,-0.044103,0.000085,0.000241,-0.000946,-0.000316,-0.000903,-0.000630,0.000000,0.000000,-0.046573,-0.001799,-0.719690,False
2010-06-12,-0.048823,-0.044141,0.000098,0.000220,-0.000949,-0.000316,-0.000902,-0.000633,0.000000,0.000000,-0.046623,-0.002200,-0.880090,False
2010-06-13,-0.048392,-0.044178,0.000111,0.000198,-0.000951,-0.000316,-0.000902,-0.000636,0.000000,0.000000,-0.046673,-0.001718,-0.687391,False
2010-06-14,-0.047960,-0.044215,0.000123,0.000176,-0.000953,-0.000315,-0.000901,-0.000638,0.000000,0.000000,-0.046724,-0.001236,-0.494510,False
2010-06-15,-0.047529,-0.044252,0.000135,0.000154,-0.000955,-0.000315,-0.000901,-0.000641,0.000000,0.000000,-0.046775,-0.000754,-0.301435,False
2010-06-16,-0.047098,-0.044289,0.000146,0.000131,-0.000957,-0.000315,-0.000900,-0.000644,0.000000,0.000000,-0.046827,-0.000270,-0.108156,False
2010-06-17,-0.046666,-0.044326,0.000157,0.000109,-0.000958,-0.000315,-0.000900,-0.000646,0.000000,0.000000,-0.046880,0.000213,0.085339,False
2010-06-18,-0.046235,-0.044363,0.000166,0.000086,-0.000959,-0.000315,-0.000899,-0.000649,0.000000,0.000000,-0.046933,0.000698,0.279059,False
2010-06-19,-0.045804,-0.044401,0.000175,0.000063,-0.000960,-0.000314,-0.000898,-0.000652,0.000000,0.000000,-0.046986,0.001183,0.473010,False
2010-06-20,-0.044941,-0.044438,0.000183,0.000041,-0.000960,-0.000314,-0.000898,-0.000654,0.000000,0.000000,-0.047040,0.002099,0.839732,False
2010-06-21,-0.044941,-0.044475,0.000190,0.000018,-0.000960,-0.000314,-0.000897,-0.000657,0.000000,0.000000,-0.047095,0.002154,0.861629,False
2010-06-22,-0.048338,-0.044512,0.000197,-0.000005,-0.000960,-0.000314,-0.000897,-0.000660,0.000000,0.000000,-0.047150,-0.001188,-0.475028,False
2010-06-23,-0.047944,-0.044549,0.000202,-0.000028,-0.000960,-0.000313,-0.000896,-0.000663,0.000000,0.000000,-0.047206,-0.000738,-0.295040,False
2010-06-24,-0.045884,-0.044586,0.000206,-0.000051,-0.000959,-0.000313,-0.000895,-0.000665,0.000000,0.000000,-0.047263,0.001379,0.551593,False
2010-06-25,-0.047354,-0.044623,0.000210,-0.000074,-0.000958,-0.000313,-0.000894,-0.000668,0.000000,0.000000,-0.047320,-0.000034,-0.013530,False
2010-06-26,-0.048505,-0.044660,0.000212,-0.000096,-0.000957,-0.000312,-0.000894,-0.000671,0.000000,0.000000,-0.047378,-0.001127,-0.450816,False
2010-06-27,-0.049750,-0.044698,0.000214,-0.000119,-0.000955,-0.000312,-0.000893,-0.000673,0.000000,0.000000,-0.047436,-0.002314,-0.925468,False
2010-06-28,-0.048626,-0.044735,0.000214,-0.000142,-0.000953,-0.000312,-0.000892,-0.000676,0.000000,0.000000,-0.047495,-0.001131,-0.452296,False
2010-06-29,-0.046595,-0.044772,0.000213,-0.000164,-0.000951,-0.000311,-0.000892,-0.000679,0.000000,0.000000,-0.047555,0.000960,0.383891,False
2010-06-30,-0.046828,-0.044809,0.000212,-0.000186,-0.000949,-0.000311,-0.000891,-0.000681,0.000000,0.000000,-0.047615,0.000787,0.314682,False
2010-07-01,-0.047061,-0.044846,0.000209,-0.000208,-0.000946,-0.000311,-0.000890,-0.000684,0.000000,0.000000,-0.047675,0.000614,0.245662,False
2010-07-02,-0.047294,-0.044883,0.000205,-0.000229,-0.000943,-0.000310,-0.000889,-0.000687,0.000000,0.000000,-0.047736,0.000442,0.176818,False
2010-07-03,-0.047527,-0.044920,0.000201,-0.000251,-0.000940,-0.000310,-0.000888,-0.000689,0.000000,0.000000,-0.047797,0.000270,0.108133,False
2010-07-04,-0.047760,-0.044957,0.000195,-0.000272,-0.000936,-0.000309,-0.000888,-0.000692,0.000000,0.000000,-0.047859,0.000099,0.039587,False
2010-07-05,-0.047993,-0.044995,0.000189,-0.000292,-0.000932,-0.000309,-0.000887,-0.000695,0.000000,0.000000,-0.047921,-0.000072,-0.028838,False
2010-07-06,-0.048226,-0.045032,0.000181,-0.000313,-0.000928,-0.000309,-0.000886,-0.000697,0.000000,0.000000,-0.047983,-0.000243,-0.097166,False
2010-07-07,-0.049158,-0.045069,0.000173,-0.000333,-0.000924,-0.000308,-0.000885,-0.000700,0.000000,0.000000,-0.048045,-0.001113,-0.445018,False
2010-07-08,-0.049158,-0.045106,0.000164,-0.000353,-0.000919,-0.000308,-0.000884,-0.000702,0.000000,0.000000,-0.048108,-0.001050,-0.420020,False
2010-07-09,-0.049158,-0.045143,0.000154,-0.000372,-0.000914,-0.000307,-0.000883,-0.000705,0.000000,0.000000,-0.048171,-0.000987,-0.394996,False
2010-07-10,-0.049158,-0.045180,0.000144,-0.000390,-0.000909,-0.000307,-0.000882,-0.000708,0.000000,0.000000,-0.048233,-0.000925,-0.369976,False
2010-07-11,-0.049980,-0.045217,0.000133,-0.000409,-0.000904,-0.000306,-0.000881,-0.000710,0.000000,0.000000,-0.048296,-0.001684,-0.673786,False
2010-07-12,-0.048110,-0.045255,0.000121,-0.000427,-0.000898,-0.000306,-0.000880,-0.000713,0.000000,0.000000,-0.048358,0.000248,0.099143,False
2010-07-13,-0.049464,-0.045292,0.000108,-0.000444,-0.000892,-0.000306,-0.000880,-0.000716,0.000000,0.000000,-0.048420,-0.001044,-0.417617,False
2010-07-14,-0.047289,-0.045329,0.000095,-0.000461,-0.000886,-0.000305,-0.000879,-0.000718,0.000000,0.000000,-0.048482,0.001193,0.477101,False
2010-07-15,-0.052087,-0.045366,0.000082,-0.000477,-0.000879,-0.000305,-0.000878,-0.000721,0.000000,0.000000,-0.048543,-0.003544,-1.417535,False
2010-07-16,-0.049064,-0.045403,0.000068,-0.000493,-0.000872,-0.000304,-0.000877,-0.000723,0.000000,0.000000,-0.048604,-0.000460,-0.183956,False
2010-07-17,-0.051545,-0.045440,0.000054,-0.000508,-0.000865,-0.000304,-0.000876,-0.000726,0.000000,0.000000,-0.048665,-0.002880,-1.152195,False
2010-07-18,-0.049968,-0.045477,0.000040,-0.000522,-0.000858,-0.000303,-0.000875,-0.000729,0.000000,0.000000,-0.048724,-0.001244,-0.497486,False
2010-07-19,-0.047996,-0.045514,0.000025,-0.000536,-0.000851,-0.000302,-0.000874,-0.000731,0.000000,0.000000,-0.048783,0.000787,0.314939,False
2010-07-20,-0.048950,-0.045552,0.000010,-0.000549,-0.000843,-0.000302,-0.000873,-0.000734,0.000000,0.000000,-0.048842,-0.000108,-0.043354,False
2010-07-21,-0.050247,-0.045589,-0.000004,-0.000562,-0.000835,-0.000301,-0.000871,-0.000736,0.000000,0.000000,-0.048899,-0.001348,-0.539198,False
2010-07-22,-0.046922,-0.045626,-0.000019,-0.000574,-0.000826,-0.000301,-0.000870,-0.000739,0.000000,0.000000,-0.048955,0.002033,0.813373,False
2010-07-23,-0.051400,-0.045663,-0.000034,-0.000585,-0.000818,-0.000300,-0.000869,-0.000742,0.000000,0.000000,-0.049011,-0.002389,-0.955671,False
2010-07-24,-0.050831,-0.045700,-0.000048,-0.000596,-0.000809,-0.000300,-0.000868,-0.000744,0.000000,0.000000,-0.049065,-0.001766,-0.706365,False
2010-07-25,-0.051388,-0.045737,-0.000062,-0.000605,-0.000800,-0.000299,-0.000867,-0.000747,0.000000,0.000000,-0.049118,-0.002270,-0.907938,False
2010-07-26,-0.047813,-0.045774,-0.000076,-0.000614,-0.000791,-0.000298,-0.000866,-0.000749,0.000000,0.000000,-0.049170,0.001357,0.542779,False
2010-07-27,-0.049882,-0.045811,-0.000090,-0.000623,-0.000781,-0.000298,-0.000865,-0.000752,0.000000,0.000000,-0.049220,-0.000662,-0.264645,False
2010-07-28,-0.051054,-0.045849,-0.000103,-0.000630,-0.000772,-0.000297,-0.000864,-0.000755,0.000000,0.000000,-0.049269,-0.001785,-0.713837,False
2010-07-29,-0.051158,-0.045886,-0.000116,-0.000637,-0.000762,-0.000297,-0.000863,-0.000757,0.000000,0.000000,-0.049317,-0.001841,-0.736426,False
2010-07-30,-0.051454,-0.045923,-0.000128,-0.000644,-0.000752,-0.000296,-0.000861,-0.000760,0.000000,0.000000,-0.049363,-0.002091,-0.836436,False
2010-07-31,-0.052380,-0.045960,-0.000139,-0.000649,-0.000741,-0.000295,-0.000860,-0.000762,0.000000,0.000000,-0.049407,-0.002973,-1.189093,False
2010-08-01,-0.049966,-0.045997,-0.000150,-0.000654,-0.000731,-0.000295,-0.000859,-0.000765,0.000000,0.000000,-0.049450,-0.000516,-0.206420,False
2010-08-02,-0.049837,-0.046034,-0.000160,-0.000657,-0.000720,-0.000294,-0.000858,-0.000767,0.000000,0.000000,-0.049491,-0.000346,-0.138439,False
2010-08-03,-0.049667,-0.046071,-0.000170,-0.000660,-0.000709,-0.000293,-0.000857,-0.000770,0.000000,0.000000,-0.049530,-0.000137,-0.054654,False
2010-08-04,-0.049496,-0.046109,-0.000178,-0.000663,-0.000697,-0.000293,-0.000855,-0.000772,0.000000,0.000000,-0.049567,0.000071,0.028402,False
2010-08-05,-0.049326,-0.046146,-0.000186,-0.000664,-0.000686,-0.000292,-0.000854,-0.000775,0.000000,0.000000,-0.049603,0.000277,0.110713,False
2010-08-06,-0.049156,-0.046183,-0.000193,-0.000665,-0.000674,-0.000291,-0.000853,-0.000778,0.000000,0.000000,-0.049637,0.000481,0.192265,False
2010-08-07,-0.048986,-0.046220,-0.000199,-0.000665,-0.000662,-0.000291,-0.000852,-0.000780,0.000000,0.000000,-0.049668,0.000683,0.273046,False
2010-08-08,-0.048815,-0.046257,-0.000204,-0.000664,-0.000650,-0.000290,-0.000850,-0.000783,0.000000,0.000000,-0.049698,0.000883,0.353047,False
2010-08-09,-0.048645,-0.046294,-0.000208,-0.000662,-0.000638,-0.000289,-0.000849,-0.000785,0.000000,0.000000,-0.049726,0.001081,0.432260,False
2010-08-10,-0.050150,-0.046331,-0.000211,-0.000660,-0.000626,-0.000288,-0.000848,-0.000788,0.000000,0.000000,-0.049751,-0.000399,-0.159436,False
2010-08-11,-0.049076,-0.046368,-0.000213,-0.000657,-0.000613,-0.000288,-0.000846,-0.000790,0.000000,0.000000,-0.049775,0.000699,0.279673,False
2010-08-12,-0.050127,-0.046406,-0.000214,-0.000653,-0.000600,-0.000287,-0.000845,-0.000793,0.000000,0.000000,-0.049797,-0.000330,-0.132017,False
2010-08-13,-0.047840,-0.046443,-0.000214,-0.000648,-0.000587,-0.000286,-0.000844,-0.000795,0.000000,0.000000,-0.049817,0.001977,0.790698,False
2010-08-14,-0.050901,-0.046480,-0.000213,-0.000642,-0.000574,-0.000285,-0.000842,-0.000798,0.000000,0.000000,-0.049835,-0.001066,-0.426580,False
2010-08-15,-0.051577,-0.046517,-0.000211,-0.000636,-0.000561,-0.000285,-0.000841,-0.000800,0.000000,0.000000,-0.049850,-0.001727,-0.690844,False
2010-08-16,-0.052254,-0.046554,-0.000208,-0.000629,-0.000547,-0.000284,-0.000839,-0.000803,0.000000,0.000000,-0.049864,-0.002390,-0.955885,False
2010-08-17,-0.052118,-0.046591,-0.000204,-0.000621,-0.000534,-0.000283,-0.000838,-0.000805,0.000000,0.000000,-0.049876,-0.002242,-0.896694,False
2010-08-18,-0.052297,-0.046628,-0.000199,-0.000613,-0.000520,-0.000282,-0.000837,-0.000808,0.000000,0.000000,-0.049886,-0.002411,-0.964256,False
2010-08-19,-0.049477,-0.046665,-0.000193,-0.000603,-0.000506,-0.000282,-0.000835,-0.000810,0.000000,0.000000,-0.049895,0.000418,0.167042,False
2010-08-20,-0.050937,-0.046703,-0.000186,-0.000593,-0.000492,-0.000281,-0.000834,-0.000813,0.000000,0.000000,-0.049901,-0.001036,-0.414382,False
2010-08-21,-0.048194,-0.046740,-0.000178,-0.000583,-0.000477,-0.000280,-0.000832,-0.000815,0.000000,0.000000,-0.049906,0.001712,0.684692,False
2010-08-22,-0.049764,-0.046777,-0.000170,-0.000571,-0.000463,-0.000279,-0.000831,-0.000818,0.000000,0.000000,-0.049909,0.000145,0.057885,False
2010-08-23,-0.052351,-0.046814,-0.000161,-0.000559,-0.000448,-0.000278,-0.000829,-0.000820,0.000000,0.000000,-0.049910,-0.002441,-0.976380,False
2010-08-24,-0.047880,-0.046851,-0.000150,-0.000547,-0.000434,-0.000277,-0.000828,-0.000823,0.000000,0.000000,-0.049910,0.002030,0.811923,False
2010-08-25,-0.050264,-0.046888,-0.000140,-0.000533,-0.000419,-0.000276,-0.000826,-0.000825,0.000000,0.000000,-0.049908,-0.000356,-0.142381,False
2010-08-26,-0.046531,-0.046925,-0.000128,-0.000519,-0.000404,-0.000276,-0.000825,-0.000828,0.000000,0.000000,-0.049905,0.003374,1.349539,False
2010-08-27,-0.050201,-0.046963,-0.000116,-0.000505,-0.000389,-0.000275,-0.000823,-0.000830,0.000000,0.000000,-0.049900,-0.000301,-0.120288,False
2010-08-28,-0.049939,-0.047000,-0.000103,-0.000489,-0.000374,-0.000274,-0.000822,-0.000833,0.000000,0.000000,-0.049894,-0.000045,-0.017830,False
2010-08-29,-0.051552,-0.047037,-0.000090,-0.000474,-0.000359,-0.000273,-0.000820,-0.000835,0.000000,0.000000,-0.049887,-0.001665,-0.665855,False
2010-08-30,-0.050289,-0.047074,-0.000077,-0.000457,-0.000343,-0.000272,-0.000818,-0.000838,0.000000,0.000000,-0.049879,-0.000410,-0.163928,False
2010-08-31,-0.052191,-0.047111,-0.000063,-0.000440,-0.000328,-0.000271,-0.000817,-0.000840,0.000000,0.000000,-0.049870,-0.002321,-0.928413,False
2010-09-01,-0.049922,-0.047148,-0.000049,-0.000423,-0.000312,-0.000270,-0.000815,-0.000842,0.000000,0.000000,-0.049860,-0.000062,-0.024875,False
2010-09-02,-0.049924,-0.047185,-0.000034,-0.000405,-0.000296,-0.000269,-0.000814,-0.000845,0.000000,0.000000,-0.049849,-0.000075,-0.030076,False
2010-09-03,-0.049861,-0.047222,-0.000020,-0.000387,-0.000281,-0.000268,-0.000812,-0.000847,0.000000,0.000000,-0.049837,-0.000024,-0.009579,False
2010-09-04,-0.049091,-0.047260,-0.000005,-0.000368,-0.000265,-0.000267,-0.000810,-0.000850,0.000000,0.000000,-0.049825,0.000734,0.293455,False
2010-09-05,-0.050310,-0.047297,0.000010,-0.000348,-0.000249,-0.000266,-0.000809,-0.000852,0.000000,0.000000,-0.049812,-0.000498,-0.199336,False
2010-09-06,-0.049210,-0.047334,0.000025,-0.000329,-0.000233,-0.000266,-0.000807,-0.000855,0.000000,0.000000,-0.049798,0.000588,0.235287,False
2010-09-07,-0.048390,-0.047371,0.000039,-0.000309,-0.000217,-0.000265,-0.000805,-0.000857,0.000000,0.000000,-0.049784,0.001394,0.557764,False
2010-09-08,-0.048452,-0.047408,0.000054,-0.000288,-0.000201,-0.000264,-0.000804,-0.000860,0.000000,0.000000,-0.049770,0.001318,0.527333,False
2010-09-09,-0.049707,-0.047445,0.000068,-0.000267,-0.000184,-0.000263,-0.000802,-0.000862,0.000000,0.000000,-0.049756,0.000049,0.019634,False
2010-09-10,-0.049807,-0.047482,0.000081,-0.000246,-0.000168,-0.000262,-0.000800,-0.000864,0.000000,0.000000,-0.049742,-0.000065,-0.026095,False
2010-09-11,-0.048489,-0.047519,0.000095,-0.000225,-0.000152,-0.000261,-0.000799,-0.000867,0.000000,0.000000,-0.049727,0.001238,0.495383,False
2010-09-12,-0.049063,-0.047557,0.000108,-0.000203,-0.000136,-0.000260,-0.000797,-0.000869,0.000000,0.000000,-0.049713,0.000650,0.260108,False
2010-09-13,-0.049127,-0.047594,0.000120,-0.000181,-0.000119,-0.000259,-0.000795,-0.000872,0.000000,0.000000,-0.049699,0.000572,0.228914,False
2010-09-14,-0.051005,-0.047631,0.000132,-0.000159,-0.000103,-0.000258,-0.000793,-0.000874,0.000000,0.000000,-0.049686,-0.001319,-0.527761,False
2010-09-15,-0.046871,-0.047668,0.000143,-0.000137,-0.000086,-0.000257,-0.000792,-0.000876,0.000000,0.000000,-0.049672,0.002801,1.120518,False
2010-09-16,-0.049078,-0.047705,0.000154,-0.000114,-0.000070,-0.000256,-0.000790,-0.000879,0.000000,0.000000,-0.049659,0.000581,0.232584,False
2010-09-17,-0.050505,-0.047742,0.000164,-0.000092,-0.000053,-0.000254,-0.000788,-0.000881,0.000000,0.000000,-0.049647,-0.000858,-0.343131,False
2010-09-18,-0.050985,-0.047779,0.000173,-0.000069,-0.000037,-0.000253,-0.000786,-0.000884,0.000000,0.000000,-0.049636,-0.001349,-0.539794,False
2010-09-19,-0.050540,-0.047817,0.000181,-0.000046,-0.000020,-0.000252,-0.000784,-0.000886,0.000000,0.000000,-0.049625,-0.000915,-0.366175,False
2010-09-20,-0.050398,-0.047854,0.000189,-0.000023,-0.000004,-0.000251,-0.000782,-0.000888,0.000000,0.000000,-0.049614,-0.000784,-0.313447,False
2010-09-21,-0.046627,-0.047891,0.000195,-0.000000,0.000013,-0.000250,-0.000781,-0.000891,0.000000,0.000000,-0.049605,0.002978,1.191217,False
2010-09-22,-0.048958,-0.047928,0.000201,0.000022,0.000029,-0.000249,-0.000779,-0.000893,0.000000,0.000000,-0.049597,0.000639,0.255443,False
2010-09-23,-0.050936,-0.047965,0.000205,0.000045,0.000046,-0.000248,-0.000777,-0.000895,0.000000,0.000000,-0.049589,-0.001347,-0.538745,False
2010-09-24,-0.050255,-0.048002,0.000209,0.000068,0.000062,-0.000247,-0.000775,-0.000898,0.000000,0.000000,-0.049583,-0.000672,-0.268927,False
2010-09-25,-0.049706,-0.048039,0.000212,0.000091,0.000079,-0.000246,-0.000773,-0.000900,0.000000,0.000000,-0.049577,-0.000129,-0.051483,False
2010-09-26,-0.049131,-0.048076,0.000213,0.000113,0.000095,-0.000245,-0.000771,-0.000903,0.000000,0.000000,-0.049573,0.000442,0.176806,False
2010-09-27,-0.050981,-0.048114,0.000214,0.000136,0.000112,-0.000244,-0.000769,-0.000905,0.000000,0.000000,-0.049570,-0.001411,-0.564446,False
2010-09-28,-0.052194,-0.048151,0.000214,0.000158,0.000128,-0.000242,-0.000767,-0.000907,0.000000,0.000000,-0.049568,-0.002626,-1.050423,False
2010-09-29,-0.050241,-0.048188,0.000212,0.000180,0.000144,-0.000241,-0.000765,-0.000910,0.000000,0.000000,-0.049567,-0.000674,-0.269515,False
2010-09-30,-0.047062,-0.048225,0.000210,0.000202,0.000161,-0.000240,-0.000763,-0.000912,0.000000,0.000000,-0.049568,0.002506,1.002289,False
2010-10-01,-0.047191,-0.048262,0.000206,0.000224,0.000177,-0.000239,-0.000761,-0.000914,0.000000,0.000000,-0.049569,0.002378,0.951396,False
2010-10-02,-0.051071,-0.048299,0.000202,0.000245,0.000193,-0.000238,-0.000759,-0.000917,0.000000,0.000000,-0.049573,-0.001498,-0.599387,False
2010-10-03,-0.049661,-0.048336,0.000197,0.000267,0.000209,-0.000237,-0.000758,-0.000919,0.000000,0.000000,-0.049577,-0.000084,-0.033658,False
2010-10-04,-0.048679,-0.048373,0.000191,0.000287,0.000225,-0.000236,-0.000756,-0.000921,0.000000,0.000000,-0.049582,0.000903,0.361387,False
2010-10-05,-0.049128,-0.048411,0.000183,0.000308,0.000241,-0.000234,-0.000753,-0.000924,0.000000,0.000000,-0.049589,0.000461,0.184546,False
2010-10-06,-0.050788,-0.048448,0.000175,0.000328,0.000257,-0.000233,-0.000751,-0.000926,0.000000,0.000000,-0.049598,-0.001190,-0.476181,False
2010-10-07,-0.052396,-0.048485,0.000166,0.000348,0.000273,-0.000232,-0.000749,-0.000928,0.000000,0.000000,-0.049607,-0.002789,-1.115599,False
2010-10-08,-0.052500,-0.048522,0.000157,0.000367,0.000289,-0.000231,-0.000747,-0.000930,0.000000,0.000000,-0.049618,-0.002882,-1.152914,False
2010-10-09,-0.049404,-0.048559,0.000146,0.000386,0.000305,-0.000230,-0.000745,-0.000933,0.000000,0.000000,-0.049630,0.000226,0.090268,False
2010-10-10,-0.050624,-0.048596,0.000135,0.000404,0.000320,-0.000228,-0.000743,-0.000935,0.000000,0.000000,-0.049643,-0.000981,-0.392462,False
2010-10-11,-0.050705,-0.048633,0.000124,0.000422,0.000336,-0.000227,-0.000741,-0.000937,0.000000,0.000000,-0.049657,-0.001048,-0.419115,False
2010-10-12,-0.051683,-0.048671,0.000111,0.000440,0.000351,-0.000226,-0.000739,-0.000940,0.000000,0.000000,-0.049673,-0.002010,-0.804103,False
2010-10-13,-0.052184,-0.048708,0.000099,0.000457,0.000367,-0.000225,-0.000737,-0.000942,0.000000,0.000000,-0.049689,-0.002495,-0.997838,False
2010-10-14,-0.050800,-0.048745,0.000085,0.000473,0.000382,-0.000223,-0.000735,-0.000944,0.000000,0.000000,-0.049707,-0.001093,-0.437136,False
2010-10-15,-0.051176,-0.048782,0.000072,0.000489,0.000397,-0.000222,-0.000733,-0.000946,0.000000,0.000000,-0.049726,-0.001450,-0.580012,False
2010-10-16,-0.049745,-0.048819,0.000057,0.000504,0.000412,-0.000221,-0.000731,-0.000949,0.000000,0.000000,-0.049746,0.000001,0.000318,False
2010-10-17,-0.047425,-0.048856,0.000043,0.000519,0.000427,-0.000220,-0.000728,-0.000951,0.000000,0.000000,-0.049767,0.002342,0.936636,False
2010-10-18,-0.050740,-0.048893,0.000029,0.000533,0.000442,-0.000218,-0.000726,-0.000953,0.000000,0.000000,-0.049788,-0.000952,-0.380677,False
2010-10-19,-0.052159,-0.048930,0.000014,0.000546,0.000456,-0.000217,-0.000724,-0.000956,0.000000,0.000000,-0.049811,-0.002348,-0.939239,False
2010-10-20,-0.050330,-0.048968,-0.000001,0.000559,0.000471,-0.000216,-0.000722,-0.000958,0.000000,0.000000,-0.049834,-0.000496,-0.198271,False
2010-10-21,-0.046098,-0.049005,-0.000015,0.000571,0.000485,-0.000215,-0.000720,-0.000960,0.000000,0.000000,-0.049859,0.003761,1.504208,False
2010-10-22,-0.045774,-0.049042,-0.000030,0.000582,0.000499,-0.000213,-0.000717,-0.000962,0.000000,0.000000,-0.049883,0.004109,1.643776,False
2010-10-23,-0.048357,-0.049079,-0.000045,0.000593,0.000513,-0.000212,-0.000715,-0.000965,0.000000,0.000000,-0.049909,0.001552,0.620815,False
2010-10-24,-0.052425,-0.049116,-0.000059,0.000603,0.000527,-0.000211,-0.000713,-0.000967,0.000000,0.000000,-0.049935,-0.002490,-0.995898,False
2010-10-25,-0.049619,-0.049153,-0.000073,0.000612,0.000541,-0.000209,-0.000711,-0.000969,0.000000,0.000000,-0.049962,0.000343,0.137217,False
2010-10-26,-0.048080,-0.049190,-0.000087,0.000621,0.000555,-0.000208,-0.000709,-0.000971,0.000000,0.000000,-0.049989,0.001909,0.763739,False
2010-10-27,-0.048494,-0.049227,-0.000100,0.000629,0.000568,-0.000207,-0.000706,-0.000973,0.000000,0.000000,-0.050017,0.001523,0.609249,False
2010-10-28,-0.051964,-0.049265,-0.000113,0.000636,0.000581,-0.000205,-0.000704,-0.000976,0.000000,0.000000,-0.050045,-0.001919,-0.767473,False
2010-10-29,-0.049539,-0.049302,-0.000125,0.000642,0.000594,-0.000204,-0.000702,-0.000978,0.000000,0.000000,-0.050074,0.000535,0.213952,False
2010-10-30,-0.049988,-0.049339,-0.000136,0.000648,0.000607,-0.000203,-0.000699,-0.000980,0.000000,0.000000,-0.050103,0.000115,0.045908,False
2010-10-31,-0.051786,-0.049376,-0.000148,0.000652,0.000620,-0.000201,-0.000697,-0.000982,0.000000,0.000000,-0.050132,-0.001654,-0.661625,False
2010-11-01,-0.049076,-0.049413,-0.000158,0.000657,0.000632,-0.000200,-0.000695,-0.000985,0.000000,0.000000,-0.050161,0.001085,0.434137,False
2010-11-02,-0.050672,-0.049450,-0.000167,0.000660,0.000645,-0.000199,-0.000692,-0.000987,0.000000,0.000000,-0.050191,-0.000481,-0.192423,False
2010-11-03,-0.053183,-0.049487,-0.000176,0.000662,0.000657,-0.000197,-0.000690,-0.000989,0.000000,0.000000,-0.050221,-0.002962,-1.184920,False
2010-11-04,-0.053137,-0.049525,-0.000184,0.000664,0.000669,-0.000196,-0.000688,-0.000991,0.000000,0.000000,-0.050251,-0.002886,-1.154566,False
2010-11-05,-0.053955,-0.049562,-0.000191,0.000665,0.000681,-0.000194,-0.000685,-0.000993,0.000000,0.000000,-0.050281,-0.003674,-1.469777,False
2010-11-06,-0.050865,-0.049599,-0.000197,0.000665,0.000692,-0.000193,-0.000683,-0.000995,0.000000,0.000000,-0.050311,-0.000554,-0.221762,False
2010-11-07,-0.052567,-0.049636,-0.000203,0.000664,0.000703,-0.000192,-0.000681,-0.000998,0.000000,0.000000,-0.050341,-0.002226,-0.890532,False
2010-11-08,-0.052898,-0.049673,-0.000207,0.000663,0.000715,-0.000190,-0.000678,-0.001000,0.000000,0.000000,-0.050371,-0.002527,-1.010896,False
2010-11-09,-0.051063,-0.049710,-0.000210,0.000661,0.000726,-0.000189,-0.000676,-0.001002,0.000000,0.000000,-0.050401,-0.000662,-0.264862,False
2010-11-10,-0.051942,-0.049747,-0.000212,0.000658,0.000736,-0.000187,-0.000673,-0.001004,0.000000,0.000000,-0.050431,-0.001511,-0.604434,False
2010-11-11,-0.050575,-0.049784,-0.000214,0.000654,0.000747,-0.000186,-0.000671,-0.001006,0.000000,0.000000,-0.050461,-0.000114,-0.045619,False
2010-11-12,-0.051337,-0.049822,-0.000214,0.000649,0.000757,-0.000185,-0.000669,-0.001008,0.000000,0.000000,-0.050491,-0.000846,-0.338419,False
2010-11-13,-0.054226,-0.049859,-0.000213,0.000644,0.000767,-0.000183,-0.000666,-0.001011,0.000000,0.000000,-0.050521,-0.003705,-1.482034,False
2010-11-14,-0.051164,-0.049896,-0.000211,0.000638,0.000777,-0.000182,-0.000664,-0.001013,0.000000,0.000000,-0.050551,-0.000613,-0.245266,False
2010-11-15,-0.052820,-0.049933,-0.000209,0.000631,0.000787,-0.000180,-0.000661,-0.001015,0.000000,0.000000,-0.050581,-0.002239,-0.895712,False
2010-11-16,-0.053085,-0.049970,-0.000205,0.000623,0.000796,-0.000179,-0.000659,-0.001017,0.000000,0.000000,-0.050611,-0.002474,-0.989770,False
2010-11-17,-0.051465,-0.050007,-0.000200,0.000615,0.000805,-0.000177,-0.000656,-0.001019,0.000000,0.000000,-0.050640,-0.000825,-0.329834,False
2010-11-18,-0.052163,-0.050044,-0.000195,0.000606,0.000814,-0.000176,-0.000654,-0.001021,0.000000,0.000000,-0.050670,-0.001493,-0.597099,False
2010-11-19,-0.051826,-0.050081,-0.000188,0.000596,0.000823,-0.000174,-0.000651,-0.001023,0.000000,0.000000,-0.050700,-0.001126,-0.450357,False
2010-11-20,-0.051488,-0.050119,-0.000180,0.000585,0.000831,-0.000173,-0.000649,-0.001026,0.000000,0.000000,-0.050730,-0.000758,-0.303199,False
2010-11-21,-0.048702,-0.050156,-0.000172,0.000574,0.000839,-0.000172,-0.000646,-0.001028,0.000000,0.000000,-0.050760,0.002058,0.823184,False
2010-11-22,-0.051426,-0.050193,-0.000163,0.000562,0.000847,-0.000170,-0.000644,-0.001030,0.000000,0.000000,-0.050790,-0.000636,-0.254394,False
2010-11-23,-0.051335,-0.050230,-0.000153,0.000550,0.000855,-0.000169,-0.000641,-0.001032,0.000000,0.000000,-0.050820,-0.000515,-0.205923,False
2010-11-24,-0.051537,-0.050267,-0.000142,0.000537,0.000862,-0.000167,-0.000639,-0.001034,0.000000,0.000000,-0.050851,-0.000686,-0.274587,False
2010-11-25,-0.051645,-0.050304,-0.000131,0.000523,0.000869,-0.000166,-0.000636,-0.001036,0.000000,0.000000,-0.050881,-0.000764,-0.305573,False
2010-11-26,-0.050884,-0.050341,-0.000119,0.000508,0.000876,-0.000164,-0.000633,-0.001038,0.000000,0.000000,-0.050912,0.000028,0.011136,False
2010-11-27,-0.050979,-0.050379,-0.000107,0.000493,0.000883,-0.000163,-0.000631,-0.001040,0.000000,0.000000,-0.050943,-0.000036,-0.014444,False
2010-11-28,-0.051209,-0.050416,-0.000094,0.000478,0.000889,-0.000161,-0.000628,-0.001042,0.000000,0.000000,-0.050974,-0.000235,-0.093895,False
2010-11-29,-0.053204,-0.050453,-0.000080,0.000461,0.000895,-0.000160,-0.000626,-0.001044,0.000000,0.000000,-0.051006,-0.002198,-0.879200,False
2010-11-30,-0.053481,-0.050490,-0.000066,0.000445,0.000901,-0.000158,-0.000623,-0.001047,0.000000,0.000000,-0.051038,-0.002443,-0.977139,False
2010-12-01,-0.053185,-0.050527,-0.000052,0.000427,0.000907,-0.000157,-0.000620,-0.001049,0.000000,0.000000,-0.051071,-0.002114,-0.845695,False
2010-12-02,-0.053220,-0.050564,-0.000038,0.000410,0.000912,-0.000155,-0.000618,-0.001051,0.000000,0.000000,-0.051104,-0.002116,-0.846446,False
2010-12-03,-0.052587,-0.050601,-0.000023,0.000391,0.000917,-0.000153,-0.000615,-0.001053,0.000000,0.000000,-0.051138,-0.001449,-0.579774,False
2010-12-04,-0.052312,-0.050638,-0.000008,0.000373,0.000922,-0.000152,-0.000612,-0.001055,0.000000,0.000000,-0.051172,-0.001140,-0.456060,False
2010-12-05,-0.052476,-0.050676,0.000006,0.000353,0.000926,-0.000150,-0.000610,-0.001057,0.000000,0.000000,-0.051207,-0.001269,-0.507684,False
2010-12-06,-0.050966,-0.050713,0.000021,0.000334,0.000930,-0.000149,-0.000607,-0.001059,0.000000,0.000000,-0.051242,0.000276,0.110575,False
2010-12-07,-0.053932,-0.050750,0.000036,0.000314,0.000934,-0.000147,-0.000604,-0.001061,0.000000,0.000000,-0.051279,-0.002653,-1.061266,False
2010-12-08,-0.055915,-0.050787,0.000050,0.000293,0.000938,-0.000146,-0.000602,-0.001063,0.000000,0.000000,-0.051316,-0.004599,-1.839588,False
2010-12-09,-0.053176,-0.050824,0.000064,0.000273,0.000941,-0.000144,-0.000599,-0.001065,0.000000,0.000000,-0.051354,-0.001822,-0.728772,False
2010-12-10,-0.054117,-0.050861,0.000078,0.000252,0.000945,-0.000143,-0.000596,-0.001067,0.000000,0.000000,-0.051393,-0.002724,-1.089601,False
2010-12-11,-0.052530,-0.050898,0.000092,0.000230,0.000947,-0.000141,-0.000594,-0.001069,0.000000,0.000000,-0.051433,-0.001097,-0.438858,False
2010-12-12,-0.053789,-0.050935,0.000105,0.000209,0.000950,-0.000139,-0.000591,-0.001071,0.000000,0.000000,-0.051474,-0.002315,-0.926127,False
2010-12-13,-0.052696,-0.050973,0.000117,0.000187,0.000952,-0.000138,-0.000588,-0.001073,0.000000,0.000000,-0.051516,-0.001180,-0.472193,False
2010-12-14,-0.051918,-0.051010,0.000129,0.000165,0.000954,-0.000136,-0.000585,-0.001075,0.000000,0.000000,-0.051558,-0.000360,-0.143843,False
2010-12-15,-0.050370,-0.051047,0.000141,0.000142,0.000956,-0.000135,-0.000583,-0.001077,0.000000,0.000000,-0.051602,0.001232,0.492936,False
2010-12-16,-0.053408,-0.051084,0.000151,0.000120,0.000957,-0.000133,-0.000580,-0.001079,0.000000,0.000000,-0.051647,-0.001761,-0.704244,False
2010-12-17,-0.051061,-0.051121,0.000161,0.000097,0.000958,-0.000132,-0.000577,-0.001081,0.000000,0.000000,-0.051694,0.000633,0.253026,False
2010-12-18,-0.055083,-0.051158,0.000171,0.000075,0.000959,-0.000130,-0.000574,-0.001083,0.000000,0.000000,-0.051741,-0.003342,-1.336846,False
2010-12-19,-0.052685,-0.051195,0.000179,0.000052,0.000960,-0.000128,-0.000572,-0.001085,0.000000,0.000000,-0.051789,-0.000896,-0.358251,False
2010-12-20,-0.053444,-0.051233,0.000187,0.000029,0.000960,-0.000127,-0.000569,-0.001087,0.000000,0.000000,-0.051839,-0.001605,-0.641985,False
2010-12-21,-0.055656,-0.051270,0.000194,0.000006,0.000960,-0.000125,-0.000566,-0.001089,0.000000,0.000000,-0.051890,-0.003766,-1.506445,False
2010-12-22,-0.052573,-0.051307,0.000199,-0.000017,0.000960,-0.000124,-0.000563,-0.001091,0.000000,0.000000,-0.051942,-0.000631,-0.252427,False
2010-12-23,-0.052915,-0.051344,0.000204,-0.000040,0.000959,-0.000122,-0.000560,-0.001093,0.000000,0.000000,-0.051995,-0.000920,-0.367933,False
2010-12-24,-0.051159,-0.051381,0.000208,-0.000062,0.000958,-0.000120,-0.000557,-0.001095,0.000000,0.000000,-0.052050,0.000891,0.356236,False
2010-12-25,-0.053332,-0.051418,0.000211,-0.000085,0.000957,-0.000119,-0.000555,-0.001097,0.000000,0.000000,-0.052105,-0.001227,-0.490722,False
2010-12-26,-0.052565,-0.051455,0.000213,-0.000108,0.000956,-0.000117,-0.000552,-0.001099,0.000000,0.000000,-0.052162,-0.000403,-0.161215,False
2010-12-27,-0.053037,-0.051492,0.000214,-0.000130,0.000954,-0.000115,-0.000549,-0.001101,0.000000,0.000000,-0.052220,-0.000817,-0.326848,False
2010-12-28,-0.054468,-0.051530,0.000214,-0.000153,0.000952,-0.000114,-0.000546,-0.001103,0.000000,0.000000,-0.052279,-0.002189,-0.875631,False
2010-12-29,-0.053737,-0.051567,0.000213,-0.000175,0.000950,-0.000112,-0.000543,-0.001105,0.000000,0.000000,-0.052339,-0.001398,-0.559176,False
2010-12-30,-0.051487,-0.051604,0.000210,-0.000197,0.000947,-0.000110,-0.000540,-0.001107,0.000000,0.000000,-0.052400,0.000913,0.365306,False
2010-12-31,-0.053661,-0.051641,0.000207,-0.000219,0.000944,-0.000109,-0.000537,-0.001108,0.000000,0.000000,-0.052462,-0.001199,-0.479401,False
2011-01-01,-0.051236,-0.051678,0.000203,-0.000240,0.000941,-0.000107,-0.000535,-0.001110,0.000000,0.000000,-0.052526,0.001290,0.515887,False
2011-01-02,-0.051622,-0.051715,0.000198,-0.000261,0.000938,-0.000106,-0.000532,-0.001112,0.000000,0.000000,-0.052590,0.000968,0.387152,False
2011-01-03,-0.052020,-0.051752,0.000192,-0.000282,0.000934,-0.000104,-0.000529,-0.001114,0.000000,0.000000,-0.052655,0.000635,0.253973,False
2011-01-04,-0.052904,-0.051789,0.000185,-0.000303,0.000930,-0.000102,-0.000526,-0.001116,0.000000,0.000000,-0.052721,-0.000183,-0.073272,False
2011-01-05,-0.052545,-0.051827,0.000177,-0.000323,0.000926,-0.000101,-0.000523,-0.001118,0.000000,0.000000,-0.052787,0.000242,0.096995,False
2011-01-06,-0.051289,-0.051864,0.000169,-0.000343,0.000922,-0.000099,-0.000520,-0.001120,0.000000,0.000000,-0.052855,0.001566,0.626349,False
2011-01-07,-0.050456,-0.051901,0.000159,-0.000362,0.000917,-0.000097,-0.000517,-0.001122,0.000000,0.000000,-0.052923,0.002467,0.986763,False
2011-01-08,-0.051518,-0.051938,0.000149,-0.000381,0.000912,-0.000096,-0.000514,-0.001124,0.000000,0.000000,-0.052992,0.001474,0.589409,False
2011-01-09,-0.051620,-0.051975,0.000138,-0.000400,0.000906,-0.000094,-0.000511,-0.001126,0.000000,0.000000,-0.053061,0.001441,0.576260,False
2011-01-10,-0.053450,-0.052012,0.000127,-0.000418,0.000901,-0.000092,-0.000508,-0.001127,0.000000,0.000000,-0.053130,-0.000320,-0.127916,False
2011-01-11,-0.053686,-0.052049,0.000114,-0.000435,0.000895,-0.000091,-0.000505,-0.001129,0.000000,0.000000,-0.053200,-0.000486,-0.194350,False
2011-01-12,-0.053234,-0.052087,0.000102,-0.000452,0.000889,-0.000089,-0.000502,-0.001131,0.000000,0.000000,-0.053270,0.000036,0.014527,False
2011-01-13,-0.052974,-0.052124,0.000089,-0.000469,0.000882,-0.000087,-0.000499,-0.001133,0.000000,0.000000,-0.053341,0.000367,0.146682,False
2011-01-14,-0.054507,-0.052161,0.000075,-0.000485,0.000876,-0.000085,-0.000496,-0.001135,0.000000,0.000000,-0.053411,-0.001096,-0.438319,False
2011-01-15,-0.053245,-0.052198,0.000061,-0.000500,0.000869,-0.000084,-0.000493,-0.001137,0.000000,0.000000,-0.053482,0.000237,0.094690,False
2011-01-16,-0.052770,-0.052235,0.000047,-0.000515,0.000862,-0.000082,-0.000490,-0.001139,0.000000,0.000000,-0.053552,0.000782,0.312875,False
2011-01-17,-0.053458,-0.052272,0.000032,-0.000529,0.000854,-0.000080,-0.000487,-0.001140,0.000000,0.000000,-0.053622,0.000164,0.065800,False
2011-01-18,-0.053317,-0.052309,0.000018,-0.000543,0.000847,-0.000079,-0.000484,-0.001142,0.000000,0.000000,-0.053693,0.000376,0.150231,False
2011-01-19,-0.052758,-0.052346,0.000003,-0.000556,0.000839,-0.000077,-0.000481,-0.001144,0.000000,0.000000,-0.053762,0.001004,0.401732,False
2011-01-20,-0.053336,-0.052384,-0.000012,-0.000568,0.000831,-0.000075,-0.000478,-0.001146,0.000000,0.000000,-0.053832,0.000496,0.198269,False
2011-01-21,-0.055247,-0.052421,-0.000026,-0.000579,0.000822,-0.000074,-0.000475,-0.001148,0.000000,0.000000,-0.053901,-0.001346,-0.538593,False
2011-01-22,-0.053138,-0.052458,-0.000041,-0.000590,0.000814,-0.000072,-0.000472,-0.001150,0.000000,0.000000,-0.053969,0.000831,0.332312,False
2011-01-23,-0.053080,-0.052495,-0.000055,-0.000601,0.000805,-0.000070,-0.000469,-0.001151,0.000000,0.000000,-0.054036,0.000956,0.382550,False
2011-01-24,-0.052966,-0.052532,-0.000069,-0.000610,0.000796,-0.000068,-0.000466,-0.001153,0.000000,0.000000,-0.054103,0.001137,0.454888,False
2011-01-25,-0.051355,-0.052569,-0.000083,-0.000619,0.000786,-0.000067,-0.000462,-0.001155,0.000000,0.000000,-0.054169,0.002814,1.125694,False
2011-01-26,-0.050677,-0.052606,-0.000097,-0.000627,0.000777,-0.000065,-0.000459,-0.001157,0.000000,0.000000,-0.054234,0.003557,1.422936,False
2011-01-27,-0.057588,-0.052643,-0.000109,-0.000634,0.000767,-0.000063,-0.000456,-0.001159,0.000000,0.000000,-0.054298,-0.003290,-1.315815,False
2011-01-28,-0.053683,-0.052681,-0.000122,-0.000641,0.000757,-0.000062,-0.000453,-0.001160,0.000000,0.000000,-0.054362,0.000679,0.271410,False
2011-01-29,-0.056976,-0.052718,-0.000134,-0.000646,0.000746,-0.000060,-0.000450,-0.001162,0.000000,0.000000,-0.054423,-0.002553,-1.021014,False
2011-01-30,-0.058101,-0.052755,-0.000145,-0.000651,0.000736,-0.000058,-0.000447,-0.001164,0.000000,0.000000,-0.054484,-0.003617,-1.446716,False
2011-01-31,-0.057503,-0.052792,-0.000155,-0.000656,0.000725,-0.000056,-0.000444,-0.001166,0.000000,0.000000,-0.054544,-0.002959,-1.183720,False
2011-02-01,-0.055810,-0.052829,-0.000165,-0.000659,0.000714,-0.000055,-0.000441,-0.001167,0.000000,0.000000,-0.054602,-0.001208,-0.483248,False
2011-02-02,-0.058679,-0.052866,-0.000174,-0.000662,0.000703,-0.000053,-0.000438,-0.001169,0.000000,0.000000,-0.054659,-0.004020,-1.608122,False
2011-02-03,-0.055872,-0.052903,-0.000182,-0.000664,0.000692,-0.000051,-0.000434,-0.001171,0.000000,0.000000,-0.054714,-0.001158,-0.463162,False
2011-02-04,-0.055225,-0.052941,-0.000189,-0.000665,0.000680,-0.000050,-0.000431,-0.001173,0.000000,0.000000,-0.054768,-0.000457,-0.182785,False
2011-02-05,-0.054989,-0.052978,-0.000196,-0.000665,0.000668,-0.000048,-0.000428,-0.001174,0.000000,0.000000,-0.054820,-0.000169,-0.067408,False
2011-02-06,-0.055198,-0.053015,-0.000201,-0.000665,0.000656,-0.000046,-0.000425,-0.001176,0.000000,0.000000,-0.054871,-0.000327,-0.130643,False
2011-02-07,-0.056584,-0.053052,-0.000206,-0.000663,0.000644,-0.000044,-0.000422,-0.001178,0.000000,0.000000,-0.054921,-0.001663,-0.665302,False
2011-02-08,-0.056606,-0.053089,-0.000209,-0.000661,0.000632,-0.000043,-0.000419,-0.001180,0.000000,0.000000,-0.054969,-0.001637,-0.654994,False
2011-02-09,-0.055755,-0.053126,-0.000212,-0.000658,0.000619,-0.000041,-0.000415,-0.001181,0.000000,0.000000,-0.055015,-0.000740,-0.296128,False
2011-02-10,-0.055642,-0.053163,-0.000213,-0.000655,0.000607,-0.000039,-0.000412,-0.001183,0.000000,0.000000,-0.055059,-0.000583,-0.233106,False
2011-02-11,-0.055218,-0.053200,-0.000214,-0.000650,0.000594,-0.000037,-0.000409,-0.001185,0.000000,0.000000,-0.055102,-0.000116,-0.046333,False
2011-02-12,-0.055162,-0.053238,-0.000213,-0.000645,0.000581,-0.000036,-0.000406,-0.001187,0.000000,0.000000,-0.055143,-0.000019,-0.007409,False
2011-02-13,-0.056585,-0.053275,-0.000212,-0.000639,0.000567,-0.000034,-0.000403,-0.001188,0.000000,0.000000,-0.055183,-0.001402,-0.560731,False
2011-02-14,-0.055025,-0.053312,-0.000209,-0.000633,0.000554,-0.000032,-0.000399,-0.001190,0.000000,0.000000,-0.055221,0.000196,0.078504,False
2011-02-15,-0.052785,-0.053349,-0.000206,-0.000625,0.000540,-0.000030,-0.000396,-0.001192,0.000000,0.000000,-0.055258,0.002473,0.989103,False
2011-02-16,-0.055511,-0.053386,-0.000201,-0.000617,0.000527,-0.000029,-0.000393,-0.001193,0.000000,0.000000,-0.055293,-0.000218,-0.087326,False
2011-02-17,-0.053897,-0.053423,-0.000196,-0.000608,0.000513,-0.000027,-0.000390,-0.001195,0.000000,0.000000,-0.055326,0.001429,0.571628,False
2011-02-18,-0.054396,-0.053460,-0.000190,-0.000598,0.000499,-0.000025,-0.000386,-0.001197,0.000000,0.000000,-0.055358,0.000962,0.384778,False
2011-02-19,-0.056670,-0.053497,-0.000182,-0.000588,0.000485,-0.000023,-0.000383,-0.001198,0.000000,0.000000,-0.055388,-0.001282,-0.512660,False
2011-02-20,-0.054581,-0.053535,-0.000174,-0.000577,0.000470,-0.000022,-0.000380,-0.001200,0.000000,0.000000,-0.055417,0.000836,0.334529,False
2011-02-21,-0.055284,-0.053572,-0.000165,-0.000565,0.000456,-0.000020,-0.000377,-0.001202,0.000000,0.000000,-0.055445,0.000161,0.064366,False
2011-02-22,-0.055633,-0.053609,-0.000156,-0.000553,0.000441,-0.000018,-0.000373,-0.001203,0.000000,0.000000,-0.055471,-0.000162,-0.064730,False
2011-02-23,-0.053822,-0.053646,-0.000145,-0.000540,0.000426,-0.000016,-0.000370,-0.001205,0.000000,0.000000,-0.055496,0.001674,0.669665,False
2011-02-24,-0.054084,-0.053683,-0.000134,-0.000526,0.000412,-0.000015,-0.000367,-0.001207,0.000000,0.000000,-0.055520,0.001436,0.574374,False
2011-02-25,-0.054938,-0.053720,-0.000122,-0.000512,0.000397,-0.000013,-0.000363,-0.001208,0.000000,0.000000,-0.055543,0.000605,0.241825,False
2011-02-26,-0.053997,-0.053757,-0.000110,-0.000497,0.000381,-0.000011,-0.000360,-0.001210,0.000000,0.000000,-0.055564,0.001567,0.626843,False
2011-02-27,-0.054671,-0.053795,-0.000097,-0.000482,0.000366,-0.000009,-0.000357,-0.001212,0.000000,0.000000,-0.055585,0.000914,0.365459,False
2011-02-28,-0.054603,-0.053832,-0.000084,-0.000465,0.000351,-0.000008,-0.000354,-0.001213,0.000000,0.000000,-0.055604,0.001001,0.400501,False
2011-03-01,-0.054139,-0.053869,-0.000070,-0.000449,0.000335,-0.000006,-0.000350,-0.001215,0.000000,0.000000,-0.055623,0.001484,0.593602,False
2011-03-02,-0.054599,-0.053906,-0.000056,-0.000432,0.000320,-0.000004,-0.000347,-0.001216,0.000000,0.000000,-0.055641,0.001042,0.416793,False
2011-03-03,-0.054371,-0.053943,-0.000041,-0.000414,0.000304,-0.000002,-0.000344,-0.001218,0.000000,0.000000,-0.055658,0.001287,0.514907,False
2011-03-04,-0.056483,-0.053980,-0.000027,-0.000396,0.000289,-0.000001,-0.000340,-0.001220,0.000000,0.000000,-0.055675,-0.000808,-0.323222,False
2011-03-05,-0.055328,-0.054017,-0.000012,-0.000377,0.000273,0.000001,-0.000337,-0.001221,0.000000,0.000000,-0.055691,0.000363,0.145240,False
2011-03-06,-0.055589,-0.054054,0.000003,-0.000358,0.000257,0.000003,-0.000334,-0.001223,0.000000,0.000000,-0.055707,0.000118,0.047129,False
2011-03-07,-0.053006,-0.054092,0.000017,-0.000339,0.000241,0.000005,-0.000330,-0.001224,0.000000,0.000000,-0.055722,0.002716,1.086479,False
2011-03-08,-0.054291,-0.054129,0.000032,-0.000319,0.000225,0.000006,-0.000327,-0.001226,0.000000,0.000000,-0.055737,0.001446,0.578525,False
2011-03-09,-0.054650,-0.054166,0.000046,-0.000299,0.000209,0.000008,-0.000324,-0.001228,0.000000,0.000000,-0.055752,0.001102,0.440903,False
2011-03-10,-0.055734,-0.054203,0.000061,-0.000278,0.000193,0.000010,-0.000320,-0.001229,0.000000,0.000000,-0.055767,0.000033,0.013249,False
2011-03-11,-0.055840,-0.054240,0.000075,-0.000257,0.000176,0.000012,-0.000317,-0.001231,0.000000,0.000000,-0.055782,-0.000058,-0.023204,False
2011-03-12,-0.056862,-0.054277,0.000088,-0.000236,0.000160,0.000013,-0.000314,-0.001232,0.000000,0.000000,-0.055797,-0.001065,-0.426020,False
2011-03-13,-0.054465,-0.054314,0.000101,-0.000214,0.000144,0.000015,-0.000310,-0.001234,0.000000,0.000000,-0.055812,0.001347,0.538835,False
2011-03-14,-0.054000,-0.054351,0.000114,-0.000192,0.000127,0.000017,-0.000307,-0.001235,0.000000,0.000000,-0.055827,0.001827,0.730993,False
2011-03-15,-0.055625,-0.054389,0.000126,-0.000170,0.000111,0.000019,-0.000303,-0.001237,0.000000,0.000000,-0.055843,0.000218,0.087288,False
2011-03-16,-0.057507,-0.054426,0.000138,-0.000148,0.000095,0.000020,-0.000300,-0.001238,0.000000,0.000000,-0.055859,-0.001648,-0.659049,False
2011-03-17,-0.056606,-0.054463,0.000149,-0.000126,0.000078,0.000022,-0.000297,-0.001240,0.000000,0.000000,-0.055876,-0.000730,-0.291988,False
2011-03-18,-0.056168,-0.054500,0.000159,-0.000103,0.000062,0.000024,-0.000293,-0.001241,0.000000,0.000000,-0.055893,-0.000275,-0.109898,False
2011-03-19,-0.056856,-0.054537,0.000169,-0.000080,0.000045,0.000026,-0.000290,-0.001243,0.000000,0.000000,-0.055911,-0.000945,-0.377952,False
2011-03-20,-0.054330,-0.054574,0.000177,-0.000058,0.000029,0.000027,-0.000286,-0.001244,0.000000,0.000000,-0.055930,0.001600,0.639877,False
2011-03-21,-0.054537,-0.054611,0.000185,-0.000035,0.000012,0.000029,-0.000283,-0.001246,0.000000,0.000000,-0.055949,0.001412,0.564814,False
2011-03-22,-0.057388,-0.054649,0.000192,-0.000012,-0.000004,0.000031,-0.000280,-0.001247,0.000000,0.000000,-0.055969,-0.001419,-0.567516,False
2011-03-23,-0.055920,-0.054686,0.000198,0.000011,-0.000021,0.000033,-0.000276,-0.001249,0.000000,0.000000,-0.055990,0.000070,0.028107,False
2011-03-24,-0.054433,-0.054723,0.000203,0.000034,-0.000037,0.000034,-0.000273,-0.001250,0.000000,0.000000,-0.056012,0.001579,0.631705,False
2011-03-25,-0.054249,-0.054760,0.000207,0.000057,-0.000054,0.000036,-0.000269,-0.001252,0.000000,0.000000,-0.056035,0.001786,0.714497,False
2011-03-26,-0.056190,-0.054797,0.000210,0.000079,-0.000070,0.000038,-0.000266,-0.001253,0.000000,0.000000,-0.056059,-0.000131,-0.052302,False
2011-03-27,-0.057365,-0.054834,0.000213,0.000102,-0.000087,0.000040,-0.000263,-0.001255,0.000000,0.000000,-0.056084,-0.001281,-0.512276,False
2011-03-28,-0.056161,-0.054871,0.000214,0.000125,-0.000103,0.000041,-0.000259,-0.001256,0.000000,0.000000,-0.056110,-0.000051,-0.020212,False
2011-03-29,-0.055623,-0.054908,0.000214,0.000147,-0.000120,0.000043,-0.000256,-0.001258,0.000000,0.000000,-0.056138,0.000515,0.205900,False
2011-03-30,-0.057269,-0.054946,0.000213,0.000169,-0.000136,0.000045,-0.000252,-0.001259,0.000000,0.000000,-0.056166,-0.001103,-0.441130,False
2011-03-31,-0.054913,-0.054983,0.000211,0.000191,-0.000153,0.000046,-0.000249,-0.001261,0.000000,0.000000,-0.056196,0.001283,0.513105,False
2011-04-01,-0.054667,-0.055020,0.000208,0.000213,-0.000169,0.000048,-0.000245,-0.001262,0.000000,0.000000,-0.056227,0.001560,0.623810,False
2011-04-02,-0.056691,-0.055057,0.000204,0.000235,-0.000185,0.000050,-0.000242,-0.001264,0.000000,0.000000,-0.056258,-0.000433,-0.173013,False
2011-04-03,-0.055478,-0.055094,0.000200,0.000256,-0.000201,0.000052,-0.000238,-0.001265,0.000000,0.000000,-0.056292,0.000814,0.325438,False
2011-04-04,-0.057302,-0.055131,0.000194,0.000277,-0.000217,0.000053,-0.000235,-0.001266,0.000000,0.000000,-0.056326,-0.000976,-0.390439,False
2011-04-05,-0.055163,-0.055168,0.000187,0.000298,-0.000233,0.000055,-0.000231,-0.001268,0.000000,0.000000,-0.056361,0.001198,0.479354,False
2011-04-06,-0.054264,-0.055205,0.000179,0.000318,-0.000249,0.000057,-0.000228,-0.001269,0.000000,0.000000,-0.056398,0.002134,0.853613,False
2011-04-07,-0.056875,-0.055243,0.000171,0.000338,-0.000265,0.000059,-0.000225,-0.001271,0.000000,0.000000,-0.056436,-0.000439,-0.175671,False
2011-04-08,-0.055205,-0.055280,0.000162,0.000357,-0.000281,0.000060,-0.000221,-0.001272,0.000000,0.000000,-0.056475,0.001270,0.507896,False
2011-04-09,-0.056732,-0.055317,0.000152,0.000376,-0.000297,0.000062,-0.000218,-0.001274,0.000000,0.000000,-0.056515,-0.000217,-0.086898,False
2011-04-10,-0.055339,-0.055354,0.000141,0.000395,-0.000313,0.000064,-0.000214,-0.001275,0.000000,0.000000,-0.056556,0.001217,0.486737,False
2011-04-11,-0.051842,-0.055391,0.000130,0.000413,-0.000328,0.000065,-0.000211,-0.001276,0.000000,0.000000,-0.056598,0.004756,1.902386,False
2011-04-12,-0.056776,-0.055428,0.000118,0.000431,-0.000344,0.000067,-0.000207,-0.001278,0.000000,0.000000,-0.056641,-0.000135,-0.053964,False
2011-04-13,-0.056251,-0.055465,0.000105,0.000448,-0.000359,0.000069,-0.000204,-0.001279,0.000000,0.000000,-0.056685,0.000434,0.173669,False
2011-04-14,-0.057336,-0.055503,0.000092,0.000465,-0.000374,0.000071,-0.000200,-0.001280,0.000000,0.000000,-0.056730,-0.000606,-0.242332,False
2011-04-15,-0.056092,-0.055540,0.000078,0.000481,-0.000390,0.000072,-0.000197,-0.001282,0.000000,0.000000,-0.056776,0.000684,0.273615,False
2011-04-16,-0.057253,-0.055577,0.000065,0.000496,-0.000405,0.000074,-0.000193,-0.001283,0.000000,0.000000,-0.056823,-0.000430,-0.172110,False
2011-04-17,-0.057135,-0.055614,0.000050,0.000511,-0.000419,0.000076,-0.000190,-0.001285,0.000000,0.000000,-0.056870,-0.000265,-0.105928,False
2011-04-18,-0.057876,-0.055651,0.000036,0.000526,-0.000434,0.000077,-0.000186,-0.001286,0.000000,0.000000,-0.056918,-0.000958,-0.383060,False
2011-04-19,-0.058407,-0.055688,0.000021,0.000539,-0.000449,0.000079,-0.000183,-0.001287,0.000000,0.000000,-0.056967,-0.001440,-0.575929,False
2011-04-20,-0.055710,-0.055725,0.000007,0.000552,-0.000464,0.000081,-0.000179,-0.001289,0.000000,0.000000,-0.057017,0.001307,0.522643,False
2011-04-21,-0.058911,-0.055762,-0.000008,0.000565,-0.000478,0.000083,-0.000176,-0.001290,0.000000,0.000000,-0.057067,-0.001844,-0.737768,False
2011-04-22,-0.056767,-0.055800,-0.000023,0.000577,-0.000492,0.000084,-0.000172,-0.001291,0.000000,0.000000,-0.057117,0.000350,0.140014,False
2011-04-23,-0.057266,-0.055837,-0.000037,0.000588,-0.000506,0.000086,-0.000169,-0.001293,0.000000,0.000000,-0.057168,-0.000098,-0.039234,False
2011-04-24,-0.058381,-0.055874,-0.000052,0.000598,-0.000520,0.000088,-0.000165,-0.001294,0.000000,0.000000,-0.057219,-0.001162,-0.464737,False
2011-04-25,-0.056310,-0.055911,-0.000066,0.000608,-0.000534,0.000089,-0.000161,-0.001295,0.000000,0.000000,-0.057271,0.000961,0.384282,False
2011-04-26,-0.057398,-0.055948,-0.000080,0.000617,-0.000548,0.000091,-0.000158,-0.001297,0.000000,0.000000,-0.057322,-0.000076,-0.030201,False
2011-04-27,-0.056698,-0.055985,-0.000093,0.000625,-0.000561,0.000093,-0.000154,-0.001298,0.000000,0.000000,-0.057374,0.000676,0.270589,False
2011-04-28,-0.059346,-0.056022,-0.000106,0.000632,-0.000575,0.000094,-0.000151,-0.001299,0.000000,0.000000,-0.057427,-0.001919,-0.767770,False
2011-04-29,-0.055802,-0.056059,-0.000119,0.000639,-0.000588,0.000096,-0.000147,-0.001300,0.000000,0.000000,-0.057479,0.001677,0.670700,False
2011-04-30,-0.056029,-0.056097,-0.000131,0.000645,-0.000601,0.000098,-0.000144,-0.001302,0.000000,0.000000,-0.057531,0.001502,0.600775,False
2011-05-01,-0.056481,-0.056134,-0.000142,0.000650,-0.000613,0.000099,-0.000140,-0.001303,0.000000,0.000000,-0.057583,0.001102,0.440835,False
2011-05-02,-0.053883,-0.056171,-0.000153,0.000655,-0.000626,0.000101,-0.000137,-0.001304,0.000000,0.000000,-0.057635,0.003752,1.500860,False
2011-05-03,-0.055052,-0.056208,-0.000163,0.000658,-0.000639,0.000103,-0.000133,-0.001306,0.000000,0.000000,-0.057687,0.002635,1.054029,False
2011-05-04,-0.055670,-0.056245,-0.000172,0.000661,-0.000651,0.000104,-0.000130,-0.001307,0.000000,0.000000,-0.057739,0.002069,0.827524,False
2011-05-05,-0.057766,-0.056282,-0.000180,0.000663,-0.000663,0.000106,-0.000126,-0.001308,0.000000,0.000000,-0.057790,0.000024,0.009728,False
2011-05-06,-0.058547,-0.056319,-0.000188,0.000664,-0.000675,0.000108,-0.000123,-0.001309,0.000000,0.000000,-0.057842,-0.000705,-0.282176,False
2011-05-07,-0.058401,-0.056357,-0.000194,0.000665,-0.000686,0.000109,-0.000119,-0.001311,0.000000,0.000000,-0.057892,-0.000509,-0.203403,False
2011-05-08,-0.055940,-0.056394,-0.000200,0.000665,-0.000698,0.000111,-0.000115,-0.001312,0.000000,0.000000,-0.057943,0.002003,0.801234,False
2011-05-09,-0.057455,-0.056431,-0.000205,0.000664,-0.000709,0.000113,-0.000112,-0.001313,0.000000,0.000000,-0.057993,0.000538,0.215323,False
2011-05-10,-0.056263,-0.056468,-0.000209,0.000662,-0.000720,0.000114,-0.000108,-0.001314,0.000000,0.000000,-0.058043,0.001780,0.712052,False
2011-05-11,-0.056396,-0.056505,-0.000211,0.000659,-0.000731,0.000116,-0.000105,-0.001315,0.000000,0.000000,-0.058093,0.001697,0.678613,False
2011-05-12,-0.056409,-0.056542,-0.000213,0.000656,-0.000742,0.000117,-0.000101,-0.001317,0.000000,0.000000,-0.058141,0.001732,0.692997,False
2011-05-13,-0.057926,-0.056579,-0.000214,0.000652,-0.000752,0.000119,-0.000098,-0.001318,0.000000,0.000000,-0.058190,0.000264,0.105599,False
2011-05-14,-0.057533,-0.056616,-0.000214,0.000647,-0.000762,0.000121,-0.000094,-0.001319,0.000000,0.000000,-0.058238,0.000705,0.282014,False
2011-05-15,-0.059479,-0.056654,-0.000212,0.000641,-0.000772,0.000122,-0.000090,-0.001320,0.000000,0.000000,-0.058286,-0.001193,-0.477362,False
2011-05-16,-0.060215,-0.056691,-0.000210,0.000634,-0.000782,0.000124,-0.000087,-0.001321,0.000000,0.000000,-0.058333,-0.001882,-0.752929,False
2011-05-17,-0.058983,-0.056728,-0.000207,0.000627,-0.000791,0.000126,-0.000083,-0.001323,0.000000,0.000000,-0.058379,-0.000604,-0.241489,False
2011-05-18,-0.056051,-0.056765,-0.000203,0.000619,-0.000800,0.000127,-0.000080,-0.001324,0.000000,0.000000,-0.058425,0.002374,0.949762,False
2011-05-19,-0.058203,-0.056802,-0.000197,0.000610,-0.000809,0.000129,-0.000076,-0.001325,0.000000,0.000000,-0.058471,0.000268,0.107226,False
2011-05-20,-0.059300,-0.056839,-0.000191,0.000601,-0.000818,0.000130,-0.000073,-0.001326,0.000000,0.000000,-0.058516,-0.000784,-0.313492,False
2011-05-21,-0.059980,-0.056876,-0.000184,0.000591,-0.000827,0.000132,-0.000069,-0.001327,0.000000,0.000000,-0.058561,-0.001419,-0.567587,False
2011-05-22,-0.059424,-0.056913,-0.000176,0.000580,-0.000835,0.000134,-0.000065,-0.001328,0.000000,0.000000,-0.058605,-0.000819,-0.327449,False
2011-05-23,-0.057058,-0.056951,-0.000168,0.000568,-0.000843,0.000135,-0.000062,-0.001330,0.000000,0.000000,-0.058649,0.001591,0.636528,False
2011-05-24,-0.057628,-0.056988,-0.000158,0.000556,-0.000851,0.000137,-0.000058,-0.001331,0.000000,0.000000,-0.058693,0.001065,0.425957,False
2011-05-25,-0.057587,-0.057025,-0.000148,0.000543,-0.000858,0.000138,-0.000055,-0.001332,0.000000,0.000000,-0.058736,0.001149,0.459647,False
2011-05-26,-0.057713,-0.057062,-0.000137,0.000530,-0.000866,0.000140,-0.000051,-0.001333,0.000000,0.000000,-0.058779,0.001066,0.426412,False
2011-05-27,-0.057736,-0.057099,-0.000125,0.000516,-0.000873,0.000141,-0.000048,-0.001334,0.000000,0.000000,-0.058822,0.001086,0.434265,False
2011-05-28,-0.056723,-0.057136,-0.000113,0.000501,-0.000879,0.000143,-0.000044,-0.001335,0.000000,0.000000,-0.058864,0.002141,0.856421,False
2011-05-29,-0.055129,-0.057173,-0.000100,0.000485,-0.000886,0.000145,-0.000040,-0.001336,0.000000,0.000000,-0.058906,0.003777,1.510895,False
2011-05-30,-0.058095,-0.057211,-0.000087,0.000470,-0.000892,0.000146,-0.000037,-0.001337,0.000000,0.000000,-0.058948,0.000853,0.341304,False
2011-05-31,-0.058270,-0.057248,-0.000073,0.000453,-0.000898,0.000148,-0.000033,-0.001339,0.000000,0.000000,-0.058990,0.000720,0.288063,False
2011-06-01,-0.060905,-0.057285,-0.000059,0.000436,-0.000904,0.000149,-0.000030,-0.001340,0.000000,0.000000,-0.059032,-0.001873,-0.749208,False
2011-06-02,-0.058014,-0.057322,-0.000045,0.000419,-0.000909,0.000151,-0.000026,-0.001341,0.000000,0.000000,-0.059074,0.001060,0.423907,False
2011-06-03,-0.057811,-0.057359,-0.000030,0.000400,-0.000914,0.000152,-0.000022,-0.001342,0.000000,0.000000,-0.059116,0.001305,0.521826,False
2011-06-04,-0.059582,-0.057396,-0.000016,0.000382,-0.000919,0.000154,-0.000019,-0.001343,0.000000,0.000000,-0.059157,-0.000425,-0.169831,False
2011-06-05,-0.059300,-0.057433,-0.000001,0.000363,-0.000924,0.000155,-0.000015,-0.001344,0.000000,0.000000,-0.059199,-0.000101,-0.040247,False
2011-06-06,-0.059212,-0.057470,0.000014,0.000344,-0.000928,0.000157,-0.000012,-0.001345,0.000000,0.000000,-0.059241,0.000029,0.011797,False
2011-06-07,-0.057949,-0.057508,0.000028,0.000324,-0.000932,0.000158,-0.000008,-0.001346,0.000000,0.000000,-0.059284,0.001335,0.533919,False
2011-06-08,-0.059660,-0.057545,0.000043,0.000304,-0.000936,0.000160,-0.000005,-0.001347,0.000000,0.000000,-0.059326,-0.000334,-0.133463,False
2011-06-09,-0.059395,-0.057582,0.000057,0.000283,-0.000940,0.000161,-0.000001,-0.001348,0.000000,0.000000,-0.059369,-0.000026,-0.010331,False
2011-06-10,-0.058426,-0.057619,0.000071,0.000262,-0.000943,0.000163,0.000003,-0.001349,0.000000,0.000000,-0.059412,0.000986,0.394531,False
2011-06-11,-0.059136,-0.057656,0.000085,0.000241,-0.000946,0.000164,0.000006,-0.001350,0.000000,0.000000,-0.059456,0.000320,0.127940,False
2011-06-12,-0.057731,-0.057693,0.000098,0.000220,-0.000949,0.000166,0.000010,-0.001351,0.000000,0.000000,-0.059500,0.001769,0.707512,False
2011-06-13,-0.058447,-0.057730,0.000111,0.000198,-0.000951,0.000167,0.000013,-0.001352,0.000000,0.000000,-0.059544,0.001097,0.438861,False
2011-06-14,-0.058939,-0.057767,0.000123,0.000176,-0.000953,0.000169,0.000017,-0.001353,0.000000,0.000000,-0.059589,0.000650,0.260002,False
2011-06-15,-0.058508,-0.057805,0.000135,0.000154,-0.000955,0.000170,0.000021,-0.001354,0.000000,0.000000,-0.059634,0.001126,0.450546,False
2011-06-16,-0.058698,-0.057842,0.000146,0.000131,-0.000957,0.000172,0.000024,-0.001355,0.000000,0.000000,-0.059680,0.000982,0.392907,False
2011-06-17,-0.061728,-0.057879,0.000157,0.000109,-0.000958,0.000173,0.000028,-0.001356,0.000000,0.000000,-0.059727,-0.002001,-0.800508,False
2011-06-18,-0.056076,-0.057916,0.000166,0.000086,-0.000959,0.000175,0.000031,-0.001357,0.000000,0.000000,-0.059774,0.003698,1.479113,False
2011-06-19,-0.057052,-0.057953,0.000175,0.000063,-0.000960,0.000176,0.000035,-0.001358,0.000000,0.000000,-0.059821,0.002769,1.107776,False
2011-06-20,-0.060082,-0.057990,0.000183,0.000041,-0.000960,0.000178,0.000038,-0.001359,0.000000,0.000000,-0.059870,-0.000212,-0.084913,False
2011-06-21,-0.059933,-0.058027,0.000190,0.000018,-0.000960,0.000179,0.000042,-0.001360,0.000000,0.000000,-0.059919,-0.000014,-0.005750,False
2011-06-22,-0.057049,-0.058065,0.000197,-0.000005,-0.000960,0.000181,0.000046,-0.001361,0.000000,0.000000,-0.059968,0.002919,1.167669,False
2011-06-23,-0.059251,-0.058102,0.000202,-0.000028,-0.000960,0.000182,0.000049,-0.001362,0.000000,0.000000,-0.060018,0.000767,0.306945,False
2011-06-24,-0.056751,-0.058139,0.000206,-0.000051,-0.000959,0.000184,0.000053,-0.001363,0.000000,0.000000,-0.060069,0.003318,1.327276,False
2011-06-25,-0.057646,-0.058176,0.000210,-0.000074,-0.000958,0.000185,0.000056,-0.001364,0.000000,0.000000,-0.060121,0.002475,0.989861,False
2011-06-26,-0.059356,-0.058213,0.000212,-0.000096,-0.000957,0.000186,0.000060,-0.001365,0.000000,0.000000,-0.060173,0.000817,0.326695,False
2011-06-27,-0.063326,-0.058250,0.000214,-0.000119,-0.000955,0.000188,0.000064,-0.001366,0.000000,0.000000,-0.060225,-0.003101,-1.240228,False
2011-06-28,-0.060740,-0.058287,0.000214,-0.000142,-0.000953,0.000189,0.000067,-0.001367,0.000000,0.000000,-0.060279,-0.000461,-0.184515,False
2011-06-29,-0.059136,-0.058324,0.000213,-0.000164,-0.000951,0.000191,0.000071,-0.001368,0.000000,0.000000,-0.060333,0.001197,0.478623,False
2011-06-30,-0.060190,-0.058362,0.000212,-0.000186,-0.000949,0.000192,0.000074,-0.001369,0.000000,0.000000,-0.060387,0.000197,0.078776,False
2011-07-01,-0.059917,-0.058399,0.000209,-0.000208,-0.000946,0.000193,0.000078,-0.001370,0.000000,0.000000,-0.060442,0.000525,0.209930,False
2011-07-02,-0.059231,-0.058436,0.000205,-0.000229,-0.000943,0.000195,0.000081,-0.001371,0.000000,0.000000,-0.060497,0.001266,0.506470,False
2011-07-03,-0.058962,-0.058473,0.000201,-0.000251,-0.000940,0.000196,0.000085,-0.001372,0.000000,0.000000,-0.060553,0.001591,0.636380,False
2011-07-04,-0.058795,-0.058510,0.000195,-0.000272,-0.000936,0.000198,0.000089,-0.001372,0.000000,0.000000,-0.060609,0.001814,0.725640,False
2011-07-05,-0.061579,-0.058547,0.000189,-0.000292,-0.000932,0.000199,0.000092,-0.001373,0.000000,0.000000,-0.060666,-0.000913,-0.365368,False
2011-07-06,-0.060753,-0.058584,0.000181,-0.000313,-0.000928,0.000200,0.000096,-0.001374,0.000000,0.000000,-0.060722,-0.000031,-0.012267,False
2011-07-07,-0.059012,-0.058621,0.000173,-0.000333,-0.000924,0.000202,0.000099,-0.001375,0.000000,0.000000,-0.060779,0.001767,0.706919,False
2011-07-08,-0.061192,-0.058659,0.000164,-0.000353,-0.000919,0.000203,0.000103,-0.001376,0.000000,0.000000,-0.060836,-0.000356,-0.142232,False
2011-07-09,-0.059416,-0.058696,0.000154,-0.000372,-0.000914,0.000204,0.000106,-0.001377,0.000000,0.000000,-0.060894,0.001478,0.591052,False
2011-07-10,-0.058243,-0.058733,0.000144,-0.000390,-0.000909,0.000206,0.000110,-0.001378,0.000000,0.000000,-0.060951,0.002708,1.083145,False
2011-07-11,-0.060756,-0.058770,0.000133,-0.000409,-0.000904,0.000207,0.000113,-0.001379,0.000000,0.000000,-0.061008,0.000252,0.100819,False
2011-07-12,-0.058173,-0.058807,0.000121,-0.000427,-0.000898,0.000208,0.000117,-0.001379,0.000000,0.000000,-0.061065,0.002892,1.156843,False
2011-07-13,-0.063069,-0.058844,0.000108,-0.000444,-0.000892,0.000210,0.000121,-0.001380,0.000000,0.000000,-0.061122,-0.001947,-0.778811,False
2011-07-14,-0.061570,-0.058881,0.000095,-0.000461,-0.000886,0.000211,0.000124,-0.001381,0.000000,0.000000,-0.061179,-0.000391,-0.156576,False
2011-07-15,-0.060972,-0.058919,0.000082,-0.000477,-0.000879,0.000212,0.000128,-0.001382,0.000000,0.000000,-0.061235,0.000263,0.105117,False
2011-07-16,-0.058708,-0.058956,0.000068,-0.000493,-0.000872,0.000214,0.000131,-0.001383,0.000000,0.000000,-0.061291,0.002583,1.033036,False
2011-07-17,-0.059805,-0.058993,0.000054,-0.000508,-0.000865,0.000215,0.000135,-0.001384,0.000000,0.000000,-0.061346,0.001541,0.616348,False
2011-07-18,-0.061161,-0.059030,0.000040,-0.000522,-0.000858,0.000216,0.000138,-0.001384,0.000000,0.000000,-0.061401,0.000240,0.095820,False
2011-07-19,-0.061153,-0.059067,0.000025,-0.000536,-0.000851,0.000217,0.000142,-0.001385,0.000000,0.000000,-0.061455,0.000302,0.120619,False
2011-07-20,-0.060094,-0.059104,0.000010,-0.000549,-0.000843,0.000219,0.000145,-0.001386,0.000000,0.000000,-0.061508,0.001414,0.565512,False
2011-07-21,-0.060311,-0.059141,-0.000004,-0.000562,-0.000835,0.000220,0.000149,-0.001387,0.000000,0.000000,-0.061560,0.001249,0.499665,False
2011-07-22,-0.058242,-0.059178,-0.000019,-0.000574,-0.000826,0.000221,0.000152,-0.001388,0.000000,0.000000,-0.061612,0.003370,1.347845,False
2011-07-23,-0.058940,-0.059216,-0.000034,-0.000585,-0.000818,0.000222,0.000156,-0.001388,0.000000,0.000000,-0.061662,0.002722,1.088821,False
2011-07-24,-0.060198,-0.059253,-0.000048,-0.000596,-0.000809,0.000224,0.000160,-0.001389,0.000000,0.000000,-0.061711,0.001513,0.605359,False
2011-07-25,-0.060270,-0.059290,-0.000062,-0.000605,-0.000800,0.000225,0.000163,-0.001390,0.000000,0.000000,-0.061760,0.001490,0.595829,False
2011-07-26,-0.061224,-0.059327,-0.000076,-0.000614,-0.000791,0.000226,0.000167,-0.001391,0.000000,0.000000,-0.061807,0.000583,0.233000,False
2011-07-27,-0.063234,-0.059364,-0.000090,-0.000623,-0.000781,0.000227,0.000170,-0.001391,0.000000,0.000000,-0.061852,-0.001382,-0.552757,False
2011-07-28,-0.062506,-0.059401,-0.000103,-0.000630,-0.000772,0.000229,0.000174,-0.001392,0.000000,0.000000,-0.061896,-0.000610,-0.243871,False
2011-07-29,-0.058983,-0.059438,-0.000116,-0.000637,-0.000762,0.000230,0.000177,-0.001393,0.000000,0.000000,-0.061939,0.002956,1.182431,False
2011-07-30,-0.062482,-0.059475,-0.000128,-0.000644,-0.000752,0.000231,0.000181,-0.001394,0.000000,0.000000,-0.061980,-0.000502,-0.200678,False
2011-07-31,-0.060330,-0.059513,-0.000139,-0.000649,-0.000741,0.000232,0.000184,-0.001394,0.000000,0.000000,-0.062020,0.001690,0.675978,False
2011-08-01,-0.058697,-0.059550,-0.000150,-0.000654,-0.000731,0.000233,0.000188,-0.001395,0.000000,0.000000,-0.062058,0.003361,1.344376,False
2011-08-02,-0.058294,-0.059587,-0.000160,-0.000657,-0.000720,0.000235,0.000191,-0.001396,0.000000,0.000000,-0.062094,0.003800,1.520094,False
2011-08-03,-0.061550,-0.059624,-0.000170,-0.000660,-0.000709,0.000236,0.000195,-0.001397,0.000000,0.000000,-0.062129,0.000579,0.231514,False
2011-08-04,-0.058413,-0.059661,-0.000178,-0.000663,-0.000697,0.000237,0.000198,-0.001397,0.000000,0.000000,-0.062162,0.003749,1.499416,False
2011-08-05,-0.058434,-0.059698,-0.000186,-0.000664,-0.000686,0.000238,0.000202,-0.001398,0.000000,0.000000,-0.062192,0.003758,1.503385,False
2011-08-06,-0.061018,-0.059735,-0.000193,-0.000665,-0.000674,0.000239,0.000205,-0.001399,0.000000,0.000000,-0.062222,0.001204,0.481407,False
2011-08-07,-0.060394,-0.059773,-0.000199,-0.000665,-0.000662,0.000240,0.000209,-0.001399,0.000000,0.000000,-0.062249,0.001855,0.741870,False
2011-08-08,-0.060626,-0.059810,-0.000204,-0.000664,-0.000650,0.000242,0.000212,-0.001400,0.000000,0.000000,-0.062274,0.001648,0.659165,False
2011-08-09,-0.059447,-0.059847,-0.000208,-0.000662,-0.000638,0.000243,0.000216,-0.001401,0.000000,0.000000,-0.062297,0.002850,1.140083,False
2011-08-10,-0.059591,-0.059884,-0.000211,-0.000660,-0.000626,0.000244,0.000219,-0.001401,0.000000,0.000000,-0.062319,0.002728,1.091019,False
2011-08-11,-0.060873,-0.059921,-0.000213,-0.000657,-0.000613,0.000245,0.000223,-0.001402,0.000000,0.000000,-0.062338,0.001465,0.585971,False
2011-08-12,-0.060360,-0.059958,-0.000214,-0.000653,-0.000600,0.000246,0.000226,-0.001403,0.000000,0.000000,-0.062355,0.001995,0.798138,False
2011-08-13,-0.063112,-0.059995,-0.000214,-0.000648,-0.000587,0.000247,0.000230,-0.001403,0.000000,0.000000,-0.062371,-0.000741,-0.296479,False
2011-08-14,-0.061413,-0.060032,-0.000213,-0.000642,-0.000574,0.000248,0.000233,-0.001404,0.000000,0.000000,-0.062384,0.000971,0.388523,False
2011-08-15,-0.060692,-0.060070,-0.000211,-0.000636,-0.000561,0.000249,0.000237,-0.001405,0.000000,0.000000,-0.062396,0.001703,0.681351,False
2011-08-16,-0.059972,-0.060107,-0.000208,-0.000629,-0.000547,0.000250,0.000240,-0.001405,0.000000,0.000000,-0.062406,0.002434,0.973414,False
2011-08-17,-0.060313,-0.060144,-0.000204,-0.000621,-0.000534,0.000252,0.000243,-0.001406,0.000000,0.000000,-0.062413,0.002100,0.840122,False
2011-08-18,-0.062260,-0.060181,-0.000199,-0.000613,-0.000520,0.000253,0.000247,-0.001406,0.000000,0.000000,-0.062419,0.000159,0.063687,False
2011-08-19,-0.060897,-0.060218,-0.000193,-0.000603,-0.000506,0.000254,0.000250,-0.001407,0.000000,0.000000,-0.062423,0.001526,0.610526,False
2011-08-20,-0.058785,-0.060255,-0.000186,-0.000593,-0.000492,0.000255,0.000254,-0.001408,0.000000,0.000000,-0.062426,0.003641,1.456255,False
2011-08-21,-0.059762,-0.060292,-0.000178,-0.000583,-0.000477,0.000256,0.000257,-0.001408,0.000000,0.000000,-0.062426,0.002664,1.065694,False
2011-08-22,-0.059310,-0.060329,-0.000170,-0.000571,-0.000463,0.000257,0.000261,-0.001409,0.000000,0.000000,-0.062425,0.003115,1.246064,False
2011-08-23,-0.060009,-0.060367,-0.000161,-0.000559,-0.000448,0.000258,0.000264,-0.001410,0.000000,0.000000,-0.062422,0.002413,0.965389,False
2011-08-24,-0.057188,-0.060404,-0.000150,-0.000547,-0.000434,0.000259,0.000268,-0.001410,0.000000,0.000000,-0.062418,0.005230,2.092093,False
2011-08-25,-0.059360,-0.060441,-0.000140,-0.000533,-0.000419,0.000260,0.000271,-0.001411,0.000000,0.000000,-0.062413,0.003053,1.221003,False
2011-08-26,-0.057750,-0.060478,-0.000128,-0.000519,-0.000404,0.000261,0.000274,-0.001411,0.000000,0.000000,-0.062405,0.004655,1.862149,False
2011-08-27,-0.060858,-0.060515,-0.000116,-0.000505,-0.000389,0.000262,0.000278,-0.001412,0.000000,0.000000,-0.062397,0.001539,0.615560,False
2011-08-28,-0.062093,-0.060552,-0.000103,-0.000489,-0.000374,0.000263,0.000281,-0.001412,0.000000,0.000000,-0.062387,0.000294,0.117669,False
2011-08-29,-0.061041,-0.060589,-0.000090,-0.000474,-0.000359,0.000264,0.000285,-0.001413,0.000000,0.000000,-0.062376,0.001335,0.534107,False
2011-08-30,-0.063744,-0.060627,-0.000077,-0.000457,-0.000343,0.000265,0.000288,-0.001413,0.000000,0.000000,-0.062364,-0.001380,-0.551890,False
2011-08-31,-0.061528,-0.060664,-0.000063,-0.000440,-0.000328,0.000266,0.000291,-0.001414,0.000000,0.000000,-0.062351,0.000823,0.329312,False
2011-09-01,-0.056722,-0.060701,-0.000049,-0.000423,-0.000312,0.000267,0.000295,-0.001415,0.000000,0.000000,-0.062337,0.005615,2.246150,False
2011-09-02,-0.060741,-0.060738,-0.000034,-0.000405,-0.000296,0.000268,0.000298,-0.001415,0.000000,0.000000,-0.062323,0.001582,0.632661,False
2011-09-03,-0.058684,-0.060775,-0.000020,-0.000387,-0.000281,0.000269,0.000302,-0.001416,0.000000,0.000000,-0.062307,0.003623,1.449283,False
2011-09-04,-0.059051,-0.060812,-0.000005,-0.000368,-0.000265,0.000270,0.000305,-0.001416,0.000000,0.000000,-0.062291,0.003240,1.296054,False
2011-09-05,-0.061793,-0.060849,0.000010,-0.000348,-0.000249,0.000270,0.000308,-0.001417,0.000000,0.000000,-0.062275,0.000482,0.192613,False
2011-09-06,-0.061712,-0.060886,0.000025,-0.000329,-0.000233,0.000271,0.000312,-0.001417,0.000000,0.000000,-0.062257,0.000545,0.218199,False
2011-09-07,-0.060052,-0.060924,0.000039,-0.000309,-0.000217,0.000272,0.000315,-0.001418,0.000000,0.000000,-0.062240,0.002188,0.875250,False
2011-09-08,-0.061906,-0.060961,0.000054,-0.000288,-0.000201,0.000273,0.000318,-0.001418,0.000000,0.000000,-0.062223,0.000317,0.126607,False
2011-09-09,-0.060402,-0.060998,0.000068,-0.000267,-0.000184,0.000274,0.000322,-0.001419,0.000000,0.000000,-0.062205,0.001803,0.721107,False
2011-09-10,-0.059749,-0.061035,0.000081,-0.000246,-0.000168,0.000275,0.000325,-0.001419,0.000000,0.000000,-0.062187,0.002438,0.975190,False
2011-09-11,-0.057406,-0.061072,0.000095,-0.000225,-0.000152,0.000276,0.000329,-0.001420,0.000000,0.000000,-0.062169,0.004763,1.905293,False
2011-09-12,-0.058598,-0.061109,0.000108,-0.000203,-0.000136,0.000277,0.000332,-0.001420,0.000000,0.000000,-0.062152,0.003554,1.421454,False
2011-09-13,-0.060689,-0.061146,0.000120,-0.000181,-0.000119,0.000278,0.000335,-0.001420,0.000000,0.000000,-0.062134,0.001445,0.578110,False
2011-09-14,-0.059890,-0.061183,0.000132,-0.000159,-0.000103,0.000278,0.000339,-0.001421,0.000000,0.000000,-0.062117,0.002227,0.890898,False
2011-09-15,-0.059405,-0.061221,0.000143,-0.000137,-0.000086,0.000279,0.000342,-0.001421,0.000000,0.000000,-0.062101,0.002696,1.078251,False
2011-09-16,-0.061363,-0.061258,0.000154,-0.000114,-0.000070,0.000280,0.000345,-0.001422,0.000000,0.000000,-0.062085,0.000722,0.288604,False
2011-09-17,-0.059391,-0.061295,0.000164,-0.000092,-0.000053,0.000281,0.000348,-0.001422,0.000000,0.000000,-0.062069,0.002678,1.071189,False
2011-09-18,-0.057846,-0.061332,0.000173,-0.000069,-0.000037,0.000282,0.000352,-0.001423,0.000000,0.000000,-0.062054,0.004208,1.683239,False
2011-09-19,-0.060496,-0.061369,0.000181,-0.000046,-0.000020,0.000283,0.000355,-0.001423,0.000000,0.000000,-0.062040,0.001544,0.617582,False
2011-09-20,-0.058866,-0.061406,0.000189,-0.000023,-0.000004,0.000283,0.000358,-0.001423,0.000000,0.000000,-0.062027,0.003161,1.264248,False
2011-09-21,-0.058162,-0.061443,0.000195,-0.000000,0.000013,0.000284,0.000362,-0.001424,0.000000,0.000000,-0.062014,0.003852,1.540862,False
2011-09-22,-0.061520,-0.061481,0.000201,0.000022,0.000029,0.000285,0.000365,-0.001424,0.000000,0.000000,-0.062003,0.000483,0.193051,False
2011-09-23,-0.060516,-0.061518,0.000205,0.000045,0.000046,0.000286,0.000368,-0.001425,0.000000,0.000000,-0.061992,0.001476,0.590438,False
2011-09-24,-0.060660,-0.061555,0.000209,0.000068,0.000062,0.000286,0.000372,-0.001425,0.000000,0.000000,-0.061983,0.001323,0.529044,False
2011-09-25,-0.060835,-0.061592,0.000212,0.000091,0.000079,0.000287,0.000375,-0.001425,0.000000,0.000000,-0.061974,0.001139,0.455689,False
2011-09-26,-0.064017,-0.061629,0.000213,0.000113,0.000095,0.000288,0.000378,-0.001426,0.000000,0.000000,-0.061967,-0.002050,-0.820009,False
2011-09-27,-0.061131,-0.061666,0.000214,0.000136,0.000112,0.000289,0.000381,-0.001426,0.000000,0.000000,-0.061961,0.000830,0.331966,False
2011-09-28,-0.059009,-0.061703,0.000214,0.000158,0.000128,0.000289,0.000385,-0.001427,0.000000,0.000000,-0.061956,0.002947,1.178827,False
2011-09-29,-0.060067,-0.061740,0.000212,0.000180,0.000144,0.000290,0.000388,-0.001427,0.000000,0.000000,-0.061952,0.001885,0.754187,False
2011-09-30,-0.060921,-0.061778,0.000210,0.000202,0.000161,0.000291,0.000391,-0.001427,0.000000,0.000000,-0.061950,0.001029,0.411655,False
2011-10-01,-0.059676,-0.061815,0.000206,0.000224,0.000177,0.000292,0.000394,-0.001428,0.000000,0.000000,-0.061949,0.002273,0.909239,False
2011-10-02,-0.058781,-0.061852,0.000202,0.000245,0.000193,0.000292,0.000398,-0.001428,0.000000,0.000000,-0.061949,0.003168,1.267345,False
2011-10-03,-0.060619,-0.061889,0.000197,0.000267,0.000209,0.000293,0.000401,-0.001428,0.000000,0.000000,-0.061951,0.001332,0.532777,False
2011-10-04,-0.058657,-0.061926,0.000191,0.000287,0.000225,0.000294,0.000404,-0.001429,0.000000,0.000000,-0.061954,0.003297,1.318736,False
2011-10-05,-0.061882,-0.061963,0.000183,0.000308,0.000241,0.000294,0.000407,-0.001429,0.000000,0.000000,-0.061958,0.000076,0.030423,False
2011-10-06,-0.057889,-0.062000,0.000175,0.000328,0.000257,0.000295,0.000410,-0.001429,0.000000,0.000000,-0.061964,0.004075,1.629836,False
2011-10-07,-0.058639,-0.062037,0.000166,0.000348,0.000273,0.000296,0.000414,-0.001430,0.000000,0.000000,-0.061970,0.003331,1.332571,False
2011-10-08,-0.058762,-0.062075,0.000157,0.000367,0.000289,0.000296,0.000417,-0.001430,0.000000,0.000000,-0.061979,0.003217,1.286622,False
2011-10-09,-0.057986,-0.062112,0.000146,0.000386,0.000305,0.000297,0.000420,-0.001430,0.000000,0.000000,-0.061988,0.004002,1.600782,False
2011-10-10,-0.058469,-0.062149,0.000135,0.000404,0.000320,0.000297,0.000423,-0.001430,0.000000,0.000000,-0.061999,0.003530,1.411843,False
2011-10-11,-0.056778,-0.062186,0.000124,0.000422,0.000336,0.000298,0.000426,-0.001431,0.000000,0.000000,-0.062010,0.005232,2.092994,False
2011-10-12,-0.059296,-0.062223,0.000111,0.000440,0.000351,0.000299,0.000430,-0.001431,0.000000,0.000000,-0.062024,0.002728,1.091023,False
2011-10-13,-0.057669,-0.062260,0.000099,0.000457,0.000367,0.000299,0.000433,-0.001431,0.000000,0.000000,-0.062038,0.004369,1.747517,False
2011-10-14,-0.056503,-0.062297,0.000085,0.000473,0.000382,0.000300,0.000436,-0.001431,0.000000,0.000000,-0.062053,0.005550,2.220061,False
2011-10-15,-0.058442,-0.062335,0.000072,0.000489,0.000397,0.000300,0.000439,-0.001432,0.000000,0.000000,-0.062070,0.003628,1.451040,False
2011-10-16,-0.059061,-0.062372,0.000057,0.000504,0.000412,0.000301,0.000442,-0.001432,0.000000,0.000000,-0.062087,0.003026,1.210438,False
2011-10-17,-0.057247,-0.062409,0.000043,0.000519,0.000427,0.000302,0.000445,-0.001432,0.000000,0.000000,-0.062106,0.004859,1.943436,False
2011-10-18,-0.059108,-0.062446,0.000029,0.000533,0.000442,0.000302,0.000448,-0.001432,0.000000,0.000000,-0.062125,0.003017,1.206816,False
2011-10-19,-0.055710,-0.062483,0.000014,0.000546,0.000456,0.000303,0.000452,-0.001433,0.000000,0.000000,-0.062145,0.006435,2.574159,False
2011-10-20,-0.056648,-0.062520,-0.000001,0.000559,0.000471,0.000303,0.000455,-0.001433,0.000000,0.000000,-0.062167,0.005519,2.207446,False
2011-10-21,-0.058728,-0.062557,-0.000015,0.000571,0.000485,0.000304,0.000458,-0.001433,0.000000,0.000000,-0.062189,0.003461,1.384256,False
2011-10-22,-0.058732,-0.062594,-0.000030,0.000582,0.000499,0.000304,0.000461,-0.001433,0.000000,0.000000,-0.062211,0.003479,1.391769,False
2011-10-23,-0.058597,-0.062632,-0.000045,0.000593,0.000513,0.000305,0.000464,-0.001434,0.000000,0.000000,-0.062235,0.003638,1.455164,False
2011-10-24,-0.058310,-0.062669,-0.000059,0.000603,0.000527,0.000305,0.000467,-0.001434,0.000000,0.000000,-0.062259,0.003949,1.579621,False
2011-10-25,-0.058818,-0.062706,-0.000073,0.000612,0.000541,0.000306,0.000470,-0.001434,0.000000,0.000000,-0.062284,0.003466,1.386318,False
2011-10-26,-0.060550,-0.062743,-0.000087,0.000621,0.000555,0.000306,0.000473,-0.001434,0.000000,0.000000,-0.062309,0.001759,0.703636,False
2011-10-27,-0.057459,-0.062780,-0.000100,0.000629,0.000568,0.000307,0.000476,-0.001434,0.000000,0.000000,-0.062335,0.004876,1.950353,False
2011-10-28,-0.057994,-0.062817,-0.000113,0.000636,0.000581,0.000307,0.000479,-0.001434,0.000000,0.000000,-0.062361,0.004367,1.746851,False
2011-10-29,-0.058646,-0.062854,-0.000125,0.000642,0.000594,0.000307,0.000482,-0.001435,0.000000,0.000000,-0.062388,0.003742,1.496710,False
2011-10-30,-0.058235,-0.062891,-0.000136,0.000648,0.000607,0.000308,0.000485,-0.001435,0.000000,0.000000,-0.062415,0.004180,1.671912,False
2011-10-31,-0.058313,-0.062929,-0.000148,0.000652,0.000620,0.000308,0.000488,-0.001435,0.000000,0.000000,-0.062442,0.004129,1.651637,False
2011-11-01,-0.058480,-0.062966,-0.000158,0.000657,0.000632,0.000309,0.000491,-0.001435,0.000000,0.000000,-0.062470,0.003990,1.595870,False
2011-11-02,-0.058506,-0.063003,-0.000167,0.000660,0.000645,0.000309,0.000494,-0.001435,0.000000,0.000000,-0.062497,0.003991,1.596595,False
2011-11-03,-0.058055,-0.063040,-0.000176,0.000662,0.000657,0.000310,0.000497,-0.001435,0.000000,0.000000,-0.062525,0.004470,1.788195,False
2011-11-04,-0.059093,-0.063077,-0.000184,0.000664,0.000669,0.000310,0.000500,-0.001436,0.000000,0.000000,-0.062554,0.003461,1.384258,False
2011-11-05,-0.058480,-0.063114,-0.000191,0.000665,0.000681,0.000310,0.000503,-0.001436,0.000000,0.000000,-0.062582,0.004102,1.640681,False
2011-11-06,-0.057867,-0.063151,-0.000197,0.000665,0.000692,0.000311,0.000506,-0.001436,0.000000,0.000000,-0.062610,0.004743,1.897142,False
2011-11-07,-0.057255,-0.063189,-0.000203,0.000664,0.000703,0.000311,0.000509,-0.001436,0.000000,0.000000,-0.062639,0.005384,2.153631,False
2011-11-08,-0.056642,-0.063226,-0.000207,0.000663,0.000715,0.000311,0.000512,-0.001436,0.000000,0.000000,-0.062667,0.006025,2.410138,False
2011-11-09,-0.056029,-0.063263,-0.000210,0.000661,0.000726,0.000312,0.000515,-0.001436,0.000000,0.000000,-0.062696,0.006667,2.666657,False
2011-11-10,-0.055416,-0.063300,-0.000212,0.000658,0.000736,0.000312,0.000518,-0.001436,0.000000,0.000000,-0.062724,0.007308,2.923181,False
2011-11-11,-0.054804,-0.063337,-0.000214,0.000654,0.000747,0.000312,0.000521,-0.001436,0.000000,0.000000,-0.062753,0.007949,3.179706,False
2011-11-12,-0.054804,-0.063374,-0.000214,0.000649,0.000757,0.000313,0.000524,-0.001436,0.000000,0.000000,-0.062781,0.007978,3.191118,False
2011-11-13,-0.054804,-0.063411,-0.000213,0.000644,0.000767,0.000313,0.000527,-0.001436,0.000000,0.000000,-0.062810,0.008006,3.202526,False
2011-11-14,-0.054804,-0.063448,-0.000211,0.000638,0.000777,0.000313,0.000530,-0.001436,0.000000,0.000000,-0.062838,0.008035,3.213931,False
2011-11-15,-0.048063,-0.063486,-0.000209,0.000631,0.000787,0.000314,0.000533,-0.001437,0.000000,0.000000,-0.062867,0.014804,5.921556,True
2011-11-16,-0.048063,-0.063523,-0.000205,0.000623,0.000796,0.000314,0.000536,-0.001437,0.015803,0.000019,-0.047073,-0.000990,-0.395814,False
2011-11-17,-0.048063,-0.063560,-0.000200,0.000615,0.000805,0.000314,0.000539,-0.001437,0.015803,0.000038,-0.047083,-0.000980,-0.391981,False
2011-11-18,-0.048063,-0.063597,-0.000195,0.000606,0.000814,0.000314,0.000542,-0.001437,0.015803,0.000057,-0.047093,-0.000970,-0.388095,False
2011-11-19,-0.048063,-0.063634,-0.000188,0.000596,0.000823,0.000315,0.000545,-0.001437,0.015803,0.000076,-0.047103,-0.000960,-0.384147,False
2011-11-20,-0.048063,-0.063671,-0.000180,0.000585,0.000831,0.000315,0.000547,-0.001437,0.015803,0.000094,-0.047113,-0.000950,-0.380130,False
2011-11-21,-0.048063,-0.063708,-0.000172,0.000574,0.000839,0.000315,0.000550,-0.001437,0.015803,0.000113,-0.047123,-0.000940,-0.376032,False
2011-11-22,-0.048063,-0.063745,-0.000163,0.000562,0.000847,0.000315,0.000553,-0.001437,0.015803,0.000131,-0.047133,-0.000930,-0.371843,False
2011-11-23,-0.045743,-0.063783,-0.000153,0.000550,0.000855,0.000316,0.000556,-0.001437,0.015803,0.000149,-0.047144,0.001401,0.560449,False
2011-11-24,-0.045169,-0.063820,-0.000142,0.000537,0.000862,0.000316,0.000559,-0.001437,0.015803,0.000168,-0.047155,0.001986,0.794459,False
2011-11-25,-0.045433,-0.063857,-0.000131,0.000523,0.000869,0.000316,0.000562,-0.001437,0.015803,0.000186,-0.047166,0.001733,0.693400,False
2011-11-26,-0.045930,-0.063894,-0.000119,0.000508,0.000876,0.000316,0.000564,-0.001437,0.015803,0.000204,-0.047178,0.001248,0.499289,False
2011-11-27,-0.046309,-0.063931,-0.000107,0.000493,0.000883,0.000316,0.000567,-0.001437,0.015803,0.000222,-0.047190,0.000881,0.352541,False
2011-11-28,-0.044752,-0.063968,-0.000094,0.000478,0.000889,0.000316,0.000570,-0.001437,0.015803,0.000240,-0.047203,0.002451,0.980374,False
2011-11-29,-0.045950,-0.064005,-0.000080,0.000461,0.000895,0.000317,0.000573,-0.001437,0.015803,0.000257,-0.047216,0.001266,0.506406,False
2011-11-30,-0.045101,-0.064043,-0.000066,0.000445,0.000901,0.000317,0.000576,-0.001437,0.015803,0.000275,-0.047230,0.002129,0.851456,False
2011-12-01,-0.045079,-0.064080,-0.000052,0.000427,0.000907,0.000317,0.000578,-0.001437,0.015803,0.000292,-0.047244,0.002165,0.865941,False
2011-12-02,-0.046623,-0.064117,-0.000038,0.000410,0.000912,0.000317,0.000581,-0.001437,0.015803,0.000310,-0.047259,0.000636,0.254280,False
2011-12-03,-0.045315,-0.064154,-0.000023,0.000391,0.000917,0.000317,0.000584,-0.001436,0.015803,0.000327,-0.047274,0.001959,0.783694,False
2011-12-04,-0.042963,-0.064191,-0.000008,0.000373,0.000922,0.000317,0.000587,-0.001436,0.015803,0.000344,-0.047291,0.004328,1.731002,False
2011-12-05,-0.046173,-0.064228,0.000006,0.000353,0.000926,0.000317,0.000589,-0.001436,0.015803,0.000362,-0.047308,0.001135,0.453823,False
2011-12-06,-0.048684,-0.064265,0.000021,0.000334,0.000930,0.000317,0.000592,-0.001436,0.015803,0.000379,-0.047325,-0.001359,-0.543424,False
2011-12-07,-0.044008,-0.064302,0.000036,0.000314,0.000934,0.000317,0.000595,-0.001436,0.015803,0.000396,-0.047344,0.003336,1.334479,False
2011-12-08,-0.042666,-0.064340,0.000050,0.000293,0.000938,0.000318,0.000598,-0.001436,0.015803,0.000412,-0.047364,0.004698,1.879152,False
2011-12-09,-0.043341,-0.064377,0.000064,0.000273,0.000941,0.000318,0.000600,-0.001436,0.015803,0.000429,-0.047385,0.004044,1.617413,False
2011-12-10,-0.046105,-0.064414,0.000078,0.000252,0.000945,0.000318,0.000603,-0.001436,0.015803,0.000446,-0.047406,0.001301,0.520478,False
2011-12-11,-0.044722,-0.064451,0.000092,0.000230,0.000947,0.000318,0.000606,-0.001436,0.015803,0.000462,-0.047429,0.002707,1.082765,False
2011-12-12,-0.045669,-0.064488,0.000105,0.000209,0.000950,0.000318,0.000608,-0.001436,0.015803,0.000479,-0.047453,0.001784,0.713488,False
2011-12-13,-0.045326,-0.064525,0.000117,0.000187,0.000952,0.000318,0.000611,-0.001436,0.015803,0.000495,-0.047478,0.002152,0.860663,False
2011-12-14,-0.046069,-0.064562,0.000129,0.000165,0.000954,0.000318,0.000614,-0.001435,0.015803,0.000512,-0.047504,0.001435,0.573903,False
2011-12-15,-0.045059,-0.064599,0.000141,0.000142,0.000956,0.000318,0.000616,-0.001435,0.015803,0.000528,-0.047531,0.002472,0.988821,False
2011-12-16,-0.045808,-0.064637,0.000151,0.000120,0.000957,0.000318,0.000619,-0.001435,0.015803,0.000544,-0.047560,0.001752,0.700627,False
2011-12-17,-0.046162,-0.064674,0.000161,0.000097,0.000958,0.000318,0.000622,-0.001435,0.015803,0.000560,-0.047589,0.001427,0.570932,False
2011-12-18,-0.046779,-0.064711,0.000171,0.000075,0.000959,0.000318,0.000624,-0.001435,0.015803,0.000576,-0.047620,0.000841,0.336543,False
2011-12-19,-0.046026,-0.064748,0.000179,0.000052,0.000960,0.000318,0.000627,-0.001435,0.015803,0.000592,-0.047653,0.001627,0.650668,False
2011-12-20,-0.048167,-0.064785,0.000187,0.000029,0.000960,0.000318,0.000629,-0.001435,0.015803,0.000608,-0.047686,-0.000481,-0.192289,False
2011-12-21,-0.046339,-0.064822,0.000194,0.000006,0.000960,0.000317,0.000632,-0.001434,0.015803,0.000623,-0.047721,0.001382,0.552876,False
2011-12-22,-0.046639,-0.064859,0.000199,-0.000017,0.000960,0.000317,0.000635,-0.001434,0.015803,0.000639,-0.047757,0.001118,0.447365,False
2011-12-23,-0.046484,-0.064897,0.000204,-0.000040,0.000959,0.000317,0.000637,-0.001434,0.015803,0.000654,-0.047795,0.001311,0.524378,False
2011-12-24,-0.047420,-0.064934,0.000208,-0.000062,0.000958,0.000317,0.000640,-0.001434,0.015803,0.000670,-0.047834,0.000414,0.165512,False
2011-12-25,-0.046884,-0.064971,0.000211,-0.000085,0.000957,0.000317,0.000642,-0.001434,0.015803,0.000685,-0.047874,0.000990,0.395965,False
2011-12-26,-0.048191,-0.065008,0.000213,-0.000108,0.000956,0.000317,0.000645,-0.001433,0.015803,0.000700,-0.047915,-0.000276,-0.110270,False
2011-12-27,-0.047759,-0.065045,0.000214,-0.000130,0.000954,0.000317,0.000647,-0.001433,0.015803,0.000716,-0.047958,0.000199,0.079600,False
2011-12-28,-0.047743,-0.065082,0.000214,-0.000153,0.000952,0.000317,0.000650,-0.001433,0.015803,0.000731,-0.048002,0.000259,0.103565,False
2011-12-29,-0.045220,-0.065119,0.000213,-0.000175,0.000950,0.000317,0.000652,-0.001433,0.015803,0.000746,-0.048047,0.002827,1.130816,False
2011-12-30,-0.048151,-0.065156,0.000210,-0.000197,0.000947,0.000316,0.000655,-0.001433,0.015803,0.000761,-0.048093,-0.000058,-0.023063,False
2011-12-31,-0.046156,-0.065194,0.000207,-0.000219,0.000944,0.000316,0.000657,-0.001432,0.015803,0.000775,-0.048141,0.001985,0.793915,False
2012-01-01,-0.047887,-0.065231,0.000203,-0.000240,0.000941,0.000316,0.000660,-0.001432,0.015803,0.000790,-0.048189,0.000302,0.120933,False
2012-01-02,-0.045818,-0.065268,0.000198,-0.000261,0.000938,0.000316,0.000662,-0.001432,0.015803,0.000805,-0.048239,0.002421,0.968317,False
2012-01-03,-0.046825,-0.065305,0.000192,-0.000282,0.000934,0.000316,0.000665,-0.001432,0.015803,0.000819,-0.048289,0.001464,0.585700,False
2012-01-04,-0.046505,-0.065342,0.000185,-0.000303,0.000930,0.000316,0.000667,-0.001431,0.015803,0.000834,-0.048341,0.001836,0.734260,False
2012-01-05,-0.048382,-0.065379,0.000178,-0.000323,0.000926,0.000315,0.000670,-0.001431,0.015803,0.000848,-0.048393,0.000011,0.004373,False
2012-01-06,-0.047576,-0.065416,0.000169,-0.000342,0.000922,0.000315,0.000672,-0.001431,0.015803,0.000862,-0.048446,0.000870,0.348016,False
2012-01-07,-0.048506,-0.065453,0.000159,-0.000362,0.000917,0.000315,0.000674,-0.001431,0.015803,0.000877,-0.048500,-0.000006,-0.002439,False
2012-01-08,-0.048624,-0.065490,0.000149,-0.000381,0.000912,0.000315,0.000677,-0.001430,0.015803,0.000891,-0.048554,-0.000070,-0.027818,False
2012-01-09,-0.049398,-0.065527,0.000138,-0.000399,0.000907,0.000314,0.000679,-0.001430,0.015803,0.000905,-0.048610,-0.000788,-0.315352,False
2012-01-10,-0.047281,-0.065564,0.000127,-0.000417,0.000901,0.000314,0.000682,-0.001430,0.015803,0.000919,-0.048665,0.001384,0.553731,False
2012-01-11,-0.050006,-0.065601,0.000115,-0.000435,0.000895,0.000314,0.000684,-0.001429,0.015803,0.000933,-0.048721,-0.001285,-0.513801,False
2012-01-12,-0.048564,-0.065638,0.000102,-0.000452,0.000889,0.000314,0.000686,-0.001429,0.015803,0.000947,-0.048778,0.000214,0.085620,False
2012-01-13,-0.049494,-0.065675,0.000089,-0.000468,0.000883,0.000313,0.000689,-0.001429,0.015803,0.000960,-0.048835,-0.000659,-0.263638,False
2012-01-14,-0.050424,-0.065712,0.000075,-0.000484,0.000876,0.000313,0.000691,-0.001428,0.015803,0.000974,-0.048892,-0.001532,-0.612809,False
2012-01-15,-0.049391,-0.065749,0.000062,-0.000500,0.000869,0.000313,0.000693,-0.001428,0.015803,0.000988,-0.048949,-0.000442,-0.176727,False
2012-01-16,-0.047456,-0.065786,0.000047,-0.000514,0.000862,0.000312,0.000696,-0.001428,0.015803,0.001001,-0.049006,0.001550,0.620174,False
2012-01-17,-0.046991,-0.065823,0.000033,-0.000529,0.000855,0.000312,0.000698,-0.001427,0.015803,0.001015,-0.049064,0.002073,0.829058,False
2012-01-18,-0.046238,-0.065860,0.000018,-0.000542,0.000847,0.000312,0.000700,-0.001427,0.015803,0.001028,-0.049121,0.002883,1.153092,False
2012-01-19,-0.048771,-0.065897,0.000004,-0.000555,0.000839,0.000311,0.000703,-0.001427,0.015803,0.001041,-0.049178,0.000407,0.162639,False
2012-01-20,-0.048443,-0.065934,-0.000011,-0.000567,0.000831,0.000311,0.000705,-0.001426,0.015803,0.001055,-0.049234,0.000791,0.316466,False
2012-01-21,-0.050487,-0.065971,-0.000026,-0.000579,0.000823,0.000311,0.000707,-0.001426,0.015803,0.001068,-0.049290,-0.001197,-0.478662,False
2012-01-22,-0.049630,-0.066008,-0.000040,-0.000590,0.000814,0.000310,0.000709,-0.001426,0.015803,0.001081,-0.049346,-0.000284,-0.113580,False
2012-01-23,-0.050360,-0.066045,-0.000054,-0.000600,0.000805,0.000310,0.000712,-0.001425,0.015803,0.001094,-0.049401,-0.000959,-0.383522,False
2012-01-24,-0.049270,-0.066082,-0.000069,-0.000609,0.000796,0.000310,0.000714,-0.001425,0.015803,0.001107,-0.049456,0.000186,0.074281,False
2012-01-25,-0.051044,-0.066119,-0.000082,-0.000618,0.000787,0.000309,0.000716,-0.001424,0.015803,0.001120,-0.049509,-0.001535,-0.613805,False
2012-01-26,-0.051400,-0.066156,-0.000096,-0.000626,0.000777,0.000309,0.000718,-0.001424,0.015803,0.001133,-0.049562,-0.001838,-0.735011,False
2012-01-27,-0.049374,-0.066193,-0.000109,-0.000634,0.000767,0.000308,0.000721,-0.001424,0.015803,0.001145,-0.049615,0.000241,0.096234,False
2012-01-28,-0.046364,-0.066231,-0.000121,-0.000640,0.000757,0.000308,0.000723,-0.001423,0.015803,0.001158,-0.049666,0.003302,1.320699,False
2012-01-29,-0.048932,-0.066268,-0.000133,-0.000646,0.000747,0.000308,0.000725,-0.001423,0.015803,0.001171,-0.049716,0.000784,0.313557,False
2012-01-30,-0.050814,-0.066305,-0.000144,-0.000651,0.000737,0.000307,0.000727,-0.001422,0.015803,0.001183,-0.049765,-0.001049,-0.419618,False
2012-01-31,-0.051118,-0.066342,-0.000154,-0.000655,0.000726,0.000307,0.000729,-0.001422,0.015803,0.001196,-0.049813,-0.001305,-0.522051,False
2012-02-01,-0.049948,-0.066379,-0.000164,-0.000659,0.000715,0.000306,0.000731,-0.001422,0.015803,0.001208,-0.049860,-0.000088,-0.035365,False
2012-02-02,-0.049622,-0.066416,-0.000173,-0.000661,0.000704,0.000306,0.000733,-0.001421,0.015803,0.001220,-0.049905,0.000283,0.113218,False
2012-02-03,-0.050155,-0.066453,-0.000181,-0.000663,0.000693,0.000305,0.000736,-0.001421,0.015803,0.001233,-0.049949,-0.000206,-0.082322,False
2012-02-04,-0.050450,-0.066490,-0.000189,-0.000665,0.000681,0.000305,0.000738,-0.001420,0.015803,0.001245,-0.049992,-0.000458,-0.183202,False
2012-02-05,-0.050946,-0.066527,-0.000195,-0.000665,0.000670,0.000304,0.000740,-0.001420,0.015803,0.001257,-0.050033,-0.000913,-0.365039,False
2012-02-06,-0.048328,-0.066564,-0.000201,-0.000665,0.000658,0.000304,0.000742,-0.001419,0.015803,0.001269,-0.050073,0.001745,0.698154,False
2012-02-07,-0.049897,-0.066601,-0.000205,-0.000663,0.000646,0.000303,0.000744,-0.001419,0.015803,0.001281,-0.050112,0.000215,0.085965,False
2012-02-08,-0.051391,-0.066638,-0.000209,-0.000661,0.000633,0.000303,0.000746,-0.001418,0.015803,0.001293,-0.050149,-0.001242,-0.496816,False
2012-02-09,-0.052050,-0.066675,-0.000212,-0.000659,0.000621,0.000302,0.000748,-0.001418,0.015803,0.001305,-0.050185,-0.001865,-0.746196,False
2012-02-10,-0.051694,-0.066712,-0.000213,-0.000655,0.000608,0.000302,0.000750,-0.001417,0.015803,0.001316,-0.050219,-0.001475,-0.590181,False
2012-02-11,-0.052476,-0.066749,-0.000214,-0.000651,0.000595,0.000301,0.000752,-0.001417,0.015803,0.001328,-0.050251,-0.002225,-0.889973,False
2012-02-12,-0.052657,-0.066786,-0.000214,-0.000646,0.000582,0.000301,0.000754,-0.001416,0.015803,0.001340,-0.050282,-0.002375,-0.949974,False
2012-02-13,-0.052294,-0.066823,-0.000212,-0.000640,0.000569,0.000300,0.000756,-0.001416,0.015803,0.001351,-0.050312,-0.001982,-0.792981,False
2012-02-14,-0.053899,-0.066860,-0.000210,-0.000633,0.000556,0.000299,0.000758,-0.001415,0.015803,0.001363,-0.050340,-0.003559,-1.423792,False
2012-02-15,-0.052030,-0.066897,-0.000206,-0.000626,0.000542,0.000299,0.000760,-0.001415,0.015803,0.001374,-0.050366,-0.001664,-0.665600,False
2012-02-16,-0.052922,-0.066934,-0.000202,-0.000618,0.000528,0.000298,0.000762,-0.001414,0.015803,0.001386,-0.050391,-0.002531,-1.012398,False
2012-02-17,-0.052768,-0.066971,-0.000197,-0.000609,0.000515,0.000298,0.000764,-0.001414,0.015803,0.001397,-0.050415,-0.002353,-0.941374,False
2012-02-18,-0.051534,-0.067008,-0.000191,-0.000600,0.000501,0.000297,0.000766,-0.001413,0.015803,0.001408,-0.050437,-0.001097,-0.438918,False
2012-02-19,-0.053758,-0.067045,-0.000183,-0.000590,0.000486,0.000296,0.000768,-0.001413,0.015803,0.001420,-0.050457,-0.003301,-1.320214,False
2012-02-20,-0.051649,-0.067082,-0.000175,-0.000579,0.000472,0.000296,0.000770,-0.001412,0.015803,0.001431,-0.050477,-0.001172,-0.468845,False
2012-02-21,-0.053654,-0.067119,-0.000167,-0.000567,0.000458,0.000295,0.000772,-0.001412,0.015803,0.001442,-0.050495,-0.003159,-1.263594,False
2012-02-22,-0.053512,-0.067156,-0.000157,-0.000555,0.000443,0.000294,0.000774,-0.001411,0.015803,0.001453,-0.050512,-0.003000,-1.200129,False
2012-02-23,-0.053370,-0.067193,-0.000147,-0.000542,0.000429,0.000294,0.000776,-0.001410,0.015803,0.001464,-0.050528,-0.002843,-1.137139,False
2012-02-24,-0.053229,-0.067230,-0.000136,-0.000528,0.000414,0.000293,0.000777,-0.001410,0.015803,0.001475,-0.050542,-0.002687,-1.074601,False
2012-02-25,-0.053087,-0.067267,-0.000124,-0.000514,0.000399,0.000292,0.000779,-0.001409,0.015803,0.001486,-0.050556,-0.002531,-1.012489,False
2012-02-26,-0.052945,-0.067304,-0.000112,-0.000499,0.000384,0.000292,0.000781,-0.001409,0.015803,0.001496,-0.050568,-0.002377,-0.950776,False
2012-02-27,-0.052803,-0.067341,-0.000099,-0.000484,0.000369,0.000291,0.000783,-0.001408,0.015803,0.001507,-0.050580,-0.002224,-0.889434,False
2012-02-28,-0.052662,-0.067378,-0.000086,-0.000468,0.000353,0.000290,0.000785,-0.001407,0.015803,0.001518,-0.050590,-0.002071,-0.828434,False
2012-02-29,-0.052378,-0.067415,-0.000072,-0.000452,0.000338,0.000290,0.000787,-0.001407,0.015803,0.001528,-0.050600,-0.001778,-0.711034,False
2012-03-01,-0.052378,-0.067452,-0.000058,-0.000435,0.000322,0.000289,0.000788,-0.001406,0.015803,0.001539,-0.050610,-0.001768,-0.707336,False
2012-03-02,-0.050581,-0.067489,-0.000044,-0.000417,0.000307,0.000288,0.000790,-0.001406,0.015803,0.001549,-0.050618,0.000037,0.014915,False
2012-03-03,-0.049556,-0.067527,-0.000029,-0.000399,0.000291,0.000287,0.000792,-0.001405,0.015803,0.001560,-0.050626,0.001071,0.428252,False
2012-03-04,-0.048530,-0.067564,-0.000015,-0.000381,0.000275,0.000287,0.000794,-0.001404,0.015803,0.001570,-0.050634,0.002104,0.841409,False
2012-03-05,-0.047505,-0.067601,-0.000000,-0.000362,0.000260,0.000286,0.000796,-0.001404,0.015803,0.001581,-0.050641,0.003136,1.254420,False
2012-03-06,-0.046480,-0.067638,0.000015,-0.000342,0.000244,0.000285,0.000797,-0.001403,0.015803,0.001591,-0.050648,0.004168,1.667320,False
2012-03-07,-0.047175,-0.067675,0.000029,-0.000322,0.000228,0.000284,0.000799,-0.001402,0.015803,0.001601,-0.050655,0.003480,1.392177,False
2012-03-08,-0.047869,-0.067712,0.000044,-0.000302,0.000212,0.000284,0.000801,-0.001402,0.015803,0.001611,-0.050662,0.002792,1.116993,False
2012-03-09,-0.048564,-0.067749,0.000058,-0.000282,0.000196,0.000283,0.000802,-0.001401,0.015803,0.001621,-0.050669,0.002105,0.841801,False
2012-03-10,-0.049259,-0.067786,0.000072,-0.000261,0.000179,0.000282,0.000804,-0.001400,0.015803,0.001631,-0.050675,0.001417,0.566638,False
2012-03-11,-0.049953,-0.067823,0.000086,-0.000240,0.000163,0.000281,0.000806,-0.001400,0.015803,0.001641,-0.050682,0.000729,0.291536,False
2012-03-12,-0.050648,-0.067860,0.000099,-0.000218,0.000147,0.000280,0.000808,-0.001399,0.015803,0.001651,-0.050689,0.000041,0.016530,False
2012-03-13,-0.051343,-0.067897,0.000112,-0.000197,0.000131,0.000280,0.000809,-0.001398,0.015803,0.001661,-0.050697,-0.000646,-0.258347,False
2012-03-14,-0.052732,-0.067934,0.000124,-0.000175,0.000114,0.000279,0.000811,-0.001398,0.015803,0.001671,-0.050705,-0.002027,-0.810930,False
2012-03-15,-0.052732,-0.067971,0.000136,-0.000153,0.000098,0.000278,0.000812,-0.001397,0.015803,0.001681,-0.050713,-0.002019,-0.807587,False
2012-03-16,-0.052794,-0.068008,0.000147,-0.000130,0.000082,0.000277,0.000814,-0.001396,0.015803,0.001690,-0.050722,-0.002072,-0.828822,False
2012-03-17,-0.051400,-0.068045,0.000157,-0.000108,0.000065,0.000276,0.000816,-0.001396,0.015803,0.001700,-0.050731,-0.000669,-0.267404,False
2012-03-18,-0.052162,-0.068082,0.000167,-0.000085,0.000049,0.000275,0.000817,-0.001395,0.015803,0.001710,-0.050742,-0.001420,-0.568107,False
2012-03-19,-0.050263,-0.068119,0.000175,-0.000063,0.000032,0.000274,0.000819,-0.001394,0.015803,0.001719,-0.050753,0.000490,0.195898,False
2012-03-20,-0.051441,-0.068156,0.000183,-0.000040,0.000016,0.000274,0.000820,-0.001393,0.015803,0.001729,-0.050765,-0.000676,-0.270566,False
2012-03-21,-0.052168,-0.068193,0.000191,-0.000017,-0.000001,0.000273,0.000822,-0.001393,0.015803,0.001738,-0.050777,-0.001391,-0.556273,False
2012-03-22,-0.050957,-0.068230,0.000197,0.000006,-0.000017,0.000272,0.000824,-0.001392,0.015803,0.001747,-0.050791,-0.000166,-0.066403,False
2012-03-23,-0.052101,-0.068267,0.000202,0.000029,-0.000034,0.000271,0.000825,-0.001391,0.015803,0.001757,-0.050806,-0.001295,-0.518134,False
2012-03-24,-0.053047,-0.068304,0.000206,0.000051,-0.000050,0.000270,0.000827,-0.001390,0.015803,0.001766,-0.050821,-0.002226,-0.890249,False
2012-03-25,-0.050860,-0.068341,0.000210,0.000074,-0.000067,0.000269,0.000828,-0.001390,0.015803,0.001775,-0.050838,-0.000022,-0.008729,False
2012-03-26,-0.051809,-0.068378,0.000212,0.000097,-0.000083,0.000268,0.000830,-0.001389,0.015803,0.001784,-0.050856,-0.000953,-0.381161,False
2012-03-27,-0.053189,-0.068415,0.000214,0.000119,-0.000100,0.000267,0.000831,-0.001388,0.015803,0.001794,-0.050875,-0.002314,-0.925530,False
2012-03-28,-0.053528,-0.068452,0.000214,0.000142,-0.000116,0.000266,0.000833,-0.001387,0.015803,0.001803,-0.050895,-0.002633,-1.053026,False
2012-03-29,-0.054355,-0.068489,0.000213,0.000164,-0.000132,0.000265,0.000834,-0.001386,0.015803,0.001812,-0.050917,-0.003438,-1.375239,False
2012-03-30,-0.052919,-0.068526,0.000212,0.000186,-0.000149,0.000264,0.000835,-0.001386,0.015803,0.001821,-0.050940,-0.001979,-0.791763,False
2012-03-31,-0.052961,-0.068563,0.000209,0.000208,-0.000165,0.000263,0.000837,-0.001385,0.015803,0.001830,-0.050964,-0.001998,-0.799192,False
2012-04-01,-0.053004,-0.068600,0.000205,0.000229,-0.000181,0.000262,0.000838,-0.001384,0.015803,0.001838,-0.050989,-0.002015,-0.806122,False
2012-04-02,-0.053046,-0.068637,0.000201,0.000251,-0.000197,0.000261,0.000840,-0.001383,0.015803,0.001847,-0.051015,-0.002031,-0.812553,False
2012-04-03,-0.053089,-0.068674,0.000195,0.000272,-0.000213,0.000260,0.000841,-0.001382,0.015803,0.001856,-0.051043,-0.002046,-0.818485,False
2012-04-04,-0.053131,-0.068711,0.000189,0.000292,-0.000229,0.000259,0.000842,-0.001382,0.015803,0.001865,-0.051072,-0.002060,-0.823920,False
2012-04-05,-0.053174,-0.068748,0.000182,0.000313,-0.000245,0.000258,0.000844,-0.001381,0.015803,0.001874,-0.051102,-0.002072,-0.828863,False
2012-04-06,-0.052841,-0.068786,0.000173,0.000333,-0.000261,0.000257,0.000845,-0.001380,0.015803,0.001882,-0.051133,-0.001708,-0.683121,False
2012-04-07,-0.051526,-0.068823,0.000164,0.000352,-0.000277,0.000256,0.000847,-0.001379,0.015803,0.001891,-0.051166,-0.000360,-0.144100,False
2012-04-08,-0.051371,-0.068860,0.000155,0.000371,-0.000293,0.000255,0.000848,-0.001378,0.015803,0.001899,-0.051199,-0.000172,-0.068612,False
2012-04-09,-0.052817,-0.068897,0.000144,0.000390,-0.000308,0.000254,0.000849,-0.001377,0.015803,0.001908,-0.051234,-0.001583,-0.633067,False
2012-04-10,-0.052488,-0.068934,0.000133,0.000408,-0.000324,0.000253,0.000850,-0.001377,0.015803,0.001916,-0.051270,-0.001218,-0.487078,False
2012-04-11,-0.054717,-0.068971,0.000121,0.000426,-0.000339,0.000252,0.000852,-0.001376,0.015803,0.001925,-0.051307,-0.003410,-1.363860,False
2012-04-12,-0.054541,-0.069008,0.000109,0.000443,-0.000355,0.000251,0.000853,-0.001375,0.015803,0.001933,-0.051345,-0.003196,-1.278228,False
2012-04-13,-0.052310,-0.069045,0.000096,0.000460,-0.000370,0.000250,0.000854,-0.001374,0.015803,0.001941,-0.051384,-0.000926,-0.370200,False
2012-04-14,-0.053396,-0.069082,0.000082,0.000476,-0.000385,0.000249,0.000856,-0.001373,0.015803,0.001950,-0.051425,-0.001971,-0.788594,False
2012-04-15,-0.054179,-0.069119,0.000069,0.000492,-0.000400,0.000248,0.000857,-0.001372,0.015803,0.001958,-0.051465,-0.002714,-1.085430,False
2012-04-16,-0.050095,-0.069156,0.000055,0.000507,-0.000415,0.000247,0.000858,-0.001371,0.015803,0.001966,-0.051507,0.001412,0.564872,False
2012-04-17,-0.053086,-0.069193,0.000040,0.000522,-0.000430,0.000245,0.000859,-0.001370,0.015803,0.001974,-0.051550,-0.001536,-0.614509,False
2012-04-18,-0.051289,-0.069230,0.000026,0.000535,-0.000445,0.000244,0.000860,-0.001369,0.015803,0.001982,-0.051593,0.000304,0.121605,False
2012-04-19,-0.052258,-0.069267,0.000011,0.000549,-0.000459,0.000243,0.000862,-0.001369,0.015803,0.001990,-0.051637,-0.000621,-0.248409,False
2012-04-20,-0.051693,-0.069304,-0.000004,0.000561,-0.000474,0.000242,0.000863,-0.001368,0.015803,0.001998,-0.051682,-0.000011,-0.004574,False
2012-04-21,-0.052284,-0.069341,-0.000018,0.000573,-0.000488,0.000241,0.000864,-0.001367,0.015803,0.002006,-0.051727,-0.000557,-0.222913,False
2012-04-22,-0.051571,-0.069378,-0.000033,0.000584,-0.000502,0.000240,0.000865,-0.001366,0.015803,0.002014,-0.051772,0.000201,0.080549,False
2012-04-23,-0.052465,-0.069415,-0.000047,0.000595,-0.000516,0.000239,0.000866,-0.001365,0.015803,0.002022,-0.051818,-0.000647,-0.258612,False
2012-04-24,-0.053073,-0.069452,-0.000062,0.000605,-0.000530,0.000238,0.000867,-0.001364,0.015803,0.002030,-0.051865,-0.001208,-0.483218,False
2012-04-25,-0.050895,-0.069489,-0.000075,0.000614,-0.000543,0.000236,0.000868,-0.001363,0.015803,0.002038,-0.051912,0.001017,0.406705,False
2012-04-26,-0.051038,-0.069526,-0.000089,0.000622,-0.000557,0.000235,0.000869,-0.001362,0.015803,0.002045,-0.051959,0.000921,0.368334,False
2012-04-27,-0.052530,-0.069563,-0.000102,0.000630,-0.000570,0.000234,0.000871,-0.001361,0.015803,0.002053,-0.052006,-0.000524,-0.209554,False
2012-04-28,-0.051138,-0.069600,-0.000115,0.000637,-0.000583,0.000233,0.000872,-0.001360,0.015803,0.002061,-0.052054,0.000916,0.366218,False
2012-04-29,-0.049668,-0.069637,-0.000127,0.000643,-0.000596,0.000232,0.000873,-0.001359,0.015803,0.002068,-0.052101,0.002433,0.973227,False
2012-04-30,-0.051654,-0.069674,-0.000138,0.000649,-0.000609,0.000230,0.000874,-0.001358,0.015803,0.002076,-0.052149,0.000495,0.197853,False
2012-05-01,-0.053344,-0.069711,-0.000149,0.000653,-0.000622,0.000229,0.000875,-0.001357,0.015803,0.002083,-0.052196,-0.001148,-0.459125,False
2012-05-02,-0.052747,-0.069748,-0.000159,0.000657,-0.000634,0.000228,0.000876,-0.001356,0.015803,0.002091,-0.052244,-0.000503,-0.201328,False
2012-05-03,-0.051698,-0.069785,-0.000169,0.000660,-0.000647,0.000227,0.000877,-0.001355,0.015803,0.002098,-0.052291,0.000593,0.237225,False
2012-05-04,-0.052327,-0.069822,-0.000177,0.000663,-0.000659,0.000226,0.000878,-0.001354,0.015803,0.002106,-0.052338,0.000011,0.004518,False
2012-05-05,-0.050931,-0.069859,-0.000185,0.000664,-0.000671,0.000224,0.000879,-0.001353,0.015803,0.002113,-0.052385,0.001454,0.581732,False
2012-05-06,-0.051856,-0.069896,-0.000192,0.000665,-0.000682,0.000223,0.000880,-0.001352,0.015803,0.002120,-0.052432,0.000576,0.230454,False
2012-05-07,-0.051638,-0.069933,-0.000198,0.000665,-0.000694,0.000222,0.000881,-0.001351,0.015803,0.002128,-0.052479,0.000841,0.336268,False
2012-05-08,-0.050983,-0.069970,-0.000203,0.000664,-0.000705,0.000221,0.000882,-0.001350,0.015803,0.002135,-0.052525,0.001542,0.616762,False
2012-05-09,-0.050099,-0.070007,-0.000207,0.000663,-0.000716,0.000219,0.000882,-0.001349,0.015803,0.002142,-0.052571,0.002472,0.988724,False
2012-05-10,-0.050224,-0.070044,-0.000210,0.000660,-0.000727,0.000218,0.000883,-0.001348,0.015803,0.002149,-0.052616,0.002392,0.956945,False
2012-05-11,-0.049236,-0.070082,-0.000213,0.000657,-0.000738,0.000217,0.000884,-0.001347,0.015803,0.002156,-0.052662,0.003426,1.370217,False
2012-05-12,-0.052249,-0.070119,-0.000214,0.000653,-0.000748,0.000216,0.000885,-0.001346,0.015803,0.002163,-0.052706,0.000457,0.182932,False
2012-05-13,-0.052737,-0.070156,-0.000214,0.000648,-0.000758,0.000214,0.000886,-0.001345,0.015803,0.002170,-0.052751,0.000014,0.005484,False
2012-05-14,-0.052906,-0.070193,-0.000213,0.000643,-0.000768,0.000213,0.000887,-0.001344,0.015803,0.002177,-0.052795,-0.000111,-0.044528,False
2012-05-15,-0.053252,-0.070230,-0.000211,0.000637,-0.000778,0.000212,0.000888,-0.001343,0.015803,0.002184,-0.052838,-0.000414,-0.165509,False
2012-05-16,-0.052749,-0.070267,-0.000208,0.000630,-0.000788,0.000210,0.000888,-0.001342,0.015803,0.002191,-0.052881,0.000132,0.052942,False
2012-05-17,-0.053551,-0.070304,-0.000204,0.000622,-0.000797,0.000209,0.000889,-0.001340,0.015803,0.002198,-0.052924,-0.000627,-0.250775,False
2012-05-18,-0.050396,-0.070341,-0.000200,0.000614,-0.000806,0.000208,0.000890,-0.001339,0.015803,0.002205,-0.052966,0.002570,1.028144,False
2012-05-19,-0.050657,-0.070378,-0.000194,0.000605,-0.000815,0.000206,0.000891,-0.001338,0.015803,0.002212,-0.053008,0.002351,0.940501,False
2012-05-20,-0.053254,-0.070415,-0.000187,0.000595,-0.000824,0.000205,0.000892,-0.001337,0.015803,0.002219,-0.053050,-0.000204,-0.081697,False
2012-05-21,-0.050014,-0.070452,-0.000180,0.000584,-0.000832,0.000204,0.000892,-0.001336,0.015803,0.002225,-0.053091,0.003077,1.230755,False
2012-05-22,-0.051799,-0.070489,-0.000171,0.000573,-0.000840,0.000202,0.000893,-0.001335,0.015803,0.002232,-0.053132,0.001333,0.533067,False
2012-05-23,-0.052347,-0.070526,-0.000162,0.000561,-0.000848,0.000201,0.000894,-0.001334,0.015803,0.002239,-0.053172,0.000825,0.330048,False
2012-05-24,-0.053303,-0.070563,-0.000152,0.000548,-0.000855,0.000200,0.000895,-0.001333,0.015803,0.002245,-0.053212,-0.000091,-0.036291,False
2012-05-25,-0.052075,-0.070600,-0.000141,0.000535,-0.000863,0.000198,0.000895,-0.001332,0.015803,0.002252,-0.053252,0.001177,0.470861,False
2012-05-26,-0.052952,-0.070637,-0.000130,0.000521,-0.000870,0.000197,0.000896,-0.001330,0.015803,0.002258,-0.053292,0.000340,0.135918,False
2012-05-27,-0.051431,-0.070674,-0.000118,0.000507,-0.000877,0.000196,0.000897,-0.001329,0.015803,0.002265,-0.053331,0.001900,0.760093,False
2012-05-28,-0.052978,-0.070711,-0.000105,0.000492,-0.000883,0.000194,0.000897,-0.001328,0.015803,0.002271,-0.053371,0.000393,0.157001,False
2012-05-29,-0.053331,-0.070748,-0.000092,0.000476,-0.000890,0.000193,0.000898,-0.001327,0.015803,0.002278,-0.053410,0.000079,0.031458,False
2012-05-30,-0.053935,-0.070785,-0.000079,0.000460,-0.000896,0.000191,0.000898,-0.001326,0.015803,0.002284,-0.053449,-0.000486,-0.194520,False
2012-05-31,-0.054160,-0.070822,-0.000065,0.000443,-0.000902,0.000190,0.000899,-0.001325,0.015803,0.002291,-0.053488,-0.000672,-0.268916,False
2012-06-01,-0.053782,-0.070859,-0.000051,0.000426,-0.000907,0.000189,0.000900,-0.001324,0.015803,0.002297,-0.053527,-0.000255,-0.102112,False
2012-06-02,-0.055255,-0.070896,-0.000037,0.000408,-0.000912,0.000187,0.000900,-0.001322,0.015803,0.002303,-0.053566,-0.001689,-0.675691,False
2012-06-03,-0.054990,-0.070933,-0.000022,0.000390,-0.000917,0.000186,0.000901,-0.001321,0.015803,0.002310,-0.053605,-0.001385,-0.554034,False
2012-06-04,-0.053062,-0.070970,-0.000007,0.000371,-0.000922,0.000184,0.000901,-0.001320,0.015803,0.002316,-0.053644,0.000582,0.232876,False
2012-06-05,-0.053828,-0.071007,0.000007,0.000352,-0.000927,0.000183,0.000902,-0.001319,0.015803,0.002322,-0.053684,-0.000144,-0.057743,False
2012-06-06,-0.053967,-0.071044,0.000022,0.000332,-0.000931,0.000181,0.000902,-0.001318,0.015803,0.002328,-0.053723,-0.000244,-0.097472,False
2012-06-07,-0.055684,-0.071081,0.000037,0.000312,-0.000935,0.000180,0.000903,-0.001316,0.015803,0.002334,-0.053763,-0.001921,-0.768293,False
2012-06-08,-0.056039,-0.071118,0.000051,0.000292,-0.000938,0.000179,0.000904,-0.001315,0.015803,0.002340,-0.053804,-0.002235,-0.894189,False
2012-06-09,-0.057997,-0.071155,0.000065,0.000271,-0.000942,0.000177,0.000904,-0.001314,0.015803,0.002346,-0.053844,-0.004153,-1.661144,False
2012-06-10,-0.057619,-0.071192,0.000079,0.000250,-0.000945,0.000176,0.000904,-0.001313,0.015803,0.002352,-0.053885,-0.003734,-1.493540,False
2012-06-11,-0.053661,-0.071229,0.000092,0.000229,-0.000947,0.000174,0.000905,-0.001312,0.015803,0.002358,-0.053927,0.000266,0.106238,False
2012-06-12,-0.055235,-0.071266,0.000105,0.000207,-0.000950,0.000173,0.000905,-0.001310,0.015803,0.002364,-0.053969,-0.001266,-0.506595,False
2012-06-13,-0.053683,-0.071303,0.000118,0.000186,-0.000952,0.000171,0.000906,-0.001309,0.015803,0.002370,-0.054011,0.000328,0.131175,False
2012-06-14,-0.055714,-0.071341,0.000130,0.000164,-0.000954,0.000170,0.000906,-0.001308,0.015803,0.002376,-0.054054,-0.001660,-0.664039,False
2012-06-15,-0.055608,-0.071378,0.000141,0.000141,-0.000956,0.000168,0.000907,-0.001307,0.015803,0.002382,-0.054097,-0.001511,-0.604225,False
2012-06-16,-0.055502,-0.071415,0.000152,0.000119,-0.000957,0.000167,0.000907,-0.001305,0.015803,0.002388,-0.054142,-0.001360,-0.544173,False
2012-06-17,-0.055396,-0.071452,0.000162,0.000097,-0.000958,0.000165,0.000907,-0.001304,0.015803,0.002394,-0.054186,-0.001210,-0.483872,False
2012-06-18,-0.055290,-0.071489,0.000171,0.000074,-0.000959,0.000164,0.000908,-0.001303,0.015803,0.002399,-0.054232,-0.001058,-0.423316,False
2012-06-19,-0.055184,-0.071526,0.000180,0.000051,-0.000960,0.000162,0.000908,-0.001301,0.015803,0.002405,-0.054278,-0.000906,-0.362498,False
2012-06-20,-0.055078,-0.071563,0.000187,0.000028,-0.000960,0.000161,0.000908,-0.001300,0.015803,0.002411,-0.054324,-0.000754,-0.301412,False
2012-06-21,-0.054972,-0.071600,0.000194,0.000006,-0.000960,0.000159,0.000909,-0.001299,0.015803,0.002417,-0.054372,-0.000600,-0.240055,False
2012-06-22,-0.054442,-0.071637,0.000200,-0.000017,-0.000960,0.000158,0.000909,-0.001298,0.015803,0.002422,-0.054420,-0.000022,-0.008826,False
2012-06-23,-0.054442,-0.071674,0.000204,-0.000040,-0.000959,0.000156,0.000909,-0.001296,0.015803,0.002428,-0.054469,0.000027,0.010675,False
2012-06-24,-0.054442,-0.071711,0.000208,-0.000063,-0.000958,0.000155,0.000910,-0.001295,0.015803,0.002433,-0.054518,0.000076,0.030448,False
2012-06-25,-0.054442,-0.071748,0.000211,-0.000086,-0.000957,0.000153,0.000910,-0.001294,0.015803,0.002439,-0.054568,0.000126,0.050488,False
2012-06-26,-0.054442,-0.071785,0.000213,-0.000108,-0.000956,0.000152,0.000910,-0.001292,0.015803,0.002444,-0.054619,0.000177,0.070790,False
2012-06-27,-0.055985,-0.071822,0.000214,-0.000131,-0.000954,0.000150,0.000910,-0.001291,0.015803,0.002450,-0.054670,-0.001315,-0.525852,False
2012-06-28,-0.056135,-0.071859,0.000214,-0.000153,-0.000952,0.000149,0.000911,-0.001290,0.015803,0.002455,-0.054722,-0.001413,-0.565048,False
2012-06-29,-0.054585,-0.071896,0.000213,-0.000175,-0.000950,0.000147,0.000911,-0.001288,0.015803,0.002461,-0.054775,0.000190,0.075992,False
2012-06-30,-0.056296,-0.071933,0.000210,-0.000197,-0.000947,0.000146,0.000911,-0.001287,0.015803,0.002466,-0.054828,-0.001468,-0.587145,False
2012-07-01,-0.057894,-0.071970,0.000207,-0.000219,-0.000944,0.000144,0.000911,-0.001286,0.015803,0.002472,-0.054882,-0.003012,-1.204872,False
2012-07-02,-0.058469,-0.072007,0.000203,-0.000240,-0.000941,0.000142,0.000911,-0.001284,0.015803,0.002477,-0.054936,-0.003533,-1.413206,False
2012-07-03,-0.058112,-0.072044,0.000198,-0.000261,-0.000938,0.000141,0.000912,-0.001283,0.015803,0.002482,-0.054991,-0.003121,-1.248564,False
2012-07-04,-0.057099,-0.072081,0.000192,-0.000282,-0.000934,0.000139,0.000912,-0.001282,0.015803,0.002487,-0.055046,-0.002053,-0.821366,False
2012-07-05,-0.054678,-0.072118,0.000185,-0.000303,-0.000930,0.000138,0.000912,-0.001280,0.015803,0.002493,-0.055101,0.000423,0.169169,False
2012-07-06,-0.057657,-0.072155,0.000178,-0.000323,-0.000926,0.000136,0.000912,-0.001279,0.015803,0.002498,-0.055157,-0.002500,-1.000183,False
2012-07-07,-0.059247,-0.072192,0.000169,-0.000342,-0.000922,0.000135,0.000912,-0.001278,0.015803,0.002503,-0.055212,-0.004035,-1.613845,False
2012-07-08,-0.058640,-0.072229,0.000159,-0.000362,-0.000917,0.000133,0.000912,-0.001276,0.015803,0.002508,-0.055268,-0.003372,-1.348775,False
2012-07-09,-0.058034,-0.072266,0.000149,-0.000381,-0.000912,0.000131,0.000912,-0.001275,0.015803,0.002513,-0.055324,-0.002709,-1.083667,False
2012-07-10,-0.057427,-0.072303,0.000138,-0.000399,-0.000907,0.000130,0.000912,-0.001273,0.015803,0.002518,-0.055381,-0.002046,-0.818548,False
2012-07-11,-0.058047,-0.072340,0.000127,-0.000417,-0.000901,0.000128,0.000912,-0.001272,0.015803,0.002524,-0.055437,-0.002610,-1.044114,False
2012-07-12,-0.058060,-0.072377,0.000115,-0.000435,-0.000895,0.000127,0.000912,-0.001271,0.015803,0.002529,-0.055493,-0.002567,-1.026927,False
2012-07-13,-0.055432,-0.072414,0.000102,-0.000452,-0.000889,0.000125,0.000912,-0.001269,0.015803,0.002534,-0.055548,0.000116,0.046582,False
2012-07-14,-0.054616,-0.072451,0.000089,-0.000468,-0.000883,0.000123,0.000912,-0.001268,0.015803,0.002539,-0.055604,0.000988,0.395181,False
2012-07-15,-0.057385,-0.072488,0.000075,-0.000484,-0.000876,0.000122,0.000912,-0.001266,0.015803,0.002544,-0.055659,-0.001726,-0.690360,False
2012-07-16,-0.057605,-0.072525,0.000062,-0.000500,-0.000869,0.000120,0.000912,-0.001265,0.015803,0.002548,-0.055714,-0.001891,-0.756475,False
2012-07-17,-0.056582,-0.072562,0.000047,-0.000514,-0.000862,0.000119,0.000912,-0.001263,0.015803,0.002553,-0.055768,-0.000814,-0.325596,False
2012-07-18,-0.057987,-0.072599,0.000033,-0.000529,-0.000855,0.000117,0.000912,-0.001262,0.015803,0.002558,-0.055822,-0.002165,-0.866156,False
2012-07-19,-0.057241,-0.072637,0.000018,-0.000542,-0.000847,0.000115,0.000912,-0.001261,0.015803,0.002563,-0.055875,-0.001366,-0.546589,False
2012-07-20,-0.058807,-0.072674,0.000004,-0.000555,-0.000839,0.000114,0.000912,-0.001259,0.015803,0.002568,-0.055927,-0.002880,-1.152127,False
2012-07-21,-0.057614,-0.072711,-0.000011,-0.000567,-0.000831,0.000112,0.000912,-0.001258,0.015803,0.002573,-0.055978,-0.001636,-0.654403,False
2012-07-22,-0.056123,-0.072748,-0.000026,-0.000579,-0.000823,0.000110,0.000912,-0.001256,0.015803,0.002578,-0.056028,-0.000095,-0.037850,False
2012-07-23,-0.057274,-0.072785,-0.000040,-0.000590,-0.000814,0.000109,0.000912,-0.001255,0.015803,0.002582,-0.056078,-0.001196,-0.478500,False
2012-07-24,-0.057012,-0.072822,-0.000054,-0.000600,-0.000805,0.000107,0.000912,-0.001253,0.015803,0.002587,-0.056126,-0.000886,-0.354384,False
2012-07-25,-0.055374,-0.072859,-0.000069,-0.000609,-0.000796,0.000105,0.000911,-0.001252,0.015803,0.002592,-0.056173,0.000799,0.319667,False
2012-07-26,-0.056075,-0.072896,-0.000082,-0.000618,-0.000787,0.000104,0.000911,-0.001250,0.015803,0.002596,-0.056219,0.000144,0.057622,False
2012-07-27,-0.055709,-0.072933,-0.000096,-0.000626,-0.000777,0.000102,0.000911,-0.001249,0.015803,0.002601,-0.056264,0.000555,0.221852,False
2012-07-28,-0.057423,-0.072970,-0.000109,-0.000634,-0.000767,0.000101,0.000911,-0.001247,0.015803,0.002606,-0.056307,-0.001116,-0.446469,False
2012-07-29,-0.058535,-0.073007,-0.000121,-0.000640,-0.000757,0.000099,0.000911,-0.001246,0.015803,0.002610,-0.056349,-0.002186,-0.874570,False
2012-07-30,-0.057288,-0.073044,-0.000133,-0.000646,-0.000747,0.000097,0.000910,-0.001244,0.015803,0.002615,-0.056389,-0.000899,-0.359675,False
2012-07-31,-0.053385,-0.073081,-0.000144,-0.000651,-0.000737,0.000096,0.000910,-0.001243,0.015803,0.002619,-0.056427,0.003042,1.216992,False
2012-08-01,-0.058030,-0.073118,-0.000154,-0.000655,-0.000726,0.000094,0.000910,-0.001241,0.015803,0.002624,-0.056465,-0.001565,-0.626192,False
2012-08-02,-0.057081,-0.073155,-0.000164,-0.000659,-0.000715,0.000092,0.000910,-0.001240,0.015803,0.002628,-0.056500,-0.000581,-0.232447,False
2012-08-03,-0.056132,-0.073192,-0.000173,-0.000661,-0.000704,0.000091,0.000909,-0.001238,0.015803,0.002633,-0.056534,0.000402,0.160608,False
2012-08-04,-0.059554,-0.073229,-0.000181,-0.000663,-0.000693,0.000089,0.000909,-0.001237,0.015803,0.002637,-0.056565,-0.002989,-1.195445,False
2012-08-05,-0.052305,-0.073266,-0.000189,-0.000665,-0.000681,0.000087,0.000909,-0.001235,0.015803,0.002642,-0.056595,0.004290,1.716181,False
2012-08-06,-0.054417,-0.073303,-0.000195,-0.000665,-0.000670,0.000085,0.000908,-0.001234,0.015803,0.002646,-0.056624,0.002207,0.882670,False
2012-08-07,-0.055236,-0.073340,-0.000201,-0.000665,-0.000658,0.000084,0.000908,-0.001232,0.015803,0.002650,-0.056650,0.001414,0.565614,False
2012-08-08,-0.056277,-0.073377,-0.000205,-0.000663,-0.000646,0.000082,0.000908,-0.001231,0.015803,0.002655,-0.056675,0.000398,0.159002,False
2012-08-09,-0.056023,-0.073414,-0.000209,-0.000661,-0.000633,0.000080,0.000907,-0.001229,0.015803,0.002659,-0.056697,0.000674,0.269627,False
2012-08-10,-0.053740,-0.073451,-0.000212,-0.000659,-0.000621,0.000079,0.000907,-0.001227,0.015803,0.002663,-0.056718,0.002978,1.191086,False
2012-08-11,-0.058074,-0.073488,-0.000213,-0.000655,-0.000608,0.000077,0.000907,-0.001226,0.015803,0.002668,-0.056736,-0.001338,-0.535023,False
2012-08-12,-0.055537,-0.073525,-0.000214,-0.000651,-0.000595,0.000075,0.000906,-0.001224,0.015803,0.002672,-0.056753,0.001216,0.486498,False
2012-08-13,-0.055659,-0.073562,-0.000214,-0.000646,-0.000582,0.000074,0.000906,-0.001223,0.015803,0.002676,-0.056768,0.001109,0.443652,False
2012-08-14,-0.055781,-0.073599,-0.000212,-0.000640,-0.000569,0.000072,0.000905,-0.001221,0.015803,0.002680,-0.056781,0.001000,0.400044,False
2012-08-15,-0.056557,-0.073636,-0.000210,-0.000633,-0.000556,0.000070,0.000905,-0.001220,0.015803,0.002685,-0.056792,0.000235,0.094081,False
2012-08-16,-0.056269,-0.073673,-0.000206,-0.000626,-0.000542,0.000069,0.000904,-0.001218,0.015803,0.002689,-0.056801,0.000532,0.212972,False
2012-08-17,-0.053739,-0.073710,-0.000202,-0.000618,-0.000528,0.000067,0.000904,-0.001216,0.015803,0.002693,-0.056809,0.003070,1.227928,False
2012-08-18,-0.055746,-0.073747,-0.000197,-0.000609,-0.000515,0.000065,0.000903,-0.001215,0.015803,0.002697,-0.056814,0.001068,0.427363,False
2012-08-19,-0.053891,-0.073784,-0.000191,-0.000600,-0.000501,0.000063,0.000903,-0.001213,0.015803,0.002701,-0.056818,0.002928,1.171092,False
2012-08-20,-0.052035,-0.073821,-0.000183,-0.000590,-0.000486,0.000062,0.000902,-0.001212,0.015803,0.002705,-0.056820,0.004785,1.914133,False
2012-08-21,-0.058935,-0.073858,-0.000175,-0.000579,-0.000472,0.000060,0.000902,-0.001210,0.015803,0.002709,-0.056821,-0.002114,-0.845694,False
2012-08-22,-0.054279,-0.073896,-0.000167,-0.000567,-0.000458,0.000058,0.000901,-0.001208,0.015803,0.002713,-0.056820,0.002541,1.016233,False
2012-08-23,-0.061072,-0.073933,-0.000157,-0.000555,-0.000443,0.000057,0.000901,-0.001207,0.015803,0.002717,-0.056817,-0.004255,-1.702062,False
2012-08-24,-0.057702,-0.073970,-0.000147,-0.000542,-0.000429,0.000055,0.000900,-0.001205,0.015803,0.002721,-0.056813,-0.000889,-0.355755,False
2012-08-25,-0.055910,-0.074007,-0.000136,-0.000528,-0.000414,0.000053,0.000900,-0.001203,0.015803,0.002725,-0.056807,0.000897,0.358783,False
2012-08-26,-0.059982,-0.074044,-0.000124,-0.000514,-0.000399,0.000051,0.000899,-0.001202,0.015803,0.002729,-0.056800,-0.003182,-1.272820,False
2012-08-27,-0.056192,-0.074081,-0.000112,-0.000499,-0.000384,0.000050,0.000898,-0.001200,0.015803,0.002733,-0.056792,0.000600,0.239867,False
2012-08-28,-0.056178,-0.074118,-0.000099,-0.000484,-0.000369,0.000048,0.000898,-0.001198,0.015803,0.002737,-0.056782,0.000604,0.241475,False
2012-08-29,-0.056165,-0.074155,-0.000086,-0.000468,-0.000353,0.000046,0.000897,-0.001197,0.015803,0.002741,-0.056772,0.000607,0.242637,False
2012-08-30,-0.053179,-0.074192,-0.000072,-0.000452,-0.000338,0.000044,0.000897,-0.001195,0.015803,0.002744,-0.056760,0.003581,1.432388,False
2012-08-31,-0.053223,-0.074229,-0.000058,-0.000435,-0.000322,0.000043,0.000896,-0.001193,0.015803,0.002748,-0.056747,0.003524,1.409763,False
2012-09-01,-0.050336,-0.074266,-0.000044,-0.000417,-0.000307,0.000041,0.000895,-0.001192,0.015803,0.002752,-0.056734,0.006398,2.559198,False
2012-09-02,-0.054060,-0.074303,-0.000029,-0.000399,-0.000291,0.000039,0.000894,-0.001190,0.015803,0.002756,-0.056720,0.002660,1.063930,False
2012-09-03,-0.056514,-0.074340,-0.000015,-0.000381,-0.000275,0.000038,0.000894,-0.001188,0.015803,0.002760,-0.056705,0.000191,0.076396,False
2012-09-04,-0.054548,-0.074377,-0.000000,-0.000362,-0.000260,0.000036,0.000893,-0.001187,0.015803,0.002763,-0.056690,0.002142,0.856635,False
2012-09-05,-0.056546,-0.074414,0.000015,-0.000342,-0.000244,0.000034,0.000892,-0.001185,0.015803,0.002767,-0.056674,0.000128,0.051085,False
2012-09-06,-0.056794,-0.074451,0.000029,-0.000322,-0.000228,0.000032,0.000892,-0.001183,0.015803,0.002771,-0.056657,-0.000137,-0.054616,False
2012-09-07,-0.057202,-0.074488,0.000044,-0.000302,-0.000212,0.000031,0.000891,-0.001181,0.015803,0.002774,-0.056641,-0.000561,-0.224428,False
2012-09-08,-0.054023,-0.074525,0.000058,-0.000282,-0.000196,0.000029,0.000890,-0.001180,0.015803,0.002778,-0.056624,0.002601,1.040487,False
2012-09-09,-0.056221,-0.074562,0.000072,-0.000261,-0.000179,0.000027,0.000889,-0.001178,0.015803,0.002782,-0.056607,0.000386,0.154567,False
2012-09-10,-0.053674,-0.074599,0.000086,-0.000240,-0.000163,0.000025,0.000888,-0.001176,0.015803,0.002785,-0.056591,0.002917,1.166650,False
2012-09-11,-0.054303,-0.074636,0.000099,-0.000218,-0.000147,0.000024,0.000888,-0.001175,0.015803,0.002789,-0.056574,0.002271,0.908374,False
2012-09-12,-0.056016,-0.074673,0.000112,-0.000197,-0.000131,0.000022,0.000887,-0.001173,0.015803,0.002793,-0.056557,0.000541,0.216577,False
2012-09-13,-0.055792,-0.074710,0.000124,-0.000175,-0.000114,0.000020,0.000886,-0.001171,0.015803,0.002796,-0.056541,0.000749,0.299693,False
2012-09-14,-0.054476,-0.074747,0.000136,-0.000153,-0.000098,0.000018,0.000885,-0.001169,0.015803,0.002800,-0.056525,0.002049,0.819758,False
2012-09-15,-0.056298,-0.074784,0.000147,-0.000130,-0.000082,0.000017,0.000884,-0.001168,0.015803,0.002803,-0.056510,0.000212,0.084807,False
2012-09-16,-0.055998,-0.074821,0.000157,-0.000108,-0.000065,0.000015,0.000883,-0.001166,0.015803,0.002807,-0.056495,0.000497,0.198873,False
2012-09-17,-0.055395,-0.074858,0.000167,-0.000085,-0.000049,0.000013,0.000882,-0.001164,0.015803,0.002810,-0.056481,0.001086,0.434388,False
2012-09-18,-0.054475,-0.074895,0.000175,-0.000063,-0.000032,0.000011,0.000881,-0.001162,0.015803,0.002814,-0.056467,0.001992,0.796982,False
2012-09-19,-0.056795,-0.074932,0.000183,-0.000040,-0.000016,0.000010,0.000881,-0.001161,0.015803,0.002817,-0.056455,-0.000340,-0.136115,False
2012-09-20,-0.053467,-0.074969,0.000191,-0.000017,0.000001,0.000008,0.000880,-0.001159,0.015803,0.002821,-0.056443,0.002976,1.190324,False
2012-09-21,-0.054688,-0.075006,0.000197,0.000006,0.000017,0.000006,0.000879,-0.001157,0.015803,0.002824,-0.056432,0.001744,0.697526,False
2012-09-22,-0.054746,-0.075043,0.000202,0.000029,0.000034,0.000004,0.000878,-0.001155,0.015803,0.002827,-0.056422,0.001676,0.670314,False
2012-09-23,-0.054091,-0.075080,0.000206,0.000051,0.000050,0.000003,0.000877,-0.001153,0.015803,0.002831,-0.056413,0.002322,0.928711,False
2012-09-24,-0.055345,-0.075117,0.000210,0.000074,0.000067,0.000001,0.000876,-0.001152,0.015803,0.002834,-0.056405,0.001060,0.423939,False
2012-09-25,-0.055032,-0.075154,0.000212,0.000097,0.000083,-0.000001,0.000875,-0.001150,0.015803,0.002837,-0.056398,0.001366,0.546416,False
2012-09-26,-0.052977,-0.075192,0.000214,0.000119,0.000100,-0.000003,0.000874,-0.001148,0.015803,0.002841,-0.056392,0.003415,1.366159,False
2012-09-27,-0.052361,-0.075229,0.000214,0.000142,0.000116,-0.000004,0.000873,-0.001146,0.015803,0.002844,-0.056388,0.004027,1.610784,False
2012-09-28,-0.056174,-0.075266,0.000213,0.000164,0.000132,-0.000006,0.000872,-0.001144,0.015803,0.002847,-0.056385,0.000211,0.084302,False
2012-09-29,-0.056256,-0.075303,0.000212,0.000186,0.000149,-0.000008,0.000871,-0.001142,0.015803,0.002850,-0.056383,0.000126,0.050593,False
2012-09-30,-0.056339,-0.075340,0.000209,0.000208,0.000165,-0.000010,0.000869,-0.001141,0.015803,0.002854,-0.056382,0.000043,0.017399,False
2012-10-01,-0.056421,-0.075377,0.000205,0.000229,0.000181,-0.000011,0.000868,-0.001139,0.015803,0.002857,-0.056383,-0.000038,-0.015273,False
2012-10-02,-0.055854,-0.075414,0.000201,0.000251,0.000197,-0.000013,0.000867,-0.001137,0.015803,0.002860,-0.056385,0.000531,0.212315,False
2012-10-03,-0.055995,-0.075451,0.000195,0.000272,0.000213,-0.000015,0.000866,-0.001135,0.015803,0.002863,-0.056388,0.000393,0.157234,False
2012-10-04,-0.055699,-0.075488,0.000189,0.000292,0.000229,-0.000017,0.000865,-0.001133,0.015803,0.002866,-0.056393,0.000694,0.277484,False
2012-10-05,-0.055403,-0.075525,0.000182,0.000313,0.000245,-0.000018,0.000864,-0.001131,0.015803,0.002870,-0.056399,0.000996,0.398265,False
2012-10-06,-0.057014,-0.075562,0.000173,0.000333,0.000261,-0.000020,0.000863,-0.001130,0.015803,0.002873,-0.056406,-0.000608,-0.243225,False
2012-10-07,-0.054752,-0.075599,0.000164,0.000352,0.000277,-0.000022,0.000862,-0.001128,0.015803,0.002876,-0.056415,0.001663,0.665009,False
2012-10-08,-0.054613,-0.075636,0.000155,0.000371,0.000293,-0.000024,0.000860,-0.001126,0.015803,0.002879,-0.056424,0.001811,0.724562,False
2012-10-09,-0.056393,-0.075673,0.000144,0.000390,0.000308,-0.000025,0.000859,-0.001124,0.015803,0.002882,-0.056436,0.000043,0.017025,False
2012-10-10,-0.054800,-0.075710,0.000133,0.000408,0.000324,-0.000027,0.000858,-0.001122,0.015803,0.002885,-0.056448,0.001648,0.659190,False
2012-10-11,-0.055714,-0.075747,0.000121,0.000426,0.000339,-0.000029,0.000857,-0.001120,0.015803,0.002888,-0.056462,0.000748,0.299046,False
2012-10-12,-0.054482,-0.075784,0.000109,0.000443,0.000355,-0.000031,0.000855,-0.001118,0.015803,0.002891,-0.056476,0.001994,0.797781,False
2012-10-13,-0.053787,-0.075821,0.000096,0.000460,0.000370,-0.000032,0.000854,-0.001116,0.015803,0.002894,-0.056492,0.002705,1.082180,False
2012-10-14,-0.056156,-0.075858,0.000082,0.000476,0.000385,-0.000034,0.000853,-0.001114,0.015803,0.002897,-0.056510,0.000354,0.141430,False
2012-10-15,-0.055730,-0.075895,0.000069,0.000492,0.000400,-0.000036,0.000852,-0.001113,0.015803,0.002900,-0.056528,0.000798,0.319115,False
2012-10-16,-0.055669,-0.075932,0.000055,0.000507,0.000415,-0.000037,0.000850,-0.001111,0.015803,0.002903,-0.056547,0.000878,0.351218,False
2012-10-17,-0.054913,-0.075969,0.000040,0.000522,0.000430,-0.000039,0.000849,-0.001109,0.015803,0.002906,-0.056567,0.001654,0.661721,False
2012-10-18,-0.054157,-0.076006,0.000026,0.000535,0.000445,-0.000041,0.000848,-0.001107,0.015803,0.002909,-0.056589,0.002432,0.972606,False
2012-10-19,-0.057150,-0.076043,0.000011,0.000549,0.000459,-0.000043,0.000846,-0.001105,0.015803,0.002912,-0.056611,-0.000539,-0.215747,False
2012-10-20,-0.056981,-0.076080,-0.000004,0.000561,0.000474,-0.000044,0.000845,-0.001103,0.015803,0.002915,-0.056634,-0.000347,-0.138957,False
2012-10-21,-0.057499,-0.076117,-0.000018,0.000573,0.000488,-0.000046,0.000844,-0.001101,0.015803,0.002918,-0.056657,-0.000842,-0.336645,False
2012-10-22,-0.055304,-0.076154,-0.000033,0.000584,0.000502,-0.000048,0.000842,-0.001099,0.015803,0.002921,-0.056682,0.001378,0.551170,False
2012-10-23,-0.055786,-0.076191,-0.000047,0.000595,0.000516,-0.000050,0.000841,-0.001097,0.015803,0.002923,-0.056707,0.000921,0.368466,False
2012-10-24,-0.055926,-0.076228,-0.000062,0.000605,0.000530,-0.000051,0.000840,-0.001095,0.015803,0.002926,-0.056733,0.000807,0.322824,False
2012-10-25,-0.056912,-0.076265,-0.000075,0.000614,0.000543,-0.000053,0.000838,-0.001093,0.015803,0.002929,-0.056760,-0.000152,-0.060978,False
2012-10-26,-0.056903,-0.076302,-0.000089,0.000622,0.000557,-0.000055,0.000837,-0.001091,0.015803,0.002932,-0.056787,-0.000116,-0.046560,False
2012-10-27,-0.057402,-0.076339,-0.000102,0.000630,0.000570,-0.000056,0.000835,-0.001089,0.015803,0.002935,-0.056814,-0.000588,-0.235142,False
2012-10-28,-0.056760,-0.076376,-0.000115,0.000637,0.000583,-0.000058,0.000834,-0.001087,0.015803,0.002937,-0.056842,0.000082,0.032856,False
2012-10-29,-0.057872,-0.076413,-0.000127,0.000643,0.000596,-0.000060,0.000832,-0.001085,0.015803,0.002940,-0.056871,-0.001001,-0.400584,False
2012-10-30,-0.059372,-0.076451,-0.000138,0.000649,0.000609,-0.000062,0.000831,-0.001083,0.015803,0.002943,-0.056899,-0.002473,-0.989082,False
2012-10-31,-0.057785,-0.076488,-0.000149,0.000653,0.000622,-0.000063,0.000830,-0.001081,0.015803,0.002946,-0.056928,-0.000857,-0.342654,False
2012-11-01,-0.059864,-0.076525,-0.000159,0.000657,0.000634,-0.000065,0.000828,-0.001079,0.015803,0.002948,-0.056958,-0.002906,-1.162518,False
2012-11-02,-0.059679,-0.076562,-0.000169,0.000660,0.000647,-0.000067,0.000827,-0.001077,0.015803,0.002951,-0.056987,-0.002692,-1.076690,False
2012-11-03,-0.057065,-0.076599,-0.000177,0.000663,0.000659,-0.000068,0.000825,-0.001075,0.015803,0.002954,-0.057017,-0.000048,-0.019185,False
2012-11-04,-0.059473,-0.076636,-0.000185,0.000664,0.000671,-0.000070,0.000823,-0.001073,0.015803,0.002956,-0.057047,-0.002426,-0.970415,False
2012-11-05,-0.061625,-0.076673,-0.000192,0.000665,0.000682,-0.000072,0.000822,-0.001071,0.015803,0.002959,-0.057077,-0.004548,-1.819195,False
2012-11-06,-0.060699,-0.076710,-0.000198,0.000665,0.000694,-0.000074,0.000820,-0.001069,0.015803,0.002962,-0.057107,-0.003592,-1.436735,False
2012-11-07,-0.060075,-0.076747,-0.000203,0.000664,0.000705,-0.000075,0.000819,-0.001067,0.015803,0.002964,-0.057137,-0.002938,-1.175045,False
2012-11-08,-0.061699,-0.076784,-0.000207,0.000663,0.000716,-0.000077,0.000817,-0.001065,0.015803,0.002967,-0.057168,-0.004531,-1.812533,False
2012-11-09,-0.059097,-0.076821,-0.000210,0.000660,0.000727,-0.000079,0.000816,-0.001063,0.015803,0.002970,-0.057198,-0.001899,-0.759609,False
2012-11-10,-0.057962,-0.076858,-0.000213,0.000657,0.000738,-0.000080,0.000814,-0.001061,0.015803,0.002972,-0.057228,-0.000734,-0.293475,False
2012-11-11,-0.059247,-0.076895,-0.000214,0.000653,0.000748,-0.000082,0.000812,-0.001059,0.015803,0.002975,-0.057259,-0.001988,-0.795339,False
2012-11-12,-0.058964,-0.076932,-0.000214,0.000648,0.000758,-0.000084,0.000811,-0.001057,0.015803,0.002977,-0.057289,-0.001675,-0.670001,False
2012-11-13,-0.058441,-0.076969,-0.000213,0.000643,0.000768,-0.000085,0.000809,-0.001055,0.015803,0.002980,-0.057319,-0.001122,-0.448663,False
2012-11-14,-0.056577,-0.077006,-0.000211,0.000637,0.000778,-0.000087,0.000807,-0.001053,0.015803,0.002982,-0.057350,0.000773,0.309074,False
2012-11-15,-0.056722,-0.077043,-0.000208,0.000630,0.000788,-0.000089,0.000806,-0.001051,0.015803,0.002985,-0.057380,0.000658,0.263213,False
2012-11-16,-0.056639,-0.077080,-0.000204,0.000622,0.000797,-0.000090,0.000804,-0.001049,0.015803,0.002987,-0.057410,0.000771,0.308557,False
2012-11-17,-0.057702,-0.077117,-0.000200,0.000614,0.000806,-0.000092,0.000802,-0.001047,0.015803,0.002990,-0.057441,-0.000261,-0.104490,False
2012-11-18,-0.058177,-0.077154,-0.000194,0.000605,0.000815,-0.000094,0.000801,-0.001045,0.015803,0.002992,-0.057471,-0.000706,-0.282321,False
2012-11-19,-0.059036,-0.077191,-0.000187,0.000595,0.000824,-0.000096,0.000799,-0.001043,0.015803,0.002995,-0.057502,-0.001534,-0.613729,False
2012-11-20,-0.058177,-0.077228,-0.000180,0.000584,0.000832,-0.000097,0.000797,-0.001041,0.015803,0.002997,-0.057532,-0.000645,-0.257905,False
2012-11-21,-0.058196,-0.077265,-0.000171,0.000573,0.000840,-0.000099,0.000796,-0.001039,0.015803,0.003000,-0.057563,-0.000633,-0.253238,False
2012-11-22,-0.057613,-0.077302,-0.000162,0.000561,0.000848,-0.000100,0.000794,-0.001037,0.015803,0.003002,-0.057594,-0.000019,-0.007718,False
2012-11-23,-0.057758,-0.077339,-0.000152,0.000548,0.000855,-0.000102,0.000792,-0.001035,0.015803,0.003004,-0.057625,-0.000133,-0.053331,False
2012-11-24,-0.059528,-0.077376,-0.000141,0.000535,0.000863,-0.000104,0.000790,-0.001032,0.015803,0.003007,-0.057656,-0.001872,-0.748865,False
2012-11-25,-0.058352,-0.077413,-0.000130,0.000521,0.000870,-0.000105,0.000788,-0.001030,0.015803,0.003009,-0.057687,-0.000665,-0.265903,False
2012-11-26,-0.059104,-0.077450,-0.000118,0.000507,0.000877,-0.000107,0.000787,-0.001028,0.015803,0.003012,-0.057719,-0.001385,-0.554031,False
2012-11-27,-0.057735,-0.077487,-0.000105,0.000492,0.000883,-0.000109,0.000785,-0.001026,0.015803,0.003014,-0.057751,0.000016,0.006368,False
2012-11-28,-0.059102,-0.077524,-0.000092,0.000476,0.000890,-0.000110,0.000783,-0.001024,0.015803,0.003016,-0.057783,-0.001319,-0.527489,False
2012-11-29,-0.058879,-0.077561,-0.000079,0.000460,0.000896,-0.000112,0.000781,-0.001022,0.015803,0.003019,-0.057816,-0.001063,-0.425184,False
2012-11-30,-0.056949,-0.077598,-0.000065,0.000443,0.000902,-0.000114,0.000779,-0.001020,0.015803,0.003021,-0.057849,0.000900,0.360102,False
2012-12-01,-0.059575,-0.077635,-0.000051,0.000426,0.000907,-0.000115,0.000777,-0.001018,0.015803,0.003023,-0.057883,-0.001692,-0.676814,False
2012-12-02,-0.060193,-0.077672,-0.000037,0.000408,0.000912,-0.000117,0.000776,-0.001016,0.015803,0.003025,-0.057917,-0.002276,-0.910310,False
2012-12-03,-0.059912,-0.077709,-0.000022,0.000390,0.000917,-0.000119,0.000774,-0.001013,0.015803,0.003028,-0.057952,-0.001960,-0.783970,False
2012-12-04,-0.057868,-0.077747,-0.000007,0.000371,0.000922,-0.000120,0.000772,-0.001011,0.015803,0.003030,-0.057988,0.000120,0.047828,False
2012-12-05,-0.060560,-0.077784,0.000007,0.000352,0.000927,-0.000122,0.000770,-0.001009,0.015803,0.003032,-0.058024,-0.002536,-1.014498,False
2012-12-06,-0.059402,-0.077821,0.000022,0.000332,0.000931,-0.000123,0.000768,-0.001007,0.015803,0.003034,-0.058061,-0.001341,-0.536529,False
2012-12-07,-0.058913,-0.077858,0.000037,0.000312,0.000935,-0.000125,0.000766,-0.001005,0.015803,0.003037,-0.058098,-0.000815,-0.325845,False
2012-12-08,-0.057384,-0.077895,0.000051,0.000292,0.000938,-0.000127,0.000764,-0.001003,0.015803,0.003039,-0.058137,0.000753,0.301171,False
2012-12-09,-0.058045,-0.077932,0.000065,0.000271,0.000942,-0.000128,0.000762,-0.001000,0.015803,0.003041,-0.058176,0.000132,0.052698,False
2012-12-10,-0.058705,-0.077969,0.000079,0.000250,0.000945,-0.000130,0.000760,-0.000998,0.015803,0.003043,-0.058217,-0.000489,-0.195407,False
2012-12-11,-0.059366,-0.078006,0.000092,0.000229,0.000947,-0.000131,0.000758,-0.000996,0.015803,0.003045,-0.058258,-0.001108,-0.443128,False
2012-12-12,-0.060026,-0.078043,0.000105,0.000207,0.000950,-0.000133,0.000756,-0.000994,0.015803,0.003048,-0.058300,-0.001726,-0.690449,False
2012-12-13,-0.060687,-0.078080,0.000118,0.000186,0.000952,-0.000135,0.000754,-0.000992,0.015803,0.003050,-0.058344,-0.002343,-0.937356,False
2012-12-14,-0.059916,-0.078117,0.000130,0.000164,0.000954,-0.000136,0.000752,-0.000990,0.015803,0.003052,-0.058388,-0.001528,-0.611195,False
2012-12-15,-0.057621,-0.078154,0.000141,0.000141,0.000956,-0.000138,0.000750,-0.000987,0.015803,0.003054,-0.058434,0.000813,0.325007,False
2012-12-16,-0.058509,-0.078191,0.000152,0.000119,0.000957,-0.000139,0.000748,-0.000985,0.015803,0.003056,-0.058480,-0.000029,-0.011539,False
2012-12-17,-0.057487,-0.078228,0.000162,0.000097,0.000958,-0.000141,0.000746,-0.000983,0.015803,0.003058,-0.058528,0.001041,0.416375,False
2012-12-18,-0.059697,-0.078265,0.000171,0.000074,0.000959,-0.000142,0.000744,-0.000981,0.015803,0.003060,-0.058577,-0.001120,-0.448041,False
2012-12-19,-0.059595,-0.078302,0.000180,0.000051,0.000960,-0.000144,0.000742,-0.000979,0.015803,0.003062,-0.058627,-0.000968,-0.387180,False
2012-12-20,-0.060034,-0.078339,0.000187,0.000028,0.000960,-0.000146,0.000740,-0.000976,0.015803,0.003064,-0.058678,-0.001356,-0.542238,False
2012-12-21,-0.058434,-0.078376,0.000194,0.000006,0.000960,-0.000147,0.000738,-0.000974,0.015803,0.003066,-0.058731,0.000297,0.118788,False
2012-12-22,-0.059359,-0.078413,0.000200,-0.000017,0.000960,-0.000149,0.000736,-0.000972,0.015803,0.003069,-0.058785,-0.000574,-0.229698,False
2012-12-23,-0.061625,-0.078450,0.000204,-0.000040,0.000959,-0.000150,0.000733,-0.000970,0.015803,0.003071,-0.058840,-0.002785,-1.114098,False
2012-12-24,-0.059406,-0.078487,0.000208,-0.000063,0.000958,-0.000152,0.000731,-0.000968,0.015803,0.003073,-0.058896,-0.000510,-0.204013,False
2012-12-25,-0.058174,-0.078524,0.000211,-0.000086,0.000957,-0.000153,0.000729,-0.000965,0.015803,0.003075,-0.058953,0.000779,0.311753,False
2012-12-26,-0.060015,-0.078561,0.000213,-0.000108,0.000956,-0.000155,0.000727,-0.000963,0.015803,0.003077,-0.059012,-0.001003,-0.401205,False
2012-12-27,-0.062869,-0.078598,0.000214,-0.000131,0.000954,-0.000156,0.000725,-0.000961,0.015803,0.003079,-0.059072,-0.003797,-1.518894,False
2012-12-28,-0.059603,-0.078635,0.000214,-0.000153,0.000952,-0.000158,0.000723,-0.000959,0.015803,0.003081,-0.059133,-0.000470,-0.188124,False
2012-12-29,-0.060742,-0.078672,0.000213,-0.000175,0.000950,-0.000159,0.000720,-0.000956,0.015803,0.003083,-0.059195,-0.001547,-0.618906,False
2012-12-30,-0.060942,-0.078709,0.000210,-0.000197,0.000947,-0.000161,0.000718,-0.000954,0.015803,0.003084,-0.059258,-0.001684,-0.673652,False
2012-12-31,-0.062858,-0.078746,0.000207,-0.000219,0.000944,-0.000162,0.000716,-0.000952,0.015803,0.003086,-0.059322,-0.003536,-1.414377,False
2013-01-01,-0.062656,-0.078783,0.000203,-0.000240,0.000941,-0.000164,0.000714,-0.000950,0.015803,0.003088,-0.059387,-0.003269,-1.307498,False
2013-01-02,-0.062081,-0.078820,0.000198,-0.000261,0.000938,-0.000165,0.000712,-0.000947,0.015803,0.003090,-0.059454,-0.002627,-1.050961,False
2013-01-03,-0.062520,-0.078858,0.000192,-0.000282,0.000934,-0.000167,0.000709,-0.000945,0.015803,0.003092,-0.059521,-0.002999,-1.199655,False
2013-01-04,-0.059722,-0.078895,0.000185,-0.000303,0.000930,-0.000168,0.000707,-0.000943,0.015803,0.003094,-0.059589,-0.000133,-0.053203,False
2013-01-05,-0.058404,-0.078932,0.000177,-0.000323,0.000926,-0.000170,0.000705,-0.000940,0.015803,0.003096,-0.059658,0.001254,0.501572,False
2013-01-06,-0.060500,-0.078969,0.000169,-0.000343,0.000922,-0.000171,0.000702,-0.000938,0.015803,0.003098,-0.059728,-0.000772,-0.308956,False
2013-01-07,-0.058209,-0.079006,0.000159,-0.000362,0.000917,-0.000173,0.000700,-0.000936,0.015803,0.003100,-0.059798,0.001589,0.635588,False
2013-01-08,-0.060871,-0.079043,0.000149,-0.000381,0.000912,-0.000174,0.000698,-0.000934,0.015803,0.003102,-0.059869,-0.001002,-0.400824,False
2013-01-09,-0.061242,-0.079080,0.000138,-0.000400,0.000906,-0.000176,0.000696,-0.000931,0.015803,0.003103,-0.059940,-0.001302,-0.520621,False
2013-01-10,-0.059251,-0.079118,0.000127,-0.000418,0.000901,-0.000177,0.000693,-0.000929,0.015803,0.003105,-0.060012,0.000761,0.304566,False
2013-01-11,-0.059184,-0.079155,0.000114,-0.000435,0.000895,-0.000179,0.000691,-0.000927,0.015803,0.003107,-0.060085,0.000901,0.360306,False
2013-01-12,-0.060679,-0.079192,0.000102,-0.000452,0.000889,-0.000180,0.000689,-0.000924,0.015803,0.003109,-0.060157,-0.000522,-0.208632,False
2013-01-13,-0.061615,-0.079229,0.000089,-0.000469,0.000882,-0.000182,0.000686,-0.000922,0.015803,0.003111,-0.060230,-0.001385,-0.553882,False
2013-01-14,-0.059226,-0.079266,0.000075,-0.000485,0.000876,-0.000183,0.000684,-0.000920,0.015803,0.003113,-0.060303,0.001077,0.430923,False
2013-01-15,-0.059358,-0.079303,0.000061,-0.000500,0.000869,-0.000184,0.000681,-0.000917,0.015803,0.003114,-0.060376,0.001018,0.407348,False
2013-01-16,-0.059685,-0.079340,0.000047,-0.000515,0.000862,-0.000186,0.000679,-0.000915,0.015803,0.003116,-0.060449,0.000764,0.305760,False
2013-01-17,-0.060987,-0.079377,0.000032,-0.000529,0.000854,-0.000187,0.000677,-0.000913,0.015803,0.003118,-0.060522,-0.000465,-0.185878,False
2013-01-18,-0.060406,-0.079415,0.000018,-0.000543,0.000847,-0.000189,0.000674,-0.000910,0.015803,0.003120,-0.060595,0.000189,0.075600,False
2013-01-19,-0.060496,-0.079452,0.000003,-0.000556,0.000839,-0.000190,0.000672,-0.000908,0.015803,0.003121,-0.060667,0.000171,0.068559,False
2013-01-20,-0.060662,-0.079489,-0.000012,-0.000568,0.000831,-0.000191,0.000669,-0.000906,0.015803,0.003123,-0.060739,0.000077,0.030964,False
2013-01-21,-0.061329,-0.079526,-0.000026,-0.000579,0.000822,-0.000193,0.000667,-0.000903,0.015803,0.003125,-0.060811,-0.000518,-0.207221,False
2013-01-22,-0.060836,-0.079563,-0.000041,-0.000590,0.000814,-0.000194,0.000665,-0.000901,0.015803,0.003127,-0.060882,0.000046,0.018372,False
2013-01-23,-0.061282,-0.079600,-0.000055,-0.000601,0.000805,-0.000196,0.000662,-0.000899,0.015803,0.003128,-0.060952,-0.000330,-0.131893,False
2013-01-24,-0.061161,-0.079637,-0.000069,-0.000610,0.000796,-0.000197,0.000660,-0.000896,0.015803,0.003130,-0.061022,-0.000139,-0.055648,False
2013-01-25,-0.063338,-0.079674,-0.000083,-0.000619,0.000786,-0.000198,0.000657,-0.000894,0.015803,0.003132,-0.061091,-0.002247,-0.898926,False
2013-01-26,-0.062898,-0.079712,-0.000097,-0.000627,0.000777,-0.000200,0.000655,-0.000892,0.015803,0.003133,-0.061159,-0.001739,-0.695758,False
2013-01-27,-0.061970,-0.079749,-0.000109,-0.000634,0.000767,-0.000201,0.000652,-0.000889,0.015803,0.003135,-0.061226,-0.000744,-0.297774,False
2013-01-28,-0.062139,-0.079786,-0.000122,-0.000641,0.000757,-0.000202,0.000650,-0.000887,0.015803,0.003137,-0.061291,-0.000848,-0.339003,False
2013-01-29,-0.062384,-0.079823,-0.000134,-0.000646,0.000746,-0.000204,0.000647,-0.000884,0.015803,0.003139,-0.061356,-0.001028,-0.411074,False
2013-01-30,-0.062818,-0.079860,-0.000145,-0.000651,0.000736,-0.000205,0.000645,-0.000882,0.015803,0.003140,-0.061420,-0.001398,-0.559212,False
2013-01-31,-0.061286,-0.079897,-0.000155,-0.000656,0.000725,-0.000206,0.000642,-0.000880,0.015803,0.003142,-0.061482,0.000196,0.078557,False
2013-02-01,-0.063628,-0.079934,-0.000165,-0.000659,0.000714,-0.000208,0.000639,-0.000877,0.015803,0.003143,-0.061544,-0.002084,-0.833790,False
2013-02-02,-0.062483,-0.079972,-0.000174,-0.000662,0.000703,-0.000209,0.000637,-0.000875,0.015803,0.003145,-0.061603,-0.000880,-0.351873,False
2013-02-03,-0.063951,-0.080009,-0.000182,-0.000664,0.000692,-0.000210,0.000634,-0.000872,0.015803,0.003147,-0.061662,-0.002289,-0.915714,False
2013-02-04,-0.063583,-0.080046,-0.000189,-0.000665,0.000680,-0.000212,0.000632,-0.000870,0.015803,0.003148,-0.061719,-0.001864,-0.745729,False
2013-02-05,-0.062691,-0.080083,-0.000196,-0.000665,0.000668,-0.000213,0.000629,-0.000868,0.015803,0.003150,-0.061774,-0.000917,-0.366735,False
2013-02-06,-0.060013,-0.080120,-0.000201,-0.000665,0.000656,-0.000214,0.000627,-0.000865,0.015803,0.003151,-0.061828,0.001815,0.726055,False
2013-02-07,-0.062699,-0.080157,-0.000206,-0.000663,0.000644,-0.000216,0.000624,-0.000863,0.015803,0.003153,-0.061881,-0.000818,-0.327370,False
2013-02-08,-0.062362,-0.080194,-0.000209,-0.000661,0.000632,-0.000217,0.000621,-0.000860,0.015803,0.003155,-0.061931,-0.000431,-0.172220,False
2013-02-09,-0.061017,-0.080231,-0.000212,-0.000658,0.000619,-0.000218,0.000619,-0.000858,0.015803,0.003156,-0.061981,0.000964,0.385497,False
2013-02-10,-0.064003,-0.080269,-0.000213,-0.000655,0.000607,-0.000219,0.000616,-0.000856,0.015803,0.003158,-0.062028,-0.001975,-0.789823,False
2013-02-11,-0.064614,-0.080306,-0.000214,-0.000650,0.000594,-0.000221,0.000613,-0.000853,0.015803,0.003159,-0.062075,-0.002539,-1.015783,False
2013-02-12,-0.063980,-0.080343,-0.000213,-0.000645,0.000581,-0.000222,0.000611,-0.000851,0.015803,0.003161,-0.062119,-0.001861,-0.744383,False
2013-02-13,-0.065780,-0.080380,-0.000212,-0.000639,0.000567,-0.000223,0.000608,-0.000848,0.015803,0.003162,-0.062162,-0.003618,-1.447222,False
2013-02-14,-0.064253,-0.080417,-0.000209,-0.000633,0.000554,-0.000224,0.000605,-0.000846,0.015803,0.003164,-0.062203,-0.002050,-0.819896,False
2013-02-15,-0.065893,-0.080454,-0.000206,-0.000625,0.000540,-0.000226,0.000603,-0.000843,0.015803,0.003165,-0.062243,-0.003650,-1.459998,False
2013-02-16,-0.064093,-0.080491,-0.000201,-0.000617,0.000527,-0.000227,0.000600,-0.000841,0.015803,0.003167,-0.062281,-0.001812,-0.724720,False
2013-02-17,-0.064099,-0.080528,-0.000196,-0.000608,0.000513,-0.000228,0.000597,-0.000838,0.015803,0.003168,-0.062318,-0.001781,-0.712451,False
2013-02-18,-0.065537,-0.080566,-0.000190,-0.000598,0.000499,-0.000229,0.000595,-0.000836,0.015803,0.003170,-0.062353,-0.003184,-1.273579,False
2013-02-19,-0.065617,-0.080603,-0.000182,-0.000588,0.000485,-0.000231,0.000592,-0.000834,0.015803,0.003171,-0.062387,-0.003230,-1.292088,False
2013-02-20,-0.062727,-0.080640,-0.000174,-0.000577,0.000470,-0.000232,0.000589,-0.000831,0.015803,0.003173,-0.062419,-0.000308,-0.123162,False
2013-02-21,-0.063617,-0.080677,-0.000165,-0.000565,0.000456,-0.000233,0.000586,-0.000829,0.015803,0.003174,-0.062450,-0.001167,-0.466781,False
2013-02-22,-0.064025,-0.080714,-0.000156,-0.000553,0.000441,-0.000234,0.000584,-0.000826,0.015803,0.003176,-0.062480,-0.001545,-0.618125,False
2013-02-23,-0.063214,-0.080751,-0.000145,-0.000540,0.000426,-0.000235,0.000581,-0.000824,0.015803,0.003177,-0.062508,-0.000706,-0.282372,False
2013-02-24,-0.065862,-0.080788,-0.000134,-0.000526,0.000412,-0.000237,0.000578,-0.000821,0.015803,0.003179,-0.062535,-0.003327,-1.330696,False
2013-02-25,-0.065808,-0.080826,-0.000122,-0.000512,0.000397,-0.000238,0.000575,-0.000819,0.015803,0.003180,-0.062561,-0.003247,-1.298673,False
2013-02-26,-0.065903,-0.080863,-0.000110,-0.000497,0.000381,-0.000239,0.000573,-0.000816,0.015803,0.003181,-0.062586,-0.003317,-1.326675,False
2013-02-27,-0.063469,-0.080900,-0.000097,-0.000482,0.000366,-0.000240,0.000570,-0.000814,0.015803,0.003183,-0.062610,-0.000859,-0.343473,False
2013-02-28,-0.063460,-0.080937,-0.000084,-0.000465,0.000351,-0.000241,0.000567,-0.000811,0.015803,0.003184,-0.062633,-0.000827,-0.330637,False
2013-03-01,-0.066077,-0.080974,-0.000070,-0.000449,0.000335,-0.000242,0.000564,-0.000809,0.015803,0.003186,-0.062656,-0.003421,-1.368536,False
2013-03-02,-0.064342,-0.081011,-0.000056,-0.000432,0.000320,-0.000243,0.000561,-0.000806,0.015803,0.003187,-0.062677,-0.001665,-0.665939,False
2013-03-03,-0.065349,-0.081048,-0.000041,-0.000414,0.000304,-0.000245,0.000558,-0.000804,0.015803,0.003188,-0.062698,-0.002651,-1.060412,False
2013-03-04,-0.063729,-0.081085,-0.000027,-0.000396,0.000289,-0.000246,0.000556,-0.000801,0.015803,0.003190,-0.062718,-0.001011,-0.404322,False
2013-03-05,-0.064421,-0.081123,-0.000012,-0.000377,0.000273,-0.000247,0.000553,-0.000799,0.015803,0.003191,-0.062738,-0.001683,-0.673233,False
2013-03-06,-0.065532,-0.081160,0.000003,-0.000358,0.000257,-0.000248,0.000550,-0.000796,0.015803,0.003192,-0.062757,-0.002775,-1.109913,False
2013-03-07,-0.063721,-0.081197,0.000017,-0.000339,0.000241,-0.000249,0.000547,-0.000794,0.015803,0.003194,-0.062776,-0.000945,-0.377924,False
2013-03-08,-0.065108,-0.081234,0.000032,-0.000319,0.000225,-0.000250,0.000544,-0.000791,0.015803,0.003195,-0.062795,-0.002313,-0.925234,False
2013-03-09,-0.063543,-0.081271,0.000046,-0.000299,0.000209,-0.000251,0.000541,-0.000789,0.015803,0.003197,-0.062813,-0.000730,-0.291805,False
2013-03-10,-0.063276,-0.081308,0.000061,-0.000278,0.000193,-0.000252,0.000538,-0.000786,0.015803,0.003198,-0.062832,-0.000444,-0.177603,False
2013-03-11,-0.064070,-0.081345,0.000075,-0.000257,0.000176,-0.000253,0.000536,-0.000784,0.015803,0.003199,-0.062851,-0.001219,-0.487794,False
2013-03-12,-0.064274,-0.081382,0.000088,-0.000236,0.000160,-0.000254,0.000533,-0.000781,0.015803,0.003200,-0.062869,-0.001405,-0.561942,False
2013-03-13,-0.063480,-0.081420,0.000101,-0.000214,0.000144,-0.000255,0.000530,-0.000778,0.015803,0.003202,-0.062888,-0.000592,-0.236814,False
2013-03-14,-0.063137,-0.081457,0.000114,-0.000192,0.000127,-0.000256,0.000527,-0.000776,0.015803,0.003203,-0.062907,-0.000230,-0.091976,False
2013-03-15,-0.064575,-0.081494,0.000126,-0.000170,0.000111,-0.000257,0.000524,-0.000773,0.015803,0.003204,-0.062927,-0.001648,-0.659396,False
2013-03-16,-0.064606,-0.081531,0.000138,-0.000148,0.000095,-0.000258,0.000521,-0.000771,0.015803,0.003206,-0.062946,-0.001660,-0.663843,False
2013-03-17,-0.063374,-0.081568,0.000149,-0.000126,0.000078,-0.000259,0.000518,-0.000768,0.015803,0.003207,-0.062967,-0.000407,-0.162886,False
2013-03-18,-0.063161,-0.081605,0.000159,-0.000103,0.000062,-0.000260,0.000515,-0.000766,0.015803,0.003208,-0.062988,-0.000173,-0.069296,False
2013-03-19,-0.065870,-0.081642,0.000169,-0.000080,0.000045,-0.000261,0.000512,-0.000763,0.015803,0.003209,-0.063009,-0.002861,-1.144244,False
2013-03-20,-0.062342,-0.081680,0.000177,-0.000058,0.000029,-0.000262,0.000509,-0.000761,0.015803,0.003211,-0.063032,0.000690,0.275896,False
2013-03-21,-0.064026,-0.081717,0.000185,-0.000035,0.000012,-0.000263,0.000506,-0.000758,0.015803,0.003212,-0.063055,-0.000971,-0.388450,False
2013-03-22,-0.064038,-0.081754,0.000192,-0.000012,-0.000004,-0.000264,0.000503,-0.000755,0.015803,0.003213,-0.063079,-0.000959,-0.383660,False
2013-03-23,-0.062463,-0.081791,0.000198,0.000011,-0.000021,-0.000265,0.000500,-0.000753,0.015803,0.003214,-0.063104,0.000641,0.256289,False
2013-03-24,-0.064608,-0.081828,0.000203,0.000034,-0.000037,-0.000266,0.000497,-0.000750,0.015803,0.003216,-0.063130,-0.001478,-0.591382,False
2013-03-25,-0.062454,-0.081865,0.000207,0.000057,-0.000054,-0.000267,0.000494,-0.000748,0.015803,0.003217,-0.063156,0.000702,0.280945,False
2013-03-26,-0.063507,-0.081902,0.000210,0.000079,-0.000070,-0.000268,0.000491,-0.000745,0.015803,0.003218,-0.063184,-0.000323,-0.129114,False
2013-03-27,-0.063410,-0.081939,0.000213,0.000102,-0.000087,-0.000269,0.000488,-0.000743,0.015803,0.003219,-0.063213,-0.000197,-0.078743,False
2013-03-28,-0.061882,-0.081977,0.000214,0.000125,-0.000103,-0.000270,0.000485,-0.000740,0.015803,0.003221,-0.063243,0.001361,0.544470,False
2013-03-29,-0.061841,-0.082014,0.000214,0.000147,-0.000120,-0.000271,0.000482,-0.000737,0.015803,0.003222,-0.063274,0.001433,0.573335,False
2013-03-30,-0.061870,-0.082051,0.000213,0.000169,-0.000136,-0.000272,0.000479,-0.000735,0.015803,0.003223,-0.063307,0.001437,0.574663,False
2013-03-31,-0.062323,-0.082088,0.000211,0.000191,-0.000153,-0.000273,0.000476,-0.000732,0.015803,0.003224,-0.063340,0.001017,0.406860,False
2013-04-01,-0.062630,-0.082125,0.000208,0.000213,-0.000169,-0.000274,0.000473,-0.000730,0.015803,0.003225,-0.063375,0.000745,0.297931,False
2013-04-02,-0.061543,-0.082162,0.000204,0.000235,-0.000185,-0.000275,0.000470,-0.000727,0.015803,0.003226,-0.063411,0.001868,0.747078,False
2013-04-03,-0.063343,-0.082199,0.000200,0.000256,-0.000201,-0.000275,0.000467,-0.000724,0.015803,0.003228,-0.063448,0.000105,0.041903,False
2013-04-04,-0.063049,-0.082236,0.000194,0.000277,-0.000217,-0.000276,0.000464,-0.000722,0.015803,0.003229,-0.063486,0.000437,0.174805,False
2013-04-05,-0.061978,-0.082274,0.000187,0.000298,-0.000233,-0.000277,0.000460,-0.000719,0.015803,0.003230,-0.063525,0.001547,0.618980,False
2013-04-06,-0.062198,-0.082311,0.000179,0.000318,-0.000249,-0.000278,0.000457,-0.000717,0.015803,0.003231,-0.063566,0.001368,0.547224,False
2013-04-07,-0.061939,-0.082348,0.000171,0.000338,-0.000265,-0.000279,0.000454,-0.000714,0.015803,0.003232,-0.063608,0.001669,0.667530,False
2013-04-08,-0.062603,-0.082385,0.000162,0.000357,-0.000281,-0.000280,0.000451,-0.000711,0.015803,0.003233,-0.063651,0.001048,0.419090,False
2013-04-09,-0.061041,-0.082422,0.000152,0.000376,-0.000297,-0.000281,0.000448,-0.000709,0.015803,0.003234,-0.063695,0.002654,1.061493,False
2013-04-10,-0.062176,-0.082459,0.000141,0.000395,-0.000313,-0.000281,0.000445,-0.000706,0.015803,0.003236,-0.063740,0.001564,0.625527,False
2013-04-11,-0.062755,-0.082496,0.000130,0.000413,-0.000328,-0.000282,0.000442,-0.000703,0.015803,0.003237,-0.063786,0.001031,0.412380,False
2013-04-12,-0.061504,-0.082534,0.000118,0.000431,-0.000344,-0.000283,0.000439,-0.000701,0.015803,0.003238,-0.063833,0.002329,0.931635,False
2013-04-13,-0.063000,-0.082571,0.000105,0.000448,-0.000359,-0.000284,0.000435,-0.000698,0.015803,0.003239,-0.063881,0.000881,0.352478,False
2013-04-14,-0.062836,-0.082608,0.000092,0.000465,-0.000374,-0.000285,0.000432,-0.000695,0.015803,0.003240,-0.063930,0.001094,0.437691,False
2013-04-15,-0.064424,-0.082645,0.000078,0.000481,-0.000390,-0.000285,0.000429,-0.000693,0.015803,0.003241,-0.063980,-0.000444,-0.177547,False
2013-04-16,-0.064689,-0.082682,0.000065,0.000496,-0.000405,-0.000286,0.000426,-0.000690,0.015803,0.003242,-0.064031,-0.000658,-0.263253,False
2013-04-17,-0.063110,-0.082719,0.000050,0.000511,-0.000419,-0.000287,0.000423,-0.000688,0.015803,0.003243,-0.064082,0.000972,0.388951,False
2013-04-18,-0.065142,-0.082756,0.000036,0.000526,-0.000434,-0.000288,0.000420,-0.000685,0.015803,0.003244,-0.064135,-0.001007,-0.402957,False
2013-04-19,-0.063256,-0.082793,0.000021,0.000539,-0.000449,-0.000288,0.000416,-0.000682,0.015803,0.003245,-0.064188,0.000932,0.372602,False
2013-04-20,-0.066140,-0.082831,0.000007,0.000552,-0.000464,-0.000289,0.000413,-0.000680,0.015803,0.003246,-0.064241,-0.001899,-0.759597,False
2013-04-21,-0.064218,-0.082868,-0.000008,0.000565,-0.000478,-0.000290,0.000410,-0.000677,0.015803,0.003247,-0.064295,0.000077,0.030825,False
2013-04-22,-0.062764,-0.082905,-0.000023,0.000577,-0.000492,-0.000291,0.000407,-0.000674,0.015803,0.003249,-0.064350,0.001586,0.634242,False
2013-04-23,-0.063844,-0.082942,-0.000037,0.000588,-0.000506,-0.000291,0.000404,-0.000672,0.015803,0.003250,-0.064405,0.000561,0.224231,False
2013-04-24,-0.062070,-0.082979,-0.000052,0.000598,-0.000520,-0.000292,0.000400,-0.000669,0.015803,0.003251,-0.064460,0.002390,0.955969,False
2013-04-25,-0.064979,-0.083016,-0.000066,0.000608,-0.000534,-0.000293,0.000397,-0.000666,0.015803,0.003252,-0.064516,-0.000463,-0.185371,False
2013-04-26,-0.065492,-0.083053,-0.000080,0.000617,-0.000548,-0.000293,0.000394,-0.000663,0.015803,0.003253,-0.064571,-0.000921,-0.368210,False
2013-04-27,-0.065207,-0.083090,-0.000093,0.000625,-0.000561,-0.000294,0.000391,-0.000661,0.015803,0.003254,-0.064628,-0.000579,-0.231773,False
2013-04-28,-0.062639,-0.083128,-0.000106,0.000632,-0.000575,-0.000295,0.000388,-0.000658,0.015803,0.003255,-0.064684,0.002045,0.817917,False
2013-04-29,-0.063767,-0.083165,-0.000119,0.000639,-0.000588,-0.000295,0.000384,-0.000655,0.015803,0.003256,-0.064740,0.000973,0.389237,False
2013-04-30,-0.062238,-0.083202,-0.000131,0.000645,-0.000601,-0.000296,0.000381,-0.000653,0.015803,0.003257,-0.064796,0.002558,1.023364,False
2013-05-01,-0.061681,-0.083239,-0.000142,0.000650,-0.000613,-0.000297,0.000378,-0.000650,0.015803,0.003258,-0.064853,0.003172,1.268679,False
2013-05-02,-0.062442,-0.083276,-0.000153,0.000655,-0.000626,-0.000297,0.000374,-0.000647,0.015803,0.003259,-0.064909,0.002467,0.986759,False
2013-05-03,-0.061923,-0.083313,-0.000163,0.000658,-0.000639,-0.000298,0.000371,-0.000645,0.015803,0.003260,-0.064965,0.003042,1.216786,False
2013-05-04,-0.061537,-0.083350,-0.000172,0.000661,-0.000651,-0.000298,0.000368,-0.000642,0.015803,0.003261,-0.065021,0.003484,1.393540,False
2013-05-05,-0.062270,-0.083388,-0.000180,0.000663,-0.000663,-0.000299,0.000365,-0.000639,0.015803,0.003262,-0.065077,0.002807,1.122604,False
2013-05-06,-0.064461,-0.083425,-0.000188,0.000664,-0.000675,-0.000300,0.000361,-0.000637,0.015803,0.003263,-0.065132,0.000671,0.268362,False
2013-05-07,-0.064949,-0.083462,-0.000194,0.000665,-0.000686,-0.000300,0.000358,-0.000634,0.015803,0.003264,-0.065187,0.000238,0.095199,False
2013-05-08,-0.062729,-0.083499,-0.000200,0.000665,-0.000698,-0.000301,0.000355,-0.000631,0.015803,0.003264,-0.065242,0.002513,1.005101,False
2013-05-09,-0.063733,-0.083536,-0.000205,0.000664,-0.000709,-0.000301,0.000351,-0.000628,0.015803,0.003265,-0.065296,0.001563,0.625256,False
2013-05-10,-0.063408,-0.083573,-0.000209,0.000662,-0.000720,-0.000302,0.000348,-0.000626,0.015803,0.003266,-0.065350,0.001942,0.776852,False
2013-05-11,-0.064563,-0.083610,-0.000211,0.000659,-0.000731,-0.000302,0.000345,-0.000623,0.015803,0.003267,-0.065404,0.000841,0.336281,False
2013-05-12,-0.065029,-0.083647,-0.000213,0.000656,-0.000742,-0.000303,0.000341,-0.000620,0.015803,0.003268,-0.065457,0.000428,0.171135,False
2013-05-13,-0.064260,-0.083685,-0.000214,0.000652,-0.000752,-0.000303,0.000338,-0.000617,0.015803,0.003269,-0.065510,0.001250,0.499806,False
2013-05-14,-0.062506,-0.083722,-0.000214,0.000647,-0.000762,-0.000304,0.000335,-0.000615,0.015803,0.003270,-0.065562,0.003056,1.222292,False
2013-05-15,-0.064456,-0.083759,-0.000212,0.000641,-0.000772,-0.000304,0.000332,-0.000612,0.015803,0.003271,-0.065613,0.001157,0.462988,False
2013-05-16,-0.062444,-0.083796,-0.000210,0.000634,-0.000782,-0.000305,0.000328,-0.000609,0.015803,0.003272,-0.065665,0.003221,1.288293,False
2013-05-17,-0.064561,-0.083833,-0.000207,0.000627,-0.000791,-0.000305,0.000325,-0.000607,0.015803,0.003273,-0.065716,0.001155,0.461807,False
2013-05-18,-0.063646,-0.083870,-0.000203,0.000619,-0.000800,-0.000306,0.000321,-0.000604,0.015803,0.003274,-0.065766,0.002120,0.847931,False
2013-05-19,-0.065294,-0.083907,-0.000197,0.000610,-0.000809,-0.000306,0.000318,-0.000601,0.015803,0.003275,-0.065816,0.000522,0.208669,False
2013-05-20,-0.064284,-0.083944,-0.000191,0.000601,-0.000818,-0.000307,0.000315,-0.000598,0.015803,0.003276,-0.065865,0.001581,0.632426,False
2013-05-21,-0.064989,-0.083982,-0.000184,0.000591,-0.000827,-0.000307,0.000311,-0.000596,0.015803,0.003276,-0.065914,0.000925,0.370006,False
2013-05-22,-0.066224,-0.084019,-0.000176,0.000580,-0.000835,-0.000308,0.000308,-0.000593,0.015803,0.003277,-0.065963,-0.000261,-0.104581,False
2013-05-23,-0.062027,-0.084056,-0.000168,0.000568,-0.000843,-0.000308,0.000305,-0.000590,0.015803,0.003278,-0.066011,0.003984,1.593472,False
2013-05-24,-0.064061,-0.084093,-0.000158,0.000556,-0.000851,-0.000309,0.000301,-0.000587,0.015803,0.003279,-0.066058,0.001997,0.798975,False
2013-05-25,-0.064652,-0.084130,-0.000148,0.000543,-0.000858,-0.000309,0.000298,-0.000585,0.015803,0.003280,-0.066106,0.001454,0.581541,False
2013-05-26,-0.065263,-0.084167,-0.000137,0.000530,-0.000866,-0.000309,0.000294,-0.000582,0.015803,0.003281,-0.066153,0.000890,0.355982,False
2013-05-27,-0.064837,-0.084204,-0.000125,0.000516,-0.000873,-0.000310,0.000291,-0.000579,0.015803,0.003282,-0.066200,0.001363,0.545110,False
2013-05-28,-0.065793,-0.084242,-0.000113,0.000501,-0.000879,-0.000310,0.000288,-0.000576,0.015803,0.003283,-0.066246,0.000453,0.181342,False
2013-05-29,-0.066013,-0.084279,-0.000100,0.000485,-0.000886,-0.000311,0.000284,-0.000573,0.015803,0.003283,-0.066293,0.000280,0.111891,False
2013-05-30,-0.066431,-0.084316,-0.000087,0.000470,-0.000892,-0.000311,0.000281,-0.000571,0.015803,0.003284,-0.066339,-0.000092,-0.036826,False
2013-05-31,-0.066560,-0.084353,-0.000073,0.000453,-0.000898,-0.000311,0.000277,-0.000568,0.015803,0.003285,-0.066385,-0.000175,-0.069992,False
2013-06-01,-0.067398,-0.084390,-0.000059,0.000436,-0.000904,-0.000312,0.000274,-0.000565,0.015803,0.003286,-0.066431,-0.000967,-0.386789,False
2013-06-02,-0.066473,-0.084427,-0.000045,0.000419,-0.000909,-0.000312,0.000271,-0.000562,0.015803,0.003287,-0.066477,0.000004,0.001599,False
2013-06-03,-0.065418,-0.084464,-0.000030,0.000400,-0.000914,-0.000312,0.000267,-0.000560,0.015803,0.003288,-0.066523,0.001105,0.441992,False
2013-06-04,-0.067826,-0.084501,-0.000016,0.000382,-0.000919,-0.000313,0.000264,-0.000557,0.015803,0.003288,-0.066569,-0.001257,-0.502793,False
2013-06-05,-0.068319,-0.084539,-0.000001,0.000363,-0.000924,-0.000313,0.000260,-0.000554,0.015803,0.003289,-0.066615,-0.001704,-0.681538,False
2013-06-06,-0.068388,-0.084576,0.000014,0.000344,-0.000928,-0.000313,0.000257,-0.000551,0.015803,0.003290,-0.066661,-0.001727,-0.690623,False
2013-06-07,-0.069121,-0.084613,0.000028,0.000324,-0.000932,-0.000313,0.000253,-0.000548,0.015803,0.003291,-0.066708,-0.002413,-0.965231,False
2013-06-08,-0.069239,-0.084650,0.000043,0.000304,-0.000936,-0.000314,0.000250,-0.000546,0.015803,0.003292,-0.066755,-0.002484,-0.993744,False
2013-06-09,-0.068569,-0.084687,0.000057,0.000283,-0.000940,-0.000314,0.000247,-0.000543,0.015803,0.003292,-0.066802,-0.001767,-0.706945,False
2013-06-10,-0.068466,-0.084724,0.000071,0.000262,-0.000943,-0.000314,0.000243,-0.000540,0.015803,0.003293,-0.066849,-0.001617,-0.646815,False
2013-06-11,-0.069172,-0.084761,0.000085,0.000241,-0.000946,-0.000315,0.000240,-0.000537,0.015803,0.003294,-0.066897,-0.002275,-0.910140,False
2013-06-12,-0.064464,-0.084798,0.000098,0.000220,-0.000949,-0.000315,0.000236,-0.000534,0.015803,0.003295,-0.066945,0.002481,0.992296,False
2013-06-13,-0.068661,-0.084836,0.000111,0.000198,-0.000951,-0.000315,0.000233,-0.000532,0.015803,0.003296,-0.066993,-0.001668,-0.667091,False
2013-06-14,-0.066701,-0.084873,0.000123,0.000176,-0.000953,-0.000315,0.000229,-0.000529,0.015803,0.003296,-0.067042,0.000341,0.136512,False
2013-06-15,-0.067567,-0.084910,0.000135,0.000154,-0.000955,-0.000315,0.000226,-0.000526,0.015803,0.003297,-0.067092,-0.000475,-0.190083,False
2013-06-16,-0.067728,-0.084947,0.000146,0.000131,-0.000957,-0.000316,0.000222,-0.000523,0.015803,0.003298,-0.067142,-0.000586,-0.234464,False
2013-06-17,-0.068401,-0.084984,0.000157,0.000109,-0.000958,-0.000316,0.000219,-0.000520,0.015803,0.003299,-0.067192,-0.001209,-0.483421,False
2013-06-18,-0.071104,-0.085021,0.000166,0.000086,-0.000959,-0.000316,0.000215,-0.000518,0.015803,0.003299,-0.067244,-0.003860,-1.544144,False
2013-06-19,-0.066956,-0.085058,0.000175,0.000063,-0.000960,-0.000316,0.000212,-0.000515,0.015803,0.003300,-0.067295,0.000339,0.135773,False
2013-06-20,-0.067345,-0.085096,0.000183,0.000041,-0.000960,-0.000316,0.000208,-0.000512,0.015803,0.003301,-0.067348,0.000003,0.001137,False
2013-06-21,-0.069088,-0.085133,0.000190,0.000018,-0.000960,-0.000317,0.000205,-0.000509,0.015803,0.003302,-0.067401,-0.001687,-0.674849,False
2013-06-22,-0.071452,-0.085170,0.000197,-0.000005,-0.000960,-0.000317,0.000201,-0.000506,0.015803,0.003302,-0.067455,-0.003997,-1.598981,False
2013-06-23,-0.070241,-0.085207,0.000202,-0.000028,-0.000960,-0.000317,0.000198,-0.000503,0.015803,0.003303,-0.067509,-0.002732,-1.092858,False
2013-06-24,-0.067806,-0.085244,0.000206,-0.000051,-0.000959,-0.000317,0.000194,-0.000501,0.015803,0.003304,-0.067564,-0.000242,-0.096882,False
2013-06-25,-0.068215,-0.085281,0.000210,-0.000074,-0.000958,-0.000317,0.000191,-0.000498,0.015803,0.003305,-0.067619,-0.000596,-0.238254,False
2013-06-26,-0.070951,-0.085318,0.000212,-0.000096,-0.000957,-0.000317,0.000187,-0.000495,0.015803,0.003305,-0.067676,-0.003275,-1.310179,False
2013-06-27,-0.071829,-0.085355,0.000214,-0.000119,-0.000955,-0.000317,0.000184,-0.000492,0.015803,0.003306,-0.067732,-0.004097,-1.638663,False
2013-06-28,-0.071042,-0.085393,0.000214,-0.000142,-0.000953,-0.000317,0.000180,-0.000489,0.015803,0.003307,-0.067790,-0.003252,-1.300914,False
2013-06-29,-0.068302,-0.085430,0.000213,-0.000164,-0.000951,-0.000317,0.000177,-0.000486,0.015803,0.003308,-0.067848,-0.000454,-0.181741,False
2013-06-30,-0.069023,-0.085467,0.000212,-0.000186,-0.000949,-0.000317,0.000173,-0.000484,0.015803,0.003308,-0.067906,-0.001117,-0.446756,False
2013-07-01,-0.069687,-0.085504,0.000209,-0.000208,-0.000946,-0.000318,0.000170,-0.000481,0.015803,0.003309,-0.067965,-0.001722,-0.688773,False
2013-07-02,-0.069375,-0.085541,0.000205,-0.000229,-0.000943,-0.000318,0.000166,-0.000478,0.015803,0.003310,-0.068024,-0.001351,-0.540206,False
2013-07-03,-0.073011,-0.085578,0.000201,-0.000251,-0.000940,-0.000318,0.000163,-0.000475,0.015803,0.003310,-0.068084,-0.004927,-1.970672,False
2013-07-04,-0.070810,-0.085615,0.000195,-0.000272,-0.000936,-0.000318,0.000159,-0.000472,0.015803,0.003311,-0.068145,-0.002665,-1.066190,False
2013-07-05,-0.070570,-0.085652,0.000189,-0.000292,-0.000932,-0.000318,0.000156,-0.000469,0.015803,0.003312,-0.068205,-0.002365,-0.945980,False
2013-07-06,-0.069979,-0.085690,0.000181,-0.000313,-0.000928,-0.000318,0.000152,-0.000466,0.015803,0.003313,-0.068266,-0.001713,-0.685263,False
2013-07-07,-0.070148,-0.085727,0.000173,-0.000333,-0.000924,-0.000318,0.000149,-0.000464,0.015803,0.003313,-0.068327,-0.001821,-0.728463,False
2013-07-08,-0.070655,-0.085764,0.000164,-0.000353,-0.000919,-0.000318,0.000145,-0.000461,0.015803,0.003314,-0.068388,-0.002267,-0.906804,False
2013-07-09,-0.069833,-0.085801,0.000154,-0.000372,-0.000914,-0.000318,0.000141,-0.000458,0.015803,0.003315,-0.068449,-0.001384,-0.553512,False
2013-07-10,-0.067477,-0.085838,0.000144,-0.000390,-0.000909,-0.000318,0.000138,-0.000455,0.015803,0.003315,-0.068510,0.001033,0.413386,False
2013-07-11,-0.069545,-0.085875,0.000133,-0.000409,-0.000904,-0.000318,0.000134,-0.000452,0.015803,0.003316,-0.068572,-0.000973,-0.389340,False
2013-07-12,-0.067781,-0.085912,0.000121,-0.000427,-0.000898,-0.000318,0.000131,-0.000449,0.015803,0.003317,-0.068633,0.000852,0.340683,False
2013-07-13,-0.069514,-0.085950,0.000108,-0.000444,-0.000892,-0.000317,0.000127,-0.000446,0.015803,0.003317,-0.068694,-0.000820,-0.328176,False
2013-07-14,-0.067719,-0.085987,0.000095,-0.000461,-0.000886,-0.000317,0.000124,-0.000443,0.015803,0.003318,-0.068754,0.001035,0.414051,False
2013-07-15,-0.069487,-0.086024,0.000082,-0.000477,-0.000879,-0.000317,0.000120,-0.000441,0.015803,0.003319,-0.068814,-0.000673,-0.269067,False
2013-07-16,-0.069011,-0.086061,0.000068,-0.000493,-0.000872,-0.000317,0.000117,-0.000438,0.015803,0.003319,-0.068874,-0.000137,-0.054763,False
2013-07-17,-0.068792,-0.086098,0.000054,-0.000508,-0.000865,-0.000317,0.000113,-0.000435,0.015803,0.003320,-0.068933,0.000141,0.056531,False
2013-07-18,-0.068755,-0.086135,0.000040,-0.000522,-0.000858,-0.000317,0.000110,-0.000432,0.015803,0.003320,-0.068992,0.000237,0.094781,False
2013-07-19,-0.068104,-0.086172,0.000025,-0.000536,-0.000851,-0.000317,0.000106,-0.000429,0.015803,0.003321,-0.069050,0.000946,0.378355,False
2013-07-20,-0.067441,-0.086209,0.000010,-0.000549,-0.000843,-0.000317,0.000102,-0.000426,0.015803,0.003322,-0.069107,0.001666,0.666419,False
2013-07-21,-0.066441,-0.086247,-0.000004,-0.000562,-0.000835,-0.000317,0.000099,-0.000423,0.015803,0.003322,-0.069163,0.002722,1.088939,False
2013-07-22,-0.069581,-0.086284,-0.000019,-0.000574,-0.000826,-0.000317,0.000095,-0.000420,0.015803,0.003323,-0.069219,-0.000362,-0.144917,False
2013-07-23,-0.069704,-0.086321,-0.000034,-0.000585,-0.000818,-0.000316,0.000092,-0.000417,0.015803,0.003324,-0.069273,-0.000431,-0.172382,False
2013-07-24,-0.068370,-0.086358,-0.000048,-0.000596,-0.000809,-0.000316,0.000088,-0.000415,0.015803,0.003324,-0.069326,0.000956,0.382513,False
2013-07-25,-0.072829,-0.086395,-0.000062,-0.000605,-0.000800,-0.000316,0.000085,-0.000412,0.015803,0.003325,-0.069378,-0.003451,-1.380265,False
2013-07-26,-0.069848,-0.086432,-0.000076,-0.000614,-0.000791,-0.000316,0.000081,-0.000409,0.015803,0.003326,-0.069429,-0.000419,-0.167546,False
2013-07-27,-0.070080,-0.086469,-0.000090,-0.000623,-0.000781,-0.000316,0.000077,-0.000406,0.015803,0.003326,-0.069479,-0.000601,-0.240559,False
2013-07-28,-0.069589,-0.086506,-0.000103,-0.000630,-0.000772,-0.000315,0.000074,-0.000403,0.015803,0.003327,-0.069527,-0.000062,-0.024933,False
2013-07-29,-0.070901,-0.086544,-0.000116,-0.000637,-0.000762,-0.000315,0.000070,-0.000400,0.015803,0.003327,-0.069573,-0.001328,-0.531095,False
2013-07-30,-0.068648,-0.086581,-0.000128,-0.000644,-0.000752,-0.000315,0.000067,-0.000397,0.015803,0.003328,-0.069618,0.000970,0.388128,False
2013-07-31,-0.067925,-0.086618,-0.000139,-0.000649,-0.000741,-0.000315,0.000063,-0.000394,0.015803,0.003329,-0.069662,0.001737,0.694711,False
2013-08-01,-0.068504,-0.086655,-0.000150,-0.000654,-0.000731,-0.000315,0.000060,-0.000391,0.015803,0.003329,-0.069704,0.001199,0.479633,False
2013-08-02,-0.069084,-0.086692,-0.000160,-0.000657,-0.000720,-0.000314,0.000056,-0.000388,0.015803,0.003330,-0.069744,0.000660,0.263870,False
2013-08-03,-0.070729,-0.086729,-0.000170,-0.000660,-0.000709,-0.000314,0.000052,-0.000386,0.015803,0.003330,-0.069782,-0.000947,-0.378796,False
2013-08-04,-0.070480,-0.086766,-0.000178,-0.000663,-0.000697,-0.000314,0.000049,-0.000383,0.015803,0.003331,-0.069819,-0.000661,-0.264584,False
2013-08-05,-0.070014,-0.086804,-0.000186,-0.000664,-0.000686,-0.000313,0.000045,-0.000380,0.015803,0.003332,-0.069853,-0.000161,-0.064310,False
2013-08-06,-0.069045,-0.086841,-0.000193,-0.000665,-0.000674,-0.000313,0.000042,-0.000377,0.015803,0.003332,-0.069886,0.000841,0.336413,False
2013-08-07,-0.070588,-0.086878,-0.000199,-0.000665,-0.000662,-0.000313,0.000038,-0.000374,0.015803,0.003333,-0.069917,-0.000671,-0.268428,False
2013-08-08,-0.070592,-0.086915,-0.000204,-0.000664,-0.000650,-0.000313,0.000034,-0.000371,0.015803,0.003333,-0.069946,-0.000646,-0.258442,False
2013-08-09,-0.069870,-0.086952,-0.000208,-0.000662,-0.000638,-0.000312,0.000031,-0.000368,0.015803,0.003334,-0.069973,0.000103,0.041163,False
2013-08-10,-0.071294,-0.086989,-0.000211,-0.000660,-0.000626,-0.000312,0.000027,-0.000365,0.015803,0.003334,-0.069998,-0.001296,-0.518418,False
2013-08-11,-0.068643,-0.087026,-0.000213,-0.000657,-0.000613,-0.000312,0.000024,-0.000362,0.015803,0.003335,-0.070021,0.001378,0.551211,False
2013-08-12,-0.069791,-0.087063,-0.000214,-0.000653,-0.000600,-0.000311,0.000020,-0.000359,0.015803,0.003335,-0.070042,0.000251,0.100450,False
2013-08-13,-0.070126,-0.087101,-0.000214,-0.000648,-0.000587,-0.000311,0.000017,-0.000356,0.015803,0.003336,-0.070061,-0.000065,-0.025901,False
2013-08-14,-0.071638,-0.087138,-0.000213,-0.000642,-0.000574,-0.000311,0.000013,-0.000353,0.015803,0.003337,-0.070078,-0.001560,-0.623836,False
2013-08-15,-0.071962,-0.087175,-0.000211,-0.000636,-0.000561,-0.000310,0.000009,-0.000350,0.015803,0.003337,-0.070094,-0.001868,-0.747351,False
2013-08-16,-0.071312,-0.087212,-0.000208,-0.000629,-0.000547,-0.000310,0.000006,-0.000348,0.015803,0.003338,-0.070107,-0.001205,-0.482036,False
2013-08-17,-0.072995,-0.087249,-0.000204,-0.000621,-0.000534,-0.000309,0.000002,-0.000345,0.015803,0.003338,-0.070118,-0.002877,-1.150681,False
2013-08-18,-0.070424,-0.087286,-0.000199,-0.000613,-0.000520,-0.000309,-0.000001,-0.000342,0.015803,0.003339,-0.070128,-0.000296,-0.118474,False
2013-08-19,-0.068104,-0.087323,-0.000193,-0.000603,-0.000506,-0.000309,-0.000005,-0.000339,0.015803,0.003339,-0.070136,0.002032,0.812601,False
2013-08-20,-0.069638,-0.087360,-0.000186,-0.000593,-0.000492,-0.000308,-0.000009,-0.000336,0.015803,0.003340,-0.070141,0.000503,0.201361,False
2013-08-21,-0.064982,-0.087398,-0.000178,-0.000583,-0.000477,-0.000308,-0.000012,-0.000333,0.015803,0.003340,-0.070146,0.005164,2.065426,False
2013-08-22,-0.070201,-0.087435,-0.000170,-0.000571,-0.000463,-0.000307,-0.000016,-0.000330,0.015803,0.003341,-0.070148,-0.000053,-0.021184,False
2013-08-23,-0.068418,-0.087472,-0.000161,-0.000559,-0.000448,-0.000307,-0.000019,-0.000327,0.015803,0.003341,-0.070149,0.001731,0.692355,False
2013-08-24,-0.069208,-0.087509,-0.000150,-0.000547,-0.000434,-0.000306,-0.000023,-0.000324,0.015803,0.003342,-0.070148,0.000940,0.376068,False
2013-08-25,-0.068176,-0.087546,-0.000140,-0.000533,-0.000419,-0.000306,-0.000026,-0.000321,0.015803,0.003343,-0.070146,0.001970,0.787982,False
2013-08-26,-0.069874,-0.087583,-0.000128,-0.000519,-0.000404,-0.000305,-0.000030,-0.000318,0.015803,0.003343,-0.070142,0.000268,0.107326,False
2013-08-27,-0.067902,-0.087620,-0.000116,-0.000505,-0.000389,-0.000305,-0.000034,-0.000315,0.015803,0.003344,-0.070137,0.002235,0.894129,False
2013-08-28,-0.068241,-0.087658,-0.000103,-0.000489,-0.000374,-0.000304,-0.000037,-0.000312,0.015803,0.003344,-0.070131,0.001890,0.756024,False
2013-08-29,-0.070666,-0.087695,-0.000090,-0.000474,-0.000359,-0.000304,-0.000041,-0.000309,0.015803,0.003345,-0.070124,-0.000542,-0.216957,False
2013-08-30,-0.069165,-0.087732,-0.000077,-0.000457,-0.000343,-0.000303,-0.000044,-0.000306,0.015803,0.003345,-0.070115,0.000950,0.380020,False
2013-08-31,-0.071606,-0.087769,-0.000063,-0.000440,-0.000328,-0.000303,-0.000048,-0.000303,0.015803,0.003346,-0.070105,-0.001501,-0.600209,False
2013-09-01,-0.071631,-0.087806,-0.000049,-0.000423,-0.000312,-0.000302,-0.000052,-0.000300,0.015803,0.003346,-0.070095,-0.001536,-0.614407,False
2013-09-02,-0.067300,-0.087843,-0.000034,-0.000405,-0.000296,-0.000302,-0.000055,-0.000297,0.015803,0.003347,-0.070084,0.002784,1.113461,False
2013-09-03,-0.069037,-0.087880,-0.000020,-0.000387,-0.000281,-0.000301,-0.000059,-0.000295,0.015803,0.003347,-0.070072,0.001035,0.413834,False
2013-09-04,-0.068075,-0.087917,-0.000005,-0.000368,-0.000265,-0.000301,-0.000062,-0.000292,0.015803,0.003348,-0.070059,0.001984,0.793550,False
2013-09-05,-0.067596,-0.087955,0.000010,-0.000348,-0.000249,-0.000300,-0.000066,-0.000289,0.015803,0.003348,-0.070046,0.002450,0.979847,False
2013-09-06,-0.069845,-0.087992,0.000025,-0.000329,-0.000233,-0.000300,-0.000069,-0.000286,0.015803,0.003349,-0.070032,0.000187,0.074765,False
2013-09-07,-0.068190,-0.088029,0.000039,-0.000309,-0.000217,-0.000299,-0.000073,-0.000283,0.015803,0.003349,-0.070018,0.001828,0.731143,False
2013-09-08,-0.068080,-0.088066,0.000054,-0.000288,-0.000201,-0.000298,-0.000077,-0.000280,0.015803,0.003350,-0.070004,0.001924,0.769420,False
2013-09-09,-0.067773,-0.088103,0.000068,-0.000267,-0.000184,-0.000298,-0.000080,-0.000277,0.015803,0.003350,-0.069989,0.002216,0.886434,False
2013-09-10,-0.070458,-0.088140,0.000081,-0.000246,-0.000168,-0.000297,-0.000084,-0.000274,0.015803,0.003350,-0.069975,-0.000483,-0.193376,False
2013-09-11,-0.069237,-0.088177,0.000095,-0.000225,-0.000152,-0.000297,-0.000087,-0.000271,0.015803,0.003351,-0.069960,0.000723,0.289228,False
2013-09-12,-0.069953,-0.088214,0.000108,-0.000203,-0.000136,-0.000296,-0.000091,-0.000268,0.015803,0.003351,-0.069946,-0.000007,-0.002916,False
2013-09-13,-0.070515,-0.088252,0.000120,-0.000181,-0.000119,-0.000295,-0.000094,-0.000265,0.015803,0.003352,-0.069932,-0.000583,-0.233371,False
2013-09-14,-0.070246,-0.088289,0.000132,-0.000159,-0.000103,-0.000295,-0.000098,-0.000262,0.015803,0.003352,-0.069918,-0.000328,-0.131302,False
2013-09-15,-0.069548,-0.088326,0.000143,-0.000137,-0.000086,-0.000294,-0.000102,-0.000259,0.015803,0.003353,-0.069904,0.000356,0.142526,False
2013-09-16,-0.071038,-0.088363,0.000154,-0.000114,-0.000070,-0.000293,-0.000105,-0.000256,0.015803,0.003353,-0.069891,-0.001147,-0.458653,False
2013-09-17,-0.068820,-0.088400,0.000164,-0.000092,-0.000053,-0.000293,-0.000109,-0.000253,0.015803,0.003354,-0.069879,0.001059,0.423594,False
2013-09-18,-0.070476,-0.088437,0.000173,-0.000069,-0.000037,-0.000292,-0.000112,-0.000250,0.015803,0.003354,-0.069867,-0.000609,-0.243501,False
2013-09-19,-0.067519,-0.088474,0.000181,-0.000046,-0.000020,-0.000291,-0.000116,-0.000247,0.015803,0.003355,-0.069856,0.002337,0.934890,False
2013-09-20,-0.069277,-0.088512,0.000189,-0.000023,-0.000004,-0.000290,-0.000119,-0.000244,0.015803,0.003355,-0.069846,0.000569,0.227597,False
2013-09-21,-0.068476,-0.088549,0.000195,-0.000000,0.000013,-0.000290,-0.000123,-0.000241,0.015803,0.003356,-0.069837,0.001361,0.544246,False
2013-09-22,-0.067717,-0.088586,0.000201,0.000022,0.000029,-0.000289,-0.000126,-0.000238,0.015803,0.003356,-0.069828,0.002111,0.844463,False
2013-09-23,-0.067325,-0.088623,0.000205,0.000045,0.000046,-0.000288,-0.000130,-0.000235,0.015803,0.003356,-0.069821,0.002496,0.998270,False
2013-09-24,-0.070332,-0.088660,0.000209,0.000068,0.000062,-0.000288,-0.000134,-0.000232,0.015803,0.003357,-0.069814,-0.000518,-0.207110,False
2013-09-25,-0.069150,-0.088697,0.000212,0.000091,0.000079,-0.000287,-0.000137,-0.000229,0.015803,0.003357,-0.069809,0.000659,0.263542,False
2013-09-26,-0.070809,-0.088734,0.000213,0.000113,0.000095,-0.000286,-0.000141,-0.000226,0.015803,0.003358,-0.069805,-0.001004,-0.401756,False
2013-09-27,-0.069952,-0.088771,0.000214,0.000136,0.000112,-0.000285,-0.000144,-0.000223,0.015803,0.003358,-0.069802,-0.000150,-0.060189,False
2013-09-28,-0.069433,-0.088809,0.000214,0.000158,0.000128,-0.000285,-0.000148,-0.000220,0.015803,0.003359,-0.069800,0.000367,0.146658,False
2013-09-29,-0.072330,-0.088846,0.000212,0.000180,0.000144,-0.000284,-0.000151,-0.000217,0.015803,0.003359,-0.069799,-0.002531,-1.012404,False
2013-09-30,-0.071238,-0.088883,0.000210,0.000202,0.000161,-0.000283,-0.000155,-0.000214,0.015803,0.003360,-0.069800,-0.001438,-0.575365,False
2013-10-01,-0.071280,-0.088920,0.000206,0.000224,0.000177,-0.000282,-0.000158,-0.000211,0.015803,0.003360,-0.069801,-0.001479,-0.591418,False
2013-10-02,-0.070811,-0.088957,0.000202,0.000245,0.000193,-0.000281,-0.000162,-0.000208,0.015803,0.003360,-0.069805,-0.001006,-0.402555,False
2013-10-03,-0.069100,-0.088994,0.000197,0.000267,0.000209,-0.000281,-0.000165,-0.000205,0.015803,0.003361,-0.069809,0.000709,0.283626,False
2013-10-04,-0.068103,-0.089031,0.000191,0.000287,0.000225,-0.000280,-0.000169,-0.000202,0.015803,0.003361,-0.069815,0.001712,0.684727,False
2013-10-05,-0.070080,-0.089068,0.000183,0.000308,0.000241,-0.000279,-0.000172,-0.000199,0.015803,0.003362,-0.069822,-0.000258,-0.103252,False
2013-10-06,-0.069944,-0.089106,0.000175,0.000328,0.000257,-0.000278,-0.000176,-0.000196,0.015803,0.003362,-0.069830,-0.000114,-0.045512,False
2013-10-07,-0.069308,-0.089143,0.000166,0.000348,0.000273,-0.000277,-0.000179,-0.000193,0.015803,0.003362,-0.069840,0.000532,0.212742,False
2013-10-08,-0.069670,-0.089180,0.000157,0.000367,0.000289,-0.000276,-0.000183,-0.000190,0.015803,0.003363,-0.069851,0.000181,0.072305,False
2013-10-09,-0.071049,-0.089217,0.000146,0.000386,0.000305,-0.000275,-0.000186,-0.000187,0.015803,0.003363,-0.069863,-0.001186,-0.474430,False
2013-10-10,-0.070460,-0.089254,0.000135,0.000404,0.000320,-0.000275,-0.000190,-0.000184,0.015803,0.003364,-0.069876,-0.000584,-0.233473,False
2013-10-11,-0.070536,-0.089291,0.000124,0.000422,0.000336,-0.000274,-0.000193,-0.000181,0.015803,0.003364,-0.069891,-0.000645,-0.258033,False
2013-10-12,-0.068453,-0.089328,0.000111,0.000440,0.000351,-0.000273,-0.000197,-0.000178,0.015803,0.003364,-0.069907,0.001454,0.581477,False
2013-10-13,-0.068206,-0.089366,0.000099,0.000457,0.000367,-0.000272,-0.000200,-0.000175,0.015803,0.003365,-0.069924,0.001718,0.687045,False
2013-10-14,-0.070865,-0.089403,0.000085,0.000473,0.000382,-0.000271,-0.000204,-0.000172,0.015803,0.003365,-0.069942,-0.000923,-0.369345,False
2013-10-15,-0.068977,-0.089440,0.000072,0.000489,0.000397,-0.000270,-0.000207,-0.000169,0.015803,0.003366,-0.069961,0.000984,0.393492,False
2013-10-16,-0.071308,-0.089477,0.000057,0.000504,0.000412,-0.000269,-0.000211,-0.000166,0.015803,0.003366,-0.069981,-0.001327,-0.530860,False
2013-10-17,-0.071321,-0.089514,0.000043,0.000519,0.000427,-0.000268,-0.000214,-0.000163,0.015803,0.003366,-0.070002,-0.001319,-0.527620,False
2013-10-18,-0.069058,-0.089551,0.000029,0.000533,0.000442,-0.000267,-0.000218,-0.000160,0.015803,0.003367,-0.070024,0.000966,0.386395,False
2013-10-19,-0.069437,-0.089588,0.000014,0.000546,0.000456,-0.000266,-0.000221,-0.000157,0.015803,0.003367,-0.070047,0.000610,0.243965,False
2013-10-20,-0.069819,-0.089625,-0.000001,0.000559,0.000471,-0.000265,-0.000225,-0.000154,0.015803,0.003368,-0.070071,0.000252,0.100670,False
2013-10-21,-0.069783,-0.089663,-0.000015,0.000571,0.000485,-0.000264,-0.000228,-0.000151,0.015803,0.003368,-0.070095,0.000312,0.124890,False
2013-10-22,-0.068992,-0.089700,-0.000030,0.000582,0.000499,-0.000263,-0.000232,-0.000148,0.015803,0.003368,-0.070121,0.001129,0.451406,False
2013-10-23,-0.069431,-0.089737,-0.000045,0.000593,0.000513,-0.000262,-0.000235,-0.000145,0.015803,0.003369,-0.070146,0.000715,0.286195,False
2013-10-24,-0.069320,-0.089774,-0.000059,0.000603,0.000527,-0.000261,-0.000239,-0.000142,0.015803,0.003369,-0.070173,0.000853,0.341238,False
2013-10-25,-0.070143,-0.089811,-0.000073,0.000612,0.000541,-0.000260,-0.000242,-0.000139,0.015803,0.003369,-0.070200,0.000057,0.022913,False
2013-10-26,-0.071040,-0.089848,-0.000087,0.000621,0.000555,-0.000259,-0.000246,-0.000136,0.015803,0.003370,-0.070228,-0.000812,-0.324799,False
2013-10-27,-0.071615,-0.089885,-0.000100,0.000629,0.000568,-0.000258,-0.000249,-0.000133,0.015803,0.003370,-0.070256,-0.001359,-0.543520,False
2013-10-28,-0.071339,-0.089922,-0.000113,0.000636,0.000581,-0.000257,-0.000253,-0.000130,0.015803,0.003371,-0.070285,-0.001054,-0.421668,False
2013-10-29,-0.072126,-0.089960,-0.000125,0.000642,0.000594,-0.000256,-0.000256,-0.000127,0.015803,0.003371,-0.070314,-0.001812,-0.724864,False
2013-10-30,-0.071142,-0.089997,-0.000136,0.000648,0.000607,-0.000255,-0.000259,-0.000124,0.015803,0.003371,-0.070343,-0.000799,-0.319526,False
2013-10-31,-0.071510,-0.090034,-0.000148,0.000652,0.000620,-0.000254,-0.000263,-0.000121,0.015803,0.003372,-0.070373,-0.001137,-0.454871,False
2013-11-01,-0.069566,-0.090071,-0.000158,0.000657,0.000632,-0.000253,-0.000266,-0.000118,0.015803,0.003372,-0.070403,0.000837,0.334682,False
2013-11-02,-0.070601,-0.090108,-0.000167,0.000660,0.000645,-0.000252,-0.000270,-0.000115,0.015803,0.003372,-0.070433,-0.000168,-0.067282,False
2013-11-03,-0.070265,-0.090145,-0.000176,0.000662,0.000657,-0.000251,-0.000273,-0.000112,0.015803,0.003373,-0.070463,0.000198,0.079222,False
2013-11-04,-0.071436,-0.090182,-0.000184,0.000664,0.000669,-0.000250,-0.000277,-0.000109,0.015803,0.003373,-0.070493,-0.000943,-0.377020,False
2013-11-05,-0.069917,-0.090220,-0.000191,0.000665,0.000681,-0.000249,-0.000280,-0.000106,0.015803,0.003373,-0.070524,0.000607,0.242779,False
2013-11-06,-0.072714,-0.090257,-0.000197,0.000665,0.000692,-0.000248,-0.000283,-0.000103,0.015803,0.003374,-0.070555,-0.002159,-0.863794,False
2013-11-07,-0.070584,-0.090294,-0.000203,0.000664,0.000703,-0.000247,-0.000287,-0.000100,0.015803,0.003374,-0.070585,0.000001,0.000453,False
2013-11-08,-0.070339,-0.090331,-0.000207,0.000663,0.000715,-0.000246,-0.000290,-0.000097,0.015803,0.003374,-0.070616,0.000277,0.110710,False
2013-11-09,-0.072610,-0.090368,-0.000210,0.000661,0.000726,-0.000244,-0.000294,-0.000094,0.015803,0.003375,-0.070646,-0.001964,-0.785430,False
2013-11-10,-0.071732,-0.090405,-0.000212,0.000658,0.000736,-0.000243,-0.000297,-0.000091,0.015803,0.003375,-0.070677,-0.001055,-0.421973,False
2013-11-11,-0.070348,-0.090442,-0.000214,0.000654,0.000747,-0.000242,-0.000300,-0.000088,0.015803,0.003375,-0.070708,0.000360,0.143875,False
2013-11-12,-0.071149,-0.090479,-0.000214,0.000649,0.000757,-0.000241,-0.000304,-0.000085,0.015803,0.003376,-0.070738,-0.000411,-0.164287,False
2013-11-13,-0.070728,-0.090517,-0.000213,0.000644,0.000767,-0.000240,-0.000307,-0.000082,0.015803,0.003376,-0.070769,0.000041,0.016339,False
2013-11-14,-0.071367,-0.090554,-0.000211,0.000638,0.000777,-0.000239,-0.000311,-0.000079,0.015803,0.003376,-0.070799,-0.000568,-0.227048,False
2013-11-15,-0.071335,-0.090591,-0.000209,0.000631,0.000787,-0.000238,-0.000314,-0.000076,0.015803,0.003377,-0.070830,-0.000505,-0.202045,False
2013-11-16,-0.071112,-0.090628,-0.000205,0.000623,0.000796,-0.000236,-0.000317,-0.000073,0.015803,0.003377,-0.070860,-0.000252,-0.100649,False
2013-11-17,-0.068930,-0.090665,-0.000200,0.000615,0.000805,-0.000235,-0.000321,-0.000070,0.015803,0.003377,-0.070891,0.001961,0.784343,False
2013-11-18,-0.069922,-0.090702,-0.000195,0.000606,0.000814,-0.000234,-0.000324,-0.000067,0.015803,0.003378,-0.070921,0.000999,0.399739,False
2013-11-19,-0.071796,-0.090739,-0.000188,0.000596,0.000823,-0.000233,-0.000327,-0.000064,0.015803,0.003378,-0.070952,-0.000844,-0.337655,False
2013-11-20,-0.073438,-0.090776,-0.000180,0.000585,0.000831,-0.000232,-0.000331,-0.000061,0.015803,0.003378,-0.070982,-0.002456,-0.982229,False
2013-11-21,-0.072969,-0.090814,-0.000172,0.000574,0.000839,-0.000231,-0.000334,-0.000058,0.015803,0.003379,-0.071013,-0.001956,-0.782374,False
2013-11-22,-0.071984,-0.090851,-0.000163,0.000562,0.000847,-0.000229,-0.000337,-0.000055,0.015803,0.003379,-0.071044,-0.000940,-0.376077,False
2013-11-23,-0.070932,-0.090888,-0.000153,0.000550,0.000855,-0.000228,-0.000341,-0.000052,0.015803,0.003379,-0.071075,0.000143,0.057073,False
2013-11-24,-0.069049,-0.090925,-0.000142,0.000537,0.000862,-0.000227,-0.000344,-0.000049,0.015803,0.003380,-0.071106,0.002057,0.822691,False
2013-11-25,-0.072093,-0.090962,-0.000131,0.000523,0.000869,-0.000226,-0.000347,-0.000046,0.015803,0.003380,-0.071137,-0.000956,-0.382409,False
2013-11-26,-0.073733,-0.090999,-0.000119,0.000508,0.000876,-0.000224,-0.000351,-0.000043,0.015803,0.003380,-0.071168,-0.002565,-1.025810,False
2013-11-27,-0.073304,-0.091036,-0.000107,0.000493,0.000883,-0.000223,-0.000354,-0.000040,0.015803,0.003381,-0.071200,-0.002104,-0.841497,False
2013-11-28,-0.073251,-0.091074,-0.000094,0.000478,0.000889,-0.000222,-0.000357,-0.000037,0.015803,0.003381,-0.071232,-0.002019,-0.807452,False
2013-11-29,-0.073079,-0.091111,-0.000080,0.000461,0.000895,-0.000221,-0.000361,-0.000034,0.015803,0.003381,-0.071265,-0.001814,-0.725657,False
2013-11-30,-0.072247,-0.091148,-0.000066,0.000445,0.000901,-0.000219,-0.000364,-0.000031,0.015803,0.003382,-0.071298,-0.000949,-0.379693,False
2013-12-01,-0.072501,-0.091185,-0.000052,0.000427,0.000907,-0.000218,-0.000367,-0.000028,0.015803,0.003382,-0.071331,-0.001170,-0.467942,False
2013-12-02,-0.071467,-0.091222,-0.000038,0.000410,0.000912,-0.000217,-0.000370,-0.000025,0.015803,0.003382,-0.071365,-0.000102,-0.040783,False
2013-12-03,-0.072106,-0.091259,-0.000023,0.000391,0.000917,-0.000216,-0.000374,-0.000021,0.015803,0.003382,-0.071400,-0.000706,-0.282599,False
2013-12-04,-0.067186,-0.091296,-0.000008,0.000373,0.000922,-0.000214,-0.000377,-0.000018,0.015803,0.003383,-0.071435,0.004249,1.699432,False
2013-12-05,-0.071878,-0.091333,0.000006,0.000353,0.000926,-0.000213,-0.000380,-0.000015,0.015803,0.003383,-0.071470,-0.000408,-0.163072,False
2013-12-06,-0.071424,-0.091371,0.000021,0.000334,0.000930,-0.000212,-0.000383,-0.000012,0.015803,0.003383,-0.071507,0.000083,0.033109,False
2013-12-07,-0.072261,-0.091408,0.000036,0.000314,0.000934,-0.000210,-0.000387,-0.000009,0.015803,0.003384,-0.071544,-0.000717,-0.286807,False
2013-12-08,-0.068952,-0.091445,0.000050,0.000293,0.000938,-0.000209,-0.000390,-0.000006,0.015803,0.003384,-0.071582,0.002630,1.052001,False
2013-12-09,-0.071616,-0.091482,0.000064,0.000273,0.000941,-0.000208,-0.000393,-0.000003,0.015803,0.003384,-0.071621,0.000005,0.001949,False
2013-12-10,-0.072186,-0.091519,0.000078,0.000252,0.000945,-0.000206,-0.000396,-0.000000,0.015803,0.003385,-0.071661,-0.000525,-0.210145,False
2013-12-11,-0.071009,-0.091556,0.000092,0.000230,0.000947,-0.000205,-0.000400,0.000003,0.015803,0.003385,-0.071701,0.000692,0.276936,False
2013-12-12,-0.070974,-0.091593,0.000105,0.000209,0.000950,-0.000204,-0.000403,0.000006,0.015803,0.003385,-0.071743,0.000769,0.307608,False
2013-12-13,-0.072350,-0.091630,0.000117,0.000187,0.000952,-0.000202,-0.000406,0.000009,0.015803,0.003385,-0.071786,-0.000564,-0.225715,False
2013-12-14,-0.069941,-0.091668,0.000129,0.000165,0.000954,-0.000201,-0.000409,0.000012,0.015803,0.003386,-0.071829,0.001888,0.755382,False
2013-12-15,-0.072296,-0.091705,0.000141,0.000142,0.000956,-0.000200,-0.000413,0.000015,0.015803,0.003386,-0.071874,-0.000422,-0.168690,False
2013-12-16,-0.073432,-0.091742,0.000151,0.000120,0.000957,-0.000198,-0.000416,0.000018,0.015803,0.003386,-0.071920,-0.001512,-0.604718,False
2013-12-17,-0.071293,-0.091779,0.000161,0.000097,0.000958,-0.000197,-0.000419,0.000021,0.015803,0.003386,-0.071967,0.000674,0.269707,False
2013-12-18,-0.071179,-0.091816,0.000171,0.000075,0.000959,-0.000196,-0.000422,0.000024,0.015803,0.003387,-0.072015,0.000836,0.334594,False
2013-12-19,-0.073217,-0.091853,0.000179,0.000052,0.000960,-0.000194,-0.000425,0.000027,0.015803,0.003387,-0.072065,-0.001152,-0.460851,False
2013-12-20,-0.072233,-0.091890,0.000187,0.000029,0.000960,-0.000193,-0.000428,0.000030,0.015803,0.003387,-0.072115,-0.000118,-0.047022,False
2013-12-21,-0.069616,-0.091928,0.000194,0.000006,0.000960,-0.000191,-0.000432,0.000033,0.015803,0.003388,-0.072167,0.002551,1.020485,False
2013-12-22,-0.071145,-0.091965,0.000199,-0.000017,0.000960,-0.000190,-0.000435,0.000036,0.015803,0.003388,-0.072220,0.001075,0.430070,False
2013-12-23,-0.069826,-0.092002,0.000204,-0.000040,0.000959,-0.000189,-0.000438,0.000039,0.015803,0.003388,-0.072274,0.002448,0.979336,False
2013-12-24,-0.073499,-0.092039,0.000208,-0.000062,0.000958,-0.000187,-0.000441,0.000042,0.015803,0.003388,-0.072330,-0.001169,-0.467721,False
2013-12-25,-0.071702,-0.092076,0.000211,-0.000085,0.000957,-0.000186,-0.000444,0.000045,0.015803,0.003389,-0.072386,0.000684,0.273696,False
2013-12-26,-0.073977,-0.092113,0.000213,-0.000108,0.000956,-0.000184,-0.000447,0.000048,0.015803,0.003389,-0.072444,-0.001533,-0.613218,False
2013-12-27,-0.072520,-0.092150,0.000214,-0.000130,0.000954,-0.000183,-0.000450,0.000051,0.015803,0.003389,-0.072503,-0.000017,-0.006870,False
2013-12-28,-0.074459,-0.092187,0.000214,-0.000153,0.000952,-0.000181,-0.000454,0.000054,0.015803,0.003389,-0.072563,-0.001896,-0.758470,False
2013-12-29,-0.073601,-0.092225,0.000213,-0.000175,0.000950,-0.000180,-0.000457,0.000057,0.015803,0.003390,-0.072624,-0.000977,-0.390828,False
2013-12-30,-0.074397,-0.092262,0.000210,-0.000197,0.000947,-0.000179,-0.000460,0.000060,0.015803,0.003390,-0.072686,-0.001711,-0.684358,False
2013-12-31,-0.071459,-0.092299,0.000207,-0.000219,0.000944,-0.000177,-0.000463,0.000063,0.015803,0.003390,-0.072749,0.001290,0.516126,False
2014-01-01,-0.072176,-0.092336,0.000203,-0.000240,0.000941,-0.000176,-0.000466,0.000066,0.015803,0.003390,-0.072814,0.000638,0.255006,False
2014-01-02,-0.072877,-0.092373,0.000198,-0.000261,0.000938,-0.000174,-0.000469,0.000069,0.015803,0.003391,-0.072879,0.000002,0.000666,False
2014-01-03,-0.071938,-0.092410,0.000192,-0.000282,0.000934,-0.000173,-0.000472,0.000072,0.015803,0.003391,-0.072945,0.001007,0.402884,False
2014-01-04,-0.070998,-0.092447,0.000185,-0.000303,0.000930,-0.000171,-0.000475,0.000075,0.015803,0.003391,-0.073012,0.002014,0.805439,False
2014-01-05,-0.070927,-0.092484,0.000177,-0.000323,0.000926,-0.000170,-0.000478,0.000078,0.015803,0.003391,-0.073079,0.002152,0.860907,False
2014-01-06,-0.073998,-0.092522,0.000169,-0.000343,0.000922,-0.000168,-0.000481,0.000081,0.015803,0.003392,-0.073148,-0.000850,-0.340135,False
2014-01-07,-0.073809,-0.092559,0.000159,-0.000362,0.000917,-0.000167,-0.000484,0.000084,0.015803,0.003392,-0.073217,-0.000592,-0.236916,False
2014-01-08,-0.073920,-0.092596,0.000149,-0.000381,0.000912,-0.000165,-0.000487,0.000087,0.015803,0.003392,-0.073286,-0.000634,-0.253461,False
2014-01-09,-0.073440,-0.092633,0.000138,-0.000400,0.000906,-0.000164,-0.000490,0.000090,0.015803,0.003392,-0.073356,-0.000084,-0.033401,False
2014-01-10,-0.072622,-0.092670,0.000127,-0.000418,0.000901,-0.000162,-0.000493,0.000093,0.015803,0.003393,-0.073427,0.000805,0.322034,False
2014-01-11,-0.072056,-0.092707,0.000114,-0.000435,0.000895,-0.000161,-0.000496,0.000096,0.015803,0.003393,-0.073498,0.001442,0.576815,False
2014-01-12,-0.072906,-0.092744,0.000102,-0.000452,0.000889,-0.000159,-0.000499,0.000099,0.015803,0.003393,-0.073569,0.000663,0.265307,False
2014-01-13,-0.073556,-0.092782,0.000089,-0.000469,0.000882,-0.000158,-0.000502,0.000102,0.015803,0.003393,-0.073641,0.000085,0.033879,False
2014-01-14,-0.072948,-0.092819,0.000075,-0.000485,0.000876,-0.000156,-0.000505,0.000105,0.015803,0.003394,-0.073712,0.000764,0.305698,False
2014-01-15,-0.073059,-0.092856,0.000061,-0.000500,0.000869,-0.000155,-0.000508,0.000108,0.015803,0.003394,-0.073784,0.000725,0.289928,False
2014-01-16,-0.073506,-0.092893,0.000047,-0.000515,0.000862,-0.000153,-0.000511,0.000111,0.015803,0.003394,-0.073855,0.000349,0.139735,False
2014-01-17,-0.073778,-0.092930,0.000032,-0.000529,0.000854,-0.000152,-0.000514,0.000114,0.015803,0.003394,-0.073927,0.000149,0.059485,False
2014-01-18,-0.074218,-0.092967,0.000018,-0.000543,0.000847,-0.000150,-0.000517,0.000117,0.015803,0.003395,-0.073998,-0.000220,-0.088058,False
2014-01-19,-0.076461,-0.093004,0.000003,-0.000556,0.000839,-0.000149,-0.000520,0.000120,0.015803,0.003395,-0.074069,-0.002392,-0.956929,False
2014-01-20,-0.075576,-0.093041,-0.000012,-0.000568,0.000831,-0.000147,-0.000523,0.000123,0.015803,0.003395,-0.074139,-0.001437,-0.574762,False
2014-01-21,-0.074641,-0.093079,-0.000026,-0.000579,0.000822,-0.000145,-0.000526,0.000127,0.015803,0.003395,-0.074209,-0.000432,-0.172793,False
2014-01-22,-0.074409,-0.093116,-0.000041,-0.000590,0.000814,-0.000144,-0.000529,0.000130,0.015803,0.003395,-0.074278,-0.000131,-0.052255,False
2014-01-23,-0.073983,-0.093153,-0.000055,-0.000601,0.000805,-0.000142,-0.000532,0.000133,0.015803,0.003396,-0.074347,0.000364,0.145617,False
2014-01-24,-0.074595,-0.093190,-0.000069,-0.000610,0.000796,-0.000141,-0.000535,0.000136,0.015803,0.003396,-0.074415,-0.000180,-0.072009,False
2014-01-25,-0.072737,-0.093227,-0.000083,-0.000619,0.000786,-0.000139,-0.000538,0.000139,0.015803,0.003396,-0.074482,0.001745,0.698034,False
2014-01-26,-0.075631,-0.093264,-0.000097,-0.000627,0.000777,-0.000138,-0.000541,0.000142,0.015803,0.003396,-0.074548,-0.001083,-0.433085,False
2014-01-27,-0.074980,-0.093301,-0.000109,-0.000634,0.000767,-0.000136,-0.000543,0.000145,0.015803,0.003397,-0.074614,-0.000366,-0.146596,False
2014-01-28,-0.075381,-0.093338,-0.000122,-0.000641,0.000757,-0.000134,-0.000546,0.000148,0.015803,0.003397,-0.074678,-0.000703,-0.281329,False
2014-01-29,-0.075576,-0.093376,-0.000134,-0.000646,0.000746,-0.000133,-0.000549,0.000151,0.015803,0.003397,-0.074741,-0.000835,-0.334111,False
2014-01-30,-0.076403,-0.093413,-0.000145,-0.000651,0.000736,-0.000131,-0.000552,0.000154,0.015803,0.003397,-0.074803,-0.001600,-0.640169,False
2014-01-31,-0.076345,-0.093450,-0.000155,-0.000656,0.000725,-0.000130,-0.000555,0.000157,0.015803,0.003397,-0.074863,-0.001482,-0.592727,False
2014-02-01,-0.076344,-0.093487,-0.000165,-0.000659,0.000714,-0.000128,-0.000558,0.000160,0.015803,0.003398,-0.074922,-0.001421,-0.568562,False
2014-02-02,-0.076343,-0.093524,-0.000174,-0.000662,0.000703,-0.000126,-0.000561,0.000163,0.015803,0.003398,-0.074980,-0.001362,-0.544943,False
2014-02-03,-0.076342,-0.093561,-0.000182,-0.000664,0.000692,-0.000125,-0.000563,0.000166,0.015803,0.003398,-0.075037,-0.001305,-0.521888,False
2014-02-04,-0.076341,-0.093598,-0.000189,-0.000665,0.000680,-0.000123,-0.000566,0.000169,0.015803,0.003398,-0.075092,-0.001249,-0.499416,False
2014-02-05,-0.076339,-0.093636,-0.000196,-0.000665,0.000668,-0.000122,-0.000569,0.000172,0.015803,0.003399,-0.075146,-0.001194,-0.477541,False
2014-02-06,-0.076338,-0.093673,-0.000201,-0.000665,0.000656,-0.000120,-0.000572,0.000175,0.015803,0.003399,-0.075198,-0.001141,-0.456278,False
2014-02-07,-0.076337,-0.093710,-0.000206,-0.000663,0.000644,-0.000118,-0.000575,0.000178,0.015803,0.003399,-0.075248,-0.001089,-0.435638,False
2014-02-08,-0.076337,-0.093747,-0.000209,-0.000661,0.000632,-0.000117,-0.000577,0.000181,0.015803,0.003399,-0.075297,-0.001040,-0.416076,False
2014-02-09,-0.076337,-0.093784,-0.000212,-0.000658,0.000619,-0.000115,-0.000580,0.000184,0.015803,0.003399,-0.075344,-0.000993,-0.397154,False
2014-02-10,-0.076337,-0.093821,-0.000213,-0.000655,0.000607,-0.000113,-0.000583,0.000187,0.015803,0.003400,-0.075390,-0.000947,-0.378876,False
2014-02-11,-0.076337,-0.093858,-0.000214,-0.000650,0.000594,-0.000112,-0.000586,0.000190,0.015803,0.003400,-0.075434,-0.000903,-0.361246,False
2014-02-12,-0.076337,-0.093895,-0.000213,-0.000645,0.000581,-0.000110,-0.000588,0.000193,0.015803,0.003400,-0.075477,-0.000861,-0.344263,False
2014-02-13,-0.076337,-0.093933,-0.000212,-0.000639,0.000567,-0.000109,-0.000591,0.000196,0.015803,0.003400,-0.075517,-0.000820,-0.327927,False
2014-02-14,-0.076337,-0.093970,-0.000209,-0.000633,0.000554,-0.000107,-0.000594,0.000199,0.015803,0.003400,-0.075557,-0.000781,-0.312232,False
2014-02-15,,-0.094007,-0.000206,-0.000625,0.000540,-0.000105,-0.000597,0.000202,0.015803,0.003401,-0.075594,,,False
2014-02-16,,-0.094044,-0.000201,-0.000617,0.000527,-0.000104,-0.000599,0.000205,0.015803,0.003401,-0.075630,,,False
2014-02-17,,-0.094081,-0.000196,-0.000608,0.000513,-0.000102,-0.000602,0.000208,0.015803,0.003401,-0.075665,,,False
2014-02-18,,-0.094118,-0.000190,-0.000598,0.000499,-0.000100,-0.000605,0.000211,0.015803,0.003401,-0.075698,,,False
2014-02-19,,-0.094155,-0.000182,-0.000588,0.000485,-0.000099,-0.000607,0.000214,0.015803,0.003401,-0.075729,,,False
2014-02-20,,-0.094192,-0.000174,-0.000577,0.000470,-0.000097,-0.000610,0.000217,0.015803,0.003402,-0.075760,,,False
2014-02-21,,-0.094230,-0.000165,-0.000565,0.000456,-0.000095,-0.000613,0.000220,0.015803,0.003402,-0.075788,,,False
2014-02-22,,-0.094267,-0.000156,-0.000553,0.000441,-0.000094,-0.000615,0.000223,0.015803,0.003402,-0.075816,,,False
2014-02-23,,-0.094304,-0.000145,-0.000540,0.000426,-0.000092,-0.000618,0.000226,0.015803,0.003402,-0.075842,,,False
2014-02-24,,-0.094341,-0.000134,-0.000526,0.000412,-0.000090,-0.000621,0.000228,0.015803,0.003402,-0.075867,,,False
2014-02-25,,-0.094378,-0.000122,-0.000512,0.000397,-0.000089,-0.000623,0.000231,0.015803,0.003402,-0.075891,,,False
2014-02-26,,-0.094415,-0.000110,-0.000497,0.000381,-0.000087,-0.000626,0.000234,0.015803,0.003403,-0.075913,,,False
2014-02-27,,-0.094452,-0.000097,-0.000482,0.000366,-0.000085,-0.000629,0.000237,0.015803,0.003403,-0.075935,,,False
2014-02-28,,-0.094490,-0.000084,-0.000465,0.000351,-0.000083,-0.000631,0.000240,0.015803,0.003403,-0.075956,,,False
2014-03-01,,-0.094527,-0.000070,-0.000449,0.000335,-0.000082,-0.000634,0.000243,0.015803,0.003403,-0.075976,,,False
2014-03-02,,-0.094564,-0.000056,-0.000432,0.000320,-0.000080,-0.000636,0.000246,0.015803,0.003403,-0.075995,,,False
2014-03-03,,-0.094601,-0.000041,-0.000414,0.000304,-0.000078,-0.000639,0.000249,0.015803,0.003404,-0.076013,,,False
2014-03-04,,-0.094638,-0.000027,-0.000396,0.000289,-0.000077,-0.000641,0.000252,0.015803,0.003404,-0.076031,,,False
2014-03-05,,-0.094675,-0.000012,-0.000377,0.000273,-0.000075,-0.000644,0.000255,0.015803,0.003404,-0.076049,,,False
2014-03-06,,-0.094712,0.000003,-0.000358,0.000257,-0.000073,-0.000646,0.000258,0.015803,0.003404,-0.076065,,,False
2014-03-07,,-0.094749,0.000017,-0.000339,0.000241,-0.000072,-0.000649,0.000261,0.015803,0.003404,-0.076082,,,False
2014-03-08,,-0.094787,0.000032,-0.000319,0.000225,-0.000070,-0.000652,0.000264,0.015803,0.003404,-0.076098,,,False
2014-03-09,,-0.094824,0.000046,-0.000299,0.000209,-0.000068,-0.000654,0.000267,0.015803,0.003405,-0.076114,,,False
2014-03-10,,-0.094861,0.000061,-0.000278,0.000193,-0.000066,-0.000657,0.000270,0.015803,0.003405,-0.076130,,,False
2014-03-11,,-0.094898,0.000075,-0.000257,0.000176,-0.000065,-0.000659,0.000273,0.015803,0.003405,-0.076147,,,False
2014-03-12,,-0.094935,0.000088,-0.000236,0.000160,-0.000063,-0.000661,0.000276,0.015803,0.003405,-0.076163,,,False
2014-03-13,,-0.094972,0.000101,-0.000214,0.000144,-0.000061,-0.000664,0.000279,0.015803,0.003405,-0.076179,,,False
2014-03-14,,-0.095009,0.000114,-0.000192,0.000127,-0.000060,-0.000666,0.000282,0.015803,0.003406,-0.076196,,,False
2014-03-15,,-0.095046,0.000126,-0.000170,0.000111,-0.000058,-0.000669,0.000285,0.015803,0.003406,-0.076212,,,False
2014-03-16,,-0.095084,0.000138,-0.000148,0.000095,-0.000056,-0.000671,0.000288,0.015803,0.003406,-0.076230,,,False
2014-03-17,,-0.095121,0.000149,-0.000126,0.000078,-0.000054,-0.000674,0.000291,0.015803,0.003406,-0.076248,,,False
2014-03-18,,-0.095158,0.000159,-0.000103,0.000062,-0.000053,-0.000676,0.000294,0.015803,0.003406,-0.076266,,,False
2014-03-19,,-0.095195,0.000169,-0.000080,0.000045,-0.000051,-0.000679,0.000297,0.015803,0.003406,-0.076285,,,False
2014-03-20,,-0.095232,0.000177,-0.000058,0.000029,-0.000049,-0.000681,0.000300,0.015803,0.003407,-0.076305,,,False
2014-03-21,,-0.095269,0.000185,-0.000035,0.000012,-0.000047,-0.000683,0.000303,0.015803,0.003407,-0.076325,,,False
2014-03-22,,-0.095306,0.000192,-0.000012,-0.000004,-0.000046,-0.000686,0.000306,0.015803,0.003407,-0.076347,,,False
2014-03-23,,-0.095344,0.000198,0.000011,-0.000021,-0.000044,-0.000688,0.000309,0.015803,0.003407,-0.076369,,,False
2014-03-24,,-0.095381,0.000203,0.000034,-0.000037,-0.000042,-0.000690,0.000312,0.015803,0.003407,-0.076392,,,False
2014-03-25,,-0.095418,0.000207,0.000057,-0.000054,-0.000041,-0.000693,0.000315,0.015803,0.003407,-0.076416,,,False
2014-03-26,,-0.095455,0.000210,0.000079,-0.000070,-0.000039,-0.000695,0.000318,0.015803,0.003408,-0.076441,,,False
2014-03-27,,-0.095492,0.000213,0.000102,-0.000087,-0.000037,-0.000697,0.000320,0.015803,0.003408,-0.076468,,,False
2014-03-28,,-0.095529,0.000214,0.000125,-0.000103,-0.000035,-0.000700,0.000323,0.015803,0.003408,-0.076495,,,False
2014-03-29,,-0.095566,0.000214,0.000147,-0.000120,-0.000034,-0.000702,0.000326,0.015803,0.003408,-0.076523,,,False
2014-03-30,,-0.095603,0.000213,0.000169,-0.000136,-0.000032,-0.000704,0.000329,0.015803,0.003408,-0.076553,,,False
2014-03-31,,-0.095641,0.000211,0.000191,-0.000153,-0.000030,-0.000707,0.000332,0.015803,0.003408,-0.076584,,,False
2014-04-01,,-0.095678,0.000208,0.000213,-0.000169,-0.000028,-0.000709,0.000335,0.015803,0.003408,-0.076616,,,False
2014-04-02,,-0.095715,0.000204,0.000235,-0.000185,-0.000027,-0.000711,0.000338,0.015803,0.003409,-0.076649,,,False
2014-04-03,,-0.095752,0.000200,0.000256,-0.000201,-0.000025,-0.000713,0.000341,0.015803,0.003409,-0.076683,,,False
2014-04-04,-0.076267,-0.095789,0.000194,0.000277,-0.000217,-0.000023,-0.000715,0.000344,0.015803,0.003409,-0.076718,0.000451,0.180593,False
2014-04-05,-0.076267,-0.095826,0.000187,0.000298,-0.000233,-0.000021,-0.000718,0.000347,0.015803,0.003409,-0.076755,0.000488,0.195247,False
2014-04-06,-0.076267,-0.095863,0.000179,0.000318,-0.000249,-0.000020,-0.000720,0.000350,0.015803,0.003409,-0.076793,0.000526,0.210366,False
2014-04-07,-0.076267,-0.095900,0.000171,0.000338,-0.000265,-0.000018,-0.000722,0.000353,0.015803,0.003409,-0.076832,0.000565,0.225943,False
2014-04-08,-0.076267,-0.095938,0.000162,0.000357,-0.000281,-0.000016,-0.000724,0.000356,0.015803,0.003410,-0.076872,0.000605,0.241968,False
2014-04-09,-0.076267,-0.095975,0.000152,0.000376,-0.000297,-0.000014,-0.000726,0.000359,0.015803,0.003410,-0.076913,0.000646,0.258433,False
2014-04-10,-0.076267,-0.096012,0.000141,0.000395,-0.000313,-0.000013,-0.000729,0.000362,0.015803,0.003410,-0.076955,0.000688,0.275325,False
2014-04-11,-0.076267,-0.096049,0.000130,0.000413,-0.000328,-0.000011,-0.000731,0.000365,0.015803,0.003410,-0.076999,0.000732,0.292631,False
2014-04-12,-0.077034,-0.096086,0.000118,0.000431,-0.000344,-0.000009,-0.000733,0.000367,0.015803,0.003410,-0.077043,0.000009,0.003535,False
2014-04-13,-0.077882,-0.096123,0.000105,0.000448,-0.000359,-0.000007,-0.000735,0.000370,0.015803,0.003410,-0.077088,-0.000794,-0.317577,False
2014-04-14,-0.075948,-0.096160,0.000092,0.000465,-0.000374,-0.000006,-0.000737,0.000373,0.015803,0.003410,-0.077134,0.001186,0.474476,False
2014-04-15,-0.075368,-0.096198,0.000078,0.000481,-0.000390,-0.000004,-0.000739,0.000376,0.015803,0.003411,-0.077181,0.001813,0.725276,False
2014-04-16,-0.076226,-0.096235,0.000065,0.000496,-0.000405,-0.000002,-0.000741,0.000379,0.015803,0.003411,-0.077229,0.001003,0.401202,False
2014-04-17,-0.073125,-0.096272,0.000050,0.000511,-0.000419,-0.000000,-0.000743,0.000382,0.015803,0.003411,-0.077278,0.004153,1.661035,False
2014-04-18,-0.074708,-0.096309,0.000036,0.000526,-0.000434,0.000001,-0.000746,0.000385,0.015803,0.003411,-0.077327,0.002619,1.047552,False
2014-04-19,-0.076460,-0.096346,0.000021,0.000539,-0.000449,0.000003,-0.000748,0.000388,0.015803,0.003411,-0.077377,0.000917,0.366731,False
2014-04-20,-0.076946,-0.096383,0.000007,0.000552,-0.000464,0.000005,-0.000750,0.000391,0.015803,0.003411,-0.077427,0.000481,0.192550,False
2014-04-21,-0.074653,-0.096420,-0.000008,0.000565,-0.000478,0.000007,-0.000752,0.000394,0.015803,0.003411,-0.077478,0.002825,1.130185,False
2014-04-22,-0.077024,-0.096457,-0.000023,0.000577,-0.000492,0.000008,-0.000754,0.000397,0.015803,0.003412,-0.077530,0.000506,0.202412,False
2014-04-23,-0.079531,-0.096495,-0.000037,0.000588,-0.000506,0.000010,-0.000756,0.000400,0.015803,0.003412,-0.077582,-0.001949,-0.779592,False
2014-04-24,-0.075190,-0.096532,-0.000052,0.000598,-0.000520,0.000012,-0.000758,0.000402,0.015803,0.003412,-0.077634,0.002444,0.977747,False
2014-04-25,-0.076249,-0.096569,-0.000066,0.000608,-0.000534,0.000014,-0.000760,0.000405,0.015803,0.003412,-0.077687,0.001438,0.575207,False
2014-04-26,-0.076681,-0.096606,-0.000080,0.000617,-0.000548,0.000015,-0.000762,0.000408,0.015803,0.003412,-0.077740,0.001059,0.423563,False
2014-04-27,-0.077050,-0.096643,-0.000093,0.000625,-0.000561,0.000017,-0.000764,0.000411,0.015803,0.003412,-0.077793,0.000743,0.297192,False
2014-04-28,-0.077592,-0.096680,-0.000106,0.000632,-0.000575,0.000019,-0.000766,0.000414,0.015803,0.003412,-0.077846,0.000254,0.101671,False
2014-04-29,-0.076508,-0.096717,-0.000119,0.000639,-0.000588,0.000021,-0.000768,0.000417,0.015803,0.003412,-0.077899,0.001391,0.556576,False
2014-04-30,-0.078972,-0.096754,-0.000131,0.000645,-0.000601,0.000022,-0.000769,0.000420,0.015803,0.003413,-0.077953,-0.001019,-0.407714,False
2014-05-01,-0.078078,-0.096792,-0.000142,0.000650,-0.000613,0.000024,-0.000771,0.000423,0.015803,0.003413,-0.078006,-0.000072,-0.028821,False
2014-05-02,-0.077780,-0.096829,-0.000153,0.000655,-0.000626,0.000026,-0.000773,0.000426,0.015803,0.003413,-0.078059,0.000279,0.111634,False
2014-05-03,-0.079666,-0.096866,-0.000163,0.000658,-0.000639,0.000028,-0.000775,0.000428,0.015803,0.003413,-0.078112,-0.001554,-0.621567,False
2014-05-04,-0.077900,-0.096903,-0.000172,0.000661,-0.000651,0.000029,-0.000777,0.000431,0.015803,0.003413,-0.078165,0.000265,0.105957,False
2014-05-05,-0.076157,-0.096940,-0.000180,0.000663,-0.000663,0.000031,-0.000779,0.000434,0.015803,0.003413,-0.078217,0.002060,0.824187,False
2014-05-06,-0.078150,-0.096977,-0.000188,0.000664,-0.000675,0.000033,-0.000781,0.000437,0.015803,0.003413,-0.078270,0.000120,0.047908,False
2014-05-07,-0.077453,-0.097014,-0.000194,0.000665,-0.000686,0.000035,-0.000783,0.000440,0.015803,0.003413,-0.078322,0.000869,0.347505,False
2014-05-08,-0.078624,-0.097052,-0.000200,0.000665,-0.000698,0.000036,-0.000785,0.000443,0.015803,0.003414,-0.078373,-0.000251,-0.100235,False
2014-05-09,-0.075981,-0.097089,-0.000205,0.000664,-0.000709,0.000038,-0.000786,0.000446,0.015803,0.003414,-0.078425,0.002444,0.977474,False
2014-05-10,-0.077707,-0.097126,-0.000209,0.000662,-0.000720,0.000040,-0.000788,0.000449,0.015803,0.003414,-0.078476,0.000769,0.307422,False
2014-05-11,-0.077433,-0.097163,-0.000211,0.000659,-0.000731,0.000042,-0.000790,0.000451,0.015803,0.003414,-0.078526,0.001093,0.437199,False
2014-05-12,-0.076532,-0.097200,-0.000213,0.000656,-0.000742,0.000043,-0.000792,0.000454,0.015803,0.003414,-0.078576,0.002044,0.817599,False
2014-05-13,-0.076313,-0.097237,-0.000214,0.000652,-0.000752,0.000045,-0.000794,0.000457,0.015803,0.003414,-0.078626,0.002313,0.925014,False
2014-05-14,-0.077307,-0.097274,-0.000214,0.000647,-0.000762,0.000047,-0.000795,0.000460,0.015803,0.003414,-0.078675,0.001368,0.547041,False
2014-05-15,-0.076225,-0.097311,-0.000212,0.000641,-0.000772,0.000049,-0.000797,0.000463,0.015803,0.003414,-0.078723,0.002498,0.999275,False
2014-05-16,-0.076590,-0.097349,-0.000210,0.000634,-0.000782,0.000050,-0.000799,0.000466,0.015803,0.003415,-0.078771,0.002181,0.872515,False
2014-05-17,-0.073355,-0.097386,-0.000207,0.000627,-0.000791,0.000052,-0.000800,0.000469,0.015803,0.003415,-0.078819,0.005464,2.185562,False
2014-05-18,-0.075887,-0.097423,-0.000203,0.000619,-0.000800,0.000054,-0.000802,0.000472,0.015803,0.003415,-0.078866,0.002979,1.191617,False
2014-05-19,-0.077188,-0.097460,-0.000197,0.000610,-0.000809,0.000055,-0.000804,0.000474,0.015803,0.003415,-0.078913,0.001725,0.689884,False
2014-05-20,-0.079237,-0.097497,-0.000191,0.000601,-0.000818,0.000057,-0.000806,0.000477,0.015803,0.003415,-0.078959,-0.000278,-0.111234,False
2014-05-21,-0.075658,-0.097534,-0.000184,0.000591,-0.000827,0.000059,-0.000807,0.000480,0.015803,0.003415,-0.079005,0.003347,1.338670,False
2014-05-22,-0.079259,-0.097571,-0.000176,0.000580,-0.000835,0.000061,-0.000809,0.000483,0.015803,0.003415,-0.079050,-0.000209,-0.083596,False
2014-05-23,-0.076515,-0.097608,-0.000168,0.000568,-0.000843,0.000062,-0.000811,0.000486,0.015803,0.003415,-0.079095,0.002580,1.031976,False
2014-05-24,-0.078973,-0.097646,-0.000158,0.000556,-0.000851,0.000064,-0.000812,0.000489,0.015803,0.003416,-0.079139,0.000166,0.066596,False
2014-05-25,-0.077463,-0.097683,-0.000148,0.000543,-0.000858,0.000066,-0.000814,0.000491,0.015803,0.003416,-0.079184,0.001721,0.688277,False
2014-05-26,-0.076746,-0.097720,-0.000137,0.000530,-0.000866,0.000068,-0.000815,0.000494,0.015803,0.003416,-0.079228,0.002482,0.992630,False
2014-05-27,-0.077408,-0.097757,-0.000125,0.000516,-0.000873,0.000069,-0.000817,0.000497,0.015803,0.003416,-0.079271,0.001863,0.745270,False
2014-05-28,-0.080017,-0.097794,-0.000113,0.000501,-0.000879,0.000071,-0.000819,0.000500,0.015803,0.003416,-0.079315,-0.000702,-0.280990,False
2014-05-29,-0.079352,-0.097831,-0.000100,0.000485,-0.000886,0.000073,-0.000820,0.000503,0.015803,0.003416,-0.079358,0.000006,0.002266,False
2014-05-30,-0.080026,-0.097868,-0.000087,0.000470,-0.000892,0.000074,-0.000822,0.000506,0.015803,0.003416,-0.079401,-0.000625,-0.250146,False
2014-05-31,-0.079267,-0.097906,-0.000073,0.000453,-0.000898,0.000076,-0.000823,0.000508,0.015803,0.003416,-0.079443,0.000176,0.070591,False
2014-06-01,-0.078111,-0.097943,-0.000059,0.000436,-0.000904,0.000078,-0.000825,0.000511,0.015803,0.003416,-0.079486,0.001375,0.550095,False
2014-06-02,-0.078405,-0.097980,-0.000045,0.000419,-0.000909,0.000079,-0.000826,0.000514,0.015803,0.003417,-0.079529,0.001124,0.449583,False
2014-06-03,-0.076691,-0.098017,-0.000030,0.000400,-0.000914,0.000081,-0.000828,0.000517,0.015803,0.003417,-0.079572,0.002881,1.152273,False
2014-06-04,-0.078490,-0.098054,-0.000016,0.000382,-0.000919,0.000083,-0.000829,0.000520,0.015803,0.003417,-0.079614,0.001124,0.449784,False
2014-06-05,-0.080289,-0.098091,-0.000001,0.000363,-0.000924,0.000085,-0.000831,0.000523,0.015803,0.003417,-0.079657,-0.000632,-0.252666,False
2014-06-06,-0.078054,-0.098128,0.000014,0.000344,-0.000928,0.000086,-0.000832,0.000525,0.015803,0.003417,-0.079700,0.001646,0.658542,False
2014-06-07,-0.082490,-0.098165,0.000028,0.000324,-0.000932,0.000088,-0.000834,0.000528,0.015803,0.003417,-0.079744,-0.002746,-1.098575,False
2014-06-08,-0.075012,-0.098203,0.000043,0.000304,-0.000936,0.000090,-0.000835,0.000531,0.015803,0.003417,-0.079787,0.004775,1.910002,False
2014-06-09,-0.079804,-0.098240,0.000057,0.000283,-0.000940,0.000091,-0.000837,0.000534,0.015803,0.003417,-0.079831,0.000027,0.010690,False
2014-06-10,-0.079100,-0.098277,0.000071,0.000262,-0.000943,0.000093,-0.000838,0.000537,0.015803,0.003417,-0.079875,0.000775,0.309906,False
2014-06-11,-0.079042,-0.098314,0.000085,0.000241,-0.000946,0.000095,-0.000840,0.000539,0.015803,0.003417,-0.079919,0.000877,0.350867,False
2014-06-12,-0.080415,-0.098351,0.000098,0.000220,-0.000949,0.000096,-0.000841,0.000542,0.015803,0.003418,-0.079964,-0.000451,-0.180412,False
2014-06-13,-0.078123,-0.098388,0.000111,0.000198,-0.000951,0.000098,-0.000842,0.000545,0.015803,0.003418,-0.080009,0.001886,0.754484,False
2014-06-14,-0.080375,-0.098425,0.000123,0.000176,-0.000953,0.000100,-0.000844,0.000548,0.015803,0.003418,-0.080055,-0.000320,-0.128032,False
2014-06-15,-0.080474,-0.098462,0.000135,0.000154,-0.000955,0.000101,-0.000845,0.000551,0.015803,0.003418,-0.080101,-0.000373,-0.149146,False
2014-06-16,-0.081061,-0.098500,0.000146,0.000131,-0.000957,0.000103,-0.000846,0.000553,0.015803,0.003418,-0.080148,-0.000913,-0.365247,False
2014-06-17,-0.080430,-0.098537,0.000157,0.000109,-0.000958,0.000105,-0.000848,0.000556,0.015803,0.003418,-0.080195,-0.000235,-0.093925,False
2014-06-18,-0.080854,-0.098574,0.000166,0.000086,-0.000959,0.000106,-0.000849,0.000559,0.015803,0.003418,-0.080243,-0.000611,-0.244371,False
2014-06-19,-0.082951,-0.098611,0.000175,0.000063,-0.000960,0.000108,-0.000850,0.000562,0.015803,0.003418,-0.080292,-0.002659,-1.063777,False
2014-06-20,-0.083184,-0.098648,0.000183,0.000041,-0.000960,0.000110,-0.000852,0.000565,0.015803,0.003418,-0.080341,-0.002843,-1.137338,False
2014-06-21,-0.080587,-0.098685,0.000190,0.000018,-0.000960,0.000111,-0.000853,0.000567,0.015803,0.003419,-0.080390,-0.000197,-0.078649,False
2014-06-22,-0.079691,-0.098722,0.000197,-0.000005,-0.000960,0.000113,-0.000854,0.000570,0.015803,0.003419,-0.080441,0.000750,0.299893,False
2014-06-23,-0.082803,-0.098760,0.000202,-0.000028,-0.000960,0.000114,-0.000855,0.000573,0.015803,0.003419,-0.080492,-0.002311,-0.924511,False
2014-06-24,-0.084766,-0.098797,0.000206,-0.000051,-0.000959,0.000116,-0.000857,0.000576,0.015803,0.003419,-0.080543,-0.004223,-1.689063,False
2014-06-25,-0.080841,-0.098834,0.000210,-0.000074,-0.000958,0.000118,-0.000858,0.000578,0.015803,0.003419,-0.080596,-0.000245,-0.098163,False
2014-06-26,-0.079600,-0.098871,0.000212,-0.000096,-0.000957,0.000119,-0.000859,0.000581,0.015803,0.003419,-0.080648,0.001048,0.419383,False
2014-06-27,-0.082730,-0.098908,0.000214,-0.000119,-0.000955,0.000121,-0.000860,0.000584,0.015803,0.003419,-0.080702,-0.002028,-0.811231,False
2014-06-28,-0.082356,-0.098945,0.000214,-0.000142,-0.000953,0.000123,-0.000862,0.000587,0.015803,0.003419,-0.080756,-0.001600,-0.640013,False
2014-06-29,-0.081982,-0.098982,0.000213,-0.000164,-0.000951,0.000124,-0.000863,0.000589,0.015803,0.003419,-0.080811,-0.001171,-0.468571,False
2014-06-30,-0.081608,-0.099019,0.000212,-0.000186,-0.000949,0.000126,-0.000864,0.000592,0.015803,0.003419,-0.080866,-0.000742,-0.296918,False
2014-07-01,-0.081234,-0.099057,0.000209,-0.000208,-0.000946,0.000127,-0.000865,0.000595,0.015803,0.003419,-0.080921,-0.000313,-0.125066,False
2014-07-02,-0.080566,-0.099094,0.000205,-0.000229,-0.000943,0.000129,-0.000866,0.000598,0.015803,0.003420,-0.080977,0.000411,0.164568,False
2014-07-03,-0.080907,-0.099131,0.000201,-0.000251,-0.000940,0.000131,-0.000867,0.000600,0.015803,0.003420,-0.081034,0.000127,0.050769,False
2014-07-04,-0.081248,-0.099168,0.000195,-0.000272,-0.000936,0.000132,-0.000868,0.000603,0.015803,0.003420,-0.081091,-0.000157,-0.062882,False
2014-07-05,-0.079840,-0.099205,0.000189,-0.000292,-0.000932,0.000134,-0.000869,0.000606,0.015803,0.003420,-0.081148,0.001308,0.523195,False
2014-07-06,-0.083861,-0.099242,0.000181,-0.000313,-0.000928,0.000135,-0.000871,0.000609,0.015803,0.003420,-0.081205,-0.002656,-1.062222,False
2014-07-07,-0.082128,-0.099279,0.000173,-0.000333,-0.000924,0.000137,-0.000872,0.000611,0.015803,0.003420,-0.081263,-0.000865,-0.345956,False
2014-07-08,-0.083175,-0.099316,0.000164,-0.000353,-0.000919,0.000139,-0.000873,0.000614,0.015803,0.003420,-0.081321,-0.001854,-0.741631,False
2014-07-09,-0.081614,-0.099354,0.000154,-0.000372,-0.000914,0.000140,-0.000874,0.000617,0.015803,0.003420,-0.081379,-0.000235,-0.094073,False
2014-07-10,-0.082048,-0.099391,0.000144,-0.000390,-0.000909,0.000142,-0.000875,0.000620,0.015803,0.003420,-0.081437,-0.000611,-0.244510,False
2014-07-11,-0.079822,-0.099428,0.000133,-0.000409,-0.000904,0.000143,-0.000876,0.000622,0.015803,0.003420,-0.081495,0.001673,0.669030,False
2014-07-12,-0.081583,-0.099465,0.000121,-0.000427,-0.000898,0.000145,-0.000877,0.000625,0.015803,0.003420,-0.081552,-0.000031,-0.012282,False
2014-07-13,-0.080831,-0.099502,0.000108,-0.000444,-0.000892,0.000146,-0.000878,0.000628,0.015803,0.003421,-0.081610,0.000779,0.311524,False
2014-07-14,-0.081860,-0.099539,0.000095,-0.000461,-0.000886,0.000148,-0.000879,0.000631,0.015803,0.003421,-0.081667,-0.000193,-0.077183,False
2014-07-15,-0.081015,-0.099576,0.000082,-0.000477,-0.000879,0.000150,-0.000880,0.000633,0.015803,0.003421,-0.081724,0.000709,0.283565,False
2014-07-16,-0.082236,-0.099614,0.000068,-0.000493,-0.000872,0.000151,-0.000881,0.000636,0.015803,0.003421,-0.081780,-0.000456,-0.182265,False
2014-07-17,-0.083647,-0.099651,0.000054,-0.000508,-0.000865,0.000153,-0.000882,0.000639,0.015803,0.003421,-0.081836,-0.001811,-0.724305,False
2014-07-18,-0.080710,-0.099688,0.000040,-0.000522,-0.000858,0.000154,-0.000882,0.000641,0.015803,0.003421,-0.081892,0.001182,0.472611,False
2014-07-19,-0.083831,-0.099725,0.000025,-0.000536,-0.000851,0.000156,-0.000883,0.000644,0.015803,0.003421,-0.081946,-0.001885,-0.753948,False
2014-07-20,-0.084889,-0.099762,0.000010,-0.000549,-0.000843,0.000157,-0.000884,0.000647,0.015803,0.003421,-0.082000,-0.002889,-1.155618,False
2014-07-21,-0.083517,-0.099799,-0.000004,-0.000562,-0.000835,0.000159,-0.000885,0.000649,0.015803,0.003421,-0.082053,-0.001464,-0.585631,False
2014-07-22,-0.084082,-0.099836,-0.000019,-0.000574,-0.000826,0.000160,-0.000886,0.000652,0.015803,0.003421,-0.082105,-0.001977,-0.790819,False
2014-07-23,-0.082734,-0.099873,-0.000034,-0.000585,-0.000818,0.000162,-0.000887,0.000655,0.015803,0.003421,-0.082156,-0.000578,-0.231216,False
2014-07-24,-0.081766,-0.099911,-0.000048,-0.000596,-0.000809,0.000163,-0.000888,0.000658,0.015803,0.003421,-0.082206,0.000440,0.175947,False
2014-07-25,-0.083542,-0.099948,-0.000062,-0.000605,-0.000800,0.000165,-0.000888,0.000660,0.015803,0.003422,-0.082255,-0.001287,-0.514961,False
2014-07-26,-0.081280,-0.099985,-0.000076,-0.000614,-0.000791,0.000166,-0.000889,0.000663,0.015803,0.003422,-0.082302,0.001022,0.408828,False
2014-07-27,-0.083114,-0.100022,-0.000090,-0.000623,-0.000781,0.000168,-0.000890,0.000666,0.015803,0.003422,-0.082348,-0.000766,-0.306315,False
2014-07-28,-0.080634,-0.100059,-0.000103,-0.000630,-0.000772,0.000169,-0.000891,0.000668,0.015803,0.003422,-0.082393,0.001759,0.703581,False
2014-07-29,-0.081562,-0.100096,-0.000116,-0.000637,-0.000762,0.000171,-0.000892,0.000671,0.015803,0.003422,-0.082436,0.000874,0.349690,False
2014-07-30,-0.081559,-0.100133,-0.000128,-0.000644,-0.000752,0.000172,-0.000892,0.000674,0.015803,0.003422,-0.082478,0.000919,0.367585,False
2014-07-31,-0.082142,-0.100170,-0.000139,-0.000649,-0.000741,0.000174,-0.000893,0.000676,0.015803,0.003422,-0.082518,0.000376,0.150442,False
2014-08-01,-0.084581,-0.100208,-0.000150,-0.000654,-0.000731,0.000175,-0.000894,0.000679,0.015803,0.003422,-0.082557,-0.002024,-0.809763,False
2014-08-02,-0.080576,-0.100245,-0.000160,-0.000657,-0.000720,0.000177,-0.000895,0.000682,0.015803,0.003422,-0.082593,0.002017,0.806948,False
2014-08-03,-0.080482,-0.100282,-0.000170,-0.000660,-0.000709,0.000178,-0.000895,0.000684,0.015803,0.003422,-0.082628,0.002146,0.858557,False
2014-08-04,-0.082268,-0.100319,-0.000178,-0.000663,-0.000697,0.000179,-0.000896,0.000687,0.015803,0.003422,-0.082662,0.000394,0.157446,False
2014-08-05,-0.083689,-0.100356,-0.000186,-0.000664,-0.000686,0.000181,-0.000897,0.000690,0.015803,0.003422,-0.082693,-0.000996,-0.398403,False
2014-08-06,-0.081044,-0.100393,-0.000193,-0.000665,-0.000674,0.000182,-0.000897,0.000692,0.015803,0.003422,-0.082722,0.001678,0.671398,False
2014-08-07,-0.081216,-0.100430,-0.000199,-0.000665,-0.000662,0.000184,-0.000898,0.000695,0.015803,0.003423,-0.082750,0.001534,0.613637,False
2014-08-08,-0.084293,-0.100468,-0.000204,-0.000664,-0.000650,0.000185,-0.000899,0.000698,0.015803,0.003423,-0.082776,-0.001517,-0.606897,False
2014-08-09,-0.080504,-0.100505,-0.000208,-0.000662,-0.000638,0.000187,-0.000899,0.000700,0.015803,0.003423,-0.082799,0.002295,0.918189,False
2014-08-10,-0.081879,-0.100542,-0.000211,-0.000660,-0.000626,0.000188,-0.000900,0.000703,0.015803,0.003423,-0.082821,0.000942,0.376890,False
2014-08-11,-0.080964,-0.100579,-0.000213,-0.000657,-0.000613,0.000189,-0.000900,0.000705,0.015803,0.003423,-0.082841,0.001877,0.750803,False
2014-08-12,-0.082105,-0.100616,-0.000214,-0.000653,-0.000600,0.000191,-0.000901,0.000708,0.015803,0.003423,-0.082859,0.000754,0.301526,False
2014-08-13,-0.080965,-0.100653,-0.000214,-0.000648,-0.000587,0.000192,-0.000901,0.000711,0.015803,0.003423,-0.082875,0.001910,0.763862,False
2014-08-14,-0.081864,-0.100690,-0.000213,-0.000642,-0.000574,0.000194,-0.000902,0.000713,0.015803,0.003423,-0.082889,0.001025,0.409813,False
2014-08-15,-0.081017,-0.100727,-0.000211,-0.000636,-0.000561,0.000195,-0.000903,0.000716,0.015803,0.003423,-0.082900,0.001883,0.753387,False
2014-08-16,-0.081132,-0.100765,-0.000208,-0.000629,-0.000547,0.000196,-0.000903,0.000719,0.015803,0.003423,-0.082910,0.001778,0.711392,False
2014-08-17,-0.078821,-0.100802,-0.000204,-0.000621,-0.000534,0.000198,-0.000904,0.000721,0.015803,0.003423,-0.082919,0.004098,1.639038,False
2014-08-18,-0.078829,-0.100839,-0.000199,-0.000613,-0.000520,0.000199,-0.000904,0.000724,0.015803,0.003423,-0.082925,0.004096,1.638338,False
2014-08-19,-0.080278,-0.100876,-0.000193,-0.000603,-0.000506,0.000201,-0.000905,0.000726,0.015803,0.003423,-0.082929,0.002651,1.060507,False
2014-08-20,-0.081401,-0.100913,-0.000186,-0.000593,-0.000492,0.000202,-0.000905,0.000729,0.015803,0.003424,-0.082932,0.001531,0.612363,False
2014-08-21,-0.080721,-0.100950,-0.000178,-0.000583,-0.000477,0.000203,-0.000905,0.000732,0.015803,0.003424,-0.082933,0.002212,0.884724,False
2014-08-22,-0.082463,-0.100987,-0.000170,-0.000571,-0.000463,0.000205,-0.000906,0.000734,0.015803,0.003424,-0.082932,0.000469,0.187613,False
2014-08-23,-0.080880,-0.101024,-0.000161,-0.000559,-0.000448,0.000206,-0.000906,0.000737,0.015803,0.003424,-0.082930,0.002050,0.819852,False
2014-08-24,-0.078838,-0.101062,-0.000150,-0.000547,-0.000434,0.000207,-0.000907,0.000739,0.015803,0.003424,-0.082926,0.004088,1.635067,False
2014-08-25,-0.081990,-0.101099,-0.000140,-0.000533,-0.000419,0.000209,-0.000907,0.000742,0.015803,0.003424,-0.082920,0.000930,0.372085,False
2014-08-26,-0.080635,-0.101136,-0.000128,-0.000519,-0.000404,0.000210,-0.000907,0.000745,0.015803,0.003424,-0.082913,0.002278,0.911334,False
2014-08-27,-0.079028,-0.101173,-0.000116,-0.000505,-0.000389,0.000211,-0.000908,0.000747,0.015803,0.003424,-0.082905,0.003877,1.550844,False
2014-08-28,-0.079572,-0.101210,-0.000103,-0.000489,-0.000374,0.000213,-0.000908,0.000750,0.015803,0.003424,-0.082896,0.003324,1.329448,False
2014-08-29,-0.080080,-0.101247,-0.000090,-0.000474,-0.000359,0.000214,-0.000908,0.000752,0.015803,0.003424,-0.082885,0.002805,1.121978,False
2014-08-30,-0.079533,-0.101284,-0.000077,-0.000457,-0.000343,0.000215,-0.000909,0.000755,0.015803,0.003424,-0.082873,0.003340,1.336068,False
2014-08-31,-0.083024,-0.101322,-0.000063,-0.000440,-0.000328,0.000216,-0.000909,0.000758,0.015803,0.003424,-0.082860,-0.000164,-0.065447,False
2014-09-01,-0.082335,-0.101359,-0.000049,-0.000423,-0.000312,0.000218,-0.000909,0.000760,0.015803,0.003424,-0.082847,0.000512,0.204671,False
2014-09-02,-0.080766,-0.101396,-0.000034,-0.000405,-0.000296,0.000219,-0.000910,0.000763,0.015803,0.003424,-0.082832,0.002066,0.826457,False
2014-09-03,-0.080359,-0.101433,-0.000020,-0.000387,-0.000281,0.000220,-0.000910,0.000765,0.015803,0.003424,-0.082817,0.002458,0.983150,False
2014-09-04,-0.082941,-0.101470,-0.000005,-0.000368,-0.000265,0.000221,-0.000910,0.000768,0.015803,0.003425,-0.082801,-0.000140,-0.056012,False
2014-09-05,-0.082297,-0.101507,0.000010,-0.000348,-0.000249,0.000223,-0.000910,0.000770,0.015803,0.003425,-0.082785,0.000488,0.195010,False
2014-09-06,-0.080197,-0.101544,0.000025,-0.000329,-0.000233,0.000224,-0.000911,0.000773,0.015803,0.003425,-0.082768,0.002571,1.028254,False
2014-09-07,-0.078546,-0.101581,0.000039,-0.000309,-0.000217,0.000225,-0.000911,0.000775,0.015803,0.003425,-0.082750,0.004204,1.681761,False
2014-09-08,-0.080748,-0.101619,0.000054,-0.000288,-0.000201,0.000226,-0.000911,0.000778,0.015803,0.003425,-0.082733,0.001985,0.793968,False
2014-09-09,-0.077803,-0.101656,0.000068,-0.000267,-0.000184,0.000228,-0.000911,0.000780,0.015803,0.003425,-0.082715,0.004912,1.964914,False
2014-09-10,-0.078390,-0.101693,0.000081,-0.000246,-0.000168,0.000229,-0.000911,0.000783,0.015803,0.003425,-0.082698,0.004308,1.723040,False
2014-09-11,-0.080826,-0.101730,0.000095,-0.000225,-0.000152,0.000230,-0.000912,0.000786,0.015803,0.003425,-0.082680,0.001854,0.741581,False
2014-09-12,-0.082151,-0.101767,0.000108,-0.000203,-0.000136,0.000231,-0.000912,0.000788,0.015803,0.003425,-0.082662,0.000511,0.204576,False
2014-09-13,-0.079590,-0.101804,0.000120,-0.000181,-0.000119,0.000233,-0.000912,0.000791,0.015803,0.003425,-0.082645,0.003055,1.222063,False
2014-09-14,-0.079295,-0.101841,0.000132,-0.000159,-0.000103,0.000234,-0.000912,0.000793,0.015803,0.003425,-0.082628,0.003333,1.333276,False
2014-09-15,-0.082546,-0.101878,0.000143,-0.000137,-0.000086,0.000235,-0.000912,0.000796,0.015803,0.003425,-0.082612,0.000066,0.026250,False
2014-09-16,-0.081982,-0.101916,0.000154,-0.000114,-0.000070,0.000236,-0.000912,0.000798,0.015803,0.003425,-0.082596,0.000614,0.245420,False
2014-09-17,-0.082618,-0.101953,0.000164,-0.000092,-0.000053,0.000237,-0.000912,0.000801,0.015803,0.003425,-0.082580,-0.000038,-0.015181,False
2014-09-18,-0.082465,-0.101990,0.000173,-0.000069,-0.000037,0.000238,-0.000912,0.000803,0.015803,0.003425,-0.082565,0.000100,0.040077,False
2014-09-19,-0.083231,-0.102027,0.000181,-0.000046,-0.000020,0.000240,-0.000912,0.000806,0.015803,0.003425,-0.082551,-0.000680,-0.271975,False
2014-09-20,-0.081451,-0.102064,0.000189,-0.000023,-0.000004,0.000241,-0.000912,0.000808,0.015803,0.003426,-0.082538,0.001087,0.434690,False
2014-09-21,-0.085532,-0.102101,0.000195,-0.000000,0.000013,0.000242,-0.000912,0.000811,0.015803,0.003426,-0.082525,-0.003007,-1.202699,False
2014-09-22,-0.082258,-0.102138,0.000201,0.000022,0.000029,0.000243,-0.000912,0.000813,0.015803,0.003426,-0.082514,0.000256,0.102282,False
2014-09-23,-0.081321,-0.102176,0.000205,0.000045,0.000046,0.000244,-0.000912,0.000816,0.015803,0.003426,-0.082503,0.001182,0.472856,False
2014-09-24,-0.082527,-0.102213,0.000209,0.000068,0.000062,0.000245,-0.000912,0.000818,0.015803,0.003426,-0.082494,-0.000033,-0.013355,False
2014-09-25,-0.081665,-0.102250,0.000212,0.000091,0.000079,0.000246,-0.000912,0.000821,0.015803,0.003426,-0.082485,0.000820,0.328069,False
2014-09-26,-0.082151,-0.102287,0.000213,0.000113,0.000095,0.000247,-0.000912,0.000823,0.015803,0.003426,-0.082478,0.000327,0.130745,False
2014-09-27,-0.080812,-0.102324,0.000214,0.000136,0.000112,0.000249,-0.000912,0.000826,0.015803,0.003426,-0.082472,0.001660,0.663890,False
2014-09-28,-0.082237,-0.102361,0.000214,0.000158,0.000128,0.000250,-0.000912,0.000828,0.015803,0.003426,-0.082467,0.000230,0.091916,False
2014-09-29,-0.081140,-0.102398,0.000212,0.000180,0.000144,0.000251,-0.000912,0.000831,0.015803,0.003426,-0.082463,0.001323,0.529237,False
2014-09-30,-0.081756,-0.102435,0.000210,0.000202,0.000161,0.000252,-0.000912,0.000833,0.015803,0.003426,-0.082461,0.000705,0.281862,False
2014-10-01,-0.080077,-0.102473,0.000206,0.000224,0.000177,0.000253,-0.000912,0.000835,0.015803,0.003426,-0.082459,0.002382,0.952999,False
2014-10-02,-0.080374,-0.102510,0.000202,0.000245,0.000193,0.000254,-0.000912,0.000838,0.015803,0.003426,-0.082460,0.002086,0.834253,False
2014-10-03,-0.079233,-0.102547,0.000197,0.000267,0.000209,0.000255,-0.000911,0.000840,0.015803,0.003426,-0.082461,0.003228,1.291228,False
2014-10-04,-0.080429,-0.102584,0.000191,0.000287,0.000225,0.000256,-0.000911,0.000843,0.015803,0.003426,-0.082464,0.002035,0.813927,False
2014-10-05,-0.081588,-0.102621,0.000183,0.000308,0.000241,0.000257,-0.000911,0.000845,0.015803,0.003426,-0.082468,0.000880,0.351948,False
2014-10-06,-0.079595,-0.102658,0.000175,0.000328,0.000257,0.000258,-0.000911,0.000848,0.015803,0.003426,-0.082473,0.002878,1.151291,False
2014-10-07,-0.078211,-0.102695,0.000166,0.000348,0.000273,0.000259,-0.000911,0.000850,0.015803,0.003426,-0.082480,0.004269,1.707552,False
2014-10-08,-0.081168,-0.102732,0.000157,0.000367,0.000289,0.000260,-0.000910,0.000853,0.015803,0.003427,-0.082488,0.001320,0.527925,False
2014-10-09,-0.081179,-0.102770,0.000146,0.000386,0.000305,0.000261,-0.000910,0.000855,0.015803,0.003427,-0.082497,0.001318,0.527202,False
2014-10-10,-0.080410,-0.102807,0.000135,0.000404,0.000320,0.000262,-0.000910,0.000857,0.015803,0.003427,-0.082507,0.002097,0.838975,False
2014-10-11,-0.080774,-0.102844,0.000124,0.000422,0.000336,0.000263,-0.000910,0.000860,0.015803,0.003427,-0.082519,0.001745,0.698034,False
2014-10-12,-0.080625,-0.102881,0.000111,0.000440,0.000351,0.000264,-0.000909,0.000862,0.015803,0.003427,-0.082532,0.001907,0.762766,False
2014-10-13,-0.077984,-0.102918,0.000099,0.000457,0.000367,0.000265,-0.000909,0.000865,0.015803,0.003427,-0.082546,0.004562,1.824759,False
2014-10-14,-0.084002,-0.102955,0.000085,0.000473,0.000382,0.000266,-0.000909,0.000867,0.015803,0.003427,-0.082561,-0.001441,-0.576402,False
2014-10-15,-0.082197,-0.102992,0.000072,0.000489,0.000397,0.000267,-0.000908,0.000870,0.015803,0.003427,-0.082577,0.000380,0.152067,False
2014-10-16,-0.082166,-0.103030,0.000057,0.000504,0.000412,0.000268,-0.000908,0.000872,0.015803,0.003427,-0.082594,0.000428,0.171350,False
2014-10-17,-0.080308,-0.103067,0.000043,0.000519,0.000427,0.000269,-0.000908,0.000874,0.015803,0.003427,-0.082613,0.002305,0.921828,False
2014-10-18,-0.082190,-0.103104,0.000029,0.000533,0.000442,0.000270,-0.000907,0.000877,0.015803,0.003427,-0.082632,0.000442,0.176685,False
2014-10-19,-0.081323,-0.103141,0.000014,0.000546,0.000456,0.000271,-0.000907,0.000879,0.015803,0.003427,-0.082652,0.001329,0.531500,False
2014-10-20,-0.082339,-0.103178,-0.000001,0.000559,0.000471,0.000272,-0.000907,0.000882,0.015803,0.003427,-0.082673,0.000334,0.133454,False
2014-10-21,-0.083208,-0.103215,-0.000015,0.000571,0.000485,0.000272,-0.000906,0.000884,0.015803,0.003427,-0.082694,-0.000514,-0.205474,False
2014-10-22,-0.082057,-0.103252,-0.000030,0.000582,0.000499,0.000273,-0.000906,0.000886,0.015803,0.003427,-0.082717,0.000660,0.263897,False
2014-10-23,-0.081869,-0.103289,-0.000045,0.000593,0.000513,0.000274,-0.000905,0.000889,0.015803,0.003427,-0.082740,0.000871,0.348345,False
2014-10-24,-0.082016,-0.103327,-0.000059,0.000603,0.000527,0.000275,-0.000905,0.000891,0.015803,0.003427,-0.082764,0.000748,0.299050,False
2014-10-25,-0.082324,-0.103364,-0.000073,0.000612,0.000541,0.000276,-0.000904,0.000893,0.015803,0.003427,-0.082788,0.000464,0.185592,False
2014-10-26,-0.079332,-0.103401,-0.000087,0.000621,0.000555,0.000277,-0.000904,0.000896,0.015803,0.003427,-0.082813,0.003481,1.392349,False
2014-10-27,-0.080212,-0.103438,-0.000100,0.000629,0.000568,0.000278,-0.000903,0.000898,0.015803,0.003427,-0.082838,0.002626,1.050501,False
2014-10-28,-0.081693,-0.103475,-0.000113,0.000636,0.000581,0.000279,-0.000903,0.000901,0.015803,0.003428,-0.082864,0.001171,0.468430,False
2014-10-29,-0.082041,-0.103512,-0.000125,0.000642,0.000594,0.000279,-0.000902,0.000903,0.015803,0.003428,-0.082890,0.000849,0.339714,False
2014-10-30,-0.082583,-0.103549,-0.000136,0.000648,0.000607,0.000280,-0.000902,0.000905,0.015803,0.003428,-0.082917,0.000334,0.133536,False
2014-10-31,-0.082004,-0.103586,-0.000148,0.000652,0.000620,0.000281,-0.000901,0.000908,0.015803,0.003428,-0.082944,0.000940,0.375878,False
2014-11-01,-0.082781,-0.103624,-0.000158,0.000657,0.000632,0.000282,-0.000901,0.000910,0.015803,0.003428,-0.082971,0.000190,0.075923,False
2014-11-02,-0.084889,-0.103661,-0.000167,0.000660,0.000645,0.000283,-0.000900,0.000912,0.015803,0.003428,-0.082998,-0.001891,-0.756346,False
2014-11-03,-0.084516,-0.103698,-0.000176,0.000662,0.000657,0.000283,-0.000899,0.000915,0.015803,0.003428,-0.083026,-0.001490,-0.596143,False
2014-11-04,-0.084309,-0.103735,-0.000184,0.000664,0.000669,0.000284,-0.000899,0.000917,0.015803,0.003428,-0.083053,-0.001256,-0.502283,False
2014-11-05,-0.080592,-0.103772,-0.000191,0.000665,0.000681,0.000285,-0.000898,0.000919,0.015803,0.003428,-0.083081,0.002489,0.995622,False
2014-11-06,-0.081821,-0.103809,-0.000197,0.000665,0.000692,0.000286,-0.000898,0.000922,0.015803,0.003428,-0.083109,0.001288,0.515160,False
2014-11-07,-0.082127,-0.103846,-0.000203,0.000664,0.000703,0.000287,-0.000897,0.000924,0.015803,0.003428,-0.083137,0.001010,0.403921,False
2014-11-08,-0.082512,-0.103884,-0.000207,0.000663,0.000715,0.000287,-0.000896,0.000926,0.015803,0.003428,-0.083165,0.000653,0.261096,False
2014-11-09,-0.082359,-0.103921,-0.000210,0.000661,0.000726,0.000288,-0.000896,0.000928,0.015803,0.003428,-0.083193,0.000834,0.333478,False
2014-11-10,-0.081062,-0.103958,-0.000212,0.000658,0.000736,0.000289,-0.000895,0.000931,0.015803,0.003428,-0.083221,0.002159,0.863460,False
2014-11-11,-0.083296,-0.103995,-0.000214,0.000654,0.000747,0.000290,-0.000894,0.000933,0.015803,0.003428,-0.083249,-0.000047,-0.018961,False
2014-11-12,-0.082185,-0.104032,-0.000214,0.000649,0.000757,0.000290,-0.000894,0.000935,0.015803,0.003428,-0.083277,0.001092,0.436610,False
2014-11-13,-0.083981,-0.104069,-0.000213,0.000644,0.000767,0.000291,-0.000893,0.000938,0.015803,0.003428,-0.083304,-0.000677,-0.270626,False
2014-11-14,-0.084769,-0.104106,-0.000211,0.000638,0.000777,0.000292,-0.000892,0.000940,0.015803,0.003428,-0.083332,-0.001437,-0.574671,False
2014-11-15,-0.084381,-0.104143,-0.000209,0.000631,0.000787,0.000292,-0.000891,0.000942,0.015803,0.003428,-0.083360,-0.001021,-0.408323,False
2014-11-16,-0.084317,-0.104181,-0.000205,0.000623,0.000796,0.000293,-0.000891,0.000945,0.015803,0.003428,-0.083388,-0.000929,-0.371578,False
2014-11-17,-0.083339,-0.104218,-0.000200,0.000615,0.000805,0.000294,-0.000890,0.000947,0.015803,0.003428,-0.083416,0.000077,0.030769,False
2014-11-18,-0.083928,-0.104255,-0.000195,0.000606,0.000814,0.000294,-0.000889,0.000949,0.015803,0.003428,-0.083444,-0.000484,-0.193678,False
2014-11-19,-0.083354,-0.104292,-0.000188,0.000596,0.000823,0.000295,-0.000888,0.000951,0.015803,0.003429,-0.083472,0.000118,0.047090,False
2014-11-20,-0.084090,-0.104329,-0.000180,0.000585,0.000831,0.000296,-0.000887,0.000954,0.015803,0.003429,-0.083500,-0.000590,-0.236118,False
2014-11-21,-0.084519,-0.104366,-0.000172,0.000574,0.000839,0.000296,-0.000886,0.000956,0.015803,0.003429,-0.083528,-0.000991,-0.396492,False
2014-11-22,-0.083141,-0.104403,-0.000163,0.000562,0.000847,0.000297,-0.000886,0.000958,0.015803,0.003429,-0.083556,0.000415,0.165979,False
2014-11-23,-0.084585,-0.104440,-0.000153,0.000550,0.000855,0.000298,-0.000885,0.000960,0.015803,0.003429,-0.083584,-0.001001,-0.400292,False
2014-11-24,-0.085229,-0.104478,-0.000142,0.000537,0.000862,0.000298,-0.000884,0.000963,0.015803,0.003429,-0.083613,-0.001616,-0.646491,False
2014-11-25,-0.083021,-0.104515,-0.000131,0.000523,0.000869,0.000299,-0.000883,0.000965,0.015803,0.003429,-0.083641,0.000620,0.248196,False
2014-11-26,-0.081115,-0.104552,-0.000119,0.000508,0.000876,0.000299,-0.000882,0.000967,0.015803,0.003429,-0.083670,0.002555,1.022186,False
2014-11-27,-0.085899,-0.104589,-0.000107,0.000493,0.000883,0.000300,-0.000881,0.000969,0.015803,0.003429,-0.083700,-0.002199,-0.879705,False
2014-11-28,-0.083779,-0.104626,-0.000094,0.000478,0.000889,0.000301,-0.000880,0.000972,0.015803,0.003429,-0.083729,-0.000050,-0.019860,False
2014-11-29,-0.083573,-0.104663,-0.000080,0.000461,0.000895,0.000301,-0.000879,0.000974,0.015803,0.003429,-0.083759,0.000186,0.074540,False
2014-11-30,-0.081716,-0.104700,-0.000066,0.000445,0.000901,0.000302,-0.000878,0.000976,0.015803,0.003429,-0.083790,0.002074,0.829512,False
2014-12-01,-0.084672,-0.104738,-0.000052,0.000427,0.000907,0.000302,-0.000877,0.000978,0.015803,0.003429,-0.083821,-0.000851,-0.340523,False
2014-12-02,-0.085485,-0.104775,-0.000038,0.000410,0.000912,0.000303,-0.000876,0.000980,0.015803,0.003429,-0.083852,-0.001633,-0.653148,False
2014-12-03,-0.083345,-0.104812,-0.000023,0.000391,0.000917,0.000303,-0.000875,0.000983,0.015803,0.003429,-0.083884,0.000539,0.215659,False
2014-12-04,-0.082667,-0.104849,-0.000008,0.000373,0.000922,0.000304,-0.000874,0.000985,0.015803,0.003429,-0.083917,0.001250,0.499916,False
2014-12-05,-0.082923,-0.104886,0.000006,0.000353,0.000926,0.000304,-0.000873,0.000987,0.015803,0.003429,-0.083950,0.001027,0.410842,False
2014-12-06,-0.085229,-0.104923,0.000021,0.000334,0.000930,0.000305,-0.000872,0.000989,0.015803,0.003429,-0.083984,-0.001245,-0.497942,False
2014-12-07,-0.083300,-0.104960,0.000036,0.000314,0.000934,0.000305,-0.000871,0.000991,0.015803,0.003429,-0.084019,0.000719,0.287583,False
2014-12-08,-0.083159,-0.104997,0.000050,0.000293,0.000938,0.000306,-0.000870,0.000994,0.015803,0.003429,-0.084055,0.000896,0.358234,False
2014-12-09,-0.082567,-0.105035,0.000064,0.000273,0.000941,0.000306,-0.000869,0.000996,0.015803,0.003429,-0.084091,0.001524,0.609631,False
2014-12-10,-0.085010,-0.105072,0.000078,0.000252,0.000945,0.000307,-0.000868,0.000998,0.015803,0.003429,-0.084128,-0.000882,-0.352610,False
2014-12-11,-0.086138,-0.105109,0.000092,0.000230,0.000947,0.000307,-0.000867,0.001000,0.015803,0.003429,-0.084167,-0.001971,-0.788471,False
2014-12-12,-0.087001,-0.105146,0.000105,0.000209,0.000950,0.000308,-0.000866,0.001002,0.015803,0.003429,-0.084206,-0.002795,-1.117937,False
2014-12-13,-0.086802,-0.105183,0.000117,0.000187,0.000952,0.000308,-0.000865,0.001005,0.015803,0.003429,-0.084247,-0.002555,-1.022193,False
2014-12-14,-0.083977,-0.105220,0.000129,0.000165,0.000954,0.000308,-0.000863,0.001007,0.015803,0.003430,-0.084288,0.000311,0.124375,False
2014-12-15,-0.083039,-0.105257,0.000141,0.000142,0.000956,0.000309,-0.000862,0.001009,0.015803,0.003430,-0.084330,0.001291,0.516580,False
2014-12-16,-0.084311,-0.105294,0.000151,0.000120,0.000957,0.000309,-0.000861,0.001011,0.015803,0.003430,-0.084374,0.000063,0.025232,False
2014-12-17,-0.083844,-0.105332,0.000161,0.000097,0.000958,0.000310,-0.000860,0.001013,0.015803,0.003430,-0.084419,0.000575,0.229943,False
2014-12-18,-0.082575,-0.105369,0.000171,0.000075,0.000959,0.000310,-0.000859,0.001015,0.015803,0.003430,-0.084465,0.001890,0.755919,False
2014-12-19,-0.086692,-0.105406,0.000179,0.000052,0.000960,0.000310,-0.000857,0.001017,0.015803,0.003430,-0.084512,-0.002180,-0.872031,False
2014-12-20,-0.084417,-0.105443,0.000187,0.000029,0.000960,0.000311,-0.000856,0.001020,0.015803,0.003430,-0.084560,0.000143,0.057298,False
2014-12-21,-0.084630,-0.105480,0.000194,0.000006,0.000960,0.000311,-0.000855,0.001022,0.015803,0.003430,-0.084610,-0.000020,-0.008092,False
2014-12-22,-0.086887,-0.105517,0.000199,-0.000017,0.000960,0.000311,-0.000854,0.001024,0.015803,0.003430,-0.084661,-0.002226,-0.890597,False
2014-12-23,-0.085225,-0.105554,0.000204,-0.000040,0.000959,0.000312,-0.000852,0.001026,0.015803,0.003430,-0.084712,-0.000513,-0.205018,False
2014-12-24,-0.084091,-0.105592,0.000208,-0.000062,0.000958,0.000312,-0.000851,0.001028,0.015803,0.003430,-0.084766,0.000675,0.269843,False
2014-12-25,-0.086700,-0.105629,0.000211,-0.000085,0.000957,0.000312,-0.000850,0.001030,0.015803,0.003430,-0.084820,-0.001880,-0.752016,False
2014-12-26,-0.087811,-0.105666,0.000213,-0.000108,0.000956,0.000313,-0.000849,0.001032,0.015803,0.003430,-0.084875,-0.002936,-1.174202,False
2014-12-27,-0.085317,-0.105703,0.000214,-0.000130,0.000954,0.000313,-0.000847,0.001034,0.015803,0.003430,-0.084932,-0.000385,-0.153921,False
2014-12-28,-0.085763,-0.105740,0.000214,-0.000153,0.000952,0.000313,-0.000846,0.001036,0.015803,0.003430,-0.084990,-0.000773,-0.309184,False
2014-12-29,-0.084965,-0.105777,0.000213,-0.000175,0.000950,0.000314,-0.000845,0.001039,0.015803,0.003430,-0.085049,0.000084,0.033600,False
2014-12-30,-0.085218,-0.105814,0.000210,-0.000197,0.000947,0.000314,-0.000843,0.001041,0.015803,0.003430,-0.085109,-0.000108,-0.043382,False
2014-12-31,-0.085470,-0.105851,0.000207,-0.000219,0.000944,0.000314,-0.000842,0.001043,0.015803,0.003430,-0.085170,-0.000300,-0.119947,False
2015-01-01,-0.086219,-0.105889,0.000203,-0.000240,0.000941,0.000314,-0.000840,0.001045,0.015803,0.003430,-0.085232,-0.000987,-0.394709,False
2015-01-02,-0.085972,-0.105926,0.000198,-0.000261,0.000938,0.000315,-0.000839,0.001047,0.015803,0.003430,-0.085295,-0.000677,-0.270687,False
2015-01-03,-0.086873,-0.105963,0.000192,-0.000282,0.000934,0.000315,-0.000838,0.001049,0.015803,0.003430,-0.085359,-0.001514,-0.605503,False
2015-01-04,-0.087215,-0.106000,0.000185,-0.000303,0.000930,0.000315,-0.000836,0.001051,0.015803,0.003430,-0.085424,-0.001791,-0.716376,False
2015-01-05,-0.086324,-0.106037,0.000177,-0.000323,0.000926,0.000315,-0.000835,0.001053,0.015803,0.003430,-0.085490,-0.000834,-0.333731,False
2015-01-06,-0.085537,-0.106074,0.000169,-0.000343,0.000922,0.000316,-0.000833,0.001055,0.015803,0.003430,-0.085556,0.000019,0.007608,False
2015-01-07,-0.085277,-0.106111,0.000159,-0.000362,0.000917,0.000316,-0.000832,0.001057,0.015803,0.003430,-0.085623,0.000346,0.138415,False
2015-01-08,-0.085284,-0.106148,0.000149,-0.000381,0.000912,0.000316,-0.000830,0.001059,0.015803,0.003430,-0.085691,0.000407,0.162660,False
2015-01-09,-0.086102,-0.106186,0.000138,-0.000400,0.000906,0.000316,-0.000829,0.001061,0.015803,0.003430,-0.085759,-0.000343,-0.137283,False
2015-01-10,-0.086920,-0.106223,0.000127,-0.000418,0.000901,0.000316,-0.000827,0.001063,0.015803,0.003430,-0.085827,-0.001093,-0.437046,False
2015-01-11,-0.086874,-0.106260,0.000114,-0.000435,0.000895,0.000316,-0.000826,0.001065,0.015803,0.003430,-0.085896,-0.000978,-0.391059,False
2015-01-12,-0.086828,-0.106297,0.000102,-0.000452,0.000889,0.000317,-0.000824,0.001067,0.015803,0.003431,-0.085966,-0.000862,-0.344955,False
2015-01-13,-0.087509,-0.106334,0.000089,-0.000469,0.000882,0.000317,-0.000823,0.001069,0.015803,0.003431,-0.086035,-0.001474,-0.589566,False
2015-01-14,-0.085606,-0.106371,0.000075,-0.000485,0.000876,0.000317,-0.000821,0.001071,0.015803,0.003431,-0.086105,0.000499,0.199474,False
2015-01-15,-0.085670,-0.106408,0.000061,-0.000500,0.000869,0.000317,-0.000820,0.001073,0.015803,0.003431,-0.086174,0.000504,0.201731,False
2015-01-16,-0.087452,-0.106446,0.000047,-0.000515,0.000862,0.000317,-0.000818,0.001075,0.015803,0.003431,-0.086244,-0.001208,-0.483230,False
2015-01-17,-0.088861,-0.106483,0.000032,-0.000529,0.000854,0.000317,-0.000816,0.001077,0.015803,0.003431,-0.086313,-0.002548,-1.019043,False
2015-01-18,-0.087797,-0.106520,0.000018,-0.000543,0.000847,0.000317,-0.000815,0.001079,0.015803,0.003431,-0.086383,-0.001414,-0.565744,False
2015-01-19,-0.086795,-0.106557,0.000003,-0.000556,0.000839,0.000317,-0.000813,0.001081,0.015803,0.003431,-0.086452,-0.000343,-0.137368,False
2015-01-20,-0.087708,-0.106594,-0.000012,-0.000568,0.000831,0.000317,-0.000812,0.001083,0.015803,0.003431,-0.086520,-0.001188,-0.475149,False
2015-01-21,-0.086505,-0.106631,-0.000026,-0.000579,0.000822,0.000318,-0.000810,0.001085,0.015803,0.003431,-0.086588,0.000083,0.033278,False
2015-01-22,-0.088142,-0.106668,-0.000041,-0.000590,0.000814,0.000318,-0.000808,0.001087,0.015803,0.003431,-0.086656,-0.001486,-0.594522,False
2015-01-23,-0.089567,-0.106705,-0.000055,-0.000601,0.000805,0.000318,-0.000807,0.001089,0.015803,0.003431,-0.086723,-0.002844,-1.137782,False
2015-01-24,-0.087606,-0.106743,-0.000069,-0.000610,0.000796,0.000318,-0.000805,0.001091,0.015803,0.003431,-0.086789,-0.000817,-0.326935,False
2015-01-25,-0.088434,-0.106780,-0.000083,-0.000619,0.000786,0.000318,-0.000803,0.001093,0.015803,0.003431,-0.086854,-0.001580,-0.632014,False
2015-01-26,-0.087563,-0.106817,-0.000097,-0.000627,0.000777,0.000318,-0.000802,0.001095,0.015803,0.003431,-0.086918,-0.000645,-0.257850,False
2015-01-27,-0.088094,-0.106854,-0.000109,-0.000634,0.000767,0.000318,-0.000800,0.001097,0.015803,0.003431,-0.086982,-0.001112,-0.444873,False
2015-01-28,-0.090497,-0.106891,-0.000122,-0.000641,0.000757,0.000318,-0.000798,0.001099,0.015803,0.003431,-0.087044,-0.003453,-1.381112,False
2015-01-29,-0.087144,-0.106928,-0.000134,-0.000646,0.000746,0.000318,-0.000796,0.001101,0.015803,0.003431,-0.087106,-0.000038,-0.015395,False
2015-01-30,-0.088113,-0.106965,-0.000145,-0.000651,0.000736,0.000318,-0.000795,0.001103,0.015803,0.003431,-0.087166,-0.000947,-0.378949,False
2015-01-31,-0.088472,-0.107002,-0.000155,-0.000656,0.000725,0.000318,-0.000793,0.001105,0.015803,0.003431,-0.087225,-0.001247,-0.498997,False
2015-02-01,-0.087168,-0.107040,-0.000165,-0.000659,0.000714,0.000318,-0.000791,0.001107,0.015803,0.003431,-0.087282,0.000114,0.045636,False
2015-02-02,-0.087319,-0.107077,-0.000174,-0.000662,0.000703,0.000318,-0.000789,0.001109,0.015803,0.003431,-0.087338,0.000019,0.007729,False
2015-02-03,-0.086698,-0.107114,-0.000182,-0.000664,0.000692,0.000317,-0.000787,0.001111,0.015803,0.003431,-0.087393,0.000695,0.278063,False
2015-02-04,-0.087981,-0.107151,-0.000189,-0.000665,0.000680,0.000317,-0.000786,0.001113,0.015803,0.003431,-0.087447,-0.000534,-0.213780,False
2015-02-05,-0.088704,-0.107188,-0.000196,-0.000665,0.000668,0.000317,-0.000784,0.001115,0.015803,0.003431,-0.087498,-0.001206,-0.482215,False
2015-02-06,-0.089377,-0.107225,-0.000201,-0.000665,0.000656,0.000317,-0.000782,0.001116,0.015803,0.003431,-0.087549,-0.001828,-0.731257,False
2015-02-07,-0.088540,-0.107262,-0.000206,-0.000663,0.000644,0.000317,-0.000780,0.001118,0.015803,0.003431,-0.087598,-0.000942,-0.376916,False
2015-02-08,-0.089682,-0.107300,-0.000209,-0.000661,0.000632,0.000317,-0.000778,0.001120,0.015803,0.003431,-0.087645,-0.002037,-0.814803,False
2015-02-09,-0.089944,-0.107337,-0.000212,-0.000658,0.000619,0.000317,-0.000776,0.001122,0.015803,0.003431,-0.087691,-0.002253,-0.901324,False
2015-02-10,-0.087145,-0.107374,-0.000213,-0.000655,0.000607,0.000317,-0.000774,0.001124,0.015803,0.003431,-0.087735,0.000590,0.235915,False
2015-02-11,-0.089475,-0.107411,-0.000214,-0.000650,0.000594,0.000317,-0.000773,0.001126,0.015803,0.003431,-0.087777,-0.001698,-0.679087,False
2015-02-12,-0.087718,-0.107448,-0.000213,-0.000645,0.000581,0.000316,-0.000771,0.001128,0.015803,0.003431,-0.087818,0.000100,0.040068,False
2015-02-13,-0.090013,-0.107485,-0.000212,-0.000639,0.000567,0.000316,-0.000769,0.001130,0.015803,0.003431,-0.087857,-0.002156,-0.862217,False
2015-02-14,-0.088755,-0.107522,-0.000209,-0.000633,0.000554,0.000316,-0.000767,0.001131,0.015803,0.003431,-0.087895,-0.000860,-0.343939,False
2015-02-15,-0.090350,-0.107559,-0.000206,-0.000625,0.000540,0.000316,-0.000765,0.001133,0.015803,0.003431,-0.087931,-0.002419,-0.967490,False
2015-02-16,-0.087543,-0.107597,-0.000201,-0.000617,0.000527,0.000316,-0.000763,0.001135,0.015803,0.003432,-0.087966,0.000423,0.169136,False
2015-02-17,-0.086896,-0.107634,-0.000196,-0.000608,0.000513,0.000316,-0.000761,0.001137,0.015803,0.003432,-0.087999,0.001103,0.441152,False
2015-02-18,-0.087963,-0.107671,-0.000190,-0.000598,0.000499,0.000315,-0.000759,0.001139,0.015803,0.003432,-0.088030,0.000067,0.026970,False
2015-02-19,-0.089592,-0.107708,-0.000182,-0.000588,0.000485,0.000315,-0.000757,0.001141,0.015803,0.003432,-0.088061,-0.001531,-0.612595,False
2015-02-20,-0.091338,-0.107745,-0.000174,-0.000577,0.000470,0.000315,-0.000755,0.001143,0.015803,0.003432,-0.088089,-0.003249,-1.299525,False
2015-02-21,-0.092197,-0.107782,-0.000165,-0.000565,0.000456,0.000315,-0.000753,0.001144,0.015803,0.003432,-0.088116,-0.004081,-1.632203,False
2015-02-22,-0.088360,-0.107819,-0.000156,-0.000553,0.000441,0.000314,-0.000751,0.001146,0.015803,0.003432,-0.088142,-0.000218,-0.087007,False
2015-02-23,-0.088323,-0.107856,-0.000145,-0.000540,0.000426,0.000314,-0.000749,0.001148,0.015803,0.003432,-0.088167,-0.000156,-0.062315,False
2015-02-24,-0.088004,-0.107894,-0.000134,-0.000526,0.000412,0.000314,-0.000747,0.001150,0.015803,0.003432,-0.088191,0.000187,0.074698,False
2015-02-25,-0.088114,-0.107931,-0.000122,-0.000512,0.000397,0.000314,-0.000745,0.001152,0.015803,0.003432,-0.088213,0.000099,0.039658,False
2015-02-26,-0.089340,-0.107968,-0.000110,-0.000497,0.000381,0.000313,-0.000743,0.001153,0.015803,0.003432,-0.088234,-0.001106,-0.442208,False
2015-02-27,-0.089308,-0.108005,-0.000097,-0.000482,0.000366,0.000313,-0.000741,0.001155,0.015803,0.003432,-0.088255,-0.001053,-0.421271,False
2015-02-28,-0.087083,-0.108042,-0.000084,-0.000465,0.000351,0.000313,-0.000738,0.001157,0.015803,0.003432,-0.088274,0.001191,0.476498,False
2015-03-01,-0.088813,-0.108079,-0.000070,-0.000449,0.000335,0.000312,-0.000736,0.001159,0.015803,0.003432,-0.088293,-0.000520,-0.208069,False
2015-03-02,-0.089884,-0.108116,-0.000056,-0.000432,0.000320,0.000312,-0.000734,0.001161,0.015803,0.003432,-0.088311,-0.001573,-0.629340,False
2015-03-03,-0.089087,-0.108154,-0.000041,-0.000414,0.000304,0.000312,-0.000732,0.001162,0.015803,0.003432,-0.088328,-0.000759,-0.303682,False
2015-03-04,-0.088896,-0.108191,-0.000027,-0.000396,0.000289,0.000311,-0.000730,0.001164,0.015803,0.003432,-0.088344,-0.000552,-0.220661,False
2015-03-05,-0.089386,-0.108228,-0.000012,-0.000377,0.000273,0.000311,-0.000728,0.001166,0.015803,0.003432,-0.088360,-0.001026,-0.410243,False
2015-03-06,-0.087716,-0.108265,0.000003,-0.000358,0.000257,0.000311,-0.000726,0.001168,0.015803,0.003432,-0.088376,0.000660,0.264007,False
2015-03-07,-0.087865,-0.108302,0.000017,-0.000339,0.000241,0.000310,-0.000723,0.001169,0.015803,0.003432,-0.088391,0.000526,0.210523,False
2015-03-08,-0.087989,-0.108339,0.000032,-0.000319,0.000225,0.000310,-0.000721,0.001171,0.015803,0.003432,-0.088406,0.000417,0.166942,False
2015-03-09,-0.085824,-0.108376,0.000046,-0.000299,0.000209,0.000310,-0.000719,0.001173,0.015803,0.003432,-0.088421,0.002597,1.038899,False
2015-03-10,-0.089127,-0.108413,0.000061,-0.000278,0.000193,0.000309,-0.000717,0.001175,0.015803,0.003432,-0.088436,-0.000691,-0.276373,False
2015-03-11,-0.088564,-0.108451,0.000075,-0.000257,0.000176,0.000309,-0.000715,0.001176,0.015803,0.003432,-0.088451,-0.000113,-0.045236,False
2015-03-12,-0.087446,-0.108488,0.000088,-0.000236,0.000160,0.000308,-0.000712,0.001178,0.015803,0.003432,-0.088466,0.001020,0.407942,False
2015-03-13,-0.087700,-0.108525,0.000101,-0.000214,0.000144,0.000308,-0.000710,0.001180,0.015803,0.003432,-0.088481,0.000781,0.312396,False
2015-03-14,-0.087871,-0.108562,0.000114,-0.000192,0.000127,0.000307,-0.000708,0.001182,0.015803,0.003432,-0.088496,0.000625,0.250160,False
2015-03-15,-0.090402,-0.108599,0.000126,-0.000170,0.000111,0.000307,-0.000706,0.001183,0.015803,0.003432,-0.088512,-0.001890,-0.755934,False
2015-03-16,-0.085972,-0.108636,0.000138,-0.000148,0.000095,0.000307,-0.000703,0.001185,0.015803,0.003432,-0.088528,0.002556,1.022545,False
2015-03-17,-0.090955,-0.108673,0.000149,-0.000126,0.000078,0.000306,-0.000701,0.001187,0.015803,0.003432,-0.088545,-0.002410,-0.963972,False
2015-03-18,-0.092815,-0.108710,0.000159,-0.000103,0.000062,0.000306,-0.000699,0.001188,0.015803,0.003432,-0.088562,-0.004253,-1.701056,False
2015-03-19,-0.091567,-0.108748,0.000169,-0.000080,0.000045,0.000305,-0.000696,0.001190,0.015803,0.003432,-0.088580,-0.002987,-1.194678,False
2015-03-20,-0.088296,-0.108785,0.000177,-0.000058,0.000029,0.000305,-0.000694,0.001192,0.015803,0.003432,-0.088599,0.000303,0.121188,False
2015-03-21,-0.087887,-0.108822,0.000185,-0.000035,0.000012,0.000304,-0.000692,0.001194,0.015803,0.003432,-0.088618,0.000731,0.292568,False
2015-03-22,-0.091266,-0.108859,0.000192,-0.000012,-0.000004,0.000304,-0.000689,0.001195,0.015803,0.003432,-0.088639,-0.002627,-1.050915,False
2015-03-23,-0.091441,-0.108896,0.000198,0.000011,-0.000021,0.000303,-0.000687,0.001197,0.015803,0.003432,-0.088660,-0.002781,-1.112439,False
2015-03-24,-0.087660,-0.108933,0.000203,0.000034,-0.000037,0.000303,-0.000685,0.001199,0.015803,0.003432,-0.088682,0.001022,0.408817,False
2015-03-25,-0.089187,-0.108970,0.000207,0.000057,-0.000054,0.000302,-0.000682,0.001200,0.015803,0.003432,-0.088705,-0.000482,-0.192729,False
2015-03-26,-0.089603,-0.109008,0.000210,0.000079,-0.000070,0.000301,-0.000680,0.001202,0.015803,0.003432,-0.088729,-0.000874,-0.349459,False
2015-03-27,-0.091159,-0.109045,0.000213,0.000102,-0.000087,0.000301,-0.000678,0.001204,0.015803,0.003432,-0.088755,-0.002404,-0.961760,False
2015-03-28,-0.090927,-0.109082,0.000214,0.000125,-0.000103,0.000300,-0.000675,0.001205,0.015803,0.003432,-0.088781,-0.002146,-0.858418,False
2015-03-29,-0.090710,-0.109119,0.000214,0.000147,-0.000120,0.000300,-0.000673,0.001207,0.015803,0.003432,-0.088808,-0.001902,-0.760623,False
2015-03-30,-0.087814,-0.109156,0.000213,0.000169,-0.000136,0.000299,-0.000670,0.001209,0.015803,0.003432,-0.088837,0.001023,0.409236,False
2015-03-31,-0.090715,-0.109193,0.000211,0.000191,-0.000153,0.000299,-0.000668,0.001210,0.015803,0.003433,-0.088867,-0.001848,-0.739236,False
2015-04-01,-0.088731,-0.109230,0.000208,0.000213,-0.000169,0.000298,-0.000665,0.001212,0.015803,0.003433,-0.088898,0.000167,0.066766,False
2015-04-02,-0.090658,-0.109267,0.000204,0.000235,-0.000185,0.000297,-0.000663,0.001213,0.015803,0.003433,-0.088930,-0.001728,-0.691154,False
2015-04-03,-0.088516,-0.109305,0.000200,0.000256,-0.000201,0.000297,-0.000660,0.001215,0.015803,0.003433,-0.088964,0.000448,0.179005,False
2015-04-04,-0.085744,-0.109342,0.000194,0.000277,-0.000217,0.000296,-0.000658,0.001217,0.015803,0.003433,-0.088998,0.003254,1.301641,False
2015-04-05,-0.088865,-0.109379,0.000187,0.000298,-0.000233,0.000296,-0.000655,0.001218,0.015803,0.003433,-0.089034,0.000169,0.067551,False
2015-04-06,-0.089244,-0.109416,0.000179,0.000318,-0.000249,0.000295,-0.000653,0.001220,0.015803,0.003433,-0.089071,-0.000173,-0.069269,False
2015-04-07,-0.089623,-0.109453,0.000171,0.000338,-0.000265,0.000294,-0.000650,0.001221,0.015803,0.003433,-0.089109,-0.000514,-0.205625,False
2015-04-08,-0.085923,-0.109490,0.000162,0.000357,-0.000281,0.000294,-0.000648,0.001223,0.015803,0.003433,-0.089148,0.003225,1.290073,False
2015-04-09,-0.085927,-0.109527,0.000152,0.000376,-0.000297,0.000293,-0.000645,0.001225,0.015803,0.003433,-0.089189,0.003262,1.304616,False
2015-04-10,-0.089783,-0.109564,0.000141,0.000395,-0.000313,0.000292,-0.000643,0.001226,0.015803,0.003433,-0.089230,-0.000553,-0.221209,False
2015-04-11,-0.089109,-0.109602,0.000130,0.000413,-0.000328,0.000291,-0.000640,0.001228,0.015803,0.003433,-0.089272,0.000163,0.065386,False
2015-04-12,-0.088025,-0.109639,0.000118,0.000431,-0.000344,0.000291,-0.000638,0.001229,0.015803,0.003433,-0.089316,0.001291,0.516385,False
2015-04-13,-0.089344,-0.109676,0.000105,0.000448,-0.000359,0.000290,-0.000635,0.001231,0.015803,0.003433,-0.089360,0.000016,0.006573,False
2015-04-14,-0.089720,-0.109713,0.000092,0.000465,-0.000374,0.000289,-0.000633,0.001232,0.015803,0.003433,-0.089406,-0.000314,-0.125669,False
2015-04-15,-0.093936,-0.109750,0.000078,0.000481,-0.000390,0.000289,-0.000630,0.001234,0.015803,0.003433,-0.089452,-0.004484,-1.793559,False
2015-04-16,-0.090919,-0.109787,0.000065,0.000496,-0.000405,0.000288,-0.000627,0.001236,0.015803,0.003433,-0.089499,-0.001420,-0.567916,False
2015-04-17,-0.087905,-0.109824,0.000050,0.000511,-0.000419,0.000287,-0.000625,0.001237,0.015803,0.003433,-0.089547,0.001642,0.656839,False
2015-04-18,-0.089367,-0.109862,0.000036,0.000526,-0.000434,0.000286,-0.000622,0.001239,0.015803,0.003433,-0.089596,0.000229,0.091483,False
2015-04-19,-0.090730,-0.109899,0.000021,0.000539,-0.000449,0.000286,-0.000620,0.001240,0.015803,0.003433,-0.089645,-0.001085,-0.434004,False
2015-04-20,-0.089980,-0.109936,0.000007,0.000552,-0.000464,0.000285,-0.000617,0.001242,0.015803,0.003433,-0.089695,-0.000285,-0.114047,False
2015-04-21,-0.088646,-0.109973,-0.000008,0.000565,-0.000478,0.000284,-0.000614,0.001243,0.015803,0.003433,-0.089745,0.001099,0.439731,False
2015-04-22,-0.086552,-0.110010,-0.000023,0.000577,-0.000492,0.000283,-0.000612,0.001245,0.015803,0.003433,-0.089796,0.003244,1.297708,False
2015-04-23,-0.086384,-0.110047,-0.000037,0.000588,-0.000506,0.000282,-0.000609,0.001246,0.015803,0.003433,-0.089848,0.003464,1.385458,False
2015-04-24,-0.089613,-0.110084,-0.000052,0.000598,-0.000520,0.000282,-0.000606,0.001248,0.015803,0.003433,-0.089899,0.000286,0.114557,False
2015-04-25,-0.089488,-0.110121,-0.000066,0.000608,-0.000534,0.000281,-0.000604,0.001249,0.015803,0.003433,-0.089951,0.000463,0.185383,False
2015-04-26,-0.093038,-0.110159,-0.000080,0.000617,-0.000548,0.000280,-0.000601,0.001251,0.015803,0.003433,-0.090004,-0.003034,-1.213690,False
2015-04-27,-0.087973,-0.110196,-0.000093,0.000625,-0.000561,0.000279,-0.000598,0.001252,0.015803,0.003433,-0.090056,0.002083,0.833316,False
2015-04-28,-0.089177,-0.110233,-0.000106,0.000632,-0.000575,0.000278,-0.000596,0.001254,0.015803,0.003433,-0.090109,0.000932,0.372776,False
2015-04-29,-0.089053,-0.110270,-0.000119,0.000639,-0.000588,0.000278,-0.000593,0.001255,0.015803,0.003433,-0.090162,0.001109,0.443468,False
2015-04-30,-0.089372,-0.110307,-0.000131,0.000645,-0.000601,0.000277,-0.000590,0.001257,0.015803,0.003433,-0.090214,0.000842,0.336971,False
2015-05-01,-0.091640,-0.110344,-0.000142,0.000650,-0.000613,0.000276,-0.000587,0.001258,0.015803,0.003433,-0.090267,-0.001373,-0.549138,False
2015-05-02,-0.090050,-0.110381,-0.000153,0.000655,-0.000626,0.000275,-0.000585,0.001260,0.015803,0.003433,-0.090320,0.000270,0.107922,False
2015-05-03,-0.091502,-0.110418,-0.000163,0.000658,-0.000639,0.000274,-0.000582,0.001261,0.015803,0.003433,-0.090372,-0.001130,-0.451870,False
2015-05-04,-0.092333,-0.110456,-0.000172,0.000661,-0.000651,0.000273,-0.000579,0.001262,0.015803,0.003433,-0.090425,-0.001908,-0.763332,False
2015-05-05,-0.090246,-0.110493,-0.000180,0.000663,-0.000663,0.000272,-0.000576,0.001264,0.015803,0.003433,-0.090477,0.000231,0.092318,False
2015-05-06,-0.093228,-0.110530,-0.000188,0.000664,-0.000675,0.000271,-0.000574,0.001265,0.015803,0.003433,-0.090529,-0.002699,-1.079736,False
2015-05-07,-0.090693,-0.110567,-0.000194,0.000665,-0.000686,0.000270,-0.000571,0.001267,0.015803,0.003433,-0.090580,-0.000113,-0.045108,False
2015-05-08,-0.091310,-0.110604,-0.000200,0.000665,-0.000698,0.000270,-0.000568,0.001268,0.015803,0.003433,-0.090631,-0.000679,-0.271412,False
2015-05-09,-0.093050,-0.110641,-0.000205,0.000664,-0.000709,0.000269,-0.000565,0.001270,0.015803,0.003433,-0.090682,-0.002368,-0.947062,False
2015-05-10,-0.091370,-0.110678,-0.000209,0.000662,-0.000720,0.000268,-0.000562,0.001271,0.015803,0.003433,-0.090733,-0.000637,-0.254867,False
2015-05-11,-0.090103,-0.110716,-0.000211,0.000659,-0.000731,0.000267,-0.000559,0.001272,0.015803,0.003433,-0.090783,0.000680,0.271963,False
2015-05-12,-0.088068,-0.110753,-0.000213,0.000656,-0.000742,0.000266,-0.000557,0.001274,0.015803,0.003433,-0.090833,0.002765,1.105820,False
2015-05-13,-0.090024,-0.110790,-0.000214,0.000652,-0.000752,0.000265,-0.000554,0.001275,0.015803,0.003433,-0.090882,0.000858,0.343099,False
2015-05-14,-0.092365,-0.110827,-0.000214,0.000647,-0.000762,0.000264,-0.000551,0.001277,0.015803,0.003433,-0.090930,-0.001435,-0.573807,False
2015-05-15,-0.090113,-0.110864,-0.000212,0.000641,-0.000772,0.000263,-0.000548,0.001278,0.015803,0.003433,-0.090979,0.000866,0.346301,False
2015-05-16,-0.091720,-0.110901,-0.000210,0.000634,-0.000782,0.000262,-0.000545,0.001279,0.015803,0.003433,-0.091027,-0.000693,-0.277379,False
2015-05-17,-0.092073,-0.110938,-0.000207,0.000627,-0.000791,0.000261,-0.000542,0.001281,0.015803,0.003433,-0.091074,-0.000999,-0.399647,False
2015-05-18,-0.091165,-0.110975,-0.000203,0.000619,-0.000800,0.000260,-0.000539,0.001282,0.015803,0.003433,-0.091121,-0.000044,-0.017703,False
2015-05-19,-0.092761,-0.111013,-0.000197,0.000610,-0.000809,0.000259,-0.000537,0.001283,0.015803,0.003433,-0.091167,-0.001594,-0.637541,False
2015-05-20,-0.093141,-0.111050,-0.000191,0.000601,-0.000818,0.000258,-0.000534,0.001285,0.015803,0.003433,-0.091213,-0.001928,-0.771158,False
2015-05-21,-0.093769,-0.111087,-0.000184,0.000591,-0.000827,0.000257,-0.000531,0.001286,0.015803,0.003433,-0.091259,-0.002510,-1.004148,False
2015-05-22,-0.090221,-0.111124,-0.000176,0.000580,-0.000835,0.000256,-0.000528,0.001287,0.015803,0.003433,-0.091304,0.001083,0.433096,False
2015-05-23,-0.094745,-0.111161,-0.000168,0.000568,-0.000843,0.000255,-0.000525,0.001289,0.015803,0.003433,-0.091348,-0.003397,-1.358615,False
2015-05-24,-0.093725,-0.111198,-0.000158,0.000556,-0.000851,0.000254,-0.000522,0.001290,0.015803,0.003433,-0.091393,-0.002332,-0.932872,False
2015-05-25,-0.089187,-0.111235,-0.000148,0.000543,-0.000858,0.000253,-0.000519,0.001291,0.015803,0.003433,-0.091437,0.002250,0.899935,False
2015-05-26,-0.090902,-0.111272,-0.000137,0.000530,-0.000866,0.000252,-0.000516,0.001293,0.015803,0.003433,-0.091481,0.000579,0.231421,False
2015-05-27,-0.092847,-0.111310,-0.000125,0.000516,-0.000873,0.000250,-0.000513,0.001294,0.015803,0.003434,-0.091524,-0.001323,-0.529202,False
2015-05-28,-0.094413,-0.111347,-0.000113,0.000501,-0.000879,0.000249,-0.000510,0.001295,0.015803,0.003434,-0.091567,-0.002846,-1.138319,False
2015-05-29,-0.091216,-0.111384,-0.000100,0.000485,-0.000886,0.000248,-0.000507,0.001297,0.015803,0.003434,-0.091610,0.000394,0.157685,False
2015-05-30,-0.093106,-0.111421,-0.000087,0.000470,-0.000892,0.000247,-0.000504,0.001298,0.015803,0.003434,-0.091653,-0.001453,-0.581173,False
2015-05-31,-0.090450,-0.111458,-0.000073,0.000453,-0.000898,0.000246,-0.000501,0.001299,0.015803,0.003434,-0.091696,0.001246,0.498323,False
2015-06-01,-0.093452,-0.111495,-0.000059,0.000436,-0.000904,0.000245,-0.000498,0.001301,0.015803,0.003434,-0.091738,-0.001714,-0.685410,False
2015-06-02,-0.092002,-0.111532,-0.000045,0.000419,-0.000909,0.000244,-0.000495,0.001302,0.015803,0.003434,-0.091781,-0.000221,-0.088352,False
2015-06-03,-0.092029,-0.111570,-0.000030,0.000400,-0.000914,0.000243,-0.000492,0.001303,0.015803,0.003434,-0.091824,-0.000205,-0.082088,False
2015-06-04,-0.093194,-0.111607,-0.000016,0.000382,-0.000919,0.000242,-0.000489,0.001304,0.015803,0.003434,-0.091867,-0.001327,-0.530997,False
2015-06-05,-0.094069,-0.111644,-0.000001,0.000363,-0.000924,0.000240,-0.000486,0.001306,0.015803,0.003434,-0.091909,-0.002160,-0.863862,False
2015-06-06,-0.092219,-0.111681,0.000014,0.000344,-0.000928,0.000239,-0.000483,0.001307,0.015803,0.003434,-0.091952,-0.000267,-0.106664,False
2015-06-07,-0.094897,-0.111718,0.000028,0.000324,-0.000932,0.000238,-0.000480,0.001308,0.015803,0.003434,-0.091996,-0.002901,-1.160586,False
2015-06-08,-0.092800,-0.111755,0.000043,0.000304,-0.000936,0.000237,-0.000477,0.001309,0.015803,0.003434,-0.092039,-0.000761,-0.304408,False
2015-06-09,-0.092037,-0.111792,0.000057,0.000283,-0.000940,0.000236,-0.000474,0.001311,0.015803,0.003434,-0.092083,0.000046,0.018286,False
2015-06-10,-0.094160,-0.111829,0.000071,0.000262,-0.000943,0.000235,-0.000471,0.001312,0.015803,0.003434,-0.092127,-0.002033,-0.813287,False
2015-06-11,-0.093516,-0.111867,0.000085,0.000241,-0.000946,0.000233,-0.000468,0.001313,0.015803,0.003434,-0.092171,-0.001345,-0.537910,False
2015-06-12,-0.092872,-0.111904,0.000098,0.000220,-0.000949,0.000232,-0.000465,0.001314,0.015803,0.003434,-0.092216,-0.000656,-0.262368,False
2015-06-13,-0.094503,-0.111941,0.000111,0.000198,-0.000951,0.000231,-0.000462,0.001316,0.015803,0.003434,-0.092261,-0.002242,-0.896646,False
2015-06-14,-0.097692,-0.111978,0.000123,0.000176,-0.000953,0.000230,-0.000458,0.001317,0.015803,0.003434,-0.092307,-0.005385,-2.153930,False
2015-06-15,-0.095825,-0.112015,0.000135,0.000154,-0.000955,0.000229,-0.000455,0.001318,0.015803,0.003434,-0.092353,-0.003472,-1.388608,False
2015-06-16,-0.094656,-0.112052,0.000146,0.000131,-0.000957,0.000227,-0.000452,0.001319,0.015803,0.003434,-0.092400,-0.002256,-0.902267,False
2015-06-17,-0.097456,-0.112089,0.000157,0.000109,-0.000958,0.000226,-0.000449,0.001320,0.015803,0.003434,-0.092448,-0.005008,-2.003298,False
2015-06-18,-0.094411,-0.112126,0.000166,0.000086,-0.000959,0.000225,-0.000446,0.001322,0.015803,0.003434,-0.092496,-0.001915,-0.766092,False
2015-06-19,-0.094499,-0.112164,0.000175,0.000063,-0.000960,0.000224,-0.000443,0.001323,0.015803,0.003434,-0.092544,-0.001955,-0.781841,False
2015-06-20,-0.096108,-0.112201,0.000183,0.000041,-0.000960,0.000222,-0.000440,0.001324,0.015803,0.003434,-0.092594,-0.003514,-1.405740,False
2015-06-21,-0.095969,-0.112238,0.000190,0.000018,-0.000960,0.000221,-0.000437,0.001325,0.015803,0.003434,-0.092644,-0.003325,-1.330184,False
2015-06-22,-0.094010,-0.112275,0.000197,-0.000005,-0.000960,0.000220,-0.000433,0.001326,0.015803,0.003434,-0.092694,-0.001316,-0.526370,False
2015-06-23,-0.095337,-0.112312,0.000202,-0.000028,-0.000960,0.000219,-0.000430,0.001327,0.015803,0.003434,-0.092745,-0.002592,-1.036697,False
2015-06-24,-0.094386,-0.112349,0.000206,-0.000051,-0.000959,0.000217,-0.000427,0.001329,0.015803,0.003434,-0.092797,-0.001589,-0.635566,False
2015-06-25,-0.094254,-0.112386,0.000210,-0.000074,-0.000958,0.000216,-0.000424,0.001330,0.015803,0.003434,-0.092850,-0.001404,-0.561779,False
2015-06-26,-0.092760,-0.112424,0.000212,-0.000096,-0.000957,0.000215,-0.000421,0.001331,0.015803,0.003434,-0.092903,0.000143,0.057059,False
2015-06-27,-0.093015,-0.112461,0.000214,-0.000119,-0.000955,0.000214,-0.000418,0.001332,0.015803,0.003434,-0.092956,-0.000059,-0.023457,False
2015-06-28,-0.094957,-0.112498,0.000214,-0.000142,-0.000953,0.000212,-0.000414,0.001333,0.015803,0.003434,-0.093011,-0.001946,-0.778536,False
2015-06-29,-0.094227,-0.112535,0.000213,-0.000164,-0.000951,0.000211,-0.000411,0.001334,0.015803,0.003434,-0.093066,-0.001161,-0.464587,False
2015-06-30,-0.094166,-0.112572,0.000212,-0.000186,-0.000949,0.000210,-0.000408,0.001335,0.015803,0.003434,-0.093121,-0.001045,-0.418022,False
2015-07-01,-0.094875,-0.112609,0.000209,-0.000208,-0.000946,0.000208,-0.000405,0.001337,0.015803,0.003434,-0.093177,-0.001698,-0.679253,False
2015-07-02,-0.093525,-0.112646,0.000205,-0.000229,-0.000943,0.000207,-0.000402,0.001338,0.015803,0.003434,-0.093233,-0.000292,-0.116696,False
2015-07-03,-0.093940,-0.112683,0.000201,-0.000251,-0.000940,0.000206,-0.000398,0.001339,0.015803,0.003434,-0.093290,-0.000650,-0.259968,False
2015-07-04,-0.093018,-0.112721,0.000195,-0.000272,-0.000936,0.000204,-0.000395,0.001340,0.015803,0.003434,-0.093347,0.000329,0.131713,False
2015-07-05,-0.096503,-0.112758,0.000189,-0.000292,-0.000932,0.000203,-0.000392,0.001341,0.015803,0.003434,-0.093405,-0.003098,-1.239273,False
2015-07-06,-0.094762,-0.112795,0.000181,-0.000313,-0.000928,0.000202,-0.000389,0.001342,0.015803,0.003434,-0.093463,-0.001299,-0.519747,False
2015-07-07,-0.091961,-0.112832,0.000173,-0.000333,-0.000924,0.000200,-0.000385,0.001343,0.015803,0.003434,-0.093521,0.001560,0.623866,False
2015-07-08,-0.093559,-0.112869,0.000164,-0.000353,-0.000919,0.000199,-0.000382,0.001344,0.015803,0.003434,-0.093579,0.000020,0.007943,False
2015-07-09,-0.095006,-0.112906,0.000154,-0.000372,-0.000914,0.000197,-0.000379,0.001345,0.015803,0.003434,-0.093637,-0.001369,-0.547543,False
2015-07-10,-0.094747,-0.112943,0.000144,-0.000390,-0.000909,0.000196,-0.000376,0.001346,0.015803,0.003434,-0.093695,-0.001052,-0.420618,False
2015-07-11,-0.095474,-0.112980,0.000133,-0.000409,-0.000904,0.000195,-0.000372,0.001347,0.015803,0.003434,-0.093754,-0.001720,-0.688112,False
2015-07-12,-0.095550,-0.113018,0.000121,-0.000427,-0.000898,0.000193,-0.000369,0.001348,0.015803,0.003434,-0.093812,-0.001738,-0.695252,False
2015-07-13,-0.095446,-0.113055,0.000108,-0.000444,-0.000892,0.000192,-0.000366,0.001349,0.015803,0.003434,-0.093870,-0.001576,-0.630470,False
2015-07-14,-0.094012,-0.113092,0.000095,-0.000461,-0.000886,0.000191,-0.000363,0.001350,0.015803,0.003434,-0.093928,-0.000084,-0.033796,False
2015-07-15,-0.096609,-0.113129,0.000082,-0.000477,-0.000879,0.000189,-0.000359,0.001351,0.015803,0.003434,-0.093985,-0.002624,-1.049663,False
2015-07-16,-0.093712,-0.113166,0.000068,-0.000493,-0.000872,0.000188,-0.000356,0.001353,0.015803,0.003434,-0.094042,0.000330,0.131898,False
2015-07-17,-0.093103,-0.113203,0.000054,-0.000508,-0.000865,0.000186,-0.000353,0.001354,0.015803,0.003434,-0.094098,0.000995,0.398054,False
2015-07-18,-0.094786,-0.113240,0.000040,-0.000522,-0.000858,0.000185,-0.000349,0.001355,0.015803,0.003434,-0.094154,-0.000632,-0.252830,False
2015-07-19,-0.093615,-0.113278,0.000025,-0.000536,-0.000851,0.000183,-0.000346,0.001356,0.015803,0.003434,-0.094209,0.000594,0.237615,False
2015-07-20,-0.094478,-0.113315,0.000010,-0.000549,-0.000843,0.000182,-0.000343,0.001357,0.015803,0.003434,-0.094263,-0.000215,-0.085844,False
2015-07-21,-0.096660,-0.113352,-0.000004,-0.000562,-0.000835,0.000181,-0.000339,0.001358,0.015803,0.003434,-0.094317,-0.002343,-0.937242,False
2015-07-22,-0.096818,-0.113389,-0.000019,-0.000574,-0.000826,0.000179,-0.000336,0.001359,0.015803,0.003434,-0.094369,-0.002449,-0.979412,False
2015-07-23,-0.096332,-0.113426,-0.000034,-0.000585,-0.000818,0.000178,-0.000333,0.001360,0.015803,0.003434,-0.094421,-0.001911,-0.764384,False
2015-07-24,-0.096258,-0.113463,-0.000048,-0.000596,-0.000809,0.000176,-0.000329,0.001360,0.015803,0.003434,-0.094472,-0.001786,-0.714593,False
2015-07-25,-0.095141,-0.113500,-0.000062,-0.000605,-0.000800,0.000175,-0.000326,0.001361,0.015803,0.003434,-0.094521,-0.000620,-0.248068,False
2015-07-26,-0.097065,-0.113537,-0.000076,-0.000614,-0.000791,0.000173,-0.000323,0.001362,0.015803,0.003434,-0.094569,-0.002496,-0.998441,False
2015-07-27,-0.097810,-0.113575,-0.000090,-0.000623,-0.000781,0.000172,-0.000319,0.001363,0.015803,0.003434,-0.094616,-0.003194,-1.277741,False
2015-07-28,-0.096004,-0.113612,-0.000103,-0.000630,-0.000772,0.000170,-0.000316,0.001364,0.015803,0.003434,-0.094661,-0.001343,-0.537197,False
2015-07-29,-0.099225,-0.113649,-0.000116,-0.000637,-0.000762,0.000169,-0.000313,0.001365,0.015803,0.003434,-0.094705,-0.004520,-1.808037,False
2015-07-30,-0.098476,-0.113686,-0.000128,-0.000644,-0.000752,0.000167,-0.000309,0.001366,0.015803,0.003434,-0.094747,-0.003729,-1.491485,False
2015-07-31,-0.094926,-0.113723,-0.000139,-0.000649,-0.000741,0.000166,-0.000306,0.001367,0.015803,0.003434,-0.094788,-0.000138,-0.055167,False
2015-08-01,-0.096169,-0.113760,-0.000150,-0.000654,-0.000731,0.000164,-0.000302,0.001368,0.015803,0.003434,-0.094827,-0.001342,-0.536707,False
2015-08-02,-0.097988,-0.113797,-0.000160,-0.000657,-0.000720,0.000163,-0.000299,0.001369,0.015803,0.003434,-0.094865,-0.003123,-1.249324,False
2015-08-03,-0.096641,-0.113834,-0.000170,-0.000660,-0.000709,0.000161,-0.000296,0.001370,0.015803,0.003434,-0.094900,-0.001741,-0.696240,False
2015-08-04,-0.095674,-0.113872,-0.000178,-0.000663,-0.000697,0.000160,-0.000292,0.001371,0.015803,0.003434,-0.094934,-0.000740,-0.295872,False
2015-08-05,-0.098831,-0.113909,-0.000186,-0.000664,-0.000686,0.000158,-0.000289,0.001372,0.015803,0.003434,-0.094966,-0.003865,-1.545837,False
2015-08-06,-0.096483,-0.113946,-0.000193,-0.000665,-0.000674,0.000157,-0.000285,0.001373,0.015803,0.003434,-0.094997,-0.001486,-0.594547,False
2015-08-07,-0.093750,-0.113983,-0.000199,-0.000665,-0.000662,0.000155,-0.000282,0.001373,0.015803,0.003434,-0.095025,0.001275,0.509984,False
2015-08-08,-0.093253,-0.114020,-0.000204,-0.000664,-0.000650,0.000154,-0.000279,0.001374,0.015803,0.003434,-0.095051,0.001798,0.719348,False
2015-08-09,-0.096073,-0.114057,-0.000208,-0.000662,-0.000638,0.000152,-0.000275,0.001375,0.015803,0.003434,-0.095076,-0.000997,-0.398863,False
2015-08-10,-0.093301,-0.114094,-0.000211,-0.000660,-0.000626,0.000151,-0.000272,0.001376,0.015803,0.003434,-0.095098,0.001797,0.718944,False
2015-08-11,-0.094071,-0.114132,-0.000213,-0.000657,-0.000613,0.000149,-0.000268,0.001377,0.015803,0.003434,-0.095119,0.001048,0.419168,False
2015-08-12,-0.092657,-0.114169,-0.000214,-0.000653,-0.000600,0.000148,-0.000265,0.001378,0.015803,0.003434,-0.095138,0.002481,0.992207,False
2015-08-13,-0.093079,-0.114206,-0.000214,-0.000648,-0.000587,0.000146,-0.000262,0.001379,0.015803,0.003434,-0.095154,0.002075,0.830063,False
2015-08-14,-0.094240,-0.114243,-0.000213,-0.000642,-0.000574,0.000144,-0.000258,0.001380,0.015803,0.003434,-0.095169,0.000929,0.371539,False
2015-08-15,-0.093008,-0.114280,-0.000211,-0.000636,-0.000561,0.000143,-0.000255,0.001380,0.015803,0.003434,-0.095182,0.002174,0.869442,False
2015-08-16,-0.095667,-0.114317,-0.000208,-0.000629,-0.000547,0.000141,-0.000251,0.001381,0.015803,0.003434,-0.095192,-0.000475,-0.189820,False
2015-08-17,-0.093608,-0.114354,-0.000204,-0.000621,-0.000534,0.000140,-0.000248,0.001382,0.015803,0.003434,-0.095201,0.001593,0.637364,False
2015-08-18,-0.098228,-0.114391,-0.000199,-0.000613,-0.000520,0.000138,-0.000244,0.001383,0.015803,0.003434,-0.095209,-0.003019,-1.207794,False
2015-08-19,-0.096362,-0.114429,-0.000193,-0.000603,-0.000506,0.000137,-0.000241,0.001384,0.015803,0.003435,-0.095214,-0.001148,-0.459079,False
2015-08-20,-0.094495,-0.114466,-0.000186,-0.000593,-0.000492,0.000135,-0.000237,0.001385,0.015803,0.003435,-0.095217,0.000722,0.288928,False
2015-08-21,-0.095510,-0.114503,-0.000178,-0.000583,-0.000477,0.000133,-0.000234,0.001385,0.015803,0.003435,-0.095219,-0.000291,-0.116355,False
2015-08-22,-0.099083,-0.114540,-0.000170,-0.000571,-0.000463,0.000132,-0.000230,0.001386,0.015803,0.003435,-0.095219,-0.003864,-1.545507,False
2015-08-23,-0.092131,-0.114577,-0.000161,-0.000559,-0.000448,0.000130,-0.000227,0.001387,0.015803,0.003435,-0.095218,0.003087,1.234696,False
2015-08-24,-0.091754,-0.114614,-0.000150,-0.000547,-0.000434,0.000129,-0.000223,0.001388,0.015803,0.003435,-0.095215,0.003461,1.384279,False
2015-08-25,-0.096750,-0.114651,-0.000140,-0.000533,-0.000419,0.000127,-0.000220,0.001388,0.015803,0.003435,-0.095210,-0.001540,-0.615931,False
2015-08-26,-0.096672,-0.114688,-0.000128,-0.000519,-0.000404,0.000125,-0.000217,0.001389,0.015803,0.003435,-0.095204,-0.001468,-0.587105,False
2015-08-27,-0.096652,-0.114726,-0.000116,-0.000505,-0.000389,0.000124,-0.000213,0.001390,0.015803,0.003435,-0.095197,-0.001455,-0.582014,False
2015-08-28,-0.096653,-0.114763,-0.000103,-0.000489,-0.000374,0.000122,-0.000210,0.001391,0.015803,0.003435,-0.095188,-0.001465,-0.585825,False
2015-08-29,-0.092796,-0.114800,-0.000090,-0.000474,-0.000359,0.000121,-0.000206,0.001392,0.015803,0.003435,-0.095179,0.002383,0.953094,False
2015-08-30,-0.094488,-0.114837,-0.000077,-0.000457,-0.000343,0.000119,-0.000203,0.001392,0.015803,0.003435,-0.095168,0.000680,0.271977,False
2015-08-31,-0.094152,-0.114874,-0.000063,-0.000440,-0.000328,0.000117,-0.000199,0.001393,0.015803,0.003435,-0.095156,0.001004,0.401660,False
2015-09-01,-0.097500,-0.114911,-0.000049,-0.000423,-0.000312,0.000116,-0.000196,0.001394,0.015803,0.003435,-0.095143,-0.002357,-0.942620,False
2015-09-02,-0.094362,-0.114948,-0.000034,-0.000405,-0.000296,0.000114,-0.000192,0.001394,0.015803,0.003435,-0.095130,0.000768,0.307172,False
2015-09-03,-0.097026,-0.114986,-0.000020,-0.000387,-0.000281,0.000112,-0.000189,0.001395,0.015803,0.003435,-0.095116,-0.001910,-0.764125,False
2015-09-04,-0.095041,-0.115023,-0.000005,-0.000368,-0.000265,0.000111,-0.000185,0.001396,0.015803,0.003435,-0.095101,0.000060,0.023928,False
2015-09-05,-0.094433,-0.115060,0.000010,-0.000348,-0.000249,0.000109,-0.000182,0.001397,0.015803,0.003435,-0.095085,0.000652,0.260968,False
2015-09-06,-0.093836,-0.115097,0.000025,-0.000329,-0.000233,0.000108,-0.000178,0.001397,0.015803,0.003435,-0.095070,0.001234,0.493435,False
2015-09-07,-0.094183,-0.115134,0.000039,-0.000309,-0.000217,0.000106,-0.000175,0.001398,0.015803,0.003435,-0.095053,0.000870,0.348168,False
2015-09-08,-0.093166,-0.115171,0.000054,-0.000288,-0.000201,0.000104,-0.000171,0.001399,0.015803,0.003435,-0.095037,0.001871,0.748406,False
2015-09-09,-0.092429,-0.115208,0.000068,-0.000267,-0.000184,0.000103,-0.000167,0.001399,0.015803,0.003435,-0.095020,0.002591,1.036587,False
2015-09-10,-0.094337,-0.115245,0.000081,-0.000246,-0.000168,0.000101,-0.000164,0.001400,0.015803,0.003435,-0.095004,0.000667,0.266751,False
2015-09-11,-0.093502,-0.115283,0.000095,-0.000225,-0.000152,0.000099,-0.000160,0.001401,0.015803,0.003435,-0.094987,0.001485,0.594136,False
2015-09-12,-0.094395,-0.115320,0.000108,-0.000203,-0.000136,0.000098,-0.000157,0.001401,0.015803,0.003435,-0.094971,0.000576,0.230378,False
2015-09-13,-0.096638,-0.115357,0.000120,-0.000181,-0.000119,0.000096,-0.000153,0.001402,0.015803,0.003435,-0.094955,-0.001683,-0.673285,False
2015-09-14,-0.095069,-0.115394,0.000132,-0.000159,-0.000103,0.000094,-0.000150,0.001403,0.015803,0.003435,-0.094939,-0.000130,-0.052017,False
2015-09-15,-0.093552,-0.115431,0.000143,-0.000137,-0.000086,0.000093,-0.000146,0.001403,0.015803,0.003435,-0.094924,0.001372,0.548616,False
2015-09-16,-0.094201,-0.115468,0.000154,-0.000114,-0.000070,0.000091,-0.000143,0.001404,0.015803,0.003435,-0.094909,0.000708,0.283049,False
2015-09-17,-0.095503,-0.115505,0.000164,-0.000092,-0.000053,0.000089,-0.000139,0.001405,0.015803,0.003435,-0.094894,-0.000609,-0.243485,False
2015-09-18,-0.097274,-0.115542,0.000173,-0.000069,-0.000037,0.000088,-0.000136,0.001405,0.015803,0.003435,-0.094881,-0.002393,-0.957356,False
2015-09-19,-0.096849,-0.115580,0.000181,-0.000046,-0.000020,0.000086,-0.000132,0.001406,0.015803,0.003435,-0.094868,-0.001981,-0.792534,False
2015-09-20,-0.097445,-0.115617,0.000189,-0.000023,-0.000004,0.000084,-0.000129,0.001407,0.015803,0.003435,-0.094856,-0.002589,-1.035790,False
2015-09-21,-0.096128,-0.115654,0.000195,-0.000000,0.000013,0.000082,-0.000125,0.001407,0.015803,0.003435,-0.094844,-0.001284,-0.513497,False
2015-09-22,-0.095432,-0.115691,0.000201,0.000022,0.000029,0.000081,-0.000121,0.001408,0.015803,0.003435,-0.094834,-0.000598,-0.239230,False
2015-09-23,-0.095632,-0.115728,0.000205,0.000045,0.000046,0.000079,-0.000118,0.001408,0.015803,0.003435,-0.094825,-0.000807,-0.322966,False
2015-09-24,-0.093939,-0.115765,0.000209,0.000068,0.000062,0.000077,-0.000114,0.001409,0.015803,0.003435,-0.094816,0.000877,0.350917,False
2015-09-25,-0.096746,-0.115802,0.000212,0.000091,0.000079,0.000076,-0.000111,0.001410,0.015803,0.003435,-0.094809,-0.001937,-0.774761,False
2015-09-26,-0.095610,-0.115840,0.000213,0.000113,0.000095,0.000074,-0.000107,0.001410,0.015803,0.003435,-0.094803,-0.000807,-0.322783,False
2015-09-27,-0.095018,-0.115877,0.000214,0.000136,0.000112,0.000072,-0.000104,0.001411,0.015803,0.003435,-0.094798,-0.000220,-0.087933,False
2015-09-28,-0.094632,-0.115914,0.000214,0.000158,0.000128,0.000071,-0.000100,0.001411,0.015803,0.003435,-0.094795,0.000163,0.065003,False
2015-09-29,-0.094710,-0.115951,0.000212,0.000180,0.000144,0.000069,-0.000097,0.001412,0.015803,0.003435,-0.094792,0.000082,0.032836,False
2015-09-30,-0.094058,-0.115988,0.000210,0.000202,0.000161,0.000067,-0.000093,0.001412,0.015803,0.003435,-0.094791,0.000733,0.293178,False
2015-10-01,-0.094142,-0.116025,0.000206,0.000224,0.000177,0.000065,-0.000089,0.001413,0.015803,0.003435,-0.094791,0.000649,0.259635,False
2015-10-02,-0.096568,-0.116062,0.000202,0.000245,0.000193,0.000064,-0.000086,0.001414,0.015803,0.003435,-0.094793,-0.001775,-0.710187,False
2015-10-03,-0.096257,-0.116099,0.000197,0.000267,0.000209,0.000062,-0.000082,0.001414,0.015803,0.003435,-0.094795,-0.001462,-0.584684,False
2015-10-04,-0.093146,-0.116137,0.000191,0.000287,0.000225,0.000060,-0.000079,0.001415,0.015803,0.003435,-0.094799,0.001653,0.661346,False
2015-10-05,-0.094362,-0.116174,0.000183,0.000308,0.000241,0.000059,-0.000075,0.001415,0.015803,0.003435,-0.094805,0.000443,0.177103,False
2015-10-06,-0.093896,-0.116211,0.000175,0.000328,0.000257,0.000057,-0.000072,0.001416,0.015803,0.003435,-0.094811,0.000915,0.366185,False
2015-10-07,-0.094797,-0.116248,0.000166,0.000348,0.000273,0.000055,-0.000068,0.001416,0.015803,0.003435,-0.094819,0.000022,0.008988,False
2015-10-08,-0.095594,-0.116285,0.000157,0.000367,0.000289,0.000053,-0.000064,0.001417,0.015803,0.003435,-0.094829,-0.000765,-0.306094,False
2015-10-09,-0.094346,-0.116322,0.000146,0.000386,0.000305,0.000052,-0.000061,0.001417,0.015803,0.003435,-0.094839,0.000493,0.197333,False
2015-10-10,-0.093379,-0.116359,0.000135,0.000404,0.000320,0.000050,-0.000057,0.001418,0.015803,0.003435,-0.094851,0.001472,0.588860,False
2015-10-11,-0.093448,-0.116396,0.000124,0.000422,0.000336,0.000048,-0.000054,0.001418,0.015803,0.003435,-0.094864,0.001416,0.566475,False
2015-10-12,-0.094216,-0.116434,0.000111,0.000440,0.000351,0.000046,-0.000050,0.001419,0.015803,0.003435,-0.094878,0.000662,0.264835,False
2015-10-13,-0.094985,-0.116471,0.000099,0.000457,0.000367,0.000045,-0.000046,0.001419,0.015803,0.003435,-0.094894,-0.000091,-0.036342,False
2015-10-14,-0.095753,-0.116508,0.000085,0.000473,0.000382,0.000043,-0.000043,0.001420,0.015803,0.003435,-0.094910,-0.000843,-0.337069,False
2015-10-15,-0.093786,-0.116545,0.000072,0.000489,0.000397,0.000041,-0.000039,0.001420,0.015803,0.003435,-0.094928,0.001142,0.456771,False
2015-10-16,-0.095457,-0.116582,0.000057,0.000504,0.000412,0.000039,-0.000036,0.001421,0.015803,0.003435,-0.094947,-0.000510,-0.204172,False
2015-10-17,-0.092520,-0.116619,0.000043,0.000519,0.000427,0.000038,-0.000032,0.001421,0.015803,0.003435,-0.094966,0.002446,0.978485,False
2015-10-18,-0.094300,-0.116656,0.000029,0.000533,0.000442,0.000036,-0.000029,0.001421,0.015803,0.003435,-0.094987,0.000687,0.274723,False
2015-10-19,-0.093937,-0.116694,0.000014,0.000546,0.000456,0.000034,-0.000025,0.001422,0.015803,0.003435,-0.095008,0.001071,0.428522,False
2015-10-20,-0.094012,-0.116731,-0.000001,0.000559,0.000471,0.000033,-0.000021,0.001422,0.015803,0.003435,-0.095031,0.001019,0.407464,False
2015-10-21,-0.093344,-0.116768,-0.000015,0.000571,0.000485,0.000031,-0.000018,0.001423,0.015803,0.003435,-0.095054,0.001710,0.683929,False
2015-10-22,-0.093101,-0.116805,-0.000030,0.000582,0.000499,0.000029,-0.000014,0.001423,0.015803,0.003435,-0.095078,0.001977,0.790695,False
2015-10-23,-0.094786,-0.116842,-0.000045,0.000593,0.000513,0.000027,-0.000011,0.001424,0.015803,0.003435,-0.095102,0.000316,0.126541,False
2015-10-24,-0.094740,-0.116879,-0.000059,0.000603,0.000527,0.000026,-0.000007,0.001424,0.015803,0.003435,-0.095128,0.000388,0.155048,False
2015-10-25,-0.095820,-0.116916,-0.000073,0.000612,0.000541,0.000024,-0.000003,0.001424,0.015803,0.003435,-0.095153,-0.000667,-0.266605,False
2015-10-26,-0.096462,-0.116953,-0.000087,0.000621,0.000555,0.000022,0.000000,0.001425,0.015803,0.003435,-0.095180,-0.001282,-0.512839,False
2015-10-27,-0.092488,-0.116991,-0.000100,0.000629,0.000568,0.000020,0.000004,0.001425,0.015803,0.003435,-0.095207,0.002719,1.087525,False
2015-10-28,-0.095317,-0.117028,-0.000113,0.000636,0.000581,0.000019,0.000007,0.001425,0.015803,0.003435,-0.095234,-0.000083,-0.033132,False
2015-10-29,-0.093471,-0.117065,-0.000125,0.000642,0.000594,0.000017,0.000011,0.001426,0.015803,0.003435,-0.095262,0.001791,0.716371,False
2015-10-30,-0.096546,-0.117102,-0.000136,0.000648,0.000607,0.000015,0.000014,0.001426,0.015803,0.003435,-0.095290,-0.001256,-0.502385,False
2015-10-31,-0.096475,-0.117139,-0.000148,0.000652,0.000620,0.000013,0.000018,0.001427,0.015803,0.003435,-0.095318,-0.001157,-0.462618,False
2015-11-01,-0.096234,-0.117176,-0.000158,0.000657,0.000632,0.000012,0.000022,0.001427,0.015803,0.003435,-0.095347,-0.000887,-0.354745,False
2015-11-02,-0.097287,-0.117213,-0.000167,0.000660,0.000645,0.000010,0.000025,0.001427,0.015803,0.003435,-0.095376,-0.001911,-0.764382,False
2015-11-03,-0.096128,-0.117250,-0.000176,0.000662,0.000657,0.000008,0.000029,0.001428,0.015803,0.003435,-0.095405,-0.000723,-0.289144,False
2015-11-04,-0.096084,-0.117288,-0.000184,0.000664,0.000669,0.000006,0.000032,0.001428,0.015803,0.003435,-0.095434,-0.000650,-0.259846,False
2015-11-05,-0.094387,-0.117325,-0.000191,0.000665,0.000681,0.000005,0.000036,0.001428,0.015803,0.003435,-0.095464,0.001077,0.430700,False
2015-11-06,-0.095357,-0.117362,-0.000197,0.000665,0.000692,0.000003,0.000040,0.001429,0.015803,0.003435,-0.095493,0.000136,0.054482,False
2015-11-07,-0.094718,-0.117399,-0.000203,0.000664,0.000703,0.000001,0.000043,0.001429,0.015803,0.003435,-0.095523,0.000805,0.321891,False
2015-11-08,-0.096009,-0.117436,-0.000207,0.000663,0.000715,-0.000001,0.000047,0.001429,0.015803,0.003435,-0.095552,-0.000457,-0.182684,False
2015-11-09,-0.093268,-0.117473,-0.000210,0.000661,0.000726,-0.000002,0.000050,0.001430,0.015803,0.003435,-0.095582,0.002314,0.925551,False
2015-11-10,-0.095946,-0.117510,-0.000212,0.000658,0.000736,-0.000004,0.000054,0.001430,0.015803,0.003435,-0.095611,-0.000335,-0.133810,False
2015-11-11,-0.096932,-0.117548,-0.000214,0.000654,0.000747,-0.000006,0.000057,0.001430,0.015803,0.003435,-0.095641,-0.001291,-0.516371,False
2015-11-12,-0.098046,-0.117585,-0.000214,0.000649,0.000757,-0.000008,0.000061,0.001430,0.015803,0.003435,-0.095671,-0.002375,-0.950137,False
2015-11-13,-0.096954,-0.117622,-0.000213,0.000644,0.000767,-0.000010,0.000065,0.001431,0.015803,0.003435,-0.095700,-0.001254,-0.501507,False
2015-11-14,-0.096566,-0.117659,-0.000211,0.000638,0.000777,-0.000011,0.000068,0.001431,0.015803,0.003435,-0.095730,-0.000836,-0.334483,False
2015-11-15,-0.097259,-0.117696,-0.000209,0.000631,0.000787,-0.000013,0.000072,0.001431,0.015803,0.003435,-0.095759,-0.001500,-0.599863,False
2015-11-16,-0.097952,-0.117733,-0.000205,0.000623,0.000796,-0.000015,0.000075,0.001432,0.015803,0.003435,-0.095789,-0.002163,-0.865243,False
2015-11-17,-0.094211,-0.117770,-0.000200,0.000615,0.000805,-0.000017,0.000079,0.001432,0.015803,0.003435,-0.095818,0.001607,0.642982,False
2015-11-18,-0.095742,-0.117807,-0.000195,0.000606,0.000814,-0.000018,0.000082,0.001432,0.015803,0.003435,-0.095848,0.000106,0.042416,False
2015-11-19,-0.095647,-0.117845,-0.000188,0.000596,0.000823,-0.000020,0.000086,0.001432,0.015803,0.003435,-0.095878,0.000231,0.092269,False
2015-11-20,-0.100191,-0.117882,-0.000180,0.000585,0.000831,-0.000022,0.000090,0.001433,0.015803,0.003435,-0.095907,-0.004284,-1.713452,False
2015-11-21,-0.095496,-0.117919,-0.000172,0.000574,0.000839,-0.000024,0.000093,0.001433,0.015803,0.003435,-0.095937,0.000441,0.176463,False
2015-11-22,-0.093089,-0.117956,-0.000163,0.000562,0.000847,-0.000025,0.000097,0.001433,0.015803,0.003435,-0.095967,0.002878,1.151227,False
2015-11-23,-0.093591,-0.117993,-0.000153,0.000550,0.000855,-0.000027,0.000100,0.001433,0.015803,0.003435,-0.095997,0.002406,0.962452,False
2015-11-24,-0.094093,-0.118030,-0.000142,0.000537,0.000862,-0.000029,0.000104,0.001433,0.015803,0.003435,-0.096027,0.001934,0.773752,False
2015-11-25,-0.094708,-0.118067,-0.000131,0.000523,0.000869,-0.000030,0.000107,0.001434,0.015803,0.003435,-0.096058,0.001350,0.539941,False
2015-11-26,-0.095773,-0.118104,-0.000119,0.000508,0.000876,-0.000032,0.000111,0.001434,0.015803,0.003435,-0.096089,0.000316,0.126235,False
2015-11-27,-0.097060,-0.118142,-0.000107,0.000493,0.000883,-0.000034,0.000115,0.001434,0.015803,0.003435,-0.096120,-0.000940,-0.376149,False
2015-11-28,-0.097117,-0.118179,-0.000094,0.000478,0.000889,-0.000036,0.000118,0.001434,0.015803,0.003435,-0.096151,-0.000966,-0.386394,False
2015-11-29,-0.096689,-0.118216,-0.000080,0.000461,0.000895,-0.000037,0.000122,0.001434,0.015803,0.003435,-0.096183,-0.000506,-0.202481,False
2015-11-30,-0.094031,-0.118253,-0.000066,0.000445,0.000901,-0.000039,0.000125,0.001435,0.015803,0.003435,-0.096215,0.002184,0.873607,False
2015-12-01,-0.093381,-0.118290,-0.000052,0.000427,0.000907,-0.000041,0.000129,0.001435,0.015803,0.003435,-0.096248,0.002867,1.146690,False
2015-12-02,-0.097623,-0.118327,-0.000038,0.000410,0.000912,-0.000043,0.000132,0.001435,0.015803,0.003435,-0.096281,-0.001342,-0.536813,False
2015-12-03,-0.097979,-0.118364,-0.000023,0.000391,0.000917,-0.000044,0.000136,0.001435,0.015803,0.003435,-0.096315,-0.001664,-0.665683,False
2015-12-04,-0.098162,-0.118402,-0.000008,0.000373,0.000922,-0.000046,0.000139,0.001435,0.015803,0.003435,-0.096349,-0.001813,-0.725099,False
2015-12-05,-0.099147,-0.118439,0.000006,0.000353,0.000926,-0.000048,0.000143,0.001435,0.015803,0.003435,-0.096384,-0.002763,-1.105043,False
2015-12-06,-0.095876,-0.118476,0.000021,0.000334,0.000930,-0.000050,0.000146,0.001435,0.015803,0.003435,-0.096420,0.000544,0.217705,False
2015-12-07,-0.095835,-0.118513,0.000036,0.000314,0.000934,-0.000051,0.000150,0.001436,0.015803,0.003435,-0.096457,0.000622,0.248764,False
2015-12-08,-0.096942,-0.118550,0.000050,0.000293,0.000938,-0.000053,0.000154,0.001436,0.015803,0.003435,-0.096494,-0.000448,-0.179047,False
2015-12-09,-0.097537,-0.118587,0.000064,0.000273,0.000941,-0.000055,0.000157,0.001436,0.015803,0.003435,-0.096533,-0.001004,-0.401710,False
2015-12-10,-0.097305,-0.118624,0.000078,0.000252,0.000945,-0.000057,0.000161,0.001436,0.015803,0.003435,-0.096572,-0.000733,-0.293208,False
2015-12-11,-0.097542,-0.118661,0.000092,0.000230,0.000947,-0.000058,0.000164,0.001436,0.015803,0.003435,-0.096612,-0.000930,-0.371924,False
2015-12-12,-0.097146,-0.118699,0.000105,0.000209,0.000950,-0.000060,0.000168,0.001436,0.015803,0.003435,-0.096653,-0.000493,-0.197042,False
2015-12-13,-0.096391,-0.118736,0.000117,0.000187,0.000952,-0.000062,0.000171,0.001436,0.015803,0.003435,-0.096696,0.000305,0.121853,False
2015-12-14,-0.095630,-0.118773,0.000129,0.000165,0.000954,-0.000063,0.000175,0.001436,0.015803,0.003435,-0.096739,0.001109,0.443575,False
2015-12-15,-0.095994,-0.118810,0.000141,0.000142,0.000956,-0.000065,0.000178,0.001436,0.015803,0.003435,-0.096783,0.000789,0.315735,False
2015-12-16,-0.097917,-0.118847,0.000151,0.000120,0.000957,-0.000067,0.000182,0.001436,0.015803,0.003435,-0.096829,-0.001088,-0.435254,False
2015-12-17,-0.096640,-0.118884,0.000161,0.000097,0.000958,-0.000069,0.000185,0.001436,0.015803,0.003435,-0.096876,0.000236,0.094218,False
2015-12-18,-0.094283,-0.118921,0.000171,0.000075,0.000959,-0.000070,0.000189,0.001437,0.015803,0.003435,-0.096923,0.002640,1.056158,False
2015-12-19,-0.095307,-0.118958,0.000179,0.000052,0.000960,-0.000072,0.000192,0.001437,0.015803,0.003435,-0.096972,0.001665,0.666174,False
2015-12-20,-0.096904,-0.118996,0.000187,0.000029,0.000960,-0.000074,0.000196,0.001437,0.015803,0.003435,-0.097023,0.000119,0.047471,False
2015-12-21,-0.097141,-0.119033,0.000194,0.000006,0.000960,-0.000075,0.000199,0.001437,0.015803,0.003435,-0.097074,-0.000067,-0.026747,False
2015-12-22,-0.096471,-0.119070,0.000199,-0.000017,0.000960,-0.000077,0.000203,0.001437,0.015803,0.003435,-0.097127,0.000656,0.262321,False
2015-12-23,-0.095542,-0.119107,0.000204,-0.000040,0.000959,-0.000079,0.000206,0.001437,0.015803,0.003435,-0.097181,0.001639,0.655476,False
2015-12-24,-0.097493,-0.119144,0.000208,-0.000062,0.000958,-0.000080,0.000210,0.001437,0.015803,0.003435,-0.097236,-0.000257,-0.102884,False
2015-12-25,-0.096100,-0.119181,0.000211,-0.000085,0.000957,-0.000082,0.000213,0.001437,0.015803,0.003435,-0.097292,0.001192,0.476837,False
2015-12-26,-0.095932,-0.119218,0.000213,-0.000108,0.000956,-0.000084,0.000217,0.001437,0.015803,0.003435,-0.097350,0.001418,0.567034,False
2015-12-27,-0.097163,-0.119256,0.000214,-0.000130,0.000954,-0.000086,0.000220,0.001437,0.015803,0.003435,-0.097408,0.000245,0.098101,False
2015-12-28,-0.096853,-0.119293,0.000214,-0.000153,0.000952,-0.000087,0.000224,0.001437,0.015803,0.003435,-0.097468,0.000615,0.246027,False
2015-12-29,-0.094696,-0.119330,0.000213,-0.000175,0.000950,-0.000089,0.000227,0.001437,0.015803,0.003435,-0.097529,0.002833,1.133201,False
2015-12-30,-0.096611,-0.119367,0.000210,-0.000197,0.000947,-0.000091,0.000231,0.001437,0.015803,0.003435,-0.097591,0.000980,0.392011,False
2015-12-31,-0.094891,-0.119404,0.000207,-0.000219,0.000944,-0.000092,0.000234,0.001437,0.015803,0.003435,-0.097654,0.002763,1.105242,False
2016-01-01,-0.097607,-0.119441,0.000203,-0.000240,0.000941,-0.000094,0.000238,0.001437,0.015803,0.003435,-0.097718,0.000111,0.044477,False
2016-01-02,-0.096535,-0.119478,0.000198,-0.000261,0.000938,-0.000096,0.000241,0.001437,0.015803,0.003435,-0.097783,0.001248,0.499227,False
2016-01-03,-0.098121,-0.119515,0.000192,-0.000282,0.000934,-0.000097,0.000244,0.001437,0.015803,0.003435,-0.097849,-0.000272,-0.108860,False
2016-01-04,-0.097910,-0.119552,0.000185,-0.000303,0.000930,-0.000099,0.000248,0.001437,0.015803,0.003435,-0.097915,0.000005,0.002196,False
2016-01-05,-0.099006,-0.119589,0.000178,-0.000323,0.000926,-0.000101,0.000251,0.001436,0.015803,0.003435,-0.097983,-0.001023,-0.409229,False
2016-01-06,-0.096958,-0.119626,0.000169,-0.000342,0.000922,-0.000102,0.000255,0.001436,0.015803,0.003435,-0.098051,0.001093,0.437241,False
2016-01-07,-0.098301,-0.119663,0.000159,-0.000362,0.000917,-0.000104,0.000258,0.001436,0.015803,0.003435,-0.098120,-0.000181,-0.072421,False
2016-01-08,-0.096946,-0.119700,0.000149,-0.000381,0.000912,-0.000106,0.000262,0.001436,0.015803,0.003435,-0.098189,0.001243,0.497358,False
2016-01-09,-0.097449,-0.119737,0.000138,-0.000399,0.000907,-0.000107,0.000265,0.001436,0.015803,0.003435,-0.098259,0.000810,0.324149,False
2016-01-10,-0.094217,-0.119774,0.000127,-0.000417,0.000901,-0.000109,0.000268,0.001436,0.015803,0.003435,-0.098330,0.004113,1.645123,False
2016-01-11,-0.097679,-0.119811,0.000115,-0.000435,0.000895,-0.000111,0.000272,0.001436,0.015803,0.003435,-0.098401,0.000722,0.288649,False
2016-01-12,-0.094761,-0.119848,0.000102,-0.000452,0.000889,-0.000112,0.000275,0.001436,0.015803,0.003435,-0.098472,0.003711,1.484295,False
2016-01-13,-0.097971,-0.119886,0.000089,-0.000468,0.000883,-0.000114,0.000279,0.001436,0.015803,0.003435,-0.098543,0.000572,0.228827,False
2016-01-14,-0.097372,-0.119923,0.000075,-0.000484,0.000876,-0.000115,0.000282,0.001436,0.015803,0.003435,-0.098615,0.001243,0.497014,False
2016-01-15,-0.099257,-0.119960,0.000062,-0.000500,0.000869,-0.000117,0.000286,0.001436,0.015803,0.003435,-0.098686,-0.000571,-0.228379,False
2016-01-16,-0.095446,-0.119997,0.000047,-0.000514,0.000862,-0.000119,0.000289,0.001435,0.015803,0.003435,-0.098758,0.003312,1.324614,False
2016-01-17,-0.097303,-0.120034,0.000033,-0.000529,0.000855,-0.000120,0.000292,0.001435,0.015803,0.003435,-0.098829,0.001526,0.610358,False
2016-01-18,-0.098775,-0.120071,0.000018,-0.000542,0.000847,-0.000122,0.000296,0.001435,0.015803,0.003435,-0.098900,0.000125,0.050019,False
2016-01-19,-0.099086,-0.120108,0.000004,-0.000555,0.000839,-0.000124,0.000299,0.001435,0.015803,0.003435,-0.098971,-0.000115,-0.046039,False
2016-01-20,-0.096489,-0.120145,-0.000011,-0.000567,0.000831,-0.000125,0.000302,0.001435,0.015803,0.003435,-0.099041,0.002552,1.020951,False
2016-01-21,-0.096066,-0.120182,-0.000026,-0.000579,0.000823,-0.000127,0.000306,0.001435,0.015803,0.003435,-0.099111,0.003045,1.218153,False
2016-01-22,-0.098436,-0.120219,-0.000040,-0.000590,0.000814,-0.000128,0.000309,0.001435,0.015803,0.003435,-0.099181,0.000745,0.297934,False
2016-01-23,-0.098345,-0.120256,-0.000054,-0.000600,0.000805,-0.000130,0.000313,0.001434,0.015803,0.003435,-0.099250,0.000905,0.361860,False
2016-01-24,-0.096771,-0.120293,-0.000069,-0.000609,0.000796,-0.000132,0.000316,0.001434,0.015803,0.003435,-0.099318,0.002547,1.018698,False
2016-01-25,-0.099382,-0.120330,-0.000082,-0.000618,0.000787,-0.000133,0.000319,0.001434,0.015803,0.003435,-0.099385,0.000003,0.001217,False
2016-01-26,-0.099487,-0.120367,-0.000096,-0.000626,0.000777,-0.000135,0.000323,0.001434,0.015803,0.003435,-0.099451,-0.000036,-0.014216,False
2016-01-27,-0.101463,-0.120404,-0.000109,-0.000634,0.000767,-0.000136,0.000326,0.001434,0.015803,0.003435,-0.099517,-0.001946,-0.778430,False
2016-01-28,-0.100491,-0.120441,-0.000121,-0.000640,0.000757,-0.000138,0.000329,0.001433,0.015803,0.003435,-0.099581,-0.000910,-0.363853,False
2016-01-29,-0.099233,-0.120478,-0.000133,-0.000646,0.000747,-0.000139,0.000333,0.001433,0.015803,0.003435,-0.099645,0.000412,0.164685,False
2016-01-30,-0.099030,-0.120515,-0.000144,-0.000651,0.000737,-0.000141,0.000336,0.001433,0.015803,0.003436,-0.099707,0.000677,0.270760,False
2016-01-31,-0.094314,-0.120552,-0.000154,-0.000655,0.000726,-0.000143,0.000339,0.001433,0.015803,0.003436,-0.099768,0.005454,2.181546,False
2016-02-01,-0.096545,-0.120589,-0.000164,-0.000659,0.000715,-0.000144,0.000343,0.001433,0.015803,0.003436,-0.099828,0.003283,1.313021,False
2016-02-02,-0.098108,-0.120626,-0.000173,-0.000661,0.000704,-0.000146,0.000346,0.001432,0.015803,0.003436,-0.099886,0.001778,0.711162,False
2016-02-03,-0.097268,-0.120663,-0.000181,-0.000663,0.000693,-0.000147,0.000349,0.001432,0.015803,0.003436,-0.099943,0.002675,1.069951,False
2016-02-04,-0.099697,-0.120700,-0.000189,-0.000665,0.000681,-0.000149,0.000352,0.001432,0.015803,0.003436,-0.099998,0.000301,0.120569,False
2016-02-05,-0.099404,-0.120737,-0.000195,-0.000665,0.000670,-0.000150,0.000356,0.001432,0.015803,0.003436,-0.100053,0.000649,0.259401,False
2016-02-06,-0.098454,-0.120774,-0.000201,-0.000665,0.000658,-0.000152,0.000359,0.001431,0.015803,0.003436,-0.100105,0.001651,0.660434,False
2016-02-07,-0.098485,-0.120811,-0.000205,-0.000663,0.000646,-0.000153,0.000362,0.001431,0.015803,0.003436,-0.100156,0.001671,0.668454,False
2016-02-08,-0.100690,-0.120848,-0.000209,-0.000661,0.000633,-0.000155,0.000366,0.001431,0.015803,0.003436,-0.100206,-0.000484,-0.193746,False
2016-02-09,-0.098495,-0.120885,-0.000212,-0.000659,0.000621,-0.000156,0.000369,0.001430,0.015803,0.003436,-0.100254,0.001759,0.703425,False
2016-02-10,-0.099402,-0.120922,-0.000213,-0.000655,0.000608,-0.000158,0.000372,0.001430,0.015803,0.003436,-0.100300,0.000898,0.359162,False
2016-02-11,-0.099149,-0.120959,-0.000214,-0.000651,0.000595,-0.000159,0.000375,0.001430,0.015803,0.003436,-0.100345,0.001196,0.478263,False
2016-02-12,-0.099145,-0.120996,-0.000214,-0.000646,0.000582,-0.000161,0.000379,0.001430,0.015803,0.003436,-0.100388,0.001243,0.497127,False
2016-02-13,-0.099141,-0.121033,-0.000212,-0.000640,0.000569,-0.000162,0.000382,0.001429,0.015803,0.003436,-0.100429,0.001288,0.515355,False
2016-02-14,-0.099576,-0.121070,-0.000210,-0.000633,0.000556,-0.000164,0.000385,0.001429,0.015803,0.003436,-0.100469,0.000893,0.357352,False
2016-02-15,-0.101304,-0.121107,-0.000206,-0.000626,0.000542,-0.000165,0.000388,0.001429,0.015803,0.003436,-0.100508,-0.000796,-0.318477,False
2016-02-16,-0.098876,-0.121145,-0.000202,-0.000618,0.000528,-0.000167,0.000392,0.001428,0.015803,0.003436,-0.100545,0.001669,0.667476,False
2016-02-17,-0.099659,-0.121182,-0.000197,-0.000609,0.000515,-0.000168,0.000395,0.001428,0.015803,0.003436,-0.100580,0.000921,0.368421,False
2016-02-18,-0.098109,-0.121219,-0.000191,-0.000600,0.000501,-0.000170,0.000398,0.001428,0.015803,0.003436,-0.100614,0.002505,1.001973,False
2016-02-19,-0.099607,-0.121256,-0.000183,-0.000590,0.000486,-0.000171,0.000401,0.001427,0.015803,0.003436,-0.100646,0.001039,0.415744,False
2016-02-20,-0.100261,-0.121293,-0.000175,-0.000579,0.000472,-0.000173,0.000405,0.001427,0.015803,0.003436,-0.100677,0.000416,0.166551,False
2016-02-21,-0.097839,-0.121330,-0.000167,-0.000567,0.000458,-0.000174,0.000408,0.001427,0.015803,0.003436,-0.100707,0.002868,1.147214,False
2016-02-22,-0.099686,-0.121367,-0.000157,-0.000555,0.000443,-0.000176,0.000411,0.001426,0.015803,0.003436,-0.100735,0.001049,0.419752,False
2016-02-23,-0.098444,-0.121404,-0.000147,-0.000542,0.000429,-0.000177,0.000414,0.001426,0.015803,0.003436,-0.100762,0.002318,0.927387,False
2016-02-24,-0.100057,-0.121441,-0.000136,-0.000528,0.000414,-0.000179,0.000417,0.001426,0.015803,0.003436,-0.100788,0.000731,0.292544,False
2016-02-25,-0.100445,-0.121478,-0.000124,-0.000514,0.000399,-0.000180,0.000420,0.001425,0.015803,0.003436,-0.100813,0.000368,0.147247,False
2016-02-26,-0.101441,-0.121515,-0.000112,-0.000499,0.000384,-0.000182,0.000424,0.001425,0.015803,0.003436,-0.100837,-0.000604,-0.241675,False
2016-02-27,-0.100782,-0.121552,-0.000099,-0.000484,0.000369,-0.000183,0.000427,0.001424,0.015803,0.003436,-0.100860,0.000078,0.031004,False
2016-02-28,-0.099099,-0.121589,-0.000086,-0.000468,0.000353,-0.000184,0.000430,0.001424,0.015803,0.003436,-0.100881,0.001782,0.712915,False
2016-02-29,-0.098567,-0.121626,-0.000072,-0.000452,0.000338,-0.000186,0.000433,0.001424,0.015803,0.003436,-0.100902,0.002335,0.934089,False
2016-03-01,-0.098560,-0.121663,-0.000058,-0.000435,0.000322,-0.000187,0.000436,0.001423,0.015803,0.003436,-0.100922,0.002362,0.944956,False
2016-03-02,-0.099430,-0.121700,-0.000044,-0.000417,0.000307,-0.000189,0.000439,0.001423,0.015803,0.003436,-0.100942,0.001512,0.604750,False
2016-03-03,-0.100662,-0.121737,-0.000029,-0.000399,0.000291,-0.000190,0.000443,0.001422,0.015803,0.003436,-0.100961,0.000299,0.119504,False
2016-03-04,-0.099439,-0.121774,-0.000015,-0.000381,0.000275,-0.000191,0.000446,0.001422,0.015803,0.003436,-0.100979,0.001540,0.616052,False
2016-03-05,-0.098909,-0.121811,-0.000000,-0.000362,0.000260,-0.000193,0.000449,0.001421,0.015803,0.003436,-0.100997,0.002088,0.835228,False
2016-03-06,-0.100369,-0.121848,0.000015,-0.000342,0.000244,-0.000194,0.000452,0.001421,0.015803,0.003436,-0.101015,0.000646,0.258267,False
2016-03-07,-0.100195,-0.121885,0.000029,-0.000322,0.000228,-0.000196,0.000455,0.001421,0.015803,0.003436,-0.101032,0.000837,0.334804,False
2016-03-08,-0.099569,-0.121922,0.000044,-0.000302,0.000212,-0.000197,0.000458,0.001420,0.015803,0.003436,-0.101049,0.001480,0.592074,False
2016-03-09,-0.098206,-0.121959,0.000058,-0.000282,0.000196,-0.000198,0.000461,0.001420,0.015803,0.003436,-0.101066,0.002860,1.144112,False
2016-03-10,-0.100600,-0.121996,0.000072,-0.000261,0.000179,-0.000200,0.000464,0.001419,0.015803,0.003436,-0.101083,0.000483,0.193353,False
2016-03-11,-0.101426,-0.122033,0.000086,-0.000240,0.000163,-0.000201,0.000467,0.001419,0.015803,0.003436,-0.101101,-0.000325,-0.130170,False
2016-03-12,-0.100913,-0.122070,0.000099,-0.000218,0.000147,-0.000202,0.000470,0.001418,0.015803,0.003436,-0.101118,0.000205,0.081978,False
2016-03-13,-0.100484,-0.122107,0.000112,-0.000197,0.000131,-0.000204,0.000473,0.001418,0.015803,0.003436,-0.101136,0.000652,0.260630,False
2016-03-14,-0.101389,-0.122144,0.000124,-0.000175,0.000114,-0.000205,0.000477,0.001417,0.015803,0.003436,-0.101154,-0.000235,-0.094182,False
2016-03-15,-0.100123,-0.122181,0.000136,-0.000153,0.000098,-0.000206,0.000480,0.001417,0.015803,0.003436,-0.101172,0.001049,0.419573,False
2016-03-16,-0.100897,-0.122218,0.000147,-0.000130,0.000082,-0.000208,0.000483,0.001416,0.015803,0.003436,-0.101191,0.000294,0.117527,False
2016-03-17,-0.104161,-0.122255,0.000157,-0.000108,0.000065,-0.000209,0.000486,0.001416,0.015803,0.003436,-0.101210,-0.002951,-1.180291,False
2016-03-18,-0.101143,-0.122292,0.000167,-0.000085,0.000049,-0.000210,0.000489,0.001415,0.015803,0.003436,-0.101230,0.000087,0.034946,False
2016-03-19,-0.100645,-0.122329,0.000175,-0.000063,0.000032,-0.000212,0.000492,0.001415,0.015803,0.003436,-0.101251,0.000606,0.242466,False
2016-03-20,-0.099687,-0.122366,0.000183,-0.000040,0.000016,-0.000213,0.000495,0.001414,0.015803,0.003436,-0.101273,0.001586,0.634294,False
2016-03-21,-0.100546,-0.122403,0.000191,-0.000017,-0.000001,-0.000214,0.000498,0.001414,0.015803,0.003436,-0.101295,0.000749,0.299654,False
2016-03-22,-0.100207,-0.122441,0.000197,0.000006,-0.000017,-0.000216,0.000501,0.001413,0.015803,0.003436,-0.101318,0.001111,0.444568,False
2016-03-23,-0.099664,-0.122478,0.000202,0.000029,-0.000034,-0.000217,0.000504,0.001413,0.015803,0.003436,-0.101343,0.001679,0.671457,False
2016-03-24,-0.102452,-0.122515,0.000206,0.000051,-0.000050,-0.000218,0.000507,0.001412,0.015803,0.003436,-0.101368,-0.001084,-0.433661,False
2016-03-25,-0.099998,-0.122552,0.000210,0.000074,-0.000067,-0.000219,0.000510,0.001411,0.015803,0.003436,-0.101394,0.001396,0.558431,False
2016-03-26,-0.100810,-0.122589,0.000212,0.000097,-0.000083,-0.000221,0.000513,0.001411,0.015803,0.003436,-0.101421,0.000611,0.244549,False
2016-03-27,-0.101804,-0.122626,0.000214,0.000119,-0.000100,-0.000222,0.000516,0.001410,0.015803,0.003436,-0.101450,-0.000354,-0.141694,False
2016-03-28,-0.101830,-0.122663,0.000214,0.000142,-0.000116,-0.000223,0.000518,0.001410,0.015803,0.003436,-0.101479,-0.000351,-0.140286,False
2016-03-29,-0.101293,-0.122700,0.000213,0.000164,-0.000132,-0.000224,0.000521,0.001409,0.015803,0.003436,-0.101510,0.000217,0.086780,False
2016-03-30,-0.098723,-0.122737,0.000212,0.000186,-0.000149,-0.000226,0.000524,0.001409,0.015803,0.003436,-0.101542,0.002819,1.127514,False
2016-03-31,-0.099868,-0.122774,0.000209,0.000208,-0.000165,-0.000227,0.000527,0.001408,0.015803,0.003436,-0.101575,0.001707,0.682720,False
2016-04-01,-0.101753,-0.122811,0.000205,0.000229,-0.000181,-0.000228,0.000530,0.001407,0.015803,0.003436,-0.101609,-0.000144,-0.057599,False
2016-04-02,-0.101914,-0.122848,0.000201,0.000251,-0.000197,-0.000229,0.000533,0.001407,0.015803,0.003436,-0.101644,-0.000270,-0.107840,False
2016-04-03,-0.100191,-0.122885,0.000195,0.000272,-0.000213,-0.000231,0.000536,0.001406,0.015803,0.003436,-0.101681,0.001490,0.595995,False
2016-04-04,-0.101468,-0.122922,0.000189,0.000292,-0.000229,-0.000232,0.000539,0.001406,0.015803,0.003436,-0.101719,0.000251,0.100304,False
2016-04-05,-0.099715,-0.122959,0.000182,0.000313,-0.000245,-0.000233,0.000542,0.001405,0.015803,0.003436,-0.101758,0.002043,0.817083,False
2016-04-06,-0.101062,-0.122996,0.000173,0.000333,-0.000261,-0.000234,0.000545,0.001404,0.015803,0.003436,-0.101798,0.000736,0.294326,False
2016-04-07,-0.102030,-0.123033,0.000164,0.000352,-0.000277,-0.000235,0.000547,0.001404,0.015803,0.003436,-0.101839,-0.000191,-0.076375,False
2016-04-08,-0.101868,-0.123070,0.000155,0.000371,-0.000293,-0.000236,0.000550,0.001403,0.015803,0.003436,-0.101881,0.000013,0.005370,False
2016-04-09,-0.102031,-0.123107,0.000144,0.000390,-0.000308,-0.000238,0.000553,0.001402,0.015803,0.003436,-0.101925,-0.000106,-0.042450,False
2016-04-10,-0.097551,-0.123144,0.000133,0.000408,-0.000324,-0.000239,0.000556,0.001402,0.015803,0.003436,-0.101969,0.004418,1.767351,False
2016-04-11,-0.100672,-0.123181,0.000121,0.000426,-0.000339,-0.000240,0.000559,0.001401,0.015803,0.003436,-0.102015,0.001343,0.537161,False
2016-04-12,-0.101064,-0.123218,0.000109,0.000443,-0.000355,-0.000241,0.000562,0.001400,0.015803,0.003436,-0.102061,0.000997,0.398962,False
2016-04-13,-0.102509,-0.123255,0.000096,0.000460,-0.000370,-0.000242,0.000564,0.001400,0.015803,0.003436,-0.102109,-0.000400,-0.160061,False
2016-04-14,-0.100946,-0.123292,0.000082,0.000476,-0.000385,-0.000243,0.000567,0.001399,0.015803,0.003436,-0.102157,0.001211,0.484472,False
2016-04-15,-0.101728,-0.123329,0.000069,0.000492,-0.000400,-0.000244,0.000570,0.001398,0.015803,0.003436,-0.102206,0.000478,0.191342,False
2016-04-16,-0.102968,-0.123366,0.000055,0.000507,-0.000415,-0.000246,0.000573,0.001398,0.015803,0.003436,-0.102256,-0.000712,-0.284670,False
2016-04-17,-0.099499,-0.123403,0.000040,0.000522,-0.000430,-0.000247,0.000576,0.001397,0.015803,0.003436,-0.102307,0.002808,1.123214,False
2016-04-18,-0.101995,-0.123440,0.000026,0.000535,-0.000445,-0.000248,0.000578,0.001396,0.015803,0.003436,-0.102358,0.000363,0.145371,False
2016-04-19,-0.101135,-0.123477,0.000011,0.000549,-0.000459,-0.000249,0.000581,0.001395,0.015803,0.003436,-0.102410,0.001275,0.510180,False
2016-04-20,-0.103832,-0.123514,-0.000004,0.000561,-0.000474,-0.000250,0.000584,0.001395,0.015803,0.003436,-0.102463,-0.001369,-0.547583,False
2016-04-21,-0.101890,-0.123551,-0.000018,0.000573,-0.000488,-0.000251,0.000587,0.001394,0.015803,0.003436,-0.102516,0.000626,0.250459,False
2016-04-22,-0.102471,-0.123588,-0.000033,0.000584,-0.000502,-0.000252,0.000589,0.001393,0.015803,0.003436,-0.102570,0.000099,0.039483,False
2016-04-23,-0.104250,-0.123625,-0.000047,0.000595,-0.000516,-0.000253,0.000592,0.001393,0.015803,0.003436,-0.102624,-0.001626,-0.650536,False
2016-04-24,-0.102346,-0.123662,-0.000062,0.000605,-0.000530,-0.000254,0.000595,0.001392,0.015803,0.003436,-0.102678,0.000332,0.132778,False
2016-04-25,-0.099740,-0.123700,-0.000075,0.000614,-0.000543,-0.000255,0.000598,0.001391,0.015803,0.003436,-0.102733,0.002993,1.197002,False
2016-04-26,-0.101959,-0.123737,-0.000089,0.000622,-0.000557,-0.000256,0.000600,0.001390,0.015803,0.003436,-0.102787,0.000828,0.331312,False
2016-04-27,-0.101223,-0.123774,-0.000102,0.000630,-0.000570,-0.000257,0.000603,0.001390,0.015803,0.003436,-0.102842,0.001619,0.647685,False
2016-04-28,-0.099525,-0.123811,-0.000115,0.000637,-0.000583,-0.000258,0.000606,0.001389,0.015803,0.003436,-0.102897,0.003372,1.348898,False
2016-04-29,-0.102789,-0.123848,-0.000127,0.000643,-0.000596,-0.000259,0.000608,0.001388,0.015803,0.003436,-0.102952,0.000163,0.065330,False
2016-04-30,-0.102849,-0.123885,-0.000138,0.000649,-0.000609,-0.000260,0.000611,0.001387,0.015803,0.003436,-0.103007,0.000158,0.063358,False
2016-05-01,-0.102474,-0.123922,-0.000149,0.000653,-0.000622,-0.000261,0.000614,0.001386,0.015803,0.003436,-0.103062,0.000588,0.235362,False
2016-05-02,-0.102759,-0.123959,-0.000159,0.000657,-0.000634,-0.000262,0.000616,0.001386,0.015803,0.003436,-0.103117,0.000358,0.143322,False
2016-05-03,-0.099998,-0.123996,-0.000169,0.000660,-0.000647,-0.000263,0.000619,0.001385,0.015803,0.003436,-0.103172,0.003174,1.269620,False
2016-05-04,-0.098530,-0.124033,-0.000177,0.000663,-0.000659,-0.000264,0.000621,0.001384,0.015803,0.003436,-0.103227,0.004697,1.878637,False
2016-05-05,-0.101305,-0.124070,-0.000185,0.000664,-0.000671,-0.000265,0.000624,0.001383,0.015803,0.003436,-0.103281,0.001976,0.790358,False
2016-05-06,-0.103452,-0.124107,-0.000192,0.000665,-0.000682,-0.000266,0.000627,0.001382,0.015803,0.003436,-0.103335,-0.000117,-0.046833,False
2016-05-07,-0.100312,-0.124144,-0.000198,0.000665,-0.000694,-0.000267,0.000629,0.001382,0.015803,0.003436,-0.103389,0.003077,1.230649,False
2016-05-08,-0.100283,-0.124181,-0.000203,0.000664,-0.000705,-0.000268,0.000632,0.001381,0.015803,0.003436,-0.103442,0.003159,1.263592,False
2016-05-09,-0.101253,-0.124218,-0.000207,0.000663,-0.000716,-0.000269,0.000634,0.001380,0.015803,0.003436,-0.103495,0.002242,0.896785,False
2016-05-10,-0.102500,-0.124255,-0.000210,0.000660,-0.000727,-0.000270,0.000637,0.001379,0.015803,0.003436,-0.103548,0.001048,0.419019,False
2016-05-11,-0.103968,-0.124292,-0.000213,0.000657,-0.000738,-0.000271,0.000640,0.001378,0.015803,0.003436,-0.103600,-0.000368,-0.147316,False
2016-05-12,-0.104013,-0.124329,-0.000214,0.000653,-0.000748,-0.000272,0.000642,0.001377,0.015803,0.003436,-0.103651,-0.000362,-0.144626,False
2016-05-13,-0.105020,-0.124366,-0.000214,0.000648,-0.000758,-0.000273,0.000645,0.001376,0.015803,0.003436,-0.103703,-0.001317,-0.526916,False
2016-05-14,-0.104331,-0.124403,-0.000213,0.000643,-0.000768,-0.000274,0.000647,0.001376,0.015803,0.003436,-0.103754,-0.000577,-0.230989,False
2016-05-15,-0.102922,-0.124440,-0.000211,0.000637,-0.000778,-0.000274,0.000650,0.001375,0.015803,0.003436,-0.103804,0.000882,0.352751,False
2016-05-16,-0.103003,-0.124477,-0.000208,0.000630,-0.000788,-0.000275,0.000652,0.001374,0.015803,0.003436,-0.103854,0.000851,0.340305,False
2016-05-17,-0.105767,-0.124514,-0.000204,0.000622,-0.000797,-0.000276,0.000655,0.001373,0.015803,0.003436,-0.103903,-0.001864,-0.745526,False
2016-05-18,-0.103878,-0.124551,-0.000200,0.000614,-0.000806,-0.000277,0.000657,0.001372,0.015803,0.003436,-0.103952,0.000074,0.029660,False
2016-05-19,-0.104518,-0.124588,-0.000194,0.000605,-0.000815,-0.000278,0.000660,0.001371,0.015803,0.003436,-0.104001,-0.000517,-0.206933,False
2016-05-20,-0.102134,-0.124625,-0.000187,0.000595,-0.000824,-0.000279,0.000662,0.001370,0.015803,0.003436,-0.104049,0.001915,0.765901,False
2016-05-21,-0.104205,-0.124662,-0.000180,0.000584,-0.000832,-0.000280,0.000665,0.001369,0.015803,0.003436,-0.104096,-0.000109,-0.043432,False
2016-05-22,-0.103143,-0.124699,-0.000171,0.000573,-0.000840,-0.000280,0.000667,0.001368,0.015803,0.003436,-0.104144,0.001001,0.400278,False
2016-05-23,-0.103633,-0.124736,-0.000162,0.000561,-0.000848,-0.000281,0.000669,0.001368,0.015803,0.003436,-0.104191,0.000558,0.223039,False
2016-05-24,-0.101403,-0.124773,-0.000152,0.000548,-0.000855,-0.000282,0.000672,0.001367,0.015803,0.003436,-0.104237,0.002834,1.133663,False
2016-05-25,-0.102763,-0.124810,-0.000141,0.000535,-0.000863,-0.000283,0.000674,0.001366,0.015803,0.003436,-0.104283,0.001520,0.608161,False
2016-05-26,-0.105053,-0.124847,-0.000130,0.000521,-0.000870,-0.000284,0.000677,0.001365,0.015803,0.003436,-0.104329,-0.000724,-0.289454,False
2016-05-27,-0.102166,-0.124884,-0.000118,0.000507,-0.000877,-0.000284,0.000679,0.001364,0.015803,0.003436,-0.104375,0.002209,0.883633,False
2016-05-28,-0.103780,-0.124921,-0.000105,0.000492,-0.000883,-0.000285,0.000681,0.001363,0.015803,0.003436,-0.104421,0.000641,0.256237,False
2016-05-29,-0.103494,-0.124958,-0.000092,0.000476,-0.000890,-0.000286,0.000684,0.001362,0.015803,0.003436,-0.104466,0.000972,0.388772,False
2016-05-30,-0.104578,-0.124996,-0.000079,0.000460,-0.000896,-0.000287,0.000686,0.001361,0.015803,0.003436,-0.104511,-0.000067,-0.026744,False
2016-05-31,-0.107211,-0.125033,-0.000065,0.000443,-0.000902,-0.000287,0.000689,0.001360,0.015803,0.003436,-0.104556,-0.002655,-1.061894,False
2016-06-01,-0.106252,-0.125070,-0.000051,0.000426,-0.000907,-0.000288,0.000691,0.001359,0.015803,0.003436,-0.104601,-0.001651,-0.660261,False
2016-06-02,-0.106598,-0.125107,-0.000037,0.000408,-0.000912,-0.000289,0.000693,0.001358,0.015803,0.003436,-0.104646,-0.001952,-0.780627,False
2016-06-03,-0.107088,-0.125144,-0.000022,0.000390,-0.000917,-0.000290,0.000696,0.001357,0.015803,0.003436,-0.104692,-0.002396,-0.958574,False
2016-06-04,-0.105062,-0.125181,-0.000007,0.000371,-0.000922,-0.000290,0.000698,0.001356,0.015803,0.003436,-0.104737,-0.000325,-0.130084,False
2016-06-05,-0.105528,-0.125218,0.000007,0.000352,-0.000927,-0.000291,0.000700,0.001355,0.015803,0.003436,-0.104782,-0.000746,-0.298338,False
2016-06-06,-0.107245,-0.125255,0.000022,0.000332,-0.000931,-0.000292,0.000702,0.001354,0.015803,0.003436,-0.104828,-0.002417,-0.966919,False
2016-06-07,-0.104092,-0.125292,0.000037,0.000312,-0.000935,-0.000292,0.000705,0.001353,0.015803,0.003436,-0.104873,0.000781,0.312592,False
2016-06-08,-0.105734,-0.125329,0.000051,0.000292,-0.000938,-0.000293,0.000707,0.001352,0.015803,0.003436,-0.104920,-0.000814,-0.325788,False
2016-06-09,-0.102509,-0.125366,0.000065,0.000271,-0.000942,-0.000294,0.000709,0.001351,0.015803,0.003436,-0.104966,0.002457,0.982759,False
2016-06-10,-0.104219,-0.125403,0.000079,0.000250,-0.000945,-0.000294,0.000711,0.001350,0.015803,0.003436,-0.105013,0.000794,0.317448,False
2016-06-11,-0.104878,-0.125440,0.000092,0.000229,-0.000947,-0.000295,0.000714,0.001349,0.015803,0.003436,-0.105060,0.000182,0.072695,False
2016-06-12,-0.104823,-0.125477,0.000105,0.000207,-0.000950,-0.000296,0.000716,0.001348,0.015803,0.003436,-0.105107,0.000284,0.113717,False
2016-06-13,-0.104549,-0.125514,0.000118,0.000186,-0.000952,-0.000296,0.000718,0.001347,0.015803,0.003436,-0.105155,0.000606,0.242526,False
2016-06-14,-0.103854,-0.125551,0.000130,0.000164,-0.000954,-0.000297,0.000720,0.001346,0.015803,0.003436,-0.105204,0.001350,0.539936,False
2016-06-15,-0.105289,-0.125588,0.000141,0.000141,-0.000956,-0.000298,0.000723,0.001345,0.015803,0.003436,-0.105253,-0.000036,-0.014442,False
2016-06-16,-0.104543,-0.125625,0.000152,0.000119,-0.000957,-0.000298,0.000725,0.001344,0.015803,0.003436,-0.105303,0.000760,0.303804,False
2016-06-17,-0.106091,-0.125662,0.000162,0.000097,-0.000958,-0.000299,0.000727,0.001343,0.015803,0.003436,-0.105353,-0.000738,-0.295317,False
2016-06-18,-0.105656,-0.125699,0.000171,0.000074,-0.000959,-0.000299,0.000729,0.001341,0.015803,0.003436,-0.105404,-0.000252,-0.100997,False
2016-06-19,-0.104393,-0.125736,0.000180,0.000051,-0.000960,-0.000300,0.000731,0.001340,0.015803,0.003436,-0.105455,0.001062,0.424770,False
2016-06-20,-0.105566,-0.125773,0.000187,0.000028,-0.000960,-0.000301,0.000733,0.001339,0.015803,0.003436,-0.105507,-0.000059,-0.023610,False
2016-06-21,-0.105384,-0.125810,0.000194,0.000006,-0.000960,-0.000301,0.000735,0.001338,0.015803,0.003436,-0.105560,0.000176,0.070267,False
2016-06-22,-0.102894,-0.125847,0.000200,-0.000017,-0.000960,-0.000302,0.000738,0.001337,0.015803,0.003436,-0.105613,0.002719,1.087601,False
2016-06-23,-0.104601,-0.125884,0.000204,-0.000040,-0.000959,-0.000302,0.000740,0.001336,0.015803,0.003436,-0.105667,0.001066,0.426393,False
2016-06-24,-0.106308,-0.125921,0.000208,-0.000063,-0.000958,-0.000303,0.000742,0.001335,0.015803,0.003436,-0.105722,-0.000586,-0.234558,False
2016-06-25,-0.105158,-0.125958,0.000211,-0.000086,-0.000957,-0.000303,0.000744,0.001334,0.015803,0.003436,-0.105777,0.000619,0.247544,False
2016-06-26,-0.105487,-0.125995,0.000213,-0.000108,-0.000956,-0.000304,0.000746,0.001333,0.015803,0.003436,-0.105833,0.000346,0.138294,False
2016-06-27,-0.103895,-0.126032,0.000214,-0.000131,-0.000954,-0.000304,0.000748,0.001332,0.015803,0.003436,-0.105889,0.001994,0.797685,False
2016-06-28,-0.104363,-0.126069,0.000214,-0.000153,-0.000952,-0.000305,0.000750,0.001330,0.015803,0.003436,-0.105946,0.001583,0.633309,False
2016-06-29,-0.106264,-0.126106,0.000213,-0.000175,-0.000950,-0.000305,0.000752,0.001329,0.015803,0.003436,-0.106004,-0.000260,-0.104045,False
2016-06-30,-0.105383,-0.126143,0.000210,-0.000197,-0.000947,-0.000306,0.000754,0.001328,0.015803,0.003436,-0.106062,0.000679,0.271610,False
2016-07-01,-0.107717,-0.126180,0.000207,-0.000219,-0.000944,-0.000306,0.000756,0.001327,0.015803,0.003436,-0.106121,-0.001596,-0.638539,False
2016-07-02,-0.106159,-0.126217,0.000203,-0.000240,-0.000941,-0.000307,0.000758,0.001326,0.015803,0.003436,-0.106180,0.000021,0.008292,False
2016-07-03,-0.105647,-0.126255,0.000198,-0.000261,-0.000938,-0.000307,0.000760,0.001325,0.015803,0.003436,-0.106239,0.000592,0.236885,False
2016-07-04,-0.103459,-0.126292,0.000192,-0.000282,-0.000934,-0.000308,0.000762,0.001323,0.015803,0.003436,-0.106299,0.002840,1.136021,False
2016-07-05,-0.107281,-0.126329,0.000185,-0.000303,-0.000930,-0.000308,0.000764,0.001322,0.015803,0.003436,-0.106359,-0.000922,-0.368721,False
2016-07-06,-0.103273,-0.126366,0.000178,-0.000323,-0.000926,-0.000308,0.000766,0.001321,0.015803,0.003436,-0.106420,0.003147,1.258639,False
2016-07-07,-0.105717,-0.126403,0.000169,-0.000342,-0.000922,-0.000309,0.000768,0.001320,0.015803,0.003436,-0.106480,0.000763,0.305274,False
2016-07-08,-0.107389,-0.126440,0.000159,-0.000362,-0.000917,-0.000309,0.000770,0.001319,0.015803,0.003436,-0.106541,-0.000848,-0.339238,False
2016-07-09,-0.111798,-0.126477,0.000149,-0.000381,-0.000912,-0.000310,0.000772,0.001318,0.015803,0.003436,-0.106602,-0.005196,-2.078526,False
2016-07-10,-0.104997,-0.126514,0.000138,-0.000399,-0.000907,-0.000310,0.000774,0.001316,0.015803,0.003436,-0.106662,0.001665,0.666185,False
2016-07-11,-0.107011,-0.126551,0.000127,-0.000417,-0.000901,-0.000310,0.000775,0.001315,0.015803,0.003436,-0.106723,-0.000288,-0.115136,False
2016-07-12,-0.107556,-0.126588,0.000115,-0.000435,-0.000895,-0.000311,0.000777,0.001314,0.015803,0.003436,-0.106784,-0.000772,-0.308916,False
2016-07-13,-0.106716,-0.126625,0.000102,-0.000452,-0.000889,-0.000311,0.000779,0.001313,0.015803,0.003436,-0.106844,0.000128,0.051213,False
2016-07-14,-0.107733,-0.126662,0.000089,-0.000468,-0.000883,-0.000312,0.000781,0.001311,0.015803,0.003436,-0.106904,-0.000829,-0.331580,False
2016-07-15,-0.108104,-0.126699,0.000075,-0.000484,-0.000876,-0.000312,0.000783,0.001310,0.015803,0.003436,-0.106964,-0.001140,-0.456127,False
2016-07-16,-0.106706,-0.126736,0.000062,-0.000500,-0.000869,-0.000312,0.000785,0.001309,0.015803,0.003436,-0.107023,0.000317,0.126740,False
2016-07-17,-0.108828,-0.126773,0.000047,-0.000514,-0.000862,-0.000312,0.000787,0.001308,0.015803,0.003436,-0.107081,-0.001747,-0.698611,False
2016-07-18,-0.106154,-0.126810,0.000033,-0.000529,-0.000855,-0.000313,0.000788,0.001306,0.015803,0.003436,-0.107139,0.000985,0.394186,False
2016-07-19,-0.107215,-0.126847,0.000018,-0.000542,-0.000847,-0.000313,0.000790,0.001305,0.015803,0.003436,-0.107197,-0.000018,-0.007301,False
2016-07-20,-0.106352,-0.126884,0.000004,-0.000555,-0.000839,-0.000313,0.000792,0.001304,0.015803,0.003436,-0.107253,0.000901,0.360494,False
2016-07-21,-0.106705,-0.126921,-0.000011,-0.000567,-0.000831,-0.000314,0.000794,0.001303,0.015803,0.003436,-0.107309,0.000604,0.241539,False
2016-07-22,-0.107711,-0.126958,-0.000026,-0.000579,-0.000823,-0.000314,0.000795,0.001301,0.015803,0.003436,-0.107364,-0.000347,-0.138998,False
2016-07-23,-0.107337,-0.126995,-0.000040,-0.000590,-0.000814,-0.000314,0.000797,0.001300,0.015803,0.003436,-0.107417,0.000080,0.032049,False
2016-07-24,-0.108639,-0.127032,-0.000054,-0.000600,-0.000805,-0.000314,0.000799,0.001299,0.015803,0.003436,-0.107470,-0.001169,-0.467750,False
2016-07-25,-0.107433,-0.127069,-0.000069,-0.000609,-0.000796,-0.000315,0.000801,0.001298,0.015803,0.003436,-0.107521,0.000088,0.035174,False
2016-07-26,-0.107775,-0.127106,-0.000082,-0.000618,-0.000787,-0.000315,0.000802,0.001296,0.015803,0.003436,-0.107571,-0.000204,-0.081609,False
2016-07-27,-0.110686,-0.127143,-0.000096,-0.000626,-0.000777,-0.000315,0.000804,0.001295,0.015803,0.003436,-0.107620,-0.003066,-1.226528,False
2016-07-28,-0.108984,-0.127180,-0.000109,-0.000634,-0.000767,-0.000315,0.000806,0.001294,0.015803,0.003436,-0.107667,-0.001317,-0.526810,False
2016-07-29,-0.110193,-0.127217,-0.000121,-0.000640,-0.000757,-0.000316,0.000807,0.001292,0.015803,0.003436,-0.107713,-0.002480,-0.992084,False
2016-07-30,-0.110155,-0.127254,-0.000133,-0.000646,-0.000747,-0.000316,0.000809,0.001291,0.015803,0.003436,-0.107757,-0.002398,-0.959172,False
2016-07-31,-0.105993,-0.127291,-0.000144,-0.000651,-0.000737,-0.000316,0.000811,0.001290,0.015803,0.003436,-0.107800,0.001807,0.722699,False
2016-08-01,-0.108009,-0.127328,-0.000154,-0.000655,-0.000726,-0.000316,0.000812,0.001288,0.015803,0.003436,-0.107841,-0.000168,-0.067291,False
2016-08-02,-0.105107,-0.127365,-0.000164,-0.000659,-0.000715,-0.000316,0.000814,0.001287,0.015803,0.003436,-0.107880,0.002773,1.109237,False
2016-08-03,-0.108585,-0.127402,-0.000173,-0.000661,-0.000704,-0.000316,0.000816,0.001286,0.015803,0.003436,-0.107918,-0.000667,-0.266937,False
2016-08-04,-0.106518,-0.127439,-0.000181,-0.000663,-0.000693,-0.000317,0.000817,0.001284,0.015803,0.003436,-0.107953,0.001435,0.574172,False
2016-08-05,-0.106176,-0.127476,-0.000189,-0.000665,-0.000681,-0.000317,0.000819,0.001283,0.015803,0.003436,-0.107987,0.001811,0.724547,False
2016-08-06,-0.107653,-0.127513,-0.000195,-0.000665,-0.000670,-0.000317,0.000820,0.001282,0.015803,0.003436,-0.108019,0.000366,0.146576,False
2016-08-07,-0.108055,-0.127551,-0.000201,-0.000665,-0.000658,-0.000317,0.000822,0.001280,0.015803,0.003436,-0.108050,-0.000005,-0.002153,False
2016-08-08,-0.105452,-0.127588,-0.000205,-0.000663,-0.000646,-0.000317,0.000823,0.001279,0.015803,0.003436,-0.108078,0.002626,1.050353,False
2016-08-09,-0.107647,-0.127625,-0.000209,-0.000661,-0.000633,-0.000317,0.000825,0.001277,0.015803,0.003436,-0.108104,0.000457,0.182886,False
2016-08-10,-0.106452,-0.127662,-0.000212,-0.000659,-0.000621,-0.000317,0.000826,0.001276,0.015803,0.003436,-0.108129,0.001677,0.670642,False
2016-08-11,-0.107005,-0.127699,-0.000213,-0.000655,-0.000608,-0.000317,0.000828,0.001275,0.015803,0.003436,-0.108151,0.001146,0.458418,False
2016-08-12,-0.108438,-0.127736,-0.000214,-0.000651,-0.000595,-0.000317,0.000829,0.001273,0.015803,0.003436,-0.108172,-0.000266,-0.106585,False
2016-08-13,-0.108514,-0.127773,-0.000214,-0.000646,-0.000582,-0.000318,0.000831,0.001272,0.015803,0.003436,-0.108190,-0.000324,-0.129564,False
2016-08-14,-0.106970,-0.127810,-0.000212,-0.000640,-0.000569,-0.000318,0.000832,0.001271,0.015803,0.003436,-0.108207,0.001237,0.494684,False
2016-08-15,-0.109030,-0.127847,-0.000210,-0.000633,-0.000556,-0.000318,0.000834,0.001269,0.015803,0.003436,-0.108221,-0.000809,-0.323434,False
2016-08-16,-0.110080,-0.127884,-0.000206,-0.000626,-0.000542,-0.000318,0.000835,0.001268,0.015803,0.003436,-0.108234,-0.001846,-0.738307,False
2016-08-17,-0.105632,-0.127921,-0.000202,-0.000618,-0.000528,-0.000318,0.000837,0.001266,0.015803,0.003436,-0.108245,0.002613,1.045275,False
2016-08-18,-0.106223,-0.127958,-0.000197,-0.000609,-0.000515,-0.000318,0.000838,0.001265,0.015803,0.003436,-0.108254,0.002031,0.812525,False
2016-08-19,-0.108230,-0.127995,-0.000191,-0.000600,-0.000501,-0.000318,0.000840,0.001263,0.015803,0.003436,-0.108262,0.000032,0.012660,False
2016-08-20,-0.105712,-0.128032,-0.000183,-0.000590,-0.000486,-0.000318,0.000841,0.001262,0.015803,0.003436,-0.108267,0.002555,1.022098,False
2016-08-21,-0.105412,-0.128069,-0.000175,-0.000579,-0.000472,-0.000318,0.000842,0.001261,0.015803,0.003436,-0.108271,0.002859,1.143658,False
2016-08-22,-0.108754,-0.128106,-0.000167,-0.000567,-0.000458,-0.000318,0.000844,0.001259,0.015803,0.003436,-0.108273,-0.000481,-0.192237,False
2016-08-23,-0.108012,-0.128143,-0.000157,-0.000555,-0.000443,-0.000318,0.000845,0.001258,0.015803,0.003436,-0.108274,0.000262,0.104835,False
2016-08-24,-0.105159,-0.128180,-0.000147,-0.000542,-0.000429,-0.000318,0.000846,0.001256,0.015803,0.003436,-0.108273,0.003114,1.245701,False
2016-08-25,-0.108325,-0.128217,-0.000136,-0.000528,-0.000414,-0.000318,0.000848,0.001255,0.015803,0.003436,-0.108271,-0.000054,-0.021612,False
2016-08-26,-0.105841,-0.128254,-0.000124,-0.000514,-0.000399,-0.000317,0.000849,0.001253,0.015803,0.003436,-0.108267,0.002426,0.970525,False
2016-08-27,-0.105685,-0.128291,-0.000112,-0.000499,-0.000384,-0.000317,0.000850,0.001252,0.015803,0.003436,-0.108262,0.002577,1.030943,False
2016-08-28,-0.107732,-0.128328,-0.000099,-0.000484,-0.000369,-0.000317,0.000852,0.001250,0.015803,0.003436,-0.108256,0.000524,0.209673,False
2016-08-29,-0.108944,-0.128365,-0.000086,-0.000468,-0.000353,-0.000317,0.000853,0.001249,0.015803,0.003436,-0.108249,-0.000695,-0.278052,False
2016-08-30,-0.109213,-0.128402,-0.000072,-0.000452,-0.000338,-0.000317,0.000854,0.001247,0.015803,0.003436,-0.108241,-0.000972,-0.388997,False
2016-08-31,-0.106920,-0.128439,-0.000058,-0.000435,-0.000322,-0.000317,0.000855,0.001246,0.015803,0.003436,-0.108231,0.001311,0.524473,False
2016-09-01,-0.108988,-0.128476,-0.000044,-0.000417,-0.000307,-0.000317,0.000857,0.001244,0.015803,0.003436,-0.108221,-0.000767,-0.306806,False
2016-09-02,-0.107823,-0.128513,-0.000029,-0.000399,-0.000291,-0.000317,0.000858,0.001243,0.015803,0.003436,-0.108210,0.000387,0.154803,False
2016-09-03,-0.107902,-0.128550,-0.000015,-0.000381,-0.000275,-0.000317,0.000859,0.001241,0.015803,0.003436,-0.108198,0.000296,0.118539,False
2016-09-04,-0.110627,-0.128587,-0.000000,-0.000362,-0.000260,-0.000316,0.000860,0.001240,0.015803,0.003436,-0.108186,-0.002441,-0.976362,False
2016-09-05,-0.111062,-0.128624,0.000015,-0.000342,-0.000244,-0.000316,0.000861,0.001238,0.015803,0.003436,-0.108173,-0.002889,-1.155460,False
2016-09-06,-0.109331,-0.128661,0.000029,-0.000322,-0.000228,-0.000316,0.000863,0.001237,0.015803,0.003436,-0.108160,-0.001171,-0.468317,False
2016-09-07,-0.108842,-0.128698,0.000044,-0.000302,-0.000212,-0.000316,0.000864,0.001235,0.015803,0.003436,-0.108147,-0.000695,-0.278094,False
2016-09-08,-0.105798,-0.128735,0.000058,-0.000282,-0.000196,-0.000316,0.000865,0.001234,0.015803,0.003436,-0.108133,0.002335,0.934048,False
2016-09-09,-0.105938,-0.128772,0.000072,-0.000261,-0.000179,-0.000316,0.000866,0.001232,0.015803,0.003436,-0.108119,0.002181,0.872547,False
2016-09-10,-0.108887,-0.128810,0.000086,-0.000240,-0.000163,-0.000315,0.000867,0.001230,0.015803,0.003436,-0.108106,-0.000781,-0.312559,False
2016-09-11,-0.107706,-0.128847,0.000099,-0.000218,-0.000147,-0.000315,0.000868,0.001229,0.015803,0.003436,-0.108092,0.000386,0.154369,False
2016-09-12,-0.107588,-0.128884,0.000112,-0.000197,-0.000131,-0.000315,0.000869,0.001227,0.015803,0.003436,-0.108078,0.000490,0.196166,False
2016-09-13,-0.104434,-0.128921,0.000124,-0.000175,-0.000114,-0.000315,0.000870,0.001226,0.015803,0.003436,-0.108065,0.003631,1.452469,False
2016-09-14,-0.107526,-0.128958,0.000136,-0.000153,-0.000098,-0.000314,0.000872,0.001224,0.015803,0.003436,-0.108052,0.000526,0.210514,False
2016-09-15,-0.107551,-0.128995,0.000147,-0.000130,-0.000082,-0.000314,0.000873,0.001223,0.015803,0.003436,-0.108040,0.000489,0.195534,False
2016-09-16,-0.106729,-0.129032,0.000157,-0.000108,-0.000065,-0.000314,0.000874,0.001221,0.015803,0.003436,-0.108028,0.001299,0.519564,False
2016-09-17,-0.105354,-0.129069,0.000167,-0.000085,-0.000049,-0.000314,0.000875,0.001219,0.015803,0.003436,-0.108017,0.002663,1.065035,False
2016-09-18,-0.105551,-0.129106,0.000175,-0.000063,-0.000032,-0.000313,0.000876,0.001218,0.015803,0.003436,-0.108006,0.002455,0.981978,False
2016-09-19,-0.106544,-0.129143,0.000183,-0.000040,-0.000016,-0.000313,0.000877,0.001216,0.015803,0.003436,-0.107996,0.001452,0.580822,False
2016-09-20,-0.106787,-0.129180,0.000191,-0.000017,0.000001,-0.000313,0.000878,0.001215,0.015803,0.003436,-0.107987,0.001200,0.479995,False
2016-09-21,-0.106159,-0.129217,0.000197,0.000006,0.000017,-0.000312,0.000879,0.001213,0.015803,0.003436,-0.107979,0.001820,0.727924,False
2016-09-22,-0.107009,-0.129254,0.000202,0.000029,0.000034,-0.000312,0.000880,0.001211,0.015803,0.003436,-0.107972,0.000963,0.385031,False
2016-09-23,-0.105716,-0.129291,0.000206,0.000051,0.000050,-0.000312,0.000881,0.001210,0.015803,0.003436,-0.107965,0.002249,0.899741,False
2016-09-24,-0.108094,-0.129328,0.000210,0.000074,0.000067,-0.000311,0.000881,0.001208,0.015803,0.003436,-0.107960,-0.000134,-0.053526,False
2016-09-25,-0.107800,-0.129365,0.000212,0.000097,0.000083,-0.000311,0.000882,0.001207,0.015803,0.003436,-0.107956,0.000156,0.062450,False
2016-09-26,-0.109159,-0.129402,0.000214,0.000119,0.000100,-0.000311,0.000883,0.001205,0.015803,0.003436,-0.107953,-0.001206,-0.482316,False
2016-09-27,-0.107530,-0.129439,0.000214,0.000142,0.000116,-0.000310,0.000884,0.001203,0.015803,0.003436,-0.107951,0.000421,0.168593,False
2016-09-28,-0.107600,-0.129476,0.000213,0.000164,0.000132,-0.000310,0.000885,0.001202,0.015803,0.003436,-0.107951,0.000351,0.140390,False
2016-09-29,-0.107094,-0.129513,0.000212,0.000186,0.000149,-0.000310,0.000886,0.001200,0.015803,0.003436,-0.107952,0.000858,0.343085,False
2016-09-30,-0.107775,-0.129550,0.000209,0.000208,0.000165,-0.000309,0.000887,0.001198,0.015803,0.003436,-0.107954,0.000179,0.071489,False
2016-10-01,-0.110102,-0.129587,0.000205,0.000229,0.000181,-0.000309,0.000888,0.001197,0.015803,0.003436,-0.107957,-0.002145,-0.857992,False
2016-10-02,-0.107928,-0.129624,0.000201,0.000251,0.000197,-0.000308,0.000888,0.001195,0.015803,0.003436,-0.107962,0.000034,0.013447,False
2016-10-03,-0.105429,-0.129661,0.000195,0.000272,0.000213,-0.000308,0.000889,0.001193,0.015803,0.003436,-0.107968,0.002539,1.015411,False
2016-10-04,-0.107649,-0.129698,0.000189,0.000292,0.000229,-0.000308,0.000890,0.001192,0.015803,0.003436,-0.107975,0.000326,0.130300,False
2016-10-05,-0.108363,-0.129735,0.000182,0.000313,0.000245,-0.000307,0.000891,0.001190,0.015803,0.003436,-0.107983,-0.000380,-0.151887,False
2016-10-06,-0.108291,-0.129772,0.000173,0.000333,0.000261,-0.000307,0.000892,0.001188,0.015803,0.003436,-0.107993,-0.000298,-0.119151,False
2016-10-07,-0.108140,-0.129809,0.000164,0.000352,0.000277,-0.000306,0.000892,0.001186,0.015803,0.003436,-0.108004,-0.000136,-0.054296,False
2016-10-08,-0.106436,-0.129846,0.000155,0.000371,0.000293,-0.000306,0.000893,0.001185,0.015803,0.003436,-0.108017,0.001581,0.632270,False
2016-10-09,-0.107961,-0.129883,0.000144,0.000390,0.000308,-0.000305,0.000894,0.001183,0.015803,0.003436,-0.108030,0.000069,0.027742,False
2016-10-10,-0.109814,-0.129920,0.000133,0.000408,0.000324,-0.000305,0.000894,0.001181,0.015803,0.003436,-0.108045,-0.001769,-0.707491,False
2016-10-11,-0.107726,-0.129957,0.000121,0.000426,0.000339,-0.000304,0.000895,0.001180,0.015803,0.003436,-0.108061,0.000335,0.134161,False
2016-10-12,-0.108153,-0.129994,0.000109,0.000443,0.000355,-0.000304,0.000896,0.001178,0.015803,0.003436,-0.108079,-0.000074,-0.029714,False
2016-10-13,-0.107517,-0.130031,0.000096,0.000460,0.000370,-0.000303,0.000897,0.001176,0.015803,0.003436,-0.108097,0.000580,0.232070,False
2016-10-14,-0.110956,-0.130068,0.000082,0.000476,0.000385,-0.000303,0.000897,0.001174,0.015803,0.003436,-0.108117,-0.002839,-1.135701,False
2016-10-15,-0.109257,-0.130106,0.000069,0.000492,0.000400,-0.000302,0.000898,0.001173,0.015803,0.003436,-0.108137,-0.001120,-0.447842,False
2016-10-16,-0.110310,-0.130143,0.000055,0.000507,0.000415,-0.000302,0.000898,0.001171,0.015803,0.003436,-0.108159,-0.002151,-0.860371,False
2016-10-17,-0.107925,-0.130180,0.000040,0.000522,0.000430,-0.000301,0.000899,0.001169,0.015803,0.003436,-0.108182,0.000257,0.102694,False
2016-10-18,-0.109253,-0.130217,0.000026,0.000535,0.000445,-0.000300,0.000900,0.001167,0.015803,0.003436,-0.108205,-0.001048,-0.419064,False
2016-10-19,-0.111213,-0.130254,0.000011,0.000549,0.000459,-0.000300,0.000900,0.001166,0.015803,0.003436,-0.108230,-0.002983,-1.193265,False
2016-10-20,-0.109493,-0.130291,-0.000004,0.000561,0.000474,-0.000299,0.000901,0.001164,0.015803,0.003436,-0.108255,-0.001238,-0.495129,False
2016-10-21,-0.109277,-0.130328,-0.000018,0.000573,0.000488,-0.000299,0.000901,0.001162,0.015803,0.003436,-0.108281,-0.000996,-0.398275,False
2016-10-22,-0.108803,-0.130365,-0.000033,0.000584,0.000502,-0.000298,0.000902,0.001160,0.015803,0.003436,-0.108308,-0.000495,-0.197924,False
2016-10-23,-0.106240,-0.130402,-0.000047,0.000595,0.000516,-0.000298,0.000902,0.001159,0.015803,0.003436,-0.108336,0.002096,0.838304,False
2016-10-24,-0.109486,-0.130439,-0.000062,0.000605,0.000530,-0.000297,0.000903,0.001157,0.015803,0.003436,-0.108364,-0.001122,-0.448812,False
2016-10-25,-0.108815,-0.130476,-0.000075,0.000614,0.000543,-0.000296,0.000903,0.001155,0.015803,0.003436,-0.108393,-0.000422,-0.168892,False
2016-10-26,-0.107958,-0.130513,-0.000089,0.000622,0.000557,-0.000296,0.000904,0.001153,0.015803,0.003436,-0.108422,0.000464,0.185642,False
2016-10-27,-0.108410,-0.130550,-0.000102,0.000630,0.000570,-0.000295,0.000904,0.001151,0.015803,0.003436,-0.108452,0.000042,0.016772,False
2016-10-28,-0.106499,-0.130587,-0.000115,0.000637,0.000583,-0.000294,0.000905,0.001150,0.015803,0.003436,-0.108482,0.001983,0.793278,False
2016-10-29,-0.107639,-0.130624,-0.000127,0.000643,0.000596,-0.000294,0.000905,0.001148,0.015803,0.003436,-0.108513,0.000874,0.349540,False
2016-10-30,-0.107264,-0.130661,-0.000138,0.000649,0.000609,-0.000293,0.000906,0.001146,0.015803,0.003436,-0.108544,0.001280,0.511941,False
2016-10-31,-0.108975,-0.130698,-0.000149,0.000653,0.000622,-0.000292,0.000906,0.001144,0.015803,0.003436,-0.108575,-0.000400,-0.159938,False
2016-11-01,-0.107202,-0.130735,-0.000159,0.000657,0.000634,-0.000292,0.000907,0.001142,0.015803,0.003436,-0.108607,0.001405,0.561887,False
2016-11-02,-0.107966,-0.130772,-0.000169,0.000660,0.000647,-0.000291,0.000907,0.001141,0.015803,0.003436,-0.108639,0.000673,0.269001,False
2016-11-03,-0.109212,-0.130809,-0.000177,0.000663,0.000659,-0.000290,0.000907,0.001139,0.015803,0.003436,-0.108670,-0.000542,-0.216613,False
2016-11-04,-0.110203,-0.130846,-0.000185,0.000664,0.000671,-0.000290,0.000908,0.001137,0.015803,0.003436,-0.108703,-0.001500,-0.600167,False
2016-11-05,-0.109498,-0.130883,-0.000192,0.000665,0.000682,-0.000289,0.000908,0.001135,0.015803,0.003436,-0.108735,-0.000763,-0.305275,False
2016-11-06,-0.110554,-0.130920,-0.000198,0.000665,0.000694,-0.000288,0.000908,0.001133,0.015803,0.003436,-0.108767,-0.001787,-0.714746,False
2016-11-07,-0.107922,-0.130957,-0.000203,0.000664,0.000705,-0.000287,0.000909,0.001131,0.015803,0.003436,-0.108800,0.000878,0.351008,False
2016-11-08,-0.106856,-0.130994,-0.000207,0.000663,0.000716,-0.000287,0.000909,0.001129,0.015803,0.003436,-0.108832,0.001976,0.790379,False
2016-11-09,-0.111324,-0.131031,-0.000210,0.000660,0.000727,-0.000286,0.000909,0.001128,0.015803,0.003436,-0.108864,-0.002460,-0.983839,False
2016-11-10,-0.110370,-0.131068,-0.000213,0.000657,0.000738,-0.000285,0.000910,0.001126,0.015803,0.003436,-0.108897,-0.001473,-0.589254,False
2016-11-11,-0.110538,-0.131105,-0.000214,0.000653,0.000748,-0.000284,0.000910,0.001124,0.015803,0.003436,-0.108929,-0.001609,-0.643468,False
2016-11-12,-0.111002,-0.131142,-0.000214,0.000648,0.000758,-0.000283,0.000910,0.001122,0.015803,0.003436,-0.108962,-0.002040,-0.816085,False
2016-11-13,-0.110783,-0.131179,-0.000213,0.000643,0.000768,-0.000283,0.000910,0.001120,0.015803,0.003436,-0.108994,-0.001789,-0.715506,False
2016-11-14,-0.108833,-0.131216,-0.000211,0.000637,0.000778,-0.000282,0.000911,0.001118,0.015803,0.003436,-0.109027,0.000194,0.077469,False
2016-11-15,-0.111474,-0.131253,-0.000208,0.000630,0.000788,-0.000281,0.000911,0.001116,0.015803,0.003436,-0.109059,-0.002415,-0.965957,False
2016-11-16,-0.111712,-0.131290,-0.000204,0.000622,0.000797,-0.000280,0.000911,0.001114,0.015803,0.003436,-0.109092,-0.002620,-1.048182,False
2016-11-17,-0.110736,-0.131327,-0.000200,0.000614,0.000806,-0.000279,0.000911,0.001112,0.015803,0.003436,-0.109124,-0.001612,-0.644801,False
2016-11-18,-0.111156,-0.131365,-0.000194,0.000605,0.000815,-0.000279,0.000911,0.001111,0.015803,0.003436,-0.109156,-0.002000,-0.799808,False
2016-11-19,-0.110879,-0.131402,-0.000187,0.000595,0.000824,-0.000278,0.000912,0.001109,0.015803,0.003436,-0.109189,-0.001690,-0.675994,False
2016-11-20,-0.110133,-0.131439,-0.000180,0.000584,0.000832,-0.000277,0.000912,0.001107,0.015803,0.003436,-0.109222,-0.000911,-0.364552,False
2016-11-21,-0.109404,-0.131476,-0.000171,0.000573,0.000840,-0.000276,0.000912,0.001105,0.015803,0.003436,-0.109254,-0.000150,-0.059870,False
2016-11-22,-0.109845,-0.131513,-0.000162,0.000561,0.000848,-0.000275,0.000912,0.001103,0.015803,0.003436,-0.109287,-0.000558,-0.223138,False
2016-11-23,-0.111516,-0.131550,-0.000152,0.000548,0.000855,-0.000274,0.000912,0.001101,0.015803,0.003436,-0.109320,-0.002196,-0.878342,False
2016-11-24,-0.108676,-0.131587,-0.000141,0.000535,0.000863,-0.000273,0.000912,0.001099,0.015803,0.003436,-0.109353,0.000677,0.270931,False
2016-11-25,-0.111527,-0.131624,-0.000130,0.000521,0.000870,-0.000273,0.000912,0.001097,0.015803,0.003436,-0.109387,-0.002140,-0.856105,False
2016-11-26,-0.112327,-0.131661,-0.000118,0.000507,0.000877,-0.000272,0.000912,0.001095,0.015803,0.003436,-0.109420,-0.002907,-1.162632,False
2016-11-27,-0.110255,-0.131698,-0.000105,0.000492,0.000883,-0.000271,0.000912,0.001093,0.015803,0.003436,-0.109454,-0.000801,-0.320235,False
2016-11-28,-0.110525,-0.131735,-0.000092,0.000476,0.000890,-0.000270,0.000912,0.001091,0.015803,0.003436,-0.109489,-0.001036,-0.414497,False
2016-11-29,-0.109118,-0.131772,-0.000079,0.000460,0.000896,-0.000269,0.000912,0.001089,0.015803,0.003436,-0.109524,0.000406,0.162201,False
2016-11-30,-0.108352,-0.131809,-0.000065,0.000443,0.000902,-0.000268,0.000912,0.001087,0.015803,0.003436,-0.109559,0.001207,0.482677,False
2016-12-01,-0.110407,-0.131846,-0.000051,0.000426,0.000907,-0.000267,0.000912,0.001085,0.015803,0.003436,-0.109594,-0.000813,-0.325051,False
2016-12-02,-0.108209,-0.131883,-0.000037,0.000408,0.000912,-0.000266,0.000912,0.001083,0.015803,0.003436,-0.109631,0.001422,0.568638,False
2016-12-03,-0.110413,-0.131920,-0.000022,0.000390,0.000917,-0.000265,0.000912,0.001081,0.015803,0.003436,-0.109667,-0.000746,-0.298238,False
2016-12-04,-0.109851,-0.131957,-0.000007,0.000371,0.000922,-0.000264,0.000912,0.001079,0.015803,0.003436,-0.109705,-0.000146,-0.058460,False
2016-12-05,-0.107869,-0.131994,0.000007,0.000352,0.000927,-0.000263,0.000912,0.001077,0.015803,0.003436,-0.109743,0.001874,0.749593,False
2016-12-06,-0.107829,-0.132031,0.000022,0.000332,0.000931,-0.000262,0.000912,0.001075,0.015803,0.003436,-0.109782,0.001953,0.781138,False
2016-12-07,-0.109094,-0.132068,0.000037,0.000312,0.000935,-0.000261,0.000912,0.001073,0.015803,0.003436,-0.109821,0.000727,0.290996,False
2016-12-08,-0.109168,-0.132105,0.000051,0.000292,0.000938,-0.000260,0.000912,0.001071,0.015803,0.003436,-0.109862,0.000694,0.277585,False
2016-12-09,-0.108897,-0.132142,0.000065,0.000271,0.000942,-0.000259,0.000912,0.001069,0.015803,0.003436,-0.109903,0.001006,0.402522,False
2016-12-10,-0.108368,-0.132179,0.000079,0.000250,0.000945,-0.000258,0.000912,0.001067,0.015803,0.003436,-0.109946,0.001578,0.631026,False
2016-12-11,-0.109149,-0.132216,0.000092,0.000229,0.000947,-0.000257,0.000911,0.001065,0.015803,0.003436,-0.109989,0.000840,0.335911,False
2016-12-12,-0.109887,-0.132253,0.000105,0.000207,0.000950,-0.000256,0.000911,0.001063,0.015803,0.003436,-0.110033,0.000146,0.058395,False
2016-12-13,-0.108478,-0.132290,0.000118,0.000186,0.000952,-0.000255,0.000911,0.001061,0.015803,0.003436,-0.110078,0.001600,0.640092,False
2016-12-14,-0.107383,-0.132327,0.000130,0.000164,0.000954,-0.000254,0.000911,0.001059,0.015803,0.003436,-0.110125,0.002742,1.096615,False
2016-12-15,-0.108195,-0.132364,0.000141,0.000141,0.000956,-0.000253,0.000911,0.001057,0.015803,0.003436,-0.110172,0.001977,0.790777,False
2016-12-16,-0.110020,-0.132401,0.000152,0.000119,0.000957,-0.000252,0.000910,0.001055,0.015803,0.003436,-0.110220,0.000200,0.080189,False
2016-12-17,-0.108813,-0.132438,0.000162,0.000097,0.000958,-0.000251,0.000910,0.001053,0.015803,0.003436,-0.110270,0.001457,0.582861,False
2016-12-18,-0.110618,-0.132475,0.000171,0.000074,0.000959,-0.000250,0.000910,0.001051,0.015803,0.003436,-0.110321,-0.000297,-0.118799,False
2016-12-19,-0.109197,-0.132512,0.000180,0.000051,0.000960,-0.000249,0.000910,0.001049,0.015803,0.003436,-0.110373,0.001176,0.470416,False
2016-12-20,-0.109693,-0.132549,0.000187,0.000028,0.000960,-0.000248,0.000909,0.001047,0.015803,0.003436,-0.110426,0.000733,0.293311,False
2016-12-21,-0.109743,-0.132586,0.000194,0.000006,0.000960,-0.000246,0.000909,0.001045,0.015803,0.003436,-0.110481,0.000738,0.295090,False
2016-12-22,-0.111332,-0.132623,0.000200,-0.000017,0.000960,-0.000245,0.000909,0.001043,0.015803,0.003436,-0.110536,-0.000796,-0.318246,False
2016-12-23,-0.108543,-0.132661,0.000204,-0.000040,0.000959,-0.000244,0.000908,0.001041,0.015803,0.003436,-0.110593,0.002050,0.820104,False
2016-12-24,-0.110094,-0.132698,0.000208,-0.000063,0.000958,-0.000243,0.000908,0.001039,0.015803,0.003436,-0.110651,0.000557,0.222937,False
2016-12-25,-0.112081,-0.132735,0.000211,-0.000086,0.000957,-0.000242,0.000908,0.001037,0.015803,0.003436,-0.110711,-0.001370,-0.548148,False
2016-12-26,-0.109023,-0.132772,0.000213,-0.000108,0.000956,-0.000241,0.000907,0.001034,0.015803,0.003436,-0.110771,0.001748,0.699241,False
2016-12-27,-0.111054,-0.132809,0.000214,-0.000131,0.000954,-0.000240,0.000907,0.001032,0.015803,0.003436,-0.110833,-0.000221,-0.088502,False
2016-12-28,-0.112922,-0.132846,0.000214,-0.000153,0.000952,-0.000239,0.000907,0.001030,0.015803,0.003436,-0.110896,-0.002026,-0.810587,False
2016-12-29,-0.112097,-0.132883,0.000213,-0.000175,0.000950,-0.000237,0.000906,0.001028,0.015803,0.003436,-0.110959,-0.001138,-0.455024,False
2016-12-30,-0.109609,-0.132920,0.000210,-0.000197,0.000947,-0.000236,0.000906,0.001026,0.015803,0.003436,-0.111024,0.001415,0.566174,False
2016-12-31,-0.111100,-0.132957,0.000207,-0.000219,0.000944,-0.000235,0.000905,0.001024,0.015803,0.003436,-0.111090,-0.000010,-0.003808,False
2017-01-01,-0.109020,-0.132994,0.000203,-0.000240,0.000941,-0.000234,0.000905,0.001022,0.015803,0.003436,-0.111158,0.002138,0.855014,False
2017-01-02,-0.110854,-0.133031,0.000198,-0.000261,0.000938,-0.000233,0.000904,0.001020,0.015803,0.003436,-0.111226,0.000372,0.148696,False
2017-01-03,-0.110490,-0.133068,0.000192,-0.000282,0.000934,-0.000231,0.000904,0.001018,0.015803,0.003436,-0.111295,0.000805,0.321946,False
2017-01-04,-0.110472,-0.133105,0.000185,-0.000303,0.000930,-0.000230,0.000904,0.001015,0.015803,0.003436,-0.111365,0.000893,0.357141,False
2017-01-05,-0.110238,-0.133142,0.000177,-0.000323,0.000926,-0.000229,0.000903,0.001013,0.015803,0.003436,-0.111436,0.001198,0.479059,False
2017-01-06,-0.110630,-0.133179,0.000169,-0.000343,0.000922,-0.000228,0.000902,0.001011,0.015803,0.003436,-0.111507,0.000877,0.350875,False
2017-01-07,-0.109585,-0.133217,0.000159,-0.000362,0.000917,-0.000227,0.000902,0.001009,0.015803,0.003436,-0.111579,0.001994,0.797762,False
2017-01-08,-0.108875,-0.133254,0.000149,-0.000381,0.000912,-0.000225,0.000901,0.001007,0.015803,0.003436,-0.111652,0.002777,1.110892,False
2017-01-09,-0.110436,-0.133291,0.000138,-0.000400,0.000906,-0.000224,0.000901,0.001005,0.015803,0.003436,-0.111726,0.001290,0.515837,False
2017-01-10,-0.112070,-0.133328,0.000127,-0.000418,0.000901,-0.000223,0.000900,0.001002,0.015803,0.003436,-0.111799,-0.000271,-0.108233,False
2017-01-11,-0.112860,-0.133365,0.000114,-0.000435,0.000895,-0.000222,0.000900,0.001000,0.015803,0.003436,-0.111874,-0.000986,-0.394549,False
2017-01-12,-0.111475,-0.133402,0.000102,-0.000452,0.000889,-0.000220,0.000899,0.000998,0.015803,0.003436,-0.111948,0.000473,0.189255,False
2017-01-13,-0.112230,-0.133439,0.000089,-0.000469,0.000882,-0.000219,0.000898,0.000996,0.015803,0.003436,-0.112023,-0.000207,-0.082851,False
2017-01-14,-0.111709,-0.133476,0.000075,-0.000485,0.000876,-0.000218,0.000898,0.000994,0.015803,0.003436,-0.112098,0.000389,0.155497,False
2017-01-15,-0.113650,-0.133514,0.000061,-0.000500,0.000869,-0.000217,0.000897,0.000992,0.015803,0.003436,-0.112173,-0.001477,-0.590934,False
2017-01-16,-0.112458,-0.133551,0.000047,-0.000515,0.000862,-0.000215,0.000897,0.000989,0.015803,0.003436,-0.112248,-0.000210,-0.084179,False
2017-01-17,-0.112959,-0.133588,0.000032,-0.000529,0.000854,-0.000214,0.000896,0.000987,0.015803,0.003436,-0.112322,-0.000637,-0.254673,False
2017-01-18,-0.114690,-0.133625,0.000018,-0.000543,0.000847,-0.000213,0.000895,0.000985,0.015803,0.003436,-0.112397,-0.002293,-0.917250,False
2017-01-19,-0.111189,-0.133662,0.000003,-0.000556,0.000839,-0.000211,0.000895,0.000983,0.015803,0.003436,-0.112471,0.001282,0.512855,False
2017-01-20,-0.112947,-0.133699,-0.000012,-0.000568,0.000831,-0.000210,0.000894,0.000981,0.015803,0.003436,-0.112545,-0.000402,-0.160795,False
2017-01-21,-0.114049,-0.133736,-0.000026,-0.000579,0.000822,-0.000209,0.000893,0.000978,0.015803,0.003436,-0.112618,-0.001431,-0.572233,False
2017-01-22,-0.113662,-0.133774,-0.000041,-0.000590,0.000814,-0.000207,0.000892,0.000976,0.015803,0.003436,-0.112691,-0.000971,-0.388293,False
2017-01-23,-0.114250,-0.133811,-0.000055,-0.000601,0.000805,-0.000206,0.000892,0.000974,0.015803,0.003436,-0.112763,-0.001487,-0.594610,False
2017-01-24,-0.113467,-0.133848,-0.000069,-0.000610,0.000796,-0.000205,0.000891,0.000972,0.015803,0.003436,-0.112835,-0.000632,-0.252816,False
2017-01-25,-0.114232,-0.133885,-0.000083,-0.000619,0.000786,-0.000203,0.000890,0.000969,0.015803,0.003436,-0.112906,-0.001326,-0.530545,False
2017-01-26,-0.112230,-0.133922,-0.000097,-0.000627,0.000777,-0.000202,0.000889,0.000967,0.015803,0.003436,-0.112975,0.000745,0.298174,False
2017-01-27,-0.113334,-0.133959,-0.000109,-0.000634,0.000767,-0.000201,0.000888,0.000965,0.015803,0.003436,-0.113044,-0.000290,-0.115890,False
2017-01-28,-0.114452,-0.133996,-0.000122,-0.000641,0.000757,-0.000199,0.000888,0.000963,0.015803,0.003436,-0.113112,-0.001340,-0.535967,False
2017-01-29,-0.113439,-0.134033,-0.000134,-0.000646,0.000746,-0.000198,0.000887,0.000961,0.015803,0.003436,-0.113179,-0.000260,-0.104084,False
2017-01-30,-0.109036,-0.134071,-0.000145,-0.000651,0.000736,-0.000197,0.000886,0.000958,0.015803,0.003436,-0.113244,0.004208,1.683332,False
2017-01-31,-0.113810,-0.134108,-0.000155,-0.000656,0.000725,-0.000195,0.000885,0.000956,0.015803,0.003436,-0.113309,-0.000501,-0.200543,False
2017-02-01,-0.113652,-0.134145,-0.000165,-0.000659,0.000714,-0.000194,0.000884,0.000954,0.015803,0.003436,-0.113372,-0.000280,-0.112132,False
2017-02-02,-0.115071,-0.134182,-0.000174,-0.000662,0.000703,-0.000192,0.000883,0.000951,0.015803,0.003436,-0.113433,-0.001638,-0.655057,False
2017-02-03,-0.114402,-0.134219,-0.000182,-0.000664,0.000692,-0.000191,0.000882,0.000949,0.015803,0.003436,-0.113494,-0.000908,-0.363338,False
2017-02-04,-0.114464,-0.134256,-0.000189,-0.000665,0.000680,-0.000190,0.000881,0.000947,0.015803,0.003436,-0.113553,-0.000911,-0.364592,False
2017-02-05,-0.113087,-0.134293,-0.000196,-0.000665,0.000668,-0.000188,0.000881,0.000945,0.015803,0.003436,-0.113610,0.000523,0.209165,False
2017-02-06,-0.111254,-0.134330,-0.000201,-0.000665,0.000656,-0.000187,0.000880,0.000942,0.015803,0.003436,-0.113666,0.002412,0.964720,False
2017-02-07,-0.114459,-0.134368,-0.000206,-0.000663,0.000644,-0.000185,0.000879,0.000940,0.015803,0.003436,-0.113720,-0.000739,-0.295540,False
2017-02-08,-0.114710,-0.134405,-0.000209,-0.000661,0.000632,-0.000184,0.000878,0.000938,0.015803,0.003436,-0.113773,-0.000937,-0.374822,False
2017-02-09,-0.112243,-0.134442,-0.000212,-0.000658,0.000619,-0.000183,0.000877,0.000936,0.015803,0.003436,-0.113824,0.001581,0.632464,False
2017-02-10,-0.113047,-0.134479,-0.000213,-0.000655,0.000607,-0.000181,0.000876,0.000933,0.015803,0.003436,-0.113874,0.000827,0.330715,False
2017-02-11,-0.114483,-0.134516,-0.000214,-0.000650,0.000594,-0.000180,0.000875,0.000931,0.015803,0.003436,-0.113922,-0.000561,-0.224472,False
2017-02-12,-0.115271,-0.134553,-0.000213,-0.000645,0.000581,-0.000178,0.000874,0.000929,0.015803,0.003436,-0.113968,-0.001303,-0.521098,False
2017-02-13,-0.112691,-0.134590,-0.000212,-0.000639,0.000567,-0.000177,0.000873,0.000926,0.015803,0.003436,-0.114013,0.001322,0.528840,False
2017-02-14,-0.113255,-0.134628,-0.000209,-0.000633,0.000554,-0.000175,0.000872,0.000924,0.015803,0.003436,-0.114056,0.000801,0.320544,False
2017-02-15,-0.112830,-0.134665,-0.000206,-0.000625,0.000540,-0.000174,0.000870,0.000922,0.015803,0.003436,-0.114098,0.001268,0.507223,False
2017-02-16,-0.113229,-0.134702,-0.000201,-0.000617,0.000527,-0.000172,0.000869,0.000919,0.015803,0.003436,-0.114138,0.000909,0.363683,False
2017-02-17,-0.114937,-0.134739,-0.000196,-0.000608,0.000513,-0.000171,0.000868,0.000917,0.015803,0.003436,-0.114177,-0.000760,-0.304064,False
2017-02-18,-0.116534,-0.134776,-0.000190,-0.000598,0.000499,-0.000169,0.000867,0.000915,0.015803,0.003436,-0.114214,-0.002320,-0.928004,False
2017-02-19,-0.113937,-0.134813,-0.000182,-0.000588,0.000485,-0.000168,0.000866,0.000912,0.015803,0.003436,-0.114250,0.000313,0.125076,False
2017-02-20,-0.113388,-0.134850,-0.000174,-0.000577,0.000470,-0.000166,0.000865,0.000910,0.015803,0.003436,-0.114284,0.000896,0.358393,False
2017-02-21,-0.115769,-0.134887,-0.000165,-0.000565,0.000456,-0.000165,0.000864,0.000908,0.015803,0.003436,-0.114317,-0.001452,-0.580832,False
2017-02-22,-0.114840,-0.134925,-0.000156,-0.000553,0.000441,-0.000163,0.000863,0.000905,0.015803,0.003436,-0.114349,-0.000491,-0.196580,False
2017-02-23,-0.113729,-0.134962,-0.000145,-0.000540,0.000426,-0.000162,0.000861,0.000903,0.015803,0.003436,-0.114379,0.000650,0.259972,False
2017-02-24,-0.113954,-0.134999,-0.000134,-0.000526,0.000412,-0.000160,0.000860,0.000901,0.015803,0.003436,-0.114408,0.000454,0.181648,False
2017-02-25,-0.115628,-0.135036,-0.000122,-0.000512,0.000397,-0.000159,0.000859,0.000898,0.015803,0.003436,-0.114436,-0.001192,-0.476725,False
2017-02-26,-0.114539,-0.135073,-0.000110,-0.000497,0.000381,-0.000157,0.000858,0.000896,0.015803,0.003436,-0.114463,-0.000076,-0.030321,False
2017-02-27,-0.115111,-0.135110,-0.000097,-0.000482,0.000366,-0.000156,0.000857,0.000894,0.015803,0.003436,-0.114489,-0.000622,-0.248710,False
2017-02-28,-0.114137,-0.135147,-0.000084,-0.000465,0.000351,-0.000154,0.000855,0.000891,0.015803,0.003436,-0.114514,0.000377,0.150937,False
2017-03-01,-0.116062,-0.135184,-0.000070,-0.000449,0.000335,-0.000153,0.000854,0.000889,0.015803,0.003436,-0.114539,-0.001523,-0.609349,False
2017-03-02,-0.113313,-0.135222,-0.000056,-0.000432,0.000320,-0.000151,0.000853,0.000886,0.015803,0.003436,-0.114562,0.001249,0.499666,False
2017-03-03,-0.113775,-0.135259,-0.000041,-0.000414,0.000304,-0.000150,0.000852,0.000884,0.015803,0.003436,-0.114585,0.000810,0.324013,False
2017-03-04,-0.114375,-0.135296,-0.000027,-0.000396,0.000289,-0.000148,0.000850,0.000882,0.015803,0.003436,-0.114607,0.000232,0.092926,False
2017-03-05,-0.116394,-0.135333,-0.000012,-0.000377,0.000273,-0.000147,0.000849,0.000879,0.015803,0.003436,-0.114629,-0.001765,-0.705960,False
2017-03-06,-0.115868,-0.135370,0.000003,-0.000358,0.000257,-0.000145,0.000848,0.000877,0.015803,0.003436,-0.114650,-0.001218,-0.487011,False
2017-03-07,-0.116975,-0.135407,0.000017,-0.000339,0.000241,-0.000144,0.000846,0.000875,0.015803,0.003436,-0.114672,-0.002303,-0.921391,False
2017-03-08,-0.116549,-0.135444,0.000032,-0.000319,0.000225,-0.000142,0.000845,0.000872,0.015803,0.003436,-0.114692,-0.001857,-0.742666,False
2017-03-09,-0.115757,-0.135482,0.000046,-0.000299,0.000209,-0.000140,0.000844,0.000870,0.015803,0.003436,-0.114713,-0.001044,-0.417599,False
2017-03-10,-0.115282,-0.135519,0.000061,-0.000278,0.000193,-0.000139,0.000842,0.000867,0.015803,0.003436,-0.114734,-0.000548,-0.219356,False
2017-03-11,-0.115498,-0.135556,0.000075,-0.000257,0.000176,-0.000137,0.000841,0.000865,0.015803,0.003436,-0.114754,-0.000744,-0.297502,False
2017-03-12,-0.113905,-0.135593,0.000088,-0.000236,0.000160,-0.000136,0.000839,0.000862,0.015803,0.003436,-0.114775,0.000870,0.347997,False
2017-03-13,-0.115462,-0.135630,0.000101,-0.000214,0.000144,-0.000134,0.000838,0.000860,0.015803,0.003436,-0.114796,-0.000666,-0.266424,False
2017-03-14,-0.115941,-0.135667,0.000114,-0.000192,0.000127,-0.000132,0.000837,0.000858,0.015803,0.003436,-0.114817,-0.001124,-0.449532,False
2017-03-15,-0.116045,-0.135704,0.000126,-0.000170,0.000111,-0.000131,0.000835,0.000855,0.015803,0.003436,-0.114839,-0.001206,-0.482495,False
2017-03-16,-0.116723,-0.135741,0.000138,-0.000148,0.000095,-0.000129,0.000834,0.000853,0.015803,0.003436,-0.114861,-0.001862,-0.744880,False
2017-03-17,-0.116711,-0.135779,0.000149,-0.000126,0.000078,-0.000128,0.000832,0.000850,0.015803,0.003436,-0.114883,-0.001828,-0.731058,False
2017-03-18,-0.116904,-0.135816,0.000159,-0.000103,0.000062,-0.000126,0.000831,0.000848,0.015803,0.003436,-0.114907,-0.001997,-0.799000,False
2017-03-19,-0.116335,-0.135853,0.000169,-0.000080,0.000045,-0.000124,0.000829,0.000845,0.015803,0.003436,-0.114930,-0.001405,-0.561876,False
2017-03-20,-0.116675,-0.135890,0.000177,-0.000058,0.000029,-0.000123,0.000828,0.000843,0.015803,0.003436,-0.114955,-0.001720,-0.688060,False
2017-03-21,-0.115414,-0.135927,0.000185,-0.000035,0.000012,-0.000121,0.000826,0.000841,0.015803,0.003436,-0.114980,-0.000434,-0.173527,False
2017-03-22,-0.117211,-0.135964,0.000192,-0.000012,-0.000004,-0.000120,0.000825,0.000838,0.015803,0.003436,-0.115006,-0.002205,-0.881854,False
2017-03-23,-0.116960,-0.136001,0.000198,0.000011,-0.000021,-0.000118,0.000823,0.000836,0.015803,0.003436,-0.115033,-0.001927,-0.770617,False
2017-03-24,-0.115466,-0.136038,0.000203,0.000034,-0.000037,-0.000116,0.000822,0.000833,0.015803,0.003436,-0.115062,-0.000404,-0.161797,False
2017-03-25,-0.114800,-0.136076,0.000207,0.000057,-0.000054,-0.000115,0.000820,0.000831,0.015803,0.003436,-0.115091,0.000291,0.116224,False
2017-03-26,-0.116832,-0.136113,0.000210,0.000079,-0.000070,-0.000113,0.000819,0.000828,0.015803,0.003436,-0.115121,-0.001711,-0.684536,False
2017-03-27,-0.117081,-0.136150,0.000213,0.000102,-0.000087,-0.000111,0.000817,0.000826,0.015803,0.003436,-0.115152,-0.001929,-0.771663,False
2017-03-28,-0.116730,-0.136187,0.000214,0.000125,-0.000103,-0.000110,0.000815,0.000823,0.015803,0.003436,-0.115184,-0.001546,-0.618343,False
2017-03-29,-0.117029,-0.136224,0.000214,0.000147,-0.000120,-0.000108,0.000814,0.000821,0.015803,0.003436,-0.115218,-0.001811,-0.724566,False
2017-03-30,-0.117986,-0.136261,0.000213,0.000169,-0.000136,-0.000107,0.000812,0.000818,0.015803,0.003436,-0.115252,-0.002734,-1.093523,False
2017-03-31,-0.119739,-0.136298,0.000211,0.000191,-0.000153,-0.000105,0.000810,0.000816,0.015803,0.003436,-0.115288,-0.004451,-1.780407,False
2017-04-01,-0.116373,-0.136336,0.000208,0.000213,-0.000169,-0.000103,0.000809,0.000813,0.015803,0.003436,-0.115325,-0.001048,-0.419213,False
2017-04-02,-0.116347,-0.136373,0.000204,0.000235,-0.000185,-0.000102,0.000807,0.000811,0.015803,0.003436,-0.115363,-0.000984,-0.393538,False
2017-04-03,-0.119687,-0.136410,0.000200,0.000256,-0.000201,-0.000100,0.000806,0.000808,0.015803,0.003436,-0.115403,-0.004284,-1.713781,False
2017-04-04,-0.117349,-0.136447,0.000194,0.000277,-0.000217,-0.000098,0.000804,0.000806,0.015803,0.003436,-0.115443,-0.001906,-0.762343,False
2017-04-05,-0.116199,-0.136484,0.000187,0.000298,-0.000233,-0.000097,0.000802,0.000803,0.015803,0.003436,-0.115485,-0.000714,-0.285627,False
2017-04-06,-0.118039,-0.136521,0.000179,0.000318,-0.000249,-0.000095,0.000800,0.000801,0.015803,0.003436,-0.115528,-0.002511,-1.004438,False
2017-04-07,-0.116959,-0.136558,0.000171,0.000338,-0.000265,-0.000093,0.000799,0.000798,0.015803,0.003436,-0.115572,-0.001387,-0.554782,False
2017-04-08,-0.117792,-0.136595,0.000162,0.000357,-0.000281,-0.000092,0.000797,0.000796,0.015803,0.003436,-0.115617,-0.002175,-0.869868,False
2017-04-09,-0.116939,-0.136633,0.000152,0.000376,-0.000297,-0.000090,0.000795,0.000793,0.015803,0.003436,-0.115664,-0.001275,-0.510106,False
2017-04-10,-0.115680,-0.136670,0.000141,0.000395,-0.000313,-0.000088,0.000793,0.000791,0.015803,0.003436,-0.115711,0.000031,0.012492,False
2017-04-11,-0.113668,-0.136707,0.000130,0.000413,-0.000328,-0.000086,0.000792,0.000788,0.015803,0.003436,-0.115760,0.002092,0.836713,False
2017-04-12,-0.115193,-0.136744,0.000118,0.000431,-0.000344,-0.000085,0.000790,0.000786,0.015803,0.003436,-0.115809,0.000616,0.246541,False
2017-04-13,-0.117239,-0.136781,0.000105,0.000448,-0.000359,-0.000083,0.000788,0.000783,0.015803,0.003436,-0.115860,-0.001379,-0.551638,False
2017-04-14,-0.114590,-0.136818,0.000092,0.000465,-0.000374,-0.000081,0.000786,0.000781,0.015803,0.003436,-0.115911,0.001321,0.528557,False
2017-04-15,-0.116058,-0.136855,0.000078,0.000481,-0.000390,-0.000080,0.000784,0.000778,0.015803,0.003436,-0.115964,-0.000094,-0.037693,False
2017-04-16,-0.117125,-0.136892,0.000065,0.000496,-0.000405,-0.000078,0.000783,0.000776,0.015803,0.003436,-0.116017,-0.001108,-0.443207,False
2017-04-17,-0.115916,-0.136930,0.000050,0.000511,-0.000419,-0.000076,0.000781,0.000773,0.015803,0.003436,-0.116071,0.000155,0.061994,False
2017-04-18,-0.118541,-0.136967,0.000036,0.000526,-0.000434,-0.000075,0.000779,0.000770,0.015803,0.003436,-0.116126,-0.002415,-0.966111,False
2017-04-19,-0.113680,-0.137004,0.000021,0.000539,-0.000449,-0.000073,0.000777,0.000768,0.015803,0.003436,-0.116181,0.002501,1.000454,False
2017-04-20,-0.115818,-0.137041,0.000007,0.000552,-0.000464,-0.000071,0.000775,0.000765,0.015803,0.003436,-0.116237,0.000419,0.167668,False
2017-04-21,-0.115765,-0.137078,-0.000008,0.000565,-0.000478,-0.000070,0.000773,0.000763,0.015803,0.003436,-0.116294,0.000529,0.211507,False
2017-04-22,-0.115133,-0.137115,-0.000023,0.000577,-0.000492,-0.000068,0.000771,0.000760,0.015803,0.003436,-0.116351,0.001218,0.487147,False
2017-04-23,-0.116624,-0.137152,-0.000037,0.000588,-0.000506,-0.000066,0.000769,0.000758,0.015803,0.003436,-0.116408,-0.000216,-0.086236,False
2017-04-24,-0.117248,-0.137190,-0.000052,0.000598,-0.000520,-0.000064,0.000767,0.000755,0.015803,0.003436,-0.116466,-0.000782,-0.312666,False
2017-04-25,-0.115882,-0.137227,-0.000066,0.000608,-0.000534,-0.000063,0.000766,0.000753,0.015803,0.003436,-0.116525,0.000643,0.257033,False
2017-04-26,-0.116853,-0.137264,-0.000080,0.000617,-0.000548,-0.000061,0.000764,0.000750,0.015803,0.003436,-0.116583,-0.000270,-0.107963,False
2017-04-27,-0.117859,-0.137301,-0.000093,0.000625,-0.000561,-0.000059,0.000762,0.000747,0.015803,0.003436,-0.116642,-0.001217,-0.486877,False
2017-04-28,-0.115930,-0.137338,-0.000106,0.000632,-0.000575,-0.000057,0.000760,0.000745,0.015803,0.003436,-0.116701,0.000771,0.308267,False
2017-04-29,-0.116259,-0.137375,-0.000119,0.000639,-0.000588,-0.000056,0.000758,0.000742,0.015803,0.003436,-0.116760,0.000501,0.200246,False
2017-04-30,-0.116479,-0.137412,-0.000131,0.000645,-0.000601,-0.000054,0.000756,0.000740,0.015803,0.003436,-0.116819,0.000340,0.135839,False
2017-05-01,-0.116834,-0.137449,-0.000142,0.000650,-0.000613,-0.000052,0.000754,0.000737,0.015803,0.003436,-0.116878,0.000044,0.017424,False
2017-05-02,-0.117083,-0.137487,-0.000153,0.000655,-0.000626,-0.000051,0.000752,0.000734,0.015803,0.003436,-0.116936,-0.000147,-0.058619,False
2017-05-03,-0.117391,-0.137524,-0.000163,0.000658,-0.000639,-0.000049,0.000750,0.000732,0.015803,0.003436,-0.116995,-0.000396,-0.158311,False
2017-05-04,-0.118931,-0.137561,-0.000172,0.000661,-0.000651,-0.000047,0.000747,0.000729,0.015803,0.003436,-0.117054,-0.001877,-0.750869,False
2017-05-05,-0.118661,-0.137598,-0.000180,0.000663,-0.000663,-0.000045,0.000745,0.000727,0.015803,0.003436,-0.117112,-0.001549,-0.619512,False
2017-05-06,-0.117185,-0.137635,-0.000188,0.000664,-0.000675,-0.000044,0.000743,0.000724,0.015803,0.003436,-0.117170,-0.000015,-0.005855,False
2017-05-07,-0.118892,-0.137672,-0.000194,0.000665,-0.000686,-0.000042,0.000741,0.000721,0.015803,0.003436,-0.117228,-0.001664,-0.665514,False
2017-05-08,-0.118328,-0.137709,-0.000200,0.000665,-0.000698,-0.000040,0.000739,0.000719,0.015803,0.003436,-0.117286,-0.001042,-0.416901,False
2017-05-09,-0.121302,-0.137746,-0.000205,0.000664,-0.000709,-0.000038,0.000737,0.000716,0.015803,0.003436,-0.117343,-0.003959,-1.583631,False
2017-05-10,-0.116103,-0.137784,-0.000209,0.000662,-0.000720,-0.000037,0.000735,0.000714,0.015803,0.003436,-0.117400,0.001297,0.518688,False
2017-05-11,-0.117464,-0.137821,-0.000211,0.000659,-0.000731,-0.000035,0.000733,0.000711,0.015803,0.003436,-0.117456,-0.000008,-0.003155,False
2017-05-12,-0.119285,-0.137858,-0.000213,0.000656,-0.000742,-0.000033,0.000731,0.000708,0.015803,0.003436,-0.117512,-0.001773,-0.709168,False
2017-05-13,-0.119397,-0.137895,-0.000214,0.000652,-0.000752,-0.000031,0.000729,0.000706,0.015803,0.003436,-0.117568,-0.001829,-0.731756,False
2017-05-14,-0.119948,-0.137932,-0.000214,0.000647,-0.000762,-0.000030,0.000726,0.000703,0.015803,0.003436,-0.117623,-0.002325,-0.930125,False
2017-05-15,-0.118257,-0.137969,-0.000212,0.000641,-0.000772,-0.000028,0.000724,0.000700,0.015803,0.003436,-0.117677,-0.000580,-0.231877,False
2017-05-16,-0.117556,-0.138006,-0.000210,0.000634,-0.000782,-0.000026,0.000722,0.000698,0.015803,0.003436,-0.117731,0.000175,0.070186,False
2017-05-17,-0.121594,-0.138044,-0.000207,0.000627,-0.000791,-0.000024,0.000720,0.000695,0.015803,0.003436,-0.117785,-0.003809,-1.523536,False
2017-05-18,-0.116212,-0.138081,-0.000203,0.000619,-0.000800,-0.000023,0.000718,0.000692,0.015803,0.003436,-0.117838,0.001626,0.650558,False
2017-05-19,-0.117302,-0.138118,-0.000197,0.000610,-0.000809,-0.000021,0.000715,0.000690,0.015803,0.003436,-0.117891,0.000589,0.235672,False
2017-05-20,-0.115877,-0.138155,-0.000191,0.000601,-0.000818,-0.000019,0.000713,0.000687,0.015803,0.003436,-0.117944,0.002067,0.826611,False
2017-05-21,-0.118927,-0.138192,-0.000184,0.000591,-0.000827,-0.000017,0.000711,0.000684,0.015803,0.003436,-0.117995,-0.000932,-0.372619,False
2017-05-22,-0.119665,-0.138229,-0.000176,0.000580,-0.000835,-0.000016,0.000709,0.000682,0.015803,0.003436,-0.118047,-0.001618,-0.647212,False
2017-05-23,-0.117445,-0.138266,-0.000168,0.000568,-0.000843,-0.000014,0.000706,0.000679,0.015803,0.003436,-0.118098,0.000653,0.261243,False
2017-05-24,-0.120263,-0.138303,-0.000158,0.000556,-0.000851,-0.000012,0.000704,0.000676,0.015803,0.003436,-0.118149,-0.002114,-0.845646,False
2017-05-25,-0.120252,-0.138341,-0.000148,0.000543,-0.000858,-0.000010,0.000702,0.000674,0.015803,0.003436,-0.118199,-0.002053,-0.821066,False
2017-05-26,-0.116754,-0.138378,-0.000137,0.000530,-0.000866,-0.000009,0.000700,0.000671,0.015803,0.003436,-0.118249,0.001495,0.598195,False
2017-05-27,-0.120825,-0.138415,-0.000125,0.000516,-0.000873,-0.000007,0.000697,0.000668,0.015803,0.003436,-0.118299,-0.002526,-1.010249,False
2017-05-28,-0.118446,-0.138452,-0.000113,0.000501,-0.000879,-0.000005,0.000695,0.000666,0.015803,0.003436,-0.118349,-0.000097,-0.038784,False
2017-05-29,-0.117793,-0.138489,-0.000100,0.000485,-0.000886,-0.000003,0.000693,0.000663,0.015803,0.003436,-0.118399,0.000606,0.242205,False
2017-05-30,-0.116738,-0.138526,-0.000087,0.000470,-0.000892,-0.000002,0.000690,0.000660,0.015803,0.003436,-0.118448,0.001710,0.683935,False
2017-05-31,-0.120254,-0.138563,-0.000073,0.000453,-0.000898,0.000000,0.000688,0.000658,0.015803,0.003436,-0.118497,-0.001757,-0.702777,False
2017-06-01,-0.122873,-0.138600,-0.000059,0.000436,-0.000904,0.000002,0.000686,0.000655,0.015803,0.003436,-0.118546,-0.004327,-1.730715,False
2017-06-02,-0.118154,-0.138638,-0.000045,0.000419,-0.000909,0.000004,0.000683,0.000652,0.015803,0.003436,-0.118595,0.000441,0.176540,False
2017-06-03,-0.119153,-0.138675,-0.000030,0.000400,-0.000914,0.000005,0.000681,0.000650,0.015803,0.003436,-0.118645,-0.000508,-0.203394,False
2017-06-04,-0.117470,-0.138712,-0.000016,0.000382,-0.000919,0.000007,0.000678,0.000647,0.015803,0.003436,-0.118694,0.001224,0.489501,False
2017-06-05,-0.119611,-0.138749,-0.000001,0.000363,-0.000924,0.000009,0.000676,0.000644,0.015803,0.003436,-0.118743,-0.000868,-0.347157,False
2017-06-06,-0.118782,-0.138786,0.000014,0.000344,-0.000928,0.000011,0.000674,0.000642,0.015803,0.003436,-0.118793,0.000011,0.004251,False
2017-06-07,-0.119491,-0.138823,0.000028,0.000324,-0.000932,0.000012,0.000671,0.000639,0.015803,0.003436,-0.118842,-0.000649,-0.259457,False
2017-06-08,-0.120280,-0.138860,0.000043,0.000304,-0.000936,0.000014,0.000669,0.000636,0.015803,0.003436,-0.118892,-0.001388,-0.555062,False
2017-06-09,-0.121317,-0.138898,0.000057,0.000283,-0.000940,0.000016,0.000666,0.000633,0.015803,0.003436,-0.118943,-0.002374,-0.949749,False
2017-06-10,-0.119200,-0.138935,0.000071,0.000262,-0.000943,0.000018,0.000664,0.000631,0.015803,0.003436,-0.118993,-0.000207,-0.082698,False
2017-06-11,-0.120386,-0.138972,0.000085,0.000241,-0.000946,0.000019,0.000661,0.000628,0.015803,0.003436,-0.119044,-0.001342,-0.536695,False
2017-06-12,-0.117981,-0.139009,0.000098,0.000220,-0.000949,0.000021,0.000659,0.000625,0.015803,0.003436,-0.119096,0.001115,0.445876,False
2017-06-13,-0.116757,-0.139046,0.000111,0.000198,-0.000951,0.000023,0.000656,0.000623,0.015803,0.003436,-0.119148,0.002391,0.956231,False
2017-06-14,-0.115440,-0.139083,0.000123,0.000176,-0.000953,0.000025,0.000654,0.000620,0.015803,0.003436,-0.119200,0.003760,1.503982,False
2017-06-15,-0.117215,-0.139120,0.000135,0.000154,-0.000955,0.000026,0.000651,0.000617,0.015803,0.003436,-0.119253,0.002038,0.815144,False
2017-06-16,-0.116365,-0.139157,0.000146,0.000131,-0.000957,0.000028,0.000649,0.000614,0.015803,0.003436,-0.119306,0.002941,1.176526,False
2017-06-17,-0.118122,-0.139195,0.000157,0.000109,-0.000958,0.000030,0.000646,0.000612,0.015803,0.003436,-0.119360,0.001238,0.495340,False
2017-06-18,-0.117869,-0.139232,0.000166,0.000086,-0.000959,0.000032,0.000644,0.000609,0.015803,0.003436,-0.119415,0.001546,0.618394,False
2017-06-19,-0.120333,-0.139269,0.000175,0.000063,-0.000960,0.000033,0.000641,0.000606,0.015803,0.003436,-0.119470,-0.000863,-0.345104,False
2017-06-20,-0.120658,-0.139306,0.000183,0.000041,-0.000960,0.000035,0.000639,0.000603,0.015803,0.003436,-0.119526,-0.001132,-0.452749,False
2017-06-21,-0.119845,-0.139343,0.000190,0.000018,-0.000960,0.000037,0.000636,0.000601,0.015803,0.003436,-0.119583,-0.000262,-0.104935,False
2017-06-22,-0.119932,-0.139380,0.000197,-0.000005,-0.000960,0.000039,0.000634,0.000598,0.015803,0.003436,-0.119640,-0.000292,-0.116861,False
2017-06-23,-0.119400,-0.139417,0.000202,-0.000028,-0.000960,0.000040,0.000631,0.000595,0.015803,0.003436,-0.119698,0.000298,0.119075,False
2017-06-24,-0.119455,-0.139454,0.000206,-0.000051,-0.000959,0.000042,0.000628,0.000592,0.015803,0.003436,-0.119756,0.000301,0.120473,False
2017-06-25,-0.120603,-0.139492,0.000210,-0.000074,-0.000958,0.000044,0.000626,0.000590,0.015803,0.003436,-0.119815,-0.000788,-0.315071,False
2017-06-26,-0.119022,-0.139529,0.000212,-0.000096,-0.000957,0.000045,0.000623,0.000587,0.015803,0.003436,-0.119875,0.000853,0.341239,False
2017-06-27,-0.119427,-0.139566,0.000214,-0.000119,-0.000955,0.000047,0.000621,0.000584,0.015803,0.003436,-0.119935,0.000508,0.203399,False
2017-06-28,-0.121551,-0.139603,0.000214,-0.000142,-0.000953,0.000049,0.000618,0.000581,0.015803,0.003436,-0.119996,-0.001555,-0.621802,False
2017-06-29,-0.120411,-0.139640,0.000213,-0.000164,-0.000951,0.000051,0.000615,0.000579,0.015803,0.003436,-0.120058,-0.000353,-0.141171,False
2017-06-30,-0.120695,-0.139677,0.000212,-0.000186,-0.000949,0.000052,0.000613,0.000576,0.015803,0.003436,-0.120120,-0.000575,-0.229921,False
2017-07-01,-0.120189,-0.139714,0.000209,-0.000208,-0.000946,0.000054,0.000610,0.000573,0.015803,0.003436,-0.120183,-0.000006,-0.002464,False
2017-07-02,-0.119385,-0.139752,0.000205,-0.000229,-0.000943,0.000056,0.000607,0.000570,0.015803,0.003436,-0.120246,0.000861,0.344383,False
2017-07-03,-0.121558,-0.139789,0.000201,-0.000251,-0.000940,0.000058,0.000605,0.000568,0.015803,0.003436,-0.120310,-0.001248,-0.499395,False
2017-07-04,-0.119253,-0.139826,0.000195,-0.000272,-0.000936,0.000059,0.000602,0.000565,0.015803,0.003436,-0.120373,0.001120,0.448183,False
2017-07-05,-0.118881,-0.139863,0.000189,-0.000292,-0.000932,0.000061,0.000599,0.000562,0.015803,0.003436,-0.120438,0.001557,0.622697,False
2017-07-06,-0.121750,-0.139900,0.000181,-0.000313,-0.000928,0.000063,0.000596,0.000559,0.015803,0.003436,-0.120502,-0.001248,-0.499076,False
2017-07-07,-0.122092,-0.139937,0.000173,-0.000333,-0.000924,0.000064,0.000594,0.000556,0.015803,0.003436,-0.120567,-0.001525,-0.609957,False
2017-07-08,-0.118989,-0.139974,0.000164,-0.000353,-0.000919,0.000066,0.000591,0.000554,0.015803,0.003436,-0.120632,0.001643,0.657229,False
2017-07-09,-0.118826,-0.140011,0.000154,-0.000372,-0.000914,0.000068,0.000588,0.000551,0.015803,0.003436,-0.120697,0.001871,0.748455,False
2017-07-10,-0.120611,-0.140049,0.000144,-0.000390,-0.000909,0.000070,0.000586,0.000548,0.015803,0.003436,-0.120762,0.000151,0.060494,False
2017-07-11,-0.120683,-0.140086,0.000133,-0.000409,-0.000904,0.000071,0.000583,0.000545,0.015803,0.003436,-0.120827,0.000144,0.057718,False
2017-07-12,-0.119674,-0.140123,0.000121,-0.000427,-0.000898,0.000073,0.000580,0.000542,0.015803,0.003436,-0.120892,0.001218,0.487299,False
2017-07-13,-0.116824,-0.140160,0.000108,-0.000444,-0.000892,0.000075,0.000577,0.000540,0.015803,0.003436,-0.120957,0.004133,1.653204,False
2017-07-14,-0.118684,-0.140197,0.000095,-0.000461,-0.000886,0.000076,0.000574,0.000537,0.015803,0.003436,-0.121022,0.002338,0.935004,False
2017-07-15,-0.117727,-0.140234,0.000082,-0.000477,-0.000879,0.000078,0.000572,0.000534,0.015803,0.003436,-0.121086,0.003359,1.343467,False
2017-07-16,-0.120744,-0.140271,0.000068,-0.000493,-0.000872,0.000080,0.000569,0.000531,0.015803,0.003436,-0.121149,0.000405,0.162160,False
2017-07-17,-0.119144,-0.140308,0.000054,-0.000508,-0.000865,0.000082,0.000566,0.000528,0.015803,0.003436,-0.121213,0.002069,0.827450,False
2017-07-18,-0.120026,-0.140346,0.000040,-0.000522,-0.000858,0.000083,0.000563,0.000526,0.015803,0.003436,-0.121275,0.001249,0.499705,False
2017-07-19,-0.118121,-0.140383,0.000025,-0.000536,-0.000851,0.000085,0.000560,0.000523,0.015803,0.003436,-0.121337,0.003216,1.286491,False
2017-07-20,-0.119129,-0.140420,0.000010,-0.000549,-0.000843,0.000087,0.000558,0.000520,0.015803,0.003436,-0.121398,0.002269,0.907775,False
2017-07-21,-0.120634,-0.140457,-0.000004,-0.000562,-0.000835,0.000088,0.000555,0.000517,0.015803,0.003436,-0.121459,0.000825,0.329924,False
2017-07-22,-0.120833,-0.140494,-0.000019,-0.000574,-0.000826,0.000090,0.000552,0.000514,0.015803,0.003436,-0.121518,0.000685,0.274105,False
2017-07-23,-0.119004,-0.140531,-0.000034,-0.000585,-0.000818,0.000092,0.000549,0.000511,0.015803,0.003436,-0.121577,0.002573,1.029084,False
2017-07-24,-0.118912,-0.140568,-0.000048,-0.000596,-0.000809,0.000093,0.000546,0.000509,0.015803,0.003436,-0.121634,0.002722,1.088831,False
2017-07-25,-0.118869,-0.140606,-0.000062,-0.000605,-0.000800,0.000095,0.000543,0.000506,0.015803,0.003436,-0.121690,0.002821,1.128514,False
2017-07-26,-0.117699,-0.140643,-0.000076,-0.000614,-0.000791,0.000097,0.000540,0.000503,0.015803,0.003436,-0.121745,0.004046,1.618502,False
2017-07-27,-0.122831,-0.140680,-0.000090,-0.000623,-0.000781,0.000098,0.000538,0.000500,0.015803,0.003436,-0.121799,-0.001032,-0.412834,False
2017-07-28,-0.120875,-0.140717,-0.000103,-0.000630,-0.000772,0.000100,0.000535,0.000497,0.015803,0.003436,-0.121851,0.000976,0.390477,False
2017-07-29,-0.120527,-0.140754,-0.000116,-0.000637,-0.000762,0.000102,0.000532,0.000494,0.015803,0.003436,-0.121902,0.001375,0.550008,False
2017-07-30,-0.120019,-0.140791,-0.000128,-0.000644,-0.000752,0.000103,0.000529,0.000492,0.015803,0.003436,-0.121951,0.001932,0.772932,False
2017-07-31,-0.120134,-0.140828,-0.000139,-0.000649,-0.000741,0.000105,0.000526,0.000489,0.015803,0.003436,-0.121999,0.001865,0.746025,False
2017-08-01,-0.120863,-0.140865,-0.000150,-0.000654,-0.000731,0.000107,0.000523,0.000486,0.015803,0.003436,-0.122045,0.001182,0.472864,False
2017-08-02,-0.120091,-0.140903,-0.000160,-0.000657,-0.000720,0.000108,0.000520,0.000483,0.015803,0.003436,-0.122090,0.001999,0.799427,False
2017-08-03,-0.119513,-0.140940,-0.000170,-0.000660,-0.000709,0.000110,0.000517,0.000480,0.015803,0.003436,-0.122132,0.002619,1.047695,False
2017-08-04,-0.121204,-0.140977,-0.000178,-0.000663,-0.000697,0.000112,0.000514,0.000477,0.015803,0.003436,-0.122173,0.000969,0.387649,False
2017-08-05,-0.122137,-0.141014,-0.000186,-0.000664,-0.000686,0.000113,0.000511,0.000475,0.015803,0.003436,-0.122212,0.000075,0.030074,False
2017-08-06,-0.122341,-0.141051,-0.000193,-0.000665,-0.000674,0.000115,0.000508,0.000472,0.015803,0.003436,-0.122249,-0.000092,-0.036644,False
2017-08-07,-0.120192,-0.141088,-0.000199,-0.000665,-0.000662,0.000116,0.000505,0.000469,0.015803,0.003436,-0.122285,0.002093,0.837082,False
2017-08-08,-0.119090,-0.141125,-0.000204,-0.000664,-0.000650,0.000118,0.000502,0.000466,0.015803,0.003436,-0.122318,0.003228,1.291244,False
2017-08-09,-0.121483,-0.141162,-0.000208,-0.000662,-0.000638,0.000120,0.000499,0.000463,0.015803,0.003436,-0.122350,0.000867,0.346633,False
2017-08-10,-0.122339,-0.141200,-0.000211,-0.000660,-0.000626,0.000121,0.000496,0.000460,0.015803,0.003436,-0.122379,0.000040,0.016044,False
2017-08-11,-0.121403,-0.141237,-0.000213,-0.000657,-0.000613,0.000123,0.000493,0.000457,0.015803,0.003436,-0.122407,0.001004,0.401473,False
2017-08-12,-0.119653,-0.141274,-0.000214,-0.000653,-0.000600,0.000125,0.000490,0.000455,0.015803,0.003436,-0.122432,0.002779,1.111721,False
2017-08-13,-0.121384,-0.141311,-0.000214,-0.000648,-0.000587,0.000126,0.000487,0.000452,0.015803,0.003436,-0.122456,0.001072,0.428788,False
2017-08-14,-0.119955,-0.141348,-0.000213,-0.000642,-0.000574,0.000128,0.000484,0.000449,0.015803,0.003436,-0.122478,0.002523,1.009079,False
2017-08-15,-0.121296,-0.141385,-0.000211,-0.000636,-0.000561,0.000129,0.000481,0.000446,0.015803,0.003436,-0.122497,0.001201,0.480598,False
2017-08-16,-0.120210,-0.141422,-0.000208,-0.000629,-0.000547,0.000131,0.000478,0.000443,0.015803,0.003436,-0.122515,0.002305,0.922156,False
2017-08-17,-0.120801,-0.141460,-0.000204,-0.000621,-0.000534,0.000133,0.000475,0.000440,0.015803,0.003436,-0.122531,0.001730,0.692162,False
2017-08-18,-0.121713,-0.141497,-0.000199,-0.000613,-0.000520,0.000134,0.000472,0.000437,0.015803,0.003436,-0.122546,0.000833,0.333028,False
2017-08-19,-0.118175,-0.141534,-0.000193,-0.000603,-0.000506,0.000136,0.000469,0.000434,0.015803,0.003436,-0.122558,0.004383,1.753172,False
2017-08-20,-0.121720,-0.141571,-0.000186,-0.000593,-0.000492,0.000137,0.000466,0.000432,0.015803,0.003436,-0.122569,0.000849,0.339409,False
2017-08-21,-0.118256,-0.141608,-0.000178,-0.000583,-0.000477,0.000139,0.000463,0.000429,0.015803,0.003436,-0.122577,0.004321,1.728558,False
2017-08-22,-0.119998,-0.141645,-0.000170,-0.000571,-0.000463,0.000140,0.000460,0.000426,0.015803,0.003436,-0.122585,0.002587,1.034642,False
2017-08-23,-0.120552,-0.141682,-0.000161,-0.000559,-0.000448,0.000142,0.000456,0.000423,0.015803,0.003436,-0.122590,0.002038,0.815283,False
2017-08-24,-0.121781,-0.141719,-0.000150,-0.000547,-0.000434,0.000144,0.000453,0.000420,0.015803,0.003436,-0.122594,0.000813,0.325307,False
2017-08-25,-0.120043,-0.141757,-0.000140,-0.000533,-0.000419,0.000145,0.000450,0.000417,0.015803,0.003436,-0.122597,0.002554,1.021541,False
2017-08-26,-0.122051,-0.141794,-0.000128,-0.000519,-0.000404,0.000147,0.000447,0.000414,0.015803,0.003436,-0.122598,0.000547,0.218813,False
2017-08-27,-0.121023,-0.141831,-0.000116,-0.000505,-0.000389,0.000148,0.000444,0.000411,0.015803,0.003436,-0.122598,0.001575,0.629953,False
2017-08-28,-0.117779,-0.141868,-0.000103,-0.000489,-0.000374,0.000150,0.000441,0.000408,0.015803,0.003436,-0.122596,0.004817,1.926993,False
2017-08-29,-0.121993,-0.141905,-0.000090,-0.000474,-0.000359,0.000151,0.000438,0.000405,0.015803,0.003436,-0.122594,0.000601,0.240366,False
2017-08-30,-0.126254,-0.141942,-0.000077,-0.000457,-0.000343,0.000153,0.000435,0.000403,0.015803,0.003436,-0.122590,-0.003664,-1.465494,False
2017-08-31,-0.121087,-0.141979,-0.000063,-0.000440,-0.000328,0.000154,0.000431,0.000400,0.015803,0.003436,-0.122586,0.001499,0.599448,False
2017-09-01,-0.120626,-0.142016,-0.000049,-0.000423,-0.000312,0.000156,0.000428,0.000397,0.015803,0.003436,-0.122580,0.001954,0.781629,False
2017-09-02,-0.121640,-0.142054,-0.000034,-0.000405,-0.000296,0.000158,0.000425,0.000394,0.015803,0.003436,-0.122574,0.000934,0.373486,False
2017-09-03,-0.122423,-0.142091,-0.000020,-0.000387,-0.000281,0.000159,0.000422,0.000391,0.015803,0.003436,-0.122567,0.000144,0.057456,False
2017-09-04,-0.122055,-0.142128,-0.000005,-0.000368,-0.000265,0.000161,0.000419,0.000388,0.015803,0.003436,-0.122559,0.000504,0.201578,False
2017-09-05,-0.121411,-0.142165,0.000010,-0.000348,-0.000249,0.000162,0.000416,0.000385,0.015803,0.003436,-0.122551,0.001140,0.455890,False
2017-09-06,-0.123528,-0.142202,0.000025,-0.000329,-0.000233,0.000164,0.000412,0.000382,0.015803,0.003436,-0.122542,-0.000986,-0.394369,False
2017-09-07,-0.121397,-0.142239,0.000039,-0.000309,-0.000217,0.000165,0.000409,0.000379,0.015803,0.003436,-0.122533,0.001136,0.454441,False
2017-09-08,-0.121104,-0.142276,0.000054,-0.000288,-0.000201,0.000167,0.000406,0.000376,0.015803,0.003436,-0.122524,0.001420,0.567958,False
2017-09-09,-0.121149,-0.142314,0.000068,-0.000267,-0.000184,0.000168,0.000403,0.000373,0.015803,0.003436,-0.122515,0.001366,0.546222,False
2017-09-10,-0.119629,-0.142351,0.000081,-0.000246,-0.000168,0.000170,0.000399,0.000371,0.015803,0.003436,-0.122505,0.002876,1.150470,False
2017-09-11,-0.120760,-0.142388,0.000095,-0.000225,-0.000152,0.000171,0.000396,0.000368,0.015803,0.003436,-0.122496,0.001736,0.694341,False
2017-09-12,-0.121632,-0.142425,0.000108,-0.000203,-0.000136,0.000172,0.000393,0.000365,0.015803,0.003436,-0.122487,0.000855,0.341873,False
2017-09-13,-0.120378,-0.142462,0.000120,-0.000181,-0.000119,0.000174,0.000390,0.000362,0.015803,0.003436,-0.122478,0.002100,0.839902,False
2017-09-14,-0.122139,-0.142499,0.000132,-0.000159,-0.000103,0.000175,0.000387,0.000359,0.015803,0.003436,-0.122469,0.000330,0.132064,False
2017-09-15,-0.118959,-0.142536,0.000143,-0.000137,-0.000086,0.000177,0.000383,0.000356,0.015803,0.003436,-0.122461,0.003502,1.400794,False
2017-09-16,-0.120277,-0.142573,0.000154,-0.000114,-0.000070,0.000178,0.000380,0.000353,0.015803,0.003436,-0.122453,0.002176,0.870526,False
2017-09-17,-0.123620,-0.142611,0.000164,-0.000092,-0.000053,0.000180,0.000377,0.000350,0.015803,0.003436,-0.122446,-0.001174,-0.469507,False
2017-09-18,-0.123024,-0.142648,0.000173,-0.000069,-0.000037,0.000181,0.000373,0.000347,0.015803,0.003436,-0.122440,-0.000584,-0.233675,False
2017-09-19,-0.123932,-0.142685,0.000181,-0.000046,-0.000020,0.000183,0.000370,0.000344,0.015803,0.003436,-0.122434,-0.001498,-0.599146,False
2017-09-20,-0.123268,-0.142722,0.000189,-0.000023,-0.000004,0.000184,0.000367,0.000341,0.015803,0.003436,-0.122429,-0.000839,-0.335493,False
2017-09-21,-0.122330,-0.142759,0.000195,-0.000000,0.000013,0.000186,0.000364,0.000338,0.015803,0.003436,-0.122425,0.000095,0.038111,False
2017-09-22,-0.121645,-0.142796,0.000201,0.000022,0.000029,0.000187,0.000360,0.000335,0.015803,0.003436,-0.122422,0.000777,0.310891,False
2017-09-23,-0.121405,-0.142833,0.000205,0.000045,0.000046,0.000188,0.000357,0.000332,0.015803,0.003436,-0.122420,0.001015,0.406071,False
2017-09-24,-0.122920,-0.142870,0.000209,0.000068,0.000062,0.000190,0.000354,0.000329,0.015803,0.003436,-0.122419,-0.000501,-0.200328,False
2017-09-25,-0.123656,-0.142908,0.000212,0.000091,0.000079,0.000191,0.000350,0.000327,0.015803,0.003436,-0.122419,-0.001237,-0.494686,False
2017-09-26,-0.121629,-0.142945,0.000213,0.000113,0.000095,0.000193,0.000347,0.000324,0.015803,0.003436,-0.122421,0.000792,0.316615,False
2017-09-27,-0.122676,-0.142982,0.000214,0.000136,0.000112,0.000194,0.000344,0.000321,0.015803,0.003436,-0.122423,-0.000253,-0.101210,False
2017-09-28,-0.121236,-0.143019,0.000214,0.000158,0.000128,0.000195,0.000341,0.000318,0.015803,0.003436,-0.122427,0.001191,0.476253,False
2017-09-29,-0.120948,-0.143056,0.000212,0.000180,0.000144,0.000197,0.000337,0.000315,0.015803,0.003436,-0.122432,0.001484,0.593417,False
2017-09-30,-0.123547,-0.143093,0.000210,0.000202,0.000161,0.000198,0.000334,0.000312,0.015803,0.003436,-0.122438,-0.001109,-0.443710,False
2017-10-01,-0.122901,-0.143130,0.000206,0.000224,0.000177,0.000199,0.000330,0.000309,0.015803,0.003436,-0.122445,-0.000456,-0.182319,False
2017-10-02,-0.122286,-0.143168,0.000202,0.000245,0.000193,0.000201,0.000327,0.000306,0.015803,0.003436,-0.122454,0.000168,0.067196,False
2017-10-03,-0.121988,-0.143205,0.000197,0.000267,0.000209,0.000202,0.000324,0.000303,0.015803,0.003436,-0.122464,0.000476,0.190438,False
2017-10-04,-0.125365,-0.143242,0.000191,0.000287,0.000225,0.000204,0.000320,0.000300,0.015803,0.003436,-0.122476,-0.002889,-1.155791,False
2017-10-05,-0.122538,-0.143279,0.000183,0.000308,0.000241,0.000205,0.000317,0.000297,0.015803,0.003436,-0.122488,-0.000050,-0.019891,False
2017-10-06,-0.121234,-0.143316,0.000175,0.000328,0.000257,0.000206,0.000314,0.000294,0.015803,0.003436,-0.122502,0.001268,0.507336,False
2017-10-07,-0.122876,-0.143353,0.000166,0.000348,0.000273,0.000208,0.000310,0.000291,0.015803,0.003436,-0.122518,-0.000358,-0.143313,False
2017-10-08,-0.124232,-0.143390,0.000157,0.000367,0.000289,0.000209,0.000307,0.000288,0.015803,0.003436,-0.122534,-0.001698,-0.679045,False
2017-10-09,-0.125190,-0.143427,0.000146,0.000386,0.000305,0.000210,0.000304,0.000285,0.015803,0.003436,-0.122552,-0.002638,-1.055066,False
2017-10-10,-0.120443,-0.143465,0.000135,0.000404,0.000320,0.000211,0.000300,0.000282,0.015803,0.003436,-0.122572,0.002129,0.851414,False
2017-10-11,-0.121137,-0.143502,0.000124,0.000422,0.000336,0.000213,0.000297,0.000279,0.015803,0.003436,-0.122592,0.001455,0.581986,False
2017-10-12,-0.118937,-0.143539,0.000111,0.000440,0.000351,0.000214,0.000293,0.000276,0.015803,0.003436,-0.122614,0.003677,1.470637,False
2017-10-13,-0.121596,-0.143576,0.000099,0.000457,0.000367,0.000215,0.000290,0.000273,0.015803,0.003436,-0.122636,0.001040,0.416154,False
2017-10-14,-0.124544,-0.143613,0.000085,0.000473,0.000382,0.000217,0.000287,0.000270,0.015803,0.003436,-0.122660,-0.001884,-0.753477,False
2017-10-15,-0.124787,-0.143650,0.000072,0.000489,0.000397,0.000218,0.000283,0.000267,0.015803,0.003436,-0.122685,-0.002102,-0.840672,False
2017-10-16,-0.123242,-0.143687,0.000057,0.000504,0.000412,0.000219,0.000280,0.000264,0.015803,0.003436,-0.122711,-0.000531,-0.212248,False
2017-10-17,-0.122698,-0.143724,0.000043,0.000519,0.000427,0.000220,0.000276,0.000261,0.015803,0.003436,-0.122738,0.000040,0.016177,False
2017-10-18,-0.122454,-0.143762,0.000029,0.000533,0.000442,0.000222,0.000273,0.000258,0.015803,0.003436,-0.122766,0.000312,0.124986,False
2017-10-19,-0.122166,-0.143799,0.000014,0.000546,0.000456,0.000223,0.000270,0.000255,0.015803,0.003436,-0.122795,0.000629,0.251759,False
2017-10-20,-0.122747,-0.143836,-0.000001,0.000559,0.000471,0.000224,0.000266,0.000253,0.015803,0.003436,-0.122825,0.000078,0.031276,False
2017-10-21,-0.123135,-0.143873,-0.000015,0.000571,0.000485,0.000225,0.000263,0.000250,0.015803,0.003436,-0.122856,-0.000279,-0.111683,False
2017-10-22,-0.124202,-0.143910,-0.000030,0.000582,0.000499,0.000227,0.000259,0.000247,0.015803,0.003436,-0.122887,-0.001315,-0.525938,False
2017-10-23,-0.123148,-0.143947,-0.000045,0.000593,0.000513,0.000228,0.000256,0.000244,0.015803,0.003436,-0.122919,-0.000229,-0.091510,False
2017-10-24,-0.125986,-0.143984,-0.000059,0.000603,0.000527,0.000229,0.000252,0.000241,0.015803,0.003436,-0.122952,-0.003034,-1.213620,False
2017-10-25,-0.122485,-0.144022,-0.000073,0.000612,0.000541,0.000230,0.000249,0.000238,0.015803,0.003436,-0.122985,0.000500,0.200112,False
2017-10-26,-0.124840,-0.144059,-0.000087,0.000621,0.000555,0.000232,0.000245,0.000235,0.015803,0.003436,-0.123019,-0.001821,-0.728336,False
2017-10-27,-0.123465,-0.144096,-0.000100,0.000629,0.000568,0.000233,0.000242,0.000232,0.015803,0.003436,-0.123054,-0.000411,-0.164582,False
2017-10-28,-0.124385,-0.144133,-0.000113,0.000636,0.000581,0.000234,0.000239,0.000229,0.015803,0.003436,-0.123088,-0.001297,-0.518648,False
2017-10-29,-0.125192,-0.144170,-0.000125,0.000642,0.000594,0.000235,0.000235,0.000226,0.015803,0.003436,-0.123124,-0.002068,-0.827352,False
2017-10-30,-0.125904,-0.144207,-0.000136,0.000648,0.000607,0.000236,0.000232,0.000223,0.015803,0.003436,-0.123159,-0.002745,-1.097914,False
2017-10-31,-0.124728,-0.144244,-0.000148,0.000652,0.000620,0.000237,0.000228,0.000220,0.015803,0.003436,-0.123195,-0.001533,-0.613150,False
2017-11-01,-0.125667,-0.144281,-0.000158,0.000657,0.000632,0.000239,0.000225,0.000217,0.015803,0.003436,-0.123231,-0.002436,-0.974279,False
2017-11-02,-0.125266,-0.144319,-0.000167,0.000660,0.000645,0.000240,0.000221,0.000214,0.015803,0.003436,-0.123268,-0.001998,-0.799316,False
2017-11-03,-0.123395,-0.144356,-0.000176,0.000662,0.000657,0.000241,0.000218,0.000211,0.015803,0.003436,-0.123304,-0.000091,-0.036276,False
2017-11-04,-0.125199,-0.144393,-0.000184,0.000664,0.000669,0.000242,0.000214,0.000208,0.015803,0.003436,-0.123341,-0.001858,-0.743174,False
2017-11-05,-0.126172,-0.144430,-0.000191,0.000665,0.000681,0.000243,0.000211,0.000205,0.015803,0.003436,-0.123378,-0.002794,-1.117622,False
2017-11-06,-0.126122,-0.144467,-0.000197,0.000665,0.000692,0.000244,0.000207,0.000202,0.015803,0.003436,-0.123415,-0.002707,-1.082832,False
2017-11-07,-0.124732,-0.144504,-0.000203,0.000664,0.000703,0.000245,0.000204,0.000199,0.015803,0.003436,-0.123452,-0.001280,-0.512014,False
2017-11-08,-0.126233,-0.144541,-0.000207,0.000663,0.000715,0.000247,0.000200,0.000196,0.015803,0.003436,-0.123489,-0.002744,-1.097577,False
2017-11-09,-0.122086,-0.144578,-0.000210,0.000661,0.000726,0.000248,0.000197,0.000193,0.015803,0.003436,-0.123526,0.001440,0.576071,False
2017-11-10,-0.127673,-0.144616,-0.000212,0.000658,0.000736,0.000249,0.000193,0.000190,0.015803,0.003436,-0.123563,-0.004110,-1.643875,False
2017-11-11,-0.125103,-0.144653,-0.000214,0.000654,0.000747,0.000250,0.000190,0.000187,0.015803,0.003436,-0.123600,-0.001503,-0.601021,False
2017-11-12,-0.126268,-0.144690,-0.000214,0.000649,0.000757,0.000251,0.000186,0.000184,0.015803,0.003436,-0.123638,-0.002630,-1.052168,False
2017-11-13,-0.124942,-0.144727,-0.000213,0.000644,0.000767,0.000252,0.000183,0.000181,0.015803,0.003436,-0.123675,-0.001267,-0.506919,False
2017-11-14,-0.121571,-0.144764,-0.000211,0.000638,0.000777,0.000253,0.000179,0.000178,0.015803,0.003436,-0.123712,0.002141,0.856327,False
2017-11-15,-0.123161,-0.144801,-0.000209,0.000631,0.000787,0.000254,0.000176,0.000175,0.015803,0.003436,-0.123749,0.000588,0.235171,False
2017-11-16,-0.124405,-0.144838,-0.000205,0.000623,0.000796,0.000255,0.000172,0.000172,0.015803,0.003436,-0.123786,-0.000619,-0.247584,False
2017-11-17,-0.122348,-0.144876,-0.000200,0.000615,0.000805,0.000256,0.000169,0.000169,0.015803,0.003436,-0.123823,0.001475,0.590067,False
2017-11-18,-0.122013,-0.144913,-0.000195,0.000606,0.000814,0.000257,0.000165,0.000166,0.015803,0.003436,-0.123860,0.001847,0.738929,False
2017-11-19,-0.122934,-0.144950,-0.000188,0.000596,0.000823,0.000258,0.000162,0.000163,0.015803,0.003436,-0.123898,0.000964,0.385411,False
2017-11-20,-0.124173,-0.144987,-0.000180,0.000585,0.000831,0.000259,0.000158,0.000160,0.015803,0.003436,-0.123935,-0.000238,-0.095278,False
2017-11-21,-0.126474,-0.145024,-0.000172,0.000574,0.000839,0.000260,0.000155,0.000157,0.015803,0.003436,-0.123972,-0.002502,-1.000730,False
2017-11-22,-0.124212,-0.145061,-0.000163,0.000562,0.000847,0.000261,0.000151,0.000154,0.015803,0.003436,-0.124010,-0.000202,-0.080931,False
2017-11-23,-0.124799,-0.145098,-0.000153,0.000550,0.000855,0.000262,0.000148,0.000151,0.015803,0.003436,-0.124047,-0.000752,-0.300670,False
2017-11-24,-0.126578,-0.145135,-0.000142,0.000537,0.000862,0.000263,0.000144,0.000148,0.015803,0.003436,-0.124085,-0.002493,-0.997133,False
2017-11-25,-0.124768,-0.145173,-0.000131,0.000523,0.000869,0.000264,0.000140,0.000145,0.015803,0.003436,-0.124123,-0.000645,-0.257905,False
2017-11-26,-0.126947,-0.145210,-0.000119,0.000508,0.000876,0.000265,0.000137,0.000142,0.015803,0.003436,-0.124162,-0.002785,-1.114171,False
2017-11-27,-0.123975,-0.145247,-0.000107,0.000493,0.000883,0.000266,0.000133,0.000139,0.015803,0.003436,-0.124200,0.000225,0.090088,False
2017-11-28,-0.122731,-0.145284,-0.000094,0.000478,0.000889,0.000267,0.000130,0.000136,0.015803,0.003436,-0.124239,0.001508,0.603286,False
2017-11-29,-0.123046,-0.145321,-0.000080,0.000461,0.000895,0.000268,0.000126,0.000133,0.015803,0.003436,-0.124279,0.001233,0.493044,False
2017-11-30,-0.124495,-0.145358,-0.000066,0.000445,0.000901,0.000269,0.000123,0.000130,0.015803,0.003436,-0.124318,-0.000177,-0.070622,False
2017-12-01,-0.123752,-0.145395,-0.000052,0.000427,0.000907,0.000270,0.000119,0.000127,0.015803,0.003436,-0.124359,0.000607,0.242709,False
2017-12-02,-0.126795,-0.145432,-0.000038,0.000410,0.000912,0.000271,0.000116,0.000124,0.015803,0.003436,-0.124400,-0.002395,-0.958145,False
2017-12-03,-0.125363,-0.145470,-0.000023,0.000391,0.000917,0.000272,0.000112,0.000121,0.015803,0.003436,-0.124441,-0.000922,-0.368764,False
2017-12-04,-0.124728,-0.145507,-0.000008,0.000373,0.000922,0.000273,0.000108,0.000118,0.015803,0.003436,-0.124483,-0.000245,-0.097928,False
2017-12-05,-0.125101,-0.145544,0.000006,0.000353,0.000926,0.000274,0.000105,0.000115,0.015803,0.003436,-0.124526,-0.000575,-0.230019,False
2017-12-06,-0.126896,-0.145581,0.000021,0.000334,0.000930,0.000274,0.000101,0.000112,0.015803,0.003436,-0.124569,-0.002327,-0.930616,False
2017-12-07,-0.124787,-0.145618,0.000036,0.000314,0.000934,0.000275,0.000098,0.000109,0.015803,0.003436,-0.124614,-0.000173,-0.069301,False
2017-12-08,-0.124458,-0.145655,0.000050,0.000293,0.000938,0.000276,0.000094,0.000106,0.015803,0.003436,-0.124659,0.000201,0.080345,False
2017-12-09,-0.124299,-0.145692,0.000064,0.000273,0.000941,0.000277,0.000091,0.000103,0.015803,0.003436,-0.124705,0.000406,0.162341,False
2017-12-10,-0.124060,-0.145730,0.000078,0.000252,0.000945,0.000278,0.000087,0.000100,0.015803,0.003436,-0.124752,0.000692,0.276703,False
2017-12-11,-0.123406,-0.145767,0.000092,0.000230,0.000947,0.000279,0.000084,0.000097,0.015803,0.003436,-0.124800,0.001394,0.557448,False
2017-12-12,-0.124221,-0.145804,0.000105,0.000209,0.000950,0.000280,0.000080,0.000094,0.015803,0.003436,-0.124848,0.000627,0.250992,False
2017-12-13,-0.124859,-0.145841,0.000117,0.000187,0.000952,0.000280,0.000076,0.000091,0.015803,0.003436,-0.124898,0.000039,0.015750,False
2017-12-14,-0.121274,-0.145878,0.000129,0.000165,0.000954,0.000281,0.000073,0.000087,0.015803,0.003436,-0.124949,0.003675,1.470137,False
2017-12-15,-0.123653,-0.145915,0.000141,0.000142,0.000956,0.000282,0.000069,0.000084,0.015803,0.003436,-0.125001,0.001348,0.539363,False
2017-12-16,-0.125320,-0.145952,0.000151,0.000120,0.000957,0.000283,0.000066,0.000081,0.015803,0.003436,-0.125055,-0.000265,-0.106159,False
2017-12-17,-0.127150,-0.145989,0.000161,0.000097,0.000958,0.000284,0.000062,0.000078,0.015803,0.003436,-0.125109,-0.002041,-0.816420,False
2017-12-18,-0.124754,-0.146027,0.000171,0.000075,0.000959,0.000284,0.000058,0.000075,0.015803,0.003436,-0.125164,0.000410,0.164190,False
2017-12-19,-0.126700,-0.146064,0.000179,0.000052,0.000960,0.000285,0.000055,0.000072,0.015803,0.003436,-0.125221,-0.001479,-0.591524,False
2017-12-20,-0.125264,-0.146101,0.000187,0.000029,0.000960,0.000286,0.000051,0.000069,0.015803,0.003436,-0.125279,0.000015,0.006044,False
2017-12-21,-0.123739,-0.146138,0.000194,0.000006,0.000960,0.000287,0.000048,0.000066,0.015803,0.003436,-0.125338,0.001599,0.639698,False
2017-12-22,-0.122958,-0.146175,0.000199,-0.000017,0.000960,0.000287,0.000044,0.000063,0.015803,0.003436,-0.125399,0.002441,0.976240,False
2017-12-23,-0.122788,-0.146212,0.000204,-0.000040,0.000959,0.000288,0.000041,0.000060,0.015803,0.003436,-0.125460,0.002672,1.068869,False
2017-12-24,-0.124382,-0.146249,0.000208,-0.000062,0.000958,0.000289,0.000037,0.000057,0.015803,0.003436,-0.125523,0.001141,0.456385,False
2017-12-25,-0.124640,-0.146286,0.000211,-0.000085,0.000957,0.000290,0.000033,0.000054,0.015803,0.003436,-0.125587,0.000947,0.378782,False
2017-12-26,-0.124171,-0.146324,0.000213,-0.000108,0.000956,0.000290,0.000030,0.000051,0.015803,0.003436,-0.125652,0.001481,0.592457,False
2017-12-27,-0.124732,-0.146361,0.000214,-0.000130,0.000954,0.000291,0.000026,0.000048,0.015803,0.003436,-0.125719,0.000987,0.394602,False
2017-12-28,-0.124675,-0.146398,0.000214,-0.000153,0.000952,0.000292,0.000023,0.000045,0.015803,0.003436,-0.125786,0.001111,0.444407,False
2017-12-29,-0.123356,-0.146435,0.000213,-0.000175,0.000950,0.000292,0.000019,0.000042,0.015803,0.003436,-0.125855,0.002499,0.999461,False
2017-12-30,-0.124276,-0.146472,0.000210,-0.000197,0.000947,0.000293,0.000015,0.000039,0.015803,0.003436,-0.125924,0.001648,0.659352,False
2017-12-31,-0.122141,-0.146509,0.000207,-0.000219,0.000944,0.000294,0.000012,0.000036,0.015803,0.003436,-0.125995,0.003854,1.541665,False
2018-01-01,-0.123664,-0.146546,0.000203,-0.000240,0.000941,0.000294,0.000008,0.000033,0.015803,0.003436,-0.126067,0.002403,0.961183,False
2018-01-02,-0.124743,-0.146584,0.000198,-0.000261,0.000938,0.000295,0.000005,0.000030,0.015803,0.003436,-0.126140,0.001397,0.558688,False
2018-01-03,-0.123630,-0.146621,0.000192,-0.000282,0.000934,0.000296,0.000001,0.000027,0.015803,0.003436,-0.126213,0.002583,1.033359,False
2018-01-04,-0.125801,-0.146658,0.000185,-0.000303,0.000930,0.000296,-0.000002,0.000024,0.015803,0.003436,-0.126288,0.000487,0.194775,False
2018-01-05,-0.124913,-0.146695,0.000177,-0.000323,0.000926,0.000297,-0.000006,0.000021,0.015803,0.003436,-0.126363,0.001450,0.580113,False
2018-01-06,-0.125700,-0.146732,0.000169,-0.000343,0.000922,0.000298,-0.000010,0.000018,0.015803,0.003436,-0.126439,0.000739,0.295747,False
2018-01-07,-0.124960,-0.146769,0.000159,-0.000362,0.000917,0.000298,-0.000013,0.000015,0.015803,0.003436,-0.126516,0.001556,0.622452,False
2018-01-08,-0.125579,-0.146806,0.000149,-0.000381,0.000912,0.000299,-0.000017,0.000012,0.015803,0.003436,-0.126593,0.001014,0.405799,False
2018-01-09,-0.123796,-0.146843,0.000138,-0.000400,0.000906,0.000299,-0.000020,0.000009,0.015803,0.003436,-0.126671,0.002875,1.150160,False
2018-01-10,-0.121353,-0.146881,0.000127,-0.000418,0.000901,0.000300,-0.000024,0.000006,0.015803,0.003436,-0.126750,0.005397,2.158705,False
2018-01-11,-0.123743,-0.146918,0.000114,-0.000435,0.000895,0.000301,-0.000028,0.000003,0.015803,0.003436,-0.126829,0.003086,1.234201,False
2018-01-12,-0.122843,-0.146955,0.000102,-0.000452,0.000889,0.000301,-0.000031,-0.000000,0.015803,0.003436,-0.126908,0.004065,1.625818,False
2018-01-13,-0.123059,-0.146992,0.000089,-0.000469,0.000882,0.000302,-0.000035,-0.000003,0.015803,0.003436,-0.126987,0.003928,1.571123,False
2018-01-14,-0.122383,-0.147029,0.000075,-0.000485,0.000876,0.000302,-0.000038,-0.000006,0.015803,0.003436,-0.127066,0.004683,1.873281,False
2018-01-15,-0.122901,-0.147066,0.000061,-0.000500,0.000869,0.000303,-0.000042,-0.000009,0.015803,0.003436,-0.127146,0.004245,1.697859,False
2018-01-16,-0.123269,-0.147103,0.000047,-0.000515,0.000862,0.000303,-0.000045,-0.000012,0.015803,0.003436,-0.127225,0.003956,1.582421,False
2018-01-17,-0.126563,-0.147140,0.000032,-0.000529,0.000854,0.000304,-0.000049,-0.000015,0.015803,0.003436,-0.127304,0.000741,0.296534,False
2018-01-18,-0.125247,-0.147178,0.000018,-0.000543,0.000847,0.000304,-0.000053,-0.000018,0.015803,0.003436,-0.127383,0.002136,0.854562,False
2018-01-19,-0.124304,-0.147215,0.000003,-0.000556,0.000839,0.000305,-0.000056,-0.000021,0.015803,0.003436,-0.127462,0.003158,1.263270,False
2018-01-20,-0.122385,-0.147252,-0.000012,-0.000568,0.000831,0.000305,-0.000060,-0.000024,0.015803,0.003436,-0.127541,0.005156,2.062222,False
2018-01-21,-0.122153,-0.147289,-0.000026,-0.000579,0.000822,0.000306,-0.000063,-0.000027,0.015803,0.003436,-0.127618,0.005465,2.185985,False
2018-01-22,-0.121922,-0.147326,-0.000041,-0.000590,0.000814,0.000306,-0.000067,-0.000030,0.015803,0.003436,-0.127696,0.005774,2.309524,False
2018-01-23,-0.121331,-0.147363,-0.000055,-0.000601,0.000805,0.000307,-0.000070,-0.000033,0.015803,0.003436,-0.127773,0.006442,2.576605,False
2018-01-24,-0.122747,-0.147400,-0.000069,-0.000610,0.000796,0.000307,-0.000074,-0.000036,0.015803,0.003436,-0.127848,0.005102,2.040795,False
2018-01-25,-0.124162,-0.147438,-0.000083,-0.000619,0.000786,0.000308,-0.000078,-0.000039,0.015803,0.003436,-0.127924,0.003762,1.504662,False
2018-01-26,-0.123307,-0.147475,-0.000097,-0.000627,0.000777,0.000308,-0.000081,-0.000042,0.015803,0.003436,-0.127998,0.004691,1.876375,False
2018-01-27,-0.124661,-0.147512,-0.000109,-0.000634,0.000767,0.000309,-0.000085,-0.000045,0.015803,0.003436,-0.128071,0.003410,1.364102,False
2018-01-28,-0.127496,-0.147549,-0.000122,-0.000641,0.000757,0.000309,-0.000088,-0.000049,0.015803,0.003436,-0.128144,0.000648,0.259015,False
2018-01-29,-0.127578,-0.147586,-0.000134,-0.000646,0.000746,0.000309,-0.000092,-0.000052,0.015803,0.003436,-0.128215,0.000637,0.254687,False
2018-01-30,-0.124985,-0.147623,-0.000145,-0.000651,0.000736,0.000310,-0.000095,-0.000055,0.015803,0.003436,-0.128285,0.003300,1.319890,False
2018-01-31,-0.124667,-0.147660,-0.000155,-0.000656,0.000725,0.000310,-0.000099,-0.000058,0.015803,0.003436,-0.128354,0.003687,1.474600,False
2018-02-01,-0.124235,-0.147697,-0.000165,-0.000659,0.000714,0.000310,-0.000103,-0.000061,0.015803,0.003436,-0.128421,0.004186,1.674394,False
2018-02-02,-0.124073,-0.147735,-0.000174,-0.000662,0.000703,0.000311,-0.000106,-0.000064,0.015803,0.003436,-0.128487,0.004414,1.765651,False
2018-02-03,-0.124754,-0.147772,-0.000182,-0.000664,0.000692,0.000311,-0.000110,-0.000067,0.015803,0.003436,-0.128552,0.003798,1.519150,False
2018-02-04,-0.125333,-0.147809,-0.000189,-0.000665,0.000680,0.000312,-0.000113,-0.000070,0.015803,0.003436,-0.128615,0.003282,1.312874,False
2018-02-05,-0.124656,-0.147846,-0.000196,-0.000665,0.000668,0.000312,-0.000117,-0.000073,0.015803,0.003436,-0.128677,0.004021,1.608408,False
2018-02-06,-0.125683,-0.147883,-0.000201,-0.000665,0.000656,0.000312,-0.000120,-0.000076,0.015803,0.003436,-0.128737,0.003054,1.221737,False
2018-02-07,-0.124552,-0.147920,-0.000206,-0.000663,0.000644,0.000313,-0.000124,-0.000079,0.015803,0.003436,-0.128796,0.004244,1.697650,False
2018-02-08,-0.127139,-0.147957,-0.000209,-0.000661,0.000632,0.000313,-0.000128,-0.000082,0.015803,0.003436,-0.128853,0.001714,0.685738,False
2018-02-09,-0.126851,-0.147994,-0.000212,-0.000658,0.000619,0.000313,-0.000131,-0.000085,0.015803,0.003436,-0.128909,0.002058,0.823193,False
2018-02-10,-0.128764,-0.148032,-0.000213,-0.000655,0.000607,0.000313,-0.000135,-0.000088,0.015803,0.003436,-0.128963,0.000199,0.079610,False
2018-02-11,-0.125758,-0.148069,-0.000214,-0.000650,0.000594,0.000314,-0.000138,-0.000091,0.015803,0.003436,-0.129015,0.003257,1.302988,False
2018-02-12,-0.129784,-0.148106,-0.000213,-0.000645,0.000581,0.000314,-0.000142,-0.000094,0.015803,0.003436,-0.129066,-0.000718,-0.287075,False
2018-02-13,-0.125565,-0.148143,-0.000212,-0.000639,0.000567,0.000314,-0.000145,-0.000097,0.015803,0.003436,-0.129116,0.003551,1.420222,False
2018-02-14,-0.126184,-0.148180,-0.000209,-0.000633,0.000554,0.000315,-0.000149,-0.000100,0.015803,0.003436,-0.129163,0.002979,1.191685,False
2018-02-15,-0.126682,-0.148217,-0.000206,-0.000625,0.000540,0.000315,-0.000152,-0.000103,0.015803,0.003436,-0.129209,0.002527,1.010920,False
2018-02-16,-0.128217,-0.148254,-0.000201,-0.000617,0.000527,0.000315,-0.000156,-0.000106,0.015803,0.003436,-0.129254,0.001037,0.414734,False
2018-02-17,-0.127876,-0.148292,-0.000196,-0.000608,0.000513,0.000315,-0.000159,-0.000109,0.015803,0.003436,-0.129297,0.001421,0.568339,False
2018-02-18,-0.128877,-0.148329,-0.000190,-0.000598,0.000499,0.000315,-0.000163,-0.000112,0.015803,0.003436,-0.129338,0.000461,0.184548,False
2018-02-19,-0.128367,-0.148366,-0.000182,-0.000588,0.000485,0.000316,-0.000166,-0.000115,0.015803,0.003436,-0.129378,0.001011,0.404575,False
2018-02-20,-0.127396,-0.148403,-0.000174,-0.000577,0.000470,0.000316,-0.000170,-0.000118,0.015803,0.003436,-0.129417,0.002021,0.808438,False
2018-02-21,-0.130107,-0.148440,-0.000165,-0.000565,0.000456,0.000316,-0.000173,-0.000121,0.015803,0.003436,-0.129454,-0.000653,-0.261045,False
2018-02-22,-0.128345,-0.148477,-0.000156,-0.000553,0.000441,0.000316,-0.000177,-0.000124,0.015803,0.003436,-0.129490,0.001145,0.458147,False
2018-02-23,-0.126323,-0.148514,-0.000145,-0.000540,0.000426,0.000316,-0.000181,-0.000127,0.015803,0.003436,-0.129525,0.003202,1.280837,False
2018-02-24,-0.128195,-0.148551,-0.000134,-0.000526,0.000412,0.000316,-0.000184,-0.000130,0.015803,0.003436,-0.129559,0.001364,0.545448,False
2018-02-25,-0.129095,-0.148589,-0.000122,-0.000512,0.000397,0.000317,-0.000188,-0.000133,0.015803,0.003436,-0.129591,0.000496,0.198408,False
2018-02-26,-0.128343,-0.148626,-0.000110,-0.000497,0.000381,0.000317,-0.000191,-0.000136,0.015803,0.003436,-0.129622,0.001279,0.511743,False
2018-02-27,-0.128210,-0.148663,-0.000097,-0.000482,0.000366,0.000317,-0.000195,-0.000139,0.015803,0.003436,-0.129653,0.001443,0.577081,False
2018-02-28,-0.129425,-0.148700,-0.000084,-0.000465,0.000351,0.000317,-0.000198,-0.000142,0.015803,0.003436,-0.129682,0.000257,0.102854,False
2018-03-01,-0.127271,-0.148737,-0.000070,-0.000449,0.000335,0.000317,-0.000202,-0.000145,0.015803,0.003436,-0.129711,0.002440,0.975891,False
2018-03-02,-0.129302,-0.148774,-0.000056,-0.000432,0.000320,0.000317,-0.000205,-0.000148,0.015803,0.003436,-0.129739,0.000437,0.174625,False
2018-03-03,-0.129234,-0.148811,-0.000041,-0.000414,0.000304,0.000317,-0.000209,-0.000151,0.015803,0.003436,-0.129766,0.000532,0.212690,False
2018-03-04,-0.128824,-0.148848,-0.000027,-0.000396,0.000289,0.000317,-0.000212,-0.000154,0.015803,0.003436,-0.129792,0.000968,0.387317,False
2018-03-05,-0.129506,-0.148886,-0.000012,-0.000377,0.000273,0.000317,-0.000216,-0.000157,0.015803,0.003436,-0.129818,0.000312,0.124943,False
2018-03-06,-0.128983,-0.148923,0.000003,-0.000358,0.000257,0.000318,-0.000219,-0.000160,0.015803,0.003436,-0.129844,0.000861,0.344402,False
2018-03-07,-0.129877,-0.148960,0.000017,-0.000339,0.000241,0.000318,-0.000222,-0.000163,0.015803,0.003436,-0.129869,-0.000008,-0.003072,False
2018-03-08,-0.129370,-0.148997,0.000032,-0.000319,0.000225,0.000318,-0.000226,-0.000166,0.015803,0.003436,-0.129894,0.000524,0.209757,False
2018-03-09,-0.132067,-0.149034,0.000046,-0.000299,0.000209,0.000318,-0.000229,-0.000169,0.015803,0.003436,-0.129919,-0.002148,-0.859076,False
2018-03-10,-0.130328,-0.149071,0.000061,-0.000278,0.000193,0.000318,-0.000233,-0.000172,0.015803,0.003436,-0.129944,-0.000384,-0.153535,False
2018-03-11,-0.131343,-0.149108,0.000075,-0.000257,0.000176,0.000318,-0.000236,-0.000175,0.015803,0.003436,-0.129969,-0.001374,-0.549586,False
2018-03-12,-0.131032,-0.149146,0.000088,-0.000236,0.000160,0.000318,-0.000240,-0.000178,0.015803,0.003436,-0.129994,-0.001038,-0.415195,False
2018-03-13,-0.133461,-0.149183,0.000101,-0.000214,0.000144,0.000318,-0.000243,-0.000181,0.015803,0.003436,-0.130019,-0.003442,-1.376727,False
2018-03-14,-0.131488,-0.149220,0.000114,-0.000192,0.000127,0.000318,-0.000247,-0.000184,0.015803,0.003436,-0.130045,-0.001443,-0.577349,False
2018-03-15,-0.128009,-0.149257,0.000126,-0.000170,0.000111,0.000318,-0.000250,-0.000187,0.015803,0.003436,-0.130070,0.002061,0.824571,False
2018-03-16,-0.127885,-0.149294,0.000138,-0.000148,0.000095,0.000318,-0.000254,-0.000190,0.015803,0.003436,-0.130097,0.002212,0.884665,False
2018-03-17,-0.130495,-0.149331,0.000149,-0.000126,0.000078,0.000318,-0.000257,-0.000193,0.015803,0.003436,-0.130123,-0.000372,-0.148636,False
2018-03-18,-0.130440,-0.149368,0.000159,-0.000103,0.000062,0.000317,-0.000261,-0.000196,0.015803,0.003436,-0.130151,-0.000289,-0.115704,False
2018-03-19,-0.128921,-0.149405,0.000169,-0.000080,0.000045,0.000317,-0.000264,-0.000199,0.015803,0.003436,-0.130179,0.001258,0.503090,False
2018-03-20,-0.131096,-0.149443,0.000177,-0.000058,0.000029,0.000317,-0.000267,-0.000202,0.015803,0.003436,-0.130207,-0.000889,-0.355427,False
2018-03-21,-0.127596,-0.149480,0.000185,-0.000035,0.000012,0.000317,-0.000271,-0.000205,0.015803,0.003436,-0.130237,0.002641,1.056370,False
2018-03-22,-0.130653,-0.149517,0.000192,-0.000012,-0.000004,0.000317,-0.000274,-0.000208,0.015803,0.003436,-0.130267,-0.000386,-0.154296,False
2018-03-23,-0.127900,-0.149554,0.000198,0.000011,-0.000021,0.000317,-0.000278,-0.000211,0.015803,0.003436,-0.130298,0.002398,0.959397,False
2018-03-24,-0.129457,-0.149591,0.000203,0.000034,-0.000037,0.000317,-0.000281,-0.000214,0.015803,0.003436,-0.130331,0.000874,0.349471,False
2018-03-25,-0.129708,-0.149628,0.000207,0.000057,-0.000054,0.000317,-0.000284,-0.000217,0.015803,0.003436,-0.130364,0.000656,0.262343,False
2018-03-26,-0.129480,-0.149665,0.000210,0.000079,-0.000070,0.000317,-0.000288,-0.000220,0.015803,0.003436,-0.130398,0.000918,0.367230,False
2018-03-27,-0.131175,-0.149702,0.000213,0.000102,-0.000087,0.000317,-0.000291,-0.000223,0.015803,0.003436,-0.130433,-0.000742,-0.296653,False
2018-03-28,-0.130347,-0.149740,0.000214,0.000125,-0.000103,0.000316,-0.000295,-0.000226,0.015803,0.003436,-0.130470,0.000123,0.049106,False
2018-03-29,-0.128397,-0.149777,0.000214,0.000147,-0.000120,0.000316,-0.000298,-0.000229,0.015803,0.003436,-0.130507,0.002110,0.844119,False
2018-03-30,-0.128262,-0.149814,0.000213,0.000169,-0.000136,0.000316,-0.000301,-0.000232,0.015803,0.003436,-0.130546,0.002284,0.913595,False
2018-03-31,-0.129337,-0.149851,0.000211,0.000191,-0.000153,0.000316,-0.000305,-0.000235,0.015803,0.003436,-0.130586,0.001249,0.499541,False
2018-04-01,-0.130915,-0.149888,0.000208,0.000213,-0.000169,0.000316,-0.000308,-0.000238,0.015803,0.003436,-0.130627,-0.000288,-0.115239,False
2018-04-02,-0.128720,-0.149925,0.000204,0.000235,-0.000185,0.000315,-0.000312,-0.000241,0.015803,0.003436,-0.130669,0.001949,0.779658,False
2018-04-03,-0.130743,-0.149962,0.000200,0.000256,-0.000201,0.000315,-0.000315,-0.000244,0.015803,0.003436,-0.130713,-0.000030,-0.012167,False
2018-04-04,-0.130928,-0.150000,0.000194,0.000277,-0.000217,0.000315,-0.000318,-0.000247,0.015803,0.003436,-0.130757,-0.000171,-0.068314,False
2018-04-05,-0.130780,-0.150037,0.000187,0.000298,-0.000233,0.000315,-0.000322,-0.000250,0.015803,0.003436,-0.130803,0.000023,0.009213,False
2018-04-06,-0.127547,-0.150074,0.000179,0.000318,-0.000249,0.000315,-0.000325,-0.000253,0.015803,0.003436,-0.130850,0.003303,1.321209,False
2018-04-07,-0.132010,-0.150111,0.000171,0.000338,-0.000265,0.000314,-0.000328,-0.000256,0.015803,0.003436,-0.130898,-0.001112,-0.444732,False
2018-04-08,-0.132576,-0.150148,0.000162,0.000357,-0.000281,0.000314,-0.000332,-0.000259,0.015803,0.003436,-0.130947,-0.001629,-0.651419,False
2018-04-09,-0.133441,-0.150185,0.000152,0.000376,-0.000297,0.000314,-0.000335,-0.000262,0.015803,0.003436,-0.130998,-0.002443,-0.977261,False
2018-04-10,-0.131754,-0.150222,0.000141,0.000395,-0.000313,0.000314,-0.000338,-0.000265,0.015803,0.003436,-0.131049,-0.000705,-0.281872,False
2018-04-11,-0.133159,-0.150259,0.000130,0.000413,-0.000328,0.000313,-0.000342,-0.000268,0.015803,0.003436,-0.131102,-0.002057,-0.822863,False
2018-04-12,-0.130948,-0.150297,0.000118,0.000431,-0.000344,0.000313,-0.000345,-0.000271,0.015803,0.003436,-0.131155,0.000207,0.082949,False
2018-04-13,-0.130733,-0.150334,0.000105,0.000448,-0.000359,0.000313,-0.000348,-0.000274,0.015803,0.003436,-0.131210,0.000477,0.190749,False
2018-04-14,-0.132467,-0.150371,0.000092,0.000465,-0.000374,0.000312,-0.000352,-0.000277,0.015803,0.003436,-0.131265,-0.001202,-0.480681,False
2018-04-15,-0.131362,-0.150408,0.000078,0.000481,-0.000390,0.000312,-0.000355,-0.000280,0.015803,0.003436,-0.131322,-0.000040,-0.016159,False
2018-04-16,-0.130580,-0.150445,0.000065,0.000496,-0.000405,0.000312,-0.000358,-0.000282,0.015803,0.003436,-0.131379,0.000799,0.319494,False
2018-04-17,-0.131665,-0.150482,0.000050,0.000511,-0.000419,0.000311,-0.000362,-0.000285,0.015803,0.003436,-0.131437,-0.000228,-0.091342,False
2018-04-18,-0.129120,-0.150519,0.000036,0.000526,-0.000434,0.000311,-0.000365,-0.000288,0.015803,0.003436,-0.131495,0.002375,0.950112,False
2018-04-19,-0.129928,-0.150556,0.000021,0.000539,-0.000449,0.000311,-0.000368,-0.000291,0.015803,0.003436,-0.131555,0.001627,0.650632,False
2018-04-20,-0.131508,-0.150594,0.000007,0.000552,-0.000464,0.000310,-0.000371,-0.000294,0.015803,0.003436,-0.131614,0.000106,0.042596,False
2018-04-21,-0.131254,-0.150631,-0.000008,0.000565,-0.000478,0.000310,-0.000375,-0.000297,0.015803,0.003436,-0.131675,0.000421,0.168381,False
2018-04-22,-0.130299,-0.150668,-0.000023,0.000577,-0.000492,0.000309,-0.000378,-0.000300,0.015803,0.003436,-0.131736,0.001437,0.574762,False
2018-04-23,-0.130466,-0.150705,-0.000037,0.000588,-0.000506,0.000309,-0.000381,-0.000303,0.015803,0.003436,-0.131797,0.001331,0.532516,False
2018-04-24,-0.132511,-0.150742,-0.000052,0.000598,-0.000520,0.000309,-0.000384,-0.000306,0.015803,0.003436,-0.131859,-0.000652,-0.260781,False
2018-04-25,-0.131261,-0.150779,-0.000066,0.000608,-0.000534,0.000308,-0.000388,-0.000309,0.015803,0.003436,-0.131921,0.000660,0.264047,False
2018-04-26,-0.132018,-0.150816,-0.000080,0.000617,-0.000548,0.000308,-0.000391,-0.000312,0.015803,0.003436,-0.131983,-0.000035,-0.013825,False
2018-04-27,-0.132210,-0.150854,-0.000093,0.000625,-0.000561,0.000307,-0.000394,-0.000315,0.015803,0.003436,-0.132046,-0.000164,-0.065620,False
2018-04-28,-0.130366,-0.150891,-0.000106,0.000632,-0.000575,0.000307,-0.000397,-0.000318,0.015803,0.003436,-0.132109,0.001743,0.697038,False
2018-04-29,-0.132863,-0.150928,-0.000119,0.000639,-0.000588,0.000306,-0.000401,-0.000321,0.015803,0.003436,-0.132171,-0.000692,-0.276672,False
2018-04-30,-0.133770,-0.150965,-0.000131,0.000645,-0.000601,0.000306,-0.000404,-0.000324,0.015803,0.003436,-0.132234,-0.001536,-0.614373,False
2018-05-01,-0.131628,-0.151002,-0.000142,0.000650,-0.000613,0.000306,-0.000407,-0.000327,0.015803,0.003436,-0.132297,0.000669,0.267512,False
2018-05-02,-0.131504,-0.151039,-0.000153,0.000655,-0.000626,0.000305,-0.000410,-0.000330,0.015803,0.003436,-0.132359,0.000855,0.342165,False
2018-05-03,-0.132377,-0.151076,-0.000163,0.000658,-0.000639,0.000305,-0.000413,-0.000333,0.015803,0.003436,-0.132422,0.000045,0.017965,False
2018-05-04,-0.134691,-0.151113,-0.000172,0.000661,-0.000651,0.000304,-0.000417,-0.000336,0.015803,0.003436,-0.132484,-0.002207,-0.882707,False
2018-05-05,-0.132586,-0.151151,-0.000180,0.000663,-0.000663,0.000304,-0.000420,-0.000339,0.015803,0.003436,-0.132546,-0.000040,-0.015868,False
2018-05-06,-0.134678,-0.151188,-0.000188,0.000664,-0.000675,0.000303,-0.000423,-0.000342,0.015803,0.003436,-0.132608,-0.002070,-0.827934,False
2018-05-07,-0.133375,-0.151225,-0.000194,0.000665,-0.000686,0.000302,-0.000426,-0.000344,0.015803,0.003436,-0.132670,-0.000705,-0.282120,False
2018-05-08,-0.134114,-0.151262,-0.000200,0.000665,-0.000698,0.000302,-0.000429,-0.000347,0.015803,0.003436,-0.132731,-0.001383,-0.553241,False
2018-05-09,-0.131237,-0.151299,-0.000205,0.000664,-0.000709,0.000301,-0.000433,-0.000350,0.015803,0.003436,-0.132792,0.001555,0.621892,False
2018-05-10,-0.132403,-0.151336,-0.000209,0.000662,-0.000720,0.000301,-0.000436,-0.000353,0.015803,0.003436,-0.132852,0.000449,0.179668,False
2018-05-11,-0.134401,-0.151373,-0.000211,0.000659,-0.000731,0.000300,-0.000439,-0.000356,0.015803,0.003436,-0.132912,-0.001489,-0.595523,False
2018-05-12,-0.132914,-0.151410,-0.000213,0.000656,-0.000742,0.000300,-0.000442,-0.000359,0.015803,0.003436,-0.132972,0.000058,0.023112,False
2018-05-13,-0.134028,-0.151448,-0.000214,0.000652,-0.000752,0.000299,-0.000445,-0.000362,0.015803,0.003436,-0.133031,-0.000997,-0.398834,False
2018-05-14,-0.132038,-0.151485,-0.000214,0.000647,-0.000762,0.000298,-0.000448,-0.000365,0.015803,0.003436,-0.133090,0.001052,0.420634,False
2018-05-15,-0.129996,-0.151522,-0.000212,0.000641,-0.000772,0.000298,-0.000451,-0.000368,0.015803,0.003436,-0.133148,0.003152,1.260714,False
2018-05-16,-0.132702,-0.151559,-0.000210,0.000634,-0.000782,0.000297,-0.000454,-0.000371,0.015803,0.003436,-0.133206,0.000504,0.201403,False
2018-05-17,-0.135972,-0.151596,-0.000207,0.000627,-0.000791,0.000297,-0.000458,-0.000374,0.015803,0.003436,-0.133263,-0.002709,-1.083697,False
2018-05-18,-0.134872,-0.151633,-0.000203,0.000619,-0.000800,0.000296,-0.000461,-0.000377,0.015803,0.003436,-0.133320,-0.001552,-0.620986,False
2018-05-19,-0.132833,-0.151670,-0.000197,0.000610,-0.000809,0.000295,-0.000464,-0.000380,0.015803,0.003436,-0.133376,0.000543,0.217139,False
2018-05-20,-0.129148,-0.151708,-0.000191,0.000601,-0.000818,0.000295,-0.000467,-0.000382,0.015803,0.003436,-0.133432,0.004284,1.713483,False
2018-05-21,-0.133579,-0.151745,-0.000184,0.000591,-0.000827,0.000294,-0.000470,-0.000385,0.015803,0.003436,-0.133487,-0.000092,-0.036747,False
2018-05-22,-0.134533,-0.151782,-0.000176,0.000580,-0.000835,0.000293,-0.000473,-0.000388,0.015803,0.003436,-0.133542,-0.000991,-0.396345,False
2018-05-23,-0.135155,-0.151819,-0.000168,0.000568,-0.000843,0.000293,-0.000476,-0.000391,0.015803,0.003436,-0.133597,-0.001558,-0.623301,False
2018-05-24,-0.136760,-0.151856,-0.000158,0.000556,-0.000851,0.000292,-0.000479,-0.000394,0.015803,0.003436,-0.133651,-0.003109,-1.243605,False
2018-05-25,-0.133416,-0.151893,-0.000148,0.000543,-0.000858,0.000291,-0.000482,-0.000397,0.015803,0.003436,-0.133705,0.000289,0.115553,False
2018-05-26,-0.133034,-0.151930,-0.000137,0.000530,-0.000866,0.000291,-0.000485,-0.000400,0.015803,0.003436,-0.133758,0.000724,0.289787,False
2018-05-27,-0.133785,-0.151967,-0.000125,0.000516,-0.000873,0.000290,-0.000488,-0.000403,0.015803,0.003436,-0.133812,0.000027,0.010710,False
2018-05-28,-0.134695,-0.152005,-0.000113,0.000501,-0.000879,0.000289,-0.000491,-0.000406,0.015803,0.003436,-0.133865,-0.000830,-0.332063,False
2018-05-29,-0.132991,-0.152042,-0.000100,0.000485,-0.000886,0.000288,-0.000494,-0.000409,0.015803,0.003436,-0.133918,0.000927,0.370682,False
2018-05-30,-0.134541,-0.152079,-0.000087,0.000470,-0.000892,0.000288,-0.000497,-0.000412,0.015803,0.003436,-0.133970,-0.000571,-0.228237,False
2018-05-31,-0.134932,-0.152116,-0.000073,0.000453,-0.000898,0.000287,-0.000500,-0.000414,0.015803,0.003436,-0.134023,-0.000909,-0.363605,False
2018-06-01,-0.137165,-0.152153,-0.000059,0.000436,-0.000904,0.000286,-0.000503,-0.000417,0.015803,0.003436,-0.134075,-0.003090,-1.235804,False
2018-06-02,-0.135665,-0.152190,-0.000045,0.000419,-0.000909,0.000285,-0.000506,-0.000420,0.015803,0.003436,-0.134128,-0.001537,-0.614816,False
2018-06-03,-0.135757,-0.152227,-0.000030,0.000400,-0.000914,0.000285,-0.000509,-0.000423,0.015803,0.003436,-0.134180,-0.001577,-0.630623,False
2018-06-04,-0.134541,-0.152264,-0.000016,0.000382,-0.000919,0.000284,-0.000512,-0.000426,0.015803,0.003436,-0.134233,-0.000308,-0.123206,False
2018-06-05,-0.132958,-0.152302,-0.000001,0.000363,-0.000924,0.000283,-0.000515,-0.000429,0.015803,0.003436,-0.134286,0.001328,0.531052,False
2018-06-06,-0.134259,-0.152339,0.000014,0.000344,-0.000928,0.000282,-0.000518,-0.000432,0.015803,0.003436,-0.134338,0.000079,0.031770,False
2018-06-07,-0.135979,-0.152376,0.000028,0.000324,-0.000932,0.000282,-0.000521,-0.000435,0.015803,0.003436,-0.134391,-0.001588,-0.635034,False
2018-06-08,-0.135968,-0.152413,0.000043,0.000304,-0.000936,0.000281,-0.000524,-0.000438,0.015803,0.003436,-0.134445,-0.001523,-0.609342,False
2018-06-09,-0.135594,-0.152450,0.000057,0.000283,-0.000940,0.000280,-0.000527,-0.000440,0.015803,0.003436,-0.134498,-0.001096,-0.438337,False
2018-06-10,-0.137707,-0.152487,0.000071,0.000262,-0.000943,0.000279,-0.000530,-0.000443,0.015803,0.003436,-0.134552,-0.003155,-1.262001,False
2018-06-11,-0.135665,-0.152524,0.000085,0.000241,-0.000946,0.000278,-0.000533,-0.000446,0.015803,0.003436,-0.134606,-0.001059,-0.423518,False
2018-06-12,-0.139035,-0.152562,0.000098,0.000220,-0.000949,0.000277,-0.000536,-0.000449,0.015803,0.003436,-0.134661,-0.004374,-1.749673,False
2018-06-13,-0.137103,-0.152599,0.000111,0.000198,-0.000951,0.000276,-0.000539,-0.000452,0.015803,0.003436,-0.134716,-0.002387,-0.954851,False
2018-06-14,-0.134586,-0.152636,0.000123,0.000176,-0.000953,0.000276,-0.000541,-0.000455,0.015803,0.003436,-0.134771,0.000185,0.074161,False
2018-06-15,-0.135162,-0.152673,0.000135,0.000154,-0.000955,0.000275,-0.000544,-0.000458,0.015803,0.003436,-0.134827,-0.000335,-0.133823,False
2018-06-16,-0.135112,-0.152710,0.000146,0.000131,-0.000957,0.000274,-0.000547,-0.000461,0.015803,0.003436,-0.134884,-0.000228,-0.091192,False
2018-06-17,-0.132730,-0.152747,0.000157,0.000109,-0.000958,0.000273,-0.000550,-0.000463,0.015803,0.003436,-0.134941,0.002211,0.884464,False
2018-06-18,-0.136174,-0.152784,0.000166,0.000086,-0.000959,0.000272,-0.000553,-0.000466,0.015803,0.003436,-0.134999,-0.001175,-0.470046,False
2018-06-19,-0.136657,-0.152821,0.000175,0.000063,-0.000960,0.000271,-0.000556,-0.000469,0.015803,0.003436,-0.135057,-0.001600,-0.639914,False
2018-06-20,-0.136783,-0.152859,0.000183,0.000041,-0.000960,0.000270,-0.000559,-0.000472,0.015803,0.003436,-0.135116,-0.001667,-0.666736,False
2018-06-21,-0.135255,-0.152896,0.000190,0.000018,-0.000960,0.000269,-0.000561,-0.000475,0.015803,0.003436,-0.135176,-0.000079,-0.031705,False
2018-06-22,-0.135302,-0.152933,0.000197,-0.000005,-0.000960,0.000268,-0.000564,-0.000478,0.015803,0.003436,-0.135236,-0.000066,-0.026421,False
2018-06-23,-0.136789,-0.152970,0.000202,-0.000028,-0.000960,0.000267,-0.000567,-0.000481,0.015803,0.003436,-0.135297,-0.001492,-0.596881,False
2018-06-24,-0.137428,-0.153007,0.000206,-0.000051,-0.000959,0.000266,-0.000570,-0.000483,0.015803,0.003436,-0.135358,-0.002070,-0.827886,False
2018-06-25,-0.134296,-0.153044,0.000210,-0.000074,-0.000958,0.000266,-0.000573,-0.000486,0.015803,0.003436,-0.135420,0.001124,0.449761,False
2018-06-26,-0.136419,-0.153081,0.000212,-0.000096,-0.000957,0.000265,-0.000575,-0.000489,0.015803,0.003436,-0.135483,-0.000936,-0.374345,False
2018-06-27,-0.138321,-0.153118,0.000214,-0.000119,-0.000955,0.000264,-0.000578,-0.000492,0.015803,0.003436,-0.135546,-0.002775,-1.109808,False
2018-06-28,-0.138036,-0.153156,0.000214,-0.000142,-0.000953,0.000263,-0.000581,-0.000495,0.015803,0.003436,-0.135610,-0.002426,-0.970238,False
2018-06-29,-0.135447,-0.153193,0.000213,-0.000164,-0.000951,0.000262,-0.000584,-0.000498,0.015803,0.003436,-0.135675,0.000228,0.091157,False
2018-06-30,-0.137237,-0.153230,0.000212,-0.000186,-0.000949,0.000261,-0.000587,-0.000500,0.015803,0.003436,-0.135740,-0.001497,-0.598836,False
2018-07-01,-0.136210,-0.153267,0.000209,-0.000208,-0.000946,0.000260,-0.000589,-0.000503,0.015803,0.003436,-0.135805,-0.000404,-0.161695,False
2018-07-02,-0.135182,-0.153304,0.000205,-0.000229,-0.000943,0.000259,-0.000592,-0.000506,0.015803,0.003436,-0.135871,0.000689,0.275629,False
2018-07-03,-0.134155,-0.153341,0.000201,-0.000251,-0.000940,0.000258,-0.000595,-0.000509,0.015803,0.003436,-0.135938,0.001783,0.713121,False
2018-07-04,-0.138032,-0.153378,0.000195,-0.000272,-0.000936,0.000257,-0.000597,-0.000512,0.015803,0.003436,-0.136005,-0.002027,-0.810971,False
2018-07-05,-0.135489,-0.153416,0.000189,-0.000292,-0.000932,0.000256,-0.000600,-0.000515,0.015803,0.003436,-0.136072,0.000583,0.233066,False
2018-07-06,-0.136211,-0.153453,0.000181,-0.000313,-0.000928,0.000254,-0.000603,-0.000517,0.015803,0.003436,-0.136139,-0.000072,-0.028790,False
2018-07-07,-0.135564,-0.153490,0.000173,-0.000333,-0.000924,0.000253,-0.000606,-0.000520,0.015803,0.003436,-0.136207,0.000643,0.257038,False
2018-07-08,-0.137219,-0.153527,0.000164,-0.000353,-0.000919,0.000252,-0.000608,-0.000523,0.015803,0.003436,-0.136274,-0.000945,-0.377875,False
2018-07-09,-0.139615,-0.153564,0.000154,-0.000372,-0.000914,0.000251,-0.000611,-0.000526,0.015803,0.003436,-0.136342,-0.003273,-1.309154,False
2018-07-10,-0.136109,-0.153601,0.000144,-0.000390,-0.000909,0.000250,-0.000614,-0.000529,0.015803,0.003436,-0.136410,0.000301,0.120373,False
2018-07-11,-0.135840,-0.153638,0.000133,-0.000409,-0.000904,0.000249,-0.000616,-0.000531,0.015803,0.003436,-0.136478,0.000638,0.255078,False
2018-07-12,-0.137836,-0.153675,0.000121,-0.000427,-0.000898,0.000248,-0.000619,-0.000534,0.015803,0.003436,-0.136545,-0.001291,-0.516268,False
2018-07-13,-0.137606,-0.153713,0.000108,-0.000444,-0.000892,0.000247,-0.000621,-0.000537,0.015803,0.003436,-0.136613,-0.000993,-0.397296,False
2018-07-14,-0.137996,-0.153750,0.000095,-0.000461,-0.000886,0.000246,-0.000624,-0.000540,0.015803,0.003436,-0.136680,-0.001316,-0.526436,False
2018-07-15,-0.137366,-0.153787,0.000082,-0.000477,-0.000879,0.000245,-0.000627,-0.000543,0.015803,0.003436,-0.136747,-0.000619,-0.247722,False
2018-07-16,-0.136853,-0.153824,0.000068,-0.000493,-0.000872,0.000244,-0.000629,-0.000545,0.015803,0.003436,-0.136813,-0.000040,-0.015984,False
2018-07-17,-0.139528,-0.153861,0.000054,-0.000508,-0.000865,0.000242,-0.000632,-0.000548,0.015803,0.003436,-0.136879,-0.002649,-1.059656,False
2018-07-18,-0.135367,-0.153898,0.000040,-0.000522,-0.000858,0.000241,-0.000634,-0.000551,0.015803,0.003436,-0.136944,0.001577,0.630829,False
2018-07-19,-0.138358,-0.153935,0.000025,-0.000536,-0.000851,0.000240,-0.000637,-0.000554,0.015803,0.003436,-0.137009,-0.001349,-0.539762,False
2018-07-20,-0.135193,-0.153972,0.000010,-0.000549,-0.000843,0.000239,-0.000640,-0.000557,0.015803,0.003436,-0.137072,0.001879,0.751737,False
2018-07-21,-0.135442,-0.154010,-0.000004,-0.000562,-0.000835,0.000238,-0.000642,-0.000559,0.015803,0.003436,-0.137135,0.001693,0.677294,False
2018-07-22,-0.135398,-0.154047,-0.000019,-0.000574,-0.000826,0.000237,-0.000645,-0.000562,0.015803,0.003436,-0.137197,0.001799,0.719674,False
2018-07-23,-0.139534,-0.154084,-0.000034,-0.000585,-0.000818,0.000236,-0.000647,-0.000565,0.015803,0.003436,-0.137258,-0.002276,-0.910353,False
2018-07-24,-0.138205,-0.154121,-0.000048,-0.000596,-0.000809,0.000234,-0.000650,-0.000568,0.015803,0.003436,-0.137318,-0.000887,-0.354821,False
2018-07-25,-0.136940,-0.154158,-0.000062,-0.000605,-0.000800,0.000233,-0.000652,-0.000571,0.015803,0.003436,-0.137377,0.000437,0.174640,False
2018-07-26,-0.136112,-0.154195,-0.000076,-0.000614,-0.000791,0.000232,-0.000655,-0.000573,0.015803,0.003436,-0.137434,0.001322,0.528798,False
2018-07-27,-0.135849,-0.154232,-0.000090,-0.000623,-0.000781,0.000231,-0.000657,-0.000576,0.015803,0.003436,-0.137490,0.001641,0.656424,False
2018-07-28,-0.138189,-0.154270,-0.000103,-0.000630,-0.000772,0.000230,-0.000660,-0.000579,0.015803,0.003436,-0.137545,-0.000644,-0.257710,False
2018-07-29,-0.140753,-0.154307,-0.000116,-0.000637,-0.000762,0.000228,-0.000662,-0.000582,0.015803,0.003436,-0.137598,-0.003155,-1.262033,False
2018-07-30,-0.140826,-0.154344,-0.000128,-0.000644,-0.000752,0.000227,-0.000665,-0.000584,0.015803,0.003436,-0.137650,-0.003176,-1.270569,False
2018-07-31,-0.140050,-0.154381,-0.000139,-0.000649,-0.000741,0.000226,-0.000667,-0.000587,0.015803,0.003436,-0.137700,-0.002350,-0.940145,False
2018-08-01,-0.137916,-0.154418,-0.000150,-0.000654,-0.000731,0.000225,-0.000670,-0.000590,0.015803,0.003436,-0.137748,-0.000168,-0.067182,False
2018-08-02,-0.143056,-0.154455,-0.000160,-0.000657,-0.000720,0.000223,-0.000672,-0.000593,0.015803,0.003436,-0.137795,-0.005261,-2.104503,False
2018-08-03,-0.140806,-0.154492,-0.000170,-0.000660,-0.000709,0.000222,-0.000674,-0.000595,0.015803,0.003436,-0.137840,-0.002966,-1.186527,False
2018-08-04,-0.139584,-0.154529,-0.000178,-0.000663,-0.000697,0.000221,-0.000677,-0.000598,0.015803,0.003436,-0.137883,-0.001701,-0.680473,False
2018-08-05,-0.140368,-0.154567,-0.000186,-0.000664,-0.000686,0.000220,-0.000679,-0.000601,0.015803,0.003436,-0.137924,-0.002444,-0.977555,False
2018-08-06,-0.139365,-0.154604,-0.000193,-0.000665,-0.000674,0.000218,-0.000682,-0.000604,0.015803,0.003436,-0.137964,-0.001401,-0.560589,False
2018-08-07,-0.140380,-0.154641,-0.000199,-0.000665,-0.000662,0.000217,-0.000684,-0.000606,0.015803,0.003436,-0.138001,-0.002379,-0.951586,False
2018-08-08,-0.138217,-0.154678,-0.000204,-0.000664,-0.000650,0.000216,-0.000686,-0.000609,0.015803,0.003436,-0.138037,-0.000180,-0.072157,False
2018-08-09,-0.137347,-0.154715,-0.000208,-0.000662,-0.000638,0.000215,-0.000689,-0.000612,0.015803,0.003436,-0.138070,0.000723,0.289292,False
2018-08-10,-0.139309,-0.154752,-0.000211,-0.000660,-0.000626,0.000213,-0.000691,-0.000615,0.015803,0.003436,-0.138102,-0.001207,-0.482845,False
2018-08-11,-0.141128,-0.154789,-0.000213,-0.000657,-0.000613,0.000212,-0.000693,-0.000617,0.015803,0.003436,-0.138132,-0.002996,-1.198571,False
2018-08-12,-0.141399,-0.154826,-0.000214,-0.000653,-0.000600,0.000211,-0.000696,-0.000620,0.015803,0.003436,-0.138159,-0.003240,-1.295888,False
2018-08-13,-0.138326,-0.154864,-0.000214,-0.000648,-0.000587,0.000209,-0.000698,-0.000623,0.015803,0.003436,-0.138185,-0.000141,-0.056393,False
2018-08-14,-0.143241,-0.154901,-0.000213,-0.000642,-0.000574,0.000208,-0.000700,-0.000626,0.015803,0.003436,-0.138209,-0.005032,-2.012883,False
2018-08-15,-0.139323,-0.154938,-0.000211,-0.000636,-0.000561,0.000207,-0.000703,-0.000628,0.015803,0.003436,-0.138231,-0.001092,-0.436952,False
2018-08-16,-0.141661,-0.154975,-0.000208,-0.000629,-0.000547,0.000205,-0.000705,-0.000631,0.015803,0.003436,-0.138251,-0.003410,-1.364192,False
2018-08-17,-0.142460,-0.155012,-0.000204,-0.000621,-0.000534,0.000204,-0.000707,-0.000634,0.015803,0.003436,-0.138269,-0.004191,-1.676592,False
2018-08-18,-0.139470,-0.155049,-0.000199,-0.000613,-0.000520,0.000203,-0.000709,-0.000636,0.015803,0.003436,-0.138285,-0.001185,-0.474138,False
2018-08-19,-0.139968,-0.155086,-0.000193,-0.000603,-0.000506,0.000201,-0.000712,-0.000639,0.015803,0.003436,-0.138299,-0.001669,-0.667617,False
2018-08-20,-0.138427,-0.155124,-0.000186,-0.000593,-0.000492,0.000200,-0.000714,-0.000642,0.015803,0.003436,-0.138311,-0.000116,-0.046211,False
2018-08-21,-0.141536,-0.155161,-0.000178,-0.000583,-0.000477,0.000199,-0.000716,-0.000644,0.015803,0.003436,-0.138322,-0.003214,-1.285500,False
2018-08-22,-0.142789,-0.155198,-0.000170,-0.000571,-0.000463,0.000197,-0.000718,-0.000647,0.015803,0.003436,-0.138331,-0.004458,-1.783064,False
2018-08-23,-0.141868,-0.155235,-0.000161,-0.000559,-0.000448,0.000196,-0.000721,-0.000650,0.015803,0.003436,-0.138339,-0.003529,-1.411678,False
2018-08-24,-0.140255,-0.155272,-0.000150,-0.000547,-0.000434,0.000194,-0.000723,-0.000653,0.015803,0.003436,-0.138345,-0.001910,-0.764119,False
2018-08-25,-0.139104,-0.155309,-0.000140,-0.000533,-0.000419,0.000193,-0.000725,-0.000655,0.015803,0.003436,-0.138349,-0.000755,-0.301958,False
2018-08-26,-0.138472,-0.155346,-0.000128,-0.000519,-0.000404,0.000192,-0.000727,-0.000658,0.015803,0.003436,-0.138352,-0.000120,-0.047968,False
2018-08-27,-0.140770,-0.155383,-0.000116,-0.000505,-0.000389,0.000190,-0.000729,-0.000661,0.015803,0.003436,-0.138354,-0.002416,-0.966518,False
2018-08-28,-0.138434,-0.155421,-0.000103,-0.000489,-0.000374,0.000189,-0.000731,-0.000663,0.015803,0.003436,-0.138354,-0.000080,-0.031977,False
2018-08-29,-0.138089,-0.155458,-0.000090,-0.000474,-0.000359,0.000187,-0.000734,-0.000666,0.015803,0.003436,-0.138353,0.000264,0.105688,False
2018-08-30,-0.137486,-0.155495,-0.000077,-0.000457,-0.000343,0.000186,-0.000736,-0.000669,0.015803,0.003436,-0.138351,0.000865,0.346112,False
2018-08-31,-0.140331,-0.155532,-0.000063,-0.000440,-0.000328,0.000185,-0.000738,-0.000671,0.015803,0.003436,-0.138348,-0.001983,-0.793070,False
2018-09-01,-0.139739,-0.155569,-0.000049,-0.000423,-0.000312,0.000183,-0.000740,-0.000674,0.015803,0.003436,-0.138344,-0.001395,-0.557823,False
2018-09-02,-0.135837,-0.155606,-0.000034,-0.000405,-0.000296,0.000182,-0.000742,-0.000677,0.015803,0.003436,-0.138340,0.002503,1.001091,False
2018-09-03,-0.138622,-0.155643,-0.000020,-0.000387,-0.000281,0.000180,-0.000744,-0.000679,0.015803,0.003436,-0.138334,-0.000288,-0.115090,False
2018-09-04,-0.141032,-0.155680,-0.000005,-0.000368,-0.000265,0.000179,-0.000746,-0.000682,0.015803,0.003436,-0.138328,-0.002704,-1.081528,False
2018-09-05,-0.139504,-0.155718,0.000010,-0.000348,-0.000249,0.000177,-0.000748,-0.000685,0.015803,0.003436,-0.138322,-0.001182,-0.472985,False
2018-09-06,-0.138684,-0.155755,0.000025,-0.000329,-0.000233,0.000176,-0.000750,-0.000687,0.015803,0.003436,-0.138314,-0.000370,-0.147821,False
2018-09-07,-0.138014,-0.155792,0.000039,-0.000309,-0.000217,0.000174,-0.000752,-0.000690,0.015803,0.003436,-0.138307,0.000293,0.117202,False
2018-09-08,-0.139011,-0.155829,0.000054,-0.000288,-0.000201,0.000173,-0.000754,-0.000693,0.015803,0.003436,-0.138299,-0.000712,-0.284677,False
2018-09-09,-0.138315,-0.155866,0.000068,-0.000267,-0.000184,0.000172,-0.000756,-0.000695,0.015803,0.003436,-0.138291,-0.000024,-0.009418,False
2018-09-10,-0.140352,-0.155903,0.000081,-0.000246,-0.000168,0.000170,-0.000758,-0.000698,0.015803,0.003436,-0.138284,-0.002068,-0.827383,False
2018-09-11,-0.137597,-0.155940,0.000095,-0.000225,-0.000152,0.000169,-0.000760,-0.000701,0.015803,0.003436,-0.138276,0.000679,0.271465,False
2018-09-12,-0.141289,-0.155978,0.000108,-0.000203,-0.000136,0.000167,-0.000762,-0.000703,0.015803,0.003436,-0.138268,-0.003021,-1.208435,False
2018-09-13,-0.142265,-0.156015,0.000120,-0.000181,-0.000119,0.000166,-0.000764,-0.000706,0.015803,0.003436,-0.138260,-0.004005,-1.601847,False
2018-09-14,-0.140815,-0.156052,0.000132,-0.000159,-0.000103,0.000164,-0.000766,-0.000708,0.015803,0.003436,-0.138253,-0.002562,-1.024735,False
2018-09-15,-0.140020,-0.156089,0.000143,-0.000137,-0.000086,0.000163,-0.000768,-0.000711,0.015803,0.003436,-0.138246,-0.001774,-0.709464,False
2018-09-16,-0.138421,-0.156126,0.000154,-0.000114,-0.000070,0.000161,-0.000770,-0.000714,0.015803,0.003436,-0.138240,-0.000181,-0.072401,False
2018-09-17,-0.135464,-0.156163,0.000164,-0.000092,-0.000053,0.000160,-0.000772,-0.000716,0.015803,0.003436,-0.138234,0.002770,1.108089,False
2018-09-18,-0.137214,-0.156200,0.000173,-0.000069,-0.000037,0.000158,-0.000774,-0.000719,0.015803,0.003436,-0.138229,0.001015,0.406035,False
2018-09-19,-0.136493,-0.156237,0.000181,-0.000046,-0.000020,0.000157,-0.000776,-0.000722,0.015803,0.003436,-0.138225,0.001732,0.692667,False
2018-09-20,-0.139776,-0.156275,0.000189,-0.000023,-0.000004,0.000155,-0.000778,-0.000724,0.015803,0.003436,-0.138221,-0.001555,-0.621985,False
2018-09-21,-0.140469,-0.156312,0.000195,-0.000000,0.000013,0.000153,-0.000780,-0.000727,0.015803,0.003436,-0.138218,-0.002251,-0.900296,False
2018-09-22,-0.138591,-0.156349,0.000201,0.000022,0.000029,0.000152,-0.000781,-0.000729,0.015803,0.003436,-0.138216,-0.000375,-0.149840,False
2018-09-23,-0.140016,-0.156386,0.000205,0.000045,0.000046,0.000150,-0.000783,-0.000732,0.015803,0.003436,-0.138216,-0.001800,-0.720193,False
2018-09-24,-0.140774,-0.156423,0.000209,0.000068,0.000062,0.000149,-0.000785,-0.000735,0.015803,0.003436,-0.138216,-0.002558,-1.023335,False
2018-09-25,-0.137065,-0.156460,0.000212,0.000091,0.000079,0.000147,-0.000787,-0.000737,0.015803,0.003436,-0.138217,0.001152,0.460755,False
2018-09-26,-0.140732,-0.156497,0.000213,0.000113,0.000095,0.000146,-0.000789,-0.000740,0.015803,0.003436,-0.138219,-0.002513,-1.005106,False
2018-09-27,-0.139497,-0.156534,0.000214,0.000136,0.000112,0.000144,-0.000790,-0.000742,0.015803,0.003436,-0.138223,-0.001274,-0.509702,False
2018-09-28,-0.138557,-0.156572,0.000214,0.000158,0.000128,0.000143,-0.000792,-0.000745,0.015803,0.003436,-0.138227,-0.000330,-0.131819,False
2018-09-29,-0.136721,-0.156609,0.000212,0.000180,0.000144,0.000141,-0.000794,-0.000748,0.015803,0.003436,-0.138233,0.001512,0.604954,False
2018-09-30,-0.135702,-0.156646,0.000210,0.000202,0.000161,0.000139,-0.000796,-0.000750,0.015803,0.003436,-0.138241,0.002539,1.015428,False
2018-10-01,-0.138858,-0.156683,0.000206,0.000224,0.000177,0.000138,-0.000798,-0.000753,0.015803,0.003436,-0.138249,-0.000609,-0.243591,False
2018-10-02,-0.141701,-0.156720,0.000202,0.000245,0.000193,0.000136,-0.000799,-0.000755,0.015803,0.003436,-0.138259,-0.003442,-1.376895,False
2018-10-03,-0.140313,-0.156757,0.000197,0.000267,0.000209,0.000135,-0.000801,-0.000758,0.015803,0.003436,-0.138270,-0.002043,-0.817282,False
2018-10-04,-0.138006,-0.156794,0.000191,0.000287,0.000225,0.000133,-0.000803,-0.000760,0.015803,0.003436,-0.138282,0.000276,0.110451,False
2018-10-05,-0.140611,-0.156832,0.000183,0.000308,0.000241,0.000132,-0.000804,-0.000763,0.015803,0.003436,-0.138296,-0.002315,-0.926096,False
2018-10-06,-0.138665,-0.156869,0.000175,0.000328,0.000257,0.000130,-0.000806,-0.000766,0.015803,0.003436,-0.138311,-0.000354,-0.141727,False
2018-10-07,-0.140780,-0.156906,0.000166,0.000348,0.000273,0.000128,-0.000808,-0.000768,0.015803,0.003436,-0.138327,-0.002453,-0.981243,False
2018-10-08,-0.137106,-0.156943,0.000157,0.000367,0.000289,0.000127,-0.000809,-0.000771,0.015803,0.003436,-0.138344,0.001238,0.495348,False
2018-10-09,-0.137818,-0.156980,0.000146,0.000386,0.000305,0.000125,-0.000811,-0.000773,0.015803,0.003436,-0.138363,0.000545,0.218040,False
2018-10-10,-0.140041,-0.157017,0.000135,0.000404,0.000320,0.000124,-0.000813,-0.000776,0.015803,0.003436,-0.138383,-0.001658,-0.663176,False
2018-10-11,-0.140079,-0.157054,0.000124,0.000422,0.000336,0.000122,-0.000814,-0.000778,0.015803,0.003436,-0.138404,-0.001675,-0.669941,False
2018-10-12,-0.140117,-0.157091,0.000111,0.000440,0.000351,0.000120,-0.000816,-0.000781,0.015803,0.003436,-0.138427,-0.001691,-0.676236,False
2018-10-13,-0.140155,-0.157129,0.000099,0.000457,0.000367,0.000119,-0.000818,-0.000783,0.015803,0.003436,-0.138450,-0.001705,-0.682075,False
2018-10-14,-0.140193,-0.157166,0.000085,0.000473,0.000382,0.000117,-0.000819,-0.000786,0.015803,0.003436,-0.138475,-0.001719,-0.687472,False
2018-10-15,-0.140231,-0.157203,0.000072,0.000489,0.000397,0.000115,-0.000821,-0.000788,0.015803,0.003436,-0.138500,-0.001731,-0.692443,False
2018-10-16,-0.140269,-0.157240,0.000057,0.000504,0.000412,0.000114,-0.000822,-0.000791,0.015803,0.003436,-0.138527,-0.001743,-0.697005,False
2018-10-17,-0.140308,-0.157277,0.000043,0.000519,0.000427,0.000112,-0.000824,-0.000794,0.015803,0.003436,-0.138555,-0.001753,-0.701175,False
2018-10-18,-0.140308,-0.157314,0.000029,0.000533,0.000442,0.000110,-0.000825,-0.000796,0.015803,0.003436,-0.138583,-0.001724,-0.689742,False
2018-10-19,-0.140308,-0.157351,0.000014,0.000546,0.000456,0.000109,-0.000827,-0.000799,0.015803,0.003436,-0.138613,-0.001695,-0.677955,False
2018-10-20,-0.140308,-0.157388,-0.000001,0.000559,0.000471,0.000107,-0.000828,-0.000801,0.015803,0.003436,-0.138643,-0.001665,-0.665834,False
2018-10-21,-0.140308,-0.157426,-0.000015,0.000571,0.000485,0.000106,-0.000830,-0.000804,0.015803,0.003436,-0.138674,-0.001633,-0.653399,False
2018-10-22,-0.140308,-0.157463,-0.000030,0.000582,0.000499,0.000104,-0.000831,-0.000806,0.015803,0.003436,-0.138706,-0.001602,-0.640670,False
2018-10-23,-0.140308,-0.157500,-0.000045,0.000593,0.000513,0.000102,-0.000833,-0.000809,0.015803,0.003436,-0.138738,-0.001569,-0.627668,False
2018-10-24,-0.140308,-0.157537,-0.000059,0.000603,0.000527,0.000101,-0.000834,-0.000811,0.015803,0.003436,-0.138771,-0.001536,-0.614414,False
2018-10-25,,-0.157574,-0.000073,0.000612,0.000541,0.000099,-0.000836,-0.000814,0.015803,0.003436,-0.138805,,,False
2018-10-26,,-0.157611,-0.000087,0.000621,0.000555,0.000097,-0.000837,-0.000816,0.015803,0.003436,-0.138839,,,False
2018-10-27,,-0.157648,-0.000100,0.000629,0.000568,0.000096,-0.000839,-0.000819,0.015803,0.003436,-0.138874,,,False
2018-10-28,,-0.157686,-0.000113,0.000636,0.000581,0.000094,-0.000840,-0.000821,0.015803,0.003436,-0.138909,,,False
2018-10-29,,-0.157723,-0.000125,0.000642,0.000594,0.000092,-0.000841,-0.000824,0.015803,0.003436,-0.138945,,,False
2018-10-30,,-0.157760,-0.000136,0.000648,0.000607,0.000091,-0.000843,-0.000826,0.015803,0.003436,-0.138981,,,False
2018-10-31,,-0.157797,-0.000148,0.000652,0.000620,0.000089,-0.000844,-0.000828,0.015803,0.003436,-0.139017,,,False
2018-11-01,,-0.157834,-0.000158,0.000657,0.000632,0.000087,-0.000845,-0.000831,0.015803,0.003436,-0.139053,,,False
2018-11-02,,-0.157871,-0.000167,0.000660,0.000645,0.000085,-0.000847,-0.000833,0.015803,0.003436,-0.139090,,,False
2018-11-03,,-0.157908,-0.000176,0.000662,0.000657,0.000084,-0.000848,-0.000836,0.015803,0.003436,-0.139127,,,False
2018-11-04,,-0.157945,-0.000184,0.000664,0.000669,0.000082,-0.000849,-0.000838,0.015803,0.003436,-0.139163,,,False
2018-11-05,,-0.157983,-0.000191,0.000665,0.000681,0.000080,-0.000851,-0.000841,0.015803,0.003436,-0.139200,,,False
2018-11-06,,-0.158020,-0.000197,0.000665,0.000692,0.000079,-0.000852,-0.000843,0.015803,0.003436,-0.139237,,,False
2018-11-07,,-0.158057,-0.000203,0.000664,0.000703,0.000077,-0.000853,-0.000846,0.015803,0.003436,-0.139275,,,False
2018-11-08,,-0.158094,-0.000207,0.000663,0.000715,0.000075,-0.000855,-0.000848,0.015803,0.003436,-0.139312,,,False
2018-11-09,,-0.158131,-0.000210,0.000661,0.000726,0.000074,-0.000856,-0.000851,0.015803,0.003436,-0.139349,,,False
2018-11-10,,-0.158168,-0.000212,0.000658,0.000736,0.000072,-0.000857,-0.000853,0.015803,0.003436,-0.139386,,,False
2018-11-11,,-0.158205,-0.000214,0.000654,0.000747,0.000070,-0.000858,-0.000855,0.015803,0.003436,-0.139423,,,False
2018-11-12,-0.141564,-0.158242,-0.000214,0.000649,0.000757,0.000068,-0.000860,-0.000858,0.015803,0.003436,-0.139460,-0.002104,-0.841591,False
2018-11-13,-0.141564,-0.158280,-0.000213,0.000644,0.000767,0.000067,-0.000861,-0.000860,0.015803,0.003436,-0.139497,-0.002067,-0.826785,False
2018-11-14,-0.141564,-0.158317,-0.000211,0.000638,0.000777,0.000065,-0.000862,-0.000863,0.015803,0.003436,-0.139534,-0.002030,-0.811993,False
2018-11-15,-0.141564,-0.158354,-0.000209,0.000631,0.000787,0.000063,-0.000863,-0.000865,0.015803,0.003436,-0.139571,-0.001993,-0.797213,False
2018-11-16,-0.141564,-0.158391,-0.000205,0.000623,0.000796,0.000062,-0.000864,-0.000868,0.015803,0.003436,-0.139608,-0.001956,-0.782443,False
2018-11-17,-0.141564,-0.158428,-0.000200,0.000615,0.000805,0.000060,-0.000865,-0.000870,0.015803,0.003436,-0.139645,-0.001919,-0.767677,False
2018-11-18,-0.141564,-0.158465,-0.000195,0.000606,0.000814,0.000058,-0.000866,-0.000872,0.015803,0.003436,-0.139682,-0.001882,-0.752910,False
2018-11-19,-0.141564,-0.158502,-0.000188,0.000596,0.000823,0.000056,-0.000868,-0.000875,0.015803,0.003436,-0.139719,-0.001845,-0.738135,False
2018-11-20,-0.141298,-0.158540,-0.000180,0.000585,0.000831,0.000055,-0.000869,-0.000877,0.015803,0.003436,-0.139756,-0.001542,-0.616942,False
2018-11-21,-0.142451,-0.158577,-0.000172,0.000574,0.000839,0.000053,-0.000870,-0.000880,0.015803,0.003436,-0.139793,-0.002658,-1.063321,False
2018-11-22,-0.139964,-0.158614,-0.000163,0.000562,0.000847,0.000051,-0.000871,-0.000882,0.015803,0.003436,-0.139830,-0.000134,-0.053661,False
2018-11-23,-0.142981,-0.158651,-0.000153,0.000550,0.000855,0.000050,-0.000872,-0.000884,0.015803,0.003436,-0.139867,-0.003114,-1.245549,False
2018-11-24,-0.138028,-0.158688,-0.000142,0.000537,0.000862,0.000048,-0.000873,-0.000887,0.015803,0.003436,-0.139905,0.001877,0.750628,False
2018-11-25,-0.139568,-0.158725,-0.000131,0.000523,0.000869,0.000046,-0.000874,-0.000889,0.015803,0.003436,-0.139942,0.000374,0.149685,False
2018-11-26,-0.141289,-0.158762,-0.000119,0.000508,0.000876,0.000044,-0.000875,-0.000891,0.015803,0.003436,-0.139980,-0.001309,-0.523562,False
2018-11-27,-0.143185,-0.158799,-0.000107,0.000493,0.000883,0.000043,-0.000876,-0.000894,0.015803,0.003436,-0.140018,-0.003167,-1.266696,False
2018-11-28,-0.140338,-0.158837,-0.000094,0.000478,0.000889,0.000041,-0.000877,-0.000896,0.015803,0.003436,-0.140057,-0.000281,-0.112500,False
2018-11-29,-0.136350,-0.158874,-0.000080,0.000461,0.000895,0.000039,-0.000878,-0.000899,0.015803,0.003436,-0.140096,0.003746,1.498243,False
2018-11-30,-0.140902,-0.158911,-0.000066,0.000445,0.000901,0.000037,-0.000879,-0.000901,0.015803,0.003436,-0.140135,-0.000767,-0.306847,False
2018-12-01,-0.138510,-0.158948,-0.000052,0.000427,0.000907,0.000036,-0.000880,-0.000903,0.015803,0.003436,-0.140175,0.001665,0.665848,False
2018-12-02,-0.139582,-0.158985,-0.000038,0.000410,0.000912,0.000034,-0.000881,-0.000906,0.015803,0.003436,-0.140215,0.000633,0.253148,False
2018-12-03,-0.139482,-0.159022,-0.000023,0.000391,0.000917,0.000032,-0.000882,-0.000908,0.015803,0.003436,-0.140256,0.000774,0.309472,False
2018-12-04,-0.137555,-0.159059,-0.000008,0.000373,0.000922,0.000030,-0.000883,-0.000910,0.015803,0.003436,-0.140297,0.002742,1.096839,False
2018-12-05,-0.139758,-0.159096,0.000006,0.000353,0.000926,0.000029,-0.000884,-0.000913,0.015803,0.003436,-0.140339,0.000581,0.232470,False
2018-12-06,-0.139712,-0.159134,0.000021,0.000334,0.000930,0.000027,-0.000884,-0.000915,0.015803,0.003436,-0.140382,0.000670,0.267983,False
2018-12-07,-0.138874,-0.159171,0.000036,0.000314,0.000934,0.000025,-0.000885,-0.000917,0.015803,0.003436,-0.140425,0.001551,0.620597,False
2018-12-08,-0.141940,-0.159208,0.000050,0.000293,0.000938,0.000023,-0.000886,-0.000920,0.015803,0.003436,-0.140470,-0.001470,-0.588068,False
2018-12-09,-0.139034,-0.159245,0.000064,0.000273,0.000941,0.000022,-0.000887,-0.000922,0.015803,0.003436,-0.140515,0.001481,0.592404,False
2018-12-10,-0.140395,-0.159282,0.000078,0.000252,0.000945,0.000020,-0.000888,-0.000924,0.015803,0.003436,-0.140561,0.000166,0.066432,False
2018-12-11,-0.138857,-0.159319,0.000092,0.000230,0.000947,0.000018,-0.000889,-0.000927,0.015803,0.003436,-0.140608,0.001751,0.700433,False
2018-12-12,-0.138498,-0.159356,0.000105,0.000209,0.000950,0.000016,-0.000890,-0.000929,0.015803,0.003436,-0.140656,0.002158,0.863222,False
2018-12-13,-0.140841,-0.159394,0.000117,0.000187,0.000952,0.000015,-0.000890,-0.000931,0.015803,0.003436,-0.140705,-0.000136,-0.054387,False
2018-12-14,-0.140953,-0.159431,0.000129,0.000165,0.000954,0.000013,-0.000891,-0.000933,0.015803,0.003436,-0.140755,-0.000198,-0.079178,False
2018-12-15,-0.141465,-0.159468,0.000141,0.000142,0.000956,0.000011,-0.000892,-0.000936,0.015803,0.003436,-0.140806,-0.000659,-0.263541,False
2018-12-16,-0.140286,-0.159505,0.000151,0.000120,0.000957,0.000009,-0.000893,-0.000938,0.015803,0.003436,-0.140858,0.000572,0.228938,False
2018-12-17,-0.138433,-0.159542,0.000161,0.000097,0.000958,0.000008,-0.000893,-0.000940,0.015803,0.003436,-0.140912,0.002479,0.991466,False
2018-12-18,-0.141204,-0.159579,0.000171,0.000075,0.000959,0.000006,-0.000894,-0.000943,0.015803,0.003436,-0.140966,-0.000238,-0.095146,False
2018-12-19,-0.142024,-0.159616,0.000179,0.000052,0.000960,0.000004,-0.000895,-0.000945,0.015803,0.003436,-0.141022,-0.001002,-0.400893,False
2018-12-20,-0.138586,-0.159653,0.000187,0.000029,0.000960,0.000002,-0.000895,-0.000947,0.015803,0.003436,-0.141079,0.002493,0.997031,False
2018-12-21,-0.139628,-0.159691,0.000194,0.000006,0.000960,0.000001,-0.000896,-0.000949,0.015803,0.003436,-0.141137,0.001509,0.603430,False
2018-12-22,-0.140383,-0.159728,0.000199,-0.000017,0.000960,-0.000001,-0.000897,-0.000952,0.015803,0.003436,-0.141196,0.000813,0.325105,False
2018-12-23,-0.137009,-0.159765,0.000204,-0.000040,0.000959,-0.000003,-0.000897,-0.000954,0.015803,0.003436,-0.141256,0.004247,1.698857,False
2018-12-24,-0.137871,-0.159802,0.000208,-0.000062,0.000958,-0.000005,-0.000898,-0.000956,0.015803,0.003436,-0.141318,0.003447,1.378684,False
2018-12-25,-0.140637,-0.159839,0.000211,-0.000085,0.000957,-0.000006,-0.000899,-0.000958,0.015803,0.003436,-0.141380,0.000743,0.297382,False
2018-12-26,-0.135788,-0.159876,0.000213,-0.000108,0.000956,-0.000008,-0.000899,-0.000961,0.015803,0.003436,-0.141444,0.005656,2.262546,False
2018-12-27,-0.134829,-0.159913,0.000214,-0.000130,0.000954,-0.000010,-0.000900,-0.000963,0.015803,0.003436,-0.141509,0.006680,2.672169,False
2018-12-28,-0.138588,-0.159950,0.000214,-0.000153,0.000952,-0.000012,-0.000900,-0.000965,0.015803,0.003436,-0.141576,0.002988,1.195041,False
2018-12-29,-0.139666,-0.159988,0.000213,-0.000175,0.000950,-0.000013,-0.000901,-0.000967,0.015803,0.003436,-0.141643,0.001977,0.790751,False
2018-12-30,-0.138921,-0.160025,0.000210,-0.000197,0.000947,-0.000015,-0.000902,-0.000970,0.015803,0.003436,-0.141711,0.002790,1.116086,False
2018-12-31,-0.140862,-0.160062,0.000207,-0.000219,0.000944,-0.000017,-0.000902,-0.000972,0.015803,0.003436,-0.141781,0.000919,0.367432,False
2019-01-01,-0.145004,-0.160099,0.000203,-0.000240,0.000941,-0.000019,-0.000903,-0.000974,0.015803,0.003436,-0.141851,-0.003153,-1.261228,False
2019-01-02,-0.142761,-0.160136,0.000198,-0.000261,0.000938,-0.000020,-0.000903,-0.000976,0.015803,0.003436,-0.141922,-0.000839,-0.335512,False
2019-01-03,-0.141103,-0.160173,0.000192,-0.000282,0.000934,-0.000022,-0.000904,-0.000979,0.015803,0.003436,-0.141994,0.000891,0.356559,False
2019-01-04,-0.142957,-0.160210,0.000185,-0.000303,0.000930,-0.000024,-0.000904,-0.000981,0.015803,0.003436,-0.142067,-0.000890,-0.355837,False
2019-01-05,-0.140344,-0.160248,0.000177,-0.000323,0.000926,-0.000026,-0.000905,-0.000983,0.015803,0.003436,-0.142141,0.001797,0.718878,False
2019-01-06,-0.140469,-0.160285,0.000169,-0.000343,0.000922,-0.000027,-0.000905,-0.000985,0.015803,0.003436,-0.142216,0.001747,0.698678,False
2019-01-07,-0.141917,-0.160322,0.000159,-0.000362,0.000917,-0.000029,-0.000906,-0.000987,0.015803,0.003436,-0.142291,0.000374,0.149537,False
2019-01-08,-0.140517,-0.160359,0.000149,-0.000381,0.000912,-0.000031,-0.000906,-0.000990,0.015803,0.003436,-0.142367,0.001850,0.739828,False
2019-01-09,-0.142096,-0.160396,0.000138,-0.000400,0.000906,-0.000033,-0.000906,-0.000992,0.015803,0.003436,-0.142443,0.000347,0.138721,False
2019-01-10,-0.143130,-0.160433,0.000127,-0.000418,0.000901,-0.000034,-0.000907,-0.000994,0.015803,0.003436,-0.142519,-0.000611,-0.244214,False
2019-01-11,-0.144220,-0.160470,0.000114,-0.000435,0.000895,-0.000036,-0.000907,-0.000996,0.015803,0.003436,-0.142596,-0.001624,-0.649408,False
2019-01-12,-0.139945,-0.160507,0.000102,-0.000452,0.000889,-0.000038,-0.000908,-0.000998,0.015803,0.003436,-0.142674,0.002729,1.091507,False
2019-01-13,-0.143255,-0.160545,0.000089,-0.000469,0.000882,-0.000040,-0.000908,-0.001000,0.015803,0.003436,-0.142751,-0.000504,-0.201502,False
2019-01-14,-0.141112,-0.160582,0.000075,-0.000485,0.000876,-0.000041,-0.000908,-0.001003,0.015803,0.003436,-0.142829,0.001717,0.686732,False
2019-01-15,-0.142971,-0.160619,0.000061,-0.000500,0.000869,-0.000043,-0.000909,-0.001005,0.015803,0.003436,-0.142906,-0.000065,-0.025827,False
2019-01-16,-0.142678,-0.160656,0.000047,-0.000515,0.000862,-0.000045,-0.000909,-0.001007,0.015803,0.003436,-0.142984,0.000306,0.122389,False
2019-01-17,-0.145003,-0.160693,0.000032,-0.000529,0.000854,-0.000046,-0.000909,-0.001009,0.015803,0.003436,-0.143061,-0.001942,-0.776657,False
2019-01-18,-0.144289,-0.160730,0.000018,-0.000543,0.000847,-0.000048,-0.000909,-0.001011,0.015803,0.003436,-0.143139,-0.001150,-0.460199,False
2019-01-19,-0.144146,-0.160767,0.000003,-0.000556,0.000839,-0.000050,-0.000910,-0.001013,0.015803,0.003436,-0.143215,-0.000931,-0.372272,False
2019-01-20,-0.142188,-0.160804,-0.000012,-0.000568,0.000831,-0.000052,-0.000910,-0.001016,0.015803,0.003436,-0.143292,0.001104,0.441488,False
2019-01-21,-0.143729,-0.160842,-0.000026,-0.000579,0.000822,-0.000053,-0.000910,-0.001018,0.015803,0.003436,-0.143368,-0.000361,-0.144553,False
2019-01-22,-0.142671,-0.160879,-0.000041,-0.000590,0.000814,-0.000055,-0.000911,-0.001020,0.015803,0.003436,-0.143443,0.000772,0.308770,False
2019-01-23,-0.140193,-0.160916,-0.000055,-0.000601,0.000805,-0.000057,-0.000911,-0.001022,0.015803,0.003436,-0.143518,0.003325,1.329825,False
2019-01-24,-0.140251,-0.160953,-0.000069,-0.000610,0.000796,-0.000059,-0.000911,-0.001024,0.015803,0.003436,-0.143591,0.003340,1.336177,False
2019-01-25,-0.143410,-0.160990,-0.000083,-0.000619,0.000786,-0.000060,-0.000911,-0.001026,0.015803,0.003436,-0.143664,0.000254,0.101794,False
2019-01-26,-0.143692,-0.161027,-0.000097,-0.000627,0.000777,-0.000062,-0.000911,-0.001028,0.015803,0.003436,-0.143737,0.000045,0.017846,False
2019-01-27,-0.145036,-0.161064,-0.000109,-0.000634,0.000767,-0.000064,-0.000911,-0.001030,0.015803,0.003436,-0.143808,-0.001228,-0.491299,False
2019-01-28,-0.141943,-0.161102,-0.000122,-0.000641,0.000757,-0.000065,-0.000912,-0.001033,0.015803,0.003436,-0.143878,0.001935,0.773931,False
2019-01-29,-0.142310,-0.161139,-0.000134,-0.000646,0.000746,-0.000067,-0.000912,-0.001035,0.015803,0.003436,-0.143947,0.001637,0.654707,False
2019-01-30,-0.141810,-0.161176,-0.000145,-0.000651,0.000736,-0.000069,-0.000912,-0.001037,0.015803,0.003436,-0.144015,0.002205,0.881804,False
2019-01-31,-0.145105,-0.161213,-0.000155,-0.000656,0.000725,-0.000071,-0.000912,-0.001039,0.015803,0.003436,-0.144081,-0.001024,-0.409603,False
2019-02-01,-0.145994,-0.161250,-0.000165,-0.000659,0.000714,-0.000072,-0.000912,-0.001041,0.015803,0.003436,-0.144146,-0.001848,-0.739138,False
2019-02-02,-0.146546,-0.161287,-0.000174,-0.000662,0.000703,-0.000074,-0.000912,-0.001043,0.015803,0.003436,-0.144210,-0.002336,-0.934422,False
2019-02-03,-0.146018,-0.161324,-0.000182,-0.000664,0.000692,-0.000076,-0.000912,-0.001045,0.015803,0.003436,-0.144272,-0.001746,-0.698275,False
2019-02-04,-0.143062,-0.161361,-0.000189,-0.000665,0.000680,-0.000077,-0.000912,-0.001047,0.015803,0.003436,-0.144333,0.001271,0.508486,False
2019-02-05,-0.145949,-0.161399,-0.000196,-0.000665,0.000668,-0.000079,-0.000912,-0.001049,0.015803,0.003436,-0.144393,-0.001556,-0.622556,False
2019-02-06,-0.145244,-0.161436,-0.000201,-0.000665,0.000656,-0.000081,-0.000912,-0.001051,0.015803,0.003436,-0.144450,-0.000794,-0.317413,False
2019-02-07,-0.143761,-0.161473,-0.000206,-0.000663,0.000644,-0.000083,-0.000912,-0.001053,0.015803,0.003436,-0.144507,0.000746,0.298303,False
2019-02-08,-0.143552,-0.161510,-0.000209,-0.000661,0.000632,-0.000084,-0.000912,-0.001055,0.015803,0.003436,-0.144561,0.001009,0.403782,False
2019-02-09,-0.143410,-0.161547,-0.000212,-0.000658,0.000619,-0.000086,-0.000912,-0.001057,0.015803,0.003436,-0.144615,0.001205,0.481817,False
2019-02-10,-0.145461,-0.161584,-0.000213,-0.000655,0.000607,-0.000088,-0.000912,-0.001059,0.015803,0.003436,-0.144666,-0.000795,-0.317998,False
2019-02-11,-0.146042,-0.161621,-0.000214,-0.000650,0.000594,-0.000089,-0.000912,-0.001062,0.015803,0.003436,-0.144716,-0.001326,-0.530463,False
2019-02-12,-0.145942,-0.161658,-0.000213,-0.000645,0.000581,-0.000091,-0.000912,-0.001064,0.015803,0.003436,-0.144764,-0.001178,-0.471181,False
2019-02-13,-0.146960,-0.161696,-0.000212,-0.000639,0.000567,-0.000093,-0.000912,-0.001066,0.015803,0.003436,-0.144811,-0.002149,-0.859749,False
2019-02-14,-0.146575,-0.161733,-0.000209,-0.000633,0.000554,-0.000094,-0.000912,-0.001068,0.015803,0.003436,-0.144856,-0.001719,-0.687764,False
2019-02-15,-0.143588,-0.161770,-0.000206,-0.000625,0.000540,-0.000096,-0.000912,-0.001070,0.015803,0.003436,-0.144899,0.001311,0.524382,False
2019-02-16,-0.146231,-0.161807,-0.000201,-0.000617,0.000527,-0.000098,-0.000912,-0.001072,0.015803,0.003436,-0.144941,-0.001290,-0.516104,False
2019-02-17,-0.145985,-0.161844,-0.000196,-0.000608,0.000513,-0.000099,-0.000912,-0.001074,0.015803,0.003436,-0.144981,-0.001004,-0.401611,False
2019-02-18,-0.147329,-0.161881,-0.000190,-0.000598,0.000499,-0.000101,-0.000911,-0.001076,0.015803,0.003436,-0.145020,-0.002309,-0.923725,False
2019-02-19,-0.146923,-0.161918,-0.000182,-0.000588,0.000485,-0.000103,-0.000911,-0.001078,0.015803,0.003436,-0.145057,-0.001866,-0.746432,False
2019-02-20,-0.145576,-0.161956,-0.000174,-0.000577,0.000470,-0.000104,-0.000911,-0.001080,0.015803,0.003436,-0.145093,-0.000483,-0.193315,False
2019-02-21,-0.146336,-0.161993,-0.000165,-0.000565,0.000456,-0.000106,-0.000911,-0.001082,0.015803,0.003436,-0.145127,-0.001209,-0.483556,False
2019-02-22,-0.143748,-0.162030,-0.000156,-0.000553,0.000441,-0.000108,-0.000911,-0.001084,0.015803,0.003436,-0.145160,0.001412,0.564868,False
2019-02-23,-0.144573,-0.162067,-0.000145,-0.000540,0.000426,-0.000109,-0.000911,-0.001086,0.015803,0.003436,-0.145192,0.000619,0.247578,False
2019-02-24,-0.144654,-0.162104,-0.000134,-0.000526,0.000412,-0.000111,-0.000910,-0.001088,0.015803,0.003436,-0.145222,0.000568,0.227398,False
2019-02-25,-0.146423,-0.162141,-0.000122,-0.000512,0.000397,-0.000113,-0.000910,-0.001090,0.015803,0.003436,-0.145252,-0.001171,-0.468445,False
2019-02-26,-0.145186,-0.162178,-0.000110,-0.000497,0.000381,-0.000114,-0.000910,-0.001092,0.015803,0.003436,-0.145280,0.000094,0.037675,False
2019-02-27,-0.146849,-0.162215,-0.000097,-0.000482,0.000366,-0.000116,-0.000909,-0.001094,0.015803,0.003436,-0.145307,-0.001542,-0.616612,False
2019-02-28,-0.145021,-0.162253,-0.000084,-0.000465,0.000351,-0.000117,-0.000909,-0.001095,0.015803,0.003436,-0.145334,0.000313,0.125124,False
2019-03-01,-0.147269,-0.162290,-0.000070,-0.000449,0.000335,-0.000119,-0.000909,-0.001097,0.015803,0.003436,-0.145359,-0.001910,-0.763887,False
2019-03-02,-0.146144,-0.162327,-0.000056,-0.000432,0.000320,-0.000121,-0.000909,-0.001099,0.015803,0.003436,-0.145384,-0.000760,-0.304013,False
2019-03-03,-0.143391,-0.162364,-0.000041,-0.000414,0.000304,-0.000122,-0.000908,-0.001101,0.015803,0.003436,-0.145408,0.002017,0.806780,False
2019-03-04,-0.143157,-0.162401,-0.000027,-0.000396,0.000289,-0.000124,-0.000908,-0.001103,0.015803,0.003436,-0.145431,0.002274,0.909726,False
2019-03-05,-0.146936,-0.162438,-0.000012,-0.000377,0.000273,-0.000126,-0.000908,-0.001105,0.015803,0.003436,-0.145454,-0.001482,-0.592742,False
2019-03-06,-0.143912,-0.162475,0.000003,-0.000358,0.000257,-0.000127,-0.000907,-0.001107,0.015803,0.003436,-0.145477,0.001565,0.625811,False
2019-03-07,-0.145063,-0.162512,0.000017,-0.000339,0.000241,-0.000129,-0.000907,-0.001109,0.015803,0.003436,-0.145499,0.000436,0.174221,False
2019-03-08,-0.145998,-0.162550,0.000032,-0.000319,0.000225,-0.000130,-0.000906,-0.001111,0.015803,0.003436,-0.145520,-0.000478,-0.191078,False
2019-03-09,-0.146918,-0.162587,0.000046,-0.000299,0.000209,-0.000132,-0.000906,-0.001113,0.015803,0.003436,-0.145542,-0.001376,-0.550450,False
2019-03-10,-0.146238,-0.162624,0.000061,-0.000278,0.000193,-0.000134,-0.000906,-0.001115,0.015803,0.003436,-0.145563,-0.000675,-0.269859,False
2019-03-11,-0.146060,-0.162661,0.000075,-0.000257,0.000176,-0.000135,-0.000905,-0.001117,0.015803,0.003436,-0.145585,-0.000475,-0.190072,False
2019-03-12,-0.145206,-0.162698,0.000088,-0.000236,0.000160,-0.000137,-0.000905,-0.001119,0.015803,0.003436,-0.145606,0.000400,0.160146,False
2019-03-13,-0.143969,-0.162735,0.000101,-0.000214,0.000144,-0.000138,-0.000904,-0.001120,0.015803,0.003436,-0.145628,0.001659,0.663629,False
2019-03-14,-0.143422,-0.162772,0.000114,-0.000192,0.000127,-0.000140,-0.000904,-0.001122,0.015803,0.003436,-0.145650,0.002228,0.891212,False
2019-03-15,-0.143722,-0.162810,0.000126,-0.000170,0.000111,-0.000141,-0.000903,-0.001124,0.015803,0.003436,-0.145672,0.001950,0.780125,False
2019-03-16,-0.144232,-0.162847,0.000138,-0.000148,0.000095,-0.000143,-0.000903,-0.001126,0.015803,0.003436,-0.145695,0.001463,0.585201,False
2019-03-17,-0.142961,-0.162884,0.000149,-0.000126,0.000078,-0.000145,-0.000902,-0.001128,0.015803,0.003436,-0.145718,0.002757,1.102870,False
2019-03-18,-0.143303,-0.162921,0.000159,-0.000103,0.000062,-0.000146,-0.000902,-0.001130,0.015803,0.003436,-0.145742,0.002439,0.975561,False
2019-03-19,-0.145785,-0.162958,0.000169,-0.000080,0.000045,-0.000148,-0.000901,-0.001132,0.015803,0.003436,-0.145766,-0.000019,-0.007497,False
2019-03-20,-0.147804,-0.162995,0.000177,-0.000058,0.000029,-0.000149,-0.000900,-0.001134,0.015803,0.003436,-0.145791,-0.002013,-0.805077,False
2019-03-21,-0.142138,-0.163032,0.000185,-0.000035,0.000012,-0.000151,-0.000900,-0.001135,0.015803,0.003436,-0.145817,0.003679,1.471645,False
2019-03-22,-0.142767,-0.163069,0.000192,-0.000012,-0.000004,-0.000152,-0.000899,-0.001137,0.015803,0.003436,-0.145844,0.003077,1.230693,False
2019-03-23,-0.141636,-0.163107,0.000198,0.000011,-0.000021,-0.000154,-0.000899,-0.001139,0.015803,0.003436,-0.145871,0.004235,1.694089,False
2019-03-24,-0.144713,-0.163144,0.000203,0.000034,-0.000037,-0.000155,-0.000898,-0.001141,0.015803,0.003436,-0.145900,0.001187,0.474655,False
2019-03-25,-0.143172,-0.163181,0.000207,0.000057,-0.000054,-0.000157,-0.000897,-0.001143,0.015803,0.003436,-0.145929,0.002757,1.102807,False
2019-03-26,-0.143911,-0.163218,0.000210,0.000079,-0.000070,-0.000158,-0.000897,-0.001145,0.015803,0.003436,-0.145959,0.002048,0.819363,False
2019-03-27,-0.145981,-0.163255,0.000213,0.000102,-0.000087,-0.000160,-0.000896,-0.001146,0.015803,0.003436,-0.145991,0.000010,0.003938,False
2019-03-28,-0.142626,-0.163292,0.000214,0.000125,-0.000103,-0.000161,-0.000895,-0.001148,0.015803,0.003436,-0.146023,0.003397,1.358945,False
2019-03-29,-0.143459,-0.163329,0.000214,0.000147,-0.000120,-0.000163,-0.000895,-0.001150,0.015803,0.003436,-0.146057,0.002598,1.039194,False
2019-03-30,-0.143838,-0.163366,0.000213,0.000169,-0.000136,-0.000164,-0.000894,-0.001152,0.015803,0.003436,-0.146092,0.002254,0.901495,False
2019-03-31,-0.144860,-0.163404,0.000211,0.000191,-0.000153,-0.000166,-0.000893,-0.001154,0.015803,0.003436,-0.146128,0.001268,0.507054,False
2019-04-01,-0.146239,-0.163441,0.000208,0.000213,-0.000169,-0.000167,-0.000893,-0.001156,0.015803,0.003436,-0.146165,-0.000074,-0.029724,False
2019-04-02,-0.145310,-0.163478,0.000204,0.000235,-0.000185,-0.000169,-0.000892,-0.001157,0.015803,0.003436,-0.146203,0.000893,0.357164,False
2019-04-03,-0.142956,-0.163515,0.000200,0.000256,-0.000201,-0.000170,-0.000891,-0.001159,0.015803,0.003436,-0.146242,0.003286,1.314520,False
2019-04-04,-0.144260,-0.163552,0.000194,0.000277,-0.000217,-0.000172,-0.000890,-0.001161,0.015803,0.003436,-0.146283,0.002023,0.809142,False
2019-04-05,-0.146552,-0.163589,0.000187,0.000298,-0.000233,-0.000173,-0.000890,-0.001163,0.015803,0.003436,-0.146325,-0.000227,-0.090974,False
2019-04-06,-0.144110,-0.163626,0.000179,0.000318,-0.000249,-0.000175,-0.000889,-0.001164,0.015803,0.003436,-0.146367,0.002257,0.902970,False
2019-04-07,-0.145683,-0.163664,0.000171,0.000338,-0.000265,-0.000176,-0.000888,-0.001166,0.015803,0.003436,-0.146411,0.000728,0.291365,False
2019-04-08,-0.143599,-0.163701,0.000162,0.000357,-0.000281,-0.000178,-0.000887,-0.001168,0.015803,0.003436,-0.146457,0.002858,1.143003,False
2019-04-09,-0.145093,-0.163738,0.000152,0.000376,-0.000297,-0.000179,-0.000886,-0.001170,0.015803,0.003436,-0.146503,0.001410,0.563874,False
2019-04-10,-0.141517,-0.163775,0.000141,0.000395,-0.000313,-0.000181,-0.000885,-0.001172,0.015803,0.003436,-0.146550,0.005033,2.013166,False
2019-04-11,-0.143867,-0.163812,0.000130,0.000413,-0.000328,-0.000182,-0.000884,-0.001173,0.015803,0.003436,-0.146598,0.002731,1.092466,False
2019-04-12,-0.145161,-0.163849,0.000118,0.000431,-0.000344,-0.000184,-0.000884,-0.001175,0.015803,0.003436,-0.146647,0.001486,0.594560,False
2019-04-13,-0.144792,-0.163886,0.000105,0.000448,-0.000359,-0.000185,-0.000883,-0.001177,0.015803,0.003436,-0.146698,0.001906,0.762229,False
2019-04-14,-0.145026,-0.163923,0.000092,0.000465,-0.000374,-0.000186,-0.000882,-0.001178,0.015803,0.003436,-0.146749,0.001723,0.689058,False
2019-04-15,-0.147499,-0.163961,0.000078,0.000481,-0.000390,-0.000188,-0.000881,-0.001180,0.015803,0.003436,-0.146801,-0.000698,-0.279372,False
2019-04-16,-0.144801,-0.163998,0.000065,0.000496,-0.000405,-0.000189,-0.000880,-0.001182,0.015803,0.003436,-0.146853,0.002052,0.820918,False
2019-04-17,-0.143739,-0.164035,0.000050,0.000511,-0.000419,-0.000191,-0.000879,-0.001184,0.015803,0.003436,-0.146907,0.003168,1.267108,False
2019-04-18,-0.149163,-0.164072,0.000036,0.000526,-0.000434,-0.000192,-0.000878,-0.001185,0.015803,0.003436,-0.146961,-0.002202,-0.880823,False
2019-04-19,-0.147451,-0.164109,0.000021,0.000539,-0.000449,-0.000193,-0.000877,-0.001187,0.015803,0.003436,-0.147016,-0.000435,-0.174099,False
2019-04-20,-0.149729,-0.164146,0.000007,0.000552,-0.000464,-0.000195,-0.000876,-0.001189,0.015803,0.003436,-0.147071,-0.002658,-1.063141,False
2019-04-21,-0.146595,-0.164183,-0.000008,0.000565,-0.000478,-0.000196,-0.000875,-0.001190,0.015803,0.003436,-0.147127,0.000532,0.212826,False
2019-04-22,-0.148305,-0.164220,-0.000023,0.000577,-0.000492,-0.000198,-0.000874,-0.001192,0.015803,0.003436,-0.147183,-0.001122,-0.448621,False
2019-04-23,-0.148714,-0.164258,-0.000037,0.000588,-0.000506,-0.000199,-0.000873,-0.001194,0.015803,0.003436,-0.147240,-0.001474,-0.589506,False
2019-04-24,-0.148257,-0.164295,-0.000052,0.000598,-0.000520,-0.000200,-0.000872,-0.001196,0.015803,0.003436,-0.147297,-0.000960,-0.383853,False
2019-04-25,-0.147220,-0.164332,-0.000066,0.000608,-0.000534,-0.000202,-0.000871,-0.001197,0.015803,0.003436,-0.147355,0.000135,0.053914,False
2019-04-26,-0.150427,-0.164369,-0.000080,0.000617,-0.000548,-0.000203,-0.000870,-0.001199,0.015803,0.003436,-0.147412,-0.003015,-1.205830,False
2019-04-27,-0.146101,-0.164406,-0.000093,0.000625,-0.000561,-0.000204,-0.000869,-0.001201,0.015803,0.003436,-0.147470,0.001369,0.547693,False
2019-04-28,-0.146394,-0.164443,-0.000106,0.000632,-0.000575,-0.000206,-0.000868,-0.001202,0.015803,0.003436,-0.147528,0.001134,0.453659,False
2019-04-29,-0.146835,-0.164480,-0.000119,0.000639,-0.000588,-0.000207,-0.000866,-0.001204,0.015803,0.003436,-0.147586,0.000751,0.300445,False
2019-04-30,-0.148868,-0.164518,-0.000131,0.000645,-0.000601,-0.000208,-0.000865,-0.001205,0.015803,0.003436,-0.147644,-0.001224,-0.489571,False
2019-05-01,-0.148032,-0.164555,-0.000142,0.000650,-0.000613,-0.000210,-0.000864,-0.001207,0.015803,0.003436,-0.147702,-0.000330,-0.132010,False
2019-05-02,-0.147511,-0.164592,-0.000153,0.000655,-0.000626,-0.000211,-0.000863,-0.001209,0.015803,0.003436,-0.147760,0.000249,0.099507,False
2019-05-03,-0.149143,-0.164629,-0.000163,0.000658,-0.000639,-0.000212,-0.000862,-0.001210,0.015803,0.003436,-0.147817,-0.001326,-0.530240,False
2019-05-04,-0.145078,-0.164666,-0.000172,0.000661,-0.000651,-0.000214,-0.000861,-0.001212,0.015803,0.003436,-0.147875,0.002797,1.118732,False
2019-05-05,-0.148398,-0.164703,-0.000180,0.000663,-0.000663,-0.000215,-0.000859,-0.001214,0.015803,0.003436,-0.147932,-0.000466,-0.186397,False
2019-05-06,-0.148263,-0.164740,-0.000188,0.000664,-0.000675,-0.000216,-0.000858,-0.001215,0.015803,0.003436,-0.147989,-0.000274,-0.109641,False
2019-05-07,-0.147924,-0.164777,-0.000194,0.000665,-0.000686,-0.000217,-0.000857,-0.001217,0.015803,0.003436,-0.148045,0.000121,0.048584,False
2019-05-08,-0.144720,-0.164815,-0.000200,0.000665,-0.000698,-0.000219,-0.000856,-0.001218,0.015803,0.003436,-0.148102,0.003382,1.352664,False
2019-05-09,-0.146042,-0.164852,-0.000205,0.000664,-0.000709,-0.000220,-0.000855,-0.001220,0.015803,0.003436,-0.148157,0.002115,0.846188,False
2019-05-10,-0.148870,-0.164889,-0.000209,0.000662,-0.000720,-0.000221,-0.000853,-0.001222,0.015803,0.003436,-0.148213,-0.000657,-0.262857,False
2019-05-11,-0.146311,-0.164926,-0.000211,0.000659,-0.000731,-0.000222,-0.000852,-0.001223,0.015803,0.003436,-0.148268,0.001957,0.782722,False
2019-05-12,-0.146634,-0.164963,-0.000213,0.000656,-0.000742,-0.000224,-0.000851,-0.001225,0.015803,0.003436,-0.148322,0.001688,0.675315,False
2019-05-13,-0.147595,-0.165000,-0.000214,0.000652,-0.000752,-0.000225,-0.000849,-0.001226,0.015803,0.003436,-0.148376,0.000781,0.312517,False
2019-05-14,-0.146406,-0.165037,-0.000214,0.000647,-0.000762,-0.000226,-0.000848,-0.001228,0.015803,0.003436,-0.148430,0.002024,0.809524,False
2019-05-15,-0.148782,-0.165074,-0.000212,0.000641,-0.000772,-0.000227,-0.000847,-0.001230,0.015803,0.003436,-0.148483,-0.000299,-0.119669,False
2019-05-16,-0.148895,-0.165112,-0.000210,0.000634,-0.000782,-0.000229,-0.000845,-0.001231,0.015803,0.003436,-0.148535,-0.000360,-0.143862,False
2019-05-17,-0.148690,-0.165149,-0.000207,0.000627,-0.000791,-0.000230,-0.000844,-0.001233,0.015803,0.003436,-0.148587,-0.000103,-0.041056,False
2019-05-18,-0.149021,-0.165186,-0.000203,0.000619,-0.000800,-0.000231,-0.000843,-0.001234,0.015803,0.003436,-0.148639,-0.000382,-0.152848,False
2019-05-19,-0.147462,-0.165223,-0.000197,0.000610,-0.000809,-0.000232,-0.000841,-0.001236,0.015803,0.003436,-0.148690,0.001228,0.491163,False
2019-05-20,-0.150601,-0.165260,-0.000191,0.000601,-0.000818,-0.000233,-0.000840,-0.001237,0.015803,0.003436,-0.148740,-0.001861,-0.744216,False
2019-05-21,-0.147699,-0.165297,-0.000184,0.000591,-0.000827,-0.000235,-0.000839,-0.001239,0.015803,0.003436,-0.148791,0.001092,0.436619,False
2019-05-22,-0.147340,-0.165334,-0.000176,0.000580,-0.000835,-0.000236,-0.000837,-0.001240,0.015803,0.003436,-0.148840,0.001500,0.600077,False
2019-05-23,-0.145926,-0.165372,-0.000168,0.000568,-0.000843,-0.000237,-0.000836,-0.001242,0.015803,0.003436,-0.148889,0.002963,1.185366,False
2019-05-24,-0.145460,-0.165409,-0.000158,0.000556,-0.000851,-0.000238,-0.000834,-0.001243,0.015803,0.003436,-0.148938,0.003478,1.391297,False
2019-05-25,-0.147746,-0.165446,-0.000148,0.000543,-0.000858,-0.000239,-0.000833,-0.001245,0.015803,0.003436,-0.148987,0.001241,0.496280,False
2019-05-26,-0.146265,-0.165483,-0.000137,0.000530,-0.000866,-0.000240,-0.000831,-0.001246,0.015803,0.003436,-0.149035,0.002770,1.107929,False
2019-05-27,-0.147675,-0.165520,-0.000125,0.000516,-0.000873,-0.000242,-0.000830,-0.001248,0.015803,0.003436,-0.149083,0.001408,0.563057,False
2019-05-28,-0.145131,-0.165557,-0.000113,0.000501,-0.000879,-0.000243,-0.000828,-0.001249,0.015803,0.003436,-0.149130,0.003999,1.599678,False
2019-05-29,-0.145614,-0.165594,-0.000100,0.000485,-0.000886,-0.000244,-0.000827,-0.001251,0.015803,0.003436,-0.149178,0.003564,1.425408,False
2019-05-30,-0.147721,-0.165631,-0.000087,0.000470,-0.000892,-0.000245,-0.000825,-0.001252,0.015803,0.003436,-0.149225,0.001504,0.601463,False
2019-05-31,-0.145849,-0.165669,-0.000073,0.000453,-0.000898,-0.000246,-0.000824,-0.001254,0.015803,0.003436,-0.149272,0.003423,1.369060,False
2019-06-01,-0.145754,-0.165706,-0.000059,0.000436,-0.000904,-0.000247,-0.000822,-0.001255,0.015803,0.003436,-0.149319,0.003565,1.425816,False
2019-06-02,-0.145965,-0.165743,-0.000045,0.000419,-0.000909,-0.000248,-0.000821,-0.001257,0.015803,0.003436,-0.149365,0.003400,1.360149,False
2019-06-03,-0.148533,-0.165780,-0.000030,0.000400,-0.000914,-0.000249,-0.000819,-0.001258,0.015803,0.003436,-0.149412,0.000879,0.351677,False
2019-06-04,-0.146899,-0.165817,-0.000016,0.000382,-0.000919,-0.000250,-0.000818,-0.001260,0.015803,0.003436,-0.149459,0.002560,1.024018,False
2019-06-05,-0.149829,-0.165854,-0.000001,0.000363,-0.000924,-0.000252,-0.000816,-0.001261,0.015803,0.003436,-0.149506,-0.000323,-0.129209,False
2019-06-06,-0.146158,-0.165891,0.000014,0.000344,-0.000928,-0.000253,-0.000814,-0.001263,0.015803,0.003436,-0.149553,0.003395,1.358014,False
2019-06-07,-0.150317,-0.165928,0.000028,0.000324,-0.000932,-0.000254,-0.000813,-0.001264,0.015803,0.003436,-0.149600,-0.000717,-0.286695,False
2019-06-08,-0.149504,-0.165966,0.000043,0.000304,-0.000936,-0.000255,-0.000811,-0.001265,0.015803,0.003436,-0.149648,0.000144,0.057483,False
2019-06-09,-0.145928,-0.166003,0.000057,0.000283,-0.000940,-0.000256,-0.000809,-0.001267,0.015803,0.003436,-0.149695,0.003767,1.506964,False
2019-06-10,-0.148742,-0.166040,0.000071,0.000262,-0.000943,-0.000257,-0.000808,-0.001268,0.015803,0.003436,-0.149743,0.001001,0.400566,False
2019-06-11,-0.148920,-0.166077,0.000085,0.000241,-0.000946,-0.000258,-0.000806,-0.001270,0.015803,0.003436,-0.149792,0.000872,0.348705,False
2019-06-12,-0.150161,-0.166114,0.000098,0.000220,-0.000949,-0.000259,-0.000804,-0.001271,0.015803,0.003436,-0.149840,-0.000321,-0.128204,False
2019-06-13,-0.151873,-0.166151,0.000111,0.000198,-0.000951,-0.000260,-0.000803,-0.001273,0.015803,0.003436,-0.149890,-0.001983,-0.793345,False
2019-06-14,-0.143889,-0.166188,0.000123,0.000176,-0.000953,-0.000261,-0.000801,-0.001274,0.015803,0.003436,-0.149939,0.006050,2.420095,False
2019-06-15,-0.150417,-0.166226,0.000135,0.000154,-0.000955,-0.000262,-0.000799,-0.001275,0.015803,0.003436,-0.149989,-0.000428,-0.171071,False
2019-06-16,-0.143832,-0.166263,0.000146,0.000131,-0.000957,-0.000263,-0.000798,-0.001277,0.015803,0.003436,-0.150040,0.006208,2.483168,False
2019-06-17,-0.149468,-0.166300,0.000157,0.000109,-0.000958,-0.000264,-0.000796,-0.001278,0.015803,0.003436,-0.150091,0.000623,0.249223,False
2019-06-18,-0.150623,-0.166337,0.000166,0.000086,-0.000959,-0.000265,-0.000794,-0.001280,0.015803,0.003436,-0.150143,-0.000480,-0.192098,False
2019-06-19,-0.148396,-0.166374,0.000175,0.000063,-0.000960,-0.000266,-0.000792,-0.001281,0.015803,0.003436,-0.150195,0.001799,0.719613,False
2019-06-20,-0.147804,-0.166411,0.000183,0.000041,-0.000960,-0.000267,-0.000790,-0.001282,0.015803,0.003436,-0.150248,0.002444,0.977562,False
2019-06-21,-0.147180,-0.166448,0.000190,0.000018,-0.000960,-0.000268,-0.000789,-0.001284,0.015803,0.003436,-0.150301,0.003121,1.248554,False
2019-06-22,-0.147450,-0.166485,0.000197,-0.000005,-0.000960,-0.000269,-0.000787,-0.001285,0.015803,0.003436,-0.150355,0.002905,1.162190,False
2019-06-23,-0.152297,-0.166523,0.000202,-0.000028,-0.000960,-0.000270,-0.000785,-0.001286,0.015803,0.003436,-0.150410,-0.001887,-0.754728,False
2019-06-24,-0.145279,-0.166560,0.000206,-0.000051,-0.000959,-0.000270,-0.000783,-0.001288,0.015803,0.003436,-0.150465,0.005186,2.074599,False
2019-06-25,-0.148536,-0.166597,0.000210,-0.000074,-0.000958,-0.000271,-0.000781,-0.001289,0.015803,0.003436,-0.150521,0.001985,0.794170,False
2019-06-26,-0.145972,-0.166634,0.000212,-0.000096,-0.000957,-0.000272,-0.000780,-0.001290,0.015803,0.003436,-0.150578,0.004606,1.842379,False
2019-06-27,-0.147151,-0.166671,0.000214,-0.000119,-0.000955,-0.000273,-0.000778,-0.001292,0.015803,0.003436,-0.150635,0.003484,1.393620,False
2019-06-28,-0.151181,-0.166708,0.000214,-0.000142,-0.000953,-0.000274,-0.000776,-0.001293,0.015803,0.003436,-0.150693,-0.000488,-0.195313,False
2019-06-29,-0.151911,-0.166745,0.000213,-0.000164,-0.000951,-0.000275,-0.000774,-0.001294,0.015803,0.003436,-0.150751,-0.001160,-0.464032,False
2019-06-30,-0.149239,-0.166782,0.000212,-0.000186,-0.000949,-0.000276,-0.000772,-0.001296,0.015803,0.003436,-0.150810,0.001571,0.628253,False
2019-07-01,-0.146567,-0.166820,0.000209,-0.000208,-0.000946,-0.000277,-0.000770,-0.001297,0.015803,0.003436,-0.150869,0.004302,1.720729,False
2019-07-02,-0.147162,-0.166857,0.000205,-0.000229,-0.000943,-0.000278,-0.000768,-0.001298,0.015803,0.003436,-0.150928,0.003766,1.506580,False
2019-07-03,-0.146452,-0.166894,0.000201,-0.000251,-0.000940,-0.000278,-0.000766,-0.001300,0.015803,0.003436,-0.150988,0.004536,1.814589,False
2019-07-04,-0.145280,-0.166931,0.000195,-0.000272,-0.000936,-0.000279,-0.000764,-0.001301,0.015803,0.003436,-0.151049,0.005769,2.307538,False
2019-07-05,-0.147793,-0.166968,0.000189,-0.000292,-0.000932,-0.000280,-0.000762,-0.001302,0.015803,0.003436,-0.151110,0.003317,1.326607,False
2019-07-06,-0.150257,-0.167005,0.000181,-0.000313,-0.000928,-0.000281,-0.000760,-0.001303,0.015803,0.003436,-0.151170,0.000913,0.365375,False
2019-07-07,-0.147441,-0.167042,0.000173,-0.000333,-0.000924,-0.000282,-0.000758,-0.001305,0.015803,0.003436,-0.151232,0.003791,1.516218,False
2019-07-08,-0.150874,-0.167080,0.000164,-0.000353,-0.000919,-0.000283,-0.000756,-0.001306,0.015803,0.003436,-0.151293,0.000419,0.167511,False
2019-07-09,-0.150357,-0.167117,0.000154,-0.000372,-0.000914,-0.000283,-0.000754,-0.001307,0.015803,0.003436,-0.151354,0.000997,0.398829,False
2019-07-10,-0.149451,-0.167154,0.000144,-0.000390,-0.000909,-0.000284,-0.000752,-0.001308,0.015803,0.003436,-0.151415,0.001964,0.785745,False
2019-07-11,-0.149340,-0.167191,0.000133,-0.000409,-0.000904,-0.000285,-0.000750,-0.001310,0.015803,0.003436,-0.151477,0.002137,0.854629,False
2019-07-12,-0.148924,-0.167228,0.000121,-0.000427,-0.000898,-0.000286,-0.000748,-0.001311,0.015803,0.003436,-0.151538,0.002614,1.045454,False
2019-07-13,-0.150189,-0.167265,0.000108,-0.000444,-0.000892,-0.000286,-0.000746,-0.001312,0.015803,0.003436,-0.151598,0.001409,0.563788,False
2019-07-14,-0.148681,-0.167302,0.000095,-0.000461,-0.000886,-0.000287,-0.000744,-0.001313,0.015803,0.003436,-0.151659,0.002978,1.191201,False
2019-07-15,-0.150585,-0.167339,0.000082,-0.000477,-0.000879,-0.000288,-0.000742,-0.001315,0.015803,0.003436,-0.151719,0.001134,0.453661,False
2019-07-16,-0.150456,-0.167377,0.000068,-0.000493,-0.000872,-0.000289,-0.000740,-0.001316,0.015803,0.003436,-0.151779,0.001323,0.529135,False
2019-07-17,-0.152168,-0.167414,0.000054,-0.000508,-0.000865,-0.000289,-0.000738,-0.001317,0.015803,0.003436,-0.151838,-0.000330,-0.132009,False
2019-07-18,-0.150691,-0.167451,0.000040,-0.000522,-0.000858,-0.000290,-0.000736,-0.001318,0.015803,0.003436,-0.151896,0.001205,0.482195,False
2019-07-19,-0.149940,-0.167488,0.000025,-0.000536,-0.000851,-0.000291,-0.000734,-0.001319,0.015803,0.003436,-0.151954,0.002014,0.805715,False
2019-07-20,-0.149785,-0.167525,0.000010,-0.000549,-0.000843,-0.000292,-0.000731,-0.001321,0.015803,0.003436,-0.152011,0.002226,0.890517,False
2019-07-21,-0.151232,-0.167562,-0.000004,-0.000562,-0.000835,-0.000292,-0.000729,-0.001322,0.015803,0.003436,-0.152067,0.000835,0.334167,False
2019-07-22,-0.148737,-0.167599,-0.000019,-0.000574,-0.000826,-0.000293,-0.000727,-0.001323,0.015803,0.003436,-0.152123,0.003386,1.354234,False
2019-07-23,-0.150750,-0.167636,-0.000034,-0.000585,-0.000818,-0.000294,-0.000725,-0.001324,0.015803,0.003436,-0.152177,0.001427,0.570684,False
2019-07-24,-0.148077,-0.167674,-0.000048,-0.000596,-0.000809,-0.000294,-0.000723,-0.001325,0.015803,0.003436,-0.152230,0.004153,1.661085,False
2019-07-25,-0.149041,-0.167711,-0.000062,-0.000605,-0.000800,-0.000295,-0.000721,-0.001326,0.015803,0.003436,-0.152282,0.003241,1.296207,False
2019-07-26,-0.146861,-0.167748,-0.000076,-0.000614,-0.000791,-0.000296,-0.000718,-0.001328,0.015803,0.003436,-0.152332,0.005471,2.188418,False
2019-07-27,-0.151816,-0.167785,-0.000090,-0.000623,-0.000781,-0.000296,-0.000716,-0.001329,0.015803,0.003436,-0.152381,0.000565,0.226089,False
2019-07-28,-0.153057,-0.167822,-0.000103,-0.000630,-0.000772,-0.000297,-0.000714,-0.001330,0.015803,0.003436,-0.152429,-0.000628,-0.251209,False
2019-07-29,-0.149748,-0.167859,-0.000116,-0.000637,-0.000762,-0.000297,-0.000712,-0.001331,0.015803,0.003436,-0.152475,0.002727,1.090897,False
2019-07-30,-0.156117,-0.167896,-0.000128,-0.000644,-0.000752,-0.000298,-0.000709,-0.001332,0.015803,0.003436,-0.152520,-0.003597,-1.438819,False
2019-07-31,-0.154270,-0.167934,-0.000139,-0.000649,-0.000741,-0.000299,-0.000707,-0.001333,0.015803,0.003436,-0.152563,-0.001707,-0.682782,False
2019-08-01,-0.153178,-0.167971,-0.000150,-0.000654,-0.000731,-0.000299,-0.000705,-0.001334,0.015803,0.003436,-0.152604,-0.000574,-0.229415,False
2019-08-02,-0.152590,-0.168008,-0.000160,-0.000657,-0.000720,-0.000300,-0.000703,-0.001336,0.015803,0.003436,-0.152644,0.000054,0.021660,False
2019-08-03,-0.149442,-0.168045,-0.000170,-0.000660,-0.000709,-0.000300,-0.000700,-0.001337,0.015803,0.003436,-0.152682,0.003240,1.296025,False
2019-08-04,-0.150357,-0.168082,-0.000178,-0.000663,-0.000697,-0.000301,-0.000698,-0.001338,0.015803,0.003436,-0.152718,0.002361,0.944460,False
2019-08-05,-0.152749,-0.168119,-0.000186,-0.000664,-0.000686,-0.000302,-0.000696,-0.001339,0.015803,0.003436,-0.152752,0.000003,0.001350,False
2019-08-06,-0.150314,-0.168156,-0.000193,-0.000665,-0.000674,-0.000302,-0.000693,-0.001340,0.015803,0.003436,-0.152785,0.002471,0.988282,False
2019-08-07,-0.152027,-0.168193,-0.000199,-0.000665,-0.000662,-0.000303,-0.000691,-0.001341,0.015803,0.003436,-0.152815,0.000788,0.315242,False
2019-08-08,-0.149150,-0.168231,-0.000204,-0.000664,-0.000650,-0.000303,-0.000689,-0.001342,0.015803,0.003436,-0.152844,0.003694,1.477422,False
2019-08-09,-0.148825,-0.168268,-0.000208,-0.000662,-0.000638,-0.000304,-0.000686,-0.001343,0.015803,0.003436,-0.152870,0.004045,1.618013,False
2019-08-10,-0.150953,-0.168305,-0.000211,-0.000660,-0.000626,-0.000304,-0.000684,-0.001344,0.015803,0.003436,-0.152895,0.001942,0.776610,False
2019-08-11,-0.150249,-0.168342,-0.000213,-0.000657,-0.000613,-0.000305,-0.000682,-0.001345,0.015803,0.003436,-0.152917,0.002668,1.067211,False
2019-08-12,-0.152601,-0.168379,-0.000214,-0.000653,-0.000600,-0.000305,-0.000679,-0.001346,0.015803,0.003436,-0.152938,0.000337,0.134614,False
2019-08-13,-0.148811,-0.168416,-0.000214,-0.000648,-0.000587,-0.000306,-0.000677,-0.001347,0.015803,0.003436,-0.152956,0.004145,1.658021,False
2019-08-14,-0.153340,-0.168453,-0.000213,-0.000642,-0.000574,-0.000306,-0.000674,-0.001349,0.015803,0.003436,-0.152973,-0.000367,-0.146964,False
2019-08-15,-0.157880,-0.168490,-0.000211,-0.000636,-0.000561,-0.000307,-0.000672,-0.001350,0.015803,0.003436,-0.152987,-0.004893,-1.957136,False
2019-08-16,-0.153832,-0.168528,-0.000208,-0.000629,-0.000547,-0.000307,-0.000670,-0.001351,0.015803,0.003436,-0.153000,-0.000832,-0.332886,False
2019-08-17,-0.153466,-0.168565,-0.000204,-0.000621,-0.000534,-0.000307,-0.000667,-0.001352,0.015803,0.003436,-0.153010,-0.000456,-0.182203,False
2019-08-18,-0.150948,-0.168602,-0.000199,-0.000613,-0.000520,-0.000308,-0.000665,-0.001353,0.015803,0.003436,-0.153019,0.002071,0.828526,False
2019-08-19,-0.150687,-0.168639,-0.000193,-0.000603,-0.000506,-0.000308,-0.000662,-0.001354,0.015803,0.003436,-0.153026,0.002339,0.935715,False
2019-08-20,-0.150984,-0.168676,-0.000186,-0.000593,-0.000492,-0.000309,-0.000660,-0.001355,0.015803,0.003436,-0.153031,0.002047,0.818983,False
2019-08-21,-0.149948,-0.168713,-0.000178,-0.000583,-0.000477,-0.000309,-0.000657,-0.001356,0.015803,0.003436,-0.153035,0.003087,1.234747,False
2019-08-22,-0.151664,-0.168750,-0.000170,-0.000571,-0.000463,-0.000310,-0.000655,-0.001357,0.015803,0.003436,-0.153037,0.001373,0.549031,False
2019-08-23,-0.154577,-0.168788,-0.000161,-0.000559,-0.000448,-0.000310,-0.000652,-0.001358,0.015803,0.003436,-0.153037,-0.001540,-0.616144,False
2019-08-24,-0.152798,-0.168825,-0.000150,-0.000547,-0.000434,-0.000310,-0.000650,-0.001359,0.015803,0.003436,-0.153035,0.000237,0.094848,False
2019-08-25,-0.152950,-0.168862,-0.000140,-0.000533,-0.000419,-0.000311,-0.000647,-0.001360,0.015803,0.003436,-0.153032,0.000082,0.032835,False
2019-08-26,-0.152625,-0.168899,-0.000128,-0.000519,-0.000404,-0.000311,-0.000645,-0.001361,0.015803,0.003436,-0.153028,0.000403,0.161044,False
2019-08-27,-0.152759,-0.168936,-0.000116,-0.000505,-0.000389,-0.000311,-0.000642,-0.001362,0.015803,0.003436,-0.153022,0.000263,0.105106,False
2019-08-28,-0.155760,-0.168973,-0.000103,-0.000489,-0.000374,-0.000312,-0.000640,-0.001363,0.015803,0.003436,-0.153015,-0.002745,-1.098148,False
2019-08-29,-0.152985,-0.169010,-0.000090,-0.000474,-0.000359,-0.000312,-0.000637,-0.001364,0.015803,0.003436,-0.153006,0.000021,0.008516,False
2019-08-30,-0.155330,-0.169047,-0.000077,-0.000457,-0.000343,-0.000312,-0.000634,-0.001364,0.015803,0.003436,-0.152997,-0.002333,-0.933268,False
2019-08-31,-0.154567,-0.169085,-0.000063,-0.000440,-0.000328,-0.000313,-0.000632,-0.001365,0.015803,0.003436,-0.152986,-0.001581,-0.632265,False
2019-09-01,-0.152508,-0.169122,-0.000049,-0.000423,-0.000312,-0.000313,-0.000629,-0.001366,0.015803,0.003436,-0.152975,0.000467,0.186761,False
2019-09-02,-0.158703,-0.169159,-0.000034,-0.000405,-0.000296,-0.000313,-0.000627,-0.001367,0.015803,0.003436,-0.152963,-0.005740,-2.296153,False
2019-09-03,-0.155623,-0.169196,-0.000020,-0.000387,-0.000281,-0.000314,-0.000624,-0.001368,0.015803,0.003436,-0.152950,-0.002673,-1.069369,False
2019-09-04,-0.152995,-0.169233,-0.000005,-0.000368,-0.000265,-0.000314,-0.000621,-0.001369,0.015803,0.003436,-0.152936,-0.000059,-0.023448,False
2019-09-05,-0.150366,-0.169270,0.000010,-0.000348,-0.000249,-0.000314,-0.000619,-0.001370,0.015803,0.003436,-0.152922,0.002556,1.022247,False
2019-09-06,-0.153574,-0.169307,0.000025,-0.000329,-0.000233,-0.000314,-0.000616,-0.001371,0.015803,0.003436,-0.152907,-0.000667,-0.266843,False
2019-09-07,-0.155675,-0.169344,0.000039,-0.000309,-0.000217,-0.000315,-0.000614,-0.001372,0.015803,0.003436,-0.152892,-0.002783,-1.113280,False
2019-09-08,-0.154423,-0.169382,0.000054,-0.000288,-0.000201,-0.000315,-0.000611,-0.001373,0.015803,0.003436,-0.152876,-0.001547,-0.618625,False
2019-09-09,-0.153921,-0.169419,0.000068,-0.000267,-0.000184,-0.000315,-0.000608,-0.001374,0.015803,0.003436,-0.152861,-0.001060,-0.423839,False
2019-09-10,-0.153418,-0.169456,0.000081,-0.000246,-0.000168,-0.000315,-0.000606,-0.001375,0.015803,0.003436,-0.152845,-0.000573,-0.229084,False
2019-09-11,-0.151150,-0.169493,0.000095,-0.000225,-0.000152,-0.000316,-0.000603,-0.001375,0.015803,0.003436,-0.152830,0.001680,0.671880,False
2019-09-12,-0.152997,-0.169530,0.000108,-0.000203,-0.000136,-0.000316,-0.000600,-0.001376,0.015803,0.003436,-0.152814,-0.000183,-0.073112,False
2019-09-13,-0.154546,-0.169567,0.000120,-0.000181,-0.000119,-0.000316,-0.000597,-0.001377,0.015803,0.003436,-0.152799,-0.001747,-0.698821,False
2019-09-14,-0.152189,-0.169604,0.000132,-0.000159,-0.000103,-0.000316,-0.000595,-0.001378,0.015803,0.003436,-0.152784,0.000595,0.237987,False
2019-09-15,-0.155322,-0.169642,0.000143,-0.000137,-0.000086,-0.000316,-0.000592,-0.001379,0.015803,0.003436,-0.152769,-0.002553,-1.021051,False
2019-09-16,-0.153982,-0.169679,0.000154,-0.000114,-0.000070,-0.000316,-0.000589,-0.001380,0.015803,0.003436,-0.152755,-0.001227,-0.490703,False
2019-09-17,-0.152580,-0.169716,0.000164,-0.000092,-0.000053,-0.000317,-0.000587,-0.001381,0.015803,0.003436,-0.152742,0.000162,0.064665,False
2019-09-18,-0.152164,-0.169753,0.000173,-0.000069,-0.000037,-0.000317,-0.000584,-0.001381,0.015803,0.003436,-0.152729,0.000565,0.225884,False
2019-09-19,-0.150604,-0.169790,0.000181,-0.000046,-0.000020,-0.000317,-0.000581,-0.001382,0.015803,0.003436,-0.152716,0.002112,0.844983,False
2019-09-20,-0.154543,-0.169827,0.000189,-0.000023,-0.000004,-0.000317,-0.000578,-0.001383,0.015803,0.003436,-0.152705,-0.001838,-0.735207,False
2019-09-21,-0.152042,-0.169864,0.000195,-0.000000,0.000013,-0.000317,-0.000575,-0.001384,0.015803,0.003436,-0.152694,0.000652,0.260938,False
2019-09-22,-0.153242,-0.169901,0.000201,0.000022,0.000029,-0.000317,-0.000573,-0.001385,0.015803,0.003436,-0.152685,-0.000557,-0.222956,False
2019-09-23,-0.152101,-0.169939,0.000205,0.000045,0.000046,-0.000317,-0.000570,-0.001385,0.015803,0.003436,-0.152676,0.000575,0.229935,False
2019-09-24,-0.152302,-0.169976,0.000209,0.000068,0.000062,-0.000317,-0.000567,-0.001386,0.015803,0.003436,-0.152668,0.000366,0.146433,False
2019-09-25,-0.155089,-0.170013,0.000212,0.000091,0.000079,-0.000317,-0.000564,-0.001387,0.015803,0.003436,-0.152661,-0.002428,-0.971044,False
2019-09-26,-0.150809,-0.170050,0.000213,0.000113,0.000095,-0.000318,-0.000561,-0.001388,0.015803,0.003436,-0.152656,0.001847,0.738723,False
2019-09-27,-0.151736,-0.170087,0.000214,0.000136,0.000112,-0.000318,-0.000559,-0.001389,0.015803,0.003436,-0.152651,0.000915,0.366150,False
2019-09-28,-0.158115,-0.170124,0.000214,0.000158,0.000128,-0.000318,-0.000556,-0.001389,0.015803,0.003436,-0.152648,-0.005467,-2.186750,False
2019-09-29,-0.153383,-0.170161,0.000212,0.000180,0.000144,-0.000318,-0.000553,-0.001390,0.015803,0.003436,-0.152646,-0.000737,-0.294765,False
2019-09-30,-0.156982,-0.170198,0.000210,0.000202,0.000161,-0.000318,-0.000550,-0.001391,0.015803,0.003436,-0.152645,-0.004337,-1.734684,False
2019-10-01,-0.155391,-0.170236,0.000206,0.000224,0.000177,-0.000318,-0.000547,-0.001392,0.015803,0.003436,-0.152646,-0.002745,-1.098101,False
2019-10-02,-0.150426,-0.170273,0.000202,0.000245,0.000193,-0.000318,-0.000544,-0.001392,0.015803,0.003436,-0.152647,0.002221,0.888591,False
2019-10-03,-0.148958,-0.170310,0.000197,0.000267,0.000209,-0.000318,-0.000541,-0.001393,0.015803,0.003436,-0.152650,0.003692,1.476996,False
2019-10-04,-0.150984,-0.170347,0.000191,0.000287,0.000225,-0.000318,-0.000539,-0.001394,0.015803,0.003436,-0.152655,0.001671,0.668316,False
2019-10-05,-0.150734,-0.170384,0.000183,0.000308,0.000241,-0.000318,-0.000536,-0.001395,0.015803,0.003436,-0.152660,0.001926,0.770549,False
2019-10-06,-0.156842,-0.170421,0.000175,0.000328,0.000257,-0.000318,-0.000533,-0.001395,0.015803,0.003436,-0.152667,-0.004175,-1.669904,False
2019-10-07,-0.151359,-0.170458,0.000166,0.000348,0.000273,-0.000318,-0.000530,-0.001396,0.015803,0.003436,-0.152675,0.001316,0.526551,False
2019-10-08,-0.154264,-0.170496,0.000157,0.000367,0.000289,-0.000318,-0.000527,-0.001397,0.015803,0.003436,-0.152685,-0.001579,-0.631691,False
2019-10-09,-0.154265,-0.170533,0.000146,0.000386,0.000305,-0.000317,-0.000524,-0.001397,0.015803,0.003436,-0.152695,-0.001570,-0.627837,False
2019-10-10,-0.154237,-0.170570,0.000135,0.000404,0.000320,-0.000317,-0.000521,-0.001398,0.015803,0.003436,-0.152707,-0.001530,-0.611896,False
2019-10-11,-0.155529,-0.170607,0.000124,0.000422,0.000336,-0.000317,-0.000518,-0.001399,0.015803,0.003436,-0.152720,-0.002809,-1.123478,False
2019-10-12,-0.154236,-0.170644,0.000111,0.000440,0.000351,-0.000317,-0.000515,-0.001400,0.015803,0.003436,-0.152735,-0.001501,-0.600595,False
2019-10-13,-0.152796,-0.170681,0.000099,0.000457,0.000367,-0.000317,-0.000512,-0.001400,0.015803,0.003436,-0.152750,-0.000046,-0.018460,False
2019-10-14,-0.150838,-0.170718,0.000085,0.000473,0.000382,-0.000317,-0.000509,-0.001401,0.015803,0.003436,-0.152766,0.001928,0.771312,False
2019-10-15,-0.150673,-0.170755,0.000072,0.000489,0.000397,-0.000317,-0.000506,-0.001402,0.015803,0.003436,-0.152784,0.002111,0.844305,False
2019-10-16,-0.155955,-0.170793,0.000057,0.000504,0.000412,-0.000317,-0.000503,-0.001402,0.015803,0.003436,-0.152802,-0.003153,-1.261097,False
2019-10-17,-0.154264,-0.170830,0.000043,0.000519,0.000427,-0.000317,-0.000500,-0.001403,0.015803,0.003436,-0.152822,-0.001442,-0.576911,False
2019-10-18,-0.152864,-0.170867,0.000029,0.000533,0.000442,-0.000316,-0.000497,-0.001404,0.015803,0.003436,-0.152842,-0.000022,-0.008757,False
2019-10-19,-0.151087,-0.170904,0.000014,0.000546,0.000456,-0.000316,-0.000494,-0.001404,0.015803,0.003436,-0.152863,0.001776,0.710547,False
2019-10-20,-0.155001,-0.170941,-0.000001,0.000559,0.000471,-0.000316,-0.000491,-0.001405,0.015803,0.003436,-0.152885,-0.002116,-0.846219,False
2019-10-21,-0.155544,-0.170978,-0.000015,0.000571,0.000485,-0.000316,-0.000488,-0.001405,0.015803,0.003436,-0.152908,-0.002636,-1.054274,False
2019-10-22,-0.154462,-0.171015,-0.000030,0.000582,0.000499,-0.000316,-0.000485,-0.001406,0.015803,0.003436,-0.152932,-0.001530,-0.612041,False
2019-10-23,-0.152711,-0.171052,-0.000045,0.000593,0.000513,-0.000316,-0.000482,-0.001407,0.015803,0.003436,-0.152956,0.000245,0.098062,False
2019-10-24,-0.151322,-0.171090,-0.000059,0.000603,0.000527,-0.000315,-0.000479,-0.001407,0.015803,0.003436,-0.152981,0.001659,0.663613,False
2019-10-25,-0.152491,-0.171127,-0.000073,0.000612,0.000541,-0.000315,-0.000476,-0.001408,0.015803,0.003436,-0.153006,0.000515,0.206191,False
2019-10-26,-0.151370,-0.171164,-0.000087,0.000621,0.000555,-0.000315,-0.000473,-0.001409,0.015803,0.003436,-0.153032,0.001662,0.664976,False
2019-10-27,-0.153071,-0.171201,-0.000100,0.000629,0.000568,-0.000315,-0.000470,-0.001409,0.015803,0.003436,-0.153059,-0.000012,-0.004852,False
2019-10-28,-0.154567,-0.171238,-0.000113,0.000636,0.000581,-0.000314,-0.000467,-0.001410,0.015803,0.003436,-0.153086,-0.001481,-0.592514,False
2019-10-29,-0.150849,-0.171275,-0.000125,0.000642,0.000594,-0.000314,-0.000464,-0.001410,0.015803,0.003436,-0.153113,0.002264,0.905573,False
2019-10-30,-0.150291,-0.171312,-0.000136,0.000648,0.000607,-0.000314,-0.000461,-0.001411,0.015803,0.003436,-0.153140,0.002849,1.139788,False
2019-10-31,-0.154154,-0.171350,-0.000148,0.000652,0.000620,-0.000314,-0.000458,-0.001411,0.015803,0.003436,-0.153168,-0.000986,-0.394286,False
2019-11-01,-0.152746,-0.171387,-0.000158,0.000657,0.000632,-0.000313,-0.000454,-0.001412,0.015803,0.003436,-0.153196,0.000450,0.180135,False
2019-11-02,-0.154785,-0.171424,-0.000167,0.000660,0.000645,-0.000313,-0.000451,-0.001413,0.015803,0.003436,-0.153225,-0.001560,-0.624167,False
2019-11-03,-0.152649,-0.171461,-0.000176,0.000662,0.000657,-0.000313,-0.000448,-0.001413,0.015803,0.003436,-0.153253,0.000604,0.241594,False
2019-11-04,-0.152424,-0.171498,-0.000184,0.000664,0.000669,-0.000312,-0.000445,-0.001414,0.015803,0.003436,-0.153282,0.000858,0.343004,False
2019-11-05,-0.153700,-0.171535,-0.000191,0.000665,0.000681,-0.000312,-0.000442,-0.001414,0.015803,0.003436,-0.153310,-0.000390,-0.155950,False
2019-11-06,-0.155613,-0.171572,-0.000197,0.000665,0.000692,-0.000312,-0.000439,-0.001415,0.015803,0.003436,-0.153339,-0.002274,-0.909680,False
2019-11-07,-0.156297,-0.171609,-0.000203,0.000664,0.000703,-0.000311,-0.000436,-0.001415,0.015803,0.003436,-0.153368,-0.002929,-1.171796,False
2019-11-08,-0.154640,-0.171647,-0.000207,0.000663,0.000715,-0.000311,-0.000432,-0.001416,0.015803,0.003436,-0.153396,-0.001244,-0.497506,False
2019-11-09,-0.150371,-0.171684,-0.000210,0.000661,0.000726,-0.000311,-0.000429,-0.001416,0.015803,0.003436,-0.153425,0.003054,1.221582,False
2019-11-10,-0.155140,-0.171721,-0.000212,0.000658,0.000736,-0.000310,-0.000426,-0.001417,0.015803,0.003436,-0.153454,-0.001686,-0.674538,False
2019-11-11,-0.153911,-0.171758,-0.000214,0.000654,0.000747,-0.000310,-0.000423,-0.001417,0.015803,0.003436,-0.153482,-0.000429,-0.171471,False
2019-11-12,-0.154331,-0.171795,-0.000214,0.000649,0.000757,-0.000310,-0.000420,-0.001418,0.015803,0.003436,-0.153511,-0.000820,-0.328019,False
2019-11-13,-0.152921,-0.171832,-0.000213,0.000644,0.000767,-0.000309,-0.000417,-0.001418,0.015803,0.003436,-0.153540,0.000619,0.247415,False
2019-11-14,-0.154254,-0.171869,-0.000211,0.000638,0.000777,-0.000309,-0.000413,-0.001419,0.015803,0.003436,-0.153568,-0.000686,-0.274367,False
2019-11-15,-0.152172,-0.171907,-0.000209,0.000631,0.000787,-0.000308,-0.000410,-0.001419,0.015803,0.003436,-0.153597,0.001425,0.569836,False
2019-11-16,-0.154449,-0.171944,-0.000205,0.000623,0.000796,-0.000308,-0.000407,-0.001420,0.015803,0.003436,-0.153625,-0.000824,-0.329573,False
2019-11-17,-0.151314,-0.171981,-0.000200,0.000615,0.000805,-0.000308,-0.000404,-0.001420,0.015803,0.003436,-0.153654,0.002340,0.935810,False
2019-11-18,-0.153677,-0.172018,-0.000195,0.000606,0.000814,-0.000307,-0.000401,-0.001421,0.015803,0.003436,-0.153682,0.000005,0.001992,False
2019-11-19,-0.153310,-0.172055,-0.000188,0.000596,0.000823,-0.000307,-0.000397,-0.001421,0.015803,0.003436,-0.153710,0.000400,0.160180,False
2019-11-20,-0.155926,-0.172092,-0.000180,0.000585,0.000831,-0.000306,-0.000394,-0.001421,0.015803,0.003436,-0.153739,-0.002187,-0.874817,False
2019-11-21,-0.152022,-0.172129,-0.000172,0.000574,0.000839,-0.000306,-0.000391,-0.001422,0.015803,0.003436,-0.153768,0.001746,0.698212,False
2019-11-22,-0.151828,-0.172166,-0.000163,0.000562,0.000847,-0.000305,-0.000388,-0.001422,0.015803,0.003436,-0.153796,0.001968,0.787277,False
2019-11-23,-0.153251,-0.172204,-0.000153,0.000550,0.000855,-0.000305,-0.000384,-0.001423,0.015803,0.003436,-0.153825,0.000574,0.229591,False
2019-11-24,-0.153892,-0.172241,-0.000142,0.000537,0.000862,-0.000304,-0.000381,-0.001423,0.015803,0.003436,-0.153854,-0.000038,-0.015231,False
2019-11-25,-0.149856,-0.172278,-0.000131,0.000523,0.000869,-0.000304,-0.000378,-0.001424,0.015803,0.003436,-0.153883,0.004027,1.610825,False
2019-11-26,-0.151759,-0.172315,-0.000119,0.000508,0.000876,-0.000303,-0.000375,-0.001424,0.015803,0.003436,-0.153912,0.002153,0.861375,False
2019-11-27,-0.151627,-0.172352,-0.000107,0.000493,0.000883,-0.000303,-0.000371,-0.001424,0.015803,0.003436,-0.153942,0.002315,0.926035,False
2019-11-28,-0.154317,-0.172389,-0.000094,0.000478,0.000889,-0.000302,-0.000368,-0.001425,0.015803,0.003436,-0.153972,-0.000345,-0.137977,False
2019-11-29,-0.150250,-0.172426,-0.000080,0.000461,0.000895,-0.000302,-0.000365,-0.001425,0.015803,0.003436,-0.154002,0.003752,1.500956,False
2019-11-30,-0.154203,-0.172463,-0.000066,0.000445,0.000901,-0.000301,-0.000362,-0.001426,0.015803,0.003436,-0.154033,-0.000170,-0.067945,False
2019-12-01,-0.151156,-0.172501,-0.000052,0.000427,0.000907,-0.000300,-0.000358,-0.001426,0.015803,0.003436,-0.154064,0.002908,1.163337,False
2019-12-02,-0.154363,-0.172538,-0.000038,0.000410,0.000912,-0.000300,-0.000355,-0.001426,0.015803,0.003436,-0.154096,-0.000267,-0.106779,False
2019-12-03,-0.156468,-0.172575,-0.000023,0.000391,0.000917,-0.000299,-0.000352,-0.001427,0.015803,0.003436,-0.154128,-0.002340,-0.935872,False
2019-12-04,-0.155659,-0.172612,-0.000008,0.000373,0.000922,-0.000299,-0.000348,-0.001427,0.015803,0.003436,-0.154161,-0.001498,-0.599123,False
2019-12-05,-0.151720,-0.172649,0.000006,0.000353,0.000926,-0.000298,-0.000345,-0.001427,0.015803,0.003436,-0.154195,0.002475,0.989887,False
2019-12-06,-0.154310,-0.172686,0.000021,0.000334,0.000930,-0.000298,-0.000342,-0.001428,0.015803,0.003436,-0.154229,-0.000081,-0.032422,False
2019-12-07,-0.155960,-0.172723,0.000036,0.000314,0.000934,-0.000297,-0.000338,-0.001428,0.015803,0.003436,-0.154264,-0.001696,-0.678431,False
2019-12-08,-0.153636,-0.172761,0.000050,0.000293,0.000938,-0.000296,-0.000335,-0.001428,0.015803,0.003436,-0.154300,0.000664,0.265478,False
2019-12-09,-0.153607,-0.172798,0.000064,0.000273,0.000941,-0.000296,-0.000332,-0.001429,0.015803,0.003436,-0.154336,0.000729,0.291725,False
2019-12-10,-0.154500,-0.172835,0.000078,0.000252,0.000945,-0.000295,-0.000328,-0.001429,0.015803,0.003436,-0.154374,-0.000126,-0.050475,False
2019-12-11,-0.157388,-0.172872,0.000092,0.000230,0.000947,-0.000294,-0.000325,-0.001429,0.015803,0.003436,-0.154412,-0.002976,-1.190303,False
2019-12-12,-0.155084,-0.172909,0.000105,0.000209,0.000950,-0.000294,-0.000322,-0.001430,0.015803,0.003436,-0.154452,-0.000632,-0.252944,False
2019-12-13,-0.156107,-0.172946,0.000117,0.000187,0.000952,-0.000293,-0.000318,-0.001430,0.015803,0.003436,-0.154492,-0.001615,-0.645984,False
2019-12-14,-0.153869,-0.172983,0.000129,0.000165,0.000954,-0.000292,-0.000315,-0.001430,0.015803,0.003436,-0.154533,0.000664,0.265793,False
2019-12-15,-0.153234,-0.173020,0.000141,0.000142,0.000956,-0.000292,-0.000312,-0.001430,0.015803,0.003436,-0.154576,0.001342,0.536797,False
2019-12-16,-0.150101,-0.173058,0.000151,0.000120,0.000957,-0.000291,-0.000308,-0.001431,0.015803,0.003436,-0.154620,0.004519,1.807441,False
2019-12-17,-0.146702,-0.173095,0.000161,0.000097,0.000958,-0.000290,-0.000305,-0.001431,0.015803,0.003436,-0.154664,0.007962,3.184934,False
2019-12-18,-0.151432,-0.173132,0.000171,0.000075,0.000959,-0.000289,-0.000301,-0.001431,0.015803,0.003436,-0.154710,0.003278,1.311286,False
2019-12-19,-0.154518,-0.173169,0.000179,0.000052,0.000960,-0.000289,-0.000298,-0.001432,0.015803,0.003436,-0.154757,0.000239,0.095702,False
2019-12-20,-0.152047,-0.173206,0.000187,0.000029,0.000960,-0.000288,-0.000295,-0.001432,0.015803,0.003436,-0.154805,0.002758,1.103389,False
2019-12-21,-0.152266,-0.173243,0.000194,0.000006,0.000960,-0.000287,-0.000291,-0.001432,0.015803,0.003436,-0.154855,0.002589,1.035549,False
2019-12-22,-0.154201,-0.173280,0.000199,-0.000017,0.000960,-0.000287,-0.000288,-0.001432,0.015803,0.003436,-0.154905,0.000704,0.281786,False
2019-12-23,-0.149544,-0.173317,0.000204,-0.000040,0.000959,-0.000286,-0.000284,-0.001433,0.015803,0.003436,-0.154957,0.005413,2.165298,False
2019-12-24,-0.147465,-0.173355,0.000208,-0.000062,0.000958,-0.000285,-0.000281,-0.001433,0.015803,0.003436,-0.155010,0.007545,3.018085,False
2019-12-25,-0.156389,-0.173392,0.000211,-0.000085,0.000957,-0.000284,-0.000278,-0.001433,0.015803,0.003436,-0.155064,-0.001325,-0.529857,False
2019-12-26,-0.150963,-0.173429,0.000213,-0.000108,0.000956,-0.000283,-0.000274,-0.001433,0.015803,0.003436,-0.155120,0.004157,1.662666,False
2019-12-27,-0.156426,-0.173466,0.000214,-0.000130,0.000954,-0.000283,-0.000271,-0.001433,0.015803,0.003436,-0.155176,-0.001250,-0.499953,False
2019-12-28,-0.155310,-0.173503,0.000214,-0.000153,0.000952,-0.000282,-0.000267,-0.001434,0.015803,0.003436,-0.155234,-0.000076,-0.030522,False
2019-12-29,-0.154684,-0.173540,0.000213,-0.000175,0.000950,-0.000281,-0.000264,-0.001434,0.015803,0.003436,-0.155292,0.000608,0.243346,False
2019-12-30,-0.147175,-0.173577,0.000210,-0.000197,0.000947,-0.000280,-0.000260,-0.001434,0.015803,0.003436,-0.155352,0.008177,3.270840,False
2019-12-31,-0.152689,-0.173615,0.000207,-0.000219,0.000944,-0.000279,-0.000257,-0.001434,0.015803,0.003436,-0.155413,0.002724,1.089544,False
2020-01-01,-0.151876,-0.173652,0.000203,-0.000240,0.000941,-0.000279,-0.000254,-0.001434,0.015803,0.003436,-0.155475,0.003599,1.439442,False
2020-01-02,-0.152294,-0.173689,0.000198,-0.000261,0.000938,-0.000278,-0.000250,-0.001435,0.015803,0.003436,-0.155537,0.003243,1.297247,False
2020-01-03,-0.154095,-0.173726,0.000192,-0.000282,0.000934,-0.000277,-0.000247,-0.001435,0.015803,0.003436,-0.155601,0.001506,0.602205,False
2020-01-04,-0.154098,-0.173763,0.000185,-0.000303,0.000930,-0.000276,-0.000243,-0.001435,0.015803,0.003436,-0.155665,0.001567,0.626695,False
2020-01-05,-0.158106,-0.173800,0.000178,-0.000323,0.000926,-0.000275,-0.000240,-0.001435,0.015803,0.003436,-0.155730,-0.002376,-0.950505,False
2020-01-06,-0.153169,-0.173837,0.000169,-0.000342,0.000922,-0.000274,-0.000236,-0.001435,0.015803,0.003436,-0.155795,0.002626,1.050578,False
2020-01-07,-0.150440,-0.173874,0.000159,-0.000362,0.000917,-0.000273,-0.000233,-0.001435,0.015803,0.003436,-0.155862,0.005422,2.168720,False
2020-01-08,-0.150947,-0.173911,0.000149,-0.000381,0.000912,-0.000272,-0.000229,-0.001435,0.015803,0.003436,-0.155929,0.004982,1.992693,False
2020-01-09,-0.154071,-0.173948,0.000138,-0.000399,0.000907,-0.000272,-0.000226,-0.001436,0.015803,0.003436,-0.155996,0.001925,0.770068,False
2020-01-10,-0.153483,-0.173985,0.000127,-0.000417,0.000901,-0.000271,-0.000223,-0.001436,0.015803,0.003436,-0.156064,0.002581,1.032416,False
2020-01-11,-0.154051,-0.174022,0.000115,-0.000435,0.000895,-0.000270,-0.000219,-0.001436,0.015803,0.003436,-0.156132,0.002081,0.832505,False
2020-01-12,-0.154023,-0.174059,0.000102,-0.000452,0.000889,-0.000269,-0.000216,-0.001436,0.015803,0.003436,-0.156201,0.002178,0.871104,False
2020-01-13,-0.151159,-0.174096,0.000089,-0.000468,0.000883,-0.000268,-0.000212,-0.001436,0.015803,0.003436,-0.156269,0.005110,2.044181,False
2020-01-14,-0.153507,-0.174133,0.000075,-0.000484,0.000876,-0.000267,-0.000209,-0.001436,0.015803,0.003436,-0.156338,0.002831,1.132501,False
2020-01-15,-0.149155,-0.174170,0.000062,-0.000500,0.000869,-0.000266,-0.000205,-0.001436,0.015803,0.003436,-0.156407,0.007252,2.900832,False
2020-01-16,-0.152236,-0.174207,0.000047,-0.000514,0.000862,-0.000265,-0.000202,-0.001436,0.015803,0.003436,-0.156476,0.004240,1.695938,False
2020-01-17,-0.152266,-0.174244,0.000033,-0.000529,0.000855,-0.000264,-0.000198,-0.001436,0.015803,0.003436,-0.156544,0.004278,1.711387,False
2020-01-18,-0.150360,-0.174281,0.000018,-0.000542,0.000847,-0.000263,-0.000195,-0.001436,0.015803,0.003436,-0.156613,0.006253,2.501141,False
2020-01-19,-0.153378,-0.174318,0.000004,-0.000555,0.000839,-0.000262,-0.000191,-0.001436,0.015803,0.003436,-0.156681,0.003303,1.321168,False
2020-01-20,-0.152432,-0.174355,-0.000011,-0.000567,0.000831,-0.000261,-0.000188,-0.001437,0.015803,0.003436,-0.156749,0.004317,1.726632,False
2020-01-21,-0.155058,-0.174392,-0.000026,-0.000579,0.000823,-0.000260,-0.000184,-0.001437,0.015803,0.003436,-0.156816,0.001758,0.703099,False
2020-01-22,-0.157891,-0.174429,-0.000040,-0.000590,0.000814,-0.000259,-0.000181,-0.001437,0.015803,0.003436,-0.156882,-0.001009,-0.403465,False
2020-01-23,-0.155800,-0.174466,-0.000054,-0.000600,0.000805,-0.000258,-0.000177,-0.001437,0.015803,0.003436,-0.156948,0.001148,0.459307,False
2020-01-24,-0.152419,-0.174503,-0.000069,-0.000609,0.000796,-0.000257,-0.000174,-0.001437,0.015803,0.003436,-0.157013,0.004594,1.837781,False
2020-01-25,-0.155886,-0.174540,-0.000082,-0.000618,0.000787,-0.000256,-0.000170,-0.001437,0.015803,0.003436,-0.157078,0.001192,0.476725,False
2020-01-26,-0.157492,-0.174577,-0.000096,-0.000626,0.000777,-0.000255,-0.000167,-0.001437,0.015803,0.003436,-0.157141,-0.000351,-0.140291,False
2020-01-27,-0.150324,-0.174614,-0.000109,-0.000634,0.000767,-0.000254,-0.000163,-0.001437,0.015803,0.003436,-0.157204,0.006880,2.751903,False
2020-01-28,-0.156269,-0.174651,-0.000121,-0.000640,0.000757,-0.000253,-0.000160,-0.001437,0.015803,0.003436,-0.157265,0.000996,0.398477,False
2020-01-29,-0.158516,-0.174688,-0.000133,-0.000646,0.000747,-0.000252,-0.000156,-0.001437,0.015803,0.003436,-0.157326,-0.001190,-0.476196,False
2020-01-30,-0.151962,-0.174725,-0.000144,-0.000651,0.000737,-0.000251,-0.000153,-0.001437,0.015803,0.003436,-0.157385,0.005423,2.169058,False
2020-01-31,-0.156362,-0.174763,-0.000154,-0.000655,0.000726,-0.000250,-0.000149,-0.001437,0.015803,0.003436,-0.157443,0.001081,0.432213,False
2020-02-01,-0.158989,-0.174800,-0.000164,-0.000659,0.000715,-0.000249,-0.000146,-0.001437,0.015803,0.003436,-0.157499,-0.001490,-0.595952,False
2020-02-02,-0.158521,-0.174837,-0.000173,-0.000661,0.000704,-0.000247,-0.000142,-0.001437,0.015803,0.003436,-0.157554,-0.000967,-0.386660,False
2020-02-03,-0.157974,-0.174874,-0.000181,-0.000663,0.000693,-0.000246,-0.000138,-0.001437,0.015803,0.003436,-0.157608,-0.000366,-0.146330,False
2020-02-04,-0.156680,-0.174911,-0.000189,-0.000665,0.000681,-0.000245,-0.000135,-0.001437,0.015803,0.003436,-0.157661,0.000981,0.392220,False
2020-02-05,-0.154600,-0.174948,-0.000195,-0.000665,0.000670,-0.000244,-0.000131,-0.001437,0.015803,0.003436,-0.157711,0.003111,1.244575,False
2020-02-06,-0.157938,-0.174985,-0.000201,-0.000665,0.000658,-0.000243,-0.000128,-0.001437,0.015803,0.003436,-0.157761,-0.000177,-0.070879,False
2020-02-07,-0.154348,-0.175022,-0.000205,-0.000663,0.000646,-0.000242,-0.000124,-0.001436,0.015803,0.003436,-0.157809,0.003461,1.384246,False
2020-02-08,-0.156190,-0.175059,-0.000209,-0.000661,0.000633,-0.000241,-0.000121,-0.001436,0.015803,0.003436,-0.157855,0.001665,0.665941,False
2020-02-09,-0.153078,-0.175096,-0.000212,-0.000659,0.000621,-0.000240,-0.000117,-0.001436,0.015803,0.003436,-0.157899,0.004821,1.928599,False
2020-02-10,-0.157942,-0.175133,-0.000213,-0.000655,0.000608,-0.000238,-0.000114,-0.001436,0.015803,0.003436,-0.157943,0.000001,0.000214,False
2020-02-11,-0.156679,-0.175170,-0.000214,-0.000651,0.000595,-0.000237,-0.000110,-0.001436,0.015803,0.003436,-0.157984,0.001305,0.521983,False
2020-02-12,-0.159954,-0.175207,-0.000214,-0.000646,0.000582,-0.000236,-0.000107,-0.001436,0.015803,0.003436,-0.158024,-0.001930,-0.772094,False
2020-02-13,-0.156655,-0.175244,-0.000212,-0.000640,0.000569,-0.000235,-0.000103,-0.001436,0.015803,0.003436,-0.158062,0.001407,0.562785,False
2020-02-14,-0.159016,-0.175281,-0.000210,-0.000633,0.000556,-0.000234,-0.000099,-0.001436,0.015803,0.003436,-0.158099,-0.000917,-0.366977,False
2020-02-15,-0.156334,-0.175318,-0.000206,-0.000626,0.000542,-0.000233,-0.000096,-0.001436,0.015803,0.003436,-0.158134,0.001800,0.719826,False
2020-02-16,-0.157165,-0.175355,-0.000202,-0.000618,0.000528,-0.000231,-0.000092,-0.001436,0.015803,0.003436,-0.158167,0.001002,0.400803,False
2020-02-17,-0.157249,-0.175392,-0.000197,-0.000609,0.000515,-0.000230,-0.000089,-0.001436,0.015803,0.003436,-0.158199,0.000950,0.379963,False
2020-02-18,-0.158522,-0.175429,-0.000191,-0.000600,0.000501,-0.000229,-0.000085,-0.001435,0.015803,0.003436,-0.158229,-0.000293,-0.117079,False
2020-02-19,-0.161606,-0.175466,-0.000183,-0.000590,0.000486,-0.000228,-0.000082,-0.001435,0.015803,0.003436,-0.158258,-0.003348,-1.339111,False
2020-02-20,-0.157261,-0.175503,-0.000175,-0.000579,0.000472,-0.000227,-0.000078,-0.001435,0.015803,0.003436,-0.158286,0.001025,0.409885,False
2020-02-21,-0.157472,-0.175540,-0.000167,-0.000567,0.000458,-0.000225,-0.000075,-0.001435,0.015803,0.003436,-0.158312,0.000840,0.335928,False
2020-02-22,-0.157884,-0.175577,-0.000157,-0.000555,0.000443,-0.000224,-0.000071,-0.001435,0.015803,0.003436,-0.158337,0.000453,0.181037,False
2020-02-23,-0.155422,-0.175614,-0.000147,-0.000542,0.000429,-0.000223,-0.000067,-0.001435,0.015803,0.003436,-0.158360,0.002938,1.175236,False
2020-02-24,-0.159667,-0.175651,-0.000136,-0.000528,0.000414,-0.000222,-0.000064,-0.001435,0.015803,0.003436,-0.158382,-0.001285,-0.513853,False
2020-02-25,-0.159969,-0.175688,-0.000124,-0.000514,0.000399,-0.000220,-0.000060,-0.001434,0.015803,0.003436,-0.158403,-0.001566,-0.626204,False
2020-02-26,-0.157998,-0.175725,-0.000112,-0.000499,0.000384,-0.000219,-0.000057,-0.001434,0.015803,0.003436,-0.158424,0.000426,0.170211,False
2020-02-27,-0.157317,-0.175762,-0.000099,-0.000484,0.000369,-0.000218,-0.000053,-0.001434,0.015803,0.003436,-0.158443,0.001126,0.450219,False
2020-02-28,-0.158101,-0.175799,-0.000086,-0.000468,0.000353,-0.000217,-0.000050,-0.001434,0.015803,0.003436,-0.158461,0.000360,0.143850,False
2020-02-29,-0.158898,-0.175836,-0.000072,-0.000452,0.000338,-0.000215,-0.000046,-0.001434,0.015803,0.003436,-0.158478,-0.000420,-0.168064,False
2020-03-01,-0.156087,-0.175873,-0.000058,-0.000435,0.000322,-0.000214,-0.000042,-0.001433,0.015803,0.003436,-0.158494,0.002407,0.962907,False
2020-03-02,-0.160112,-0.175910,-0.000044,-0.000417,0.000307,-0.000213,-0.000039,-0.001433,0.015803,0.003436,-0.158510,-0.001602,-0.640804,False
2020-03-03,-0.157341,-0.175947,-0.000029,-0.000399,0.000291,-0.000211,-0.000035,-0.001433,0.015803,0.003436,-0.158525,0.001184,0.473637,False
2020-03-04,-0.160477,-0.175984,-0.000015,-0.000381,0.000275,-0.000210,-0.000032,-0.001433,0.015803,0.003436,-0.158540,-0.001937,-0.774936,False
2020-03-05,-0.160626,-0.176021,-0.000000,-0.000362,0.000260,-0.000209,-0.000028,-0.001433,0.015803,0.003436,-0.158554,-0.002072,-0.828889,False
2020-03-06,-0.157816,-0.176059,0.000015,-0.000342,0.000244,-0.000207,-0.000025,-0.001432,0.015803,0.003436,-0.158568,0.000752,0.300612,False
2020-03-07,-0.158760,-0.176096,0.000029,-0.000322,0.000228,-0.000206,-0.000021,-0.001432,0.015803,0.003436,-0.158581,-0.000179,-0.071596,False
2020-03-08,-0.158338,-0.176133,0.000044,-0.000302,0.000212,-0.000205,-0.000017,-0.001432,0.015803,0.003436,-0.158594,0.000256,0.102520,False
2020-03-09,-0.155076,-0.176170,0.000058,-0.000282,0.000196,-0.000203,-0.000014,-0.001432,0.015803,0.003436,-0.158607,0.003531,1.412596,False
2020-03-10,-0.155891,-0.176207,0.000072,-0.000261,0.000179,-0.000202,-0.000010,-0.001431,0.015803,0.003436,-0.158621,0.002730,1.091867,False
2020-03-11,-0.158006,-0.176244,0.000086,-0.000240,0.000163,-0.000201,-0.000007,-0.001431,0.015803,0.003436,-0.158634,0.000628,0.251167,False
2020-03-12,-0.157319,-0.176281,0.000099,-0.000218,0.000147,-0.000199,-0.000003,-0.001431,0.015803,0.003436,-0.158647,0.001328,0.531329,False
2020-03-13,-0.159491,-0.176318,0.000112,-0.000197,0.000131,-0.000198,0.000000,-0.001430,0.015803,0.003436,-0.158661,-0.000830,-0.332013,False
2020-03-14,-0.157482,-0.176355,0.000124,-0.000175,0.000114,-0.000197,0.000004,-0.001430,0.015803,0.003436,-0.158675,0.001193,0.477174,False
2020-03-15,-0.157990,-0.176392,0.000136,-0.000153,0.000098,-0.000195,0.000008,-0.001430,0.015803,0.003436,-0.158689,0.000699,0.279720,False
2020-03-16,-0.154515,-0.176429,0.000147,-0.000130,0.000082,-0.000194,0.000011,-0.001430,0.015803,0.003436,-0.158704,0.004189,1.675657,False
2020-03-17,-0.161796,-0.176466,0.000157,-0.000108,0.000065,-0.000192,0.000015,-0.001429,0.015803,0.003436,-0.158720,-0.003076,-1.230586,False
2020-03-18,-0.162128,-0.176503,0.000167,-0.000085,0.000049,-0.000191,0.000018,-0.001429,0.015803,0.003436,-0.158736,-0.003392,-1.356981,False
2020-03-19,-0.156262,-0.176540,0.000175,-0.000063,0.000032,-0.000190,0.000022,-0.001429,0.015803,0.003436,-0.158752,0.002490,0.996099,False
2020-03-20,-0.153658,-0.176577,0.000183,-0.000040,0.000016,-0.000188,0.000026,-0.001428,0.015803,0.003436,-0.158770,0.005112,2.044679,False
2020-03-21,-0.160797,-0.176614,0.000191,-0.000017,-0.000001,-0.000187,0.000029,-0.001428,0.015803,0.003436,-0.158788,-0.002009,-0.803617,False
2020-03-22,-0.157527,-0.176651,0.000197,0.000006,-0.000017,-0.000185,0.000033,-0.001428,0.015803,0.003436,-0.158807,0.001280,0.512034,False
2020-03-23,-0.155247,-0.176688,0.000202,0.000029,-0.000034,-0.000184,0.000036,-0.001427,0.015803,0.003436,-0.158827,0.003580,1.432052,False
2020-03-24,-0.158393,-0.176725,0.000206,0.000051,-0.000050,-0.000183,0.000040,-0.001427,0.015803,0.003436,-0.158848,0.000455,0.182056,False
2020-03-25,-0.160580,-0.176762,0.000210,0.000074,-0.000067,-0.000181,0.000043,-0.001427,0.015803,0.003436,-0.158870,-0.001710,-0.683937,False
2020-03-26,-0.160232,-0.176799,0.000212,0.000097,-0.000083,-0.000180,0.000047,-0.001426,0.015803,0.003436,-0.158893,-0.001339,-0.535511,False
2020-03-27,-0.159854,-0.176836,0.000214,0.000119,-0.000100,-0.000178,0.000051,-0.001426,0.015803,0.003436,-0.158917,-0.000937,-0.374654,False
2020-03-28,-0.158247,-0.176873,0.000214,0.000142,-0.000116,-0.000177,0.000054,-0.001426,0.015803,0.003436,-0.158943,0.000696,0.278245,False
2020-03-29,-0.158699,-0.176910,0.000213,0.000164,-0.000132,-0.000175,0.000058,-0.001425,0.015803,0.003436,-0.158969,0.000270,0.107997,False
2020-03-30,-0.162605,-0.176947,0.000212,0.000186,-0.000149,-0.000174,0.000061,-0.001425,0.015803,0.003436,-0.158997,-0.003608,-1.443391,False
2020-03-31,-0.159427,-0.176984,0.000209,0.000208,-0.000165,-0.000172,0.000065,-0.001424,0.015803,0.003436,-0.159025,-0.000402,-0.160715,False
2020-04-01,-0.161805,-0.177021,0.000205,0.000229,-0.000181,-0.000171,0.000068,-0.001424,0.015803,0.003436,-0.159055,-0.002750,-1.099970,False
2020-04-02,-0.161094,-0.177058,0.000201,0.000251,-0.000197,-0.000170,0.000072,-0.001424,0.015803,0.003436,-0.159086,-0.002008,-0.803155,False
2020-04-03,-0.160413,-0.177095,0.000195,0.000272,-0.000213,-0.000168,0.000075,-0.001423,0.015803,0.003436,-0.159118,-0.001295,-0.517870,False
2020-04-04,-0.157158,-0.177132,0.000189,0.000292,-0.000229,-0.000167,0.000079,-0.001423,0.015803,0.003436,-0.159152,0.001994,0.797481,False
2020-04-05,-0.159812,-0.177169,0.000182,0.000313,-0.000245,-0.000165,0.000083,-0.001422,0.015803,0.003436,-0.159186,-0.000626,-0.250304,False
2020-04-06,-0.161295,-0.177206,0.000173,0.000333,-0.000261,-0.000164,0.000086,-0.001422,0.015803,0.003436,-0.159222,-0.002073,-0.829233,False
2020-04-07,-0.158404,-0.177243,0.000164,0.000352,-0.000277,-0.000162,0.000090,-0.001421,0.015803,0.003436,-0.159259,0.000855,0.341887,False
2020-04-08,-0.157238,-0.177280,0.000155,0.000371,-0.000293,-0.000161,0.000093,-0.001421,0.015803,0.003436,-0.159297,0.002059,0.823446,False
2020-04-09,-0.155697,-0.177318,0.000144,0.000390,-0.000308,-0.000159,0.000097,-0.001421,0.015803,0.003436,-0.159336,0.003639,1.455433,False
2020-04-10,-0.159377,-0.177355,0.000133,0.000408,-0.000324,-0.000158,0.000100,-0.001420,0.015803,0.003436,-0.159376,-0.000001,-0.000564,False
2020-04-11,-0.158903,-0.177392,0.000121,0.000426,-0.000339,-0.000156,0.000104,-0.001420,0.015803,0.003436,-0.159417,0.000514,0.205439,False
2020-04-12,-0.160855,-0.177429,0.000109,0.000443,-0.000355,-0.000155,0.000107,-0.001419,0.015803,0.003436,-0.159459,-0.001396,-0.558572,False
2020-04-13,-0.159256,-0.177466,0.000096,0.000460,-0.000370,-0.000153,0.000111,-0.001419,0.015803,0.003436,-0.159501,0.000245,0.098184,False
2020-04-14,-0.162972,-0.177503,0.000082,0.000476,-0.000385,-0.000151,0.000115,-0.001418,0.015803,0.003436,-0.159545,-0.003427,-1.370709,False
2020-04-15,-0.158274,-0.177540,0.000069,0.000492,-0.000400,-0.000150,0.000118,-0.001418,0.015803,0.003436,-0.159590,0.001316,0.526329,False
2020-04-16,-0.162308,-0.177577,0.000055,0.000507,-0.000415,-0.000148,0.000122,-0.001417,0.015803,0.003436,-0.159635,-0.002673,-1.069123,False
2020-04-17,-0.159918,-0.177614,0.000040,0.000522,-0.000430,-0.000147,0.000125,-0.001417,0.015803,0.003436,-0.159681,-0.000237,-0.094686,False
2020-04-18,-0.155975,-0.177651,0.000026,0.000535,-0.000445,-0.000145,0.000129,-0.001416,0.015803,0.003436,-0.159728,0.003753,1.501219,False
2020-04-19,-0.157403,-0.177688,0.000011,0.000549,-0.000459,-0.000144,0.000132,-0.001416,0.015803,0.003436,-0.159775,0.002372,0.948969,False
2020-04-20,-0.157210,-0.177725,-0.000004,0.000561,-0.000474,-0.000142,0.000136,-0.001415,0.015803,0.003436,-0.159823,0.002613,1.045341,False
2020-04-21,-0.158449,-0.177762,-0.000018,0.000573,-0.000488,-0.000141,0.000139,-0.001415,0.015803,0.003436,-0.159872,0.001423,0.569111,False
2020-04-22,-0.163872,-0.177799,-0.000033,0.000584,-0.000502,-0.000139,0.000143,-0.001414,0.015803,0.003436,-0.159921,-0.003951,-1.580544,False
2020-04-23,-0.160102,-0.177836,-0.000047,0.000595,-0.000516,-0.000137,0.000146,-0.001414,0.015803,0.003436,-0.159970,-0.000132,-0.052847,False
2020-04-24,-0.158404,-0.177873,-0.000062,0.000605,-0.000530,-0.000136,0.000150,-0.001413,0.015803,0.003436,-0.160019,0.001615,0.646176,False
2020-04-25,-0.162306,-0.177910,-0.000075,0.000614,-0.000543,-0.000134,0.000153,-0.001413,0.015803,0.003436,-0.160069,-0.002237,-0.894697,False
2020-04-26,-0.161909,-0.177947,-0.000089,0.000622,-0.000557,-0.000133,0.000157,-0.001412,0.015803,0.003436,-0.160119,-0.001790,-0.715891,False
2020-04-27,-0.160158,-0.177984,-0.000102,0.000630,-0.000570,-0.000131,0.000161,-0.001411,0.015803,0.003436,-0.160169,0.000011,0.004573,False
2020-04-28,-0.163301,-0.178021,-0.000115,0.000637,-0.000583,-0.000129,0.000164,-0.001411,0.015803,0.003436,-0.160220,-0.003081,-1.232529,False
2020-04-29,-0.157206,-0.178058,-0.000127,0.000643,-0.000596,-0.000128,0.000168,-0.001410,0.015803,0.003436,-0.160270,0.003064,1.225580,False
2020-04-30,-0.156151,-0.178095,-0.000138,0.000649,-0.000609,-0.000126,0.000171,-0.001410,0.015803,0.003436,-0.160320,0.004169,1.667681,False
2020-05-01,-0.161017,-0.178132,-0.000149,0.000653,-0.000622,-0.000125,0.000175,-0.001409,0.015803,0.003436,-0.160370,-0.000647,-0.258649,False
2020-05-02,-0.167469,-0.178169,-0.000159,0.000657,-0.000634,-0.000123,0.000178,-0.001409,0.015803,0.003436,-0.160420,-0.007049,-2.819428,False
2020-05-03,-0.162117,-0.178206,-0.000169,0.000660,-0.000647,-0.000121,0.000182,-0.001408,0.015803,0.003436,-0.160470,-0.001647,-0.658676,False
2020-05-04,-0.160280,-0.178243,-0.000177,0.000663,-0.000659,-0.000120,0.000185,-0.001407,0.015803,0.003436,-0.160520,0.000240,0.095989,False
2020-05-05,-0.161377,-0.178280,-0.000185,0.000664,-0.000671,-0.000118,0.000189,-0.001407,0.015803,0.003436,-0.160569,-0.000808,-0.323047,False
2020-05-06,-0.157807,-0.178317,-0.000192,0.000665,-0.000682,-0.000117,0.000192,-0.001406,0.015803,0.003436,-0.160618,0.002811,1.124598,False
2020-05-07,-0.161240,-0.178354,-0.000198,0.000665,-0.000694,-0.000115,0.000196,-0.001406,0.015803,0.003436,-0.160667,-0.000573,-0.229089,False
2020-05-08,-0.162966,-0.178391,-0.000203,0.000664,-0.000705,-0.000113,0.000199,-0.001405,0.015803,0.003436,-0.160716,-0.002250,-0.900120,False
2020-05-09,-0.163650,-0.178428,-0.000207,0.000663,-0.000716,-0.000112,0.000203,-0.001404,0.015803,0.003436,-0.160764,-0.002886,-1.154508,False
2020-05-10,-0.162143,-0.178465,-0.000210,0.000660,-0.000727,-0.000110,0.000206,-0.001404,0.015803,0.003436,-0.160811,-0.001332,-0.532660,False
2020-05-11,-0.161830,-0.178502,-0.000213,0.000657,-0.000738,-0.000108,0.000210,-0.001403,0.015803,0.003436,-0.160859,-0.000971,-0.388587,False
2020-05-12,-0.165886,-0.178539,-0.000214,0.000653,-0.000748,-0.000107,0.000213,-0.001402,0.015803,0.003436,-0.160905,-0.004981,-1.992294,False
2020-05-13,-0.167329,-0.178576,-0.000214,0.000648,-0.000758,-0.000105,0.000217,-0.001402,0.015803,0.003436,-0.160952,-0.006377,-2.550987,False
2020-05-14,-0.167240,-0.178614,-0.000213,0.000643,-0.000768,-0.000103,0.000220,-0.001401,0.015803,0.003436,-0.160997,-0.006243,-2.497069,False
2020-05-15,-0.164411,-0.178651,-0.000211,0.000637,-0.000778,-0.000102,0.000223,-0.001400,0.015803,0.003436,-0.161043,-0.003368,-1.347342,False
2020-05-16,-0.159930,-0.178688,-0.000208,0.000630,-0.000788,-0.000100,0.000227,-0.001400,0.015803,0.003436,-0.161087,0.001157,0.462993,False
2020-05-17,-0.167205,-0.178725,-0.000204,0.000622,-0.000797,-0.000099,0.000230,-0.001399,0.015803,0.003436,-0.161132,-0.006073,-2.429263,False
2020-05-18,-0.165049,-0.178762,-0.000200,0.000614,-0.000806,-0.000097,0.000234,-0.001398,0.015803,0.003436,-0.161176,-0.003873,-1.549308,False
2020-05-19,-0.166710,-0.178799,-0.000194,0.000605,-0.000815,-0.000095,0.000237,-0.001398,0.015803,0.003436,-0.161219,-0.005491,-2.196336,False
2020-05-20,-0.164183,-0.178836,-0.000187,0.000595,-0.000824,-0.000094,0.000241,-0.001397,0.015803,0.003436,-0.161262,-0.002921,-1.168502,False
2020-05-21,-0.161657,-0.178873,-0.000180,0.000584,-0.000832,-0.000092,0.000244,-0.001396,0.015803,0.003436,-0.161305,-0.000352,-0.140841,False
2020-05-22,-0.159130,-0.178910,-0.000171,0.000573,-0.000840,-0.000090,0.000248,-0.001395,0.015803,0.003436,-0.161347,0.002217,0.886658,False
2020-05-23,-0.156604,-0.178947,-0.000162,0.000561,-0.000848,-0.000088,0.000251,-0.001395,0.015803,0.003436,-0.161389,0.004785,1.914003,False
2020-05-24,-0.154077,-0.178984,-0.000152,0.000548,-0.000855,-0.000087,0.000255,-0.001394,0.015803,0.003436,-0.161430,0.007353,2.941205,False
2020-05-25,-0.158780,-0.179021,-0.000141,0.000535,-0.000863,-0.000085,0.000258,-0.001393,0.015803,0.003436,-0.161471,0.002691,1.076437,False
2020-05-26,-0.162308,-0.179058,-0.000130,0.000521,-0.000870,-0.000083,0.000261,-0.001393,0.015803,0.003436,-0.161512,-0.000797,-0.318649,False
2020-05-27,-0.165837,-0.179095,-0.000118,0.000507,-0.000877,-0.000082,0.000265,-0.001392,0.015803,0.003436,-0.161552,-0.004285,-1.713838,False
2020-05-28,-0.164909,-0.179132,-0.000105,0.000492,-0.000883,-0.000080,0.000268,-0.001391,0.015803,0.003436,-0.161593,-0.003316,-1.326596,False
2020-05-29,-0.163981,-0.179169,-0.000092,0.000476,-0.000890,-0.000078,0.000272,-0.001390,0.015803,0.003436,-0.161633,-0.002349,-0.939427,False
2020-05-30,-0.163054,-0.179206,-0.000079,0.000460,-0.000896,-0.000077,0.000275,-0.001389,0.015803,0.003436,-0.161673,-0.001381,-0.552314,False
2020-05-31,-0.162126,-0.179243,-0.000065,0.000443,-0.000902,-0.000075,0.000278,-0.001389,0.015803,0.003436,-0.161713,-0.000413,-0.165240,False
2020-06-01,-0.161198,-0.179280,-0.000051,0.000426,-0.000907,-0.000073,0.000282,-0.001388,0.015803,0.003436,-0.161753,0.000555,0.221812,False
2020-06-02,-0.159364,-0.179317,-0.000037,0.000408,-0.000912,-0.000072,0.000285,-0.001387,0.015803,0.003436,-0.161792,0.002428,0.971341,False
2020-06-03,-0.168152,-0.179354,-0.000022,0.000390,-0.000917,-0.000070,0.000289,-0.001386,0.015803,0.003436,-0.161832,-0.006320,-2.527916,False
2020-06-04,-0.158679,-0.179391,-0.000007,0.000371,-0.000922,-0.000068,0.000292,-0.001386,0.015803,0.003436,-0.161872,0.003193,1.277259,False
2020-06-05,-0.159641,-0.179428,0.000007,0.000352,-0.000927,-0.000066,0.000295,-0.001385,0.015803,0.003436,-0.161912,0.002271,0.908485,False
2020-06-06,-0.160603,-0.179465,0.000022,0.000332,-0.000931,-0.000065,0.000299,-0.001384,0.015803,0.003436,-0.161952,0.001349,0.539781,False
2020-06-07,-0.161565,-0.179502,0.000037,0.000312,-0.000935,-0.000063,0.000302,-0.001383,0.015803,0.003436,-0.161993,0.000428,0.171163,False
2020-06-08,-0.162035,-0.179539,0.000051,0.000292,-0.000938,-0.000061,0.000306,-0.001382,0.015803,0.003436,-0.162034,-0.000001,-0.000550,False
2020-06-09,-0.162505,-0.179576,0.000065,0.000271,-0.000942,-0.000060,0.000309,-0.001382,0.015803,0.003436,-0.162075,-0.000430,-0.172141,False
2020-06-10,-0.162975,-0.179613,0.000079,0.000250,-0.000945,-0.000058,0.000312,-0.001381,0.015803,0.003436,-0.162116,-0.000859,-0.343594,False
2020-06-11,-0.163445,-0.179650,0.000092,0.000229,-0.000947,-0.000056,0.000316,-0.001380,0.015803,0.003436,-0.162158,-0.001287,-0.514893,False
2020-06-12,-0.163915,-0.179687,0.000105,0.000207,-0.000950,-0.000054,0.000319,-0.001379,0.015803,0.003436,-0.162200,-0.001715,-0.686022,False
2020-06-13,-0.163944,-0.179724,0.000118,0.000186,-0.000952,-0.000053,0.000322,-0.001378,0.015803,0.003436,-0.162243,-0.001701,-0.680535,False
2020-06-14,-0.163973,-0.179761,0.000130,0.000164,-0.000954,-0.000051,0.000326,-0.001377,0.015803,0.003436,-0.162286,-0.001687,-0.674851,False
2020-06-15,-0.164002,-0.179798,0.000141,0.000141,-0.000956,-0.000049,0.000329,-0.001376,0.015803,0.003436,-0.162329,-0.001672,-0.668959,False
2020-06-16,-0.164031,-0.179835,0.000152,0.000119,-0.000957,-0.000048,0.000332,-0.001376,0.015803,0.003436,-0.162374,-0.001657,-0.662848,False
2020-06-17,-0.164060,-0.179873,0.000162,0.000097,-0.000958,-0.000046,0.000336,-0.001375,0.015803,0.003436,-0.162418,-0.001641,-0.656508,False
2020-06-18,-0.164088,-0.179910,0.000171,0.000074,-0.000959,-0.000044,0.000339,-0.001374,0.015803,0.003436,-0.162464,-0.001625,-0.649931,False
2020-06-19,-0.164117,-0.179947,0.000180,0.000051,-0.000960,-0.000042,0.000342,-0.001373,0.015803,0.003436,-0.162510,-0.001608,-0.643110,False
2020-06-20,-0.164262,-0.179984,0.000187,0.000028,-0.000960,-0.000041,0.000346,-0.001372,0.015803,0.003436,-0.162556,-0.001706,-0.682308,False
2020-06-21,-0.164262,-0.180021,0.000194,0.000006,-0.000960,-0.000039,0.000349,-0.001371,0.015803,0.003436,-0.162603,-0.001659,-0.663420,False
2020-06-22,-0.164262,-0.180058,0.000200,-0.000017,-0.000960,-0.000037,0.000352,-0.001370,0.015803,0.003436,-0.162651,-0.001611,-0.644278,False
2020-06-23,-0.164262,-0.180095,0.000204,-0.000040,-0.000959,-0.000035,0.000356,-0.001369,0.015803,0.003436,-0.162700,-0.001562,-0.624882,False
2020-06-24,-0.164262,-0.180132,0.000208,-0.000063,-0.000958,-0.000034,0.000359,-0.001368,0.015803,0.003436,-0.162749,-0.001513,-0.605233,False
2020-06-25,-0.166837,-0.180169,0.000211,-0.000086,-0.000957,-0.000032,0.000362,-0.001367,0.015803,0.003436,-0.162799,-0.004038,-1.615335,False
2020-06-26,-0.166421,-0.180206,0.000213,-0.000108,-0.000956,-0.000030,0.000365,-0.001367,0.015803,0.003436,-0.162849,-0.003572,-1.428882,False
2020-06-27,-0.166005,-0.180243,0.000214,-0.000131,-0.000954,-0.000028,0.000369,-0.001366,0.015803,0.003436,-0.162900,-0.003105,-1.242191,False
2020-06-28,-0.165590,-0.180280,0.000214,-0.000153,-0.000952,-0.000027,0.000372,-0.001365,0.015803,0.003436,-0.162951,-0.002638,-1.055272,False
2020-06-29,-0.165174,-0.180317,0.000213,-0.000175,-0.000950,-0.000025,0.000375,-0.001364,0.015803,0.003436,-0.163004,-0.002170,-0.868134,False
2020-06-30,-0.164758,-0.180354,0.000210,-0.000197,-0.000947,-0.000023,0.000378,-0.001363,0.015803,0.003436,-0.163056,-0.001702,-0.680791,False
2020-07-01,-0.164342,-0.180391,0.000207,-0.000219,-0.000944,-0.000021,0.000382,-0.001362,0.015803,0.003436,-0.163109,-0.001233,-0.493255,False
2020-07-02,-0.163927,-0.180428,0.000203,-0.000240,-0.000941,-0.000020,0.000385,-0.001361,0.015803,0.003436,-0.163163,-0.000764,-0.305543,False
2020-07-03,-0.163095,-0.180465,0.000198,-0.000261,-0.000938,-0.000018,0.000388,-0.001360,0.015803,0.003436,-0.163217,0.000122,0.048639,False
2020-07-04,-0.163095,-0.180502,0.000192,-0.000282,-0.000934,-0.000016,0.000391,-0.001359,0.015803,0.003436,-0.163271,0.000176,0.070338,False
2020-07-05,-0.163613,-0.180539,0.000185,-0.000303,-0.000930,-0.000015,0.000395,-0.001358,0.015803,0.003436,-0.163325,-0.000288,-0.115044,False
2020-07-06,-0.164131,-0.180576,0.000178,-0.000323,-0.000926,-0.000013,0.000398,-0.001357,0.015803,0.003436,-0.163380,-0.000751,-0.300329,False
2020-07-07,-0.164649,-0.180613,0.000169,-0.000342,-0.000922,-0.000011,0.000401,-0.001356,0.015803,0.003436,-0.163435,-0.001214,-0.485541,False
2020-07-08,-0.165099,-0.180650,0.000159,-0.000362,-0.000917,-0.000009,0.000404,-0.001355,0.015803,0.003436,-0.163490,-0.001609,-0.643504,False
2020-07-09,-0.165549,-0.180687,0.000149,-0.000381,-0.000912,-0.000008,0.000407,-0.001354,0.015803,0.003436,-0.163545,-0.002004,-0.801445,False
2020-07-10,-0.166079,-0.180724,0.000138,-0.000399,-0.000907,-0.000006,0.000411,-0.001353,0.015803,0.003436,-0.163601,-0.002478,-0.991392,False
2020-07-11,-0.166609,-0.180761,0.000127,-0.000417,-0.000901,-0.000004,0.000414,-0.001352,0.015803,0.003436,-0.163656,-0.002953,-1.181373,False
2020-07-12,-0.165446,-0.180798,0.000115,-0.000435,-0.000895,-0.000002,0.000417,-0.001351,0.015803,0.003436,-0.163710,-0.001735,-0.694084,False
2020-07-13,-0.164282,-0.180835,0.000102,-0.000452,-0.000889,-0.000001,0.000420,-0.001350,0.015803,0.003436,-0.163765,-0.000517,-0.206889,False
2020-07-14,-0.163119,-0.180872,0.000089,-0.000468,-0.000883,0.000001,0.000423,-0.001349,0.015803,0.003436,-0.163819,0.000700,0.280181,False
2020-07-15,-0.165970,-0.180909,0.000075,-0.000484,-0.000876,0.000003,0.000427,-0.001348,0.015803,0.003436,-0.163873,-0.002097,-0.838639,False
2020-07-16,-0.163814,-0.180946,0.000062,-0.000500,-0.000869,0.000005,0.000430,-0.001347,0.015803,0.003436,-0.163927,0.000113,0.045152,False
2020-07-17,-0.166255,-0.180983,0.000047,-0.000514,-0.000862,0.000006,0.000433,-0.001346,0.015803,0.003436,-0.163980,-0.002275,-0.910079,False
2020-07-18,-0.165447,-0.181020,0.000033,-0.000529,-0.000855,0.000008,0.000436,-0.001345,0.015803,0.003436,-0.164032,-0.001415,-0.565964,False
2020-07-19,-0.170796,-0.181057,0.000018,-0.000542,-0.000847,0.000010,0.000439,-0.001344,0.015803,0.003436,-0.164084,-0.006712,-2.684936,False
2020-07-20,-0.168313,-0.181094,0.000004,-0.000555,-0.000839,0.000012,0.000442,-0.001343,0.015803,0.003436,-0.164134,-0.004179,-1.671562,False
2020-07-21,-0.165831,-0.181131,-0.000011,-0.000567,-0.000831,0.000013,0.000445,-0.001341,0.015803,0.003436,-0.164184,-0.001646,-0.658542,False
2020-07-22,-0.163348,-0.181169,-0.000026,-0.000579,-0.000823,0.000015,0.000449,-0.001340,0.015803,0.003436,-0.164233,0.000885,0.354093,False
2020-07-23,-0.164894,-0.181206,-0.000040,-0.000590,-0.000814,0.000017,0.000452,-0.001339,0.015803,0.003436,-0.164281,-0.000613,-0.245356,False
2020-07-24,-0.166441,-0.181243,-0.000054,-0.000600,-0.000805,0.000019,0.000455,-0.001338,0.015803,0.003436,-0.164328,-0.002113,-0.845254,False
2020-07-25,-0.167988,-0.181280,-0.000069,-0.000609,-0.000796,0.000020,0.000458,-0.001337,0.015803,0.003436,-0.164373,-0.003614,-1.445632,False
2020-07-26,-0.169534,-0.181317,-0.000082,-0.000618,-0.000787,0.000022,0.000461,-0.001336,0.015803,0.003436,-0.164418,-0.005116,-2.046520,False
2020-07-27,-0.166513,-0.181354,-0.000096,-0.000626,-0.000777,0.000024,0.000464,-0.001335,0.015803,0.003436,-0.164461,-0.002052,-0.820947,False
2020-07-28,-0.163492,-0.181391,-0.000109,-0.000634,-0.000767,0.000026,0.000467,-0.001334,0.015803,0.003436,-0.164502,0.001010,0.404060,False
2020-07-29,-0.165150,-0.181428,-0.000121,-0.000640,-0.000757,0.000027,0.000470,-0.001333,0.015803,0.003436,-0.164542,-0.000608,-0.243125,False
2020-07-30,-0.166808,-0.181465,-0.000133,-0.000646,-0.000747,0.000029,0.000473,-0.001331,0.015803,0.003436,-0.164581,-0.002227,-0.890929,False
2020-07-31,-0.168466,-0.181502,-0.000144,-0.000651,-0.000737,0.000031,0.000476,-0.001330,0.015803,0.003436,-0.164618,-0.003848,-1.539376,False
2020-08-01,-0.170124,-0.181539,-0.000154,-0.000655,-0.000726,0.000033,0.000479,-0.001329,0.015803,0.003436,-0.164653,-0.005471,-2.188486,False
2020-08-02,-0.168898,-0.181576,-0.000164,-0.000659,-0.000715,0.000034,0.000482,-0.001328,0.015803,0.003436,-0.164686,-0.004212,-1.684681,False
2020-08-03,-0.168331,-0.181613,-0.000173,-0.000661,-0.000704,0.000036,0.000485,-0.001327,0.015803,0.003436,-0.164718,-0.003613,-1.445180,False
2020-08-04,-0.167764,-0.181650,-0.000181,-0.000663,-0.000693,0.000038,0.000488,-0.001326,0.015803,0.003436,-0.164748,-0.003016,-1.206399,False
2020-08-05,-0.167161,-0.181687,-0.000189,-0.000665,-0.000681,0.000040,0.000491,-0.001325,0.015803,0.003436,-0.164776,-0.002385,-0.953954,False
2020-08-06,-0.167855,-0.181724,-0.000195,-0.000665,-0.000670,0.000041,0.000494,-0.001323,0.015803,0.003436,-0.164802,-0.003053,-1.221057,False
2020-08-07,-0.169976,-0.181761,-0.000201,-0.000665,-0.000658,0.000043,0.000497,-0.001322,0.015803,0.003436,-0.164827,-0.005149,-2.059720,False
2020-08-08,-0.164147,-0.181798,-0.000205,-0.000663,-0.000646,0.000045,0.000500,-0.001321,0.015803,0.003436,-0.164849,0.000702,0.280850,False
2020-08-09,-0.168343,-0.181835,-0.000209,-0.000661,-0.000633,0.000046,0.000503,-0.001320,0.015803,0.003436,-0.164870,-0.003473,-1.389356,False
2020-08-10,-0.169604,-0.181872,-0.000212,-0.000659,-0.000621,0.000048,0.000506,-0.001319,0.015803,0.003436,-0.164888,-0.004716,-1.886341,False
2020-08-11,-0.170865,-0.181909,-0.000213,-0.000655,-0.000608,0.000050,0.000509,-0.001317,0.015803,0.003436,-0.164905,-0.005960,-2.384108,False
2020-08-12,-0.169201,-0.181946,-0.000214,-0.000651,-0.000595,0.000052,0.000512,-0.001316,0.015803,0.003436,-0.164919,-0.004282,-1.712656,False
2020-08-13,-0.168146,-0.181983,-0.000214,-0.000646,-0.000582,0.000053,0.000515,-0.001315,0.015803,0.003436,-0.164932,-0.003214,-1.285583,False
2020-08-14,-0.165916,-0.182020,-0.000212,-0.000640,-0.000569,0.000055,0.000518,-0.001314,0.015803,0.003436,-0.164943,-0.000973,-0.389284,False
2020-08-15,-0.170313,-0.182057,-0.000210,-0.000633,-0.000556,0.000057,0.000521,-0.001313,0.015803,0.003436,-0.164952,-0.005361,-2.144552,False
2020-08-16,-0.170008,-0.182094,-0.000206,-0.000626,-0.000542,0.000059,0.000524,-0.001311,0.015803,0.003436,-0.164959,-0.005049,-2.019779,False
2020-08-17,-0.169630,-0.182131,-0.000202,-0.000618,-0.000528,0.000060,0.000527,-0.001310,0.015803,0.003436,-0.164964,-0.004666,-1.866552,False
2020-08-18,-0.165771,-0.182168,-0.000197,-0.000609,-0.000515,0.000062,0.000530,-0.001309,0.015803,0.003436,-0.164967,-0.000804,-0.321658,False
2020-08-19,-0.170030,-0.182205,-0.000191,-0.000600,-0.000501,0.000064,0.000533,-0.001308,0.015803,0.003436,-0.164968,-0.005062,-2.024682,False
2020-08-20,-0.168366,-0.182242,-0.000183,-0.000590,-0.000486,0.000065,0.000536,-0.001306,0.015803,0.003436,-0.164968,-0.003398,-1.359204,False
2020-08-21,-0.166328,-0.182279,-0.000175,-0.000579,-0.000472,0.000067,0.000539,-0.001305,0.015803,0.003436,-0.164966,-0.001362,-0.544807,False
2020-08-22,-0.168169,-0.182316,-0.000167,-0.000567,-0.000458,0.000069,0.000542,-0.001304,0.015803,0.003436,-0.164962,-0.003207,-1.282666,False
2020-08-23,-0.171175,-0.182353,-0.000157,-0.000555,-0.000443,0.000071,0.000544,-0.001303,0.015803,0.003436,-0.164957,-0.006218,-2.487159,False
2020-08-24,-0.169353,-0.182390,-0.000147,-0.000542,-0.000429,0.000072,0.000547,-0.001301,0.015803,0.003436,-0.164950,-0.004403,-1.761061,False
2020-08-25,-0.166810,-0.182428,-0.000136,-0.000528,-0.000414,0.000074,0.000550,-0.001300,0.015803,0.003436,-0.164942,-0.001868,-0.747142,False
2020-08-26,-0.166346,-0.182465,-0.000124,-0.000514,-0.000399,0.000076,0.000553,-0.001299,0.015803,0.003436,-0.164933,-0.001413,-0.565376,False
2020-08-27,-0.165882,-0.182502,-0.000112,-0.000499,-0.000384,0.000077,0.000556,-0.001297,0.015803,0.003436,-0.164922,-0.000960,-0.384130,False
2020-08-28,-0.165418,-0.182539,-0.000099,-0.000484,-0.000369,0.000079,0.000559,-0.001296,0.015803,0.003436,-0.164910,-0.000508,-0.203374,False
2020-08-29,-0.163692,-0.182576,-0.000086,-0.000468,-0.000353,0.000081,0.000561,-0.001295,0.015803,0.003436,-0.164896,0.001204,0.481726,False
2020-08-30,-0.163530,-0.182613,-0.000072,-0.000452,-0.000338,0.000082,0.000564,-0.001294,0.015803,0.003436,-0.164882,0.001352,0.540804,False
2020-08-31,-0.165460,-0.182650,-0.000058,-0.000435,-0.000322,0.000084,0.000567,-0.001292,0.015803,0.003436,-0.164867,-0.000593,-0.237304,False
2020-09-01,-0.166480,-0.182687,-0.000044,-0.000417,-0.000307,0.000086,0.000570,-0.001291,0.015803,0.003436,-0.164851,-0.001629,-0.651762,False
2020-09-02,-0.165289,-0.182724,-0.000029,-0.000399,-0.000291,0.000087,0.000573,-0.001290,0.015803,0.003436,-0.164834,-0.000455,-0.182133,False
2020-09-03,-0.170035,-0.182761,-0.000015,-0.000381,-0.000275,0.000089,0.000575,-0.001288,0.015803,0.003436,-0.164816,-0.005219,-2.087580,False
2020-09-04,-0.166451,-0.182798,-0.000000,-0.000362,-0.000260,0.000091,0.000578,-0.001287,0.015803,0.003436,-0.164798,-0.001653,-0.661264,False
2020-09-05,-0.168066,-0.182835,0.000015,-0.000342,-0.000244,0.000092,0.000581,-0.001286,0.015803,0.003436,-0.164779,-0.003287,-1.314747,False
2020-09-06,-0.168774,-0.182872,0.000029,-0.000322,-0.000228,0.000094,0.000584,-0.001284,0.015803,0.003436,-0.164760,-0.004014,-1.605589,False
2020-09-07,-0.169482,-0.182909,0.000044,-0.000302,-0.000212,0.000096,0.000586,-0.001283,0.015803,0.003436,-0.164741,-0.004741,-1.896553,False
2020-09-08,-0.170073,-0.182946,0.000058,-0.000282,-0.000196,0.000098,0.000589,-0.001282,0.015803,0.003436,-0.164721,-0.005352,-2.140800,False
2020-09-09,-0.166413,-0.182983,0.000072,-0.000261,-0.000179,0.000099,0.000592,-0.001280,0.015803,0.003436,-0.164701,-0.001712,-0.684690,False
2020-09-10,-0.168436,-0.183020,0.000086,-0.000240,-0.000163,0.000101,0.000595,-0.001279,0.015803,0.003436,-0.164682,-0.003754,-1.501786,False
2020-09-11,-0.168255,-0.183057,0.000099,-0.000218,-0.000147,0.000102,0.000597,-0.001277,0.015803,0.003436,-0.164662,-0.003593,-1.437250,False
2020-09-12,-0.161968,-0.183094,0.000112,-0.000197,-0.000131,0.000104,0.000600,-0.001276,0.015803,0.003436,-0.164642,0.002674,1.069754,False
2020-09-13,-0.170113,-0.183131,0.000124,-0.000175,-0.000114,0.000106,0.000603,-0.001275,0.015803,0.003436,-0.164623,-0.005490,-2.195936,False
2020-09-14,-0.171554,-0.183168,0.000136,-0.000153,-0.000098,0.000107,0.000605,-0.001273,0.015803,0.003436,-0.164604,-0.006950,-2.779886,False
2020-09-15,-0.169299,-0.183205,0.000147,-0.000130,-0.000082,0.000109,0.000608,-0.001272,0.015803,0.003436,-0.164586,-0.004714,-1.885460,False
2020-09-16,-0.167045,-0.183242,0.000157,-0.000108,-0.000065,0.000111,0.000611,-0.001270,0.015803,0.003436,-0.164568,-0.002477,-0.990827,False
2020-09-17,-0.169898,-0.183279,0.000167,-0.000085,-0.000049,0.000112,0.000613,-0.001269,0.015803,0.003436,-0.164551,-0.005347,-2.138953,False
2020-09-18,-0.164426,-0.183316,0.000175,-0.000063,-0.000032,0.000114,0.000616,-0.001268,0.015803,0.003436,-0.164534,0.000108,0.043192,False
2020-09-19,-0.169541,-0.183353,0.000183,-0.000040,-0.000016,0.000116,0.000619,-0.001266,0.015803,0.003436,-0.164518,-0.005023,-2.009162,False
2020-09-20,-0.170189,-0.183390,0.000191,-0.000017,0.000001,0.000117,0.000621,-0.001265,0.015803,0.003436,-0.164503,-0.005686,-2.274389,False
2020-09-21,-0.166465,-0.183427,0.000197,0.000006,0.000017,0.000119,0.000624,-0.001263,0.015803,0.003436,-0.164489,-0.001976,-0.790461,False
2020-09-22,-0.165092,-0.183464,0.000202,0.000029,0.000034,0.000120,0.000627,-0.001262,0.015803,0.003436,-0.164476,-0.000616,-0.246554,False
2020-09-23,-0.170149,-0.183501,0.000206,0.000051,0.000050,0.000122,0.000629,-0.001260,0.015803,0.003436,-0.164463,-0.005686,-2.274246,False
2020-09-24,-0.169436,-0.183538,0.000210,0.000074,0.000067,0.000124,0.000632,-0.001259,0.015803,0.003436,-0.164452,-0.004984,-1.993415,False
2020-09-25,-0.168722,-0.183575,0.000212,0.000097,0.000083,0.000125,0.000634,-0.001258,0.015803,0.003436,-0.164442,-0.004280,-1.712143,False
2020-09-26,-0.168009,-0.183612,0.000214,0.000119,0.000100,0.000127,0.000637,-0.001256,0.015803,0.003436,-0.164433,-0.003576,-1.430412,False
2020-09-27,-0.167296,-0.183649,0.000214,0.000142,0.000116,0.000129,0.000639,-0.001255,0.015803,0.003436,-0.164425,-0.002871,-1.148207,False
2020-09-28,-0.168767,-0.183686,0.000213,0.000164,0.000132,0.000130,0.000642,-0.001253,0.015803,0.003436,-0.164419,-0.004348,-1.739215,False
2020-09-29,-0.168437,-0.183724,0.000212,0.000186,0.000149,0.000132,0.000644,-0.001252,0.015803,0.003436,-0.164414,-0.004023,-1.609324,False
2020-09-30,-0.161394,-0.183761,0.000209,0.000208,0.000165,0.000133,0.000647,-0.001250,0.015803,0.003436,-0.164410,0.003016,1.206274,False
2020-10-01,-0.162774,-0.183798,0.000205,0.000229,0.000181,0.000135,0.000650,-0.001249,0.015803,0.003436,-0.164407,0.001633,0.653187,False
2020-10-02,-0.165022,-0.183835,0.000201,0.000251,0.000197,0.000136,0.000652,-0.001247,0.015803,0.003436,-0.164406,-0.000616,-0.246580,False
2020-10-03,-0.170372,-0.183872,0.000195,0.000272,0.000213,0.000138,0.000655,-0.001246,0.015803,0.003436,-0.164405,-0.005967,-2.386623,False
2020-10-04,-0.172235,-0.183909,0.000189,0.000292,0.000229,0.000140,0.000657,-0.001244,0.015803,0.003436,-0.164407,-0.007828,-3.131341,False
2020-10-05,-0.169051,-0.183946,0.000182,0.000313,0.000245,0.000141,0.000659,-0.001243,0.015803,0.003436,-0.164409,-0.004642,-1.856735,False
2020-10-06,-0.168831,-0.183983,0.000173,0.000333,0.000261,0.000143,0.000662,-0.001241,0.015803,0.003436,-0.164413,-0.004418,-1.767206,False
2020-10-07,-0.167945,-0.184020,0.000164,0.000352,0.000277,0.000144,0.000664,-0.001240,0.015803,0.003436,-0.164418,-0.003527,-1.410760,False
2020-10-08,-0.166938,-0.184057,0.000155,0.000371,0.000293,0.000146,0.000667,-0.001238,0.015803,0.003436,-0.164424,-0.002514,-1.005402,False
2020-10-09,-0.165581,-0.184094,0.000144,0.000390,0.000308,0.000147,0.000669,-0.001237,0.015803,0.003436,-0.164432,-0.001149,-0.459539,False
2020-10-10,-0.169275,-0.184131,0.000133,0.000408,0.000324,0.000149,0.000672,-0.001235,0.015803,0.003436,-0.164441,-0.004834,-1.933580,False
2020-10-11,-0.167951,-0.184168,0.000121,0.000426,0.000339,0.000150,0.000674,-0.001233,0.015803,0.003436,-0.164451,-0.003500,-1.399937,False
2020-10-12,-0.170037,-0.184205,0.000109,0.000443,0.000355,0.000152,0.000677,-0.001232,0.015803,0.003436,-0.164462,-0.005575,-2.229820,False
2020-10-13,-0.171106,-0.184242,0.000096,0.000460,0.000370,0.000154,0.000679,-0.001230,0.015803,0.003436,-0.164475,-0.006631,-2.652445,False
2020-10-14,-0.172175,-0.184279,0.000082,0.000476,0.000385,0.000155,0.000681,-0.001229,0.015803,0.003436,-0.164488,-0.007687,-3.074624,False
2020-10-15,-0.169978,-0.184316,0.000069,0.000492,0.000400,0.000157,0.000684,-0.001227,0.015803,0.003436,-0.164503,-0.005475,-2.189975,False
2020-10-16,-0.168788,-0.184353,0.000055,0.000507,0.000415,0.000158,0.000686,-0.001226,0.015803,0.003436,-0.164519,-0.004269,-1.707713,False
2020-10-17,-0.169883,-0.184390,0.000040,0.000522,0.000430,0.000160,0.000688,-0.001224,0.015803,0.003436,-0.164535,-0.005348,-2.139056,False
2020-10-18,-0.169087,-0.184427,0.000026,0.000535,0.000445,0.000161,0.000691,-0.001223,0.015803,0.003436,-0.164553,-0.004534,-1.813623,False
2020-10-19,-0.168594,-0.184464,0.000011,0.000549,0.000459,0.000163,0.000693,-0.001221,0.015803,0.003436,-0.164571,-0.004023,-1.609166,False
2020-10-20,-0.168102,-0.184501,-0.000004,0.000561,0.000474,0.000164,0.000695,-0.001219,0.015803,0.003436,-0.164591,-0.003511,-1.404371,False
2020-10-21,-0.167609,-0.184538,-0.000018,0.000573,0.000488,0.000166,0.000698,-0.001218,0.015803,0.003436,-0.164611,-0.002998,-1.199259,False
2020-10-22,-0.169325,-0.184575,-0.000033,0.000584,0.000502,0.000167,0.000700,-0.001216,0.015803,0.003436,-0.164632,-0.004693,-1.877316,False
2020-10-23,-0.169903,-0.184612,-0.000047,0.000595,0.000516,0.000169,0.000702,-0.001215,0.015803,0.003436,-0.164653,-0.005250,-2.099896,False
2020-10-24,-0.170481,-0.184649,-0.000062,0.000605,0.000530,0.000170,0.000705,-0.001213,0.015803,0.003436,-0.164675,-0.005806,-2.322220,False
2020-10-25,-0.170671,-0.184686,-0.000075,0.000614,0.000543,0.000172,0.000707,-0.001211,0.015803,0.003436,-0.164698,-0.005973,-2.389108,False
2020-10-26,-0.170177,-0.184723,-0.000089,0.000622,0.000557,0.000173,0.000709,-0.001210,0.015803,0.003436,-0.164722,-0.005455,-2.182181,False
2020-10-27,-0.171263,-0.184760,-0.000102,0.000630,0.000570,0.000175,0.000711,-0.001208,0.015803,0.003436,-0.164745,-0.006518,-2.607058,False
2020-10-28,-0.169297,-0.184797,-0.000115,0.000637,0.000583,0.000176,0.000714,-0.001206,0.015803,0.003436,-0.164770,-0.004527,-1.810958,False
2020-10-29,-0.167860,-0.184834,-0.000127,0.000643,0.000596,0.000177,0.000716,-0.001205,0.015803,0.003436,-0.164794,-0.003066,-1.226302,False
2020-10-30,-0.166423,-0.184871,-0.000138,0.000649,0.000609,0.000179,0.000718,-0.001203,0.015803,0.003436,-0.164819,-0.001604,-0.641507,False
2020-10-31,-0.171295,-0.184908,-0.000149,0.000653,0.000622,0.000180,0.000720,-0.001201,0.015803,0.003436,-0.164845,-0.006450,-2.580192,False
2020-11-01,-0.169430,-0.184945,-0.000159,0.000657,0.000634,0.000182,0.000722,-0.001200,0.019282,0.003443,-0.161385,-0.008045,-3.218113,False
2020-11-02,-0.168026,-0.184983,-0.000169,0.000660,0.000647,0.000183,0.000725,-0.001198,0.019282,0.003450,-0.161404,-0.006622,-2.648868,False
2020-11-03,-0.171488,-0.185020,-0.000177,0.000663,0.000659,0.000185,0.000727,-0.001197,0.019282,0.003456,-0.161423,-0.010065,-4.025935,True
2020-11-04,-0.162677,-0.185057,-0.000185,0.000664,0.000671,0.000186,0.000729,-0.001195,0.019282,0.003463,-0.161443,-0.001234,-0.493727,False
2020-11-05,-0.160603,-0.185094,-0.000192,0.000665,0.000682,0.000187,0.000731,-0.001193,0.019282,0.003469,-0.161462,0.000859,0.343743,False
2020-11-06,-0.161602,-0.185131,-0.000198,0.000665,0.000694,0.000189,0.000733,-0.001191,0.019282,0.003476,-0.161482,-0.000120,-0.047937,False
2020-11-07,-0.161368,-0.185168,-0.000203,0.000664,0.000705,0.000190,0.000735,-0.001190,0.019282,0.003482,-0.161502,0.000134,0.053625,False
2020-11-08,-0.163741,-0.185205,-0.000207,0.000663,0.000716,0.000192,0.000737,-0.001188,0.019282,0.003489,-0.161522,-0.002219,-0.887582,False
2020-11-09,-0.162663,-0.185242,-0.000210,0.000660,0.000727,0.000193,0.000739,-0.001186,0.019282,0.003495,-0.161542,-0.001121,-0.448363,False
2020-11-10,-0.162625,-0.185279,-0.000213,0.000657,0.000738,0.000194,0.000742,-0.001185,0.019282,0.003502,-0.161562,-0.001063,-0.425126,False
2020-11-11,-0.162567,-0.185316,-0.000214,0.000653,0.000748,0.000196,0.000744,-0.001183,0.019282,0.003508,-0.161582,-0.000985,-0.393873,False
2020-11-12,-0.161961,-0.185353,-0.000214,0.000648,0.000758,0.000197,0.000746,-0.001181,0.019282,0.003514,-0.161602,-0.000359,-0.143409,False
2020-11-13,-0.163242,-0.185390,-0.000213,0.000643,0.000768,0.000199,0.000748,-0.001180,0.019282,0.003520,-0.161623,-0.001619,-0.647734,False
2020-11-14,-0.161570,-0.185427,-0.000211,0.000637,0.000778,0.000200,0.000750,-0.001178,0.019282,0.003527,-0.161643,0.000073,0.029152,False
2020-11-15,-0.161827,-0.185464,-0.000208,0.000630,0.000788,0.000201,0.000752,-0.001176,0.019282,0.003533,-0.161663,-0.000164,-0.065549,False
2020-11-16,-0.162084,-0.185501,-0.000204,0.000622,0.000797,0.000203,0.000754,-0.001174,0.019282,0.003539,-0.161683,-0.000401,-0.160234,False
2020-11-17,-0.162341,-0.185538,-0.000200,0.000614,0.000806,0.000204,0.000756,-0.001173,0.019282,0.003545,-0.161704,-0.000637,-0.254899,False
2020-11-18,-0.162598,-0.185575,-0.000194,0.000605,0.000815,0.000205,0.000758,-0.001171,0.019282,0.003551,-0.161724,-0.000874,-0.349537,False
2020-11-19,-0.162855,-0.185612,-0.000187,0.000595,0.000824,0.000207,0.000760,-0.001169,0.019282,0.003557,-0.161745,-0.001110,-0.444140,False
2020-11-20,-0.163112,-0.185649,-0.000180,0.000584,0.000832,0.000208,0.000762,-0.001167,0.019282,0.003563,-0.161765,-0.001347,-0.538700,False
2020-11-21,-0.163369,-0.185686,-0.000171,0.000573,0.000840,0.000209,0.000764,-0.001166,0.019282,0.003569,-0.161786,-0.001583,-0.633207,False
2020-11-22,-0.163883,-0.185723,-0.000162,0.000561,0.000848,0.000211,0.000766,-0.001164,0.019282,0.003575,-0.161807,-0.002076,-0.830449,False
2020-11-23,-0.163883,-0.185760,-0.000152,0.000548,0.000855,0.000212,0.000768,-0.001162,0.019282,0.003581,-0.161828,-0.002055,-0.822013,False
2020-11-24,-0.162699,-0.185797,-0.000141,0.000535,0.000863,0.000213,0.000770,-0.001160,0.019282,0.003587,-0.161849,-0.000850,-0.339886,False
2020-11-25,-0.162369,-0.185834,-0.000130,0.000521,0.000870,0.000214,0.000772,-0.001159,0.019282,0.003593,-0.161871,-0.000498,-0.199253,False
2020-11-26,-0.159120,-0.185871,-0.000118,0.000507,0.000877,0.000216,0.000773,-0.001157,0.019282,0.003599,-0.161893,0.002773,1.109102,False
2020-11-27,-0.163828,-0.185908,-0.000105,0.000492,0.000883,0.000217,0.000775,-0.001155,0.019282,0.003605,-0.161915,-0.001913,-0.765205,False
2020-11-28,-0.162263,-0.185945,-0.000092,0.000476,0.000890,0.000218,0.000777,-0.001153,0.019282,0.003610,-0.161938,-0.000325,-0.130156,False
2020-11-29,-0.160864,-0.185982,-0.000079,0.000460,0.000896,0.000220,0.000779,-0.001151,0.019282,0.003616,-0.161961,0.001097,0.438666,False
2020-11-30,-0.160209,-0.186019,-0.000065,0.000443,0.000902,0.000221,0.000781,-0.001150,0.019282,0.003622,-0.161984,0.001775,0.710079,False
2020-12-01,-0.162901,-0.186056,-0.000051,0.000426,0.000907,0.000222,0.000783,-0.001148,0.019282,0.003627,-0.162008,-0.000893,-0.357096,False
2020-12-02,-0.160592,-0.186093,-0.000037,0.000408,0.000912,0.000223,0.000785,-0.001146,0.019282,0.003633,-0.162033,0.001441,0.576358,False
2020-12-03,-0.161969,-0.186130,-0.000022,0.000390,0.000917,0.000225,0.000786,-0.001144,0.019282,0.003639,-0.162058,0.000089,0.035660,False
2020-12-04,-0.164245,-0.186167,-0.000007,0.000371,0.000922,0.000226,0.000788,-0.001142,0.019282,0.003644,-0.162084,-0.002161,-0.864368,False
2020-12-05,-0.159434,-0.186204,0.000007,0.000352,0.000927,0.000227,0.000790,-0.001140,0.019282,0.003650,-0.162111,0.002677,1.070691,False
2020-12-06,-0.159054,-0.186241,0.000022,0.000332,0.000931,0.000228,0.000792,-0.001139,0.019282,0.003655,-0.162138,0.003084,1.233656,False
2020-12-07,-0.160404,-0.186279,0.000037,0.000312,0.000935,0.000229,0.000794,-0.001137,0.019282,0.003661,-0.162166,0.001762,0.704948,False
2020-12-08,-0.163154,-0.186316,0.000051,0.000292,0.000938,0.000231,0.000795,-0.001135,0.019282,0.003666,-0.162195,-0.000959,-0.383417,False
2020-12-09,-0.160629,-0.186353,0.000065,0.000271,0.000942,0.000232,0.000797,-0.001133,0.019282,0.003672,-0.162225,0.001596,0.638581,False
2020-12-10,-0.163591,-0.186390,0.000079,0.000250,0.000945,0.000233,0.000799,-0.001131,0.019282,0.003677,-0.162256,-0.001335,-0.533842,False
2020-12-11,-0.158671,-0.186427,0.000092,0.000229,0.000947,0.000234,0.000801,-0.001129,0.019282,0.003682,-0.162288,0.003617,1.446930,False
2020-12-12,-0.159323,-0.186464,0.000105,0.000207,0.000950,0.000235,0.000802,-0.001127,0.019282,0.003688,-0.162321,0.002998,1.199314,False
2020-12-13,-0.158394,-0.186501,0.000118,0.000186,0.000952,0.000237,0.000804,-0.001126,0.019282,0.003693,-0.162355,0.003961,1.584524,False
2020-12-14,-0.160300,-0.186538,0.000130,0.000164,0.000954,0.000238,0.000806,-0.001124,0.019282,0.003698,-0.162390,0.002090,0.836174,False
2020-12-15,-0.160499,-0.186575,0.000141,0.000141,0.000956,0.000239,0.000807,-0.001122,0.019282,0.003704,-0.162427,0.001928,0.771076,False
2020-12-16,-0.159626,-0.186612,0.000152,0.000119,0.000957,0.000240,0.000809,-0.001120,0.019282,0.003709,-0.162464,0.002838,1.135241,False
2020-12-17,-0.159400,-0.186649,0.000162,0.000097,0.000958,0.000241,0.000811,-0.001118,0.019282,0.003714,-0.162503,0.003103,1.241078,False
2020-12-18,-0.161134,-0.186686,0.000171,0.000074,0.000959,0.000242,0.000812,-0.001116,0.019282,0.003719,-0.162542,0.001408,0.563397,False
2020-12-19,-0.161323,-0.186723,0.000180,0.000051,0.000960,0.000243,0.000814,-0.001114,0.019282,0.003724,-0.162584,0.001261,0.504204,False
2020-12-20,-0.160681,-0.186760,0.000187,0.000028,0.000960,0.000245,0.000815,-0.001112,0.019282,0.003729,-0.162626,0.001945,0.777903,False
2020-12-21,-0.160477,-0.186797,0.000194,0.000006,0.000960,0.000246,0.000817,-0.001110,0.019282,0.003735,-0.162669,0.002192,0.876900,False
2020-12-22,-0.161528,-0.186834,0.000200,-0.000017,0.000960,0.000247,0.000819,-0.001109,0.019282,0.003740,-0.162714,0.001186,0.474394,False
2020-12-23,-0.162341,-0.186871,0.000204,-0.000040,0.000959,0.000248,0.000820,-0.001107,0.019282,0.003745,-0.162760,0.000419,0.167587,False
2020-12-24,-0.162090,-0.186908,0.000208,-0.000063,0.000958,0.000249,0.000822,-0.001105,0.019282,0.003750,-0.162807,0.000717,0.286877,False
2020-12-25,-0.161439,-0.186945,0.000211,-0.000086,0.000957,0.000250,0.000823,-0.001103,0.019282,0.003755,-0.162856,0.001417,0.566660,False
2020-12-26,-0.158197,-0.186982,0.000213,-0.000108,0.000956,0.000251,0.000825,-0.001101,0.019282,0.003759,-0.162905,0.004708,1.883330,False
2020-12-27,-0.160902,-0.187019,0.000214,-0.000131,0.000954,0.000252,0.000826,-0.001099,0.019282,0.003764,-0.162956,0.002054,0.821681,False
2020-12-28,-0.156974,-0.187056,0.000214,-0.000153,0.000952,0.000253,0.000828,-0.001097,0.019282,0.003769,-0.163008,0.006034,2.413702,False
2020-12-29,-0.159199,-0.187093,0.000213,-0.000175,0.000950,0.000254,0.000829,-0.001095,0.019282,0.003774,-0.163061,0.003862,1.544984,False
2020-12-30,-0.158197,-0.187130,0.000210,-0.000197,0.000947,0.000255,0.000831,-0.001093,0.019282,0.003779,-0.163116,0.004919,1.967514,False
2020-12-31,-0.162133,-0.187167,0.000207,-0.000219,0.000944,0.000256,0.000832,-0.001091,0.019282,0.003784,-0.163171,0.001038,0.415275,False
2021-01-01,-0.159149,-0.187204,0.000203,-0.000240,0.000941,0.000257,0.000834,-0.001089,0.019282,0.003789,-0.163228,0.004079,1.631453,False
2021-01-02,-0.159881,-0.187241,0.000198,-0.000261,0.000938,0.000258,0.000835,-0.001087,0.019282,0.003793,-0.163285,0.003404,1.361693,False
2021-01-03,-0.161034,-0.187279,0.000192,-0.000282,0.000934,0.000259,0.000837,-0.001085,0.019282,0.003798,-0.163344,0.002310,0.923912,False
2021-01-04,-0.160208,-0.187316,0.000185,-0.000303,0.000930,0.000260,0.000838,-0.001083,0.019282,0.003803,-0.163403,0.003195,1.278089,False
2021-01-05,-0.160454,-0.187353,0.000177,-0.000323,0.000926,0.000261,0.000839,-0.001081,0.019282,0.003807,-0.163464,0.003010,1.203801,False
2021-01-06,-0.161799,-0.187390,0.000169,-0.000343,0.000922,0.000262,0.000841,-0.001079,0.019282,0.003812,-0.163525,0.001726,0.690223,False
2021-01-07,-0.159238,-0.187427,0.000159,-0.000362,0.000917,0.000263,0.000842,-0.001077,0.019282,0.003817,-0.163586,0.004348,1.739328,False
2021-01-08,-0.160766,-0.187464,0.000149,-0.000381,0.000912,0.000264,0.000844,-0.001075,0.019282,0.003821,-0.163649,0.002883,1.153089,False
2021-01-09,-0.164080,-0.187501,0.000138,-0.000400,0.000906,0.000265,0.000845,-0.001073,0.019282,0.003826,-0.163712,-0.000368,-0.147323,False
2021-01-10,-0.163777,-0.187538,0.000127,-0.000418,0.000901,0.000266,0.000846,-0.001071,0.019282,0.003830,-0.163775,-0.000002,-0.000738,False
2021-01-11,-0.165484,-0.187576,0.000114,-0.000435,0.000895,0.000267,0.000848,-0.001069,0.019282,0.003835,-0.163839,-0.001645,-0.657988,False
2021-01-12,-0.165051,-0.187613,0.000102,-0.000452,0.000889,0.000268,0.000849,-0.001067,0.019282,0.003839,-0.163903,-0.001148,-0.459104,False
2021-01-13,-0.162537,-0.187650,0.000089,-0.000469,0.000882,0.000269,0.000850,-0.001065,0.019282,0.003844,-0.163968,0.001431,0.572280,False
2021-01-14,-0.163039,-0.187687,0.000075,-0.000485,0.000876,0.000270,0.000852,-0.001063,0.019282,0.003848,-0.164032,0.000993,0.397331,False
2021-01-15,-0.162556,-0.187724,0.000061,-0.000500,0.000869,0.000271,0.000853,-0.001061,0.019282,0.003853,-0.164097,0.001541,0.616415,False
2021-01-16,-0.162071,-0.187761,0.000047,-0.000515,0.000862,0.000272,0.000854,-0.001059,0.019282,0.003857,-0.164162,0.002091,0.836297,False
2021-01-17,-0.164083,-0.187798,0.000032,-0.000529,0.000854,0.000273,0.000855,-0.001057,0.019282,0.003862,-0.164226,0.000143,0.057342,False
2021-01-18,-0.164739,-0.187835,0.000018,-0.000543,0.000847,0.000274,0.000857,-0.001055,0.019282,0.003866,-0.164291,-0.000448,-0.179285,False
2021-01-19,-0.162583,-0.187873,0.000003,-0.000556,0.000839,0.000275,0.000858,-0.001053,0.019282,0.003870,-0.164355,0.001772,0.708781,False
2021-01-20,-0.163799,-0.187910,-0.000012,-0.000568,0.000831,0.000275,0.000859,-0.001051,0.019282,0.003875,-0.164419,0.000620,0.247905,False
2021-01-21,-0.163268,-0.187947,-0.000026,-0.000579,0.000822,0.000276,0.000860,-0.001049,0.019282,0.003879,-0.164482,0.001214,0.485652,False
2021-01-22,-0.163692,-0.187984,-0.000041,-0.000590,0.000814,0.000277,0.000861,-0.001047,0.019282,0.003883,-0.164545,0.000853,0.341188,False
2021-01-23,-0.162405,-0.188021,-0.000055,-0.000601,0.000805,0.000278,0.000863,-0.001045,0.019282,0.003887,-0.164607,0.002202,0.880880,False
2021-01-24,-0.163296,-0.188058,-0.000069,-0.000610,0.000796,0.000279,0.000864,-0.001042,0.019282,0.003892,-0.164669,0.001373,0.549094,False
2021-01-25,-0.163917,-0.188095,-0.000083,-0.000619,0.000786,0.000280,0.000865,-0.001040,0.019282,0.003896,-0.164729,0.000812,0.324997,False
2021-01-26,-0.163937,-0.188133,-0.000097,-0.000627,0.000777,0.000281,0.000866,-0.001038,0.019282,0.003900,-0.164789,0.000852,0.340959,False
2021-01-27,-0.164565,-0.188170,-0.000109,-0.000634,0.000767,0.000281,0.000867,-0.001036,0.019282,0.003904,-0.164848,0.000283,0.113349,False
2021-01-28,-0.165272,-0.188207,-0.000122,-0.000641,0.000757,0.000282,0.000868,-0.001034,0.019282,0.003908,-0.164906,-0.000366,-0.146263,False
2021-01-29,-0.164966,-0.188244,-0.000134,-0.000646,0.000746,0.000283,0.000869,-0.001032,0.019282,0.003912,-0.164963,-0.000003,-0.001103,False
2021-01-30,-0.163538,-0.188281,-0.000145,-0.000651,0.000736,0.000284,0.000870,-0.001030,0.019282,0.003916,-0.165019,0.001481,0.592402,False
2021-01-31,-0.165021,-0.188318,-0.000155,-0.000656,0.000725,0.000285,0.000872,-0.001028,0.019282,0.003920,-0.165074,0.000053,0.021027,False
2021-02-01,-0.164700,-0.188355,-0.000165,-0.000659,0.000714,0.000285,0.000873,-0.001026,0.019282,0.003924,-0.165127,0.000427,0.170748,False
2021-02-02,-0.165595,-0.188392,-0.000174,-0.000662,0.000703,0.000286,0.000874,-0.001024,0.019282,0.003928,-0.165179,-0.000416,-0.166455,False
2021-02-03,-0.166614,-0.188430,-0.000182,-0.000664,0.000692,0.000287,0.000875,-0.001021,0.019282,0.003932,-0.165229,-0.001385,-0.553802,False
2021-02-04,-0.164798,-0.188467,-0.000189,-0.000665,0.000680,0.000288,0.000876,-0.001019,0.019282,0.003936,-0.165279,0.000481,0.192288,False
2021-02-05,-0.165816,-0.188504,-0.000196,-0.000665,0.000668,0.000288,0.000877,-0.001017,0.019282,0.003940,-0.165327,-0.000489,-0.195800,False
2021-02-06,-0.166595,-0.188541,-0.000201,-0.000665,0.000656,0.000289,0.000878,-0.001015,0.019282,0.003944,-0.165373,-0.001222,-0.488878,False
2021-02-07,-0.165425,-0.188578,-0.000206,-0.000663,0.000644,0.000290,0.000879,-0.001013,0.019282,0.003948,-0.165418,-0.000007,-0.002960,False
2021-02-08,-0.166314,-0.188615,-0.000209,-0.000661,0.000632,0.000291,0.000880,-0.001011,0.019282,0.003952,-0.165461,-0.000853,-0.341255,False
2021-02-09,-0.166653,-0.188652,-0.000212,-0.000658,0.000619,0.000291,0.000881,-0.001009,0.019282,0.003956,-0.165503,-0.001150,-0.460169,False
2021-02-10,-0.166509,-0.188689,-0.000213,-0.000655,0.000607,0.000292,0.000881,-0.001006,0.019282,0.003960,-0.165543,-0.000966,-0.386374,False
2021-02-11,-0.166364,-0.188727,-0.000214,-0.000650,0.000594,0.000293,0.000882,-0.001004,0.019282,0.003964,-0.165581,-0.000783,-0.313207,False
2021-02-12,-0.166220,-0.188764,-0.000213,-0.000645,0.000581,0.000293,0.000883,-0.001002,0.019282,0.003967,-0.165618,-0.000602,-0.240667,False
2021-02-13,-0.164689,-0.188801,-0.000212,-0.000639,0.000567,0.000294,0.000884,-0.001000,0.019282,0.003971,-0.165654,0.000965,0.385913,False
2021-02-14,-0.164888,-0.188838,-0.000209,-0.000633,0.000554,0.000295,0.000885,-0.000998,0.019282,0.003975,-0.165688,0.000800,0.319871,False
2021-02-15,-0.164989,-0.188875,-0.000206,-0.000625,0.000540,0.000295,0.000886,-0.000996,0.019282,0.003979,-0.165720,0.000731,0.292414,False
2021-02-16,-0.163813,-0.188912,-0.000201,-0.000617,0.000527,0.000296,0.000887,-0.000993,0.019282,0.003982,-0.165751,0.001938,0.775149,False
2021-02-17,-0.164021,-0.188949,-0.000196,-0.000608,0.000513,0.000297,0.000888,-0.000991,0.019282,0.003986,-0.165780,0.001759,0.703688,False
2021-02-18,-0.164288,-0.188987,-0.000190,-0.000598,0.000499,0.000297,0.000888,-0.000989,0.019282,0.003990,-0.165808,0.001520,0.608123,False
2021-02-19,-0.164555,-0.189024,-0.000182,-0.000588,0.000485,0.000298,0.000889,-0.000987,0.019282,0.003993,-0.165835,0.001280,0.511990,False
2021-02-20,-0.164821,-0.189061,-0.000174,-0.000577,0.000470,0.000298,0.000890,-0.000985,0.019282,0.003997,-0.165860,0.001038,0.415305,False
2021-02-21,-0.165088,-0.189098,-0.000165,-0.000565,0.000456,0.000299,0.000891,-0.000982,0.019282,0.004001,-0.165883,0.000795,0.318087,False
2021-02-22,-0.165355,-0.189135,-0.000156,-0.000553,0.000441,0.000300,0.000892,-0.000980,0.019282,0.004004,-0.165906,0.000551,0.220357,False
2021-02-23,-0.165622,-0.189172,-0.000145,-0.000540,0.000426,0.000300,0.000892,-0.000978,0.019282,0.004008,-0.165927,0.000305,0.122138,False
2021-02-24,-0.165889,-0.189209,-0.000134,-0.000526,0.000412,0.000301,0.000893,-0.000976,0.019282,0.004011,-0.165947,0.000059,0.023453,False
2021-02-25,-0.166689,-0.189246,-0.000122,-0.000512,0.000397,0.000301,0.000894,-0.000974,0.019282,0.004015,-0.165966,-0.000723,-0.289111,False
2021-02-26,-0.166689,-0.189284,-0.000110,-0.000497,0.000381,0.000302,0.000895,-0.000971,0.019282,0.004018,-0.165984,-0.000705,-0.281927,False
2021-02-27,-0.166689,-0.189321,-0.000097,-0.000482,0.000366,0.000302,0.000895,-0.000969,0.019282,0.004022,-0.166001,-0.000688,-0.275126,False
2021-02-28,-0.168299,-0.189358,-0.000084,-0.000465,0.000351,0.000303,0.000896,-0.000967,0.019282,0.004025,-0.166017,-0.002282,-0.912679,False
2021-03-01,-0.167669,-0.189395,-0.000070,-0.000449,0.000335,0.000303,0.000897,-0.000965,0.019282,0.004029,-0.166033,-0.001636,-0.654554,False
2021-03-02,-0.166296,-0.189432,-0.000056,-0.000432,0.000320,0.000304,0.000897,-0.000962,0.019282,0.004032,-0.166047,-0.000249,-0.099519,False
2021-03-03,-0.168381,-0.189469,-0.000041,-0.000414,0.000304,0.000304,0.000898,-0.000960,0.019282,0.004036,-0.166061,-0.002320,-0.927941,False
2021-03-04,-0.165292,-0.189506,-0.000027,-0.000396,0.000289,0.000305,0.000898,-0.000958,0.019282,0.004039,-0.166075,0.000783,0.313013,False
2021-03-05,-0.168480,-0.189543,-0.000012,-0.000377,0.000273,0.000305,0.000899,-0.000956,0.019282,0.004042,-0.166087,-0.002393,-0.957022,False
2021-03-06,-0.166878,-0.189581,0.000003,-0.000358,0.000257,0.000306,0.000900,-0.000953,0.019282,0.004046,-0.166100,-0.000778,-0.311212,False
2021-03-07,-0.168803,-0.189618,0.000017,-0.000339,0.000241,0.000306,0.000900,-0.000951,0.019282,0.004049,-0.166112,-0.002691,-1.076321,False
2021-03-08,-0.168580,-0.189655,0.000032,-0.000319,0.000225,0.000307,0.000901,-0.000949,0.019282,0.004052,-0.166124,-0.002456,-0.982314,False
2021-03-09,-0.167583,-0.189692,0.000046,-0.000299,0.000209,0.000307,0.000901,-0.000947,0.019282,0.004056,-0.166136,-0.001447,-0.578757,False
2021-03-10,-0.166509,-0.189729,0.000061,-0.000278,0.000193,0.000308,0.000902,-0.000944,0.019282,0.004059,-0.166148,-0.000361,-0.144546,False
2021-03-11,-0.165436,-0.189766,0.000075,-0.000257,0.000176,0.000308,0.000902,-0.000942,0.019282,0.004062,-0.166160,0.000724,0.289685,False
2021-03-12,-0.164362,-0.189803,0.000088,-0.000236,0.000160,0.000309,0.000903,-0.000940,0.019282,0.004065,-0.166172,0.001810,0.723972,False
2021-03-13,-0.169518,-0.189841,0.000101,-0.000214,0.000144,0.000309,0.000904,-0.000937,0.019282,0.004069,-0.166184,-0.003334,-1.333519,False
2021-03-14,-0.168532,-0.189878,0.000114,-0.000192,0.000127,0.000309,0.000904,-0.000935,0.019282,0.004072,-0.166197,-0.002335,-0.934087,False
2021-03-15,-0.167546,-0.189915,0.000126,-0.000170,0.000111,0.000310,0.000904,-0.000933,0.019282,0.004075,-0.166210,-0.001336,-0.534500,False
2021-03-16,-0.166560,-0.189952,0.000138,-0.000148,0.000095,0.000310,0.000905,-0.000931,0.019282,0.004078,-0.166223,-0.000337,-0.134726,False
2021-03-17,-0.165574,-0.189989,0.000149,-0.000126,0.000078,0.000311,0.000905,-0.000928,0.019282,0.004081,-0.166237,0.000663,0.265265,False
2021-03-18,-0.164588,-0.190026,0.000159,-0.000103,0.000062,0.000311,0.000906,-0.000926,0.019282,0.004084,-0.166252,0.001664,0.665503,False
2021-03-19,-0.167645,-0.190063,0.000169,-0.000080,0.000045,0.000311,0.000906,-0.000924,0.019282,0.004088,-0.166267,-0.001378,-0.551184,False
2021-03-20,-0.166605,-0.190100,0.000177,-0.000058,0.000029,0.000312,0.000907,-0.000921,0.019282,0.004091,-0.166283,-0.000322,-0.128771,False
2021-03-21,-0.168412,-0.190138,0.000185,-0.000035,0.000012,0.000312,0.000907,-0.000919,0.019282,0.004094,-0.166300,-0.002112,-0.844830,False
2021-03-22,-0.165480,-0.190175,0.000192,-0.000012,-0.000004,0.000312,0.000907,-0.000917,0.019282,0.004097,-0.166318,0.000838,0.335060,False
2021-03-23,-0.167021,-0.190212,0.000198,0.000011,-0.000021,0.000313,0.000908,-0.000914,0.019282,0.004100,-0.166336,-0.000685,-0.273877,False
2021-03-24,-0.167597,-0.190249,0.000203,0.000034,-0.000037,0.000313,0.000908,-0.000912,0.019282,0.004103,-0.166356,-0.001241,-0.496421,False
2021-03-25,-0.166405,-0.190286,0.000207,0.000057,-0.000054,0.000313,0.000908,-0.000910,0.019282,0.004106,-0.166377,-0.000028,-0.011354,False
2021-03-26,-0.166903,-0.190323,0.000210,0.000079,-0.000070,0.000313,0.000909,-0.000907,0.019282,0.004109,-0.166398,-0.000505,-0.201859,False
2021-03-27,-0.166379,-0.190360,0.000213,0.000102,-0.000087,0.000314,0.000909,-0.000905,0.019282,0.004112,-0.166421,0.000042,0.016878,False
2021-03-28,-0.166091,-0.190397,0.000214,0.000125,-0.000103,0.000314,0.000909,-0.000903,0.019282,0.004115,-0.166445,0.000354,0.141671,False
2021-03-29,-0.167998,-0.190435,0.000214,0.000147,-0.000120,0.000314,0.000910,-0.000900,0.019282,0.004118,-0.166470,-0.001528,-0.611069,False
2021-03-30,-0.166924,-0.190472,0.000213,0.000169,-0.000136,0.000315,0.000910,-0.000898,0.019282,0.004121,-0.166497,-0.000427,-0.170935,False
2021-03-31,-0.167528,-0.190509,0.000211,0.000191,-0.000153,0.000315,0.000910,-0.000896,0.019282,0.004124,-0.166524,-0.001004,-0.401518,False
2021-04-01,-0.165872,-0.190546,0.000208,0.000213,-0.000169,0.000315,0.000910,-0.000893,0.019282,0.004127,-0.166553,0.000681,0.272387,False
2021-04-02,-0.167084,-0.190583,0.000204,0.000235,-0.000185,0.000315,0.000911,-0.000891,0.019282,0.004130,-0.166583,-0.000501,-0.200419,False
2021-04-03,-0.166843,-0.190620,0.000200,0.000256,-0.000201,0.000315,0.000911,-0.000888,0.019282,0.004132,-0.166614,-0.000229,-0.091533,False
2021-04-04,-0.164125,-0.190657,0.000194,0.000277,-0.000217,0.000316,0.000911,-0.000886,0.019282,0.004135,-0.166647,0.002522,1.008642,False
2021-04-05,-0.166698,-0.190695,0.000187,0.000298,-0.000233,0.000316,0.000911,-0.000884,0.019282,0.004138,-0.166680,-0.000018,-0.007095,False
2021-04-06,-0.166066,-0.190732,0.000179,0.000318,-0.000249,0.000316,0.000911,-0.000881,0.019282,0.004141,-0.166715,0.000649,0.259650,False
2021-04-07,-0.166090,-0.190769,0.000171,0.000338,-0.000265,0.000316,0.000912,-0.000879,0.019282,0.004144,-0.166751,0.000661,0.264470,False
2021-04-08,-0.168988,-0.190806,0.000162,0.000357,-0.000281,0.000316,0.000912,-0.000877,0.019282,0.004147,-0.166788,-0.002200,-0.879842,False
2021-04-09,-0.167057,-0.190843,0.000152,0.000376,-0.000297,0.000317,0.000912,-0.000874,0.019282,0.004149,-0.166827,-0.000230,-0.092098,False
2021-04-10,-0.168485,-0.190880,0.000141,0.000395,-0.000313,0.000317,0.000912,-0.000872,0.019282,0.004152,-0.166866,-0.001619,-0.647509,False
2021-04-11,-0.168772,-0.190917,0.000130,0.000413,-0.000328,0.000317,0.000912,-0.000869,0.019282,0.004155,-0.166907,-0.001865,-0.746088,False
2021-04-12,-0.169316,-0.190954,0.000118,0.000431,-0.000344,0.000317,0.000912,-0.000867,0.019282,0.004158,-0.166948,-0.002368,-0.947050,False
2021-04-13,-0.166656,-0.190992,0.000105,0.000448,-0.000359,0.000317,0.000912,-0.000865,0.019282,0.004160,-0.166991,0.000335,0.133989,False
2021-04-14,-0.168402,-0.191029,0.000092,0.000465,-0.000374,0.000317,0.000912,-0.000862,0.019282,0.004163,-0.167035,-0.001367,-0.546990,False
2021-04-15,-0.168100,-0.191066,0.000078,0.000481,-0.000390,0.000317,0.000912,-0.000860,0.019282,0.004166,-0.167079,-0.001021,-0.408405,False
2021-04-16,-0.167958,-0.191103,0.000065,0.000496,-0.000405,0.000317,0.000912,-0.000857,0.019282,0.004168,-0.167124,-0.000834,-0.333475,False
2021-04-17,-0.167829,-0.191140,0.000050,0.000511,-0.000419,0.000317,0.000912,-0.000855,0.019282,0.004171,-0.167170,-0.000659,-0.263421,False
2021-04-18,-0.167691,-0.191177,0.000036,0.000526,-0.000434,0.000317,0.000912,-0.000852,0.019282,0.004174,-0.167217,-0.000474,-0.189466,False
2021-04-19,-0.168575,-0.191214,0.000021,0.000539,-0.000449,0.000318,0.000912,-0.000850,0.019282,0.004176,-0.167265,-0.001310,-0.524030,False
2021-04-20,-0.169049,-0.191251,0.000007,0.000552,-0.000464,0.000318,0.000912,-0.000848,0.019282,0.004179,-0.167313,-0.001736,-0.694338,False
2021-04-21,-0.167984,-0.191289,-0.000008,0.000565,-0.000478,0.000318,0.000912,-0.000845,0.019282,0.004181,-0.167362,-0.000622,-0.248813,False
2021-04-22,-0.166386,-0.191326,-0.000023,0.000577,-0.000492,0.000318,0.000912,-0.000843,0.019282,0.004184,-0.167411,0.001025,0.410122,False
2021-04-23,-0.171377,-0.191363,-0.000037,0.000588,-0.000506,0.000318,0.000912,-0.000840,0.019282,0.004187,-0.167461,-0.003916,-1.566357,False
2021-04-24,-0.168933,-0.191400,-0.000052,0.000598,-0.000520,0.000318,0.000912,-0.000838,0.019282,0.004189,-0.167511,-0.001422,-0.568675,False
2021-04-25,-0.169921,-0.191437,-0.000066,0.000608,-0.000534,0.000318,0.000912,-0.000835,0.019282,0.004192,-0.167562,-0.002359,-0.943655,False
2021-04-26,-0.168785,-0.191474,-0.000080,0.000617,-0.000548,0.000318,0.000912,-0.000833,0.019282,0.004194,-0.167613,-0.001172,-0.468922,False
2021-04-27,-0.168345,-0.191511,-0.000093,0.000625,-0.000561,0.000318,0.000912,-0.000830,0.019282,0.004197,-0.167664,-0.000681,-0.272499,False
2021-04-28,-0.165875,-0.191549,-0.000106,0.000632,-0.000575,0.000318,0.000912,-0.000828,0.019282,0.004199,-0.167715,0.001840,0.735990,False
2021-04-29,-0.170044,-0.191586,-0.000119,0.000639,-0.000588,0.000318,0.000911,-0.000825,0.019282,0.004202,-0.167766,-0.002278,-0.911076,False
2021-04-30,-0.170582,-0.191623,-0.000131,0.000645,-0.000601,0.000318,0.000911,-0.000823,0.019282,0.004204,-0.167818,-0.002764,-1.105722,False
2021-05-01,-0.169830,-0.191660,-0.000142,0.000650,-0.000613,0.000317,0.000911,-0.000820,0.019282,0.004207,-0.167869,-0.001961,-0.784366,False
2021-05-02,-0.168177,-0.191697,-0.000153,0.000655,-0.000626,0.000317,0.000911,-0.000818,0.019282,0.004209,-0.167920,-0.000257,-0.102632,False
2021-05-03,-0.171064,-0.191734,-0.000163,0.000658,-0.000639,0.000317,0.000911,-0.000815,0.019282,0.004212,-0.167972,-0.003092,-1.236937,False
2021-05-04,-0.169324,-0.191771,-0.000172,0.000661,-0.000651,0.000317,0.000910,-0.000813,0.019282,0.004214,-0.168023,-0.001301,-0.520501,False
2021-05-05,-0.169211,-0.191808,-0.000180,0.000663,-0.000663,0.000317,0.000910,-0.000810,0.019282,0.004216,-0.168074,-0.001137,-0.454941,False
2021-05-06,-0.169284,-0.191846,-0.000188,0.000664,-0.000675,0.000317,0.000910,-0.000808,0.019282,0.004219,-0.168124,-0.001160,-0.463873,False
2021-05-07,-0.169516,-0.191883,-0.000194,0.000665,-0.000686,0.000317,0.000910,-0.000805,0.019282,0.004221,-0.168175,-0.001341,-0.536513,False
2021-05-08,-0.170352,-0.191920,-0.000200,0.000665,-0.000698,0.000317,0.000909,-0.000803,0.019282,0.004223,-0.168225,-0.002127,-0.850874,False
2021-05-09,-0.166547,-0.191957,-0.000205,0.000664,-0.000709,0.000317,0.000909,-0.000800,0.019282,0.004226,-0.168275,0.001728,0.691031,False
2021-05-10,-0.171355,-0.191994,-0.000209,0.000662,-0.000720,0.000317,0.000909,-0.000798,0.019282,0.004228,-0.168324,-0.003031,-1.212408,False
2021-05-11,-0.167945,-0.192031,-0.000211,0.000659,-0.000731,0.000316,0.000908,-0.000795,0.019282,0.004230,-0.168373,0.000428,0.171199,False
2021-05-12,-0.169698,-0.192068,-0.000213,0.000656,-0.000742,0.000316,0.000908,-0.000793,0.019282,0.004233,-0.168422,-0.001276,-0.510555,False
2021-05-13,-0.170266,-0.192105,-0.000214,0.000652,-0.000752,0.000316,0.000908,-0.000790,0.019282,0.004235,-0.168470,-0.001796,-0.718477,False
2021-05-14,-0.171198,-0.192143,-0.000214,0.000647,-0.000762,0.000316,0.000907,-0.000788,0.019282,0.004237,-0.168518,-0.002680,-1.072172,False
2021-05-15,-0.168425,-0.192180,-0.000212,0.000641,-0.000772,0.000316,0.000907,-0.000785,0.019282,0.004240,-0.168565,0.000140,0.055957,False
2021-05-16,-0.172173,-0.192217,-0.000210,0.000634,-0.000782,0.000315,0.000907,-0.000783,0.019282,0.004242,-0.168612,-0.003561,-1.424491,False
2021-05-17,-0.171478,-0.192254,-0.000207,0.000627,-0.000791,0.000315,0.000906,-0.000780,0.019282,0.004244,-0.168658,-0.002820,-1.127916,False
2021-05-18,-0.170036,-0.192291,-0.000203,0.000619,-0.000800,0.000315,0.000906,-0.000778,0.019282,0.004246,-0.168704,-0.001332,-0.532717,False
2021-05-19,-0.169798,-0.192328,-0.000197,0.000610,-0.000809,0.000315,0.000905,-0.000775,0.019282,0.004249,-0.168750,-0.001048,-0.419290,False
2021-05-20,-0.168783,-0.192365,-0.000191,0.000601,-0.000818,0.000315,0.000905,-0.000773,0.019282,0.004251,-0.168795,0.000012,0.004769,False
2021-05-21,-0.169797,-0.192403,-0.000184,0.000591,-0.000827,0.000314,0.000904,-0.000770,0.019282,0.004253,-0.168840,-0.000957,-0.382934,False
2021-05-22,-0.170806,-0.192440,-0.000176,0.000580,-0.000835,0.000314,0.000904,-0.000768,0.019282,0.004255,-0.168884,-0.001922,-0.768792,False
2021-05-23,-0.170647,-0.192477,-0.000168,0.000568,-0.000843,0.000314,0.000903,-0.000765,0.019282,0.004257,-0.168928,-0.001719,-0.687595,False
2021-05-24,-0.170506,-0.192514,-0.000158,0.000556,-0.000851,0.000313,0.000903,-0.000762,0.019282,0.004260,-0.168972,-0.001534,-0.613600,False
2021-05-25,-0.170364,-0.192551,-0.000148,0.000543,-0.000858,0.000313,0.000902,-0.000760,0.019282,0.004262,-0.169015,-0.001349,-0.539729,False
2021-05-26,-0.170223,-0.192588,-0.000137,0.000530,-0.000866,0.000313,0.000902,-0.000757,0.019282,0.004264,-0.169058,-0.001165,-0.465970,False
2021-05-27,-0.172523,-0.192625,-0.000125,0.000516,-0.000873,0.000313,0.000901,-0.000755,0.019282,0.004266,-0.169101,-0.003422,-1.368842,False
2021-05-28,-0.171184,-0.192662,-0.000113,0.000501,-0.000879,0.000312,0.000901,-0.000752,0.019282,0.004268,-0.169144,-0.002040,-0.816198,False
2021-05-29,-0.169610,-0.192700,-0.000100,0.000485,-0.000886,0.000312,0.000900,-0.000750,0.019282,0.004270,-0.169186,-0.000424,-0.169622,False
2021-05-30,-0.169482,-0.192737,-0.000087,0.000470,-0.000892,0.000312,0.000900,-0.000747,0.019282,0.004272,-0.169228,-0.000254,-0.101498,False
2021-05-31,-0.170005,-0.192774,-0.000073,0.000453,-0.000898,0.000311,0.000899,-0.000744,0.019282,0.004274,-0.169270,-0.000735,-0.293809,False
2021-06-01,-0.171800,-0.192811,-0.000059,0.000436,-0.000904,0.000311,0.000898,-0.000742,0.019282,0.004276,-0.169313,-0.002487,-0.994938,False
2021-06-02,-0.170636,-0.192848,-0.000045,0.000419,-0.000909,0.000311,0.000898,-0.000739,0.019282,0.004278,-0.169355,-0.001281,-0.512467,False
2021-06-03,-0.170703,-0.192885,-0.000030,0.000400,-0.000914,0.000310,0.000897,-0.000737,0.019282,0.004281,-0.169397,-0.001306,-0.522378,False
2021-06-04,-0.166569,-0.192922,-0.000016,0.000382,-0.000919,0.000310,0.000896,-0.000734,0.019282,0.004283,-0.169439,0.002870,1.148147,False
2021-06-05,-0.174242,-0.192959,-0.000001,0.000363,-0.000924,0.000309,0.000896,-0.000731,0.019282,0.004285,-0.169482,-0.004760,-1.904074,False
2021-06-06,-0.170754,-0.192997,0.000014,0.000344,-0.000928,0.000309,0.000895,-0.000729,0.019282,0.004287,-0.169524,-0.001230,-0.491821,False
2021-06-07,-0.167373,-0.193034,0.000028,0.000324,-0.000932,0.000309,0.000894,-0.000726,0.019282,0.004289,-0.169567,0.002194,0.877722,False
2021-06-08,-0.168265,-0.193071,0.000043,0.000304,-0.000936,0.000308,0.000894,-0.000724,0.019282,0.004291,-0.169610,0.001345,0.538175,False
2021-06-09,-0.168124,-0.193108,0.000057,0.000283,-0.000940,0.000308,0.000893,-0.000721,0.019282,0.004293,-0.169654,0.001530,0.611954,False
2021-06-10,-0.168264,-0.193145,0.000071,0.000262,-0.000943,0.000307,0.000892,-0.000718,0.019282,0.004295,-0.169698,0.001433,0.573276,False
2021-06-11,-0.168405,-0.193182,0.000085,0.000241,-0.000946,0.000307,0.000891,-0.000716,0.019282,0.004296,-0.169742,0.001337,0.534758,False
2021-06-12,-0.167886,-0.193219,0.000098,0.000220,-0.000949,0.000306,0.000891,-0.000713,0.019282,0.004298,-0.169787,0.001901,0.760216,False
2021-06-13,-0.169303,-0.193257,0.000111,0.000198,-0.000951,0.000306,0.000890,-0.000710,0.019282,0.004300,-0.169832,0.000529,0.211463,False
2021-06-14,-0.166824,-0.193294,0.000123,0.000176,-0.000953,0.000305,0.000889,-0.000708,0.019282,0.004302,-0.169877,0.003053,1.221314,False
2021-06-15,-0.169740,-0.193331,0.000135,0.000154,-0.000955,0.000305,0.000888,-0.000705,0.019282,0.004304,-0.169923,0.000183,0.073382,False
2021-06-16,-0.168871,-0.193368,0.000146,0.000131,-0.000957,0.000304,0.000887,-0.000703,0.019282,0.004306,-0.169970,0.001099,0.439678,False
2021-06-17,-0.170407,-0.193405,0.000157,0.000109,-0.000958,0.000304,0.000887,-0.000700,0.019282,0.004308,-0.170018,-0.000389,-0.155789,False
2021-06-18,-0.169585,-0.193442,0.000166,0.000086,-0.000959,0.000303,0.000886,-0.000697,0.019282,0.004310,-0.170065,0.000480,0.192192,False
2021-06-19,-0.169786,-0.193479,0.000175,0.000063,-0.000960,0.000303,0.000885,-0.000695,0.019282,0.004312,-0.170114,0.000328,0.131227,False
2021-06-20,-0.165649,-0.193516,0.000183,0.000041,-0.000960,0.000302,0.000884,-0.000692,0.019282,0.004314,-0.170163,0.004514,1.805722,False
2021-06-21,-0.168211,-0.193554,0.000190,0.000018,-0.000960,0.000302,0.000883,-0.000689,0.019282,0.004315,-0.170213,0.002002,0.800882,False
2021-06-22,-0.170183,-0.193591,0.000197,-0.000005,-0.000960,0.000301,0.000882,-0.000687,0.019282,0.004317,-0.170264,0.000081,0.032310,False
2021-06-23,-0.167568,-0.193628,0.000202,-0.000028,-0.000960,0.000301,0.000881,-0.000684,0.019282,0.004319,-0.170315,0.002747,1.098806,False
2021-06-24,-0.171765,-0.193665,0.000206,-0.000051,-0.000959,0.000300,0.000880,-0.000681,0.019282,0.004321,-0.170367,-0.001398,-0.559231,False
2021-06-25,-0.171565,-0.193702,0.000210,-0.000074,-0.000958,0.000300,0.000879,-0.000679,0.019282,0.004323,-0.170419,-0.001146,-0.458202,False
2021-06-26,-0.170266,-0.193739,0.000212,-0.000096,-0.000957,0.000299,0.000878,-0.000676,0.019282,0.004325,-0.170473,0.000207,0.082688,False
2021-06-27,-0.171183,-0.193776,0.000214,-0.000119,-0.000955,0.000298,0.000877,-0.000673,0.019282,0.004326,-0.170527,-0.000656,-0.262568,False
2021-06-28,-0.171490,-0.193813,0.000214,-0.000142,-0.000953,0.000298,0.000876,-0.000671,0.019282,0.004328,-0.170581,-0.000909,-0.363576,False
2021-06-29,-0.168622,-0.193851,0.000213,-0.000164,-0.000951,0.000297,0.000875,-0.000668,0.019282,0.004330,-0.170636,0.002014,0.805653,False
2021-06-30,-0.167623,-0.193888,0.000212,-0.000186,-0.000949,0.000297,0.000874,-0.000665,0.019282,0.004332,-0.170692,0.003069,1.227508,False
2021-07-01,-0.168135,-0.193925,0.000209,-0.000208,-0.000946,0.000296,0.000873,-0.000663,0.019282,0.004333,-0.170748,0.002613,1.045175,False
2021-07-02,-0.169637,-0.193962,0.000205,-0.000229,-0.000943,0.000295,0.000872,-0.000660,0.019282,0.004335,-0.170805,0.001168,0.467040,False
2021-07-03,-0.169739,-0.193999,0.000201,-0.000251,-0.000940,0.000295,0.000871,-0.000657,0.019282,0.004337,-0.170862,0.001123,0.449085,False
2021-07-04,-0.165950,-0.194036,0.000195,-0.000272,-0.000936,0.000294,0.000870,-0.000655,0.019282,0.004339,-0.170919,0.004969,1.987692,False
2021-07-05,-0.168759,-0.194073,0.000189,-0.000292,-0.000932,0.000293,0.000869,-0.000652,0.019282,0.004340,-0.170977,0.002218,0.887242,False
2021-07-06,-0.170070,-0.194111,0.000181,-0.000313,-0.000928,0.000293,0.000868,-0.000649,0.019282,0.004342,-0.171035,0.000965,0.386111,False
2021-07-07,-0.168877,-0.194148,0.000173,-0.000333,-0.000924,0.000292,0.000867,-0.000647,0.019282,0.004344,-0.171094,0.002217,0.886678,False
2021-07-08,-0.168536,-0.194185,0.000164,-0.000353,-0.000919,0.000291,0.000866,-0.000644,0.019282,0.004345,-0.171152,0.002616,1.046517,False
2021-07-09,-0.167758,-0.194222,0.000154,-0.000372,-0.000914,0.000290,0.000865,-0.000641,0.019282,0.004347,-0.171211,0.003453,1.381203,False
2021-07-10,-0.169535,-0.194259,0.000144,-0.000390,-0.000909,0.000290,0.000863,-0.000638,0.019282,0.004349,-0.171270,0.001735,0.693909,False
2021-07-11,-0.170477,-0.194296,0.000133,-0.000409,-0.000904,0.000289,0.000862,-0.000636,0.019282,0.004350,-0.171329,0.000852,0.340605,False
2021-07-12,-0.170720,-0.194333,0.000121,-0.000427,-0.000898,0.000288,0.000861,-0.000633,0.019282,0.004352,-0.171387,0.000667,0.266864,False
2021-07-13,-0.169425,-0.194370,0.000108,-0.000444,-0.000892,0.000288,0.000860,-0.000630,0.019282,0.004354,-0.171446,0.002021,0.808253,False
2021-07-14,-0.169300,-0.194408,0.000095,-0.000461,-0.000886,0.000287,0.000859,-0.000628,0.019282,0.004355,-0.171504,0.002204,0.881543,False
2021-07-15,-0.170175,-0.194445,0.000082,-0.000477,-0.000879,0.000286,0.000857,-0.000625,0.019282,0.004357,-0.171562,0.001387,0.554702,False
2021-07-16,-0.171059,-0.194482,0.000068,-0.000493,-0.000872,0.000285,0.000856,-0.000622,0.019282,0.004359,-0.171619,0.000560,0.224096,False
2021-07-17,-0.169478,-0.194519,0.000054,-0.000508,-0.000865,0.000285,0.000855,-0.000619,0.019282,0.004360,-0.171676,0.002198,0.879294,False
2021-07-18,-0.169518,-0.194556,0.000040,-0.000522,-0.000858,0.000284,0.000854,-0.000617,0.019282,0.004362,-0.171733,0.002215,0.885862,False
2021-07-19,-0.171234,-0.194593,0.000025,-0.000536,-0.000851,0.000283,0.000852,-0.000614,0.019282,0.004363,-0.171788,0.000554,0.221767,False
2021-07-20,-0.168533,-0.194630,0.000010,-0.000549,-0.000843,0.000282,0.000851,-0.000611,0.019282,0.004365,-0.171843,0.003310,1.324176,False
2021-07-21,-0.174294,-0.194667,-0.000004,-0.000562,-0.000835,0.000281,0.000850,-0.000608,0.019282,0.004366,-0.171898,-0.002396,-0.958545,False
2021-07-22,-0.171844,-0.194705,-0.000019,-0.000574,-0.000826,0.000281,0.000849,-0.000606,0.019282,0.004368,-0.171951,0.000107,0.042771,False
2021-07-23,-0.169662,-0.194742,-0.000034,-0.000585,-0.000818,0.000280,0.000847,-0.000603,0.019282,0.004370,-0.172003,0.002341,0.936493,False
2021-07-24,-0.171008,-0.194779,-0.000048,-0.000596,-0.000809,0.000279,0.000846,-0.000600,0.019282,0.004371,-0.172054,0.001046,0.418587,False
2021-07-25,-0.172465,-0.194816,-0.000062,-0.000605,-0.000800,0.000278,0.000845,-0.000597,0.019282,0.004373,-0.172105,-0.000360,-0.144178,False
2021-07-26,-0.173166,-0.194853,-0.000076,-0.000614,-0.000791,0.000277,0.000843,-0.000595,0.019282,0.004374,-0.172153,-0.001013,-0.405031,False
2021-07-27,-0.172445,-0.194890,-0.000090,-0.000623,-0.000781,0.000276,0.000842,-0.000592,0.019282,0.004376,-0.172201,-0.000244,-0.097604,False
2021-07-28,-0.173748,-0.194927,-0.000103,-0.000630,-0.000772,0.000275,0.000840,-0.000589,0.019282,0.004377,-0.172247,-0.001501,-0.600323,False
2021-07-29,-0.172102,-0.194965,-0.000116,-0.000637,-0.000762,0.000275,0.000839,-0.000586,0.019282,0.004379,-0.172292,0.000190,0.075982,False
2021-07-30,-0.170931,-0.195002,-0.000128,-0.000644,-0.000752,0.000274,0.000838,-0.000584,0.019282,0.004380,-0.172335,0.001404,0.561686,False
2021-07-31,-0.172552,-0.195039,-0.000139,-0.000649,-0.000741,0.000273,0.000836,-0.000581,0.019282,0.004382,-0.172377,-0.000175,-0.070035,False
2021-08-01,-0.170195,-0.195076,-0.000150,-0.000654,-0.000731,0.000272,0.000835,-0.000578,0.019282,0.004383,-0.172417,0.002222,0.888794,False
2021-08-02,-0.172320,-0.195113,-0.000160,-0.000657,-0.000720,0.000271,0.000833,-0.000575,0.019282,0.004385,-0.172455,0.000135,0.054154,False
2021-08-03,-0.170233,-0.195150,-0.000170,-0.000660,-0.000709,0.000270,0.000832,-0.000573,0.019282,0.004386,-0.172492,0.002259,0.903623,False
2021-08-04,-0.174173,-0.195187,-0.000178,-0.000663,-0.000697,0.000269,0.000830,-0.000570,0.019282,0.004388,-0.172527,-0.001646,-0.658416,False
2021-08-05,-0.177963,-0.195224,-0.000186,-0.000664,-0.000686,0.000268,0.000829,-0.000567,0.019282,0.004389,-0.172560,-0.005403,-2.161179,False
2021-08-06,-0.169928,-0.195262,-0.000193,-0.000665,-0.000674,0.000267,0.000827,-0.000564,0.019282,0.004390,-0.172591,0.002663,1.065320,False
2021-08-07,-0.171834,-0.195299,-0.000199,-0.000665,-0.000662,0.000266,0.000826,-0.000562,0.019282,0.004392,-0.172621,0.000787,0.314669,False
2021-08-08,-0.172893,-0.195336,-0.000204,-0.000664,-0.000650,0.000265,0.000824,-0.000559,0.019282,0.004393,-0.172648,-0.000245,-0.097942,False
2021-08-09,-0.171479,-0.195373,-0.000208,-0.000662,-0.000638,0.000264,0.000823,-0.000556,0.019282,0.004395,-0.172674,0.001195,0.477879,False
2021-08-10,-0.171244,-0.195410,-0.000211,-0.000660,-0.000626,0.000263,0.000821,-0.000553,0.019282,0.004396,-0.172697,0.001453,0.581328,False
2021-08-11,-0.172331,-0.195447,-0.000213,-0.000657,-0.000613,0.000262,0.000820,-0.000550,0.019282,0.004397,-0.172719,0.000388,0.155200,False
2021-08-12,-0.172270,-0.195484,-0.000214,-0.000653,-0.000600,0.000261,0.000818,-0.000548,0.019282,0.004399,-0.172739,0.000469,0.187495,False
2021-08-13,-0.172520,-0.195521,-0.000214,-0.000648,-0.000587,0.000260,0.000817,-0.000545,0.019282,0.004400,-0.172757,0.000237,0.094615,False
2021-08-14,-0.173275,-0.195559,-0.000213,-0.000642,-0.000574,0.000259,0.000815,-0.000542,0.019282,0.004402,-0.172772,-0.000503,-0.201037,False
2021-08-15,-0.172277,-0.195596,-0.000211,-0.000636,-0.000561,0.000258,0.000813,-0.000539,0.019282,0.004403,-0.172786,0.000509,0.203746,False
2021-08-16,-0.174117,-0.195633,-0.000208,-0.000629,-0.000547,0.000257,0.000812,-0.000536,0.019282,0.004404,-0.172798,-0.001319,-0.527429,False
2021-08-17,-0.169365,-0.195670,-0.000204,-0.000621,-0.000534,0.000256,0.000810,-0.000534,0.019282,0.004406,-0.172809,0.003444,1.377449,False
2021-08-18,-0.174399,-0.195707,-0.000199,-0.000613,-0.000520,0.000255,0.000808,-0.000531,0.019282,0.004407,-0.172817,-0.001582,-0.632807,False
2021-08-19,-0.169819,-0.195744,-0.000193,-0.000603,-0.000506,0.000254,0.000807,-0.000528,0.019282,0.004408,-0.172824,0.003005,1.201818,False
2021-08-20,-0.172188,-0.195781,-0.000186,-0.000593,-0.000492,0.000253,0.000805,-0.000525,0.019282,0.004410,-0.172828,0.000640,0.256142,False
2021-08-21,-0.172663,-0.195819,-0.000178,-0.000583,-0.000477,0.000252,0.000803,-0.000522,0.019282,0.004411,-0.172831,0.000168,0.067383,False
2021-08-22,-0.172782,-0.195856,-0.000170,-0.000571,-0.000463,0.000251,0.000802,-0.000520,0.019282,0.004412,-0.172833,0.000051,0.020363,False
2021-08-23,-0.173975,-0.195893,-0.000161,-0.000559,-0.000448,0.000250,0.000800,-0.000517,0.019282,0.004414,-0.172833,-0.001142,-0.456895,False
2021-08-24,-0.173059,-0.195930,-0.000150,-0.000547,-0.000434,0.000249,0.000798,-0.000514,0.019282,0.004415,-0.172831,-0.000228,-0.091165,False
2021-08-25,-0.170267,-0.195967,-0.000140,-0.000533,-0.000419,0.000248,0.000796,-0.000511,0.019282,0.004416,-0.172828,0.002561,1.024379,False
2021-08-26,-0.170394,-0.196004,-0.000128,-0.000519,-0.000404,0.000247,0.000795,-0.000508,0.019282,0.004417,-0.172823,0.002429,0.971765,False
2021-08-27,-0.173096,-0.196041,-0.000116,-0.000505,-0.000389,0.000246,0.000793,-0.000505,0.019282,0.004419,-0.172818,-0.000278,-0.111375,False
2021-08-28,-0.173298,-0.196078,-0.000103,-0.000489,-0.000374,0.000244,0.000791,-0.000503,0.019282,0.004420,-0.172810,-0.000488,-0.195011,False
2021-08-29,-0.174291,-0.196116,-0.000090,-0.000474,-0.000359,0.000243,0.000789,-0.000500,0.019282,0.004421,-0.172802,-0.001489,-0.595510,False
2021-08-30,-0.172593,-0.196153,-0.000077,-0.000457,-0.000343,0.000242,0.000788,-0.000497,0.019282,0.004422,-0.172793,0.000200,0.079963,False
2021-08-31,-0.171789,-0.196190,-0.000063,-0.000440,-0.000328,0.000241,0.000786,-0.000494,0.019282,0.004424,-0.172783,0.000994,0.397443,False
2021-09-01,-0.176470,-0.196227,-0.000049,-0.000423,-0.000312,0.000240,0.000784,-0.000491,0.019282,0.004425,-0.172771,-0.003699,-1.479434,False
2021-09-02,-0.172543,-0.196264,-0.000034,-0.000405,-0.000296,0.000239,0.000782,-0.000488,0.019282,0.004426,-0.172759,0.000216,0.086569,False
2021-09-03,-0.175597,-0.196301,-0.000020,-0.000387,-0.000281,0.000238,0.000780,-0.000486,0.019282,0.004427,-0.172747,-0.002850,-1.140110,False
2021-09-04,-0.172302,-0.196338,-0.000005,-0.000368,-0.000265,0.000236,0.000778,-0.000483,0.019282,0.004429,-0.172733,0.000431,0.172566,False
2021-09-05,-0.169858,-0.196375,0.000010,-0.000348,-0.000249,0.000235,0.000776,-0.000480,0.019282,0.004430,-0.172720,0.002862,1.144638,False
2021-09-06,-0.172705,-0.196413,0.000025,-0.000329,-0.000233,0.000234,0.000775,-0.000477,0.019282,0.004431,-0.172705,0.000000,0.000143,False
2021-09-07,-0.171172,-0.196450,0.000039,-0.000309,-0.000217,0.000233,0.000773,-0.000474,0.019282,0.004432,-0.172691,0.001519,0.607520,False
2021-09-08,-0.173561,-0.196487,0.000054,-0.000288,-0.000201,0.000232,0.000771,-0.000471,0.019282,0.004433,-0.172676,-0.000885,-0.353990,False
2021-09-09,-0.172799,-0.196524,0.000068,-0.000267,-0.000184,0.000231,0.000769,-0.000468,0.019282,0.004435,-0.172661,-0.000138,-0.055151,False
2021-09-10,-0.174966,-0.196561,0.000081,-0.000246,-0.000168,0.000229,0.000767,-0.000466,0.019282,0.004436,-0.172646,-0.002320,-0.927922,False
2021-09-11,-0.171425,-0.196598,0.000095,-0.000225,-0.000152,0.000228,0.000765,-0.000463,0.019282,0.004437,-0.172631,0.001206,0.482534,False
2021-09-12,-0.170585,-0.196635,0.000108,-0.000203,-0.000136,0.000227,0.000763,-0.000460,0.019282,0.004438,-0.172617,0.002032,0.812654,False
2021-09-13,-0.171828,-0.196673,0.000120,-0.000181,-0.000119,0.000226,0.000761,-0.000457,0.019282,0.004439,-0.172602,0.000774,0.309676,False
2021-09-14,-0.171169,-0.196710,0.000132,-0.000159,-0.000103,0.000224,0.000759,-0.000454,0.019282,0.004440,-0.172588,0.001419,0.567634,False
2021-09-15,-0.171777,-0.196747,0.000143,-0.000137,-0.000086,0.000223,0.000757,-0.000451,0.019282,0.004442,-0.172574,0.000797,0.318965,False
2021-09-16,-0.175783,-0.196784,0.000154,-0.000114,-0.000070,0.000222,0.000755,-0.000448,0.019282,0.004443,-0.172561,-0.003222,-1.288698,False
2021-09-17,-0.175699,-0.196821,0.000164,-0.000092,-0.000053,0.000221,0.000753,-0.000445,0.019282,0.004444,-0.172549,-0.003150,-1.260072,False
2021-09-18,-0.175615,-0.196858,0.000173,-0.000069,-0.000037,0.000219,0.000751,-0.000443,0.019282,0.004445,-0.172537,-0.003078,-1.231177,False
2021-09-19,-0.175531,-0.196895,0.000181,-0.000046,-0.000020,0.000218,0.000749,-0.000440,0.019282,0.004446,-0.172526,-0.003005,-1.201982,False
2021-09-20,-0.175447,-0.196932,0.000189,-0.000023,-0.000004,0.000217,0.000747,-0.000437,0.019282,0.004447,-0.172515,-0.002931,-1.172459,False
2021-09-21,-0.175362,-0.196970,0.000195,-0.000000,0.000013,0.000216,0.000745,-0.000434,0.019282,0.004448,-0.172506,-0.002856,-1.142580,False
2021-09-22,-0.175278,-0.197007,0.000201,0.000022,0.000029,0.000214,0.000743,-0.000431,0.019282,0.004449,-0.172497,-0.002781,-1.112322,False
2021-09-23,-0.175194,-0.197044,0.000205,0.000045,0.000046,0.000213,0.000741,-0.000428,0.019282,0.004451,-0.172490,-0.002704,-1.081660,False
2021-09-24,-0.175110,-0.197081,0.000209,0.000068,0.000062,0.000212,0.000739,-0.000425,0.019282,0.004452,-0.172484,-0.002626,-1.050573,False
2021-09-25,-0.174456,-0.197118,0.000212,0.000091,0.000079,0.000210,0.000736,-0.000422,0.019282,0.004453,-0.172478,-0.001978,-0.791092,False
2021-09-26,-0.172458,-0.197155,0.000213,0.000113,0.000095,0.000209,0.000734,-0.000420,0.019282,0.004454,-0.172474,0.000016,0.006452,False
2021-09-27,-0.173499,-0.197192,0.000214,0.000136,0.000112,0.000208,0.000732,-0.000417,0.019282,0.004455,-0.172471,-0.001028,-0.411127,False
2021-09-28,-0.171217,-0.197229,0.000214,0.000158,0.000128,0.000206,0.000730,-0.000414,0.019282,0.004456,-0.172469,0.001252,0.500987,False
2021-09-29,-0.171999,-0.197267,0.000212,0.000180,0.000144,0.000205,0.000728,-0.000411,0.019282,0.004457,-0.172469,0.000470,0.188004,False
2021-09-30,-0.172781,-0.197304,0.000210,0.000202,0.000161,0.000204,0.000726,-0.000408,0.019282,0.004458,-0.172470,-0.000311,-0.124465,False
2021-10-01,-0.173424,-0.197341,0.000206,0.000224,0.000177,0.000202,0.000724,-0.000405,0.019282,0.004459,-0.172472,-0.000952,-0.380813,False
2021-10-02,-0.172865,-0.197378,0.000202,0.000245,0.000193,0.000201,0.000721,-0.000402,0.019282,0.004460,-0.172475,-0.000390,-0.155834,False
2021-10-03,-0.175141,-0.197415,0.000197,0.000267,0.000209,0.000200,0.000719,-0.000399,0.019282,0.004461,-0.172480,-0.002661,-1.064324,False
2021-10-04,-0.174394,-0.197452,0.000191,0.000287,0.000225,0.000198,0.000717,-0.000396,0.019282,0.004462,-0.172486,-0.001908,-0.763081,False
2021-10-05,-0.170473,-0.197489,0.000183,0.000308,0.000241,0.000197,0.000715,-0.000393,0.019282,0.004463,-0.172494,0.002021,0.808294,False
2021-10-06,-0.171786,-0.197527,0.000175,0.000328,0.000257,0.000196,0.000712,-0.000391,0.019282,0.004464,-0.172502,0.000716,0.286600,False
2021-10-07,-0.175646,-0.197564,0.000166,0.000348,0.000273,0.000194,0.000710,-0.000388,0.019282,0.004465,-0.172513,-0.003133,-1.253368,False
2021-10-08,-0.172873,-0.197601,0.000157,0.000367,0.000289,0.000193,0.000708,-0.000385,0.019282,0.004466,-0.172524,-0.000349,-0.139614,False
2021-10-09,-0.173784,-0.197638,0.000146,0.000386,0.000305,0.000191,0.000706,-0.000382,0.019282,0.004467,-0.172537,-0.001247,-0.498947,False
2021-10-10,-0.175061,-0.197675,0.000135,0.000404,0.000320,0.000190,0.000703,-0.000379,0.019282,0.004468,-0.172551,-0.002510,-1.004175,False
2021-10-11,-0.175414,-0.197712,0.000124,0.000422,0.000336,0.000189,0.000701,-0.000376,0.019282,0.004469,-0.172566,-0.002848,-1.139308,False
2021-10-12,-0.173496,-0.197749,0.000111,0.000440,0.000351,0.000187,0.000699,-0.000373,0.019282,0.004470,-0.172582,-0.000914,-0.365558,False
2021-10-13,-0.173787,-0.197786,0.000099,0.000457,0.000367,0.000186,0.000697,-0.000370,0.019282,0.004471,-0.172600,-0.001187,-0.474940,False
2021-10-14,-0.174329,-0.197824,0.000085,0.000473,0.000382,0.000184,0.000694,-0.000367,0.019282,0.004472,-0.172618,-0.001711,-0.684266,False
2021-10-15,-0.176450,-0.197861,0.000072,0.000489,0.000397,0.000183,0.000692,-0.000364,0.019282,0.004473,-0.172638,-0.003812,-1.524753,False
2021-10-16,-0.173927,-0.197898,0.000057,0.000504,0.000412,0.000181,0.000690,-0.000361,0.019282,0.004474,-0.172659,-0.001268,-0.507218,False
2021-10-17,-0.174887,-0.197935,0.000043,0.000519,0.000427,0.000180,0.000687,-0.000358,0.019282,0.004475,-0.172681,-0.002206,-0.882479,False
2021-10-18,-0.178215,-0.197972,0.000029,0.000533,0.000442,0.000179,0.000685,-0.000355,0.019282,0.004476,-0.172704,-0.005511,-2.204553,False
2021-10-19,-0.173494,-0.198009,0.000014,0.000546,0.000456,0.000177,0.000682,-0.000353,0.019282,0.004477,-0.172727,-0.000767,-0.306660,False
2021-10-20,-0.173095,-0.198046,-0.000001,0.000559,0.000471,0.000176,0.000680,-0.000350,0.019282,0.004478,-0.172752,-0.000343,-0.137219,False
2021-10-21,-0.175317,-0.198083,-0.000015,0.000571,0.000485,0.000174,0.000678,-0.000347,0.019282,0.004479,-0.172777,-0.002540,-1.015852,False
2021-10-22,-0.178060,-0.198121,-0.000030,0.000582,0.000499,0.000173,0.000675,-0.000344,0.019282,0.004480,-0.172804,-0.005256,-2.102578,False
2021-10-23,-0.174456,-0.198158,-0.000045,0.000593,0.000513,0.000171,0.000673,-0.000341,0.019282,0.004481,-0.172830,-0.001626,-0.650218,False
2021-10-24,-0.175985,-0.198195,-0.000059,0.000603,0.000527,0.000170,0.000670,-0.000338,0.019282,0.004482,-0.172858,-0.003127,-1.250793,False
2021-10-25,-0.177598,-0.198232,-0.000073,0.000612,0.000541,0.000168,0.000668,-0.000335,0.019282,0.004483,-0.172886,-0.004712,-1.884723,False
2021-10-26,-0.175296,-0.198269,-0.000087,0.000621,0.000555,0.000167,0.000666,-0.000332,0.019282,0.004484,-0.172915,-0.002381,-0.952430,False
2021-10-27,-0.176426,-0.198306,-0.000100,0.000629,0.000568,0.000165,0.000663,-0.000329,0.019282,0.004484,-0.172944,-0.003482,-1.392733,False
2021-10-28,-0.174556,-0.198343,-0.000113,0.000636,0.000581,0.000164,0.000661,-0.000326,0.019282,0.004485,-0.172974,-0.001582,-0.632852,False
2021-10-29,-0.175011,-0.198381,-0.000125,0.000642,0.000594,0.000162,0.000658,-0.000323,0.019282,0.004486,-0.173004,-0.002007,-0.802807,False
2021-10-30,-0.178346,-0.198418,-0.000136,0.000648,0.000607,0.000161,0.000656,-0.000320,0.019282,0.004487,-0.173034,-0.005312,-2.124617,False
2021-10-31,-0.176747,-0.198455,-0.000148,0.000652,0.000620,0.000159,0.000653,-0.000317,0.019282,0.004488,-0.173065,-0.003682,-1.472698,False
2021-11-01,-0.174905,-0.198492,-0.000158,0.000657,0.000632,0.000158,0.000651,-0.000314,0.019282,0.004489,-0.173096,-0.001809,-0.723470,False
2021-11-02,-0.174281,-0.198529,-0.000167,0.000660,0.000645,0.000156,0.000648,-0.000311,0.019282,0.004490,-0.173128,-0.001153,-0.461346,False
2021-11-03,-0.174315,-0.198566,-0.000176,0.000662,0.000657,0.000155,0.000646,-0.000308,0.019282,0.004491,-0.173159,-0.001156,-0.462344,False
2021-11-04,-0.174690,-0.198603,-0.000184,0.000664,0.000669,0.000153,0.000643,-0.000305,0.019282,0.004492,-0.173191,-0.001499,-0.599677,False
2021-11-05,-0.177017,-0.198640,-0.000191,0.000665,0.000681,0.000152,0.000640,-0.000303,0.019282,0.004492,-0.173223,-0.003794,-1.517757,False
2021-11-06,-0.174265,-0.198678,-0.000197,0.000665,0.000692,0.000150,0.000638,-0.000300,0.019282,0.004493,-0.173255,-0.001010,-0.404196,False
2021-11-07,-0.175409,-0.198715,-0.000203,0.000664,0.000703,0.000149,0.000635,-0.000297,0.019282,0.004494,-0.173286,-0.002123,-0.849006,False
2021-11-08,-0.175908,-0.198752,-0.000207,0.000663,0.000715,0.000147,0.000633,-0.000294,0.019282,0.004495,-0.173319,-0.002589,-1.035793,False
2021-11-09,-0.175425,-0.198789,-0.000210,0.000661,0.000726,0.000145,0.000630,-0.000291,0.019282,0.004496,-0.173351,-0.002074,-0.829767,False
2021-11-10,-0.177198,-0.198826,-0.000212,0.000658,0.000736,0.000144,0.000628,-0.000288,0.019282,0.004497,-0.173383,-0.003815,-1.526133,False
2021-11-11,-0.176688,-0.198863,-0.000214,0.000654,0.000747,0.000142,0.000625,-0.000285,0.019282,0.004498,-0.173415,-0.003273,-1.309296,False
2021-11-12,-0.176626,-0.198900,-0.000214,0.000649,0.000757,0.000141,0.000622,-0.000282,0.019282,0.004498,-0.173447,-0.003179,-1.271658,False
2021-11-13,-0.176461,-0.198937,-0.000213,0.000644,0.000767,0.000139,0.000620,-0.000279,0.019282,0.004499,-0.173479,-0.002982,-1.192821,False
2021-11-14,-0.177524,-0.198975,-0.000211,0.000638,0.000777,0.000138,0.000617,-0.000276,0.019282,0.004500,-0.173511,-0.004013,-1.605185,False
2021-11-15,-0.176229,-0.199012,-0.000209,0.000631,0.000787,0.000136,0.000614,-0.000273,0.019282,0.004501,-0.173543,-0.002686,-1.074349,False
2021-11-16,-0.174031,-0.199049,-0.000205,0.000623,0.000796,0.000134,0.000612,-0.000270,0.019282,0.004502,-0.173575,-0.000456,-0.182310,False
2021-11-17,-0.174144,-0.199086,-0.000200,0.000615,0.000805,0.000133,0.000609,-0.000267,0.019282,0.004502,-0.173607,-0.000537,-0.214662,False
2021-11-18,-0.174214,-0.199123,-0.000195,0.000606,0.000814,0.000131,0.000606,-0.000264,0.019282,0.004503,-0.173639,-0.000575,-0.229800,False
2021-11-19,-0.176353,-0.199160,-0.000188,0.000596,0.000823,0.000130,0.000604,-0.000261,0.019282,0.004504,-0.173672,-0.002681,-1.072517,False
2021-11-20,-0.174742,-0.199197,-0.000180,0.000585,0.000831,0.000128,0.000601,-0.000258,0.019282,0.004505,-0.173704,-0.001038,-0.415203,False
2021-11-21,-0.174234,-0.199235,-0.000172,0.000574,0.000839,0.000126,0.000598,-0.000255,0.019282,0.004506,-0.173736,-0.000498,-0.199049,False
2021-11-22,-0.174487,-0.199272,-0.000163,0.000562,0.000847,0.000125,0.000596,-0.000252,0.019282,0.004506,-0.173769,-0.000718,-0.287243,False
2021-11-23,-0.177307,-0.199309,-0.000153,0.000550,0.000855,0.000123,0.000593,-0.000249,0.019282,0.004507,-0.173802,-0.003505,-1.402172,False
2021-11-24,-0.176206,-0.199346,-0.000142,0.000537,0.000862,0.000122,0.000590,-0.000246,0.019282,0.004508,-0.173834,-0.002372,-0.948623,False
2021-11-25,-0.175003,-0.199383,-0.000131,0.000523,0.000869,0.000120,0.000587,-0.000243,0.019282,0.004509,-0.173868,-0.001135,-0.454181,False
2021-11-26,-0.174863,-0.199420,-0.000119,0.000508,0.000876,0.000118,0.000585,-0.000240,0.019282,0.004510,-0.173901,-0.000962,-0.384831,False
2021-11-27,-0.174761,-0.199457,-0.000107,0.000493,0.000883,0.000117,0.000582,-0.000237,0.019282,0.004510,-0.173935,-0.000826,-0.330555,False
2021-11-28,-0.176395,-0.199494,-0.000094,0.000478,0.000889,0.000115,0.000579,-0.000234,0.019282,0.004511,-0.173969,-0.002426,-0.970536,False
2021-11-29,-0.173941,-0.199532,-0.000080,0.000461,0.000895,0.000113,0.000576,-0.000231,0.019282,0.004512,-0.174003,0.000062,0.024844,False
2021-11-30,-0.174006,-0.199569,-0.000066,0.000445,0.000901,0.000112,0.000574,-0.000228,0.019282,0.004513,-0.174038,0.000032,0.012802,False
2021-12-01,-0.174550,-0.199606,-0.000052,0.000427,0.000907,0.000110,0.000571,-0.000225,0.019282,0.004513,-0.174073,-0.000477,-0.190641,False
2021-12-02,-0.174982,-0.199643,-0.000038,0.000410,0.000912,0.000109,0.000568,-0.000222,0.019282,0.004514,-0.174109,-0.000873,-0.349068,False
2021-12-03,-0.174660,-0.199680,-0.000023,0.000391,0.000917,0.000107,0.000565,-0.000219,0.019282,0.004515,-0.174146,-0.000514,-0.205657,False
2021-12-04,-0.174971,-0.199717,-0.000008,0.000373,0.000922,0.000105,0.000562,-0.000216,0.019282,0.004516,-0.174183,-0.000788,-0.315190,False
2021-12-05,-0.173078,-0.199754,0.000006,0.000353,0.000926,0.000104,0.000560,-0.000213,0.019282,0.004516,-0.174221,0.001143,0.457152,False
2021-12-06,-0.175090,-0.199791,0.000021,0.000334,0.000930,0.000102,0.000557,-0.000210,0.019282,0.004517,-0.174259,-0.000831,-0.332210,False
2021-12-07,-0.175200,-0.199829,0.000036,0.000314,0.000934,0.000100,0.000554,-0.000207,0.019282,0.004518,-0.174299,-0.000901,-0.360458,False
2021-12-08,-0.174897,-0.199866,0.000050,0.000293,0.000938,0.000099,0.000551,-0.000204,0.019282,0.004518,-0.174339,-0.000558,-0.223173,False
2021-12-09,-0.176826,-0.199903,0.000064,0.000273,0.000941,0.000097,0.000548,-0.000201,0.019282,0.004519,-0.174380,-0.002446,-0.978338,False
2021-12-10,-0.178187,-0.199940,0.000078,0.000252,0.000945,0.000095,0.000545,-0.000198,0.019282,0.004520,-0.174422,-0.003765,-1.505934,False
2021-12-11,-0.176634,-0.199977,0.000092,0.000230,0.000947,0.000094,0.000542,-0.000195,0.019282,0.004521,-0.174465,-0.002169,-0.867545,False
2021-12-12,-0.176336,-0.200014,0.000105,0.000209,0.000950,0.000092,0.000540,-0.000192,0.019282,0.004521,-0.174509,-0.001827,-0.730756,False
2021-12-13,-0.176128,-0.200051,0.000117,0.000187,0.000952,0.000090,0.000537,-0.000189,0.019282,0.004522,-0.174554,-0.001574,-0.629551,False
2021-12-14,-0.174546,-0.200089,0.000129,0.000165,0.000954,0.000089,0.000534,-0.000186,0.019282,0.004523,-0.174600,0.000054,0.021683,False
2021-12-15,-0.177438,-0.200126,0.000141,0.000142,0.000956,0.000087,0.000531,-0.000183,0.019282,0.004523,-0.174647,-0.002791,-1.116240,False
2021-12-16,-0.175750,-0.200163,0.000151,0.000120,0.000957,0.000085,0.000528,-0.000180,0.019282,0.004524,-0.174696,-0.001054,-0.421711,False
2021-12-17,-0.173961,-0.200200,0.000161,0.000097,0.000958,0.000083,0.000525,-0.000177,0.019282,0.004525,-0.174745,0.000784,0.313681,False
2021-12-18,-0.174235,-0.200237,0.000171,0.000075,0.000959,0.000082,0.000522,-0.000174,0.019282,0.004525,-0.174796,0.000561,0.224345,False
2021-12-19,-0.175077,-0.200274,0.000179,0.000052,0.000960,0.000080,0.000519,-0.000171,0.019282,0.004526,-0.174848,-0.000229,-0.091713,False
2021-12-20,-0.174196,-0.200311,0.000187,0.000029,0.000960,0.000078,0.000516,-0.000168,0.019282,0.004527,-0.174901,0.000705,0.281913,False
2021-12-21,-0.173818,-0.200348,0.000194,0.000006,0.000960,0.000077,0.000513,-0.000165,0.019282,0.004527,-0.174955,0.001137,0.454825,False
2021-12-22,-0.175323,-0.200386,0.000199,-0.000017,0.000960,0.000075,0.000510,-0.000162,0.019282,0.004528,-0.175011,-0.000312,-0.124973,False
2021-12-23,-0.175551,-0.200423,0.000204,-0.000040,0.000959,0.000073,0.000507,-0.000159,0.019282,0.004529,-0.175067,-0.000484,-0.193482,False
2021-12-24,-0.173967,-0.200460,0.000208,-0.000062,0.000958,0.000072,0.000504,-0.000156,0.019282,0.004529,-0.175125,0.001158,0.463296,False
2021-12-25,-0.173199,-0.200497,0.000211,-0.000085,0.000957,0.000070,0.000501,-0.000153,0.019282,0.004530,-0.175184,0.001985,0.794158,False
2021-12-26,-0.172803,-0.200534,0.000213,-0.000108,0.000956,0.000068,0.000498,-0.000150,0.019282,0.004531,-0.175245,0.002442,0.976698,False
2021-12-27,-0.175285,-0.200571,0.000214,-0.000130,0.000954,0.000066,0.000495,-0.000147,0.019282,0.004531,-0.175306,0.000021,0.008510,False
2021-12-28,-0.174817,-0.200608,0.000214,-0.000153,0.000952,0.000065,0.000492,-0.000144,0.019282,0.004532,-0.175369,0.000552,0.220783,False
2021-12-29,-0.174795,-0.200645,0.000213,-0.000175,0.000950,0.000063,0.000489,-0.000141,0.019282,0.004533,-0.175433,0.000638,0.255106,False
2021-12-30,-0.177557,-0.200683,0.000210,-0.000197,0.000947,0.000061,0.000486,-0.000138,0.019282,0.004533,-0.175498,-0.002059,-0.823732,False
2021-12-31,-0.177384,-0.200720,0.000207,-0.000219,0.000944,0.000060,0.000483,-0.000135,0.019282,0.004534,-0.175564,-0.001820,-0.728148,False
2022-01-01,-0.176443,-0.200757,0.000203,-0.000240,0.000941,0.000058,0.000480,-0.000132,0.019282,0.004535,-0.175631,-0.000812,-0.324957,False
2022-01-02,-0.175513,-0.200794,0.000198,-0.000261,0.000938,0.000056,0.000477,-0.000129,0.019282,0.004535,-0.175699,0.000186,0.074221,False
2022-01-03,-0.175814,-0.200831,0.000192,-0.000282,0.000934,0.000054,0.000474,-0.000126,0.019282,0.004536,-0.175767,-0.000047,-0.018632,False
2022-01-04,-0.174138,-0.200868,0.000185,-0.000303,0.000930,0.000053,0.000471,-0.000123,0.019282,0.004536,-0.175837,0.001699,0.679660,False
2022-01-05,-0.176294,-0.200905,0.000177,-0.000323,0.000926,0.000051,0.000468,-0.000120,0.019282,0.004537,-0.175908,-0.000386,-0.154525,False
2022-01-06,-0.176032,-0.200943,0.000169,-0.000343,0.000922,0.000049,0.000465,-0.000117,0.019282,0.004538,-0.175979,-0.000053,-0.021213,False
2022-01-07,-0.171825,-0.200980,0.000159,-0.000362,0.000917,0.000047,0.000462,-0.000114,0.019282,0.004538,-0.176051,0.004226,1.690371,False
2022-01-08,-0.173860,-0.201017,0.000149,-0.000381,0.000912,0.000046,0.000459,-0.000111,0.019282,0.004539,-0.176123,0.002263,0.905398,False
2022-01-09,-0.175715,-0.201054,0.000138,-0.000400,0.000906,0.000044,0.000456,-0.000108,0.019282,0.004539,-0.176197,0.000482,0.192641,False
2022-01-10,-0.175454,-0.201091,0.000127,-0.000418,0.000901,0.000042,0.000452,-0.000105,0.019282,0.004540,-0.176270,0.000816,0.326467,False
2022-01-11,-0.178355,-0.201128,0.000114,-0.000435,0.000895,0.000041,0.000449,-0.000102,0.019282,0.004541,-0.176344,-0.002011,-0.804353,False
2022-01-12,-0.178328,-0.201165,0.000102,-0.000452,0.000889,0.000039,0.000446,-0.000099,0.019282,0.004541,-0.176418,-0.001910,-0.763852,False
2022-01-13,-0.177625,-0.201202,0.000089,-0.000469,0.000882,0.000037,0.000443,-0.000096,0.019282,0.004542,-0.176493,-0.001132,-0.452863,False
2022-01-14,-0.176535,-0.201240,0.000075,-0.000485,0.000876,0.000035,0.000440,-0.000093,0.019282,0.004542,-0.176567,0.000032,0.012981,False
2022-01-15,-0.177978,-0.201277,0.000061,-0.000500,0.000869,0.000034,0.000437,-0.000090,0.019282,0.004543,-0.176642,-0.001336,-0.534355,False
2022-01-16,-0.177073,-0.201314,0.000047,-0.000515,0.000862,0.000032,0.000434,-0.000087,0.019282,0.004544,-0.176717,-0.000356,-0.142504,False
2022-01-17,-0.176176,-0.201351,0.000032,-0.000529,0.000854,0.000030,0.000430,-0.000084,0.019282,0.004544,-0.176791,0.000615,0.246097,False
2022-01-18,-0.177060,-0.201388,0.000018,-0.000543,0.000847,0.000028,0.000427,-0.000081,0.019282,0.004545,-0.176866,-0.000194,-0.077787,False
2022-01-19,-0.176202,-0.201425,0.000003,-0.000556,0.000839,0.000027,0.000424,-0.000078,0.019282,0.004545,-0.176940,0.000738,0.295011,False
2022-01-20,-0.179514,-0.201462,-0.000012,-0.000568,0.000831,0.000025,0.000421,-0.000075,0.019282,0.004546,-0.177013,-0.002501,-1.000346,False
2022-01-21,-0.179218,-0.201499,-0.000026,-0.000579,0.000822,0.000023,0.000418,-0.000072,0.019282,0.004546,-0.177086,-0.002132,-0.852692,False
2022-01-22,-0.177985,-0.201537,-0.000041,-0.000590,0.000814,0.000021,0.000415,-0.000069,0.019282,0.004547,-0.177159,-0.000826,-0.330461,False
2022-01-23,-0.176803,-0.201574,-0.000055,-0.000601,0.000805,0.000020,0.000411,-0.000066,0.019282,0.004548,-0.177231,0.000428,0.171113,False
2022-01-24,-0.175728,-0.201611,-0.000069,-0.000610,0.000796,0.000018,0.000408,-0.000063,0.019282,0.004548,-0.177302,0.001574,0.629596,False
2022-01-25,-0.175430,-0.201648,-0.000083,-0.000619,0.000786,0.000016,0.000405,-0.000060,0.019282,0.004549,-0.177372,0.001942,0.776957,False
2022-01-26,-0.178712,-0.201685,-0.000097,-0.000627,0.000777,0.000014,0.000402,-0.000057,0.019282,0.004549,-0.177442,-0.001270,-0.508036,False
2022-01-27,-0.178321,-0.201722,-0.000109,-0.000634,0.000767,0.000013,0.000399,-0.000054,0.019282,0.004550,-0.177510,-0.000811,-0.324214,False
2022-01-28,-0.177963,-0.201759,-0.000122,-0.000641,0.000757,0.000011,0.000395,-0.000051,0.019282,0.004550,-0.177578,-0.000385,-0.154005,False
2022-01-29,-0.179474,-0.201797,-0.000134,-0.000646,0.000746,0.000009,0.000392,-0.000048,0.019282,0.004551,-0.177644,-0.001830,-0.731837,False
2022-01-30,-0.177518,-0.201834,-0.000145,-0.000651,0.000736,0.000007,0.000389,-0.000045,0.019282,0.004551,-0.177710,0.000192,0.076663,False
2022-01-31,-0.176376,-0.201871,-0.000155,-0.000656,0.000725,0.000006,0.000386,-0.000042,0.019282,0.004552,-0.177774,0.001398,0.559071,False
2022-02-01,-0.178153,-0.201908,-0.000165,-0.000659,0.000714,0.000004,0.000382,-0.000039,0.019282,0.004552,-0.177836,-0.000317,-0.126638,False
2022-02-02,-0.177304,-0.201945,-0.000174,-0.000662,0.000703,0.000002,0.000379,-0.000036,0.019282,0.004553,-0.177898,0.000594,0.237517,False
2022-02-03,-0.181326,-0.201982,-0.000182,-0.000664,0.000692,0.000000,0.000376,-0.000033,0.019282,0.004553,-0.177958,-0.003368,-1.347285,False
2022-02-04,-0.178904,-0.202019,-0.000189,-0.000665,0.000680,-0.000001,0.000373,-0.000030,0.019282,0.004554,-0.178016,-0.000888,-0.355062,False
2022-02-05,-0.179950,-0.202056,-0.000196,-0.000665,0.000668,-0.000003,0.000369,-0.000027,0.019282,0.004555,-0.178073,-0.001877,-0.750629,False
2022-02-06,-0.176626,-0.202094,-0.000201,-0.000665,0.000656,-0.000005,0.000366,-0.000024,0.019282,0.004555,-0.178129,0.001503,0.601200,False
2022-02-07,-0.177684,-0.202131,-0.000206,-0.000663,0.000644,-0.000007,0.000363,-0.000021,0.019282,0.004556,-0.178183,0.000499,0.199614,False
2022-02-08,-0.179831,-0.202168,-0.000209,-0.000661,0.000632,-0.000008,0.000359,-0.000018,0.019282,0.004556,-0.178236,-0.001595,-0.638198,False
2022-02-09,-0.178548,-0.202205,-0.000212,-0.000658,0.000619,-0.000010,0.000356,-0.000015,0.019282,0.004557,-0.178286,-0.000262,-0.104641,False
2022-02-10,-0.179906,-0.202242,-0.000213,-0.000655,0.000607,-0.000012,0.000353,-0.000012,0.019282,0.004557,-0.178336,-0.001570,-0.628122,False
2022-02-11,-0.181044,-0.202279,-0.000214,-0.000650,0.000594,-0.000014,0.000349,-0.000008,0.019282,0.004558,-0.178383,-0.002661,-1.064243,False
2022-02-12,-0.178612,-0.202316,-0.000213,-0.000645,0.000581,-0.000015,0.000346,-0.000005,0.019282,0.004558,-0.178429,-0.000183,-0.073005,False
2022-02-13,-0.178512,-0.202353,-0.000212,-0.000639,0.000567,-0.000017,0.000343,-0.000002,0.019282,0.004559,-0.178474,-0.000038,-0.015204,False
2022-02-14,-0.176266,-0.202391,-0.000209,-0.000633,0.000554,-0.000019,0.000340,0.000001,0.019282,0.004559,-0.178517,0.002251,0.900361,False
2022-02-15,-0.177943,-0.202428,-0.000206,-0.000625,0.000540,-0.000021,0.000336,0.000004,0.019282,0.004560,-0.178558,0.000615,0.246098,False
2022-02-16,-0.176249,-0.202465,-0.000201,-0.000617,0.000527,-0.000022,0.000333,0.000007,0.019282,0.004560,-0.178598,0.002349,0.939615,False
2022-02-17,-0.179247,-0.202502,-0.000196,-0.000608,0.000513,-0.000024,0.000329,0.000010,0.019282,0.004560,-0.178636,-0.000611,-0.244276,False
2022-02-18,-0.180386,-0.202539,-0.000190,-0.000598,0.000499,-0.000026,0.000326,0.000013,0.019282,0.004561,-0.178673,-0.001713,-0.685164,False
2022-02-19,-0.179086,-0.202576,-0.000182,-0.000588,0.000485,-0.000028,0.000323,0.000016,0.019282,0.004561,-0.178708,-0.000378,-0.151034,False
2022-02-20,-0.179324,-0.202613,-0.000174,-0.000577,0.000470,-0.000029,0.000319,0.000019,0.019282,0.004562,-0.178742,-0.000582,-0.232668,False
2022-02-21,-0.178852,-0.202651,-0.000165,-0.000565,0.000456,-0.000031,0.000316,0.000022,0.019282,0.004562,-0.178775,-0.000077,-0.030847,False
2022-02-22,-0.178842,-0.202688,-0.000156,-0.000553,0.000441,-0.000033,0.000313,0.000025,0.019282,0.004563,-0.178806,-0.000036,-0.014351,False
2022-02-23,-0.180248,-0.202725,-0.000145,-0.000540,0.000426,-0.000035,0.000309,0.000028,0.019282,0.004563,-0.178836,-0.001412,-0.564758,False
2022-02-24,-0.179864,-0.202762,-0.000134,-0.000526,0.000412,-0.000036,0.000306,0.000031,0.019282,0.004564,-0.178865,-0.000999,-0.399642,False
2022-02-25,-0.177646,-0.202799,-0.000122,-0.000512,0.000397,-0.000038,0.000303,0.000034,0.019282,0.004564,-0.178893,0.001247,0.498622,False
2022-02-26,-0.177700,-0.202836,-0.000110,-0.000497,0.000381,-0.000040,0.000299,0.000037,0.019282,0.004565,-0.178919,0.001219,0.487660,False
2022-02-27,-0.179338,-0.202873,-0.000097,-0.000482,0.000366,-0.000042,0.000296,0.000040,0.019282,0.004565,-0.178945,-0.000393,-0.157297,False
2022-02-28,-0.177519,-0.202910,-0.000084,-0.000465,0.000351,-0.000043,0.000292,0.000043,0.019282,0.004566,-0.178969,0.001450,0.580179,False
2022-03-01,-0.177115,-0.202948,-0.000070,-0.000449,0.000335,-0.000045,0.000289,0.000046,0.019282,0.004566,-0.178993,0.001878,0.751321,False
2022-03-02,-0.177067,-0.202985,-0.000056,-0.000432,0.000320,-0.000047,0.000286,0.000049,0.019282,0.004567,-0.179016,0.001949,0.779759,False
2022-03-03,-0.176184,-0.203022,-0.000041,-0.000414,0.000304,-0.000049,0.000282,0.000052,0.019282,0.004567,-0.179039,0.002855,1.141927,False
2022-03-04,-0.180492,-0.203059,-0.000027,-0.000396,0.000289,-0.000050,0.000279,0.000055,0.019282,0.004567,-0.179061,-0.001431,-0.572541,False
2022-03-05,-0.176261,-0.203096,-0.000012,-0.000377,0.000273,-0.000052,0.000275,0.000058,0.019282,0.004568,-0.179082,0.002821,1.128388,False
2022-03-06,-0.177695,-0.203133,0.000003,-0.000358,0.000257,-0.000054,0.000272,0.000061,0.019282,0.004568,-0.179103,0.001408,0.563150,False
2022-03-07,-0.179549,-0.203170,0.000017,-0.000339,0.000241,-0.000055,0.000269,0.000064,0.019282,0.004569,-0.179123,-0.000426,-0.170220,False
2022-03-08,-0.179199,-0.203207,0.000032,-0.000319,0.000225,-0.000057,0.000265,0.000067,0.019282,0.004569,-0.179144,-0.000055,-0.022087,False
2022-03-09,-0.177706,-0.203245,0.000046,-0.000299,0.000209,-0.000059,0.000262,0.000070,0.019282,0.004570,-0.179164,0.001458,0.583183,False
2022-03-10,-0.178318,-0.203282,0.000061,-0.000278,0.000193,-0.000061,0.000258,0.000073,0.019282,0.004570,-0.179184,0.000866,0.346427,False
2022-03-11,-0.174547,-0.203319,0.000075,-0.000257,0.000176,-0.000062,0.000255,0.000076,0.019282,0.004571,-0.179204,0.004657,1.862879,False
2022-03-12,-0.179369,-0.203356,0.000088,-0.000236,0.000160,-0.000064,0.000251,0.000079,0.019282,0.004571,-0.179224,-0.000145,-0.057827,False
2022-03-13,-0.180340,-0.203393,0.000101,-0.000214,0.000144,-0.000066,0.000248,0.000082,0.019282,0.004571,-0.179245,-0.001095,-0.438057,False
2022-03-14,-0.178614,-0.203430,0.000114,-0.000192,0.000127,-0.000068,0.000244,0.000085,0.019282,0.004572,-0.179266,0.000652,0.260623,False
2022-03-15,-0.179553,-0.203467,0.000126,-0.000170,0.000111,-0.000069,0.000241,0.000088,0.019282,0.004572,-0.179287,-0.000266,-0.106555,False
2022-03-16,-0.177415,-0.203505,0.000138,-0.000148,0.000095,-0.000071,0.000238,0.000091,0.019282,0.004573,-0.179308,0.001893,0.757241,False
2022-03-17,-0.179030,-0.203542,0.000149,-0.000126,0.000078,-0.000073,0.000234,0.000094,0.019282,0.004573,-0.179330,0.000300,0.120041,False
2022-03-18,-0.178867,-0.203579,0.000159,-0.000103,0.000062,-0.000074,0.000231,0.000097,0.019282,0.004573,-0.179353,0.000486,0.194275,False
2022-03-19,-0.177779,-0.203616,0.000169,-0.000080,0.000045,-0.000076,0.000227,0.000100,0.019282,0.004574,-0.179376,0.001597,0.638770,False
2022-03-20,-0.178608,-0.203653,0.000177,-0.000058,0.000029,-0.000078,0.000224,0.000103,0.019282,0.004574,-0.179400,0.000792,0.316753,False
2022-03-21,-0.178588,-0.203690,0.000185,-0.000035,0.000012,-0.000079,0.000220,0.000106,0.019282,0.004575,-0.179425,0.000837,0.334650,False
2022-03-22,-0.180061,-0.203727,0.000192,-0.000012,-0.000004,-0.000081,0.000217,0.000109,0.019282,0.004575,-0.179450,-0.000611,-0.244316,False
2022-03-23,-0.178238,-0.203764,0.000198,0.000011,-0.000021,-0.000083,0.000213,0.000112,0.019282,0.004575,-0.179477,0.001239,0.495477,False
2022-03-24,-0.178390,-0.203802,0.000203,0.000034,-0.000037,-0.000085,0.000210,0.000115,0.019282,0.004576,-0.179504,0.001114,0.445650,False
2022-03-25,-0.177443,-0.203839,0.000207,0.000057,-0.000054,-0.000086,0.000206,0.000118,0.019282,0.004576,-0.179533,0.002090,0.835820,False
2022-03-26,-0.180265,-0.203876,0.000210,0.000079,-0.000070,-0.000088,0.000203,0.000121,0.019282,0.004577,-0.179562,-0.000703,-0.281194,False
2022-03-27,-0.179518,-0.203913,0.000213,0.000102,-0.000087,-0.000090,0.000199,0.000124,0.019282,0.004577,-0.179593,0.000075,0.029821,False
2022-03-28,-0.179214,-0.203950,0.000214,0.000125,-0.000103,-0.000091,0.000196,0.000127,0.019282,0.004577,-0.179624,0.000410,0.164078,False
2022-03-29,-0.178910,-0.203987,0.000214,0.000147,-0.000120,-0.000093,0.000192,0.000130,0.019282,0.004578,-0.179657,0.000747,0.298788,False
2022-03-30,-0.178209,-0.204024,0.000213,0.000169,-0.000136,-0.000095,0.000189,0.000133,0.019282,0.004578,-0.179691,0.001482,0.592761,False
2022-03-31,-0.179489,-0.204061,0.000211,0.000191,-0.000153,-0.000096,0.000185,0.000136,0.019282,0.004579,-0.179726,0.000237,0.094802,False
2022-04-01,-0.178891,-0.204099,0.000208,0.000213,-0.000169,-0.000098,0.000182,0.000139,0.019282,0.004579,-0.179762,0.000871,0.348518,False
2022-04-02,-0.179892,-0.204136,0.000204,0.000235,-0.000185,-0.000100,0.000178,0.000142,0.019282,0.004579,-0.179800,-0.000092,-0.036890,False
2022-04-03,-0.178375,-0.204173,0.000200,0.000256,-0.000201,-0.000101,0.000175,0.000145,0.019282,0.004580,-0.179838,0.001463,0.585380,False
2022-04-04,-0.178533,-0.204210,0.000194,0.000277,-0.000217,-0.000103,0.000171,0.000148,0.019282,0.004580,-0.179878,0.001345,0.538127,False
2022-04-05,-0.180012,-0.204247,0.000187,0.000298,-0.000233,-0.000105,0.000168,0.000151,0.019282,0.004580,-0.179919,-0.000093,-0.037053,False
2022-04-06,-0.180423,-0.204284,0.000179,0.000318,-0.000249,-0.000106,0.000164,0.000154,0.019282,0.004581,-0.179962,-0.000461,-0.184563,False
2022-04-07,-0.181001,-0.204321,0.000171,0.000338,-0.000265,-0.000108,0.000161,0.000157,0.019282,0.004581,-0.180005,-0.000996,-0.398412,False
2022-04-08,-0.177282,-0.204359,0.000162,0.000357,-0.000281,-0.000110,0.000157,0.000161,0.019282,0.004582,-0.180049,0.002767,1.106994,False
2022-04-09,-0.179543,-0.204396,0.000152,0.000376,-0.000297,-0.000111,0.000154,0.000164,0.019282,0.004582,-0.180095,0.000552,0.220842,False
2022-04-10,-0.178366,-0.204433,0.000141,0.000395,-0.000313,-0.000113,0.000150,0.000167,0.019282,0.004582,-0.180142,0.001776,0.710323,False
2022-04-11,-0.179505,-0.204470,0.000130,0.000413,-0.000328,-0.000114,0.000146,0.000170,0.019282,0.004583,-0.180190,0.000685,0.273821,False
2022-04-12,-0.177951,-0.204507,0.000118,0.000431,-0.000344,-0.000116,0.000143,0.000173,0.019282,0.004583,-0.180238,0.002287,0.914923,False
2022-04-13,-0.181075,-0.204544,0.000105,0.000448,-0.000359,-0.000118,0.000139,0.000176,0.019282,0.004583,-0.180288,-0.000787,-0.314788,False
2022-04-14,-0.178648,-0.204581,0.000092,0.000465,-0.000374,-0.000119,0.000136,0.000179,0.019282,0.004584,-0.180339,0.001691,0.676271,False
2022-04-15,-0.181305,-0.204618,0.000078,0.000481,-0.000390,-0.000121,0.000132,0.000182,0.019282,0.004584,-0.180390,-0.000915,-0.365920,False
2022-04-16,-0.179147,-0.204656,0.000065,0.000496,-0.000405,-0.000123,0.000129,0.000185,0.019282,0.004584,-0.180443,0.001296,0.518220,False
2022-04-17,-0.179198,-0.204693,0.000050,0.000511,-0.000419,-0.000124,0.000125,0.000188,0.019282,0.004585,-0.180496,0.001298,0.519070,False
2022-04-18,-0.178712,-0.204730,0.000036,0.000526,-0.000434,-0.000126,0.000122,0.000191,0.019282,0.004585,-0.180550,0.001838,0.735009,False
2022-04-19,-0.179915,-0.204767,0.000021,0.000539,-0.000449,-0.000127,0.000118,0.000194,0.019282,0.004586,-0.180604,0.000689,0.275614,False
2022-04-20,-0.178977,-0.204804,0.000007,0.000552,-0.000464,-0.000129,0.000115,0.000197,0.019282,0.004586,-0.180659,0.001682,0.672863,False
2022-04-21,-0.180713,-0.204841,-0.000008,0.000565,-0.000478,-0.000131,0.000111,0.000199,0.019282,0.004586,-0.180715,0.000002,0.000731,False
2022-04-22,-0.180062,-0.204878,-0.000023,0.000577,-0.000492,-0.000132,0.000107,0.000202,0.019282,0.004587,-0.180771,0.000709,0.283595,False
2022-04-23,-0.178343,-0.204915,-0.000037,0.000588,-0.000506,-0.000134,0.000104,0.000205,0.019282,0.004587,-0.180828,0.002485,0.993831,False
2022-04-24,-0.179846,-0.204953,-0.000052,0.000598,-0.000520,-0.000135,0.000100,0.000208,0.019282,0.004587,-0.180885,0.001039,0.415416,False
2022-04-25,-0.179553,-0.204990,-0.000066,0.000608,-0.000534,-0.000137,0.000097,0.000211,0.019282,0.004588,-0.180942,0.001389,0.555523,False
2022-04-26,-0.179184,-0.205027,-0.000080,0.000617,-0.000548,-0.000139,0.000093,0.000214,0.019282,0.004588,-0.180999,0.001815,0.726131,False
2022-04-27,-0.181758,-0.205064,-0.000093,0.000625,-0.000561,-0.000140,0.000090,0.000217,0.019282,0.004588,-0.181057,-0.000701,-0.280385,False
2022-04-28,-0.180625,-0.205101,-0.000106,0.000632,-0.000575,-0.000142,0.000086,0.000220,0.019282,0.004589,-0.181115,0.000490,0.195952,False
2022-04-29,-0.177003,-0.205138,-0.000119,0.000639,-0.000588,-0.000143,0.000082,0.000223,0.019282,0.004589,-0.181173,0.004170,1.667919,False
2022-04-30,-0.179046,-0.205175,-0.000131,0.000645,-0.000601,-0.000145,0.000079,0.000226,0.019282,0.004589,-0.181231,0.002185,0.873894,False
2022-05-01,-0.178784,-0.205213,-0.000142,0.000650,-0.000613,-0.000146,0.000075,0.000229,0.019282,0.004589,-0.181289,0.002505,1.001856,False
2022-05-02,-0.178667,-0.205250,-0.000153,0.000655,-0.000626,-0.000148,0.000072,0.000232,0.019282,0.004590,-0.181346,0.002679,1.071784,False
2022-05-03,-0.180795,-0.205287,-0.000163,0.000658,-0.000639,-0.000150,0.000068,0.000235,0.019282,0.004590,-0.181404,0.000609,0.243657,False
2022-05-04,-0.179999,-0.205324,-0.000172,0.000661,-0.000651,-0.000151,0.000065,0.000238,0.019282,0.004590,-0.181462,0.001463,0.585059,False
2022-05-05,-0.180974,-0.205361,-0.000180,0.000663,-0.000663,-0.000153,0.000061,0.000241,0.019282,0.004591,-0.181519,0.000545,0.217971,False
2022-05-06,-0.177586,-0.205398,-0.000188,0.000664,-0.000675,-0.000154,0.000057,0.000244,0.019282,0.004591,-0.181576,0.003990,1.595976,False
2022-05-07,-0.179238,-0.205435,-0.000194,0.000665,-0.000686,-0.000156,0.000054,0.000247,0.019282,0.004591,-0.181633,0.002395,0.957860,False
2022-05-08,-0.180522,-0.205472,-0.000200,0.000665,-0.000698,-0.000157,0.000050,0.000250,0.019282,0.004592,-0.181689,0.001167,0.466810,False
2022-05-09,-0.180191,-0.205510,-0.000205,0.000664,-0.000709,-0.000159,0.000047,0.000253,0.019282,0.004592,-0.181745,0.001554,0.621612,False
2022-05-10,-0.177687,-0.205547,-0.000209,0.000662,-0.000720,-0.000160,0.000043,0.000256,0.019282,0.004592,-0.181801,0.004114,1.645456,False
2022-05-11,-0.178033,-0.205584,-0.000211,0.000659,-0.000731,-0.000162,0.000040,0.000259,0.019282,0.004593,-0.181856,0.003823,1.529132,False
2022-05-12,-0.177473,-0.205621,-0.000213,0.000656,-0.000742,-0.000163,0.000036,0.000262,0.019282,0.004593,-0.181911,0.004438,1.775033,False
2022-05-13,-0.178693,-0.205658,-0.000214,0.000652,-0.000752,-0.000165,0.000032,0.000265,0.019282,0.004593,-0.181965,0.003272,1.308752,False
2022-05-14,-0.179734,-0.205695,-0.000214,0.000647,-0.000762,-0.000166,0.000029,0.000268,0.019282,0.004594,-0.182019,0.002285,0.913885,False
2022-05-15,-0.179654,-0.205732,-0.000212,0.000641,-0.000772,-0.000168,0.000025,0.000271,0.019282,0.004594,-0.182072,0.002418,0.967228,False
2022-05-16,-0.176727,-0.205769,-0.000210,0.000634,-0.000782,-0.000169,0.000022,0.000274,0.019282,0.004594,-0.182125,0.005398,2.159180,False
2022-05-17,-0.177483,-0.205807,-0.000207,0.000627,-0.000791,-0.000171,0.000018,0.000277,0.019282,0.004594,-0.182177,0.004694,1.877741,False
2022-05-18,-0.177822,-0.205844,-0.000203,0.000619,-0.000800,-0.000172,0.000014,0.000280,0.019282,0.004595,-0.182229,0.004407,1.762913,False
2022-05-19,-0.177507,-0.205881,-0.000197,0.000610,-0.000809,-0.000174,0.000011,0.000283,0.019282,0.004595,-0.182281,0.004774,1.909498,False
2022-05-20,-0.179733,-0.205918,-0.000191,0.000601,-0.000818,-0.000175,0.000007,0.000286,0.019282,0.004595,-0.182332,0.002599,1.039501,False
2022-05-21,-0.177222,-0.205955,-0.000184,0.000591,-0.000827,-0.000177,0.000004,0.000289,0.019282,0.004596,-0.182382,0.005160,2.064129,False
2022-05-22,-0.178606,-0.205992,-0.000176,0.000580,-0.000835,-0.000178,0.000000,0.000292,0.019282,0.004596,-0.182432,0.003826,1.530588,False
2022-05-23,-0.181376,-0.206029,-0.000168,0.000568,-0.000843,-0.000179,-0.000004,0.000295,0.019282,0.004596,-0.182482,0.001106,0.442488,False
2022-05-24,-0.178477,-0.206067,-0.000158,0.000556,-0.000851,-0.000181,-0.000007,0.000298,0.019282,0.004596,-0.182532,0.004055,1.621838,False
2022-05-25,-0.179356,-0.206104,-0.000148,0.000543,-0.000858,-0.000182,-0.000011,0.000301,0.019282,0.004597,-0.182581,0.003225,1.289851,False
2022-05-26,-0.177881,-0.206141,-0.000137,0.000530,-0.000866,-0.000184,-0.000014,0.000304,0.019282,0.004597,-0.182629,0.004748,1.899338,False
2022-05-27,-0.178305,-0.206178,-0.000125,0.000516,-0.000873,-0.000185,-0.000018,0.000307,0.019282,0.004597,-0.182678,0.004373,1.749313,False
2022-05-28,-0.178728,-0.206215,-0.000113,0.000501,-0.000879,-0.000187,-0.000021,0.000310,0.019282,0.004598,-0.182726,0.003998,1.599190,False
2022-05-29,-0.178094,-0.206252,-0.000100,0.000485,-0.000886,-0.000188,-0.000025,0.000313,0.019282,0.004598,-0.182774,0.004680,1.871985,False
2022-05-30,-0.180144,-0.206289,-0.000087,0.000470,-0.000892,-0.000189,-0.000029,0.000315,0.019282,0.004598,-0.182822,0.002678,1.071115,False
2022-05-31,-0.177485,-0.206326,-0.000073,0.000453,-0.000898,-0.000191,-0.000032,0.000318,0.019282,0.004598,-0.182869,0.005384,2.153795,False
2022-06-01,-0.181201,-0.206364,-0.000059,0.000436,-0.000904,-0.000192,-0.000036,0.000321,0.019282,0.004599,-0.182917,0.001716,0.686443,False
2022-06-02,-0.180081,-0.206401,-0.000045,0.000419,-0.000909,-0.000194,-0.000039,0.000324,0.019282,0.004599,-0.182965,0.002884,1.153477,False
2022-06-03,-0.180493,-0.206438,-0.000030,0.000400,-0.000914,-0.000195,-0.000043,0.000327,0.019282,0.004599,-0.183012,0.002519,1.007715,False
2022-06-04,-0.181364,-0.206475,-0.000016,0.000382,-0.000919,-0.000196,-0.000047,0.000330,0.019282,0.004599,-0.183060,0.001696,0.678375,False
2022-06-05,-0.178847,-0.206512,-0.000001,0.000363,-0.000924,-0.000198,-0.000050,0.000333,0.019282,0.004600,-0.183108,0.004261,1.704276,False
2022-06-06,-0.178457,-0.206549,0.000014,0.000344,-0.000928,-0.000199,-0.000054,0.000336,0.019282,0.004600,-0.183156,0.004699,1.879435,False
2022-06-07,-0.181877,-0.206586,0.000028,0.000324,-0.000932,-0.000201,-0.000057,0.000339,0.019282,0.004600,-0.183204,0.001327,0.530672,False
2022-06-08,-0.181175,-0.206623,0.000043,0.000304,-0.000936,-0.000202,-0.000061,0.000342,0.019282,0.004601,-0.183252,0.002077,0.830804,False
2022-06-09,-0.179281,-0.206661,0.000057,0.000283,-0.000940,-0.000203,-0.000064,0.000345,0.019282,0.004601,-0.183301,0.004020,1.607848,False
2022-06-10,-0.181627,-0.206698,0.000071,0.000262,-0.000943,-0.000205,-0.000068,0.000348,0.019282,0.004601,-0.183350,0.001723,0.689021,False
2022-06-11,-0.180836,-0.206735,0.000085,0.000241,-0.000946,-0.000206,-0.000072,0.000351,0.019282,0.004601,-0.183399,0.002563,1.025140,False
2022-06-12,-0.180053,-0.206772,0.000098,0.000220,-0.000949,-0.000207,-0.000075,0.000354,0.019282,0.004602,-0.183449,0.003396,1.358220,False
2022-06-13,-0.180207,-0.206809,0.000111,0.000198,-0.000951,-0.000209,-0.000079,0.000357,0.019282,0.004602,-0.183499,0.003292,1.316677,False
2022-06-14,-0.178695,-0.206846,0.000123,0.000176,-0.000953,-0.000210,-0.000082,0.000360,0.019282,0.004602,-0.183549,0.004854,1.941723,False
2022-06-15,-0.179680,-0.206883,0.000135,0.000154,-0.000955,-0.000211,-0.000086,0.000362,0.019282,0.004602,-0.183600,0.003920,1.568171,False
2022-06-16,-0.182039,-0.206921,0.000146,0.000131,-0.000957,-0.000213,-0.000089,0.000365,0.019282,0.004603,-0.183652,0.001613,0.645233,False
2022-06-17,-0.182211,-0.206958,0.000157,0.000109,-0.000958,-0.000214,-0.000093,0.000368,0.019282,0.004603,-0.183704,0.001493,0.597319,False
2022-06-18,-0.183801,-0.206995,0.000166,0.000086,-0.000959,-0.000215,-0.000097,0.000371,0.019282,0.004603,-0.183757,-0.000044,-0.017562,False
2022-06-19,-0.183172,-0.207032,0.000175,0.000063,-0.000960,-0.000216,-0.000100,0.000374,0.019282,0.004603,-0.183810,0.000638,0.255397,False
2022-06-20,-0.184330,-0.207069,0.000183,0.000041,-0.000960,-0.000218,-0.000104,0.000377,0.019282,0.004604,-0.183865,-0.000465,-0.186197,False
2022-06-21,-0.184746,-0.207106,0.000190,0.000018,-0.000960,-0.000219,-0.000107,0.000380,0.019282,0.004604,-0.183919,-0.000827,-0.330742,False
2022-06-22,-0.183472,-0.207143,0.000197,-0.000005,-0.000960,-0.000220,-0.000111,0.000383,0.019282,0.004604,-0.183974,0.000502,0.200968,False
2022-06-23,-0.182506,-0.207180,0.000202,-0.000028,-0.000960,-0.000221,-0.000114,0.000386,0.019282,0.004604,-0.184030,0.001524,0.609731,False
2022-06-24,-0.185358,-0.207218,0.000206,-0.000051,-0.000959,-0.000223,-0.000118,0.000389,0.019282,0.004605,-0.184087,-0.001271,-0.508452,False
2022-06-25,-0.180843,-0.207255,0.000210,-0.000074,-0.000958,-0.000224,-0.000121,0.000392,0.019282,0.004605,-0.184144,0.003301,1.320416,False
2022-06-26,-0.179017,-0.207292,0.000212,-0.000096,-0.000957,-0.000225,-0.000125,0.000395,0.019282,0.004605,-0.184202,0.005185,2.073931,False
2022-06-27,-0.183379,-0.207329,0.000214,-0.000119,-0.000955,-0.000226,-0.000129,0.000397,0.019282,0.004605,-0.184260,0.000881,0.352487,False
2022-06-28,-0.184669,-0.207366,0.000214,-0.000142,-0.000953,-0.000228,-0.000132,0.000400,0.019282,0.004605,-0.184319,-0.000350,-0.139924,False
2022-06-29,-0.186237,-0.207403,0.000213,-0.000164,-0.000951,-0.000229,-0.000136,0.000403,0.019282,0.004606,-0.184379,-0.001858,-0.743313,False
2022-06-30,-0.183657,-0.207440,0.000212,-0.000186,-0.000949,-0.000230,-0.000139,0.000406,0.019282,0.004606,-0.184439,0.000782,0.312711,False
2022-07-01,-0.184502,-0.207477,0.000209,-0.000208,-0.000946,-0.000231,-0.000143,0.000409,0.019282,0.004606,-0.184499,-0.000003,-0.001068,False
2022-07-02,-0.187235,-0.207515,0.000205,-0.000229,-0.000943,-0.000233,-0.000146,0.000412,0.019282,0.004606,-0.184560,-0.002675,-1.069863,False
2022-07-03,-0.185186,-0.207552,0.000201,-0.000251,-0.000940,-0.000234,-0.000150,0.000415,0.019282,0.004607,-0.184622,-0.000564,-0.225692,False
2022-07-04,-0.186922,-0.207589,0.000195,-0.000272,-0.000936,-0.000235,-0.000153,0.000418,0.019282,0.004607,-0.184684,-0.002238,-0.895372,False
2022-07-05,-0.186626,-0.207626,0.000189,-0.000292,-0.000932,-0.000236,-0.000157,0.000421,0.019282,0.004607,-0.184746,-0.001880,-0.752125,False
2022-07-06,-0.187396,-0.207663,0.000181,-0.000313,-0.000928,-0.000237,-0.000160,0.000424,0.019282,0.004607,-0.184808,-0.002588,-1.035172,False
2022-07-07,-0.186623,-0.207700,0.000173,-0.000333,-0.000924,-0.000238,-0.000164,0.000426,0.019282,0.004608,-0.184871,-0.001752,-0.700936,False
2022-07-08,-0.186715,-0.207737,0.000164,-0.000353,-0.000919,-0.000240,-0.000167,0.000429,0.019282,0.004608,-0.184933,-0.001782,-0.712641,False
2022-07-09,-0.185004,-0.207775,0.000154,-0.000372,-0.000914,-0.000241,-0.000171,0.000432,0.019282,0.004608,-0.184996,-0.000008,-0.003114,False
2022-07-10,-0.185327,-0.207812,0.000144,-0.000390,-0.000909,-0.000242,-0.000175,0.000435,0.019282,0.004608,-0.185059,-0.000268,-0.107182,False
2022-07-11,-0.185013,-0.207849,0.000133,-0.000409,-0.000904,-0.000243,-0.000178,0.000438,0.019282,0.004608,-0.185122,0.000109,0.043527,False
2022-07-12,-0.186331,-0.207886,0.000121,-0.000427,-0.000898,-0.000244,-0.000182,0.000441,0.019282,0.004609,-0.185184,-0.001147,-0.458616,False
2022-07-13,-0.184908,-0.207923,0.000108,-0.000444,-0.000892,-0.000245,-0.000185,0.000444,0.019282,0.004609,-0.185247,0.000339,0.135558,False
2022-07-14,-0.184656,-0.207960,0.000095,-0.000461,-0.000886,-0.000246,-0.000189,0.000447,0.019282,0.004609,-0.185309,0.000653,0.261218,False
2022-07-15,-0.187482,-0.207997,0.000082,-0.000477,-0.000879,-0.000247,-0.000192,0.000449,0.019282,0.004609,-0.185371,-0.002111,-0.844468,False
2022-07-16,-0.187916,-0.208034,0.000068,-0.000493,-0.000872,-0.000249,-0.000196,0.000452,0.019282,0.004609,-0.185432,-0.002484,-0.993532,False
2022-07-17,-0.185719,-0.208072,0.000054,-0.000508,-0.000865,-0.000250,-0.000199,0.000455,0.019282,0.004610,-0.185493,-0.000226,-0.090407,False
2022-07-18,-0.186698,-0.208109,0.000040,-0.000522,-0.000858,-0.000251,-0.000203,0.000458,0.019282,0.004610,-0.185553,-0.001145,-0.457925,False
2022-07-19,-0.188625,-0.208146,0.000025,-0.000536,-0.000851,-0.000252,-0.000206,0.000461,0.019282,0.004610,-0.185613,-0.003012,-1.204921,False
2022-07-20,-0.188614,-0.208183,0.000010,-0.000549,-0.000843,-0.000253,-0.000210,0.000464,0.019282,0.004610,-0.185671,-0.002943,-1.177028,False
2022-07-21,-0.187558,-0.208220,-0.000004,-0.000562,-0.000835,-0.000254,-0.000213,0.000467,0.019282,0.004611,-0.185729,-0.001829,-0.731478,False
2022-07-22,-0.189039,-0.208257,-0.000019,-0.000574,-0.000826,-0.000255,-0.000217,0.000470,0.019282,0.004611,-0.185786,-0.003253,-1.301105,False
2022-07-23,-0.187877,-0.208294,-0.000034,-0.000585,-0.000818,-0.000256,-0.000220,0.000472,0.019282,0.004611,-0.185842,-0.002035,-0.813942,False
2022-07-24,-0.186814,-0.208331,-0.000048,-0.000596,-0.000809,-0.000257,-0.000224,0.000475,0.019282,0.004611,-0.185897,-0.000917,-0.366820,False
2022-07-25,-0.186169,-0.208369,-0.000062,-0.000605,-0.000800,-0.000258,-0.000227,0.000478,0.019282,0.004611,-0.185951,-0.000218,-0.087370,False
2022-07-26,-0.189740,-0.208406,-0.000076,-0.000614,-0.000791,-0.000259,-0.000230,0.000481,0.019282,0.004612,-0.186003,-0.003737,-1.494824,False
2022-07-27,-0.185900,-0.208443,-0.000090,-0.000623,-0.000781,-0.000260,-0.000234,0.000484,0.019282,0.004612,-0.186054,0.000154,0.061589,False
2022-07-28,-0.188754,-0.208480,-0.000103,-0.000630,-0.000772,-0.000261,-0.000237,0.000487,0.019282,0.004612,-0.186104,-0.002650,-1.060160,False
2022-07-29,-0.187626,-0.208517,-0.000116,-0.000637,-0.000762,-0.000262,-0.000241,0.000489,0.019282,0.004612,-0.186152,-0.001474,-0.589697,False
2022-07-30,-0.186379,-0.208554,-0.000128,-0.000644,-0.000752,-0.000263,-0.000244,0.000492,0.019282,0.004612,-0.186198,-0.000181,-0.072250,False
2022-07-31,-0.189351,-0.208591,-0.000139,-0.000649,-0.000741,-0.000264,-0.000248,0.000495,0.019282,0.004613,-0.186243,-0.003108,-1.243043,False
2022-08-01,-0.188647,-0.208629,-0.000150,-0.000654,-0.000731,-0.000265,-0.000251,0.000498,0.019282,0.004613,-0.186287,-0.002360,-0.944099,False
2022-08-02,-0.186966,-0.208666,-0.000160,-0.000657,-0.000720,-0.000266,-0.000255,0.000501,0.019282,0.004613,-0.186328,-0.000638,-0.255039,False
2022-08-03,-0.187471,-0.208703,-0.000170,-0.000660,-0.000709,-0.000267,-0.000258,0.000504,0.019282,0.004613,-0.186368,-0.001103,-0.441084,False
2022-08-04,-0.185585,-0.208740,-0.000178,-0.000663,-0.000697,-0.000268,-0.000262,0.000506,0.019282,0.004613,-0.186406,0.000821,0.328549,False
2022-08-05,-0.186163,-0.208777,-0.000186,-0.000664,-0.000686,-0.000269,-0.000265,0.000509,0.019282,0.004613,-0.186443,0.000280,0.111844,False
2022-08-06,-0.185971,-0.208814,-0.000193,-0.000665,-0.000674,-0.000270,-0.000268,0.000512,0.019282,0.004614,-0.186477,0.000506,0.202387,False
2022-08-07,-0.186264,-0.208851,-0.000199,-0.000665,-0.000662,-0.000271,-0.000272,0.000515,0.019282,0.004614,-0.186509,0.000245,0.098165,False
2022-08-08,-0.188236,-0.208888,-0.000204,-0.000664,-0.000650,-0.000272,-0.000275,0.000518,0.019282,0.004614,-0.186540,-0.001696,-0.678431,False
2022-08-09,-0.185864,-0.208926,-0.000208,-0.000662,-0.000638,-0.000272,-0.000279,0.000521,0.019282,0.004614,-0.186568,0.000704,0.281792,False
2022-08-10,-0.185164,-0.208963,-0.000211,-0.000660,-0.000626,-0.000273,-0.000282,0.000523,0.019282,0.004614,-0.186595,0.001431,0.572428,False
2022-08-11,-0.184147,-0.209000,-0.000213,-0.000657,-0.000613,-0.000274,-0.000285,0.000526,0.019282,0.004615,-0.186620,0.002473,0.989073,False
2022-08-12,-0.190241,-0.209037,-0.000214,-0.000653,-0.000600,-0.000275,-0.000289,0.000529,0.019282,0.004615,-0.186642,-0.003599,-1.439473,False
2022-08-13,-0.188320,-0.209074,-0.000214,-0.000648,-0.000587,-0.000276,-0.000292,0.000532,0.019282,0.004615,-0.186663,-0.001657,-0.662809,False
2022-08-14,-0.187492,-0.209111,-0.000213,-0.000642,-0.000574,-0.000277,-0.000296,0.000535,0.019282,0.004615,-0.186682,-0.000810,-0.324130,False
2022-08-15,-0.188438,-0.209148,-0.000211,-0.000636,-0.000561,-0.000278,-0.000299,0.000537,0.019282,0.004615,-0.186698,-0.001740,-0.695831,False
2022-08-16,-0.186447,-0.209185,-0.000208,-0.000629,-0.000547,-0.000279,-0.000302,0.000540,0.019282,0.004615,-0.186713,0.000266,0.106496,False
2022-08-17,-0.188870,-0.209223,-0.000204,-0.000621,-0.000534,-0.000279,-0.000306,0.000543,0.019282,0.004616,-0.186726,-0.002144,-0.857538,False
2022-08-18,-0.188246,-0.209260,-0.000199,-0.000613,-0.000520,-0.000280,-0.000309,0.000546,0.019282,0.004616,-0.186737,-0.001509,-0.603520,False
2022-08-19,-0.190091,-0.209297,-0.000193,-0.000603,-0.000506,-0.000281,-0.000313,0.000549,0.019282,0.004616,-0.186746,-0.003345,-1.337834,False
2022-08-20,-0.186305,-0.209334,-0.000186,-0.000593,-0.000492,-0.000282,-0.000316,0.000551,0.019282,0.004616,-0.186754,0.000449,0.179535,False
2022-08-21,-0.190382,-0.209371,-0.000178,-0.000583,-0.000477,-0.000283,-0.000319,0.000554,0.019282,0.004616,-0.186760,-0.003622,-1.448992,False
2022-08-22,-0.188781,-0.209408,-0.000170,-0.000571,-0.000463,-0.000283,-0.000323,0.000557,0.019282,0.004617,-0.186764,-0.002017,-0.806994,False
2022-08-23,-0.186327,-0.209445,-0.000161,-0.000559,-0.000448,-0.000284,-0.000326,0.000560,0.019282,0.004617,-0.186766,0.000439,0.175552,False
2022-08-24,-0.190738,-0.209483,-0.000150,-0.000547,-0.000434,-0.000285,-0.000329,0.000563,0.019282,0.004617,-0.186767,-0.003971,-1.588529,False
2022-08-25,-0.187337,-0.209520,-0.000140,-0.000533,-0.000419,-0.000286,-0.000333,0.000565,0.019282,0.004617,-0.186766,-0.000571,-0.228410,False
2022-08-26,-0.189222,-0.209557,-0.000128,-0.000519,-0.000404,-0.000287,-0.000336,0.000568,0.019282,0.004617,-0.186764,-0.002458,-0.983262,False
2022-08-27,-0.182943,-0.209594,-0.000116,-0.000505,-0.000389,-0.000287,-0.000339,0.000571,0.019282,0.004617,-0.186760,0.003817,1.526945,False
2022-08-28,-0.188387,-0.209631,-0.000103,-0.000489,-0.000374,-0.000288,-0.000343,0.000574,0.019282,0.004618,-0.186756,-0.001631,-0.652558,False
2022-08-29,-0.187300,-0.209668,-0.000090,-0.000474,-0.000359,-0.000289,-0.000346,0.000576,0.019282,0.004618,-0.186750,-0.000550,-0.220137,False
2022-08-30,-0.185283,-0.209705,-0.000077,-0.000457,-0.000343,-0.000290,-0.000349,0.000579,0.019282,0.004618,-0.186743,0.001460,0.583841,False
2022-08-31,-0.186023,-0.209742,-0.000063,-0.000440,-0.000328,-0.000290,-0.000353,0.000582,0.019282,0.004618,-0.186735,0.000712,0.284612,False
2022-09-01,-0.187888,-0.209780,-0.000049,-0.000423,-0.000312,-0.000291,-0.000356,0.000585,0.019282,0.004618,-0.186726,-0.001162,-0.464987,False
2022-09-02,-0.188733,-0.209817,-0.000034,-0.000405,-0.000296,-0.000292,-0.000359,0.000588,0.019282,0.004618,-0.186716,-0.002017,-0.806921,False
2022-09-03,-0.189467,-0.209854,-0.000020,-0.000387,-0.000281,-0.000292,-0.000363,0.000590,0.019282,0.004619,-0.186705,-0.002762,-1.104885,False
2022-09-04,-0.190202,-0.209891,-0.000005,-0.000368,-0.000265,-0.000293,-0.000366,0.000593,0.019282,0.004619,-0.186694,-0.003508,-1.403106,False
2022-09-05,-0.190936,-0.209928,0.000010,-0.000348,-0.000249,-0.000294,-0.000369,0.000596,0.019282,0.004619,-0.186682,-0.004254,-1.701546,False
2022-09-06,-0.184895,-0.209965,0.000025,-0.000329,-0.000233,-0.000294,-0.000372,0.000599,0.019282,0.004619,-0.186670,0.001775,0.709966,False
2022-09-07,-0.188597,-0.210002,0.000039,-0.000309,-0.000217,-0.000295,-0.000376,0.000601,0.019134,0.004023,-0.187401,-0.001196,-0.478395,False
2022-09-08,-0.189057,-0.210039,0.000054,-0.000288,-0.000201,-0.000296,-0.000379,0.000604,0.019134,0.003447,-0.187965,-0.001092,-0.436923,False
2022-09-09,-0.188331,-0.210077,0.000068,-0.000267,-0.000184,-0.000296,-0.000382,0.000607,0.019134,0.002889,-0.188509,0.000178,0.071321,False
2022-09-10,-0.185744,-0.210114,0.000081,-0.000246,-0.000168,-0.000297,-0.000385,0.000610,0.019134,0.002350,-0.189036,0.003292,1.316623,False
2022-09-11,-0.188109,-0.210151,0.000095,-0.000225,-0.000152,-0.000298,-0.000389,0.000612,0.019134,0.001829,-0.189544,0.001435,0.574061,False
2022-09-12,-0.187253,-0.210188,0.000108,-0.000203,-0.000136,-0.000298,-0.000392,0.000615,0.019134,0.001324,-0.190036,0.002783,1.113105,False
2022-09-13,-0.186175,-0.210225,0.000120,-0.000181,-0.000119,-0.000299,-0.000395,0.000618,0.019134,0.000837,-0.190511,0.004336,1.734416,False
2022-09-14,-0.187689,-0.210262,0.000132,-0.000159,-0.000103,-0.000299,-0.000398,0.000620,0.019134,0.000365,-0.190971,0.003282,1.312647,False
2022-09-15,-0.187354,-0.210299,0.000143,-0.000137,-0.000086,-0.000300,-0.000402,0.000623,0.019134,-0.000092,-0.191415,0.004061,1.624444,False
2022-09-16,-0.185489,-0.210337,0.000154,-0.000114,-0.000070,-0.000301,-0.000405,0.000626,0.019134,-0.000533,-0.191845,0.006356,2.542443,False
2022-09-17,-0.187501,-0.210374,0.000164,-0.000092,-0.000053,-0.000301,-0.000408,0.000629,0.019134,-0.000960,-0.192261,0.004760,1.904073,False
2022-09-18,-0.194473,-0.210411,0.000173,-0.000069,-0.000037,-0.000302,-0.000411,0.000631,0.019134,-0.001373,-0.192664,-0.001809,-0.723644,False
2022-09-19,-0.194788,-0.210448,0.000181,-0.000046,-0.000020,-0.000302,-0.000414,0.000634,0.019134,-0.001772,-0.193054,-0.001734,-0.693561,False
2022-09-20,-0.195102,-0.210485,0.000189,-0.000023,-0.000004,-0.000303,-0.000418,0.000637,0.019134,-0.002158,-0.193431,-0.001671,-0.668405,False
2022-09-21,-0.195417,-0.210522,0.000195,-0.000000,0.000013,-0.000303,-0.000421,0.000639,0.019134,-0.002532,-0.193797,-0.001620,-0.647977,False
2022-09-22,-0.196975,-0.210559,0.000201,0.000022,0.000029,-0.000304,-0.000424,0.000642,0.019134,-0.002893,-0.194151,-0.002824,-1.129420,False
2022-09-23,-0.200203,-0.210596,0.000205,0.000045,0.000046,-0.000304,-0.000427,0.000645,0.019134,-0.003242,-0.194495,-0.005708,-2.283216,False
2022-09-24,-0.200267,-0.210634,0.000209,0.000068,0.000062,-0.000305,-0.000430,0.000648,0.019134,-0.003580,-0.194828,-0.005439,-2.175588,False
2022-09-25,-0.200131,-0.210671,0.000212,0.000091,0.000079,-0.000305,-0.000433,0.000650,0.019134,-0.003907,-0.195151,-0.004980,-1.991965,False
2022-09-26,-0.197836,-0.210708,0.000213,0.000113,0.000095,-0.000306,-0.000437,0.000653,0.019134,-0.004223,-0.195465,-0.002371,-0.948585,False
2022-09-27,-0.199080,-0.210745,0.000214,0.000136,0.000112,-0.000306,-0.000440,0.000656,0.019134,-0.004529,-0.195769,-0.003311,-1.324490,False
2022-09-28,-0.196698,-0.210782,0.000214,0.000158,0.000128,-0.000307,-0.000443,0.000658,0.019134,-0.004825,-0.196064,-0.000634,-0.253531,False
2022-09-29,-0.199672,-0.210819,0.000212,0.000180,0.000144,-0.000307,-0.000446,0.000661,0.019134,-0.005111,-0.196351,-0.003321,-1.328364,False
2022-09-30,-0.199017,-0.210856,0.000210,0.000202,0.000161,-0.000308,-0.000449,0.000664,0.019134,-0.005387,-0.196630,-0.002387,-0.954853,False
2022-10-01,-0.200953,-0.210893,0.000206,0.000224,0.000177,-0.000308,-0.000452,0.000666,0.019134,-0.005655,-0.196901,-0.004052,-1.620865,False
2022-10-02,-0.200851,-0.210931,0.000202,0.000245,0.000193,-0.000308,-0.000455,0.000669,0.019134,-0.005914,-0.197164,-0.003687,-1.474677,False
2022-10-03,-0.195773,-0.210968,0.000197,0.000267,0.000209,-0.000309,-0.000458,0.000672,0.019134,-0.006164,-0.197421,0.001648,0.659031,False
2022-10-04,-0.199646,-0.211005,0.000191,0.000287,0.000225,-0.000309,-0.000462,0.000674,0.019134,-0.006406,-0.197670,-0.001976,-0.790427,False
2022-10-05,-0.197042,-0.211042,0.000183,0.000308,0.000241,-0.000310,-0.000465,0.000677,0.019134,-0.006640,-0.197913,0.000871,0.348255,False
2022-10-06,-0.198567,-0.211079,0.000175,0.000328,0.000257,-0.000310,-0.000468,0.000680,0.019134,-0.006866,-0.198149,-0.000418,-0.167220,False
2022-10-07,-0.199755,-0.211116,0.000166,0.000348,0.000273,-0.000310,-0.000471,0.000682,0.019134,-0.007085,-0.198379,-0.001376,-0.550354,False
2022-10-08,-0.199769,-0.211153,0.000157,0.000367,0.000289,-0.000311,-0.000474,0.000685,0.019134,-0.007297,-0.198603,-0.001166,-0.466257,False
2022-10-09,-0.198519,-0.211191,0.000146,0.000386,0.000305,-0.000311,-0.000477,0.000688,0.019134,-0.007502,-0.198822,0.000303,0.121160,False
2022-10-10,-0.198239,-0.211228,0.000135,0.000404,0.000320,-0.000311,-0.000480,0.000690,0.019134,-0.007700,-0.199035,0.000796,0.318378,False
2022-10-11,-0.199610,-0.211265,0.000124,0.000422,0.000336,-0.000312,-0.000483,0.000693,0.019134,-0.007892,-0.199243,-0.000367,-0.146924,False
2022-10-12,-0.199943,-0.211302,0.000111,0.000440,0.000351,-0.000312,-0.000486,0.000696,0.019134,-0.008077,-0.199445,-0.000498,-0.199074,False
2022-10-13,-0.198975,-0.211339,0.000099,0.000457,0.000367,-0.000312,-0.000489,0.000698,0.019134,-0.008256,-0.199643,0.000668,0.267199,False
2022-10-14,-0.200874,-0.211376,0.000085,0.000473,0.000382,-0.000313,-0.000492,0.000701,0.019134,-0.008430,-0.199836,-0.001038,-0.415241,False
2022-10-15,-0.204382,-0.211413,0.000072,0.000489,0.000397,-0.000313,-0.000495,0.000704,0.019134,-0.008597,-0.200024,-0.004358,-1.743132,False
2022-10-16,-0.200965,-0.211450,0.000057,0.000504,0.000412,-0.000313,-0.000498,0.000706,0.019134,-0.008760,-0.200208,-0.000757,-0.302816,False
2022-10-17,-0.200910,-0.211488,0.000043,0.000519,0.000427,-0.000314,-0.000501,0.000709,0.019134,-0.008917,-0.200387,-0.000523,-0.209038,False
2022-10-18,-0.200730,-0.211525,0.000029,0.000533,0.000442,-0.000314,-0.000504,0.000712,0.019134,-0.009068,-0.200563,-0.000167,-0.066947,False
2022-10-19,-0.199478,-0.211562,0.000014,0.000546,0.000456,-0.000314,-0.000507,0.000714,0.019134,-0.009215,-0.200734,0.001256,0.502305,False
2022-10-20,-0.203321,-0.211599,-0.000001,0.000559,0.000471,-0.000314,-0.000510,0.000717,0.019134,-0.009357,-0.200901,-0.002420,-0.968036,False
2022-10-21,-0.203443,-0.211636,-0.000015,0.000571,0.000485,-0.000315,-0.000513,0.000719,0.019134,-0.009494,-0.201064,-0.002379,-0.951526,False
2022-10-22,-0.204256,-0.211673,-0.000030,0.000582,0.000499,-0.000315,-0.000516,0.000722,0.019134,-0.009627,-0.201224,-0.003032,-1.212926,False
2022-10-23,-0.203696,-0.211710,-0.000045,0.000593,0.000513,-0.000315,-0.000519,0.000725,0.019134,-0.009755,-0.201380,-0.002316,-0.926597,False
2022-10-24,-0.203582,-0.211747,-0.000059,0.000603,0.000527,-0.000315,-0.000522,0.000727,0.019134,-0.009879,-0.201532,-0.002050,-0.820102,False
2022-10-25,-0.203749,-0.211785,-0.000073,0.000612,0.000541,-0.000316,-0.000525,0.000730,0.019134,-0.009999,-0.201680,-0.002069,-0.827407,False
2022-10-26,-0.202157,-0.211822,-0.000087,0.000621,0.000555,-0.000316,-0.000528,0.000732,0.019134,-0.010116,-0.201826,-0.000331,-0.132478,False
2022-10-27,-0.202378,-0.211859,-0.000100,0.000629,0.000568,-0.000316,-0.000531,0.000735,0.019134,-0.010228,-0.201968,-0.000410,-0.164085,False
2022-10-28,-0.199029,-0.211896,-0.000113,0.000636,0.000581,-0.000316,-0.000534,0.000738,0.019134,-0.010337,-0.202107,0.003078,1.231003,False
2022-10-29,-0.203225,-0.211933,-0.000125,0.000642,0.000594,-0.000316,-0.000537,0.000740,0.019134,-0.010442,-0.202242,-0.000983,-0.393184,False
2022-10-30,-0.200719,-0.211970,-0.000136,0.000648,0.000607,-0.000316,-0.000539,0.000743,0.019134,-0.010543,-0.202374,0.001655,0.662180,False
2022-10-31,-0.200448,-0.212007,-0.000148,0.000652,0.000620,-0.000317,-0.000542,0.000745,0.019134,-0.010642,-0.202504,0.002056,0.822324,False
2022-11-01,-0.203126,-0.212045,-0.000158,0.000657,0.000632,-0.000317,-0.000545,0.000748,0.019134,-0.010737,-0.202630,-0.000496,-0.198326,False
2022-11-02,-0.201721,-0.212082,-0.000167,0.000660,0.000645,-0.000317,-0.000548,0.000751,0.019134,-0.010829,-0.202754,0.001033,0.413056,False
2022-11-03,-0.200972,-0.212119,-0.000176,0.000662,0.000657,-0.000317,-0.000551,0.000753,0.019134,-0.010918,-0.202874,0.001902,0.760897,False
2022-11-04,-0.201286,-0.212156,-0.000184,0.000664,0.000669,-0.000317,-0.000554,0.000756,0.019134,-0.011004,-0.202992,0.001706,0.682421,False
2022-11-05,-0.204628,-0.212193,-0.000191,0.000665,0.000681,-0.000317,-0.000557,0.000758,0.019134,-0.011087,-0.203107,-0.001521,-0.608345,False
2022-11-06,-0.200994,-0.212230,-0.000197,0.000665,0.000692,-0.000317,-0.000559,0.000761,0.019134,-0.011167,-0.203220,0.002226,0.890224,False
2022-11-07,-0.200710,-0.212267,-0.000203,0.000664,0.000703,-0.000317,-0.000562,0.000763,0.019134,-0.011245,-0.203329,0.002619,1.047752,False
2022-11-08,-0.199167,-0.212304,-0.000207,0.000663,0.000715,-0.000317,-0.000565,0.000766,0.019134,-0.011320,-0.203437,0.004270,1.707868,False
2022-11-09,-0.199973,-0.212342,-0.000210,0.000661,0.000726,-0.000318,-0.000568,0.000769,0.019134,-0.011393,-0.203541,0.003568,1.427395,False
2022-11-10,-0.201714,-0.212379,-0.000212,0.000658,0.000736,-0.000318,-0.000571,0.000771,0.019134,-0.011463,-0.203644,0.001930,0.771961,False
2022-11-11,-0.202137,-0.212416,-0.000214,0.000654,0.000747,-0.000318,-0.000574,0.000774,0.019134,-0.011531,-0.203744,0.001607,0.642793,False
2022-11-12,-0.203076,-0.212453,-0.000214,0.000649,0.000757,-0.000318,-0.000576,0.000776,0.019134,-0.011597,-0.203842,0.000766,0.306317,False
2022-11-13,-0.202975,-0.212490,-0.000213,0.000644,0.000767,-0.000318,-0.000579,0.000779,0.019134,-0.011661,-0.203937,0.000962,0.384963,False
2022-11-14,-0.202605,-0.212527,-0.000211,0.000638,0.000777,-0.000318,-0.000582,0.000781,0.019134,-0.011723,-0.204031,0.001426,0.570357,False
2022-11-15,-0.201421,-0.212564,-0.000209,0.000631,0.000787,-0.000318,-0.000585,0.000784,0.019134,-0.011782,-0.204122,0.002701,1.080530,False
2022-11-16,-0.204438,-0.212601,-0.000205,0.000623,0.000796,-0.000318,-0.000587,0.000786,0.019134,-0.011840,-0.204212,-0.000226,-0.090489,False
2022-11-17,-0.202438,-0.212639,-0.000200,0.000615,0.000805,-0.000318,-0.000590,0.000789,0.019134,-0.011895,-0.204299,0.001861,0.744529,False
2022-11-18,-0.202720,-0.212676,-0.000195,0.000606,0.000814,-0.000318,-0.000593,0.000791,0.019134,-0.011949,-0.204385,0.001665,0.666017,False
2022-11-19,-0.202318,-0.212713,-0.000188,0.000596,0.000823,-0.000318,-0.000596,0.000794,0.019134,-0.012001,-0.204469,0.002151,0.860406,False
2022-11-20,-0.203135,-0.212750,-0.000180,0.000585,0.000831,-0.000318,-0.000598,0.000796,0.019134,-0.012052,-0.204551,0.001416,0.566527,False
2022-11-21,-0.204112,-0.212787,-0.000172,0.000574,0.000839,-0.000318,-0.000601,0.000799,0.019134,-0.012101,-0.204632,0.000520,0.208014,False
2022-11-22,-0.206814,-0.212824,-0.000163,0.000562,0.000847,-0.000317,-0.000604,0.000801,0.019134,-0.012148,-0.204711,-0.002103,-0.841101,False
2022-11-23,-0.206589,-0.212861,-0.000153,0.000550,0.000855,-0.000317,-0.000606,0.000804,0.019134,-0.012193,-0.204789,-0.001800,-0.719984,False
2022-11-24,-0.204866,-0.212899,-0.000142,0.000537,0.000862,-0.000317,-0.000609,0.000806,0.019134,-0.012237,-0.204865,-0.000001,-0.000200,False
2022-11-25,-0.207668,-0.212936,-0.000131,0.000523,0.000869,-0.000317,-0.000612,0.000809,0.019134,-0.012280,-0.204941,-0.002727,-1.090916,False
2022-11-26,-0.206899,-0.212973,-0.000119,0.000508,0.000876,-0.000317,-0.000614,0.000811,0.019134,-0.012321,-0.205015,-0.001884,-0.753696,False
2022-11-27,-0.205556,-0.213010,-0.000107,0.000493,0.000883,-0.000317,-0.000617,0.000814,0.019134,-0.012361,-0.205088,-0.000468,-0.187306,False
2022-11-28,-0.204989,-0.213047,-0.000094,0.000478,0.000889,-0.000317,-0.000620,0.000816,0.019134,-0.012400,-0.205160,0.000171,0.068290,False
2022-11-29,-0.204613,-0.213084,-0.000080,0.000461,0.000895,-0.000317,-0.000622,0.000819,0.019134,-0.012437,-0.205231,0.000618,0.247127,False
2022-11-30,-0.201445,-0.213121,-0.000066,0.000445,0.000901,-0.000317,-0.000625,0.000821,0.019134,-0.012473,-0.205301,0.003856,1.542439,False
2022-12-01,-0.203441,-0.213158,-0.000052,0.000427,0.000907,-0.000316,-0.000627,0.000824,0.019134,-0.012508,-0.205371,0.001930,0.771863,False
2022-12-02,-0.202688,-0.213196,-0.000038,0.000410,0.000912,-0.000316,-0.000630,0.000826,0.019134,-0.012542,-0.205440,0.002752,1.100633,False
2022-12-03,-0.203114,-0.213233,-0.000023,0.000391,0.000917,-0.000316,-0.000633,0.000829,0.019134,-0.012574,-0.205508,0.002394,0.957584,False
2022-12-04,-0.203322,-0.213270,-0.000008,0.000373,0.000922,-0.000316,-0.000635,0.000831,0.019134,-0.012606,-0.205576,0.002254,0.901549,False
2022-12-05,-0.200961,-0.213307,0.000006,0.000353,0.000926,-0.000316,-0.000638,0.000834,0.019134,-0.012636,-0.205643,0.004682,1.872962,False
2022-12-06,-0.204613,-0.213344,0.000021,0.000334,0.000930,-0.000316,-0.000640,0.000836,0.019134,-0.012666,-0.205711,0.001098,0.439057,False
2022-12-07,-0.202702,-0.213381,0.000036,0.000314,0.000934,-0.000315,-0.000643,0.000839,0.019134,-0.012694,-0.205778,0.003076,1.230265,False
2022-12-08,-0.202792,-0.213418,0.000050,0.000293,0.000938,-0.000315,-0.000645,0.000841,0.019134,-0.012722,-0.205845,0.003053,1.221018,False
2022-12-09,-0.203871,-0.213455,0.000064,0.000273,0.000941,-0.000315,-0.000648,0.000844,0.019134,-0.012749,-0.205911,0.002040,0.816146,False
2022-12-10,-0.202840,-0.213493,0.000078,0.000252,0.000945,-0.000315,-0.000651,0.000846,0.019134,-0.012775,-0.205978,0.003138,1.255279,False
2022-12-11,-0.202540,-0.213530,0.000092,0.000230,0.000947,-0.000314,-0.000653,0.000848,0.019134,-0.012800,-0.206045,0.003505,1.402045,False
2022-12-12,-0.202398,-0.213567,0.000105,0.000209,0.000950,-0.000314,-0.000656,0.000851,0.019134,-0.012824,-0.206112,0.003714,1.485671,False
2022-12-13,-0.204421,-0.213604,0.000117,0.000187,0.000952,-0.000314,-0.000658,0.000853,0.019134,-0.012847,-0.206179,0.001758,0.703382,False
2022-12-14,-0.205126,-0.213641,0.000129,0.000165,0.000954,-0.000314,-0.000660,0.000856,0.019134,-0.012870,-0.206247,0.001121,0.448404,False
2022-12-15,-0.204447,-0.213678,0.000141,0.000142,0.000956,-0.000313,-0.000663,0.000858,0.019134,-0.012892,-0.206315,0.001868,0.747157,False
2022-12-16,-0.205432,-0.213715,0.000151,0.000120,0.000957,-0.000313,-0.000665,0.000861,0.019134,-0.012913,-0.206383,0.000951,0.380465,False
2022-12-17,-0.206515,-0.213753,0.000161,0.000097,0.000958,-0.000313,-0.000668,0.000863,0.019134,-0.012933,-0.206452,-0.000063,-0.025255,False
2022-12-18,-0.207761,-0.213790,0.000171,0.000075,0.000959,-0.000312,-0.000670,0.000865,0.019134,-0.012953,-0.206521,-0.001240,-0.495984,False
2022-12-19,-0.205686,-0.213827,0.000179,0.000052,0.000960,-0.000312,-0.000673,0.000868,0.019134,-0.012972,-0.206591,0.000905,0.361893,False
2022-12-20,-0.202329,-0.213864,0.000187,0.000029,0.000960,-0.000312,-0.000675,0.000870,0.019134,-0.012990,-0.206661,0.004332,1.732790,False
2022-12-21,-0.202345,-0.213901,0.000194,0.000006,0.000960,-0.000311,-0.000678,0.000873,0.019134,-0.013008,-0.206732,0.004387,1.754719,False
2022-12-22,-0.206311,-0.213938,0.000199,-0.000017,0.000960,-0.000311,-0.000680,0.000875,0.019134,-0.013026,-0.206803,0.000492,0.196890,False
2022-12-23,-0.203532,-0.213975,0.000204,-0.000040,0.000959,-0.000311,-0.000682,0.000877,0.019134,-0.013042,-0.206875,0.003343,1.337310,False
2022-12-24,-0.204363,-0.214012,0.000208,-0.000062,0.000958,-0.000310,-0.000685,0.000880,0.019134,-0.013058,-0.206948,0.002585,1.033986,False
2022-12-25,-0.203134,-0.214050,0.000211,-0.000085,0.000957,-0.000310,-0.000687,0.000882,0.019134,-0.013074,-0.207021,0.003887,1.554921,False
2022-12-26,-0.206321,-0.214087,0.000213,-0.000108,0.000956,-0.000310,-0.000689,0.000885,0.019134,-0.013089,-0.207095,0.000774,0.309717,False
2022-12-27,-0.205625,-0.214124,0.000214,-0.000130,0.000954,-0.000309,-0.000692,0.000887,0.019134,-0.013104,-0.207170,0.001545,0.617973,False
2022-12-28,-0.206047,-0.214161,0.000214,-0.000153,0.000952,-0.000309,-0.000694,0.000889,0.019134,-0.013118,-0.207245,0.001198,0.479287,False
2022-12-29,-0.205505,-0.214198,0.000213,-0.000175,0.000950,-0.000308,-0.000696,0.000892,0.019134,-0.013132,-0.207321,0.001816,0.726453,False
2022-12-30,-0.205641,-0.214235,0.000210,-0.000197,0.000947,-0.000308,-0.000699,0.000894,0.019134,-0.013145,-0.207398,0.001757,0.702666,False
2022-12-31,-0.206960,-0.214272,0.000207,-0.000219,0.000944,-0.000307,-0.000701,0.000897,0.019134,-0.013158,-0.207475,0.000515,0.205916,False
2023-01-01,-0.205994,-0.214309,0.000203,-0.000240,0.000941,-0.000307,-0.000703,0.000899,0.019134,-0.013170,-0.207552,0.001558,0.623392,False
2023-01-02,-0.207905,-0.214347,0.000198,-0.000261,0.000938,-0.000307,-0.000706,0.000901,0.019134,-0.013182,-0.207631,-0.000274,-0.109719,False
2023-01-03,-0.205006,-0.214384,0.000192,-0.000282,0.000934,-0.000306,-0.000708,0.000904,0.019134,-0.013193,-0.207709,0.002703,1.081369,False
2023-01-04,-0.205158,-0.214421,0.000185,-0.000303,0.000930,-0.000306,-0.000710,0.000906,0.019134,-0.013205,-0.207789,0.002631,1.052240,False
2023-01-05,-0.204617,-0.214458,0.000177,-0.000323,0.000926,-0.000305,-0.000712,0.000908,0.019134,-0.013215,-0.207868,0.003251,1.300474,False
2023-01-06,-0.206194,-0.214495,0.000169,-0.000343,0.000922,-0.000305,-0.000715,0.000911,0.019134,-0.013226,-0.207948,0.001754,0.701652,False
2023-01-07,-0.205807,-0.214532,0.000159,-0.000362,0.000917,-0.000304,-0.000717,0.000913,0.019134,-0.013236,-0.208028,0.002221,0.888552,False
2023-01-08,-0.206354,-0.214569,0.000149,-0.000381,0.000912,-0.000304,-0.000719,0.000915,0.019134,-0.013246,-0.208109,0.001755,0.701951,False
2023-01-09,-0.204143,-0.214607,0.000138,-0.000400,0.000906,-0.000303,-0.000721,0.000918,0.019134,-0.013255,-0.208190,0.004047,1.618625,False
2023-01-10,-0.204676,-0.214644,0.000127,-0.000418,0.000901,-0.000303,-0.000723,0.000920,0.019134,-0.013264,-0.208270,0.003594,1.437748,False
2023-01-11,-0.206046,-0.214681,0.000114,-0.000435,0.000895,-0.000302,-0.000726,0.000922,0.019134,-0.013273,-0.208351,0.002305,0.922092,False
2023-01-12,-0.204733,-0.214718,0.000102,-0.000452,0.000889,-0.000301,-0.000728,0.000925,0.019134,-0.013282,-0.208432,0.003699,1.479629,False
2023-01-13,-0.205414,-0.214755,0.000089,-0.000469,0.000882,-0.000301,-0.000730,0.000927,0.019134,-0.013290,-0.208513,0.003099,1.239531,False
2023-01-14,-0.204564,-0.214792,0.000075,-0.000485,0.000876,-0.000300,-0.000732,0.000929,0.019134,-0.013298,-0.208593,0.004029,1.611767,False
2023-01-15,-0.203791,-0.214829,0.000061,-0.000500,0.000869,-0.000300,-0.000734,0.000931,0.019134,-0.013306,-0.208674,0.004883,1.953107,False
2023-01-16,-0.205917,-0.214866,0.000047,-0.000515,0.000862,-0.000299,-0.000736,0.000934,0.019134,-0.013313,-0.208754,0.002837,1.134721,False
2023-01-17,-0.205995,-0.214904,0.000032,-0.000529,0.000854,-0.000299,-0.000738,0.000936,0.019134,-0.013320,-0.208833,0.002838,1.135375,False
2023-01-18,-0.204710,-0.214941,0.000018,-0.000543,0.000847,-0.000298,-0.000741,0.000938,0.019134,-0.013327,-0.208913,0.004203,1.681039,False
2023-01-19,-0.207335,-0.214978,0.000003,-0.000556,0.000839,-0.000297,-0.000743,0.000941,0.019134,-0.013334,-0.208991,0.001656,0.662481,False
2023-01-20,-0.207809,-0.215015,-0.000012,-0.000568,0.000831,-0.000297,-0.000745,0.000943,0.019134,-0.013341,-0.209069,0.001260,0.504068,False
2023-01-21,-0.207626,-0.215052,-0.000026,-0.000579,0.000822,-0.000296,-0.000747,0.000945,0.019134,-0.013347,-0.209146,0.001520,0.608169,False
2023-01-22,-0.207426,-0.215089,-0.000041,-0.000590,0.000814,-0.000296,-0.000749,0.000948,0.019134,-0.013353,-0.209223,0.001797,0.718753,False
2023-01-23,-0.206991,-0.215126,-0.000055,-0.000601,0.000805,-0.000295,-0.000751,0.000950,0.019134,-0.013359,-0.209298,0.002307,0.922988,False
2023-01-24,-0.207593,-0.215163,-0.000069,-0.000610,0.000796,-0.000294,-0.000753,0.000952,0.019134,-0.013365,-0.209373,0.001780,0.712045,False
2023-01-25,-0.206262,-0.215201,-0.000083,-0.000619,0.000786,-0.000294,-0.000755,0.000954,0.019134,-0.013370,-0.209447,0.003185,1.273892,False
2023-01-26,-0.208271,-0.215238,-0.000097,-0.000627,0.000777,-0.000293,-0.000757,0.000957,0.019134,-0.013376,-0.209519,0.001248,0.499302,False
2023-01-27,-0.207093,-0.215275,-0.000109,-0.000634,0.000767,-0.000292,-0.000759,0.000959,0.019134,-0.013381,-0.209591,0.002498,0.999047,False
2023-01-28,-0.207920,-0.215312,-0.000122,-0.000641,0.000757,-0.000291,-0.000761,0.000961,0.019134,-0.013386,-0.209661,0.001741,0.696300,False
2023-01-29,-0.206887,-0.215349,-0.000134,-0.000646,0.000746,-0.000291,-0.000763,0.000963,0.019134,-0.013390,-0.209730,0.002843,1.137035,False
2023-01-30,-0.205749,-0.215386,-0.000145,-0.000651,0.000736,-0.000290,-0.000765,0.000966,0.019134,-0.013395,-0.209797,0.004048,1.619228,False
2023-01-31,-0.209727,-0.215423,-0.000155,-0.000656,0.000725,-0.000289,-0.000767,0.000968,0.019134,-0.013400,-0.209863,0.000136,0.054456,False
2023-02-01,-0.207615,-0.215461,-0.000165,-0.000659,0.000714,-0.000289,-0.000769,0.000970,0.019134,-0.013404,-0.209928,0.002313,0.925099,False
2023-02-02,-0.208667,-0.215498,-0.000174,-0.000662,0.000703,-0.000288,-0.000771,0.000972,0.019134,-0.013408,-0.209991,0.001324,0.529537,False
2023-02-03,-0.206939,-0.215535,-0.000182,-0.000664,0.000692,-0.000287,-0.000773,0.000974,0.019134,-0.013412,-0.210052,0.003113,1.245352,False
2023-02-04,-0.207241,-0.215572,-0.000189,-0.000665,0.000680,-0.000286,-0.000774,0.000977,0.019134,-0.013416,-0.210112,0.002871,1.148528,False
2023-02-05,-0.209836,-0.215609,-0.000196,-0.000665,0.000668,-0.000286,-0.000776,0.000979,0.019134,-0.013420,-0.210171,0.000335,0.133852,False
2023-02-06,-0.212103,-0.215646,-0.000201,-0.000665,0.000656,-0.000285,-0.000778,0.000981,0.019134,-0.013424,-0.210227,-0.001876,-0.750289,False
2023-02-07,-0.207032,-0.215683,-0.000206,-0.000663,0.000644,-0.000284,-0.000780,0.000983,0.019134,-0.013427,-0.210282,0.003250,1.300095,False
2023-02-08,-0.208260,-0.215720,-0.000209,-0.000661,0.000632,-0.000283,-0.000782,0.000986,0.019134,-0.013431,-0.210335,0.002075,0.830198,False
2023-02-09,-0.208078,-0.215758,-0.000212,-0.000658,0.000619,-0.000282,-0.000784,0.000988,0.019134,-0.013434,-0.210387,0.002309,0.923613,False
2023-02-10,-0.208280,-0.215795,-0.000213,-0.000655,0.000607,-0.000282,-0.000786,0.000990,0.019134,-0.013437,-0.210437,0.002157,0.862736,False
2023-02-11,-0.208482,-0.215832,-0.000214,-0.000650,0.000594,-0.000281,-0.000787,0.000992,0.019134,-0.013440,-0.210485,0.002003,0.801167,False
2023-02-12,-0.208481,-0.215869,-0.000213,-0.000645,0.000581,-0.000280,-0.000789,0.000994,0.019134,-0.013443,-0.210531,0.002050,0.820107,False
2023-02-13,-0.208480,-0.215906,-0.000212,-0.000639,0.000567,-0.000279,-0.000791,0.000996,0.019134,-0.013446,-0.210576,0.002096,0.838358,False
2023-02-14,-0.207273,-0.215943,-0.000209,-0.000633,0.000554,-0.000278,-0.000793,0.000999,0.019134,-0.013449,-0.210619,0.003346,1.338327,False
2023-02-15,-0.207447,-0.215980,-0.000206,-0.000625,0.000540,-0.000278,-0.000795,0.001001,0.019134,-0.013452,-0.210660,0.003213,1.285220,False
2023-02-16,-0.206768,-0.216017,-0.000201,-0.000617,0.000527,-0.000277,-0.000796,0.001003,0.019134,-0.013454,-0.210700,0.003932,1.572647,False
2023-02-17,-0.208232,-0.216055,-0.000196,-0.000608,0.000513,-0.000276,-0.000798,0.001005,0.019134,-0.013457,-0.210738,0.002506,1.002221,False
2023-02-18,-0.210190,-0.216092,-0.000190,-0.000598,0.000499,-0.000275,-0.000800,0.001007,0.019134,-0.013459,-0.210774,0.000584,0.233556,False
2023-02-19,-0.209130,-0.216129,-0.000182,-0.000588,0.000485,-0.000274,-0.000802,0.001009,0.019134,-0.013462,-0.210809,0.001679,0.671467,False
2023-02-20,-0.206113,-0.216166,-0.000174,-0.000577,0.000470,-0.000273,-0.000803,0.001012,0.019134,-0.013464,-0.210842,0.004729,1.891573,False
2023-02-21,-0.206657,-0.216203,-0.000165,-0.000565,0.000456,-0.000272,-0.000805,0.001014,0.019134,-0.013466,-0.210874,0.004217,1.686693,False
2023-02-22,-0.208590,-0.216240,-0.000156,-0.000553,0.000441,-0.000271,-0.000807,0.001016,0.019134,-0.013468,-0.210904,0.002314,0.925650,False
2023-02-23,-0.208229,-0.216277,-0.000145,-0.000540,0.000426,-0.000270,-0.000808,0.001018,0.019134,-0.013470,-0.210933,0.002704,1.081667,False
2023-02-24,-0.207686,-0.216315,-0.000134,-0.000526,0.000412,-0.000270,-0.000810,0.001020,0.019134,-0.013472,-0.210961,0.003275,1.309969,False
2023-02-25,-0.207250,-0.216352,-0.000122,-0.000512,0.000397,-0.000269,-0.000812,0.001022,0.019134,-0.013474,-0.210987,0.003737,1.494983,False
2023-02-26,-0.209566,-0.216389,-0.000110,-0.000497,0.000381,-0.000268,-0.000813,0.001024,0.019134,-0.013476,-0.211013,0.001447,0.578737,False
2023-02-27,-0.209199,-0.216426,-0.000097,-0.000482,0.000366,-0.000267,-0.000815,0.001027,0.019134,-0.013478,-0.211037,0.001838,0.735262,False
2023-02-28,-0.209658,-0.216463,-0.000084,-0.000465,0.000351,-0.000266,-0.000816,0.001029,0.019134,-0.013480,-0.211060,0.001402,0.560987,False
2023-03-01,-0.207585,-0.216500,-0.000070,-0.000449,0.000335,-0.000265,-0.000818,0.001031,0.019134,-0.013481,-0.211083,0.003498,1.399144,False
2023-03-02,-0.207540,-0.216537,-0.000056,-0.000432,0.000320,-0.000264,-0.000820,0.001033,0.019134,-0.013483,-0.211104,0.003565,1.425900,False
2023-03-03,-0.207494,-0.216574,-0.000041,-0.000414,0.000304,-0.000263,-0.000821,0.001035,0.019134,-0.013485,-0.211125,0.003631,1.452356,False
2023-03-04,-0.207449,-0.216612,-0.000027,-0.000396,0.000289,-0.000262,-0.000823,0.001037,0.019134,-0.013486,-0.211145,0.003696,1.478545,False
2023-03-05,-0.209466,-0.216649,-0.000012,-0.000377,0.000273,-0.000261,-0.000824,0.001039,0.019134,-0.013488,-0.211165,0.001699,0.679570,False
2023-03-06,-0.207533,-0.216686,0.000003,-0.000358,0.000257,-0.000260,-0.000826,0.001041,0.019134,-0.013489,-0.211184,0.003651,1.460399,False
2023-03-07,-0.208658,-0.216723,0.000017,-0.000339,0.000241,-0.000259,-0.000827,0.001043,0.019134,-0.013490,-0.211203,0.002545,1.017867,False
2023-03-08,-0.209783,-0.216760,0.000032,-0.000319,0.000225,-0.000258,-0.000829,0.001045,0.019134,-0.013492,-0.211221,0.001438,0.575212,False
2023-03-09,-0.209614,-0.216797,0.000046,-0.000299,0.000209,-0.000257,-0.000830,0.001047,0.019134,-0.013493,-0.211239,0.001625,0.650068,False
2023-03-10,-0.209515,-0.216834,0.000061,-0.000278,0.000193,-0.000256,-0.000832,0.001050,0.019134,-0.013494,-0.211257,0.001742,0.696871,False
2023-03-11,-0.209416,-0.216871,0.000075,-0.000257,0.000176,-0.000255,-0.000833,0.001052,0.019134,-0.013495,-0.211275,0.001859,0.743658,False
2023-03-12,-0.210650,-0.216909,0.000088,-0.000236,0.000160,-0.000254,-0.000835,0.001054,0.019134,-0.013496,-0.211293,0.000643,0.257062,False
2023-03-13,-0.211885,-0.216946,0.000101,-0.000214,0.000144,-0.000253,-0.000836,0.001056,0.019134,-0.013498,-0.211311,-0.000574,-0.229481,False
2023-03-14,-0.210904,-0.216983,0.000114,-0.000192,0.000127,-0.000252,-0.000838,0.001058,0.019134,-0.013499,-0.211330,0.000426,0.170395,False
2023-03-15,-0.209922,-0.217020,0.000126,-0.000170,0.000111,-0.000250,-0.000839,0.001060,0.019134,-0.013500,-0.211348,0.001426,0.570391,False
2023-03-16,-0.208941,-0.217057,0.000138,-0.000148,0.000095,-0.000249,-0.000840,0.001062,0.019134,-0.013501,-0.211367,0.002426,0.970538,False
2023-03-17,-0.209156,-0.217094,0.000149,-0.000126,0.000078,-0.000248,-0.000842,0.001064,0.019134,-0.013502,-0.211387,0.002231,0.892334,False
2023-03-18,-0.209371,-0.217131,0.000159,-0.000103,0.000062,-0.000247,-0.000843,0.001066,0.019134,-0.013503,-0.211407,0.002036,0.814343,False
2023-03-19,-0.209586,-0.217169,0.000169,-0.000080,0.000045,-0.000246,-0.000845,0.001068,0.019134,-0.013503,-0.211427,0.001841,0.736592,False
2023-03-20,-0.209801,-0.217206,0.000177,-0.000058,0.000029,-0.000245,-0.000846,0.001070,0.019134,-0.013504,-0.211449,0.001648,0.659109,False
2023-03-21,-0.209883,-0.217243,0.000185,-0.000035,0.000012,-0.000244,-0.000847,0.001072,0.019134,-0.013505,-0.211471,0.001588,0.635270,False
2023-03-22,-0.209964,-0.217280,0.000192,-0.000012,-0.000004,-0.000243,-0.000849,0.001074,0.019134,-0.013506,-0.211494,0.001529,0.611748,False
2023-03-23,-0.210046,-0.217317,0.000198,0.000011,-0.000021,-0.000242,-0.000850,0.001076,0.019134,-0.013507,-0.211517,0.001471,0.588567,False
2023-03-24,-0.210127,-0.217354,0.000203,0.000034,-0.000037,-0.000240,-0.000851,0.001078,0.019134,-0.013508,-0.211542,0.001414,0.565747,False
2023-03-25,-0.210209,-0.217391,0.000207,0.000057,-0.000054,-0.000239,-0.000852,0.001080,0.019134,-0.013508,-0.211567,0.001358,0.543307,False
2023-03-26,-0.210291,-0.217428,0.000210,0.000079,-0.000070,-0.000238,-0.000854,0.001082,0.019134,-0.013509,-0.211594,0.001303,0.521264,False
2023-03-27,-0.210372,-0.217466,0.000213,0.000102,-0.000087,-0.000237,-0.000855,0.001084,0.019134,-0.013510,-0.211621,0.001249,0.499632,False
2023-03-28,-0.210454,-0.217503,0.000214,0.000125,-0.000103,-0.000236,-0.000856,0.001086,0.019134,-0.013510,-0.211650,0.001196,0.478427,False
2023-03-29,-0.209946,-0.217540,0.000214,0.000147,-0.000120,-0.000235,-0.000857,0.001088,0.019134,-0.013511,-0.211680,0.001734,0.693508,False
2023-03-30,-0.209438,-0.217577,0.000213,0.000169,-0.000136,-0.000233,-0.000859,0.001090,0.019134,-0.013512,-0.211711,0.002273,0.909034,False
2023-03-31,-0.208930,-0.217614,0.000211,0.000191,-0.000153,-0.000232,-0.000860,0.001092,0.019134,-0.013512,-0.211743,0.002813,1.125014,False
2023-04-01,-0.208422,-0.217651,0.000208,0.000213,-0.000169,-0.000231,-0.000861,0.001094,0.019134,-0.013513,-0.211776,0.003354,1.341453,False
2023-04-02,-0.208521,-0.217688,0.000204,0.000235,-0.000185,-0.000230,-0.000862,0.001096,0.019134,-0.013513,-0.211810,0.003289,1.315503,False
2023-04-03,-0.208620,-0.217725,0.000200,0.000256,-0.000201,-0.000229,-0.000863,0.001098,0.019134,-0.013514,-0.211845,0.003225,1.290015,False
2023-04-04,-0.208719,-0.217763,0.000194,0.000277,-0.000217,-0.000227,-0.000865,0.001100,0.019134,-0.013514,-0.211882,0.003162,1.264990,False
2023-04-05,-0.208818,-0.217800,0.000187,0.000298,-0.000233,-0.000226,-0.000866,0.001102,0.019134,-0.013515,-0.211920,0.003101,1.240425,False
2023-04-06,-0.208918,-0.217837,0.000179,0.000318,-0.000249,-0.000225,-0.000867,0.001104,0.019134,-0.013515,-0.211958,0.003041,1.216314,False
2023-04-07,-0.209017,-0.217874,0.000171,0.000338,-0.000265,-0.000224,-0.000868,0.001105,0.019134,-0.013516,-0.211998,0.002982,1.192652,False
2023-04-08,-0.209116,-0.217911,0.000162,0.000357,-0.000281,-0.000222,-0.000869,0.001107,0.019134,-0.013516,-0.212039,0.002924,1.169430,False
2023-04-09,-0.209116,-0.217948,0.000152,0.000376,-0.000297,-0.000221,-0.000870,0.001109,0.019134,-0.013517,-0.212082,0.002966,1.186288,False
2023-04-10,-0.209116,-0.217985,0.000141,0.000395,-0.000313,-0.000220,-0.000871,0.001111,0.019134,-0.013517,-0.212125,0.003009,1.203565,False
2023-04-11,-0.209116,-0.218023,0.000130,0.000413,-0.000328,-0.000219,-0.000872,0.001113,0.019134,-0.013517,-0.212169,0.003053,1.221248,False
2023-04-12,-0.209116,-0.218060,0.000118,0.000431,-0.000344,-0.000217,-0.000873,0.001115,0.019134,-0.013518,-0.212214,0.003098,1.239321,False
2023-04-13,-0.209116,-0.218097,0.000105,0.000448,-0.000359,-0.000216,-0.000874,0.001117,0.019134,-0.013518,-0.212260,0.003144,1.257769,False
2023-04-14,-0.209116,-0.218134,0.000092,0.000465,-0.000374,-0.000215,-0.000875,0.001119,0.019134,-0.013518,-0.212307,0.003191,1.276575,False
2023-04-15,-0.209116,-0.218171,0.000078,0.000481,-0.000390,-0.000214,-0.000876,0.001121,0.019134,-0.013519,-0.212355,0.003239,1.295721,False
2023-04-16,,-0.218208,0.000065,0.000496,-0.000405,-0.000212,-0.000877,0.001123,0.019134,-0.013519,-0.212404,,,False
2023-04-17,,-0.218245,0.000050,0.000511,-0.000419,-0.000211,-0.000878,0.001125,0.019134,-0.013519,-0.212453,,,False
2023-04-18,,-0.218282,0.000036,0.000526,-0.000434,-0.000210,-0.000879,0.001126,0.019134,-0.013520,-0.212503,,,False
2023-04-19,,-0.218320,0.000021,0.000539,-0.000449,-0.000208,-0.000880,0.001128,0.019134,-0.013520,-0.212554,,,False
2023-04-20,,-0.218357,0.000007,0.000552,-0.000464,-0.000207,-0.000881,0.001130,0.019134,-0.013520,-0.212605,,,False
2023-04-21,,-0.218394,-0.000008,0.000565,-0.000478,-0.000206,-0.000882,0.001132,0.019134,-0.013521,-0.212657,,,False
2023-04-22,,-0.218431,-0.000023,0.000577,-0.000492,-0.000204,-0.000883,0.001134,0.019134,-0.013521,-0.212710,,,False
2023-04-23,,-0.218468,-0.000037,0.000588,-0.000506,-0.000203,-0.000884,0.001136,0.019134,-0.013521,-0.212762,,,False
2023-04-24,,-0.218505,-0.000052,0.000598,-0.000520,-0.000202,-0.000885,0.001138,0.019134,-0.013521,-0.212815,,,False
2023-04-25,,-0.218542,-0.000066,0.000608,-0.000534,-0.000200,-0.000886,0.001139,0.019134,-0.013522,-0.212869,,,False
2023-04-26,,-0.218579,-0.000080,0.000617,-0.000548,-0.000199,-0.000886,0.001141,0.019134,-0.013522,-0.212922,,,False
2023-04-27,,-0.218617,-0.000093,0.000625,-0.000561,-0.000197,-0.000887,0.001143,0.019134,-0.013522,-0.212976,,,False
2023-04-28,,-0.218654,-0.000106,0.000632,-0.000575,-0.000196,-0.000888,0.001145,0.019134,-0.013522,-0.213030,,,False
2023-04-29,,-0.218691,-0.000119,0.000639,-0.000588,-0.000195,-0.000889,0.001147,0.019134,-0.013522,-0.213084,,,False
2023-04-30,,-0.218728,-0.000131,0.000645,-0.000601,-0.000193,-0.000890,0.001149,0.019134,-0.013523,-0.213138,,,False
2023-05-01,,-0.218765,-0.000142,0.000650,-0.000613,-0.000192,-0.000891,0.001150,0.019134,-0.013523,-0.213191,,,False
2023-05-02,,-0.218802,-0.000153,0.000655,-0.000626,-0.000191,-0.000891,0.001152,0.019134,-0.013523,-0.213245,,,False
2023-05-03,,-0.218839,-0.000163,0.000658,-0.000639,-0.000189,-0.000892,0.001154,0.019134,-0.013523,-0.213299,,,False
2023-05-04,,-0.218877,-0.000172,0.000661,-0.000651,-0.000188,-0.000893,0.001156,0.019134,-0.013523,-0.213352,,,False
2023-05-05,,-0.218914,-0.000180,0.000663,-0.000663,-0.000186,-0.000894,0.001158,0.019134,-0.013523,-0.213405,,,False
2023-05-06,,-0.218951,-0.000188,0.000664,-0.000675,-0.000185,-0.000894,0.001159,0.019134,-0.013524,-0.213458,,,False
2023-05-07,,-0.218988,-0.000194,0.000665,-0.000686,-0.000183,-0.000895,0.001161,0.019134,-0.013524,-0.213511,,,False
2023-05-08,,-0.219025,-0.000200,0.000665,-0.000698,-0.000182,-0.000896,0.001163,0.019134,-0.013524,-0.213563,,,False
2023-05-09,,-0.219062,-0.000205,0.000664,-0.000709,-0.000181,-0.000896,0.001165,0.019134,-0.013524,-0.213615,,,False
2023-05-10,,-0.219099,-0.000209,0.000662,-0.000720,-0.000179,-0.000897,0.001166,0.019134,-0.013524,-0.213666,,,False
2023-05-11,,-0.219136,-0.000211,0.000659,-0.000731,-0.000178,-0.000898,0.001168,0.019134,-0.013524,-0.213717,,,False
2023-05-12,-0.213180,-0.219174,-0.000213,0.000656,-0.000742,-0.000176,-0.000898,0.001170,0.019134,-0.013524,-0.213767,0.000587,0.234986,False
2023-05-13,-0.213180,-0.219211,-0.000214,0.000652,-0.000752,-0.000175,-0.000899,0.001172,0.019134,-0.013525,-0.213817,0.000637,0.254989,False
2023-05-14,-0.213180,-0.219248,-0.000214,0.000647,-0.000762,-0.000173,-0.000899,0.001174,0.019134,-0.013525,-0.213867,0.000687,0.274799,False
2023-05-15,-0.213180,-0.219285,-0.000212,0.000641,-0.000772,-0.000172,-0.000900,0.001175,0.019134,-0.013525,-0.213916,0.000736,0.294412,False
2023-05-16,-0.213180,-0.219322,-0.000210,0.000634,-0.000782,-0.000170,-0.000901,0.001177,0.019134,-0.013525,-0.213965,0.000785,0.313828,False
2023-05-17,-0.213180,-0.219359,-0.000207,0.000627,-0.000791,-0.000169,-0.000901,0.001179,0.019134,-0.013525,-0.214013,0.000833,0.333046,False
2023-05-18,-0.213180,-0.219396,-0.000203,0.000619,-0.000800,-0.000167,-0.000902,0.001180,0.019134,-0.013525,-0.214060,0.000880,0.352068,False
2023-05-19,-0.213180,-0.219433,-0.000197,0.000610,-0.000809,-0.000166,-0.000902,0.001182,0.019134,-0.013525,-0.214107,0.000927,0.370897,False
2023-05-20,-0.213118,-0.219471,-0.000191,0.000601,-0.000818,-0.000164,-0.000903,0.001184,0.019134,-0.013525,-0.214154,0.001036,0.414339,False
2023-05-21,-0.214594,-0.219508,-0.000184,0.000591,-0.000827,-0.000163,-0.000903,0.001186,0.019134,-0.013525,-0.214200,-0.000394,-0.157602,False
2023-05-22,-0.215609,-0.219545,-0.000176,0.000580,-0.000835,-0.000161,-0.000904,0.001187,0.019134,-0.013525,-0.214246,-0.001363,-0.545316,False
2023-05-23,-0.219209,-0.219582,-0.000168,0.000568,-0.000843,-0.000160,-0.000904,0.001189,0.019134,-0.013525,-0.214291,-0.004918,-1.967196,False
2023-05-24,-0.215702,-0.219619,-0.000158,0.000556,-0.000851,-0.000158,-0.000905,0.001191,0.019134,-0.013525,-0.214336,-0.001366,-0.546431,False
2023-05-25,-0.215737,-0.219656,-0.000148,0.000543,-0.000858,-0.000157,-0.000905,0.001192,0.019134,-0.013526,-0.214380,-0.001356,-0.542588,False
2023-05-26,-0.215772,-0.219693,-0.000137,0.000530,-0.000866,-0.000155,-0.000906,0.001194,0.019134,-0.013526,-0.214425,-0.001347,-0.538877,False
2023-05-27,-0.215807,-0.219731,-0.000125,0.000516,-0.000873,-0.000154,-0.000906,0.001196,0.019134,-0.013526,-0.214469,-0.001338,-0.535283,False
2023-05-28,-0.215842,-0.219768,-0.000113,0.000501,-0.000879,-0.000152,-0.000907,0.001197,0.019134,-0.013526,-0.214512,-0.001329,-0.531791,False
2023-05-29,-0.215877,-0.219805,-0.000100,0.000485,-0.000886,-0.000151,-0.000907,0.001199,0.019134,-0.013526,-0.214556,-0.001321,-0.528387,False
2023-05-30,-0.215912,-0.219842,-0.000087,0.000470,-0.000892,-0.000149,-0.000907,0.001201,0.019134,-0.013526,-0.214599,-0.001313,-0.525055,False
2023-05-31,-0.215947,-0.219879,-0.000073,0.000453,-0.000898,-0.000148,-0.000908,0.001202,0.019134,-0.013526,-0.214642,-0.001304,-0.521776,False
2023-06-01,-0.215947,-0.219916,-0.000059,0.000436,-0.000904,-0.000146,-0.000908,0.001204,0.019134,-0.013526,-0.214685,-0.001261,-0.504555,False
2023-06-02,-0.215947,-0.219953,-0.000045,0.000419,-0.000909,-0.000144,-0.000908,0.001206,0.019134,-0.013526,-0.214728,-0.001218,-0.487354,False
2023-06-03,-0.215947,-0.219990,-0.000030,0.000400,-0.000914,-0.000143,-0.000909,0.001207,0.019134,-0.013526,-0.214771,-0.001175,-0.470153,False
2023-06-04,-0.215947,-0.220028,-0.000016,0.000382,-0.000919,-0.000141,-0.000909,0.001209,0.019134,-0.013526,-0.214814,-0.001132,-0.452935,False
2023-06-05,-0.216366,-0.220065,-0.000001,0.000363,-0.000924,-0.000140,-0.000909,0.001211,0.019134,-0.013526,-0.214857,-0.001509,-0.603428,False
2023-06-06,-0.216366,-0.220102,0.000014,0.000344,-0.000928,-0.000138,-0.000910,0.001212,0.019134,-0.013526,-0.214901,-0.001465,-0.586119,False
2023-06-07,-0.216366,-0.220139,0.000028,0.000324,-0.000932,-0.000137,-0.000910,0.001214,0.019134,-0.013526,-0.214944,-0.001422,-0.568738,False
2023-06-08,-0.216366,-0.220176,0.000043,0.000304,-0.000936,-0.000135,-0.000910,0.001215,0.019134,-0.013526,-0.214988,-0.001378,-0.551265,False
2023-06-09,-0.216366,-0.220213,0.000057,0.000283,-0.000940,-0.000133,-0.000910,0.001217,0.019134,-0.013526,-0.215032,-0.001334,-0.533685,False
2023-06-10,-0.216366,-0.220250,0.000071,0.000262,-0.000943,-0.000132,-0.000911,0.001219,0.019134,-0.013526,-0.215076,-0.001290,-0.515980,False
2023-06-11,-0.216366,-0.220287,0.000085,0.000241,-0.000946,-0.000130,-0.000911,0.001220,0.019134,-0.013526,-0.215121,-0.001245,-0.498133,False
2023-06-12,-0.216366,-0.220325,0.000098,0.000220,-0.000949,-0.000129,-0.000911,0.001222,0.019134,-0.013526,-0.215166,-0.001200,-0.480128,False
2023-06-13,-0.216885,-0.220362,0.000111,0.000198,-0.000951,-0.000127,-0.000911,0.001223,0.019134,-0.013526,-0.215211,-0.001674,-0.669552,False
2023-06-14,-0.217404,-0.220399,0.000123,0.000176,-0.000953,-0.000125,-0.000911,0.001225,0.019134,-0.013526,-0.215257,-0.002147,-0.858790,False
2023-06-15,-0.217923,-0.220436,0.000135,0.000154,-0.000955,-0.000124,-0.000912,0.001227,0.019134,-0.013526,-0.215303,-0.002620,-1.047829,False
2023-06-16,-0.218442,-0.220473,0.000146,0.000131,-0.000957,-0.000122,-0.000912,0.001228,0.019134,-0.013526,-0.215350,-0.003092,-1.236658,False
2023-06-17,-0.218961,-0.220510,0.000157,0.000109,-0.000958,-0.000121,-0.000912,0.001230,0.019134,-0.013526,-0.215398,-0.003563,-1.425267,False
2023-06-18,-0.219480,-0.220547,0.000166,0.000086,-0.000959,-0.000119,-0.000912,0.001231,0.019134,-0.013526,-0.215446,-0.004034,-1.613646,False
2023-06-19,-0.219999,-0.220585,0.000175,0.000063,-0.000960,-0.000117,-0.000912,0.001233,0.019134,-0.013526,-0.215495,-0.004504,-1.801788,False
2023-06-20,-0.220518,-0.220622,0.000183,0.000041,-0.000960,-0.000116,-0.000912,0.001234,0.019134,-0.013526,-0.215544,-0.004974,-1.989688,False
2023-06-21,-0.220607,-0.220659,0.000190,0.000018,-0.000960,-0.000114,-0.000912,0.001236,0.019134,-0.013526,-0.215594,-0.005013,-2.005240,False
2023-06-22,-0.220695,-0.220696,0.000197,-0.000005,-0.000960,-0.000112,-0.000912,0.001238,0.019134,-0.013526,-0.215644,-0.005051,-2.020542,False
2023-06-23,-0.220784,-0.220733,0.000202,-0.000028,-0.000960,-0.000111,-0.000912,0.001239,0.019134,-0.013526,-0.215695,-0.005089,-2.035593,False
2023-06-24,-0.220873,-0.220770,0.000206,-0.000051,-0.000959,-0.000109,-0.000912,0.001241,0.019134,-0.013526,-0.215747,-0.005126,-2.050394,False
2023-06-25,-0.221851,-0.220807,0.000210,-0.000074,-0.000958,-0.000108,-0.000912,0.001242,0.019134,-0.013526,-0.215799,-0.006051,-2.420446,False
2023-06-26,-0.222828,-0.220844,0.000212,-0.000096,-0.000957,-0.000106,-0.000912,0.001244,0.019134,-0.013526,-0.215852,-0.006976,-2.790255,False
2023-06-27,-0.221708,-0.220882,0.000214,-0.000119,-0.000955,-0.000104,-0.000912,0.001245,0.019134,-0.013526,-0.215906,-0.005802,-2.320625,False
2023-06-28,-0.220587,-0.220919,0.000214,-0.000142,-0.000953,-0.000103,-0.000912,0.001247,0.019134,-0.013526,-0.215960,-0.004627,-1.850766,False
2023-06-29,-0.220882,-0.220956,0.000213,-0.000164,-0.000951,-0.000101,-0.000912,0.001248,0.019134,-0.013526,-0.216015,-0.004867,-1.946819,False
2023-06-30,-0.221177,-0.220993,0.000212,-0.000186,-0.000949,-0.000099,-0.000912,0.001250,0.019134,-0.013526,-0.216070,-0.005107,-2.042663,False
2023-07-01,-0.221471,-0.221030,0.000209,-0.000208,-0.000946,-0.000098,-0.000912,0.001251,0.019134,-0.013526,-0.216126,-0.005346,-2.138312,False
2023-07-02,-0.221766,-0.221067,0.000205,-0.000229,-0.000943,-0.000096,-0.000912,0.001253,0.019134,-0.013526,-0.216182,-0.005584,-2.233780,False
2023-07-03,-0.222061,-0.221104,0.000201,-0.000251,-0.000940,-0.000094,-0.000912,0.001254,0.019134,-0.013526,-0.216238,-0.005823,-2.329083,False
2023-07-04,-0.222356,-0.221141,0.000195,-0.000272,-0.000936,-0.000093,-0.000912,0.001256,0.019134,-0.013526,-0.216295,-0.006061,-2.424241,False
2023-07-05,-0.221921,-0.221179,0.000189,-0.000292,-0.000932,-0.000091,-0.000912,0.001257,0.019134,-0.013526,-0.216353,-0.005568,-2.227340,False
2023-07-06,-0.221682,-0.221216,0.000181,-0.000313,-0.000928,-0.000089,-0.000912,0.001258,0.019134,-0.013526,-0.216410,-0.005271,-2.108590,False
2023-07-07,-0.221442,-0.221253,0.000173,-0.000333,-0.000924,-0.000088,-0.000911,0.001260,0.019134,-0.013526,-0.216468,-0.004974,-1.989759,False
2023-07-08,-0.221203,-0.221290,0.000164,-0.000353,-0.000919,-0.000086,-0.000911,0.001261,0.019134,-0.013526,-0.216526,-0.004677,-1.870872,False
2023-07-09,-0.220964,-0.221327,0.000154,-0.000372,-0.000914,-0.000084,-0.000911,0.001263,0.019134,-0.013526,-0.216584,-0.004380,-1.751954,False
2023-07-10,-0.220724,-0.221364,0.000144,-0.000390,-0.000909,-0.000082,-0.000911,0.001264,0.019134,-0.013526,-0.216642,-0.004083,-1.633033,False
2023-07-11,-0.220485,-0.221401,0.000133,-0.000409,-0.000904,-0.000081,-0.000911,0.001266,0.019134,-0.013526,-0.216699,-0.003785,-1.514137,False
2023-07-12,-0.220245,-0.221439,0.000121,-0.000427,-0.000898,-0.000079,-0.000910,0.001267,0.019134,-0.013526,-0.216757,-0.003488,-1.395295,False
2023-07-13,-0.219288,-0.221476,0.000108,-0.000444,-0.000892,-0.000077,-0.000910,0.001269,0.019134,-0.013526,-0.216815,-0.002473,-0.989301,False
2023-07-14,-0.219288,-0.221513,0.000095,-0.000461,-0.000886,-0.000076,-0.000910,0.001270,0.019134,-0.013526,-0.216872,-0.002416,-0.966404,False
2023-07-15,-0.219288,-0.221550,0.000082,-0.000477,-0.000879,-0.000074,-0.000910,0.001271,0.019134,-0.013526,-0.216929,-0.002359,-0.943655,False
2023-07-16,-0.219288,-0.221587,0.000068,-0.000493,-0.000872,-0.000072,-0.000909,0.001273,0.019134,-0.013526,-0.216985,-0.002303,-0.921086,False
2023-07-17,-0.215523,-0.221624,0.000054,-0.000508,-0.000865,-0.000071,-0.000909,0.001274,0.019134,-0.013526,-0.217041,0.001518,0.607272,False
2023-07-18,-0.217724,-0.221661,0.000040,-0.000522,-0.000858,-0.000069,-0.000909,0.001276,0.019134,-0.013526,-0.217096,-0.000628,-0.251017,False
2023-07-19,-0.222577,-0.221698,0.000025,-0.000536,-0.000851,-0.000067,-0.000908,0.001277,0.019134,-0.013526,-0.217151,-0.005426,-2.170383,False
2023-07-20,-0.220226,-0.221736,0.000010,-0.000549,-0.000843,-0.000065,-0.000908,0.001278,0.019134,-0.013526,-0.217205,-0.003021,-1.208462,False
2023-07-21,-0.220545,-0.221773,-0.000004,-0.000562,-0.000835,-0.000064,-0.000908,0.001280,0.019134,-0.013526,-0.217258,-0.003287,-1.314886,False
2023-07-22,-0.220864,-0.221810,-0.000019,-0.000574,-0.000826,-0.000062,-0.000907,0.001281,0.019134,-0.013526,-0.217310,-0.003554,-1.421687,False
2023-07-23,-0.218584,-0.221847,-0.000034,-0.000585,-0.000818,-0.000060,-0.000907,0.001282,0.019134,-0.013526,-0.217361,-0.001223,-0.489299,False
2023-07-24,-0.221230,-0.221884,-0.000048,-0.000596,-0.000809,-0.000059,-0.000907,0.001284,0.019134,-0.013526,-0.217411,-0.003820,-1.527953,False
2023-07-25,-0.223877,-0.221921,-0.000062,-0.000605,-0.000800,-0.000057,-0.000906,0.001285,0.019134,-0.013526,-0.217459,-0.006418,-2.567081,False
2023-07-26,-0.220878,-0.221958,-0.000076,-0.000614,-0.000791,-0.000055,-0.000906,0.001287,0.019134,-0.013526,-0.217507,-0.003371,-1.348513,False
2023-07-27,-0.214635,-0.221995,-0.000090,-0.000623,-0.000781,-0.000053,-0.000905,0.001288,0.019134,-0.013526,-0.217553,0.002918,1.167121,False
2023-07-28,-0.216775,-0.222033,-0.000103,-0.000630,-0.000772,-0.000052,-0.000905,0.001289,0.019134,-0.013526,-0.217597,0.000822,0.328992,False
2023-07-29,-0.218264,-0.222070,-0.000116,-0.000637,-0.000762,-0.000050,-0.000905,0.001291,0.019134,-0.013526,-0.217641,-0.000623,-0.249326,False
2023-07-30,-0.217542,-0.222107,-0.000128,-0.000644,-0.000752,-0.000048,-0.000904,0.001292,0.019134,-0.013526,-0.217682,0.000140,0.056140,False
2023-07-31,-0.220405,-0.222144,-0.000139,-0.000649,-0.000741,-0.000046,-0.000904,0.001293,0.019134,-0.013526,-0.217722,-0.002682,-1.072835,False
2023-08-01,-0.223267,-0.222181,-0.000150,-0.000654,-0.000731,-0.000045,-0.000903,0.001295,0.019134,-0.013526,-0.217761,-0.005506,-2.202473,False
2023-08-02,-0.218724,-0.222218,-0.000160,-0.000657,-0.000720,-0.000043,-0.000903,0.001296,0.019134,-0.013526,-0.217798,-0.000926,-0.370596,False
2023-08-03,-0.219964,-0.222255,-0.000170,-0.000660,-0.000709,-0.000041,-0.000902,0.001297,0.019134,-0.013526,-0.217832,-0.002132,-0.852623,False
2023-08-04,-0.218094,-0.222293,-0.000178,-0.000663,-0.000697,-0.000039,-0.000901,0.001298,0.019134,-0.013526,-0.217866,-0.000228,-0.091374,False
2023-08-05,-0.216921,-0.222330,-0.000186,-0.000664,-0.000686,-0.000038,-0.000901,0.001300,0.019134,-0.013526,-0.217897,0.000976,0.390337,False
2023-08-06,-0.216942,-0.222367,-0.000193,-0.000665,-0.000674,-0.000036,-0.000900,0.001301,0.019134,-0.013526,-0.217926,0.000984,0.393696,False
2023-08-07,-0.213879,-0.222404,-0.000199,-0.000665,-0.000662,-0.000034,-0.000900,0.001302,0.019134,-0.013526,-0.217954,0.004075,1.629890,False
2023-08-08,-0.215462,-0.222441,-0.000204,-0.000664,-0.000650,-0.000033,-0.000899,0.001304,0.019134,-0.013526,-0.217979,0.002517,1.006911,False
2023-08-09,-0.214424,-0.222478,-0.000208,-0.000662,-0.000638,-0.000031,-0.000899,0.001305,0.019134,-0.013526,-0.218003,0.003579,1.431549,False
2023-08-10,-0.217801,-0.222515,-0.000211,-0.000660,-0.000626,-0.000029,-0.000898,0.001306,0.019134,-0.013526,-0.218025,0.000224,0.089401,False
2023-08-11,-0.216670,-0.222552,-0.000213,-0.000657,-0.000613,-0.000027,-0.000897,0.001307,0.019134,-0.013526,-0.218044,0.001374,0.549662,False
2023-08-12,-0.219816,-0.222590,-0.000214,-0.000653,-0.000600,-0.000026,-0.000897,0.001309,0.019134,-0.013526,-0.218062,-0.001754,-0.701668,False
2023-08-13,-0.223406,-0.222627,-0.000214,-0.000648,-0.000587,-0.000024,-0.000896,0.001310,0.019134,-0.013526,-0.218078,-0.005328,-2.131387,False
2023-08-14,-0.217974,-0.222664,-0.000213,-0.000642,-0.000574,-0.000022,-0.000895,0.001311,0.019134,-0.013526,-0.218091,0.000117,0.046908,False
2023-08-15,-0.216487,-0.222701,-0.000211,-0.000636,-0.000561,-0.000020,-0.000895,0.001312,0.019134,-0.013526,-0.218103,0.001616,0.646424,False
2023-08-16,-0.216579,-0.222738,-0.000208,-0.000629,-0.000547,-0.000019,-0.000894,0.001314,0.019134,-0.013526,-0.218113,0.001534,0.613569,False
2023-08-17,-0.217441,-0.222775,-0.000204,-0.000621,-0.000534,-0.000017,-0.000893,0.001315,0.019134,-0.013526,-0.218121,0.000680,0.271997,False
2023-08-18,-0.218303,-0.222812,-0.000199,-0.000613,-0.000520,-0.000015,-0.000892,0.001316,0.019134,-0.013526,-0.218127,-0.000176,-0.070322,False
2023-08-19,-0.219165,-0.222849,-0.000193,-0.000603,-0.000506,-0.000013,-0.000892,0.001317,0.019134,-0.013526,-0.218131,-0.001033,-0.413373,False
2023-08-20,-0.220027,-0.222887,-0.000186,-0.000593,-0.000492,-0.000012,-0.000891,0.001318,0.019134,-0.013526,-0.218134,-0.001893,-0.757139,False
2023-08-21,-0.220888,-0.222924,-0.000178,-0.000583,-0.000477,-0.000010,-0.000890,0.001320,0.019134,-0.013526,-0.218134,-0.002754,-1.101602,False
2023-08-22,-0.221750,-0.222961,-0.000170,-0.000571,-0.000463,-0.000008,-0.000889,0.001321,0.019134,-0.013526,-0.218133,-0.003617,-1.446739,False
2023-08-23,-0.222612,-0.222998,-0.000161,-0.000559,-0.000448,-0.000006,-0.000888,0.001322,0.019134,-0.013526,-0.218131,-0.004481,-1.792526,False
2023-08-24,-0.224336,-0.223035,-0.000150,-0.000547,-0.000434,-0.000005,-0.000888,0.001323,0.019134,-0.013526,-0.218127,-0.006209,-2.483696,False
2023-08-25,-0.224336,-0.223072,-0.000140,-0.000533,-0.000419,-0.000003,-0.000887,0.001324,0.019134,-0.013526,-0.218121,-0.006215,-2.485953,False
2023-08-26,-0.224177,-0.223109,-0.000128,-0.000519,-0.000404,-0.000001,-0.000886,0.001325,0.019134,-0.013526,-0.218114,-0.006063,-2.425180,False
2023-08-27,-0.224018,-0.223147,-0.000116,-0.000505,-0.000389,0.000001,-0.000885,0.001327,0.019134,-0.013526,-0.218106,-0.005912,-2.364948,False
2023-08-28,-0.223859,-0.223184,-0.000103,-0.000489,-0.000374,0.000002,-0.000884,0.001328,0.019134,-0.013526,-0.218096,-0.005763,-2.305224,False
2023-08-29,-0.222872,-0.223221,-0.000090,-0.000474,-0.000359,0.000004,-0.000883,0.001329,0.019134,-0.013526,-0.218085,-0.004786,-1.914575,False
2023-08-30,-0.221884,-0.223258,-0.000077,-0.000457,-0.000343,0.000006,-0.000882,0.001330,0.019134,-0.013526,-0.218073,-0.003811,-1.524368,False
2023-08-31,-0.220188,-0.223295,-0.000063,-0.000440,-0.000328,0.000008,-0.000882,0.001331,0.019134,-0.013526,-0.218060,-0.002128,-0.851166,False
2023-09-01,-0.221571,-0.223332,-0.000049,-0.000423,-0.000312,0.000010,-0.000881,0.001332,0.019134,-0.013526,-0.218046,-0.003525,-1.409934,False
2023-09-02,-0.222954,-0.223369,-0.000034,-0.000405,-0.000296,0.000011,-0.000880,0.001334,0.019134,-0.013526,-0.218031,-0.004923,-1.969035,False
2023-09-03,-0.222899,-0.223406,-0.000020,-0.000387,-0.000281,0.000013,-0.000879,0.001335,0.019134,-0.013526,-0.218016,-0.004883,-1.953231,False
2023-09-04,-0.217142,-0.223444,-0.000005,-0.000368,-0.000265,0.000015,-0.000878,0.001336,0.019134,-0.013526,-0.218000,0.000858,0.343117,False
2023-09-05,-0.221289,-0.223481,0.000010,-0.000348,-0.000249,0.000017,-0.000877,0.001337,0.019134,-0.013526,-0.217983,-0.003306,-1.322352,False
2023-09-06,-0.217872,-0.223518,0.000025,-0.000329,-0.000233,0.000018,-0.000876,0.001338,0.019134,-0.013526,-0.217966,0.000094,0.037599,False
2023-09-07,-0.219785,-0.223555,0.000039,-0.000309,-0.000217,0.000020,-0.000875,0.001339,0.019134,-0.013526,-0.217949,-0.001836,-0.734589,False
2023-09-08,-0.216121,-0.223592,0.000054,-0.000288,-0.000201,0.000022,-0.000874,0.001340,0.019134,-0.013526,-0.217931,0.001810,0.723923,False
2023-09-09,-0.216579,-0.223629,0.000068,-0.000267,-0.000184,0.000024,-0.000873,0.001341,0.019134,-0.013526,-0.217913,0.001334,0.533572,False
2023-09-10,-0.215715,-0.223666,0.000081,-0.000246,-0.000168,0.000025,-0.000872,0.001342,0.019134,-0.013525,-0.217895,0.002180,0.871999,False
2023-09-11,-0.217351,-0.223703,0.000095,-0.000225,-0.000152,0.000027,-0.000871,0.001343,0.019134,-0.013525,-0.217877,0.000526,0.210440,False
2023-09-12,-0.219373,-0.223741,0.000108,-0.000203,-0.000136,0.000029,-0.000869,0.001344,0.019134,-0.013525,-0.217859,-0.001514,-0.605466,False
2023-09-13,-0.217097,-0.223778,0.000120,-0.000181,-0.000119,0.000030,-0.000868,0.001346,0.019134,-0.013525,-0.217842,0.000745,0.297918,False
2023-09-14,-0.214343,-0.223815,0.000132,-0.000159,-0.000103,0.000032,-0.000867,0.001347,0.019134,-0.013525,-0.217825,0.003482,1.392627,False
2023-09-15,-0.212940,-0.223852,0.000143,-0.000137,-0.000086,0.000034,-0.000866,0.001348,0.019134,-0.013525,-0.217808,0.004868,1.947096,False
2023-09-16,-0.213182,-0.223889,0.000154,-0.000114,-0.000070,0.000036,-0.000865,0.001349,0.019134,-0.013525,-0.217791,0.004609,1.843760,False
2023-09-17,-0.215559,-0.223926,0.000164,-0.000092,-0.000053,0.000037,-0.000864,0.001350,0.019134,-0.013525,-0.217776,0.002217,0.886650,False
2023-09-18,-0.216647,-0.223963,0.000173,-0.000069,-0.000037,0.000039,-0.000863,0.001351,0.019134,-0.013525,-0.217760,0.001113,0.445399,False
2023-09-19,-0.224131,-0.224001,0.000181,-0.000046,-0.000020,0.000041,-0.000862,0.001352,0.019134,-0.013525,-0.217746,-0.006385,-2.553963,False
2023-09-20,-0.215618,-0.224038,0.000189,-0.000023,-0.000004,0.000043,-0.000860,0.001353,0.019134,-0.013525,-0.217732,0.002114,0.845791,False
2023-09-21,-0.218889,-0.224075,0.000195,-0.000000,0.000013,0.000044,-0.000859,0.001354,0.019134,-0.013525,-0.217720,-0.001169,-0.467711,False
2023-09-22,-0.214994,-0.224112,0.000201,0.000022,0.000029,0.000046,-0.000858,0.001355,0.019134,-0.013525,-0.217708,0.002714,1.085555,False
2023-09-23,-0.223094,-0.224149,0.000205,0.000045,0.000046,0.000048,-0.000857,0.001356,0.019134,-0.013525,-0.217697,-0.005397,-2.158786,False
2023-09-24,-0.221722,-0.224186,0.000209,0.000068,0.000062,0.000050,-0.000855,0.001357,0.019134,-0.013525,-0.217687,-0.004035,-1.613914,False
2023-09-25,-0.213254,-0.224223,0.000212,0.000091,0.000079,0.000051,-0.000854,0.001358,0.019134,-0.013525,-0.217678,0.004424,1.769792,False
2023-09-26,-0.214075,-0.224260,0.000213,0.000113,0.000095,0.000053,-0.000853,0.001359,0.019134,-0.013525,-0.217671,0.003596,1.438350,False
2023-09-27,-0.214979,-0.224298,0.000214,0.000136,0.000112,0.000055,-0.000852,0.001360,0.019134,-0.013525,-0.217664,0.002686,1.074374,False
2023-09-28,-0.215882,-0.224335,0.000214,0.000158,0.000128,0.000057,-0.000850,0.001361,0.019134,-0.013525,-0.217659,0.001777,0.710880,False
2023-09-29,-0.212006,-0.224372,0.000212,0.000180,0.000144,0.000058,-0.000849,0.001362,0.019134,-0.013525,-0.217655,0.005649,2.259678,False
2023-09-30,-0.220707,-0.224409,0.000210,0.000202,0.000161,0.000060,-0.000848,0.001363,0.019134,-0.013525,-0.217652,-0.003055,-1.221820,False
2023-10-01,-0.222922,-0.224446,0.000206,0.000224,0.000177,0.000062,-0.000846,0.001364,0.019134,-0.013525,-0.217651,-0.005271,-2.108408,False
2023-10-02,-0.212813,-0.224483,0.000202,0.000245,0.000193,0.000063,-0.000845,0.001365,0.019134,-0.013525,-0.217651,0.004838,1.935120,False
2023-10-03,-0.215133,-0.224520,0.000197,0.000267,0.000209,0.000065,-0.000844,0.001366,0.019134,-0.013525,-0.217652,0.002519,1.007569,False
2023-10-04,-0.218291,-0.224557,0.000191,0.000287,0.000225,0.000067,-0.000842,0.001366,0.019134,-0.013525,-0.217654,-0.000637,-0.254661,False
2023-10-05,-0.215458,-0.224595,0.000183,0.000308,0.000241,0.000069,-0.000841,0.001367,0.019134,-0.013525,-0.217658,0.002200,0.880032,False
2023-10-06,-0.216089,-0.224632,0.000175,0.000328,0.000257,0.000070,-0.000840,0.001368,0.019134,-0.013525,-0.217663,0.001574,0.629646,False
2023-10-07,-0.213975,-0.224669,0.000166,0.000348,0.000273,0.000072,-0.000838,0.001369,0.019134,-0.013525,-0.217669,0.003694,1.477775,False
2023-10-08,-0.214995,-0.224706,0.000157,0.000367,0.000289,0.000074,-0.000837,0.001370,0.019134,-0.013525,-0.217677,0.002682,1.072816,False
2023-10-09,-0.213267,-0.224743,0.000146,0.000386,0.000305,0.000075,-0.000835,0.001371,0.019134,-0.013525,-0.217686,0.004419,1.767560,False
2023-10-10,-0.212866,-0.224780,0.000135,0.000404,0.000320,0.000077,-0.000834,0.001372,0.019134,-0.013525,-0.217696,0.004830,1.932000,False
2023-10-11,-0.211929,-0.224817,0.000124,0.000422,0.000336,0.000079,-0.000832,0.001373,0.019134,-0.013525,-0.217707,0.005778,2.311323,False
2023-10-12,-0.212566,-0.224855,0.000111,0.000440,0.000351,0.000080,-0.000831,0.001374,0.019134,-0.013525,-0.217720,0.005154,2.061520,False
2023-10-13,-0.214728,-0.224892,0.000099,0.000457,0.000367,0.000082,-0.000829,0.001375,0.019134,-0.013525,-0.217733,0.003005,1.202176,False
2023-10-14,-0.212525,-0.224929,0.000085,0.000473,0.000382,0.000084,-0.000828,0.001376,0.019134,-0.013525,-0.217748,0.005223,2.089277,False
2023-10-15,-0.212549,-0.224966,0.000072,0.000489,0.000397,0.000086,-0.000826,0.001376,0.019134,-0.013525,-0.217764,0.005215,2.086008,False
2023-10-16,-0.211792,-0.225003,0.000057,0.000504,0.000412,0.000087,-0.000825,0.001377,0.019134,-0.013525,-0.217781,0.005989,2.395551,False
2023-10-17,-0.216289,-0.225040,0.000043,0.000519,0.000427,0.000089,-0.000823,0.001378,0.019134,-0.013525,-0.217799,0.001510,0.603889,False
2023-10-18,-0.213634,-0.225077,0.000029,0.000533,0.000442,0.000091,-0.000822,0.001379,0.019134,-0.013525,-0.217818,0.004184,1.673405,False
2023-10-19,-0.216179,-0.225114,0.000014,0.000546,0.000456,0.000092,-0.000820,0.001380,0.019134,-0.013525,-0.217837,0.001658,0.663278,False
2023-10-20,-0.216640,-0.225152,-0.000001,0.000559,0.000471,0.000094,-0.000819,0.001381,0.019134,-0.013525,-0.217858,0.001218,0.487088,False
2023-10-21,-0.212656,-0.225189,-0.000015,0.000571,0.000485,0.000096,-0.000817,0.001381,0.019134,-0.013525,-0.217879,0.005223,2.089217,False
2023-10-22,-0.218489,-0.225226,-0.000030,0.000582,0.000499,0.000097,-0.000815,0.001382,0.019134,-0.013525,-0.217901,-0.000588,-0.235157,False
2023-10-23,-0.217644,-0.225263,-0.000045,0.000593,0.000513,0.000099,-0.000814,0.001383,0.019134,-0.013525,-0.217924,0.000280,0.111947,False
2023-10-24,-0.216860,-0.225300,-0.000059,0.000603,0.000527,0.000101,-0.000812,0.001384,0.019134,-0.013525,-0.217947,0.001087,0.434906,False
2023-10-25,-0.216514,-0.225337,-0.000073,0.000612,0.000541,0.000102,-0.000811,0.001385,0.019134,-0.013525,-0.217971,0.001457,0.582900,False
2023-10-26,-0.216923,-0.225374,-0.000087,0.000621,0.000555,0.000104,-0.000809,0.001386,0.019134,-0.013525,-0.217996,0.001073,0.429110,False
2023-10-27,-0.215398,-0.225411,-0.000100,0.000629,0.000568,0.000106,-0.000807,0.001386,0.019134,-0.013525,-0.218021,0.002623,1.049114,False
2023-10-28,-0.214276,-0.225449,-0.000113,0.000636,0.000581,0.000107,-0.000806,0.001387,0.019134,-0.013525,-0.218046,0.003770,1.508093,False
2023-10-29,-0.216231,-0.225486,-0.000125,0.000642,0.000594,0.000109,-0.000804,0.001388,0.019134,-0.013525,-0.218072,0.001841,0.736428,False
2023-10-30,-0.213884,-0.225523,-0.000136,0.000648,0.000607,0.000111,-0.000802,0.001389,0.019134,-0.013525,-0.218098,0.004214,1.685699,False
2023-10-31,-0.215077,-0.225560,-0.000148,0.000652,0.000620,0.000112,-0.000800,0.001389,0.019134,-0.013525,-0.218125,0.003048,1.219090,False
2023-11-01,-0.214716,-0.225597,-0.000158,0.000657,0.000632,0.000114,-0.000799,0.001390,0.019134,-0.013525,-0.218151,0.003435,1.374183,False
2023-11-02,-0.214613,-0.225634,-0.000167,0.000660,0.000645,0.000115,-0.000797,0.001391,0.019134,-0.013525,-0.218178,0.003565,1.426162,False
2023-11-03,-0.215932,-0.225671,-0.000176,0.000662,0.000657,0.000117,-0.000795,0.001392,0.019134,-0.013525,-0.218206,0.002274,0.909412,False
2023-11-04,-0.214139,-0.225709,-0.000184,0.000664,0.000669,0.000119,-0.000794,0.001393,0.019134,-0.013525,-0.218233,0.004094,1.637519,False
2023-11-05,-0.218658,-0.225746,-0.000191,0.000665,0.000681,0.000120,-0.000792,0.001393,0.019134,-0.013525,-0.218260,-0.000398,-0.159131,False
2023-11-06,-0.216978,-0.225783,-0.000197,0.000665,0.000692,0.000122,-0.000790,0.001394,0.019134,-0.013525,-0.218288,0.001310,0.523853,False
2023-11-07,-0.216541,-0.225820,-0.000203,0.000664,0.000703,0.000124,-0.000788,0.001395,0.019134,-0.013525,-0.218315,0.001774,0.709658,False
2023-11-08,-0.215951,-0.225857,-0.000207,0.000663,0.000715,0.000125,-0.000786,0.001395,0.019134,-0.013525,-0.218343,0.002392,0.956677,False
2023-11-09,-0.215321,-0.225894,-0.000210,0.000661,0.000726,0.000127,-0.000785,0.001396,0.019134,-0.013525,-0.218370,0.003049,1.219702,False
2023-11-10,-0.214808,-0.225931,-0.000212,0.000658,0.000736,0.000128,-0.000783,0.001397,0.019134,-0.013525,-0.218398,0.003590,1.435928,False
2023-11-11,-0.214724,-0.225968,-0.000214,0.000654,0.000747,0.000130,-0.000781,0.001398,0.019134,-0.013524,-0.218425,0.003701,1.480549,False
2023-11-12,-0.216581,-0.226006,-0.000214,0.000649,0.000757,0.000132,-0.000779,0.001398,0.019134,-0.013524,-0.218453,0.001872,0.748762,False
2023-11-13,-0.213986,-0.226043,-0.000213,0.000644,0.000767,0.000133,-0.000777,0.001399,0.019134,-0.013524,-0.218480,0.004494,1.797767,False
2023-11-14,-0.217663,-0.226080,-0.000211,0.000638,0.000777,0.000135,-0.000775,0.001400,0.019134,-0.013524,-0.218508,0.000845,0.337963,False
2023-11-15,-0.216347,-0.226117,-0.000209,0.000631,0.000787,0.000136,-0.000773,0.001400,0.019134,-0.013524,-0.218535,0.002188,0.875352,False
2023-11-16,-0.218295,-0.226154,-0.000205,0.000623,0.000796,0.000138,-0.000771,0.001401,0.019134,-0.013524,-0.218563,0.000268,0.107138,False
2023-11-17,-0.215997,-0.226191,-0.000200,0.000615,0.000805,0.000140,-0.000769,0.001402,0.019134,-0.013524,-0.218590,0.002593,1.037324,False
2023-11-18,-0.213499,-0.226228,-0.000195,0.000606,0.000814,0.000141,-0.000768,0.001402,0.019134,-0.013524,-0.218618,0.005119,2.047516,False
2023-11-19,-0.216402,-0.226265,-0.000188,0.000596,0.000823,0.000143,-0.000766,0.001403,0.019134,-0.013524,-0.218645,0.002243,0.897324,False
2023-11-20,-0.216267,-0.226303,-0.000180,0.000585,0.000831,0.000144,-0.000764,0.001404,0.019134,-0.013524,-0.218673,0.002406,0.962354,False
2023-11-21,-0.218528,-0.226340,-0.000172,0.000574,0.000839,0.000146,-0.000762,0.001404,0.019134,-0.013524,-0.218701,0.000173,0.069018,False
2023-11-22,-0.217736,-0.226377,-0.000163,0.000562,0.000847,0.000147,-0.000760,0.001405,0.019134,-0.013524,-0.218728,0.000992,0.396927,False
2023-11-23,-0.217196,-0.226414,-0.000153,0.000550,0.000855,0.000149,-0.000758,0.001406,0.019134,-0.013524,-0.218756,0.001560,0.624094,False
2023-11-24,-0.219069,-0.226451,-0.000142,0.000537,0.000862,0.000150,-0.000756,0.001406,0.019134,-0.013524,-0.218784,-0.000285,-0.113868,False
2023-11-25,-0.218249,-0.226488,-0.000131,0.000523,0.000869,0.000152,-0.000754,0.001407,0.019134,-0.013524,-0.218813,0.000564,0.225457,False
2023-11-26,-0.220431,-0.226525,-0.000119,0.000508,0.000876,0.000154,-0.000752,0.001407,0.019134,-0.013524,-0.218841,-0.001590,-0.635917,False
2023-11-27,-0.217063,-0.226563,-0.000107,0.000493,0.000883,0.000155,-0.000750,0.001408,0.019134,-0.013524,-0.218870,0.001807,0.722829,False
2023-11-28,-0.216721,-0.226600,-0.000094,0.000478,0.000889,0.000157,-0.000748,0.001409,0.019134,-0.013524,-0.218899,0.002178,0.871310,False
2023-11-29,-0.217984,-0.226637,-0.000080,0.000461,0.000895,0.000158,-0.000746,0.001409,0.019134,-0.013524,-0.218929,0.000945,0.377946,False
2023-11-30,-0.218641,-0.226674,-0.000066,0.000445,0.000901,0.000160,-0.000743,0.001410,0.019134,-0.013524,-0.218959,0.000318,0.127154,False
2023-12-01,-0.214935,-0.226711,-0.000052,0.000427,0.000907,0.000161,-0.000741,0.001410,0.019134,-0.013524,-0.218989,0.004054,1.621754,False
2023-12-02,-0.218696,-0.226748,-0.000038,0.000410,0.000912,0.000163,-0.000739,0.001411,0.019134,-0.013524,-0.219020,0.000324,0.129765,False
2023-12-03,-0.219246,-0.226785,-0.000023,0.000391,0.000917,0.000164,-0.000737,0.001411,0.019134,-0.013524,-0.219052,-0.000194,-0.077593,False
2023-12-04,-0.214946,-0.226822,-0.000008,0.000373,0.000922,0.000166,-0.000735,0.001412,0.019134,-0.013524,-0.219084,0.004138,1.655299,False
2023-12-05,-0.217962,-0.226860,0.000006,0.000353,0.000926,0.000167,-0.000733,0.001413,0.019134,-0.013524,-0.219117,0.001155,0.462061,False
2023-12-06,-0.217821,-0.226897,0.000021,0.000334,0.000930,0.000169,-0.000731,0.001413,0.019134,-0.013524,-0.219151,0.001330,0.531912,False
2023-12-07,-0.222240,-0.226934,0.000036,0.000314,0.000934,0.000170,-0.000729,0.001414,0.019134,-0.013524,-0.219185,-0.003055,-1.221929,False
2023-12-08,-0.223195,-0.226971,0.000050,0.000293,0.000938,0.000172,-0.000726,0.001414,0.019134,-0.013524,-0.219220,-0.003975,-1.589843,False
2023-12-09,-0.222321,-0.227008,0.000064,0.000273,0.000941,0.000173,-0.000724,0.001415,0.019134,-0.013524,-0.219256,-0.003065,-1.225811,False
2023-12-10,-0.220638,-0.227045,0.000078,0.000252,0.000945,0.000175,-0.000722,0.001415,0.019134,-0.013524,-0.219293,-0.001345,-0.537817,False
2023-12-11,-0.222728,-0.227082,0.000092,0.000230,0.000947,0.000176,-0.000720,0.001416,0.019134,-0.013524,-0.219331,-0.003397,-1.358644,False
2023-12-12,-0.222992,-0.227119,0.000105,0.000209,0.000950,0.000177,-0.000718,0.001416,0.019134,-0.013524,-0.219370,-0.003622,-1.448675,False
2023-12-13,-0.224718,-0.227157,0.000117,0.000187,0.000952,0.000179,-0.000715,0.001417,0.019134,-0.013524,-0.219410,-0.005308,-2.123096,False
2023-12-14,-0.220206,-0.227194,0.000129,0.000165,0.000954,0.000180,-0.000713,0.001417,0.019134,-0.013524,-0.219451,-0.000755,-0.301894,False
2023-12-15,-0.223197,-0.227231,0.000141,0.000142,0.000956,0.000182,-0.000711,0.001418,0.019134,-0.013524,-0.219493,-0.003704,-1.481454,False
2023-12-16,-0.226076,-0.227268,0.000151,0.000120,0.000957,0.000183,-0.000709,0.001418,0.019134,-0.013524,-0.219537,-0.006539,-2.615767,False
2023-12-17,-0.224853,-0.227305,0.000161,0.000097,0.000958,0.000185,-0.000706,0.001419,0.019134,-0.013524,-0.219581,-0.005272,-2.108822,False
2023-12-18,-0.224895,-0.227342,0.000171,0.000075,0.000959,0.000186,-0.000704,0.001419,0.019134,-0.013524,-0.219626,-0.005269,-2.107410,False
2023-12-19,-0.219233,-0.227379,0.000179,0.000052,0.000960,0.000188,-0.000702,0.001420,0.019134,-0.013524,-0.219673,0.000440,0.176075,False
2023-12-20,-0.225761,-0.227417,0.000187,0.000029,0.000960,0.000189,-0.000700,0.001420,0.019134,-0.013524,-0.219721,-0.006040,-2.415961,False
2023-12-21,-0.221604,-0.227454,0.000194,0.000006,0.000960,0.000190,-0.000697,0.001421,0.019134,-0.013524,-0.219770,-0.001834,-0.733516,False
2023-12-22,-0.224791,-0.227491,0.000199,-0.000017,0.000960,0.000192,-0.000695,0.001421,0.019134,-0.013524,-0.219821,-0.004970,-1.988185,False
2023-12-23,-0.220111,-0.227528,0.000204,-0.000040,0.000959,0.000193,-0.000693,0.001422,0.019134,-0.013524,-0.219872,-0.000239,-0.095571,False
2023-12-24,-0.221989,-0.227565,0.000208,-0.000062,0.000958,0.000195,-0.000690,0.001422,0.019134,-0.013524,-0.219925,-0.002064,-0.825673,False
2023-12-25,-0.221147,-0.227602,0.000211,-0.000085,0.000957,0.000196,-0.000688,0.001422,0.019134,-0.013524,-0.219979,-0.001168,-0.467297,False
2023-12-26,-0.223155,-0.227639,0.000213,-0.000108,0.000956,0.000197,-0.000686,0.001423,0.019134,-0.013524,-0.220034,-0.003121,-1.248447,False
2023-12-27,-0.228208,-0.227676,0.000214,-0.000130,0.000954,0.000199,-0.000683,0.001423,0.019134,-0.013524,-0.220090,-0.008118,-3.247129,False
2023-12-28,-0.220593,-0.227714,0.000214,-0.000153,0.000952,0.000200,-0.000681,0.001424,0.019134,-0.013524,-0.220148,-0.000445,-0.178155,False
2023-12-29,-0.219486,-0.227751,0.000213,-0.000175,0.000950,0.000201,-0.000678,0.001424,0.019134,-0.013524,-0.220206,0.000720,0.288066,False
2023-12-30,-0.223624,-0.227788,0.000210,-0.000197,0.000947,0.000203,-0.000676,0.001424,0.019134,-0.013524,-0.220266,-0.003358,-1.343279,False
2023-12-31,-0.222227,-0.227825,0.000207,-0.000219,0.000944,0.000204,-0.000674,0.001425,0.019134,-0.013524,-0.220326,-0.001901,-0.760206,False
2024-01-01,-0.226730,-0.227862,0.000203,-0.000240,0.000941,0.000205,-0.000671,0.001425,0.019134,-0.013524,-0.220388,-0.006342,-2.536730,False
2024-01-02,-0.223249,-0.227899,0.000198,-0.000261,0.000938,0.000207,-0.000669,0.001426,0.019134,-0.013524,-0.220451,-0.002798,-1.119340,False
2024-01-03,-0.224247,-0.227936,0.000192,-0.000282,0.000934,0.000208,-0.000666,0.001426,0.019134,-0.013524,-0.220514,-0.003733,-1.493187,False
2024-01-04,-0.223776,-0.227973,0.000185,-0.000303,0.000930,0.000209,-0.000664,0.001426,0.019134,-0.013524,-0.220578,-0.003198,-1.279094,False
2024-01-05,-0.222357,-0.228010,0.000178,-0.000323,0.000926,0.000211,-0.000661,0.001427,0.019134,-0.013524,-0.220643,-0.001714,-0.685483,False
2024-01-06,-0.223656,-0.228047,0.000169,-0.000342,0.000922,0.000212,-0.000659,0.001427,0.019134,-0.013524,-0.220709,-0.002947,-1.178780,False
2024-01-07,-0.223585,-0.228084,0.000159,-0.000362,0.000917,0.000213,-0.000657,0.001427,0.019134,-0.013524,-0.220775,-0.002810,-1.123810,False
2024-01-08,-0.224924,-0.228121,0.000149,-0.000381,0.000912,0.000215,-0.000654,0.001428,0.019134,-0.013524,-0.220842,-0.004082,-1.632601,False
2024-01-09,-0.224139,-0.228158,0.000138,-0.000399,0.000907,0.000216,-0.000652,0.001428,0.019134,-0.013524,-0.220910,-0.003229,-1.291582,False
2024-01-10,-0.225612,-0.228195,0.000127,-0.000417,0.000901,0.000217,-0.000649,0.001428,0.019134,-0.013524,-0.220978,-0.004634,-1.853581,False
2024-01-11,-0.225936,-0.228232,0.000115,-0.000435,0.000895,0.000218,-0.000647,0.001429,0.019134,-0.013524,-0.221046,-0.004890,-1.955831,False
2024-01-12,-0.226828,-0.228269,0.000102,-0.000452,0.000889,0.000220,-0.000644,0.001429,0.019134,-0.013524,-0.221115,-0.005713,-2.285162,False
2024-01-13,-0.226697,-0.228306,0.000089,-0.000468,0.000883,0.000221,-0.000641,0.001429,0.019134,-0.013524,-0.221184,-0.005513,-2.205208,False
2024-01-14,-0.224763,-0.228343,0.000075,-0.000484,0.000876,0.000222,-0.000639,0.001430,0.019134,-0.013524,-0.221253,-0.003510,-1.404001,False
2024-01-15,-0.224343,-0.228380,0.000062,-0.000500,0.000869,0.000223,-0.000636,0.001430,0.019134,-0.013524,-0.221322,-0.003021,-1.208375,False
2024-01-16,-0.223996,-0.228418,0.000047,-0.000514,0.000862,0.000225,-0.000634,0.001430,0.019134,-0.013524,-0.221391,-0.002605,-1.041966,False
2024-01-17,-0.223041,-0.228455,0.000033,-0.000529,0.000855,0.000226,-0.000631,0.001431,0.019134,-0.013524,-0.221460,-0.001581,-0.632406,False
2024-01-18,-0.222231,-0.228492,0.000018,-0.000542,0.000847,0.000227,-0.000629,0.001431,0.019134,-0.013524,-0.221529,-0.000702,-0.280932,False
2024-01-19,-0.222328,-0.228529,0.000004,-0.000555,0.000839,0.000228,-0.000626,0.001431,0.019134,-0.013524,-0.221597,-0.000731,-0.292377,False
2024-01-20,-0.220614,-0.228566,-0.000011,-0.000567,0.000831,0.000230,-0.000623,0.001431,0.019134,-0.013524,-0.221665,0.001051,0.420424,False
2024-01-21,-0.223563,-0.228603,-0.000026,-0.000579,0.000823,0.000231,-0.000621,0.001432,0.019134,-0.013524,-0.221733,-0.001830,-0.732165,False
2024-01-22,-0.225161,-0.228640,-0.000040,-0.000590,0.000814,0.000232,-0.000618,0.001432,0.019134,-0.013524,-0.221800,-0.003361,-1.344576,False
2024-01-23,-0.223879,-0.228677,-0.000054,-0.000600,0.000805,0.000233,-0.000616,0.001432,0.019134,-0.013524,-0.221866,-0.002013,-0.805243,False
2024-01-24,-0.226538,-0.228714,-0.000069,-0.000609,0.000796,0.000234,-0.000613,0.001432,0.019134,-0.013524,-0.221932,-0.004606,-1.842599,False
2024-01-25,-0.227645,-0.228751,-0.000082,-0.000618,0.000787,0.000236,-0.000610,0.001433,0.019134,-0.013524,-0.221996,-0.005649,-2.259476,False
2024-01-26,-0.223613,-0.228788,-0.000096,-0.000626,0.000777,0.000237,-0.000608,0.001433,0.019134,-0.013524,-0.222060,-0.001553,-0.621106,False
2024-01-27,-0.226237,-0.228825,-0.000109,-0.000634,0.000767,0.000238,-0.000605,0.001433,0.019134,-0.013524,-0.222123,-0.004114,-1.645517,False
2024-01-28,-0.228262,-0.228862,-0.000121,-0.000640,0.000757,0.000239,-0.000602,0.001433,0.019134,-0.013524,-0.222185,-0.006077,-2.430740,False
2024-01-29,-0.225131,-0.228899,-0.000133,-0.000646,0.000747,0.000240,-0.000600,0.001433,0.019134,-0.013524,-0.222246,-0.002885,-1.154002,False
2024-01-30,-0.227469,-0.228936,-0.000144,-0.000651,0.000737,0.000241,-0.000597,0.001434,0.019134,-0.013524,-0.222306,-0.005163,-2.065329,False
2024-01-31,-0.223468,-0.228973,-0.000154,-0.000655,0.000726,0.000242,-0.000594,0.001434,0.019134,-0.013524,-0.222364,-0.001104,-0.441545,False
2024-02-01,-0.228246,-0.229010,-0.000164,-0.000659,0.000715,0.000244,-0.000591,0.001434,0.019134,-0.013524,-0.222421,-0.005825,-2.329875,False
2024-02-02,-0.224276,-0.229047,-0.000173,-0.000661,0.000704,0.000245,-0.000589,0.001434,0.019134,-0.013524,-0.222477,-0.001799,-0.719538,False
2024-02-03,-0.225794,-0.229084,-0.000181,-0.000663,0.000693,0.000246,-0.000586,0.001434,0.019134,-0.013524,-0.222532,-0.003262,-1.304955,False
2024-02-04,-0.224668,-0.229121,-0.000189,-0.000665,0.000681,0.000247,-0.000583,0.001435,0.019134,-0.013524,-0.222585,-0.002083,-0.833343,False
2024-02-05,-0.220435,-0.229158,-0.000195,-0.000665,0.000670,0.000248,-0.000580,0.001435,0.019134,-0.013524,-0.222636,0.002201,0.880481,False
2024-02-06,-0.222909,-0.229195,-0.000201,-0.000665,0.000658,0.000249,-0.000578,0.001435,0.019134,-0.013524,-0.222686,-0.000223,-0.089095,False
2024-02-07,-0.222755,-0.229232,-0.000205,-0.000663,0.000646,0.000250,-0.000575,0.001435,0.019134,-0.013523,-0.222735,-0.000020,-0.008084,False
2024-02-08,-0.222664,-0.229269,-0.000209,-0.000661,0.000633,0.000251,-0.000572,0.001435,0.019134,-0.013523,-0.222782,0.000118,0.047105,False
2024-02-09,-0.224504,-0.229306,-0.000212,-0.000659,0.000621,0.000252,-0.000569,0.001435,0.019134,-0.013523,-0.222827,-0.001677,-0.670735,False
2024-02-10,-0.224084,-0.229343,-0.000213,-0.000655,0.000608,0.000253,-0.000567,0.001435,0.019134,-0.013523,-0.222871,-0.001213,-0.485210,False
2024-02-11,-0.225428,-0.229380,-0.000214,-0.000651,0.000595,0.000254,-0.000564,0.001436,0.019134,-0.013523,-0.222913,-0.002515,-1.005921,False
2024-02-12,-0.226776,-0.229417,-0.000214,-0.000646,0.000582,0.000255,-0.000561,0.001436,0.019134,-0.013523,-0.222954,-0.003822,-1.528871,False
2024-02-13,-0.231050,-0.229454,-0.000212,-0.000640,0.000569,0.000256,-0.000558,0.001436,0.019134,-0.013523,-0.222993,-0.008057,-3.222857,False
2024-02-14,-0.226726,-0.229491,-0.000210,-0.000633,0.000556,0.000258,-0.000555,0.001436,0.019134,-0.013523,-0.223030,-0.003696,-1.478275,False
2024-02-15,-0.226020,-0.229528,-0.000206,-0.000626,0.000542,0.000259,-0.000552,0.001436,0.019134,-0.013523,-0.223066,-0.002954,-1.181520,False
2024-02-16,-0.221674,-0.229565,-0.000202,-0.000618,0.000528,0.000260,-0.000550,0.001436,0.019134,-0.013523,-0.223101,0.001427,0.570617,False
2024-02-17,-0.224659,-0.229602,-0.000197,-0.000609,0.000515,0.000261,-0.000547,0.001436,0.019134,-0.013523,-0.223133,-0.001526,-0.610254,False
2024-02-18,-0.224275,-0.229639,-0.000191,-0.000600,0.000501,0.000262,-0.000544,0.001436,0.019134,-0.013523,-0.223165,-0.001110,-0.444120,False
2024-02-19,-0.223889,-0.229677,-0.000183,-0.000590,0.000486,0.000263,-0.000541,0.001436,0.019134,-0.013523,-0.223195,-0.000694,-0.277767,False
2024-02-20,-0.223025,-0.229714,-0.000175,-0.000579,0.000472,0.000264,-0.000538,0.001436,0.019134,-0.013523,-0.223223,0.000198,0.079223,False
2024-02-21,-0.223305,-0.229751,-0.000167,-0.000567,0.000458,0.000264,-0.000535,0.001436,0.019134,-0.013523,-0.223250,-0.000055,-0.021934,False
2024-02-22,-0.225767,-0.229788,-0.000157,-0.000555,0.000443,0.000265,-0.000532,0.001437,0.019134,-0.013523,-0.223276,-0.002491,-0.996415,False
2024-02-23,-0.225822,-0.229825,-0.000147,-0.000542,0.000429,0.000266,-0.000529,0.001437,0.019134,-0.013523,-0.223301,-0.002521,-1.008599,False
2024-02-24,-0.224977,-0.229862,-0.000136,-0.000528,0.000414,0.000267,-0.000526,0.001437,0.019134,-0.013523,-0.223324,-0.001653,-0.661262,False
2024-02-25,-0.222676,-0.229899,-0.000124,-0.000514,0.000399,0.000268,-0.000524,0.001437,0.019134,-0.013523,-0.223346,0.000670,0.268021,False
2024-02-26,-0.223825,-0.229936,-0.000112,-0.000499,0.000384,0.000269,-0.000521,0.001437,0.019134,-0.013523,-0.223367,-0.000457,-0.182989,False
2024-02-27,-0.224973,-0.229973,-0.000099,-0.000484,0.000369,0.000270,-0.000518,0.001437,0.019134,-0.013523,-0.223387,-0.001586,-0.634398,False
2024-02-28,-0.226122,-0.230010,-0.000086,-0.000468,0.000353,0.000271,-0.000515,0.001437,0.019134,-0.013523,-0.223407,-0.002715,-1.086175,False
2024-02-29,-0.225897,-0.230047,-0.000072,-0.000452,0.000338,0.000272,-0.000512,0.001437,0.019134,-0.013523,-0.223425,-0.002472,-0.988823,False
2024-03-01,-0.225313,-0.230084,-0.000058,-0.000435,0.000322,0.000273,-0.000509,0.001437,0.019134,-0.013523,-0.223443,-0.001870,-0.748177,False
2024-03-02,-0.225504,-0.230121,-0.000044,-0.000417,0.000307,0.000274,-0.000506,0.001437,0.019134,-0.013523,-0.223459,-0.002045,-0.817805,False
2024-03-03,-0.221511,-0.230158,-0.000029,-0.000399,0.000291,0.000275,-0.000503,0.001437,0.019134,-0.013523,-0.223476,0.001965,0.785926,False
2024-03-04,-0.228175,-0.230195,-0.000015,-0.000381,0.000275,0.000276,-0.000500,0.001437,0.019134,-0.013523,-0.223492,-0.004683,-1.873348,False
2024-03-05,-0.224927,-0.230232,-0.000000,-0.000362,0.000260,0.000276,-0.000497,0.001437,0.019134,-0.013523,-0.223507,-0.001420,-0.567994,False
2024-03-06,-0.225666,-0.230269,0.000015,-0.000342,0.000244,0.000277,-0.000494,0.001437,0.019134,-0.013523,-0.223522,-0.002144,-0.857578,False
2024-03-07,-0.224670,-0.230306,0.000029,-0.000322,0.000228,0.000278,-0.000491,0.001437,0.019134,-0.013523,-0.223537,-0.001133,-0.453263,False
2024-03-08,-0.228593,-0.230343,0.000044,-0.000302,0.000212,0.000279,-0.000488,0.001437,0.019134,-0.013523,-0.223551,-0.005042,-2.016616,False
2024-03-09,-0.227732,-0.230380,0.000058,-0.000282,0.000196,0.000280,-0.000485,0.001437,0.019134,-0.013523,-0.223566,-0.004166,-1.666401,False
2024-03-10,-0.225184,-0.230417,0.000072,-0.000261,0.000179,0.000281,-0.000482,0.001437,0.019134,-0.013523,-0.223581,-0.001603,-0.641383,False
2024-03-11,-0.225078,-0.230454,0.000086,-0.000240,0.000163,0.000281,-0.000479,0.001436,0.019134,-0.013523,-0.223595,-0.001483,-0.593128,False
2024-03-12,-0.225044,-0.230491,0.000099,-0.000218,0.000147,0.000282,-0.000476,0.001436,0.019134,-0.013523,-0.223610,-0.001434,-0.573603,False
2024-03-13,-0.226288,-0.230528,0.000112,-0.000197,0.000131,0.000283,-0.000473,0.001436,0.019134,-0.013523,-0.223625,-0.002663,-1.065174,False
2024-03-14,-0.226789,-0.230565,0.000124,-0.000175,0.000114,0.000284,-0.000470,0.001436,0.019134,-0.013523,-0.223640,-0.003149,-1.259408,False
2024-03-15,-0.228080,-0.230602,0.000136,-0.000153,0.000098,0.000285,-0.000467,0.001436,0.019134,-0.013523,-0.223656,-0.004424,-1.769475,False
2024-03-16,-0.231886,-0.230639,0.000147,-0.000130,0.000082,0.000285,-0.000463,0.001436,0.019134,-0.013523,-0.223673,-0.008213,-3.285343,False
2024-03-17,-0.225809,-0.230676,0.000157,-0.000108,0.000065,0.000286,-0.000460,0.001436,0.019134,-0.013523,-0.223690,-0.002119,-0.847783,False
2024-03-18,-0.222043,-0.230713,0.000167,-0.000085,0.000049,0.000287,-0.000457,0.001436,0.019134,-0.013523,-0.223707,0.001664,0.665633,False
2024-03-19,-0.226852,-0.230750,0.000175,-0.000063,0.000032,0.000288,-0.000454,0.001436,0.019134,-0.013523,-0.223725,-0.003127,-1.250668,False
2024-03-20,-0.232533,-0.230787,0.000183,-0.000040,0.000016,0.000288,-0.000451,0.001436,0.019134,-0.013523,-0.223744,-0.008789,-3.515462,True
2024-03-21,-0.231674,-0.230824,0.000191,-0.000017,-0.000001,0.000289,-0.000448,0.001436,0.019134,-0.013523,-0.223764,-0.007910,-3.163922,False
2024-03-22,-0.230815,-0.230861,0.000197,0.000006,-0.000017,0.000290,-0.000445,0.001435,0.019134,-0.013523,-0.223785,-0.007030,-2.812029,False
2024-03-23,-0.231282,-0.230898,0.000202,0.000029,-0.000034,0.000291,-0.000442,0.001435,0.019134,-0.013523,-0.223807,-0.007475,-2.990160,False
2024-03-24,-0.232131,-0.230935,0.000206,0.000051,-0.000050,0.000291,-0.000439,0.001435,0.019134,-0.013523,-0.223829,-0.008302,-3.320698,True
2024-03-25,-0.227795,-0.230973,0.000210,0.000074,-0.000067,0.000292,-0.000435,0.001435,0.019134,-0.013523,-0.223853,-0.003942,-1.576825,False
2024-03-26,-0.225863,-0.231010,0.000212,0.000097,-0.000083,0.000293,-0.000432,0.001435,0.019134,-0.013523,-0.223878,-0.001985,-0.794125,False
2024-03-27,-0.228431,-0.231047,0.000214,0.000119,-0.000100,0.000293,-0.000429,0.001435,0.019134,-0.013523,-0.223904,-0.004527,-1.810987,False
2024-03-28,-0.225576,-0.231084,0.000214,0.000142,-0.000116,0.000294,-0.000426,0.001435,0.019134,-0.013523,-0.223931,-0.001645,-0.658197,False
2024-03-29,-0.227775,-0.231121,0.000213,0.000164,-0.000132,0.000295,-0.000423,0.001434,0.019134,-0.013523,-0.223959,-0.003816,-1.526548,False
2024-03-30,-0.224619,-0.231158,0.000212,0.000186,-0.000149,0.000295,-0.000420,0.001434,0.019134,-0.013523,-0.223988,-0.000631,-0.252431,False
2024-03-31,-0.227773,-0.231195,0.000209,0.000208,-0.000165,0.000296,-0.000416,0.001434,0.019134,-0.013523,-0.224018,-0.003755,-1.501842,False
2024-04-01,-0.230738,-0.231232,0.000205,0.000229,-0.000181,0.000297,-0.000413,0.001434,0.019134,-0.013523,-0.224050,-0.006688,-2.675176,False
2024-04-02,-0.226958,-0.231269,0.000201,0.000251,-0.000197,0.000297,-0.000410,0.001434,0.019134,-0.013523,-0.224083,-0.002875,-1.150032,False
2024-04-03,-0.226874,-0.231306,0.000195,0.000272,-0.000213,0.000298,-0.000407,0.001433,0.019134,-0.013523,-0.224117,-0.002757,-1.102612,False
2024-04-04,-0.226789,-0.231343,0.000189,0.000292,-0.000229,0.000298,-0.000404,0.001433,0.019134,-0.013523,-0.224152,-0.002637,-1.054716,False
2024-04-05,-0.224325,-0.231380,0.000182,0.000313,-0.000245,0.000299,-0.000400,0.001433,0.019134,-0.013523,-0.224189,-0.000136,-0.054550,False
2024-04-06,-0.224431,-0.231417,0.000173,0.000333,-0.000261,0.000300,-0.000397,0.001433,0.019134,-0.013523,-0.224226,-0.000205,-0.081919,False
2024-04-07,-0.222499,-0.231454,0.000164,0.000352,-0.000277,0.000300,-0.000394,0.001433,0.019134,-0.013523,-0.224265,0.001766,0.706368,False
2024-04-08,-0.226072,-0.231491,0.000155,0.000371,-0.000293,0.000301,-0.000391,0.001432,0.019134,-0.013523,-0.224305,-0.001767,-0.706898,False
2024-04-09,-0.225152,-0.231528,0.000144,0.000390,-0.000308,0.000301,-0.000388,0.001432,0.019134,-0.013523,-0.224346,-0.000806,-0.322529,False
2024-04-10,-0.227810,-0.231565,0.000133,0.000408,-0.000324,0.000302,-0.000384,0.001432,0.019134,-0.013523,-0.224388,-0.003422,-1.368936,False
2024-04-11,-0.224517,-0.231602,0.000121,0.000426,-0.000339,0.000302,-0.000381,0.001432,0.019134,-0.013523,-0.224431,-0.000086,-0.034535,False
2024-04-12,-0.226277,-0.231639,0.000109,0.000443,-0.000355,0.000303,-0.000378,0.001431,0.019134,-0.013523,-0.224475,-0.001802,-0.720941,False
2024-04-13,-0.228037,-0.231676,0.000096,0.000460,-0.000370,0.000303,-0.000375,0.001431,0.019134,-0.013523,-0.224520,-0.003517,-1.406972,False
2024-04-14,-0.226436,-0.231713,0.000082,0.000476,-0.000385,0.000304,-0.000371,0.001431,0.019134,-0.013523,-0.224565,-0.001871,-0.748244,False
2024-04-15,-0.226516,-0.231750,0.000069,0.000492,-0.000400,0.000304,-0.000368,0.001430,0.019134,-0.013523,-0.224612,-0.001904,-0.761579,False
2024-04-16,-0.226409,-0.231787,0.000055,0.000507,-0.000415,0.000305,-0.000365,0.001430,0.019134,-0.013523,-0.224660,-0.001749,-0.699795,False
2024-04-17,-0.226957,-0.231824,0.000040,0.000522,-0.000430,0.000305,-0.000361,0.001430,0.019134,-0.013523,-0.224708,-0.002249,-0.899714,False
2024-04-18,-0.223541,-0.231861,0.000026,0.000535,-0.000445,0.000306,-0.000358,0.001430,0.019134,-0.013523,-0.224757,0.001216,0.486241,False
2024-04-19,-0.223404,-0.231898,0.000011,0.000549,-0.000459,0.000306,-0.000355,0.001429,0.019134,-0.013523,-0.224806,0.001402,0.560849,False
2024-04-20,-0.226456,-0.231935,-0.000004,0.000561,-0.000474,0.000307,-0.000352,0.001429,0.019134,-0.013523,-0.224856,-0.001600,-0.639914,False
2024-04-21,-0.226875,-0.231972,-0.000018,0.000573,-0.000488,0.000307,-0.000348,0.001429,0.019134,-0.013523,-0.224907,-0.001968,-0.787270,False
2024-04-22,-0.226635,-0.232009,-0.000033,0.000584,-0.000502,0.000308,-0.000345,0.001428,0.019134,-0.013523,-0.224958,-0.001677,-0.670845,False
2024-04-23,-0.223920,-0.232046,-0.000047,0.000595,-0.000516,0.000308,-0.000342,0.001428,0.019134,-0.013523,-0.225009,0.001089,0.435739,False
2024-04-24,-0.223236,-0.232083,-0.000062,0.000605,-0.000530,0.000309,-0.000338,0.001428,0.019134,-0.013523,-0.225061,0.001825,0.730058,False
2024-04-25,-0.221617,-0.232120,-0.000075,0.000614,-0.000543,0.000309,-0.000335,0.001427,0.019134,-0.013523,-0.225113,0.003496,1.398488,False
2024-04-26,-0.224266,-0.232157,-0.000089,0.000622,-0.000557,0.000309,-0.000332,0.001427,0.019134,-0.013523,-0.225166,0.000900,0.359804,False
2024-04-27,-0.226166,-0.232194,-0.000102,0.000630,-0.000570,0.000310,-0.000328,0.001427,0.019134,-0.013523,-0.225218,-0.000948,-0.379215,False
2024-04-28,-0.221566,-0.232232,-0.000115,0.000637,-0.000583,0.000310,-0.000325,0.001426,0.019134,-0.013523,-0.225271,0.003705,1.481808,False
2024-04-29,-0.228647,-0.232269,-0.000127,0.000643,-0.000596,0.000311,-0.000322,0.001426,0.019134,-0.013523,-0.225323,-0.003324,-1.329550,False
2024-04-30,-0.227570,-0.232306,-0.000138,0.000649,-0.000609,0.000311,-0.000318,0.001426,0.019134,-0.013523,-0.225376,-0.002194,-0.877710,False
2024-05-01,-0.224900,-0.232343,-0.000149,0.000653,-0.000622,0.000311,-0.000315,0.001425,0.019134,-0.013523,-0.225428,0.000528,0.211307,False
2024-05-02,-0.225686,-0.232380,-0.000159,0.000657,-0.000634,0.000312,-0.000312,0.001425,0.019134,-0.013523,-0.225481,-0.000205,-0.082119,False
2024-05-03,-0.224660,-0.232417,-0.000169,0.000660,-0.000647,0.000312,-0.000308,0.001424,0.019134,-0.013523,-0.225533,0.000873,0.349195,False
2024-05-04,-0.223922,-0.232454,-0.000177,0.000663,-0.000659,0.000312,-0.000305,0.001424,0.019134,-0.013523,-0.225585,0.001663,0.665229,False
2024-05-05,-0.219001,-0.232491,-0.000185,0.000664,-0.000671,0.000313,-0.000302,0.001424,0.019134,-0.013523,-0.225637,0.006636,2.654368,False
2024-05-06,-0.224544,-0.232528,-0.000192,0.000665,-0.000682,0.000313,-0.000298,0.001423,0.019134,-0.013523,-0.225688,0.001144,0.457796,False
2024-05-07,-0.225058,-0.232565,-0.000198,0.000665,-0.000694,0.000313,-0.000295,0.001423,0.019134,-0.013523,-0.225740,0.000682,0.272699,False
2024-05-08,-0.222412,-0.232602,-0.000203,0.000664,-0.000705,0.000313,-0.000291,0.001422,0.019134,-0.013523,-0.225791,0.003379,1.351465,False
2024-05-09,-0.231520,-0.232639,-0.000207,0.000663,-0.000716,0.000314,-0.000288,0.001422,0.019134,-0.013523,-0.225841,-0.005679,-2.271517,False
2024-05-10,-0.226736,-0.232676,-0.000210,0.000660,-0.000727,0.000314,-0.000285,0.001421,0.019134,-0.013523,-0.225891,-0.000845,-0.337859,False
2024-05-11,-0.230883,-0.232713,-0.000213,0.000657,-0.000738,0.000314,-0.000281,0.001421,0.019134,-0.013523,-0.225941,-0.004942,-1.976767,False
2024-05-12,-0.232017,-0.232750,-0.000214,0.000653,-0.000748,0.000315,-0.000278,0.001421,0.019134,-0.013523,-0.225990,-0.006027,-2.410648,False
2024-05-13,-0.224266,-0.232787,-0.000214,0.000648,-0.000758,0.000315,-0.000274,0.001420,0.019134,-0.013523,-0.226039,0.001773,0.709292,False
2024-05-14,-0.224350,-0.232824,-0.000213,0.000643,-0.000768,0.000315,-0.000271,0.001420,0.019134,-0.013523,-0.226088,0.001738,0.695050,False
2024-05-15,-0.227978,-0.232861,-0.000211,0.000637,-0.000778,0.000315,-0.000268,0.001419,0.019134,-0.013523,-0.226136,-0.001842,-0.736976,False
2024-05-16,-0.230105,-0.232898,-0.000208,0.000630,-0.000788,0.000315,-0.000264,0.001419,0.019134,-0.013523,-0.226183,-0.003922,-1.568788,False
2024-05-17,-0.226142,-0.232935,-0.000204,0.000622,-0.000797,0.000316,-0.000261,0.001418,0.019134,-0.013523,-0.226230,0.000088,0.035217,False
2024-05-18,-0.225145,-0.232972,-0.000200,0.000614,-0.000806,0.000316,-0.000257,0.001418,0.019134,-0.013523,-0.226277,0.001132,0.452641,False
2024-05-19,-0.222523,-0.233009,-0.000194,0.000605,-0.000815,0.000316,-0.000254,0.001417,0.019134,-0.013523,-0.226323,0.003800,1.519888,False
2024-05-20,-0.222125,-0.233046,-0.000187,0.000595,-0.000824,0.000316,-0.000250,0.001417,0.019134,-0.013523,-0.226368,0.004243,1.697363,False
2024-05-21,-0.222628,-0.233083,-0.000180,0.000584,-0.000832,0.000316,-0.000247,0.001416,0.019134,-0.013523,-0.226414,0.003786,1.514273,False
2024-05-22,-0.224181,-0.233120,-0.000171,0.000573,-0.000840,0.000316,-0.000244,0.001416,0.019134,-0.013523,-0.226459,0.002278,0.911028,False
2024-05-23,-0.222242,-0.233157,-0.000162,0.000561,-0.000848,0.000317,-0.000240,0.001415,0.019134,-0.013523,-0.226503,0.004261,1.704435,False
2024-05-24,-0.221925,-0.233194,-0.000152,0.000548,-0.000855,0.000317,-0.000237,0.001415,0.019134,-0.013523,-0.226547,0.004622,1.848907,False
2024-05-25,-0.222861,-0.233231,-0.000141,0.000535,-0.000863,0.000317,-0.000233,0.001414,0.019134,-0.013523,-0.226591,0.003730,1.492055,False
2024-05-26,-0.221102,-0.233268,-0.000130,0.000521,-0.000870,0.000317,-0.000230,0.001414,0.019134,-0.013523,-0.226635,0.005533,2.213092,False
2024-05-27,-0.220959,-0.233305,-0.000118,0.000507,-0.000877,0.000317,-0.000226,0.001413,0.019134,-0.013523,-0.226678,0.005719,2.287632,False
2024-05-28,-0.222224,-0.233342,-0.000105,0.000492,-0.000883,0.000317,-0.000223,0.001413,0.019134,-0.013523,-0.226721,0.004497,1.798891,False
2024-05-29,-0.223599,-0.233379,-0.000092,0.000476,-0.000890,0.000317,-0.000219,0.001412,0.019134,-0.013523,-0.226764,0.003165,1.266083,False
2024-05-30,-0.220084,-0.233416,-0.000079,0.000460,-0.000896,0.000317,-0.000216,0.001411,0.019134,-0.013523,-0.226807,0.006723,2.689226,False
2024-05-31,-0.223301,-0.233453,-0.000065,0.000443,-0.000902,0.000317,-0.000212,0.001411,0.019134,-0.013523,-0.226850,0.003549,1.419537,False
2024-06-01,-0.220531,-0.233490,-0.000051,0.000426,-0.000907,0.000318,-0.000209,0.001410,0.019134,-0.013523,-0.226893,0.006362,2.544633,False
2024-06-02,-0.222315,-0.233528,-0.000037,0.000408,-0.000912,0.000318,-0.000205,0.001410,0.019134,-0.013523,-0.226935,0.004620,1.848131,False
2024-06-03,-0.224099,-0.233565,-0.000022,0.000390,-0.000917,0.000318,-0.000202,0.001409,0.019134,-0.013523,-0.226978,0.002879,1.151650,False
2024-06-04,-0.221635,-0.233602,-0.000007,0.000371,-0.000922,0.000318,-0.000198,0.001409,0.019134,-0.013523,-0.227021,0.005386,2.154409,False
2024-06-05,-0.221535,-0.233639,0.000007,0.000352,-0.000927,0.000318,-0.000195,0.001408,0.019134,-0.013523,-0.227064,0.005529,2.211492,False
2024-06-06,-0.221436,-0.233676,0.000022,0.000332,-0.000931,0.000318,-0.000191,0.001407,0.019134,-0.013523,-0.227107,0.005672,2.268650,False
2024-06-07,-0.221336,-0.233713,0.000037,0.000312,-0.000935,0.000318,-0.000188,0.001407,0.019134,-0.013523,-0.227151,0.005815,2.325902,False
2024-06-08,-0.221256,-0.233750,0.000051,0.000292,-0.000938,0.000318,-0.000184,0.001406,0.019134,-0.013523,-0.227194,0.005938,2.375399,False
2024-06-09,-0.225348,-0.233787,0.000065,0.000271,-0.000942,0.000318,-0.000181,0.001405,0.019134,-0.013523,-0.227239,0.001891,0.756224,False
2024-06-10,-0.228012,-0.233824,0.000079,0.000250,-0.000945,0.000318,-0.000177,0.001405,0.019134,-0.013523,-0.227283,-0.000729,-0.291607,False
2024-06-11,-0.224836,-0.233861,0.000092,0.000229,-0.000947,0.000318,-0.000174,0.001404,0.019134,-0.013523,-0.227328,0.002492,0.996723,False
2024-06-12,-0.228440,-0.233898,0.000105,0.000207,-0.000950,0.000318,-0.000170,0.001404,0.019134,-0.013523,-0.227373,-0.001067,-0.426771,False
2024-06-13,-0.225102,-0.233935,0.000118,0.000186,-0.000952,0.000317,-0.000167,0.001403,0.019134,-0.013523,-0.227419,0.002317,0.926725,False
2024-06-14,-0.225380,-0.233972,0.000130,0.000164,-0.000954,0.000317,-0.000163,0.001402,0.019134,-0.013523,-0.227465,0.002085,0.834023,False
2024-06-15,-0.225524,-0.234009,0.000141,0.000141,-0.000956,0.000317,-0.000160,0.001402,0.019134,-0.013523,-0.227512,0.001988,0.795137,False
2024-06-16,-0.220571,-0.234046,0.000152,0.000119,-0.000957,0.000317,-0.000156,0.001401,0.019134,-0.013523,-0.227559,0.006988,2.795276,False
2024-06-17,-0.227659,-0.234083,0.000162,0.000097,-0.000958,0.000317,-0.000153,0.001400,0.019134,-0.013523,-0.227607,-0.000052,-0.020750,False
2024-06-18,-0.226625,-0.234120,0.000171,0.000074,-0.000959,0.000317,-0.000149,0.001400,0.019134,-0.013523,-0.227656,0.001031,0.412467,False
2024-06-19,-0.225590,-0.234157,0.000180,0.000051,-0.000960,0.000317,-0.000146,0.001399,0.019134,-0.013523,-0.227705,0.002115,0.845934,False
2024-06-20,-0.227764,-0.234194,0.000187,0.000028,-0.000960,0.000317,-0.000142,0.001398,0.019134,-0.013523,-0.227755,-0.000009,-0.003745,False
2024-06-21,-0.228734,-0.234231,0.000194,0.000006,-0.000960,0.000317,-0.000139,0.001398,0.019134,-0.013523,-0.227805,-0.000929,-0.371565,False
2024-06-22,-0.229917,-0.234268,0.000200,-0.000017,-0.000960,0.000317,-0.000135,0.001397,0.019134,-0.013523,-0.227856,-0.002061,-0.824324,False
2024-06-23,-0.226146,-0.234305,0.000204,-0.000040,-0.000959,0.000316,-0.000132,0.001396,0.019134,-0.013523,-0.227908,0.001762,0.704776,False
2024-06-24,-0.226330,-0.234342,0.000208,-0.000063,-0.000958,0.000316,-0.000128,0.001395,0.019134,-0.013523,-0.227960,0.001630,0.652136,False
2024-06-25,-0.227868,-0.234379,0.000211,-0.000086,-0.000957,0.000316,-0.000125,0.001395,0.019134,-0.013523,-0.228013,0.000145,0.058150,False
2024-06-26,-0.228767,-0.234416,0.000213,-0.000108,-0.000956,0.000316,-0.000121,0.001394,0.019134,-0.013523,-0.228067,-0.000700,-0.279984,False
2024-06-27,-0.225435,-0.234453,0.000214,-0.000131,-0.000954,0.000316,-0.000117,0.001393,0.019134,-0.013523,-0.228121,0.002686,1.074524,False
2024-06-28,-0.227152,-0.234490,0.000214,-0.000153,-0.000952,0.000316,-0.000114,0.001392,0.019134,-0.013523,-0.228176,0.001024,0.409668,False
2024-06-29,-0.231379,-0.234527,0.000213,-0.000175,-0.000950,0.000315,-0.000110,0.001392,0.019134,-0.013523,-0.228232,-0.003147,-1.258965,False
2024-06-30,-0.224150,-0.234564,0.000210,-0.000197,-0.000947,0.000315,-0.000107,0.001391,0.019134,-0.013523,-0.228288,0.004138,1.655015,False
2024-07-01,-0.223926,-0.234601,0.000207,-0.000219,-0.000944,0.000315,-0.000103,0.001390,0.019134,-0.013523,-0.228344,0.004418,1.767193,False
2024-07-02,-0.224574,-0.234638,0.000203,-0.000240,-0.000941,0.000315,-0.000100,0.001389,0.019134,-0.013523,-0.228401,0.003826,1.530552,False
2024-07-03,-0.225223,-0.234675,0.000198,-0.000261,-0.000938,0.000314,-0.000096,0.001389,0.019134,-0.013523,-0.228458,0.003235,1.294077,False
2024-07-04,-0.225392,-0.234712,0.000192,-0.000282,-0.000934,0.000314,-0.000093,0.001388,0.019134,-0.013523,-0.228516,0.003124,1.249577,False
2024-07-05,-0.225561,-0.234749,0.000185,-0.000303,-0.000930,0.000314,-0.000089,0.001387,0.019134,-0.013523,-0.228574,0.003013,1.205203,False
2024-07-06,-0.225730,-0.234787,0.000178,-0.000323,-0.000926,0.000314,-0.000086,0.001386,0.019134,-0.013523,-0.228632,0.002902,1.160931,False
2024-07-07,-0.225899,-0.234824,0.000169,-0.000342,-0.000922,0.000313,-0.000082,0.001386,0.019134,-0.013523,-0.228691,0.002792,1.116739,False
2024-07-08,-0.226068,-0.234861,0.000159,-0.000362,-0.000917,0.000313,-0.000078,0.001385,0.019134,-0.013523,-0.228749,0.002682,1.072601,False
2024-07-09,-0.226237,-0.234898,0.000149,-0.000381,-0.000912,0.000313,-0.000075,0.001384,0.019134,-0.013523,-0.228808,0.002571,1.028490,False
2024-07-10,-0.226405,-0.234935,0.000138,-0.000399,-0.000907,0.000312,-0.000071,0.001383,0.019134,-0.013523,-0.228866,0.002461,0.984379,False
2024-07-11,-0.227419,-0.234972,0.000127,-0.000417,-0.000901,0.000312,-0.000068,0.001382,0.019134,-0.013523,-0.228925,0.001506,0.602395,False
2024-07-12,-0.227419,-0.235009,0.000115,-0.000435,-0.000895,0.000312,-0.000064,0.001381,0.019134,-0.013523,-0.228983,0.001564,0.625767,False
2024-07-13,-0.227419,-0.235046,0.000102,-0.000452,-0.000889,0.000311,-0.000061,0.001381,0.019134,-0.013523,-0.229042,0.001623,0.649052,False
2024-07-14,-0.227419,-0.235083,0.000089,-0.000468,-0.000883,0.000311,-0.000057,0.001380,0.019134,-0.013523,-0.229100,0.001681,0.672217,False
2024-07-15,-0.227419,-0.235120,0.000075,-0.000484,-0.000876,0.000311,-0.000053,0.001379,0.019134,-0.013523,-0.229157,0.001738,0.695231,False
2024-07-16,-0.227419,-0.235157,0.000062,-0.000500,-0.000869,0.000310,-0.000050,0.001378,0.019134,-0.013523,-0.229214,0.001795,0.718062,False
2024-07-17,-0.232027,-0.235194,0.000047,-0.000514,-0.000862,0.000310,-0.000046,0.001377,0.019134,-0.013523,-0.229271,-0.002756,-1.102523,False
2024-07-18,-0.231988,-0.235231,0.000033,-0.000529,-0.000855,0.000310,-0.000043,0.001376,0.013123,-0.013523,-0.235338,0.003349,1.339711,False
2024-07-19,-0.231950,-0.235268,0.000018,-0.000542,-0.000847,0.000309,-0.000039,0.001376,0.013123,-0.013523,-0.235393,0.003443,1.377195,False
2024-07-20,-0.232404,-0.235305,0.000004,-0.000555,-0.000839,0.000309,-0.000036,0.001375,0.013123,-0.013523,-0.235447,0.003043,1.217364,False
2024-07-21,-0.233028,-0.235342,-0.000011,-0.000567,-0.000831,0.000308,-0.000032,0.001374,0.013123,-0.013523,-0.235501,0.002473,0.989185,False
2024-07-22,-0.234423,-0.235379,-0.000026,-0.000579,-0.000823,0.000308,-0.000028,0.001373,0.013123,-0.013523,-0.235554,0.001131,0.452226,False
2024-07-23,-0.235818,-0.235416,-0.000040,-0.000590,-0.000814,0.000307,-0.000025,0.001372,0.013123,-0.013523,-0.235605,-0.000213,-0.085145,False
2024-07-24,-0.235391,-0.235453,-0.000054,-0.000600,-0.000805,0.000307,-0.000021,0.001371,0.013123,-0.013523,-0.235656,0.000265,0.105897,False
2024-07-25,-0.234964,-0.235490,-0.000069,-0.000609,-0.000796,0.000307,-0.000018,0.001370,0.013123,-0.013523,-0.235705,0.000741,0.296465,False
2024-07-26,-0.234537,-0.235527,-0.000082,-0.000618,-0.000787,0.000306,-0.000014,0.001369,0.013123,-0.013523,-0.235753,0.001216,0.486528,False
2024-07-27,-0.234109,-0.235564,-0.000096,-0.000626,-0.000777,0.000306,-0.000011,0.001368,0.013123,-0.013523,-0.235800,0.001690,0.676058,False
2024-07-28,-0.233682,-0.235601,-0.000109,-0.000634,-0.000767,0.000305,-0.000007,0.001367,0.013123,-0.013523,-0.235845,0.002163,0.865027,False
2024-07-29,-0.233255,-0.235638,-0.000121,-0.000640,-0.000757,0.000305,-0.000003,0.001367,0.013123,-0.013523,-0.235889,0.002634,1.053408,False
2024-07-30,-0.232828,-0.235675,-0.000133,-0.000646,-0.000747,0.000304,0.000000,0.001366,0.013123,-0.013523,-0.235931,0.003103,1.241176,False
2024-07-31,-0.233366,-0.235712,-0.000144,-0.000651,-0.000737,0.000304,0.000004,0.001365,0.013123,-0.013523,-0.235972,0.002605,1.042150,False
2024-08-01,-0.233905,-0.235749,-0.000154,-0.000655,-0.000726,0.000303,0.000007,0.001364,0.013123,-0.013523,-0.236011,0.002106,0.842465,False
2024-08-02,-0.234443,-0.235786,-0.000164,-0.000659,-0.000715,0.000303,0.000011,0.001363,0.013123,-0.013523,-0.236048,0.001605,0.642101,False
2024-08-03,-0.234981,-0.235823,-0.000173,-0.000661,-0.000704,0.000302,0.000014,0.001362,0.013123,-0.013523,-0.236084,0.001103,0.441038,False
2024-08-04,-0.235519,-0.235860,-0.000181,-0.000663,-0.000693,0.000301,0.000018,0.001361,0.013123,-0.013522,-0.236117,0.000598,0.239259,False
2024-08-05,-0.236057,-0.235897,-0.000189,-0.000665,-0.000681,0.000301,0.000022,0.001360,0.013123,-0.013522,-0.236149,0.000092,0.036750,False
2024-08-06,-0.236596,-0.235934,-0.000195,-0.000665,-0.000670,0.000300,0.000025,0.001359,0.013123,-0.013522,-0.236179,-0.000416,-0.166502,False
2024-08-07,-0.237134,-0.235971,-0.000201,-0.000665,-0.000658,0.000300,0.000029,0.001358,0.013123,-0.013522,-0.236208,-0.000926,-0.370509,False
2024-08-08,-0.236312,-0.236008,-0.000205,-0.000663,-0.000646,0.000299,0.000032,0.001357,0.013123,-0.013522,-0.236234,-0.000078,-0.031229,False
2024-08-09,-0.235490,-0.236045,-0.000209,-0.000661,-0.000633,0.000299,0.000036,0.001356,0.013123,-0.013522,-0.236258,0.000768,0.307280,False
2024-08-10,-0.234668,-0.236083,-0.000212,-0.000659,-0.000621,0.000298,0.000040,0.001355,0.013123,-0.013522,-0.236281,0.001613,0.645016,False
2024-08-11,-0.233846,-0.236120,-0.000213,-0.000655,-0.000608,0.000297,0.000043,0.001354,0.013123,-0.013522,-0.236301,0.002455,0.981975,False
2024-08-12,-0.233025,-0.236157,-0.000214,-0.000651,-0.000595,0.000297,0.000047,0.001353,0.013123,-0.013522,-0.236320,0.003295,1.318157,False
2024-08-13,-0.232203,-0.236194,-0.000214,-0.000646,-0.000582,0.000296,0.000050,0.001352,0.013123,-0.013522,-0.236337,0.004134,1.653565,False
2024-08-14,-0.231381,-0.236231,-0.000212,-0.000640,-0.000569,0.000296,0.000054,0.001351,0.013123,-0.013522,-0.236351,0.004971,1.988204,False
2024-08-15,-0.230559,-0.236268,-0.000210,-0.000633,-0.000556,0.000295,0.000057,0.001350,0.013123,-0.013522,-0.236364,0.005805,2.322080,False
2024-08-16,-0.230938,-0.236305,-0.000206,-0.000626,-0.000542,0.000294,0.000061,0.001349,0.013123,-0.013522,-0.236375,0.005437,2.174893,False
2024-08-17,-0.231317,-0.236342,-0.000202,-0.000618,-0.000528,0.000294,0.000064,0.001348,0.013123,-0.013522,-0.236384,0.005067,2.026964,False
2024-08-18,-0.231696,-0.236379,-0.000197,-0.000609,-0.000515,0.000293,0.000068,0.001347,0.013123,-0.013522,-0.236391,0.004696,1.878306,False
2024-08-19,-0.232075,-0.236416,-0.000191,-0.000600,-0.000501,0.000292,0.000072,0.001346,0.013123,-0.013522,-0.236397,0.004322,1.728936,False
2024-08-20,-0.232453,-0.236453,-0.000183,-0.000590,-0.000486,0.000292,0.000075,0.001345,0.013123,-0.013522,-0.236401,0.003947,1.578871,False
2024-08-21,-0.232832,-0.236490,-0.000175,-0.000579,-0.000472,0.000291,0.000079,0.001344,0.013123,-0.013522,-0.236403,0.003570,1.428132,False
2024-08-22,-0.233211,-0.236527,-0.000167,-0.000567,-0.000458,0.000290,0.000082,0.001342,0.013123,-0.013522,-0.236403,0.003192,1.276739,False
2024-08-23,-0.233211,-0.236564,-0.000157,-0.000555,-0.000443,0.000289,0.000086,0.001341,0.013123,-0.013522,-0.236402,0.003191,1.276278,False
2024-08-24,-0.233211,-0.236601,-0.000147,-0.000542,-0.000429,0.000289,0.000089,0.001340,0.013123,-0.013522,-0.236399,0.003188,1.275212,False
2024-08-25,-0.233211,-0.236638,-0.000136,-0.000528,-0.000414,0.000288,0.000093,0.001339,0.013123,-0.013522,-0.236395,0.003184,1.273571,False
2024-08-26,-0.233211,-0.236675,-0.000124,-0.000514,-0.000399,0.000287,0.000097,0.001338,0.013123,-0.013522,-0.236390,0.003178,1.271383,False
2024-08-27,-0.233211,-0.236712,-0.000112,-0.000499,-0.000384,0.000286,0.000100,0.001337,0.013123,-0.013522,-0.236383,0.003172,1.268678,False
2024-08-28,-0.238137,-0.236749,-0.000099,-0.000484,-0.000369,0.000286,0.000104,0.001336,0.013123,-0.013522,-0.236375,-0.001762,-0.704792,False
2024-08-29,-0.238137,-0.236786,-0.000086,-0.000468,-0.000353,0.000285,0.000107,0.001335,0.013123,-0.013522,-0.236366,-0.001771,-0.708434,False
2024-08-30,-0.238137,-0.236823,-0.000072,-0.000452,-0.000338,0.000284,0.000111,0.001334,0.013123,-0.013522,-0.236356,-0.001781,-0.712493,False
2024-08-31,-0.238137,-0.236860,-0.000058,-0.000435,-0.000322,0.000283,0.000114,0.001333,0.013123,-0.013522,-0.236345,-0.001792,-0.716935,False
2024-09-01,-0.238137,-0.236897,-0.000044,-0.000417,-0.000307,0.000283,0.000118,0.001331,0.013123,-0.013522,-0.236333,-0.001804,-0.721722,False
2024-09-02,-0.238137,-0.236934,-0.000029,-0.000399,-0.000291,0.000282,0.000121,0.001330,0.013123,-0.013522,-0.236320,-0.001817,-0.726818,False
2024-09-03,-0.238137,-0.236971,-0.000015,-0.000381,-0.000275,0.000281,0.000125,0.001329,0.013123,-0.013522,-0.236307,-0.001830,-0.732185,False
2024-09-04,-0.238137,-0.237008,-0.000000,-0.000362,-0.000260,0.000280,0.000128,0.001328,0.013123,-0.013522,-0.236293,-0.001844,-0.737785,False
2024-09-05,-0.237034,-0.237045,0.000015,-0.000342,-0.000244,0.000279,0.000132,0.001327,0.013123,-0.013522,-0.236278,-0.000756,-0.302540,False
2024-09-06,-0.235932,-0.237082,0.000029,-0.000322,-0.000228,0.000278,0.000136,0.001326,0.013123,-0.013522,-0.236263,0.000331,0.132549,False
2024-09-07,-0.234829,-0.237119,0.000044,-0.000302,-0.000212,0.000278,0.000139,0.001324,0.013123,-0.013522,-0.236248,0.001419,0.567521,False
2024-09-08,-0.233727,-0.237156,0.000058,-0.000282,-0.000196,0.000277,0.000143,0.001323,0.013123,-0.013522,-0.236233,0.002506,1.002415,False
2024-09-09,-0.232624,-0.237193,0.000072,-0.000261,-0.000179,0.000276,0.000146,0.001322,0.013123,-0.013522,-0.236217,0.003593,1.437269,False
2024-09-10,-0.232917,-0.237230,0.000086,-0.000240,-0.000163,0.000275,0.000150,0.001321,0.013123,-0.013522,-0.236202,0.003285,1.313881,False
2024-09-11,-0.233958,-0.237267,0.000099,-0.000218,-0.000147,0.000274,0.000153,0.001320,0.013123,-0.013522,-0.236186,0.002228,0.891328,False
2024-09-12,-0.234999,-0.237304,0.000112,-0.000197,-0.000131,0.000273,0.000157,0.001319,0.013123,-0.013522,-0.236171,0.001172,0.468849,False
2024-09-13,-0.235093,-0.237342,0.000124,-0.000175,-0.000114,0.000272,0.000160,0.001317,0.013123,-0.013522,-0.236156,0.001063,0.425078,False
2024-09-14,-0.235188,-0.237379,0.000136,-0.000153,-0.000098,0.000271,0.000164,0.001316,0.013123,-0.013522,-0.236142,0.000954,0.381452,False
2024-09-15,-0.235232,-0.237416,0.000147,-0.000130,-0.000082,0.000271,0.000167,0.001315,0.013123,-0.013522,-0.236128,0.000895,0.358072,False
2024-09-16,-0.235277,-0.237453,0.000157,-0.000108,-0.000065,0.000270,0.000171,0.001314,0.013123,-0.013522,-0.236114,0.000837,0.334904,False
2024-09-17,-0.235321,-0.237490,0.000167,-0.000085,-0.000049,0.000269,0.000174,0.001313,0.013123,-0.013522,-0.236101,0.000780,0.311979,False
2024-09-18,-0.235467,-0.237527,0.000175,-0.000063,-0.000032,0.000268,0.000178,0.001311,0.013123,-0.013522,-0.236089,0.000622,0.248663,False
2024-09-19,-0.234516,-0.237564,0.000183,-0.000040,-0.000016,0.000267,0.000181,0.001310,0.013123,-0.013522,-0.236077,0.001561,0.624451,False
2024-09-20,-0.233565,-0.237601,0.000191,-0.000017,0.000001,0.000266,0.000185,0.001309,0.013123,-0.013522,-0.236066,0.002501,1.000571,False
2024-09-21,-0.229632,-0.237638,0.000197,0.000006,0.000017,0.000265,0.000188,0.001308,0.013123,-0.013522,-0.236057,0.006425,2.569849,False
2024-09-22,-0.232300,-0.237675,0.000202,0.000029,0.000034,0.000264,0.000192,0.001306,0.013123,-0.013522,-0.236048,0.003747,1.498910,False
2024-09-23,-0.234969,-0.237712,0.000206,0.000051,0.000050,0.000263,0.000195,0.001305,0.013123,-0.013522,-0.236040,0.001071,0.428375,False
2024-09-24,-0.237813,-0.237749,0.000210,0.000074,0.000067,0.000262,0.000199,0.001304,0.013123,-0.013522,-0.236033,-0.001780,-0.711933,False
2024-09-25,-0.234085,-0.237786,0.000212,0.000097,0.000083,0.000261,0.000202,0.001303,0.013123,-0.013522,-0.236028,0.001943,0.777003,False
2024-09-26,-0.236800,-0.237823,0.000214,0.000119,0.000100,0.000260,0.000206,0.001301,0.013123,-0.013522,-0.236023,-0.000777,-0.310798,False
2024-09-27,-0.236024,-0.237860,0.000214,0.000142,0.000116,0.000259,0.000209,0.001300,0.013123,-0.013522,-0.236020,-0.000004,-0.001722,False
2024-09-28,-0.228887,-0.237897,0.000213,0.000164,0.000132,0.000258,0.000213,0.001299,0.013123,-0.013522,-0.236018,0.007131,2.852245,False
2024-09-29,-0.233357,-0.237934,0.000212,0.000186,0.000149,0.000257,0.000216,0.001297,0.013123,-0.013522,-0.236017,0.002660,1.063914,False
2024-09-30,-0.230269,-0.237971,0.000209,0.000208,0.000165,0.000256,0.000220,0.001296,0.013123,-0.013522,-0.236017,0.005748,2.299293,False
2024-10-01,-0.229296,-0.238008,0.000205,0.000229,0.000181,0.000255,0.000223,0.001295,0.013123,-0.013522,-0.236019,0.006723,2.689191,False
2024-10-02,-0.231210,-0.238045,0.000201,0.000251,0.000197,0.000254,0.000227,0.001293,0.013123,-0.013522,-0.236022,0.004812,1.924813,False
2024-10-03,-0.231557,-0.238082,0.000195,0.000272,0.000213,0.000253,0.000230,0.001292,0.013123,-0.013522,-0.236026,0.004469,1.787561,False
2024-10-04,-0.231905,-0.238119,0.000189,0.000292,0.000229,0.000252,0.000234,0.001291,0.013123,-0.013522,-0.236032,0.004127,1.650837,False
2024-10-05,-0.233384,-0.238156,0.000182,0.000313,0.000245,0.000251,0.000237,0.001290,0.013123,-0.013522,-0.236039,0.002655,1.062041,False
2024-10-06,-0.231053,-0.238193,0.000173,0.000333,0.000261,0.000250,0.000240,0.001288,0.013123,-0.013522,-0.236047,0.004994,1.997771,False
2024-10-07,-0.235132,-0.238230,0.000164,0.000352,0.000277,0.000248,0.000244,0.001287,0.013123,-0.013522,-0.236057,0.000925,0.370022,False
2024-10-08,-0.232384,-0.238267,0.000155,0.000371,0.000293,0.000247,0.000247,0.001285,0.013123,-0.013522,-0.236068,0.003684,1.473588,False
2024-10-09,-0.232196,-0.238304,0.000144,0.000390,0.000308,0.000246,0.000251,0.001284,0.013123,-0.013522,-0.236080,0.003884,1.553661,False
2024-10-10,-0.235128,-0.238341,0.000133,0.000408,0.000324,0.000245,0.000254,0.001283,0.013123,-0.013522,-0.236094,0.000966,0.386233,False
2024-10-11,-0.237574,-0.238378,0.000121,0.000426,0.000339,0.000244,0.000258,0.001281,0.013123,-0.013522,-0.236108,-0.001466,-0.586307,False
2024-10-12,-0.231006,-0.238415,0.000109,0.000443,0.000355,0.000243,0.000261,0.001280,0.013123,-0.013522,-0.236124,0.005118,2.047229,False
2024-10-13,-0.237139,-0.238452,0.000096,0.000460,0.000370,0.000242,0.000265,0.001279,0.013123,-0.013522,-0.236141,-0.000998,-0.399172,False
2024-10-14,-0.234826,-0.238489,0.000082,0.000476,0.000385,0.000241,0.000268,0.001277,0.013123,-0.013522,-0.236159,0.001333,0.533274,False
2024-10-15,-0.236046,-0.238526,0.000069,0.000492,0.000400,0.000239,0.000271,0.001276,0.013123,-0.013522,-0.236178,0.000132,0.052952,False
2024-10-16,-0.238515,-0.238563,0.000055,0.000507,0.000415,0.000238,0.000275,0.001275,0.013123,-0.013522,-0.236199,-0.002316,-0.926555,False
2024-10-17,-0.237394,-0.238600,0.000040,0.000522,0.000430,0.000237,0.000278,0.001273,0.013123,-0.013522,-0.236220,-0.001174,-0.469664,False
2024-10-18,-0.238799,-0.238638,0.000026,0.000535,0.000445,0.000236,0.000282,0.001272,0.013123,-0.013522,-0.236242,-0.002557,-1.022794,False
2024-10-19,-0.235350,-0.238675,0.000011,0.000549,0.000459,0.000235,0.000285,0.001270,0.013123,-0.013522,-0.236265,0.000915,0.366036,False
2024-10-20,-0.237635,-0.238712,-0.000004,0.000561,0.000474,0.000234,0.000288,0.001269,0.013123,-0.013522,-0.236289,-0.001345,-0.538193,False
2024-10-21,-0.239919,-0.238749,-0.000018,0.000573,0.000488,0.000232,0.000292,0.001268,0.013123,-0.013522,-0.236314,-0.003605,-1.442102,False
2024-10-22,-0.239533,-0.238786,-0.000033,0.000584,0.000502,0.000231,0.000295,0.001266,0.013123,-0.013522,-0.236339,-0.003194,-1.277511,False
2024-10-23,-0.238515,-0.238823,-0.000047,0.000595,0.000516,0.000230,0.000299,0.001265,0.013123,-0.013522,-0.236365,-0.002149,-0.859707,False
2024-10-24,-0.237496,-0.238860,-0.000062,0.000605,0.000530,0.000229,0.000302,0.001263,0.013123,-0.013522,-0.236392,-0.001104,-0.441645,False
2024-10-25,-0.236478,-0.238897,-0.000075,0.000614,0.000543,0.000228,0.000305,0.001262,0.013123,-0.013522,-0.236420,-0.000058,-0.023343,False
2024-10-26,-0.233543,-0.238934,-0.000089,0.000622,0.000557,0.000226,0.000309,0.001260,0.013123,-0.013522,-0.236448,0.002905,1.161843,False
2024-10-27,-0.235594,-0.238971,-0.000102,0.000630,0.000570,0.000225,0.000312,0.001259,0.013123,-0.013522,-0.236476,0.000882,0.352627,False
2024-10-28,-0.237646,-0.239008,-0.000115,0.000637,0.000583,0.000224,0.000315,0.001257,0.013123,-0.013522,-0.236505,-0.001141,-0.456411,False
2024-10-29,-0.239690,-0.239045,-0.000127,0.000643,0.000596,0.000223,0.000319,0.001256,0.013123,-0.013522,-0.236534,-0.003156,-1.262288,False
2024-10-30,-0.238527,-0.239082,-0.000138,0.000649,0.000609,0.000221,0.000322,0.001255,0.013123,-0.013522,-0.236564,-0.001963,-0.785225,False
2024-10-31,-0.238365,-0.239119,-0.000149,0.000653,0.000622,0.000220,0.000325,0.001253,0.013123,-0.013522,-0.236594,-0.001771,-0.708538,False
2024-11-01,-0.238203,-0.239156,-0.000159,0.000657,0.000634,0.000219,0.000329,0.001252,0.013123,-0.013522,-0.236624,-0.001579,-0.631745,False
2024-11-02,-0.238042,-0.239193,-0.000169,0.000660,0.000647,0.000218,0.000332,0.001250,0.013123,-0.013522,-0.236655,-0.001387,-0.554860,False
2024-11-03,-0.237880,-0.239230,-0.000177,0.000663,0.000659,0.000216,0.000335,0.001249,0.013123,-0.013522,-0.236685,-0.001195,-0.477900,False
2024-11-04,-0.237718,-0.239267,-0.000185,0.000664,0.000671,0.000215,0.000339,0.001247,0.013123,-0.013522,-0.236716,-0.001002,-0.400878,False
2024-11-05,-0.237557,-0.239304,-0.000192,0.000665,0.000682,0.000214,0.000342,0.001246,0.013123,-0.013522,-0.236747,-0.000810,-0.323805,False
2024-11-06,-0.237395,-0.239341,-0.000198,0.000665,0.000694,0.000213,0.000345,0.001244,0.013123,-0.013522,-0.236778,-0.000617,-0.246694,False
2024-11-07,-0.237233,-0.239378,-0.000203,0.000664,0.000705,0.000211,0.000349,0.001243,0.013123,-0.013522,-0.236809,-0.000424,-0.169555,False
2024-11-08,-0.237623,-0.239415,-0.000207,0.000663,0.000716,0.000210,0.000352,0.001241,0.013123,-0.013522,-0.236840,-0.000782,-0.312995,False
2024-11-09,-0.238013,-0.239452,-0.000210,0.000660,0.000727,0.000209,0.000355,0.001240,0.013123,-0.013522,-0.236871,-0.001141,-0.456423,False
2024-11-10,-0.238402,-0.239489,-0.000213,0.000657,0.000738,0.000207,0.000359,0.001238,0.013123,-0.013522,-0.236903,-0.001500,-0.599844,False
2024-11-11,-0.238792,-0.239526,-0.000214,0.000653,0.000748,0.000206,0.000362,0.001236,0.013123,-0.013522,-0.236934,-0.001858,-0.743262,False
2024-11-12,-0.239182,-0.239563,-0.000214,0.000648,0.000758,0.000205,0.000365,0.001235,0.013123,-0.013522,-0.236965,-0.002217,-0.886680,False
2024-11-13,-0.239571,-0.239600,-0.000213,0.000643,0.000768,0.000203,0.000368,0.001233,0.013123,-0.013522,-0.236996,-0.002575,-1.030099,False
2024-11-14,-0.239961,-0.239637,-0.000211,0.000637,0.000778,0.000202,0.000372,0.001232,0.013123,-0.013522,-0.237027,-0.002934,-1.173519,False
2024-11-15,-0.240351,-0.239674,-0.000208,0.000630,0.000788,0.000201,0.000375,0.001230,0.013123,-0.013522,-0.237059,-0.003292,-1.316938,False
2024-11-16,-0.240062,-0.239711,-0.000204,0.000622,0.000797,0.000199,0.000378,0.001229,0.013123,-0.013522,-0.237090,-0.002972,-1.188753,False
2024-11-17,-0.239772,-0.239748,-0.000200,0.000614,0.000806,0.000198,0.000381,0.001227,0.013123,-0.013522,-0.237121,-0.002651,-1.060559,False
2024-11-18,-0.239483,-0.239785,-0.000194,0.000605,0.000815,0.000196,0.000385,0.001226,0.013123,-0.013522,-0.237152,-0.002331,-0.932350,False
2024-11-19,-0.239194,-0.239822,-0.000187,0.000595,0.000824,0.000195,0.000388,0.001224,0.013123,-0.013522,-0.237184,-0.002010,-0.804118,False
2024-11-20,-0.239443,-0.239859,-0.000180,0.000584,0.000832,0.000194,0.000391,0.001222,0.013123,-0.013522,-0.237215,-0.002228,-0.891314,False
2024-11-21,-0.239693,-0.239897,-0.000171,0.000573,0.000840,0.000192,0.000394,0.001221,0.013123,-0.013522,-0.237247,-0.002446,-0.978469,False
2024-11-22,-0.239942,-0.239934,-0.000162,0.000561,0.000848,0.000191,0.000398,0.001219,0.013123,-0.013522,-0.237278,-0.002664,-1.065570,False
2024-11-23,-0.240192,-0.239971,-0.000152,0.000548,0.000855,0.000190,0.000401,0.001218,0.013123,-0.013522,-0.237310,-0.002882,-1.152605,False
2024-11-24,-0.240441,-0.240008,-0.000141,0.000535,0.000863,0.000188,0.000404,0.001216,0.013123,-0.013522,-0.237342,-0.003099,-1.239561,False
2024-11-25,-0.241041,-0.240045,-0.000130,0.000521,0.000870,0.000187,0.000407,0.001214,0.013123,-0.013522,-0.237374,-0.003667,-1.466661,False
2024-11-26,-0.240281,-0.240082,-0.000118,0.000507,0.000877,0.000185,0.000410,0.001213,0.013123,-0.013522,-0.237407,-0.002874,-1.149651,False
2024-11-27,-0.241679,-0.240119,-0.000105,0.000492,0.000883,0.000184,0.000414,0.001211,0.013123,-0.013522,-0.237440,-0.004239,-1.695715,False
2024-11-28,-0.239820,-0.240156,-0.000092,0.000476,0.000890,0.000182,0.000417,0.001210,0.013123,-0.013522,-0.237473,-0.002347,-0.938834,False
2024-11-29,-0.239519,-0.240193,-0.000079,0.000460,0.000896,0.000181,0.000420,0.001208,0.013123,-0.013522,-0.237507,-0.002012,-0.804991,False
2024-11-30,-0.239929,-0.240230,-0.000065,0.000443,0.000902,0.000180,0.000423,0.001206,0.013123,-0.013522,-0.237541,-0.002388,-0.955367,False
2024-12-01,-0.240339,-0.240267,-0.000051,0.000426,0.000907,0.000178,0.000426,0.001205,0.013123,-0.013522,-0.237575,-0.002764,-1.105544,False
2024-12-02,-0.240816,-0.240304,-0.000037,0.000408,0.000912,0.000177,0.000429,0.001203,0.013123,-0.013522,-0.237610,-0.003206,-1.282303,False
2024-12-03,-0.238638,-0.240341,-0.000022,0.000390,0.000917,0.000175,0.000433,0.001201,0.013123,-0.013522,-0.237646,-0.000992,-0.396823,False
2024-12-04,-0.238806,-0.240378,-0.000007,0.000371,0.000922,0.000174,0.000436,0.001200,0.013123,-0.013522,-0.237682,-0.001124,-0.449487,False
2024-12-05,-0.240946,-0.240415,0.000007,0.000352,0.000927,0.000172,0.000439,0.001198,0.013123,-0.013522,-0.237719,-0.003227,-1.290673,False
2024-12-06,-0.240319,-0.240452,0.000022,0.000332,0.000931,0.000171,0.000442,0.001196,0.013123,-0.013522,-0.237757,-0.002562,-1.024764,False
2024-12-07,-0.241238,-0.240489,0.000037,0.000312,0.000935,0.000169,0.000445,0.001195,0.013123,-0.013522,-0.237796,-0.003442,-1.376940,False
2024-12-08,-0.240533,-0.240526,0.000051,0.000292,0.000938,0.000168,0.000448,0.001193,0.013123,-0.013522,-0.237835,-0.002698,-1.079183,False
2024-12-09,-0.240050,-0.240563,0.000065,0.000271,0.000942,0.000166,0.000451,0.001191,0.013123,-0.013522,-0.237875,-0.002175,-0.869874,False
2024-12-10,-0.241608,-0.240600,0.000079,0.000250,0.000945,0.000165,0.000454,0.001190,0.013123,-0.013522,-0.237917,-0.003691,-1.476598,False
2024-12-11,-0.240922,-0.240637,0.000092,0.000229,0.000947,0.000163,0.000458,0.001188,0.013123,-0.013522,-0.237959,-0.002963,-1.185336,False
2024-12-12,-0.241122,-0.240674,0.000105,0.000207,0.000950,0.000162,0.000461,0.001186,0.013123,-0.013522,-0.238002,-0.003120,-1.248073,False
2024-12-13,-0.242257,-0.240711,0.000118,0.000186,0.000952,0.000160,0.000464,0.001185,0.013123,-0.013522,-0.238046,-0.004211,-1.684395,False
2024-12-14,-0.241003,-0.240748,0.000130,0.000164,0.000954,0.000159,0.000467,0.001183,0.013123,-0.013522,-0.238091,-0.002912,-1.164688,False
2024-12-15,-0.241312,-0.240785,0.000141,0.000141,0.000956,0.000157,0.000470,0.001181,0.013123,-0.013522,-0.238138,-0.003174,-1.269740,False
2024-12-16,-0.241621,-0.240822,0.000152,0.000119,0.000957,0.000156,0.000473,0.001179,0.013123,-0.013522,-0.238185,-0.003436,-1.374339,False
2024-12-17,-0.241930,-0.240859,0.000162,0.000097,0.000958,0.000154,0.000476,0.001178,0.013123,-0.013522,-0.238234,-0.003696,-1.478476,False
2024-12-18,-0.240902,-0.240896,0.000171,0.000074,0.000959,0.000153,0.000479,0.001176,0.013123,-0.013522,-0.238284,-0.002618,-1.047343,False
2024-12-19,-0.240969,-0.240933,0.000180,0.000051,0.000960,0.000151,0.000482,0.001174,0.013123,-0.013522,-0.238335,-0.002634,-1.053599,False
2024-12-20,-0.241035,-0.240970,0.000187,0.000028,0.000960,0.000150,0.000485,0.001173,0.013123,-0.013522,-0.238387,-0.002648,-1.059372,False
2024-12-21,-0.241102,-0.241007,0.000194,0.000006,0.000960,0.000148,0.000488,0.001171,0.013123,-0.013522,-0.238440,-0.002662,-1.064659,False
2024-12-22,-0.241902,-0.241044,0.000200,-0.000017,0.000960,0.000147,0.000491,0.001169,0.013123,-0.013522,-0.238495,-0.003407,-1.362791,False
2024-12-23,-0.242053,-0.241081,0.000204,-0.000040,0.000959,0.000145,0.000494,0.001167,0.013123,-0.013522,-0.238551,-0.003502,-1.400836,False
2024-12-24,-0.242044,-0.241118,0.000208,-0.000063,0.000958,0.000144,0.000497,0.001166,0.013123,-0.013522,-0.238608,-0.003436,-1.374394,False
2024-12-25,-0.242035,-0.241155,0.000211,-0.000086,0.000957,0.000142,0.000500,0.001164,0.013123,-0.013522,-0.238666,-0.003369,-1.347469,False
2024-12-26,-0.242026,-0.241193,0.000213,-0.000108,0.000956,0.000140,0.000503,0.001162,0.013123,-0.013522,-0.238726,-0.003300,-1.320067,False
2024-12-27,-0.242017,-0.241230,0.000214,-0.000131,0.000954,0.000139,0.000506,0.001160,0.013123,-0.013522,-0.238787,-0.003230,-1.292195,False
2024-12-28,-0.242008,-0.241267,0.000214,-0.000153,0.000952,0.000137,0.000509,0.001158,0.013123,-0.013522,-0.238848,-0.003160,-1.263862,False
2024-12-29,-0.241999,-0.241304,0.000213,-0.000175,0.000950,0.000136,0.000512,0.001157,0.013123,-0.013522,-0.238911,-0.003088,-1.235079,False
2024-12-30,-0.242853,-0.241341,0.000210,-0.000197,0.000947,0.000134,0.000515,0.001155,0.013123,-0.013522,-0.238975,-0.003878,-1.551059,False
2024-12-31,-0.240780,-0.241378,0.000207,-0.000219,0.000944,0.000132,0.000518,0.001153,0.013123,-0.013522,-0.239040,-0.001740,-0.695816,False
