date,datetime,datetime_trend,datetime_0.25yr,datetime_0.5yr,datetime_1yr,datetime_3.97yr,datetime_model,datetime_noise,datetime_wtest,flagged
2010-01-02,2.010005,2.010006,-0.000000,0.000000,-0.000000,-0.000000,2.010005,0.000000,0.000023,False
2010-01-03,2.010008,2.010008,-0.000000,0.000000,-0.000000,-0.000000,2.010008,0.000000,0.000027,False
2010-01-04,2.010011,2.010011,-0.000000,0.000000,-0.000000,-0.000000,2.010011,0.000000,0.000030,False
2010-01-05,2.010014,2.010014,-0.000000,0.000000,-0.000000,-0.000000,2.010014,0.000000,0.000033,False
2010-01-06,2.010016,2.010016,-0.000000,0.000000,-0.000000,-0.000000,2.010016,0.000000,0.000036,False
2010-01-07,2.010019,2.010019,-0.000000,0.000000,-0.000000,-0.000000,2.010019,0.000000,0.000040,False
2010-01-08,2.010022,2.010022,-0.000000,0.000000,-0.000000,-0.000000,2.010022,0.000000,0.000043,False
2010-01-09,2.010025,2.010025,-0.000000,0.000000,-0.000000,-0.000000,2.010025,0.000000,0.000045,False
2010-01-10,2.010027,2.010027,-0.000000,0.000000,-0.000000,-0.000000,2.010027,0.000000,0.000048,False
2010-01-11,2.010030,2.010030,-0.000000,0.000000,-0.000000,-0.000000,2.010030,0.000000,0.000051,False
2010-01-12,2.010033,2.010033,-0.000000,0.000000,-0.000000,-0.000000,2.010033,0.000000,0.000054,False
2010-01-13,2.010036,2.010036,-0.000000,0.000000,-0.000000,-0.000000,2.010036,0.000000,0.000056,False
2010-01-14,2.010038,2.010038,-0.000000,0.000000,-0.000000,-0.000000,2.010038,0.000000,0.000058,False
2010-01-15,2.010041,2.010041,-0.000000,0.000000,-0.000000,-0.000000,2.010041,0.000000,0.000060,False
2010-01-16,2.010044,2.010044,-0.000000,0.000000,-0.000000,-0.000000,2.010044,0.000000,0.000062,False
2010-01-17,2.010047,2.010047,-0.000000,0.000000,-0.000000,-0.000000,2.010046,0.000000,0.000064,False
2010-01-18,2.010049,2.010049,-0.000000,-0.000000,-0.000000,-0.000000,2.010049,0.000000,0.000066,False
2010-01-19,2.010052,2.010052,-0.000000,-0.000000,-0.000000,-0.000000,2.010052,0.000000,0.000063,False
2010-01-20,2.010055,2.010055,-0.000000,-0.000000,-0.000000,-0.000000,2.010055,0.000000,0.000064,False
2010-01-21,2.010058,2.010058,-0.000000,-0.000000,-0.000000,-0.000000,2.010057,0.000000,0.000065,False
2010-01-22,2.010060,2.010060,-0.000000,-0.000000,-0.000000,-0.000000,2.010060,0.000000,0.000066,False
2010-01-23,2.010063,2.010063,-0.000000,-0.000000,-0.000000,-0.000000,2.010063,0.000000,0.000067,False
2010-01-24,2.010066,2.010066,-0.000000,-0.000000,-0.000000,-0.000000,2.010066,0.000000,0.000068,False
2010-01-25,2.010068,2.010069,-0.000000,-0.000000,-0.000000,-0.000000,2.010068,0.000000,0.000069,False
2010-01-26,2.010071,2.010071,-0.000000,-0.000000,-0.000000,-0.000000,2.010071,0.000000,0.000069,False
2010-01-27,2.010074,2.010074,-0.000000,-0.000000,-0.000000,-0.000000,2.010074,0.000000,0.000069,False
2010-01-28,2.010077,2.010077,-0.000000,-0.000000,-0.000000,-0.000000,2.010077,0.000000,0.000069,False
2010-01-29,2.010079,2.010079,-0.000000,-0.000000,-0.000000,-0.000000,2.010079,0.000000,0.000070,False
2010-01-30,2.010082,2.010082,-0.000000,-0.000000,-0.000000,-0.000000,2.010082,0.000000,0.000069,False
2010-01-31,2.010085,2.010085,-0.000000,-0.000000,-0.000000,-0.000000,2.010085,0.000000,0.000069,False
2010-02-01,2.010088,2.010088,-0.000000,-0.000000,-0.000000,-0.000000,2.010088,0.000000,0.000069,False
2010-02-02,2.010090,2.010090,-0.000000,-0.000000,-0.000000,-0.000000,2.010090,0.000000,0.000068,False
2010-02-03,2.010093,2.010093,-0.000000,-0.000000,-0.000000,-0.000000,2.010093,0.000000,0.000068,False
2010-02-04,2.010096,2.010096,-0.000000,-0.000000,-0.000000,-0.000000,2.010096,0.000000,0.000067,False
2010-02-05,2.010099,2.010099,-0.000000,-0.000000,-0.000000,-0.000000,2.010098,0.000000,0.000066,False
2010-02-06,2.010101,2.010101,-0.000000,-0.000000,-0.000000,-0.000000,2.010101,0.000000,0.000065,False
2010-02-07,2.010104,2.010104,-0.000000,-0.000000,-0.000000,-0.000000,2.010104,0.000000,0.000064,False
2010-02-08,2.010107,2.010107,-0.000000,-0.000000,-0.000000,-0.000000,2.010107,0.000000,0.000063,False
2010-02-09,2.010110,2.010110,-0.000000,-0.000000,-0.000000,-0.000000,2.010109,0.000000,0.000062,False
2010-02-10,2.010112,2.010112,-0.000000,-0.000000,-0.000000,-0.000000,2.010112,0.000000,0.000061,False
2010-02-11,2.010115,2.010115,0.000000,-0.000000,-0.000000,-0.000000,2.010115,0.000000,0.000060,False
2010-02-12,2.010118,2.010118,0.000000,-0.000000,-0.000000,-0.000000,2.010118,0.000000,0.000059,False
2010-02-13,2.010121,2.010121,0.000000,-0.000000,-0.000000,-0.000000,2.010120,0.000000,0.000057,False
2010-02-14,2.010123,2.010123,0.000000,-0.000000,-0.000000,-0.000000,2.010123,0.000000,0.000056,False
2010-02-15,2.010126,2.010126,0.000000,-0.000000,-0.000000,-0.000000,2.010126,0.000000,0.000055,False
2010-02-16,2.010129,2.010129,0.000000,-0.000000,-0.000000,-0.000000,2.010129,0.000000,0.000054,False
2010-02-17,2.010132,2.010132,0.000000,-0.000000,-0.000000,-0.000000,2.010131,0.000000,0.000052,False
2010-02-18,2.010134,2.010134,0.000000,-0.000000,-0.000000,-0.000000,2.010134,0.000000,0.000051,False
2010-02-19,2.010137,2.010137,0.000000,-0.000000,-0.000000,-0.000000,2.010137,0.000000,0.000050,False
2010-02-20,2.010140,2.010140,0.000000,-0.000000,-0.000000,-0.000000,2.010140,0.000000,0.000048,False
2010-02-21,2.010142,2.010143,0.000000,-0.000000,-0.000000,-0.000000,2.010142,0.000000,0.000047,False
2010-02-22,2.010145,2.010145,0.000000,-0.000000,-0.000000,-0.000000,2.010145,0.000000,0.000046,False
2010-02-23,2.010148,2.010148,0.000000,-0.000000,-0.000000,-0.000000,2.010148,0.000000,0.000045,False
2010-02-24,2.010151,2.010151,0.000000,-0.000000,-0.000000,-0.000000,2.010151,0.000000,0.000039,False
2010-02-25,2.010153,2.010153,0.000000,-0.000000,-0.000000,-0.000000,2.010153,0.000000,0.000038,False
2010-02-26,2.010156,2.010156,0.000000,-0.000000,-0.000000,-0.000000,2.010156,0.000000,0.000037,False
2010-02-27,2.010159,2.010159,0.000000,-0.000000,-0.000000,-0.000000,2.010159,0.000000,0.000036,False
2010-02-28,2.010162,2.010162,0.000000,-0.000000,-0.000000,-0.000000,2.010162,0.000000,0.000036,False
2010-03-01,2.010164,2.010164,0.000000,-0.000000,-0.000000,-0.000000,2.010164,0.000000,0.000035,False
2010-03-02,2.010167,2.010167,0.000000,-0.000000,-0.000000,-0.000000,2.010167,0.000000,0.000034,False
2010-03-03,2.010170,2.010170,0.000000,-0.000000,-0.000000,-0.000000,2.010170,0.000000,0.000034,False
2010-03-04,2.010173,2.010173,0.000000,-0.000000,-0.000000,-0.000000,2.010173,0.000000,0.000034,False
2010-03-05,2.010175,2.010175,0.000000,-0.000000,-0.000000,-0.000000,2.010175,0.000000,0.000033,False
2010-03-06,2.010178,2.010178,0.000000,-0.000000,-0.000000,-0.000000,2.010178,0.000000,0.000033,False
2010-03-07,2.010181,2.010181,0.000000,-0.000000,-0.000000,-0.000000,2.010181,0.000000,0.000033,False
2010-03-08,2.010184,2.010184,0.000000,-0.000000,-0.000000,-0.000000,2.010183,0.000000,0.000033,False
2010-03-09,2.010186,2.010186,0.000000,-0.000000,-0.000000,-0.000000,2.010186,0.000000,0.000033,False
2010-03-10,2.010189,2.010189,0.000000,-0.000000,-0.000000,-0.000000,2.010189,0.000000,0.000033,False
2010-03-11,2.010192,2.010192,0.000000,-0.000000,-0.000000,-0.000000,2.010192,0.000000,0.000033,False
2010-03-12,2.010195,2.010195,0.000000,-0.000000,-0.000000,-0.000000,2.010194,0.000000,0.000034,False
2010-03-13,2.010197,2.010197,0.000000,-0.000000,-0.000000,-0.000000,2.010197,0.000000,0.000034,False
2010-03-14,2.010200,2.010200,0.000000,-0.000000,-0.000000,-0.000000,2.010200,0.000000,0.000034,False
2010-03-15,2.010203,2.010203,0.000000,-0.000000,-0.000000,-0.000000,2.010203,0.000000,0.000035,False
2010-03-16,2.010205,2.010206,0.000000,-0.000000,-0.000000,-0.000000,2.010205,0.000000,0.000035,False
2010-03-17,2.010208,2.010208,0.000000,-0.000000,-0.000000,-0.000000,2.010208,0.000000,0.000036,False
2010-03-18,2.010211,2.010211,0.000000,-0.000000,-0.000000,-0.000000,2.010211,0.000000,0.000037,False
2010-03-19,2.010214,2.010214,0.000000,-0.000000,-0.000000,-0.000000,2.010214,0.000000,0.000038,False
2010-03-20,2.010216,2.010216,0.000000,-0.000000,-0.000000,-0.000000,2.010216,0.000000,0.000038,False
2010-03-21,2.010219,2.010219,0.000000,-0.000000,-0.000000,-0.000000,2.010219,0.000000,0.000039,False
2010-03-22,2.010222,2.010222,0.000000,-0.000000,-0.000000,-0.000000,2.010222,0.000000,0.000040,False
2010-03-23,2.010225,2.010225,0.000000,-0.000000,-0.000000,-0.000000,2.010225,0.000000,0.000041,False
2010-03-24,2.010227,2.010227,0.000000,-0.000000,-0.000000,-0.000000,2.010227,0.000000,0.000041,False
2010-03-25,2.010230,2.010230,0.000000,-0.000000,-0.000000,-0.000000,2.010230,0.000000,0.000042,False
2010-03-26,2.010233,2.010233,0.000000,-0.000000,-0.000000,-0.000000,2.010233,0.000000,0.000043,False
2010-03-27,2.010236,2.010236,0.000000,-0.000000,-0.000000,-0.000000,2.010236,0.000000,0.000044,False
2010-03-28,2.010238,2.010238,-0.000000,-0.000000,-0.000000,-0.000000,2.010238,0.000000,0.000045,False
2010-03-29,2.010241,2.010241,-0.000000,-0.000000,-0.000000,-0.000000,2.010241,0.000000,0.000045,False
2010-03-30,2.010244,2.010244,-0.000000,-0.000000,-0.000000,-0.000000,2.010244,0.000000,0.000046,False
2010-03-31,2.010247,2.010247,-0.000000,-0.000000,-0.000000,-0.000000,2.010246,0.000000,0.000046,False
2010-04-01,2.010249,2.010249,-0.000000,-0.000000,-0.000000,-0.000000,2.010249,0.000000,0.000047,False
2010-04-02,2.010252,2.010252,-0.000000,-0.000000,-0.000000,-0.000000,2.010252,0.000000,0.000042,False
2010-04-03,2.010255,2.010255,-0.000000,-0.000000,-0.000000,-0.000000,2.010255,0.000000,0.000043,False
2010-04-04,2.010258,2.010258,-0.000000,-0.000000,-0.000000,-0.000000,2.010257,0.000000,0.000043,False
2010-04-05,2.010260,2.010260,-0.000000,-0.000000,-0.000000,-0.000000,2.010260,0.000000,0.000043,False
2010-04-06,2.010263,2.010263,-0.000000,-0.000000,-0.000000,-0.000000,2.010263,0.000000,0.000043,False
2010-04-07,2.010266,2.010266,-0.000000,-0.000000,-0.000000,-0.000000,2.010266,0.000000,0.000043,False
2010-04-08,2.010268,2.010269,-0.000000,-0.000000,-0.000000,-0.000000,2.010268,0.000000,0.000043,False
2010-04-09,2.010271,2.010271,-0.000000,-0.000000,-0.000000,-0.000000,2.010271,0.000000,0.000043,False
2010-04-10,2.010274,2.010274,-0.000000,-0.000000,-0.000000,-0.000000,2.010274,0.000000,0.000043,False
2010-04-11,2.010277,2.010277,-0.000000,-0.000000,-0.000000,-0.000000,2.010277,0.000000,0.000042,False
2010-04-12,2.010279,2.010279,-0.000000,-0.000000,-0.000000,-0.000000,2.010279,0.000000,0.000041,False
2010-04-13,2.010282,2.010282,-0.000000,-0.000000,-0.000000,-0.000000,2.010282,0.000000,0.000041,False
2010-04-14,2.010285,2.010285,-0.000000,-0.000000,-0.000000,-0.000000,2.010285,0.000000,0.000040,False
2010-04-15,2.010288,2.010288,-0.000000,-0.000000,0.000000,-0.000000,2.010288,0.000000,0.000039,False
2010-04-16,2.010290,2.010290,-0.000000,-0.000000,0.000000,-0.000000,2.010290,0.000000,0.000037,False
2010-04-17,2.010293,2.010293,-0.000000,-0.000000,0.000000,-0.000000,2.010293,0.000000,0.000036,False
2010-04-18,2.010296,2.010296,-0.000000,-0.000000,0.000000,-0.000000,2.010296,0.000000,0.000034,False
2010-04-19,2.010299,2.010299,-0.000000,0.000000,0.000000,-0.000000,2.010299,0.000000,0.000033,False
2010-04-20,2.010301,2.010301,-0.000000,0.000000,0.000000,-0.000000,2.010301,0.000000,0.000031,False
2010-04-21,2.010304,2.010304,-0.000000,0.000000,0.000000,-0.000000,2.010304,0.000000,0.000029,False
2010-04-22,2.010307,2.010307,-0.000000,0.000000,0.000000,-0.000000,2.010307,0.000000,0.000027,False
2010-04-23,2.010310,2.010310,-0.000000,0.000000,0.000000,-0.000000,2.010310,0.000000,0.000025,False
2010-04-24,2.010312,2.010312,-0.000000,0.000000,0.000000,-0.000000,2.010312,0.000000,0.000022,False
2010-04-25,2.010315,2.010315,-0.000000,0.000000,0.000000,-0.000000,2.010315,0.000000,0.000020,False
2010-04-26,2.010318,2.010318,-0.000000,0.000000,0.000000,-0.000000,2.010318,0.000000,0.000017,False
2010-04-27,2.010321,2.010321,-0.000000,0.000000,0.000000,-0.000000,2.010321,0.000000,0.000015,False
2010-04-28,2.010323,2.010323,-0.000000,0.000000,0.000000,-0.000000,2.010323,0.000000,0.000012,False
2010-04-29,2.010326,2.010326,-0.000000,0.000000,0.000000,-0.000000,2.010326,0.000000,0.000009,False
2010-04-30,2.010329,2.010329,-0.000000,0.000000,0.000000,-0.000000,2.010329,0.000000,0.000006,False
2010-05-01,2.010332,2.010332,-0.000000,0.000000,0.000000,-0.000000,2.010332,0.000000,0.000003,False
2010-05-02,2.010334,2.010334,-0.000000,0.000000,0.000000,-0.000000,2.010334,-0.000000,-0.000001,False
2010-05-03,2.010337,2.010337,-0.000000,0.000000,0.000000,-0.000000,2.010337,-0.000000,-0.000004,False
2010-05-04,2.010340,2.010340,-0.000000,0.000000,0.000000,-0.000000,2.010340,-0.000000,-0.000007,False
2010-05-05,2.010342,2.010343,-0.000000,0.000000,0.000000,-0.000000,2.010342,-0.000000,-0.000011,False
2010-05-06,2.010345,2.010345,-0.000000,0.000000,0.000000,-0.000000,2.010345,-0.000000,-0.000014,False
2010-05-07,2.010348,2.010348,-0.000000,0.000000,0.000000,-0.000000,2.010348,-0.000000,-0.000018,False
2010-05-08,2.010351,2.010351,-0.000000,0.000000,0.000000,-0.000000,2.010351,-0.000000,-0.000026,False
2010-05-09,2.010353,2.010353,-0.000000,0.000000,0.000000,-0.000000,2.010353,-0.000000,-0.000030,False
2010-05-10,2.010356,2.010356,-0.000000,0.000000,0.000000,-0.000000,2.010356,-0.000000,-0.000033,False
2010-05-11,2.010359,2.010359,-0.000000,0.000000,0.000000,-0.000000,2.010359,-0.000000,-0.000037,False
2010-05-12,2.010362,2.010362,-0.000000,0.000000,0.000000,-0.000000,2.010362,-0.000000,-0.000040,False
2010-05-13,2.010364,2.010364,0.000000,0.000000,0.000000,-0.000000,2.010364,-0.000000,-0.000043,False
2010-05-14,2.010367,2.010367,0.000000,0.000000,0.000000,-0.000000,2.010367,-0.000000,-0.000047,False
2010-05-15,2.010370,2.010370,0.000000,0.000000,0.000000,-0.000000,2.010370,-0.000000,-0.000050,False
2010-05-16,2.010373,2.010373,0.000000,0.000000,0.000000,-0.000000,2.010373,-0.000000,-0.000053,False
2010-05-17,2.010375,2.010375,0.000000,0.000000,0.000000,-0.000000,2.010375,-0.000000,-0.000057,False
2010-05-18,2.010378,2.010378,0.000000,0.000000,0.000000,-0.000000,2.010378,-0.000000,-0.000060,False
2010-05-19,2.010381,2.010381,0.000000,0.000000,0.000000,-0.000000,2.010381,-0.000000,-0.000063,False
2010-05-20,2.010384,2.010384,0.000000,0.000000,0.000000,-0.000000,2.010384,-0.000000,-0.000066,False
2010-05-21,2.010386,2.010386,0.000000,0.000000,0.000000,-0.000000,2.010386,-0.000000,-0.000068,False
2010-05-22,2.010389,2.010389,0.000000,0.000000,0.000000,-0.000000,2.010389,-0.000000,-0.000071,False
2010-05-23,2.010392,2.010392,0.000000,0.000000,0.000000,-0.000000,2.010392,-0.000000,-0.000073,False
2010-05-24,2.010395,2.010395,0.000000,0.000000,0.000000,-0.000000,2.010395,-0.000000,-0.000076,False
2010-05-25,2.010397,2.010397,0.000000,0.000000,0.000000,-0.000000,2.010397,-0.000000,-0.000078,False
2010-05-26,2.010400,2.010400,0.000000,0.000000,0.000000,-0.000000,2.010400,-0.000000,-0.000080,False
2010-05-27,2.010403,2.010403,0.000000,0.000000,0.000000,-0.000000,2.010403,-0.000000,-0.000082,False
2010-05-28,2.010405,2.010406,0.000000,0.000000,0.000000,-0.000000,2.010406,-0.000000,-0.000083,False
2010-05-29,2.010408,2.010408,0.000000,0.000000,0.000000,-0.000000,2.010408,-0.000000,-0.000085,False
2010-05-30,2.010411,2.010411,0.000000,0.000000,0.000000,-0.000000,2.010411,-0.000000,-0.000086,False
2010-05-31,2.010414,2.010414,0.000000,0.000000,0.000000,-0.000000,2.010414,-0.000000,-0.000087,False
2010-06-01,2.010416,2.010416,0.000000,0.000000,0.000000,-0.000000,2.010417,-0.000000,-0.000088,False
2010-06-02,2.010419,2.010419,0.000000,0.000000,0.000000,-0.000000,2.010419,-0.000000,-0.000089,False
2010-06-03,2.010422,2.010422,0.000000,0.000000,0.000000,-0.000000,2.010422,-0.000000,-0.000089,False
2010-06-04,2.010425,2.010425,0.000000,0.000000,0.000000,-0.000000,2.010425,-0.000000,-0.000090,False
2010-06-05,2.010427,2.010427,0.000000,0.000000,0.000000,-0.000000,2.010428,-0.000000,-0.000090,False
2010-06-06,2.010430,2.010430,0.000000,0.000000,0.000000,-0.000000,2.010430,-0.000000,-0.000090,False
2010-06-07,2.010433,2.010433,0.000000,0.000000,0.000000,-0.000000,2.010433,-0.000000,-0.000089,False
2010-06-08,2.010436,2.010436,0.000000,0.000000,0.000000,-0.000000,2.010436,-0.000000,-0.000089,False
2010-06-09,2.010438,2.010438,0.000000,0.000000,0.000000,-0.000000,2.010439,-0.000000,-0.000088,False
2010-06-10,2.010441,2.010441,0.000000,0.000000,0.000000,-0.000000,2.010441,-0.000000,-0.000087,False
2010-06-11,2.010444,2.010444,0.000000,0.000000,0.000000,-0.000000,2.010444,-0.000000,-0.000086,False
2010-06-12,2.010447,2.010447,0.000000,0.000000,0.000000,-0.000000,2.010447,-0.000000,-0.000085,False
2010-06-13,2.010449,2.010449,0.000000,0.000000,0.000000,-0.000000,2.010449,-0.000000,-0.000084,False
2010-06-14,2.010452,2.010452,0.000000,0.000000,0.000000,-0.000000,2.010452,-0.000000,-0.000083,False
2010-06-15,2.010455,2.010455,0.000000,0.000000,0.000000,-0.000000,2.010455,-0.000000,-0.000082,False
2010-06-16,2.010458,2.010458,0.000000,0.000000,0.000000,-0.000000,2.010458,-0.000000,-0.000081,False
2010-06-17,2.010460,2.010460,0.000000,0.000000,0.000000,-0.000000,2.010460,-0.000000,-0.000079,False
2010-06-18,2.010463,2.010463,0.000000,0.000000,0.000000,-0.000000,2.010463,-0.000000,-0.000077,False
2010-06-19,2.010466,2.010466,0.000000,0.000000,0.000000,-0.000000,2.010466,-0.000000,-0.000076,False
2010-06-20,2.010471,2.010469,0.000000,0.000000,0.000000,-0.000000,2.010469,0.000003,0.001296,False
2010-06-21,2.010471,2.010471,0.000000,0.000000,0.000000,-0.000000,2.010471,-0.000000,-0.000072,False
2010-06-22,2.010474,2.010474,0.000000,0.000000,0.000000,-0.000000,2.010474,-0.000000,-0.000069,False
2010-06-23,2.010477,2.010477,0.000000,0.000000,0.000000,-0.000000,2.010477,-0.000000,-0.000066,False
2010-06-24,2.010479,2.010479,0.000000,0.000000,0.000000,-0.000000,2.010480,-0.000000,-0.000063,False
2010-06-25,2.010482,2.010482,0.000000,0.000000,0.000000,-0.000000,2.010482,-0.000000,-0.000060,False
2010-06-26,2.010485,2.010485,0.000000,0.000000,0.000000,-0.000000,2.010485,-0.000000,-0.000057,False
2010-06-27,2.010488,2.010488,-0.000000,0.000000,0.000000,-0.000000,2.010488,-0.000000,-0.000054,False
2010-06-28,2.010490,2.010490,-0.000000,0.000000,0.000000,-0.000000,2.010491,-0.000000,-0.000051,False
2010-06-29,2.010493,2.010493,-0.000000,0.000000,0.000000,-0.000000,2.010493,-0.000000,-0.000048,False
2010-06-30,2.010496,2.010496,-0.000000,0.000000,0.000000,-0.000000,2.010496,-0.000000,-0.000045,False
2010-07-01,2.010499,2.010499,-0.000000,0.000000,0.000000,-0.000000,2.010499,-0.000000,-0.000041,False
2010-07-02,2.010501,2.010501,-0.000000,0.000000,0.000000,-0.000000,2.010501,-0.000000,-0.000038,False
2010-07-03,2.010504,2.010504,-0.000000,0.000000,0.000000,-0.000000,2.010504,-0.000000,-0.000035,False
2010-07-04,2.010507,2.010507,-0.000000,0.000000,0.000000,-0.000000,2.010507,-0.000000,-0.000032,False
2010-07-05,2.010510,2.010510,-0.000000,0.000000,0.000000,-0.000000,2.010510,-0.000000,-0.000029,False
2010-07-06,2.010512,2.010512,-0.000000,0.000000,0.000000,-0.000000,2.010512,-0.000000,-0.000026,False
2010-07-07,2.010523,2.010515,-0.000000,0.000000,0.000000,-0.000000,2.010515,0.000008,0.004087,False
2010-07-08,2.010523,2.010518,-0.000000,0.000000,0.000000,-0.000000,2.010518,0.000005,0.002720,False
2010-07-09,2.010523,2.010521,-0.000000,0.000000,0.000000,-0.000000,2.010521,0.000003,0.001353,False
2010-07-10,2.010523,2.010523,-0.000000,0.000000,0.000000,-0.000000,2.010523,-0.000000,-0.000014,False
2010-07-11,2.010526,2.010526,-0.000000,0.000000,0.000000,-0.000000,2.010526,-0.000000,-0.000011,False
2010-07-12,2.010529,2.010529,-0.000000,0.000000,0.000000,-0.000000,2.010529,-0.000000,-0.000009,False
2010-07-13,2.010532,2.010532,-0.000000,0.000000,0.000000,-0.000000,2.010532,-0.000000,-0.000006,False
2010-07-14,2.010534,2.010534,-0.000000,0.000000,0.000000,-0.000000,2.010534,-0.000000,-0.000004,False
2010-07-15,2.010537,2.010537,-0.000000,0.000000,0.000000,-0.000000,2.010537,-0.000000,-0.000002,False
2010-07-16,2.010540,2.010540,-0.000000,0.000000,0.000000,-0.000000,2.010540,0.000000,0.000001,False
2010-07-17,2.010542,2.010543,-0.000000,0.000000,0.000000,-0.000000,2.010542,0.000000,0.000003,False
2010-07-18,2.010545,2.010545,-0.000000,0.000000,0.000000,-0.000000,2.010545,0.000000,0.000004,False
2010-07-19,2.010548,2.010548,-0.000000,0.000000,0.000000,-0.000000,2.010548,0.000000,0.000006,False
2010-07-20,2.010551,2.010551,-0.000000,-0.000000,0.000000,-0.000000,2.010551,0.000000,0.000003,False
2010-07-21,2.010553,2.010553,-0.000000,-0.000000,0.000000,-0.000000,2.010553,0.000000,0.000004,False
2010-07-22,2.010556,2.010556,-0.000000,-0.000000,0.000000,-0.000000,2.010556,0.000000,0.000006,False
2010-07-23,2.010559,2.010559,-0.000000,-0.000000,0.000000,-0.000000,2.010559,0.000000,0.000007,False
2010-07-24,2.010562,2.010562,-0.000000,-0.000000,0.000000,-0.000000,2.010562,0.000000,0.000008,False
2010-07-25,2.010564,2.010564,-0.000000,-0.000000,0.000000,-0.000000,2.010564,0.000000,0.000009,False
2010-07-26,2.010567,2.010567,-0.000000,-0.000000,0.000000,-0.000000,2.010567,0.000000,0.000010,False
2010-07-27,2.010570,2.010570,-0.000000,-0.000000,0.000000,-0.000000,2.010570,0.000000,0.000010,False
2010-07-28,2.010573,2.010573,-0.000000,-0.000000,0.000000,-0.000000,2.010573,0.000000,0.000011,False
2010-07-29,2.010575,2.010575,-0.000000,-0.000000,0.000000,-0.000000,2.010575,0.000000,0.000011,False
2010-07-30,2.010578,2.010578,-0.000000,-0.000000,0.000000,-0.000000,2.010578,0.000000,0.000011,False
2010-07-31,2.010581,2.010581,-0.000000,-0.000000,0.000000,-0.000000,2.010581,0.000000,0.000012,False
2010-08-01,2.010584,2.010584,-0.000000,-0.000000,0.000000,-0.000000,2.010584,0.000000,0.000012,False
2010-08-02,2.010586,2.010586,-0.000000,-0.000000,0.000000,-0.000000,2.010586,0.000000,0.000012,False
2010-08-03,2.010589,2.010589,-0.000000,-0.000000,0.000000,-0.000000,2.010589,0.000000,0.000011,False
2010-08-04,2.010592,2.010592,-0.000000,-0.000000,0.000000,-0.000000,2.010592,0.000000,0.000011,False
2010-08-05,2.010595,2.010595,-0.000000,-0.000000,0.000000,-0.000000,2.010594,0.000000,0.000011,False
2010-08-06,2.010597,2.010597,-0.000000,-0.000000,0.000000,-0.000000,2.010597,0.000000,0.000010,False
2010-08-07,2.010600,2.010600,-0.000000,-0.000000,0.000000,-0.000000,2.010600,0.000000,0.000010,False
2010-08-08,2.010603,2.010603,-0.000000,-0.000000,0.000000,-0.000000,2.010603,0.000000,0.000009,False
2010-08-09,2.010605,2.010606,-0.000000,-0.000000,0.000000,-0.000000,2.010605,0.000000,0.000008,False
2010-08-10,2.010608,2.010608,-0.000000,-0.000000,0.000000,-0.000000,2.010608,0.000000,0.000008,False
2010-08-11,2.010611,2.010611,-0.000000,-0.000000,0.000000,-0.000000,2.010611,0.000000,0.000007,False
2010-08-12,2.010614,2.010614,0.000000,-0.000000,0.000000,-0.000000,2.010614,0.000000,0.000006,False
2010-08-13,2.010616,2.010616,0.000000,-0.000000,0.000000,-0.000000,2.010616,0.000000,0.000005,False
2010-08-14,2.010619,2.010619,0.000000,-0.000000,0.000000,-0.000000,2.010619,0.000000,0.000004,False
2010-08-15,2.010622,2.010622,0.000000,-0.000000,0.000000,-0.000000,2.010622,0.000000,0.000004,False
2010-08-16,2.010625,2.010625,0.000000,-0.000000,0.000000,-0.000000,2.010625,0.000000,0.000003,False
2010-08-17,2.010627,2.010627,0.000000,-0.000000,0.000000,-0.000000,2.010627,0.000000,0.000002,False
2010-08-18,2.010630,2.010630,0.000000,-0.000000,0.000000,-0.000000,2.010630,0.000000,0.000001,False
2010-08-19,2.010633,2.010633,0.000000,-0.000000,0.000000,-0.000000,2.010633,0.000000,0.000000,False
2010-08-20,2.010636,2.010636,0.000000,-0.000000,0.000000,-0.000000,2.010636,-0.000000,-0.000000,False
2010-08-21,2.010638,2.010638,0.000000,-0.000000,0.000000,-0.000000,2.010638,-0.000000,-0.000001,False
2010-08-22,2.010641,2.010641,0.000000,-0.000000,0.000000,-0.000000,2.010641,-0.000000,-0.000002,False
2010-08-23,2.010644,2.010644,0.000000,-0.000000,0.000000,-0.000000,2.010644,-0.000000,-0.000002,False
2010-08-24,2.010647,2.010647,0.000000,-0.000000,0.000000,-0.000000,2.010647,-0.000000,-0.000003,False
2010-08-25,2.010649,2.010649,0.000000,-0.000000,0.000000,-0.000000,2.010649,-0.000000,-0.000003,False
2010-08-26,2.010652,2.010652,0.000000,-0.000000,0.000000,-0.000000,2.010652,-0.000000,-0.000009,False
2010-08-27,2.010655,2.010655,0.000000,-0.000000,0.000000,-0.000000,2.010655,-0.000000,-0.000009,False
2010-08-28,2.010658,2.010658,0.000000,-0.000000,0.000000,-0.000000,2.010658,-0.000000,-0.000009,False
2010-08-29,2.010660,2.010660,0.000000,-0.000000,0.000000,-0.000000,2.010660,-0.000000,-0.000009,False
2010-08-30,2.010663,2.010663,0.000000,-0.000000,0.000000,-0.000000,2.010663,-0.000000,-0.000010,False
2010-08-31,2.010666,2.010666,0.000000,-0.000000,0.000000,-0.000000,2.010666,-0.000000,-0.000009,False
2010-09-01,2.010668,2.010669,0.000000,-0.000000,0.000000,-0.000000,2.010669,-0.000000,-0.000009,False
2010-09-02,2.010671,2.010671,0.000000,-0.000000,0.000000,-0.000000,2.010671,-0.000000,-0.000009,False
2010-09-03,2.010674,2.010674,0.000000,-0.000000,0.000000,-0.000000,2.010674,-0.000000,-0.000009,False
2010-09-04,2.010677,2.010677,0.000000,-0.000000,0.000000,-0.000000,2.010677,-0.000000,-0.000008,False
2010-09-05,2.010679,2.010679,0.000000,-0.000000,0.000000,-0.000000,2.010679,-0.000000,-0.000008,False
2010-09-06,2.010682,2.010682,0.000000,-0.000000,0.000000,-0.000000,2.010682,-0.000000,-0.000007,False
2010-09-07,2.010685,2.010685,0.000000,-0.000000,0.000000,-0.000000,2.010685,-0.000000,-0.000006,False
2010-09-08,2.010688,2.010688,0.000000,-0.000000,0.000000,-0.000000,2.010688,-0.000000,-0.000006,False
2010-09-09,2.010690,2.010690,0.000000,-0.000000,0.000000,-0.000000,2.010690,-0.000000,-0.000005,False
2010-09-10,2.010693,2.010693,0.000000,-0.000000,0.000000,-0.000000,2.010693,-0.000000,-0.000004,False
2010-09-11,2.010696,2.010696,0.000000,-0.000000,0.000000,-0.000000,2.010696,-0.000000,-0.000002,False
2010-09-12,2.010699,2.010699,0.000000,-0.000000,0.000000,-0.000000,2.010699,-0.000000,-0.000001,False
2010-09-13,2.010701,2.010701,0.000000,-0.000000,0.000000,-0.000000,2.010701,0.000000,0.000000,False
2010-09-14,2.010704,2.010704,0.000000,-0.000000,0.000000,-0.000000,2.010704,0.000000,0.000001,False
2010-09-15,2.010707,2.010707,0.000000,-0.000000,0.000000,-0.000000,2.010707,0.000000,0.000003,False
2010-09-16,2.010710,2.010710,0.000000,-0.000000,0.000000,-0.000000,2.010710,0.000000,0.000004,False
2010-09-17,2.010712,2.010712,0.000000,-0.000000,0.000000,-0.000000,2.010712,0.000000,0.000006,False
2010-09-18,2.010715,2.010715,0.000000,-0.000000,0.000000,-0.000000,2.010715,0.000000,0.000007,False
2010-09-19,2.010718,2.010718,0.000000,-0.000000,0.000000,-0.000000,2.010718,0.000000,0.000009,False
2010-09-20,2.010721,2.010721,0.000000,-0.000000,0.000000,-0.000000,2.010721,0.000000,0.000011,False
2010-09-21,2.010723,2.010723,0.000000,-0.000000,0.000000,-0.000000,2.010723,0.000000,0.000012,False
2010-09-22,2.010726,2.010726,0.000000,-0.000000,0.000000,-0.000000,2.010726,0.000000,0.000014,False
2010-09-23,2.010729,2.010729,0.000000,-0.000000,0.000000,-0.000000,2.010729,0.000000,0.000016,False
2010-09-24,2.010732,2.010732,0.000000,-0.000000,0.000000,-0.000000,2.010731,0.000000,0.000017,False
2010-09-25,2.010734,2.010734,0.000000,-0.000000,0.000000,-0.000000,2.010734,0.000000,0.000019,False
2010-09-26,2.010737,2.010737,0.000000,-0.000000,0.000000,-0.000000,2.010737,0.000000,0.000021,False
2010-09-27,2.010740,2.010740,-0.000000,-0.000000,0.000000,-0.000000,2.010740,0.000000,0.000022,False
2010-09-28,2.010742,2.010743,-0.000000,-0.000000,0.000000,-0.000000,2.010742,0.000000,0.000024,False
2010-09-29,2.010745,2.010745,-0.000000,-0.000000,0.000000,-0.000000,2.010745,0.000000,0.000025,False
2010-09-30,2.010748,2.010748,-0.000000,-0.000000,0.000000,-0.000000,2.010748,0.000000,0.000027,False
2010-10-01,2.010751,2.010751,-0.000000,-0.000000,0.000000,-0.000000,2.010751,0.000000,0.000023,False
2010-10-02,2.010753,2.010753,-0.000000,-0.000000,0.000000,-0.000000,2.010753,0.000000,0.000025,False
2010-10-03,2.010756,2.010756,-0.000000,-0.000000,0.000000,-0.000000,2.010756,0.000000,0.000026,False
2010-10-04,2.010759,2.010759,-0.000000,-0.000000,0.000000,-0.000000,2.010759,0.000000,0.000027,False
2010-10-05,2.010762,2.010762,-0.000000,-0.000000,0.000000,-0.000000,2.010762,0.000000,0.000028,False
2010-10-06,2.010764,2.010764,-0.000000,-0.000000,0.000000,-0.000000,2.010764,0.000000,0.000029,False
2010-10-07,2.010767,2.010767,-0.000000,-0.000000,0.000000,-0.000000,2.010767,0.000000,0.000030,False
2010-10-08,2.010770,2.010770,-0.000000,-0.000000,0.000000,-0.000000,2.010770,0.000000,0.000031,False
2010-10-09,2.010773,2.010773,-0.000000,-0.000000,0.000000,-0.000000,2.010773,0.000000,0.000031,False
2010-10-10,2.010775,2.010775,-0.000000,-0.000000,0.000000,-0.000000,2.010775,0.000000,0.000032,False
2010-10-11,2.010778,2.010778,-0.000000,-0.000000,0.000000,-0.000000,2.010778,0.000000,0.000032,False
2010-10-12,2.010781,2.010781,-0.000000,-0.000000,0.000000,-0.000000,2.010781,0.000000,0.000032,False
2010-10-13,2.010784,2.010784,-0.000000,-0.000000,0.000000,-0.000000,2.010783,0.000000,0.000032,False
2010-10-14,2.010786,2.010786,-0.000000,-0.000000,-0.000000,-0.000000,2.010786,0.000000,0.000032,False
2010-10-15,2.010789,2.010789,-0.000000,-0.000000,-0.000000,-0.000000,2.010789,0.000000,0.000032,False
2010-10-16,2.010792,2.010792,-0.000000,-0.000000,-0.000000,-0.000000,2.010792,0.000000,0.000032,False
2010-10-17,2.010795,2.010795,-0.000000,-0.000000,-0.000000,-0.000000,2.010794,0.000000,0.000031,False
2010-10-18,2.010797,2.010797,-0.000000,-0.000000,-0.000000,-0.000000,2.010797,0.000000,0.000031,False
2010-10-19,2.010800,2.010800,-0.000000,0.000000,-0.000000,-0.000000,2.010800,0.000000,0.000030,False
2010-10-20,2.010803,2.010803,-0.000000,0.000000,-0.000000,-0.000000,2.010803,0.000000,0.000029,False
2010-10-21,2.010805,2.010806,-0.000000,0.000000,-0.000000,-0.000000,2.010805,0.000000,0.000028,False
2010-10-22,2.010808,2.010808,-0.000000,0.000000,-0.000000,-0.000000,2.010808,0.000000,0.000027,False
2010-10-23,2.010811,2.010811,-0.000000,0.000000,-0.000000,-0.000000,2.010811,0.000000,0.000025,False
2010-10-24,2.010814,2.010814,-0.000000,0.000000,-0.000000,-0.000000,2.010814,0.000000,0.000024,False
2010-10-25,2.010816,2.010816,-0.000000,0.000000,-0.000000,-0.000000,2.010816,0.000000,0.000022,False
2010-10-26,2.010819,2.010819,-0.000000,0.000000,-0.000000,-0.000000,2.010819,0.000000,0.000020,False
2010-10-27,2.010822,2.010822,-0.000000,0.000000,-0.000000,-0.000000,2.010822,0.000000,0.000019,False
2010-10-28,2.010825,2.010825,-0.000000,0.000000,-0.000000,-0.000000,2.010825,0.000000,0.000017,False
2010-10-29,2.010827,2.010827,-0.000000,0.000000,-0.000000,-0.000000,2.010827,0.000000,0.000015,False
2010-10-30,2.010830,2.010830,-0.000000,0.000000,-0.000000,-0.000000,2.010830,0.000000,0.000012,False
2010-10-31,2.010833,2.010833,-0.000000,0.000000,-0.000000,-0.000000,2.010833,0.000000,0.000010,False
2010-11-01,2.010836,2.010836,-0.000000,0.000000,-0.000000,-0.000000,2.010836,0.000000,0.000008,False
2010-11-02,2.010838,2.010838,-0.000000,0.000000,-0.000000,-0.000000,2.010838,0.000000,0.000005,False
2010-11-03,2.010841,2.010841,-0.000000,0.000000,-0.000000,-0.000000,2.010841,0.000000,0.000003,False
2010-11-04,2.010844,2.010844,-0.000000,0.000000,-0.000000,-0.000000,2.010844,0.000000,0.000000,False
2010-11-05,2.010847,2.010847,-0.000000,0.000000,-0.000000,-0.000000,2.010847,-0.000000,-0.000002,False
2010-11-06,2.010849,2.010849,-0.000000,0.000000,-0.000000,-0.000000,2.010849,-0.000000,-0.000005,False
2010-11-07,2.010852,2.010852,-0.000000,0.000000,-0.000000,-0.000000,2.010852,-0.000000,-0.000012,False
2010-11-08,2.010855,2.010855,-0.000000,0.000000,-0.000000,-0.000000,2.010855,-0.000000,-0.000015,False
2010-11-09,2.010858,2.010858,-0.000000,0.000000,-0.000000,-0.000000,2.010858,-0.000000,-0.000018,False
2010-11-10,2.010860,2.010860,-0.000000,0.000000,-0.000000,-0.000000,2.010860,-0.000000,-0.000020,False
2010-11-11,2.010863,2.010863,0.000000,0.000000,-0.000000,-0.000000,2.010863,-0.000000,-0.000023,False
2010-11-12,2.010866,2.010866,0.000000,0.000000,-0.000000,-0.000000,2.010866,-0.000000,-0.000026,False
2010-11-13,2.010868,2.010869,0.000000,0.000000,-0.000000,-0.000000,2.010869,-0.000000,-0.000028,False
2010-11-14,2.010871,2.010871,0.000000,0.000000,-0.000000,-0.000000,2.010871,-0.000000,-0.000031,False
2010-11-15,2.010874,2.010874,0.000000,0.000000,-0.000000,-0.000000,2.010874,-0.000000,-0.000033,False
2010-11-16,2.010877,2.010877,0.000000,0.000000,-0.000000,-0.000000,2.010877,-0.000000,-0.000035,False
2010-11-17,2.010879,2.010879,0.000000,0.000000,-0.000000,-0.000000,2.010880,-0.000000,-0.000038,False
2010-11-18,2.010882,2.010882,0.000000,0.000000,-0.000000,-0.000000,2.010882,-0.000000,-0.000040,False
2010-11-19,2.010885,2.010885,0.000000,0.000000,-0.000000,-0.000000,2.010885,-0.000000,-0.000042,False
2010-11-20,2.010888,2.010888,0.000000,0.000000,-0.000000,-0.000000,2.010888,-0.000000,-0.000044,False
2010-11-21,2.010890,2.010890,0.000000,0.000000,-0.000000,-0.000000,2.010891,-0.000000,-0.000045,False
2010-11-22,2.010893,2.010893,0.000000,0.000000,-0.000000,-0.000000,2.010893,-0.000000,-0.000047,False
2010-11-23,2.010896,2.010896,0.000000,0.000000,-0.000000,-0.000000,2.010896,-0.000000,-0.000049,False
2010-11-24,2.010899,2.010899,0.000000,0.000000,-0.000000,-0.000000,2.010899,-0.000000,-0.000050,False
2010-11-25,2.010901,2.010901,0.000000,0.000000,-0.000000,-0.000000,2.010901,-0.000000,-0.000051,False
2010-11-26,2.010904,2.010904,0.000000,0.000000,-0.000000,-0.000000,2.010904,-0.000000,-0.000052,False
2010-11-27,2.010907,2.010907,0.000000,0.000000,-0.000000,-0.000000,2.010907,-0.000000,-0.000053,False
2010-11-28,2.010910,2.010910,0.000000,0.000000,-0.000000,-0.000000,2.010910,-0.000000,-0.000054,False
2010-11-29,2.010912,2.010912,0.000000,0.000000,-0.000000,-0.000000,2.010912,-0.000000,-0.000055,False
2010-11-30,2.010915,2.010915,0.000000,0.000000,-0.000000,-0.000000,2.010915,-0.000000,-0.000055,False
2010-12-01,2.010918,2.010918,0.000000,0.000000,-0.000000,-0.000000,2.010918,-0.000000,-0.000055,False
2010-12-02,2.010921,2.010921,0.000000,0.000000,-0.000000,-0.000000,2.010921,-0.000000,-0.000055,False
2010-12-03,2.010923,2.010923,0.000000,0.000000,-0.000000,-0.000000,2.010923,-0.000000,-0.000055,False
2010-12-04,2.010926,2.010926,0.000000,0.000000,-0.000000,-0.000000,2.010926,-0.000000,-0.000055,False
2010-12-05,2.010929,2.010929,0.000000,0.000000,-0.000000,-0.000000,2.010929,-0.000000,-0.000054,False
2010-12-06,2.010932,2.010932,0.000000,0.000000,-0.000000,-0.000000,2.010932,-0.000000,-0.000053,False
2010-12-07,2.010934,2.010934,0.000000,0.000000,-0.000000,-0.000000,2.010934,-0.000000,-0.000052,False
2010-12-08,2.010937,2.010937,0.000000,0.000000,-0.000000,-0.000000,2.010937,-0.000000,-0.000051,False
2010-12-09,2.010940,2.010940,0.000000,0.000000,-0.000000,-0.000000,2.010940,-0.000000,-0.000050,False
2010-12-10,2.010942,2.010943,0.000000,0.000000,-0.000000,-0.000000,2.010943,-0.000000,-0.000048,False
2010-12-11,2.010945,2.010945,0.000000,0.000000,-0.000000,-0.000000,2.010945,-0.000000,-0.000047,False
2010-12-12,2.010948,2.010948,0.000000,0.000000,-0.000000,-0.000000,2.010948,-0.000000,-0.000045,False
2010-12-13,2.010951,2.010951,0.000000,0.000000,-0.000000,-0.000000,2.010951,-0.000000,-0.000048,False
2010-12-14,2.010953,2.010953,0.000000,0.000000,-0.000000,-0.000000,2.010954,-0.000000,-0.000046,False
2010-12-15,2.010956,2.010956,0.000000,0.000000,-0.000000,-0.000000,2.010956,-0.000000,-0.000043,False
2010-12-16,2.010959,2.010959,0.000000,0.000000,-0.000000,-0.000000,2.010959,-0.000000,-0.000041,False
2010-12-17,2.010962,2.010962,0.000000,0.000000,-0.000000,-0.000000,2.010962,-0.000000,-0.000039,False
2010-12-18,2.010964,2.010964,0.000000,0.000000,-0.000000,-0.000000,2.010964,-0.000000,-0.000036,False
2010-12-19,2.010967,2.010967,0.000000,0.000000,-0.000000,-0.000000,2.010967,-0.000000,-0.000033,False
2010-12-20,2.010970,2.010970,0.000000,0.000000,-0.000000,-0.000000,2.010970,-0.000000,-0.000030,False
2010-12-21,2.010973,2.010973,0.000000,0.000000,-0.000000,-0.000000,2.010973,-0.000000,-0.000027,False
2010-12-22,2.010975,2.010975,0.000000,0.000000,-0.000000,-0.000000,2.010975,-0.000000,-0.000024,False
2010-12-23,2.010978,2.010978,0.000000,0.000000,-0.000000,-0.000000,2.010978,-0.000000,-0.000021,False
2010-12-24,2.010981,2.010981,0.000000,0.000000,-0.000000,-0.000000,2.010981,-0.000000,-0.000018,False
2010-12-25,2.010984,2.010984,0.000000,0.000000,-0.000000,-0.000000,2.010984,-0.000000,-0.000014,False
2010-12-26,2.010986,2.010986,0.000000,0.000000,-0.000000,-0.000000,2.010986,-0.000000,-0.000011,False
2010-12-27,2.010989,2.010989,-0.000000,0.000000,-0.000000,-0.000000,2.010989,-0.000000,-0.000008,False
2010-12-28,2.010992,2.010992,-0.000000,0.000000,-0.000000,-0.000000,2.010992,-0.000000,-0.000004,False
2010-12-29,2.010995,2.010995,-0.000000,0.000000,-0.000000,-0.000000,2.010995,-0.000000,-0.000001,False
2010-12-30,2.010997,2.010997,-0.000000,0.000000,-0.000000,-0.000000,2.010997,0.000000,0.000002,False
2010-12-31,2.011000,2.011000,-0.000000,0.000000,-0.000000,-0.000000,2.011000,0.000000,0.000006,False
2011-01-01,2.011003,2.011003,-0.000000,0.000000,-0.000000,-0.000000,2.011003,0.000000,0.000009,False
2011-01-02,2.011005,2.011006,-0.000000,0.000000,-0.000000,-0.000000,2.011005,0.000000,0.000012,False
2011-01-03,2.011008,2.011008,-0.000000,0.000000,-0.000000,-0.000000,2.011008,0.000000,0.000016,False
2011-01-04,2.011011,2.011011,-0.000000,0.000000,-0.000000,-0.000000,2.011011,0.000000,0.000019,False
2011-01-05,2.011014,2.011014,-0.000000,0.000000,-0.000000,-0.000000,2.011014,0.000000,0.000022,False
2011-01-06,2.011016,2.011016,-0.000000,0.000000,-0.000000,-0.000000,2.011016,0.000000,0.000025,False
2011-01-07,2.011019,2.011019,-0.000000,0.000000,-0.000000,-0.000000,2.011019,0.000000,0.000028,False
2011-01-08,2.011022,2.011022,-0.000000,0.000000,-0.000000,-0.000000,2.011022,0.000000,0.000031,False
2011-01-09,2.011025,2.011025,-0.000000,0.000000,-0.000000,-0.000000,2.011025,0.000000,0.000034,False
2011-01-10,2.011027,2.011027,-0.000000,0.000000,-0.000000,-0.000000,2.011027,0.000000,0.000036,False
2011-01-11,2.011030,2.011030,-0.000000,0.000000,-0.000000,-0.000000,2.011030,0.000000,0.000039,False
2011-01-12,2.011033,2.011033,-0.000000,0.000000,-0.000000,-0.000000,2.011033,0.000000,0.000041,False
2011-01-13,2.011036,2.011036,-0.000000,0.000000,-0.000000,-0.000000,2.011036,0.000000,0.000043,False
2011-01-14,2.011038,2.011038,-0.000000,0.000000,-0.000000,-0.000000,2.011038,0.000000,0.000046,False
2011-01-15,2.011041,2.011041,-0.000000,0.000000,-0.000000,-0.000000,2.011041,0.000000,0.000048,False
2011-01-16,2.011044,2.011044,-0.000000,0.000000,-0.000000,-0.000000,2.011044,0.000000,0.000049,False
2011-01-17,2.011047,2.011047,-0.000000,0.000000,-0.000000,-0.000000,2.011046,0.000000,0.000051,False
2011-01-18,2.011049,2.011049,-0.000000,-0.000000,-0.000000,-0.000000,2.011049,0.000000,0.000053,False
2011-01-19,2.011052,2.011052,-0.000000,-0.000000,-0.000000,-0.000000,2.011052,0.000000,0.000049,False
2011-01-20,2.011055,2.011055,-0.000000,-0.000000,-0.000000,-0.000000,2.011055,0.000000,0.000050,False
2011-01-21,2.011058,2.011058,-0.000000,-0.000000,-0.000000,-0.000000,2.011057,0.000000,0.000051,False
2011-01-22,2.011060,2.011060,-0.000000,-0.000000,-0.000000,-0.000000,2.011060,0.000000,0.000052,False
2011-01-23,2.011063,2.011063,-0.000000,-0.000000,-0.000000,-0.000000,2.011063,0.000000,0.000053,False
2011-01-24,2.011066,2.011066,-0.000000,-0.000000,-0.000000,-0.000000,2.011066,0.000000,0.000054,False
2011-01-25,2.011068,2.011069,-0.000000,-0.000000,-0.000000,-0.000000,2.011068,0.000000,0.000054,False
2011-01-26,2.011071,2.011071,-0.000000,-0.000000,-0.000000,-0.000000,2.011071,0.000000,0.000054,False
2011-01-27,2.011074,2.011074,-0.000000,-0.000000,-0.000000,-0.000000,2.011074,0.000000,0.000054,False
2011-01-28,2.011077,2.011077,-0.000000,-0.000000,-0.000000,-0.000000,2.011077,0.000000,0.000054,False
2011-01-29,2.011079,2.011079,-0.000000,-0.000000,-0.000000,-0.000000,2.011079,0.000000,0.000054,False
2011-01-30,2.011082,2.011082,-0.000000,-0.000000,-0.000000,-0.000000,2.011082,0.000000,0.000054,False
2011-01-31,2.011085,2.011085,-0.000000,-0.000000,-0.000000,-0.000000,2.011085,0.000000,0.000054,False
2011-02-01,2.011088,2.011088,-0.000000,-0.000000,-0.000000,-0.000000,2.011088,0.000000,0.000053,False
2011-02-02,2.011090,2.011090,-0.000000,-0.000000,-0.000000,-0.000000,2.011090,0.000000,0.000052,False
2011-02-03,2.011093,2.011093,-0.000000,-0.000000,-0.000000,-0.000000,2.011093,0.000000,0.000052,False
2011-02-04,2.011096,2.011096,-0.000000,-0.000000,-0.000000,-0.000000,2.011096,0.000000,0.000051,False
2011-02-05,2.011099,2.011099,-0.000000,-0.000000,-0.000000,-0.000000,2.011099,0.000000,0.000050,False
2011-02-06,2.011101,2.011101,-0.000000,-0.000000,-0.000000,-0.000000,2.011101,0.000000,0.000049,False
2011-02-07,2.011104,2.011104,-0.000000,-0.000000,-0.000000,-0.000000,2.011104,0.000000,0.000048,False
2011-02-08,2.011107,2.011107,-0.000000,-0.000000,-0.000000,-0.000000,2.011107,0.000000,0.000047,False
2011-02-09,2.011110,2.011110,-0.000000,-0.000000,-0.000000,-0.000000,2.011109,0.000000,0.000045,False
2011-02-10,2.011112,2.011112,-0.000000,-0.000000,-0.000000,-0.000000,2.011112,0.000000,0.000044,False
2011-02-11,2.011115,2.011115,0.000000,-0.000000,-0.000000,-0.000000,2.011115,0.000000,0.000043,False
2011-02-12,2.011118,2.011118,0.000000,-0.000000,-0.000000,-0.000000,2.011118,0.000000,0.000041,False
2011-02-13,2.011121,2.011121,0.000000,-0.000000,-0.000000,-0.000000,2.011120,0.000000,0.000040,False
2011-02-14,2.011123,2.011123,0.000000,-0.000000,-0.000000,-0.000000,2.011123,0.000000,0.000038,False
2011-02-15,2.011126,2.011126,0.000000,-0.000000,-0.000000,-0.000000,2.011126,0.000000,0.000037,False
2011-02-16,2.011129,2.011129,0.000000,-0.000000,-0.000000,-0.000000,2.011129,0.000000,0.000036,False
2011-02-17,2.011132,2.011132,0.000000,-0.000000,-0.000000,-0.000000,2.011131,0.000000,0.000034,False
2011-02-18,2.011134,2.011134,0.000000,-0.000000,-0.000000,-0.000000,2.011134,0.000000,0.000033,False
2011-02-19,2.011137,2.011137,0.000000,-0.000000,-0.000000,-0.000000,2.011137,0.000000,0.000031,False
2011-02-20,2.011140,2.011140,0.000000,-0.000000,-0.000000,-0.000000,2.011140,0.000000,0.000030,False
2011-02-21,2.011142,2.011143,0.000000,-0.000000,-0.000000,-0.000000,2.011142,0.000000,0.000029,False
2011-02-22,2.011145,2.011145,0.000000,-0.000000,-0.000000,-0.000000,2.011145,0.000000,0.000027,False
2011-02-23,2.011148,2.011148,0.000000,-0.000000,-0.000000,-0.000000,2.011148,0.000000,0.000026,False
2011-02-24,2.011151,2.011151,0.000000,-0.000000,-0.000000,-0.000000,2.011151,0.000000,0.000020,False
2011-02-25,2.011153,2.011153,0.000000,-0.000000,-0.000000,-0.000000,2.011153,0.000000,0.000019,False
2011-02-26,2.011156,2.011156,0.000000,-0.000000,-0.000000,-0.000000,2.011156,0.000000,0.000018,False
2011-02-27,2.011159,2.011159,0.000000,-0.000000,-0.000000,-0.000000,2.011159,0.000000,0.000017,False
2011-02-28,2.011162,2.011162,0.000000,-0.000000,-0.000000,-0.000000,2.011162,0.000000,0.000016,False
2011-03-01,2.011164,2.011164,0.000000,-0.000000,-0.000000,-0.000000,2.011164,0.000000,0.000015,False
2011-03-02,2.011167,2.011167,0.000000,-0.000000,-0.000000,-0.000000,2.011167,0.000000,0.000014,False
2011-03-03,2.011170,2.011170,0.000000,-0.000000,-0.000000,-0.000000,2.011170,0.000000,0.000014,False
2011-03-04,2.011173,2.011173,0.000000,-0.000000,-0.000000,-0.000000,2.011173,0.000000,0.000013,False
2011-03-05,2.011175,2.011175,0.000000,-0.000000,-0.000000,-0.000000,2.011175,0.000000,0.000013,False
2011-03-06,2.011178,2.011178,0.000000,-0.000000,-0.000000,-0.000000,2.011178,0.000000,0.000012,False
2011-03-07,2.011181,2.011181,0.000000,-0.000000,-0.000000,-0.000000,2.011181,0.000000,0.000012,False
2011-03-08,2.011184,2.011184,0.000000,-0.000000,-0.000000,-0.000000,2.011184,0.000000,0.000012,False
2011-03-09,2.011186,2.011186,0.000000,-0.000000,-0.000000,-0.000000,2.011186,0.000000,0.000012,False
2011-03-10,2.011189,2.011189,0.000000,-0.000000,-0.000000,-0.000000,2.011189,0.000000,0.000012,False
2011-03-11,2.011192,2.011192,0.000000,-0.000000,-0.000000,-0.000000,2.011192,0.000000,0.000012,False
2011-03-12,2.011195,2.011195,0.000000,-0.000000,-0.000000,-0.000000,2.011194,0.000000,0.000012,False
2011-03-13,2.011197,2.011197,0.000000,-0.000000,-0.000000,-0.000000,2.011197,0.000000,0.000012,False
2011-03-14,2.011200,2.011200,0.000000,-0.000000,-0.000000,-0.000000,2.011200,0.000000,0.000013,False
2011-03-15,2.011203,2.011203,0.000000,-0.000000,-0.000000,-0.000000,2.011203,0.000000,0.000013,False
2011-03-16,2.011205,2.011206,0.000000,-0.000000,-0.000000,-0.000000,2.011205,0.000000,0.000013,False
2011-03-17,2.011208,2.011208,0.000000,-0.000000,-0.000000,-0.000000,2.011208,0.000000,0.000014,False
2011-03-18,2.011211,2.011211,0.000000,-0.000000,-0.000000,-0.000000,2.011211,0.000000,0.000014,False
2011-03-19,2.011214,2.011214,0.000000,-0.000000,-0.000000,-0.000000,2.011214,0.000000,0.000015,False
2011-03-20,2.011216,2.011216,0.000000,-0.000000,-0.000000,-0.000000,2.011216,0.000000,0.000016,False
2011-03-21,2.011219,2.011219,0.000000,-0.000000,-0.000000,-0.000000,2.011219,0.000000,0.000016,False
2011-03-22,2.011222,2.011222,0.000000,-0.000000,-0.000000,-0.000000,2.011222,0.000000,0.000017,False
2011-03-23,2.011225,2.011225,0.000000,-0.000000,-0.000000,-0.000000,2.011225,0.000000,0.000018,False
2011-03-24,2.011227,2.011227,0.000000,-0.000000,-0.000000,-0.000000,2.011227,0.000000,0.000018,False
2011-03-25,2.011230,2.011230,0.000000,-0.000000,-0.000000,-0.000000,2.011230,0.000000,0.000019,False
2011-03-26,2.011233,2.011233,0.000000,-0.000000,-0.000000,-0.000000,2.011233,0.000000,0.000019,False
2011-03-27,2.011236,2.011236,0.000000,-0.000000,-0.000000,-0.000000,2.011236,0.000000,0.000020,False
2011-03-28,2.011238,2.011238,-0.000000,-0.000000,-0.000000,-0.000000,2.011238,0.000000,0.000021,False
2011-03-29,2.011241,2.011241,-0.000000,-0.000000,-0.000000,-0.000000,2.011241,0.000000,0.000021,False
2011-03-30,2.011244,2.011244,-0.000000,-0.000000,-0.000000,-0.000000,2.011244,0.000000,0.000022,False
2011-03-31,2.011247,2.011247,-0.000000,-0.000000,-0.000000,-0.000000,2.011247,0.000000,0.000022,False
2011-04-01,2.011249,2.011249,-0.000000,-0.000000,-0.000000,-0.000000,2.011249,0.000000,0.000023,False
2011-04-02,2.011252,2.011252,-0.000000,-0.000000,-0.000000,-0.000000,2.011252,0.000000,0.000018,False
2011-04-03,2.011255,2.011255,-0.000000,-0.000000,-0.000000,-0.000000,2.011255,0.000000,0.000018,False
2011-04-04,2.011258,2.011258,-0.000000,-0.000000,-0.000000,-0.000000,2.011257,0.000000,0.000018,False
2011-04-05,2.011260,2.011260,-0.000000,-0.000000,-0.000000,-0.000000,2.011260,0.000000,0.000018,False
2011-04-06,2.011263,2.011263,-0.000000,-0.000000,-0.000000,-0.000000,2.011263,0.000000,0.000018,False
2011-04-07,2.011266,2.011266,-0.000000,-0.000000,-0.000000,-0.000000,2.011266,0.000000,0.000018,False
2011-04-08,2.011268,2.011269,-0.000000,-0.000000,-0.000000,-0.000000,2.011268,0.000000,0.000018,False
2011-04-09,2.011271,2.011271,-0.000000,-0.000000,-0.000000,-0.000000,2.011271,0.000000,0.000018,False
2011-04-10,2.011274,2.011274,-0.000000,-0.000000,-0.000000,-0.000000,2.011274,0.000000,0.000017,False
2011-04-11,2.011277,2.011277,-0.000000,-0.000000,-0.000000,-0.000000,2.011277,0.000000,0.000016,False
2011-04-12,2.011279,2.011279,-0.000000,-0.000000,-0.000000,-0.000000,2.011279,0.000000,0.000016,False
2011-04-13,2.011282,2.011282,-0.000000,-0.000000,-0.000000,-0.000000,2.011282,0.000000,0.000015,False
2011-04-14,2.011285,2.011285,-0.000000,-0.000000,-0.000000,-0.000000,2.011285,0.000000,0.000014,False
2011-04-15,2.011288,2.011288,-0.000000,-0.000000,0.000000,-0.000000,2.011288,0.000000,0.000012,False
2011-04-16,2.011290,2.011290,-0.000000,-0.000000,0.000000,-0.000000,2.011290,0.000000,0.000011,False
2011-04-17,2.011293,2.011293,-0.000000,-0.000000,0.000000,-0.000000,2.011293,0.000000,0.000010,False
2011-04-18,2.011296,2.011296,-0.000000,-0.000000,0.000000,-0.000000,2.011296,0.000000,0.000008,False
2011-04-19,2.011299,2.011299,-0.000000,0.000000,0.000000,-0.000000,2.011299,0.000000,0.000006,False
2011-04-20,2.011301,2.011301,-0.000000,0.000000,0.000000,-0.000000,2.011301,0.000000,0.000004,False
2011-04-21,2.011304,2.011304,-0.000000,0.000000,0.000000,-0.000000,2.011304,0.000000,0.000002,False
2011-04-22,2.011307,2.011307,-0.000000,0.000000,0.000000,-0.000000,2.011307,-0.000000,-0.000000,False
2011-04-23,2.011310,2.011310,-0.000000,0.000000,0.000000,-0.000000,2.011310,-0.000000,-0.000002,False
2011-04-24,2.011312,2.011312,-0.000000,0.000000,0.000000,-0.000000,2.011312,-0.000000,-0.000005,False
2011-04-25,2.011315,2.011315,-0.000000,0.000000,0.000000,-0.000000,2.011315,-0.000000,-0.000008,False
2011-04-26,2.011318,2.011318,-0.000000,0.000000,0.000000,0.000000,2.011318,-0.000000,-0.000010,False
2011-04-27,2.011321,2.011321,-0.000000,0.000000,0.000000,0.000000,2.011321,-0.000000,-0.000013,False
2011-04-28,2.011323,2.011323,-0.000000,0.000000,0.000000,0.000000,2.011323,-0.000000,-0.000016,False
2011-04-29,2.011326,2.011326,-0.000000,0.000000,0.000000,0.000000,2.011326,-0.000000,-0.000019,False
2011-04-30,2.011329,2.011329,-0.000000,0.000000,0.000000,0.000000,2.011329,-0.000000,-0.000022,False
2011-05-01,2.011332,2.011332,-0.000000,0.000000,0.000000,0.000000,2.011332,-0.000000,-0.000026,False
2011-05-02,2.011334,2.011334,-0.000000,0.000000,0.000000,0.000000,2.011334,-0.000000,-0.000029,False
2011-05-03,2.011337,2.011337,-0.000000,0.000000,0.000000,0.000000,2.011337,-0.000000,-0.000032,False
2011-05-04,2.011340,2.011340,-0.000000,0.000000,0.000000,0.000000,2.011340,-0.000000,-0.000036,False
2011-05-05,2.011342,2.011343,-0.000000,0.000000,0.000000,0.000000,2.011343,-0.000000,-0.000039,False
2011-05-06,2.011345,2.011345,-0.000000,0.000000,0.000000,0.000000,2.011345,-0.000000,-0.000043,False
2011-05-07,2.011348,2.011348,-0.000000,0.000000,0.000000,0.000000,2.011348,-0.000000,-0.000046,False
2011-05-08,2.011351,2.011351,-0.000000,0.000000,0.000000,0.000000,2.011351,-0.000000,-0.000055,False
2011-05-09,2.011353,2.011353,-0.000000,0.000000,0.000000,0.000000,2.011354,-0.000000,-0.000059,False
2011-05-10,2.011356,2.011356,-0.000000,0.000000,0.000000,0.000000,2.011356,-0.000000,-0.000062,False
2011-05-11,2.011359,2.011359,-0.000000,0.000000,0.000000,0.000000,2.011359,-0.000000,-0.000066,False
2011-05-12,2.011362,2.011362,-0.000000,0.000000,0.000000,0.000000,2.011362,-0.000000,-0.000070,False
2011-05-13,2.011364,2.011364,0.000000,0.000000,0.000000,0.000000,2.011365,-0.000000,-0.000073,False
2011-05-14,2.011367,2.011367,0.000000,0.000000,0.000000,0.000000,2.011367,-0.000000,-0.000077,False
2011-05-15,2.011370,2.011370,0.000000,0.000000,0.000000,0.000000,2.011370,-0.000000,-0.000080,False
2011-05-16,2.011373,2.011373,0.000000,0.000000,0.000000,0.000000,2.011373,-0.000000,-0.000083,False
2011-05-17,2.011375,2.011375,0.000000,0.000000,0.000000,0.000000,2.011376,-0.000000,-0.000087,False
2011-05-18,2.011378,2.011378,0.000000,0.000000,0.000000,0.000000,2.011378,-0.000000,-0.000090,False
2011-05-19,2.011381,2.011381,0.000000,0.000000,0.000000,0.000000,2.011381,-0.000000,-0.000093,False
2011-05-20,2.011384,2.011384,0.000000,0.000000,0.000000,0.000000,2.011384,-0.000000,-0.000096,False
2011-05-21,2.011386,2.011386,0.000000,0.000000,0.000000,0.000000,2.011386,-0.000000,-0.000099,False
2011-05-22,2.011389,2.011389,0.000000,0.000000,0.000000,0.000000,2.011389,-0.000000,-0.000101,False
2011-05-23,2.011392,2.011392,0.000000,0.000000,0.000000,0.000000,2.011392,-0.000000,-0.000104,False
2011-05-24,2.011395,2.011395,0.000000,0.000000,0.000000,0.000000,2.011395,-0.000000,-0.000107,False
2011-05-25,2.011397,2.011397,0.000000,0.000000,0.000000,0.000000,2.011397,-0.000000,-0.000109,False
2011-05-26,2.011400,2.011400,0.000000,0.000000,0.000000,0.000000,2.011400,-0.000000,-0.000111,False
2011-05-27,2.011403,2.011403,0.000000,0.000000,0.000000,0.000000,2.011403,-0.000000,-0.000113,False
2011-05-28,2.011405,2.011406,0.000000,0.000000,0.000000,0.000000,2.011406,-0.000000,-0.000115,False
2011-05-29,2.011408,2.011408,0.000000,0.000000,0.000000,0.000000,2.011408,-0.000000,-0.000116,False
2011-05-30,2.011411,2.011411,0.000000,0.000000,0.000000,0.000000,2.011411,-0.000000,-0.000118,False
2011-05-31,2.011414,2.011414,0.000000,0.000000,0.000000,0.000000,2.011414,-0.000000,-0.000119,False
2011-06-01,2.011416,2.011416,0.000000,0.000000,0.000000,0.000000,2.011417,-0.000000,-0.000120,False
2011-06-02,2.011419,2.011419,0.000000,0.000000,0.000000,0.000000,2.011419,-0.000000,-0.000121,False
2011-06-03,2.011422,2.011422,0.000000,0.000000,0.000000,0.000000,2.011422,-0.000000,-0.000121,False
2011-06-04,2.011425,2.011425,0.000000,0.000000,0.000000,0.000000,2.011425,-0.000000,-0.000122,False
2011-06-05,2.011427,2.011427,0.000000,0.000000,0.000000,0.000000,2.011428,-0.000000,-0.000122,False
2011-06-06,2.011430,2.011430,0.000000,0.000000,0.000000,0.000000,2.011430,-0.000000,-0.000122,False
2011-06-07,2.011433,2.011433,0.000000,0.000000,0.000000,0.000000,2.011433,-0.000000,-0.000122,False
2011-06-08,2.011436,2.011436,0.000000,0.000000,0.000000,0.000000,2.011436,-0.000000,-0.000121,False
2011-06-09,2.011438,2.011438,0.000000,0.000000,0.000000,0.000000,2.011439,-0.000000,-0.000121,False
2011-06-10,2.011441,2.011441,0.000000,0.000000,0.000000,0.000000,2.011441,-0.000000,-0.000120,False
2011-06-11,2.011444,2.011444,0.000000,0.000000,0.000000,0.000000,2.011444,-0.000000,-0.000119,False
2011-06-12,2.011447,2.011447,0.000000,0.000000,0.000000,0.000000,2.011447,-0.000000,-0.000118,False
2011-06-13,2.011449,2.011449,0.000000,0.000000,0.000000,0.000000,2.011450,-0.000000,-0.000116,False
2011-06-14,2.011452,2.011452,0.000000,0.000000,0.000000,0.000000,2.011452,-0.000000,-0.000120,False
2011-06-15,2.011455,2.011455,0.000000,0.000000,0.000000,0.000000,2.011455,-0.000000,-0.000118,False
2011-06-16,2.011458,2.011458,0.000000,0.000000,0.000000,0.000000,2.011458,-0.000000,-0.000116,False
2011-06-17,2.011460,2.011460,0.000000,0.000000,0.000000,0.000000,2.011460,-0.000000,-0.000114,False
2011-06-18,2.011463,2.011463,0.000000,0.000000,0.000000,0.000000,2.011463,-0.000000,-0.000112,False
2011-06-19,2.011466,2.011466,0.000000,0.000000,0.000000,0.000000,2.011466,-0.000000,-0.000110,False
2011-06-20,2.011468,2.011469,0.000000,0.000000,0.000000,0.000000,2.011469,-0.000000,-0.000108,False
2011-06-21,2.011471,2.011471,0.000000,0.000000,0.000000,0.000000,2.011471,-0.000000,-0.000105,False
2011-06-22,2.011474,2.011474,0.000000,0.000000,0.000000,0.000000,2.011474,-0.000000,-0.000103,False
2011-06-23,2.011477,2.011477,0.000000,0.000000,0.000000,0.000000,2.011477,-0.000000,-0.000100,False
2011-06-24,2.011479,2.011479,0.000000,0.000000,0.000000,0.000000,2.011480,-0.000000,-0.000097,False
2011-06-25,2.011482,2.011482,0.000000,0.000000,0.000000,0.000000,2.011482,-0.000000,-0.000094,False
2011-06-26,2.011485,2.011485,0.000000,0.000000,0.000000,0.000000,2.011485,-0.000000,-0.000091,False
2011-06-27,2.011488,2.011488,-0.000000,0.000000,0.000000,0.000000,2.011488,-0.000000,-0.000088,False
2011-06-28,2.011490,2.011490,-0.000000,0.000000,0.000000,0.000000,2.011491,-0.000000,-0.000085,False
2011-06-29,2.011493,2.011493,-0.000000,0.000000,0.000000,0.000000,2.011493,-0.000000,-0.000082,False
2011-06-30,2.011496,2.011496,-0.000000,0.000000,0.000000,0.000000,2.011496,-0.000000,-0.000079,False
2011-07-01,2.011499,2.011499,-0.000000,0.000000,0.000000,0.000000,2.011499,-0.000000,-0.000076,False
2011-07-02,2.011501,2.011501,-0.000000,0.000000,0.000000,0.000000,2.011502,-0.000000,-0.000073,False
2011-07-03,2.011504,2.011504,-0.000000,0.000000,0.000000,0.000000,2.011504,-0.000000,-0.000070,False
2011-07-04,2.011507,2.011507,-0.000000,0.000000,0.000000,0.000000,2.011507,-0.000000,-0.000067,False
2011-07-05,2.011510,2.011510,-0.000000,0.000000,0.000000,0.000000,2.011510,-0.000000,-0.000064,False
2011-07-06,2.011512,2.011512,-0.000000,0.000000,0.000000,0.000000,2.011512,-0.000000,-0.000061,False
2011-07-07,2.011515,2.011515,-0.000000,0.000000,0.000000,0.000000,2.011515,-0.000000,-0.000058,False
2011-07-08,2.011518,2.011518,-0.000000,0.000000,0.000000,0.000000,2.011518,-0.000000,-0.000055,False
2011-07-09,2.011521,2.011521,-0.000000,0.000000,0.000000,0.000000,2.011521,-0.000000,-0.000052,False
2011-07-10,2.011523,2.011523,-0.000000,0.000000,0.000000,0.000000,2.011523,-0.000000,-0.000049,False
2011-07-11,2.011526,2.011526,-0.000000,0.000000,0.000000,0.000000,2.011526,-0.000000,-0.000047,False
2011-07-12,2.011529,2.011529,-0.000000,0.000000,0.000000,0.000000,2.011529,-0.000000,-0.000044,False
2011-07-13,2.011532,2.011532,-0.000000,0.000000,0.000000,0.000000,2.011532,-0.000000,-0.000042,False
2011-07-14,2.011534,2.011534,-0.000000,0.000000,0.000000,0.000000,2.011534,-0.000000,-0.000039,False
2011-07-15,2.011537,2.011537,-0.000000,0.000000,0.000000,0.000000,2.011537,-0.000000,-0.000037,False
2011-07-16,2.011540,2.011540,-0.000000,0.000000,0.000000,0.000000,2.011540,-0.000000,-0.000035,False
2011-07-17,2.011542,2.011543,-0.000000,0.000000,0.000000,0.000000,2.011543,-0.000000,-0.000033,False
2011-07-18,2.011545,2.011545,-0.000000,0.000000,0.000000,0.000000,2.011545,-0.000000,-0.000031,False
2011-07-19,2.011548,2.011548,-0.000000,0.000000,0.000000,0.000000,2.011548,-0.000000,-0.000030,False
2011-07-20,2.011551,2.011551,-0.000000,-0.000000,0.000000,0.000000,2.011551,-0.000000,-0.000033,False
2011-07-21,2.011553,2.011553,-0.000000,-0.000000,0.000000,0.000000,2.011553,-0.000000,-0.000032,False
2011-07-22,2.011556,2.011556,-0.000000,-0.000000,0.000000,0.000000,2.011556,-0.000000,-0.000030,False
2011-07-23,2.011559,2.011559,-0.000000,-0.000000,0.000000,0.000000,2.011559,-0.000000,-0.000029,False
2011-07-24,2.011562,2.011562,-0.000000,-0.000000,0.000000,0.000000,2.011562,-0.000000,-0.000028,False
2011-07-25,2.011564,2.011564,-0.000000,-0.000000,0.000000,0.000000,2.011564,-0.000000,-0.000027,False
2011-07-26,2.011567,2.011567,-0.000000,-0.000000,0.000000,0.000000,2.011567,-0.000000,-0.000027,False
2011-07-27,2.011570,2.011570,-0.000000,-0.000000,0.000000,0.000000,2.011570,-0.000000,-0.000026,False
2011-07-28,2.011573,2.011573,-0.000000,-0.000000,0.000000,0.000000,2.011573,-0.000000,-0.000026,False
2011-07-29,2.011575,2.011575,-0.000000,-0.000000,0.000000,0.000000,2.011575,-0.000000,-0.000025,False
2011-07-30,2.011578,2.011578,-0.000000,-0.000000,0.000000,0.000000,2.011578,-0.000000,-0.000025,False
2011-07-31,2.011581,2.011581,-0.000000,-0.000000,0.000000,0.000000,2.011581,-0.000000,-0.000025,False
2011-08-01,2.011584,2.011584,-0.000000,-0.000000,0.000000,0.000000,2.011584,-0.000000,-0.000025,False
2011-08-02,2.011586,2.011586,-0.000000,-0.000000,0.000000,0.000000,2.011586,-0.000000,-0.000025,False
2011-08-03,2.011589,2.011589,-0.000000,-0.000000,0.000000,0.000000,2.011589,-0.000000,-0.000025,False
2011-08-04,2.011592,2.011592,-0.000000,-0.000000,0.000000,0.000000,2.011592,-0.000000,-0.000026,False
2011-08-05,2.011595,2.011595,-0.000000,-0.000000,0.000000,0.000000,2.011595,-0.000000,-0.000026,False
2011-08-06,2.011597,2.011597,-0.000000,-0.000000,0.000000,0.000000,2.011597,-0.000000,-0.000027,False
2011-08-07,2.011600,2.011600,-0.000000,-0.000000,0.000000,0.000000,2.011600,-0.000000,-0.000027,False
2011-08-08,2.011603,2.011603,-0.000000,-0.000000,0.000000,0.000000,2.011603,-0.000000,-0.000028,False
2011-08-09,2.011605,2.011606,-0.000000,-0.000000,0.000000,0.000000,2.011606,-0.000000,-0.000029,False
2011-08-10,2.011608,2.011608,-0.000000,-0.000000,0.000000,0.000000,2.011608,-0.000000,-0.000030,False
2011-08-11,2.011611,2.011611,-0.000000,-0.000000,0.000000,0.000000,2.011611,-0.000000,-0.000030,False
2011-08-12,2.011614,2.011614,0.000000,-0.000000,0.000000,0.000000,2.011614,-0.000000,-0.000031,False
2011-08-13,2.011616,2.011616,0.000000,-0.000000,0.000000,0.000000,2.011617,-0.000000,-0.000032,False
2011-08-14,2.011619,2.011619,0.000000,-0.000000,0.000000,0.000000,2.011619,-0.000000,-0.000033,False
2011-08-15,2.011622,2.011622,0.000000,-0.000000,0.000000,0.000000,2.011622,-0.000000,-0.000034,False
2011-08-16,2.011625,2.011625,0.000000,-0.000000,0.000000,0.000000,2.011625,-0.000000,-0.000035,False
2011-08-17,2.011627,2.011627,0.000000,-0.000000,0.000000,0.000000,2.011627,-0.000000,-0.000036,False
2011-08-18,2.011630,2.011630,0.000000,-0.000000,0.000000,0.000000,2.011630,-0.000000,-0.000037,False
2011-08-19,2.011633,2.011633,0.000000,-0.000000,0.000000,0.000000,2.011633,-0.000000,-0.000037,False
2011-08-20,2.011636,2.011636,0.000000,-0.000000,0.000000,0.000000,2.011636,-0.000000,-0.000038,False
2011-08-21,2.011638,2.011638,0.000000,-0.000000,0.000000,0.000000,2.011638,-0.000000,-0.000039,False
2011-08-22,2.011641,2.011641,0.000000,-0.000000,0.000000,0.000000,2.011641,-0.000000,-0.000040,False
2011-08-23,2.011644,2.011644,0.000000,-0.000000,0.000000,0.000000,2.011644,-0.000000,-0.000040,False
2011-08-24,2.011647,2.011647,0.000000,-0.000000,0.000000,0.000000,2.011647,-0.000000,-0.000041,False
2011-08-25,2.011649,2.011649,0.000000,-0.000000,0.000000,0.000000,2.011649,-0.000000,-0.000041,False
2011-08-26,2.011652,2.011652,0.000000,-0.000000,0.000000,0.000000,2.011652,-0.000000,-0.000047,False
2011-08-27,2.011655,2.011655,0.000000,-0.000000,0.000000,0.000000,2.011655,-0.000000,-0.000047,False
2011-08-28,2.011658,2.011658,0.000000,-0.000000,0.000000,0.000000,2.011658,-0.000000,-0.000047,False
2011-08-29,2.011660,2.011660,0.000000,-0.000000,0.000000,0.000000,2.011660,-0.000000,-0.000048,False
2011-08-30,2.011663,2.011663,0.000000,-0.000000,0.000000,0.000000,2.011663,-0.000000,-0.000048,False
2011-08-31,2.011666,2.011666,0.000000,-0.000000,0.000000,0.000000,2.011666,-0.000000,-0.000048,False
2011-09-01,2.011668,2.011669,0.000000,-0.000000,0.000000,0.000000,2.011669,-0.000000,-0.000048,False
2011-09-02,2.011671,2.011671,0.000000,-0.000000,0.000000,0.000000,2.011671,-0.000000,-0.000047,False
2011-09-03,2.011674,2.011674,0.000000,-0.000000,0.000000,0.000000,2.011674,-0.000000,-0.000047,False
2011-09-04,2.011677,2.011677,0.000000,-0.000000,0.000000,0.000000,2.011677,-0.000000,-0.000047,False
2011-09-05,2.011679,2.011679,0.000000,-0.000000,0.000000,0.000000,2.011680,-0.000000,-0.000046,False
2011-09-06,2.011682,2.011682,0.000000,-0.000000,0.000000,0.000000,2.011682,-0.000000,-0.000046,False
2011-09-07,2.011685,2.011685,0.000000,-0.000000,0.000000,0.000000,2.011685,-0.000000,-0.000045,False
2011-09-08,2.011688,2.011688,0.000000,-0.000000,0.000000,0.000000,2.011688,-0.000000,-0.000044,False
2011-09-09,2.011690,2.011690,0.000000,-0.000000,0.000000,0.000000,2.011690,-0.000000,-0.000043,False
2011-09-10,2.011693,2.011693,0.000000,-0.000000,0.000000,0.000000,2.011693,-0.000000,-0.000042,False
2011-09-11,2.011696,2.011696,0.000000,-0.000000,0.000000,0.000000,2.011696,-0.000000,-0.000041,False
2011-09-12,2.011699,2.011699,0.000000,-0.000000,0.000000,0.000000,2.011699,-0.000000,-0.000040,False
2011-09-13,2.011701,2.011701,0.000000,-0.000000,0.000000,0.000000,2.011701,-0.000000,-0.000039,False
2011-09-14,2.011704,2.011704,0.000000,-0.000000,0.000000,0.000000,2.011704,-0.000000,-0.000037,False
2011-09-15,2.011707,2.011707,0.000000,-0.000000,0.000000,0.000000,2.011707,-0.000000,-0.000036,False
2011-09-16,2.011710,2.011710,0.000000,-0.000000,0.000000,0.000000,2.011710,-0.000000,-0.000035,False
2011-09-17,2.011712,2.011712,0.000000,-0.000000,0.000000,0.000000,2.011712,-0.000000,-0.000033,False
2011-09-18,2.011715,2.011715,0.000000,-0.000000,0.000000,0.000000,2.011715,-0.000000,-0.000032,False
2011-09-19,2.011718,2.011718,0.000000,-0.000000,0.000000,0.000000,2.011718,-0.000000,-0.000030,False
2011-09-20,2.011721,2.011721,0.000000,-0.000000,0.000000,0.000000,2.011721,-0.000000,-0.000028,False
2011-09-21,2.011723,2.011723,0.000000,-0.000000,0.000000,0.000000,2.011723,-0.000000,-0.000027,False
2011-09-22,2.011726,2.011726,0.000000,-0.000000,0.000000,0.000000,2.011726,-0.000000,-0.000025,False
2011-09-23,2.011729,2.011729,0.000000,-0.000000,0.000000,0.000000,2.011729,-0.000000,-0.000023,False
2011-09-24,2.011732,2.011732,0.000000,-0.000000,0.000000,0.000000,2.011732,-0.000000,-0.000022,False
2011-09-25,2.011734,2.011734,0.000000,-0.000000,0.000000,0.000000,2.011734,-0.000000,-0.000020,False
2011-09-26,2.011737,2.011737,0.000000,-0.000000,0.000000,0.000000,2.011737,-0.000000,-0.000018,False
2011-09-27,2.011740,2.011740,-0.000000,-0.000000,0.000000,0.000000,2.011740,-0.000000,-0.000017,False
2011-09-28,2.011742,2.011743,-0.000000,-0.000000,0.000000,0.000000,2.011743,-0.000000,-0.000015,False
2011-09-29,2.011745,2.011745,-0.000000,-0.000000,0.000000,0.000000,2.011745,-0.000000,-0.000014,False
2011-09-30,2.011748,2.011748,-0.000000,-0.000000,0.000000,0.000000,2.011748,-0.000000,-0.000012,False
2011-10-01,2.011751,2.011751,-0.000000,-0.000000,0.000000,0.000000,2.011751,-0.000000,-0.000016,False
2011-10-02,2.011753,2.011753,-0.000000,-0.000000,0.000000,0.000000,2.011753,-0.000000,-0.000015,False
2011-10-03,2.011756,2.011756,-0.000000,-0.000000,0.000000,0.000000,2.011756,-0.000000,-0.000013,False
2011-10-04,2.011759,2.011759,-0.000000,-0.000000,0.000000,0.000000,2.011759,-0.000000,-0.000012,False
2011-10-05,2.011762,2.011762,-0.000000,-0.000000,0.000000,0.000000,2.011762,-0.000000,-0.000011,False
2011-10-06,2.011764,2.011764,-0.000000,-0.000000,0.000000,0.000000,2.011764,-0.000000,-0.000010,False
2011-10-07,2.011767,2.011767,-0.000000,-0.000000,0.000000,0.000000,2.011767,-0.000000,-0.000009,False
2011-10-08,2.011770,2.011770,-0.000000,-0.000000,0.000000,0.000000,2.011770,-0.000000,-0.000009,False
2011-10-09,2.011773,2.011773,-0.000000,-0.000000,0.000000,0.000000,2.011773,-0.000000,-0.000008,False
2011-10-10,2.011775,2.011775,-0.000000,-0.000000,0.000000,0.000000,2.011775,-0.000000,-0.000008,False
2011-10-11,2.011778,2.011778,-0.000000,-0.000000,0.000000,0.000000,2.011778,-0.000000,-0.000007,False
2011-10-12,2.011781,2.011781,-0.000000,-0.000000,0.000000,0.000000,2.011781,-0.000000,-0.000007,False
2011-10-13,2.011784,2.011784,-0.000000,-0.000000,0.000000,0.000000,2.011784,-0.000000,-0.000007,False
2011-10-14,2.011786,2.011786,-0.000000,-0.000000,-0.000000,0.000000,2.011786,-0.000000,-0.000007,False
2011-10-15,2.011789,2.011789,-0.000000,-0.000000,-0.000000,0.000000,2.011789,-0.000000,-0.000007,False
2011-10-16,2.011792,2.011792,-0.000000,-0.000000,-0.000000,0.000000,2.011792,-0.000000,-0.000008,False
2011-10-17,2.011795,2.011795,-0.000000,-0.000000,-0.000000,0.000000,2.011795,-0.000000,-0.000008,False
2011-10-18,2.011797,2.011797,-0.000000,-0.000000,-0.000000,0.000000,2.011797,-0.000000,-0.000009,False
2011-10-19,2.011800,2.011800,-0.000000,0.000000,-0.000000,0.000000,2.011800,-0.000000,-0.000009,False
2011-10-20,2.011803,2.011803,-0.000000,0.000000,-0.000000,0.000000,2.011803,-0.000000,-0.000010,False
2011-10-21,2.011805,2.011806,-0.000000,0.000000,-0.000000,0.000000,2.011806,-0.000000,-0.000011,False
2011-10-22,2.011808,2.011808,-0.000000,0.000000,-0.000000,0.000000,2.011808,-0.000000,-0.000013,False
2011-10-23,2.011811,2.011811,-0.000000,0.000000,-0.000000,0.000000,2.011811,-0.000000,-0.000014,False
2011-10-24,2.011814,2.011814,-0.000000,0.000000,-0.000000,0.000000,2.011814,-0.000000,-0.000016,False
2011-10-25,2.011816,2.011816,-0.000000,0.000000,-0.000000,0.000000,2.011816,-0.000000,-0.000017,False
2011-10-26,2.011819,2.011819,-0.000000,0.000000,-0.000000,0.000000,2.011819,-0.000000,-0.000019,False
2011-10-27,2.011822,2.011822,-0.000000,0.000000,-0.000000,0.000000,2.011822,-0.000000,-0.000021,False
2011-10-28,2.011825,2.011825,-0.000000,0.000000,-0.000000,0.000000,2.011825,-0.000000,-0.000023,False
2011-10-29,2.011827,2.011827,-0.000000,0.000000,-0.000000,0.000000,2.011827,-0.000000,-0.000025,False
2011-10-30,2.011830,2.011830,-0.000000,0.000000,-0.000000,0.000000,2.011830,-0.000000,-0.000027,False
2011-10-31,2.011833,2.011833,-0.000000,0.000000,-0.000000,0.000000,2.011833,-0.000000,-0.000029,False
2011-11-01,2.011836,2.011836,-0.000000,0.000000,-0.000000,0.000000,2.011836,-0.000000,-0.000032,False
2011-11-02,2.011838,2.011838,-0.000000,0.000000,-0.000000,0.000000,2.011838,-0.000000,-0.000034,False
2011-11-03,2.011841,2.011841,-0.000000,0.000000,-0.000000,0.000000,2.011841,-0.000000,-0.000036,False
2011-11-04,2.011844,2.011844,-0.000000,0.000000,-0.000000,0.000000,2.011844,-0.000000,-0.000039,False
2011-11-05,2.011847,2.011847,-0.000000,0.000000,-0.000000,0.000000,2.011847,-0.000000,-0.000042,False
2011-11-06,2.011849,2.011849,-0.000000,0.000000,-0.000000,0.000000,2.011849,-0.000000,-0.000045,False
2011-11-07,2.011852,2.011852,-0.000000,0.000000,-0.000000,0.000000,2.011852,-0.000000,-0.000048,False
2011-11-08,2.011855,2.011855,-0.000000,0.000000,-0.000000,0.000000,2.011855,-0.000000,-0.000051,False
2011-11-09,2.011858,2.011858,-0.000000,0.000000,-0.000000,0.000000,2.011858,-0.000000,-0.000053,False
2011-11-10,2.011860,2.011860,-0.000000,0.000000,-0.000000,0.000000,2.011860,-0.000000,-0.000056,False
2011-11-11,2.011863,2.011863,0.000000,0.000000,-0.000000,0.000000,2.011863,-0.000000,-0.000059,False
2011-11-12,2.011863,2.011866,0.000000,0.000000,-0.000000,0.000000,2.011866,-0.000003,-0.001432,False
2011-11-13,2.011863,2.011869,0.000000,0.000000,-0.000000,0.000000,2.011869,-0.000006,-0.002804,False
2011-11-14,2.011863,2.011871,0.000000,0.000000,-0.000000,0.000000,2.011871,-0.000008,-0.004177,False
2011-11-15,2.011893,2.011874,0.000000,0.000000,-0.000000,0.000000,2.011874,0.000019,0.009518,False
2011-11-16,2.011893,2.011877,0.000000,0.000000,-0.000000,0.000000,2.011877,0.000016,0.008145,False
2011-11-17,2.011893,2.011879,0.000000,0.000000,-0.000000,0.000000,2.011880,0.000014,0.006773,False
2011-11-18,2.011893,2.011882,0.000000,0.000000,-0.000000,0.000000,2.011882,0.000011,0.005401,False
2011-11-19,2.011893,2.011885,0.000000,0.000000,-0.000000,0.000000,2.011885,0.000008,0.004029,False
2011-11-20,2.011893,2.011888,0.000000,0.000000,-0.000000,0.000000,2.011888,0.000005,0.002657,False
2011-11-21,2.011893,2.011890,0.000000,0.000000,-0.000000,0.000000,2.011891,0.000003,0.001285,False
2011-11-22,2.011893,2.011893,0.000000,0.000000,-0.000000,0.000000,2.011893,-0.000000,-0.000086,False
2011-11-23,2.011896,2.011896,0.000000,0.000000,-0.000000,0.000000,2.011896,-0.000000,-0.000088,False
2011-11-24,2.011899,2.011899,0.000000,0.000000,-0.000000,0.000000,2.011899,-0.000000,-0.000089,False
2011-11-25,2.011901,2.011901,0.000000,0.000000,-0.000000,0.000000,2.011902,-0.000000,-0.000090,False
2011-11-26,2.011904,2.011904,0.000000,0.000000,-0.000000,0.000000,2.011904,-0.000000,-0.000091,False
2011-11-27,2.011907,2.011907,0.000000,0.000000,-0.000000,0.000000,2.011907,-0.000000,-0.000092,False
2011-11-28,2.011910,2.011910,0.000000,0.000000,-0.000000,0.000000,2.011910,-0.000000,-0.000093,False
2011-11-29,2.011912,2.011912,0.000000,0.000000,-0.000000,0.000000,2.011913,-0.000000,-0.000093,False
2011-11-30,2.011915,2.011915,0.000000,0.000000,-0.000000,0.000000,2.011915,-0.000000,-0.000094,False
2011-12-01,2.011918,2.011918,0.000000,0.000000,-0.000000,0.000000,2.011918,-0.000000,-0.000094,False
2011-12-02,2.011921,2.011921,0.000000,0.000000,-0.000000,0.000000,2.011921,-0.000000,-0.000094,False
2011-12-03,2.011923,2.011923,0.000000,0.000000,-0.000000,0.000000,2.011923,-0.000000,-0.000094,False
2011-12-04,2.011926,2.011926,0.000000,0.000000,-0.000000,0.000000,2.011926,-0.000000,-0.000093,False
2011-12-05,2.011929,2.011929,0.000000,0.000000,-0.000000,0.000000,2.011929,-0.000000,-0.000093,False
2011-12-06,2.011932,2.011932,0.000000,0.000000,-0.000000,0.000000,2.011932,-0.000000,-0.000092,False
2011-12-07,2.011934,2.011934,0.000000,0.000000,-0.000000,0.000000,2.011934,-0.000000,-0.000091,False
2011-12-08,2.011937,2.011937,0.000000,0.000000,-0.000000,0.000000,2.011937,-0.000000,-0.000090,False
2011-12-09,2.011940,2.011940,0.000000,0.000000,-0.000000,0.000000,2.011940,-0.000000,-0.000088,False
2011-12-10,2.011942,2.011943,0.000000,0.000000,-0.000000,0.000000,2.011943,-0.000000,-0.000087,False
2011-12-11,2.011945,2.011945,0.000000,0.000000,-0.000000,0.000000,2.011945,-0.000000,-0.000085,False
2011-12-12,2.011948,2.011948,0.000000,0.000000,-0.000000,0.000000,2.011948,-0.000000,-0.000083,False
2011-12-13,2.011951,2.011951,0.000000,0.000000,-0.000000,0.000000,2.011951,-0.000000,-0.000086,False
2011-12-14,2.011953,2.011953,0.000000,0.000000,-0.000000,0.000000,2.011954,-0.000000,-0.000084,False
2011-12-15,2.011956,2.011956,0.000000,0.000000,-0.000000,0.000000,2.011956,-0.000000,-0.000082,False
2011-12-16,2.011959,2.011959,0.000000,0.000000,-0.000000,0.000000,2.011959,-0.000000,-0.000079,False
2011-12-17,2.011962,2.011962,0.000000,0.000000,-0.000000,0.000000,2.011962,-0.000000,-0.000077,False
2011-12-18,2.011964,2.011964,0.000000,0.000000,-0.000000,0.000000,2.011965,-0.000000,-0.000074,False
2011-12-19,2.011967,2.011967,0.000000,0.000000,-0.000000,0.000000,2.011967,-0.000000,-0.000071,False
2011-12-20,2.011970,2.011970,0.000000,0.000000,-0.000000,0.000000,2.011970,-0.000000,-0.000068,False
2011-12-21,2.011973,2.011973,0.000000,0.000000,-0.000000,0.000000,2.011973,-0.000000,-0.000065,False
2011-12-22,2.011975,2.011975,0.000000,0.000000,-0.000000,0.000000,2.011975,-0.000000,-0.000062,False
2011-12-23,2.011978,2.011978,0.000000,0.000000,-0.000000,0.000000,2.011978,-0.000000,-0.000059,False
2011-12-24,2.011981,2.011981,0.000000,0.000000,-0.000000,0.000000,2.011981,-0.000000,-0.000056,False
2011-12-25,2.011984,2.011984,0.000000,0.000000,-0.000000,0.000000,2.011984,-0.000000,-0.000052,False
2011-12-26,2.011986,2.011986,0.000000,0.000000,-0.000000,0.000000,2.011986,-0.000000,-0.000049,False
2011-12-27,2.011989,2.011989,-0.000000,0.000000,-0.000000,0.000000,2.011989,-0.000000,-0.000046,False
2011-12-28,2.011992,2.011992,-0.000000,0.000000,-0.000000,0.000000,2.011992,-0.000000,-0.000042,False
2011-12-29,2.011995,2.011995,-0.000000,0.000000,-0.000000,0.000000,2.011995,-0.000000,-0.000039,False
2011-12-30,2.011997,2.011997,-0.000000,0.000000,-0.000000,0.000000,2.011997,-0.000000,-0.000035,False
2011-12-31,2.012000,2.012000,-0.000000,0.000000,-0.000000,0.000000,2.012000,-0.000000,-0.000032,False
2012-01-01,2.012003,2.012003,-0.000000,0.000000,-0.000000,0.000000,2.012003,-0.000000,-0.000034,False
2012-01-02,2.012005,2.012006,-0.000000,0.000000,-0.000000,0.000000,2.012006,-0.000000,-0.000032,False
2012-01-03,2.012008,2.012008,-0.000000,0.000000,-0.000000,0.000000,2.012008,-0.000000,-0.000025,False
2012-01-04,2.012011,2.012011,-0.000000,0.000000,-0.000000,0.000000,2.012011,-0.000000,-0.000023,False
2012-01-05,2.012014,2.012014,-0.000000,0.000000,-0.000000,0.000000,2.012014,-0.000000,-0.000021,False
2012-01-06,2.012016,2.012016,-0.000000,0.000000,-0.000000,0.000000,2.012016,-0.000000,-0.000019,False
2012-01-07,2.012019,2.012019,-0.000000,0.000000,-0.000000,0.000000,2.012019,-0.000000,-0.000012,False
2012-01-08,2.012022,2.012022,-0.000000,0.000000,-0.000000,0.000000,2.012022,-0.000000,-0.000010,False
2012-01-09,2.012025,2.012025,-0.000000,0.000000,-0.000000,0.000000,2.012025,-0.000000,-0.000009,False
2012-01-10,2.012027,2.012027,-0.000000,0.000000,-0.000000,0.000000,2.012027,-0.000000,-0.000007,False
2012-01-11,2.012030,2.012030,-0.000000,0.000000,-0.000000,0.000000,2.012030,-0.000000,-0.000006,False
2012-01-12,2.012033,2.012033,-0.000000,0.000000,-0.000000,0.000000,2.012033,0.000000,0.000000,False
2012-01-13,2.012036,2.012036,-0.000000,0.000000,-0.000000,0.000000,2.012036,0.000000,0.000001,False
2012-01-14,2.012038,2.012038,-0.000000,0.000000,-0.000000,0.000000,2.012038,0.000000,0.000002,False
2012-01-15,2.012041,2.012041,-0.000000,0.000000,-0.000000,0.000000,2.012041,0.000000,0.000003,False
2012-01-16,2.012044,2.012044,-0.000000,0.000000,-0.000000,0.000000,2.012044,0.000000,0.000009,False
2012-01-17,2.012046,2.012047,-0.000000,0.000000,-0.000000,0.000000,2.012046,0.000000,0.000009,False
2012-01-18,2.012049,2.012049,-0.000000,-0.000000,-0.000000,0.000000,2.012049,0.000000,0.000009,False
2012-01-19,2.012052,2.012052,-0.000000,-0.000000,-0.000000,0.000000,2.012052,0.000000,0.000010,False
2012-01-20,2.012055,2.012055,-0.000000,-0.000000,-0.000000,0.000000,2.012055,0.000000,0.000010,False
2012-01-21,2.012057,2.012057,-0.000000,-0.000000,-0.000000,0.000000,2.012057,0.000000,0.000015,False
2012-01-22,2.012060,2.012060,-0.000000,-0.000000,-0.000000,0.000000,2.012060,0.000000,0.000014,False
2012-01-23,2.012063,2.012063,-0.000000,-0.000000,-0.000000,0.000000,2.012063,0.000000,0.000014,False
2012-01-24,2.012066,2.012066,-0.000000,-0.000000,-0.000000,0.000000,2.012066,0.000000,0.000013,False
2012-01-25,2.012068,2.012068,-0.000000,-0.000000,-0.000000,0.000000,2.012068,0.000000,0.000018,False
2012-01-26,2.012071,2.012071,-0.000000,-0.000000,-0.000000,0.000000,2.012071,0.000000,0.000017,False
2012-01-27,2.012074,2.012074,-0.000000,-0.000000,-0.000000,0.000000,2.012074,0.000000,0.000016,False
2012-01-28,2.012077,2.012077,-0.000000,-0.000000,-0.000000,0.000000,2.012076,0.000000,0.000014,False
2012-01-29,2.012079,2.012079,-0.000000,-0.000000,-0.000000,0.000000,2.012079,0.000000,0.000013,False
2012-01-30,2.012082,2.012082,-0.000000,-0.000000,-0.000000,0.000000,2.012082,0.000000,0.000017,False
2012-01-31,2.012085,2.012085,-0.000000,-0.000000,-0.000000,0.000000,2.012085,0.000000,0.000015,False
2012-02-01,2.012087,2.012087,-0.000000,-0.000000,-0.000000,0.000000,2.012087,0.000000,0.000013,False
2012-02-02,2.012090,2.012090,-0.000000,-0.000000,-0.000000,0.000000,2.012090,0.000000,0.000012,False
2012-02-03,2.012093,2.012093,-0.000000,-0.000000,-0.000000,0.000000,2.012093,0.000000,0.000015,False
2012-02-04,2.012096,2.012096,-0.000000,-0.000000,-0.000000,0.000000,2.012096,0.000000,0.000013,False
2012-02-05,2.012098,2.012098,-0.000000,-0.000000,-0.000000,0.000000,2.012098,0.000000,0.000011,False
2012-02-06,2.012101,2.012101,-0.000000,-0.000000,-0.000000,0.000000,2.012101,0.000000,0.000008,False
2012-02-07,2.012104,2.012104,-0.000000,-0.000000,-0.000000,0.000000,2.012104,0.000000,0.000011,False
2012-02-08,2.012107,2.012107,-0.000000,-0.000000,-0.000000,0.000000,2.012107,0.000000,0.000009,False
2012-02-09,2.012109,2.012109,-0.000000,-0.000000,-0.000000,0.000000,2.012109,0.000000,0.000006,False
2012-02-10,2.012112,2.012112,-0.000000,-0.000000,-0.000000,0.000000,2.012112,0.000000,0.000004,False
2012-02-11,2.012115,2.012115,0.000000,-0.000000,-0.000000,0.000000,2.012115,0.000000,0.000001,False
2012-02-12,2.012117,2.012118,0.000000,-0.000000,-0.000000,0.000000,2.012117,0.000000,0.000004,False
2012-02-13,2.012120,2.012120,0.000000,-0.000000,-0.000000,0.000000,2.012120,0.000000,0.000001,False
2012-02-14,2.012123,2.012123,0.000000,-0.000000,-0.000000,0.000000,2.012123,-0.000000,-0.000002,False
2012-02-15,2.012126,2.012126,0.000000,-0.000000,-0.000000,0.000000,2.012126,-0.000000,-0.000004,False
2012-02-16,2.012128,2.012128,0.000000,-0.000000,-0.000000,0.000000,2.012128,-0.000000,-0.000002,False
2012-02-17,2.012131,2.012131,0.000000,-0.000000,-0.000000,0.000000,2.012131,-0.000000,-0.000004,False
2012-02-18,2.012134,2.012134,0.000000,-0.000000,-0.000000,0.000000,2.012134,-0.000000,-0.000007,False
2012-02-19,2.012137,2.012137,0.000000,-0.000000,-0.000000,0.000000,2.012137,-0.000000,-0.000010,False
2012-02-20,2.012139,2.012139,0.000000,-0.000000,-0.000000,0.000000,2.012139,-0.000000,-0.000012,False
2012-02-21,2.012142,2.012142,0.000000,-0.000000,-0.000000,0.000000,2.012142,-0.000000,-0.000010,False
2012-02-22,2.012145,2.012145,0.000000,-0.000000,-0.000000,0.000000,2.012145,-0.000000,-0.000011,False
2012-02-23,2.012148,2.012148,0.000000,-0.000000,-0.000000,0.000000,2.012148,-0.000000,-0.000012,False
2012-02-24,2.012150,2.012150,0.000000,-0.000000,-0.000000,0.000000,2.012150,-0.000000,-0.000013,False
2012-02-25,2.012153,2.012153,0.000000,-0.000000,-0.000000,0.000000,2.012153,-0.000000,-0.000015,False
2012-02-26,2.012156,2.012156,0.000000,-0.000000,-0.000000,0.000000,2.012156,-0.000000,-0.000016,False
2012-02-27,2.012158,2.012159,0.000000,-0.000000,-0.000000,0.000000,2.012159,-0.000000,-0.000017,False
2012-02-28,2.012161,2.012161,0.000000,-0.000000,-0.000000,0.000000,2.012161,-0.000000,-0.000018,False
2012-02-29,2.012167,2.012164,0.000000,-0.000000,-0.000000,0.000000,2.012164,0.000003,0.001348,False
2012-03-01,2.012167,2.012167,0.000000,-0.000000,-0.000000,0.000000,2.012167,-0.000000,-0.000019,False
2012-03-02,2.012169,2.012169,0.000000,-0.000000,-0.000000,0.000000,2.012169,-0.000000,-0.000021,False
2012-03-03,2.012172,2.012172,0.000000,-0.000000,-0.000000,0.000000,2.012172,-0.000000,-0.000022,False
2012-03-04,2.012175,2.012175,0.000000,-0.000000,-0.000000,0.000000,2.012175,-0.000000,-0.000022,False
2012-03-05,2.012178,2.012178,0.000000,-0.000000,-0.000000,0.000000,2.012178,-0.000000,-0.000022,False
2012-03-06,2.012180,2.012180,0.000000,-0.000000,-0.000000,0.000000,2.012180,-0.000000,-0.000023,False
2012-03-07,2.012183,2.012183,0.000000,-0.000000,-0.000000,0.000000,2.012183,-0.000000,-0.000023,False
2012-03-08,2.012186,2.012186,0.000000,-0.000000,-0.000000,0.000000,2.012186,-0.000000,-0.000023,False
2012-03-09,2.012189,2.012189,0.000000,-0.000000,-0.000000,0.000000,2.012189,-0.000000,-0.000023,False
2012-03-10,2.012191,2.012191,0.000000,-0.000000,-0.000000,0.000000,2.012191,-0.000000,-0.000023,False
2012-03-11,2.012194,2.012194,0.000000,-0.000000,-0.000000,0.000000,2.012194,-0.000000,-0.000023,False
2012-03-12,2.012197,2.012197,0.000000,-0.000000,-0.000000,0.000000,2.012197,-0.000000,-0.000023,False
2012-03-13,2.012199,2.012200,0.000000,-0.000000,-0.000000,0.000000,2.012200,-0.000000,-0.000023,False
2012-03-14,2.012205,2.012202,0.000000,-0.000000,-0.000000,0.000000,2.012202,0.000003,0.001344,False
2012-03-15,2.012205,2.012205,0.000000,-0.000000,-0.000000,0.000000,2.012205,-0.000000,-0.000022,False
2012-03-16,2.012208,2.012208,0.000000,-0.000000,-0.000000,0.000000,2.012208,-0.000000,-0.000023,False
2012-03-17,2.012210,2.012210,0.000000,-0.000000,-0.000000,0.000000,2.012210,-0.000000,-0.000023,False
2012-03-18,2.012213,2.012213,0.000000,-0.000000,-0.000000,0.000000,2.012213,-0.000000,-0.000024,False
2012-03-19,2.012216,2.012216,0.000000,-0.000000,-0.000000,0.000000,2.012216,-0.000000,-0.000019,False
2012-03-20,2.012219,2.012219,0.000000,-0.000000,-0.000000,0.000000,2.012219,-0.000000,-0.000020,False
2012-03-21,2.012221,2.012221,0.000000,-0.000000,-0.000000,0.000000,2.012221,-0.000000,-0.000020,False
2012-03-22,2.012224,2.012224,0.000000,-0.000000,-0.000000,0.000000,2.012224,-0.000000,-0.000021,False
2012-03-23,2.012227,2.012227,0.000000,-0.000000,-0.000000,0.000000,2.012227,-0.000000,-0.000016,False
2012-03-24,2.012230,2.012230,0.000000,-0.000000,-0.000000,0.000000,2.012230,-0.000000,-0.000017,False
2012-03-25,2.012232,2.012232,0.000000,-0.000000,-0.000000,0.000000,2.012232,-0.000000,-0.000017,False
2012-03-26,2.012235,2.012235,0.000000,-0.000000,-0.000000,0.000000,2.012235,-0.000000,-0.000018,False
2012-03-27,2.012238,2.012238,-0.000000,-0.000000,-0.000000,0.000000,2.012238,-0.000000,-0.000018,False
2012-03-28,2.012240,2.012240,-0.000000,-0.000000,-0.000000,0.000000,2.012240,-0.000000,-0.000014,False
2012-03-29,2.012243,2.012243,-0.000000,-0.000000,-0.000000,0.000000,2.012243,-0.000000,-0.000015,False
2012-03-30,2.012246,2.012246,-0.000000,-0.000000,-0.000000,0.000000,2.012246,-0.000000,-0.000015,False
2012-03-31,2.012249,2.012249,-0.000000,-0.000000,-0.000000,0.000000,2.012249,-0.000000,-0.000014,False
2012-04-01,2.012251,2.012251,-0.000000,-0.000000,-0.000000,0.000000,2.012251,-0.000000,-0.000014,False
2012-04-02,2.012254,2.012254,-0.000000,-0.000000,-0.000000,0.000000,2.012254,-0.000000,-0.000013,False
2012-04-03,2.012257,2.012257,-0.000000,-0.000000,-0.000000,0.000000,2.012257,-0.000000,-0.000012,False
2012-04-04,2.012260,2.012260,-0.000000,-0.000000,-0.000000,0.000000,2.012260,-0.000000,-0.000011,False
2012-04-05,2.012262,2.012262,-0.000000,-0.000000,-0.000000,0.000000,2.012262,-0.000000,-0.000011,False
2012-04-06,2.012265,2.012265,-0.000000,-0.000000,-0.000000,0.000000,2.012265,-0.000000,-0.000012,False
2012-04-07,2.012268,2.012268,-0.000000,-0.000000,-0.000000,0.000000,2.012268,-0.000000,-0.000014,False
2012-04-08,2.012270,2.012271,-0.000000,-0.000000,-0.000000,0.000000,2.012271,-0.000000,-0.000015,False
2012-04-09,2.012273,2.012273,-0.000000,-0.000000,-0.000000,0.000000,2.012273,-0.000000,-0.000017,False
2012-04-10,2.012276,2.012276,-0.000000,-0.000000,-0.000000,0.000000,2.012276,-0.000000,-0.000013,False
2012-04-11,2.012279,2.012279,-0.000000,-0.000000,-0.000000,0.000000,2.012279,-0.000000,-0.000015,False
2012-04-12,2.012281,2.012281,-0.000000,-0.000000,-0.000000,0.000000,2.012281,-0.000000,-0.000017,False
2012-04-13,2.012284,2.012284,-0.000000,-0.000000,-0.000000,0.000000,2.012284,-0.000000,-0.000020,False
2012-04-14,2.012287,2.012287,-0.000000,-0.000000,0.000000,0.000000,2.012287,-0.000000,-0.000017,False
2012-04-15,2.012290,2.012290,-0.000000,-0.000000,0.000000,0.000000,2.012290,-0.000000,-0.000019,False
2012-04-16,2.012292,2.012292,-0.000000,-0.000000,0.000000,0.000000,2.012292,-0.000000,-0.000022,False
2012-04-17,2.012295,2.012295,-0.000000,-0.000000,0.000000,0.000000,2.012295,-0.000000,-0.000025,False
2012-04-18,2.012298,2.012298,-0.000000,-0.000000,0.000000,0.000000,2.012298,-0.000000,-0.000028,False
2012-04-19,2.012301,2.012301,-0.000000,0.000000,0.000000,0.000000,2.012301,-0.000000,-0.000026,False
2012-04-20,2.012303,2.012303,-0.000000,0.000000,0.000000,0.000000,2.012303,-0.000000,-0.000029,False
2012-04-21,2.012306,2.012306,-0.000000,0.000000,0.000000,0.000000,2.012306,-0.000000,-0.000032,False
2012-04-22,2.012309,2.012309,-0.000000,0.000000,0.000000,0.000000,2.012309,-0.000000,-0.000035,False
2012-04-23,2.012311,2.012312,-0.000000,0.000000,0.000000,0.000000,2.012312,-0.000000,-0.000034,False
2012-04-24,2.012314,2.012314,-0.000000,0.000000,0.000000,0.000000,2.012314,-0.000000,-0.000038,False
2012-04-25,2.012317,2.012317,-0.000000,0.000000,0.000000,0.000000,2.012317,-0.000000,-0.000042,False
2012-04-26,2.012320,2.012320,-0.000000,0.000000,0.000000,0.000000,2.012320,-0.000000,-0.000045,False
2012-04-27,2.012322,2.012322,-0.000000,0.000000,0.000000,0.000000,2.012322,-0.000000,-0.000050,False
2012-04-28,2.012325,2.012325,-0.000000,0.000000,0.000000,0.000000,2.012325,-0.000000,-0.000049,False
2012-04-29,2.012328,2.012328,-0.000000,0.000000,0.000000,0.000000,2.012328,-0.000000,-0.000053,False
2012-04-30,2.012331,2.012331,-0.000000,0.000000,0.000000,0.000000,2.012331,-0.000000,-0.000057,False
2012-05-01,2.012333,2.012333,-0.000000,0.000000,0.000000,0.000000,2.012333,-0.000000,-0.000062,False
2012-05-02,2.012336,2.012336,-0.000000,0.000000,0.000000,0.000000,2.012336,-0.000000,-0.000061,False
2012-05-03,2.012339,2.012339,-0.000000,0.000000,0.000000,0.000000,2.012339,-0.000000,-0.000066,False
2012-05-04,2.012342,2.012342,-0.000000,0.000000,0.000000,0.000000,2.012342,-0.000000,-0.000070,False
2012-05-05,2.012344,2.012344,-0.000000,0.000000,0.000000,0.000000,2.012344,-0.000000,-0.000075,False
2012-05-06,2.012347,2.012347,-0.000000,0.000000,0.000000,0.000000,2.012347,-0.000000,-0.000080,False
2012-05-07,2.012350,2.012350,-0.000000,0.000000,0.000000,0.000000,2.012350,-0.000000,-0.000080,False
2012-05-08,2.012352,2.012353,-0.000000,0.000000,0.000000,0.000000,2.012353,-0.000000,-0.000084,False
2012-05-09,2.012355,2.012355,-0.000000,0.000000,0.000000,0.000000,2.012355,-0.000000,-0.000089,False
2012-05-10,2.012358,2.012358,-0.000000,0.000000,0.000000,0.000000,2.012358,-0.000000,-0.000094,False
2012-05-11,2.012361,2.012361,-0.000000,0.000000,0.000000,0.000000,2.012361,-0.000000,-0.000093,False
2012-05-12,2.012363,2.012363,0.000000,0.000000,0.000000,0.000000,2.012364,-0.000000,-0.000098,False
2012-05-13,2.012366,2.012366,0.000000,0.000000,0.000000,0.000000,2.012366,-0.000000,-0.000103,False
2012-05-14,2.012369,2.012369,0.000000,0.000000,0.000000,0.000000,2.012369,-0.000000,-0.000107,False
2012-05-15,2.012372,2.012372,0.000000,0.000000,0.000000,0.000000,2.012372,-0.000000,-0.000112,False
2012-05-16,2.012374,2.012374,0.000000,0.000000,0.000000,0.000000,2.012375,-0.000000,-0.000111,False
2012-05-17,2.012377,2.012377,0.000000,0.000000,0.000000,0.000000,2.012377,-0.000000,-0.000116,False
2012-05-18,2.012380,2.012380,0.000000,0.000000,0.000000,0.000000,2.012380,-0.000000,-0.000120,False
2012-05-19,2.012383,2.012383,0.000000,0.000000,0.000000,0.000000,2.012383,-0.000000,-0.000124,False
2012-05-20,2.012385,2.012385,0.000000,0.000000,0.000000,0.000000,2.012385,-0.000000,-0.000123,False
2012-05-21,2.012388,2.012388,0.000000,0.000000,0.000000,0.000000,2.012388,-0.000000,-0.000127,False
2012-05-22,2.012391,2.012391,0.000000,0.000000,0.000000,0.000000,2.012391,-0.000000,-0.000131,False
2012-05-23,2.012393,2.012393,0.000000,0.000000,0.000000,0.000000,2.012394,-0.000000,-0.000134,False
2012-05-24,2.012396,2.012396,0.000000,0.000000,0.000000,0.000000,2.012396,-0.000000,-0.000138,False
2012-05-25,2.012399,2.012399,0.000000,0.000000,0.000000,0.000000,2.012399,-0.000000,-0.000136,False
2012-05-26,2.012402,2.012402,0.000000,0.000000,0.000000,0.000000,2.012402,-0.000000,-0.000139,False
2012-05-27,2.012404,2.012404,0.000000,0.000000,0.000000,0.000000,2.012405,-0.000000,-0.000142,False
2012-05-28,2.012407,2.012407,0.000000,0.000000,0.000000,0.000000,2.012407,-0.000000,-0.000145,False
2012-05-29,2.012410,2.012410,0.000000,0.000000,0.000000,0.000000,2.012410,-0.000000,-0.000142,False
2012-05-30,2.012413,2.012413,0.000000,0.000000,0.000000,0.000000,2.012413,-0.000000,-0.000145,False
2012-05-31,2.012415,2.012415,0.000000,0.000000,0.000000,0.000000,2.012416,-0.000000,-0.000147,False
2012-06-01,2.012418,2.012418,0.000000,0.000000,0.000000,0.000000,2.012418,-0.000000,-0.000149,False
2012-06-02,2.012421,2.012421,0.000000,0.000000,0.000000,0.000000,2.012421,-0.000000,-0.000146,False
2012-06-03,2.012424,2.012424,0.000000,0.000000,0.000000,0.000000,2.012424,-0.000000,-0.000147,False
2012-06-04,2.012426,2.012426,0.000000,0.000000,0.000000,0.000000,2.012427,-0.000000,-0.000149,False
2012-06-05,2.012429,2.012429,0.000000,0.000000,0.000000,0.000000,2.012429,-0.000000,-0.000150,False
2012-06-06,2.012432,2.012432,0.000000,0.000000,0.000000,0.000000,2.012432,-0.000000,-0.000151,False
2012-06-07,2.012434,2.012434,0.000000,0.000000,0.000000,0.000000,2.012435,-0.000000,-0.000147,False
2012-06-08,2.012437,2.012437,0.000000,0.000000,0.000000,0.000000,2.012437,-0.000000,-0.000148,False
2012-06-09,2.012440,2.012440,0.000000,0.000000,0.000000,0.000000,2.012440,-0.000000,-0.000148,False
2012-06-10,2.012443,2.012443,0.000000,0.000000,0.000000,0.000000,2.012443,-0.000000,-0.000148,False
2012-06-11,2.012445,2.012445,0.000000,0.000000,0.000000,0.000000,2.012446,-0.000000,-0.000143,False
2012-06-12,2.012448,2.012448,0.000000,0.000000,0.000000,0.000000,2.012448,-0.000000,-0.000143,False
2012-06-13,2.012451,2.012451,0.000000,0.000000,0.000000,0.000000,2.012451,-0.000000,-0.000143,False
2012-06-14,2.012454,2.012454,0.000000,0.000000,0.000000,0.000000,2.012454,-0.000000,-0.000142,False
2012-06-15,2.012456,2.012456,0.000000,0.000000,0.000000,0.000000,2.012457,-0.000000,-0.000140,False
2012-06-16,2.012459,2.012459,0.000000,0.000000,0.000000,0.000000,2.012459,-0.000000,-0.000138,False
2012-06-17,2.012462,2.012462,0.000000,0.000000,0.000000,0.000000,2.012462,-0.000000,-0.000136,False
2012-06-18,2.012464,2.012465,0.000000,0.000000,0.000000,0.000000,2.012465,-0.000000,-0.000134,False
2012-06-19,2.012467,2.012467,0.000000,0.000000,0.000000,0.000000,2.012467,-0.000000,-0.000131,False
2012-06-20,2.012470,2.012470,0.000000,0.000000,0.000000,0.000000,2.012470,-0.000000,-0.000129,False
2012-06-21,2.012473,2.012473,0.000000,0.000000,0.000000,0.000000,2.012473,-0.000000,-0.000126,False
2012-06-22,2.012486,2.012475,0.000000,0.000000,0.000000,0.000000,2.012476,0.000011,0.005342,False
2012-06-23,2.012486,2.012478,0.000000,0.000000,0.000000,0.000000,2.012478,0.000008,0.003978,False
2012-06-24,2.012486,2.012481,0.000000,0.000000,0.000000,0.000000,2.012481,0.000005,0.002615,False
2012-06-25,2.012486,2.012484,0.000000,0.000000,0.000000,0.000000,2.012484,0.000003,0.001252,False
2012-06-26,2.012486,2.012486,0.000000,0.000000,0.000000,0.000000,2.012487,-0.000000,-0.000111,False
2012-06-27,2.012489,2.012489,-0.000000,0.000000,0.000000,0.000000,2.012489,-0.000000,-0.000109,False
2012-06-28,2.012492,2.012492,-0.000000,0.000000,0.000000,0.000000,2.012492,-0.000000,-0.000107,False
2012-06-29,2.012495,2.012495,-0.000000,0.000000,0.000000,0.000000,2.012495,-0.000000,-0.000100,False
2012-06-30,2.012497,2.012497,-0.000000,0.000000,0.000000,0.000000,2.012497,-0.000000,-0.000098,False
2012-07-01,2.012500,2.012500,-0.000000,0.000000,0.000000,0.000000,2.012500,-0.000000,-0.000096,False
2012-07-02,2.012503,2.012503,-0.000000,0.000000,0.000000,0.000000,2.012503,-0.000000,-0.000094,False
2012-07-03,2.012505,2.012506,-0.000000,0.000000,0.000000,0.000000,2.012506,-0.000000,-0.000092,False
2012-07-04,2.012508,2.012508,-0.000000,0.000000,0.000000,0.000000,2.012508,-0.000000,-0.000085,False
2012-07-05,2.012511,2.012511,-0.000000,0.000000,0.000000,0.000000,2.012511,-0.000000,-0.000084,False
2012-07-06,2.012514,2.012514,-0.000000,0.000000,0.000000,0.000000,2.012514,-0.000000,-0.000082,False
2012-07-07,2.012516,2.012516,-0.000000,0.000000,0.000000,0.000000,2.012517,-0.000000,-0.000080,False
2012-07-08,2.012519,2.012519,-0.000000,0.000000,0.000000,0.000000,2.012519,-0.000000,-0.000077,False
2012-07-09,2.012522,2.012522,-0.000000,0.000000,0.000000,0.000000,2.012522,-0.000000,-0.000073,False
2012-07-10,2.012525,2.012525,-0.000000,0.000000,0.000000,0.000000,2.012525,-0.000000,-0.000070,False
2012-07-11,2.012527,2.012527,-0.000000,0.000000,0.000000,0.000000,2.012527,-0.000000,-0.000069,False
2012-07-12,2.012530,2.012530,-0.000000,0.000000,0.000000,0.000000,2.012530,-0.000000,-0.000067,False
2012-07-13,2.012533,2.012533,-0.000000,0.000000,0.000000,0.000000,2.012533,-0.000000,-0.000061,False
2012-07-14,2.012536,2.012536,-0.000000,0.000000,0.000000,0.000000,2.012536,-0.000000,-0.000060,False
2012-07-15,2.012538,2.012538,-0.000000,0.000000,0.000000,0.000000,2.012538,-0.000000,-0.000059,False
2012-07-16,2.012541,2.012541,-0.000000,0.000000,0.000000,0.000000,2.012541,-0.000000,-0.000058,False
2012-07-17,2.012544,2.012544,-0.000000,0.000000,0.000000,0.000000,2.012544,-0.000000,-0.000052,False
2012-07-18,2.012546,2.012546,-0.000000,0.000000,0.000000,0.000000,2.012547,-0.000000,-0.000051,False
2012-07-19,2.012549,2.012549,-0.000000,-0.000000,0.000000,0.000000,2.012549,-0.000000,-0.000051,False
2012-07-20,2.012552,2.012552,-0.000000,-0.000000,0.000000,0.000000,2.012552,-0.000000,-0.000050,False
2012-07-21,2.012555,2.012555,-0.000000,-0.000000,0.000000,0.000000,2.012555,-0.000000,-0.000050,False
2012-07-22,2.012557,2.012557,-0.000000,-0.000000,0.000000,0.000000,2.012557,-0.000000,-0.000045,False
2012-07-23,2.012560,2.012560,-0.000000,-0.000000,0.000000,0.000000,2.012560,-0.000000,-0.000045,False
2012-07-24,2.012563,2.012563,-0.000000,-0.000000,0.000000,0.000000,2.012563,-0.000000,-0.000045,False
2012-07-25,2.012566,2.012566,-0.000000,-0.000000,0.000000,0.000000,2.012566,-0.000000,-0.000046,False
2012-07-26,2.012568,2.012568,-0.000000,-0.000000,0.000000,0.000000,2.012568,-0.000000,-0.000041,False
2012-07-27,2.012571,2.012571,-0.000000,-0.000000,0.000000,0.000000,2.012571,-0.000000,-0.000042,False
2012-07-28,2.012574,2.012574,-0.000000,-0.000000,0.000000,0.000000,2.012574,-0.000000,-0.000042,False
2012-07-29,2.012576,2.012577,-0.000000,-0.000000,0.000000,0.000000,2.012577,-0.000000,-0.000043,False
2012-07-30,2.012579,2.012579,-0.000000,-0.000000,0.000000,0.000000,2.012579,-0.000000,-0.000044,False
2012-07-31,2.012582,2.012582,-0.000000,-0.000000,0.000000,0.000000,2.012582,-0.000000,-0.000040,False
2012-08-01,2.012585,2.012585,-0.000000,-0.000000,0.000000,0.000000,2.012585,-0.000000,-0.000041,False
2012-08-02,2.012587,2.012587,-0.000000,-0.000000,0.000000,0.000000,2.012588,-0.000000,-0.000043,False
2012-08-03,2.012590,2.012590,-0.000000,-0.000000,0.000000,0.000000,2.012590,-0.000000,-0.000044,False
2012-08-04,2.012593,2.012593,-0.000000,-0.000000,0.000000,0.000000,2.012593,-0.000000,-0.000040,False
2012-08-05,2.012596,2.012596,-0.000000,-0.000000,0.000000,0.000000,2.012596,-0.000000,-0.000042,False
2012-08-06,2.012598,2.012598,-0.000000,-0.000000,0.000000,0.000000,2.012598,-0.000000,-0.000044,False
2012-08-07,2.012601,2.012601,-0.000000,-0.000000,0.000000,0.000000,2.012601,-0.000000,-0.000045,False
2012-08-08,2.012604,2.012604,-0.000000,-0.000000,0.000000,0.000000,2.012604,-0.000000,-0.000042,False
2012-08-09,2.012607,2.012607,-0.000000,-0.000000,0.000000,0.000000,2.012607,-0.000000,-0.000044,False
2012-08-10,2.012609,2.012609,-0.000000,-0.000000,0.000000,0.000000,2.012609,-0.000000,-0.000046,False
2012-08-11,2.012612,2.012612,-0.000000,-0.000000,0.000000,0.000000,2.012612,-0.000000,-0.000048,False
2012-08-12,2.012615,2.012615,0.000000,-0.000000,0.000000,0.000000,2.012615,-0.000000,-0.000050,False
2012-08-13,2.012617,2.012618,0.000000,-0.000000,0.000000,0.000000,2.012618,-0.000000,-0.000049,False
2012-08-14,2.012620,2.012620,0.000000,-0.000000,0.000000,0.000000,2.012620,-0.000000,-0.000049,False
2012-08-15,2.012623,2.012623,0.000000,-0.000000,0.000000,0.000000,2.012623,-0.000000,-0.000051,False
2012-08-16,2.012626,2.012626,0.000000,-0.000000,0.000000,0.000000,2.012626,-0.000000,-0.000053,False
2012-08-17,2.012628,2.012628,0.000000,-0.000000,0.000000,0.000000,2.012629,-0.000000,-0.000050,False
2012-08-18,2.012631,2.012631,0.000000,-0.000000,0.000000,0.000000,2.012631,-0.000000,-0.000052,False
2012-08-19,2.012634,2.012634,0.000000,-0.000000,0.000000,0.000000,2.012634,-0.000000,-0.000053,False
2012-08-20,2.012637,2.012637,0.000000,-0.000000,0.000000,0.000000,2.012637,-0.000000,-0.000055,False
2012-08-21,2.012639,2.012639,0.000000,-0.000000,0.000000,0.000000,2.012639,-0.000000,-0.000057,False
2012-08-22,2.012642,2.012642,0.000000,-0.000000,0.000000,0.000000,2.012642,-0.000000,-0.000054,False
2012-08-23,2.012645,2.012645,0.000000,-0.000000,0.000000,0.000000,2.012645,-0.000000,-0.000056,False
2012-08-24,2.012648,2.012648,0.000000,-0.000000,0.000000,0.000000,2.012648,-0.000000,-0.000057,False
2012-08-25,2.012650,2.012650,0.000000,-0.000000,0.000000,0.000000,2.012650,-0.000000,-0.000059,False
2012-08-26,2.012653,2.012653,0.000000,-0.000000,0.000000,0.000000,2.012653,-0.000000,-0.000055,False
2012-08-27,2.012656,2.012656,0.000000,-0.000000,0.000000,0.000000,2.012656,-0.000000,-0.000057,False
2012-08-28,2.012658,2.012659,0.000000,-0.000000,0.000000,0.000000,2.012659,-0.000000,-0.000058,False
2012-08-29,2.012661,2.012661,0.000000,-0.000000,0.000000,0.000000,2.012661,-0.000000,-0.000059,False
2012-08-30,2.012664,2.012664,0.000000,-0.000000,0.000000,0.000000,2.012664,-0.000000,-0.000061,False
2012-08-31,2.012667,2.012667,0.000000,-0.000000,0.000000,0.000000,2.012667,-0.000000,-0.000057,False
2012-09-01,2.012669,2.012669,0.000000,-0.000000,0.000000,0.000000,2.012670,-0.000000,-0.000058,False
2012-09-02,2.012672,2.012672,0.000000,-0.000000,0.000000,0.000000,2.012672,-0.000000,-0.000058,False
2012-09-03,2.012675,2.012675,0.000000,-0.000000,0.000000,0.000000,2.012675,-0.000000,-0.000059,False
2012-09-04,2.012678,2.012678,0.000000,-0.000000,0.000000,0.000000,2.012678,-0.000000,-0.000055,False
2012-09-05,2.012680,2.012680,0.000000,-0.000000,0.000000,0.000000,2.012680,-0.000000,-0.000055,False
2012-09-06,2.012683,2.012683,0.000000,-0.000000,0.000000,0.000000,2.012683,-0.000000,-0.000056,False
2012-09-07,2.012686,2.012686,0.000000,-0.000000,0.000000,0.000000,2.012686,-0.000000,-0.000056,False
2012-09-08,2.012689,2.012689,0.000000,-0.000000,0.000000,0.000000,2.012689,-0.000000,-0.000056,False
2012-09-09,2.012691,2.012691,0.000000,-0.000000,0.000000,0.000000,2.012691,-0.000000,-0.000052,False
2012-09-10,2.012694,2.012694,0.000000,-0.000000,0.000000,0.000000,2.012694,-0.000000,-0.000052,False
2012-09-11,2.012697,2.012697,0.000000,-0.000000,0.000000,0.000000,2.012697,-0.000000,-0.000052,False
2012-09-12,2.012699,2.012700,0.000000,-0.000000,0.000000,0.000000,2.012700,-0.000000,-0.000052,False
2012-09-13,2.012702,2.012702,0.000000,-0.000000,0.000000,0.000000,2.012702,-0.000000,-0.000046,False
2012-09-14,2.012705,2.012705,0.000000,-0.000000,0.000000,0.000000,2.012705,-0.000000,-0.000046,False
2012-09-15,2.012708,2.012708,0.000000,-0.000000,0.000000,0.000000,2.012708,-0.000000,-0.000046,False
2012-09-16,2.012710,2.012710,0.000000,-0.000000,0.000000,0.000000,2.012710,-0.000000,-0.000045,False
2012-09-17,2.012713,2.012713,0.000000,-0.000000,0.000000,0.000000,2.012713,-0.000000,-0.000045,False
2012-09-18,2.012716,2.012716,0.000000,-0.000000,0.000000,0.000000,2.012716,-0.000000,-0.000040,False
2012-09-19,2.012719,2.012719,0.000000,-0.000000,0.000000,0.000000,2.012719,-0.000000,-0.000039,False
2012-09-20,2.012721,2.012721,0.000000,-0.000000,0.000000,0.000000,2.012721,-0.000000,-0.000039,False
2012-09-21,2.012724,2.012724,0.000000,-0.000000,0.000000,0.000000,2.012724,-0.000000,-0.000038,False
2012-09-22,2.012727,2.012727,0.000000,-0.000000,0.000000,0.000000,2.012727,-0.000000,-0.000032,False
2012-09-23,2.012730,2.012730,0.000000,-0.000000,0.000000,0.000000,2.012730,-0.000000,-0.000032,False
2012-09-24,2.012732,2.012732,0.000000,-0.000000,0.000000,0.000000,2.012732,-0.000000,-0.000031,False
2012-09-25,2.012735,2.012735,0.000000,-0.000000,0.000000,0.000000,2.012735,-0.000000,-0.000031,False
2012-09-26,2.012738,2.012738,-0.000000,-0.000000,0.000000,0.000000,2.012738,-0.000000,-0.000030,False
2012-09-27,2.012740,2.012740,-0.000000,-0.000000,0.000000,0.000000,2.012740,-0.000000,-0.000025,False
2012-09-28,2.012743,2.012743,-0.000000,-0.000000,0.000000,0.000000,2.012743,-0.000000,-0.000024,False
2012-09-29,2.012746,2.012746,-0.000000,-0.000000,0.000000,0.000000,2.012746,-0.000000,-0.000022,False
2012-09-30,2.012749,2.012749,-0.000000,-0.000000,0.000000,0.000000,2.012749,-0.000000,-0.000020,False
2012-10-01,2.012751,2.012751,-0.000000,-0.000000,0.000000,0.000000,2.012751,-0.000000,-0.000018,False
2012-10-02,2.012754,2.012754,-0.000000,-0.000000,0.000000,0.000000,2.012754,-0.000000,-0.000018,False
2012-10-03,2.012757,2.012757,-0.000000,-0.000000,0.000000,0.000000,2.012757,-0.000000,-0.000018,False
2012-10-04,2.012760,2.012760,-0.000000,-0.000000,0.000000,0.000000,2.012760,-0.000000,-0.000018,False
2012-10-05,2.012762,2.012762,-0.000000,-0.000000,0.000000,0.000000,2.012762,-0.000000,-0.000013,False
2012-10-06,2.012765,2.012765,-0.000000,-0.000000,0.000000,0.000000,2.012765,-0.000000,-0.000013,False
2012-10-07,2.012768,2.012768,-0.000000,-0.000000,0.000000,0.000000,2.012768,-0.000000,-0.000013,False
2012-10-08,2.012770,2.012771,-0.000000,-0.000000,0.000000,0.000000,2.012771,-0.000000,-0.000014,False
2012-10-09,2.012773,2.012773,-0.000000,-0.000000,0.000000,0.000000,2.012773,-0.000000,-0.000014,False
2012-10-10,2.012776,2.012776,-0.000000,-0.000000,0.000000,0.000000,2.012776,-0.000000,-0.000010,False
2012-10-11,2.012779,2.012779,-0.000000,-0.000000,0.000000,0.000000,2.012779,-0.000000,-0.000011,False
2012-10-12,2.012781,2.012781,-0.000000,-0.000000,0.000000,0.000000,2.012781,-0.000000,-0.000011,False
2012-10-13,2.012784,2.012784,-0.000000,-0.000000,0.000000,0.000000,2.012784,-0.000000,-0.000013,False
2012-10-14,2.012787,2.012787,-0.000000,-0.000000,-0.000000,0.000000,2.012787,-0.000000,-0.000009,False
2012-10-15,2.012790,2.012790,-0.000000,-0.000000,-0.000000,0.000000,2.012790,-0.000000,-0.000010,False
2012-10-16,2.012792,2.012792,-0.000000,-0.000000,-0.000000,0.000000,2.012792,-0.000000,-0.000011,False
2012-10-17,2.012795,2.012795,-0.000000,-0.000000,-0.000000,0.000000,2.012795,-0.000000,-0.000013,False
2012-10-18,2.012798,2.012798,-0.000000,-0.000000,-0.000000,0.000000,2.012798,-0.000000,-0.000015,False
2012-10-19,2.012801,2.012801,-0.000000,0.000000,-0.000000,0.000000,2.012801,-0.000000,-0.000012,False
2012-10-20,2.012803,2.012803,-0.000000,0.000000,-0.000000,0.000000,2.012803,-0.000000,-0.000014,False
2012-10-21,2.012806,2.012806,-0.000000,0.000000,-0.000000,0.000000,2.012806,-0.000000,-0.000016,False
2012-10-22,2.012809,2.012809,-0.000000,0.000000,-0.000000,0.000000,2.012809,-0.000000,-0.000018,False
2012-10-23,2.012811,2.012812,-0.000000,0.000000,-0.000000,0.000000,2.012812,-0.000000,-0.000016,False
2012-10-24,2.012814,2.012814,-0.000000,0.000000,-0.000000,0.000000,2.012814,-0.000000,-0.000018,False
2012-10-25,2.012817,2.012817,-0.000000,0.000000,-0.000000,0.000000,2.012817,-0.000000,-0.000021,False
2012-10-26,2.012820,2.012820,-0.000000,0.000000,-0.000000,0.000000,2.012820,-0.000000,-0.000024,False
2012-10-27,2.012822,2.012822,-0.000000,0.000000,-0.000000,0.000000,2.012822,-0.000000,-0.000027,False
2012-10-28,2.012825,2.012825,-0.000000,0.000000,-0.000000,0.000000,2.012825,-0.000000,-0.000025,False
2012-10-29,2.012828,2.012828,-0.000000,0.000000,-0.000000,0.000000,2.012828,-0.000000,-0.000028,False
2012-10-30,2.012831,2.012831,-0.000000,0.000000,-0.000000,0.000000,2.012831,-0.000000,-0.000031,False
2012-10-31,2.012833,2.012833,-0.000000,0.000000,-0.000000,0.000000,2.012833,-0.000000,-0.000035,False
2012-11-01,2.012836,2.012836,-0.000000,0.000000,-0.000000,0.000000,2.012836,-0.000000,-0.000033,False
2012-11-02,2.012839,2.012839,-0.000000,0.000000,-0.000000,0.000000,2.012839,-0.000000,-0.000037,False
2012-11-03,2.012842,2.012842,-0.000000,0.000000,-0.000000,0.000000,2.012842,-0.000000,-0.000040,False
2012-11-04,2.012844,2.012844,-0.000000,0.000000,-0.000000,0.000000,2.012844,-0.000000,-0.000044,False
2012-11-05,2.012847,2.012847,-0.000000,0.000000,-0.000000,0.000000,2.012847,-0.000000,-0.000048,False
2012-11-06,2.012850,2.012850,-0.000000,0.000000,-0.000000,0.000000,2.012850,-0.000000,-0.000046,False
2012-11-07,2.012852,2.012853,-0.000000,0.000000,-0.000000,0.000000,2.012853,-0.000000,-0.000050,False
2012-11-08,2.012855,2.012855,-0.000000,0.000000,-0.000000,0.000000,2.012855,-0.000000,-0.000054,False
2012-11-09,2.012858,2.012858,-0.000000,0.000000,-0.000000,0.000000,2.012858,-0.000000,-0.000057,False
2012-11-10,2.012861,2.012861,-0.000000,0.000000,-0.000000,0.000000,2.012861,-0.000000,-0.000056,False
2012-11-11,2.012863,2.012863,0.000000,0.000000,-0.000000,0.000000,2.012864,-0.000000,-0.000060,False
2012-11-12,2.012866,2.012866,0.000000,0.000000,-0.000000,0.000000,2.012866,-0.000000,-0.000063,False
2012-11-13,2.012869,2.012869,0.000000,0.000000,-0.000000,0.000000,2.012869,-0.000000,-0.000067,False
2012-11-14,2.012872,2.012872,0.000000,0.000000,-0.000000,0.000000,2.012872,-0.000000,-0.000070,False
2012-11-15,2.012874,2.012874,0.000000,0.000000,-0.000000,0.000000,2.012874,-0.000000,-0.000069,False
2012-11-16,2.012877,2.012877,0.000000,0.000000,-0.000000,0.000000,2.012877,-0.000000,-0.000072,False
2012-11-17,2.012880,2.012880,0.000000,0.000000,-0.000000,0.000000,2.012880,-0.000000,-0.000076,False
2012-11-18,2.012883,2.012883,0.000000,0.000000,-0.000000,0.000000,2.012883,-0.000000,-0.000079,False
2012-11-19,2.012885,2.012885,0.000000,0.000000,-0.000000,0.000000,2.012885,-0.000000,-0.000077,False
2012-11-20,2.012888,2.012888,0.000000,0.000000,-0.000000,0.000000,2.012888,-0.000000,-0.000080,False
2012-11-21,2.012891,2.012891,0.000000,0.000000,-0.000000,0.000000,2.012891,-0.000000,-0.000083,False
2012-11-22,2.012893,2.012893,0.000000,0.000000,-0.000000,0.000000,2.012894,-0.000000,-0.000085,False
2012-11-23,2.012896,2.012896,0.000000,0.000000,-0.000000,0.000000,2.012896,-0.000000,-0.000088,False
2012-11-24,2.012899,2.012899,0.000000,0.000000,-0.000000,0.000000,2.012899,-0.000000,-0.000085,False
2012-11-25,2.012902,2.012902,0.000000,0.000000,-0.000000,0.000000,2.012902,-0.000000,-0.000088,False
2012-11-26,2.012904,2.012904,0.000000,0.000000,-0.000000,0.000000,2.012905,-0.000000,-0.000090,False
2012-11-27,2.012907,2.012907,0.000000,0.000000,-0.000000,0.000000,2.012907,-0.000000,-0.000092,False
2012-11-28,2.012910,2.012910,0.000000,0.000000,-0.000000,0.000000,2.012910,-0.000000,-0.000089,False
2012-11-29,2.012913,2.012913,0.000000,0.000000,-0.000000,0.000000,2.012913,-0.000000,-0.000090,False
2012-11-30,2.012915,2.012915,0.000000,0.000000,-0.000000,0.000000,2.012915,-0.000000,-0.000092,False
2012-12-01,2.012918,2.012918,0.000000,0.000000,-0.000000,0.000000,2.012918,-0.000000,-0.000093,False
2012-12-02,2.012921,2.012921,0.000000,0.000000,-0.000000,0.000000,2.012921,-0.000000,-0.000089,False
2012-12-03,2.012924,2.012924,0.000000,0.000000,-0.000000,0.000000,2.012924,-0.000000,-0.000090,False
2012-12-04,2.012926,2.012926,0.000000,0.000000,-0.000000,0.000000,2.012926,-0.000000,-0.000090,False
2012-12-05,2.012929,2.012929,0.000000,0.000000,-0.000000,0.000000,2.012929,-0.000000,-0.000091,False
2012-12-06,2.012932,2.012932,0.000000,0.000000,-0.000000,0.000000,2.012932,-0.000000,-0.000091,False
2012-12-07,2.012934,2.012934,0.000000,0.000000,-0.000000,0.000000,2.012935,-0.000000,-0.000086,False
2012-12-08,2.012937,2.012937,0.000000,0.000000,-0.000000,0.000000,2.012937,-0.000000,-0.000086,False
2012-12-09,2.012940,2.012940,0.000000,0.000000,-0.000000,0.000000,2.012940,-0.000000,-0.000085,False
2012-12-10,2.012943,2.012943,0.000000,0.000000,-0.000000,0.000000,2.012943,-0.000000,-0.000083,False
2012-12-11,2.012945,2.012945,0.000000,0.000000,-0.000000,0.000000,2.012946,-0.000000,-0.000082,False
2012-12-12,2.012948,2.012948,0.000000,0.000000,-0.000000,0.000000,2.012948,-0.000000,-0.000080,False
2012-12-13,2.012951,2.012951,0.000000,0.000000,-0.000000,0.000000,2.012951,-0.000000,-0.000078,False
2012-12-14,2.012954,2.012954,0.000000,0.000000,-0.000000,0.000000,2.012954,-0.000000,-0.000077,False
2012-12-15,2.012956,2.012956,0.000000,0.000000,-0.000000,0.000000,2.012956,-0.000000,-0.000076,False
2012-12-16,2.012959,2.012959,0.000000,0.000000,-0.000000,0.000000,2.012959,-0.000000,-0.000069,False
2012-12-17,2.012962,2.012962,0.000000,0.000000,-0.000000,0.000000,2.012962,-0.000000,-0.000068,False
2012-12-18,2.012964,2.012965,0.000000,0.000000,-0.000000,0.000000,2.012965,-0.000000,-0.000066,False
2012-12-19,2.012967,2.012967,0.000000,0.000000,-0.000000,0.000000,2.012967,-0.000000,-0.000065,False
2012-12-20,2.012970,2.012970,0.000000,0.000000,-0.000000,0.000000,2.012970,-0.000000,-0.000058,False
2012-12-21,2.012973,2.012973,0.000000,0.000000,-0.000000,0.000000,2.012973,-0.000000,-0.000056,False
2012-12-22,2.012975,2.012975,0.000000,0.000000,-0.000000,0.000000,2.012976,-0.000000,-0.000054,False
2012-12-23,2.012978,2.012978,0.000000,0.000000,-0.000000,0.000000,2.012978,-0.000000,-0.000052,False
2012-12-24,2.012981,2.012981,0.000000,0.000000,-0.000000,0.000000,2.012981,-0.000000,-0.000050,False
2012-12-25,2.012984,2.012984,0.000000,0.000000,-0.000000,0.000000,2.012984,-0.000000,-0.000042,False
2012-12-26,2.012986,2.012986,0.000000,0.000000,-0.000000,0.000000,2.012986,-0.000000,-0.000040,False
2012-12-27,2.012989,2.012989,-0.000000,0.000000,-0.000000,0.000000,2.012989,-0.000000,-0.000038,False
2012-12-28,2.012992,2.012992,-0.000000,0.000000,-0.000000,0.000000,2.012992,-0.000000,-0.000035,False
2012-12-29,2.012995,2.012995,-0.000000,0.000000,-0.000000,0.000000,2.012995,-0.000000,-0.000028,False
2012-12-30,2.012997,2.012997,-0.000000,0.000000,-0.000000,0.000000,2.012997,-0.000000,-0.000026,False
2012-12-31,2.013000,2.013000,-0.000000,0.000000,-0.000000,0.000000,2.013000,-0.000000,-0.000024,False
2013-01-01,2.013003,2.013003,-0.000000,0.000000,-0.000000,0.000000,2.013003,-0.000000,-0.000016,False
2013-01-02,2.013005,2.013006,-0.000000,0.000000,-0.000000,0.000000,2.013006,-0.000000,-0.000013,False
2013-01-03,2.013008,2.013008,-0.000000,0.000000,-0.000000,0.000000,2.013008,-0.000000,-0.000009,False
2013-01-04,2.013011,2.013011,-0.000000,0.000000,-0.000000,0.000000,2.013011,-0.000000,-0.000006,False
2013-01-05,2.013014,2.013014,-0.000000,0.000000,-0.000000,0.000000,2.013014,-0.000000,-0.000003,False
2013-01-06,2.013016,2.013016,-0.000000,0.000000,-0.000000,0.000000,2.013016,0.000000,0.000001,False
2013-01-07,2.013019,2.013019,-0.000000,0.000000,-0.000000,0.000000,2.013019,0.000000,0.000004,False
2013-01-08,2.013022,2.013022,-0.000000,0.000000,-0.000000,0.000000,2.013022,0.000000,0.000007,False
2013-01-09,2.013025,2.013025,-0.000000,0.000000,-0.000000,0.000000,2.013025,0.000000,0.000010,False
2013-01-10,2.013027,2.013027,-0.000000,0.000000,-0.000000,0.000000,2.013027,0.000000,0.000013,False
2013-01-11,2.013030,2.013030,-0.000000,0.000000,-0.000000,0.000000,2.013030,0.000000,0.000016,False
2013-01-12,2.013033,2.013033,-0.000000,0.000000,-0.000000,0.000000,2.013033,0.000000,0.000018,False
2013-01-13,2.013036,2.013036,-0.000000,0.000000,-0.000000,0.000000,2.013036,0.000000,0.000021,False
2013-01-14,2.013038,2.013038,-0.000000,0.000000,-0.000000,0.000000,2.013038,0.000000,0.000023,False
2013-01-15,2.013041,2.013041,-0.000000,0.000000,-0.000000,0.000000,2.013041,0.000000,0.000025,False
2013-01-16,2.013044,2.013044,-0.000000,0.000000,-0.000000,0.000000,2.013044,0.000000,0.000027,False
2013-01-17,2.013047,2.013047,-0.000000,0.000000,-0.000000,0.000000,2.013047,0.000000,0.000029,False
2013-01-18,2.013049,2.013049,-0.000000,-0.000000,-0.000000,0.000000,2.013049,0.000000,0.000031,False
2013-01-19,2.013052,2.013052,-0.000000,-0.000000,-0.000000,0.000000,2.013052,0.000000,0.000028,False
2013-01-20,2.013055,2.013055,-0.000000,-0.000000,-0.000000,0.000000,2.013055,0.000000,0.000029,False
2013-01-21,2.013058,2.013058,-0.000000,-0.000000,-0.000000,0.000000,2.013057,0.000000,0.000030,False
2013-01-22,2.013060,2.013060,-0.000000,-0.000000,-0.000000,0.000000,2.013060,0.000000,0.000032,False
2013-01-23,2.013063,2.013063,-0.000000,-0.000000,-0.000000,0.000000,2.013063,0.000000,0.000033,False
2013-01-24,2.013066,2.013066,-0.000000,-0.000000,-0.000000,0.000000,2.013066,0.000000,0.000033,False
2013-01-25,2.013068,2.013069,-0.000000,-0.000000,-0.000000,0.000000,2.013068,0.000000,0.000034,False
2013-01-26,2.013071,2.013071,-0.000000,-0.000000,-0.000000,0.000000,2.013071,0.000000,0.000035,False
2013-01-27,2.013074,2.013074,-0.000000,-0.000000,-0.000000,0.000000,2.013074,0.000000,0.000035,False
2013-01-28,2.013077,2.013077,-0.000000,-0.000000,-0.000000,0.000000,2.013077,0.000000,0.000035,False
2013-01-29,2.013079,2.013079,-0.000000,-0.000000,-0.000000,0.000000,2.013079,0.000000,0.000035,False
2013-01-30,2.013082,2.013082,-0.000000,-0.000000,-0.000000,0.000000,2.013082,0.000000,0.000035,False
2013-01-31,2.013085,2.013085,-0.000000,-0.000000,-0.000000,0.000000,2.013085,0.000000,0.000035,False
2013-02-01,2.013088,2.013088,-0.000000,-0.000000,-0.000000,0.000000,2.013088,0.000000,0.000035,False
2013-02-02,2.013090,2.013090,-0.000000,-0.000000,-0.000000,0.000000,2.013090,0.000000,0.000034,False
2013-02-03,2.013093,2.013093,-0.000000,-0.000000,-0.000000,0.000000,2.013093,0.000000,0.000034,False
2013-02-04,2.013096,2.013096,-0.000000,-0.000000,-0.000000,0.000000,2.013096,0.000000,0.000033,False
2013-02-05,2.013099,2.013099,-0.000000,-0.000000,-0.000000,0.000000,2.013099,0.000000,0.000032,False
2013-02-06,2.013101,2.013101,-0.000000,-0.000000,-0.000000,0.000000,2.013101,0.000000,0.000032,False
2013-02-07,2.013104,2.013104,-0.000000,-0.000000,-0.000000,0.000000,2.013104,0.000000,0.000031,False
2013-02-08,2.013107,2.013107,-0.000000,-0.000000,-0.000000,0.000000,2.013107,0.000000,0.000030,False
2013-02-09,2.013110,2.013110,-0.000000,-0.000000,-0.000000,0.000000,2.013110,0.000000,0.000029,False
2013-02-10,2.013112,2.013112,-0.000000,-0.000000,-0.000000,0.000000,2.013112,0.000000,0.000028,False
2013-02-11,2.013115,2.013115,0.000000,-0.000000,-0.000000,0.000000,2.013115,0.000000,0.000027,False
2013-02-12,2.013118,2.013118,0.000000,-0.000000,-0.000000,0.000000,2.013118,0.000000,0.000025,False
2013-02-13,2.013121,2.013121,0.000000,-0.000000,-0.000000,0.000000,2.013121,0.000000,0.000024,False
2013-02-14,2.013123,2.013123,0.000000,-0.000000,-0.000000,0.000000,2.013123,0.000000,0.000023,False
2013-02-15,2.013126,2.013126,0.000000,-0.000000,-0.000000,0.000000,2.013126,0.000000,0.000022,False
2013-02-16,2.013129,2.013129,0.000000,-0.000000,-0.000000,0.000000,2.013129,0.000000,0.000021,False
2013-02-17,2.013132,2.013132,0.000000,-0.000000,-0.000000,0.000000,2.013131,0.000000,0.000019,False
2013-02-18,2.013134,2.013134,0.000000,-0.000000,-0.000000,0.000000,2.013134,0.000000,0.000018,False
2013-02-19,2.013137,2.013137,0.000000,-0.000000,-0.000000,0.000000,2.013137,0.000000,0.000017,False
2013-02-20,2.013140,2.013140,0.000000,-0.000000,-0.000000,0.000000,2.013140,0.000000,0.000016,False
2013-02-21,2.013142,2.013143,0.000000,-0.000000,-0.000000,0.000000,2.013142,0.000000,0.000015,False
2013-02-22,2.013145,2.013145,0.000000,-0.000000,-0.000000,0.000000,2.013145,0.000000,0.000014,False
2013-02-23,2.013148,2.013148,0.000000,-0.000000,-0.000000,0.000000,2.013148,0.000000,0.000013,False
2013-02-24,2.013151,2.013151,0.000000,-0.000000,-0.000000,0.000000,2.013151,0.000000,0.000007,False
2013-02-25,2.013153,2.013153,0.000000,-0.000000,-0.000000,0.000000,2.013153,0.000000,0.000006,False
2013-02-26,2.013156,2.013156,0.000000,-0.000000,-0.000000,0.000000,2.013156,0.000000,0.000005,False
2013-02-27,2.013159,2.013159,0.000000,-0.000000,-0.000000,0.000000,2.013159,0.000000,0.000004,False
2013-02-28,2.013162,2.013162,0.000000,-0.000000,-0.000000,0.000000,2.013162,0.000000,0.000004,False
2013-03-01,2.013164,2.013164,0.000000,-0.000000,-0.000000,0.000000,2.013164,0.000000,0.000003,False
2013-03-02,2.013167,2.013167,0.000000,-0.000000,-0.000000,0.000000,2.013167,0.000000,0.000003,False
2013-03-03,2.013170,2.013170,0.000000,-0.000000,-0.000000,0.000000,2.013170,0.000000,0.000002,False
2013-03-04,2.013173,2.013173,0.000000,-0.000000,-0.000000,0.000000,2.013173,0.000000,0.000002,False
2013-03-05,2.013175,2.013175,0.000000,-0.000000,-0.000000,0.000000,2.013175,0.000000,0.000002,False
2013-03-06,2.013178,2.013178,0.000000,-0.000000,-0.000000,0.000000,2.013178,0.000000,0.000002,False
2013-03-07,2.013181,2.013181,0.000000,-0.000000,-0.000000,0.000000,2.013181,0.000000,0.000002,False
2013-03-08,2.013184,2.013184,0.000000,-0.000000,-0.000000,0.000000,2.013184,0.000000,0.000002,False
2013-03-09,2.013186,2.013186,0.000000,-0.000000,-0.000000,0.000000,2.013186,0.000000,0.000002,False
2013-03-10,2.013189,2.013189,0.000000,-0.000000,-0.000000,0.000000,2.013189,0.000000,0.000002,False
2013-03-11,2.013192,2.013192,0.000000,-0.000000,-0.000000,0.000000,2.013192,0.000000,0.000002,False
2013-03-12,2.013195,2.013195,0.000000,-0.000000,-0.000000,0.000000,2.013195,0.000000,0.000003,False
2013-03-13,2.013197,2.013197,0.000000,-0.000000,-0.000000,0.000000,2.013197,0.000000,0.000003,False
2013-03-14,2.013200,2.013200,0.000000,-0.000000,-0.000000,0.000000,2.013200,0.000000,0.000004,False
2013-03-15,2.013203,2.013203,0.000000,-0.000000,-0.000000,0.000000,2.013203,0.000000,0.000004,False
2013-03-16,2.013205,2.013206,0.000000,-0.000000,-0.000000,0.000000,2.013205,0.000000,0.000005,False
2013-03-17,2.013208,2.013208,0.000000,-0.000000,-0.000000,0.000000,2.013208,0.000000,0.000006,False
2013-03-18,2.013211,2.013211,0.000000,-0.000000,-0.000000,0.000000,2.013211,0.000000,0.000007,False
2013-03-19,2.013214,2.013214,0.000000,-0.000000,-0.000000,0.000000,2.013214,0.000000,0.000007,False
2013-03-20,2.013216,2.013216,0.000000,-0.000000,-0.000000,0.000000,2.013216,0.000000,0.000008,False
2013-03-21,2.013219,2.013219,0.000000,-0.000000,-0.000000,0.000000,2.013219,0.000000,0.000009,False
2013-03-22,2.013222,2.013222,0.000000,-0.000000,-0.000000,0.000000,2.013222,0.000000,0.000010,False
2013-03-23,2.013225,2.013225,0.000000,-0.000000,-0.000000,0.000000,2.013225,0.000000,0.000011,False
2013-03-24,2.013227,2.013227,0.000000,-0.000000,-0.000000,0.000000,2.013227,0.000000,0.000012,False
2013-03-25,2.013230,2.013230,0.000000,-0.000000,-0.000000,0.000000,2.013230,0.000000,0.000013,False
2013-03-26,2.013233,2.013233,0.000000,-0.000000,-0.000000,0.000000,2.013233,0.000000,0.000014,False
2013-03-27,2.013236,2.013236,0.000000,-0.000000,-0.000000,0.000000,2.013236,0.000000,0.000014,False
2013-03-28,2.013238,2.013238,-0.000000,-0.000000,-0.000000,0.000000,2.013238,0.000000,0.000015,False
2013-03-29,2.013241,2.013241,-0.000000,-0.000000,-0.000000,0.000000,2.013241,0.000000,0.000016,False
2013-03-30,2.013244,2.013244,-0.000000,-0.000000,-0.000000,0.000000,2.013244,0.000000,0.000017,False
2013-03-31,2.013247,2.013247,-0.000000,-0.000000,-0.000000,0.000000,2.013247,0.000000,0.000018,False
2013-04-01,2.013249,2.013249,-0.000000,-0.000000,-0.000000,0.000000,2.013249,0.000000,0.000018,False
2013-04-02,2.013252,2.013252,-0.000000,-0.000000,-0.000000,0.000000,2.013252,0.000000,0.000014,False
2013-04-03,2.013255,2.013255,-0.000000,-0.000000,-0.000000,0.000000,2.013255,0.000000,0.000014,False
2013-04-04,2.013258,2.013258,-0.000000,-0.000000,-0.000000,0.000000,2.013258,0.000000,0.000015,False
2013-04-05,2.013260,2.013260,-0.000000,-0.000000,-0.000000,0.000000,2.013260,0.000000,0.000015,False
2013-04-06,2.013263,2.013263,-0.000000,-0.000000,-0.000000,0.000000,2.013263,0.000000,0.000015,False
2013-04-07,2.013266,2.013266,-0.000000,-0.000000,-0.000000,0.000000,2.013266,0.000000,0.000015,False
2013-04-08,2.013268,2.013269,-0.000000,-0.000000,-0.000000,0.000000,2.013268,0.000000,0.000015,False
2013-04-09,2.013271,2.013271,-0.000000,-0.000000,-0.000000,0.000000,2.013271,0.000000,0.000015,False
2013-04-10,2.013274,2.013274,-0.000000,-0.000000,-0.000000,0.000000,2.013274,0.000000,0.000015,False
2013-04-11,2.013277,2.013277,-0.000000,-0.000000,-0.000000,0.000000,2.013277,0.000000,0.000014,False
2013-04-12,2.013279,2.013279,-0.000000,-0.000000,-0.000000,0.000000,2.013279,0.000000,0.000014,False
2013-04-13,2.013282,2.013282,-0.000000,-0.000000,-0.000000,0.000000,2.013282,0.000000,0.000013,False
2013-04-14,2.013285,2.013285,-0.000000,-0.000000,-0.000000,0.000000,2.013285,0.000000,0.000012,False
2013-04-15,2.013288,2.013288,-0.000000,-0.000000,0.000000,0.000000,2.013288,0.000000,0.000011,False
2013-04-16,2.013290,2.013290,-0.000000,-0.000000,0.000000,0.000000,2.013290,0.000000,0.000010,False
2013-04-17,2.013293,2.013293,-0.000000,-0.000000,0.000000,0.000000,2.013293,0.000000,0.000009,False
2013-04-18,2.013296,2.013296,-0.000000,-0.000000,0.000000,0.000000,2.013296,0.000000,0.000008,False
2013-04-19,2.013299,2.013299,-0.000000,0.000000,0.000000,0.000000,2.013299,0.000000,0.000006,False
2013-04-20,2.013301,2.013301,-0.000000,0.000000,0.000000,0.000000,2.013301,0.000000,0.000004,False
2013-04-21,2.013304,2.013304,-0.000000,0.000000,0.000000,-0.000000,2.013304,0.000000,0.000002,False
2013-04-22,2.013307,2.013307,-0.000000,0.000000,0.000000,-0.000000,2.013307,0.000000,0.000001,False
2013-04-23,2.013310,2.013310,-0.000000,0.000000,0.000000,-0.000000,2.013310,-0.000000,-0.000002,False
2013-04-24,2.013312,2.013312,-0.000000,0.000000,0.000000,-0.000000,2.013312,-0.000000,-0.000004,False
2013-04-25,2.013315,2.013315,-0.000000,0.000000,0.000000,-0.000000,2.013315,-0.000000,-0.000006,False
2013-04-26,2.013318,2.013318,-0.000000,0.000000,0.000000,-0.000000,2.013318,-0.000000,-0.000009,False
2013-04-27,2.013321,2.013321,-0.000000,0.000000,0.000000,-0.000000,2.013321,-0.000000,-0.000011,False
2013-04-28,2.013323,2.013323,-0.000000,0.000000,0.000000,-0.000000,2.013323,-0.000000,-0.000014,False
2013-04-29,2.013326,2.013326,-0.000000,0.000000,0.000000,-0.000000,2.013326,-0.000000,-0.000017,False
2013-04-30,2.013329,2.013329,-0.000000,0.000000,0.000000,-0.000000,2.013329,-0.000000,-0.000020,False
2013-05-01,2.013332,2.013332,-0.000000,0.000000,0.000000,-0.000000,2.013332,-0.000000,-0.000023,False
2013-05-02,2.013334,2.013334,-0.000000,0.000000,0.000000,-0.000000,2.013334,-0.000000,-0.000026,False
2013-05-03,2.013337,2.013337,-0.000000,0.000000,0.000000,-0.000000,2.013337,-0.000000,-0.000029,False
2013-05-04,2.013340,2.013340,-0.000000,0.000000,0.000000,-0.000000,2.013340,-0.000000,-0.000032,False
2013-05-05,2.013342,2.013343,-0.000000,0.000000,0.000000,-0.000000,2.013343,-0.000000,-0.000036,False
2013-05-06,2.013345,2.013345,-0.000000,0.000000,0.000000,-0.000000,2.013345,-0.000000,-0.000039,False
2013-05-07,2.013348,2.013348,-0.000000,0.000000,0.000000,-0.000000,2.013348,-0.000000,-0.000042,False
2013-05-08,2.013351,2.013351,-0.000000,0.000000,0.000000,-0.000000,2.013351,-0.000000,-0.000051,False
2013-05-09,2.013353,2.013353,-0.000000,0.000000,0.000000,-0.000000,2.013354,-0.000000,-0.000054,False
2013-05-10,2.013356,2.013356,-0.000000,0.000000,0.000000,-0.000000,2.013356,-0.000000,-0.000057,False
2013-05-11,2.013359,2.013359,-0.000000,0.000000,0.000000,-0.000000,2.013359,-0.000000,-0.000061,False
2013-05-12,2.013362,2.013362,-0.000000,0.000000,0.000000,-0.000000,2.013362,-0.000000,-0.000064,False
2013-05-13,2.013364,2.013364,0.000000,0.000000,0.000000,-0.000000,2.013365,-0.000000,-0.000067,False
2013-05-14,2.013367,2.013367,0.000000,0.000000,0.000000,-0.000000,2.013367,-0.000000,-0.000071,False
2013-05-15,2.013370,2.013370,0.000000,0.000000,0.000000,-0.000000,2.013370,-0.000000,-0.000074,False
2013-05-16,2.013373,2.013373,0.000000,0.000000,0.000000,-0.000000,2.013373,-0.000000,-0.000077,False
2013-05-17,2.013375,2.013375,0.000000,0.000000,0.000000,-0.000000,2.013375,-0.000000,-0.000080,False
2013-05-18,2.013378,2.013378,0.000000,0.000000,0.000000,-0.000000,2.013378,-0.000000,-0.000083,False
2013-05-19,2.013381,2.013381,0.000000,0.000000,0.000000,-0.000000,2.013381,-0.000000,-0.000086,False
2013-05-20,2.013384,2.013384,0.000000,0.000000,0.000000,-0.000000,2.013384,-0.000000,-0.000088,False
2013-05-21,2.013386,2.013386,0.000000,0.000000,0.000000,-0.000000,2.013386,-0.000000,-0.000091,False
2013-05-22,2.013389,2.013389,0.000000,0.000000,0.000000,-0.000000,2.013389,-0.000000,-0.000094,False
2013-05-23,2.013392,2.013392,0.000000,0.000000,0.000000,-0.000000,2.013392,-0.000000,-0.000096,False
2013-05-24,2.013395,2.013395,0.000000,0.000000,0.000000,-0.000000,2.013395,-0.000000,-0.000098,False
2013-05-25,2.013397,2.013397,0.000000,0.000000,0.000000,-0.000000,2.013397,-0.000000,-0.000100,False
2013-05-26,2.013400,2.013400,0.000000,0.000000,0.000000,-0.000000,2.013400,-0.000000,-0.000102,False
2013-05-27,2.013403,2.013403,0.000000,0.000000,0.000000,-0.000000,2.013403,-0.000000,-0.000104,False
2013-05-28,2.013405,2.013406,0.000000,0.000000,0.000000,-0.000000,2.013406,-0.000000,-0.000105,False
2013-05-29,2.013408,2.013408,0.000000,0.000000,0.000000,-0.000000,2.013408,-0.000000,-0.000107,False
2013-05-30,2.013411,2.013411,0.000000,0.000000,0.000000,-0.000000,2.013411,-0.000000,-0.000108,False
2013-05-31,2.013414,2.013414,0.000000,0.000000,0.000000,-0.000000,2.013414,-0.000000,-0.000109,False
2013-06-01,2.013416,2.013416,0.000000,0.000000,0.000000,-0.000000,2.013417,-0.000000,-0.000110,False
2013-06-02,2.013419,2.013419,0.000000,0.000000,0.000000,-0.000000,2.013419,-0.000000,-0.000110,False
2013-06-03,2.013422,2.013422,0.000000,0.000000,0.000000,-0.000000,2.013422,-0.000000,-0.000110,False
2013-06-04,2.013425,2.013425,0.000000,0.000000,0.000000,-0.000000,2.013425,-0.000000,-0.000111,False
2013-06-05,2.013427,2.013427,0.000000,0.000000,0.000000,-0.000000,2.013428,-0.000000,-0.000111,False
2013-06-06,2.013430,2.013430,0.000000,0.000000,0.000000,-0.000000,2.013430,-0.000000,-0.000110,False
2013-06-07,2.013433,2.013433,0.000000,0.000000,0.000000,-0.000000,2.013433,-0.000000,-0.000110,False
2013-06-08,2.013436,2.013436,0.000000,0.000000,0.000000,-0.000000,2.013436,-0.000000,-0.000109,False
2013-06-09,2.013438,2.013438,0.000000,0.000000,0.000000,-0.000000,2.013439,-0.000000,-0.000109,False
2013-06-10,2.013441,2.013441,0.000000,0.000000,0.000000,-0.000000,2.013441,-0.000000,-0.000107,False
2013-06-11,2.013444,2.013444,0.000000,0.000000,0.000000,-0.000000,2.013444,-0.000000,-0.000106,False
2013-06-12,2.013447,2.013447,0.000000,0.000000,0.000000,-0.000000,2.013447,-0.000000,-0.000105,False
2013-06-13,2.013449,2.013449,0.000000,0.000000,0.000000,-0.000000,2.013450,-0.000000,-0.000103,False
2013-06-14,2.013452,2.013452,0.000000,0.000000,0.000000,-0.000000,2.013452,-0.000000,-0.000107,False
2013-06-15,2.013455,2.013455,0.000000,0.000000,0.000000,-0.000000,2.013455,-0.000000,-0.000105,False
2013-06-16,2.013458,2.013458,0.000000,0.000000,0.000000,-0.000000,2.013458,-0.000000,-0.000103,False
2013-06-17,2.013460,2.013460,0.000000,0.000000,0.000000,-0.000000,2.013460,-0.000000,-0.000100,False
2013-06-18,2.013463,2.013463,0.000000,0.000000,0.000000,-0.000000,2.013463,-0.000000,-0.000098,False
2013-06-19,2.013466,2.013466,0.000000,0.000000,0.000000,-0.000000,2.013466,-0.000000,-0.000095,False
2013-06-20,2.013468,2.013469,0.000000,0.000000,0.000000,-0.000000,2.013469,-0.000000,-0.000093,False
2013-06-21,2.013471,2.013471,0.000000,0.000000,0.000000,-0.000000,2.013471,-0.000000,-0.000090,False
2013-06-22,2.013474,2.013474,0.000000,0.000000,0.000000,-0.000000,2.013474,-0.000000,-0.000087,False
2013-06-23,2.013477,2.013477,0.000000,0.000000,0.000000,-0.000000,2.013477,-0.000000,-0.000084,False
2013-06-24,2.013479,2.013479,0.000000,0.000000,0.000000,-0.000000,2.013480,-0.000000,-0.000081,False
2013-06-25,2.013482,2.013482,0.000000,0.000000,0.000000,-0.000000,2.013482,-0.000000,-0.000078,False
2013-06-26,2.013485,2.013485,0.000000,0.000000,0.000000,-0.000000,2.013485,-0.000000,-0.000075,False
2013-06-27,2.013488,2.013488,-0.000000,0.000000,0.000000,-0.000000,2.013488,-0.000000,-0.000072,False
2013-06-28,2.013490,2.013490,-0.000000,0.000000,0.000000,-0.000000,2.013491,-0.000000,-0.000068,False
2013-06-29,2.013493,2.013493,-0.000000,0.000000,0.000000,-0.000000,2.013493,-0.000000,-0.000065,False
2013-06-30,2.013496,2.013496,-0.000000,0.000000,0.000000,-0.000000,2.013496,-0.000000,-0.000062,False
2013-07-01,2.013499,2.013499,-0.000000,0.000000,0.000000,-0.000000,2.013499,-0.000000,-0.000058,False
2013-07-02,2.013501,2.013501,-0.000000,0.000000,0.000000,-0.000000,2.013501,-0.000000,-0.000055,False
2013-07-03,2.013504,2.013504,-0.000000,0.000000,0.000000,-0.000000,2.013504,-0.000000,-0.000052,False
2013-07-04,2.013507,2.013507,-0.000000,0.000000,0.000000,-0.000000,2.013507,-0.000000,-0.000049,False
2013-07-05,2.013510,2.013510,-0.000000,0.000000,0.000000,-0.000000,2.013510,-0.000000,-0.000045,False
2013-07-06,2.013512,2.013512,-0.000000,0.000000,0.000000,-0.000000,2.013512,-0.000000,-0.000042,False
2013-07-07,2.013515,2.013515,-0.000000,0.000000,0.000000,-0.000000,2.013515,-0.000000,-0.000039,False
2013-07-08,2.013518,2.013518,-0.000000,0.000000,0.000000,-0.000000,2.013518,-0.000000,-0.000036,False
2013-07-09,2.013521,2.013521,-0.000000,0.000000,0.000000,-0.000000,2.013521,-0.000000,-0.000033,False
2013-07-10,2.013523,2.013523,-0.000000,0.000000,0.000000,-0.000000,2.013523,-0.000000,-0.000030,False
2013-07-11,2.013526,2.013526,-0.000000,0.000000,0.000000,-0.000000,2.013526,-0.000000,-0.000027,False
2013-07-12,2.013529,2.013529,-0.000000,0.000000,0.000000,-0.000000,2.013529,-0.000000,-0.000024,False
2013-07-13,2.013532,2.013532,-0.000000,0.000000,0.000000,-0.000000,2.013532,-0.000000,-0.000022,False
2013-07-14,2.013534,2.013534,-0.000000,0.000000,0.000000,-0.000000,2.013534,-0.000000,-0.000019,False
2013-07-15,2.013537,2.013537,-0.000000,0.000000,0.000000,-0.000000,2.013537,-0.000000,-0.000017,False
2013-07-16,2.013540,2.013540,-0.000000,0.000000,0.000000,-0.000000,2.013540,-0.000000,-0.000014,False
2013-07-17,2.013542,2.013543,-0.000000,0.000000,0.000000,-0.000000,2.013542,-0.000000,-0.000012,False
2013-07-18,2.013545,2.013545,-0.000000,0.000000,0.000000,-0.000000,2.013545,-0.000000,-0.000010,False
2013-07-19,2.013548,2.013548,-0.000000,0.000000,0.000000,-0.000000,2.013548,-0.000000,-0.000008,False
2013-07-20,2.013551,2.013551,-0.000000,-0.000000,0.000000,-0.000000,2.013551,-0.000000,-0.000011,False
2013-07-21,2.013553,2.013553,-0.000000,-0.000000,0.000000,-0.000000,2.013553,-0.000000,-0.000010,False
2013-07-22,2.013556,2.013556,-0.000000,-0.000000,0.000000,-0.000000,2.013556,-0.000000,-0.000008,False
2013-07-23,2.013559,2.013559,-0.000000,-0.000000,0.000000,-0.000000,2.013559,-0.000000,-0.000007,False
2013-07-24,2.013562,2.013562,-0.000000,-0.000000,0.000000,-0.000000,2.013562,-0.000000,-0.000006,False
2013-07-25,2.013564,2.013564,-0.000000,-0.000000,0.000000,-0.000000,2.013564,-0.000000,-0.000005,False
2013-07-26,2.013567,2.013567,-0.000000,-0.000000,0.000000,-0.000000,2.013567,-0.000000,-0.000004,False
2013-07-27,2.013570,2.013570,-0.000000,-0.000000,0.000000,-0.000000,2.013570,-0.000000,-0.000003,False
2013-07-28,2.013573,2.013573,-0.000000,-0.000000,0.000000,-0.000000,2.013573,-0.000000,-0.000002,False
2013-07-29,2.013575,2.013575,-0.000000,-0.000000,0.000000,-0.000000,2.013575,-0.000000,-0.000002,False
2013-07-30,2.013578,2.013578,-0.000000,-0.000000,0.000000,-0.000000,2.013578,-0.000000,-0.000001,False
2013-07-31,2.013581,2.013581,-0.000000,-0.000000,0.000000,-0.000000,2.013581,-0.000000,-0.000001,False
2013-08-01,2.013584,2.013584,-0.000000,-0.000000,0.000000,-0.000000,2.013584,-0.000000,-0.000001,False
2013-08-02,2.013586,2.013586,-0.000000,-0.000000,0.000000,-0.000000,2.013586,-0.000000,-0.000001,False
2013-08-03,2.013589,2.013589,-0.000000,-0.000000,0.000000,-0.000000,2.013589,-0.000000,-0.000001,False
2013-08-04,2.013592,2.013592,-0.000000,-0.000000,0.000000,-0.000000,2.013592,-0.000000,-0.000001,False
2013-08-05,2.013595,2.013595,-0.000000,-0.000000,0.000000,-0.000000,2.013595,-0.000000,-0.000001,False
2013-08-06,2.013597,2.013597,-0.000000,-0.000000,0.000000,-0.000000,2.013597,-0.000000,-0.000001,False
2013-08-07,2.013600,2.013600,-0.000000,-0.000000,0.000000,-0.000000,2.013600,-0.000000,-0.000002,False
2013-08-08,2.013603,2.013603,-0.000000,-0.000000,0.000000,-0.000000,2.013603,-0.000000,-0.000002,False
2013-08-09,2.013605,2.013606,-0.000000,-0.000000,0.000000,-0.000000,2.013605,-0.000000,-0.000003,False
2013-08-10,2.013608,2.013608,-0.000000,-0.000000,0.000000,-0.000000,2.013608,-0.000000,-0.000003,False
2013-08-11,2.013611,2.013611,-0.000000,-0.000000,0.000000,-0.000000,2.013611,-0.000000,-0.000004,False
2013-08-12,2.013614,2.013614,0.000000,-0.000000,0.000000,-0.000000,2.013614,-0.000000,-0.000004,False
2013-08-13,2.013616,2.013616,0.000000,-0.000000,0.000000,-0.000000,2.013616,-0.000000,-0.000005,False
2013-08-14,2.013619,2.013619,0.000000,-0.000000,0.000000,-0.000000,2.013619,-0.000000,-0.000006,False
2013-08-15,2.013622,2.013622,0.000000,-0.000000,0.000000,-0.000000,2.013622,-0.000000,-0.000006,False
2013-08-16,2.013625,2.013625,0.000000,-0.000000,0.000000,-0.000000,2.013625,-0.000000,-0.000007,False
2013-08-17,2.013627,2.013627,0.000000,-0.000000,0.000000,-0.000000,2.013627,-0.000000,-0.000008,False
2013-08-18,2.013630,2.013630,0.000000,-0.000000,0.000000,-0.000000,2.013630,-0.000000,-0.000008,False
2013-08-19,2.013633,2.013633,0.000000,-0.000000,0.000000,-0.000000,2.013633,-0.000000,-0.000009,False
2013-08-20,2.013636,2.013636,0.000000,-0.000000,0.000000,-0.000000,2.013636,-0.000000,-0.000010,False
2013-08-21,2.013638,2.013638,0.000000,-0.000000,0.000000,-0.000000,2.013638,-0.000000,-0.000010,False
2013-08-22,2.013641,2.013641,0.000000,-0.000000,0.000000,-0.000000,2.013641,-0.000000,-0.000011,False
2013-08-23,2.013644,2.013644,0.000000,-0.000000,0.000000,-0.000000,2.013644,-0.000000,-0.000011,False
2013-08-24,2.013647,2.013647,0.000000,-0.000000,0.000000,-0.000000,2.013647,-0.000000,-0.000011,False
2013-08-25,2.013649,2.013649,0.000000,-0.000000,0.000000,-0.000000,2.013649,-0.000000,-0.000012,False
2013-08-26,2.013652,2.013652,0.000000,-0.000000,0.000000,-0.000000,2.013652,-0.000000,-0.000017,False
2013-08-27,2.013655,2.013655,0.000000,-0.000000,0.000000,-0.000000,2.013655,-0.000000,-0.000017,False
2013-08-28,2.013658,2.013658,0.000000,-0.000000,0.000000,-0.000000,2.013658,-0.000000,-0.000017,False
2013-08-29,2.013660,2.013660,0.000000,-0.000000,0.000000,-0.000000,2.013660,-0.000000,-0.000017,False
2013-08-30,2.013663,2.013663,0.000000,-0.000000,0.000000,-0.000000,2.013663,-0.000000,-0.000017,False
2013-08-31,2.013666,2.013666,0.000000,-0.000000,0.000000,-0.000000,2.013666,-0.000000,-0.000017,False
2013-09-01,2.013668,2.013669,0.000000,-0.000000,0.000000,-0.000000,2.013669,-0.000000,-0.000017,False
2013-09-02,2.013671,2.013671,0.000000,-0.000000,0.000000,-0.000000,2.013671,-0.000000,-0.000016,False
2013-09-03,2.013674,2.013674,0.000000,-0.000000,0.000000,-0.000000,2.013674,-0.000000,-0.000016,False
2013-09-04,2.013677,2.013677,0.000000,-0.000000,0.000000,-0.000000,2.013677,-0.000000,-0.000015,False
2013-09-05,2.013679,2.013679,0.000000,-0.000000,0.000000,-0.000000,2.013679,-0.000000,-0.000014,False
2013-09-06,2.013682,2.013682,0.000000,-0.000000,0.000000,-0.000000,2.013682,-0.000000,-0.000014,False
2013-09-07,2.013685,2.013685,0.000000,-0.000000,0.000000,-0.000000,2.013685,-0.000000,-0.000013,False
2013-09-08,2.013688,2.013688,0.000000,-0.000000,0.000000,-0.000000,2.013688,-0.000000,-0.000012,False
2013-09-09,2.013690,2.013690,0.000000,-0.000000,0.000000,-0.000000,2.013690,-0.000000,-0.000011,False
2013-09-10,2.013693,2.013693,0.000000,-0.000000,0.000000,-0.000000,2.013693,-0.000000,-0.000009,False
2013-09-11,2.013696,2.013696,0.000000,-0.000000,0.000000,-0.000000,2.013696,-0.000000,-0.000008,False
2013-09-12,2.013699,2.013699,0.000000,-0.000000,0.000000,-0.000000,2.013699,-0.000000,-0.000007,False
2013-09-13,2.013701,2.013701,0.000000,-0.000000,0.000000,-0.000000,2.013701,-0.000000,-0.000005,False
2013-09-14,2.013704,2.013704,0.000000,-0.000000,0.000000,-0.000000,2.013704,-0.000000,-0.000004,False
2013-09-15,2.013707,2.013707,0.000000,-0.000000,0.000000,-0.000000,2.013707,-0.000000,-0.000002,False
2013-09-16,2.013710,2.013710,0.000000,-0.000000,0.000000,-0.000000,2.013710,-0.000000,-0.000001,False
2013-09-17,2.013712,2.013712,0.000000,-0.000000,0.000000,-0.000000,2.013712,0.000000,0.000001,False
2013-09-18,2.013715,2.013715,0.000000,-0.000000,0.000000,-0.000000,2.013715,0.000000,0.000003,False
2013-09-19,2.013718,2.013718,0.000000,-0.000000,0.000000,-0.000000,2.013718,0.000000,0.000005,False
2013-09-20,2.013721,2.013721,0.000000,-0.000000,0.000000,-0.000000,2.013721,0.000000,0.000006,False
2013-09-21,2.013723,2.013723,0.000000,-0.000000,0.000000,-0.000000,2.013723,0.000000,0.000008,False
2013-09-22,2.013726,2.013726,0.000000,-0.000000,0.000000,-0.000000,2.013726,0.000000,0.000010,False
2013-09-23,2.013729,2.013729,0.000000,-0.000000,0.000000,-0.000000,2.013729,0.000000,0.000012,False
2013-09-24,2.013732,2.013732,0.000000,-0.000000,0.000000,-0.000000,2.013731,0.000000,0.000014,False
2013-09-25,2.013734,2.013734,0.000000,-0.000000,0.000000,-0.000000,2.013734,0.000000,0.000016,False
2013-09-26,2.013737,2.013737,0.000000,-0.000000,0.000000,-0.000000,2.013737,0.000000,0.000018,False
2013-09-27,2.013740,2.013740,-0.000000,-0.000000,0.000000,-0.000000,2.013740,0.000000,0.000019,False
2013-09-28,2.013742,2.013743,-0.000000,-0.000000,0.000000,-0.000000,2.013742,0.000000,0.000021,False
2013-09-29,2.013745,2.013745,-0.000000,-0.000000,0.000000,-0.000000,2.013745,0.000000,0.000023,False
2013-09-30,2.013748,2.013748,-0.000000,-0.000000,0.000000,-0.000000,2.013748,0.000000,0.000024,False
2013-10-01,2.013751,2.013751,-0.000000,-0.000000,0.000000,-0.000000,2.013751,0.000000,0.000021,False
2013-10-02,2.013753,2.013753,-0.000000,-0.000000,0.000000,-0.000000,2.013753,0.000000,0.000022,False
2013-10-03,2.013756,2.013756,-0.000000,-0.000000,0.000000,-0.000000,2.013756,0.000000,0.000024,False
2013-10-04,2.013759,2.013759,-0.000000,-0.000000,0.000000,-0.000000,2.013759,0.000000,0.000025,False
2013-10-05,2.013762,2.013762,-0.000000,-0.000000,0.000000,-0.000000,2.013762,0.000000,0.000026,False
2013-10-06,2.013764,2.013764,-0.000000,-0.000000,0.000000,-0.000000,2.013764,0.000000,0.000028,False
2013-10-07,2.013767,2.013767,-0.000000,-0.000000,0.000000,-0.000000,2.013767,0.000000,0.000029,False
2013-10-08,2.013770,2.013770,-0.000000,-0.000000,0.000000,-0.000000,2.013770,0.000000,0.000030,False
2013-10-09,2.013773,2.013773,-0.000000,-0.000000,0.000000,-0.000000,2.013773,0.000000,0.000030,False
2013-10-10,2.013775,2.013775,-0.000000,-0.000000,0.000000,-0.000000,2.013775,0.000000,0.000031,False
2013-10-11,2.013778,2.013778,-0.000000,-0.000000,0.000000,-0.000000,2.013778,0.000000,0.000032,False
2013-10-12,2.013781,2.013781,-0.000000,-0.000000,0.000000,-0.000000,2.013781,0.000000,0.000032,False
2013-10-13,2.013784,2.013784,-0.000000,-0.000000,0.000000,-0.000000,2.013783,0.000000,0.000032,False
2013-10-14,2.013786,2.013786,-0.000000,-0.000000,-0.000000,-0.000000,2.013786,0.000000,0.000032,False
2013-10-15,2.013789,2.013789,-0.000000,-0.000000,-0.000000,-0.000000,2.013789,0.000000,0.000032,False
2013-10-16,2.013792,2.013792,-0.000000,-0.000000,-0.000000,-0.000000,2.013792,0.000000,0.000032,False
2013-10-17,2.013795,2.013795,-0.000000,-0.000000,-0.000000,-0.000000,2.013794,0.000000,0.000032,False
2013-10-18,2.013797,2.013797,-0.000000,-0.000000,-0.000000,-0.000000,2.013797,0.000000,0.000031,False
2013-10-19,2.013800,2.013800,-0.000000,0.000000,-0.000000,-0.000000,2.013800,0.000000,0.000031,False
2013-10-20,2.013803,2.013803,-0.000000,0.000000,-0.000000,-0.000000,2.013803,0.000000,0.000030,False
2013-10-21,2.013805,2.013806,-0.000000,0.000000,-0.000000,-0.000000,2.013805,0.000000,0.000029,False
2013-10-22,2.013808,2.013808,-0.000000,0.000000,-0.000000,-0.000000,2.013808,0.000000,0.000028,False
2013-10-23,2.013811,2.013811,-0.000000,0.000000,-0.000000,-0.000000,2.013811,0.000000,0.000027,False
2013-10-24,2.013814,2.013814,-0.000000,0.000000,-0.000000,-0.000000,2.013814,0.000000,0.000025,False
2013-10-25,2.013816,2.013816,-0.000000,0.000000,-0.000000,-0.000000,2.013816,0.000000,0.000024,False
2013-10-26,2.013819,2.013819,-0.000000,0.000000,-0.000000,-0.000000,2.013819,0.000000,0.000022,False
2013-10-27,2.013822,2.013822,-0.000000,0.000000,-0.000000,-0.000000,2.013822,0.000000,0.000021,False
2013-10-28,2.013825,2.013825,-0.000000,0.000000,-0.000000,-0.000000,2.013825,0.000000,0.000019,False
2013-10-29,2.013827,2.013827,-0.000000,0.000000,-0.000000,-0.000000,2.013827,0.000000,0.000017,False
2013-10-30,2.013830,2.013830,-0.000000,0.000000,-0.000000,-0.000000,2.013830,0.000000,0.000015,False
2013-10-31,2.013833,2.013833,-0.000000,0.000000,-0.000000,-0.000000,2.013833,0.000000,0.000013,False
2013-11-01,2.013836,2.013836,-0.000000,0.000000,-0.000000,-0.000000,2.013836,0.000000,0.000011,False
2013-11-02,2.013838,2.013838,-0.000000,0.000000,-0.000000,-0.000000,2.013838,0.000000,0.000008,False
2013-11-03,2.013841,2.013841,-0.000000,0.000000,-0.000000,-0.000000,2.013841,0.000000,0.000006,False
2013-11-04,2.013844,2.013844,-0.000000,0.000000,-0.000000,-0.000000,2.013844,0.000000,0.000004,False
2013-11-05,2.013847,2.013847,-0.000000,0.000000,-0.000000,-0.000000,2.013847,0.000000,0.000001,False
2013-11-06,2.013849,2.013849,-0.000000,0.000000,-0.000000,-0.000000,2.013849,-0.000000,-0.000001,False
2013-11-07,2.013852,2.013852,-0.000000,0.000000,-0.000000,-0.000000,2.013852,-0.000000,-0.000009,False
2013-11-08,2.013855,2.013855,-0.000000,0.000000,-0.000000,-0.000000,2.013855,-0.000000,-0.000011,False
2013-11-09,2.013858,2.013858,-0.000000,0.000000,-0.000000,-0.000000,2.013858,-0.000000,-0.000013,False
2013-11-10,2.013860,2.013860,-0.000000,0.000000,-0.000000,-0.000000,2.013860,-0.000000,-0.000016,False
2013-11-11,2.013863,2.013863,0.000000,0.000000,-0.000000,-0.000000,2.013863,-0.000000,-0.000018,False
2013-11-12,2.013866,2.013866,0.000000,0.000000,-0.000000,-0.000000,2.013866,-0.000000,-0.000021,False
2013-11-13,2.013868,2.013869,0.000000,0.000000,-0.000000,-0.000000,2.013869,-0.000000,-0.000023,False
2013-11-14,2.013871,2.013871,0.000000,0.000000,-0.000000,-0.000000,2.013871,-0.000000,-0.000025,False
2013-11-15,2.013874,2.013874,0.000000,0.000000,-0.000000,-0.000000,2.013874,-0.000000,-0.000028,False
2013-11-16,2.013877,2.013877,0.000000,0.000000,-0.000000,-0.000000,2.013877,-0.000000,-0.000030,False
2013-11-17,2.013879,2.013879,0.000000,0.000000,-0.000000,-0.000000,2.013880,-0.000000,-0.000032,False
2013-11-18,2.013882,2.013882,0.000000,0.000000,-0.000000,-0.000000,2.013882,-0.000000,-0.000034,False
2013-11-19,2.013885,2.013885,0.000000,0.000000,-0.000000,-0.000000,2.013885,-0.000000,-0.000036,False
2013-11-20,2.013888,2.013888,0.000000,0.000000,-0.000000,-0.000000,2.013888,-0.000000,-0.000038,False
2013-11-21,2.013890,2.013890,0.000000,0.000000,-0.000000,-0.000000,2.013890,-0.000000,-0.000039,False
2013-11-22,2.013893,2.013893,0.000000,0.000000,-0.000000,-0.000000,2.013893,-0.000000,-0.000041,False
2013-11-23,2.013896,2.013896,0.000000,0.000000,-0.000000,-0.000000,2.013896,-0.000000,-0.000042,False
2013-11-24,2.013899,2.013899,0.000000,0.000000,-0.000000,-0.000000,2.013899,-0.000000,-0.000043,False
2013-11-25,2.013901,2.013901,0.000000,0.000000,-0.000000,-0.000000,2.013901,-0.000000,-0.000044,False
2013-11-26,2.013904,2.013904,0.000000,0.000000,-0.000000,-0.000000,2.013904,-0.000000,-0.000045,False
2013-11-27,2.013907,2.013907,0.000000,0.000000,-0.000000,-0.000000,2.013907,-0.000000,-0.000046,False
2013-11-28,2.013910,2.013910,0.000000,0.000000,-0.000000,-0.000000,2.013910,-0.000000,-0.000047,False
2013-11-29,2.013912,2.013912,0.000000,0.000000,-0.000000,-0.000000,2.013912,-0.000000,-0.000047,False
2013-11-30,2.013915,2.013915,0.000000,0.000000,-0.000000,-0.000000,2.013915,-0.000000,-0.000047,False
2013-12-01,2.013918,2.013918,0.000000,0.000000,-0.000000,-0.000000,2.013918,-0.000000,-0.000047,False
2013-12-02,2.013921,2.013921,0.000000,0.000000,-0.000000,-0.000000,2.013921,-0.000000,-0.000047,False
2013-12-03,2.013923,2.013923,0.000000,0.000000,-0.000000,-0.000000,2.013923,-0.000000,-0.000047,False
2013-12-04,2.013926,2.013926,0.000000,0.000000,-0.000000,-0.000000,2.013926,-0.000000,-0.000046,False
2013-12-05,2.013929,2.013929,0.000000,0.000000,-0.000000,-0.000000,2.013929,-0.000000,-0.000045,False
2013-12-06,2.013932,2.013932,0.000000,0.000000,-0.000000,-0.000000,2.013932,-0.000000,-0.000044,False
2013-12-07,2.013934,2.013934,0.000000,0.000000,-0.000000,-0.000000,2.013934,-0.000000,-0.000043,False
2013-12-08,2.013937,2.013937,0.000000,0.000000,-0.000000,-0.000000,2.013937,-0.000000,-0.000042,False
2013-12-09,2.013940,2.013940,0.000000,0.000000,-0.000000,-0.000000,2.013940,-0.000000,-0.000041,False
2013-12-10,2.013942,2.013943,0.000000,0.000000,-0.000000,-0.000000,2.013943,-0.000000,-0.000039,False
2013-12-11,2.013945,2.013945,0.000000,0.000000,-0.000000,-0.000000,2.013945,-0.000000,-0.000037,False
2013-12-12,2.013948,2.013948,0.000000,0.000000,-0.000000,-0.000000,2.013948,-0.000000,-0.000035,False
2013-12-13,2.013951,2.013951,0.000000,0.000000,-0.000000,-0.000000,2.013951,-0.000000,-0.000038,False
2013-12-14,2.013953,2.013953,0.000000,0.000000,-0.000000,-0.000000,2.013953,-0.000000,-0.000036,False
2013-12-15,2.013956,2.013956,0.000000,0.000000,-0.000000,-0.000000,2.013956,-0.000000,-0.000033,False
2013-12-16,2.013959,2.013959,0.000000,0.000000,-0.000000,-0.000000,2.013959,-0.000000,-0.000031,False
2013-12-17,2.013962,2.013962,0.000000,0.000000,-0.000000,-0.000000,2.013962,-0.000000,-0.000028,False
2013-12-18,2.013964,2.013964,0.000000,0.000000,-0.000000,-0.000000,2.013964,-0.000000,-0.000025,False
2013-12-19,2.013967,2.013967,0.000000,0.000000,-0.000000,-0.000000,2.013967,-0.000000,-0.000022,False
2013-12-20,2.013970,2.013970,0.000000,0.000000,-0.000000,-0.000000,2.013970,-0.000000,-0.000019,False
2013-12-21,2.013973,2.013973,0.000000,0.000000,-0.000000,-0.000000,2.013973,-0.000000,-0.000016,False
2013-12-22,2.013975,2.013975,0.000000,0.000000,-0.000000,-0.000000,2.013975,-0.000000,-0.000013,False
2013-12-23,2.013978,2.013978,0.000000,0.000000,-0.000000,-0.000000,2.013978,-0.000000,-0.000009,False
2013-12-24,2.013981,2.013981,0.000000,0.000000,-0.000000,-0.000000,2.013981,-0.000000,-0.000006,False
2013-12-25,2.013984,2.013984,0.000000,0.000000,-0.000000,-0.000000,2.013984,-0.000000,-0.000003,False
2013-12-26,2.013986,2.013986,0.000000,0.000000,-0.000000,-0.000000,2.013986,0.000000,0.000001,False
2013-12-27,2.013989,2.013989,-0.000000,0.000000,-0.000000,-0.000000,2.013989,0.000000,0.000004,False
2013-12-28,2.013992,2.013992,-0.000000,0.000000,-0.000000,-0.000000,2.013992,0.000000,0.000008,False
2013-12-29,2.013995,2.013995,-0.000000,0.000000,-0.000000,-0.000000,2.013994,0.000000,0.000012,False
2013-12-30,2.013997,2.013997,-0.000000,0.000000,-0.000000,-0.000000,2.013997,0.000000,0.000015,False
2013-12-31,2.014000,2.014000,-0.000000,0.000000,-0.000000,-0.000000,2.014000,0.000000,0.000019,False
2014-01-01,2.014003,2.014003,-0.000000,0.000000,-0.000000,-0.000000,2.014003,0.000000,0.000022,False
2014-01-02,2.014005,2.014006,-0.000000,0.000000,-0.000000,-0.000000,2.014005,0.000000,0.000026,False
2014-01-03,2.014008,2.014008,-0.000000,0.000000,-0.000000,-0.000000,2.014008,0.000000,0.000029,False
2014-01-04,2.014011,2.014011,-0.000000,0.000000,-0.000000,-0.000000,2.014011,0.000000,0.000032,False
2014-01-05,2.014014,2.014014,-0.000000,0.000000,-0.000000,-0.000000,2.014014,0.000000,0.000036,False
2014-01-06,2.014016,2.014016,-0.000000,0.000000,-0.000000,-0.000000,2.014016,0.000000,0.000039,False
2014-01-07,2.014019,2.014019,-0.000000,0.000000,-0.000000,-0.000000,2.014019,0.000000,0.000042,False
2014-01-08,2.014022,2.014022,-0.000000,0.000000,-0.000000,-0.000000,2.014022,0.000000,0.000045,False
2014-01-09,2.014025,2.014025,-0.000000,0.000000,-0.000000,-0.000000,2.014025,0.000000,0.000048,False
2014-01-10,2.014027,2.014027,-0.000000,0.000000,-0.000000,-0.000000,2.014027,0.000000,0.000051,False
2014-01-11,2.014030,2.014030,-0.000000,0.000000,-0.000000,-0.000000,2.014030,0.000000,0.000053,False
2014-01-12,2.014033,2.014033,-0.000000,0.000000,-0.000000,-0.000000,2.014033,0.000000,0.000056,False
2014-01-13,2.014036,2.014036,-0.000000,0.000000,-0.000000,-0.000000,2.014036,0.000000,0.000058,False
2014-01-14,2.014038,2.014038,-0.000000,0.000000,-0.000000,-0.000000,2.014038,0.000000,0.000061,False
2014-01-15,2.014041,2.014041,-0.000000,0.000000,-0.000000,-0.000000,2.014041,0.000000,0.000063,False
2014-01-16,2.014044,2.014044,-0.000000,0.000000,-0.000000,-0.000000,2.014044,0.000000,0.000065,False
2014-01-17,2.014047,2.014047,-0.000000,0.000000,-0.000000,-0.000000,2.014046,0.000000,0.000067,False
2014-01-18,2.014049,2.014049,-0.000000,-0.000000,-0.000000,-0.000000,2.014049,0.000000,0.000068,False
2014-01-19,2.014052,2.014052,-0.000000,-0.000000,-0.000000,-0.000000,2.014052,0.000000,0.000065,False
2014-01-20,2.014055,2.014055,-0.000000,-0.000000,-0.000000,-0.000000,2.014055,0.000000,0.000066,False
2014-01-21,2.014058,2.014058,-0.000000,-0.000000,-0.000000,-0.000000,2.014057,0.000000,0.000067,False
2014-01-22,2.014060,2.014060,-0.000000,-0.000000,-0.000000,-0.000000,2.014060,0.000000,0.000069,False
2014-01-23,2.014063,2.014063,-0.000000,-0.000000,-0.000000,-0.000000,2.014063,0.000000,0.000069,False
2014-01-24,2.014066,2.014066,-0.000000,-0.000000,-0.000000,-0.000000,2.014066,0.000000,0.000070,False
2014-01-25,2.014068,2.014069,-0.000000,-0.000000,-0.000000,-0.000000,2.014068,0.000000,0.000071,False
2014-01-26,2.014071,2.014071,-0.000000,-0.000000,-0.000000,-0.000000,2.014071,0.000000,0.000071,False
2014-01-27,2.014074,2.014074,-0.000000,-0.000000,-0.000000,-0.000000,2.014074,0.000000,0.000072,False
2014-01-28,2.014077,2.014077,-0.000000,-0.000000,-0.000000,-0.000000,2.014077,0.000000,0.000072,False
2014-01-29,2.014079,2.014079,-0.000000,-0.000000,-0.000000,-0.000000,2.014079,0.000000,0.000072,False
2014-01-30,2.014082,2.014082,-0.000000,-0.000000,-0.000000,-0.000000,2.014082,0.000000,0.000072,False
2014-01-31,2.014085,2.014085,-0.000000,-0.000000,-0.000000,-0.000000,2.014085,0.000000,0.000071,False
2014-02-01,2.014088,2.014088,-0.000000,-0.000000,-0.000000,-0.000000,2.014088,0.000000,0.000071,False
2014-02-02,2.014090,2.014090,-0.000000,-0.000000,-0.000000,-0.000000,2.014090,0.000000,0.000070,False
2014-02-03,2.014093,2.014093,-0.000000,-0.000000,-0.000000,-0.000000,2.014093,0.000000,0.000070,False
2014-02-04,2.014096,2.014096,-0.000000,-0.000000,-0.000000,-0.000000,2.014096,0.000000,0.000069,False
2014-02-05,2.014099,2.014099,-0.000000,-0.000000,-0.000000,-0.000000,2.014098,0.000000,0.000068,False
2014-02-06,2.014101,2.014101,-0.000000,-0.000000,-0.000000,-0.000000,2.014101,0.000000,0.000067,False
2014-02-07,2.014104,2.014104,-0.000000,-0.000000,-0.000000,-0.000000,2.014104,0.000000,0.000066,False
2014-02-08,2.014104,2.014107,-0.000000,-0.000000,-0.000000,-0.000000,2.014107,-0.000003,-0.001305,False
2014-02-09,2.014104,2.014110,-0.000000,-0.000000,-0.000000,-0.000000,2.014109,-0.000005,-0.002677,False
2014-02-10,2.014104,2.014112,-0.000000,-0.000000,-0.000000,-0.000000,2.014112,-0.000008,-0.004048,False
2014-02-11,2.014104,2.014115,0.000000,-0.000000,-0.000000,-0.000000,2.014115,-0.000011,-0.005419,False
2014-02-12,2.014104,2.014118,0.000000,-0.000000,-0.000000,-0.000000,2.014118,-0.000014,-0.006790,False
2014-02-13,2.014104,2.014121,0.000000,-0.000000,-0.000000,-0.000000,2.014120,-0.000016,-0.008161,False
2014-02-14,2.014104,2.014123,0.000000,-0.000000,-0.000000,-0.000000,2.014123,-0.000019,-0.009533,False
2014-02-15,,2.014126,0.000000,-0.000000,-0.000000,-0.000000,2.014126,,,False
2014-02-16,,2.014129,0.000000,-0.000000,-0.000000,-0.000000,2.014129,,,False
2014-02-17,,2.014132,0.000000,-0.000000,-0.000000,-0.000000,2.014131,,,False
2014-02-18,,2.014134,0.000000,-0.000000,-0.000000,-0.000000,2.014134,,,False
2014-02-19,,2.014137,0.000000,-0.000000,-0.000000,-0.000000,2.014137,,,False
2014-02-20,,2.014140,0.000000,-0.000000,-0.000000,-0.000000,2.014140,,,False
2014-02-21,,2.014143,0.000000,-0.000000,-0.000000,-0.000000,2.014142,,,False
2014-02-22,,2.014145,0.000000,-0.000000,-0.000000,-0.000000,2.014145,,,False
2014-02-23,,2.014148,0.000000,-0.000000,-0.000000,-0.000000,2.014148,,,False
2014-02-24,,2.014151,0.000000,-0.000000,-0.000000,-0.000000,2.014151,,,False
2014-02-25,,2.014153,0.000000,-0.000000,-0.000000,-0.000000,2.014153,,,False
2014-02-26,,2.014156,0.000000,-0.000000,-0.000000,-0.000000,2.014156,,,False
2014-02-27,,2.014159,0.000000,-0.000000,-0.000000,-0.000000,2.014159,,,False
2014-02-28,,2.014162,0.000000,-0.000000,-0.000000,-0.000000,2.014162,,,False
2014-03-01,,2.014164,0.000000,-0.000000,-0.000000,-0.000000,2.014164,,,False
2014-03-02,,2.014167,0.000000,-0.000000,-0.000000,-0.000000,2.014167,,,False
2014-03-03,,2.014170,0.000000,-0.000000,-0.000000,-0.000000,2.014170,,,False
2014-03-04,,2.014173,0.000000,-0.000000,-0.000000,-0.000000,2.014173,,,False
2014-03-05,,2.014175,0.000000,-0.000000,-0.000000,-0.000000,2.014175,,,False
2014-03-06,,2.014178,0.000000,-0.000000,-0.000000,-0.000000,2.014178,,,False
2014-03-07,,2.014181,0.000000,-0.000000,-0.000000,-0.000000,2.014181,,,False
2014-03-08,,2.014184,0.000000,-0.000000,-0.000000,-0.000000,2.014183,,,False
2014-03-09,,2.014186,0.000000,-0.000000,-0.000000,-0.000000,2.014186,,,False
2014-03-10,,2.014189,0.000000,-0.000000,-0.000000,-0.000000,2.014189,,,False
2014-03-11,,2.014192,0.000000,-0.000000,-0.000000,-0.000000,2.014192,,,False
2014-03-12,,2.014195,0.000000,-0.000000,-0.000000,-0.000000,2.014194,,,False
2014-03-13,,2.014197,0.000000,-0.000000,-0.000000,-0.000000,2.014197,,,False
2014-03-14,,2.014200,0.000000,-0.000000,-0.000000,-0.000000,2.014200,,,False
2014-03-15,,2.014203,0.000000,-0.000000,-0.000000,-0.000000,2.014203,,,False
2014-03-16,,2.014206,0.000000,-0.000000,-0.000000,-0.000000,2.014205,,,False
2014-03-17,,2.014208,0.000000,-0.000000,-0.000000,-0.000000,2.014208,,,False
2014-03-18,,2.014211,0.000000,-0.000000,-0.000000,-0.000000,2.014211,,,False
2014-03-19,,2.014214,0.000000,-0.000000,-0.000000,-0.000000,2.014214,,,False
2014-03-20,,2.014216,0.000000,-0.000000,-0.000000,-0.000000,2.014216,,,False
2014-03-21,,2.014219,0.000000,-0.000000,-0.000000,-0.000000,2.014219,,,False
2014-03-22,,2.014222,0.000000,-0.000000,-0.000000,-0.000000,2.014222,,,False
2014-03-23,,2.014225,0.000000,-0.000000,-0.000000,-0.000000,2.014225,,,False
2014-03-24,,2.014227,0.000000,-0.000000,-0.000000,-0.000000,2.014227,,,False
2014-03-25,,2.014230,0.000000,-0.000000,-0.000000,-0.000000,2.014230,,,False
2014-03-26,,2.014233,0.000000,-0.000000,-0.000000,-0.000000,2.014233,,,False
2014-03-27,,2.014236,0.000000,-0.000000,-0.000000,-0.000000,2.014236,,,False
2014-03-28,,2.014238,-0.000000,-0.000000,-0.000000,-0.000000,2.014238,,,False
2014-03-29,,2.014241,-0.000000,-0.000000,-0.000000,-0.000000,2.014241,,,False
2014-03-30,,2.014244,-0.000000,-0.000000,-0.000000,-0.000000,2.014244,,,False
2014-03-31,,2.014247,-0.000000,-0.000000,-0.000000,-0.000000,2.014246,,,False
2014-04-01,,2.014249,-0.000000,-0.000000,-0.000000,-0.000000,2.014249,,,False
2014-04-02,,2.014252,-0.000000,-0.000000,-0.000000,-0.000000,2.014252,,,False
2014-04-03,,2.014255,-0.000000,-0.000000,-0.000000,-0.000000,2.014255,,,False
2014-04-04,2.014277,2.014258,-0.000000,-0.000000,-0.000000,-0.000000,2.014257,0.000019,0.009635,False
2014-04-05,2.014277,2.014260,-0.000000,-0.000000,-0.000000,-0.000000,2.014260,0.000017,0.008265,False
2014-04-06,2.014277,2.014263,-0.000000,-0.000000,-0.000000,-0.000000,2.014263,0.000014,0.006895,False
2014-04-07,2.014277,2.014266,-0.000000,-0.000000,-0.000000,-0.000000,2.014266,0.000011,0.005525,False
2014-04-08,2.014277,2.014269,-0.000000,-0.000000,-0.000000,-0.000000,2.014268,0.000008,0.004155,False
2014-04-09,2.014277,2.014271,-0.000000,-0.000000,-0.000000,-0.000000,2.014271,0.000006,0.002785,False
2014-04-10,2.014277,2.014274,-0.000000,-0.000000,-0.000000,-0.000000,2.014274,0.000003,0.001414,False
2014-04-11,2.014277,2.014277,-0.000000,-0.000000,-0.000000,-0.000000,2.014277,0.000000,0.000044,False
2014-04-12,2.014279,2.014279,-0.000000,-0.000000,-0.000000,-0.000000,2.014279,0.000000,0.000043,False
2014-04-13,2.014282,2.014282,-0.000000,-0.000000,-0.000000,-0.000000,2.014282,0.000000,0.000042,False
2014-04-14,2.014285,2.014285,-0.000000,-0.000000,-0.000000,-0.000000,2.014285,0.000000,0.000041,False
2014-04-15,2.014288,2.014288,-0.000000,-0.000000,0.000000,-0.000000,2.014288,0.000000,0.000040,False
2014-04-16,2.014290,2.014290,-0.000000,-0.000000,0.000000,-0.000000,2.014290,0.000000,0.000039,False
2014-04-17,2.014293,2.014293,-0.000000,-0.000000,0.000000,-0.000000,2.014293,0.000000,0.000038,False
2014-04-18,2.014296,2.014296,-0.000000,-0.000000,0.000000,-0.000000,2.014296,0.000000,0.000036,False
2014-04-19,2.014299,2.014299,-0.000000,0.000000,0.000000,-0.000000,2.014299,0.000000,0.000035,False
2014-04-20,2.014301,2.014301,-0.000000,0.000000,0.000000,-0.000000,2.014301,0.000000,0.000033,False
2014-04-21,2.014304,2.014304,-0.000000,0.000000,0.000000,-0.000000,2.014304,0.000000,0.000031,False
2014-04-22,2.014307,2.014307,-0.000000,0.000000,0.000000,-0.000000,2.014307,0.000000,0.000029,False
2014-04-23,2.014310,2.014310,-0.000000,0.000000,0.000000,-0.000000,2.014310,0.000000,0.000027,False
2014-04-24,2.014312,2.014312,-0.000000,0.000000,0.000000,-0.000000,2.014312,0.000000,0.000024,False
2014-04-25,2.014315,2.014315,-0.000000,0.000000,0.000000,-0.000000,2.014315,0.000000,0.000022,False
2014-04-26,2.014318,2.014318,-0.000000,0.000000,0.000000,-0.000000,2.014318,0.000000,0.000019,False
2014-04-27,2.014321,2.014321,-0.000000,0.000000,0.000000,-0.000000,2.014321,0.000000,0.000016,False
2014-04-28,2.014323,2.014323,-0.000000,0.000000,0.000000,-0.000000,2.014323,0.000000,0.000013,False
2014-04-29,2.014326,2.014326,-0.000000,0.000000,0.000000,-0.000000,2.014326,0.000000,0.000010,False
2014-04-30,2.014329,2.014329,-0.000000,0.000000,0.000000,-0.000000,2.014329,0.000000,0.000007,False
2014-05-01,2.014332,2.014332,-0.000000,0.000000,0.000000,-0.000000,2.014332,0.000000,0.000004,False
2014-05-02,2.014334,2.014334,-0.000000,0.000000,0.000000,-0.000000,2.014334,0.000000,0.000001,False
2014-05-03,2.014337,2.014337,-0.000000,0.000000,0.000000,-0.000000,2.014337,-0.000000,-0.000002,False
2014-05-04,2.014340,2.014340,-0.000000,0.000000,0.000000,-0.000000,2.014340,-0.000000,-0.000006,False
2014-05-05,2.014342,2.014343,-0.000000,0.000000,0.000000,-0.000000,2.014342,-0.000000,-0.000009,False
2014-05-06,2.014345,2.014345,-0.000000,0.000000,0.000000,-0.000000,2.014345,-0.000000,-0.000012,False
2014-05-07,2.014348,2.014348,-0.000000,0.000000,0.000000,-0.000000,2.014348,-0.000000,-0.000016,False
2014-05-08,2.014351,2.014351,-0.000000,0.000000,0.000000,-0.000000,2.014351,-0.000000,-0.000024,False
2014-05-09,2.014353,2.014353,-0.000000,0.000000,0.000000,-0.000000,2.014353,-0.000000,-0.000028,False
2014-05-10,2.014356,2.014356,-0.000000,0.000000,0.000000,-0.000000,2.014356,-0.000000,-0.000031,False
2014-05-11,2.014359,2.014359,-0.000000,0.000000,0.000000,-0.000000,2.014359,-0.000000,-0.000035,False
2014-05-12,2.014362,2.014362,-0.000000,0.000000,0.000000,-0.000000,2.014362,-0.000000,-0.000038,False
2014-05-13,2.014364,2.014364,0.000000,0.000000,0.000000,-0.000000,2.014364,-0.000000,-0.000042,False
2014-05-14,2.014367,2.014367,0.000000,0.000000,0.000000,-0.000000,2.014367,-0.000000,-0.000045,False
2014-05-15,2.014370,2.014370,0.000000,0.000000,0.000000,-0.000000,2.014370,-0.000000,-0.000049,False
2014-05-16,2.014373,2.014373,0.000000,0.000000,0.000000,-0.000000,2.014373,-0.000000,-0.000052,False
2014-05-17,2.014375,2.014375,0.000000,0.000000,0.000000,-0.000000,2.014375,-0.000000,-0.000055,False
2014-05-18,2.014378,2.014378,0.000000,0.000000,0.000000,-0.000000,2.014378,-0.000000,-0.000058,False
2014-05-19,2.014381,2.014381,0.000000,0.000000,0.000000,-0.000000,2.014381,-0.000000,-0.000061,False
2014-05-20,2.014384,2.014384,0.000000,0.000000,0.000000,-0.000000,2.014384,-0.000000,-0.000064,False
2014-05-21,2.014386,2.014386,0.000000,0.000000,0.000000,-0.000000,2.014386,-0.000000,-0.000067,False
2014-05-22,2.014389,2.014389,0.000000,0.000000,0.000000,-0.000000,2.014389,-0.000000,-0.000069,False
2014-05-23,2.014392,2.014392,0.000000,0.000000,0.000000,-0.000000,2.014392,-0.000000,-0.000072,False
2014-05-24,2.014395,2.014395,0.000000,0.000000,0.000000,-0.000000,2.014395,-0.000000,-0.000074,False
2014-05-25,2.014397,2.014397,0.000000,0.000000,0.000000,-0.000000,2.014397,-0.000000,-0.000076,False
2014-05-26,2.014400,2.014400,0.000000,0.000000,0.000000,-0.000000,2.014400,-0.000000,-0.000078,False
2014-05-27,2.014403,2.014403,0.000000,0.000000,0.000000,-0.000000,2.014403,-0.000000,-0.000080,False
2014-05-28,2.014405,2.014406,0.000000,0.000000,0.000000,-0.000000,2.014406,-0.000000,-0.000082,False
2014-05-29,2.014408,2.014408,0.000000,0.000000,0.000000,-0.000000,2.014408,-0.000000,-0.000083,False
2014-05-30,2.014411,2.014411,0.000000,0.000000,0.000000,-0.000000,2.014411,-0.000000,-0.000085,False
2014-05-31,2.014414,2.014414,0.000000,0.000000,0.000000,-0.000000,2.014414,-0.000000,-0.000086,False
2014-06-01,2.014416,2.014416,0.000000,0.000000,0.000000,-0.000000,2.014417,-0.000000,-0.000087,False
2014-06-02,2.014419,2.014419,0.000000,0.000000,0.000000,-0.000000,2.014419,-0.000000,-0.000087,False
2014-06-03,2.014422,2.014422,0.000000,0.000000,0.000000,-0.000000,2.014422,-0.000000,-0.000088,False
2014-06-04,2.014425,2.014425,0.000000,0.000000,0.000000,-0.000000,2.014425,-0.000000,-0.000088,False
2014-06-05,2.014427,2.014427,0.000000,0.000000,0.000000,-0.000000,2.014428,-0.000000,-0.000088,False
2014-06-06,2.014430,2.014430,0.000000,0.000000,0.000000,-0.000000,2.014430,-0.000000,-0.000088,False
2014-06-07,2.014433,2.014433,0.000000,0.000000,0.000000,-0.000000,2.014433,-0.000000,-0.000088,False
2014-06-08,2.014436,2.014436,0.000000,0.000000,0.000000,-0.000000,2.014436,-0.000000,-0.000087,False
2014-06-09,2.014438,2.014438,0.000000,0.000000,0.000000,-0.000000,2.014439,-0.000000,-0.000087,False
2014-06-10,2.014441,2.014441,0.000000,0.000000,0.000000,-0.000000,2.014441,-0.000000,-0.000086,False
2014-06-11,2.014444,2.014444,0.000000,0.000000,0.000000,-0.000000,2.014444,-0.000000,-0.000085,False
2014-06-12,2.014447,2.014447,0.000000,0.000000,0.000000,-0.000000,2.014447,-0.000000,-0.000084,False
2014-06-13,2.014449,2.014449,0.000000,0.000000,0.000000,-0.000000,2.014449,-0.000000,-0.000082,False
2014-06-14,2.014452,2.014452,0.000000,0.000000,0.000000,-0.000000,2.014452,-0.000000,-0.000086,False
2014-06-15,2.014455,2.014455,0.000000,0.000000,0.000000,-0.000000,2.014455,-0.000000,-0.000084,False
2014-06-16,2.014458,2.014458,0.000000,0.000000,0.000000,-0.000000,2.014458,-0.000000,-0.000082,False
2014-06-17,2.014460,2.014460,0.000000,0.000000,0.000000,-0.000000,2.014460,-0.000000,-0.000080,False
2014-06-18,2.014463,2.014463,0.000000,0.000000,0.000000,-0.000000,2.014463,-0.000000,-0.000078,False
2014-06-19,2.014466,2.014466,0.000000,0.000000,0.000000,-0.000000,2.014466,-0.000000,-0.000075,False
2014-06-20,2.014468,2.014469,0.000000,0.000000,0.000000,-0.000000,2.014469,-0.000000,-0.000073,False
2014-06-21,2.014471,2.014471,0.000000,0.000000,0.000000,-0.000000,2.014471,-0.000000,-0.000070,False
2014-06-22,2.014474,2.014474,0.000000,0.000000,0.000000,-0.000000,2.014474,-0.000000,-0.000067,False
2014-06-23,2.014477,2.014477,0.000000,0.000000,0.000000,-0.000000,2.014477,-0.000000,-0.000065,False
2014-06-24,2.014479,2.014479,0.000000,0.000000,0.000000,-0.000000,2.014480,-0.000000,-0.000062,False
2014-06-25,2.014482,2.014482,0.000000,0.000000,0.000000,-0.000000,2.014482,-0.000000,-0.000059,False
2014-06-26,2.014485,2.014485,0.000000,0.000000,0.000000,-0.000000,2.014485,-0.000000,-0.000056,False
2014-06-27,2.014488,2.014488,-0.000000,0.000000,0.000000,-0.000000,2.014488,-0.000000,-0.000053,False
2014-06-28,2.014490,2.014490,-0.000000,0.000000,0.000000,-0.000000,2.014491,-0.000000,-0.000050,False
2014-06-29,2.014493,2.014493,-0.000000,0.000000,0.000000,-0.000000,2.014493,-0.000000,-0.000046,False
2014-06-30,2.014496,2.014496,-0.000000,0.000000,0.000000,-0.000000,2.014496,-0.000000,-0.000043,False
2014-07-01,2.014499,2.014499,-0.000000,0.000000,0.000000,-0.000000,2.014499,-0.000000,-0.000040,False
2014-07-02,2.014501,2.014501,-0.000000,0.000000,0.000000,-0.000000,2.014501,-0.000000,-0.000037,False
2014-07-03,2.014504,2.014504,-0.000000,0.000000,0.000000,-0.000000,2.014504,-0.000000,-0.000034,False
2014-07-04,2.014507,2.014507,-0.000000,0.000000,0.000000,-0.000000,2.014507,-0.000000,-0.000031,False
2014-07-05,2.014510,2.014510,-0.000000,0.000000,0.000000,-0.000000,2.014510,-0.000000,-0.000027,False
2014-07-06,2.014512,2.014512,-0.000000,0.000000,0.000000,-0.000000,2.014512,-0.000000,-0.000024,False
2014-07-07,2.014515,2.014515,-0.000000,0.000000,0.000000,-0.000000,2.014515,-0.000000,-0.000021,False
2014-07-08,2.014518,2.014518,-0.000000,0.000000,0.000000,-0.000000,2.014518,-0.000000,-0.000018,False
2014-07-09,2.014521,2.014521,-0.000000,0.000000,0.000000,-0.000000,2.014521,-0.000000,-0.000016,False
2014-07-10,2.014523,2.014523,-0.000000,0.000000,0.000000,-0.000000,2.014523,-0.000000,-0.000013,False
2014-07-11,2.014526,2.014526,-0.000000,0.000000,0.000000,-0.000000,2.014526,-0.000000,-0.000010,False
2014-07-12,2.014529,2.014529,-0.000000,0.000000,0.000000,-0.000000,2.014529,-0.000000,-0.000007,False
2014-07-13,2.014532,2.014532,-0.000000,0.000000,0.000000,-0.000000,2.014532,-0.000000,-0.000005,False
2014-07-14,2.014534,2.014534,-0.000000,0.000000,0.000000,-0.000000,2.014534,-0.000000,-0.000003,False
2014-07-15,2.014537,2.014537,-0.000000,0.000000,0.000000,-0.000000,2.014537,-0.000000,-0.000000,False
2014-07-16,2.014540,2.014540,-0.000000,0.000000,0.000000,-0.000000,2.014540,0.000000,0.000002,False
2014-07-17,2.014542,2.014543,-0.000000,0.000000,0.000000,-0.000000,2.014542,0.000000,0.000004,False
2014-07-18,2.014545,2.014545,-0.000000,0.000000,0.000000,-0.000000,2.014545,0.000000,0.000006,False
2014-07-19,2.014548,2.014548,-0.000000,0.000000,0.000000,-0.000000,2.014548,0.000000,0.000007,False
2014-07-20,2.014551,2.014551,-0.000000,-0.000000,0.000000,-0.000000,2.014551,0.000000,0.000004,False
2014-07-21,2.014553,2.014553,-0.000000,-0.000000,0.000000,-0.000000,2.014553,0.000000,0.000006,False
2014-07-22,2.014556,2.014556,-0.000000,-0.000000,0.000000,-0.000000,2.014556,0.000000,0.000007,False
2014-07-23,2.014559,2.014559,-0.000000,-0.000000,0.000000,-0.000000,2.014559,0.000000,0.000008,False
2014-07-24,2.014562,2.014562,-0.000000,-0.000000,0.000000,-0.000000,2.014562,0.000000,0.000009,False
2014-07-25,2.014564,2.014564,-0.000000,-0.000000,0.000000,-0.000000,2.014564,0.000000,0.000010,False
2014-07-26,2.014567,2.014567,-0.000000,-0.000000,0.000000,-0.000000,2.014567,0.000000,0.000011,False
2014-07-27,2.014570,2.014570,-0.000000,-0.000000,0.000000,-0.000000,2.014570,0.000000,0.000012,False
2014-07-28,2.014573,2.014573,-0.000000,-0.000000,0.000000,-0.000000,2.014573,0.000000,0.000012,False
2014-07-29,2.014575,2.014575,-0.000000,-0.000000,0.000000,-0.000000,2.014575,0.000000,0.000012,False
2014-07-30,2.014578,2.014578,-0.000000,-0.000000,0.000000,-0.000000,2.014578,0.000000,0.000013,False
2014-07-31,2.014581,2.014581,-0.000000,-0.000000,0.000000,-0.000000,2.014581,0.000000,0.000013,False
2014-08-01,2.014584,2.014584,-0.000000,-0.000000,0.000000,-0.000000,2.014584,0.000000,0.000013,False
2014-08-02,2.014586,2.014586,-0.000000,-0.000000,0.000000,-0.000000,2.014586,0.000000,0.000013,False
2014-08-03,2.014589,2.014589,-0.000000,-0.000000,0.000000,-0.000000,2.014589,0.000000,0.000013,False
2014-08-04,2.014592,2.014592,-0.000000,-0.000000,0.000000,-0.000000,2.014592,0.000000,0.000012,False
2014-08-05,2.014595,2.014595,-0.000000,-0.000000,0.000000,-0.000000,2.014594,0.000000,0.000012,False
2014-08-06,2.014597,2.014597,-0.000000,-0.000000,0.000000,-0.000000,2.014597,0.000000,0.000011,False
2014-08-07,2.014600,2.014600,-0.000000,-0.000000,0.000000,-0.000000,2.014600,0.000000,0.000011,False
2014-08-08,2.014603,2.014603,-0.000000,-0.000000,0.000000,-0.000000,2.014603,0.000000,0.000010,False
2014-08-09,2.014605,2.014606,-0.000000,-0.000000,0.000000,-0.000000,2.014605,0.000000,0.000010,False
2014-08-10,2.014608,2.014608,-0.000000,-0.000000,0.000000,-0.000000,2.014608,0.000000,0.000009,False
2014-08-11,2.014611,2.014611,-0.000000,-0.000000,0.000000,-0.000000,2.014611,0.000000,0.000008,False
2014-08-12,2.014614,2.014614,0.000000,-0.000000,0.000000,-0.000000,2.014614,0.000000,0.000007,False
2014-08-13,2.014616,2.014616,0.000000,-0.000000,0.000000,-0.000000,2.014616,0.000000,0.000006,False
2014-08-14,2.014619,2.014619,0.000000,-0.000000,0.000000,-0.000000,2.014619,0.000000,0.000006,False
2014-08-15,2.014622,2.014622,0.000000,-0.000000,0.000000,-0.000000,2.014622,0.000000,0.000005,False
2014-08-16,2.014625,2.014625,0.000000,-0.000000,0.000000,-0.000000,2.014625,0.000000,0.000004,False
2014-08-17,2.014627,2.014627,0.000000,-0.000000,0.000000,-0.000000,2.014627,0.000000,0.000003,False
2014-08-18,2.014630,2.014630,0.000000,-0.000000,0.000000,-0.000000,2.014630,0.000000,0.000002,False
2014-08-19,2.014633,2.014633,0.000000,-0.000000,0.000000,-0.000000,2.014633,0.000000,0.000001,False
2014-08-20,2.014636,2.014636,0.000000,-0.000000,0.000000,-0.000000,2.014636,0.000000,0.000001,False
2014-08-21,2.014638,2.014638,0.000000,-0.000000,0.000000,-0.000000,2.014638,0.000000,0.000000,False
2014-08-22,2.014641,2.014641,0.000000,-0.000000,0.000000,-0.000000,2.014641,-0.000000,-0.000001,False
2014-08-23,2.014644,2.014644,0.000000,-0.000000,0.000000,-0.000000,2.014644,-0.000000,-0.000001,False
2014-08-24,2.014647,2.014647,0.000000,-0.000000,0.000000,-0.000000,2.014647,-0.000000,-0.000002,False
2014-08-25,2.014649,2.014649,0.000000,-0.000000,0.000000,-0.000000,2.014649,-0.000000,-0.000002,False
2014-08-26,2.014652,2.014652,0.000000,-0.000000,0.000000,-0.000000,2.014652,-0.000000,-0.000008,False
2014-08-27,2.014655,2.014655,0.000000,-0.000000,0.000000,-0.000000,2.014655,-0.000000,-0.000008,False
2014-08-28,2.014658,2.014658,0.000000,-0.000000,0.000000,-0.000000,2.014658,-0.000000,-0.000008,False
2014-08-29,2.014660,2.014660,0.000000,-0.000000,0.000000,-0.000000,2.014660,-0.000000,-0.000008,False
2014-08-30,2.014663,2.014663,0.000000,-0.000000,0.000000,-0.000000,2.014663,-0.000000,-0.000008,False
2014-08-31,2.014666,2.014666,0.000000,-0.000000,0.000000,-0.000000,2.014666,-0.000000,-0.000008,False
2014-09-01,2.014668,2.014669,0.000000,-0.000000,0.000000,-0.000000,2.014669,-0.000000,-0.000008,False
2014-09-02,2.014671,2.014671,0.000000,-0.000000,0.000000,-0.000000,2.014671,-0.000000,-0.000008,False
2014-09-03,2.014674,2.014674,0.000000,-0.000000,0.000000,-0.000000,2.014674,-0.000000,-0.000008,False
2014-09-04,2.014677,2.014677,0.000000,-0.000000,0.000000,-0.000000,2.014677,-0.000000,-0.000007,False
2014-09-05,2.014679,2.014679,0.000000,-0.000000,0.000000,-0.000000,2.014679,-0.000000,-0.000007,False
2014-09-06,2.014682,2.014682,0.000000,-0.000000,0.000000,-0.000000,2.014682,-0.000000,-0.000006,False
2014-09-07,2.014685,2.014685,0.000000,-0.000000,0.000000,-0.000000,2.014685,-0.000000,-0.000005,False
2014-09-08,2.014688,2.014688,0.000000,-0.000000,0.000000,-0.000000,2.014688,-0.000000,-0.000004,False
2014-09-09,2.014690,2.014690,0.000000,-0.000000,0.000000,-0.000000,2.014690,-0.000000,-0.000004,False
2014-09-10,2.014693,2.014693,0.000000,-0.000000,0.000000,-0.000000,2.014693,-0.000000,-0.000003,False
2014-09-11,2.014696,2.014696,0.000000,-0.000000,0.000000,-0.000000,2.014696,-0.000000,-0.000001,False
2014-09-12,2.014699,2.014699,0.000000,-0.000000,0.000000,-0.000000,2.014699,-0.000000,-0.000000,False
2014-09-13,2.014701,2.014701,0.000000,-0.000000,0.000000,-0.000000,2.014701,0.000000,0.000001,False
2014-09-14,2.014704,2.014704,0.000000,-0.000000,0.000000,-0.000000,2.014704,0.000000,0.000002,False
2014-09-15,2.014707,2.014707,0.000000,-0.000000,0.000000,-0.000000,2.014707,0.000000,0.000004,False
2014-09-16,2.014710,2.014710,0.000000,-0.000000,0.000000,-0.000000,2.014710,0.000000,0.000005,False
2014-09-17,2.014712,2.014712,0.000000,-0.000000,0.000000,-0.000000,2.014712,0.000000,0.000007,False
2014-09-18,2.014715,2.014715,0.000000,-0.000000,0.000000,-0.000000,2.014715,0.000000,0.000008,False
2014-09-19,2.014718,2.014718,0.000000,-0.000000,0.000000,-0.000000,2.014718,0.000000,0.000010,False
2014-09-20,2.014721,2.014721,0.000000,-0.000000,0.000000,-0.000000,2.014721,0.000000,0.000012,False
2014-09-21,2.014723,2.014723,0.000000,-0.000000,0.000000,-0.000000,2.014723,0.000000,0.000013,False
2014-09-22,2.014726,2.014726,0.000000,-0.000000,0.000000,-0.000000,2.014726,0.000000,0.000015,False
2014-09-23,2.014729,2.014729,0.000000,-0.000000,0.000000,-0.000000,2.014729,0.000000,0.000017,False
2014-09-24,2.014732,2.014732,0.000000,-0.000000,0.000000,-0.000000,2.014731,0.000000,0.000018,False
2014-09-25,2.014734,2.014734,0.000000,-0.000000,0.000000,-0.000000,2.014734,0.000000,0.000020,False
2014-09-26,2.014737,2.014737,0.000000,-0.000000,0.000000,-0.000000,2.014737,0.000000,0.000022,False
2014-09-27,2.014740,2.014740,-0.000000,-0.000000,0.000000,-0.000000,2.014740,0.000000,0.000023,False
2014-09-28,2.014742,2.014743,-0.000000,-0.000000,0.000000,-0.000000,2.014742,0.000000,0.000025,False
2014-09-29,2.014745,2.014745,-0.000000,-0.000000,0.000000,-0.000000,2.014745,0.000000,0.000026,False
2014-09-30,2.014748,2.014748,-0.000000,-0.000000,0.000000,-0.000000,2.014748,0.000000,0.000028,False
2014-10-01,2.014751,2.014751,-0.000000,-0.000000,0.000000,-0.000000,2.014751,0.000000,0.000024,False
2014-10-02,2.014753,2.014753,-0.000000,-0.000000,0.000000,-0.000000,2.014753,0.000000,0.000026,False
2014-10-03,2.014756,2.014756,-0.000000,-0.000000,0.000000,-0.000000,2.014756,0.000000,0.000027,False
2014-10-04,2.014759,2.014759,-0.000000,-0.000000,0.000000,-0.000000,2.014759,0.000000,0.000028,False
2014-10-05,2.014762,2.014762,-0.000000,-0.000000,0.000000,-0.000000,2.014762,0.000000,0.000029,False
2014-10-06,2.014764,2.014764,-0.000000,-0.000000,0.000000,-0.000000,2.014764,0.000000,0.000030,False
2014-10-07,2.014767,2.014767,-0.000000,-0.000000,0.000000,-0.000000,2.014767,0.000000,0.000031,False
2014-10-08,2.014770,2.014770,-0.000000,-0.000000,0.000000,-0.000000,2.014770,0.000000,0.000032,False
2014-10-09,2.014773,2.014773,-0.000000,-0.000000,0.000000,-0.000000,2.014773,0.000000,0.000032,False
2014-10-10,2.014775,2.014775,-0.000000,-0.000000,0.000000,-0.000000,2.014775,0.000000,0.000033,False
2014-10-11,2.014778,2.014778,-0.000000,-0.000000,0.000000,-0.000000,2.014778,0.000000,0.000033,False
2014-10-12,2.014781,2.014781,-0.000000,-0.000000,0.000000,-0.000000,2.014781,0.000000,0.000033,False
2014-10-13,2.014784,2.014784,-0.000000,-0.000000,0.000000,-0.000000,2.014783,0.000000,0.000033,False
2014-10-14,2.014786,2.014786,-0.000000,-0.000000,-0.000000,-0.000000,2.014786,0.000000,0.000033,False
2014-10-15,2.014789,2.014789,-0.000000,-0.000000,-0.000000,-0.000000,2.014789,0.000000,0.000033,False
2014-10-16,2.014792,2.014792,-0.000000,-0.000000,-0.000000,-0.000000,2.014792,0.000000,0.000033,False
2014-10-17,2.014795,2.014795,-0.000000,-0.000000,-0.000000,-0.000000,2.014794,0.000000,0.000032,False
2014-10-18,2.014797,2.014797,-0.000000,-0.000000,-0.000000,-0.000000,2.014797,0.000000,0.000032,False
2014-10-19,2.014800,2.014800,-0.000000,0.000000,-0.000000,-0.000000,2.014800,0.000000,0.000031,False
2014-10-20,2.014803,2.014803,-0.000000,0.000000,-0.000000,-0.000000,2.014803,0.000000,0.000030,False
2014-10-21,2.014805,2.014806,-0.000000,0.000000,-0.000000,-0.000000,2.014805,0.000000,0.000029,False
2014-10-22,2.014808,2.014808,-0.000000,0.000000,-0.000000,-0.000000,2.014808,0.000000,0.000028,False
2014-10-23,2.014811,2.014811,-0.000000,0.000000,-0.000000,-0.000000,2.014811,0.000000,0.000026,False
2014-10-24,2.014814,2.014814,-0.000000,0.000000,-0.000000,-0.000000,2.014814,0.000000,0.000025,False
2014-10-25,2.014816,2.014816,-0.000000,0.000000,-0.000000,-0.000000,2.014816,0.000000,0.000023,False
2014-10-26,2.014819,2.014819,-0.000000,0.000000,-0.000000,-0.000000,2.014819,0.000000,0.000021,False
2014-10-27,2.014822,2.014822,-0.000000,0.000000,-0.000000,-0.000000,2.014822,0.000000,0.000019,False
2014-10-28,2.014825,2.014825,-0.000000,0.000000,-0.000000,-0.000000,2.014825,0.000000,0.000017,False
2014-10-29,2.014827,2.014827,-0.000000,0.000000,-0.000000,-0.000000,2.014827,0.000000,0.000015,False
2014-10-30,2.014830,2.014830,-0.000000,0.000000,-0.000000,-0.000000,2.014830,0.000000,0.000013,False
2014-10-31,2.014833,2.014833,-0.000000,0.000000,-0.000000,-0.000000,2.014833,0.000000,0.000011,False
2014-11-01,2.014836,2.014836,-0.000000,0.000000,-0.000000,-0.000000,2.014836,0.000000,0.000009,False
2014-11-02,2.014838,2.014838,-0.000000,0.000000,-0.000000,-0.000000,2.014838,0.000000,0.000006,False
2014-11-03,2.014841,2.014841,-0.000000,0.000000,-0.000000,-0.000000,2.014841,0.000000,0.000004,False
2014-11-04,2.014844,2.014844,-0.000000,0.000000,-0.000000,-0.000000,2.014844,0.000000,0.000001,False
2014-11-05,2.014847,2.014847,-0.000000,0.000000,-0.000000,-0.000000,2.014847,-0.000000,-0.000001,False
2014-11-06,2.014849,2.014849,-0.000000,0.000000,-0.000000,-0.000000,2.014849,-0.000000,-0.000004,False
2014-11-07,2.014852,2.014852,-0.000000,0.000000,-0.000000,-0.000000,2.014852,-0.000000,-0.000012,False
2014-11-08,2.014855,2.014855,-0.000000,0.000000,-0.000000,-0.000000,2.014855,-0.000000,-0.000014,False
2014-11-09,2.014858,2.014858,-0.000000,0.000000,-0.000000,-0.000000,2.014858,-0.000000,-0.000017,False
2014-11-10,2.014860,2.014860,-0.000000,0.000000,-0.000000,-0.000000,2.014860,-0.000000,-0.000020,False
2014-11-11,2.014863,2.014863,0.000000,0.000000,-0.000000,-0.000000,2.014863,-0.000000,-0.000022,False
2014-11-12,2.014866,2.014866,0.000000,0.000000,-0.000000,-0.000000,2.014866,-0.000000,-0.000025,False
2014-11-13,2.014868,2.014869,0.000000,0.000000,-0.000000,-0.000000,2.014869,-0.000000,-0.000027,False
2014-11-14,2.014871,2.014871,0.000000,0.000000,-0.000000,-0.000000,2.014871,-0.000000,-0.000030,False
2014-11-15,2.014874,2.014874,0.000000,0.000000,-0.000000,-0.000000,2.014874,-0.000000,-0.000032,False
2014-11-16,2.014877,2.014877,0.000000,0.000000,-0.000000,-0.000000,2.014877,-0.000000,-0.000035,False
2014-11-17,2.014879,2.014879,0.000000,0.000000,-0.000000,-0.000000,2.014880,-0.000000,-0.000037,False
2014-11-18,2.014882,2.014882,0.000000,0.000000,-0.000000,-0.000000,2.014882,-0.000000,-0.000039,False
2014-11-19,2.014885,2.014885,0.000000,0.000000,-0.000000,-0.000000,2.014885,-0.000000,-0.000041,False
2014-11-20,2.014888,2.014888,0.000000,0.000000,-0.000000,-0.000000,2.014888,-0.000000,-0.000043,False
2014-11-21,2.014890,2.014890,0.000000,0.000000,-0.000000,-0.000000,2.014890,-0.000000,-0.000045,False
2014-11-22,2.014893,2.014893,0.000000,0.000000,-0.000000,-0.000000,2.014893,-0.000000,-0.000046,False
2014-11-23,2.014896,2.014896,0.000000,0.000000,-0.000000,-0.000000,2.014896,-0.000000,-0.000048,False
2014-11-24,2.014899,2.014899,0.000000,0.000000,-0.000000,-0.000000,2.014899,-0.000000,-0.000049,False
2014-11-25,2.014901,2.014901,0.000000,0.000000,-0.000000,-0.000000,2.014901,-0.000000,-0.000051,False
2014-11-26,2.014904,2.014904,0.000000,0.000000,-0.000000,-0.000000,2.014904,-0.000000,-0.000052,False
2014-11-27,2.014907,2.014907,0.000000,0.000000,-0.000000,-0.000000,2.014907,-0.000000,-0.000053,False
2014-11-28,2.014910,2.014910,0.000000,0.000000,-0.000000,-0.000000,2.014910,-0.000000,-0.000053,False
2014-11-29,2.014912,2.014912,0.000000,0.000000,-0.000000,-0.000000,2.014912,-0.000000,-0.000054,False
2014-11-30,2.014915,2.014915,0.000000,0.000000,-0.000000,-0.000000,2.014915,-0.000000,-0.000054,False
2014-12-01,2.014918,2.014918,0.000000,0.000000,-0.000000,-0.000000,2.014918,-0.000000,-0.000054,False
2014-12-02,2.014921,2.014921,0.000000,0.000000,-0.000000,-0.000000,2.014921,-0.000000,-0.000054,False
2014-12-03,2.014923,2.014923,0.000000,0.000000,-0.000000,-0.000000,2.014923,-0.000000,-0.000054,False
2014-12-04,2.014926,2.014926,0.000000,0.000000,-0.000000,-0.000000,2.014926,-0.000000,-0.000054,False
2014-12-05,2.014929,2.014929,0.000000,0.000000,-0.000000,-0.000000,2.014929,-0.000000,-0.000053,False
2014-12-06,2.014932,2.014932,0.000000,0.000000,-0.000000,-0.000000,2.014932,-0.000000,-0.000053,False
2014-12-07,2.014934,2.014934,0.000000,0.000000,-0.000000,-0.000000,2.014934,-0.000000,-0.000052,False
2014-12-08,2.014937,2.014937,0.000000,0.000000,-0.000000,-0.000000,2.014937,-0.000000,-0.000050,False
2014-12-09,2.014940,2.014940,0.000000,0.000000,-0.000000,-0.000000,2.014940,-0.000000,-0.000049,False
2014-12-10,2.014942,2.014943,0.000000,0.000000,-0.000000,-0.000000,2.014943,-0.000000,-0.000048,False
2014-12-11,2.014945,2.014945,0.000000,0.000000,-0.000000,-0.000000,2.014945,-0.000000,-0.000046,False
2014-12-12,2.014948,2.014948,0.000000,0.000000,-0.000000,-0.000000,2.014948,-0.000000,-0.000044,False
2014-12-13,2.014951,2.014951,0.000000,0.000000,-0.000000,-0.000000,2.014951,-0.000000,-0.000047,False
2014-12-14,2.014953,2.014953,0.000000,0.000000,-0.000000,-0.000000,2.014954,-0.000000,-0.000045,False
2014-12-15,2.014956,2.014956,0.000000,0.000000,-0.000000,-0.000000,2.014956,-0.000000,-0.000043,False
2014-12-16,2.014959,2.014959,0.000000,0.000000,-0.000000,-0.000000,2.014959,-0.000000,-0.000040,False
2014-12-17,2.014962,2.014962,0.000000,0.000000,-0.000000,-0.000000,2.014962,-0.000000,-0.000038,False
2014-12-18,2.014964,2.014964,0.000000,0.000000,-0.000000,-0.000000,2.014964,-0.000000,-0.000035,False
2014-12-19,2.014967,2.014967,0.000000,0.000000,-0.000000,-0.000000,2.014967,-0.000000,-0.000032,False
2014-12-20,2.014970,2.014970,0.000000,0.000000,-0.000000,-0.000000,2.014970,-0.000000,-0.000030,False
2014-12-21,2.014973,2.014973,0.000000,0.000000,-0.000000,-0.000000,2.014973,-0.000000,-0.000027,False
2014-12-22,2.014975,2.014975,0.000000,0.000000,-0.000000,-0.000000,2.014975,-0.000000,-0.000023,False
2014-12-23,2.014978,2.014978,0.000000,0.000000,-0.000000,-0.000000,2.014978,-0.000000,-0.000020,False
2014-12-24,2.014981,2.014981,0.000000,0.000000,-0.000000,-0.000000,2.014981,-0.000000,-0.000017,False
2014-12-25,2.014984,2.014984,0.000000,0.000000,-0.000000,-0.000000,2.014984,-0.000000,-0.000014,False
2014-12-26,2.014986,2.014986,0.000000,0.000000,-0.000000,-0.000000,2.014986,-0.000000,-0.000011,False
2014-12-27,2.014989,2.014989,-0.000000,0.000000,-0.000000,-0.000000,2.014989,-0.000000,-0.000007,False
2014-12-28,2.014992,2.014992,-0.000000,0.000000,-0.000000,-0.000000,2.014992,-0.000000,-0.000004,False
2014-12-29,2.014995,2.014995,-0.000000,0.000000,-0.000000,-0.000000,2.014995,-0.000000,-0.000000,False
2014-12-30,2.014997,2.014997,-0.000000,0.000000,-0.000000,-0.000000,2.014997,0.000000,0.000003,False
2014-12-31,2.015000,2.015000,-0.000000,0.000000,-0.000000,-0.000000,2.015000,0.000000,0.000006,False
2015-01-01,2.015003,2.015003,-0.000000,0.000000,-0.000000,-0.000000,2.015003,0.000000,0.000010,False
2015-01-02,2.015005,2.015006,-0.000000,0.000000,-0.000000,-0.000000,2.015005,0.000000,0.000013,False
2015-01-03,2.015008,2.015008,-0.000000,0.000000,-0.000000,-0.000000,2.015008,0.000000,0.000016,False
2015-01-04,2.015011,2.015011,-0.000000,0.000000,-0.000000,-0.000000,2.015011,0.000000,0.000019,False
2015-01-05,2.015014,2.015014,-0.000000,0.000000,-0.000000,-0.000000,2.015014,0.000000,0.000022,False
2015-01-06,2.015016,2.015016,-0.000000,0.000000,-0.000000,-0.000000,2.015016,0.000000,0.000026,False
2015-01-07,2.015019,2.015019,-0.000000,0.000000,-0.000000,-0.000000,2.015019,0.000000,0.000028,False
2015-01-08,2.015022,2.015022,-0.000000,0.000000,-0.000000,-0.000000,2.015022,0.000000,0.000031,False
2015-01-09,2.015025,2.015025,-0.000000,0.000000,-0.000000,-0.000000,2.015025,0.000000,0.000034,False
2015-01-10,2.015027,2.015027,-0.000000,0.000000,-0.000000,-0.000000,2.015027,0.000000,0.000037,False
2015-01-11,2.015030,2.015030,-0.000000,0.000000,-0.000000,-0.000000,2.015030,0.000000,0.000039,False
2015-01-12,2.015033,2.015033,-0.000000,0.000000,-0.000000,-0.000000,2.015033,0.000000,0.000042,False
2015-01-13,2.015036,2.015036,-0.000000,0.000000,-0.000000,-0.000000,2.015036,0.000000,0.000044,False
2015-01-14,2.015038,2.015038,-0.000000,0.000000,-0.000000,-0.000000,2.015038,0.000000,0.000046,False
2015-01-15,2.015041,2.015041,-0.000000,0.000000,-0.000000,-0.000000,2.015041,0.000000,0.000048,False
2015-01-16,2.015044,2.015044,-0.000000,0.000000,-0.000000,-0.000000,2.015044,0.000000,0.000050,False
2015-01-17,2.015047,2.015047,-0.000000,0.000000,-0.000000,-0.000000,2.015046,0.000000,0.000052,False
2015-01-18,2.015049,2.015049,-0.000000,-0.000000,-0.000000,-0.000000,2.015049,0.000000,0.000053,False
2015-01-19,2.015052,2.015052,-0.000000,-0.000000,-0.000000,-0.000000,2.015052,0.000000,0.000050,False
2015-01-20,2.015055,2.015055,-0.000000,-0.000000,-0.000000,-0.000000,2.015055,0.000000,0.000051,False
2015-01-21,2.015058,2.015058,-0.000000,-0.000000,-0.000000,-0.000000,2.015057,0.000000,0.000052,False
2015-01-22,2.015060,2.015060,-0.000000,-0.000000,-0.000000,-0.000000,2.015060,0.000000,0.000053,False
2015-01-23,2.015063,2.015063,-0.000000,-0.000000,-0.000000,-0.000000,2.015063,0.000000,0.000054,False
2015-01-24,2.015066,2.015066,-0.000000,-0.000000,-0.000000,-0.000000,2.015066,0.000000,0.000054,False
2015-01-25,2.015068,2.015069,-0.000000,-0.000000,-0.000000,-0.000000,2.015068,0.000000,0.000055,False
2015-01-26,2.015071,2.015071,-0.000000,-0.000000,-0.000000,-0.000000,2.015071,0.000000,0.000055,False
2015-01-27,2.015074,2.015074,-0.000000,-0.000000,-0.000000,-0.000000,2.015074,0.000000,0.000055,False
2015-01-28,2.015077,2.015077,-0.000000,-0.000000,-0.000000,-0.000000,2.015077,0.000000,0.000055,False
2015-01-29,2.015079,2.015079,-0.000000,-0.000000,-0.000000,-0.000000,2.015079,0.000000,0.000055,False
2015-01-30,2.015082,2.015082,-0.000000,-0.000000,-0.000000,-0.000000,2.015082,0.000000,0.000055,False
2015-01-31,2.015085,2.015085,-0.000000,-0.000000,-0.000000,-0.000000,2.015085,0.000000,0.000054,False
2015-02-01,2.015088,2.015088,-0.000000,-0.000000,-0.000000,-0.000000,2.015088,0.000000,0.000054,False
2015-02-02,2.015090,2.015090,-0.000000,-0.000000,-0.000000,-0.000000,2.015090,0.000000,0.000053,False
2015-02-03,2.015093,2.015093,-0.000000,-0.000000,-0.000000,-0.000000,2.015093,0.000000,0.000052,False
2015-02-04,2.015096,2.015096,-0.000000,-0.000000,-0.000000,-0.000000,2.015096,0.000000,0.000051,False
2015-02-05,2.015099,2.015099,-0.000000,-0.000000,-0.000000,-0.000000,2.015099,0.000000,0.000050,False
2015-02-06,2.015101,2.015101,-0.000000,-0.000000,-0.000000,-0.000000,2.015101,0.000000,0.000049,False
2015-02-07,2.015104,2.015104,-0.000000,-0.000000,-0.000000,-0.000000,2.015104,0.000000,0.000048,False
2015-02-08,2.015107,2.015107,-0.000000,-0.000000,-0.000000,-0.000000,2.015107,0.000000,0.000047,False
2015-02-09,2.015110,2.015110,-0.000000,-0.000000,-0.000000,-0.000000,2.015109,0.000000,0.000046,False
2015-02-10,2.015112,2.015112,-0.000000,-0.000000,-0.000000,-0.000000,2.015112,0.000000,0.000045,False
2015-02-11,2.015115,2.015115,0.000000,-0.000000,-0.000000,-0.000000,2.015115,0.000000,0.000043,False
2015-02-12,2.015118,2.015118,0.000000,-0.000000,-0.000000,-0.000000,2.015118,0.000000,0.000042,False
2015-02-13,2.015121,2.015121,0.000000,-0.000000,-0.000000,-0.000000,2.015120,0.000000,0.000040,False
2015-02-14,2.015123,2.015123,0.000000,-0.000000,-0.000000,-0.000000,2.015123,0.000000,0.000039,False
2015-02-15,2.015126,2.015126,0.000000,-0.000000,-0.000000,-0.000000,2.015126,0.000000,0.000037,False
2015-02-16,2.015129,2.015129,0.000000,-0.000000,-0.000000,-0.000000,2.015129,0.000000,0.000036,False
2015-02-17,2.015132,2.015132,0.000000,-0.000000,-0.000000,-0.000000,2.015131,0.000000,0.000035,False
2015-02-18,2.015134,2.015134,0.000000,-0.000000,-0.000000,-0.000000,2.015134,0.000000,0.000033,False
2015-02-19,2.015137,2.015137,0.000000,-0.000000,-0.000000,-0.000000,2.015137,0.000000,0.000032,False
2015-02-20,2.015140,2.015140,0.000000,-0.000000,-0.000000,-0.000000,2.015140,0.000000,0.000030,False
2015-02-21,2.015142,2.015143,0.000000,-0.000000,-0.000000,-0.000000,2.015142,0.000000,0.000029,False
2015-02-22,2.015145,2.015145,0.000000,-0.000000,-0.000000,-0.000000,2.015145,0.000000,0.000028,False
2015-02-23,2.015148,2.015148,0.000000,-0.000000,-0.000000,-0.000000,2.015148,0.000000,0.000027,False
2015-02-24,2.015151,2.015151,0.000000,-0.000000,-0.000000,-0.000000,2.015151,0.000000,0.000020,False
2015-02-25,2.015153,2.015153,0.000000,-0.000000,-0.000000,-0.000000,2.015153,0.000000,0.000019,False
2015-02-26,2.015156,2.015156,0.000000,-0.000000,-0.000000,-0.000000,2.015156,0.000000,0.000018,False
2015-02-27,2.015159,2.015159,0.000000,-0.000000,-0.000000,-0.000000,2.015159,0.000000,0.000017,False
2015-02-28,2.015162,2.015162,0.000000,-0.000000,-0.000000,-0.000000,2.015162,0.000000,0.000016,False
2015-03-01,2.015164,2.015164,0.000000,-0.000000,-0.000000,-0.000000,2.015164,0.000000,0.000016,False
2015-03-02,2.015167,2.015167,0.000000,-0.000000,-0.000000,-0.000000,2.015167,0.000000,0.000015,False
2015-03-03,2.015170,2.015170,0.000000,-0.000000,-0.000000,-0.000000,2.015170,0.000000,0.000014,False
2015-03-04,2.015173,2.015173,0.000000,-0.000000,-0.000000,-0.000000,2.015173,0.000000,0.000014,False
2015-03-05,2.015175,2.015175,0.000000,-0.000000,-0.000000,-0.000000,2.015175,0.000000,0.000013,False
2015-03-06,2.015178,2.015178,0.000000,-0.000000,-0.000000,-0.000000,2.015178,0.000000,0.000013,False
2015-03-07,2.015181,2.015181,0.000000,-0.000000,-0.000000,-0.000000,2.015181,0.000000,0.000013,False
2015-03-08,2.015184,2.015184,0.000000,-0.000000,-0.000000,-0.000000,2.015184,0.000000,0.000012,False
2015-03-09,2.015186,2.015186,0.000000,-0.000000,-0.000000,-0.000000,2.015186,0.000000,0.000012,False
2015-03-10,2.015189,2.015189,0.000000,-0.000000,-0.000000,-0.000000,2.015189,0.000000,0.000012,False
2015-03-11,2.015192,2.015192,0.000000,-0.000000,-0.000000,-0.000000,2.015192,0.000000,0.000012,False
2015-03-12,2.015195,2.015195,0.000000,-0.000000,-0.000000,-0.000000,2.015194,0.000000,0.000013,False
2015-03-13,2.015197,2.015197,0.000000,-0.000000,-0.000000,-0.000000,2.015197,0.000000,0.000013,False
2015-03-14,2.015200,2.015200,0.000000,-0.000000,-0.000000,-0.000000,2.015200,0.000000,0.000013,False
2015-03-15,2.015203,2.015203,0.000000,-0.000000,-0.000000,-0.000000,2.015203,0.000000,0.000013,False
2015-03-16,2.015205,2.015206,0.000000,-0.000000,-0.000000,-0.000000,2.015205,0.000000,0.000014,False
2015-03-17,2.015208,2.015208,0.000000,-0.000000,-0.000000,-0.000000,2.015208,0.000000,0.000014,False
2015-03-18,2.015211,2.015211,0.000000,-0.000000,-0.000000,-0.000000,2.015211,0.000000,0.000015,False
2015-03-19,2.015214,2.015214,0.000000,-0.000000,-0.000000,-0.000000,2.015214,0.000000,0.000015,False
2015-03-20,2.015216,2.015216,0.000000,-0.000000,-0.000000,-0.000000,2.015216,0.000000,0.000016,False
2015-03-21,2.015219,2.015219,0.000000,-0.000000,-0.000000,-0.000000,2.015219,0.000000,0.000017,False
2015-03-22,2.015222,2.015222,0.000000,-0.000000,-0.000000,-0.000000,2.015222,0.000000,0.000017,False
2015-03-23,2.015225,2.015225,0.000000,-0.000000,-0.000000,-0.000000,2.015225,0.000000,0.000018,False
2015-03-24,2.015227,2.015227,0.000000,-0.000000,-0.000000,-0.000000,2.015227,0.000000,0.000019,False
2015-03-25,2.015230,2.015230,0.000000,-0.000000,-0.000000,-0.000000,2.015230,0.000000,0.000019,False
2015-03-26,2.015233,2.015233,0.000000,-0.000000,-0.000000,-0.000000,2.015233,0.000000,0.000020,False
2015-03-27,2.015236,2.015236,0.000000,-0.000000,-0.000000,-0.000000,2.015236,0.000000,0.000021,False
2015-03-28,2.015238,2.015238,-0.000000,-0.000000,-0.000000,-0.000000,2.015238,0.000000,0.000021,False
2015-03-29,2.015241,2.015241,-0.000000,-0.000000,-0.000000,-0.000000,2.015241,0.000000,0.000022,False
2015-03-30,2.015244,2.015244,-0.000000,-0.000000,-0.000000,-0.000000,2.015244,0.000000,0.000022,False
2015-03-31,2.015247,2.015247,-0.000000,-0.000000,-0.000000,-0.000000,2.015247,0.000000,0.000023,False
2015-04-01,2.015249,2.015249,-0.000000,-0.000000,-0.000000,-0.000000,2.015249,0.000000,0.000023,False
2015-04-02,2.015252,2.015252,-0.000000,-0.000000,-0.000000,-0.000000,2.015252,0.000000,0.000018,False
2015-04-03,2.015255,2.015255,-0.000000,-0.000000,-0.000000,-0.000000,2.015255,0.000000,0.000019,False
2015-04-04,2.015258,2.015258,-0.000000,-0.000000,-0.000000,-0.000000,2.015257,0.000000,0.000019,False
2015-04-05,2.015260,2.015260,-0.000000,-0.000000,-0.000000,-0.000000,2.015260,0.000000,0.000019,False
2015-04-06,2.015263,2.015263,-0.000000,-0.000000,-0.000000,-0.000000,2.015263,0.000000,0.000019,False
2015-04-07,2.015266,2.015266,-0.000000,-0.000000,-0.000000,-0.000000,2.015266,0.000000,0.000019,False
2015-04-08,2.015268,2.015269,-0.000000,-0.000000,-0.000000,-0.000000,2.015268,0.000000,0.000018,False
2015-04-09,2.015271,2.015271,-0.000000,-0.000000,-0.000000,-0.000000,2.015271,0.000000,0.000018,False
2015-04-10,2.015274,2.015274,-0.000000,-0.000000,-0.000000,-0.000000,2.015274,0.000000,0.000017,False
2015-04-11,2.015277,2.015277,-0.000000,-0.000000,-0.000000,-0.000000,2.015277,0.000000,0.000017,False
2015-04-12,2.015279,2.015279,-0.000000,-0.000000,-0.000000,-0.000000,2.015279,0.000000,0.000016,False
2015-04-13,2.015282,2.015282,-0.000000,-0.000000,-0.000000,-0.000000,2.015282,0.000000,0.000015,False
2015-04-14,2.015285,2.015285,-0.000000,-0.000000,-0.000000,-0.000000,2.015285,0.000000,0.000014,False
2015-04-15,2.015288,2.015288,-0.000000,-0.000000,0.000000,0.000000,2.015288,0.000000,0.000013,False
2015-04-16,2.015290,2.015290,-0.000000,-0.000000,0.000000,0.000000,2.015290,0.000000,0.000011,False
2015-04-17,2.015293,2.015293,-0.000000,-0.000000,0.000000,0.000000,2.015293,0.000000,0.000010,False
2015-04-18,2.015296,2.015296,-0.000000,-0.000000,0.000000,0.000000,2.015296,0.000000,0.000008,False
2015-04-19,2.015299,2.015299,-0.000000,0.000000,0.000000,0.000000,2.015299,0.000000,0.000007,False
2015-04-20,2.015301,2.015301,-0.000000,0.000000,0.000000,0.000000,2.015301,0.000000,0.000005,False
2015-04-21,2.015304,2.015304,-0.000000,0.000000,0.000000,0.000000,2.015304,0.000000,0.000003,False
2015-04-22,2.015307,2.015307,-0.000000,0.000000,0.000000,0.000000,2.015307,0.000000,0.000000,False
2015-04-23,2.015310,2.015310,-0.000000,0.000000,0.000000,0.000000,2.015310,-0.000000,-0.000002,False
2015-04-24,2.015312,2.015312,-0.000000,0.000000,0.000000,0.000000,2.015312,-0.000000,-0.000005,False
2015-04-25,2.015315,2.015315,-0.000000,0.000000,0.000000,0.000000,2.015315,-0.000000,-0.000007,False
2015-04-26,2.015318,2.015318,-0.000000,0.000000,0.000000,0.000000,2.015318,-0.000000,-0.000010,False
2015-04-27,2.015321,2.015321,-0.000000,0.000000,0.000000,0.000000,2.015321,-0.000000,-0.000013,False
2015-04-28,2.015323,2.015323,-0.000000,0.000000,0.000000,0.000000,2.015323,-0.000000,-0.000016,False
2015-04-29,2.015326,2.015326,-0.000000,0.000000,0.000000,0.000000,2.015326,-0.000000,-0.000019,False
2015-04-30,2.015329,2.015329,-0.000000,0.000000,0.000000,0.000000,2.015329,-0.000000,-0.000022,False
2015-05-01,2.015332,2.015332,-0.000000,0.000000,0.000000,0.000000,2.015332,-0.000000,-0.000025,False
2015-05-02,2.015334,2.015334,-0.000000,0.000000,0.000000,0.000000,2.015334,-0.000000,-0.000029,False
2015-05-03,2.015337,2.015337,-0.000000,0.000000,0.000000,0.000000,2.015337,-0.000000,-0.000032,False
2015-05-04,2.015340,2.015340,-0.000000,0.000000,0.000000,0.000000,2.015340,-0.000000,-0.000035,False
2015-05-05,2.015342,2.015343,-0.000000,0.000000,0.000000,0.000000,2.015343,-0.000000,-0.000039,False
2015-05-06,2.015345,2.015345,-0.000000,0.000000,0.000000,0.000000,2.015345,-0.000000,-0.000042,False
2015-05-07,2.015348,2.015348,-0.000000,0.000000,0.000000,0.000000,2.015348,-0.000000,-0.000046,False
2015-05-08,2.015351,2.015351,-0.000000,0.000000,0.000000,0.000000,2.015351,-0.000000,-0.000055,False
2015-05-09,2.015353,2.015353,-0.000000,0.000000,0.000000,0.000000,2.015354,-0.000000,-0.000058,False
2015-05-10,2.015356,2.015356,-0.000000,0.000000,0.000000,0.000000,2.015356,-0.000000,-0.000062,False
2015-05-11,2.015359,2.015359,-0.000000,0.000000,0.000000,0.000000,2.015359,-0.000000,-0.000065,False
2015-05-12,2.015362,2.015362,-0.000000,0.000000,0.000000,0.000000,2.015362,-0.000000,-0.000069,False
2015-05-13,2.015364,2.015364,0.000000,0.000000,0.000000,0.000000,2.015365,-0.000000,-0.000073,False
2015-05-14,2.015367,2.015367,0.000000,0.000000,0.000000,0.000000,2.015367,-0.000000,-0.000076,False
2015-05-15,2.015370,2.015370,0.000000,0.000000,0.000000,0.000000,2.015370,-0.000000,-0.000080,False
2015-05-16,2.015373,2.015373,0.000000,0.000000,0.000000,0.000000,2.015373,-0.000000,-0.000083,False
2015-05-17,2.015375,2.015375,0.000000,0.000000,0.000000,0.000000,2.015376,-0.000000,-0.000086,False
2015-05-18,2.015378,2.015378,0.000000,0.000000,0.000000,0.000000,2.015378,-0.000000,-0.000089,False
2015-05-19,2.015381,2.015381,0.000000,0.000000,0.000000,0.000000,2.015381,-0.000000,-0.000092,False
2015-05-20,2.015384,2.015384,0.000000,0.000000,0.000000,0.000000,2.015384,-0.000000,-0.000095,False
2015-05-21,2.015386,2.015386,0.000000,0.000000,0.000000,0.000000,2.015386,-0.000000,-0.000098,False
2015-05-22,2.015389,2.015389,0.000000,0.000000,0.000000,0.000000,2.015389,-0.000000,-0.000101,False
2015-05-23,2.015392,2.015392,0.000000,0.000000,0.000000,0.000000,2.015392,-0.000000,-0.000104,False
2015-05-24,2.015395,2.015395,0.000000,0.000000,0.000000,0.000000,2.015395,-0.000000,-0.000106,False
2015-05-25,2.015397,2.015397,0.000000,0.000000,0.000000,0.000000,2.015397,-0.000000,-0.000108,False
2015-05-26,2.015400,2.015400,0.000000,0.000000,0.000000,0.000000,2.015400,-0.000000,-0.000110,False
2015-05-27,2.015403,2.015403,0.000000,0.000000,0.000000,0.000000,2.015403,-0.000000,-0.000112,False
2015-05-28,2.015405,2.015406,0.000000,0.000000,0.000000,0.000000,2.015406,-0.000000,-0.000114,False
2015-05-29,2.015408,2.015408,0.000000,0.000000,0.000000,0.000000,2.015408,-0.000000,-0.000116,False
2015-05-30,2.015411,2.015411,0.000000,0.000000,0.000000,0.000000,2.015411,-0.000000,-0.000117,False
2015-05-31,2.015414,2.015414,0.000000,0.000000,0.000000,0.000000,2.015414,-0.000000,-0.000118,False
2015-06-01,2.015416,2.015416,0.000000,0.000000,0.000000,0.000000,2.015417,-0.000000,-0.000119,False
2015-06-02,2.015419,2.015419,0.000000,0.000000,0.000000,0.000000,2.015419,-0.000000,-0.000120,False
2015-06-03,2.015422,2.015422,0.000000,0.000000,0.000000,0.000000,2.015422,-0.000000,-0.000121,False
2015-06-04,2.015425,2.015425,0.000000,0.000000,0.000000,0.000000,2.015425,-0.000000,-0.000121,False
2015-06-05,2.015427,2.015427,0.000000,0.000000,0.000000,0.000000,2.015428,-0.000000,-0.000121,False
2015-06-06,2.015430,2.015430,0.000000,0.000000,0.000000,0.000000,2.015430,-0.000000,-0.000121,False
2015-06-07,2.015433,2.015433,0.000000,0.000000,0.000000,0.000000,2.015433,-0.000000,-0.000121,False
2015-06-08,2.015436,2.015436,0.000000,0.000000,0.000000,0.000000,2.015436,-0.000000,-0.000121,False
2015-06-09,2.015438,2.015438,0.000000,0.000000,0.000000,0.000000,2.015439,-0.000000,-0.000120,False
2015-06-10,2.015441,2.015441,0.000000,0.000000,0.000000,0.000000,2.015441,-0.000000,-0.000119,False
2015-06-11,2.015444,2.015444,0.000000,0.000000,0.000000,0.000000,2.015444,-0.000000,-0.000118,False
2015-06-12,2.015447,2.015447,0.000000,0.000000,0.000000,0.000000,2.015447,-0.000000,-0.000117,False
2015-06-13,2.015449,2.015449,0.000000,0.000000,0.000000,0.000000,2.015450,-0.000000,-0.000116,False
2015-06-14,2.015452,2.015452,0.000000,0.000000,0.000000,0.000000,2.015452,-0.000000,-0.000119,False
2015-06-15,2.015455,2.015455,0.000000,0.000000,0.000000,0.000000,2.015455,-0.000000,-0.000118,False
2015-06-16,2.015458,2.015458,0.000000,0.000000,0.000000,0.000000,2.015458,-0.000000,-0.000116,False
2015-06-17,2.015460,2.015460,0.000000,0.000000,0.000000,0.000000,2.015460,-0.000000,-0.000114,False
2015-06-18,2.015463,2.015463,0.000000,0.000000,0.000000,0.000000,2.015463,-0.000000,-0.000112,False
2015-06-19,2.015466,2.015466,0.000000,0.000000,0.000000,0.000000,2.015466,-0.000000,-0.000110,False
2015-06-20,2.015468,2.015469,0.000000,0.000000,0.000000,0.000000,2.015469,-0.000000,-0.000107,False
2015-06-21,2.015471,2.015471,0.000000,0.000000,0.000000,0.000000,2.015471,-0.000000,-0.000105,False
2015-06-22,2.015474,2.015474,0.000000,0.000000,0.000000,0.000000,2.015474,-0.000000,-0.000102,False
2015-06-23,2.015477,2.015477,0.000000,0.000000,0.000000,0.000000,2.015477,-0.000000,-0.000099,False
2015-06-24,2.015479,2.015479,0.000000,0.000000,0.000000,0.000000,2.015480,-0.000000,-0.000097,False
2015-06-25,2.015482,2.015482,0.000000,0.000000,0.000000,0.000000,2.015482,-0.000000,-0.000094,False
2015-06-26,2.015485,2.015485,0.000000,0.000000,0.000000,0.000000,2.015485,-0.000000,-0.000091,False
2015-06-27,2.015488,2.015488,-0.000000,0.000000,0.000000,0.000000,2.015488,-0.000000,-0.000088,False
2015-06-28,2.015490,2.015490,-0.000000,0.000000,0.000000,0.000000,2.015491,-0.000000,-0.000085,False
2015-06-29,2.015493,2.015493,-0.000000,0.000000,0.000000,0.000000,2.015493,-0.000000,-0.000082,False
2015-06-30,2.015496,2.015496,-0.000000,0.000000,0.000000,0.000000,2.015496,-0.000000,-0.000078,False
2015-07-01,2.015499,2.015499,-0.000000,0.000000,0.000000,0.000000,2.015499,-0.000000,-0.000075,False
2015-07-02,2.015501,2.015501,-0.000000,0.000000,0.000000,0.000000,2.015502,-0.000000,-0.000072,False
2015-07-03,2.015504,2.015504,-0.000000,0.000000,0.000000,0.000000,2.015504,-0.000000,-0.000069,False
2015-07-04,2.015507,2.015507,-0.000000,0.000000,0.000000,0.000000,2.015507,-0.000000,-0.000066,False
2015-07-05,2.015510,2.015510,-0.000000,0.000000,0.000000,0.000000,2.015510,-0.000000,-0.000063,False
2015-07-06,2.015512,2.015512,-0.000000,0.000000,0.000000,0.000000,2.015512,-0.000000,-0.000060,False
2015-07-07,2.015515,2.015515,-0.000000,0.000000,0.000000,0.000000,2.015515,-0.000000,-0.000057,False
2015-07-08,2.015518,2.015518,-0.000000,0.000000,0.000000,0.000000,2.015518,-0.000000,-0.000054,False
2015-07-09,2.015521,2.015521,-0.000000,0.000000,0.000000,0.000000,2.015521,-0.000000,-0.000051,False
2015-07-10,2.015523,2.015523,-0.000000,0.000000,0.000000,0.000000,2.015523,-0.000000,-0.000049,False
2015-07-11,2.015526,2.015526,-0.000000,0.000000,0.000000,0.000000,2.015526,-0.000000,-0.000046,False
2015-07-12,2.015529,2.015529,-0.000000,0.000000,0.000000,0.000000,2.015529,-0.000000,-0.000044,False
2015-07-13,2.015532,2.015532,-0.000000,0.000000,0.000000,0.000000,2.015532,-0.000000,-0.000041,False
2015-07-14,2.015534,2.015534,-0.000000,0.000000,0.000000,0.000000,2.015534,-0.000000,-0.000039,False
2015-07-15,2.015537,2.015537,-0.000000,0.000000,0.000000,0.000000,2.015537,-0.000000,-0.000037,False
2015-07-16,2.015540,2.015540,-0.000000,0.000000,0.000000,0.000000,2.015540,-0.000000,-0.000035,False
2015-07-17,2.015542,2.015543,-0.000000,0.000000,0.000000,0.000000,2.015543,-0.000000,-0.000033,False
2015-07-18,2.015545,2.015545,-0.000000,0.000000,0.000000,0.000000,2.015545,-0.000000,-0.000031,False
2015-07-19,2.015548,2.015548,-0.000000,0.000000,0.000000,0.000000,2.015548,-0.000000,-0.000029,False
2015-07-20,2.015551,2.015551,-0.000000,-0.000000,0.000000,0.000000,2.015551,-0.000000,-0.000033,False
2015-07-21,2.015553,2.015553,-0.000000,-0.000000,0.000000,0.000000,2.015553,-0.000000,-0.000031,False
2015-07-22,2.015556,2.015556,-0.000000,-0.000000,0.000000,0.000000,2.015556,-0.000000,-0.000030,False
2015-07-23,2.015559,2.015559,-0.000000,-0.000000,0.000000,0.000000,2.015559,-0.000000,-0.000029,False
2015-07-24,2.015562,2.015562,-0.000000,-0.000000,0.000000,0.000000,2.015562,-0.000000,-0.000028,False
2015-07-25,2.015564,2.015564,-0.000000,-0.000000,0.000000,0.000000,2.015564,-0.000000,-0.000027,False
2015-07-26,2.015567,2.015567,-0.000000,-0.000000,0.000000,0.000000,2.015567,-0.000000,-0.000026,False
2015-07-27,2.015570,2.015570,-0.000000,-0.000000,0.000000,0.000000,2.015570,-0.000000,-0.000026,False
2015-07-28,2.015573,2.015573,-0.000000,-0.000000,0.000000,0.000000,2.015573,-0.000000,-0.000025,False
2015-07-29,2.015575,2.015575,-0.000000,-0.000000,0.000000,0.000000,2.015575,-0.000000,-0.000025,False
2015-07-30,2.015578,2.015578,-0.000000,-0.000000,0.000000,0.000000,2.015578,-0.000000,-0.000025,False
2015-07-31,2.015581,2.015581,-0.000000,-0.000000,0.000000,0.000000,2.015581,-0.000000,-0.000024,False
2015-08-01,2.015584,2.015584,-0.000000,-0.000000,0.000000,0.000000,2.015584,-0.000000,-0.000025,False
2015-08-02,2.015586,2.015586,-0.000000,-0.000000,0.000000,0.000000,2.015586,-0.000000,-0.000025,False
2015-08-03,2.015589,2.015589,-0.000000,-0.000000,0.000000,0.000000,2.015589,-0.000000,-0.000025,False
2015-08-04,2.015592,2.015592,-0.000000,-0.000000,0.000000,0.000000,2.015592,-0.000000,-0.000025,False
2015-08-05,2.015595,2.015595,-0.000000,-0.000000,0.000000,0.000000,2.015595,-0.000000,-0.000026,False
2015-08-06,2.015597,2.015597,-0.000000,-0.000000,0.000000,0.000000,2.015597,-0.000000,-0.000026,False
2015-08-07,2.015600,2.015600,-0.000000,-0.000000,0.000000,0.000000,2.015600,-0.000000,-0.000027,False
2015-08-08,2.015603,2.015603,-0.000000,-0.000000,0.000000,0.000000,2.015603,-0.000000,-0.000027,False
2015-08-09,2.015605,2.015606,-0.000000,-0.000000,0.000000,0.000000,2.015606,-0.000000,-0.000028,False
2015-08-10,2.015608,2.015608,-0.000000,-0.000000,0.000000,0.000000,2.015608,-0.000000,-0.000029,False
2015-08-11,2.015611,2.015611,-0.000000,-0.000000,0.000000,0.000000,2.015611,-0.000000,-0.000030,False
2015-08-12,2.015614,2.015614,0.000000,-0.000000,0.000000,0.000000,2.015614,-0.000000,-0.000031,False
2015-08-13,2.015616,2.015616,0.000000,-0.000000,0.000000,0.000000,2.015617,-0.000000,-0.000031,False
2015-08-14,2.015619,2.015619,0.000000,-0.000000,0.000000,0.000000,2.015619,-0.000000,-0.000032,False
2015-08-15,2.015622,2.015622,0.000000,-0.000000,0.000000,0.000000,2.015622,-0.000000,-0.000033,False
2015-08-16,2.015625,2.015625,0.000000,-0.000000,0.000000,0.000000,2.015625,-0.000000,-0.000034,False
2015-08-17,2.015627,2.015627,0.000000,-0.000000,0.000000,0.000000,2.015627,-0.000000,-0.000035,False
2015-08-18,2.015630,2.015630,0.000000,-0.000000,0.000000,0.000000,2.015630,-0.000000,-0.000036,False
2015-08-19,2.015633,2.015633,0.000000,-0.000000,0.000000,0.000000,2.015633,-0.000000,-0.000037,False
2015-08-20,2.015636,2.015636,0.000000,-0.000000,0.000000,0.000000,2.015636,-0.000000,-0.000038,False
2015-08-21,2.015638,2.015638,0.000000,-0.000000,0.000000,0.000000,2.015638,-0.000000,-0.000038,False
2015-08-22,2.015641,2.015641,0.000000,-0.000000,0.000000,0.000000,2.015641,-0.000000,-0.000039,False
2015-08-23,2.015644,2.015644,0.000000,-0.000000,0.000000,0.000000,2.015644,-0.000000,-0.000040,False
2015-08-24,2.015647,2.015647,0.000000,-0.000000,0.000000,0.000000,2.015647,-0.000000,-0.000040,False
2015-08-25,2.015649,2.015649,0.000000,-0.000000,0.000000,0.000000,2.015649,-0.000000,-0.000041,False
2015-08-26,2.015652,2.015652,0.000000,-0.000000,0.000000,0.000000,2.015652,-0.000000,-0.000046,False
2015-08-27,2.015655,2.015655,0.000000,-0.000000,0.000000,0.000000,2.015655,-0.000000,-0.000047,False
2015-08-28,2.015658,2.015658,0.000000,-0.000000,0.000000,0.000000,2.015658,-0.000000,-0.000047,False
2015-08-29,2.015660,2.015660,0.000000,-0.000000,0.000000,0.000000,2.015660,-0.000000,-0.000047,False
2015-08-30,2.015663,2.015663,0.000000,-0.000000,0.000000,0.000000,2.015663,-0.000000,-0.000047,False
2015-08-31,2.015666,2.015666,0.000000,-0.000000,0.000000,0.000000,2.015666,-0.000000,-0.000047,False
2015-09-01,2.015668,2.015669,0.000000,-0.000000,0.000000,0.000000,2.015669,-0.000000,-0.000047,False
2015-09-02,2.015671,2.015671,0.000000,-0.000000,0.000000,0.000000,2.015671,-0.000000,-0.000047,False
2015-09-03,2.015674,2.015674,0.000000,-0.000000,0.000000,0.000000,2.015674,-0.000000,-0.000046,False
2015-09-04,2.015677,2.015677,0.000000,-0.000000,0.000000,0.000000,2.015677,-0.000000,-0.000046,False
2015-09-05,2.015679,2.015679,0.000000,-0.000000,0.000000,0.000000,2.015680,-0.000000,-0.000046,False
2015-09-06,2.015682,2.015682,0.000000,-0.000000,0.000000,0.000000,2.015682,-0.000000,-0.000045,False
2015-09-07,2.015685,2.015685,0.000000,-0.000000,0.000000,0.000000,2.015685,-0.000000,-0.000044,False
2015-09-08,2.015688,2.015688,0.000000,-0.000000,0.000000,0.000000,2.015688,-0.000000,-0.000043,False
2015-09-09,2.015690,2.015690,0.000000,-0.000000,0.000000,0.000000,2.015690,-0.000000,-0.000042,False
2015-09-10,2.015693,2.015693,0.000000,-0.000000,0.000000,0.000000,2.015693,-0.000000,-0.000041,False
2015-09-11,2.015696,2.015696,0.000000,-0.000000,0.000000,0.000000,2.015696,-0.000000,-0.000040,False
2015-09-12,2.015699,2.015699,0.000000,-0.000000,0.000000,0.000000,2.015699,-0.000000,-0.000039,False
2015-09-13,2.015701,2.015701,0.000000,-0.000000,0.000000,0.000000,2.015701,-0.000000,-0.000038,False
2015-09-14,2.015704,2.015704,0.000000,-0.000000,0.000000,0.000000,2.015704,-0.000000,-0.000037,False
2015-09-15,2.015707,2.015707,0.000000,-0.000000,0.000000,0.000000,2.015707,-0.000000,-0.000035,False
2015-09-16,2.015710,2.015710,0.000000,-0.000000,0.000000,0.000000,2.015710,-0.000000,-0.000034,False
2015-09-17,2.015712,2.015712,0.000000,-0.000000,0.000000,0.000000,2.015712,-0.000000,-0.000032,False
2015-09-18,2.015715,2.015715,0.000000,-0.000000,0.000000,0.000000,2.015715,-0.000000,-0.000031,False
2015-09-19,2.015718,2.015718,0.000000,-0.000000,0.000000,0.000000,2.015718,-0.000000,-0.000029,False
2015-09-20,2.015721,2.015721,0.000000,-0.000000,0.000000,0.000000,2.015721,-0.000000,-0.000028,False
2015-09-21,2.015723,2.015723,0.000000,-0.000000,0.000000,0.000000,2.015723,-0.000000,-0.000026,False
2015-09-22,2.015726,2.015726,0.000000,-0.000000,0.000000,0.000000,2.015726,-0.000000,-0.000024,False
2015-09-23,2.015729,2.015729,0.000000,-0.000000,0.000000,0.000000,2.015729,-0.000000,-0.000023,False
2015-09-24,2.015732,2.015732,0.000000,-0.000000,0.000000,0.000000,2.015732,-0.000000,-0.000021,False
2015-09-25,2.015734,2.015734,0.000000,-0.000000,0.000000,0.000000,2.015734,-0.000000,-0.000019,False
2015-09-26,2.015737,2.015737,0.000000,-0.000000,0.000000,0.000000,2.015737,-0.000000,-0.000018,False
2015-09-27,2.015740,2.015740,-0.000000,-0.000000,0.000000,0.000000,2.015740,-0.000000,-0.000016,False
2015-09-28,2.015742,2.015743,-0.000000,-0.000000,0.000000,0.000000,2.015742,-0.000000,-0.000015,False
2015-09-29,2.015745,2.015745,-0.000000,-0.000000,0.000000,0.000000,2.015745,-0.000000,-0.000013,False
2015-09-30,2.015748,2.015748,-0.000000,-0.000000,0.000000,0.000000,2.015748,-0.000000,-0.000012,False
2015-10-01,2.015751,2.015751,-0.000000,-0.000000,0.000000,0.000000,2.015751,-0.000000,-0.000015,False
2015-10-02,2.015753,2.015753,-0.000000,-0.000000,0.000000,0.000000,2.015753,-0.000000,-0.000014,False
2015-10-03,2.015756,2.015756,-0.000000,-0.000000,0.000000,0.000000,2.015756,-0.000000,-0.000013,False
2015-10-04,2.015759,2.015759,-0.000000,-0.000000,0.000000,0.000000,2.015759,-0.000000,-0.000011,False
2015-10-05,2.015762,2.015762,-0.000000,-0.000000,0.000000,0.000000,2.015762,-0.000000,-0.000010,False
2015-10-06,2.015764,2.015764,-0.000000,-0.000000,0.000000,0.000000,2.015764,-0.000000,-0.000009,False
2015-10-07,2.015767,2.015767,-0.000000,-0.000000,0.000000,0.000000,2.015767,-0.000000,-0.000009,False
2015-10-08,2.015770,2.015770,-0.000000,-0.000000,0.000000,0.000000,2.015770,-0.000000,-0.000008,False
2015-10-09,2.015773,2.015773,-0.000000,-0.000000,0.000000,0.000000,2.015773,-0.000000,-0.000007,False
2015-10-10,2.015775,2.015775,-0.000000,-0.000000,0.000000,0.000000,2.015775,-0.000000,-0.000007,False
2015-10-11,2.015778,2.015778,-0.000000,-0.000000,0.000000,0.000000,2.015778,-0.000000,-0.000006,False
2015-10-12,2.015781,2.015781,-0.000000,-0.000000,0.000000,0.000000,2.015781,-0.000000,-0.000006,False
2015-10-13,2.015784,2.015784,-0.000000,-0.000000,0.000000,0.000000,2.015784,-0.000000,-0.000006,False
2015-10-14,2.015786,2.015786,-0.000000,-0.000000,-0.000000,0.000000,2.015786,-0.000000,-0.000006,False
2015-10-15,2.015789,2.015789,-0.000000,-0.000000,-0.000000,0.000000,2.015789,-0.000000,-0.000006,False
2015-10-16,2.015792,2.015792,-0.000000,-0.000000,-0.000000,0.000000,2.015792,-0.000000,-0.000007,False
2015-10-17,2.015795,2.015795,-0.000000,-0.000000,-0.000000,0.000000,2.015795,-0.000000,-0.000007,False
2015-10-18,2.015797,2.015797,-0.000000,-0.000000,-0.000000,0.000000,2.015797,-0.000000,-0.000008,False
2015-10-19,2.015800,2.015800,-0.000000,0.000000,-0.000000,0.000000,2.015800,-0.000000,-0.000009,False
2015-10-20,2.015803,2.015803,-0.000000,0.000000,-0.000000,0.000000,2.015803,-0.000000,-0.000010,False
2015-10-21,2.015805,2.015806,-0.000000,0.000000,-0.000000,0.000000,2.015806,-0.000000,-0.000011,False
2015-10-22,2.015808,2.015808,-0.000000,0.000000,-0.000000,0.000000,2.015808,-0.000000,-0.000012,False
2015-10-23,2.015811,2.015811,-0.000000,0.000000,-0.000000,0.000000,2.015811,-0.000000,-0.000013,False
2015-10-24,2.015814,2.015814,-0.000000,0.000000,-0.000000,0.000000,2.015814,-0.000000,-0.000015,False
2015-10-25,2.015816,2.015816,-0.000000,0.000000,-0.000000,0.000000,2.015816,-0.000000,-0.000016,False
2015-10-26,2.015819,2.015819,-0.000000,0.000000,-0.000000,0.000000,2.015819,-0.000000,-0.000018,False
2015-10-27,2.015822,2.015822,-0.000000,0.000000,-0.000000,0.000000,2.015822,-0.000000,-0.000020,False
2015-10-28,2.015825,2.015825,-0.000000,0.000000,-0.000000,0.000000,2.015825,-0.000000,-0.000022,False
2015-10-29,2.015827,2.015827,-0.000000,0.000000,-0.000000,0.000000,2.015827,-0.000000,-0.000024,False
2015-10-30,2.015830,2.015830,-0.000000,0.000000,-0.000000,0.000000,2.015830,-0.000000,-0.000026,False
2015-10-31,2.015833,2.015833,-0.000000,0.000000,-0.000000,0.000000,2.015833,-0.000000,-0.000028,False
2015-11-01,2.015836,2.015836,-0.000000,0.000000,-0.000000,0.000000,2.015836,-0.000000,-0.000031,False
2015-11-02,2.015838,2.015838,-0.000000,0.000000,-0.000000,0.000000,2.015838,-0.000000,-0.000033,False
2015-11-03,2.015841,2.015841,-0.000000,0.000000,-0.000000,0.000000,2.015841,-0.000000,-0.000036,False
2015-11-04,2.015844,2.015844,-0.000000,0.000000,-0.000000,0.000000,2.015844,-0.000000,-0.000038,False
2015-11-05,2.015847,2.015847,-0.000000,0.000000,-0.000000,0.000000,2.015847,-0.000000,-0.000041,False
2015-11-06,2.015849,2.015849,-0.000000,0.000000,-0.000000,0.000000,2.015849,-0.000000,-0.000043,False
2015-11-07,2.015852,2.015852,-0.000000,0.000000,-0.000000,0.000000,2.015852,-0.000000,-0.000051,False
2015-11-08,2.015855,2.015855,-0.000000,0.000000,-0.000000,0.000000,2.015855,-0.000000,-0.000054,False
2015-11-09,2.015858,2.015858,-0.000000,0.000000,-0.000000,0.000000,2.015858,-0.000000,-0.000056,False
2015-11-10,2.015860,2.015860,-0.000000,0.000000,-0.000000,0.000000,2.015860,-0.000000,-0.000059,False
2015-11-11,2.015863,2.015863,0.000000,0.000000,-0.000000,0.000000,2.015863,-0.000000,-0.000061,False
2015-11-12,2.015866,2.015866,0.000000,0.000000,-0.000000,0.000000,2.015866,-0.000000,-0.000064,False
2015-11-13,2.015868,2.015869,0.000000,0.000000,-0.000000,0.000000,2.015869,-0.000000,-0.000066,False
2015-11-14,2.015871,2.015871,0.000000,0.000000,-0.000000,0.000000,2.015871,-0.000000,-0.000069,False
2015-11-15,2.015874,2.015874,0.000000,0.000000,-0.000000,0.000000,2.015874,-0.000000,-0.000071,False
2015-11-16,2.015877,2.015877,0.000000,0.000000,-0.000000,0.000000,2.015877,-0.000000,-0.000074,False
2015-11-17,2.015879,2.015879,0.000000,0.000000,-0.000000,0.000000,2.015880,-0.000000,-0.000076,False
2015-11-18,2.015882,2.015882,0.000000,0.000000,-0.000000,0.000000,2.015882,-0.000000,-0.000078,False
2015-11-19,2.015885,2.015885,0.000000,0.000000,-0.000000,0.000000,2.015885,-0.000000,-0.000080,False
2015-11-20,2.015888,2.015888,0.000000,0.000000,-0.000000,0.000000,2.015888,-0.000000,-0.000082,False
2015-11-21,2.015890,2.015890,0.000000,0.000000,-0.000000,0.000000,2.015891,-0.000000,-0.000084,False
2015-11-22,2.015893,2.015893,0.000000,0.000000,-0.000000,0.000000,2.015893,-0.000000,-0.000085,False
2015-11-23,2.015896,2.015896,0.000000,0.000000,-0.000000,0.000000,2.015896,-0.000000,-0.000087,False
2015-11-24,2.015899,2.015899,0.000000,0.000000,-0.000000,0.000000,2.015899,-0.000000,-0.000088,False
2015-11-25,2.015901,2.015901,0.000000,0.000000,-0.000000,0.000000,2.015902,-0.000000,-0.000089,False
2015-11-26,2.015904,2.015904,0.000000,0.000000,-0.000000,0.000000,2.015904,-0.000000,-0.000090,False
2015-11-27,2.015907,2.015907,0.000000,0.000000,-0.000000,0.000000,2.015907,-0.000000,-0.000091,False
2015-11-28,2.015910,2.015910,0.000000,0.000000,-0.000000,0.000000,2.015910,-0.000000,-0.000092,False
2015-11-29,2.015912,2.015912,0.000000,0.000000,-0.000000,0.000000,2.015913,-0.000000,-0.000092,False
2015-11-30,2.015915,2.015915,0.000000,0.000000,-0.000000,0.000000,2.015915,-0.000000,-0.000093,False
2015-12-01,2.015918,2.015918,0.000000,0.000000,-0.000000,0.000000,2.015918,-0.000000,-0.000093,False
2015-12-02,2.015921,2.015921,0.000000,0.000000,-0.000000,0.000000,2.015921,-0.000000,-0.000093,False
2015-12-03,2.015923,2.015923,0.000000,0.000000,-0.000000,0.000000,2.015923,-0.000000,-0.000093,False
2015-12-04,2.015926,2.015926,0.000000,0.000000,-0.000000,0.000000,2.015926,-0.000000,-0.000092,False
2015-12-05,2.015929,2.015929,0.000000,0.000000,-0.000000,0.000000,2.015929,-0.000000,-0.000092,False
2015-12-06,2.015932,2.015932,0.000000,0.000000,-0.000000,0.000000,2.015932,-0.000000,-0.000091,False
2015-12-07,2.015934,2.015934,0.000000,0.000000,-0.000000,0.000000,2.015934,-0.000000,-0.000090,False
2015-12-08,2.015937,2.015937,0.000000,0.000000,-0.000000,0.000000,2.015937,-0.000000,-0.000089,False
2015-12-09,2.015940,2.015940,0.000000,0.000000,-0.000000,0.000000,2.015940,-0.000000,-0.000087,False
2015-12-10,2.015942,2.015943,0.000000,0.000000,-0.000000,0.000000,2.015943,-0.000000,-0.000086,False
2015-12-11,2.015945,2.015945,0.000000,0.000000,-0.000000,0.000000,2.015945,-0.000000,-0.000084,False
2015-12-12,2.015948,2.015948,0.000000,0.000000,-0.000000,0.000000,2.015948,-0.000000,-0.000082,False
2015-12-13,2.015951,2.015951,0.000000,0.000000,-0.000000,0.000000,2.015951,-0.000000,-0.000085,False
2015-12-14,2.015953,2.015953,0.000000,0.000000,-0.000000,0.000000,2.015954,-0.000000,-0.000083,False
2015-12-15,2.015956,2.015956,0.000000,0.000000,-0.000000,0.000000,2.015956,-0.000000,-0.000081,False
2015-12-16,2.015959,2.015959,0.000000,0.000000,-0.000000,0.000000,2.015959,-0.000000,-0.000078,False
2015-12-17,2.015962,2.015962,0.000000,0.000000,-0.000000,0.000000,2.015962,-0.000000,-0.000076,False
2015-12-18,2.015964,2.015964,0.000000,0.000000,-0.000000,0.000000,2.015965,-0.000000,-0.000073,False
2015-12-19,2.015967,2.015967,0.000000,0.000000,-0.000000,0.000000,2.015967,-0.000000,-0.000070,False
2015-12-20,2.015970,2.015970,0.000000,0.000000,-0.000000,0.000000,2.015970,-0.000000,-0.000067,False
2015-12-21,2.015973,2.015973,0.000000,0.000000,-0.000000,0.000000,2.015973,-0.000000,-0.000064,False
2015-12-22,2.015975,2.015975,0.000000,0.000000,-0.000000,0.000000,2.015975,-0.000000,-0.000061,False
2015-12-23,2.015978,2.015978,0.000000,0.000000,-0.000000,0.000000,2.015978,-0.000000,-0.000058,False
2015-12-24,2.015981,2.015981,0.000000,0.000000,-0.000000,0.000000,2.015981,-0.000000,-0.000055,False
2015-12-25,2.015984,2.015984,0.000000,0.000000,-0.000000,0.000000,2.015984,-0.000000,-0.000051,False
2015-12-26,2.015986,2.015986,0.000000,0.000000,-0.000000,0.000000,2.015986,-0.000000,-0.000048,False
2015-12-27,2.015989,2.015989,-0.000000,0.000000,-0.000000,0.000000,2.015989,-0.000000,-0.000045,False
2015-12-28,2.015992,2.015992,-0.000000,0.000000,-0.000000,0.000000,2.015992,-0.000000,-0.000041,False
2015-12-29,2.015995,2.015995,-0.000000,0.000000,-0.000000,0.000000,2.015995,-0.000000,-0.000038,False
2015-12-30,2.015997,2.015997,-0.000000,0.000000,-0.000000,0.000000,2.015997,-0.000000,-0.000034,False
2015-12-31,2.016000,2.016000,-0.000000,0.000000,-0.000000,0.000000,2.016000,-0.000000,-0.000031,False
2016-01-01,2.016003,2.016003,-0.000000,0.000000,-0.000000,0.000000,2.016003,-0.000000,-0.000032,False
2016-01-02,2.016005,2.016006,-0.000000,0.000000,-0.000000,0.000000,2.016006,-0.000000,-0.000030,False
2016-01-03,2.016008,2.016008,-0.000000,0.000000,-0.000000,0.000000,2.016008,-0.000000,-0.000023,False
2016-01-04,2.016011,2.016011,-0.000000,0.000000,-0.000000,0.000000,2.016011,-0.000000,-0.000021,False
2016-01-05,2.016014,2.016014,-0.000000,0.000000,-0.000000,0.000000,2.016014,-0.000000,-0.000019,False
2016-01-06,2.016016,2.016016,-0.000000,0.000000,-0.000000,0.000000,2.016016,-0.000000,-0.000018,False
2016-01-07,2.016019,2.016019,-0.000000,0.000000,-0.000000,0.000000,2.016019,-0.000000,-0.000011,False
2016-01-08,2.016022,2.016022,-0.000000,0.000000,-0.000000,0.000000,2.016022,-0.000000,-0.000009,False
2016-01-09,2.016025,2.016025,-0.000000,0.000000,-0.000000,0.000000,2.016025,-0.000000,-0.000008,False
2016-01-10,2.016027,2.016027,-0.000000,0.000000,-0.000000,0.000000,2.016027,-0.000000,-0.000006,False
2016-01-11,2.016030,2.016030,-0.000000,0.000000,-0.000000,0.000000,2.016030,-0.000000,-0.000005,False
2016-01-12,2.016033,2.016033,-0.000000,0.000000,-0.000000,0.000000,2.016033,0.000000,0.000001,False
2016-01-13,2.016036,2.016036,-0.000000,0.000000,-0.000000,0.000000,2.016036,0.000000,0.000002,False
2016-01-14,2.016038,2.016038,-0.000000,0.000000,-0.000000,0.000000,2.016038,0.000000,0.000003,False
2016-01-15,2.016041,2.016041,-0.000000,0.000000,-0.000000,0.000000,2.016041,0.000000,0.000004,False
2016-01-16,2.016044,2.016044,-0.000000,0.000000,-0.000000,0.000000,2.016044,0.000000,0.000010,False
2016-01-17,2.016046,2.016046,-0.000000,0.000000,-0.000000,0.000000,2.016046,0.000000,0.000010,False
2016-01-18,2.016049,2.016049,-0.000000,-0.000000,-0.000000,0.000000,2.016049,0.000000,0.000011,False
2016-01-19,2.016052,2.016052,-0.000000,-0.000000,-0.000000,0.000000,2.016052,0.000000,0.000011,False
2016-01-20,2.016055,2.016055,-0.000000,-0.000000,-0.000000,0.000000,2.016055,0.000000,0.000011,False
2016-01-21,2.016057,2.016057,-0.000000,-0.000000,-0.000000,0.000000,2.016057,0.000000,0.000016,False
2016-01-22,2.016060,2.016060,-0.000000,-0.000000,-0.000000,0.000000,2.016060,0.000000,0.000016,False
2016-01-23,2.016063,2.016063,-0.000000,-0.000000,-0.000000,0.000000,2.016063,0.000000,0.000015,False
2016-01-24,2.016066,2.016066,-0.000000,-0.000000,-0.000000,0.000000,2.016066,0.000000,0.000015,False
2016-01-25,2.016068,2.016068,-0.000000,-0.000000,-0.000000,0.000000,2.016068,0.000000,0.000019,False
2016-01-26,2.016071,2.016071,-0.000000,-0.000000,-0.000000,0.000000,2.016071,0.000000,0.000018,False
2016-01-27,2.016074,2.016074,-0.000000,-0.000000,-0.000000,0.000000,2.016074,0.000000,0.000017,False
2016-01-28,2.016077,2.016077,-0.000000,-0.000000,-0.000000,0.000000,2.016076,0.000000,0.000016,False
2016-01-29,2.016079,2.016079,-0.000000,-0.000000,-0.000000,0.000000,2.016079,0.000000,0.000014,False
2016-01-30,2.016082,2.016082,-0.000000,-0.000000,-0.000000,0.000000,2.016082,0.000000,0.000018,False
2016-01-31,2.016085,2.016085,-0.000000,-0.000000,-0.000000,0.000000,2.016085,0.000000,0.000016,False
2016-02-01,2.016087,2.016087,-0.000000,-0.000000,-0.000000,0.000000,2.016087,0.000000,0.000015,False
2016-02-02,2.016090,2.016090,-0.000000,-0.000000,-0.000000,0.000000,2.016090,0.000000,0.000013,False
2016-02-03,2.016093,2.016093,-0.000000,-0.000000,-0.000000,0.000000,2.016093,0.000000,0.000016,False
2016-02-04,2.016096,2.016096,-0.000000,-0.000000,-0.000000,0.000000,2.016096,0.000000,0.000014,False
2016-02-05,2.016098,2.016098,-0.000000,-0.000000,-0.000000,0.000000,2.016098,0.000000,0.000012,False
2016-02-06,2.016101,2.016101,-0.000000,-0.000000,-0.000000,0.000000,2.016101,0.000000,0.000010,False
2016-02-07,2.016104,2.016104,-0.000000,-0.000000,-0.000000,0.000000,2.016104,0.000000,0.000012,False
2016-02-08,2.016107,2.016107,-0.000000,-0.000000,-0.000000,0.000000,2.016107,0.000000,0.000010,False
2016-02-09,2.016109,2.016109,-0.000000,-0.000000,-0.000000,0.000000,2.016109,0.000000,0.000008,False
2016-02-10,2.016112,2.016112,-0.000000,-0.000000,-0.000000,0.000000,2.016112,0.000000,0.000005,False
2016-02-11,2.016115,2.016115,0.000000,-0.000000,-0.000000,0.000000,2.016115,0.000000,0.000003,False
2016-02-12,2.016117,2.016118,0.000000,-0.000000,-0.000000,0.000000,2.016117,0.000000,0.000003,False
2016-02-13,2.016120,2.016120,0.000000,-0.000000,-0.000000,0.000000,2.016120,0.000000,0.000002,False
2016-02-14,2.016123,2.016123,0.000000,-0.000000,-0.000000,0.000000,2.016123,-0.000000,-0.000000,False
2016-02-15,2.016126,2.016126,0.000000,-0.000000,-0.000000,0.000000,2.016126,-0.000000,-0.000003,False
2016-02-16,2.016128,2.016128,0.000000,-0.000000,-0.000000,0.000000,2.016128,-0.000000,-0.000000,False
2016-02-17,2.016131,2.016131,0.000000,-0.000000,-0.000000,0.000000,2.016131,-0.000000,-0.000003,False
2016-02-18,2.016134,2.016134,0.000000,-0.000000,-0.000000,0.000000,2.016134,-0.000000,-0.000006,False
2016-02-19,2.016137,2.016137,0.000000,-0.000000,-0.000000,0.000000,2.016137,-0.000000,-0.000008,False
2016-02-20,2.016139,2.016139,0.000000,-0.000000,-0.000000,0.000000,2.016139,-0.000000,-0.000011,False
2016-02-21,2.016142,2.016142,0.000000,-0.000000,-0.000000,0.000000,2.016142,-0.000000,-0.000008,False
2016-02-22,2.016145,2.016145,0.000000,-0.000000,-0.000000,0.000000,2.016145,-0.000000,-0.000011,False
2016-02-23,2.016148,2.016148,0.000000,-0.000000,-0.000000,0.000000,2.016148,-0.000000,-0.000013,False
2016-02-24,2.016150,2.016150,0.000000,-0.000000,-0.000000,0.000000,2.016150,-0.000000,-0.000015,False
2016-02-25,2.016153,2.016153,0.000000,-0.000000,-0.000000,0.000000,2.016153,-0.000000,-0.000013,False
2016-02-26,2.016156,2.016156,0.000000,-0.000000,-0.000000,0.000000,2.016156,-0.000000,-0.000015,False
2016-02-27,2.016158,2.016159,0.000000,-0.000000,-0.000000,0.000000,2.016159,-0.000000,-0.000017,False
2016-02-28,2.016161,2.016161,0.000000,-0.000000,-0.000000,0.000000,2.016161,-0.000000,-0.000019,False
2016-02-29,2.016164,2.016164,0.000000,-0.000000,-0.000000,0.000000,2.016164,-0.000000,-0.000021,False
2016-03-01,2.016167,2.016167,0.000000,-0.000000,-0.000000,0.000000,2.016167,-0.000000,-0.000018,False
2016-03-02,2.016169,2.016169,0.000000,-0.000000,-0.000000,0.000000,2.016169,-0.000000,-0.000020,False
2016-03-03,2.016172,2.016172,0.000000,-0.000000,-0.000000,0.000000,2.016172,-0.000000,-0.000021,False
2016-03-04,2.016175,2.016175,0.000000,-0.000000,-0.000000,0.000000,2.016175,-0.000000,-0.000023,False
2016-03-05,2.016178,2.016178,0.000000,-0.000000,-0.000000,0.000000,2.016178,-0.000000,-0.000020,False
2016-03-06,2.016180,2.016180,0.000000,-0.000000,-0.000000,0.000000,2.016180,-0.000000,-0.000021,False
2016-03-07,2.016183,2.016183,0.000000,-0.000000,-0.000000,0.000000,2.016183,-0.000000,-0.000022,False
2016-03-08,2.016186,2.016186,0.000000,-0.000000,-0.000000,0.000000,2.016186,-0.000000,-0.000024,False
2016-03-09,2.016189,2.016189,0.000000,-0.000000,-0.000000,0.000000,2.016189,-0.000000,-0.000025,False
2016-03-10,2.016191,2.016191,0.000000,-0.000000,-0.000000,0.000000,2.016191,-0.000000,-0.000021,False
2016-03-11,2.016194,2.016194,0.000000,-0.000000,-0.000000,0.000000,2.016194,-0.000000,-0.000022,False
2016-03-12,2.016197,2.016197,0.000000,-0.000000,-0.000000,0.000000,2.016197,-0.000000,-0.000023,False
2016-03-13,2.016199,2.016200,0.000000,-0.000000,-0.000000,0.000000,2.016199,-0.000000,-0.000024,False
2016-03-14,2.016202,2.016202,0.000000,-0.000000,-0.000000,0.000000,2.016202,-0.000000,-0.000020,False
2016-03-15,2.016205,2.016205,0.000000,-0.000000,-0.000000,0.000000,2.016205,-0.000000,-0.000020,False
2016-03-16,2.016208,2.016208,0.000000,-0.000000,-0.000000,0.000000,2.016208,-0.000000,-0.000021,False
2016-03-17,2.016210,2.016210,0.000000,-0.000000,-0.000000,0.000000,2.016210,-0.000000,-0.000022,False
2016-03-18,2.016213,2.016213,0.000000,-0.000000,-0.000000,0.000000,2.016213,-0.000000,-0.000022,False
2016-03-19,2.016216,2.016216,0.000000,-0.000000,-0.000000,0.000000,2.016216,-0.000000,-0.000018,False
2016-03-20,2.016219,2.016219,0.000000,-0.000000,-0.000000,0.000000,2.016219,-0.000000,-0.000018,False
2016-03-21,2.016221,2.016221,0.000000,-0.000000,-0.000000,0.000000,2.016221,-0.000000,-0.000019,False
2016-03-22,2.016224,2.016224,0.000000,-0.000000,-0.000000,0.000000,2.016224,-0.000000,-0.000019,False
2016-03-23,2.016227,2.016227,0.000000,-0.000000,-0.000000,0.000000,2.016227,-0.000000,-0.000015,False
2016-03-24,2.016230,2.016230,0.000000,-0.000000,-0.000000,0.000000,2.016230,-0.000000,-0.000015,False
2016-03-25,2.016232,2.016232,0.000000,-0.000000,-0.000000,0.000000,2.016232,-0.000000,-0.000016,False
2016-03-26,2.016235,2.016235,0.000000,-0.000000,-0.000000,0.000000,2.016235,-0.000000,-0.000016,False
2016-03-27,2.016238,2.016238,-0.000000,-0.000000,-0.000000,0.000000,2.016238,-0.000000,-0.000017,False
2016-03-28,2.016240,2.016240,-0.000000,-0.000000,-0.000000,0.000000,2.016240,-0.000000,-0.000012,False
2016-03-29,2.016243,2.016243,-0.000000,-0.000000,-0.000000,0.000000,2.016243,-0.000000,-0.000013,False
2016-03-30,2.016246,2.016246,-0.000000,-0.000000,-0.000000,0.000000,2.016246,-0.000000,-0.000014,False
2016-03-31,2.016249,2.016249,-0.000000,-0.000000,-0.000000,0.000000,2.016249,-0.000000,-0.000014,False
2016-04-01,2.016251,2.016251,-0.000000,-0.000000,-0.000000,0.000000,2.016251,-0.000000,-0.000010,False
2016-04-02,2.016254,2.016254,-0.000000,-0.000000,-0.000000,0.000000,2.016254,-0.000000,-0.000011,False
2016-04-03,2.016257,2.016257,-0.000000,-0.000000,-0.000000,0.000000,2.016257,-0.000000,-0.000012,False
2016-04-04,2.016260,2.016260,-0.000000,-0.000000,-0.000000,0.000000,2.016260,-0.000000,-0.000013,False
2016-04-05,2.016262,2.016262,-0.000000,-0.000000,-0.000000,0.000000,2.016262,-0.000000,-0.000009,False
2016-04-06,2.016265,2.016265,-0.000000,-0.000000,-0.000000,0.000000,2.016265,-0.000000,-0.000010,False
2016-04-07,2.016268,2.016268,-0.000000,-0.000000,-0.000000,0.000000,2.016268,-0.000000,-0.000012,False
2016-04-08,2.016270,2.016271,-0.000000,-0.000000,-0.000000,0.000000,2.016271,-0.000000,-0.000013,False
2016-04-09,2.016273,2.016273,-0.000000,-0.000000,-0.000000,0.000000,2.016273,-0.000000,-0.000015,False
2016-04-10,2.016276,2.016276,-0.000000,-0.000000,-0.000000,0.000000,2.016276,-0.000000,-0.000012,False
2016-04-11,2.016279,2.016279,-0.000000,-0.000000,-0.000000,0.000000,2.016279,-0.000000,-0.000014,False
2016-04-12,2.016281,2.016281,-0.000000,-0.000000,-0.000000,0.000000,2.016281,-0.000000,-0.000016,False
2016-04-13,2.016284,2.016284,-0.000000,-0.000000,-0.000000,0.000000,2.016284,-0.000000,-0.000018,False
2016-04-14,2.016287,2.016287,-0.000000,-0.000000,0.000000,0.000000,2.016287,-0.000000,-0.000015,False
2016-04-15,2.016290,2.016290,-0.000000,-0.000000,0.000000,0.000000,2.016290,-0.000000,-0.000018,False
2016-04-16,2.016292,2.016292,-0.000000,-0.000000,0.000000,0.000000,2.016292,-0.000000,-0.000020,False
2016-04-17,2.016295,2.016295,-0.000000,-0.000000,0.000000,0.000000,2.016295,-0.000000,-0.000023,False
2016-04-18,2.016298,2.016298,-0.000000,-0.000000,0.000000,0.000000,2.016298,-0.000000,-0.000026,False
2016-04-19,2.016301,2.016301,-0.000000,0.000000,0.000000,0.000000,2.016301,-0.000000,-0.000024,False
2016-04-20,2.016303,2.016303,-0.000000,0.000000,0.000000,0.000000,2.016303,-0.000000,-0.000027,False
2016-04-21,2.016306,2.016306,-0.000000,0.000000,0.000000,0.000000,2.016306,-0.000000,-0.000030,False
2016-04-22,2.016309,2.016309,-0.000000,0.000000,0.000000,0.000000,2.016309,-0.000000,-0.000034,False
2016-04-23,2.016311,2.016312,-0.000000,0.000000,0.000000,0.000000,2.016312,-0.000000,-0.000032,False
2016-04-24,2.016314,2.016314,-0.000000,0.000000,0.000000,0.000000,2.016314,-0.000000,-0.000036,False
2016-04-25,2.016317,2.016317,-0.000000,0.000000,0.000000,0.000000,2.016317,-0.000000,-0.000040,False
2016-04-26,2.016320,2.016320,-0.000000,0.000000,0.000000,0.000000,2.016320,-0.000000,-0.000044,False
2016-04-27,2.016322,2.016322,-0.000000,0.000000,0.000000,0.000000,2.016322,-0.000000,-0.000048,False
2016-04-28,2.016325,2.016325,-0.000000,0.000000,0.000000,0.000000,2.016325,-0.000000,-0.000047,False
2016-04-29,2.016328,2.016328,-0.000000,0.000000,0.000000,0.000000,2.016328,-0.000000,-0.000051,False
2016-04-30,2.016331,2.016331,-0.000000,0.000000,0.000000,0.000000,2.016331,-0.000000,-0.000055,False
2016-05-01,2.016333,2.016333,-0.000000,0.000000,0.000000,0.000000,2.016333,-0.000000,-0.000060,False
2016-05-02,2.016336,2.016336,-0.000000,0.000000,0.000000,0.000000,2.016336,-0.000000,-0.000059,False
2016-05-03,2.016339,2.016339,-0.000000,0.000000,0.000000,0.000000,2.016339,-0.000000,-0.000064,False
2016-05-04,2.016342,2.016342,-0.000000,0.000000,0.000000,0.000000,2.016342,-0.000000,-0.000069,False
2016-05-05,2.016344,2.016344,-0.000000,0.000000,0.000000,0.000000,2.016344,-0.000000,-0.000073,False
2016-05-06,2.016347,2.016347,-0.000000,0.000000,0.000000,0.000000,2.016347,-0.000000,-0.000078,False
2016-05-07,2.016350,2.016350,-0.000000,0.000000,0.000000,0.000000,2.016350,-0.000000,-0.000078,False
2016-05-08,2.016352,2.016353,-0.000000,0.000000,0.000000,0.000000,2.016353,-0.000000,-0.000082,False
2016-05-09,2.016355,2.016355,-0.000000,0.000000,0.000000,0.000000,2.016355,-0.000000,-0.000087,False
2016-05-10,2.016358,2.016358,-0.000000,0.000000,0.000000,0.000000,2.016358,-0.000000,-0.000092,False
2016-05-11,2.016361,2.016361,-0.000000,0.000000,0.000000,0.000000,2.016361,-0.000000,-0.000092,False
2016-05-12,2.016363,2.016363,0.000000,0.000000,0.000000,0.000000,2.016364,-0.000000,-0.000096,False
2016-05-13,2.016366,2.016366,0.000000,0.000000,0.000000,0.000000,2.016366,-0.000000,-0.000101,False
2016-05-14,2.016369,2.016369,0.000000,0.000000,0.000000,0.000000,2.016369,-0.000000,-0.000105,False
2016-05-15,2.016372,2.016372,0.000000,0.000000,0.000000,0.000000,2.016372,-0.000000,-0.000110,False
2016-05-16,2.016374,2.016374,0.000000,0.000000,0.000000,0.000000,2.016375,-0.000000,-0.000109,False
2016-05-17,2.016377,2.016377,0.000000,0.000000,0.000000,0.000000,2.016377,-0.000000,-0.000114,False
2016-05-18,2.016380,2.016380,0.000000,0.000000,0.000000,0.000000,2.016380,-0.000000,-0.000118,False
2016-05-19,2.016383,2.016383,0.000000,0.000000,0.000000,0.000000,2.016383,-0.000000,-0.000122,False
2016-05-20,2.016385,2.016385,0.000000,0.000000,0.000000,0.000000,2.016385,-0.000000,-0.000121,False
2016-05-21,2.016388,2.016388,0.000000,0.000000,0.000000,0.000000,2.016388,-0.000000,-0.000125,False
2016-05-22,2.016391,2.016391,0.000000,0.000000,0.000000,0.000000,2.016391,-0.000000,-0.000129,False
2016-05-23,2.016393,2.016393,0.000000,0.000000,0.000000,0.000000,2.016394,-0.000000,-0.000132,False
2016-05-24,2.016396,2.016396,0.000000,0.000000,0.000000,0.000000,2.016396,-0.000000,-0.000136,False
2016-05-25,2.016399,2.016399,0.000000,0.000000,0.000000,0.000000,2.016399,-0.000000,-0.000134,False
2016-05-26,2.016402,2.016402,0.000000,0.000000,0.000000,0.000000,2.016402,-0.000000,-0.000137,False
2016-05-27,2.016404,2.016404,0.000000,0.000000,0.000000,0.000000,2.016405,-0.000000,-0.000140,False
2016-05-28,2.016407,2.016407,0.000000,0.000000,0.000000,0.000000,2.016407,-0.000000,-0.000143,False
2016-05-29,2.016410,2.016410,0.000000,0.000000,0.000000,0.000000,2.016410,-0.000000,-0.000140,False
2016-05-30,2.016413,2.016413,0.000000,0.000000,0.000000,0.000000,2.016413,-0.000000,-0.000143,False
2016-05-31,2.016415,2.016415,0.000000,0.000000,0.000000,0.000000,2.016416,-0.000000,-0.000145,False
2016-06-01,2.016418,2.016418,0.000000,0.000000,0.000000,0.000000,2.016418,-0.000000,-0.000147,False
2016-06-02,2.016421,2.016421,0.000000,0.000000,0.000000,0.000000,2.016421,-0.000000,-0.000144,False
2016-06-03,2.016424,2.016424,0.000000,0.000000,0.000000,0.000000,2.016424,-0.000000,-0.000145,False
2016-06-04,2.016426,2.016426,0.000000,0.000000,0.000000,0.000000,2.016427,-0.000000,-0.000147,False
2016-06-05,2.016429,2.016429,0.000000,0.000000,0.000000,0.000000,2.016429,-0.000000,-0.000148,False
2016-06-06,2.016432,2.016432,0.000000,0.000000,0.000000,0.000000,2.016432,-0.000000,-0.000149,False
2016-06-07,2.016434,2.016434,0.000000,0.000000,0.000000,0.000000,2.016435,-0.000000,-0.000145,False
2016-06-08,2.016437,2.016437,0.000000,0.000000,0.000000,0.000000,2.016437,-0.000000,-0.000145,False
2016-06-09,2.016440,2.016440,0.000000,0.000000,0.000000,0.000000,2.016440,-0.000000,-0.000146,False
2016-06-10,2.016443,2.016443,0.000000,0.000000,0.000000,0.000000,2.016443,-0.000000,-0.000146,False
2016-06-11,2.016445,2.016445,0.000000,0.000000,0.000000,0.000000,2.016446,-0.000000,-0.000141,False
2016-06-12,2.016448,2.016448,0.000000,0.000000,0.000000,0.000000,2.016448,-0.000000,-0.000141,False
2016-06-13,2.016451,2.016451,0.000000,0.000000,0.000000,0.000000,2.016451,-0.000000,-0.000141,False
2016-06-14,2.016454,2.016454,0.000000,0.000000,0.000000,0.000000,2.016454,-0.000000,-0.000140,False
2016-06-15,2.016456,2.016456,0.000000,0.000000,0.000000,0.000000,2.016457,-0.000000,-0.000140,False
2016-06-16,2.016459,2.016459,0.000000,0.000000,0.000000,0.000000,2.016459,-0.000000,-0.000134,False
2016-06-17,2.016462,2.016462,0.000000,0.000000,0.000000,0.000000,2.016462,-0.000000,-0.000133,False
2016-06-18,2.016464,2.016465,0.000000,0.000000,0.000000,0.000000,2.016465,-0.000000,-0.000132,False
2016-06-19,2.016467,2.016467,0.000000,0.000000,0.000000,0.000000,2.016467,-0.000000,-0.000130,False
2016-06-20,2.016470,2.016470,0.000000,0.000000,0.000000,0.000000,2.016470,-0.000000,-0.000124,False
2016-06-21,2.016473,2.016473,0.000000,0.000000,0.000000,0.000000,2.016473,-0.000000,-0.000123,False
2016-06-22,2.016475,2.016475,0.000000,0.000000,0.000000,0.000000,2.016476,-0.000000,-0.000121,False
2016-06-23,2.016478,2.016478,0.000000,0.000000,0.000000,0.000000,2.016478,-0.000000,-0.000119,False
2016-06-24,2.016481,2.016481,0.000000,0.000000,0.000000,0.000000,2.016481,-0.000000,-0.000118,False
2016-06-25,2.016484,2.016484,0.000000,0.000000,0.000000,0.000000,2.016484,-0.000000,-0.000111,False
2016-06-26,2.016486,2.016486,0.000000,0.000000,0.000000,0.000000,2.016487,-0.000000,-0.000109,False
2016-06-27,2.016489,2.016489,-0.000000,0.000000,0.000000,0.000000,2.016489,-0.000000,-0.000107,False
2016-06-28,2.016492,2.016492,-0.000000,0.000000,0.000000,0.000000,2.016492,-0.000000,-0.000105,False
2016-06-29,2.016495,2.016495,-0.000000,0.000000,0.000000,0.000000,2.016495,-0.000000,-0.000098,False
2016-06-30,2.016497,2.016497,-0.000000,0.000000,0.000000,0.000000,2.016497,-0.000000,-0.000096,False
2016-07-01,2.016500,2.016500,-0.000000,0.000000,0.000000,0.000000,2.016500,-0.000000,-0.000094,False
2016-07-02,2.016503,2.016503,-0.000000,0.000000,0.000000,0.000000,2.016503,-0.000000,-0.000092,False
2016-07-03,2.016505,2.016506,-0.000000,0.000000,0.000000,0.000000,2.016506,-0.000000,-0.000090,False
2016-07-04,2.016508,2.016508,-0.000000,0.000000,0.000000,0.000000,2.016508,-0.000000,-0.000083,False
2016-07-05,2.016511,2.016511,-0.000000,0.000000,0.000000,0.000000,2.016511,-0.000000,-0.000081,False
2016-07-06,2.016514,2.016514,-0.000000,0.000000,0.000000,0.000000,2.016514,-0.000000,-0.000079,False
2016-07-07,2.016516,2.016516,-0.000000,0.000000,0.000000,0.000000,2.016517,-0.000000,-0.000078,False
2016-07-08,2.016519,2.016519,-0.000000,0.000000,0.000000,0.000000,2.016519,-0.000000,-0.000071,False
2016-07-09,2.016522,2.016522,-0.000000,0.000000,0.000000,0.000000,2.016522,-0.000000,-0.000069,False
2016-07-10,2.016525,2.016525,-0.000000,0.000000,0.000000,0.000000,2.016525,-0.000000,-0.000068,False
2016-07-11,2.016527,2.016527,-0.000000,0.000000,0.000000,0.000000,2.016527,-0.000000,-0.000066,False
2016-07-12,2.016530,2.016530,-0.000000,0.000000,0.000000,0.000000,2.016530,-0.000000,-0.000065,False
2016-07-13,2.016533,2.016533,-0.000000,0.000000,0.000000,0.000000,2.016533,-0.000000,-0.000059,False
2016-07-14,2.016536,2.016536,-0.000000,0.000000,0.000000,0.000000,2.016536,-0.000000,-0.000057,False
2016-07-15,2.016538,2.016538,-0.000000,0.000000,0.000000,0.000000,2.016538,-0.000000,-0.000056,False
2016-07-16,2.016541,2.016541,-0.000000,0.000000,0.000000,0.000000,2.016541,-0.000000,-0.000055,False
2016-07-17,2.016544,2.016544,-0.000000,0.000000,0.000000,0.000000,2.016544,-0.000000,-0.000050,False
2016-07-18,2.016546,2.016546,-0.000000,0.000000,0.000000,0.000000,2.016547,-0.000000,-0.000049,False
2016-07-19,2.016549,2.016549,-0.000000,-0.000000,0.000000,0.000000,2.016549,-0.000000,-0.000049,False
2016-07-20,2.016552,2.016552,-0.000000,-0.000000,0.000000,0.000000,2.016552,-0.000000,-0.000048,False
2016-07-21,2.016555,2.016555,-0.000000,-0.000000,0.000000,0.000000,2.016555,-0.000000,-0.000048,False
2016-07-22,2.016557,2.016557,-0.000000,-0.000000,0.000000,0.000000,2.016557,-0.000000,-0.000043,False
2016-07-23,2.016560,2.016560,-0.000000,-0.000000,0.000000,0.000000,2.016560,-0.000000,-0.000043,False
2016-07-24,2.016563,2.016563,-0.000000,-0.000000,0.000000,0.000000,2.016563,-0.000000,-0.000043,False
2016-07-25,2.016566,2.016566,-0.000000,-0.000000,0.000000,0.000000,2.016566,-0.000000,-0.000043,False
2016-07-26,2.016568,2.016568,-0.000000,-0.000000,0.000000,0.000000,2.016568,-0.000000,-0.000039,False
2016-07-27,2.016571,2.016571,-0.000000,-0.000000,0.000000,0.000000,2.016571,-0.000000,-0.000039,False
2016-07-28,2.016574,2.016574,-0.000000,-0.000000,0.000000,0.000000,2.016574,-0.000000,-0.000040,False
2016-07-29,2.016576,2.016577,-0.000000,-0.000000,0.000000,0.000000,2.016577,-0.000000,-0.000041,False
2016-07-30,2.016579,2.016579,-0.000000,-0.000000,0.000000,0.000000,2.016579,-0.000000,-0.000042,False
2016-07-31,2.016582,2.016582,-0.000000,-0.000000,0.000000,0.000000,2.016582,-0.000000,-0.000038,False
2016-08-01,2.016585,2.016585,-0.000000,-0.000000,0.000000,0.000000,2.016585,-0.000000,-0.000039,False
2016-08-02,2.016587,2.016587,-0.000000,-0.000000,0.000000,0.000000,2.016588,-0.000000,-0.000040,False
2016-08-03,2.016590,2.016590,-0.000000,-0.000000,0.000000,0.000000,2.016590,-0.000000,-0.000042,False
2016-08-04,2.016593,2.016593,-0.000000,-0.000000,0.000000,0.000000,2.016593,-0.000000,-0.000038,False
2016-08-05,2.016596,2.016596,-0.000000,-0.000000,0.000000,0.000000,2.016596,-0.000000,-0.000040,False
2016-08-06,2.016598,2.016598,-0.000000,-0.000000,0.000000,0.000000,2.016598,-0.000000,-0.000041,False
2016-08-07,2.016601,2.016601,-0.000000,-0.000000,0.000000,0.000000,2.016601,-0.000000,-0.000043,False
2016-08-08,2.016604,2.016604,-0.000000,-0.000000,0.000000,0.000000,2.016604,-0.000000,-0.000040,False
2016-08-09,2.016607,2.016607,-0.000000,-0.000000,0.000000,0.000000,2.016607,-0.000000,-0.000042,False
2016-08-10,2.016609,2.016609,-0.000000,-0.000000,0.000000,0.000000,2.016609,-0.000000,-0.000043,False
2016-08-11,2.016612,2.016612,-0.000000,-0.000000,0.000000,0.000000,2.016612,-0.000000,-0.000045,False
2016-08-12,2.016615,2.016615,0.000000,-0.000000,0.000000,0.000000,2.016615,-0.000000,-0.000047,False
2016-08-13,2.016617,2.016618,0.000000,-0.000000,0.000000,0.000000,2.016618,-0.000000,-0.000044,False
2016-08-14,2.016620,2.016620,0.000000,-0.000000,0.000000,0.000000,2.016620,-0.000000,-0.000046,False
2016-08-15,2.016623,2.016623,0.000000,-0.000000,0.000000,0.000000,2.016623,-0.000000,-0.000048,False
2016-08-16,2.016626,2.016626,0.000000,-0.000000,0.000000,0.000000,2.016626,-0.000000,-0.000050,False
2016-08-17,2.016628,2.016628,0.000000,-0.000000,0.000000,0.000000,2.016629,-0.000000,-0.000047,False
2016-08-18,2.016631,2.016631,0.000000,-0.000000,0.000000,0.000000,2.016631,-0.000000,-0.000049,False
2016-08-19,2.016634,2.016634,0.000000,-0.000000,0.000000,0.000000,2.016634,-0.000000,-0.000051,False
2016-08-20,2.016637,2.016637,0.000000,-0.000000,0.000000,0.000000,2.016637,-0.000000,-0.000053,False
2016-08-21,2.016639,2.016639,0.000000,-0.000000,0.000000,0.000000,2.016639,-0.000000,-0.000055,False
2016-08-22,2.016642,2.016642,0.000000,-0.000000,0.000000,0.000000,2.016642,-0.000000,-0.000051,False
2016-08-23,2.016645,2.016645,0.000000,-0.000000,0.000000,0.000000,2.016645,-0.000000,-0.000053,False
2016-08-24,2.016648,2.016648,0.000000,-0.000000,0.000000,0.000000,2.016648,-0.000000,-0.000055,False
2016-08-25,2.016650,2.016650,0.000000,-0.000000,0.000000,0.000000,2.016650,-0.000000,-0.000056,False
2016-08-26,2.016653,2.016653,0.000000,-0.000000,0.000000,0.000000,2.016653,-0.000000,-0.000053,False
2016-08-27,2.016656,2.016656,0.000000,-0.000000,0.000000,0.000000,2.016656,-0.000000,-0.000054,False
2016-08-28,2.016658,2.016659,0.000000,-0.000000,0.000000,0.000000,2.016659,-0.000000,-0.000056,False
2016-08-29,2.016661,2.016661,0.000000,-0.000000,0.000000,0.000000,2.016661,-0.000000,-0.000057,False
2016-08-30,2.016664,2.016664,0.000000,-0.000000,0.000000,0.000000,2.016664,-0.000000,-0.000058,False
2016-08-31,2.016667,2.016667,0.000000,-0.000000,0.000000,0.000000,2.016667,-0.000000,-0.000054,False
2016-09-01,2.016669,2.016669,0.000000,-0.000000,0.000000,0.000000,2.016670,-0.000000,-0.000055,False
2016-09-02,2.016672,2.016672,0.000000,-0.000000,0.000000,0.000000,2.016672,-0.000000,-0.000056,False
2016-09-03,2.016675,2.016675,0.000000,-0.000000,0.000000,0.000000,2.016675,-0.000000,-0.000057,False
2016-09-04,2.016678,2.016678,0.000000,-0.000000,0.000000,0.000000,2.016678,-0.000000,-0.000052,False
2016-09-05,2.016680,2.016680,0.000000,-0.000000,0.000000,0.000000,2.016680,-0.000000,-0.000053,False
2016-09-06,2.016683,2.016683,0.000000,-0.000000,0.000000,0.000000,2.016683,-0.000000,-0.000053,False
2016-09-07,2.016686,2.016686,0.000000,-0.000000,0.000000,0.000000,2.016686,-0.000000,-0.000054,False
2016-09-08,2.016689,2.016689,0.000000,-0.000000,0.000000,0.000000,2.016689,-0.000000,-0.000054,False
2016-09-09,2.016691,2.016691,0.000000,-0.000000,0.000000,0.000000,2.016691,-0.000000,-0.000049,False
2016-09-10,2.016694,2.016694,0.000000,-0.000000,0.000000,0.000000,2.016694,-0.000000,-0.000049,False
2016-09-11,2.016697,2.016697,0.000000,-0.000000,0.000000,0.000000,2.016697,-0.000000,-0.000049,False
2016-09-12,2.016699,2.016700,0.000000,-0.000000,0.000000,0.000000,2.016700,-0.000000,-0.000049,False
2016-09-13,2.016702,2.016702,0.000000,-0.000000,0.000000,0.000000,2.016702,-0.000000,-0.000044,False
2016-09-14,2.016705,2.016705,0.000000,-0.000000,0.000000,0.000000,2.016705,-0.000000,-0.000044,False
2016-09-15,2.016708,2.016708,0.000000,-0.000000,0.000000,0.000000,2.016708,-0.000000,-0.000043,False
2016-09-16,2.016710,2.016710,0.000000,-0.000000,0.000000,0.000000,2.016710,-0.000000,-0.000043,False
2016-09-17,2.016713,2.016713,0.000000,-0.000000,0.000000,0.000000,2.016713,-0.000000,-0.000042,False
2016-09-18,2.016716,2.016716,0.000000,-0.000000,0.000000,0.000000,2.016716,-0.000000,-0.000037,False
2016-09-19,2.016719,2.016719,0.000000,-0.000000,0.000000,0.000000,2.016719,-0.000000,-0.000036,False
2016-09-20,2.016721,2.016721,0.000000,-0.000000,0.000000,0.000000,2.016721,-0.000000,-0.000036,False
2016-09-21,2.016724,2.016724,0.000000,-0.000000,0.000000,0.000000,2.016724,-0.000000,-0.000035,False
2016-09-22,2.016727,2.016727,0.000000,-0.000000,0.000000,0.000000,2.016727,-0.000000,-0.000030,False
2016-09-23,2.016730,2.016730,0.000000,-0.000000,0.000000,0.000000,2.016730,-0.000000,-0.000029,False
2016-09-24,2.016732,2.016732,0.000000,-0.000000,0.000000,0.000000,2.016732,-0.000000,-0.000029,False
2016-09-25,2.016735,2.016735,0.000000,-0.000000,0.000000,0.000000,2.016735,-0.000000,-0.000028,False
2016-09-26,2.016738,2.016738,-0.000000,-0.000000,0.000000,0.000000,2.016738,-0.000000,-0.000028,False
2016-09-27,2.016740,2.016740,-0.000000,-0.000000,0.000000,0.000000,2.016740,-0.000000,-0.000022,False
2016-09-28,2.016743,2.016743,-0.000000,-0.000000,0.000000,0.000000,2.016743,-0.000000,-0.000022,False
2016-09-29,2.016746,2.016746,-0.000000,-0.000000,0.000000,0.000000,2.016746,-0.000000,-0.000021,False
2016-09-30,2.016749,2.016749,-0.000000,-0.000000,0.000000,0.000000,2.016749,-0.000000,-0.000021,False
2016-10-01,2.016751,2.016751,-0.000000,-0.000000,0.000000,0.000000,2.016751,-0.000000,-0.000016,False
2016-10-02,2.016754,2.016754,-0.000000,-0.000000,0.000000,0.000000,2.016754,-0.000000,-0.000015,False
2016-10-03,2.016757,2.016757,-0.000000,-0.000000,0.000000,0.000000,2.016757,-0.000000,-0.000015,False
2016-10-04,2.016760,2.016760,-0.000000,-0.000000,0.000000,0.000000,2.016760,-0.000000,-0.000015,False
2016-10-05,2.016762,2.016762,-0.000000,-0.000000,0.000000,0.000000,2.016762,-0.000000,-0.000010,False
2016-10-06,2.016765,2.016765,-0.000000,-0.000000,0.000000,0.000000,2.016765,-0.000000,-0.000010,False
2016-10-07,2.016768,2.016768,-0.000000,-0.000000,0.000000,0.000000,2.016768,-0.000000,-0.000011,False
2016-10-08,2.016770,2.016771,-0.000000,-0.000000,0.000000,0.000000,2.016771,-0.000000,-0.000011,False
2016-10-09,2.016773,2.016773,-0.000000,-0.000000,0.000000,0.000000,2.016773,-0.000000,-0.000011,False
2016-10-10,2.016776,2.016776,-0.000000,-0.000000,0.000000,0.000000,2.016776,-0.000000,-0.000007,False
2016-10-11,2.016779,2.016779,-0.000000,-0.000000,0.000000,0.000000,2.016779,-0.000000,-0.000008,False
2016-10-12,2.016781,2.016781,-0.000000,-0.000000,0.000000,0.000000,2.016781,-0.000000,-0.000009,False
2016-10-13,2.016784,2.016784,-0.000000,-0.000000,0.000000,0.000000,2.016784,-0.000000,-0.000010,False
2016-10-14,2.016787,2.016787,-0.000000,-0.000000,-0.000000,0.000000,2.016787,-0.000000,-0.000006,False
2016-10-15,2.016790,2.016790,-0.000000,-0.000000,-0.000000,0.000000,2.016790,-0.000000,-0.000007,False
2016-10-16,2.016792,2.016792,-0.000000,-0.000000,-0.000000,0.000000,2.016792,-0.000000,-0.000009,False
2016-10-17,2.016795,2.016795,-0.000000,-0.000000,-0.000000,0.000000,2.016795,-0.000000,-0.000010,False
2016-10-18,2.016798,2.016798,-0.000000,-0.000000,-0.000000,0.000000,2.016798,-0.000000,-0.000012,False
2016-10-19,2.016801,2.016801,-0.000000,0.000000,-0.000000,0.000000,2.016801,-0.000000,-0.000009,False
2016-10-20,2.016803,2.016803,-0.000000,0.000000,-0.000000,0.000000,2.016803,-0.000000,-0.000011,False
2016-10-21,2.016806,2.016806,-0.000000,0.000000,-0.000000,0.000000,2.016806,-0.000000,-0.000013,False
2016-10-22,2.016809,2.016809,-0.000000,0.000000,-0.000000,0.000000,2.016809,-0.000000,-0.000016,False
2016-10-23,2.016811,2.016812,-0.000000,0.000000,-0.000000,0.000000,2.016812,-0.000000,-0.000013,False
2016-10-24,2.016814,2.016814,-0.000000,0.000000,-0.000000,0.000000,2.016814,-0.000000,-0.000016,False
2016-10-25,2.016817,2.016817,-0.000000,0.000000,-0.000000,0.000000,2.016817,-0.000000,-0.000018,False
2016-10-26,2.016820,2.016820,-0.000000,0.000000,-0.000000,0.000000,2.016820,-0.000000,-0.000021,False
2016-10-27,2.016822,2.016822,-0.000000,0.000000,-0.000000,0.000000,2.016822,-0.000000,-0.000024,False
2016-10-28,2.016825,2.016825,-0.000000,0.000000,-0.000000,0.000000,2.016825,-0.000000,-0.000022,False
2016-10-29,2.016828,2.016828,-0.000000,0.000000,-0.000000,0.000000,2.016828,-0.000000,-0.000025,False
2016-10-30,2.016831,2.016831,-0.000000,0.000000,-0.000000,0.000000,2.016831,-0.000000,-0.000029,False
2016-10-31,2.016833,2.016833,-0.000000,0.000000,-0.000000,0.000000,2.016833,-0.000000,-0.000032,False
2016-11-01,2.016836,2.016836,-0.000000,0.000000,-0.000000,0.000000,2.016836,-0.000000,-0.000030,False
2016-11-02,2.016839,2.016839,-0.000000,0.000000,-0.000000,0.000000,2.016839,-0.000000,-0.000034,False
2016-11-03,2.016842,2.016842,-0.000000,0.000000,-0.000000,0.000000,2.016842,-0.000000,-0.000037,False
2016-11-04,2.016844,2.016844,-0.000000,0.000000,-0.000000,0.000000,2.016844,-0.000000,-0.000041,False
2016-11-05,2.016847,2.016847,-0.000000,0.000000,-0.000000,0.000000,2.016847,-0.000000,-0.000045,False
2016-11-06,2.016850,2.016850,-0.000000,0.000000,-0.000000,0.000000,2.016850,-0.000000,-0.000043,False
2016-11-07,2.016852,2.016853,-0.000000,0.000000,-0.000000,0.000000,2.016853,-0.000000,-0.000047,False
2016-11-08,2.016855,2.016855,-0.000000,0.000000,-0.000000,0.000000,2.016855,-0.000000,-0.000051,False
2016-11-09,2.016858,2.016858,-0.000000,0.000000,-0.000000,0.000000,2.016858,-0.000000,-0.000055,False
2016-11-10,2.016861,2.016861,-0.000000,0.000000,-0.000000,0.000000,2.016861,-0.000000,-0.000053,False
2016-11-11,2.016863,2.016863,0.000000,0.000000,-0.000000,0.000000,2.016864,-0.000000,-0.000057,False
2016-11-12,2.016866,2.016866,0.000000,0.000000,-0.000000,0.000000,2.016866,-0.000000,-0.000061,False
2016-11-13,2.016869,2.016869,0.000000,0.000000,-0.000000,0.000000,2.016869,-0.000000,-0.000064,False
2016-11-14,2.016872,2.016872,0.000000,0.000000,-0.000000,0.000000,2.016872,-0.000000,-0.000068,False
2016-11-15,2.016874,2.016874,0.000000,0.000000,-0.000000,0.000000,2.016874,-0.000000,-0.000066,False
2016-11-16,2.016877,2.016877,0.000000,0.000000,-0.000000,0.000000,2.016877,-0.000000,-0.000069,False
2016-11-17,2.016880,2.016880,0.000000,0.000000,-0.000000,0.000000,2.016880,-0.000000,-0.000073,False
2016-11-18,2.016883,2.016883,0.000000,0.000000,-0.000000,0.000000,2.016883,-0.000000,-0.000076,False
2016-11-19,2.016885,2.016885,0.000000,0.000000,-0.000000,0.000000,2.016885,-0.000000,-0.000074,False
2016-11-20,2.016888,2.016888,0.000000,0.000000,-0.000000,0.000000,2.016888,-0.000000,-0.000077,False
2016-11-21,2.016891,2.016891,0.000000,0.000000,-0.000000,0.000000,2.016891,-0.000000,-0.000080,False
2016-11-22,2.016893,2.016893,0.000000,0.000000,-0.000000,0.000000,2.016894,-0.000000,-0.000083,False
2016-11-23,2.016896,2.016896,0.000000,0.000000,-0.000000,0.000000,2.016896,-0.000000,-0.000085,False
2016-11-24,2.016899,2.016899,0.000000,0.000000,-0.000000,0.000000,2.016899,-0.000000,-0.000083,False
2016-11-25,2.016902,2.016902,0.000000,0.000000,-0.000000,0.000000,2.016902,-0.000000,-0.000085,False
2016-11-26,2.016904,2.016904,0.000000,0.000000,-0.000000,0.000000,2.016905,-0.000000,-0.000087,False
2016-11-27,2.016907,2.016907,0.000000,0.000000,-0.000000,0.000000,2.016907,-0.000000,-0.000089,False
2016-11-28,2.016910,2.016910,0.000000,0.000000,-0.000000,0.000000,2.016910,-0.000000,-0.000086,False
2016-11-29,2.016913,2.016913,0.000000,0.000000,-0.000000,0.000000,2.016913,-0.000000,-0.000087,False
2016-11-30,2.016915,2.016915,0.000000,0.000000,-0.000000,0.000000,2.016915,-0.000000,-0.000089,False
2016-12-01,2.016918,2.016918,0.000000,0.000000,-0.000000,0.000000,2.016918,-0.000000,-0.000090,False
2016-12-02,2.016921,2.016921,0.000000,0.000000,-0.000000,0.000000,2.016921,-0.000000,-0.000086,False
2016-12-03,2.016924,2.016924,0.000000,0.000000,-0.000000,0.000000,2.016924,-0.000000,-0.000087,False
2016-12-04,2.016926,2.016926,0.000000,0.000000,-0.000000,0.000000,2.016926,-0.000000,-0.000087,False
2016-12-05,2.016929,2.016929,0.000000,0.000000,-0.000000,0.000000,2.016929,-0.000000,-0.000088,False
2016-12-06,2.016932,2.016932,0.000000,0.000000,-0.000000,0.000000,2.016932,-0.000000,-0.000088,False
2016-12-07,2.016934,2.016934,0.000000,0.000000,-0.000000,0.000000,2.016935,-0.000000,-0.000083,False
2016-12-08,2.016937,2.016937,0.000000,0.000000,-0.000000,0.000000,2.016937,-0.000000,-0.000083,False
2016-12-09,2.016940,2.016940,0.000000,0.000000,-0.000000,0.000000,2.016940,-0.000000,-0.000083,False
2016-12-10,2.016943,2.016943,0.000000,0.000000,-0.000000,0.000000,2.016943,-0.000000,-0.000083,False
2016-12-11,2.016945,2.016945,0.000000,0.000000,-0.000000,0.000000,2.016946,-0.000000,-0.000077,False
2016-12-12,2.016948,2.016948,0.000000,0.000000,-0.000000,0.000000,2.016948,-0.000000,-0.000076,False
2016-12-13,2.016951,2.016951,0.000000,0.000000,-0.000000,0.000000,2.016951,-0.000000,-0.000075,False
2016-12-14,2.016954,2.016954,0.000000,0.000000,-0.000000,0.000000,2.016954,-0.000000,-0.000074,False
2016-12-15,2.016956,2.016956,0.000000,0.000000,-0.000000,0.000000,2.016956,-0.000000,-0.000073,False
2016-12-16,2.016959,2.016959,0.000000,0.000000,-0.000000,0.000000,2.016959,-0.000000,-0.000067,False
2016-12-17,2.016962,2.016962,0.000000,0.000000,-0.000000,0.000000,2.016962,-0.000000,-0.000065,False
2016-12-18,2.016964,2.016965,0.000000,0.000000,-0.000000,0.000000,2.016965,-0.000000,-0.000063,False
2016-12-19,2.016967,2.016967,0.000000,0.000000,-0.000000,0.000000,2.016967,-0.000000,-0.000062,False
2016-12-20,2.016970,2.016970,0.000000,0.000000,-0.000000,0.000000,2.016970,-0.000000,-0.000055,False
2016-12-21,2.016973,2.016973,0.000000,0.000000,-0.000000,0.000000,2.016973,-0.000000,-0.000053,False
2016-12-22,2.016975,2.016975,0.000000,0.000000,-0.000000,0.000000,2.016976,-0.000000,-0.000051,False
2016-12-23,2.016978,2.016978,0.000000,0.000000,-0.000000,0.000000,2.016978,-0.000000,-0.000049,False
2016-12-24,2.016981,2.016981,0.000000,0.000000,-0.000000,0.000000,2.016981,-0.000000,-0.000047,False
2016-12-25,2.016984,2.016984,0.000000,0.000000,-0.000000,0.000000,2.016984,-0.000000,-0.000039,False
2016-12-26,2.016986,2.016986,0.000000,0.000000,-0.000000,0.000000,2.016986,-0.000000,-0.000037,False
2016-12-27,2.016989,2.016989,-0.000000,0.000000,-0.000000,0.000000,2.016989,-0.000000,-0.000035,False
2016-12-28,2.016992,2.016992,-0.000000,0.000000,-0.000000,0.000000,2.016992,-0.000000,-0.000032,False
2016-12-29,2.016995,2.016995,-0.000000,0.000000,-0.000000,0.000000,2.016995,-0.000000,-0.000025,False
2016-12-30,2.016997,2.016997,-0.000000,0.000000,-0.000000,0.000000,2.016997,-0.000000,-0.000023,False
2016-12-31,2.017000,2.017000,-0.000000,0.000000,-0.000000,0.000000,2.017000,-0.000000,-0.000021,False
2017-01-01,2.017003,2.017003,-0.000000,0.000000,-0.000000,0.000000,2.017003,-0.000000,-0.000013,False
2017-01-02,2.017005,2.017006,-0.000000,0.000000,-0.000000,0.000000,2.017005,-0.000000,-0.000010,False
2017-01-03,2.017008,2.017008,-0.000000,0.000000,-0.000000,0.000000,2.017008,-0.000000,-0.000006,False
2017-01-04,2.017011,2.017011,-0.000000,0.000000,-0.000000,0.000000,2.017011,-0.000000,-0.000003,False
2017-01-05,2.017014,2.017014,-0.000000,0.000000,-0.000000,0.000000,2.017014,0.000000,0.000000,False
2017-01-06,2.017016,2.017016,-0.000000,0.000000,-0.000000,0.000000,2.017016,0.000000,0.000004,False
2017-01-07,2.017019,2.017019,-0.000000,0.000000,-0.000000,0.000000,2.017019,0.000000,0.000007,False
2017-01-08,2.017022,2.017022,-0.000000,0.000000,-0.000000,0.000000,2.017022,0.000000,0.000010,False
2017-01-09,2.017025,2.017025,-0.000000,0.000000,-0.000000,0.000000,2.017025,0.000000,0.000013,False
2017-01-10,2.017027,2.017027,-0.000000,0.000000,-0.000000,0.000000,2.017027,0.000000,0.000016,False
2017-01-11,2.017030,2.017030,-0.000000,0.000000,-0.000000,0.000000,2.017030,0.000000,0.000019,False
2017-01-12,2.017033,2.017033,-0.000000,0.000000,-0.000000,0.000000,2.017033,0.000000,0.000021,False
2017-01-13,2.017036,2.017036,-0.000000,0.000000,-0.000000,0.000000,2.017036,0.000000,0.000024,False
2017-01-14,2.017038,2.017038,-0.000000,0.000000,-0.000000,0.000000,2.017038,0.000000,0.000026,False
2017-01-15,2.017041,2.017041,-0.000000,0.000000,-0.000000,0.000000,2.017041,0.000000,0.000028,False
2017-01-16,2.017044,2.017044,-0.000000,0.000000,-0.000000,0.000000,2.017044,0.000000,0.000030,False
2017-01-17,2.017047,2.017047,-0.000000,0.000000,-0.000000,0.000000,2.017047,0.000000,0.000032,False
2017-01-18,2.017049,2.017049,-0.000000,-0.000000,-0.000000,0.000000,2.017049,0.000000,0.000034,False
2017-01-19,2.017052,2.017052,-0.000000,-0.000000,-0.000000,0.000000,2.017052,0.000000,0.000031,False
2017-01-20,2.017055,2.017055,-0.000000,-0.000000,-0.000000,0.000000,2.017055,0.000000,0.000032,False
2017-01-21,2.017058,2.017058,-0.000000,-0.000000,-0.000000,0.000000,2.017057,0.000000,0.000033,False
2017-01-22,2.017060,2.017060,-0.000000,-0.000000,-0.000000,0.000000,2.017060,0.000000,0.000035,False
2017-01-23,2.017063,2.017063,-0.000000,-0.000000,-0.000000,0.000000,2.017063,0.000000,0.000036,False
2017-01-24,2.017066,2.017066,-0.000000,-0.000000,-0.000000,0.000000,2.017066,0.000000,0.000036,False
2017-01-25,2.017068,2.017069,-0.000000,-0.000000,-0.000000,0.000000,2.017068,0.000000,0.000037,False
2017-01-26,2.017071,2.017071,-0.000000,-0.000000,-0.000000,0.000000,2.017071,0.000000,0.000038,False
2017-01-27,2.017074,2.017074,-0.000000,-0.000000,-0.000000,0.000000,2.017074,0.000000,0.000038,False
2017-01-28,2.017077,2.017077,-0.000000,-0.000000,-0.000000,0.000000,2.017077,0.000000,0.000038,False
2017-01-29,2.017079,2.017079,-0.000000,-0.000000,-0.000000,0.000000,2.017079,0.000000,0.000038,False
2017-01-30,2.017082,2.017082,-0.000000,-0.000000,-0.000000,0.000000,2.017082,0.000000,0.000038,False
2017-01-31,2.017085,2.017085,-0.000000,-0.000000,-0.000000,0.000000,2.017085,0.000000,0.000038,False
2017-02-01,2.017088,2.017088,-0.000000,-0.000000,-0.000000,0.000000,2.017088,0.000000,0.000038,False
2017-02-02,2.017090,2.017090,-0.000000,-0.000000,-0.000000,0.000000,2.017090,0.000000,0.000037,False
2017-02-03,2.017093,2.017093,-0.000000,-0.000000,-0.000000,0.000000,2.017093,0.000000,0.000037,False
2017-02-04,2.017096,2.017096,-0.000000,-0.000000,-0.000000,0.000000,2.017096,0.000000,0.000036,False
2017-02-05,2.017099,2.017099,-0.000000,-0.000000,-0.000000,0.000000,2.017099,0.000000,0.000035,False
2017-02-06,2.017101,2.017101,-0.000000,-0.000000,-0.000000,0.000000,2.017101,0.000000,0.000035,False
2017-02-07,2.017104,2.017104,-0.000000,-0.000000,-0.000000,0.000000,2.017104,0.000000,0.000034,False
2017-02-08,2.017107,2.017107,-0.000000,-0.000000,-0.000000,0.000000,2.017107,0.000000,0.000033,False
2017-02-09,2.017110,2.017110,-0.000000,-0.000000,-0.000000,0.000000,2.017110,0.000000,0.000032,False
2017-02-10,2.017112,2.017112,-0.000000,-0.000000,-0.000000,0.000000,2.017112,0.000000,0.000031,False
2017-02-11,2.017115,2.017115,0.000000,-0.000000,-0.000000,0.000000,2.017115,0.000000,0.000030,False
2017-02-12,2.017118,2.017118,0.000000,-0.000000,-0.000000,0.000000,2.017118,0.000000,0.000028,False
2017-02-13,2.017121,2.017121,0.000000,-0.000000,-0.000000,0.000000,2.017120,0.000000,0.000027,False
2017-02-14,2.017123,2.017123,0.000000,-0.000000,-0.000000,0.000000,2.017123,0.000000,0.000026,False
2017-02-15,2.017126,2.017126,0.000000,-0.000000,-0.000000,0.000000,2.017126,0.000000,0.000025,False
2017-02-16,2.017129,2.017129,0.000000,-0.000000,-0.000000,0.000000,2.017129,0.000000,0.000024,False
2017-02-17,2.017132,2.017132,0.000000,-0.000000,-0.000000,0.000000,2.017131,0.000000,0.000022,False
2017-02-18,2.017134,2.017134,0.000000,-0.000000,-0.000000,0.000000,2.017134,0.000000,0.000021,False
2017-02-19,2.017137,2.017137,0.000000,-0.000000,-0.000000,0.000000,2.017137,0.000000,0.000020,False
2017-02-20,2.017140,2.017140,0.000000,-0.000000,-0.000000,0.000000,2.017140,0.000000,0.000019,False
2017-02-21,2.017142,2.017143,0.000000,-0.000000,-0.000000,0.000000,2.017142,0.000000,0.000018,False
2017-02-22,2.017145,2.017145,0.000000,-0.000000,-0.000000,0.000000,2.017145,0.000000,0.000017,False
2017-02-23,2.017148,2.017148,0.000000,-0.000000,-0.000000,0.000000,2.017148,0.000000,0.000016,False
2017-02-24,2.017151,2.017151,0.000000,-0.000000,-0.000000,0.000000,2.017151,0.000000,0.000010,False
2017-02-25,2.017153,2.017153,0.000000,-0.000000,-0.000000,0.000000,2.017153,0.000000,0.000009,False
2017-02-26,2.017156,2.017156,0.000000,-0.000000,-0.000000,0.000000,2.017156,0.000000,0.000008,False
2017-02-27,2.017159,2.017159,0.000000,-0.000000,-0.000000,0.000000,2.017159,0.000000,0.000008,False
2017-02-28,2.017162,2.017162,0.000000,-0.000000,-0.000000,0.000000,2.017162,0.000000,0.000007,False
2017-03-01,2.017164,2.017164,0.000000,-0.000000,-0.000000,0.000000,2.017164,0.000000,0.000006,False
2017-03-02,2.017167,2.017167,0.000000,-0.000000,-0.000000,0.000000,2.017167,0.000000,0.000006,False
2017-03-03,2.017170,2.017170,0.000000,-0.000000,-0.000000,0.000000,2.017170,0.000000,0.000005,False
2017-03-04,2.017173,2.017173,0.000000,-0.000000,-0.000000,0.000000,2.017173,0.000000,0.000005,False
2017-03-05,2.017175,2.017175,0.000000,-0.000000,-0.000000,0.000000,2.017175,0.000000,0.000005,False
2017-03-06,2.017178,2.017178,0.000000,-0.000000,-0.000000,0.000000,2.017178,0.000000,0.000005,False
2017-03-07,2.017181,2.017181,0.000000,-0.000000,-0.000000,0.000000,2.017181,0.000000,0.000005,False
2017-03-08,2.017184,2.017184,0.000000,-0.000000,-0.000000,0.000000,2.017184,0.000000,0.000005,False
2017-03-09,2.017186,2.017186,0.000000,-0.000000,-0.000000,0.000000,2.017186,0.000000,0.000005,False
2017-03-10,2.017189,2.017189,0.000000,-0.000000,-0.000000,0.000000,2.017189,0.000000,0.000005,False
2017-03-11,2.017192,2.017192,0.000000,-0.000000,-0.000000,0.000000,2.017192,0.000000,0.000005,False
2017-03-12,2.017195,2.017195,0.000000,-0.000000,-0.000000,0.000000,2.017195,0.000000,0.000006,False
2017-03-13,2.017197,2.017197,0.000000,-0.000000,-0.000000,0.000000,2.017197,0.000000,0.000006,False
2017-03-14,2.017200,2.017200,0.000000,-0.000000,-0.000000,0.000000,2.017200,0.000000,0.000007,False
2017-03-15,2.017203,2.017203,0.000000,-0.000000,-0.000000,0.000000,2.017203,0.000000,0.000007,False
2017-03-16,2.017205,2.017206,0.000000,-0.000000,-0.000000,0.000000,2.017205,0.000000,0.000008,False
2017-03-17,2.017208,2.017208,0.000000,-0.000000,-0.000000,0.000000,2.017208,0.000000,0.000009,False
2017-03-18,2.017211,2.017211,0.000000,-0.000000,-0.000000,0.000000,2.017211,0.000000,0.000010,False
2017-03-19,2.017214,2.017214,0.000000,-0.000000,-0.000000,0.000000,2.017214,0.000000,0.000010,False
2017-03-20,2.017216,2.017216,0.000000,-0.000000,-0.000000,0.000000,2.017216,0.000000,0.000011,False
2017-03-21,2.017219,2.017219,0.000000,-0.000000,-0.000000,0.000000,2.017219,0.000000,0.000012,False
2017-03-22,2.017222,2.017222,0.000000,-0.000000,-0.000000,0.000000,2.017222,0.000000,0.000013,False
2017-03-23,2.017225,2.017225,0.000000,-0.000000,-0.000000,0.000000,2.017225,0.000000,0.000014,False
2017-03-24,2.017227,2.017227,0.000000,-0.000000,-0.000000,0.000000,2.017227,0.000000,0.000015,False
2017-03-25,2.017230,2.017230,0.000000,-0.000000,-0.000000,0.000000,2.017230,0.000000,0.000016,False
2017-03-26,2.017233,2.017233,0.000000,-0.000000,-0.000000,0.000000,2.017233,0.000000,0.000017,False
2017-03-27,2.017236,2.017236,0.000000,-0.000000,-0.000000,0.000000,2.017236,0.000000,0.000018,False
2017-03-28,2.017238,2.017238,-0.000000,-0.000000,-0.000000,0.000000,2.017238,0.000000,0.000018,False
2017-03-29,2.017241,2.017241,-0.000000,-0.000000,-0.000000,0.000000,2.017241,0.000000,0.000019,False
2017-03-30,2.017244,2.017244,-0.000000,-0.000000,-0.000000,0.000000,2.017244,0.000000,0.000020,False
2017-03-31,2.017247,2.017247,-0.000000,-0.000000,-0.000000,0.000000,2.017247,0.000000,0.000021,False
2017-04-01,2.017249,2.017249,-0.000000,-0.000000,-0.000000,0.000000,2.017249,0.000000,0.000021,False
2017-04-02,2.017252,2.017252,-0.000000,-0.000000,-0.000000,0.000000,2.017252,0.000000,0.000017,False
2017-04-03,2.017255,2.017255,-0.000000,-0.000000,-0.000000,0.000000,2.017255,0.000000,0.000017,False
2017-04-04,2.017258,2.017258,-0.000000,-0.000000,-0.000000,0.000000,2.017257,0.000000,0.000018,False
2017-04-05,2.017260,2.017260,-0.000000,-0.000000,-0.000000,0.000000,2.017260,0.000000,0.000018,False
2017-04-06,2.017263,2.017263,-0.000000,-0.000000,-0.000000,0.000000,2.017263,0.000000,0.000018,False
2017-04-07,2.017266,2.017266,-0.000000,-0.000000,-0.000000,0.000000,2.017266,0.000000,0.000018,False
2017-04-08,2.017268,2.017269,-0.000000,-0.000000,-0.000000,0.000000,2.017268,0.000000,0.000018,False
2017-04-09,2.017271,2.017271,-0.000000,-0.000000,-0.000000,0.000000,2.017271,0.000000,0.000018,False
2017-04-10,2.017274,2.017274,-0.000000,-0.000000,-0.000000,-0.000000,2.017274,0.000000,0.000018,False
2017-04-11,2.017277,2.017277,-0.000000,-0.000000,-0.000000,-0.000000,2.017277,0.000000,0.000017,False
2017-04-12,2.017279,2.017279,-0.000000,-0.000000,-0.000000,-0.000000,2.017279,0.000000,0.000017,False
2017-04-13,2.017282,2.017282,-0.000000,-0.000000,-0.000000,-0.000000,2.017282,0.000000,0.000016,False
2017-04-14,2.017285,2.017285,-0.000000,-0.000000,-0.000000,-0.000000,2.017285,0.000000,0.000015,False
2017-04-15,2.017288,2.017288,-0.000000,-0.000000,0.000000,-0.000000,2.017288,0.000000,0.000014,False
2017-04-16,2.017290,2.017290,-0.000000,-0.000000,0.000000,-0.000000,2.017290,0.000000,0.000013,False
2017-04-17,2.017293,2.017293,-0.000000,-0.000000,0.000000,-0.000000,2.017293,0.000000,0.000012,False
2017-04-18,2.017296,2.017296,-0.000000,-0.000000,0.000000,-0.000000,2.017296,0.000000,0.000011,False
2017-04-19,2.017299,2.017299,-0.000000,0.000000,0.000000,-0.000000,2.017299,0.000000,0.000009,False
2017-04-20,2.017301,2.017301,-0.000000,0.000000,0.000000,-0.000000,2.017301,0.000000,0.000007,False
2017-04-21,2.017304,2.017304,-0.000000,0.000000,0.000000,-0.000000,2.017304,0.000000,0.000006,False
2017-04-22,2.017307,2.017307,-0.000000,0.000000,0.000000,-0.000000,2.017307,0.000000,0.000004,False
2017-04-23,2.017310,2.017310,-0.000000,0.000000,0.000000,-0.000000,2.017310,0.000000,0.000002,False
2017-04-24,2.017312,2.017312,-0.000000,0.000000,0.000000,-0.000000,2.017312,-0.000000,-0.000001,False
2017-04-25,2.017315,2.017315,-0.000000,0.000000,0.000000,-0.000000,2.017315,-0.000000,-0.000003,False
2017-04-26,2.017318,2.017318,-0.000000,0.000000,0.000000,-0.000000,2.017318,-0.000000,-0.000006,False
2017-04-27,2.017321,2.017321,-0.000000,0.000000,0.000000,-0.000000,2.017321,-0.000000,-0.000008,False
2017-04-28,2.017323,2.017323,-0.000000,0.000000,0.000000,-0.000000,2.017323,-0.000000,-0.000011,False
2017-04-29,2.017326,2.017326,-0.000000,0.000000,0.000000,-0.000000,2.017326,-0.000000,-0.000014,False
2017-04-30,2.017329,2.017329,-0.000000,0.000000,0.000000,-0.000000,2.017329,-0.000000,-0.000017,False
2017-05-01,2.017332,2.017332,-0.000000,0.000000,0.000000,-0.000000,2.017332,-0.000000,-0.000020,False
2017-05-02,2.017334,2.017334,-0.000000,0.000000,0.000000,-0.000000,2.017334,-0.000000,-0.000023,False
2017-05-03,2.017337,2.017337,-0.000000,0.000000,0.000000,-0.000000,2.017337,-0.000000,-0.000026,False
2017-05-04,2.017340,2.017340,-0.000000,0.000000,0.000000,-0.000000,2.017340,-0.000000,-0.000029,False
2017-05-05,2.017342,2.017343,-0.000000,0.000000,0.000000,-0.000000,2.017343,-0.000000,-0.000032,False
2017-05-06,2.017345,2.017345,-0.000000,0.000000,0.000000,-0.000000,2.017345,-0.000000,-0.000036,False
2017-05-07,2.017348,2.017348,-0.000000,0.000000,0.000000,-0.000000,2.017348,-0.000000,-0.000039,False
2017-05-08,2.017351,2.017351,-0.000000,0.000000,0.000000,-0.000000,2.017351,-0.000000,-0.000047,False
2017-05-09,2.017353,2.017353,-0.000000,0.000000,0.000000,-0.000000,2.017354,-0.000000,-0.000051,False
2017-05-10,2.017356,2.017356,-0.000000,0.000000,0.000000,-0.000000,2.017356,-0.000000,-0.000054,False
2017-05-11,2.017359,2.017359,-0.000000,0.000000,0.000000,-0.000000,2.017359,-0.000000,-0.000058,False
2017-05-12,2.017362,2.017362,-0.000000,0.000000,0.000000,-0.000000,2.017362,-0.000000,-0.000061,False
2017-05-13,2.017364,2.017364,0.000000,0.000000,0.000000,-0.000000,2.017365,-0.000000,-0.000064,False
2017-05-14,2.017367,2.017367,0.000000,0.000000,0.000000,-0.000000,2.017367,-0.000000,-0.000067,False
2017-05-15,2.017370,2.017370,0.000000,0.000000,0.000000,-0.000000,2.017370,-0.000000,-0.000071,False
2017-05-16,2.017373,2.017373,0.000000,0.000000,0.000000,-0.000000,2.017373,-0.000000,-0.000074,False
2017-05-17,2.017375,2.017375,0.000000,0.000000,0.000000,-0.000000,2.017375,-0.000000,-0.000077,False
2017-05-18,2.017378,2.017378,0.000000,0.000000,0.000000,-0.000000,2.017378,-0.000000,-0.000080,False
2017-05-19,2.017381,2.017381,0.000000,0.000000,0.000000,-0.000000,2.017381,-0.000000,-0.000083,False
2017-05-20,2.017384,2.017384,0.000000,0.000000,0.000000,-0.000000,2.017384,-0.000000,-0.000085,False
2017-05-21,2.017386,2.017386,0.000000,0.000000,0.000000,-0.000000,2.017386,-0.000000,-0.000088,False
2017-05-22,2.017389,2.017389,0.000000,0.000000,0.000000,-0.000000,2.017389,-0.000000,-0.000091,False
2017-05-23,2.017392,2.017392,0.000000,0.000000,0.000000,-0.000000,2.017392,-0.000000,-0.000093,False
2017-05-24,2.017395,2.017395,0.000000,0.000000,0.000000,-0.000000,2.017395,-0.000000,-0.000095,False
2017-05-25,2.017397,2.017397,0.000000,0.000000,0.000000,-0.000000,2.017397,-0.000000,-0.000097,False
2017-05-26,2.017400,2.017400,0.000000,0.000000,0.000000,-0.000000,2.017400,-0.000000,-0.000099,False
2017-05-27,2.017403,2.017403,0.000000,0.000000,0.000000,-0.000000,2.017403,-0.000000,-0.000101,False
2017-05-28,2.017405,2.017406,0.000000,0.000000,0.000000,-0.000000,2.017406,-0.000000,-0.000102,False
2017-05-29,2.017408,2.017408,0.000000,0.000000,0.000000,-0.000000,2.017408,-0.000000,-0.000104,False
2017-05-30,2.017411,2.017411,0.000000,0.000000,0.000000,-0.000000,2.017411,-0.000000,-0.000105,False
2017-05-31,2.017414,2.017414,0.000000,0.000000,0.000000,-0.000000,2.017414,-0.000000,-0.000106,False
2017-06-01,2.017416,2.017416,0.000000,0.000000,0.000000,-0.000000,2.017417,-0.000000,-0.000106,False
2017-06-02,2.017419,2.017419,0.000000,0.000000,0.000000,-0.000000,2.017419,-0.000000,-0.000107,False
2017-06-03,2.017422,2.017422,0.000000,0.000000,0.000000,-0.000000,2.017422,-0.000000,-0.000107,False
2017-06-04,2.017425,2.017425,0.000000,0.000000,0.000000,-0.000000,2.017425,-0.000000,-0.000108,False
2017-06-05,2.017427,2.017427,0.000000,0.000000,0.000000,-0.000000,2.017428,-0.000000,-0.000108,False
2017-06-06,2.017430,2.017430,0.000000,0.000000,0.000000,-0.000000,2.017430,-0.000000,-0.000107,False
2017-06-07,2.017433,2.017433,0.000000,0.000000,0.000000,-0.000000,2.017433,-0.000000,-0.000107,False
2017-06-08,2.017436,2.017436,0.000000,0.000000,0.000000,-0.000000,2.017436,-0.000000,-0.000106,False
2017-06-09,2.017438,2.017438,0.000000,0.000000,0.000000,-0.000000,2.017439,-0.000000,-0.000105,False
2017-06-10,2.017441,2.017441,0.000000,0.000000,0.000000,-0.000000,2.017441,-0.000000,-0.000104,False
2017-06-11,2.017444,2.017444,0.000000,0.000000,0.000000,-0.000000,2.017444,-0.000000,-0.000103,False
2017-06-12,2.017447,2.017447,0.000000,0.000000,0.000000,-0.000000,2.017447,-0.000000,-0.000102,False
2017-06-13,2.017449,2.017449,0.000000,0.000000,0.000000,-0.000000,2.017450,-0.000000,-0.000100,False
2017-06-14,2.017452,2.017452,0.000000,0.000000,0.000000,-0.000000,2.017452,-0.000000,-0.000104,False
2017-06-15,2.017455,2.017455,0.000000,0.000000,0.000000,-0.000000,2.017455,-0.000000,-0.000102,False
2017-06-16,2.017458,2.017458,0.000000,0.000000,0.000000,-0.000000,2.017458,-0.000000,-0.000100,False
2017-06-17,2.017460,2.017460,0.000000,0.000000,0.000000,-0.000000,2.017460,-0.000000,-0.000097,False
2017-06-18,2.017463,2.017463,0.000000,0.000000,0.000000,-0.000000,2.017463,-0.000000,-0.000095,False
2017-06-19,2.017466,2.017466,0.000000,0.000000,0.000000,-0.000000,2.017466,-0.000000,-0.000092,False
2017-06-20,2.017468,2.017469,0.000000,0.000000,0.000000,-0.000000,2.017469,-0.000000,-0.000090,False
2017-06-21,2.017471,2.017471,0.000000,0.000000,0.000000,-0.000000,2.017471,-0.000000,-0.000087,False
2017-06-22,2.017474,2.017474,0.000000,0.000000,0.000000,-0.000000,2.017474,-0.000000,-0.000084,False
2017-06-23,2.017477,2.017477,0.000000,0.000000,0.000000,-0.000000,2.017477,-0.000000,-0.000081,False
2017-06-24,2.017479,2.017479,0.000000,0.000000,0.000000,-0.000000,2.017480,-0.000000,-0.000078,False
2017-06-25,2.017482,2.017482,0.000000,0.000000,0.000000,-0.000000,2.017482,-0.000000,-0.000075,False
2017-06-26,2.017485,2.017485,0.000000,0.000000,0.000000,-0.000000,2.017485,-0.000000,-0.000072,False
2017-06-27,2.017488,2.017488,-0.000000,0.000000,0.000000,-0.000000,2.017488,-0.000000,-0.000069,False
2017-06-28,2.017490,2.017490,-0.000000,0.000000,0.000000,-0.000000,2.017491,-0.000000,-0.000065,False
2017-06-29,2.017493,2.017493,-0.000000,0.000000,0.000000,-0.000000,2.017493,-0.000000,-0.000062,False
2017-06-30,2.017496,2.017496,-0.000000,0.000000,0.000000,-0.000000,2.017496,-0.000000,-0.000059,False
2017-07-01,2.017499,2.017499,-0.000000,0.000000,0.000000,-0.000000,2.017499,-0.000000,-0.000055,False
2017-07-02,2.017501,2.017501,-0.000000,0.000000,0.000000,-0.000000,2.017501,-0.000000,-0.000052,False
2017-07-03,2.017504,2.017504,-0.000000,0.000000,0.000000,-0.000000,2.017504,-0.000000,-0.000049,False
2017-07-04,2.017507,2.017507,-0.000000,0.000000,0.000000,-0.000000,2.017507,-0.000000,-0.000045,False
2017-07-05,2.017510,2.017510,-0.000000,0.000000,0.000000,-0.000000,2.017510,-0.000000,-0.000042,False
2017-07-06,2.017512,2.017512,-0.000000,0.000000,0.000000,-0.000000,2.017512,-0.000000,-0.000039,False
2017-07-07,2.017515,2.017515,-0.000000,0.000000,0.000000,-0.000000,2.017515,-0.000000,-0.000036,False
2017-07-08,2.017518,2.017518,-0.000000,0.000000,0.000000,-0.000000,2.017518,-0.000000,-0.000033,False
2017-07-09,2.017521,2.017521,-0.000000,0.000000,0.000000,-0.000000,2.017521,-0.000000,-0.000030,False
2017-07-10,2.017523,2.017523,-0.000000,0.000000,0.000000,-0.000000,2.017523,-0.000000,-0.000027,False
2017-07-11,2.017526,2.017526,-0.000000,0.000000,0.000000,-0.000000,2.017526,-0.000000,-0.000024,False
2017-07-12,2.017529,2.017529,-0.000000,0.000000,0.000000,-0.000000,2.017529,-0.000000,-0.000021,False
2017-07-13,2.017532,2.017532,-0.000000,0.000000,0.000000,-0.000000,2.017532,-0.000000,-0.000019,False
2017-07-14,2.017534,2.017534,-0.000000,0.000000,0.000000,-0.000000,2.017534,-0.000000,-0.000016,False
2017-07-15,2.017537,2.017537,-0.000000,0.000000,0.000000,-0.000000,2.017537,-0.000000,-0.000014,False
2017-07-16,2.017540,2.017540,-0.000000,0.000000,0.000000,-0.000000,2.017540,-0.000000,-0.000011,False
2017-07-17,2.017542,2.017543,-0.000000,0.000000,0.000000,-0.000000,2.017542,-0.000000,-0.000009,False
2017-07-18,2.017545,2.017545,-0.000000,0.000000,0.000000,-0.000000,2.017545,-0.000000,-0.000007,False
2017-07-19,2.017548,2.017548,-0.000000,0.000000,0.000000,-0.000000,2.017548,-0.000000,-0.000005,False
2017-07-20,2.017551,2.017551,-0.000000,-0.000000,0.000000,-0.000000,2.017551,-0.000000,-0.000008,False
2017-07-21,2.017553,2.017553,-0.000000,-0.000000,0.000000,-0.000000,2.017553,-0.000000,-0.000007,False
2017-07-22,2.017556,2.017556,-0.000000,-0.000000,0.000000,-0.000000,2.017556,-0.000000,-0.000005,False
2017-07-23,2.017559,2.017559,-0.000000,-0.000000,0.000000,-0.000000,2.017559,-0.000000,-0.000004,False
2017-07-24,2.017562,2.017562,-0.000000,-0.000000,0.000000,-0.000000,2.017562,-0.000000,-0.000003,False
2017-07-25,2.017564,2.017564,-0.000000,-0.000000,0.000000,-0.000000,2.017564,-0.000000,-0.000002,False
2017-07-26,2.017567,2.017567,-0.000000,-0.000000,0.000000,-0.000000,2.017567,-0.000000,-0.000001,False
2017-07-27,2.017570,2.017570,-0.000000,-0.000000,0.000000,-0.000000,2.017570,0.000000,0.000000,False
2017-07-28,2.017573,2.017573,-0.000000,-0.000000,0.000000,-0.000000,2.017573,0.000000,0.000001,False
2017-07-29,2.017575,2.017575,-0.000000,-0.000000,0.000000,-0.000000,2.017575,0.000000,0.000001,False
2017-07-30,2.017578,2.017578,-0.000000,-0.000000,0.000000,-0.000000,2.017578,0.000000,0.000002,False
2017-07-31,2.017581,2.017581,-0.000000,-0.000000,0.000000,-0.000000,2.017581,0.000000,0.000002,False
2017-08-01,2.017584,2.017584,-0.000000,-0.000000,0.000000,-0.000000,2.017584,0.000000,0.000002,False
2017-08-02,2.017586,2.017586,-0.000000,-0.000000,0.000000,-0.000000,2.017586,0.000000,0.000002,False
2017-08-03,2.017589,2.017589,-0.000000,-0.000000,0.000000,-0.000000,2.017589,0.000000,0.000002,False
2017-08-04,2.017592,2.017592,-0.000000,-0.000000,0.000000,-0.000000,2.017592,0.000000,0.000002,False
2017-08-05,2.017595,2.017595,-0.000000,-0.000000,0.000000,-0.000000,2.017595,0.000000,0.000002,False
2017-08-06,2.017597,2.017597,-0.000000,-0.000000,0.000000,-0.000000,2.017597,0.000000,0.000002,False
2017-08-07,2.017600,2.017600,-0.000000,-0.000000,0.000000,-0.000000,2.017600,0.000000,0.000001,False
2017-08-08,2.017603,2.017603,-0.000000,-0.000000,0.000000,-0.000000,2.017603,0.000000,0.000001,False
2017-08-09,2.017605,2.017606,-0.000000,-0.000000,0.000000,-0.000000,2.017605,0.000000,0.000000,False
2017-08-10,2.017608,2.017608,-0.000000,-0.000000,0.000000,-0.000000,2.017608,-0.000000,-0.000000,False
2017-08-11,2.017611,2.017611,-0.000000,-0.000000,0.000000,-0.000000,2.017611,-0.000000,-0.000001,False
2017-08-12,2.017614,2.017614,0.000000,-0.000000,0.000000,-0.000000,2.017614,-0.000000,-0.000001,False
2017-08-13,2.017616,2.017616,0.000000,-0.000000,0.000000,-0.000000,2.017616,-0.000000,-0.000002,False
2017-08-14,2.017619,2.017619,0.000000,-0.000000,0.000000,-0.000000,2.017619,-0.000000,-0.000003,False
2017-08-15,2.017622,2.017622,0.000000,-0.000000,0.000000,-0.000000,2.017622,-0.000000,-0.000003,False
2017-08-16,2.017625,2.017625,0.000000,-0.000000,0.000000,-0.000000,2.017625,-0.000000,-0.000004,False
2017-08-17,2.017627,2.017627,0.000000,-0.000000,0.000000,-0.000000,2.017627,-0.000000,-0.000005,False
2017-08-18,2.017630,2.017630,0.000000,-0.000000,0.000000,-0.000000,2.017630,-0.000000,-0.000006,False
2017-08-19,2.017633,2.017633,0.000000,-0.000000,0.000000,-0.000000,2.017633,-0.000000,-0.000006,False
2017-08-20,2.017636,2.017636,0.000000,-0.000000,0.000000,-0.000000,2.017636,-0.000000,-0.000007,False
2017-08-21,2.017638,2.017638,0.000000,-0.000000,0.000000,-0.000000,2.017638,-0.000000,-0.000007,False
2017-08-22,2.017641,2.017641,0.000000,-0.000000,0.000000,-0.000000,2.017641,-0.000000,-0.000008,False
2017-08-23,2.017644,2.017644,0.000000,-0.000000,0.000000,-0.000000,2.017644,-0.000000,-0.000008,False
2017-08-24,2.017647,2.017647,0.000000,-0.000000,0.000000,-0.000000,2.017647,-0.000000,-0.000009,False
2017-08-25,2.017649,2.017649,0.000000,-0.000000,0.000000,-0.000000,2.017649,-0.000000,-0.000009,False
2017-08-26,2.017652,2.017652,0.000000,-0.000000,0.000000,-0.000000,2.017652,-0.000000,-0.000014,False
2017-08-27,2.017655,2.017655,0.000000,-0.000000,0.000000,-0.000000,2.017655,-0.000000,-0.000014,False
2017-08-28,2.017658,2.017658,0.000000,-0.000000,0.000000,-0.000000,2.017658,-0.000000,-0.000014,False
2017-08-29,2.017660,2.017660,0.000000,-0.000000,0.000000,-0.000000,2.017660,-0.000000,-0.000014,False
2017-08-30,2.017663,2.017663,0.000000,-0.000000,0.000000,-0.000000,2.017663,-0.000000,-0.000014,False
2017-08-31,2.017666,2.017666,0.000000,-0.000000,0.000000,-0.000000,2.017666,-0.000000,-0.000014,False
2017-09-01,2.017668,2.017669,0.000000,-0.000000,0.000000,-0.000000,2.017669,-0.000000,-0.000014,False
2017-09-02,2.017671,2.017671,0.000000,-0.000000,0.000000,-0.000000,2.017671,-0.000000,-0.000013,False
2017-09-03,2.017674,2.017674,0.000000,-0.000000,0.000000,-0.000000,2.017674,-0.000000,-0.000013,False
2017-09-04,2.017677,2.017677,0.000000,-0.000000,0.000000,-0.000000,2.017677,-0.000000,-0.000012,False
2017-09-05,2.017679,2.017679,0.000000,-0.000000,0.000000,-0.000000,2.017679,-0.000000,-0.000012,False
2017-09-06,2.017682,2.017682,0.000000,-0.000000,0.000000,-0.000000,2.017682,-0.000000,-0.000011,False
2017-09-07,2.017685,2.017685,0.000000,-0.000000,0.000000,-0.000000,2.017685,-0.000000,-0.000010,False
2017-09-08,2.017688,2.017688,0.000000,-0.000000,0.000000,-0.000000,2.017688,-0.000000,-0.000009,False
2017-09-09,2.017690,2.017690,0.000000,-0.000000,0.000000,-0.000000,2.017690,-0.000000,-0.000008,False
2017-09-10,2.017693,2.017693,0.000000,-0.000000,0.000000,-0.000000,2.017693,-0.000000,-0.000007,False
2017-09-11,2.017696,2.017696,0.000000,-0.000000,0.000000,-0.000000,2.017696,-0.000000,-0.000005,False
2017-09-12,2.017699,2.017699,0.000000,-0.000000,0.000000,-0.000000,2.017699,-0.000000,-0.000004,False
2017-09-13,2.017701,2.017701,0.000000,-0.000000,0.000000,-0.000000,2.017701,-0.000000,-0.000002,False
2017-09-14,2.017704,2.017704,0.000000,-0.000000,0.000000,-0.000000,2.017704,-0.000000,-0.000001,False
2017-09-15,2.017707,2.017707,0.000000,-0.000000,0.000000,-0.000000,2.017707,0.000000,0.000001,False
2017-09-16,2.017710,2.017710,0.000000,-0.000000,0.000000,-0.000000,2.017710,0.000000,0.000002,False
2017-09-17,2.017712,2.017712,0.000000,-0.000000,0.000000,-0.000000,2.017712,0.000000,0.000004,False
2017-09-18,2.017715,2.017715,0.000000,-0.000000,0.000000,-0.000000,2.017715,0.000000,0.000006,False
2017-09-19,2.017718,2.017718,0.000000,-0.000000,0.000000,-0.000000,2.017718,0.000000,0.000007,False
2017-09-20,2.017721,2.017721,0.000000,-0.000000,0.000000,-0.000000,2.017721,0.000000,0.000009,False
2017-09-21,2.017723,2.017723,0.000000,-0.000000,0.000000,-0.000000,2.017723,0.000000,0.000011,False
2017-09-22,2.017726,2.017726,0.000000,-0.000000,0.000000,-0.000000,2.017726,0.000000,0.000013,False
2017-09-23,2.017729,2.017729,0.000000,-0.000000,0.000000,-0.000000,2.017729,0.000000,0.000015,False
2017-09-24,2.017732,2.017732,0.000000,-0.000000,0.000000,-0.000000,2.017731,0.000000,0.000017,False
2017-09-25,2.017734,2.017734,0.000000,-0.000000,0.000000,-0.000000,2.017734,0.000000,0.000018,False
2017-09-26,2.017737,2.017737,0.000000,-0.000000,0.000000,-0.000000,2.017737,0.000000,0.000020,False
2017-09-27,2.017740,2.017740,-0.000000,-0.000000,0.000000,-0.000000,2.017740,0.000000,0.000022,False
2017-09-28,2.017742,2.017743,-0.000000,-0.000000,0.000000,-0.000000,2.017742,0.000000,0.000024,False
2017-09-29,2.017745,2.017745,-0.000000,-0.000000,0.000000,-0.000000,2.017745,0.000000,0.000026,False
2017-09-30,2.017748,2.017748,-0.000000,-0.000000,0.000000,-0.000000,2.017748,0.000000,0.000027,False
2017-10-01,2.017751,2.017751,-0.000000,-0.000000,0.000000,-0.000000,2.017751,0.000000,0.000024,False
2017-10-02,2.017753,2.017753,-0.000000,-0.000000,0.000000,-0.000000,2.017753,0.000000,0.000025,False
2017-10-03,2.017756,2.017756,-0.000000,-0.000000,0.000000,-0.000000,2.017756,0.000000,0.000027,False
2017-10-04,2.017759,2.017759,-0.000000,-0.000000,0.000000,-0.000000,2.017759,0.000000,0.000028,False
2017-10-05,2.017762,2.017762,-0.000000,-0.000000,0.000000,-0.000000,2.017762,0.000000,0.000029,False
2017-10-06,2.017764,2.017764,-0.000000,-0.000000,0.000000,-0.000000,2.017764,0.000000,0.000030,False
2017-10-07,2.017767,2.017767,-0.000000,-0.000000,0.000000,-0.000000,2.017767,0.000000,0.000031,False
2017-10-08,2.017770,2.017770,-0.000000,-0.000000,0.000000,-0.000000,2.017770,0.000000,0.000032,False
2017-10-09,2.017773,2.017773,-0.000000,-0.000000,0.000000,-0.000000,2.017773,0.000000,0.000033,False
2017-10-10,2.017775,2.017775,-0.000000,-0.000000,0.000000,-0.000000,2.017775,0.000000,0.000034,False
2017-10-11,2.017778,2.017778,-0.000000,-0.000000,0.000000,-0.000000,2.017778,0.000000,0.000034,False
2017-10-12,2.017781,2.017781,-0.000000,-0.000000,0.000000,-0.000000,2.017781,0.000000,0.000035,False
2017-10-13,2.017784,2.017784,-0.000000,-0.000000,0.000000,-0.000000,2.017783,0.000000,0.000035,False
2017-10-14,2.017786,2.017786,-0.000000,-0.000000,-0.000000,-0.000000,2.017786,0.000000,0.000035,False
2017-10-15,2.017789,2.017789,-0.000000,-0.000000,-0.000000,-0.000000,2.017789,0.000000,0.000035,False
2017-10-16,2.017792,2.017792,-0.000000,-0.000000,-0.000000,-0.000000,2.017792,0.000000,0.000035,False
2017-10-17,2.017795,2.017795,-0.000000,-0.000000,-0.000000,-0.000000,2.017794,0.000000,0.000034,False
2017-10-18,2.017797,2.017797,-0.000000,-0.000000,-0.000000,-0.000000,2.017797,0.000000,0.000034,False
2017-10-19,2.017800,2.017800,-0.000000,0.000000,-0.000000,-0.000000,2.017800,0.000000,0.000033,False
2017-10-20,2.017803,2.017803,-0.000000,0.000000,-0.000000,-0.000000,2.017803,0.000000,0.000033,False
2017-10-21,2.017805,2.017806,-0.000000,0.000000,-0.000000,-0.000000,2.017805,0.000000,0.000032,False
2017-10-22,2.017808,2.017808,-0.000000,0.000000,-0.000000,-0.000000,2.017808,0.000000,0.000031,False
2017-10-23,2.017811,2.017811,-0.000000,0.000000,-0.000000,-0.000000,2.017811,0.000000,0.000029,False
2017-10-24,2.017814,2.017814,-0.000000,0.000000,-0.000000,-0.000000,2.017814,0.000000,0.000028,False
2017-10-25,2.017816,2.017816,-0.000000,0.000000,-0.000000,-0.000000,2.017816,0.000000,0.000027,False
2017-10-26,2.017819,2.017819,-0.000000,0.000000,-0.000000,-0.000000,2.017819,0.000000,0.000025,False
2017-10-27,2.017822,2.017822,-0.000000,0.000000,-0.000000,-0.000000,2.017822,0.000000,0.000023,False
2017-10-28,2.017825,2.017825,-0.000000,0.000000,-0.000000,-0.000000,2.017825,0.000000,0.000022,False
2017-10-29,2.017827,2.017827,-0.000000,0.000000,-0.000000,-0.000000,2.017827,0.000000,0.000020,False
2017-10-30,2.017830,2.017830,-0.000000,0.000000,-0.000000,-0.000000,2.017830,0.000000,0.000018,False
2017-10-31,2.017833,2.017833,-0.000000,0.000000,-0.000000,-0.000000,2.017833,0.000000,0.000016,False
2017-11-01,2.017836,2.017836,-0.000000,0.000000,-0.000000,-0.000000,2.017836,0.000000,0.000013,False
2017-11-02,2.017838,2.017838,-0.000000,0.000000,-0.000000,-0.000000,2.017838,0.000000,0.000011,False
2017-11-03,2.017841,2.017841,-0.000000,0.000000,-0.000000,-0.000000,2.017841,0.000000,0.000009,False
2017-11-04,2.017844,2.017844,-0.000000,0.000000,-0.000000,-0.000000,2.017844,0.000000,0.000006,False
2017-11-05,2.017847,2.017847,-0.000000,0.000000,-0.000000,-0.000000,2.017847,0.000000,0.000004,False
2017-11-06,2.017849,2.017849,-0.000000,0.000000,-0.000000,-0.000000,2.017849,0.000000,0.000002,False
2017-11-07,2.017852,2.017852,-0.000000,0.000000,-0.000000,-0.000000,2.017852,-0.000000,-0.000006,False
2017-11-08,2.017855,2.017855,-0.000000,0.000000,-0.000000,-0.000000,2.017855,-0.000000,-0.000008,False
2017-11-09,2.017858,2.017858,-0.000000,0.000000,-0.000000,-0.000000,2.017858,-0.000000,-0.000011,False
2017-11-10,2.017860,2.017860,-0.000000,0.000000,-0.000000,-0.000000,2.017860,-0.000000,-0.000013,False
2017-11-11,2.017863,2.017863,0.000000,0.000000,-0.000000,-0.000000,2.017863,-0.000000,-0.000016,False
2017-11-12,2.017866,2.017866,0.000000,0.000000,-0.000000,-0.000000,2.017866,-0.000000,-0.000018,False
2017-11-13,2.017868,2.017869,0.000000,0.000000,-0.000000,-0.000000,2.017869,-0.000000,-0.000021,False
2017-11-14,2.017871,2.017871,0.000000,0.000000,-0.000000,-0.000000,2.017871,-0.000000,-0.000023,False
2017-11-15,2.017874,2.017874,0.000000,0.000000,-0.000000,-0.000000,2.017874,-0.000000,-0.000025,False
2017-11-16,2.017877,2.017877,0.000000,0.000000,-0.000000,-0.000000,2.017877,-0.000000,-0.000027,False
2017-11-17,2.017879,2.017879,0.000000,0.000000,-0.000000,-0.000000,2.017880,-0.000000,-0.000029,False
2017-11-18,2.017882,2.017882,0.000000,0.000000,-0.000000,-0.000000,2.017882,-0.000000,-0.000031,False
2017-11-19,2.017885,2.017885,0.000000,0.000000,-0.000000,-0.000000,2.017885,-0.000000,-0.000033,False
2017-11-20,2.017888,2.017888,0.000000,0.000000,-0.000000,-0.000000,2.017888,-0.000000,-0.000035,False
2017-11-21,2.017890,2.017890,0.000000,0.000000,-0.000000,-0.000000,2.017890,-0.000000,-0.000037,False
2017-11-22,2.017893,2.017893,0.000000,0.000000,-0.000000,-0.000000,2.017893,-0.000000,-0.000038,False
2017-11-23,2.017896,2.017896,0.000000,0.000000,-0.000000,-0.000000,2.017896,-0.000000,-0.000040,False
2017-11-24,2.017899,2.017899,0.000000,0.000000,-0.000000,-0.000000,2.017899,-0.000000,-0.000041,False
2017-11-25,2.017901,2.017901,0.000000,0.000000,-0.000000,-0.000000,2.017901,-0.000000,-0.000042,False
2017-11-26,2.017904,2.017904,0.000000,0.000000,-0.000000,-0.000000,2.017904,-0.000000,-0.000043,False
2017-11-27,2.017907,2.017907,0.000000,0.000000,-0.000000,-0.000000,2.017907,-0.000000,-0.000043,False
2017-11-28,2.017910,2.017910,0.000000,0.000000,-0.000000,-0.000000,2.017910,-0.000000,-0.000044,False
2017-11-29,2.017912,2.017912,0.000000,0.000000,-0.000000,-0.000000,2.017912,-0.000000,-0.000044,False
2017-11-30,2.017915,2.017915,0.000000,0.000000,-0.000000,-0.000000,2.017915,-0.000000,-0.000045,False
2017-12-01,2.017918,2.017918,0.000000,0.000000,-0.000000,-0.000000,2.017918,-0.000000,-0.000045,False
2017-12-02,2.017921,2.017921,0.000000,0.000000,-0.000000,-0.000000,2.017921,-0.000000,-0.000044,False
2017-12-03,2.017923,2.017923,0.000000,0.000000,-0.000000,-0.000000,2.017923,-0.000000,-0.000044,False
2017-12-04,2.017926,2.017926,0.000000,0.000000,-0.000000,-0.000000,2.017926,-0.000000,-0.000044,False
2017-12-05,2.017929,2.017929,0.000000,0.000000,-0.000000,-0.000000,2.017929,-0.000000,-0.000043,False
2017-12-06,2.017932,2.017932,0.000000,0.000000,-0.000000,-0.000000,2.017932,-0.000000,-0.000042,False
2017-12-07,2.017934,2.017934,0.000000,0.000000,-0.000000,-0.000000,2.017934,-0.000000,-0.000041,False
2017-12-08,2.017937,2.017937,0.000000,0.000000,-0.000000,-0.000000,2.017937,-0.000000,-0.000040,False
2017-12-09,2.017940,2.017940,0.000000,0.000000,-0.000000,-0.000000,2.017940,-0.000000,-0.000038,False
2017-12-10,2.017942,2.017943,0.000000,0.000000,-0.000000,-0.000000,2.017943,-0.000000,-0.000036,False
2017-12-11,2.017945,2.017945,0.000000,0.000000,-0.000000,-0.000000,2.017945,-0.000000,-0.000035,False
2017-12-12,2.017948,2.017948,0.000000,0.000000,-0.000000,-0.000000,2.017948,-0.000000,-0.000033,False
2017-12-13,2.017951,2.017951,0.000000,0.000000,-0.000000,-0.000000,2.017951,-0.000000,-0.000036,False
2017-12-14,2.017953,2.017953,0.000000,0.000000,-0.000000,-0.000000,2.017953,-0.000000,-0.000033,False
2017-12-15,2.017956,2.017956,0.000000,0.000000,-0.000000,-0.000000,2.017956,-0.000000,-0.000031,False
2017-12-16,2.017959,2.017959,0.000000,0.000000,-0.000000,-0.000000,2.017959,-0.000000,-0.000028,False
2017-12-17,2.017962,2.017962,0.000000,0.000000,-0.000000,-0.000000,2.017962,-0.000000,-0.000026,False
2017-12-18,2.017964,2.017964,0.000000,0.000000,-0.000000,-0.000000,2.017964,-0.000000,-0.000023,False
2017-12-19,2.017967,2.017967,0.000000,0.000000,-0.000000,-0.000000,2.017967,-0.000000,-0.000020,False
2017-12-20,2.017970,2.017970,0.000000,0.000000,-0.000000,-0.000000,2.017970,-0.000000,-0.000017,False
2017-12-21,2.017973,2.017973,0.000000,0.000000,-0.000000,-0.000000,2.017973,-0.000000,-0.000014,False
2017-12-22,2.017975,2.017975,0.000000,0.000000,-0.000000,-0.000000,2.017975,-0.000000,-0.000010,False
2017-12-23,2.017978,2.017978,0.000000,0.000000,-0.000000,-0.000000,2.017978,-0.000000,-0.000007,False
2017-12-24,2.017981,2.017981,0.000000,0.000000,-0.000000,-0.000000,2.017981,-0.000000,-0.000004,False
2017-12-25,2.017984,2.017984,0.000000,0.000000,-0.000000,-0.000000,2.017984,-0.000000,-0.000000,False
2017-12-26,2.017986,2.017986,0.000000,0.000000,-0.000000,-0.000000,2.017986,0.000000,0.000003,False
2017-12-27,2.017989,2.017989,-0.000000,0.000000,-0.000000,-0.000000,2.017989,0.000000,0.000007,False
2017-12-28,2.017992,2.017992,-0.000000,0.000000,-0.000000,-0.000000,2.017992,0.000000,0.000010,False
2017-12-29,2.017995,2.017995,-0.000000,0.000000,-0.000000,-0.000000,2.017994,0.000000,0.000014,False
2017-12-30,2.017997,2.017997,-0.000000,0.000000,-0.000000,-0.000000,2.017997,0.000000,0.000017,False
2017-12-31,2.018000,2.018000,-0.000000,0.000000,-0.000000,-0.000000,2.018000,0.000000,0.000021,False
2018-01-01,2.018003,2.018003,-0.000000,0.000000,-0.000000,-0.000000,2.018003,0.000000,0.000024,False
2018-01-02,2.018005,2.018006,-0.000000,0.000000,-0.000000,-0.000000,2.018005,0.000000,0.000028,False
2018-01-03,2.018008,2.018008,-0.000000,0.000000,-0.000000,-0.000000,2.018008,0.000000,0.000031,False
2018-01-04,2.018011,2.018011,-0.000000,0.000000,-0.000000,-0.000000,2.018011,0.000000,0.000035,False
2018-01-05,2.018014,2.018014,-0.000000,0.000000,-0.000000,-0.000000,2.018014,0.000000,0.000038,False
2018-01-06,2.018016,2.018016,-0.000000,0.000000,-0.000000,-0.000000,2.018016,0.000000,0.000041,False
2018-01-07,2.018019,2.018019,-0.000000,0.000000,-0.000000,-0.000000,2.018019,0.000000,0.000044,False
2018-01-08,2.018022,2.018022,-0.000000,0.000000,-0.000000,-0.000000,2.018022,0.000000,0.000047,False
2018-01-09,2.018025,2.018025,-0.000000,0.000000,-0.000000,-0.000000,2.018025,0.000000,0.000050,False
2018-01-10,2.018027,2.018027,-0.000000,0.000000,-0.000000,-0.000000,2.018027,0.000000,0.000053,False
2018-01-11,2.018030,2.018030,-0.000000,0.000000,-0.000000,-0.000000,2.018030,0.000000,0.000056,False
2018-01-12,2.018033,2.018033,-0.000000,0.000000,-0.000000,-0.000000,2.018033,0.000000,0.000058,False
2018-01-13,2.018036,2.018036,-0.000000,0.000000,-0.000000,-0.000000,2.018035,0.000000,0.000061,False
2018-01-14,2.018038,2.018038,-0.000000,0.000000,-0.000000,-0.000000,2.018038,0.000000,0.000063,False
2018-01-15,2.018041,2.018041,-0.000000,0.000000,-0.000000,-0.000000,2.018041,0.000000,0.000065,False
2018-01-16,2.018044,2.018044,-0.000000,0.000000,-0.000000,-0.000000,2.018044,0.000000,0.000067,False
2018-01-17,2.018047,2.018047,-0.000000,0.000000,-0.000000,-0.000000,2.018046,0.000000,0.000069,False
2018-01-18,2.018049,2.018049,-0.000000,-0.000000,-0.000000,-0.000000,2.018049,0.000000,0.000071,False
2018-01-19,2.018052,2.018052,-0.000000,-0.000000,-0.000000,-0.000000,2.018052,0.000000,0.000067,False
2018-01-20,2.018055,2.018055,-0.000000,-0.000000,-0.000000,-0.000000,2.018055,0.000000,0.000068,False
2018-01-21,2.018058,2.018058,-0.000000,-0.000000,-0.000000,-0.000000,2.018057,0.000000,0.000070,False
2018-01-22,2.018060,2.018060,-0.000000,-0.000000,-0.000000,-0.000000,2.018060,0.000000,0.000071,False
2018-01-23,2.018063,2.018063,-0.000000,-0.000000,-0.000000,-0.000000,2.018063,0.000000,0.000072,False
2018-01-24,2.018066,2.018066,-0.000000,-0.000000,-0.000000,-0.000000,2.018066,0.000000,0.000072,False
2018-01-25,2.018068,2.018069,-0.000000,-0.000000,-0.000000,-0.000000,2.018068,0.000000,0.000073,False
2018-01-26,2.018071,2.018071,-0.000000,-0.000000,-0.000000,-0.000000,2.018071,0.000000,0.000073,False
2018-01-27,2.018074,2.018074,-0.000000,-0.000000,-0.000000,-0.000000,2.018074,0.000000,0.000074,False
2018-01-28,2.018077,2.018077,-0.000000,-0.000000,-0.000000,-0.000000,2.018077,0.000000,0.000074,False
2018-01-29,2.018079,2.018079,-0.000000,-0.000000,-0.000000,-0.000000,2.018079,0.000000,0.000074,False
2018-01-30,2.018082,2.018082,-0.000000,-0.000000,-0.000000,-0.000000,2.018082,0.000000,0.000074,False
2018-01-31,2.018085,2.018085,-0.000000,-0.000000,-0.000000,-0.000000,2.018085,0.000000,0.000074,False
2018-02-01,2.018088,2.018088,-0.000000,-0.000000,-0.000000,-0.000000,2.018088,0.000000,0.000073,False
2018-02-02,2.018090,2.018090,-0.000000,-0.000000,-0.000000,-0.000000,2.018090,0.000000,0.000073,False
2018-02-03,2.018093,2.018093,-0.000000,-0.000000,-0.000000,-0.000000,2.018093,0.000000,0.000072,False
2018-02-04,2.018096,2.018096,-0.000000,-0.000000,-0.000000,-0.000000,2.018096,0.000000,0.000071,False
2018-02-05,2.018099,2.018099,-0.000000,-0.000000,-0.000000,-0.000000,2.018098,0.000000,0.000071,False
2018-02-06,2.018101,2.018101,-0.000000,-0.000000,-0.000000,-0.000000,2.018101,0.000000,0.000070,False
2018-02-07,2.018104,2.018104,-0.000000,-0.000000,-0.000000,-0.000000,2.018104,0.000000,0.000069,False
2018-02-08,2.018107,2.018107,-0.000000,-0.000000,-0.000000,-0.000000,2.018107,0.000000,0.000068,False
2018-02-09,2.018110,2.018110,-0.000000,-0.000000,-0.000000,-0.000000,2.018109,0.000000,0.000067,False
2018-02-10,2.018112,2.018112,-0.000000,-0.000000,-0.000000,-0.000000,2.018112,0.000000,0.000065,False
2018-02-11,2.018115,2.018115,0.000000,-0.000000,-0.000000,-0.000000,2.018115,0.000000,0.000064,False
2018-02-12,2.018118,2.018118,0.000000,-0.000000,-0.000000,-0.000000,2.018118,0.000000,0.000063,False
2018-02-13,2.018121,2.018121,0.000000,-0.000000,-0.000000,-0.000000,2.018120,0.000000,0.000062,False
2018-02-14,2.018123,2.018123,0.000000,-0.000000,-0.000000,-0.000000,2.018123,0.000000,0.000060,False
2018-02-15,2.018126,2.018126,0.000000,-0.000000,-0.000000,-0.000000,2.018126,0.000000,0.000059,False
2018-02-16,2.018129,2.018129,0.000000,-0.000000,-0.000000,-0.000000,2.018129,0.000000,0.000058,False
2018-02-17,2.018132,2.018132,0.000000,-0.000000,-0.000000,-0.000000,2.018131,0.000000,0.000056,False
2018-02-18,2.018134,2.018134,0.000000,-0.000000,-0.000000,-0.000000,2.018134,0.000000,0.000055,False
2018-02-19,2.018137,2.018137,0.000000,-0.000000,-0.000000,-0.000000,2.018137,0.000000,0.000054,False
2018-02-20,2.018140,2.018140,0.000000,-0.000000,-0.000000,-0.000000,2.018140,0.000000,0.000053,False
2018-02-21,2.018142,2.018143,0.000000,-0.000000,-0.000000,-0.000000,2.018142,0.000000,0.000052,False
2018-02-22,2.018145,2.018145,0.000000,-0.000000,-0.000000,-0.000000,2.018145,0.000000,0.000050,False
2018-02-23,2.018148,2.018148,0.000000,-0.000000,-0.000000,-0.000000,2.018148,0.000000,0.000049,False
2018-02-24,2.018151,2.018151,0.000000,-0.000000,-0.000000,-0.000000,2.018151,0.000000,0.000043,False
2018-02-25,2.018153,2.018153,0.000000,-0.000000,-0.000000,-0.000000,2.018153,0.000000,0.000042,False
2018-02-26,2.018156,2.018156,0.000000,-0.000000,-0.000000,-0.000000,2.018156,0.000000,0.000041,False
2018-02-27,2.018159,2.018159,0.000000,-0.000000,-0.000000,-0.000000,2.018159,0.000000,0.000041,False
2018-02-28,2.018162,2.018162,0.000000,-0.000000,-0.000000,-0.000000,2.018162,0.000000,0.000040,False
2018-03-01,2.018164,2.018164,0.000000,-0.000000,-0.000000,-0.000000,2.018164,0.000000,0.000039,False
2018-03-02,2.018167,2.018167,0.000000,-0.000000,-0.000000,-0.000000,2.018167,0.000000,0.000039,False
2018-03-03,2.018170,2.018170,0.000000,-0.000000,-0.000000,-0.000000,2.018170,0.000000,0.000038,False
2018-03-04,2.018173,2.018173,0.000000,-0.000000,-0.000000,-0.000000,2.018173,0.000000,0.000038,False
2018-03-05,2.018175,2.018175,0.000000,-0.000000,-0.000000,-0.000000,2.018175,0.000000,0.000037,False
2018-03-06,2.018178,2.018178,0.000000,-0.000000,-0.000000,-0.000000,2.018178,0.000000,0.000037,False
2018-03-07,2.018181,2.018181,0.000000,-0.000000,-0.000000,-0.000000,2.018181,0.000000,0.000037,False
2018-03-08,2.018184,2.018184,0.000000,-0.000000,-0.000000,-0.000000,2.018183,0.000000,0.000037,False
2018-03-09,2.018186,2.018186,0.000000,-0.000000,-0.000000,-0.000000,2.018186,0.000000,0.000037,False
2018-03-10,2.018189,2.018189,0.000000,-0.000000,-0.000000,-0.000000,2.018189,0.000000,0.000037,False
2018-03-11,2.018192,2.018192,0.000000,-0.000000,-0.000000,-0.000000,2.018192,0.000000,0.000037,False
2018-03-12,2.018195,2.018195,0.000000,-0.000000,-0.000000,-0.000000,2.018194,0.000000,0.000038,False
2018-03-13,2.018197,2.018197,0.000000,-0.000000,-0.000000,-0.000000,2.018197,0.000000,0.000038,False
2018-03-14,2.018200,2.018200,0.000000,-0.000000,-0.000000,-0.000000,2.018200,0.000000,0.000038,False
2018-03-15,2.018203,2.018203,0.000000,-0.000000,-0.000000,-0.000000,2.018203,0.000000,0.000039,False
2018-03-16,2.018205,2.018206,0.000000,-0.000000,-0.000000,-0.000000,2.018205,0.000000,0.000039,False
2018-03-17,2.018208,2.018208,0.000000,-0.000000,-0.000000,-0.000000,2.018208,0.000000,0.000040,False
2018-03-18,2.018211,2.018211,0.000000,-0.000000,-0.000000,-0.000000,2.018211,0.000000,0.000041,False
2018-03-19,2.018214,2.018214,0.000000,-0.000000,-0.000000,-0.000000,2.018214,0.000000,0.000041,False
2018-03-20,2.018216,2.018216,0.000000,-0.000000,-0.000000,-0.000000,2.018216,0.000000,0.000042,False
2018-03-21,2.018219,2.018219,0.000000,-0.000000,-0.000000,-0.000000,2.018219,0.000000,0.000043,False
2018-03-22,2.018222,2.018222,0.000000,-0.000000,-0.000000,-0.000000,2.018222,0.000000,0.000044,False
2018-03-23,2.018225,2.018225,0.000000,-0.000000,-0.000000,-0.000000,2.018225,0.000000,0.000044,False
2018-03-24,2.018227,2.018227,0.000000,-0.000000,-0.000000,-0.000000,2.018227,0.000000,0.000045,False
2018-03-25,2.018230,2.018230,0.000000,-0.000000,-0.000000,-0.000000,2.018230,0.000000,0.000046,False
2018-03-26,2.018233,2.018233,0.000000,-0.000000,-0.000000,-0.000000,2.018233,0.000000,0.000047,False
2018-03-27,2.018236,2.018236,0.000000,-0.000000,-0.000000,-0.000000,2.018236,0.000000,0.000048,False
2018-03-28,2.018238,2.018238,-0.000000,-0.000000,-0.000000,-0.000000,2.018238,0.000000,0.000048,False
2018-03-29,2.018241,2.018241,-0.000000,-0.000000,-0.000000,-0.000000,2.018241,0.000000,0.000049,False
2018-03-30,2.018244,2.018244,-0.000000,-0.000000,-0.000000,-0.000000,2.018244,0.000000,0.000050,False
2018-03-31,2.018247,2.018247,-0.000000,-0.000000,-0.000000,-0.000000,2.018246,0.000000,0.000050,False
2018-04-01,2.018249,2.018249,-0.000000,-0.000000,-0.000000,-0.000000,2.018249,0.000000,0.000051,False
2018-04-02,2.018252,2.018252,-0.000000,-0.000000,-0.000000,-0.000000,2.018252,0.000000,0.000046,False
2018-04-03,2.018255,2.018255,-0.000000,-0.000000,-0.000000,-0.000000,2.018255,0.000000,0.000047,False
2018-04-04,2.018258,2.018258,-0.000000,-0.000000,-0.000000,-0.000000,2.018257,0.000000,0.000047,False
2018-04-05,2.018260,2.018260,-0.000000,-0.000000,-0.000000,-0.000000,2.018260,0.000000,0.000047,False
2018-04-06,2.018263,2.018263,-0.000000,-0.000000,-0.000000,-0.000000,2.018263,0.000000,0.000047,False
2018-04-07,2.018266,2.018266,-0.000000,-0.000000,-0.000000,-0.000000,2.018266,0.000000,0.000047,False
2018-04-08,2.018268,2.018269,-0.000000,-0.000000,-0.000000,-0.000000,2.018268,0.000000,0.000047,False
2018-04-09,2.018271,2.018271,-0.000000,-0.000000,-0.000000,-0.000000,2.018271,0.000000,0.000047,False
2018-04-10,2.018274,2.018274,-0.000000,-0.000000,-0.000000,-0.000000,2.018274,0.000000,0.000046,False
2018-04-11,2.018277,2.018277,-0.000000,-0.000000,-0.000000,-0.000000,2.018277,0.000000,0.000046,False
2018-04-12,2.018279,2.018279,-0.000000,-0.000000,-0.000000,-0.000000,2.018279,0.000000,0.000045,False
2018-04-13,2.018282,2.018282,-0.000000,-0.000000,-0.000000,-0.000000,2.018282,0.000000,0.000044,False
2018-04-14,2.018285,2.018285,-0.000000,-0.000000,-0.000000,-0.000000,2.018285,0.000000,0.000043,False
2018-04-15,2.018288,2.018288,-0.000000,-0.000000,0.000000,-0.000000,2.018288,0.000000,0.000042,False
2018-04-16,2.018290,2.018290,-0.000000,-0.000000,0.000000,-0.000000,2.018290,0.000000,0.000041,False
2018-04-17,2.018293,2.018293,-0.000000,-0.000000,0.000000,-0.000000,2.018293,0.000000,0.000040,False
2018-04-18,2.018296,2.018296,-0.000000,-0.000000,0.000000,-0.000000,2.018296,0.000000,0.000038,False
2018-04-19,2.018299,2.018299,-0.000000,0.000000,0.000000,-0.000000,2.018299,0.000000,0.000036,False
2018-04-20,2.018301,2.018301,-0.000000,0.000000,0.000000,-0.000000,2.018301,0.000000,0.000035,False
2018-04-21,2.018304,2.018304,-0.000000,0.000000,0.000000,-0.000000,2.018304,0.000000,0.000033,False
2018-04-22,2.018307,2.018307,-0.000000,0.000000,0.000000,-0.000000,2.018307,0.000000,0.000030,False
2018-04-23,2.018310,2.018310,-0.000000,0.000000,0.000000,-0.000000,2.018310,0.000000,0.000028,False
2018-04-24,2.018312,2.018312,-0.000000,0.000000,0.000000,-0.000000,2.018312,0.000000,0.000026,False
2018-04-25,2.018315,2.018315,-0.000000,0.000000,0.000000,-0.000000,2.018315,0.000000,0.000023,False
2018-04-26,2.018318,2.018318,-0.000000,0.000000,0.000000,-0.000000,2.018318,0.000000,0.000021,False
2018-04-27,2.018321,2.018321,-0.000000,0.000000,0.000000,-0.000000,2.018321,0.000000,0.000018,False
2018-04-28,2.018323,2.018323,-0.000000,0.000000,0.000000,-0.000000,2.018323,0.000000,0.000015,False
2018-04-29,2.018326,2.018326,-0.000000,0.000000,0.000000,-0.000000,2.018326,0.000000,0.000012,False
2018-04-30,2.018329,2.018329,-0.000000,0.000000,0.000000,-0.000000,2.018329,0.000000,0.000009,False
2018-05-01,2.018332,2.018332,-0.000000,0.000000,0.000000,-0.000000,2.018331,0.000000,0.000006,False
2018-05-02,2.018334,2.018334,-0.000000,0.000000,0.000000,-0.000000,2.018334,0.000000,0.000003,False
2018-05-03,2.018337,2.018337,-0.000000,0.000000,0.000000,-0.000000,2.018337,-0.000000,-0.000001,False
2018-05-04,2.018340,2.018340,-0.000000,0.000000,0.000000,-0.000000,2.018340,-0.000000,-0.000004,False
2018-05-05,2.018342,2.018343,-0.000000,0.000000,0.000000,-0.000000,2.018342,-0.000000,-0.000007,False
2018-05-06,2.018345,2.018345,-0.000000,0.000000,0.000000,-0.000000,2.018345,-0.000000,-0.000011,False
2018-05-07,2.018348,2.018348,-0.000000,0.000000,0.000000,-0.000000,2.018348,-0.000000,-0.000014,False
2018-05-08,2.018351,2.018351,-0.000000,0.000000,0.000000,-0.000000,2.018351,-0.000000,-0.000023,False
2018-05-09,2.018353,2.018353,-0.000000,0.000000,0.000000,-0.000000,2.018353,-0.000000,-0.000026,False
2018-05-10,2.018356,2.018356,-0.000000,0.000000,0.000000,-0.000000,2.018356,-0.000000,-0.000030,False
2018-05-11,2.018359,2.018359,-0.000000,0.000000,0.000000,-0.000000,2.018359,-0.000000,-0.000033,False
2018-05-12,2.018362,2.018362,-0.000000,0.000000,0.000000,-0.000000,2.018362,-0.000000,-0.000037,False
2018-05-13,2.018364,2.018364,0.000000,0.000000,0.000000,-0.000000,2.018364,-0.000000,-0.000040,False
2018-05-14,2.018367,2.018367,0.000000,0.000000,0.000000,-0.000000,2.018367,-0.000000,-0.000044,False
2018-05-15,2.018370,2.018370,0.000000,0.000000,0.000000,-0.000000,2.018370,-0.000000,-0.000047,False
2018-05-16,2.018373,2.018373,0.000000,0.000000,0.000000,-0.000000,2.018373,-0.000000,-0.000050,False
2018-05-17,2.018375,2.018375,0.000000,0.000000,0.000000,-0.000000,2.018375,-0.000000,-0.000053,False
2018-05-18,2.018378,2.018378,0.000000,0.000000,0.000000,-0.000000,2.018378,-0.000000,-0.000056,False
2018-05-19,2.018381,2.018381,0.000000,0.000000,0.000000,-0.000000,2.018381,-0.000000,-0.000059,False
2018-05-20,2.018384,2.018384,0.000000,0.000000,0.000000,-0.000000,2.018384,-0.000000,-0.000062,False
2018-05-21,2.018386,2.018386,0.000000,0.000000,0.000000,-0.000000,2.018386,-0.000000,-0.000065,False
2018-05-22,2.018389,2.018389,0.000000,0.000000,0.000000,-0.000000,2.018389,-0.000000,-0.000068,False
2018-05-23,2.018392,2.018392,0.000000,0.000000,0.000000,-0.000000,2.018392,-0.000000,-0.000070,False
2018-05-24,2.018395,2.018395,0.000000,0.000000,0.000000,-0.000000,2.018395,-0.000000,-0.000073,False
2018-05-25,2.018397,2.018397,0.000000,0.000000,0.000000,-0.000000,2.018397,-0.000000,-0.000075,False
2018-05-26,2.018400,2.018400,0.000000,0.000000,0.000000,-0.000000,2.018400,-0.000000,-0.000077,False
2018-05-27,2.018403,2.018403,0.000000,0.000000,0.000000,-0.000000,2.018403,-0.000000,-0.000079,False
2018-05-28,2.018405,2.018406,0.000000,0.000000,0.000000,-0.000000,2.018406,-0.000000,-0.000080,False
2018-05-29,2.018408,2.018408,0.000000,0.000000,0.000000,-0.000000,2.018408,-0.000000,-0.000082,False
2018-05-30,2.018411,2.018411,0.000000,0.000000,0.000000,-0.000000,2.018411,-0.000000,-0.000083,False
2018-05-31,2.018414,2.018414,0.000000,0.000000,0.000000,-0.000000,2.018414,-0.000000,-0.000084,False
2018-06-01,2.018416,2.018416,0.000000,0.000000,0.000000,-0.000000,2.018417,-0.000000,-0.000085,False
2018-06-02,2.018419,2.018419,0.000000,0.000000,0.000000,-0.000000,2.018419,-0.000000,-0.000086,False
2018-06-03,2.018422,2.018422,0.000000,0.000000,0.000000,-0.000000,2.018422,-0.000000,-0.000086,False
2018-06-04,2.018425,2.018425,0.000000,0.000000,0.000000,-0.000000,2.018425,-0.000000,-0.000087,False
2018-06-05,2.018427,2.018427,0.000000,0.000000,0.000000,-0.000000,2.018428,-0.000000,-0.000087,False
2018-06-06,2.018430,2.018430,0.000000,0.000000,0.000000,-0.000000,2.018430,-0.000000,-0.000087,False
2018-06-07,2.018433,2.018433,0.000000,0.000000,0.000000,-0.000000,2.018433,-0.000000,-0.000086,False
2018-06-08,2.018436,2.018436,0.000000,0.000000,0.000000,-0.000000,2.018436,-0.000000,-0.000086,False
2018-06-09,2.018438,2.018438,0.000000,0.000000,0.000000,-0.000000,2.018439,-0.000000,-0.000085,False
2018-06-10,2.018441,2.018441,0.000000,0.000000,0.000000,-0.000000,2.018441,-0.000000,-0.000084,False
2018-06-11,2.018444,2.018444,0.000000,0.000000,0.000000,-0.000000,2.018444,-0.000000,-0.000083,False
2018-06-12,2.018447,2.018447,0.000000,0.000000,0.000000,-0.000000,2.018447,-0.000000,-0.000082,False
2018-06-13,2.018449,2.018449,0.000000,0.000000,0.000000,-0.000000,2.018449,-0.000000,-0.000081,False
2018-06-14,2.018452,2.018452,0.000000,0.000000,0.000000,-0.000000,2.018452,-0.000000,-0.000084,False
2018-06-15,2.018455,2.018455,0.000000,0.000000,0.000000,-0.000000,2.018455,-0.000000,-0.000082,False
2018-06-16,2.018458,2.018458,0.000000,0.000000,0.000000,-0.000000,2.018458,-0.000000,-0.000080,False
2018-06-17,2.018460,2.018460,0.000000,0.000000,0.000000,-0.000000,2.018460,-0.000000,-0.000078,False
2018-06-18,2.018463,2.018463,0.000000,0.000000,0.000000,-0.000000,2.018463,-0.000000,-0.000076,False
2018-06-19,2.018466,2.018466,0.000000,0.000000,0.000000,-0.000000,2.018466,-0.000000,-0.000074,False
2018-06-20,2.018468,2.018469,0.000000,0.000000,0.000000,-0.000000,2.018469,-0.000000,-0.000071,False
2018-06-21,2.018471,2.018471,0.000000,0.000000,0.000000,-0.000000,2.018471,-0.000000,-0.000069,False
2018-06-22,2.018474,2.018474,0.000000,0.000000,0.000000,-0.000000,2.018474,-0.000000,-0.000066,False
2018-06-23,2.018477,2.018477,0.000000,0.000000,0.000000,-0.000000,2.018477,-0.000000,-0.000063,False
2018-06-24,2.018479,2.018479,0.000000,0.000000,0.000000,-0.000000,2.018480,-0.000000,-0.000060,False
2018-06-25,2.018482,2.018482,0.000000,0.000000,0.000000,-0.000000,2.018482,-0.000000,-0.000057,False
2018-06-26,2.018485,2.018485,0.000000,0.000000,0.000000,-0.000000,2.018485,-0.000000,-0.000054,False
2018-06-27,2.018488,2.018488,-0.000000,0.000000,0.000000,-0.000000,2.018488,-0.000000,-0.000051,False
2018-06-28,2.018490,2.018490,-0.000000,0.000000,0.000000,-0.000000,2.018491,-0.000000,-0.000048,False
2018-06-29,2.018493,2.018493,-0.000000,0.000000,0.000000,-0.000000,2.018493,-0.000000,-0.000045,False
2018-06-30,2.018496,2.018496,-0.000000,0.000000,0.000000,-0.000000,2.018496,-0.000000,-0.000042,False
2018-07-01,2.018499,2.018499,-0.000000,0.000000,0.000000,-0.000000,2.018499,-0.000000,-0.000039,False
2018-07-02,2.018501,2.018501,-0.000000,0.000000,0.000000,-0.000000,2.018501,-0.000000,-0.000036,False
2018-07-03,2.018504,2.018504,-0.000000,0.000000,0.000000,-0.000000,2.018504,-0.000000,-0.000032,False
2018-07-04,2.018507,2.018507,-0.000000,0.000000,0.000000,-0.000000,2.018507,-0.000000,-0.000029,False
2018-07-05,2.018510,2.018510,-0.000000,0.000000,0.000000,-0.000000,2.018510,-0.000000,-0.000026,False
2018-07-06,2.018512,2.018512,-0.000000,0.000000,0.000000,-0.000000,2.018512,-0.000000,-0.000023,False
2018-07-07,2.018515,2.018515,-0.000000,0.000000,0.000000,-0.000000,2.018515,-0.000000,-0.000020,False
2018-07-08,2.018518,2.018518,-0.000000,0.000000,0.000000,-0.000000,2.018518,-0.000000,-0.000017,False
2018-07-09,2.018521,2.018521,-0.000000,0.000000,0.000000,-0.000000,2.018521,-0.000000,-0.000014,False
2018-07-10,2.018523,2.018523,-0.000000,0.000000,0.000000,-0.000000,2.018523,-0.000000,-0.000011,False
2018-07-11,2.018526,2.018526,-0.000000,0.000000,0.000000,-0.000000,2.018526,-0.000000,-0.000009,False
2018-07-12,2.018529,2.018529,-0.000000,0.000000,0.000000,-0.000000,2.018529,-0.000000,-0.000006,False
2018-07-13,2.018532,2.018532,-0.000000,0.000000,0.000000,-0.000000,2.018532,-0.000000,-0.000004,False
2018-07-14,2.018534,2.018534,-0.000000,0.000000,0.000000,-0.000000,2.018534,-0.000000,-0.000001,False
2018-07-15,2.018537,2.018537,-0.000000,0.000000,0.000000,-0.000000,2.018537,0.000000,0.000001,False
2018-07-16,2.018540,2.018540,-0.000000,0.000000,0.000000,-0.000000,2.018540,0.000000,0.000003,False
2018-07-17,2.018542,2.018543,-0.000000,0.000000,0.000000,-0.000000,2.018542,0.000000,0.000005,False
2018-07-18,2.018545,2.018545,-0.000000,0.000000,0.000000,-0.000000,2.018545,0.000000,0.000007,False
2018-07-19,2.018548,2.018548,-0.000000,0.000000,0.000000,-0.000000,2.018548,0.000000,0.000009,False
2018-07-20,2.018551,2.018551,-0.000000,-0.000000,0.000000,-0.000000,2.018551,0.000000,0.000005,False
2018-07-21,2.018553,2.018553,-0.000000,-0.000000,0.000000,-0.000000,2.018553,0.000000,0.000007,False
2018-07-22,2.018556,2.018556,-0.000000,-0.000000,0.000000,-0.000000,2.018556,0.000000,0.000008,False
2018-07-23,2.018559,2.018559,-0.000000,-0.000000,0.000000,-0.000000,2.018559,0.000000,0.000009,False
2018-07-24,2.018562,2.018562,-0.000000,-0.000000,0.000000,-0.000000,2.018562,0.000000,0.000010,False
2018-07-25,2.018564,2.018564,-0.000000,-0.000000,0.000000,-0.000000,2.018564,0.000000,0.000011,False
2018-07-26,2.018567,2.018567,-0.000000,-0.000000,0.000000,-0.000000,2.018567,0.000000,0.000012,False
2018-07-27,2.018570,2.018570,-0.000000,-0.000000,0.000000,-0.000000,2.018570,0.000000,0.000013,False
2018-07-28,2.018573,2.018573,-0.000000,-0.000000,0.000000,-0.000000,2.018573,0.000000,0.000013,False
2018-07-29,2.018575,2.018575,-0.000000,-0.000000,0.000000,-0.000000,2.018575,0.000000,0.000014,False
2018-07-30,2.018578,2.018578,-0.000000,-0.000000,0.000000,-0.000000,2.018578,0.000000,0.000014,False
2018-07-31,2.018581,2.018581,-0.000000,-0.000000,0.000000,-0.000000,2.018581,0.000000,0.000014,False
2018-08-01,2.018584,2.018584,-0.000000,-0.000000,0.000000,-0.000000,2.018584,0.000000,0.000014,False
2018-08-02,2.018586,2.018586,-0.000000,-0.000000,0.000000,-0.000000,2.018586,0.000000,0.000014,False
2018-08-03,2.018589,2.018589,-0.000000,-0.000000,0.000000,-0.000000,2.018589,0.000000,0.000014,False
2018-08-04,2.018592,2.018592,-0.000000,-0.000000,0.000000,-0.000000,2.018592,0.000000,0.000013,False
2018-08-05,2.018595,2.018595,-0.000000,-0.000000,0.000000,-0.000000,2.018594,0.000000,0.000013,False
2018-08-06,2.018597,2.018597,-0.000000,-0.000000,0.000000,-0.000000,2.018597,0.000000,0.000013,False
2018-08-07,2.018600,2.018600,-0.000000,-0.000000,0.000000,-0.000000,2.018600,0.000000,0.000012,False
2018-08-08,2.018603,2.018603,-0.000000,-0.000000,0.000000,-0.000000,2.018603,0.000000,0.000011,False
2018-08-09,2.018605,2.018606,-0.000000,-0.000000,0.000000,-0.000000,2.018605,0.000000,0.000011,False
2018-08-10,2.018608,2.018608,-0.000000,-0.000000,0.000000,-0.000000,2.018608,0.000000,0.000010,False
2018-08-11,2.018611,2.018611,-0.000000,-0.000000,0.000000,-0.000000,2.018611,0.000000,0.000009,False
2018-08-12,2.018614,2.018614,0.000000,-0.000000,0.000000,-0.000000,2.018614,0.000000,0.000008,False
2018-08-13,2.018616,2.018616,0.000000,-0.000000,0.000000,-0.000000,2.018616,0.000000,0.000008,False
2018-08-14,2.018619,2.018619,0.000000,-0.000000,0.000000,-0.000000,2.018619,0.000000,0.000007,False
2018-08-15,2.018622,2.018622,0.000000,-0.000000,0.000000,-0.000000,2.018622,0.000000,0.000006,False
2018-08-16,2.018625,2.018625,0.000000,-0.000000,0.000000,-0.000000,2.018625,0.000000,0.000005,False
2018-08-17,2.018627,2.018627,0.000000,-0.000000,0.000000,-0.000000,2.018627,0.000000,0.000004,False
2018-08-18,2.018630,2.018630,0.000000,-0.000000,0.000000,-0.000000,2.018630,0.000000,0.000003,False
2018-08-19,2.018633,2.018633,0.000000,-0.000000,0.000000,-0.000000,2.018633,0.000000,0.000003,False
2018-08-20,2.018636,2.018636,0.000000,-0.000000,0.000000,-0.000000,2.018636,0.000000,0.000002,False
2018-08-21,2.018638,2.018638,0.000000,-0.000000,0.000000,-0.000000,2.018638,0.000000,0.000001,False
2018-08-22,2.018641,2.018641,0.000000,-0.000000,0.000000,-0.000000,2.018641,0.000000,0.000000,False
2018-08-23,2.018644,2.018644,0.000000,-0.000000,0.000000,-0.000000,2.018644,-0.000000,-0.000000,False
2018-08-24,2.018647,2.018647,0.000000,-0.000000,0.000000,-0.000000,2.018647,-0.000000,-0.000001,False
2018-08-25,2.018649,2.018649,0.000000,-0.000000,0.000000,-0.000000,2.018649,-0.000000,-0.000001,False
2018-08-26,2.018652,2.018652,0.000000,-0.000000,0.000000,-0.000000,2.018652,-0.000000,-0.000007,False
2018-08-27,2.018655,2.018655,0.000000,-0.000000,0.000000,-0.000000,2.018655,-0.000000,-0.000007,False
2018-08-28,2.018658,2.018658,0.000000,-0.000000,0.000000,-0.000000,2.018658,-0.000000,-0.000007,False
2018-08-29,2.018660,2.018660,0.000000,-0.000000,0.000000,-0.000000,2.018660,-0.000000,-0.000007,False
2018-08-30,2.018663,2.018663,0.000000,-0.000000,0.000000,-0.000000,2.018663,-0.000000,-0.000007,False
2018-08-31,2.018666,2.018666,0.000000,-0.000000,0.000000,-0.000000,2.018666,-0.000000,-0.000007,False
2018-09-01,2.018668,2.018669,0.000000,-0.000000,0.000000,-0.000000,2.018669,-0.000000,-0.000007,False
2018-09-02,2.018671,2.018671,0.000000,-0.000000,0.000000,-0.000000,2.018671,-0.000000,-0.000007,False
2018-09-03,2.018674,2.018674,0.000000,-0.000000,0.000000,-0.000000,2.018674,-0.000000,-0.000007,False
2018-09-04,2.018677,2.018677,0.000000,-0.000000,0.000000,-0.000000,2.018677,-0.000000,-0.000006,False
2018-09-05,2.018679,2.018679,0.000000,-0.000000,0.000000,-0.000000,2.018679,-0.000000,-0.000006,False
2018-09-06,2.018682,2.018682,0.000000,-0.000000,0.000000,-0.000000,2.018682,-0.000000,-0.000005,False
2018-09-07,2.018685,2.018685,0.000000,-0.000000,0.000000,-0.000000,2.018685,-0.000000,-0.000004,False
2018-09-08,2.018688,2.018688,0.000000,-0.000000,0.000000,-0.000000,2.018688,-0.000000,-0.000004,False
2018-09-09,2.018690,2.018690,0.000000,-0.000000,0.000000,-0.000000,2.018690,-0.000000,-0.000003,False
2018-09-10,2.018693,2.018693,0.000000,-0.000000,0.000000,-0.000000,2.018693,-0.000000,-0.000002,False
2018-09-11,2.018696,2.018696,0.000000,-0.000000,0.000000,-0.000000,2.018696,-0.000000,-0.000000,False
2018-09-12,2.018699,2.018699,0.000000,-0.000000,0.000000,-0.000000,2.018699,0.000000,0.000001,False
2018-09-13,2.018701,2.018701,0.000000,-0.000000,0.000000,-0.000000,2.018701,0.000000,0.000002,False
2018-09-14,2.018704,2.018704,0.000000,-0.000000,0.000000,-0.000000,2.018704,0.000000,0.000003,False
2018-09-15,2.018707,2.018707,0.000000,-0.000000,0.000000,-0.000000,2.018707,0.000000,0.000005,False
2018-09-16,2.018710,2.018710,0.000000,-0.000000,0.000000,-0.000000,2.018710,0.000000,0.000006,False
2018-09-17,2.018712,2.018712,0.000000,-0.000000,0.000000,-0.000000,2.018712,0.000000,0.000008,False
2018-09-18,2.018715,2.018715,0.000000,-0.000000,0.000000,-0.000000,2.018715,0.000000,0.000009,False
2018-09-19,2.018718,2.018718,0.000000,-0.000000,0.000000,-0.000000,2.018718,0.000000,0.000011,False
2018-09-20,2.018721,2.018721,0.000000,-0.000000,0.000000,-0.000000,2.018721,0.000000,0.000013,False
2018-09-21,2.018723,2.018723,0.000000,-0.000000,0.000000,-0.000000,2.018723,0.000000,0.000014,False
2018-09-22,2.018726,2.018726,0.000000,-0.000000,0.000000,-0.000000,2.018726,0.000000,0.000016,False
2018-09-23,2.018729,2.018729,0.000000,-0.000000,0.000000,-0.000000,2.018729,0.000000,0.000018,False
2018-09-24,2.018732,2.018732,0.000000,-0.000000,0.000000,-0.000000,2.018731,0.000000,0.000019,False
2018-09-25,2.018734,2.018734,0.000000,-0.000000,0.000000,-0.000000,2.018734,0.000000,0.000021,False
2018-09-26,2.018737,2.018737,0.000000,-0.000000,0.000000,-0.000000,2.018737,0.000000,0.000022,False
2018-09-27,2.018740,2.018740,-0.000000,-0.000000,0.000000,-0.000000,2.018740,0.000000,0.000024,False
2018-09-28,2.018742,2.018743,-0.000000,-0.000000,0.000000,-0.000000,2.018742,0.000000,0.000026,False
2018-09-29,2.018745,2.018745,-0.000000,-0.000000,0.000000,-0.000000,2.018745,0.000000,0.000027,False
2018-09-30,2.018748,2.018748,-0.000000,-0.000000,0.000000,-0.000000,2.018748,0.000000,0.000029,False
2018-10-01,2.018751,2.018751,-0.000000,-0.000000,0.000000,-0.000000,2.018751,0.000000,0.000025,False
2018-10-02,2.018753,2.018753,-0.000000,-0.000000,0.000000,-0.000000,2.018753,0.000000,0.000026,False
2018-10-03,2.018756,2.018756,-0.000000,-0.000000,0.000000,-0.000000,2.018756,0.000000,0.000028,False
2018-10-04,2.018759,2.018759,-0.000000,-0.000000,0.000000,-0.000000,2.018759,0.000000,0.000029,False
2018-10-05,2.018762,2.018762,-0.000000,-0.000000,0.000000,-0.000000,2.018762,0.000000,0.000030,False
2018-10-06,2.018764,2.018764,-0.000000,-0.000000,0.000000,-0.000000,2.018764,0.000000,0.000031,False
2018-10-07,2.018767,2.018767,-0.000000,-0.000000,0.000000,-0.000000,2.018767,0.000000,0.000032,False
2018-10-08,2.018770,2.018770,-0.000000,-0.000000,0.000000,-0.000000,2.018770,0.000000,0.000032,False
2018-10-09,2.018773,2.018773,-0.000000,-0.000000,0.000000,-0.000000,2.018773,0.000000,0.000033,False
2018-10-10,2.018775,2.018775,-0.000000,-0.000000,0.000000,-0.000000,2.018775,0.000000,0.000034,False
2018-10-11,2.018778,2.018778,-0.000000,-0.000000,0.000000,-0.000000,2.018778,0.000000,0.000034,False
2018-10-12,2.018781,2.018781,-0.000000,-0.000000,0.000000,-0.000000,2.018781,0.000000,0.000034,False
2018-10-13,2.018784,2.018784,-0.000000,-0.000000,0.000000,-0.000000,2.018783,0.000000,0.000034,False
2018-10-14,2.018786,2.018786,-0.000000,-0.000000,-0.000000,-0.000000,2.018786,0.000000,0.000034,False
2018-10-15,2.018789,2.018789,-0.000000,-0.000000,-0.000000,-0.000000,2.018789,0.000000,0.000033,False
2018-10-16,2.018792,2.018792,-0.000000,-0.000000,-0.000000,-0.000000,2.018792,0.000000,0.000033,False
2018-10-17,2.018795,2.018795,-0.000000,-0.000000,-0.000000,-0.000000,2.018794,0.000000,0.000032,False
2018-10-18,2.018795,2.018797,-0.000000,-0.000000,-0.000000,-0.000000,2.018797,-0.000003,-0.001339,False
2018-10-19,2.018795,2.018800,-0.000000,0.000000,-0.000000,-0.000000,2.018800,-0.000005,-0.002709,False
2018-10-20,2.018795,2.018803,-0.000000,0.000000,-0.000000,-0.000000,2.018803,-0.000008,-0.004080,False
2018-10-21,2.018795,2.018806,-0.000000,0.000000,-0.000000,-0.000000,2.018805,-0.000011,-0.005451,False
2018-10-22,2.018795,2.018808,-0.000000,0.000000,-0.000000,-0.000000,2.018808,-0.000014,-0.006823,False
2018-10-23,2.018795,2.018811,-0.000000,0.000000,-0.000000,-0.000000,2.018811,-0.000016,-0.008194,False
2018-10-24,2.018795,2.018814,-0.000000,0.000000,-0.000000,-0.000000,2.018814,-0.000019,-0.009565,False
2018-10-25,,2.018816,-0.000000,0.000000,-0.000000,-0.000000,2.018816,,,False
2018-10-26,,2.018819,-0.000000,0.000000,-0.000000,-0.000000,2.018819,,,False
2018-10-27,,2.018822,-0.000000,0.000000,-0.000000,-0.000000,2.018822,,,False
2018-10-28,,2.018825,-0.000000,0.000000,-0.000000,-0.000000,2.018825,,,False
2018-10-29,,2.018827,-0.000000,0.000000,-0.000000,-0.000000,2.018827,,,False
2018-10-30,,2.018830,-0.000000,0.000000,-0.000000,-0.000000,2.018830,,,False
2018-10-31,,2.018833,-0.000000,0.000000,-0.000000,-0.000000,2.018833,,,False
2018-11-01,,2.018836,-0.000000,0.000000,-0.000000,-0.000000,2.018836,,,False
2018-11-02,,2.018838,-0.000000,0.000000,-0.000000,-0.000000,2.018838,,,False
2018-11-03,,2.018841,-0.000000,0.000000,-0.000000,-0.000000,2.018841,,,False
2018-11-04,,2.018844,-0.000000,0.000000,-0.000000,-0.000000,2.018844,,,False
2018-11-05,,2.018847,-0.000000,0.000000,-0.000000,-0.000000,2.018847,,,False
2018-11-06,,2.018849,-0.000000,0.000000,-0.000000,-0.000000,2.018849,,,False
2018-11-07,,2.018852,-0.000000,0.000000,-0.000000,-0.000000,2.018852,,,False
2018-11-08,,2.018855,-0.000000,0.000000,-0.000000,-0.000000,2.018855,,,False
2018-11-09,,2.018858,-0.000000,0.000000,-0.000000,-0.000000,2.018858,,,False
2018-11-10,,2.018860,-0.000000,0.000000,-0.000000,-0.000000,2.018860,,,False
2018-11-11,,2.018863,0.000000,0.000000,-0.000000,-0.000000,2.018863,,,False
2018-11-12,2.018885,2.018866,0.000000,0.000000,-0.000000,-0.000000,2.018866,0.000019,0.009566,False
2018-11-13,2.018885,2.018869,0.000000,0.000000,-0.000000,-0.000000,2.018869,0.000016,0.008193,False
2018-11-14,2.018885,2.018871,0.000000,0.000000,-0.000000,-0.000000,2.018871,0.000014,0.006821,False
2018-11-15,2.018885,2.018874,0.000000,0.000000,-0.000000,-0.000000,2.018874,0.000011,0.005448,False
2018-11-16,2.018885,2.018877,0.000000,0.000000,-0.000000,-0.000000,2.018877,0.000008,0.004076,False
2018-11-17,2.018885,2.018879,0.000000,0.000000,-0.000000,-0.000000,2.018880,0.000005,0.002704,False
2018-11-18,2.018885,2.018882,0.000000,0.000000,-0.000000,-0.000000,2.018882,0.000003,0.001332,False
2018-11-19,2.018885,2.018885,0.000000,0.000000,-0.000000,-0.000000,2.018885,-0.000000,-0.000040,False
2018-11-20,2.018888,2.018888,0.000000,0.000000,-0.000000,-0.000000,2.018888,-0.000000,-0.000042,False
2018-11-21,2.018890,2.018890,0.000000,0.000000,-0.000000,-0.000000,2.018890,-0.000000,-0.000044,False
2018-11-22,2.018893,2.018893,0.000000,0.000000,-0.000000,-0.000000,2.018893,-0.000000,-0.000046,False
2018-11-23,2.018896,2.018896,0.000000,0.000000,-0.000000,-0.000000,2.018896,-0.000000,-0.000047,False
2018-11-24,2.018899,2.018899,0.000000,0.000000,-0.000000,-0.000000,2.018899,-0.000000,-0.000049,False
2018-11-25,2.018901,2.018901,0.000000,0.000000,-0.000000,-0.000000,2.018901,-0.000000,-0.000050,False
2018-11-26,2.018904,2.018904,0.000000,0.000000,-0.000000,-0.000000,2.018904,-0.000000,-0.000051,False
2018-11-27,2.018907,2.018907,0.000000,0.000000,-0.000000,-0.000000,2.018907,-0.000000,-0.000052,False
2018-11-28,2.018910,2.018910,0.000000,0.000000,-0.000000,-0.000000,2.018910,-0.000000,-0.000053,False
2018-11-29,2.018912,2.018912,0.000000,0.000000,-0.000000,-0.000000,2.018912,-0.000000,-0.000053,False
2018-11-30,2.018915,2.018915,0.000000,0.000000,-0.000000,-0.000000,2.018915,-0.000000,-0.000054,False
2018-12-01,2.018918,2.018918,0.000000,0.000000,-0.000000,-0.000000,2.018918,-0.000000,-0.000054,False
2018-12-02,2.018921,2.018921,0.000000,0.000000,-0.000000,-0.000000,2.018921,-0.000000,-0.000054,False
2018-12-03,2.018923,2.018923,0.000000,0.000000,-0.000000,-0.000000,2.018923,-0.000000,-0.000054,False
2018-12-04,2.018926,2.018926,0.000000,0.000000,-0.000000,-0.000000,2.018926,-0.000000,-0.000053,False
2018-12-05,2.018929,2.018929,0.000000,0.000000,-0.000000,-0.000000,2.018929,-0.000000,-0.000053,False
2018-12-06,2.018932,2.018932,0.000000,0.000000,-0.000000,-0.000000,2.018932,-0.000000,-0.000052,False
2018-12-07,2.018934,2.018934,0.000000,0.000000,-0.000000,-0.000000,2.018934,-0.000000,-0.000051,False
2018-12-08,2.018937,2.018937,0.000000,0.000000,-0.000000,-0.000000,2.018937,-0.000000,-0.000050,False
2018-12-09,2.018940,2.018940,0.000000,0.000000,-0.000000,-0.000000,2.018940,-0.000000,-0.000049,False
2018-12-10,2.018942,2.018943,0.000000,0.000000,-0.000000,-0.000000,2.018943,-0.000000,-0.000047,False
2018-12-11,2.018945,2.018945,0.000000,0.000000,-0.000000,-0.000000,2.018945,-0.000000,-0.000045,False
2018-12-12,2.018948,2.018948,0.000000,0.000000,-0.000000,-0.000000,2.018948,-0.000000,-0.000044,False
2018-12-13,2.018951,2.018951,0.000000,0.000000,-0.000000,-0.000000,2.018951,-0.000000,-0.000047,False
2018-12-14,2.018953,2.018953,0.000000,0.000000,-0.000000,-0.000000,2.018954,-0.000000,-0.000045,False
2018-12-15,2.018956,2.018956,0.000000,0.000000,-0.000000,-0.000000,2.018956,-0.000000,-0.000042,False
2018-12-16,2.018959,2.018959,0.000000,0.000000,-0.000000,-0.000000,2.018959,-0.000000,-0.000040,False
2018-12-17,2.018962,2.018962,0.000000,0.000000,-0.000000,-0.000000,2.018962,-0.000000,-0.000037,False
2018-12-18,2.018964,2.018964,0.000000,0.000000,-0.000000,-0.000000,2.018964,-0.000000,-0.000035,False
2018-12-19,2.018967,2.018967,0.000000,0.000000,-0.000000,-0.000000,2.018967,-0.000000,-0.000032,False
2018-12-20,2.018970,2.018970,0.000000,0.000000,-0.000000,-0.000000,2.018970,-0.000000,-0.000029,False
2018-12-21,2.018973,2.018973,0.000000,0.000000,-0.000000,-0.000000,2.018973,-0.000000,-0.000026,False
2018-12-22,2.018975,2.018975,0.000000,0.000000,-0.000000,-0.000000,2.018975,-0.000000,-0.000023,False
2018-12-23,2.018978,2.018978,0.000000,0.000000,-0.000000,-0.000000,2.018978,-0.000000,-0.000020,False
2018-12-24,2.018981,2.018981,0.000000,0.000000,-0.000000,-0.000000,2.018981,-0.000000,-0.000017,False
2018-12-25,2.018984,2.018984,0.000000,0.000000,-0.000000,-0.000000,2.018984,-0.000000,-0.000013,False
2018-12-26,2.018986,2.018986,0.000000,0.000000,-0.000000,-0.000000,2.018986,-0.000000,-0.000010,False
2018-12-27,2.018989,2.018989,-0.000000,0.000000,-0.000000,-0.000000,2.018989,-0.000000,-0.000007,False
2018-12-28,2.018992,2.018992,-0.000000,0.000000,-0.000000,-0.000000,2.018992,-0.000000,-0.000003,False
2018-12-29,2.018995,2.018995,-0.000000,0.000000,-0.000000,-0.000000,2.018995,0.000000,0.000000,False
2018-12-30,2.018997,2.018997,-0.000000,0.000000,-0.000000,-0.000000,2.018997,0.000000,0.000004,False
2018-12-31,2.019000,2.019000,-0.000000,0.000000,-0.000000,-0.000000,2.019000,0.000000,0.000007,False
2019-01-01,2.019003,2.019003,-0.000000,0.000000,-0.000000,-0.000000,2.019003,0.000000,0.000010,False
2019-01-02,2.019005,2.019006,-0.000000,0.000000,-0.000000,-0.000000,2.019005,0.000000,0.000013,False
2019-01-03,2.019008,2.019008,-0.000000,0.000000,-0.000000,-0.000000,2.019008,0.000000,0.000017,False
2019-01-04,2.019011,2.019011,-0.000000,0.000000,-0.000000,-0.000000,2.019011,0.000000,0.000020,False
2019-01-05,2.019014,2.019014,-0.000000,0.000000,-0.000000,-0.000000,2.019014,0.000000,0.000023,False
2019-01-06,2.019016,2.019016,-0.000000,0.000000,-0.000000,-0.000000,2.019016,0.000000,0.000026,False
2019-01-07,2.019019,2.019019,-0.000000,0.000000,-0.000000,-0.000000,2.019019,0.000000,0.000029,False
2019-01-08,2.019022,2.019022,-0.000000,0.000000,-0.000000,-0.000000,2.019022,0.000000,0.000032,False
2019-01-09,2.019025,2.019025,-0.000000,0.000000,-0.000000,-0.000000,2.019025,0.000000,0.000035,False
2019-01-10,2.019027,2.019027,-0.000000,0.000000,-0.000000,-0.000000,2.019027,0.000000,0.000037,False
2019-01-11,2.019030,2.019030,-0.000000,0.000000,-0.000000,-0.000000,2.019030,0.000000,0.000040,False
2019-01-12,2.019033,2.019033,-0.000000,0.000000,-0.000000,-0.000000,2.019033,0.000000,0.000042,False
2019-01-13,2.019036,2.019036,-0.000000,0.000000,-0.000000,-0.000000,2.019036,0.000000,0.000044,False
2019-01-14,2.019038,2.019038,-0.000000,0.000000,-0.000000,-0.000000,2.019038,0.000000,0.000047,False
2019-01-15,2.019041,2.019041,-0.000000,0.000000,-0.000000,-0.000000,2.019041,0.000000,0.000049,False
2019-01-16,2.019044,2.019044,-0.000000,0.000000,-0.000000,-0.000000,2.019044,0.000000,0.000050,False
2019-01-17,2.019047,2.019047,-0.000000,0.000000,-0.000000,-0.000000,2.019046,0.000000,0.000052,False
2019-01-18,2.019049,2.019049,-0.000000,-0.000000,-0.000000,-0.000000,2.019049,0.000000,0.000054,False
2019-01-19,2.019052,2.019052,-0.000000,-0.000000,-0.000000,-0.000000,2.019052,0.000000,0.000050,False
2019-01-20,2.019055,2.019055,-0.000000,-0.000000,-0.000000,-0.000000,2.019055,0.000000,0.000051,False
2019-01-21,2.019058,2.019058,-0.000000,-0.000000,-0.000000,-0.000000,2.019057,0.000000,0.000052,False
2019-01-22,2.019060,2.019060,-0.000000,-0.000000,-0.000000,-0.000000,2.019060,0.000000,0.000053,False
2019-01-23,2.019063,2.019063,-0.000000,-0.000000,-0.000000,-0.000000,2.019063,0.000000,0.000054,False
2019-01-24,2.019066,2.019066,-0.000000,-0.000000,-0.000000,-0.000000,2.019066,0.000000,0.000055,False
2019-01-25,2.019068,2.019069,-0.000000,-0.000000,-0.000000,-0.000000,2.019068,0.000000,0.000055,False
2019-01-26,2.019071,2.019071,-0.000000,-0.000000,-0.000000,-0.000000,2.019071,0.000000,0.000055,False
2019-01-27,2.019074,2.019074,-0.000000,-0.000000,-0.000000,-0.000000,2.019074,0.000000,0.000056,False
2019-01-28,2.019077,2.019077,-0.000000,-0.000000,-0.000000,-0.000000,2.019077,0.000000,0.000056,False
2019-01-29,2.019079,2.019079,-0.000000,-0.000000,-0.000000,-0.000000,2.019079,0.000000,0.000055,False
2019-01-30,2.019082,2.019082,-0.000000,-0.000000,-0.000000,-0.000000,2.019082,0.000000,0.000055,False
2019-01-31,2.019085,2.019085,-0.000000,-0.000000,-0.000000,-0.000000,2.019085,0.000000,0.000055,False
2019-02-01,2.019088,2.019088,-0.000000,-0.000000,-0.000000,-0.000000,2.019088,0.000000,0.000054,False
2019-02-02,2.019090,2.019090,-0.000000,-0.000000,-0.000000,-0.000000,2.019090,0.000000,0.000054,False
2019-02-03,2.019093,2.019093,-0.000000,-0.000000,-0.000000,-0.000000,2.019093,0.000000,0.000053,False
2019-02-04,2.019096,2.019096,-0.000000,-0.000000,-0.000000,-0.000000,2.019096,0.000000,0.000052,False
2019-02-05,2.019099,2.019099,-0.000000,-0.000000,-0.000000,-0.000000,2.019099,0.000000,0.000051,False
2019-02-06,2.019101,2.019101,-0.000000,-0.000000,-0.000000,-0.000000,2.019101,0.000000,0.000050,False
2019-02-07,2.019104,2.019104,-0.000000,-0.000000,-0.000000,-0.000000,2.019104,0.000000,0.000049,False
2019-02-08,2.019107,2.019107,-0.000000,-0.000000,-0.000000,-0.000000,2.019107,0.000000,0.000048,False
2019-02-09,2.019110,2.019110,-0.000000,-0.000000,-0.000000,-0.000000,2.019109,0.000000,0.000046,False
2019-02-10,2.019112,2.019112,-0.000000,-0.000000,-0.000000,-0.000000,2.019112,0.000000,0.000045,False
2019-02-11,2.019115,2.019115,0.000000,-0.000000,-0.000000,-0.000000,2.019115,0.000000,0.000044,False
2019-02-12,2.019118,2.019118,0.000000,-0.000000,-0.000000,-0.000000,2.019118,0.000000,0.000042,False
2019-02-13,2.019121,2.019121,0.000000,-0.000000,-0.000000,-0.000000,2.019120,0.000000,0.000041,False
2019-02-14,2.019123,2.019123,0.000000,-0.000000,-0.000000,-0.000000,2.019123,0.000000,0.000039,False
2019-02-15,2.019126,2.019126,0.000000,-0.000000,-0.000000,-0.000000,2.019126,0.000000,0.000038,False
2019-02-16,2.019129,2.019129,0.000000,-0.000000,-0.000000,-0.000000,2.019129,0.000000,0.000036,False
2019-02-17,2.019132,2.019132,0.000000,-0.000000,-0.000000,-0.000000,2.019131,0.000000,0.000035,False
2019-02-18,2.019134,2.019134,0.000000,-0.000000,-0.000000,-0.000000,2.019134,0.000000,0.000034,False
2019-02-19,2.019137,2.019137,0.000000,-0.000000,-0.000000,-0.000000,2.019137,0.000000,0.000032,False
2019-02-20,2.019140,2.019140,0.000000,-0.000000,-0.000000,-0.000000,2.019140,0.000000,0.000031,False
2019-02-21,2.019142,2.019143,0.000000,-0.000000,-0.000000,-0.000000,2.019142,0.000000,0.000030,False
2019-02-22,2.019145,2.019145,0.000000,-0.000000,-0.000000,-0.000000,2.019145,0.000000,0.000028,False
2019-02-23,2.019148,2.019148,0.000000,-0.000000,-0.000000,-0.000000,2.019148,0.000000,0.000027,False
2019-02-24,2.019151,2.019151,0.000000,-0.000000,-0.000000,-0.000000,2.019151,0.000000,0.000021,False
2019-02-25,2.019153,2.019153,0.000000,-0.000000,-0.000000,-0.000000,2.019153,0.000000,0.000020,False
2019-02-26,2.019156,2.019156,0.000000,-0.000000,-0.000000,-0.000000,2.019156,0.000000,0.000019,False
2019-02-27,2.019159,2.019159,0.000000,-0.000000,-0.000000,-0.000000,2.019159,0.000000,0.000018,False
2019-02-28,2.019162,2.019162,0.000000,-0.000000,-0.000000,-0.000000,2.019162,0.000000,0.000017,False
2019-03-01,2.019164,2.019164,0.000000,-0.000000,-0.000000,-0.000000,2.019164,0.000000,0.000016,False
2019-03-02,2.019167,2.019167,0.000000,-0.000000,-0.000000,-0.000000,2.019167,0.000000,0.000015,False
2019-03-03,2.019170,2.019170,0.000000,-0.000000,-0.000000,-0.000000,2.019170,0.000000,0.000015,False
2019-03-04,2.019173,2.019173,0.000000,-0.000000,-0.000000,-0.000000,2.019173,0.000000,0.000014,False
2019-03-05,2.019175,2.019175,0.000000,-0.000000,-0.000000,-0.000000,2.019175,0.000000,0.000014,False
2019-03-06,2.019178,2.019178,0.000000,-0.000000,-0.000000,-0.000000,2.019178,0.000000,0.000013,False
2019-03-07,2.019181,2.019181,0.000000,-0.000000,-0.000000,-0.000000,2.019181,0.000000,0.000013,False
2019-03-08,2.019184,2.019184,0.000000,-0.000000,-0.000000,-0.000000,2.019184,0.000000,0.000013,False
2019-03-09,2.019186,2.019186,0.000000,-0.000000,-0.000000,-0.000000,2.019186,0.000000,0.000013,False
2019-03-10,2.019189,2.019189,0.000000,-0.000000,-0.000000,-0.000000,2.019189,0.000000,0.000013,False
2019-03-11,2.019192,2.019192,0.000000,-0.000000,-0.000000,-0.000000,2.019192,0.000000,0.000013,False
2019-03-12,2.019195,2.019195,0.000000,-0.000000,-0.000000,-0.000000,2.019194,0.000000,0.000013,False
2019-03-13,2.019197,2.019197,0.000000,-0.000000,-0.000000,-0.000000,2.019197,0.000000,0.000013,False
2019-03-14,2.019200,2.019200,0.000000,-0.000000,-0.000000,-0.000000,2.019200,0.000000,0.000013,False
2019-03-15,2.019203,2.019203,0.000000,-0.000000,-0.000000,-0.000000,2.019203,0.000000,0.000014,False
2019-03-16,2.019205,2.019206,0.000000,-0.000000,-0.000000,-0.000000,2.019205,0.000000,0.000014,False
2019-03-17,2.019208,2.019208,0.000000,-0.000000,-0.000000,-0.000000,2.019208,0.000000,0.000015,False
2019-03-18,2.019211,2.019211,0.000000,-0.000000,-0.000000,-0.000000,2.019211,0.000000,0.000015,False
2019-03-19,2.019214,2.019214,0.000000,-0.000000,-0.000000,-0.000000,2.019214,0.000000,0.000016,False
2019-03-20,2.019216,2.019216,0.000000,-0.000000,-0.000000,-0.000000,2.019216,0.000000,0.000016,False
2019-03-21,2.019219,2.019219,0.000000,-0.000000,-0.000000,-0.000000,2.019219,0.000000,0.000017,False
2019-03-22,2.019222,2.019222,0.000000,-0.000000,-0.000000,-0.000000,2.019222,0.000000,0.000018,False
2019-03-23,2.019225,2.019225,0.000000,-0.000000,-0.000000,-0.000000,2.019225,0.000000,0.000018,False
2019-03-24,2.019227,2.019227,0.000000,-0.000000,-0.000000,-0.000000,2.019227,0.000000,0.000019,False
2019-03-25,2.019230,2.019230,0.000000,-0.000000,-0.000000,-0.000000,2.019230,0.000000,0.000020,False
2019-03-26,2.019233,2.019233,0.000000,-0.000000,-0.000000,-0.000000,2.019233,0.000000,0.000020,False
2019-03-27,2.019236,2.019236,0.000000,-0.000000,-0.000000,-0.000000,2.019236,0.000000,0.000021,False
2019-03-28,2.019238,2.019238,-0.000000,-0.000000,-0.000000,-0.000000,2.019238,0.000000,0.000022,False
2019-03-29,2.019241,2.019241,-0.000000,-0.000000,-0.000000,-0.000000,2.019241,0.000000,0.000022,False
2019-03-30,2.019244,2.019244,-0.000000,-0.000000,-0.000000,-0.000000,2.019244,0.000000,0.000023,False
2019-03-31,2.019247,2.019247,-0.000000,-0.000000,-0.000000,-0.000000,2.019247,0.000000,0.000023,False
2019-04-01,2.019249,2.019249,-0.000000,-0.000000,-0.000000,-0.000000,2.019249,0.000000,0.000024,False
2019-04-02,2.019252,2.019252,-0.000000,-0.000000,-0.000000,-0.000000,2.019252,0.000000,0.000019,False
2019-04-03,2.019255,2.019255,-0.000000,-0.000000,-0.000000,-0.000000,2.019255,0.000000,0.000019,False
2019-04-04,2.019258,2.019258,-0.000000,-0.000000,-0.000000,0.000000,2.019257,0.000000,0.000019,False
2019-04-05,2.019260,2.019260,-0.000000,-0.000000,-0.000000,0.000000,2.019260,0.000000,0.000019,False
2019-04-06,2.019263,2.019263,-0.000000,-0.000000,-0.000000,0.000000,2.019263,0.000000,0.000019,False
2019-04-07,2.019266,2.019266,-0.000000,-0.000000,-0.000000,0.000000,2.019266,0.000000,0.000019,False
2019-04-08,2.019268,2.019269,-0.000000,-0.000000,-0.000000,0.000000,2.019268,0.000000,0.000019,False
2019-04-09,2.019271,2.019271,-0.000000,-0.000000,-0.000000,0.000000,2.019271,0.000000,0.000018,False
2019-04-10,2.019274,2.019274,-0.000000,-0.000000,-0.000000,0.000000,2.019274,0.000000,0.000018,False
2019-04-11,2.019277,2.019277,-0.000000,-0.000000,-0.000000,0.000000,2.019277,0.000000,0.000017,False
2019-04-12,2.019279,2.019279,-0.000000,-0.000000,-0.000000,0.000000,2.019279,0.000000,0.000016,False
2019-04-13,2.019282,2.019282,-0.000000,-0.000000,-0.000000,0.000000,2.019282,0.000000,0.000016,False
2019-04-14,2.019285,2.019285,-0.000000,-0.000000,-0.000000,0.000000,2.019285,0.000000,0.000014,False
2019-04-15,2.019288,2.019288,-0.000000,-0.000000,0.000000,0.000000,2.019288,0.000000,0.000013,False
2019-04-16,2.019290,2.019290,-0.000000,-0.000000,0.000000,0.000000,2.019290,0.000000,0.000012,False
2019-04-17,2.019293,2.019293,-0.000000,-0.000000,0.000000,0.000000,2.019293,0.000000,0.000010,False
2019-04-18,2.019296,2.019296,-0.000000,-0.000000,0.000000,0.000000,2.019296,0.000000,0.000009,False
2019-04-19,2.019299,2.019299,-0.000000,0.000000,0.000000,0.000000,2.019299,0.000000,0.000007,False
2019-04-20,2.019301,2.019301,-0.000000,0.000000,0.000000,0.000000,2.019301,0.000000,0.000005,False
2019-04-21,2.019304,2.019304,-0.000000,0.000000,0.000000,0.000000,2.019304,0.000000,0.000003,False
2019-04-22,2.019307,2.019307,-0.000000,0.000000,0.000000,0.000000,2.019307,0.000000,0.000001,False
2019-04-23,2.019310,2.019310,-0.000000,0.000000,0.000000,0.000000,2.019310,-0.000000,-0.000002,False
2019-04-24,2.019312,2.019312,-0.000000,0.000000,0.000000,0.000000,2.019312,-0.000000,-0.000004,False
2019-04-25,2.019315,2.019315,-0.000000,0.000000,0.000000,0.000000,2.019315,-0.000000,-0.000007,False
2019-04-26,2.019318,2.019318,-0.000000,0.000000,0.000000,0.000000,2.019318,-0.000000,-0.000009,False
2019-04-27,2.019321,2.019321,-0.000000,0.000000,0.000000,0.000000,2.019321,-0.000000,-0.000012,False
2019-04-28,2.019323,2.019323,-0.000000,0.000000,0.000000,0.000000,2.019323,-0.000000,-0.000015,False
2019-04-29,2.019326,2.019326,-0.000000,0.000000,0.000000,0.000000,2.019326,-0.000000,-0.000018,False
2019-04-30,2.019329,2.019329,-0.000000,0.000000,0.000000,0.000000,2.019329,-0.000000,-0.000021,False
2019-05-01,2.019332,2.019332,-0.000000,0.000000,0.000000,0.000000,2.019332,-0.000000,-0.000025,False
2019-05-02,2.019334,2.019334,-0.000000,0.000000,0.000000,0.000000,2.019334,-0.000000,-0.000028,False
2019-05-03,2.019337,2.019337,-0.000000,0.000000,0.000000,0.000000,2.019337,-0.000000,-0.000031,False
2019-05-04,2.019340,2.019340,-0.000000,0.000000,0.000000,0.000000,2.019340,-0.000000,-0.000035,False
2019-05-05,2.019342,2.019343,-0.000000,0.000000,0.000000,0.000000,2.019343,-0.000000,-0.000038,False
2019-05-06,2.019345,2.019345,-0.000000,0.000000,0.000000,0.000000,2.019345,-0.000000,-0.000042,False
2019-05-07,2.019348,2.019348,-0.000000,0.000000,0.000000,0.000000,2.019348,-0.000000,-0.000046,False
2019-05-08,2.019351,2.019351,-0.000000,0.000000,0.000000,0.000000,2.019351,-0.000000,-0.000054,False
2019-05-09,2.019353,2.019353,-0.000000,0.000000,0.000000,0.000000,2.019354,-0.000000,-0.000058,False
2019-05-10,2.019356,2.019356,-0.000000,0.000000,0.000000,0.000000,2.019356,-0.000000,-0.000061,False
2019-05-11,2.019359,2.019359,-0.000000,0.000000,0.000000,0.000000,2.019359,-0.000000,-0.000065,False
2019-05-12,2.019362,2.019362,-0.000000,0.000000,0.000000,0.000000,2.019362,-0.000000,-0.000069,False
2019-05-13,2.019364,2.019364,0.000000,0.000000,0.000000,0.000000,2.019365,-0.000000,-0.000072,False
2019-05-14,2.019367,2.019367,0.000000,0.000000,0.000000,0.000000,2.019367,-0.000000,-0.000076,False
2019-05-15,2.019370,2.019370,0.000000,0.000000,0.000000,0.000000,2.019370,-0.000000,-0.000079,False
2019-05-16,2.019373,2.019373,0.000000,0.000000,0.000000,0.000000,2.019373,-0.000000,-0.000082,False
2019-05-17,2.019375,2.019375,0.000000,0.000000,0.000000,0.000000,2.019376,-0.000000,-0.000086,False
2019-05-18,2.019378,2.019378,0.000000,0.000000,0.000000,0.000000,2.019378,-0.000000,-0.000089,False
2019-05-19,2.019381,2.019381,0.000000,0.000000,0.000000,0.000000,2.019381,-0.000000,-0.000092,False
2019-05-20,2.019384,2.019384,0.000000,0.000000,0.000000,0.000000,2.019384,-0.000000,-0.000095,False
2019-05-21,2.019386,2.019386,0.000000,0.000000,0.000000,0.000000,2.019386,-0.000000,-0.000098,False
2019-05-22,2.019389,2.019389,0.000000,0.000000,0.000000,0.000000,2.019389,-0.000000,-0.000101,False
2019-05-23,2.019392,2.019392,0.000000,0.000000,0.000000,0.000000,2.019392,-0.000000,-0.000103,False
2019-05-24,2.019395,2.019395,0.000000,0.000000,0.000000,0.000000,2.019395,-0.000000,-0.000106,False
2019-05-25,2.019397,2.019397,0.000000,0.000000,0.000000,0.000000,2.019397,-0.000000,-0.000108,False
2019-05-26,2.019400,2.019400,0.000000,0.000000,0.000000,0.000000,2.019400,-0.000000,-0.000110,False
2019-05-27,2.019403,2.019403,0.000000,0.000000,0.000000,0.000000,2.019403,-0.000000,-0.000112,False
2019-05-28,2.019405,2.019406,0.000000,0.000000,0.000000,0.000000,2.019406,-0.000000,-0.000114,False
2019-05-29,2.019408,2.019408,0.000000,0.000000,0.000000,0.000000,2.019408,-0.000000,-0.000115,False
2019-05-30,2.019411,2.019411,0.000000,0.000000,0.000000,0.000000,2.019411,-0.000000,-0.000117,False
2019-05-31,2.019414,2.019414,0.000000,0.000000,0.000000,0.000000,2.019414,-0.000000,-0.000118,False
2019-06-01,2.019416,2.019416,0.000000,0.000000,0.000000,0.000000,2.019417,-0.000000,-0.000119,False
2019-06-02,2.019419,2.019419,0.000000,0.000000,0.000000,0.000000,2.019419,-0.000000,-0.000120,False
2019-06-03,2.019422,2.019422,0.000000,0.000000,0.000000,0.000000,2.019422,-0.000000,-0.000120,False
2019-06-04,2.019425,2.019425,0.000000,0.000000,0.000000,0.000000,2.019425,-0.000000,-0.000121,False
2019-06-05,2.019427,2.019427,0.000000,0.000000,0.000000,0.000000,2.019428,-0.000000,-0.000121,False
2019-06-06,2.019430,2.019430,0.000000,0.000000,0.000000,0.000000,2.019430,-0.000000,-0.000121,False
2019-06-07,2.019433,2.019433,0.000000,0.000000,0.000000,0.000000,2.019433,-0.000000,-0.000121,False
2019-06-08,2.019436,2.019436,0.000000,0.000000,0.000000,0.000000,2.019436,-0.000000,-0.000120,False
2019-06-09,2.019438,2.019438,0.000000,0.000000,0.000000,0.000000,2.019439,-0.000000,-0.000120,False
2019-06-10,2.019441,2.019441,0.000000,0.000000,0.000000,0.000000,2.019441,-0.000000,-0.000119,False
2019-06-11,2.019444,2.019444,0.000000,0.000000,0.000000,0.000000,2.019444,-0.000000,-0.000118,False
2019-06-12,2.019447,2.019447,0.000000,0.000000,0.000000,0.000000,2.019447,-0.000000,-0.000117,False
2019-06-13,2.019449,2.019449,0.000000,0.000000,0.000000,0.000000,2.019450,-0.000000,-0.000116,False
2019-06-14,2.019452,2.019452,0.000000,0.000000,0.000000,0.000000,2.019452,-0.000000,-0.000119,False
2019-06-15,2.019455,2.019455,0.000000,0.000000,0.000000,0.000000,2.019455,-0.000000,-0.000117,False
2019-06-16,2.019458,2.019458,0.000000,0.000000,0.000000,0.000000,2.019458,-0.000000,-0.000115,False
2019-06-17,2.019460,2.019460,0.000000,0.000000,0.000000,0.000000,2.019460,-0.000000,-0.000113,False
2019-06-18,2.019463,2.019463,0.000000,0.000000,0.000000,0.000000,2.019463,-0.000000,-0.000111,False
2019-06-19,2.019466,2.019466,0.000000,0.000000,0.000000,0.000000,2.019466,-0.000000,-0.000109,False
2019-06-20,2.019468,2.019469,0.000000,0.000000,0.000000,0.000000,2.019469,-0.000000,-0.000107,False
2019-06-21,2.019471,2.019471,0.000000,0.000000,0.000000,0.000000,2.019471,-0.000000,-0.000104,False
2019-06-22,2.019474,2.019474,0.000000,0.000000,0.000000,0.000000,2.019474,-0.000000,-0.000102,False
2019-06-23,2.019477,2.019477,0.000000,0.000000,0.000000,0.000000,2.019477,-0.000000,-0.000099,False
2019-06-24,2.019479,2.019479,0.000000,0.000000,0.000000,0.000000,2.019480,-0.000000,-0.000096,False
2019-06-25,2.019482,2.019482,0.000000,0.000000,0.000000,0.000000,2.019482,-0.000000,-0.000093,False
2019-06-26,2.019485,2.019485,0.000000,0.000000,0.000000,0.000000,2.019485,-0.000000,-0.000090,False
2019-06-27,2.019488,2.019488,-0.000000,0.000000,0.000000,0.000000,2.019488,-0.000000,-0.000087,False
2019-06-28,2.019490,2.019490,-0.000000,0.000000,0.000000,0.000000,2.019491,-0.000000,-0.000084,False
2019-06-29,2.019493,2.019493,-0.000000,0.000000,0.000000,0.000000,2.019493,-0.000000,-0.000081,False
2019-06-30,2.019496,2.019496,-0.000000,0.000000,0.000000,0.000000,2.019496,-0.000000,-0.000078,False
2019-07-01,2.019499,2.019499,-0.000000,0.000000,0.000000,0.000000,2.019499,-0.000000,-0.000075,False
2019-07-02,2.019501,2.019501,-0.000000,0.000000,0.000000,0.000000,2.019502,-0.000000,-0.000072,False
2019-07-03,2.019504,2.019504,-0.000000,0.000000,0.000000,0.000000,2.019504,-0.000000,-0.000069,False
2019-07-04,2.019507,2.019507,-0.000000,0.000000,0.000000,0.000000,2.019507,-0.000000,-0.000066,False
2019-07-05,2.019510,2.019510,-0.000000,0.000000,0.000000,0.000000,2.019510,-0.000000,-0.000063,False
2019-07-06,2.019512,2.019512,-0.000000,0.000000,0.000000,0.000000,2.019512,-0.000000,-0.000060,False
2019-07-07,2.019515,2.019515,-0.000000,0.000000,0.000000,0.000000,2.019515,-0.000000,-0.000057,False
2019-07-08,2.019518,2.019518,-0.000000,0.000000,0.000000,0.000000,2.019518,-0.000000,-0.000054,False
2019-07-09,2.019521,2.019521,-0.000000,0.000000,0.000000,0.000000,2.019521,-0.000000,-0.000051,False
2019-07-10,2.019523,2.019523,-0.000000,0.000000,0.000000,0.000000,2.019523,-0.000000,-0.000048,False
2019-07-11,2.019526,2.019526,-0.000000,0.000000,0.000000,0.000000,2.019526,-0.000000,-0.000046,False
2019-07-12,2.019529,2.019529,-0.000000,0.000000,0.000000,0.000000,2.019529,-0.000000,-0.000043,False
2019-07-13,2.019532,2.019532,-0.000000,0.000000,0.000000,0.000000,2.019532,-0.000000,-0.000041,False
2019-07-14,2.019534,2.019534,-0.000000,0.000000,0.000000,0.000000,2.019534,-0.000000,-0.000038,False
2019-07-15,2.019537,2.019537,-0.000000,0.000000,0.000000,0.000000,2.019537,-0.000000,-0.000036,False
2019-07-16,2.019540,2.019540,-0.000000,0.000000,0.000000,0.000000,2.019540,-0.000000,-0.000034,False
2019-07-17,2.019542,2.019543,-0.000000,0.000000,0.000000,0.000000,2.019543,-0.000000,-0.000032,False
2019-07-18,2.019545,2.019545,-0.000000,0.000000,0.000000,0.000000,2.019545,-0.000000,-0.000030,False
2019-07-19,2.019548,2.019548,-0.000000,0.000000,0.000000,0.000000,2.019548,-0.000000,-0.000029,False
2019-07-20,2.019551,2.019551,-0.000000,-0.000000,0.000000,0.000000,2.019551,-0.000000,-0.000032,False
2019-07-21,2.019553,2.019553,-0.000000,-0.000000,0.000000,0.000000,2.019553,-0.000000,-0.000031,False
2019-07-22,2.019556,2.019556,-0.000000,-0.000000,0.000000,0.000000,2.019556,-0.000000,-0.000029,False
2019-07-23,2.019559,2.019559,-0.000000,-0.000000,0.000000,0.000000,2.019559,-0.000000,-0.000028,False
2019-07-24,2.019562,2.019562,-0.000000,-0.000000,0.000000,0.000000,2.019562,-0.000000,-0.000027,False
2019-07-25,2.019564,2.019564,-0.000000,-0.000000,0.000000,0.000000,2.019564,-0.000000,-0.000026,False
2019-07-26,2.019567,2.019567,-0.000000,-0.000000,0.000000,0.000000,2.019567,-0.000000,-0.000026,False
2019-07-27,2.019570,2.019570,-0.000000,-0.000000,0.000000,0.000000,2.019570,-0.000000,-0.000025,False
2019-07-28,2.019573,2.019573,-0.000000,-0.000000,0.000000,0.000000,2.019573,-0.000000,-0.000025,False
2019-07-29,2.019575,2.019575,-0.000000,-0.000000,0.000000,0.000000,2.019575,-0.000000,-0.000024,False
2019-07-30,2.019578,2.019578,-0.000000,-0.000000,0.000000,0.000000,2.019578,-0.000000,-0.000024,False
2019-07-31,2.019581,2.019581,-0.000000,-0.000000,0.000000,0.000000,2.019581,-0.000000,-0.000024,False
2019-08-01,2.019584,2.019584,-0.000000,-0.000000,0.000000,0.000000,2.019584,-0.000000,-0.000024,False
2019-08-02,2.019586,2.019586,-0.000000,-0.000000,0.000000,0.000000,2.019586,-0.000000,-0.000024,False
2019-08-03,2.019589,2.019589,-0.000000,-0.000000,0.000000,0.000000,2.019589,-0.000000,-0.000024,False
2019-08-04,2.019592,2.019592,-0.000000,-0.000000,0.000000,0.000000,2.019592,-0.000000,-0.000025,False
2019-08-05,2.019595,2.019595,-0.000000,-0.000000,0.000000,0.000000,2.019595,-0.000000,-0.000025,False
2019-08-06,2.019597,2.019597,-0.000000,-0.000000,0.000000,0.000000,2.019597,-0.000000,-0.000026,False
2019-08-07,2.019600,2.019600,-0.000000,-0.000000,0.000000,0.000000,2.019600,-0.000000,-0.000026,False
2019-08-08,2.019603,2.019603,-0.000000,-0.000000,0.000000,0.000000,2.019603,-0.000000,-0.000027,False
2019-08-09,2.019605,2.019606,-0.000000,-0.000000,0.000000,0.000000,2.019606,-0.000000,-0.000028,False
2019-08-10,2.019608,2.019608,-0.000000,-0.000000,0.000000,0.000000,2.019608,-0.000000,-0.000028,False
2019-08-11,2.019611,2.019611,-0.000000,-0.000000,0.000000,0.000000,2.019611,-0.000000,-0.000029,False
2019-08-12,2.019614,2.019614,0.000000,-0.000000,0.000000,0.000000,2.019614,-0.000000,-0.000030,False
2019-08-13,2.019616,2.019616,0.000000,-0.000000,0.000000,0.000000,2.019617,-0.000000,-0.000031,False
2019-08-14,2.019619,2.019619,0.000000,-0.000000,0.000000,0.000000,2.019619,-0.000000,-0.000032,False
2019-08-15,2.019622,2.019622,0.000000,-0.000000,0.000000,0.000000,2.019622,-0.000000,-0.000033,False
2019-08-16,2.019625,2.019625,0.000000,-0.000000,0.000000,0.000000,2.019625,-0.000000,-0.000034,False
2019-08-17,2.019627,2.019627,0.000000,-0.000000,0.000000,0.000000,2.019627,-0.000000,-0.000034,False
2019-08-18,2.019630,2.019630,0.000000,-0.000000,0.000000,0.000000,2.019630,-0.000000,-0.000035,False
2019-08-19,2.019633,2.019633,0.000000,-0.000000,0.000000,0.000000,2.019633,-0.000000,-0.000036,False
2019-08-20,2.019636,2.019636,0.000000,-0.000000,0.000000,0.000000,2.019636,-0.000000,-0.000037,False
2019-08-21,2.019638,2.019638,0.000000,-0.000000,0.000000,0.000000,2.019638,-0.000000,-0.000038,False
2019-08-22,2.019641,2.019641,0.000000,-0.000000,0.000000,0.000000,2.019641,-0.000000,-0.000038,False
2019-08-23,2.019644,2.019644,0.000000,-0.000000,0.000000,0.000000,2.019644,-0.000000,-0.000039,False
2019-08-24,2.019647,2.019647,0.000000,-0.000000,0.000000,0.000000,2.019647,-0.000000,-0.000040,False
2019-08-25,2.019649,2.019649,0.000000,-0.000000,0.000000,0.000000,2.019649,-0.000000,-0.000040,False
2019-08-26,2.019652,2.019652,0.000000,-0.000000,0.000000,0.000000,2.019652,-0.000000,-0.000045,False
2019-08-27,2.019655,2.019655,0.000000,-0.000000,0.000000,0.000000,2.019655,-0.000000,-0.000046,False
2019-08-28,2.019658,2.019658,0.000000,-0.000000,0.000000,0.000000,2.019658,-0.000000,-0.000046,False
2019-08-29,2.019660,2.019660,0.000000,-0.000000,0.000000,0.000000,2.019660,-0.000000,-0.000046,False
2019-08-30,2.019663,2.019663,0.000000,-0.000000,0.000000,0.000000,2.019663,-0.000000,-0.000046,False
2019-08-31,2.019666,2.019666,0.000000,-0.000000,0.000000,0.000000,2.019666,-0.000000,-0.000046,False
2019-09-01,2.019668,2.019669,0.000000,-0.000000,0.000000,0.000000,2.019669,-0.000000,-0.000046,False
2019-09-02,2.019671,2.019671,0.000000,-0.000000,0.000000,0.000000,2.019671,-0.000000,-0.000046,False
2019-09-03,2.019674,2.019674,0.000000,-0.000000,0.000000,0.000000,2.019674,-0.000000,-0.000046,False
2019-09-04,2.019677,2.019677,0.000000,-0.000000,0.000000,0.000000,2.019677,-0.000000,-0.000045,False
2019-09-05,2.019679,2.019679,0.000000,-0.000000,0.000000,0.000000,2.019680,-0.000000,-0.000045,False
2019-09-06,2.019682,2.019682,0.000000,-0.000000,0.000000,0.000000,2.019682,-0.000000,-0.000044,False
2019-09-07,2.019685,2.019685,0.000000,-0.000000,0.000000,0.000000,2.019685,-0.000000,-0.000043,False
2019-09-08,2.019688,2.019688,0.000000,-0.000000,0.000000,0.000000,2.019688,-0.000000,-0.000043,False
2019-09-09,2.019690,2.019690,0.000000,-0.000000,0.000000,0.000000,2.019690,-0.000000,-0.000042,False
2019-09-10,2.019693,2.019693,0.000000,-0.000000,0.000000,0.000000,2.019693,-0.000000,-0.000041,False
2019-09-11,2.019696,2.019696,0.000000,-0.000000,0.000000,0.000000,2.019696,-0.000000,-0.000040,False
2019-09-12,2.019699,2.019699,0.000000,-0.000000,0.000000,0.000000,2.019699,-0.000000,-0.000039,False
2019-09-13,2.019701,2.019701,0.000000,-0.000000,0.000000,0.000000,2.019701,-0.000000,-0.000037,False
2019-09-14,2.019704,2.019704,0.000000,-0.000000,0.000000,0.000000,2.019704,-0.000000,-0.000036,False
2019-09-15,2.019707,2.019707,0.000000,-0.000000,0.000000,0.000000,2.019707,-0.000000,-0.000035,False
2019-09-16,2.019710,2.019710,0.000000,-0.000000,0.000000,0.000000,2.019710,-0.000000,-0.000033,False
2019-09-17,2.019712,2.019712,0.000000,-0.000000,0.000000,0.000000,2.019712,-0.000000,-0.000032,False
2019-09-18,2.019715,2.019715,0.000000,-0.000000,0.000000,0.000000,2.019715,-0.000000,-0.000030,False
2019-09-19,2.019718,2.019718,0.000000,-0.000000,0.000000,0.000000,2.019718,-0.000000,-0.000028,False
2019-09-20,2.019721,2.019721,0.000000,-0.000000,0.000000,0.000000,2.019721,-0.000000,-0.000027,False
2019-09-21,2.019723,2.019723,0.000000,-0.000000,0.000000,0.000000,2.019723,-0.000000,-0.000025,False
2019-09-22,2.019726,2.019726,0.000000,-0.000000,0.000000,0.000000,2.019726,-0.000000,-0.000024,False
2019-09-23,2.019729,2.019729,0.000000,-0.000000,0.000000,0.000000,2.019729,-0.000000,-0.000022,False
2019-09-24,2.019732,2.019732,0.000000,-0.000000,0.000000,0.000000,2.019732,-0.000000,-0.000020,False
2019-09-25,2.019734,2.019734,0.000000,-0.000000,0.000000,0.000000,2.019734,-0.000000,-0.000019,False
2019-09-26,2.019737,2.019737,0.000000,-0.000000,0.000000,0.000000,2.019737,-0.000000,-0.000017,False
2019-09-27,2.019740,2.019740,-0.000000,-0.000000,0.000000,0.000000,2.019740,-0.000000,-0.000015,False
2019-09-28,2.019742,2.019743,-0.000000,-0.000000,0.000000,0.000000,2.019742,-0.000000,-0.000014,False
2019-09-29,2.019745,2.019745,-0.000000,-0.000000,0.000000,0.000000,2.019745,-0.000000,-0.000012,False
2019-09-30,2.019748,2.019748,-0.000000,-0.000000,0.000000,0.000000,2.019748,-0.000000,-0.000011,False
2019-10-01,2.019751,2.019751,-0.000000,-0.000000,0.000000,0.000000,2.019751,-0.000000,-0.000014,False
2019-10-02,2.019753,2.019753,-0.000000,-0.000000,0.000000,0.000000,2.019753,-0.000000,-0.000013,False
2019-10-03,2.019756,2.019756,-0.000000,-0.000000,0.000000,0.000000,2.019756,-0.000000,-0.000012,False
2019-10-04,2.019759,2.019759,-0.000000,-0.000000,0.000000,0.000000,2.019759,-0.000000,-0.000011,False
2019-10-05,2.019762,2.019762,-0.000000,-0.000000,0.000000,0.000000,2.019762,-0.000000,-0.000010,False
2019-10-06,2.019764,2.019764,-0.000000,-0.000000,0.000000,0.000000,2.019764,-0.000000,-0.000009,False
2019-10-07,2.019767,2.019767,-0.000000,-0.000000,0.000000,0.000000,2.019767,-0.000000,-0.000008,False
2019-10-08,2.019770,2.019770,-0.000000,-0.000000,0.000000,0.000000,2.019770,-0.000000,-0.000007,False
2019-10-09,2.019773,2.019773,-0.000000,-0.000000,0.000000,0.000000,2.019773,-0.000000,-0.000006,False
2019-10-10,2.019775,2.019775,-0.000000,-0.000000,0.000000,0.000000,2.019775,-0.000000,-0.000006,False
2019-10-11,2.019778,2.019778,-0.000000,-0.000000,0.000000,0.000000,2.019778,-0.000000,-0.000006,False
2019-10-12,2.019781,2.019781,-0.000000,-0.000000,0.000000,0.000000,2.019781,-0.000000,-0.000005,False
2019-10-13,2.019784,2.019784,-0.000000,-0.000000,0.000000,0.000000,2.019784,-0.000000,-0.000005,False
2019-10-14,2.019786,2.019786,-0.000000,-0.000000,-0.000000,0.000000,2.019786,-0.000000,-0.000005,False
2019-10-15,2.019789,2.019789,-0.000000,-0.000000,-0.000000,0.000000,2.019789,-0.000000,-0.000005,False
2019-10-16,2.019792,2.019792,-0.000000,-0.000000,-0.000000,0.000000,2.019792,-0.000000,-0.000006,False
2019-10-17,2.019795,2.019795,-0.000000,-0.000000,-0.000000,0.000000,2.019795,-0.000000,-0.000006,False
2019-10-18,2.019797,2.019797,-0.000000,-0.000000,-0.000000,0.000000,2.019797,-0.000000,-0.000007,False
2019-10-19,2.019800,2.019800,-0.000000,0.000000,-0.000000,0.000000,2.019800,-0.000000,-0.000008,False
2019-10-20,2.019803,2.019803,-0.000000,0.000000,-0.000000,0.000000,2.019803,-0.000000,-0.000009,False
2019-10-21,2.019805,2.019806,-0.000000,0.000000,-0.000000,0.000000,2.019805,-0.000000,-0.000010,False
2019-10-22,2.019808,2.019808,-0.000000,0.000000,-0.000000,0.000000,2.019808,-0.000000,-0.000011,False
2019-10-23,2.019811,2.019811,-0.000000,0.000000,-0.000000,0.000000,2.019811,-0.000000,-0.000012,False
2019-10-24,2.019814,2.019814,-0.000000,0.000000,-0.000000,0.000000,2.019814,-0.000000,-0.000014,False
2019-10-25,2.019816,2.019816,-0.000000,0.000000,-0.000000,0.000000,2.019816,-0.000000,-0.000015,False
2019-10-26,2.019819,2.019819,-0.000000,0.000000,-0.000000,0.000000,2.019819,-0.000000,-0.000017,False
2019-10-27,2.019822,2.019822,-0.000000,0.000000,-0.000000,0.000000,2.019822,-0.000000,-0.000019,False
2019-10-28,2.019825,2.019825,-0.000000,0.000000,-0.000000,0.000000,2.019825,-0.000000,-0.000021,False
2019-10-29,2.019827,2.019827,-0.000000,0.000000,-0.000000,0.000000,2.019827,-0.000000,-0.000023,False
2019-10-30,2.019830,2.019830,-0.000000,0.000000,-0.000000,0.000000,2.019830,-0.000000,-0.000025,False
2019-10-31,2.019833,2.019833,-0.000000,0.000000,-0.000000,0.000000,2.019833,-0.000000,-0.000027,False
2019-11-01,2.019836,2.019836,-0.000000,0.000000,-0.000000,0.000000,2.019836,-0.000000,-0.000030,False
2019-11-02,2.019838,2.019838,-0.000000,0.000000,-0.000000,0.000000,2.019838,-0.000000,-0.000032,False
2019-11-03,2.019841,2.019841,-0.000000,0.000000,-0.000000,0.000000,2.019841,-0.000000,-0.000035,False
2019-11-04,2.019844,2.019844,-0.000000,0.000000,-0.000000,0.000000,2.019844,-0.000000,-0.000037,False
2019-11-05,2.019847,2.019847,-0.000000,0.000000,-0.000000,0.000000,2.019847,-0.000000,-0.000040,False
2019-11-06,2.019849,2.019849,-0.000000,0.000000,-0.000000,0.000000,2.019849,-0.000000,-0.000042,False
2019-11-07,2.019852,2.019852,-0.000000,0.000000,-0.000000,0.000000,2.019852,-0.000000,-0.000050,False
2019-11-08,2.019855,2.019855,-0.000000,0.000000,-0.000000,0.000000,2.019855,-0.000000,-0.000053,False
2019-11-09,2.019858,2.019858,-0.000000,0.000000,-0.000000,0.000000,2.019858,-0.000000,-0.000055,False
2019-11-10,2.019860,2.019860,-0.000000,0.000000,-0.000000,0.000000,2.019860,-0.000000,-0.000058,False
2019-11-11,2.019863,2.019863,0.000000,0.000000,-0.000000,0.000000,2.019863,-0.000000,-0.000060,False
2019-11-12,2.019866,2.019866,0.000000,0.000000,-0.000000,0.000000,2.019866,-0.000000,-0.000063,False
2019-11-13,2.019868,2.019869,0.000000,0.000000,-0.000000,0.000000,2.019869,-0.000000,-0.000065,False
2019-11-14,2.019871,2.019871,0.000000,0.000000,-0.000000,0.000000,2.019871,-0.000000,-0.000068,False
2019-11-15,2.019874,2.019874,0.000000,0.000000,-0.000000,0.000000,2.019874,-0.000000,-0.000070,False
2019-11-16,2.019877,2.019877,0.000000,0.000000,-0.000000,0.000000,2.019877,-0.000000,-0.000073,False
2019-11-17,2.019879,2.019879,0.000000,0.000000,-0.000000,0.000000,2.019880,-0.000000,-0.000075,False
2019-11-18,2.019882,2.019882,0.000000,0.000000,-0.000000,0.000000,2.019882,-0.000000,-0.000077,False
2019-11-19,2.019885,2.019885,0.000000,0.000000,-0.000000,0.000000,2.019885,-0.000000,-0.000079,False
2019-11-20,2.019888,2.019888,0.000000,0.000000,-0.000000,0.000000,2.019888,-0.000000,-0.000081,False
2019-11-21,2.019890,2.019890,0.000000,0.000000,-0.000000,0.000000,2.019891,-0.000000,-0.000083,False
2019-11-22,2.019893,2.019893,0.000000,0.000000,-0.000000,0.000000,2.019893,-0.000000,-0.000084,False
2019-11-23,2.019896,2.019896,0.000000,0.000000,-0.000000,0.000000,2.019896,-0.000000,-0.000086,False
2019-11-24,2.019899,2.019899,0.000000,0.000000,-0.000000,0.000000,2.019899,-0.000000,-0.000087,False
2019-11-25,2.019901,2.019901,0.000000,0.000000,-0.000000,0.000000,2.019902,-0.000000,-0.000088,False
2019-11-26,2.019904,2.019904,0.000000,0.000000,-0.000000,0.000000,2.019904,-0.000000,-0.000089,False
2019-11-27,2.019907,2.019907,0.000000,0.000000,-0.000000,0.000000,2.019907,-0.000000,-0.000090,False
2019-11-28,2.019910,2.019910,0.000000,0.000000,-0.000000,0.000000,2.019910,-0.000000,-0.000091,False
2019-11-29,2.019912,2.019912,0.000000,0.000000,-0.000000,0.000000,2.019913,-0.000000,-0.000091,False
2019-11-30,2.019915,2.019915,0.000000,0.000000,-0.000000,0.000000,2.019915,-0.000000,-0.000092,False
2019-12-01,2.019918,2.019918,0.000000,0.000000,-0.000000,0.000000,2.019918,-0.000000,-0.000092,False
2019-12-02,2.019921,2.019921,0.000000,0.000000,-0.000000,0.000000,2.019921,-0.000000,-0.000092,False
2019-12-03,2.019923,2.019923,0.000000,0.000000,-0.000000,0.000000,2.019923,-0.000000,-0.000092,False
2019-12-04,2.019926,2.019926,0.000000,0.000000,-0.000000,0.000000,2.019926,-0.000000,-0.000091,False
2019-12-05,2.019929,2.019929,0.000000,0.000000,-0.000000,0.000000,2.019929,-0.000000,-0.000091,False
2019-12-06,2.019932,2.019932,0.000000,0.000000,-0.000000,0.000000,2.019932,-0.000000,-0.000090,False
2019-12-07,2.019934,2.019934,0.000000,0.000000,-0.000000,0.000000,2.019934,-0.000000,-0.000089,False
2019-12-08,2.019937,2.019937,0.000000,0.000000,-0.000000,0.000000,2.019937,-0.000000,-0.000088,False
2019-12-09,2.019940,2.019940,0.000000,0.000000,-0.000000,0.000000,2.019940,-0.000000,-0.000086,False
2019-12-10,2.019942,2.019943,0.000000,0.000000,-0.000000,0.000000,2.019943,-0.000000,-0.000085,False
2019-12-11,2.019945,2.019945,0.000000,0.000000,-0.000000,0.000000,2.019945,-0.000000,-0.000083,False
2019-12-12,2.019948,2.019948,0.000000,0.000000,-0.000000,0.000000,2.019948,-0.000000,-0.000081,False
2019-12-13,2.019951,2.019951,0.000000,0.000000,-0.000000,0.000000,2.019951,-0.000000,-0.000084,False
2019-12-14,2.019953,2.019953,0.000000,0.000000,-0.000000,0.000000,2.019954,-0.000000,-0.000082,False
2019-12-15,2.019956,2.019956,0.000000,0.000000,-0.000000,0.000000,2.019956,-0.000000,-0.000080,False
2019-12-16,2.019959,2.019959,0.000000,0.000000,-0.000000,0.000000,2.019959,-0.000000,-0.000077,False
2019-12-17,2.019962,2.019962,0.000000,0.000000,-0.000000,0.000000,2.019962,-0.000000,-0.000075,False
2019-12-18,2.019964,2.019964,0.000000,0.000000,-0.000000,0.000000,2.019965,-0.000000,-0.000072,False
2019-12-19,2.019967,2.019967,0.000000,0.000000,-0.000000,0.000000,2.019967,-0.000000,-0.000069,False
2019-12-20,2.019970,2.019970,0.000000,0.000000,-0.000000,0.000000,2.019970,-0.000000,-0.000066,False
2019-12-21,2.019973,2.019973,0.000000,0.000000,-0.000000,0.000000,2.019973,-0.000000,-0.000063,False
2019-12-22,2.019975,2.019975,0.000000,0.000000,-0.000000,0.000000,2.019975,-0.000000,-0.000060,False
2019-12-23,2.019978,2.019978,0.000000,0.000000,-0.000000,0.000000,2.019978,-0.000000,-0.000057,False
2019-12-24,2.019981,2.019981,0.000000,0.000000,-0.000000,0.000000,2.019981,-0.000000,-0.000053,False
2019-12-25,2.019984,2.019984,0.000000,0.000000,-0.000000,0.000000,2.019984,-0.000000,-0.000050,False
2019-12-26,2.019986,2.019986,0.000000,0.000000,-0.000000,0.000000,2.019986,-0.000000,-0.000047,False
2019-12-27,2.019989,2.019989,-0.000000,0.000000,-0.000000,0.000000,2.019989,-0.000000,-0.000043,False
2019-12-28,2.019992,2.019992,-0.000000,0.000000,-0.000000,0.000000,2.019992,-0.000000,-0.000040,False
2019-12-29,2.019995,2.019995,-0.000000,0.000000,-0.000000,0.000000,2.019995,-0.000000,-0.000036,False
2019-12-30,2.019997,2.019997,-0.000000,0.000000,-0.000000,0.000000,2.019997,-0.000000,-0.000033,False
2019-12-31,2.020000,2.020000,-0.000000,0.000000,-0.000000,0.000000,2.020000,-0.000000,-0.000030,False
2020-01-01,2.020003,2.020003,-0.000000,0.000000,-0.000000,0.000000,2.020003,-0.000000,-0.000031,False
2020-01-02,2.020005,2.020006,-0.000000,0.000000,-0.000000,0.000000,2.020006,-0.000000,-0.000029,False
2020-01-03,2.020008,2.020008,-0.000000,0.000000,-0.000000,0.000000,2.020008,-0.000000,-0.000022,False
2020-01-04,2.020011,2.020011,-0.000000,0.000000,-0.000000,0.000000,2.020011,-0.000000,-0.000020,False
2020-01-05,2.020014,2.020014,-0.000000,0.000000,-0.000000,0.000000,2.020014,-0.000000,-0.000018,False
2020-01-06,2.020016,2.020016,-0.000000,0.000000,-0.000000,0.000000,2.020016,-0.000000,-0.000016,False
2020-01-07,2.020019,2.020019,-0.000000,0.000000,-0.000000,0.000000,2.020019,-0.000000,-0.000010,False
2020-01-08,2.020022,2.020022,-0.000000,0.000000,-0.000000,0.000000,2.020022,-0.000000,-0.000008,False
2020-01-09,2.020025,2.020025,-0.000000,0.000000,-0.000000,0.000000,2.020025,-0.000000,-0.000006,False
2020-01-10,2.020027,2.020027,-0.000000,0.000000,-0.000000,0.000000,2.020027,-0.000000,-0.000005,False
2020-01-11,2.020030,2.020030,-0.000000,0.000000,-0.000000,0.000000,2.020030,-0.000000,-0.000004,False
2020-01-12,2.020033,2.020033,-0.000000,0.000000,-0.000000,0.000000,2.020033,0.000000,0.000003,False
2020-01-13,2.020036,2.020036,-0.000000,0.000000,-0.000000,0.000000,2.020036,0.000000,0.000004,False
2020-01-14,2.020038,2.020038,-0.000000,0.000000,-0.000000,0.000000,2.020038,0.000000,0.000005,False
2020-01-15,2.020041,2.020041,-0.000000,0.000000,-0.000000,0.000000,2.020041,0.000000,0.000005,False
2020-01-16,2.020044,2.020044,-0.000000,0.000000,-0.000000,0.000000,2.020044,0.000000,0.000011,False
2020-01-17,2.020046,2.020046,-0.000000,0.000000,-0.000000,0.000000,2.020046,0.000000,0.000012,False
2020-01-18,2.020049,2.020049,-0.000000,-0.000000,-0.000000,0.000000,2.020049,0.000000,0.000012,False
2020-01-19,2.020052,2.020052,-0.000000,-0.000000,-0.000000,0.000000,2.020052,0.000000,0.000012,False
2020-01-20,2.020055,2.020055,-0.000000,-0.000000,-0.000000,0.000000,2.020055,0.000000,0.000012,False
2020-01-21,2.020057,2.020057,-0.000000,-0.000000,-0.000000,0.000000,2.020057,0.000000,0.000017,False
2020-01-22,2.020060,2.020060,-0.000000,-0.000000,-0.000000,0.000000,2.020060,0.000000,0.000017,False
2020-01-23,2.020063,2.020063,-0.000000,-0.000000,-0.000000,0.000000,2.020063,0.000000,0.000017,False
2020-01-24,2.020066,2.020066,-0.000000,-0.000000,-0.000000,0.000000,2.020066,0.000000,0.000016,False
2020-01-25,2.020068,2.020068,-0.000000,-0.000000,-0.000000,0.000000,2.020068,0.000000,0.000020,False
2020-01-26,2.020071,2.020071,-0.000000,-0.000000,-0.000000,0.000000,2.020071,0.000000,0.000019,False
2020-01-27,2.020074,2.020074,-0.000000,-0.000000,-0.000000,0.000000,2.020074,0.000000,0.000018,False
2020-01-28,2.020077,2.020077,-0.000000,-0.000000,-0.000000,0.000000,2.020076,0.000000,0.000017,False
2020-01-29,2.020079,2.020079,-0.000000,-0.000000,-0.000000,0.000000,2.020079,0.000000,0.000016,False
2020-01-30,2.020082,2.020082,-0.000000,-0.000000,-0.000000,0.000000,2.020082,0.000000,0.000019,False
2020-01-31,2.020085,2.020085,-0.000000,-0.000000,-0.000000,0.000000,2.020085,0.000000,0.000018,False
2020-02-01,2.020087,2.020087,-0.000000,-0.000000,-0.000000,0.000000,2.020087,0.000000,0.000016,False
2020-02-02,2.020090,2.020090,-0.000000,-0.000000,-0.000000,0.000000,2.020090,0.000000,0.000014,False
2020-02-03,2.020093,2.020093,-0.000000,-0.000000,-0.000000,0.000000,2.020093,0.000000,0.000017,False
2020-02-04,2.020096,2.020096,-0.000000,-0.000000,-0.000000,0.000000,2.020096,0.000000,0.000015,False
2020-02-05,2.020098,2.020098,-0.000000,-0.000000,-0.000000,0.000000,2.020098,0.000000,0.000013,False
2020-02-06,2.020101,2.020101,-0.000000,-0.000000,-0.000000,0.000000,2.020101,0.000000,0.000011,False
2020-02-07,2.020104,2.020104,-0.000000,-0.000000,-0.000000,0.000000,2.020104,0.000000,0.000014,False
2020-02-08,2.020107,2.020107,-0.000000,-0.000000,-0.000000,0.000000,2.020107,0.000000,0.000011,False
2020-02-09,2.020109,2.020109,-0.000000,-0.000000,-0.000000,0.000000,2.020109,0.000000,0.000009,False
2020-02-10,2.020112,2.020112,-0.000000,-0.000000,-0.000000,0.000000,2.020112,0.000000,0.000007,False
2020-02-11,2.020115,2.020115,0.000000,-0.000000,-0.000000,0.000000,2.020115,0.000000,0.000004,False
2020-02-12,2.020117,2.020118,0.000000,-0.000000,-0.000000,0.000000,2.020117,0.000000,0.000007,False
2020-02-13,2.020120,2.020120,0.000000,-0.000000,-0.000000,0.000000,2.020120,0.000000,0.000004,False
2020-02-14,2.020123,2.020123,0.000000,-0.000000,-0.000000,0.000000,2.020123,0.000000,0.000001,False
2020-02-15,2.020126,2.020126,0.000000,-0.000000,-0.000000,0.000000,2.020126,-0.000000,-0.000001,False
2020-02-16,2.020128,2.020128,0.000000,-0.000000,-0.000000,0.000000,2.020128,0.000000,0.000001,False
2020-02-17,2.020131,2.020131,0.000000,-0.000000,-0.000000,0.000000,2.020131,-0.000000,-0.000001,False
2020-02-18,2.020134,2.020134,0.000000,-0.000000,-0.000000,0.000000,2.020134,-0.000000,-0.000004,False
2020-02-19,2.020137,2.020137,0.000000,-0.000000,-0.000000,0.000000,2.020137,-0.000000,-0.000007,False
2020-02-20,2.020139,2.020139,0.000000,-0.000000,-0.000000,0.000000,2.020139,-0.000000,-0.000009,False
2020-02-21,2.020142,2.020142,0.000000,-0.000000,-0.000000,0.000000,2.020142,-0.000000,-0.000007,False
2020-02-22,2.020145,2.020145,0.000000,-0.000000,-0.000000,0.000000,2.020145,-0.000000,-0.000009,False
2020-02-23,2.020148,2.020148,0.000000,-0.000000,-0.000000,0.000000,2.020148,-0.000000,-0.000011,False
2020-02-24,2.020150,2.020150,0.000000,-0.000000,-0.000000,0.000000,2.020150,-0.000000,-0.000014,False
2020-02-25,2.020153,2.020153,0.000000,-0.000000,-0.000000,0.000000,2.020153,-0.000000,-0.000011,False
2020-02-26,2.020156,2.020156,0.000000,-0.000000,-0.000000,0.000000,2.020156,-0.000000,-0.000013,False
2020-02-27,2.020158,2.020159,0.000000,-0.000000,-0.000000,0.000000,2.020159,-0.000000,-0.000015,False
2020-02-28,2.020161,2.020161,0.000000,-0.000000,-0.000000,0.000000,2.020161,-0.000000,-0.000017,False
2020-02-29,2.020164,2.020164,0.000000,-0.000000,-0.000000,0.000000,2.020164,-0.000000,-0.000019,False
2020-03-01,2.020167,2.020167,0.000000,-0.000000,-0.000000,0.000000,2.020167,-0.000000,-0.000016,False
2020-03-02,2.020169,2.020169,0.000000,-0.000000,-0.000000,0.000000,2.020169,-0.000000,-0.000018,False
2020-03-03,2.020172,2.020172,0.000000,-0.000000,-0.000000,0.000000,2.020172,-0.000000,-0.000020,False
2020-03-04,2.020175,2.020175,0.000000,-0.000000,-0.000000,0.000000,2.020175,-0.000000,-0.000021,False
2020-03-05,2.020178,2.020178,0.000000,-0.000000,-0.000000,0.000000,2.020178,-0.000000,-0.000018,False
2020-03-06,2.020180,2.020180,0.000000,-0.000000,-0.000000,0.000000,2.020180,-0.000000,-0.000019,False
2020-03-07,2.020183,2.020183,0.000000,-0.000000,-0.000000,0.000000,2.020183,-0.000000,-0.000021,False
2020-03-08,2.020186,2.020186,0.000000,-0.000000,-0.000000,0.000000,2.020186,-0.000000,-0.000022,False
2020-03-09,2.020189,2.020189,0.000000,-0.000000,-0.000000,0.000000,2.020189,-0.000000,-0.000023,False
2020-03-10,2.020191,2.020191,0.000000,-0.000000,-0.000000,0.000000,2.020191,-0.000000,-0.000019,False
2020-03-11,2.020194,2.020194,0.000000,-0.000000,-0.000000,0.000000,2.020194,-0.000000,-0.000020,False
2020-03-12,2.020197,2.020197,0.000000,-0.000000,-0.000000,0.000000,2.020197,-0.000000,-0.000021,False
2020-03-13,2.020199,2.020199,0.000000,-0.000000,-0.000000,0.000000,2.020199,-0.000000,-0.000022,False
2020-03-14,2.020202,2.020202,0.000000,-0.000000,-0.000000,0.000000,2.020202,-0.000000,-0.000018,False
2020-03-15,2.020205,2.020205,0.000000,-0.000000,-0.000000,0.000000,2.020205,-0.000000,-0.000019,False
2020-03-16,2.020208,2.020208,0.000000,-0.000000,-0.000000,0.000000,2.020208,-0.000000,-0.000019,False
2020-03-17,2.020210,2.020210,0.000000,-0.000000,-0.000000,0.000000,2.020210,-0.000000,-0.000020,False
2020-03-18,2.020213,2.020213,0.000000,-0.000000,-0.000000,0.000000,2.020213,-0.000000,-0.000021,False
2020-03-19,2.020216,2.020216,0.000000,-0.000000,-0.000000,0.000000,2.020216,-0.000000,-0.000016,False
2020-03-20,2.020219,2.020219,0.000000,-0.000000,-0.000000,0.000000,2.020219,-0.000000,-0.000017,False
2020-03-21,2.020221,2.020221,0.000000,-0.000000,-0.000000,0.000000,2.020221,-0.000000,-0.000017,False
2020-03-22,2.020224,2.020224,0.000000,-0.000000,-0.000000,0.000000,2.020224,-0.000000,-0.000018,False
2020-03-23,2.020227,2.020227,0.000000,-0.000000,-0.000000,0.000000,2.020227,-0.000000,-0.000013,False
2020-03-24,2.020230,2.020230,0.000000,-0.000000,-0.000000,0.000000,2.020230,-0.000000,-0.000013,False
2020-03-25,2.020232,2.020232,0.000000,-0.000000,-0.000000,0.000000,2.020232,-0.000000,-0.000014,False
2020-03-26,2.020235,2.020235,0.000000,-0.000000,-0.000000,0.000000,2.020235,-0.000000,-0.000014,False
2020-03-27,2.020238,2.020238,-0.000000,-0.000000,-0.000000,0.000000,2.020238,-0.000000,-0.000015,False
2020-03-28,2.020240,2.020240,-0.000000,-0.000000,-0.000000,0.000000,2.020240,-0.000000,-0.000011,False
2020-03-29,2.020243,2.020243,-0.000000,-0.000000,-0.000000,0.000000,2.020243,-0.000000,-0.000011,False
2020-03-30,2.020246,2.020246,-0.000000,-0.000000,-0.000000,0.000000,2.020246,-0.000000,-0.000012,False
2020-03-31,2.020249,2.020249,-0.000000,-0.000000,-0.000000,0.000000,2.020249,-0.000000,-0.000013,False
2020-04-01,2.020251,2.020251,-0.000000,-0.000000,-0.000000,0.000000,2.020251,-0.000000,-0.000008,False
2020-04-02,2.020254,2.020254,-0.000000,-0.000000,-0.000000,0.000000,2.020254,-0.000000,-0.000009,False
2020-04-03,2.020257,2.020257,-0.000000,-0.000000,-0.000000,0.000000,2.020257,-0.000000,-0.000010,False
2020-04-04,2.020260,2.020260,-0.000000,-0.000000,-0.000000,0.000000,2.020260,-0.000000,-0.000011,False
2020-04-05,2.020262,2.020262,-0.000000,-0.000000,-0.000000,0.000000,2.020262,-0.000000,-0.000007,False
2020-04-06,2.020265,2.020265,-0.000000,-0.000000,-0.000000,0.000000,2.020265,-0.000000,-0.000009,False
2020-04-07,2.020268,2.020268,-0.000000,-0.000000,-0.000000,0.000000,2.020268,-0.000000,-0.000010,False
2020-04-08,2.020270,2.020271,-0.000000,-0.000000,-0.000000,0.000000,2.020271,-0.000000,-0.000012,False
2020-04-09,2.020273,2.020273,-0.000000,-0.000000,-0.000000,0.000000,2.020273,-0.000000,-0.000013,False
2020-04-10,2.020276,2.020276,-0.000000,-0.000000,-0.000000,0.000000,2.020276,-0.000000,-0.000010,False
2020-04-11,2.020279,2.020279,-0.000000,-0.000000,-0.000000,0.000000,2.020279,-0.000000,-0.000012,False
2020-04-12,2.020281,2.020281,-0.000000,-0.000000,-0.000000,0.000000,2.020281,-0.000000,-0.000014,False
2020-04-13,2.020284,2.020284,-0.000000,-0.000000,-0.000000,0.000000,2.020284,-0.000000,-0.000016,False
2020-04-14,2.020287,2.020287,-0.000000,-0.000000,0.000000,0.000000,2.020287,-0.000000,-0.000013,False
2020-04-15,2.020290,2.020290,-0.000000,-0.000000,0.000000,0.000000,2.020290,-0.000000,-0.000016,False
2020-04-16,2.020292,2.020292,-0.000000,-0.000000,0.000000,0.000000,2.020292,-0.000000,-0.000018,False
2020-04-17,2.020295,2.020295,-0.000000,-0.000000,0.000000,0.000000,2.020295,-0.000000,-0.000021,False
2020-04-18,2.020298,2.020298,-0.000000,-0.000000,0.000000,0.000000,2.020298,-0.000000,-0.000024,False
2020-04-19,2.020301,2.020301,-0.000000,0.000000,0.000000,0.000000,2.020301,-0.000000,-0.000022,False
2020-04-20,2.020303,2.020303,-0.000000,0.000000,0.000000,0.000000,2.020303,-0.000000,-0.000025,False
2020-04-21,2.020306,2.020306,-0.000000,0.000000,0.000000,0.000000,2.020306,-0.000000,-0.000028,False
2020-04-22,2.020309,2.020309,-0.000000,0.000000,0.000000,0.000000,2.020309,-0.000000,-0.000032,False
2020-04-23,2.020311,2.020312,-0.000000,0.000000,0.000000,0.000000,2.020312,-0.000000,-0.000030,False
2020-04-24,2.020314,2.020314,-0.000000,0.000000,0.000000,0.000000,2.020314,-0.000000,-0.000034,False
2020-04-25,2.020317,2.020317,-0.000000,0.000000,0.000000,0.000000,2.020317,-0.000000,-0.000038,False
2020-04-26,2.020320,2.020320,-0.000000,0.000000,0.000000,0.000000,2.020320,-0.000000,-0.000042,False
2020-04-27,2.020322,2.020322,-0.000000,0.000000,0.000000,0.000000,2.020322,-0.000000,-0.000046,False
2020-04-28,2.020325,2.020325,-0.000000,0.000000,0.000000,0.000000,2.020325,-0.000000,-0.000045,False
2020-04-29,2.020328,2.020328,-0.000000,0.000000,0.000000,0.000000,2.020328,-0.000000,-0.000049,False
2020-04-30,2.020331,2.020331,-0.000000,0.000000,0.000000,0.000000,2.020331,-0.000000,-0.000054,False
2020-05-01,2.020333,2.020333,-0.000000,0.000000,0.000000,0.000000,2.020333,-0.000000,-0.000058,False
2020-05-02,2.020336,2.020336,-0.000000,0.000000,0.000000,0.000000,2.020336,-0.000000,-0.000057,False
2020-05-03,2.020339,2.020339,-0.000000,0.000000,0.000000,0.000000,2.020339,-0.000000,-0.000062,False
2020-05-04,2.020342,2.020342,-0.000000,0.000000,0.000000,0.000000,2.020342,-0.000000,-0.000067,False
2020-05-05,2.020344,2.020344,-0.000000,0.000000,0.000000,0.000000,2.020344,-0.000000,-0.000071,False
2020-05-06,2.020347,2.020347,-0.000000,0.000000,0.000000,0.000000,2.020347,-0.000000,-0.000076,False
2020-05-07,2.020350,2.020350,-0.000000,0.000000,0.000000,0.000000,2.020350,-0.000000,-0.000076,False
2020-05-08,2.020352,2.020353,-0.000000,0.000000,0.000000,0.000000,2.020353,-0.000000,-0.000080,False
2020-05-09,2.020355,2.020355,-0.000000,0.000000,0.000000,0.000000,2.020355,-0.000000,-0.000085,False
2020-05-10,2.020358,2.020358,-0.000000,0.000000,0.000000,0.000000,2.020358,-0.000000,-0.000090,False
2020-05-11,2.020361,2.020361,-0.000000,0.000000,0.000000,0.000000,2.020361,-0.000000,-0.000090,False
2020-05-12,2.020363,2.020363,0.000000,0.000000,0.000000,0.000000,2.020364,-0.000000,-0.000094,False
2020-05-13,2.020366,2.020366,0.000000,0.000000,0.000000,0.000000,2.020366,-0.000000,-0.000099,False
2020-05-14,2.020369,2.020369,0.000000,0.000000,0.000000,0.000000,2.020369,-0.000000,-0.000103,False
2020-05-15,2.020372,2.020372,0.000000,0.000000,0.000000,0.000000,2.020372,-0.000000,-0.000108,False
2020-05-16,2.020374,2.020374,0.000000,0.000000,0.000000,0.000000,2.020375,-0.000000,-0.000107,False
2020-05-17,2.020377,2.020377,0.000000,0.000000,0.000000,0.000000,2.020377,-0.000000,-0.000112,False
2020-05-18,2.020380,2.020380,0.000000,0.000000,0.000000,0.000000,2.020380,-0.000000,-0.000116,False
2020-05-19,2.020383,2.020383,0.000000,0.000000,0.000000,0.000000,2.020383,-0.000000,-0.000120,False
2020-05-20,2.020385,2.020385,0.000000,0.000000,0.000000,0.000000,2.020385,-0.000000,-0.000123,False
2020-05-21,2.020388,2.020388,0.000000,0.000000,0.000000,0.000000,2.020388,-0.000000,-0.000126,False
2020-05-22,2.020391,2.020391,0.000000,0.000000,0.000000,0.000000,2.020391,-0.000000,-0.000129,False
2020-05-23,2.020393,2.020393,0.000000,0.000000,0.000000,0.000000,2.020394,-0.000000,-0.000131,False
2020-05-24,2.020396,2.020396,0.000000,0.000000,0.000000,0.000000,2.020396,-0.000000,-0.000134,False
2020-05-25,2.020399,2.020399,0.000000,0.000000,0.000000,0.000000,2.020399,-0.000000,-0.000132,False
2020-05-26,2.020402,2.020402,0.000000,0.000000,0.000000,0.000000,2.020402,-0.000000,-0.000135,False
2020-05-27,2.020404,2.020404,0.000000,0.000000,0.000000,0.000000,2.020405,-0.000000,-0.000138,False
2020-05-28,2.020407,2.020407,0.000000,0.000000,0.000000,0.000000,2.020407,-0.000000,-0.000140,False
2020-05-29,2.020410,2.020410,0.000000,0.000000,0.000000,0.000000,2.020410,-0.000000,-0.000141,False
2020-05-30,2.020413,2.020413,0.000000,0.000000,0.000000,0.000000,2.020413,-0.000000,-0.000143,False
2020-05-31,2.020415,2.020415,0.000000,0.000000,0.000000,0.000000,2.020416,-0.000000,-0.000144,False
2020-06-01,2.020418,2.020418,0.000000,0.000000,0.000000,0.000000,2.020418,-0.000000,-0.000145,False
2020-06-02,2.020421,2.020421,0.000000,0.000000,0.000000,0.000000,2.020421,-0.000000,-0.000142,False
2020-06-03,2.020424,2.020424,0.000000,0.000000,0.000000,0.000000,2.020424,-0.000000,-0.000143,False
2020-06-04,2.020426,2.020426,0.000000,0.000000,0.000000,0.000000,2.020427,-0.000000,-0.000145,False
2020-06-05,2.020429,2.020429,0.000000,0.000000,0.000000,0.000000,2.020429,-0.000000,-0.000144,False
2020-06-06,2.020432,2.020432,0.000000,0.000000,0.000000,0.000000,2.020432,-0.000000,-0.000144,False
2020-06-07,2.020434,2.020434,0.000000,0.000000,0.000000,0.000000,2.020435,-0.000000,-0.000143,False
2020-06-08,2.020437,2.020437,0.000000,0.000000,0.000000,0.000000,2.020437,-0.000000,-0.000142,False
2020-06-09,2.020440,2.020440,0.000000,0.000000,0.000000,0.000000,2.020440,-0.000000,-0.000142,False
2020-06-10,2.020443,2.020443,0.000000,0.000000,0.000000,0.000000,2.020443,-0.000000,-0.000141,False
2020-06-11,2.020445,2.020445,0.000000,0.000000,0.000000,0.000000,2.020446,-0.000000,-0.000140,False
2020-06-12,2.020448,2.020448,0.000000,0.000000,0.000000,0.000000,2.020448,-0.000000,-0.000139,False
2020-06-13,2.020451,2.020451,0.000000,0.000000,0.000000,0.000000,2.020451,-0.000000,-0.000138,False
2020-06-14,2.020454,2.020454,0.000000,0.000000,0.000000,0.000000,2.020454,-0.000000,-0.000136,False
2020-06-15,2.020456,2.020456,0.000000,0.000000,0.000000,0.000000,2.020457,-0.000000,-0.000135,False
2020-06-16,2.020459,2.020459,0.000000,0.000000,0.000000,0.000000,2.020459,-0.000000,-0.000133,False
2020-06-17,2.020462,2.020462,0.000000,0.000000,0.000000,0.000000,2.020462,-0.000000,-0.000131,False
2020-06-18,2.020464,2.020465,0.000000,0.000000,0.000000,0.000000,2.020465,-0.000000,-0.000129,False
2020-06-19,2.020467,2.020467,0.000000,0.000000,0.000000,0.000000,2.020467,-0.000000,-0.000127,False
2020-06-20,2.020481,2.020470,0.000000,0.000000,0.000000,0.000000,2.020470,0.000011,0.005338,False
2020-06-21,2.020481,2.020473,0.000000,0.000000,0.000000,0.000000,2.020473,0.000008,0.003975,False
2020-06-22,2.020481,2.020475,0.000000,0.000000,0.000000,0.000000,2.020476,0.000005,0.002611,False
2020-06-23,2.020481,2.020478,0.000000,0.000000,0.000000,0.000000,2.020478,0.000002,0.001248,False
2020-06-24,2.020481,2.020481,0.000000,0.000000,0.000000,0.000000,2.020481,-0.000000,-0.000115,False
2020-06-25,2.020484,2.020484,0.000000,0.000000,0.000000,0.000000,2.020484,-0.000000,-0.000109,False
2020-06-26,2.020486,2.020486,0.000000,0.000000,0.000000,0.000000,2.020487,-0.000000,-0.000106,False
2020-06-27,2.020489,2.020489,-0.000000,0.000000,0.000000,0.000000,2.020489,-0.000000,-0.000103,False
2020-06-28,2.020492,2.020492,-0.000000,0.000000,0.000000,0.000000,2.020492,-0.000000,-0.000100,False
2020-06-29,2.020495,2.020495,-0.000000,0.000000,0.000000,0.000000,2.020495,-0.000000,-0.000096,False
2020-06-30,2.020497,2.020497,-0.000000,0.000000,0.000000,0.000000,2.020497,-0.000000,-0.000093,False
2020-07-01,2.020500,2.020500,-0.000000,0.000000,0.000000,0.000000,2.020500,-0.000000,-0.000090,False
2020-07-02,2.020503,2.020503,-0.000000,0.000000,0.000000,0.000000,2.020503,-0.000000,-0.000087,False
2020-07-03,2.020508,2.020506,-0.000000,0.000000,0.000000,0.000000,2.020506,0.000003,0.001282,False
2020-07-04,2.020508,2.020508,-0.000000,0.000000,0.000000,0.000000,2.020508,-0.000000,-0.000081,False
2020-07-05,2.020511,2.020511,-0.000000,0.000000,0.000000,0.000000,2.020511,-0.000000,-0.000079,False
2020-07-06,2.020514,2.020514,-0.000000,0.000000,0.000000,0.000000,2.020514,-0.000000,-0.000077,False
2020-07-07,2.020516,2.020516,-0.000000,0.000000,0.000000,0.000000,2.020517,-0.000000,-0.000075,False
2020-07-08,2.020519,2.020519,-0.000000,0.000000,0.000000,0.000000,2.020519,-0.000000,-0.000071,False
2020-07-09,2.020522,2.020522,-0.000000,0.000000,0.000000,0.000000,2.020522,-0.000000,-0.000067,False
2020-07-10,2.020525,2.020525,-0.000000,0.000000,0.000000,0.000000,2.020525,-0.000000,-0.000065,False
2020-07-11,2.020527,2.020527,-0.000000,0.000000,0.000000,0.000000,2.020527,-0.000000,-0.000064,False
2020-07-12,2.020530,2.020530,-0.000000,0.000000,0.000000,0.000000,2.020530,-0.000000,-0.000061,False
2020-07-13,2.020533,2.020533,-0.000000,0.000000,0.000000,0.000000,2.020533,-0.000000,-0.000058,False
2020-07-14,2.020536,2.020536,-0.000000,0.000000,0.000000,0.000000,2.020536,-0.000000,-0.000055,False
2020-07-15,2.020538,2.020538,-0.000000,0.000000,0.000000,0.000000,2.020538,-0.000000,-0.000054,False
2020-07-16,2.020541,2.020541,-0.000000,0.000000,0.000000,0.000000,2.020541,-0.000000,-0.000053,False
2020-07-17,2.020544,2.020544,-0.000000,0.000000,0.000000,0.000000,2.020544,-0.000000,-0.000047,False
2020-07-18,2.020546,2.020546,-0.000000,0.000000,0.000000,0.000000,2.020547,-0.000000,-0.000047,False
2020-07-19,2.020549,2.020549,-0.000000,-0.000000,0.000000,0.000000,2.020549,-0.000000,-0.000046,False
2020-07-20,2.020552,2.020552,-0.000000,-0.000000,0.000000,0.000000,2.020552,-0.000000,-0.000044,False
2020-07-21,2.020555,2.020555,-0.000000,-0.000000,0.000000,0.000000,2.020555,-0.000000,-0.000042,False
2020-07-22,2.020557,2.020557,-0.000000,-0.000000,0.000000,0.000000,2.020557,-0.000000,-0.000040,False
2020-07-23,2.020560,2.020560,-0.000000,-0.000000,0.000000,0.000000,2.020560,-0.000000,-0.000039,False
2020-07-24,2.020563,2.020563,-0.000000,-0.000000,0.000000,0.000000,2.020563,-0.000000,-0.000038,False
2020-07-25,2.020566,2.020566,-0.000000,-0.000000,0.000000,0.000000,2.020566,-0.000000,-0.000037,False
2020-07-26,2.020568,2.020568,-0.000000,-0.000000,0.000000,0.000000,2.020568,-0.000000,-0.000036,False
2020-07-27,2.020571,2.020571,-0.000000,-0.000000,0.000000,0.000000,2.020571,-0.000000,-0.000037,False
2020-07-28,2.020574,2.020574,-0.000000,-0.000000,0.000000,0.000000,2.020574,-0.000000,-0.000038,False
2020-07-29,2.020577,2.020577,-0.000000,-0.000000,0.000000,0.000000,2.020577,-0.000000,-0.000037,False
2020-07-30,2.020579,2.020579,-0.000000,-0.000000,0.000000,0.000000,2.020579,-0.000000,-0.000037,False
2020-07-31,2.020582,2.020582,-0.000000,-0.000000,0.000000,0.000000,2.020582,-0.000000,-0.000037,False
2020-08-01,2.020585,2.020585,-0.000000,-0.000000,0.000000,0.000000,2.020585,-0.000000,-0.000037,False
2020-08-02,2.020587,2.020587,-0.000000,-0.000000,0.000000,0.000000,2.020588,-0.000000,-0.000038,False
2020-08-03,2.020590,2.020590,-0.000000,-0.000000,0.000000,0.000000,2.020590,-0.000000,-0.000037,False
2020-08-04,2.020593,2.020593,-0.000000,-0.000000,0.000000,0.000000,2.020593,-0.000000,-0.000036,False
2020-08-05,2.020596,2.020596,-0.000000,-0.000000,0.000000,0.000000,2.020596,-0.000000,-0.000037,False
2020-08-06,2.020598,2.020598,-0.000000,-0.000000,0.000000,0.000000,2.020598,-0.000000,-0.000039,False
2020-08-07,2.020601,2.020601,-0.000000,-0.000000,0.000000,0.000000,2.020601,-0.000000,-0.000041,False
2020-08-08,2.020604,2.020604,-0.000000,-0.000000,0.000000,0.000000,2.020604,-0.000000,-0.000037,False
2020-08-09,2.020607,2.020607,-0.000000,-0.000000,0.000000,0.000000,2.020607,-0.000000,-0.000039,False
2020-08-10,2.020609,2.020609,-0.000000,-0.000000,0.000000,0.000000,2.020609,-0.000000,-0.000041,False
2020-08-11,2.020612,2.020612,-0.000000,-0.000000,0.000000,0.000000,2.020612,-0.000000,-0.000043,False
2020-08-12,2.020615,2.020615,0.000000,-0.000000,0.000000,0.000000,2.020615,-0.000000,-0.000045,False
2020-08-13,2.020617,2.020618,0.000000,-0.000000,0.000000,0.000000,2.020618,-0.000000,-0.000042,False
2020-08-14,2.020620,2.020620,0.000000,-0.000000,0.000000,0.000000,2.020620,-0.000000,-0.000044,False
2020-08-15,2.020623,2.020623,0.000000,-0.000000,0.000000,0.000000,2.020623,-0.000000,-0.000046,False
2020-08-16,2.020626,2.020626,0.000000,-0.000000,0.000000,0.000000,2.020626,-0.000000,-0.000048,False
2020-08-17,2.020628,2.020628,0.000000,-0.000000,0.000000,0.000000,2.020629,-0.000000,-0.000045,False
2020-08-18,2.020631,2.020631,0.000000,-0.000000,0.000000,0.000000,2.020631,-0.000000,-0.000047,False
2020-08-19,2.020634,2.020634,0.000000,-0.000000,0.000000,0.000000,2.020634,-0.000000,-0.000049,False
2020-08-20,2.020637,2.020637,0.000000,-0.000000,0.000000,0.000000,2.020637,-0.000000,-0.000050,False
2020-08-21,2.020639,2.020639,0.000000,-0.000000,0.000000,0.000000,2.020639,-0.000000,-0.000052,False
2020-08-22,2.020642,2.020642,0.000000,-0.000000,0.000000,0.000000,2.020642,-0.000000,-0.000049,False
2020-08-23,2.020645,2.020645,0.000000,-0.000000,0.000000,0.000000,2.020645,-0.000000,-0.000051,False
2020-08-24,2.020648,2.020648,0.000000,-0.000000,0.000000,0.000000,2.020648,-0.000000,-0.000052,False
2020-08-25,2.020650,2.020650,0.000000,-0.000000,0.000000,0.000000,2.020650,-0.000000,-0.000054,False
2020-08-26,2.020653,2.020653,0.000000,-0.000000,0.000000,0.000000,2.020653,-0.000000,-0.000054,False
2020-08-27,2.020656,2.020656,0.000000,-0.000000,0.000000,0.000000,2.020656,-0.000000,-0.000053,False
2020-08-28,2.020658,2.020659,0.000000,-0.000000,0.000000,0.000000,2.020659,-0.000000,-0.000053,False
2020-08-29,2.020661,2.020661,0.000000,-0.000000,0.000000,0.000000,2.020661,-0.000000,-0.000054,False
2020-08-30,2.020664,2.020664,0.000000,-0.000000,0.000000,0.000000,2.020664,-0.000000,-0.000055,False
2020-08-31,2.020667,2.020667,0.000000,-0.000000,0.000000,0.000000,2.020667,-0.000000,-0.000052,False
2020-09-01,2.020669,2.020669,0.000000,-0.000000,0.000000,0.000000,2.020670,-0.000000,-0.000052,False
2020-09-02,2.020672,2.020672,0.000000,-0.000000,0.000000,0.000000,2.020672,-0.000000,-0.000053,False
2020-09-03,2.020675,2.020675,0.000000,-0.000000,0.000000,0.000000,2.020675,-0.000000,-0.000054,False
2020-09-04,2.020678,2.020678,0.000000,-0.000000,0.000000,0.000000,2.020678,-0.000000,-0.000050,False
2020-09-05,2.020680,2.020680,0.000000,-0.000000,0.000000,0.000000,2.020680,-0.000000,-0.000050,False
2020-09-06,2.020683,2.020683,0.000000,-0.000000,0.000000,0.000000,2.020683,-0.000000,-0.000051,False
2020-09-07,2.020686,2.020686,0.000000,-0.000000,0.000000,0.000000,2.020686,-0.000000,-0.000051,False
2020-09-08,2.020689,2.020689,0.000000,-0.000000,0.000000,0.000000,2.020689,-0.000000,-0.000051,False
2020-09-09,2.020691,2.020691,0.000000,-0.000000,0.000000,0.000000,2.020691,-0.000000,-0.000046,False
2020-09-10,2.020694,2.020694,0.000000,-0.000000,0.000000,0.000000,2.020694,-0.000000,-0.000046,False
2020-09-11,2.020697,2.020697,0.000000,-0.000000,0.000000,0.000000,2.020697,-0.000000,-0.000046,False
2020-09-12,2.020699,2.020699,0.000000,-0.000000,0.000000,0.000000,2.020700,-0.000000,-0.000046,False
2020-09-13,2.020702,2.020702,0.000000,-0.000000,0.000000,0.000000,2.020702,-0.000000,-0.000041,False
2020-09-14,2.020705,2.020705,0.000000,-0.000000,0.000000,0.000000,2.020705,-0.000000,-0.000041,False
2020-09-15,2.020708,2.020708,0.000000,-0.000000,0.000000,0.000000,2.020708,-0.000000,-0.000041,False
2020-09-16,2.020710,2.020710,0.000000,-0.000000,0.000000,0.000000,2.020710,-0.000000,-0.000040,False
2020-09-17,2.020713,2.020713,0.000000,-0.000000,0.000000,0.000000,2.020713,-0.000000,-0.000040,False
2020-09-18,2.020716,2.020716,0.000000,-0.000000,0.000000,0.000000,2.020716,-0.000000,-0.000034,False
2020-09-19,2.020719,2.020719,0.000000,-0.000000,0.000000,0.000000,2.020719,-0.000000,-0.000034,False
2020-09-20,2.020721,2.020721,0.000000,-0.000000,0.000000,0.000000,2.020721,-0.000000,-0.000033,False
2020-09-21,2.020724,2.020724,0.000000,-0.000000,0.000000,0.000000,2.020724,-0.000000,-0.000033,False
2020-09-22,2.020727,2.020727,0.000000,-0.000000,0.000000,0.000000,2.020727,-0.000000,-0.000027,False
2020-09-23,2.020730,2.020730,0.000000,-0.000000,0.000000,0.000000,2.020730,-0.000000,-0.000027,False
2020-09-24,2.020732,2.020732,0.000000,-0.000000,0.000000,0.000000,2.020732,-0.000000,-0.000025,False
2020-09-25,2.020735,2.020735,0.000000,-0.000000,0.000000,0.000000,2.020735,-0.000000,-0.000023,False
2020-09-26,2.020738,2.020738,-0.000000,-0.000000,0.000000,0.000000,2.020738,-0.000000,-0.000021,False
2020-09-27,2.020740,2.020740,-0.000000,-0.000000,0.000000,0.000000,2.020740,-0.000000,-0.000019,False
2020-09-28,2.020743,2.020743,-0.000000,-0.000000,0.000000,0.000000,2.020743,-0.000000,-0.000019,False
2020-09-29,2.020746,2.020746,-0.000000,-0.000000,0.000000,0.000000,2.020746,-0.000000,-0.000018,False
2020-09-30,2.020749,2.020749,-0.000000,-0.000000,0.000000,0.000000,2.020749,-0.000000,-0.000018,False
2020-10-01,2.020751,2.020751,-0.000000,-0.000000,0.000000,0.000000,2.020751,-0.000000,-0.000013,False
2020-10-02,2.020754,2.020754,-0.000000,-0.000000,0.000000,0.000000,2.020754,-0.000000,-0.000013,False
2020-10-03,2.020757,2.020757,-0.000000,-0.000000,0.000000,0.000000,2.020757,-0.000000,-0.000012,False
2020-10-04,2.020760,2.020760,-0.000000,-0.000000,0.000000,0.000000,2.020760,-0.000000,-0.000012,False
2020-10-05,2.020762,2.020762,-0.000000,-0.000000,0.000000,0.000000,2.020762,-0.000000,-0.000007,False
2020-10-06,2.020765,2.020765,-0.000000,-0.000000,0.000000,0.000000,2.020765,-0.000000,-0.000008,False
2020-10-07,2.020768,2.020768,-0.000000,-0.000000,0.000000,0.000000,2.020768,-0.000000,-0.000008,False
2020-10-08,2.020770,2.020771,-0.000000,-0.000000,0.000000,0.000000,2.020771,-0.000000,-0.000008,False
2020-10-09,2.020773,2.020773,-0.000000,-0.000000,0.000000,0.000000,2.020773,-0.000000,-0.000009,False
2020-10-10,2.020776,2.020776,-0.000000,-0.000000,0.000000,0.000000,2.020776,-0.000000,-0.000004,False
2020-10-11,2.020779,2.020779,-0.000000,-0.000000,0.000000,0.000000,2.020779,-0.000000,-0.000005,False
2020-10-12,2.020781,2.020781,-0.000000,-0.000000,0.000000,0.000000,2.020781,-0.000000,-0.000006,False
2020-10-13,2.020784,2.020784,-0.000000,-0.000000,0.000000,0.000000,2.020784,-0.000000,-0.000005,False
2020-10-14,2.020787,2.020787,-0.000000,-0.000000,-0.000000,0.000000,2.020787,-0.000000,-0.000003,False
2020-10-15,2.020790,2.020790,-0.000000,-0.000000,-0.000000,0.000000,2.020790,-0.000000,-0.000005,False
2020-10-16,2.020792,2.020792,-0.000000,-0.000000,-0.000000,0.000000,2.020792,-0.000000,-0.000006,False
2020-10-17,2.020795,2.020795,-0.000000,-0.000000,-0.000000,0.000000,2.020795,-0.000000,-0.000008,False
2020-10-18,2.020798,2.020798,-0.000000,-0.000000,-0.000000,0.000000,2.020798,-0.000000,-0.000009,False
2020-10-19,2.020801,2.020801,-0.000000,0.000000,-0.000000,0.000000,2.020801,-0.000000,-0.000010,False
2020-10-20,2.020803,2.020803,-0.000000,0.000000,-0.000000,0.000000,2.020803,-0.000000,-0.000010,False
2020-10-21,2.020806,2.020806,-0.000000,0.000000,-0.000000,0.000000,2.020806,-0.000000,-0.000010,False
2020-10-22,2.020809,2.020809,-0.000000,0.000000,-0.000000,0.000000,2.020809,-0.000000,-0.000013,False
2020-10-23,2.020811,2.020812,-0.000000,0.000000,-0.000000,0.000000,2.020812,-0.000000,-0.000013,False
2020-10-24,2.020814,2.020814,-0.000000,0.000000,-0.000000,0.000000,2.020814,-0.000000,-0.000013,False
2020-10-25,2.020817,2.020817,-0.000000,0.000000,-0.000000,0.000000,2.020817,-0.000000,-0.000016,False
2020-10-26,2.020820,2.020820,-0.000000,0.000000,-0.000000,0.000000,2.020820,-0.000000,-0.000018,False
2020-10-27,2.020822,2.020822,-0.000000,0.000000,-0.000000,0.000000,2.020822,-0.000000,-0.000021,False
2020-10-28,2.020825,2.020825,-0.000000,0.000000,-0.000000,0.000000,2.020825,-0.000000,-0.000019,False
2020-10-29,2.020828,2.020828,-0.000000,0.000000,-0.000000,0.000000,2.020828,-0.000000,-0.000023,False
2020-10-30,2.020831,2.020831,-0.000000,0.000000,-0.000000,0.000000,2.020831,-0.000000,-0.000026,False
2020-10-31,2.020833,2.020833,-0.000000,0.000000,-0.000000,0.000000,2.020833,-0.000000,-0.000029,False
2020-11-01,2.020836,2.020836,-0.000000,0.000000,-0.000000,0.000000,2.020836,-0.000000,-0.000028,False
2020-11-02,2.020839,2.020839,-0.000000,0.000000,-0.000000,0.000000,2.020839,-0.000000,-0.000031,False
2020-11-03,2.020842,2.020842,-0.000000,0.000000,-0.000000,0.000000,2.020842,-0.000000,-0.000035,False
2020-11-04,2.020844,2.020844,-0.000000,0.000000,-0.000000,0.000000,2.020844,-0.000000,-0.000038,False
2020-11-05,2.020847,2.020847,-0.000000,0.000000,-0.000000,0.000000,2.020847,-0.000000,-0.000042,False
2020-11-06,2.020850,2.020850,-0.000000,0.000000,-0.000000,0.000000,2.020850,-0.000000,-0.000041,False
2020-11-07,2.020852,2.020853,-0.000000,0.000000,-0.000000,0.000000,2.020853,-0.000000,-0.000044,False
2020-11-08,2.020855,2.020855,-0.000000,0.000000,-0.000000,0.000000,2.020855,-0.000000,-0.000048,False
2020-11-09,2.020858,2.020858,-0.000000,0.000000,-0.000000,0.000000,2.020858,-0.000000,-0.000052,False
2020-11-10,2.020861,2.020861,-0.000000,0.000000,-0.000000,0.000000,2.020861,-0.000000,-0.000050,False
2020-11-11,2.020863,2.020863,0.000000,0.000000,-0.000000,0.000000,2.020863,-0.000000,-0.000054,False
2020-11-12,2.020866,2.020866,0.000000,0.000000,-0.000000,0.000000,2.020866,-0.000000,-0.000058,False
2020-11-13,2.020869,2.020869,0.000000,0.000000,-0.000000,0.000000,2.020869,-0.000000,-0.000061,False
2020-11-14,2.020872,2.020872,0.000000,0.000000,-0.000000,0.000000,2.020872,-0.000000,-0.000065,False
2020-11-15,2.020874,2.020874,0.000000,0.000000,-0.000000,0.000000,2.020874,-0.000000,-0.000067,False
2020-11-16,2.020877,2.020877,0.000000,0.000000,-0.000000,0.000000,2.020877,-0.000000,-0.000069,False
2020-11-17,2.020880,2.020880,0.000000,0.000000,-0.000000,0.000000,2.020880,-0.000000,-0.000072,False
2020-11-18,2.020883,2.020883,0.000000,0.000000,-0.000000,0.000000,2.020883,-0.000000,-0.000074,False
2020-11-19,2.020885,2.020885,0.000000,0.000000,-0.000000,0.000000,2.020885,-0.000000,-0.000076,False
2020-11-20,2.020888,2.020888,0.000000,0.000000,-0.000000,0.000000,2.020888,-0.000000,-0.000077,False
2020-11-21,2.020891,2.020891,0.000000,0.000000,-0.000000,0.000000,2.020891,-0.000000,-0.000079,False
2020-11-22,2.020896,2.020893,0.000000,0.000000,-0.000000,0.000000,2.020894,0.000003,0.001285,False
2020-11-23,2.020896,2.020896,0.000000,0.000000,-0.000000,0.000000,2.020896,-0.000000,-0.000082,False
2020-11-24,2.020899,2.020899,0.000000,0.000000,-0.000000,0.000000,2.020899,-0.000000,-0.000080,False
2020-11-25,2.020902,2.020902,0.000000,0.000000,-0.000000,0.000000,2.020902,-0.000000,-0.000082,False
2020-11-26,2.020904,2.020904,0.000000,0.000000,-0.000000,0.000000,2.020905,-0.000000,-0.000084,False
2020-11-27,2.020907,2.020907,0.000000,0.000000,-0.000000,0.000000,2.020907,-0.000000,-0.000086,False
2020-11-28,2.020910,2.020910,0.000000,0.000000,-0.000000,0.000000,2.020910,-0.000000,-0.000083,False
2020-11-29,2.020913,2.020913,0.000000,0.000000,-0.000000,0.000000,2.020913,-0.000000,-0.000084,False
2020-11-30,2.020915,2.020915,0.000000,0.000000,-0.000000,0.000000,2.020915,-0.000000,-0.000086,False
2020-12-01,2.020918,2.020918,0.000000,0.000000,-0.000000,0.000000,2.020918,-0.000000,-0.000087,False
2020-12-02,2.020921,2.020921,0.000000,0.000000,-0.000000,0.000000,2.020921,-0.000000,-0.000083,False
2020-12-03,2.020924,2.020924,0.000000,0.000000,-0.000000,0.000000,2.020924,-0.000000,-0.000084,False
2020-12-04,2.020926,2.020926,0.000000,0.000000,-0.000000,0.000000,2.020926,-0.000000,-0.000085,False
2020-12-05,2.020929,2.020929,0.000000,0.000000,-0.000000,0.000000,2.020929,-0.000000,-0.000085,False
2020-12-06,2.020932,2.020932,0.000000,0.000000,-0.000000,0.000000,2.020932,-0.000000,-0.000085,False
2020-12-07,2.020934,2.020934,0.000000,0.000000,-0.000000,0.000000,2.020935,-0.000000,-0.000080,False
2020-12-08,2.020937,2.020937,0.000000,0.000000,-0.000000,0.000000,2.020937,-0.000000,-0.000080,False
2020-12-09,2.020940,2.020940,0.000000,0.000000,-0.000000,0.000000,2.020940,-0.000000,-0.000080,False
2020-12-10,2.020943,2.020943,0.000000,0.000000,-0.000000,0.000000,2.020943,-0.000000,-0.000080,False
2020-12-11,2.020945,2.020945,0.000000,0.000000,-0.000000,0.000000,2.020946,-0.000000,-0.000074,False
2020-12-12,2.020948,2.020948,0.000000,0.000000,-0.000000,0.000000,2.020948,-0.000000,-0.000073,False
2020-12-13,2.020951,2.020951,0.000000,0.000000,-0.000000,0.000000,2.020951,-0.000000,-0.000072,False
2020-12-14,2.020954,2.020954,0.000000,0.000000,-0.000000,0.000000,2.020954,-0.000000,-0.000071,False
2020-12-15,2.020956,2.020956,0.000000,0.000000,-0.000000,0.000000,2.020956,-0.000000,-0.000070,False
2020-12-16,2.020959,2.020959,0.000000,0.000000,-0.000000,0.000000,2.020959,-0.000000,-0.000064,False
2020-12-17,2.020962,2.020962,0.000000,0.000000,-0.000000,0.000000,2.020962,-0.000000,-0.000062,False
2020-12-18,2.020964,2.020965,0.000000,0.000000,-0.000000,0.000000,2.020965,-0.000000,-0.000060,False
2020-12-19,2.020967,2.020967,0.000000,0.000000,-0.000000,0.000000,2.020967,-0.000000,-0.000059,False
2020-12-20,2.020970,2.020970,0.000000,0.000000,-0.000000,0.000000,2.020970,-0.000000,-0.000052,False
2020-12-21,2.020973,2.020973,0.000000,0.000000,-0.000000,0.000000,2.020973,-0.000000,-0.000050,False
2020-12-22,2.020975,2.020975,0.000000,0.000000,-0.000000,0.000000,2.020976,-0.000000,-0.000048,False
2020-12-23,2.020978,2.020978,0.000000,0.000000,-0.000000,0.000000,2.020978,-0.000000,-0.000046,False
2020-12-24,2.020981,2.020981,0.000000,0.000000,-0.000000,0.000000,2.020981,-0.000000,-0.000044,False
2020-12-25,2.020984,2.020984,0.000000,0.000000,-0.000000,0.000000,2.020984,-0.000000,-0.000036,False
2020-12-26,2.020986,2.020986,0.000000,0.000000,-0.000000,0.000000,2.020986,-0.000000,-0.000034,False
2020-12-27,2.020989,2.020989,-0.000000,0.000000,-0.000000,0.000000,2.020989,-0.000000,-0.000032,False
2020-12-28,2.020992,2.020992,-0.000000,0.000000,-0.000000,0.000000,2.020992,-0.000000,-0.000029,False
2020-12-29,2.020995,2.020995,-0.000000,0.000000,-0.000000,0.000000,2.020995,-0.000000,-0.000022,False
2020-12-30,2.020997,2.020997,-0.000000,0.000000,-0.000000,0.000000,2.020997,-0.000000,-0.000020,False
2020-12-31,2.021000,2.021000,-0.000000,0.000000,-0.000000,0.000000,2.021000,-0.000000,-0.000018,False
2021-01-01,2.021003,2.021003,-0.000000,0.000000,-0.000000,0.000000,2.021003,-0.000000,-0.000010,False
2021-01-02,2.021005,2.021006,-0.000000,0.000000,-0.000000,0.000000,2.021005,-0.000000,-0.000007,False
2021-01-03,2.021008,2.021008,-0.000000,0.000000,-0.000000,0.000000,2.021008,-0.000000,-0.000003,False
2021-01-04,2.021011,2.021011,-0.000000,0.000000,-0.000000,0.000000,2.021011,0.000000,0.000000,False
2021-01-05,2.021014,2.021014,-0.000000,0.000000,-0.000000,0.000000,2.021014,0.000000,0.000003,False
2021-01-06,2.021016,2.021016,-0.000000,0.000000,-0.000000,0.000000,2.021016,0.000000,0.000007,False
2021-01-07,2.021019,2.021019,-0.000000,0.000000,-0.000000,0.000000,2.021019,0.000000,0.000010,False
2021-01-08,2.021022,2.021022,-0.000000,0.000000,-0.000000,0.000000,2.021022,0.000000,0.000013,False
2021-01-09,2.021025,2.021025,-0.000000,0.000000,-0.000000,0.000000,2.021025,0.000000,0.000016,False
2021-01-10,2.021027,2.021027,-0.000000,0.000000,-0.000000,0.000000,2.021027,0.000000,0.000019,False
2021-01-11,2.021030,2.021030,-0.000000,0.000000,-0.000000,0.000000,2.021030,0.000000,0.000022,False
2021-01-12,2.021033,2.021033,-0.000000,0.000000,-0.000000,0.000000,2.021033,0.000000,0.000024,False
2021-01-13,2.021036,2.021036,-0.000000,0.000000,-0.000000,0.000000,2.021036,0.000000,0.000027,False
2021-01-14,2.021038,2.021038,-0.000000,0.000000,-0.000000,0.000000,2.021038,0.000000,0.000029,False
2021-01-15,2.021041,2.021041,-0.000000,0.000000,-0.000000,0.000000,2.021041,0.000000,0.000031,False
2021-01-16,2.021044,2.021044,-0.000000,0.000000,-0.000000,0.000000,2.021044,0.000000,0.000033,False
2021-01-17,2.021047,2.021047,-0.000000,0.000000,-0.000000,0.000000,2.021047,0.000000,0.000035,False
2021-01-18,2.021049,2.021049,-0.000000,-0.000000,-0.000000,0.000000,2.021049,0.000000,0.000037,False
2021-01-19,2.021052,2.021052,-0.000000,-0.000000,-0.000000,0.000000,2.021052,0.000000,0.000034,False
2021-01-20,2.021055,2.021055,-0.000000,-0.000000,-0.000000,0.000000,2.021055,0.000000,0.000035,False
2021-01-21,2.021058,2.021058,-0.000000,-0.000000,-0.000000,0.000000,2.021057,0.000000,0.000036,False
2021-01-22,2.021060,2.021060,-0.000000,-0.000000,-0.000000,0.000000,2.021060,0.000000,0.000038,False
2021-01-23,2.021063,2.021063,-0.000000,-0.000000,-0.000000,0.000000,2.021063,0.000000,0.000039,False
2021-01-24,2.021066,2.021066,-0.000000,-0.000000,-0.000000,0.000000,2.021066,0.000000,0.000039,False
2021-01-25,2.021068,2.021069,-0.000000,-0.000000,-0.000000,0.000000,2.021068,0.000000,0.000040,False
2021-01-26,2.021071,2.021071,-0.000000,-0.000000,-0.000000,0.000000,2.021071,0.000000,0.000041,False
2021-01-27,2.021074,2.021074,-0.000000,-0.000000,-0.000000,0.000000,2.021074,0.000000,0.000041,False
2021-01-28,2.021077,2.021077,-0.000000,-0.000000,-0.000000,0.000000,2.021077,0.000000,0.000041,False
2021-01-29,2.021079,2.021079,-0.000000,-0.000000,-0.000000,0.000000,2.021079,0.000000,0.000041,False
2021-01-30,2.021082,2.021082,-0.000000,-0.000000,-0.000000,0.000000,2.021082,0.000000,0.000041,False
2021-01-31,2.021085,2.021085,-0.000000,-0.000000,-0.000000,0.000000,2.021085,0.000000,0.000041,False
2021-02-01,2.021088,2.021088,-0.000000,-0.000000,-0.000000,0.000000,2.021088,0.000000,0.000041,False
2021-02-02,2.021090,2.021090,-0.000000,-0.000000,-0.000000,0.000000,2.021090,0.000000,0.000040,False
2021-02-03,2.021093,2.021093,-0.000000,-0.000000,-0.000000,0.000000,2.021093,0.000000,0.000040,False
2021-02-04,2.021096,2.021096,-0.000000,-0.000000,-0.000000,0.000000,2.021096,0.000000,0.000039,False
2021-02-05,2.021099,2.021099,-0.000000,-0.000000,-0.000000,0.000000,2.021099,0.000000,0.000039,False
2021-02-06,2.021101,2.021101,-0.000000,-0.000000,-0.000000,0.000000,2.021101,0.000000,0.000038,False
2021-02-07,2.021104,2.021104,-0.000000,-0.000000,-0.000000,0.000000,2.021104,0.000000,0.000037,False
2021-02-08,2.021107,2.021107,-0.000000,-0.000000,-0.000000,0.000000,2.021107,0.000000,0.000036,False
2021-02-09,2.021110,2.021110,-0.000000,-0.000000,-0.000000,0.000000,2.021110,0.000000,0.000035,False
2021-02-10,2.021112,2.021112,-0.000000,-0.000000,-0.000000,0.000000,2.021112,0.000000,0.000034,False
2021-02-11,2.021115,2.021115,0.000000,-0.000000,-0.000000,0.000000,2.021115,0.000000,0.000033,False
2021-02-12,2.021118,2.021118,0.000000,-0.000000,-0.000000,0.000000,2.021118,0.000000,0.000032,False
2021-02-13,2.021121,2.021121,0.000000,-0.000000,-0.000000,0.000000,2.021120,0.000000,0.000030,False
2021-02-14,2.021123,2.021123,0.000000,-0.000000,-0.000000,0.000000,2.021123,0.000000,0.000029,False
2021-02-15,2.021126,2.021126,0.000000,-0.000000,-0.000000,0.000000,2.021126,0.000000,0.000028,False
2021-02-16,2.021129,2.021129,0.000000,-0.000000,-0.000000,0.000000,2.021129,0.000000,0.000027,False
2021-02-17,2.021132,2.021132,0.000000,-0.000000,-0.000000,0.000000,2.021131,0.000000,0.000026,False
2021-02-18,2.021134,2.021134,0.000000,-0.000000,-0.000000,0.000000,2.021134,0.000000,0.000024,False
2021-02-19,2.021137,2.021137,0.000000,-0.000000,-0.000000,0.000000,2.021137,0.000000,0.000022,False
2021-02-20,2.021140,2.021140,0.000000,-0.000000,-0.000000,0.000000,2.021140,0.000000,0.000021,False
2021-02-21,2.021142,2.021143,0.000000,-0.000000,-0.000000,0.000000,2.021142,0.000000,0.000019,False
2021-02-22,2.021145,2.021145,0.000000,-0.000000,-0.000000,0.000000,2.021145,0.000000,0.000017,False
2021-02-23,2.021148,2.021148,0.000000,-0.000000,-0.000000,0.000000,2.021148,0.000000,0.000016,False
2021-02-24,2.021151,2.021151,0.000000,-0.000000,-0.000000,0.000000,2.021151,0.000000,0.000014,False
2021-02-25,2.021159,2.021153,0.000000,-0.000000,-0.000000,0.000000,2.021153,0.000006,0.002752,False
2021-02-26,2.021159,2.021156,0.000000,-0.000000,-0.000000,0.000000,2.021156,0.000003,0.001381,False
2021-02-27,2.021159,2.021159,0.000000,-0.000000,-0.000000,0.000000,2.021159,0.000000,0.000011,False
2021-02-28,2.021162,2.021162,0.000000,-0.000000,-0.000000,0.000000,2.021162,0.000000,0.000010,False
2021-03-01,2.021164,2.021164,0.000000,-0.000000,-0.000000,0.000000,2.021164,0.000000,0.000009,False
2021-03-02,2.021167,2.021167,0.000000,-0.000000,-0.000000,0.000000,2.021167,0.000000,0.000009,False
2021-03-03,2.021170,2.021170,0.000000,-0.000000,-0.000000,0.000000,2.021170,0.000000,0.000009,False
2021-03-04,2.021173,2.021173,0.000000,-0.000000,-0.000000,0.000000,2.021173,0.000000,0.000008,False
2021-03-05,2.021175,2.021175,0.000000,-0.000000,-0.000000,0.000000,2.021175,0.000000,0.000008,False
2021-03-06,2.021178,2.021178,0.000000,-0.000000,-0.000000,0.000000,2.021178,0.000000,0.000008,False
2021-03-07,2.021181,2.021181,0.000000,-0.000000,-0.000000,0.000000,2.021181,0.000000,0.000008,False
2021-03-08,2.021184,2.021184,0.000000,-0.000000,-0.000000,0.000000,2.021184,0.000000,0.000008,False
2021-03-09,2.021186,2.021186,0.000000,-0.000000,-0.000000,0.000000,2.021186,0.000000,0.000008,False
2021-03-10,2.021189,2.021189,0.000000,-0.000000,-0.000000,0.000000,2.021189,0.000000,0.000008,False
2021-03-11,2.021192,2.021192,0.000000,-0.000000,-0.000000,0.000000,2.021192,0.000000,0.000009,False
2021-03-12,2.021195,2.021195,0.000000,-0.000000,-0.000000,0.000000,2.021195,0.000000,0.000009,False
2021-03-13,2.021197,2.021197,0.000000,-0.000000,-0.000000,0.000000,2.021197,0.000000,0.000009,False
2021-03-14,2.021200,2.021200,0.000000,-0.000000,-0.000000,0.000000,2.021200,0.000000,0.000010,False
2021-03-15,2.021203,2.021203,0.000000,-0.000000,-0.000000,0.000000,2.021203,0.000000,0.000011,False
2021-03-16,2.021205,2.021206,0.000000,-0.000000,-0.000000,0.000000,2.021205,0.000000,0.000011,False
2021-03-17,2.021208,2.021208,0.000000,-0.000000,-0.000000,0.000000,2.021208,0.000000,0.000012,False
2021-03-18,2.021211,2.021211,0.000000,-0.000000,-0.000000,0.000000,2.021211,0.000000,0.000013,False
2021-03-19,2.021214,2.021214,0.000000,-0.000000,-0.000000,0.000000,2.021214,0.000000,0.000014,False
2021-03-20,2.021216,2.021216,0.000000,-0.000000,-0.000000,0.000000,2.021216,0.000000,0.000014,False
2021-03-21,2.021219,2.021219,0.000000,-0.000000,-0.000000,0.000000,2.021219,0.000000,0.000015,False
2021-03-22,2.021222,2.021222,0.000000,-0.000000,-0.000000,0.000000,2.021222,0.000000,0.000016,False
2021-03-23,2.021225,2.021225,0.000000,-0.000000,-0.000000,0.000000,2.021225,0.000000,0.000017,False
2021-03-24,2.021227,2.021227,0.000000,-0.000000,-0.000000,0.000000,2.021227,0.000000,0.000018,False
2021-03-25,2.021230,2.021230,0.000000,-0.000000,-0.000000,0.000000,2.021230,0.000000,0.000019,False
2021-03-26,2.021233,2.021233,0.000000,-0.000000,-0.000000,0.000000,2.021233,0.000000,0.000020,False
2021-03-27,2.021236,2.021236,0.000000,-0.000000,-0.000000,0.000000,2.021236,0.000000,0.000021,False
2021-03-28,2.021238,2.021238,-0.000000,-0.000000,-0.000000,0.000000,2.021238,0.000000,0.000022,False
2021-03-29,2.021241,2.021241,-0.000000,-0.000000,-0.000000,0.000000,2.021241,0.000000,0.000022,False
2021-03-30,2.021244,2.021244,-0.000000,-0.000000,-0.000000,-0.000000,2.021244,0.000000,0.000023,False
2021-03-31,2.021247,2.021247,-0.000000,-0.000000,-0.000000,-0.000000,2.021247,0.000000,0.000024,False
2021-04-01,2.021249,2.021249,-0.000000,-0.000000,-0.000000,-0.000000,2.021249,0.000000,0.000024,False
2021-04-02,2.021252,2.021252,-0.000000,-0.000000,-0.000000,-0.000000,2.021252,0.000000,0.000020,False
2021-04-03,2.021255,2.021255,-0.000000,-0.000000,-0.000000,-0.000000,2.021255,0.000000,0.000020,False
2021-04-04,2.021258,2.021258,-0.000000,-0.000000,-0.000000,-0.000000,2.021257,0.000000,0.000021,False
2021-04-05,2.021260,2.021260,-0.000000,-0.000000,-0.000000,-0.000000,2.021260,0.000000,0.000021,False
2021-04-06,2.021263,2.021263,-0.000000,-0.000000,-0.000000,-0.000000,2.021263,0.000000,0.000021,False
2021-04-07,2.021266,2.021266,-0.000000,-0.000000,-0.000000,-0.000000,2.021266,0.000000,0.000021,False
2021-04-08,2.021268,2.021269,-0.000000,-0.000000,-0.000000,-0.000000,2.021268,0.000000,0.000021,False
2021-04-09,2.021271,2.021271,-0.000000,-0.000000,-0.000000,-0.000000,2.021271,0.000000,0.000021,False
2021-04-10,2.021274,2.021274,-0.000000,-0.000000,-0.000000,-0.000000,2.021274,0.000000,0.000021,False
2021-04-11,2.021277,2.021277,-0.000000,-0.000000,-0.000000,-0.000000,2.021277,0.000000,0.000021,False
2021-04-12,2.021279,2.021279,-0.000000,-0.000000,-0.000000,-0.000000,2.021279,0.000000,0.000020,False
2021-04-13,2.021282,2.021282,-0.000000,-0.000000,-0.000000,-0.000000,2.021282,0.000000,0.000019,False
2021-04-14,2.021285,2.021285,-0.000000,-0.000000,-0.000000,-0.000000,2.021285,0.000000,0.000018,False
2021-04-15,2.021288,2.021288,-0.000000,-0.000000,0.000000,-0.000000,2.021288,0.000000,0.000018,False
2021-04-16,2.021290,2.021290,-0.000000,-0.000000,0.000000,-0.000000,2.021290,0.000000,0.000016,False
2021-04-17,2.021293,2.021293,-0.000000,-0.000000,0.000000,-0.000000,2.021293,0.000000,0.000015,False
2021-04-18,2.021296,2.021296,-0.000000,-0.000000,0.000000,-0.000000,2.021296,0.000000,0.000014,False
2021-04-19,2.021299,2.021299,-0.000000,0.000000,0.000000,-0.000000,2.021299,0.000000,0.000012,False
2021-04-20,2.021301,2.021301,-0.000000,0.000000,0.000000,-0.000000,2.021301,0.000000,0.000011,False
2021-04-21,2.021304,2.021304,-0.000000,0.000000,0.000000,-0.000000,2.021304,0.000000,0.000009,False
2021-04-22,2.021307,2.021307,-0.000000,0.000000,0.000000,-0.000000,2.021307,0.000000,0.000007,False
2021-04-23,2.021310,2.021310,-0.000000,0.000000,0.000000,-0.000000,2.021310,0.000000,0.000005,False
2021-04-24,2.021312,2.021312,-0.000000,0.000000,0.000000,-0.000000,2.021312,0.000000,0.000002,False
2021-04-25,2.021315,2.021315,-0.000000,0.000000,0.000000,-0.000000,2.021315,-0.000000,-0.000000,False
2021-04-26,2.021318,2.021318,-0.000000,0.000000,0.000000,-0.000000,2.021318,-0.000000,-0.000003,False
2021-04-27,2.021321,2.021321,-0.000000,0.000000,0.000000,-0.000000,2.021321,-0.000000,-0.000005,False
2021-04-28,2.021323,2.021323,-0.000000,0.000000,0.000000,-0.000000,2.021323,-0.000000,-0.000008,False
2021-04-29,2.021326,2.021326,-0.000000,0.000000,0.000000,-0.000000,2.021326,-0.000000,-0.000011,False
2021-04-30,2.021329,2.021329,-0.000000,0.000000,0.000000,-0.000000,2.021329,-0.000000,-0.000014,False
2021-05-01,2.021332,2.021332,-0.000000,0.000000,0.000000,-0.000000,2.021332,-0.000000,-0.000017,False
2021-05-02,2.021334,2.021334,-0.000000,0.000000,0.000000,-0.000000,2.021334,-0.000000,-0.000020,False
2021-05-03,2.021337,2.021337,-0.000000,0.000000,0.000000,-0.000000,2.021337,-0.000000,-0.000023,False
2021-05-04,2.021340,2.021340,-0.000000,0.000000,0.000000,-0.000000,2.021340,-0.000000,-0.000026,False
2021-05-05,2.021342,2.021343,-0.000000,0.000000,0.000000,-0.000000,2.021343,-0.000000,-0.000029,False
2021-05-06,2.021345,2.021345,-0.000000,0.000000,0.000000,-0.000000,2.021345,-0.000000,-0.000033,False
2021-05-07,2.021348,2.021348,-0.000000,0.000000,0.000000,-0.000000,2.021348,-0.000000,-0.000036,False
2021-05-08,2.021351,2.021351,-0.000000,0.000000,0.000000,-0.000000,2.021351,-0.000000,-0.000044,False
2021-05-09,2.021353,2.021353,-0.000000,0.000000,0.000000,-0.000000,2.021354,-0.000000,-0.000048,False
2021-05-10,2.021356,2.021356,-0.000000,0.000000,0.000000,-0.000000,2.021356,-0.000000,-0.000051,False
2021-05-11,2.021359,2.021359,-0.000000,0.000000,0.000000,-0.000000,2.021359,-0.000000,-0.000055,False
2021-05-12,2.021362,2.021362,-0.000000,0.000000,0.000000,-0.000000,2.021362,-0.000000,-0.000058,False
2021-05-13,2.021364,2.021364,0.000000,0.000000,0.000000,-0.000000,2.021365,-0.000000,-0.000061,False
2021-05-14,2.021367,2.021367,0.000000,0.000000,0.000000,-0.000000,2.021367,-0.000000,-0.000064,False
2021-05-15,2.021370,2.021370,0.000000,0.000000,0.000000,-0.000000,2.021370,-0.000000,-0.000068,False
2021-05-16,2.021373,2.021373,0.000000,0.000000,0.000000,-0.000000,2.021373,-0.000000,-0.000071,False
2021-05-17,2.021375,2.021375,0.000000,0.000000,0.000000,-0.000000,2.021375,-0.000000,-0.000074,False
2021-05-18,2.021378,2.021378,0.000000,0.000000,0.000000,-0.000000,2.021378,-0.000000,-0.000077,False
2021-05-19,2.021381,2.021381,0.000000,0.000000,0.000000,-0.000000,2.021381,-0.000000,-0.000080,False
2021-05-20,2.021384,2.021384,0.000000,0.000000,0.000000,-0.000000,2.021384,-0.000000,-0.000082,False
2021-05-21,2.021386,2.021386,0.000000,0.000000,0.000000,-0.000000,2.021386,-0.000000,-0.000085,False
2021-05-22,2.021389,2.021389,0.000000,0.000000,0.000000,-0.000000,2.021389,-0.000000,-0.000087,False
2021-05-23,2.021392,2.021392,0.000000,0.000000,0.000000,-0.000000,2.021392,-0.000000,-0.000090,False
2021-05-24,2.021395,2.021395,0.000000,0.000000,0.000000,-0.000000,2.021395,-0.000000,-0.000092,False
2021-05-25,2.021397,2.021397,0.000000,0.000000,0.000000,-0.000000,2.021397,-0.000000,-0.000094,False
2021-05-26,2.021400,2.021400,0.000000,0.000000,0.000000,-0.000000,2.021400,-0.000000,-0.000096,False
2021-05-27,2.021403,2.021403,0.000000,0.000000,0.000000,-0.000000,2.021403,-0.000000,-0.000098,False
2021-05-28,2.021405,2.021406,0.000000,0.000000,0.000000,-0.000000,2.021406,-0.000000,-0.000099,False
2021-05-29,2.021408,2.021408,0.000000,0.000000,0.000000,-0.000000,2.021408,-0.000000,-0.000100,False
2021-05-30,2.021411,2.021411,0.000000,0.000000,0.000000,-0.000000,2.021411,-0.000000,-0.000102,False
2021-05-31,2.021414,2.021414,0.000000,0.000000,0.000000,-0.000000,2.021414,-0.000000,-0.000103,False
2021-06-01,2.021416,2.021416,0.000000,0.000000,0.000000,-0.000000,2.021417,-0.000000,-0.000103,False
2021-06-02,2.021419,2.021419,0.000000,0.000000,0.000000,-0.000000,2.021419,-0.000000,-0.000104,False
2021-06-03,2.021422,2.021422,0.000000,0.000000,0.000000,-0.000000,2.021422,-0.000000,-0.000104,False
2021-06-04,2.021425,2.021425,0.000000,0.000000,0.000000,-0.000000,2.021425,-0.000000,-0.000105,False
2021-06-05,2.021427,2.021427,0.000000,0.000000,0.000000,-0.000000,2.021428,-0.000000,-0.000104,False
2021-06-06,2.021430,2.021430,0.000000,0.000000,0.000000,-0.000000,2.021430,-0.000000,-0.000104,False
2021-06-07,2.021433,2.021433,0.000000,0.000000,0.000000,-0.000000,2.021433,-0.000000,-0.000104,False
2021-06-08,2.021436,2.021436,0.000000,0.000000,0.000000,-0.000000,2.021436,-0.000000,-0.000103,False
2021-06-09,2.021438,2.021438,0.000000,0.000000,0.000000,-0.000000,2.021439,-0.000000,-0.000102,False
2021-06-10,2.021441,2.021441,0.000000,0.000000,0.000000,-0.000000,2.021441,-0.000000,-0.000101,False
2021-06-11,2.021444,2.021444,0.000000,0.000000,0.000000,-0.000000,2.021444,-0.000000,-0.000100,False
2021-06-12,2.021447,2.021447,0.000000,0.000000,0.000000,-0.000000,2.021447,-0.000000,-0.000099,False
2021-06-13,2.021449,2.021449,0.000000,0.000000,0.000000,-0.000000,2.021450,-0.000000,-0.000097,False
2021-06-14,2.021452,2.021452,0.000000,0.000000,0.000000,-0.000000,2.021452,-0.000000,-0.000100,False
2021-06-15,2.021455,2.021455,0.000000,0.000000,0.000000,-0.000000,2.021455,-0.000000,-0.000099,False
2021-06-16,2.021458,2.021458,0.000000,0.000000,0.000000,-0.000000,2.021458,-0.000000,-0.000096,False
2021-06-17,2.021460,2.021460,0.000000,0.000000,0.000000,-0.000000,2.021460,-0.000000,-0.000094,False
2021-06-18,2.021463,2.021463,0.000000,0.000000,0.000000,-0.000000,2.021463,-0.000000,-0.000092,False
2021-06-19,2.021466,2.021466,0.000000,0.000000,0.000000,-0.000000,2.021466,-0.000000,-0.000089,False
2021-06-20,2.021468,2.021469,0.000000,0.000000,0.000000,-0.000000,2.021469,-0.000000,-0.000087,False
2021-06-21,2.021471,2.021471,0.000000,0.000000,0.000000,-0.000000,2.021471,-0.000000,-0.000084,False
2021-06-22,2.021474,2.021474,0.000000,0.000000,0.000000,-0.000000,2.021474,-0.000000,-0.000081,False
2021-06-23,2.021477,2.021477,0.000000,0.000000,0.000000,-0.000000,2.021477,-0.000000,-0.000078,False
2021-06-24,2.021479,2.021479,0.000000,0.000000,0.000000,-0.000000,2.021480,-0.000000,-0.000075,False
2021-06-25,2.021482,2.021482,0.000000,0.000000,0.000000,-0.000000,2.021482,-0.000000,-0.000072,False
2021-06-26,2.021485,2.021485,0.000000,0.000000,0.000000,-0.000000,2.021485,-0.000000,-0.000069,False
2021-06-27,2.021488,2.021488,-0.000000,0.000000,0.000000,-0.000000,2.021488,-0.000000,-0.000066,False
2021-06-28,2.021490,2.021490,-0.000000,0.000000,0.000000,-0.000000,2.021491,-0.000000,-0.000062,False
2021-06-29,2.021493,2.021493,-0.000000,0.000000,0.000000,-0.000000,2.021493,-0.000000,-0.000059,False
2021-06-30,2.021496,2.021496,-0.000000,0.000000,0.000000,-0.000000,2.021496,-0.000000,-0.000056,False
2021-07-01,2.021499,2.021499,-0.000000,0.000000,0.000000,-0.000000,2.021499,-0.000000,-0.000052,False
2021-07-02,2.021501,2.021501,-0.000000,0.000000,0.000000,-0.000000,2.021501,-0.000000,-0.000049,False
2021-07-03,2.021504,2.021504,-0.000000,0.000000,0.000000,-0.000000,2.021504,-0.000000,-0.000046,False
2021-07-04,2.021507,2.021507,-0.000000,0.000000,0.000000,-0.000000,2.021507,-0.000000,-0.000042,False
2021-07-05,2.021510,2.021510,-0.000000,0.000000,0.000000,-0.000000,2.021510,-0.000000,-0.000039,False
2021-07-06,2.021512,2.021512,-0.000000,0.000000,0.000000,-0.000000,2.021512,-0.000000,-0.000036,False
2021-07-07,2.021515,2.021515,-0.000000,0.000000,0.000000,-0.000000,2.021515,-0.000000,-0.000033,False
2021-07-08,2.021518,2.021518,-0.000000,0.000000,0.000000,-0.000000,2.021518,-0.000000,-0.000030,False
2021-07-09,2.021521,2.021521,-0.000000,0.000000,0.000000,-0.000000,2.021521,-0.000000,-0.000027,False
2021-07-10,2.021523,2.021523,-0.000000,0.000000,0.000000,-0.000000,2.021523,-0.000000,-0.000024,False
2021-07-11,2.021526,2.021526,-0.000000,0.000000,0.000000,-0.000000,2.021526,-0.000000,-0.000021,False
2021-07-12,2.021529,2.021529,-0.000000,0.000000,0.000000,-0.000000,2.021529,-0.000000,-0.000018,False
2021-07-13,2.021532,2.021532,-0.000000,0.000000,0.000000,-0.000000,2.021532,-0.000000,-0.000016,False
2021-07-14,2.021534,2.021534,-0.000000,0.000000,0.000000,-0.000000,2.021534,-0.000000,-0.000013,False
2021-07-15,2.021537,2.021537,-0.000000,0.000000,0.000000,-0.000000,2.021537,-0.000000,-0.000011,False
2021-07-16,2.021540,2.021540,-0.000000,0.000000,0.000000,-0.000000,2.021540,-0.000000,-0.000008,False
2021-07-17,2.021542,2.021543,-0.000000,0.000000,0.000000,-0.000000,2.021542,-0.000000,-0.000006,False
2021-07-18,2.021545,2.021545,-0.000000,0.000000,0.000000,-0.000000,2.021545,-0.000000,-0.000004,False
2021-07-19,2.021548,2.021548,-0.000000,0.000000,0.000000,-0.000000,2.021548,-0.000000,-0.000002,False
2021-07-20,2.021551,2.021551,-0.000000,-0.000000,0.000000,-0.000000,2.021551,-0.000000,-0.000005,False
2021-07-21,2.021553,2.021553,-0.000000,-0.000000,0.000000,-0.000000,2.021553,-0.000000,-0.000004,False
2021-07-22,2.021556,2.021556,-0.000000,-0.000000,0.000000,-0.000000,2.021556,-0.000000,-0.000002,False
2021-07-23,2.021559,2.021559,-0.000000,-0.000000,0.000000,-0.000000,2.021559,-0.000000,-0.000001,False
2021-07-24,2.021562,2.021562,-0.000000,-0.000000,0.000000,-0.000000,2.021562,0.000000,0.000000,False
2021-07-25,2.021564,2.021564,-0.000000,-0.000000,0.000000,-0.000000,2.021564,0.000000,0.000001,False
2021-07-26,2.021567,2.021567,-0.000000,-0.000000,0.000000,-0.000000,2.021567,0.000000,0.000002,False
2021-07-27,2.021570,2.021570,-0.000000,-0.000000,0.000000,-0.000000,2.021570,0.000000,0.000003,False
2021-07-28,2.021573,2.021573,-0.000000,-0.000000,0.000000,-0.000000,2.021573,0.000000,0.000004,False
2021-07-29,2.021575,2.021575,-0.000000,-0.000000,0.000000,-0.000000,2.021575,0.000000,0.000004,False
2021-07-30,2.021578,2.021578,-0.000000,-0.000000,0.000000,-0.000000,2.021578,0.000000,0.000005,False
2021-07-31,2.021581,2.021581,-0.000000,-0.000000,0.000000,-0.000000,2.021581,0.000000,0.000005,False
2021-08-01,2.021584,2.021584,-0.000000,-0.000000,0.000000,-0.000000,2.021584,0.000000,0.000005,False
2021-08-02,2.021586,2.021586,-0.000000,-0.000000,0.000000,-0.000000,2.021586,0.000000,0.000005,False
2021-08-03,2.021589,2.021589,-0.000000,-0.000000,0.000000,-0.000000,2.021589,0.000000,0.000005,False
2021-08-04,2.021592,2.021592,-0.000000,-0.000000,0.000000,-0.000000,2.021592,0.000000,0.000005,False
2021-08-05,2.021595,2.021595,-0.000000,-0.000000,0.000000,-0.000000,2.021595,0.000000,0.000005,False
2021-08-06,2.021597,2.021597,-0.000000,-0.000000,0.000000,-0.000000,2.021597,0.000000,0.000005,False
2021-08-07,2.021600,2.021600,-0.000000,-0.000000,0.000000,-0.000000,2.021600,0.000000,0.000004,False
2021-08-08,2.021603,2.021603,-0.000000,-0.000000,0.000000,-0.000000,2.021603,0.000000,0.000004,False
2021-08-09,2.021605,2.021606,-0.000000,-0.000000,0.000000,-0.000000,2.021605,0.000000,0.000003,False
2021-08-10,2.021608,2.021608,-0.000000,-0.000000,0.000000,-0.000000,2.021608,0.000000,0.000003,False
2021-08-11,2.021611,2.021611,-0.000000,-0.000000,0.000000,-0.000000,2.021611,0.000000,0.000002,False
2021-08-12,2.021614,2.021614,0.000000,-0.000000,0.000000,-0.000000,2.021614,0.000000,0.000001,False
2021-08-13,2.021616,2.021616,0.000000,-0.000000,0.000000,-0.000000,2.021616,0.000000,0.000001,False
2021-08-14,2.021619,2.021619,0.000000,-0.000000,0.000000,-0.000000,2.021619,0.000000,0.000000,False
2021-08-15,2.021622,2.021622,0.000000,-0.000000,0.000000,-0.000000,2.021622,-0.000000,-0.000001,False
2021-08-16,2.021625,2.021625,0.000000,-0.000000,0.000000,-0.000000,2.021625,-0.000000,-0.000001,False
2021-08-17,2.021627,2.021627,0.000000,-0.000000,0.000000,-0.000000,2.021627,-0.000000,-0.000002,False
2021-08-18,2.021630,2.021630,0.000000,-0.000000,0.000000,-0.000000,2.021630,-0.000000,-0.000003,False
2021-08-19,2.021633,2.021633,0.000000,-0.000000,0.000000,-0.000000,2.021633,-0.000000,-0.000003,False
2021-08-20,2.021636,2.021636,0.000000,-0.000000,0.000000,-0.000000,2.021636,-0.000000,-0.000004,False
2021-08-21,2.021638,2.021638,0.000000,-0.000000,0.000000,-0.000000,2.021638,-0.000000,-0.000004,False
2021-08-22,2.021641,2.021641,0.000000,-0.000000,0.000000,-0.000000,2.021641,-0.000000,-0.000005,False
2021-08-23,2.021644,2.021644,0.000000,-0.000000,0.000000,-0.000000,2.021644,-0.000000,-0.000005,False
2021-08-24,2.021647,2.021647,0.000000,-0.000000,0.000000,-0.000000,2.021647,-0.000000,-0.000006,False
2021-08-25,2.021649,2.021649,0.000000,-0.000000,0.000000,-0.000000,2.021649,-0.000000,-0.000006,False
2021-08-26,2.021652,2.021652,0.000000,-0.000000,0.000000,-0.000000,2.021652,-0.000000,-0.000011,False
2021-08-27,2.021655,2.021655,0.000000,-0.000000,0.000000,-0.000000,2.021655,-0.000000,-0.000011,False
2021-08-28,2.021658,2.021658,0.000000,-0.000000,0.000000,-0.000000,2.021658,-0.000000,-0.000012,False
2021-08-29,2.021660,2.021660,0.000000,-0.000000,0.000000,-0.000000,2.021660,-0.000000,-0.000012,False
2021-08-30,2.021663,2.021663,0.000000,-0.000000,0.000000,-0.000000,2.021663,-0.000000,-0.000011,False
2021-08-31,2.021666,2.021666,0.000000,-0.000000,0.000000,-0.000000,2.021666,-0.000000,-0.000011,False
2021-09-01,2.021668,2.021669,0.000000,-0.000000,0.000000,-0.000000,2.021669,-0.000000,-0.000011,False
2021-09-02,2.021671,2.021671,0.000000,-0.000000,0.000000,-0.000000,2.021671,-0.000000,-0.000010,False
2021-09-03,2.021674,2.021674,0.000000,-0.000000,0.000000,-0.000000,2.021674,-0.000000,-0.000010,False
2021-09-04,2.021677,2.021677,0.000000,-0.000000,0.000000,-0.000000,2.021677,-0.000000,-0.000009,False
2021-09-05,2.021679,2.021679,0.000000,-0.000000,0.000000,-0.000000,2.021679,-0.000000,-0.000009,False
2021-09-06,2.021682,2.021682,0.000000,-0.000000,0.000000,-0.000000,2.021682,-0.000000,-0.000008,False
2021-09-07,2.021685,2.021685,0.000000,-0.000000,0.000000,-0.000000,2.021685,-0.000000,-0.000007,False
2021-09-08,2.021688,2.021688,0.000000,-0.000000,0.000000,-0.000000,2.021688,-0.000000,-0.000006,False
2021-09-09,2.021690,2.021690,0.000000,-0.000000,0.000000,-0.000000,2.021690,-0.000000,-0.000005,False
2021-09-10,2.021693,2.021693,0.000000,-0.000000,0.000000,-0.000000,2.021693,-0.000000,-0.000004,False
2021-09-11,2.021696,2.021696,0.000000,-0.000000,0.000000,-0.000000,2.021696,-0.000000,-0.000002,False
2021-09-12,2.021699,2.021699,0.000000,-0.000000,0.000000,-0.000000,2.021699,-0.000000,-0.000001,False
2021-09-13,2.021701,2.021701,0.000000,-0.000000,0.000000,-0.000000,2.021701,0.000000,0.000000,False
2021-09-14,2.021704,2.021704,0.000000,-0.000000,0.000000,-0.000000,2.021704,0.000000,0.000002,False
2021-09-15,2.021707,2.021707,0.000000,-0.000000,0.000000,-0.000000,2.021707,0.000000,0.000003,False
2021-09-16,2.021710,2.021710,0.000000,-0.000000,0.000000,-0.000000,2.021710,0.000000,0.000005,False
2021-09-17,2.021712,2.021712,0.000000,-0.000000,0.000000,-0.000000,2.021712,0.000000,0.000007,False
2021-09-18,2.021715,2.021715,0.000000,-0.000000,0.000000,-0.000000,2.021715,0.000000,0.000008,False
2021-09-19,2.021718,2.021718,0.000000,-0.000000,0.000000,-0.000000,2.021718,0.000000,0.000010,False
2021-09-20,2.021721,2.021721,0.000000,-0.000000,0.000000,-0.000000,2.021721,0.000000,0.000012,False
2021-09-21,2.021723,2.021723,0.000000,-0.000000,0.000000,-0.000000,2.021723,0.000000,0.000014,False
2021-09-22,2.021726,2.021726,0.000000,-0.000000,0.000000,-0.000000,2.021726,0.000000,0.000016,False
2021-09-23,2.021729,2.021729,0.000000,-0.000000,0.000000,-0.000000,2.021729,0.000000,0.000018,False
2021-09-24,2.021732,2.021732,0.000000,-0.000000,0.000000,-0.000000,2.021731,0.000000,0.000019,False
2021-09-25,2.021734,2.021734,0.000000,-0.000000,0.000000,-0.000000,2.021734,0.000000,0.000021,False
2021-09-26,2.021737,2.021737,0.000000,-0.000000,0.000000,-0.000000,2.021737,0.000000,0.000023,False
2021-09-27,2.021740,2.021740,-0.000000,-0.000000,0.000000,-0.000000,2.021740,0.000000,0.000025,False
2021-09-28,2.021742,2.021743,-0.000000,-0.000000,0.000000,-0.000000,2.021742,0.000000,0.000027,False
2021-09-29,2.021745,2.021745,-0.000000,-0.000000,0.000000,-0.000000,2.021745,0.000000,0.000028,False
2021-09-30,2.021748,2.021748,-0.000000,-0.000000,0.000000,-0.000000,2.021748,0.000000,0.000030,False
2021-10-01,2.021751,2.021751,-0.000000,-0.000000,0.000000,-0.000000,2.021751,0.000000,0.000026,False
2021-10-02,2.021753,2.021753,-0.000000,-0.000000,0.000000,-0.000000,2.021753,0.000000,0.000028,False
2021-10-03,2.021756,2.021756,-0.000000,-0.000000,0.000000,-0.000000,2.021756,0.000000,0.000029,False
2021-10-04,2.021759,2.021759,-0.000000,-0.000000,0.000000,-0.000000,2.021759,0.000000,0.000031,False
2021-10-05,2.021762,2.021762,-0.000000,-0.000000,0.000000,-0.000000,2.021762,0.000000,0.000032,False
2021-10-06,2.021764,2.021764,-0.000000,-0.000000,0.000000,-0.000000,2.021764,0.000000,0.000033,False
2021-10-07,2.021767,2.021767,-0.000000,-0.000000,0.000000,-0.000000,2.021767,0.000000,0.000034,False
2021-10-08,2.021770,2.021770,-0.000000,-0.000000,0.000000,-0.000000,2.021770,0.000000,0.000035,False
2021-10-09,2.021773,2.021773,-0.000000,-0.000000,0.000000,-0.000000,2.021773,0.000000,0.000036,False
2021-10-10,2.021775,2.021775,-0.000000,-0.000000,0.000000,-0.000000,2.021775,0.000000,0.000036,False
2021-10-11,2.021778,2.021778,-0.000000,-0.000000,0.000000,-0.000000,2.021778,0.000000,0.000037,False
2021-10-12,2.021781,2.021781,-0.000000,-0.000000,0.000000,-0.000000,2.021781,0.000000,0.000037,False
2021-10-13,2.021784,2.021784,-0.000000,-0.000000,0.000000,-0.000000,2.021783,0.000000,0.000038,False
2021-10-14,2.021786,2.021786,-0.000000,-0.000000,-0.000000,-0.000000,2.021786,0.000000,0.000038,False
2021-10-15,2.021789,2.021789,-0.000000,-0.000000,-0.000000,-0.000000,2.021789,0.000000,0.000038,False
2021-10-16,2.021792,2.021792,-0.000000,-0.000000,-0.000000,-0.000000,2.021792,0.000000,0.000037,False
2021-10-17,2.021795,2.021795,-0.000000,-0.000000,-0.000000,-0.000000,2.021794,0.000000,0.000037,False
2021-10-18,2.021797,2.021797,-0.000000,-0.000000,-0.000000,-0.000000,2.021797,0.000000,0.000037,False
2021-10-19,2.021800,2.021800,-0.000000,0.000000,-0.000000,-0.000000,2.021800,0.000000,0.000036,False
2021-10-20,2.021803,2.021803,-0.000000,0.000000,-0.000000,-0.000000,2.021803,0.000000,0.000035,False
2021-10-21,2.021805,2.021806,-0.000000,0.000000,-0.000000,-0.000000,2.021805,0.000000,0.000034,False
2021-10-22,2.021808,2.021808,-0.000000,0.000000,-0.000000,-0.000000,2.021808,0.000000,0.000033,False
2021-10-23,2.021811,2.021811,-0.000000,0.000000,-0.000000,-0.000000,2.021811,0.000000,0.000032,False
2021-10-24,2.021814,2.021814,-0.000000,0.000000,-0.000000,-0.000000,2.021814,0.000000,0.000031,False
2021-10-25,2.021816,2.021816,-0.000000,0.000000,-0.000000,-0.000000,2.021816,0.000000,0.000029,False
2021-10-26,2.021819,2.021819,-0.000000,0.000000,-0.000000,-0.000000,2.021819,0.000000,0.000028,False
2021-10-27,2.021822,2.021822,-0.000000,0.000000,-0.000000,-0.000000,2.021822,0.000000,0.000026,False
2021-10-28,2.021825,2.021825,-0.000000,0.000000,-0.000000,-0.000000,2.021825,0.000000,0.000024,False
2021-10-29,2.021827,2.021827,-0.000000,0.000000,-0.000000,-0.000000,2.021827,0.000000,0.000022,False
2021-10-30,2.021830,2.021830,-0.000000,0.000000,-0.000000,-0.000000,2.021830,0.000000,0.000020,False
2021-10-31,2.021833,2.021833,-0.000000,0.000000,-0.000000,-0.000000,2.021833,0.000000,0.000018,False
2021-11-01,2.021836,2.021836,-0.000000,0.000000,-0.000000,-0.000000,2.021836,0.000000,0.000016,False
2021-11-02,2.021838,2.021838,-0.000000,0.000000,-0.000000,-0.000000,2.021838,0.000000,0.000014,False
2021-11-03,2.021841,2.021841,-0.000000,0.000000,-0.000000,-0.000000,2.021841,0.000000,0.000011,False
2021-11-04,2.021844,2.021844,-0.000000,0.000000,-0.000000,-0.000000,2.021844,0.000000,0.000009,False
2021-11-05,2.021847,2.021847,-0.000000,0.000000,-0.000000,-0.000000,2.021847,0.000000,0.000007,False
2021-11-06,2.021849,2.021849,-0.000000,0.000000,-0.000000,-0.000000,2.021849,0.000000,0.000004,False
2021-11-07,2.021852,2.021852,-0.000000,0.000000,-0.000000,-0.000000,2.021852,-0.000000,-0.000003,False
2021-11-08,2.021855,2.021855,-0.000000,0.000000,-0.000000,-0.000000,2.021855,-0.000000,-0.000006,False
2021-11-09,2.021858,2.021858,-0.000000,0.000000,-0.000000,-0.000000,2.021858,-0.000000,-0.000008,False
2021-11-10,2.021860,2.021860,-0.000000,0.000000,-0.000000,-0.000000,2.021860,-0.000000,-0.000011,False
2021-11-11,2.021863,2.021863,0.000000,0.000000,-0.000000,-0.000000,2.021863,-0.000000,-0.000013,False
2021-11-12,2.021866,2.021866,0.000000,0.000000,-0.000000,-0.000000,2.021866,-0.000000,-0.000016,False
2021-11-13,2.021868,2.021869,0.000000,0.000000,-0.000000,-0.000000,2.021869,-0.000000,-0.000018,False
2021-11-14,2.021871,2.021871,0.000000,0.000000,-0.000000,-0.000000,2.021871,-0.000000,-0.000020,False
2021-11-15,2.021874,2.021874,0.000000,0.000000,-0.000000,-0.000000,2.021874,-0.000000,-0.000023,False
2021-11-16,2.021877,2.021877,0.000000,0.000000,-0.000000,-0.000000,2.021877,-0.000000,-0.000025,False
2021-11-17,2.021879,2.021879,0.000000,0.000000,-0.000000,-0.000000,2.021880,-0.000000,-0.000027,False
2021-11-18,2.021882,2.021882,0.000000,0.000000,-0.000000,-0.000000,2.021882,-0.000000,-0.000029,False
2021-11-19,2.021885,2.021885,0.000000,0.000000,-0.000000,-0.000000,2.021885,-0.000000,-0.000031,False
2021-11-20,2.021888,2.021888,0.000000,0.000000,-0.000000,-0.000000,2.021888,-0.000000,-0.000033,False
2021-11-21,2.021890,2.021890,0.000000,0.000000,-0.000000,-0.000000,2.021890,-0.000000,-0.000034,False
2021-11-22,2.021893,2.021893,0.000000,0.000000,-0.000000,-0.000000,2.021893,-0.000000,-0.000036,False
2021-11-23,2.021896,2.021896,0.000000,0.000000,-0.000000,-0.000000,2.021896,-0.000000,-0.000037,False
2021-11-24,2.021899,2.021899,0.000000,0.000000,-0.000000,-0.000000,2.021899,-0.000000,-0.000038,False
2021-11-25,2.021901,2.021901,0.000000,0.000000,-0.000000,-0.000000,2.021901,-0.000000,-0.000039,False
2021-11-26,2.021904,2.021904,0.000000,0.000000,-0.000000,-0.000000,2.021904,-0.000000,-0.000040,False
2021-11-27,2.021907,2.021907,0.000000,0.000000,-0.000000,-0.000000,2.021907,-0.000000,-0.000041,False
2021-11-28,2.021910,2.021910,0.000000,0.000000,-0.000000,-0.000000,2.021910,-0.000000,-0.000042,False
2021-11-29,2.021912,2.021912,0.000000,0.000000,-0.000000,-0.000000,2.021912,-0.000000,-0.000042,False
2021-11-30,2.021915,2.021915,0.000000,0.000000,-0.000000,-0.000000,2.021915,-0.000000,-0.000042,False
2021-12-01,2.021918,2.021918,0.000000,0.000000,-0.000000,-0.000000,2.021918,-0.000000,-0.000042,False
2021-12-02,2.021921,2.021921,0.000000,0.000000,-0.000000,-0.000000,2.021921,-0.000000,-0.000042,False
2021-12-03,2.021923,2.021923,0.000000,0.000000,-0.000000,-0.000000,2.021923,-0.000000,-0.000042,False
2021-12-04,2.021926,2.021926,0.000000,0.000000,-0.000000,-0.000000,2.021926,-0.000000,-0.000041,False
2021-12-05,2.021929,2.021929,0.000000,0.000000,-0.000000,-0.000000,2.021929,-0.000000,-0.000040,False
2021-12-06,2.021932,2.021932,0.000000,0.000000,-0.000000,-0.000000,2.021932,-0.000000,-0.000040,False
2021-12-07,2.021934,2.021934,0.000000,0.000000,-0.000000,-0.000000,2.021934,-0.000000,-0.000038,False
2021-12-08,2.021937,2.021937,0.000000,0.000000,-0.000000,-0.000000,2.021937,-0.000000,-0.000037,False
2021-12-09,2.021940,2.021940,0.000000,0.000000,-0.000000,-0.000000,2.021940,-0.000000,-0.000036,False
2021-12-10,2.021942,2.021943,0.000000,0.000000,-0.000000,-0.000000,2.021943,-0.000000,-0.000034,False
2021-12-11,2.021945,2.021945,0.000000,0.000000,-0.000000,-0.000000,2.021945,-0.000000,-0.000032,False
2021-12-12,2.021948,2.021948,0.000000,0.000000,-0.000000,-0.000000,2.021948,-0.000000,-0.000030,False
2021-12-13,2.021951,2.021951,0.000000,0.000000,-0.000000,-0.000000,2.021951,-0.000000,-0.000033,False
2021-12-14,2.021953,2.021953,0.000000,0.000000,-0.000000,-0.000000,2.021953,-0.000000,-0.000031,False
2021-12-15,2.021956,2.021956,0.000000,0.000000,-0.000000,-0.000000,2.021956,-0.000000,-0.000028,False
2021-12-16,2.021959,2.021959,0.000000,0.000000,-0.000000,-0.000000,2.021959,-0.000000,-0.000026,False
2021-12-17,2.021962,2.021962,0.000000,0.000000,-0.000000,-0.000000,2.021962,-0.000000,-0.000023,False
2021-12-18,2.021964,2.021964,0.000000,0.000000,-0.000000,-0.000000,2.021964,-0.000000,-0.000020,False
2021-12-19,2.021967,2.021967,0.000000,0.000000,-0.000000,-0.000000,2.021967,-0.000000,-0.000017,False
2021-12-20,2.021970,2.021970,0.000000,0.000000,-0.000000,-0.000000,2.021970,-0.000000,-0.000014,False
2021-12-21,2.021973,2.021973,0.000000,0.000000,-0.000000,-0.000000,2.021973,-0.000000,-0.000011,False
2021-12-22,2.021975,2.021975,0.000000,0.000000,-0.000000,-0.000000,2.021975,-0.000000,-0.000008,False
2021-12-23,2.021978,2.021978,0.000000,0.000000,-0.000000,-0.000000,2.021978,-0.000000,-0.000005,False
2021-12-24,2.021981,2.021981,0.000000,0.000000,-0.000000,-0.000000,2.021981,-0.000000,-0.000001,False
2021-12-25,2.021984,2.021984,0.000000,0.000000,-0.000000,-0.000000,2.021984,0.000000,0.000002,False
2021-12-26,2.021986,2.021986,0.000000,0.000000,-0.000000,-0.000000,2.021986,0.000000,0.000006,False
2021-12-27,2.021989,2.021989,-0.000000,0.000000,-0.000000,-0.000000,2.021989,0.000000,0.000009,False
2021-12-28,2.021992,2.021992,-0.000000,0.000000,-0.000000,-0.000000,2.021992,0.000000,0.000013,False
2021-12-29,2.021995,2.021995,-0.000000,0.000000,-0.000000,-0.000000,2.021994,0.000000,0.000016,False
2021-12-30,2.021997,2.021997,-0.000000,0.000000,-0.000000,-0.000000,2.021997,0.000000,0.000020,False
2021-12-31,2.022000,2.022000,-0.000000,0.000000,-0.000000,-0.000000,2.022000,0.000000,0.000023,False
2022-01-01,2.022003,2.022003,-0.000000,0.000000,-0.000000,-0.000000,2.022003,0.000000,0.000027,False
2022-01-02,2.022005,2.022006,-0.000000,0.000000,-0.000000,-0.000000,2.022005,0.000000,0.000030,False
2022-01-03,2.022008,2.022008,-0.000000,0.000000,-0.000000,-0.000000,2.022008,0.000000,0.000034,False
2022-01-04,2.022011,2.022011,-0.000000,0.000000,-0.000000,-0.000000,2.022011,0.000000,0.000037,False
2022-01-05,2.022014,2.022014,-0.000000,0.000000,-0.000000,-0.000000,2.022014,0.000000,0.000040,False
2022-01-06,2.022016,2.022016,-0.000000,0.000000,-0.000000,-0.000000,2.022016,0.000000,0.000043,False
2022-01-07,2.022019,2.022019,-0.000000,0.000000,-0.000000,-0.000000,2.022019,0.000000,0.000046,False
2022-01-08,2.022022,2.022022,-0.000000,0.000000,-0.000000,-0.000000,2.022022,0.000000,0.000049,False
2022-01-09,2.022025,2.022025,-0.000000,0.000000,-0.000000,-0.000000,2.022025,0.000000,0.000052,False
2022-01-10,2.022027,2.022027,-0.000000,0.000000,-0.000000,-0.000000,2.022027,0.000000,0.000055,False
2022-01-11,2.022030,2.022030,-0.000000,0.000000,-0.000000,-0.000000,2.022030,0.000000,0.000058,False
2022-01-12,2.022033,2.022033,-0.000000,0.000000,-0.000000,-0.000000,2.022033,0.000000,0.000060,False
2022-01-13,2.022036,2.022036,-0.000000,0.000000,-0.000000,-0.000000,2.022035,0.000000,0.000063,False
2022-01-14,2.022038,2.022038,-0.000000,0.000000,-0.000000,-0.000000,2.022038,0.000000,0.000065,False
2022-01-15,2.022041,2.022041,-0.000000,0.000000,-0.000000,-0.000000,2.022041,0.000000,0.000067,False
2022-01-16,2.022044,2.022044,-0.000000,0.000000,-0.000000,-0.000000,2.022044,0.000000,0.000069,False
2022-01-17,2.022047,2.022047,-0.000000,0.000000,-0.000000,-0.000000,2.022046,0.000000,0.000071,False
2022-01-18,2.022049,2.022049,-0.000000,-0.000000,-0.000000,-0.000000,2.022049,0.000000,0.000073,False
2022-01-19,2.022052,2.022052,-0.000000,-0.000000,-0.000000,-0.000000,2.022052,0.000000,0.000069,False
2022-01-20,2.022055,2.022055,-0.000000,-0.000000,-0.000000,-0.000000,2.022055,0.000000,0.000071,False
2022-01-21,2.022058,2.022058,-0.000000,-0.000000,-0.000000,-0.000000,2.022057,0.000000,0.000072,False
2022-01-22,2.022060,2.022060,-0.000000,-0.000000,-0.000000,-0.000000,2.022060,0.000000,0.000073,False
2022-01-23,2.022063,2.022063,-0.000000,-0.000000,-0.000000,-0.000000,2.022063,0.000000,0.000074,False
2022-01-24,2.022066,2.022066,-0.000000,-0.000000,-0.000000,-0.000000,2.022066,0.000000,0.000075,False
2022-01-25,2.022068,2.022069,-0.000000,-0.000000,-0.000000,-0.000000,2.022068,0.000000,0.000075,False
2022-01-26,2.022071,2.022071,-0.000000,-0.000000,-0.000000,-0.000000,2.022071,0.000000,0.000076,False
2022-01-27,2.022074,2.022074,-0.000000,-0.000000,-0.000000,-0.000000,2.022074,0.000000,0.000076,False
2022-01-28,2.022077,2.022077,-0.000000,-0.000000,-0.000000,-0.000000,2.022077,0.000000,0.000076,False
2022-01-29,2.022079,2.022079,-0.000000,-0.000000,-0.000000,-0.000000,2.022079,0.000000,0.000076,False
2022-01-30,2.022082,2.022082,-0.000000,-0.000000,-0.000000,-0.000000,2.022082,0.000000,0.000076,False
2022-01-31,2.022085,2.022085,-0.000000,-0.000000,-0.000000,-0.000000,2.022085,0.000000,0.000076,False
2022-02-01,2.022088,2.022088,-0.000000,-0.000000,-0.000000,-0.000000,2.022088,0.000000,0.000075,False
2022-02-02,2.022090,2.022090,-0.000000,-0.000000,-0.000000,-0.000000,2.022090,0.000000,0.000075,False
2022-02-03,2.022093,2.022093,-0.000000,-0.000000,-0.000000,-0.000000,2.022093,0.000000,0.000074,False
2022-02-04,2.022096,2.022096,-0.000000,-0.000000,-0.000000,-0.000000,2.022096,0.000000,0.000073,False
2022-02-05,2.022099,2.022099,-0.000000,-0.000000,-0.000000,-0.000000,2.022098,0.000000,0.000073,False
2022-02-06,2.022101,2.022101,-0.000000,-0.000000,-0.000000,-0.000000,2.022101,0.000000,0.000072,False
2022-02-07,2.022104,2.022104,-0.000000,-0.000000,-0.000000,-0.000000,2.022104,0.000000,0.000071,False
2022-02-08,2.022107,2.022107,-0.000000,-0.000000,-0.000000,-0.000000,2.022107,0.000000,0.000070,False
2022-02-09,2.022110,2.022110,-0.000000,-0.000000,-0.000000,-0.000000,2.022109,0.000000,0.000069,False
2022-02-10,2.022112,2.022112,-0.000000,-0.000000,-0.000000,-0.000000,2.022112,0.000000,0.000067,False
2022-02-11,2.022115,2.022115,0.000000,-0.000000,-0.000000,-0.000000,2.022115,0.000000,0.000066,False
2022-02-12,2.022118,2.022118,0.000000,-0.000000,-0.000000,-0.000000,2.022118,0.000000,0.000065,False
2022-02-13,2.022121,2.022121,0.000000,-0.000000,-0.000000,-0.000000,2.022120,0.000000,0.000064,False
2022-02-14,2.022123,2.022123,0.000000,-0.000000,-0.000000,-0.000000,2.022123,0.000000,0.000062,False
2022-02-15,2.022126,2.022126,0.000000,-0.000000,-0.000000,-0.000000,2.022126,0.000000,0.000061,False
2022-02-16,2.022129,2.022129,0.000000,-0.000000,-0.000000,-0.000000,2.022129,0.000000,0.000060,False
2022-02-17,2.022132,2.022132,0.000000,-0.000000,-0.000000,-0.000000,2.022131,0.000000,0.000058,False
2022-02-18,2.022134,2.022134,0.000000,-0.000000,-0.000000,-0.000000,2.022134,0.000000,0.000057,False
2022-02-19,2.022137,2.022137,0.000000,-0.000000,-0.000000,-0.000000,2.022137,0.000000,0.000056,False
2022-02-20,2.022140,2.022140,0.000000,-0.000000,-0.000000,-0.000000,2.022140,0.000000,0.000055,False
2022-02-21,2.022142,2.022143,0.000000,-0.000000,-0.000000,-0.000000,2.022142,0.000000,0.000054,False
2022-02-22,2.022145,2.022145,0.000000,-0.000000,-0.000000,-0.000000,2.022145,0.000000,0.000052,False
2022-02-23,2.022148,2.022148,0.000000,-0.000000,-0.000000,-0.000000,2.022148,0.000000,0.000051,False
2022-02-24,2.022151,2.022151,0.000000,-0.000000,-0.000000,-0.000000,2.022151,0.000000,0.000045,False
2022-02-25,2.022153,2.022153,0.000000,-0.000000,-0.000000,-0.000000,2.022153,0.000000,0.000044,False
2022-02-26,2.022156,2.022156,0.000000,-0.000000,-0.000000,-0.000000,2.022156,0.000000,0.000043,False
2022-02-27,2.022159,2.022159,0.000000,-0.000000,-0.000000,-0.000000,2.022159,0.000000,0.000043,False
2022-02-28,2.022162,2.022162,0.000000,-0.000000,-0.000000,-0.000000,2.022162,0.000000,0.000042,False
2022-03-01,2.022164,2.022164,0.000000,-0.000000,-0.000000,-0.000000,2.022164,0.000000,0.000041,False
2022-03-02,2.022167,2.022167,0.000000,-0.000000,-0.000000,-0.000000,2.022167,0.000000,0.000041,False
2022-03-03,2.022170,2.022170,0.000000,-0.000000,-0.000000,-0.000000,2.022170,0.000000,0.000040,False
2022-03-04,2.022173,2.022173,0.000000,-0.000000,-0.000000,-0.000000,2.022173,0.000000,0.000040,False
2022-03-05,2.022175,2.022175,0.000000,-0.000000,-0.000000,-0.000000,2.022175,0.000000,0.000039,False
2022-03-06,2.022178,2.022178,0.000000,-0.000000,-0.000000,-0.000000,2.022178,0.000000,0.000039,False
2022-03-07,2.022181,2.022181,0.000000,-0.000000,-0.000000,-0.000000,2.022181,0.000000,0.000039,False
2022-03-08,2.022184,2.022184,0.000000,-0.000000,-0.000000,-0.000000,2.022183,0.000000,0.000039,False
2022-03-09,2.022186,2.022186,0.000000,-0.000000,-0.000000,-0.000000,2.022186,0.000000,0.000039,False
2022-03-10,2.022189,2.022189,0.000000,-0.000000,-0.000000,-0.000000,2.022189,0.000000,0.000039,False
2022-03-11,2.022192,2.022192,0.000000,-0.000000,-0.000000,-0.000000,2.022192,0.000000,0.000039,False
2022-03-12,2.022195,2.022195,0.000000,-0.000000,-0.000000,-0.000000,2.022194,0.000000,0.000039,False
2022-03-13,2.022197,2.022197,0.000000,-0.000000,-0.000000,-0.000000,2.022197,0.000000,0.000040,False
2022-03-14,2.022200,2.022200,0.000000,-0.000000,-0.000000,-0.000000,2.022200,0.000000,0.000040,False
2022-03-15,2.022203,2.022203,0.000000,-0.000000,-0.000000,-0.000000,2.022203,0.000000,0.000041,False
2022-03-16,2.022205,2.022206,0.000000,-0.000000,-0.000000,-0.000000,2.022205,0.000000,0.000041,False
2022-03-17,2.022208,2.022208,0.000000,-0.000000,-0.000000,-0.000000,2.022208,0.000000,0.000042,False
2022-03-18,2.022211,2.022211,0.000000,-0.000000,-0.000000,-0.000000,2.022211,0.000000,0.000043,False
2022-03-19,2.022214,2.022214,0.000000,-0.000000,-0.000000,-0.000000,2.022214,0.000000,0.000043,False
2022-03-20,2.022216,2.022216,0.000000,-0.000000,-0.000000,-0.000000,2.022216,0.000000,0.000044,False
2022-03-21,2.022219,2.022219,0.000000,-0.000000,-0.000000,-0.000000,2.022219,0.000000,0.000045,False
2022-03-22,2.022222,2.022222,0.000000,-0.000000,-0.000000,-0.000000,2.022222,0.000000,0.000046,False
2022-03-23,2.022225,2.022225,0.000000,-0.000000,-0.000000,-0.000000,2.022225,0.000000,0.000046,False
2022-03-24,2.022227,2.022227,0.000000,-0.000000,-0.000000,-0.000000,2.022227,0.000000,0.000047,False
2022-03-25,2.022230,2.022230,0.000000,-0.000000,-0.000000,-0.000000,2.022230,0.000000,0.000048,False
2022-03-26,2.022233,2.022233,0.000000,-0.000000,-0.000000,-0.000000,2.022233,0.000000,0.000049,False
2022-03-27,2.022236,2.022236,0.000000,-0.000000,-0.000000,-0.000000,2.022236,0.000000,0.000049,False
2022-03-28,2.022238,2.022238,-0.000000,-0.000000,-0.000000,-0.000000,2.022238,0.000000,0.000050,False
2022-03-29,2.022241,2.022241,-0.000000,-0.000000,-0.000000,-0.000000,2.022241,0.000000,0.000051,False
2022-03-30,2.022244,2.022244,-0.000000,-0.000000,-0.000000,-0.000000,2.022244,0.000000,0.000051,False
2022-03-31,2.022247,2.022247,-0.000000,-0.000000,-0.000000,-0.000000,2.022246,0.000000,0.000052,False
2022-04-01,2.022249,2.022249,-0.000000,-0.000000,-0.000000,-0.000000,2.022249,0.000000,0.000053,False
2022-04-02,2.022252,2.022252,-0.000000,-0.000000,-0.000000,-0.000000,2.022252,0.000000,0.000048,False
2022-04-03,2.022255,2.022255,-0.000000,-0.000000,-0.000000,-0.000000,2.022255,0.000000,0.000048,False
2022-04-04,2.022258,2.022258,-0.000000,-0.000000,-0.000000,-0.000000,2.022257,0.000000,0.000049,False
2022-04-05,2.022260,2.022260,-0.000000,-0.000000,-0.000000,-0.000000,2.022260,0.000000,0.000049,False
2022-04-06,2.022263,2.022263,-0.000000,-0.000000,-0.000000,-0.000000,2.022263,0.000000,0.000049,False
2022-04-07,2.022266,2.022266,-0.000000,-0.000000,-0.000000,-0.000000,2.022266,0.000000,0.000049,False
2022-04-08,2.022268,2.022269,-0.000000,-0.000000,-0.000000,-0.000000,2.022268,0.000000,0.000049,False
2022-04-09,2.022271,2.022271,-0.000000,-0.000000,-0.000000,-0.000000,2.022271,0.000000,0.000048,False
2022-04-10,2.022274,2.022274,-0.000000,-0.000000,-0.000000,-0.000000,2.022274,0.000000,0.000048,False
2022-04-11,2.022277,2.022277,-0.000000,-0.000000,-0.000000,-0.000000,2.022277,0.000000,0.000047,False
2022-04-12,2.022279,2.022279,-0.000000,-0.000000,-0.000000,-0.000000,2.022279,0.000000,0.000047,False
2022-04-13,2.022282,2.022282,-0.000000,-0.000000,-0.000000,-0.000000,2.022282,0.000000,0.000046,False
2022-04-14,2.022285,2.022285,-0.000000,-0.000000,-0.000000,-0.000000,2.022285,0.000000,0.000045,False
2022-04-15,2.022288,2.022288,-0.000000,-0.000000,0.000000,-0.000000,2.022288,0.000000,0.000044,False
2022-04-16,2.022290,2.022290,-0.000000,-0.000000,0.000000,-0.000000,2.022290,0.000000,0.000043,False
2022-04-17,2.022293,2.022293,-0.000000,-0.000000,0.000000,-0.000000,2.022293,0.000000,0.000041,False
2022-04-18,2.022296,2.022296,-0.000000,-0.000000,0.000000,-0.000000,2.022296,0.000000,0.000040,False
2022-04-19,2.022299,2.022299,-0.000000,0.000000,0.000000,-0.000000,2.022299,0.000000,0.000038,False
2022-04-20,2.022301,2.022301,-0.000000,0.000000,0.000000,-0.000000,2.022301,0.000000,0.000036,False
2022-04-21,2.022304,2.022304,-0.000000,0.000000,0.000000,-0.000000,2.022304,0.000000,0.000034,False
2022-04-22,2.022307,2.022307,-0.000000,0.000000,0.000000,-0.000000,2.022307,0.000000,0.000032,False
2022-04-23,2.022310,2.022310,-0.000000,0.000000,0.000000,-0.000000,2.022310,0.000000,0.000030,False
2022-04-24,2.022312,2.022312,-0.000000,0.000000,0.000000,-0.000000,2.022312,0.000000,0.000027,False
2022-04-25,2.022315,2.022315,-0.000000,0.000000,0.000000,-0.000000,2.022315,0.000000,0.000025,False
2022-04-26,2.022318,2.022318,-0.000000,0.000000,0.000000,-0.000000,2.022318,0.000000,0.000022,False
2022-04-27,2.022321,2.022321,-0.000000,0.000000,0.000000,-0.000000,2.022321,0.000000,0.000020,False
2022-04-28,2.022323,2.022323,-0.000000,0.000000,0.000000,-0.000000,2.022323,0.000000,0.000017,False
2022-04-29,2.022326,2.022326,-0.000000,0.000000,0.000000,-0.000000,2.022326,0.000000,0.000014,False
2022-04-30,2.022329,2.022329,-0.000000,0.000000,0.000000,-0.000000,2.022329,0.000000,0.000011,False
2022-05-01,2.022332,2.022332,-0.000000,0.000000,0.000000,-0.000000,2.022331,0.000000,0.000008,False
2022-05-02,2.022334,2.022334,-0.000000,0.000000,0.000000,-0.000000,2.022334,0.000000,0.000004,False
2022-05-03,2.022337,2.022337,-0.000000,0.000000,0.000000,-0.000000,2.022337,0.000000,0.000001,False
2022-05-04,2.022340,2.022340,-0.000000,0.000000,0.000000,-0.000000,2.022340,-0.000000,-0.000002,False
2022-05-05,2.022342,2.022343,-0.000000,0.000000,0.000000,-0.000000,2.022342,-0.000000,-0.000006,False
2022-05-06,2.022345,2.022345,-0.000000,0.000000,0.000000,-0.000000,2.022345,-0.000000,-0.000009,False
2022-05-07,2.022348,2.022348,-0.000000,0.000000,0.000000,-0.000000,2.022348,-0.000000,-0.000013,False
2022-05-08,2.022351,2.022351,-0.000000,0.000000,0.000000,-0.000000,2.022351,-0.000000,-0.000021,False
2022-05-09,2.022353,2.022353,-0.000000,0.000000,0.000000,-0.000000,2.022353,-0.000000,-0.000025,False
2022-05-10,2.022356,2.022356,-0.000000,0.000000,0.000000,-0.000000,2.022356,-0.000000,-0.000028,False
2022-05-11,2.022359,2.022359,-0.000000,0.000000,0.000000,-0.000000,2.022359,-0.000000,-0.000032,False
2022-05-12,2.022362,2.022362,-0.000000,0.000000,0.000000,-0.000000,2.022362,-0.000000,-0.000035,False
2022-05-13,2.022364,2.022364,0.000000,0.000000,0.000000,-0.000000,2.022364,-0.000000,-0.000039,False
2022-05-14,2.022367,2.022367,0.000000,0.000000,0.000000,-0.000000,2.022367,-0.000000,-0.000042,False
2022-05-15,2.022370,2.022370,0.000000,0.000000,0.000000,-0.000000,2.022370,-0.000000,-0.000045,False
2022-05-16,2.022373,2.022373,0.000000,0.000000,0.000000,-0.000000,2.022373,-0.000000,-0.000049,False
2022-05-17,2.022375,2.022375,0.000000,0.000000,0.000000,-0.000000,2.022375,-0.000000,-0.000052,False
2022-05-18,2.022378,2.022378,0.000000,0.000000,0.000000,-0.000000,2.022378,-0.000000,-0.000055,False
2022-05-19,2.022381,2.022381,0.000000,0.000000,0.000000,-0.000000,2.022381,-0.000000,-0.000058,False
2022-05-20,2.022384,2.022384,0.000000,0.000000,0.000000,-0.000000,2.022384,-0.000000,-0.000061,False
2022-05-21,2.022386,2.022386,0.000000,0.000000,0.000000,-0.000000,2.022386,-0.000000,-0.000064,False
2022-05-22,2.022389,2.022389,0.000000,0.000000,0.000000,-0.000000,2.022389,-0.000000,-0.000066,False
2022-05-23,2.022392,2.022392,0.000000,0.000000,0.000000,-0.000000,2.022392,-0.000000,-0.000069,False
2022-05-24,2.022395,2.022395,0.000000,0.000000,0.000000,-0.000000,2.022395,-0.000000,-0.000071,False
2022-05-25,2.022397,2.022397,0.000000,0.000000,0.000000,-0.000000,2.022397,-0.000000,-0.000073,False
2022-05-26,2.022400,2.022400,0.000000,0.000000,0.000000,-0.000000,2.022400,-0.000000,-0.000075,False
2022-05-27,2.022403,2.022403,0.000000,0.000000,0.000000,-0.000000,2.022403,-0.000000,-0.000077,False
2022-05-28,2.022405,2.022406,0.000000,0.000000,0.000000,-0.000000,2.022406,-0.000000,-0.000079,False
2022-05-29,2.022408,2.022408,0.000000,0.000000,0.000000,-0.000000,2.022408,-0.000000,-0.000080,False
2022-05-30,2.022411,2.022411,0.000000,0.000000,0.000000,-0.000000,2.022411,-0.000000,-0.000082,False
2022-05-31,2.022414,2.022414,0.000000,0.000000,0.000000,-0.000000,2.022414,-0.000000,-0.000083,False
2022-06-01,2.022416,2.022416,0.000000,0.000000,0.000000,-0.000000,2.022417,-0.000000,-0.000084,False
2022-06-02,2.022419,2.022419,0.000000,0.000000,0.000000,-0.000000,2.022419,-0.000000,-0.000084,False
2022-06-03,2.022422,2.022422,0.000000,0.000000,0.000000,-0.000000,2.022422,-0.000000,-0.000085,False
2022-06-04,2.022425,2.022425,0.000000,0.000000,0.000000,-0.000000,2.022425,-0.000000,-0.000085,False
2022-06-05,2.022427,2.022427,0.000000,0.000000,0.000000,-0.000000,2.022428,-0.000000,-0.000085,False
2022-06-06,2.022430,2.022430,0.000000,0.000000,0.000000,-0.000000,2.022430,-0.000000,-0.000085,False
2022-06-07,2.022433,2.022433,0.000000,0.000000,0.000000,-0.000000,2.022433,-0.000000,-0.000085,False
2022-06-08,2.022436,2.022436,0.000000,0.000000,0.000000,-0.000000,2.022436,-0.000000,-0.000085,False
2022-06-09,2.022438,2.022438,0.000000,0.000000,0.000000,-0.000000,2.022439,-0.000000,-0.000084,False
2022-06-10,2.022441,2.022441,0.000000,0.000000,0.000000,-0.000000,2.022441,-0.000000,-0.000083,False
2022-06-11,2.022444,2.022444,0.000000,0.000000,0.000000,-0.000000,2.022444,-0.000000,-0.000082,False
2022-06-12,2.022447,2.022447,0.000000,0.000000,0.000000,-0.000000,2.022447,-0.000000,-0.000081,False
2022-06-13,2.022449,2.022449,0.000000,0.000000,0.000000,-0.000000,2.022449,-0.000000,-0.000079,False
2022-06-14,2.022452,2.022452,0.000000,0.000000,0.000000,-0.000000,2.022452,-0.000000,-0.000083,False
2022-06-15,2.022455,2.022455,0.000000,0.000000,0.000000,-0.000000,2.022455,-0.000000,-0.000081,False
2022-06-16,2.022458,2.022458,0.000000,0.000000,0.000000,-0.000000,2.022458,-0.000000,-0.000079,False
2022-06-17,2.022460,2.022460,0.000000,0.000000,0.000000,-0.000000,2.022460,-0.000000,-0.000077,False
2022-06-18,2.022463,2.022463,0.000000,0.000000,0.000000,-0.000000,2.022463,-0.000000,-0.000075,False
2022-06-19,2.022466,2.022466,0.000000,0.000000,0.000000,-0.000000,2.022466,-0.000000,-0.000073,False
2022-06-20,2.022468,2.022469,0.000000,0.000000,0.000000,-0.000000,2.022469,-0.000000,-0.000070,False
2022-06-21,2.022471,2.022471,0.000000,0.000000,0.000000,-0.000000,2.022471,-0.000000,-0.000067,False
2022-06-22,2.022474,2.022474,0.000000,0.000000,0.000000,-0.000000,2.022474,-0.000000,-0.000065,False
2022-06-23,2.022477,2.022477,0.000000,0.000000,0.000000,-0.000000,2.022477,-0.000000,-0.000062,False
2022-06-24,2.022479,2.022479,0.000000,0.000000,0.000000,-0.000000,2.022480,-0.000000,-0.000059,False
2022-06-25,2.022482,2.022482,0.000000,0.000000,0.000000,-0.000000,2.022482,-0.000000,-0.000056,False
2022-06-26,2.022485,2.022485,0.000000,0.000000,0.000000,-0.000000,2.022485,-0.000000,-0.000053,False
2022-06-27,2.022488,2.022488,-0.000000,0.000000,0.000000,-0.000000,2.022488,-0.000000,-0.000050,False
2022-06-28,2.022490,2.022490,-0.000000,0.000000,0.000000,-0.000000,2.022491,-0.000000,-0.000047,False
2022-06-29,2.022493,2.022493,-0.000000,0.000000,0.000000,-0.000000,2.022493,-0.000000,-0.000044,False
2022-06-30,2.022496,2.022496,-0.000000,0.000000,0.000000,-0.000000,2.022496,-0.000000,-0.000041,False
2022-07-01,2.022499,2.022499,-0.000000,0.000000,0.000000,-0.000000,2.022499,-0.000000,-0.000037,False
2022-07-02,2.022501,2.022501,-0.000000,0.000000,0.000000,-0.000000,2.022501,-0.000000,-0.000034,False
2022-07-03,2.022504,2.022504,-0.000000,0.000000,0.000000,-0.000000,2.022504,-0.000000,-0.000031,False
2022-07-04,2.022507,2.022507,-0.000000,0.000000,0.000000,-0.000000,2.022507,-0.000000,-0.000028,False
2022-07-05,2.022510,2.022510,-0.000000,0.000000,0.000000,-0.000000,2.022510,-0.000000,-0.000025,False
2022-07-06,2.022512,2.022512,-0.000000,0.000000,0.000000,-0.000000,2.022512,-0.000000,-0.000022,False
2022-07-07,2.022515,2.022515,-0.000000,0.000000,0.000000,-0.000000,2.022515,-0.000000,-0.000019,False
2022-07-08,2.022518,2.022518,-0.000000,0.000000,0.000000,-0.000000,2.022518,-0.000000,-0.000016,False
2022-07-09,2.022521,2.022521,-0.000000,0.000000,0.000000,-0.000000,2.022521,-0.000000,-0.000013,False
2022-07-10,2.022523,2.022523,-0.000000,0.000000,0.000000,-0.000000,2.022523,-0.000000,-0.000010,False
2022-07-11,2.022526,2.022526,-0.000000,0.000000,0.000000,-0.000000,2.022526,-0.000000,-0.000008,False
2022-07-12,2.022529,2.022529,-0.000000,0.000000,0.000000,-0.000000,2.022529,-0.000000,-0.000005,False
2022-07-13,2.022532,2.022532,-0.000000,0.000000,0.000000,-0.000000,2.022532,-0.000000,-0.000003,False
2022-07-14,2.022534,2.022534,-0.000000,0.000000,0.000000,-0.000000,2.022534,-0.000000,-0.000000,False
2022-07-15,2.022537,2.022537,-0.000000,0.000000,0.000000,-0.000000,2.022537,0.000000,0.000002,False
2022-07-16,2.022540,2.022540,-0.000000,0.000000,0.000000,-0.000000,2.022540,0.000000,0.000004,False
2022-07-17,2.022542,2.022543,-0.000000,0.000000,0.000000,-0.000000,2.022542,0.000000,0.000006,False
2022-07-18,2.022545,2.022545,-0.000000,0.000000,0.000000,-0.000000,2.022545,0.000000,0.000008,False
2022-07-19,2.022548,2.022548,-0.000000,0.000000,0.000000,-0.000000,2.022548,0.000000,0.000010,False
2022-07-20,2.022551,2.022551,-0.000000,-0.000000,0.000000,-0.000000,2.022551,0.000000,0.000006,False
2022-07-21,2.022553,2.022553,-0.000000,-0.000000,0.000000,-0.000000,2.022553,0.000000,0.000008,False
2022-07-22,2.022556,2.022556,-0.000000,-0.000000,0.000000,-0.000000,2.022556,0.000000,0.000009,False
2022-07-23,2.022559,2.022559,-0.000000,-0.000000,0.000000,-0.000000,2.022559,0.000000,0.000010,False
2022-07-24,2.022562,2.022562,-0.000000,-0.000000,0.000000,-0.000000,2.022562,0.000000,0.000012,False
2022-07-25,2.022564,2.022564,-0.000000,-0.000000,0.000000,-0.000000,2.022564,0.000000,0.000012,False
2022-07-26,2.022567,2.022567,-0.000000,-0.000000,0.000000,-0.000000,2.022567,0.000000,0.000013,False
2022-07-27,2.022570,2.022570,-0.000000,-0.000000,0.000000,-0.000000,2.022570,0.000000,0.000014,False
2022-07-28,2.022573,2.022573,-0.000000,-0.000000,0.000000,-0.000000,2.022573,0.000000,0.000014,False
2022-07-29,2.022575,2.022575,-0.000000,-0.000000,0.000000,-0.000000,2.022575,0.000000,0.000015,False
2022-07-30,2.022578,2.022578,-0.000000,-0.000000,0.000000,-0.000000,2.022578,0.000000,0.000015,False
2022-07-31,2.022581,2.022581,-0.000000,-0.000000,0.000000,-0.000000,2.022581,0.000000,0.000015,False
2022-08-01,2.022584,2.022584,-0.000000,-0.000000,0.000000,-0.000000,2.022584,0.000000,0.000015,False
2022-08-02,2.022586,2.022586,-0.000000,-0.000000,0.000000,-0.000000,2.022586,0.000000,0.000015,False
2022-08-03,2.022589,2.022589,-0.000000,-0.000000,0.000000,-0.000000,2.022589,0.000000,0.000015,False
2022-08-04,2.022592,2.022592,-0.000000,-0.000000,0.000000,-0.000000,2.022592,0.000000,0.000014,False
2022-08-05,2.022595,2.022595,-0.000000,-0.000000,0.000000,-0.000000,2.022594,0.000000,0.000014,False
2022-08-06,2.022597,2.022597,-0.000000,-0.000000,0.000000,-0.000000,2.022597,0.000000,0.000014,False
2022-08-07,2.022600,2.022600,-0.000000,-0.000000,0.000000,-0.000000,2.022600,0.000000,0.000013,False
2022-08-08,2.022603,2.022603,-0.000000,-0.000000,0.000000,-0.000000,2.022603,0.000000,0.000012,False
2022-08-09,2.022605,2.022606,-0.000000,-0.000000,0.000000,-0.000000,2.022605,0.000000,0.000012,False
2022-08-10,2.022608,2.022608,-0.000000,-0.000000,0.000000,-0.000000,2.022608,0.000000,0.000011,False
2022-08-11,2.022611,2.022611,-0.000000,-0.000000,0.000000,-0.000000,2.022611,0.000000,0.000010,False
2022-08-12,2.022614,2.022614,0.000000,-0.000000,0.000000,-0.000000,2.022614,0.000000,0.000009,False
2022-08-13,2.022616,2.022616,0.000000,-0.000000,0.000000,-0.000000,2.022616,0.000000,0.000009,False
2022-08-14,2.022619,2.022619,0.000000,-0.000000,0.000000,-0.000000,2.022619,0.000000,0.000008,False
2022-08-15,2.022622,2.022622,0.000000,-0.000000,0.000000,-0.000000,2.022622,0.000000,0.000007,False
2022-08-16,2.022625,2.022625,0.000000,-0.000000,0.000000,-0.000000,2.022625,0.000000,0.000006,False
2022-08-17,2.022627,2.022627,0.000000,-0.000000,0.000000,-0.000000,2.022627,0.000000,0.000005,False
2022-08-18,2.022630,2.022630,0.000000,-0.000000,0.000000,-0.000000,2.022630,0.000000,0.000004,False
2022-08-19,2.022633,2.022633,0.000000,-0.000000,0.000000,-0.000000,2.022633,0.000000,0.000004,False
2022-08-20,2.022636,2.022636,0.000000,-0.000000,0.000000,-0.000000,2.022636,0.000000,0.000003,False
2022-08-21,2.022638,2.022638,0.000000,-0.000000,0.000000,-0.000000,2.022638,0.000000,0.000002,False
2022-08-22,2.022641,2.022641,0.000000,-0.000000,0.000000,-0.000000,2.022641,0.000000,0.000001,False
2022-08-23,2.022644,2.022644,0.000000,-0.000000,0.000000,-0.000000,2.022644,0.000000,0.000001,False
2022-08-24,2.022647,2.022647,0.000000,-0.000000,0.000000,-0.000000,2.022647,0.000000,0.000000,False
2022-08-25,2.022649,2.022649,0.000000,-0.000000,0.000000,-0.000000,2.022649,-0.000000,-0.000000,False
2022-08-26,2.022652,2.022652,0.000000,-0.000000,0.000000,-0.000000,2.022652,-0.000000,-0.000006,False
2022-08-27,2.022655,2.022655,0.000000,-0.000000,0.000000,-0.000000,2.022655,-0.000000,-0.000006,False
2022-08-28,2.022658,2.022658,0.000000,-0.000000,0.000000,-0.000000,2.022658,-0.000000,-0.000006,False
2022-08-29,2.022660,2.022660,0.000000,-0.000000,0.000000,-0.000000,2.022660,-0.000000,-0.000006,False
2022-08-30,2.022663,2.022663,0.000000,-0.000000,0.000000,-0.000000,2.022663,-0.000000,-0.000006,False
2022-08-31,2.022666,2.022666,0.000000,-0.000000,0.000000,-0.000000,2.022666,-0.000000,-0.000006,False
2022-09-01,2.022668,2.022669,0.000000,-0.000000,0.000000,-0.000000,2.022669,-0.000000,-0.000006,False
2022-09-02,2.022671,2.022671,0.000000,-0.000000,0.000000,-0.000000,2.022671,-0.000000,-0.000006,False
2022-09-03,2.022674,2.022674,0.000000,-0.000000,0.000000,-0.000000,2.022674,-0.000000,-0.000006,False
2022-09-04,2.022677,2.022677,0.000000,-0.000000,0.000000,-0.000000,2.022677,-0.000000,-0.000005,False
2022-09-05,2.022679,2.022679,0.000000,-0.000000,0.000000,-0.000000,2.022679,-0.000000,-0.000005,False
2022-09-06,2.022682,2.022682,0.000000,-0.000000,0.000000,-0.000000,2.022682,-0.000000,-0.000004,False
2022-09-07,2.022685,2.022685,0.000000,-0.000000,0.000000,-0.000000,2.022685,-0.000000,-0.000003,False
2022-09-08,2.022688,2.022688,0.000000,-0.000000,0.000000,-0.000000,2.022688,-0.000000,-0.000003,False
2022-09-09,2.022690,2.022690,0.000000,-0.000000,0.000000,-0.000000,2.022690,-0.000000,-0.000002,False
2022-09-10,2.022693,2.022693,0.000000,-0.000000,0.000000,-0.000000,2.022693,-0.000000,-0.000001,False
2022-09-11,2.022696,2.022696,0.000000,-0.000000,0.000000,-0.000000,2.022696,0.000000,0.000000,False
2022-09-12,2.022699,2.022699,0.000000,-0.000000,0.000000,-0.000000,2.022699,0.000000,0.000002,False
2022-09-13,2.022701,2.022701,0.000000,-0.000000,0.000000,-0.000000,2.022701,0.000000,0.000003,False
2022-09-14,2.022704,2.022704,0.000000,-0.000000,0.000000,-0.000000,2.022704,0.000000,0.000004,False
2022-09-15,2.022707,2.022707,0.000000,-0.000000,0.000000,-0.000000,2.022707,0.000000,0.000006,False
2022-09-16,2.022710,2.022710,0.000000,-0.000000,0.000000,-0.000000,2.022710,0.000000,0.000007,False
2022-09-17,2.022712,2.022712,0.000000,-0.000000,0.000000,-0.000000,2.022712,0.000000,0.000009,False
2022-09-18,2.022715,2.022715,0.000000,-0.000000,0.000000,-0.000000,2.022715,0.000000,0.000010,False
2022-09-19,2.022718,2.022718,0.000000,-0.000000,0.000000,-0.000000,2.022718,0.000000,0.000012,False
2022-09-20,2.022721,2.022721,0.000000,-0.000000,0.000000,-0.000000,2.022721,0.000000,0.000013,False
2022-09-21,2.022723,2.022723,0.000000,-0.000000,0.000000,-0.000000,2.022723,0.000000,0.000015,False
2022-09-22,2.022726,2.022726,0.000000,-0.000000,0.000000,-0.000000,2.022726,0.000000,0.000017,False
2022-09-23,2.022729,2.022729,0.000000,-0.000000,0.000000,-0.000000,2.022729,0.000000,0.000018,False
2022-09-24,2.022732,2.022732,0.000000,-0.000000,0.000000,-0.000000,2.022731,0.000000,0.000020,False
2022-09-25,2.022734,2.022734,0.000000,-0.000000,0.000000,-0.000000,2.022734,0.000000,0.000022,False
2022-09-26,2.022737,2.022737,0.000000,-0.000000,0.000000,-0.000000,2.022737,0.000000,0.000023,False
2022-09-27,2.022740,2.022740,-0.000000,-0.000000,0.000000,-0.000000,2.022740,0.000000,0.000025,False
2022-09-28,2.022742,2.022743,-0.000000,-0.000000,0.000000,-0.000000,2.022742,0.000000,0.000027,False
2022-09-29,2.022745,2.022745,-0.000000,-0.000000,0.000000,-0.000000,2.022745,0.000000,0.000028,False
2022-09-30,2.022748,2.022748,-0.000000,-0.000000,0.000000,-0.000000,2.022748,0.000000,0.000029,False
2022-10-01,2.022751,2.022751,-0.000000,-0.000000,0.000000,-0.000000,2.022751,0.000000,0.000026,False
2022-10-02,2.022753,2.022753,-0.000000,-0.000000,0.000000,-0.000000,2.022753,0.000000,0.000027,False
2022-10-03,2.022756,2.022756,-0.000000,-0.000000,0.000000,-0.000000,2.022756,0.000000,0.000028,False
2022-10-04,2.022759,2.022759,-0.000000,-0.000000,0.000000,-0.000000,2.022759,0.000000,0.000030,False
2022-10-05,2.022762,2.022762,-0.000000,-0.000000,0.000000,-0.000000,2.022762,0.000000,0.000031,False
2022-10-06,2.022764,2.022764,-0.000000,-0.000000,0.000000,-0.000000,2.022764,0.000000,0.000032,False
2022-10-07,2.022767,2.022767,-0.000000,-0.000000,0.000000,-0.000000,2.022767,0.000000,0.000032,False
2022-10-08,2.022770,2.022770,-0.000000,-0.000000,0.000000,-0.000000,2.022770,0.000000,0.000033,False
2022-10-09,2.022773,2.022773,-0.000000,-0.000000,0.000000,-0.000000,2.022773,0.000000,0.000034,False
2022-10-10,2.022775,2.022775,-0.000000,-0.000000,0.000000,-0.000000,2.022775,0.000000,0.000034,False
2022-10-11,2.022778,2.022778,-0.000000,-0.000000,0.000000,-0.000000,2.022778,0.000000,0.000035,False
2022-10-12,2.022781,2.022781,-0.000000,-0.000000,0.000000,-0.000000,2.022781,0.000000,0.000035,False
2022-10-13,2.022784,2.022784,-0.000000,-0.000000,0.000000,-0.000000,2.022783,0.000000,0.000035,False
2022-10-14,2.022786,2.022786,-0.000000,-0.000000,-0.000000,-0.000000,2.022786,0.000000,0.000035,False
2022-10-15,2.022789,2.022789,-0.000000,-0.000000,-0.000000,-0.000000,2.022789,0.000000,0.000035,False
2022-10-16,2.022792,2.022792,-0.000000,-0.000000,-0.000000,-0.000000,2.022792,0.000000,0.000034,False
2022-10-17,2.022795,2.022795,-0.000000,-0.000000,-0.000000,-0.000000,2.022794,0.000000,0.000034,False
2022-10-18,2.022797,2.022797,-0.000000,-0.000000,-0.000000,-0.000000,2.022797,0.000000,0.000033,False
2022-10-19,2.022800,2.022800,-0.000000,0.000000,-0.000000,-0.000000,2.022800,0.000000,0.000032,False
2022-10-20,2.022803,2.022803,-0.000000,0.000000,-0.000000,-0.000000,2.022803,0.000000,0.000031,False
2022-10-21,2.022805,2.022806,-0.000000,0.000000,-0.000000,-0.000000,2.022805,0.000000,0.000030,False
2022-10-22,2.022808,2.022808,-0.000000,0.000000,-0.000000,-0.000000,2.022808,0.000000,0.000029,False
2022-10-23,2.022811,2.022811,-0.000000,0.000000,-0.000000,-0.000000,2.022811,0.000000,0.000028,False
2022-10-24,2.022814,2.022814,-0.000000,0.000000,-0.000000,-0.000000,2.022814,0.000000,0.000026,False
2022-10-25,2.022816,2.022816,-0.000000,0.000000,-0.000000,-0.000000,2.022816,0.000000,0.000025,False
2022-10-26,2.022819,2.022819,-0.000000,0.000000,-0.000000,-0.000000,2.022819,0.000000,0.000023,False
2022-10-27,2.022822,2.022822,-0.000000,0.000000,-0.000000,-0.000000,2.022822,0.000000,0.000021,False
2022-10-28,2.022825,2.022825,-0.000000,0.000000,-0.000000,-0.000000,2.022825,0.000000,0.000019,False
2022-10-29,2.022827,2.022827,-0.000000,0.000000,-0.000000,-0.000000,2.022827,0.000000,0.000017,False
2022-10-30,2.022830,2.022830,-0.000000,0.000000,-0.000000,-0.000000,2.022830,0.000000,0.000015,False
2022-10-31,2.022833,2.022833,-0.000000,0.000000,-0.000000,-0.000000,2.022833,0.000000,0.000012,False
2022-11-01,2.022836,2.022836,-0.000000,0.000000,-0.000000,-0.000000,2.022836,0.000000,0.000010,False
2022-11-02,2.022838,2.022838,-0.000000,0.000000,-0.000000,-0.000000,2.022838,0.000000,0.000008,False
2022-11-03,2.022841,2.022841,-0.000000,0.000000,-0.000000,-0.000000,2.022841,0.000000,0.000005,False
2022-11-04,2.022844,2.022844,-0.000000,0.000000,-0.000000,-0.000000,2.022844,0.000000,0.000003,False
2022-11-05,2.022847,2.022847,-0.000000,0.000000,-0.000000,-0.000000,2.022847,-0.000000,-0.000000,False
2022-11-06,2.022849,2.022849,-0.000000,0.000000,-0.000000,-0.000000,2.022849,-0.000000,-0.000003,False
2022-11-07,2.022852,2.022852,-0.000000,0.000000,-0.000000,-0.000000,2.022852,-0.000000,-0.000010,False
2022-11-08,2.022855,2.022855,-0.000000,0.000000,-0.000000,-0.000000,2.022855,-0.000000,-0.000013,False
2022-11-09,2.022858,2.022858,-0.000000,0.000000,-0.000000,-0.000000,2.022858,-0.000000,-0.000016,False
2022-11-10,2.022860,2.022860,-0.000000,0.000000,-0.000000,-0.000000,2.022860,-0.000000,-0.000018,False
2022-11-11,2.022863,2.022863,0.000000,0.000000,-0.000000,-0.000000,2.022863,-0.000000,-0.000021,False
2022-11-12,2.022866,2.022866,0.000000,0.000000,-0.000000,-0.000000,2.022866,-0.000000,-0.000023,False
2022-11-13,2.022868,2.022869,0.000000,0.000000,-0.000000,-0.000000,2.022869,-0.000000,-0.000026,False
2022-11-14,2.022871,2.022871,0.000000,0.000000,-0.000000,-0.000000,2.022871,-0.000000,-0.000028,False
2022-11-15,2.022874,2.022874,0.000000,0.000000,-0.000000,-0.000000,2.022874,-0.000000,-0.000031,False
2022-11-16,2.022877,2.022877,0.000000,0.000000,-0.000000,-0.000000,2.022877,-0.000000,-0.000033,False
2022-11-17,2.022879,2.022879,0.000000,0.000000,-0.000000,-0.000000,2.022880,-0.000000,-0.000035,False
2022-11-18,2.022882,2.022882,0.000000,0.000000,-0.000000,-0.000000,2.022882,-0.000000,-0.000038,False
2022-11-19,2.022885,2.022885,0.000000,0.000000,-0.000000,-0.000000,2.022885,-0.000000,-0.000040,False
2022-11-20,2.022888,2.022888,0.000000,0.000000,-0.000000,-0.000000,2.022888,-0.000000,-0.000042,False
2022-11-21,2.022890,2.022890,0.000000,0.000000,-0.000000,-0.000000,2.022890,-0.000000,-0.000043,False
2022-11-22,2.022893,2.022893,0.000000,0.000000,-0.000000,-0.000000,2.022893,-0.000000,-0.000045,False
2022-11-23,2.022896,2.022896,0.000000,0.000000,-0.000000,-0.000000,2.022896,-0.000000,-0.000047,False
2022-11-24,2.022899,2.022899,0.000000,0.000000,-0.000000,-0.000000,2.022899,-0.000000,-0.000048,False
2022-11-25,2.022901,2.022901,0.000000,0.000000,-0.000000,-0.000000,2.022901,-0.000000,-0.000049,False
2022-11-26,2.022904,2.022904,0.000000,0.000000,-0.000000,-0.000000,2.022904,-0.000000,-0.000050,False
2022-11-27,2.022907,2.022907,0.000000,0.000000,-0.000000,-0.000000,2.022907,-0.000000,-0.000051,False
2022-11-28,2.022910,2.022910,0.000000,0.000000,-0.000000,-0.000000,2.022910,-0.000000,-0.000052,False
2022-11-29,2.022912,2.022912,0.000000,0.000000,-0.000000,-0.000000,2.022912,-0.000000,-0.000053,False
2022-11-30,2.022915,2.022915,0.000000,0.000000,-0.000000,-0.000000,2.022915,-0.000000,-0.000053,False
2022-12-01,2.022918,2.022918,0.000000,0.000000,-0.000000,-0.000000,2.022918,-0.000000,-0.000053,False
2022-12-02,2.022921,2.022921,0.000000,0.000000,-0.000000,-0.000000,2.022921,-0.000000,-0.000053,False
2022-12-03,2.022923,2.022923,0.000000,0.000000,-0.000000,-0.000000,2.022923,-0.000000,-0.000053,False
2022-12-04,2.022926,2.022926,0.000000,0.000000,-0.000000,-0.000000,2.022926,-0.000000,-0.000053,False
2022-12-05,2.022929,2.022929,0.000000,0.000000,-0.000000,-0.000000,2.022929,-0.000000,-0.000052,False
2022-12-06,2.022932,2.022932,0.000000,0.000000,-0.000000,-0.000000,2.022932,-0.000000,-0.000051,False
2022-12-07,2.022934,2.022934,0.000000,0.000000,-0.000000,-0.000000,2.022934,-0.000000,-0.000050,False
2022-12-08,2.022937,2.022937,0.000000,0.000000,-0.000000,-0.000000,2.022937,-0.000000,-0.000049,False
2022-12-09,2.022940,2.022940,0.000000,0.000000,-0.000000,-0.000000,2.022940,-0.000000,-0.000048,False
2022-12-10,2.022942,2.022943,0.000000,0.000000,-0.000000,-0.000000,2.022943,-0.000000,-0.000046,False
2022-12-11,2.022945,2.022945,0.000000,0.000000,-0.000000,-0.000000,2.022945,-0.000000,-0.000045,False
2022-12-12,2.022948,2.022948,0.000000,0.000000,-0.000000,-0.000000,2.022948,-0.000000,-0.000043,False
2022-12-13,2.022951,2.022951,0.000000,0.000000,-0.000000,-0.000000,2.022951,-0.000000,-0.000046,False
2022-12-14,2.022953,2.022953,0.000000,0.000000,-0.000000,-0.000000,2.022954,-0.000000,-0.000044,False
2022-12-15,2.022956,2.022956,0.000000,0.000000,-0.000000,-0.000000,2.022956,-0.000000,-0.000042,False
2022-12-16,2.022959,2.022959,0.000000,0.000000,-0.000000,-0.000000,2.022959,-0.000000,-0.000039,False
2022-12-17,2.022962,2.022962,0.000000,0.000000,-0.000000,-0.000000,2.022962,-0.000000,-0.000037,False
2022-12-18,2.022964,2.022964,0.000000,0.000000,-0.000000,-0.000000,2.022964,-0.000000,-0.000034,False
2022-12-19,2.022967,2.022967,0.000000,0.000000,-0.000000,-0.000000,2.022967,-0.000000,-0.000031,False
2022-12-20,2.022970,2.022970,0.000000,0.000000,-0.000000,-0.000000,2.022970,-0.000000,-0.000028,False
2022-12-21,2.022973,2.022973,0.000000,0.000000,-0.000000,-0.000000,2.022973,-0.000000,-0.000025,False
2022-12-22,2.022975,2.022975,0.000000,0.000000,-0.000000,-0.000000,2.022975,-0.000000,-0.000022,False
2022-12-23,2.022978,2.022978,0.000000,0.000000,-0.000000,-0.000000,2.022978,-0.000000,-0.000019,False
2022-12-24,2.022981,2.022981,0.000000,0.000000,-0.000000,-0.000000,2.022981,-0.000000,-0.000016,False
2022-12-25,2.022984,2.022984,0.000000,0.000000,-0.000000,-0.000000,2.022984,-0.000000,-0.000013,False
2022-12-26,2.022986,2.022986,0.000000,0.000000,-0.000000,-0.000000,2.022986,-0.000000,-0.000009,False
2022-12-27,2.022989,2.022989,-0.000000,0.000000,-0.000000,-0.000000,2.022989,-0.000000,-0.000006,False
2022-12-28,2.022992,2.022992,-0.000000,0.000000,-0.000000,-0.000000,2.022992,-0.000000,-0.000003,False
2022-12-29,2.022995,2.022995,-0.000000,0.000000,-0.000000,-0.000000,2.022995,0.000000,0.000001,False
2022-12-30,2.022997,2.022997,-0.000000,0.000000,-0.000000,-0.000000,2.022997,0.000000,0.000004,False
2022-12-31,2.023000,2.023000,-0.000000,0.000000,-0.000000,-0.000000,2.023000,0.000000,0.000007,False
2023-01-01,2.023003,2.023003,-0.000000,0.000000,-0.000000,-0.000000,2.023003,0.000000,0.000011,False
2023-01-02,2.023005,2.023006,-0.000000,0.000000,-0.000000,-0.000000,2.023005,0.000000,0.000014,False
2023-01-03,2.023008,2.023008,-0.000000,0.000000,-0.000000,-0.000000,2.023008,0.000000,0.000017,False
2023-01-04,2.023011,2.023011,-0.000000,0.000000,-0.000000,-0.000000,2.023011,0.000000,0.000020,False
2023-01-05,2.023014,2.023014,-0.000000,0.000000,-0.000000,-0.000000,2.023014,0.000000,0.000024,False
2023-01-06,2.023016,2.023016,-0.000000,0.000000,-0.000000,-0.000000,2.023016,0.000000,0.000027,False
2023-01-07,2.023019,2.023019,-0.000000,0.000000,-0.000000,-0.000000,2.023019,0.000000,0.000030,False
2023-01-08,2.023022,2.023022,-0.000000,0.000000,-0.000000,-0.000000,2.023022,0.000000,0.000032,False
2023-01-09,2.023025,2.023025,-0.000000,0.000000,-0.000000,-0.000000,2.023025,0.000000,0.000035,False
2023-01-10,2.023027,2.023027,-0.000000,0.000000,-0.000000,-0.000000,2.023027,0.000000,0.000038,False
2023-01-11,2.023030,2.023030,-0.000000,0.000000,-0.000000,-0.000000,2.023030,0.000000,0.000040,False
2023-01-12,2.023033,2.023033,-0.000000,0.000000,-0.000000,-0.000000,2.023033,0.000000,0.000043,False
2023-01-13,2.023036,2.023036,-0.000000,0.000000,-0.000000,-0.000000,2.023036,0.000000,0.000045,False
2023-01-14,2.023038,2.023038,-0.000000,0.000000,-0.000000,-0.000000,2.023038,0.000000,0.000047,False
2023-01-15,2.023041,2.023041,-0.000000,0.000000,-0.000000,-0.000000,2.023041,0.000000,0.000049,False
2023-01-16,2.023044,2.023044,-0.000000,0.000000,-0.000000,-0.000000,2.023044,0.000000,0.000051,False
2023-01-17,2.023047,2.023047,-0.000000,0.000000,-0.000000,-0.000000,2.023046,0.000000,0.000053,False
2023-01-18,2.023049,2.023049,-0.000000,-0.000000,-0.000000,-0.000000,2.023049,0.000000,0.000054,False
2023-01-19,2.023052,2.023052,-0.000000,-0.000000,-0.000000,-0.000000,2.023052,0.000000,0.000051,False
2023-01-20,2.023055,2.023055,-0.000000,-0.000000,-0.000000,-0.000000,2.023055,0.000000,0.000052,False
2023-01-21,2.023058,2.023058,-0.000000,-0.000000,-0.000000,-0.000000,2.023057,0.000000,0.000053,False
2023-01-22,2.023060,2.023060,-0.000000,-0.000000,-0.000000,-0.000000,2.023060,0.000000,0.000054,False
2023-01-23,2.023063,2.023063,-0.000000,-0.000000,-0.000000,-0.000000,2.023063,0.000000,0.000055,False
2023-01-24,2.023066,2.023066,-0.000000,-0.000000,-0.000000,-0.000000,2.023066,0.000000,0.000055,False
2023-01-25,2.023068,2.023069,-0.000000,-0.000000,-0.000000,-0.000000,2.023068,0.000000,0.000056,False
2023-01-26,2.023071,2.023071,-0.000000,-0.000000,-0.000000,-0.000000,2.023071,0.000000,0.000056,False
2023-01-27,2.023074,2.023074,-0.000000,-0.000000,-0.000000,-0.000000,2.023074,0.000000,0.000056,False
2023-01-28,2.023077,2.023077,-0.000000,-0.000000,-0.000000,-0.000000,2.023077,0.000000,0.000056,False
2023-01-29,2.023079,2.023079,-0.000000,-0.000000,-0.000000,-0.000000,2.023079,0.000000,0.000056,False
2023-01-30,2.023082,2.023082,-0.000000,-0.000000,-0.000000,-0.000000,2.023082,0.000000,0.000056,False
2023-01-31,2.023085,2.023085,-0.000000,-0.000000,-0.000000,-0.000000,2.023085,0.000000,0.000055,False
2023-02-01,2.023088,2.023088,-0.000000,-0.000000,-0.000000,-0.000000,2.023088,0.000000,0.000055,False
2023-02-02,2.023090,2.023090,-0.000000,-0.000000,-0.000000,-0.000000,2.023090,0.000000,0.000054,False
2023-02-03,2.023093,2.023093,-0.000000,-0.000000,-0.000000,-0.000000,2.023093,0.000000,0.000053,False
2023-02-04,2.023096,2.023096,-0.000000,-0.000000,-0.000000,-0.000000,2.023096,0.000000,0.000052,False
2023-02-05,2.023099,2.023099,-0.000000,-0.000000,-0.000000,-0.000000,2.023099,0.000000,0.000051,False
2023-02-06,2.023101,2.023101,-0.000000,-0.000000,-0.000000,-0.000000,2.023101,0.000000,0.000050,False
2023-02-07,2.023104,2.023104,-0.000000,-0.000000,-0.000000,-0.000000,2.023104,0.000000,0.000049,False
2023-02-08,2.023107,2.023107,-0.000000,-0.000000,-0.000000,-0.000000,2.023107,0.000000,0.000048,False
2023-02-09,2.023110,2.023110,-0.000000,-0.000000,-0.000000,-0.000000,2.023109,0.000000,0.000047,False
2023-02-10,2.023112,2.023112,-0.000000,-0.000000,-0.000000,-0.000000,2.023112,0.000000,0.000045,False
2023-02-11,2.023115,2.023115,0.000000,-0.000000,-0.000000,-0.000000,2.023115,0.000000,0.000044,False
2023-02-12,2.023118,2.023118,0.000000,-0.000000,-0.000000,-0.000000,2.023118,0.000000,0.000043,False
2023-02-13,2.023121,2.023121,0.000000,-0.000000,-0.000000,-0.000000,2.023120,0.000000,0.000041,False
2023-02-14,2.023123,2.023123,0.000000,-0.000000,-0.000000,-0.000000,2.023123,0.000000,0.000040,False
2023-02-15,2.023126,2.023126,0.000000,-0.000000,-0.000000,-0.000000,2.023126,0.000000,0.000038,False
2023-02-16,2.023129,2.023129,0.000000,-0.000000,-0.000000,-0.000000,2.023129,0.000000,0.000037,False
2023-02-17,2.023132,2.023132,0.000000,-0.000000,-0.000000,-0.000000,2.023131,0.000000,0.000036,False
2023-02-18,2.023134,2.023134,0.000000,-0.000000,-0.000000,-0.000000,2.023134,0.000000,0.000034,False
2023-02-19,2.023137,2.023137,0.000000,-0.000000,-0.000000,-0.000000,2.023137,0.000000,0.000033,False
2023-02-20,2.023140,2.023140,0.000000,-0.000000,-0.000000,-0.000000,2.023140,0.000000,0.000031,False
2023-02-21,2.023142,2.023143,0.000000,-0.000000,-0.000000,-0.000000,2.023142,0.000000,0.000030,False
2023-02-22,2.023145,2.023145,0.000000,-0.000000,-0.000000,-0.000000,2.023145,0.000000,0.000029,False
2023-02-23,2.023148,2.023148,0.000000,-0.000000,-0.000000,-0.000000,2.023148,0.000000,0.000027,False
2023-02-24,2.023151,2.023151,0.000000,-0.000000,-0.000000,-0.000000,2.023151,0.000000,0.000021,False
2023-02-25,2.023153,2.023153,0.000000,-0.000000,-0.000000,-0.000000,2.023153,0.000000,0.000020,False
2023-02-26,2.023156,2.023156,0.000000,-0.000000,-0.000000,-0.000000,2.023156,0.000000,0.000019,False
2023-02-27,2.023159,2.023159,0.000000,-0.000000,-0.000000,-0.000000,2.023159,0.000000,0.000018,False
2023-02-28,2.023162,2.023162,0.000000,-0.000000,-0.000000,-0.000000,2.023162,0.000000,0.000017,False
2023-03-01,2.023164,2.023164,0.000000,-0.000000,-0.000000,-0.000000,2.023164,0.000000,0.000016,False
2023-03-02,2.023167,2.023167,0.000000,-0.000000,-0.000000,-0.000000,2.023167,0.000000,0.000016,False
2023-03-03,2.023170,2.023170,0.000000,-0.000000,-0.000000,-0.000000,2.023170,0.000000,0.000015,False
2023-03-04,2.023173,2.023173,0.000000,-0.000000,-0.000000,-0.000000,2.023173,0.000000,0.000015,False
2023-03-05,2.023175,2.023175,0.000000,-0.000000,-0.000000,-0.000000,2.023175,0.000000,0.000014,False
2023-03-06,2.023178,2.023178,0.000000,-0.000000,-0.000000,-0.000000,2.023178,0.000000,0.000014,False
2023-03-07,2.023181,2.023181,0.000000,-0.000000,-0.000000,-0.000000,2.023181,0.000000,0.000013,False
2023-03-08,2.023184,2.023184,0.000000,-0.000000,-0.000000,-0.000000,2.023184,0.000000,0.000013,False
2023-03-09,2.023186,2.023186,0.000000,-0.000000,-0.000000,-0.000000,2.023186,0.000000,0.000013,False
2023-03-10,2.023189,2.023189,0.000000,-0.000000,-0.000000,-0.000000,2.023189,0.000000,0.000013,False
2023-03-11,2.023192,2.023192,0.000000,-0.000000,-0.000000,-0.000000,2.023192,0.000000,0.000013,False
2023-03-12,2.023195,2.023195,0.000000,-0.000000,-0.000000,-0.000000,2.023194,0.000000,0.000013,False
2023-03-13,2.023197,2.023197,0.000000,-0.000000,-0.000000,-0.000000,2.023197,0.000000,0.000014,False
2023-03-14,2.023200,2.023200,0.000000,-0.000000,-0.000000,-0.000000,2.023200,0.000000,0.000014,False
2023-03-15,2.023203,2.023203,0.000000,-0.000000,-0.000000,-0.000000,2.023203,0.000000,0.000014,False
2023-03-16,2.023205,2.023206,0.000000,-0.000000,-0.000000,-0.000000,2.023205,0.000000,0.000015,False
2023-03-17,2.023208,2.023208,0.000000,-0.000000,-0.000000,-0.000000,2.023208,0.000000,0.000015,False
2023-03-18,2.023211,2.023211,0.000000,-0.000000,-0.000000,-0.000000,2.023211,0.000000,0.000016,False
2023-03-19,2.023214,2.023214,0.000000,-0.000000,-0.000000,-0.000000,2.023214,0.000000,0.000016,False
2023-03-20,2.023216,2.023216,0.000000,-0.000000,-0.000000,-0.000000,2.023216,0.000000,0.000017,False
2023-03-21,2.023219,2.023219,0.000000,-0.000000,-0.000000,-0.000000,2.023219,0.000000,0.000018,False
2023-03-22,2.023222,2.023222,0.000000,-0.000000,-0.000000,-0.000000,2.023222,0.000000,0.000018,False
2023-03-23,2.023225,2.023225,0.000000,-0.000000,-0.000000,-0.000000,2.023225,0.000000,0.000019,False
2023-03-24,2.023227,2.023227,0.000000,-0.000000,-0.000000,0.000000,2.023227,0.000000,0.000020,False
2023-03-25,2.023230,2.023230,0.000000,-0.000000,-0.000000,0.000000,2.023230,0.000000,0.000020,False
2023-03-26,2.023233,2.023233,0.000000,-0.000000,-0.000000,0.000000,2.023233,0.000000,0.000021,False
2023-03-27,2.023236,2.023236,0.000000,-0.000000,-0.000000,0.000000,2.023236,0.000000,0.000021,False
2023-03-28,2.023238,2.023238,-0.000000,-0.000000,-0.000000,0.000000,2.023238,0.000000,0.000022,False
2023-03-29,2.023241,2.023241,-0.000000,-0.000000,-0.000000,0.000000,2.023241,0.000000,0.000023,False
2023-03-30,2.023244,2.023244,-0.000000,-0.000000,-0.000000,0.000000,2.023244,0.000000,0.000023,False
2023-03-31,2.023247,2.023247,-0.000000,-0.000000,-0.000000,0.000000,2.023247,0.000000,0.000024,False
2023-04-01,2.023249,2.023249,-0.000000,-0.000000,-0.000000,0.000000,2.023249,0.000000,0.000024,False
2023-04-02,2.023252,2.023252,-0.000000,-0.000000,-0.000000,0.000000,2.023252,0.000000,0.000024,False
2023-04-03,2.023255,2.023255,-0.000000,-0.000000,-0.000000,0.000000,2.023255,0.000000,0.000024,False
2023-04-04,2.023258,2.023258,-0.000000,-0.000000,-0.000000,0.000000,2.023257,0.000000,0.000024,False
2023-04-05,2.023260,2.023260,-0.000000,-0.000000,-0.000000,0.000000,2.023260,0.000000,0.000024,False
2023-04-06,2.023263,2.023263,-0.000000,-0.000000,-0.000000,0.000000,2.023263,0.000000,0.000024,False
2023-04-07,2.023266,2.023266,-0.000000,-0.000000,-0.000000,0.000000,2.023266,0.000000,0.000023,False
2023-04-08,2.023268,2.023269,-0.000000,-0.000000,-0.000000,0.000000,2.023268,0.000000,0.000023,False
2023-04-09,2.023268,2.023271,-0.000000,-0.000000,-0.000000,0.000000,2.023271,-0.000003,-0.001348,False
2023-04-10,2.023268,2.023274,-0.000000,-0.000000,-0.000000,0.000000,2.023274,-0.000005,-0.002718,False
2023-04-11,2.023268,2.023277,-0.000000,-0.000000,-0.000000,0.000000,2.023277,-0.000008,-0.004089,False
2023-04-12,2.023268,2.023279,-0.000000,-0.000000,-0.000000,0.000000,2.023279,-0.000011,-0.005460,False
2023-04-13,2.023268,2.023282,-0.000000,-0.000000,-0.000000,0.000000,2.023282,-0.000014,-0.006830,False
2023-04-14,2.023268,2.023285,-0.000000,-0.000000,-0.000000,0.000000,2.023285,-0.000016,-0.008202,False
2023-04-15,2.023268,2.023288,-0.000000,-0.000000,0.000000,0.000000,2.023288,-0.000019,-0.009573,False
2023-04-16,,2.023290,-0.000000,-0.000000,0.000000,0.000000,2.023290,,,False
2023-04-17,,2.023293,-0.000000,-0.000000,0.000000,0.000000,2.023293,,,False
2023-04-18,,2.023296,-0.000000,-0.000000,0.000000,0.000000,2.023296,,,False
2023-04-19,,2.023299,-0.000000,0.000000,0.000000,0.000000,2.023299,,,False
2023-04-20,,2.023301,-0.000000,0.000000,0.000000,0.000000,2.023301,,,False
2023-04-21,,2.023304,-0.000000,0.000000,0.000000,0.000000,2.023304,,,False
2023-04-22,,2.023307,-0.000000,0.000000,0.000000,0.000000,2.023307,,,False
2023-04-23,,2.023310,-0.000000,0.000000,0.000000,0.000000,2.023310,,,False
2023-04-24,,2.023312,-0.000000,0.000000,0.000000,0.000000,2.023312,,,False
2023-04-25,,2.023315,-0.000000,0.000000,0.000000,0.000000,2.023315,,,False
2023-04-26,,2.023318,-0.000000,0.000000,0.000000,0.000000,2.023318,,,False
2023-04-27,,2.023321,-0.000000,0.000000,0.000000,0.000000,2.023321,,,False
2023-04-28,,2.023323,-0.000000,0.000000,0.000000,0.000000,2.023323,,,False
2023-04-29,,2.023326,-0.000000,0.000000,0.000000,0.000000,2.023326,,,False
2023-04-30,,2.023329,-0.000000,0.000000,0.000000,0.000000,2.023329,,,False
2023-05-01,,2.023332,-0.000000,0.000000,0.000000,0.000000,2.023332,,,False
2023-05-02,,2.023334,-0.000000,0.000000,0.000000,0.000000,2.023334,,,False
2023-05-03,,2.023337,-0.000000,0.000000,0.000000,0.000000,2.023337,,,False
2023-05-04,,2.023340,-0.000000,0.000000,0.000000,0.000000,2.023340,,,False
2023-05-05,,2.023343,-0.000000,0.000000,0.000000,0.000000,2.023343,,,False
2023-05-06,,2.023345,-0.000000,0.000000,0.000000,0.000000,2.023345,,,False
2023-05-07,,2.023348,-0.000000,0.000000,0.000000,0.000000,2.023348,,,False
2023-05-08,,2.023351,-0.000000,0.000000,0.000000,0.000000,2.023351,,,False
2023-05-09,,2.023353,-0.000000,0.000000,0.000000,0.000000,2.023354,,,False
2023-05-10,,2.023356,-0.000000,0.000000,0.000000,0.000000,2.023356,,,False
2023-05-11,,2.023359,-0.000000,0.000000,0.000000,0.000000,2.023359,,,False
2023-05-12,2.023381,2.023362,-0.000000,0.000000,0.000000,0.000000,2.023362,0.000019,0.009522,False
2023-05-13,2.023381,2.023364,0.000000,0.000000,0.000000,0.000000,2.023365,0.000016,0.008148,False
2023-05-14,2.023381,2.023367,0.000000,0.000000,0.000000,0.000000,2.023367,0.000014,0.006775,False
2023-05-15,2.023381,2.023370,0.000000,0.000000,0.000000,0.000000,2.023370,0.000011,0.005401,False
2023-05-16,2.023381,2.023373,0.000000,0.000000,0.000000,0.000000,2.023373,0.000008,0.004028,False
2023-05-17,2.023381,2.023375,0.000000,0.000000,0.000000,0.000000,2.023376,0.000005,0.002655,False
2023-05-18,2.023381,2.023378,0.000000,0.000000,0.000000,0.000000,2.023378,0.000003,0.001282,False
2023-05-19,2.023381,2.023381,0.000000,0.000000,0.000000,0.000000,2.023381,-0.000000,-0.000092,False
2023-05-20,2.023384,2.023384,0.000000,0.000000,0.000000,0.000000,2.023384,-0.000000,-0.000095,False
2023-05-21,2.023386,2.023386,0.000000,0.000000,0.000000,0.000000,2.023386,-0.000000,-0.000097,False
2023-05-22,2.023389,2.023389,0.000000,0.000000,0.000000,0.000000,2.023389,-0.000000,-0.000100,False
2023-05-23,2.023392,2.023392,0.000000,0.000000,0.000000,0.000000,2.023392,-0.000000,-0.000103,False
2023-05-24,2.023395,2.023395,0.000000,0.000000,0.000000,0.000000,2.023395,-0.000000,-0.000105,False
2023-05-25,2.023397,2.023397,0.000000,0.000000,0.000000,0.000000,2.023397,-0.000000,-0.000107,False
2023-05-26,2.023400,2.023400,0.000000,0.000000,0.000000,0.000000,2.023400,-0.000000,-0.000109,False
2023-05-27,2.023403,2.023403,0.000000,0.000000,0.000000,0.000000,2.023403,-0.000000,-0.000111,False
2023-05-28,2.023405,2.023406,0.000000,0.000000,0.000000,0.000000,2.023406,-0.000000,-0.000113,False
2023-05-29,2.023408,2.023408,0.000000,0.000000,0.000000,0.000000,2.023408,-0.000000,-0.000115,False
2023-05-30,2.023411,2.023411,0.000000,0.000000,0.000000,0.000000,2.023411,-0.000000,-0.000116,False
2023-05-31,2.023414,2.023414,0.000000,0.000000,0.000000,0.000000,2.023414,-0.000000,-0.000117,False
2023-06-01,2.023416,2.023416,0.000000,0.000000,0.000000,0.000000,2.023417,-0.000000,-0.000118,False
2023-06-02,2.023419,2.023419,0.000000,0.000000,0.000000,0.000000,2.023419,-0.000000,-0.000119,False
2023-06-03,2.023422,2.023422,0.000000,0.000000,0.000000,0.000000,2.023422,-0.000000,-0.000120,False
2023-06-04,2.023425,2.023425,0.000000,0.000000,0.000000,0.000000,2.023425,-0.000000,-0.000120,False
2023-06-05,2.023427,2.023427,0.000000,0.000000,0.000000,0.000000,2.023428,-0.000000,-0.000120,False
2023-06-06,2.023430,2.023430,0.000000,0.000000,0.000000,0.000000,2.023430,-0.000000,-0.000120,False
2023-06-07,2.023433,2.023433,0.000000,0.000000,0.000000,0.000000,2.023433,-0.000000,-0.000120,False
2023-06-08,2.023441,2.023436,0.000000,0.000000,0.000000,0.000000,2.023436,0.000005,0.002620,False
2023-06-09,2.023441,2.023438,0.000000,0.000000,0.000000,0.000000,2.023439,0.000003,0.001251,False
2023-06-10,2.023441,2.023441,0.000000,0.000000,0.000000,0.000000,2.023441,-0.000000,-0.000118,False
2023-06-11,2.023444,2.023444,0.000000,0.000000,0.000000,0.000000,2.023444,-0.000000,-0.000117,False
2023-06-12,2.023447,2.023447,0.000000,0.000000,0.000000,0.000000,2.023447,-0.000000,-0.000116,False
2023-06-13,2.023449,2.023449,0.000000,0.000000,0.000000,0.000000,2.023450,-0.000000,-0.000115,False
2023-06-14,2.023452,2.023452,0.000000,0.000000,0.000000,0.000000,2.023452,-0.000000,-0.000114,False
2023-06-15,2.023455,2.023455,0.000000,0.000000,0.000000,0.000000,2.023455,-0.000000,-0.000113,False
2023-06-16,2.023458,2.023458,0.000000,0.000000,0.000000,0.000000,2.023458,-0.000000,-0.000112,False
2023-06-17,2.023460,2.023460,0.000000,0.000000,0.000000,0.000000,2.023460,-0.000000,-0.000111,False
2023-06-18,2.023463,2.023463,0.000000,0.000000,0.000000,0.000000,2.023463,-0.000000,-0.000109,False
2023-06-19,2.023466,2.023466,0.000000,0.000000,0.000000,0.000000,2.023466,-0.000000,-0.000108,False
2023-06-20,2.023468,2.023469,0.000000,0.000000,0.000000,0.000000,2.023469,-0.000000,-0.000106,False
2023-06-21,2.023471,2.023471,0.000000,0.000000,0.000000,0.000000,2.023471,-0.000000,-0.000104,False
2023-06-22,2.023474,2.023474,0.000000,0.000000,0.000000,0.000000,2.023474,-0.000000,-0.000101,False
2023-06-23,2.023477,2.023477,0.000000,0.000000,0.000000,0.000000,2.023477,-0.000000,-0.000098,False
2023-06-24,2.023479,2.023479,0.000000,0.000000,0.000000,0.000000,2.023480,-0.000000,-0.000095,False
2023-06-25,2.023482,2.023482,0.000000,0.000000,0.000000,0.000000,2.023482,-0.000000,-0.000093,False
2023-06-26,2.023485,2.023485,0.000000,0.000000,0.000000,0.000000,2.023485,-0.000000,-0.000090,False
2023-06-27,2.023488,2.023488,-0.000000,0.000000,0.000000,0.000000,2.023488,-0.000000,-0.000087,False
2023-06-28,2.023490,2.023490,-0.000000,0.000000,0.000000,0.000000,2.023491,-0.000000,-0.000084,False
2023-06-29,2.023493,2.023493,-0.000000,0.000000,0.000000,0.000000,2.023493,-0.000000,-0.000080,False
2023-06-30,2.023496,2.023496,-0.000000,0.000000,0.000000,0.000000,2.023496,-0.000000,-0.000077,False
2023-07-01,2.023499,2.023499,-0.000000,0.000000,0.000000,0.000000,2.023499,-0.000000,-0.000074,False
2023-07-02,2.023501,2.023501,-0.000000,0.000000,0.000000,0.000000,2.023502,-0.000000,-0.000071,False
2023-07-03,2.023504,2.023504,-0.000000,0.000000,0.000000,0.000000,2.023504,-0.000000,-0.000068,False
2023-07-04,2.023507,2.023507,-0.000000,0.000000,0.000000,0.000000,2.023507,-0.000000,-0.000065,False
2023-07-05,2.023510,2.023510,-0.000000,0.000000,0.000000,0.000000,2.023510,-0.000000,-0.000062,False
2023-07-06,2.023512,2.023512,-0.000000,0.000000,0.000000,0.000000,2.023512,-0.000000,-0.000059,False
2023-07-07,2.023515,2.023515,-0.000000,0.000000,0.000000,0.000000,2.023515,-0.000000,-0.000056,False
2023-07-08,2.023518,2.023518,-0.000000,0.000000,0.000000,0.000000,2.023518,-0.000000,-0.000053,False
2023-07-09,2.023521,2.023521,-0.000000,0.000000,0.000000,0.000000,2.023521,-0.000000,-0.000050,False
2023-07-10,2.023523,2.023523,-0.000000,0.000000,0.000000,0.000000,2.023523,-0.000000,-0.000048,False
2023-07-11,2.023526,2.023526,-0.000000,0.000000,0.000000,0.000000,2.023526,-0.000000,-0.000045,False
2023-07-12,2.023529,2.023529,-0.000000,0.000000,0.000000,0.000000,2.023529,-0.000000,-0.000042,False
2023-07-13,2.023532,2.023532,-0.000000,0.000000,0.000000,0.000000,2.023532,-0.000000,-0.000040,False
2023-07-14,2.023534,2.023534,-0.000000,0.000000,0.000000,0.000000,2.023534,-0.000000,-0.000038,False
2023-07-15,2.023537,2.023537,-0.000000,0.000000,0.000000,0.000000,2.023537,-0.000000,-0.000035,False
2023-07-16,2.023540,2.023540,-0.000000,0.000000,0.000000,0.000000,2.023540,-0.000000,-0.000033,False
2023-07-17,2.023542,2.023543,-0.000000,0.000000,0.000000,0.000000,2.023543,-0.000000,-0.000031,False
2023-07-18,2.023545,2.023545,-0.000000,0.000000,0.000000,0.000000,2.023545,-0.000000,-0.000030,False
2023-07-19,2.023548,2.023548,-0.000000,0.000000,0.000000,0.000000,2.023548,-0.000000,-0.000028,False
2023-07-20,2.023551,2.023551,-0.000000,-0.000000,0.000000,0.000000,2.023551,-0.000000,-0.000031,False
2023-07-21,2.023553,2.023553,-0.000000,-0.000000,0.000000,0.000000,2.023553,-0.000000,-0.000030,False
2023-07-22,2.023556,2.023556,-0.000000,-0.000000,0.000000,0.000000,2.023556,-0.000000,-0.000029,False
2023-07-23,2.023559,2.023559,-0.000000,-0.000000,0.000000,0.000000,2.023559,-0.000000,-0.000028,False
2023-07-24,2.023562,2.023562,-0.000000,-0.000000,0.000000,0.000000,2.023562,-0.000000,-0.000027,False
2023-07-25,2.023564,2.023564,-0.000000,-0.000000,0.000000,0.000000,2.023564,-0.000000,-0.000026,False
2023-07-26,2.023567,2.023567,-0.000000,-0.000000,0.000000,0.000000,2.023567,-0.000000,-0.000025,False
2023-07-27,2.023570,2.023570,-0.000000,-0.000000,0.000000,0.000000,2.023570,-0.000000,-0.000024,False
2023-07-28,2.023573,2.023573,-0.000000,-0.000000,0.000000,0.000000,2.023573,-0.000000,-0.000024,False
2023-07-29,2.023575,2.023575,-0.000000,-0.000000,0.000000,0.000000,2.023575,-0.000000,-0.000024,False
2023-07-30,2.023578,2.023578,-0.000000,-0.000000,0.000000,0.000000,2.023578,-0.000000,-0.000023,False
2023-07-31,2.023581,2.023581,-0.000000,-0.000000,0.000000,0.000000,2.023581,-0.000000,-0.000023,False
2023-08-01,2.023584,2.023584,-0.000000,-0.000000,0.000000,0.000000,2.023584,-0.000000,-0.000023,False
2023-08-02,2.023586,2.023586,-0.000000,-0.000000,0.000000,0.000000,2.023586,-0.000000,-0.000023,False
2023-08-03,2.023589,2.023589,-0.000000,-0.000000,0.000000,0.000000,2.023589,-0.000000,-0.000024,False
2023-08-04,2.023592,2.023592,-0.000000,-0.000000,0.000000,0.000000,2.023592,-0.000000,-0.000024,False
2023-08-05,2.023595,2.023595,-0.000000,-0.000000,0.000000,0.000000,2.023595,-0.000000,-0.000024,False
2023-08-06,2.023597,2.023597,-0.000000,-0.000000,0.000000,0.000000,2.023597,-0.000000,-0.000025,False
2023-08-07,2.023600,2.023600,-0.000000,-0.000000,0.000000,0.000000,2.023600,-0.000000,-0.000026,False
2023-08-08,2.023603,2.023603,-0.000000,-0.000000,0.000000,0.000000,2.023603,-0.000000,-0.000026,False
2023-08-09,2.023605,2.023606,-0.000000,-0.000000,0.000000,0.000000,2.023606,-0.000000,-0.000027,False
2023-08-10,2.023608,2.023608,-0.000000,-0.000000,0.000000,0.000000,2.023608,-0.000000,-0.000028,False
2023-08-11,2.023611,2.023611,-0.000000,-0.000000,0.000000,0.000000,2.023611,-0.000000,-0.000028,False
2023-08-12,2.023614,2.023614,0.000000,-0.000000,0.000000,0.000000,2.023614,-0.000000,-0.000029,False
2023-08-13,2.023616,2.023616,0.000000,-0.000000,0.000000,0.000000,2.023617,-0.000000,-0.000030,False
2023-08-14,2.023619,2.023619,0.000000,-0.000000,0.000000,0.000000,2.023619,-0.000000,-0.000031,False
2023-08-15,2.023622,2.023622,0.000000,-0.000000,0.000000,0.000000,2.023622,-0.000000,-0.000032,False
2023-08-16,2.023625,2.023625,0.000000,-0.000000,0.000000,0.000000,2.023625,-0.000000,-0.000033,False
2023-08-17,2.023627,2.023627,0.000000,-0.000000,0.000000,0.000000,2.023627,-0.000000,-0.000034,False
2023-08-18,2.023630,2.023630,0.000000,-0.000000,0.000000,0.000000,2.023630,-0.000000,-0.000035,False
2023-08-19,2.023633,2.023633,0.000000,-0.000000,0.000000,0.000000,2.023633,-0.000000,-0.000035,False
2023-08-20,2.023636,2.023636,0.000000,-0.000000,0.000000,0.000000,2.023636,-0.000000,-0.000036,False
2023-08-21,2.023638,2.023638,0.000000,-0.000000,0.000000,0.000000,2.023638,-0.000000,-0.000037,False
2023-08-22,2.023641,2.023641,0.000000,-0.000000,0.000000,0.000000,2.023641,-0.000000,-0.000038,False
2023-08-23,2.023644,2.023644,0.000000,-0.000000,0.000000,0.000000,2.023644,-0.000000,-0.000038,False
2023-08-24,2.023647,2.023647,0.000000,-0.000000,0.000000,0.000000,2.023647,-0.000000,-0.000039,False
2023-08-25,2.023649,2.023649,0.000000,-0.000000,0.000000,0.000000,2.023649,-0.000000,-0.000039,False
2023-08-26,2.023652,2.023652,0.000000,-0.000000,0.000000,0.000000,2.023652,-0.000000,-0.000045,False
2023-08-27,2.023655,2.023655,0.000000,-0.000000,0.000000,0.000000,2.023655,-0.000000,-0.000045,False
2023-08-28,2.023658,2.023658,0.000000,-0.000000,0.000000,0.000000,2.023658,-0.000000,-0.000045,False
2023-08-29,2.023660,2.023660,0.000000,-0.000000,0.000000,0.000000,2.023660,-0.000000,-0.000046,False
2023-08-30,2.023663,2.023663,0.000000,-0.000000,0.000000,0.000000,2.023663,-0.000000,-0.000046,False
2023-08-31,2.023666,2.023666,0.000000,-0.000000,0.000000,0.000000,2.023666,-0.000000,-0.000046,False
2023-09-01,2.023668,2.023669,0.000000,-0.000000,0.000000,0.000000,2.023669,-0.000000,-0.000046,False
2023-09-02,2.023671,2.023671,0.000000,-0.000000,0.000000,0.000000,2.023671,-0.000000,-0.000045,False
2023-09-03,2.023674,2.023674,0.000000,-0.000000,0.000000,0.000000,2.023674,-0.000000,-0.000045,False
2023-09-04,2.023677,2.023677,0.000000,-0.000000,0.000000,0.000000,2.023677,-0.000000,-0.000045,False
2023-09-05,2.023679,2.023679,0.000000,-0.000000,0.000000,0.000000,2.023680,-0.000000,-0.000044,False
2023-09-06,2.023682,2.023682,0.000000,-0.000000,0.000000,0.000000,2.023682,-0.000000,-0.000043,False
2023-09-07,2.023685,2.023685,0.000000,-0.000000,0.000000,0.000000,2.023685,-0.000000,-0.000043,False
2023-09-08,2.023688,2.023688,0.000000,-0.000000,0.000000,0.000000,2.023688,-0.000000,-0.000042,False
2023-09-09,2.023690,2.023690,0.000000,-0.000000,0.000000,0.000000,2.023690,-0.000000,-0.000041,False
2023-09-10,2.023693,2.023693,0.000000,-0.000000,0.000000,0.000000,2.023693,-0.000000,-0.000040,False
2023-09-11,2.023696,2.023696,0.000000,-0.000000,0.000000,0.000000,2.023696,-0.000000,-0.000039,False
2023-09-12,2.023699,2.023699,0.000000,-0.000000,0.000000,0.000000,2.023699,-0.000000,-0.000038,False
2023-09-13,2.023701,2.023701,0.000000,-0.000000,0.000000,0.000000,2.023701,-0.000000,-0.000036,False
2023-09-14,2.023704,2.023704,0.000000,-0.000000,0.000000,0.000000,2.023704,-0.000000,-0.000035,False
2023-09-15,2.023707,2.023707,0.000000,-0.000000,0.000000,0.000000,2.023707,-0.000000,-0.000034,False
2023-09-16,2.023710,2.023710,0.000000,-0.000000,0.000000,0.000000,2.023710,-0.000000,-0.000032,False
2023-09-17,2.023712,2.023712,0.000000,-0.000000,0.000000,0.000000,2.023712,-0.000000,-0.000031,False
2023-09-18,2.023715,2.023715,0.000000,-0.000000,0.000000,0.000000,2.023715,-0.000000,-0.000029,False
2023-09-19,2.023718,2.023718,0.000000,-0.000000,0.000000,0.000000,2.023718,-0.000000,-0.000028,False
2023-09-20,2.023721,2.023721,0.000000,-0.000000,0.000000,0.000000,2.023721,-0.000000,-0.000026,False
2023-09-21,2.023723,2.023723,0.000000,-0.000000,0.000000,0.000000,2.023723,-0.000000,-0.000024,False
2023-09-22,2.023726,2.023726,0.000000,-0.000000,0.000000,0.000000,2.023726,-0.000000,-0.000023,False
2023-09-23,2.023729,2.023729,0.000000,-0.000000,0.000000,0.000000,2.023729,-0.000000,-0.000021,False
2023-09-24,2.023732,2.023732,0.000000,-0.000000,0.000000,0.000000,2.023732,-0.000000,-0.000019,False
2023-09-25,2.023734,2.023734,0.000000,-0.000000,0.000000,0.000000,2.023734,-0.000000,-0.000018,False
2023-09-26,2.023737,2.023737,0.000000,-0.000000,0.000000,0.000000,2.023737,-0.000000,-0.000016,False
2023-09-27,2.023740,2.023740,-0.000000,-0.000000,0.000000,0.000000,2.023740,-0.000000,-0.000014,False
2023-09-28,2.023742,2.023742,-0.000000,-0.000000,0.000000,0.000000,2.023742,-0.000000,-0.000013,False
2023-09-29,2.023745,2.023745,-0.000000,-0.000000,0.000000,0.000000,2.023745,-0.000000,-0.000011,False
2023-09-30,2.023748,2.023748,-0.000000,-0.000000,0.000000,0.000000,2.023748,-0.000000,-0.000010,False
2023-10-01,2.023751,2.023751,-0.000000,-0.000000,0.000000,0.000000,2.023751,-0.000000,-0.000013,False
2023-10-02,2.023753,2.023753,-0.000000,-0.000000,0.000000,0.000000,2.023753,-0.000000,-0.000012,False
2023-10-03,2.023756,2.023756,-0.000000,-0.000000,0.000000,0.000000,2.023756,-0.000000,-0.000011,False
2023-10-04,2.023759,2.023759,-0.000000,-0.000000,0.000000,0.000000,2.023759,-0.000000,-0.000010,False
2023-10-05,2.023762,2.023762,-0.000000,-0.000000,0.000000,0.000000,2.023762,-0.000000,-0.000009,False
2023-10-06,2.023764,2.023764,-0.000000,-0.000000,0.000000,0.000000,2.023764,-0.000000,-0.000008,False
2023-10-07,2.023767,2.023767,-0.000000,-0.000000,0.000000,0.000000,2.023767,-0.000000,-0.000007,False
2023-10-08,2.023770,2.023770,-0.000000,-0.000000,0.000000,0.000000,2.023770,-0.000000,-0.000006,False
2023-10-09,2.023773,2.023773,-0.000000,-0.000000,0.000000,0.000000,2.023773,-0.000000,-0.000005,False
2023-10-10,2.023775,2.023775,-0.000000,-0.000000,0.000000,0.000000,2.023775,-0.000000,-0.000005,False
2023-10-11,2.023778,2.023778,-0.000000,-0.000000,0.000000,0.000000,2.023778,-0.000000,-0.000005,False
2023-10-12,2.023781,2.023781,-0.000000,-0.000000,0.000000,0.000000,2.023781,-0.000000,-0.000004,False
2023-10-13,2.023784,2.023784,-0.000000,-0.000000,0.000000,0.000000,2.023784,-0.000000,-0.000004,False
2023-10-14,2.023786,2.023786,-0.000000,-0.000000,-0.000000,0.000000,2.023786,-0.000000,-0.000004,False
2023-10-15,2.023789,2.023789,-0.000000,-0.000000,-0.000000,0.000000,2.023789,-0.000000,-0.000005,False
2023-10-16,2.023792,2.023792,-0.000000,-0.000000,-0.000000,0.000000,2.023792,-0.000000,-0.000005,False
2023-10-17,2.023795,2.023795,-0.000000,-0.000000,-0.000000,0.000000,2.023795,-0.000000,-0.000005,False
2023-10-18,2.023797,2.023797,-0.000000,-0.000000,-0.000000,0.000000,2.023797,-0.000000,-0.000006,False
2023-10-19,2.023800,2.023800,-0.000000,0.000000,-0.000000,0.000000,2.023800,-0.000000,-0.000007,False
2023-10-20,2.023803,2.023803,-0.000000,0.000000,-0.000000,0.000000,2.023803,-0.000000,-0.000008,False
2023-10-21,2.023805,2.023806,-0.000000,0.000000,-0.000000,0.000000,2.023805,-0.000000,-0.000009,False
2023-10-22,2.023808,2.023808,-0.000000,0.000000,-0.000000,0.000000,2.023808,-0.000000,-0.000010,False
2023-10-23,2.023811,2.023811,-0.000000,0.000000,-0.000000,0.000000,2.023811,-0.000000,-0.000011,False
2023-10-24,2.023814,2.023814,-0.000000,0.000000,-0.000000,0.000000,2.023814,-0.000000,-0.000013,False
2023-10-25,2.023816,2.023816,-0.000000,0.000000,-0.000000,0.000000,2.023816,-0.000000,-0.000014,False
2023-10-26,2.023819,2.023819,-0.000000,0.000000,-0.000000,0.000000,2.023819,-0.000000,-0.000016,False
2023-10-27,2.023822,2.023822,-0.000000,0.000000,-0.000000,0.000000,2.023822,-0.000000,-0.000018,False
2023-10-28,2.023825,2.023825,-0.000000,0.000000,-0.000000,0.000000,2.023825,-0.000000,-0.000020,False
2023-10-29,2.023827,2.023827,-0.000000,0.000000,-0.000000,0.000000,2.023827,-0.000000,-0.000022,False
2023-10-30,2.023830,2.023830,-0.000000,0.000000,-0.000000,0.000000,2.023830,-0.000000,-0.000024,False
2023-10-31,2.023833,2.023833,-0.000000,0.000000,-0.000000,0.000000,2.023833,-0.000000,-0.000026,False
2023-11-01,2.023836,2.023836,-0.000000,0.000000,-0.000000,0.000000,2.023836,-0.000000,-0.000029,False
2023-11-02,2.023838,2.023838,-0.000000,0.000000,-0.000000,0.000000,2.023838,-0.000000,-0.000031,False
2023-11-03,2.023841,2.023841,-0.000000,0.000000,-0.000000,0.000000,2.023841,-0.000000,-0.000034,False
2023-11-04,2.023844,2.023844,-0.000000,0.000000,-0.000000,0.000000,2.023844,-0.000000,-0.000036,False
2023-11-05,2.023847,2.023847,-0.000000,0.000000,-0.000000,0.000000,2.023847,-0.000000,-0.000039,False
2023-11-06,2.023849,2.023849,-0.000000,0.000000,-0.000000,0.000000,2.023849,-0.000000,-0.000041,False
2023-11-07,2.023852,2.023852,-0.000000,0.000000,-0.000000,0.000000,2.023852,-0.000000,-0.000049,False
2023-11-08,2.023855,2.023855,-0.000000,0.000000,-0.000000,0.000000,2.023855,-0.000000,-0.000052,False
2023-11-09,2.023858,2.023858,-0.000000,0.000000,-0.000000,0.000000,2.023858,-0.000000,-0.000054,False
2023-11-10,2.023860,2.023860,-0.000000,0.000000,-0.000000,0.000000,2.023860,-0.000000,-0.000057,False
2023-11-11,2.023863,2.023863,0.000000,0.000000,-0.000000,0.000000,2.023863,-0.000000,-0.000059,False
2023-11-12,2.023866,2.023866,0.000000,0.000000,-0.000000,0.000000,2.023866,-0.000000,-0.000062,False
2023-11-13,2.023868,2.023869,0.000000,0.000000,-0.000000,0.000000,2.023869,-0.000000,-0.000064,False
2023-11-14,2.023871,2.023871,0.000000,0.000000,-0.000000,0.000000,2.023871,-0.000000,-0.000067,False
2023-11-15,2.023874,2.023874,0.000000,0.000000,-0.000000,0.000000,2.023874,-0.000000,-0.000069,False
2023-11-16,2.023877,2.023877,0.000000,0.000000,-0.000000,0.000000,2.023877,-0.000000,-0.000072,False
2023-11-17,2.023879,2.023879,0.000000,0.000000,-0.000000,0.000000,2.023880,-0.000000,-0.000074,False
2023-11-18,2.023882,2.023882,0.000000,0.000000,-0.000000,0.000000,2.023882,-0.000000,-0.000076,False
2023-11-19,2.023885,2.023885,0.000000,0.000000,-0.000000,0.000000,2.023885,-0.000000,-0.000078,False
2023-11-20,2.023888,2.023888,0.000000,0.000000,-0.000000,0.000000,2.023888,-0.000000,-0.000080,False
2023-11-21,2.023890,2.023890,0.000000,0.000000,-0.000000,0.000000,2.023891,-0.000000,-0.000082,False
2023-11-22,2.023893,2.023893,0.000000,0.000000,-0.000000,0.000000,2.023893,-0.000000,-0.000083,False
2023-11-23,2.023896,2.023896,0.000000,0.000000,-0.000000,0.000000,2.023896,-0.000000,-0.000085,False
2023-11-24,2.023899,2.023899,0.000000,0.000000,-0.000000,0.000000,2.023899,-0.000000,-0.000086,False
2023-11-25,2.023901,2.023901,0.000000,0.000000,-0.000000,0.000000,2.023902,-0.000000,-0.000087,False
2023-11-26,2.023904,2.023904,0.000000,0.000000,-0.000000,0.000000,2.023904,-0.000000,-0.000088,False
2023-11-27,2.023907,2.023907,0.000000,0.000000,-0.000000,0.000000,2.023907,-0.000000,-0.000089,False
2023-11-28,2.023910,2.023910,0.000000,0.000000,-0.000000,0.000000,2.023910,-0.000000,-0.000090,False
2023-11-29,2.023912,2.023912,0.000000,0.000000,-0.000000,0.000000,2.023913,-0.000000,-0.000090,False
2023-11-30,2.023915,2.023915,0.000000,0.000000,-0.000000,0.000000,2.023915,-0.000000,-0.000091,False
2023-12-01,2.023918,2.023918,0.000000,0.000000,-0.000000,0.000000,2.023918,-0.000000,-0.000091,False
2023-12-02,2.023921,2.023921,0.000000,0.000000,-0.000000,0.000000,2.023921,-0.000000,-0.000091,False
2023-12-03,2.023923,2.023923,0.000000,0.000000,-0.000000,0.000000,2.023923,-0.000000,-0.000090,False
2023-12-04,2.023926,2.023926,0.000000,0.000000,-0.000000,0.000000,2.023926,-0.000000,-0.000090,False
2023-12-05,2.023929,2.023929,0.000000,0.000000,-0.000000,0.000000,2.023929,-0.000000,-0.000089,False
2023-12-06,2.023932,2.023932,0.000000,0.000000,-0.000000,0.000000,2.023932,-0.000000,-0.000089,False
2023-12-07,2.023934,2.023934,0.000000,0.000000,-0.000000,0.000000,2.023934,-0.000000,-0.000088,False
2023-12-08,2.023937,2.023937,0.000000,0.000000,-0.000000,0.000000,2.023937,-0.000000,-0.000086,False
2023-12-09,2.023940,2.023940,0.000000,0.000000,-0.000000,0.000000,2.023940,-0.000000,-0.000085,False
2023-12-10,2.023942,2.023942,0.000000,0.000000,-0.000000,0.000000,2.023943,-0.000000,-0.000084,False
2023-12-11,2.023945,2.023945,0.000000,0.000000,-0.000000,0.000000,2.023945,-0.000000,-0.000082,False
2023-12-12,2.023948,2.023948,0.000000,0.000000,-0.000000,0.000000,2.023948,-0.000000,-0.000080,False
2023-12-13,2.023951,2.023951,0.000000,0.000000,-0.000000,0.000000,2.023951,-0.000000,-0.000083,False
2023-12-14,2.023953,2.023953,0.000000,0.000000,-0.000000,0.000000,2.023954,-0.000000,-0.000081,False
2023-12-15,2.023956,2.023956,0.000000,0.000000,-0.000000,0.000000,2.023956,-0.000000,-0.000078,False
2023-12-16,2.023959,2.023959,0.000000,0.000000,-0.000000,0.000000,2.023959,-0.000000,-0.000076,False
2023-12-17,2.023962,2.023962,0.000000,0.000000,-0.000000,0.000000,2.023962,-0.000000,-0.000073,False
2023-12-18,2.023964,2.023964,0.000000,0.000000,-0.000000,0.000000,2.023965,-0.000000,-0.000071,False
2023-12-19,2.023967,2.023967,0.000000,0.000000,-0.000000,0.000000,2.023967,-0.000000,-0.000068,False
2023-12-20,2.023970,2.023970,0.000000,0.000000,-0.000000,0.000000,2.023970,-0.000000,-0.000065,False
2023-12-21,2.023973,2.023973,0.000000,0.000000,-0.000000,0.000000,2.023973,-0.000000,-0.000062,False
2023-12-22,2.023975,2.023975,0.000000,0.000000,-0.000000,0.000000,2.023975,-0.000000,-0.000059,False
2023-12-23,2.023978,2.023978,0.000000,0.000000,-0.000000,0.000000,2.023978,-0.000000,-0.000055,False
2023-12-24,2.023981,2.023981,0.000000,0.000000,-0.000000,0.000000,2.023981,-0.000000,-0.000052,False
2023-12-25,2.023984,2.023984,0.000000,0.000000,-0.000000,0.000000,2.023984,-0.000000,-0.000049,False
2023-12-26,2.023986,2.023986,0.000000,0.000000,-0.000000,0.000000,2.023986,-0.000000,-0.000045,False
2023-12-27,2.023989,2.023989,-0.000000,0.000000,-0.000000,0.000000,2.023989,-0.000000,-0.000042,False
2023-12-28,2.023992,2.023992,-0.000000,0.000000,-0.000000,0.000000,2.023992,-0.000000,-0.000039,False
2023-12-29,2.023995,2.023995,-0.000000,0.000000,-0.000000,0.000000,2.023995,-0.000000,-0.000035,False
2023-12-30,2.023997,2.023997,-0.000000,0.000000,-0.000000,0.000000,2.023997,-0.000000,-0.000032,False
2023-12-31,2.024000,2.024000,-0.000000,0.000000,-0.000000,0.000000,2.024000,-0.000000,-0.000028,False
2024-01-01,2.024003,2.024003,-0.000000,0.000000,-0.000000,0.000000,2.024003,-0.000000,-0.000030,False
2024-01-02,2.024005,2.024006,-0.000000,0.000000,-0.000000,0.000000,2.024006,-0.000000,-0.000028,False
2024-01-03,2.024008,2.024008,-0.000000,0.000000,-0.000000,0.000000,2.024008,-0.000000,-0.000021,False
2024-01-04,2.024011,2.024011,-0.000000,0.000000,-0.000000,0.000000,2.024011,-0.000000,-0.000019,False
2024-01-05,2.024014,2.024014,-0.000000,0.000000,-0.000000,0.000000,2.024014,-0.000000,-0.000017,False
2024-01-06,2.024016,2.024016,-0.000000,0.000000,-0.000000,0.000000,2.024016,-0.000000,-0.000015,False
2024-01-07,2.024019,2.024019,-0.000000,0.000000,-0.000000,0.000000,2.024019,-0.000000,-0.000008,False
2024-01-08,2.024022,2.024022,-0.000000,0.000000,-0.000000,0.000000,2.024022,-0.000000,-0.000007,False
2024-01-09,2.024025,2.024025,-0.000000,0.000000,-0.000000,0.000000,2.024025,-0.000000,-0.000005,False
2024-01-10,2.024027,2.024027,-0.000000,0.000000,-0.000000,0.000000,2.024027,-0.000000,-0.000004,False
2024-01-11,2.024030,2.024030,-0.000000,0.000000,-0.000000,0.000000,2.024030,-0.000000,-0.000002,False
2024-01-12,2.024033,2.024033,-0.000000,0.000000,-0.000000,0.000000,2.024033,0.000000,0.000004,False
2024-01-13,2.024036,2.024036,-0.000000,0.000000,-0.000000,0.000000,2.024036,0.000000,0.000005,False
2024-01-14,2.024038,2.024038,-0.000000,0.000000,-0.000000,0.000000,2.024038,0.000000,0.000006,False
2024-01-15,2.024041,2.024041,-0.000000,0.000000,-0.000000,0.000000,2.024041,0.000000,0.000007,False
2024-01-16,2.024044,2.024044,-0.000000,0.000000,-0.000000,0.000000,2.024044,0.000000,0.000013,False
2024-01-17,2.024046,2.024046,-0.000000,0.000000,-0.000000,0.000000,2.024046,0.000000,0.000013,False
2024-01-18,2.024049,2.024049,-0.000000,-0.000000,-0.000000,0.000000,2.024049,0.000000,0.000013,False
2024-01-19,2.024052,2.024052,-0.000000,-0.000000,-0.000000,0.000000,2.024052,0.000000,0.000014,False
2024-01-20,2.024055,2.024055,-0.000000,-0.000000,-0.000000,0.000000,2.024055,0.000000,0.000014,False
2024-01-21,2.024057,2.024057,-0.000000,-0.000000,-0.000000,0.000000,2.024057,0.000000,0.000019,False
2024-01-22,2.024060,2.024060,-0.000000,-0.000000,-0.000000,0.000000,2.024060,0.000000,0.000018,False
2024-01-23,2.024063,2.024063,-0.000000,-0.000000,-0.000000,0.000000,2.024063,0.000000,0.000018,False
2024-01-24,2.024066,2.024066,-0.000000,-0.000000,-0.000000,0.000000,2.024066,0.000000,0.000017,False
2024-01-25,2.024068,2.024068,-0.000000,-0.000000,-0.000000,0.000000,2.024068,0.000000,0.000022,False
2024-01-26,2.024071,2.024071,-0.000000,-0.000000,-0.000000,0.000000,2.024071,0.000000,0.000021,False
2024-01-27,2.024074,2.024074,-0.000000,-0.000000,-0.000000,0.000000,2.024074,0.000000,0.000020,False
2024-01-28,2.024077,2.024077,-0.000000,-0.000000,-0.000000,0.000000,2.024076,0.000000,0.000019,False
2024-01-29,2.024079,2.024079,-0.000000,-0.000000,-0.000000,0.000000,2.024079,0.000000,0.000017,False
2024-01-30,2.024082,2.024082,-0.000000,-0.000000,-0.000000,0.000000,2.024082,0.000000,0.000021,False
2024-01-31,2.024085,2.024085,-0.000000,-0.000000,-0.000000,0.000000,2.024085,0.000000,0.000019,False
2024-02-01,2.024087,2.024087,-0.000000,-0.000000,-0.000000,0.000000,2.024087,0.000000,0.000018,False
2024-02-02,2.024090,2.024090,-0.000000,-0.000000,-0.000000,0.000000,2.024090,0.000000,0.000016,False
2024-02-03,2.024093,2.024093,-0.000000,-0.000000,-0.000000,0.000000,2.024093,0.000000,0.000019,False
2024-02-04,2.024096,2.024096,-0.000000,-0.000000,-0.000000,0.000000,2.024096,0.000000,0.000017,False
2024-02-05,2.024098,2.024098,-0.000000,-0.000000,-0.000000,0.000000,2.024098,0.000000,0.000015,False
2024-02-06,2.024101,2.024101,-0.000000,-0.000000,-0.000000,0.000000,2.024101,0.000000,0.000013,False
2024-02-07,2.024104,2.024104,-0.000000,-0.000000,-0.000000,0.000000,2.024104,0.000000,0.000015,False
2024-02-08,2.024107,2.024107,-0.000000,-0.000000,-0.000000,0.000000,2.024107,0.000000,0.000013,False
2024-02-09,2.024109,2.024109,-0.000000,-0.000000,-0.000000,0.000000,2.024109,0.000000,0.000011,False
2024-02-10,2.024112,2.024112,-0.000000,-0.000000,-0.000000,0.000000,2.024112,0.000000,0.000008,False
2024-02-11,2.024115,2.024115,0.000000,-0.000000,-0.000000,0.000000,2.024115,0.000000,0.000006,False
2024-02-12,2.024117,2.024118,0.000000,-0.000000,-0.000000,0.000000,2.024117,0.000000,0.000008,False
2024-02-13,2.024120,2.024120,0.000000,-0.000000,-0.000000,0.000000,2.024120,0.000000,0.000005,False
2024-02-14,2.024123,2.024123,0.000000,-0.000000,-0.000000,0.000000,2.024123,0.000000,0.000003,False
2024-02-15,2.024126,2.024126,0.000000,-0.000000,-0.000000,0.000000,2.024126,0.000000,0.000000,False
2024-02-16,2.024128,2.024128,0.000000,-0.000000,-0.000000,0.000000,2.024128,0.000000,0.000003,False
2024-02-17,2.024131,2.024131,0.000000,-0.000000,-0.000000,0.000000,2.024131,0.000000,0.000000,False
2024-02-18,2.024134,2.024134,0.000000,-0.000000,-0.000000,0.000000,2.024134,-0.000000,-0.000002,False
2024-02-19,2.024137,2.024137,0.000000,-0.000000,-0.000000,0.000000,2.024137,-0.000000,-0.000005,False
2024-02-20,2.024139,2.024139,0.000000,-0.000000,-0.000000,0.000000,2.024139,-0.000000,-0.000008,False
2024-02-21,2.024142,2.024142,0.000000,-0.000000,-0.000000,0.000000,2.024142,-0.000000,-0.000005,False
2024-02-22,2.024145,2.024145,0.000000,-0.000000,-0.000000,0.000000,2.024145,-0.000000,-0.000007,False
2024-02-23,2.024148,2.024148,0.000000,-0.000000,-0.000000,0.000000,2.024148,-0.000000,-0.000010,False
2024-02-24,2.024150,2.024150,0.000000,-0.000000,-0.000000,0.000000,2.024150,-0.000000,-0.000012,False
2024-02-25,2.024153,2.024153,0.000000,-0.000000,-0.000000,0.000000,2.024153,-0.000000,-0.000009,False
2024-02-26,2.024156,2.024156,0.000000,-0.000000,-0.000000,0.000000,2.024156,-0.000000,-0.000012,False
2024-02-27,2.024158,2.024159,0.000000,-0.000000,-0.000000,0.000000,2.024158,-0.000000,-0.000014,False
2024-02-28,2.024161,2.024161,0.000000,-0.000000,-0.000000,0.000000,2.024161,-0.000000,-0.000016,False
2024-02-29,2.024164,2.024164,0.000000,-0.000000,-0.000000,0.000000,2.024164,-0.000000,-0.000018,False
2024-03-01,2.024167,2.024167,0.000000,-0.000000,-0.000000,0.000000,2.024167,-0.000000,-0.000015,False
2024-03-02,2.024169,2.024169,0.000000,-0.000000,-0.000000,0.000000,2.024169,-0.000000,-0.000016,False
2024-03-03,2.024172,2.024172,0.000000,-0.000000,-0.000000,0.000000,2.024172,-0.000000,-0.000018,False
2024-03-04,2.024175,2.024175,0.000000,-0.000000,-0.000000,0.000000,2.024175,-0.000000,-0.000020,False
2024-03-05,2.024178,2.024178,0.000000,-0.000000,-0.000000,0.000000,2.024178,-0.000000,-0.000016,False
2024-03-06,2.024180,2.024180,0.000000,-0.000000,-0.000000,0.000000,2.024180,-0.000000,-0.000018,False
2024-03-07,2.024183,2.024183,0.000000,-0.000000,-0.000000,0.000000,2.024183,-0.000000,-0.000019,False
2024-03-08,2.024186,2.024186,0.000000,-0.000000,-0.000000,0.000000,2.024186,-0.000000,-0.000020,False
2024-03-09,2.024189,2.024189,0.000000,-0.000000,-0.000000,0.000000,2.024189,-0.000000,-0.000022,False
2024-03-10,2.024191,2.024191,0.000000,-0.000000,-0.000000,0.000000,2.024191,-0.000000,-0.000018,False
2024-03-11,2.024194,2.024194,0.000000,-0.000000,-0.000000,0.000000,2.024194,-0.000000,-0.000019,False
2024-03-12,2.024197,2.024197,0.000000,-0.000000,-0.000000,0.000000,2.024197,-0.000000,-0.000020,False
2024-03-13,2.024199,2.024199,0.000000,-0.000000,-0.000000,0.000000,2.024199,-0.000000,-0.000020,False
2024-03-14,2.024202,2.024202,0.000000,-0.000000,-0.000000,0.000000,2.024202,-0.000000,-0.000016,False
2024-03-15,2.024205,2.024205,0.000000,-0.000000,-0.000000,0.000000,2.024205,-0.000000,-0.000017,False
2024-03-16,2.024208,2.024208,0.000000,-0.000000,-0.000000,0.000000,2.024208,-0.000000,-0.000018,False
2024-03-17,2.024210,2.024210,0.000000,-0.000000,-0.000000,0.000000,2.024210,-0.000000,-0.000018,False
2024-03-18,2.024213,2.024213,0.000000,-0.000000,-0.000000,0.000000,2.024213,-0.000000,-0.000019,False
2024-03-19,2.024216,2.024216,0.000000,-0.000000,-0.000000,0.000000,2.024216,-0.000000,-0.000014,False
2024-03-20,2.024219,2.024219,0.000000,-0.000000,-0.000000,0.000000,2.024219,-0.000000,-0.000015,False
2024-03-21,2.024221,2.024221,0.000000,-0.000000,-0.000000,0.000000,2.024221,-0.000000,-0.000015,False
2024-03-22,2.024224,2.024224,0.000000,-0.000000,-0.000000,0.000000,2.024224,-0.000000,-0.000016,False
2024-03-23,2.024227,2.024227,0.000000,-0.000000,-0.000000,0.000000,2.024227,-0.000000,-0.000011,False
2024-03-24,2.024230,2.024230,0.000000,-0.000000,-0.000000,0.000000,2.024230,-0.000000,-0.000012,False
2024-03-25,2.024232,2.024232,0.000000,-0.000000,-0.000000,0.000000,2.024232,-0.000000,-0.000012,False
2024-03-26,2.024235,2.024235,0.000000,-0.000000,-0.000000,0.000000,2.024235,-0.000000,-0.000013,False
2024-03-27,2.024238,2.024238,-0.000000,-0.000000,-0.000000,0.000000,2.024238,-0.000000,-0.000013,False
2024-03-28,2.024240,2.024240,-0.000000,-0.000000,-0.000000,0.000000,2.024240,-0.000000,-0.000009,False
2024-03-29,2.024243,2.024243,-0.000000,-0.000000,-0.000000,0.000000,2.024243,-0.000000,-0.000009,False
2024-03-30,2.024246,2.024246,-0.000000,-0.000000,-0.000000,0.000000,2.024246,-0.000000,-0.000010,False
2024-03-31,2.024249,2.024249,-0.000000,-0.000000,-0.000000,0.000000,2.024249,-0.000000,-0.000011,False
2024-04-01,2.024251,2.024251,-0.000000,-0.000000,-0.000000,0.000000,2.024251,-0.000000,-0.000007,False
2024-04-02,2.024254,2.024254,-0.000000,-0.000000,-0.000000,0.000000,2.024254,-0.000000,-0.000007,False
2024-04-03,2.024257,2.024257,-0.000000,-0.000000,-0.000000,0.000000,2.024257,-0.000000,-0.000008,False
2024-04-04,2.024260,2.024260,-0.000000,-0.000000,-0.000000,0.000000,2.024260,-0.000000,-0.000009,False
2024-04-05,2.024262,2.024262,-0.000000,-0.000000,-0.000000,0.000000,2.024262,-0.000000,-0.000006,False
2024-04-06,2.024265,2.024265,-0.000000,-0.000000,-0.000000,0.000000,2.024265,-0.000000,-0.000007,False
2024-04-07,2.024268,2.024268,-0.000000,-0.000000,-0.000000,0.000000,2.024268,-0.000000,-0.000008,False
2024-04-08,2.024270,2.024271,-0.000000,-0.000000,-0.000000,0.000000,2.024271,-0.000000,-0.000010,False
2024-04-09,2.024273,2.024273,-0.000000,-0.000000,-0.000000,0.000000,2.024273,-0.000000,-0.000011,False
2024-04-10,2.024276,2.024276,-0.000000,-0.000000,-0.000000,0.000000,2.024276,-0.000000,-0.000008,False
2024-04-11,2.024279,2.024279,-0.000000,-0.000000,-0.000000,0.000000,2.024279,-0.000000,-0.000010,False
2024-04-12,2.024281,2.024281,-0.000000,-0.000000,-0.000000,0.000000,2.024281,-0.000000,-0.000012,False
2024-04-13,2.024284,2.024284,-0.000000,-0.000000,-0.000000,0.000000,2.024284,-0.000000,-0.000014,False
2024-04-14,2.024287,2.024287,-0.000000,-0.000000,0.000000,0.000000,2.024287,-0.000000,-0.000011,False
2024-04-15,2.024290,2.024290,-0.000000,-0.000000,0.000000,0.000000,2.024290,-0.000000,-0.000014,False
2024-04-16,2.024292,2.024292,-0.000000,-0.000000,0.000000,0.000000,2.024292,-0.000000,-0.000016,False
2024-04-17,2.024295,2.024295,-0.000000,-0.000000,0.000000,0.000000,2.024295,-0.000000,-0.000019,False
2024-04-18,2.024298,2.024298,-0.000000,-0.000000,0.000000,0.000000,2.024298,-0.000000,-0.000022,False
2024-04-19,2.024301,2.024301,-0.000000,0.000000,0.000000,0.000000,2.024301,-0.000000,-0.000020,False
2024-04-20,2.024303,2.024303,-0.000000,0.000000,0.000000,0.000000,2.024303,-0.000000,-0.000023,False
2024-04-21,2.024306,2.024306,-0.000000,0.000000,0.000000,0.000000,2.024306,-0.000000,-0.000026,False
2024-04-22,2.024309,2.024309,-0.000000,0.000000,0.000000,0.000000,2.024309,-0.000000,-0.000030,False
2024-04-23,2.024311,2.024312,-0.000000,0.000000,0.000000,0.000000,2.024312,-0.000000,-0.000028,False
2024-04-24,2.024314,2.024314,-0.000000,0.000000,0.000000,0.000000,2.024314,-0.000000,-0.000032,False
2024-04-25,2.024317,2.024317,-0.000000,0.000000,0.000000,0.000000,2.024317,-0.000000,-0.000036,False
2024-04-26,2.024320,2.024320,-0.000000,0.000000,0.000000,0.000000,2.024320,-0.000000,-0.000040,False
2024-04-27,2.024322,2.024322,-0.000000,0.000000,0.000000,0.000000,2.024322,-0.000000,-0.000044,False
2024-04-28,2.024325,2.024325,-0.000000,0.000000,0.000000,0.000000,2.024325,-0.000000,-0.000043,False
2024-04-29,2.024328,2.024328,-0.000000,0.000000,0.000000,0.000000,2.024328,-0.000000,-0.000047,False
2024-04-30,2.024331,2.024331,-0.000000,0.000000,0.000000,0.000000,2.024331,-0.000000,-0.000052,False
2024-05-01,2.024333,2.024333,-0.000000,0.000000,0.000000,0.000000,2.024333,-0.000000,-0.000056,False
2024-05-02,2.024336,2.024336,-0.000000,0.000000,0.000000,0.000000,2.024336,-0.000000,-0.000055,False
2024-05-03,2.024339,2.024339,-0.000000,0.000000,0.000000,0.000000,2.024339,-0.000000,-0.000060,False
2024-05-04,2.024342,2.024342,-0.000000,0.000000,0.000000,0.000000,2.024342,-0.000000,-0.000065,False
2024-05-05,2.024344,2.024344,-0.000000,0.000000,0.000000,0.000000,2.024344,-0.000000,-0.000069,False
2024-05-06,2.024347,2.024347,-0.000000,0.000000,0.000000,0.000000,2.024347,-0.000000,-0.000074,False
2024-05-07,2.024350,2.024350,-0.000000,0.000000,0.000000,0.000000,2.024350,-0.000000,-0.000074,False
2024-05-08,2.024352,2.024353,-0.000000,0.000000,0.000000,0.000000,2.024353,-0.000000,-0.000078,False
2024-05-09,2.024355,2.024355,-0.000000,0.000000,0.000000,0.000000,2.024355,-0.000000,-0.000083,False
2024-05-10,2.024358,2.024358,-0.000000,0.000000,0.000000,0.000000,2.024358,-0.000000,-0.000088,False
2024-05-11,2.024361,2.024361,-0.000000,0.000000,0.000000,0.000000,2.024361,-0.000000,-0.000088,False
2024-05-12,2.024363,2.024363,0.000000,0.000000,0.000000,0.000000,2.024364,-0.000000,-0.000092,False
2024-05-13,2.024366,2.024366,0.000000,0.000000,0.000000,0.000000,2.024366,-0.000000,-0.000097,False
2024-05-14,2.024369,2.024369,0.000000,0.000000,0.000000,0.000000,2.024369,-0.000000,-0.000101,False
2024-05-15,2.024372,2.024372,0.000000,0.000000,0.000000,0.000000,2.024372,-0.000000,-0.000106,False
2024-05-16,2.024374,2.024374,0.000000,0.000000,0.000000,0.000000,2.024375,-0.000000,-0.000105,False
2024-05-17,2.024377,2.024377,0.000000,0.000000,0.000000,0.000000,2.024377,-0.000000,-0.000110,False
2024-05-18,2.024380,2.024380,0.000000,0.000000,0.000000,0.000000,2.024380,-0.000000,-0.000114,False
2024-05-19,2.024383,2.024383,0.000000,0.000000,0.000000,0.000000,2.024383,-0.000000,-0.000118,False
2024-05-20,2.024385,2.024385,0.000000,0.000000,0.000000,0.000000,2.024385,-0.000000,-0.000117,False
2024-05-21,2.024388,2.024388,0.000000,0.000000,0.000000,0.000000,2.024388,-0.000000,-0.000121,False
2024-05-22,2.024391,2.024391,0.000000,0.000000,0.000000,0.000000,2.024391,-0.000000,-0.000125,False
2024-05-23,2.024393,2.024393,0.000000,0.000000,0.000000,0.000000,2.024394,-0.000000,-0.000128,False
2024-05-24,2.024396,2.024396,0.000000,0.000000,0.000000,0.000000,2.024396,-0.000000,-0.000132,False
2024-05-25,2.024399,2.024399,0.000000,0.000000,0.000000,0.000000,2.024399,-0.000000,-0.000130,False
2024-05-26,2.024402,2.024402,0.000000,0.000000,0.000000,0.000000,2.024402,-0.000000,-0.000133,False
2024-05-27,2.024404,2.024404,0.000000,0.000000,0.000000,0.000000,2.024405,-0.000000,-0.000136,False
2024-05-28,2.024407,2.024407,0.000000,0.000000,0.000000,0.000000,2.024407,-0.000000,-0.000139,False
2024-05-29,2.024410,2.024410,0.000000,0.000000,0.000000,0.000000,2.024410,-0.000000,-0.000136,False
2024-05-30,2.024413,2.024413,0.000000,0.000000,0.000000,0.000000,2.024413,-0.000000,-0.000139,False
2024-05-31,2.024415,2.024415,0.000000,0.000000,0.000000,0.000000,2.024416,-0.000000,-0.000141,False
2024-06-01,2.024418,2.024418,0.000000,0.000000,0.000000,0.000000,2.024418,-0.000000,-0.000143,False
2024-06-02,2.024421,2.024421,0.000000,0.000000,0.000000,0.000000,2.024421,-0.000000,-0.000142,False
2024-06-03,2.024424,2.024424,0.000000,0.000000,0.000000,0.000000,2.024424,-0.000000,-0.000141,False
2024-06-04,2.024426,2.024426,0.000000,0.000000,0.000000,0.000000,2.024427,-0.000000,-0.000143,False
2024-06-05,2.024429,2.024429,0.000000,0.000000,0.000000,0.000000,2.024429,-0.000000,-0.000142,False
2024-06-06,2.024432,2.024432,0.000000,0.000000,0.000000,0.000000,2.024432,-0.000000,-0.000141,False
2024-06-07,2.024434,2.024434,0.000000,0.000000,0.000000,0.000000,2.024435,-0.000000,-0.000141,False
2024-06-08,2.024437,2.024437,0.000000,0.000000,0.000000,0.000000,2.024437,-0.000000,-0.000141,False
2024-06-09,2.024440,2.024440,0.000000,0.000000,0.000000,0.000000,2.024440,-0.000000,-0.000142,False
2024-06-10,2.024443,2.024443,0.000000,0.000000,0.000000,0.000000,2.024443,-0.000000,-0.000142,False
2024-06-11,2.024445,2.024445,0.000000,0.000000,0.000000,0.000000,2.024446,-0.000000,-0.000137,False
2024-06-12,2.024448,2.024448,0.000000,0.000000,0.000000,0.000000,2.024448,-0.000000,-0.000137,False
2024-06-13,2.024451,2.024451,0.000000,0.000000,0.000000,0.000000,2.024451,-0.000000,-0.000136,False
2024-06-14,2.024454,2.024454,0.000000,0.000000,0.000000,0.000000,2.024454,-0.000000,-0.000136,False
2024-06-15,2.024456,2.024456,0.000000,0.000000,0.000000,0.000000,2.024457,-0.000000,-0.000135,False
2024-06-16,2.024459,2.024459,0.000000,0.000000,0.000000,0.000000,2.024459,-0.000000,-0.000129,False
2024-06-17,2.024462,2.024462,0.000000,0.000000,0.000000,0.000000,2.024462,-0.000000,-0.000128,False
2024-06-18,2.024464,2.024465,0.000000,0.000000,0.000000,0.000000,2.024465,-0.000000,-0.000127,False
2024-06-19,2.024467,2.024467,0.000000,0.000000,0.000000,0.000000,2.024467,-0.000000,-0.000126,False
2024-06-20,2.024470,2.024470,0.000000,0.000000,0.000000,0.000000,2.024470,-0.000000,-0.000120,False
2024-06-21,2.024473,2.024473,0.000000,0.000000,0.000000,0.000000,2.024473,-0.000000,-0.000118,False
2024-06-22,2.024475,2.024475,0.000000,0.000000,0.000000,0.000000,2.024476,-0.000000,-0.000117,False
2024-06-23,2.024478,2.024478,0.000000,0.000000,0.000000,0.000000,2.024478,-0.000000,-0.000115,False
2024-06-24,2.024481,2.024481,0.000000,0.000000,0.000000,0.000000,2.024481,-0.000000,-0.000113,False
2024-06-25,2.024484,2.024484,0.000000,0.000000,0.000000,0.000000,2.024484,-0.000000,-0.000106,False
2024-06-26,2.024486,2.024486,0.000000,0.000000,0.000000,0.000000,2.024487,-0.000000,-0.000104,False
2024-06-27,2.024489,2.024489,-0.000000,0.000000,0.000000,0.000000,2.024489,-0.000000,-0.000103,False
2024-06-28,2.024492,2.024492,-0.000000,0.000000,0.000000,0.000000,2.024492,-0.000000,-0.000101,False
2024-06-29,2.024495,2.024495,-0.000000,0.000000,0.000000,0.000000,2.024495,-0.000000,-0.000094,False
2024-06-30,2.024497,2.024497,-0.000000,0.000000,0.000000,0.000000,2.024497,-0.000000,-0.000092,False
2024-07-01,2.024500,2.024500,-0.000000,0.000000,0.000000,0.000000,2.024500,-0.000000,-0.000090,False
2024-07-02,2.024503,2.024503,-0.000000,0.000000,0.000000,0.000000,2.024503,-0.000000,-0.000088,False
2024-07-03,2.024505,2.024506,-0.000000,0.000000,0.000000,0.000000,2.024506,-0.000000,-0.000086,False
2024-07-04,2.024508,2.024508,-0.000000,0.000000,0.000000,0.000000,2.024508,-0.000000,-0.000082,False
2024-07-05,2.024511,2.024511,-0.000000,0.000000,0.000000,0.000000,2.024511,-0.000000,-0.000079,False
2024-07-06,2.024514,2.024514,-0.000000,0.000000,0.000000,0.000000,2.024514,-0.000000,-0.000076,False
2024-07-07,2.024516,2.024516,-0.000000,0.000000,0.000000,0.000000,2.024517,-0.000000,-0.000073,False
2024-07-08,2.024519,2.024519,-0.000000,0.000000,0.000000,0.000000,2.024519,-0.000000,-0.000071,False
2024-07-09,2.024522,2.024522,-0.000000,0.000000,0.000000,0.000000,2.024522,-0.000000,-0.000068,False
2024-07-10,2.024525,2.024525,-0.000000,0.000000,0.000000,0.000000,2.024525,-0.000000,-0.000065,False
2024-07-11,2.024541,2.024527,-0.000000,0.000000,0.000000,0.000000,2.024527,0.000014,0.006768,False
2024-07-12,2.024541,2.024530,-0.000000,0.000000,0.000000,0.000000,2.024530,0.000011,0.005405,False
2024-07-13,2.024541,2.024533,-0.000000,0.000000,0.000000,0.000000,2.024533,0.000008,0.004041,False
2024-07-14,2.024541,2.024536,-0.000000,0.000000,0.000000,0.000000,2.024536,0.000005,0.002677,False
2024-07-15,2.024541,2.024538,-0.000000,0.000000,0.000000,0.000000,2.024538,0.000003,0.001313,False
2024-07-16,2.024541,2.024541,-0.000000,0.000000,0.000000,0.000000,2.024541,-0.000000,-0.000051,False
2024-07-17,2.024544,2.024544,-0.000000,0.000000,0.000000,0.000000,2.024544,-0.000000,-0.000045,False
2024-07-18,2.024546,2.024546,-0.000000,0.000000,0.000000,0.000000,2.024547,-0.000000,-0.000044,False
2024-07-19,2.024549,2.024549,-0.000000,-0.000000,0.000000,0.000000,2.024549,-0.000000,-0.000044,False
2024-07-20,2.024552,2.024552,-0.000000,-0.000000,0.000000,0.000000,2.024552,-0.000000,-0.000043,False
2024-07-21,2.024555,2.024555,-0.000000,-0.000000,0.000000,0.000000,2.024555,-0.000000,-0.000043,False
2024-07-22,2.024557,2.024557,-0.000000,-0.000000,0.000000,0.000000,2.024557,-0.000000,-0.000038,False
2024-07-23,2.024560,2.024560,-0.000000,-0.000000,0.000000,0.000000,2.024560,-0.000000,-0.000038,False
2024-07-24,2.024563,2.024563,-0.000000,-0.000000,0.000000,0.000000,2.024563,-0.000000,-0.000037,False
2024-07-25,2.024566,2.024566,-0.000000,-0.000000,0.000000,0.000000,2.024566,-0.000000,-0.000037,False
2024-07-26,2.024568,2.024568,-0.000000,-0.000000,0.000000,0.000000,2.024568,-0.000000,-0.000037,False
2024-07-27,2.024571,2.024571,-0.000000,-0.000000,0.000000,0.000000,2.024571,-0.000000,-0.000037,False
2024-07-28,2.024574,2.024574,-0.000000,-0.000000,0.000000,0.000000,2.024574,-0.000000,-0.000036,False
2024-07-29,2.024576,2.024577,-0.000000,-0.000000,0.000000,0.000000,2.024577,-0.000000,-0.000037,False
2024-07-30,2.024579,2.024579,-0.000000,-0.000000,0.000000,0.000000,2.024579,-0.000000,-0.000037,False
2024-07-31,2.024582,2.024582,-0.000000,-0.000000,0.000000,0.000000,2.024582,-0.000000,-0.000033,False
2024-08-01,2.024585,2.024585,-0.000000,-0.000000,0.000000,0.000000,2.024585,-0.000000,-0.000034,False
2024-08-02,2.024587,2.024587,-0.000000,-0.000000,0.000000,0.000000,2.024588,-0.000000,-0.000035,False
2024-08-03,2.024590,2.024590,-0.000000,-0.000000,0.000000,0.000000,2.024590,-0.000000,-0.000037,False
2024-08-04,2.024593,2.024593,-0.000000,-0.000000,0.000000,0.000000,2.024593,-0.000000,-0.000036,False
2024-08-05,2.024596,2.024596,-0.000000,-0.000000,0.000000,0.000000,2.024596,-0.000000,-0.000035,False
2024-08-06,2.024598,2.024598,-0.000000,-0.000000,0.000000,0.000000,2.024598,-0.000000,-0.000036,False
2024-08-07,2.024601,2.024601,-0.000000,-0.000000,0.000000,0.000000,2.024601,-0.000000,-0.000038,False
2024-08-08,2.024604,2.024604,-0.000000,-0.000000,0.000000,0.000000,2.024604,-0.000000,-0.000035,False
2024-08-09,2.024607,2.024607,-0.000000,-0.000000,0.000000,0.000000,2.024607,-0.000000,-0.000037,False
2024-08-10,2.024609,2.024609,-0.000000,-0.000000,0.000000,0.000000,2.024609,-0.000000,-0.000038,False
2024-08-11,2.024612,2.024612,-0.000000,-0.000000,0.000000,0.000000,2.024612,-0.000000,-0.000039,False
2024-08-12,2.024615,2.024615,0.000000,-0.000000,0.000000,0.000000,2.024615,-0.000000,-0.000040,False
2024-08-13,2.024617,2.024618,0.000000,-0.000000,0.000000,0.000000,2.024618,-0.000000,-0.000041,False
2024-08-14,2.024620,2.024620,0.000000,-0.000000,0.000000,0.000000,2.024620,-0.000000,-0.000042,False
2024-08-15,2.024623,2.024623,0.000000,-0.000000,0.000000,0.000000,2.024623,-0.000000,-0.000043,False
2024-08-16,2.024626,2.024626,0.000000,-0.000000,0.000000,0.000000,2.024626,-0.000000,-0.000044,False
2024-08-17,2.024628,2.024628,0.000000,-0.000000,0.000000,0.000000,2.024629,-0.000000,-0.000045,False
2024-08-18,2.024631,2.024631,0.000000,-0.000000,0.000000,0.000000,2.024631,-0.000000,-0.000045,False
2024-08-19,2.024634,2.024634,0.000000,-0.000000,0.000000,0.000000,2.024634,-0.000000,-0.000046,False
2024-08-20,2.024637,2.024637,0.000000,-0.000000,0.000000,0.000000,2.024637,-0.000000,-0.000047,False
2024-08-21,2.024639,2.024639,0.000000,-0.000000,0.000000,0.000000,2.024639,-0.000000,-0.000047,False
2024-08-22,2.024642,2.024642,0.000000,-0.000000,0.000000,0.000000,2.024642,-0.000000,-0.000048,False
2024-08-23,2.024642,2.024645,0.000000,-0.000000,0.000000,0.000000,2.024645,-0.000003,-0.001414,False
2024-08-24,2.024642,2.024648,0.000000,-0.000000,0.000000,0.000000,2.024648,-0.000006,-0.002781,False
2024-08-25,2.024642,2.024650,0.000000,-0.000000,0.000000,0.000000,2.024650,-0.000008,-0.004148,False
2024-08-26,2.024642,2.024653,0.000000,-0.000000,0.000000,0.000000,2.024653,-0.000011,-0.005514,False
2024-08-27,2.024642,2.024656,0.000000,-0.000000,0.000000,0.000000,2.024656,-0.000014,-0.006880,False
2024-08-28,2.024678,2.024659,0.000000,-0.000000,0.000000,0.000000,2.024659,0.000019,0.009514,False
2024-08-29,2.024678,2.024661,0.000000,-0.000000,0.000000,0.000000,2.024661,0.000016,0.008148,False
2024-08-30,2.024678,2.024664,0.000000,-0.000000,0.000000,0.000000,2.024664,0.000014,0.006782,False
2024-08-31,2.024678,2.024667,0.000000,-0.000000,0.000000,0.000000,2.024667,0.000011,0.005416,False
2024-09-01,2.024678,2.024669,0.000000,-0.000000,0.000000,0.000000,2.024669,0.000008,0.004050,False
2024-09-02,2.024678,2.024672,0.000000,-0.000000,0.000000,0.000000,2.024672,0.000005,0.002684,False
2024-09-03,2.024678,2.024675,0.000000,-0.000000,0.000000,0.000000,2.024675,0.000003,0.001319,False
2024-09-04,2.024678,2.024678,0.000000,-0.000000,0.000000,0.000000,2.024678,-0.000000,-0.000047,False
2024-09-05,2.024680,2.024680,0.000000,-0.000000,0.000000,0.000000,2.024680,-0.000000,-0.000048,False
2024-09-06,2.024683,2.024683,0.000000,-0.000000,0.000000,0.000000,2.024683,-0.000000,-0.000048,False
2024-09-07,2.024686,2.024686,0.000000,-0.000000,0.000000,0.000000,2.024686,-0.000000,-0.000048,False
2024-09-08,2.024689,2.024689,0.000000,-0.000000,0.000000,0.000000,2.024689,-0.000000,-0.000046,False
2024-09-09,2.024691,2.024691,0.000000,-0.000000,0.000000,0.000000,2.024691,-0.000000,-0.000044,False
2024-09-10,2.024694,2.024694,0.000000,-0.000000,0.000000,0.000000,2.024694,-0.000000,-0.000044,False
2024-09-11,2.024697,2.024697,0.000000,-0.000000,0.000000,0.000000,2.024697,-0.000000,-0.000044,False
2024-09-12,2.024699,2.024699,0.000000,-0.000000,0.000000,0.000000,2.024700,-0.000000,-0.000044,False
2024-09-13,2.024702,2.024702,0.000000,-0.000000,0.000000,0.000000,2.024702,-0.000000,-0.000038,False
2024-09-14,2.024705,2.024705,0.000000,-0.000000,0.000000,0.000000,2.024705,-0.000000,-0.000038,False
2024-09-15,2.024708,2.024708,0.000000,-0.000000,0.000000,0.000000,2.024708,-0.000000,-0.000038,False
2024-09-16,2.024710,2.024710,0.000000,-0.000000,0.000000,0.000000,2.024710,-0.000000,-0.000038,False
2024-09-17,2.024713,2.024713,0.000000,-0.000000,0.000000,0.000000,2.024713,-0.000000,-0.000037,False
2024-09-18,2.024716,2.024716,0.000000,-0.000000,0.000000,0.000000,2.024716,-0.000000,-0.000032,False
2024-09-19,2.024719,2.024719,0.000000,-0.000000,0.000000,0.000000,2.024719,-0.000000,-0.000031,False
2024-09-20,2.024721,2.024721,0.000000,-0.000000,0.000000,0.000000,2.024721,-0.000000,-0.000031,False
2024-09-21,2.024724,2.024724,0.000000,-0.000000,0.000000,0.000000,2.024724,-0.000000,-0.000030,False
2024-09-22,2.024727,2.024727,0.000000,-0.000000,0.000000,0.000000,2.024727,-0.000000,-0.000027,False
2024-09-23,2.024730,2.024730,0.000000,-0.000000,0.000000,0.000000,2.024730,-0.000000,-0.000024,False
2024-09-24,2.024732,2.024732,0.000000,-0.000000,0.000000,0.000000,2.024732,-0.000000,-0.000023,False
2024-09-25,2.024735,2.024735,0.000000,-0.000000,0.000000,0.000000,2.024735,-0.000000,-0.000023,False
2024-09-26,2.024738,2.024738,-0.000000,-0.000000,0.000000,0.000000,2.024738,-0.000000,-0.000022,False
2024-09-27,2.024740,2.024740,-0.000000,-0.000000,0.000000,0.000000,2.024740,-0.000000,-0.000017,False
2024-09-28,2.024743,2.024743,-0.000000,-0.000000,0.000000,0.000000,2.024743,-0.000000,-0.000016,False
2024-09-29,2.024746,2.024746,-0.000000,-0.000000,0.000000,0.000000,2.024746,-0.000000,-0.000016,False
2024-09-30,2.024749,2.024749,-0.000000,-0.000000,0.000000,0.000000,2.024749,-0.000000,-0.000015,False
2024-10-01,2.024751,2.024751,-0.000000,-0.000000,0.000000,0.000000,2.024751,-0.000000,-0.000010,False
2024-10-02,2.024754,2.024754,-0.000000,-0.000000,0.000000,0.000000,2.024754,-0.000000,-0.000010,False
2024-10-03,2.024757,2.024757,-0.000000,-0.000000,0.000000,0.000000,2.024757,-0.000000,-0.000010,False
2024-10-04,2.024760,2.024760,-0.000000,-0.000000,0.000000,0.000000,2.024760,-0.000000,-0.000010,False
2024-10-05,2.024762,2.024762,-0.000000,-0.000000,0.000000,0.000000,2.024762,-0.000000,-0.000005,False
2024-10-06,2.024765,2.024765,-0.000000,-0.000000,0.000000,0.000000,2.024765,-0.000000,-0.000005,False
2024-10-07,2.024768,2.024768,-0.000000,-0.000000,0.000000,0.000000,2.024768,-0.000000,-0.000005,False
2024-10-08,2.024770,2.024771,-0.000000,-0.000000,0.000000,0.000000,2.024771,-0.000000,-0.000005,False
2024-10-09,2.024773,2.024773,-0.000000,-0.000000,0.000000,0.000000,2.024773,-0.000000,-0.000006,False
2024-10-10,2.024776,2.024776,-0.000000,-0.000000,0.000000,0.000000,2.024776,-0.000000,-0.000002,False
2024-10-11,2.024779,2.024779,-0.000000,-0.000000,0.000000,0.000000,2.024779,-0.000000,-0.000002,False
2024-10-12,2.024781,2.024781,-0.000000,-0.000000,0.000000,0.000000,2.024781,-0.000000,-0.000003,False
2024-10-13,2.024784,2.024784,-0.000000,-0.000000,0.000000,0.000000,2.024784,-0.000000,-0.000004,False
2024-10-14,2.024787,2.024787,-0.000000,-0.000000,-0.000000,0.000000,2.024787,-0.000000,-0.000000,False
2024-10-15,2.024790,2.024790,-0.000000,-0.000000,-0.000000,0.000000,2.024790,-0.000000,-0.000002,False
2024-10-16,2.024792,2.024792,-0.000000,-0.000000,-0.000000,0.000000,2.024792,-0.000000,-0.000003,False
2024-10-17,2.024795,2.024795,-0.000000,-0.000000,-0.000000,0.000000,2.024795,-0.000000,-0.000005,False
2024-10-18,2.024798,2.024798,-0.000000,-0.000000,-0.000000,0.000000,2.024798,-0.000000,-0.000007,False
2024-10-19,2.024801,2.024801,-0.000000,0.000000,-0.000000,0.000000,2.024801,-0.000000,-0.000003,False
2024-10-20,2.024803,2.024803,-0.000000,0.000000,-0.000000,0.000000,2.024803,-0.000000,-0.000005,False
2024-10-21,2.024806,2.024806,-0.000000,0.000000,-0.000000,0.000000,2.024806,-0.000000,-0.000008,False
2024-10-22,2.024809,2.024809,-0.000000,0.000000,-0.000000,0.000000,2.024809,-0.000000,-0.000010,False
2024-10-23,2.024811,2.024812,-0.000000,0.000000,-0.000000,0.000000,2.024811,-0.000000,-0.000007,False
2024-10-24,2.024814,2.024814,-0.000000,0.000000,-0.000000,0.000000,2.024814,-0.000000,-0.000010,False
2024-10-25,2.024817,2.024817,-0.000000,0.000000,-0.000000,0.000000,2.024817,-0.000000,-0.000013,False
2024-10-26,2.024820,2.024820,-0.000000,0.000000,-0.000000,0.000000,2.024820,-0.000000,-0.000016,False
2024-10-27,2.024822,2.024822,-0.000000,0.000000,-0.000000,0.000000,2.024822,-0.000000,-0.000019,False
2024-10-28,2.024825,2.024825,-0.000000,0.000000,-0.000000,0.000000,2.024825,-0.000000,-0.000017,False
2024-10-29,2.024828,2.024828,-0.000000,0.000000,-0.000000,0.000000,2.024828,-0.000000,-0.000020,False
2024-10-30,2.024831,2.024831,-0.000000,0.000000,-0.000000,0.000000,2.024831,-0.000000,-0.000023,False
2024-10-31,2.024833,2.024833,-0.000000,0.000000,-0.000000,0.000000,2.024833,-0.000000,-0.000025,False
2024-11-01,2.024836,2.024836,-0.000000,0.000000,-0.000000,0.000000,2.024836,-0.000000,-0.000027,False
2024-11-02,2.024839,2.024839,-0.000000,0.000000,-0.000000,0.000000,2.024839,-0.000000,-0.000029,False
2024-11-03,2.024842,2.024842,-0.000000,0.000000,-0.000000,0.000000,2.024842,-0.000000,-0.000032,False
2024-11-04,2.024844,2.024844,-0.000000,0.000000,-0.000000,0.000000,2.024844,-0.000000,-0.000034,False
2024-11-05,2.024847,2.024847,-0.000000,0.000000,-0.000000,0.000000,2.024847,-0.000000,-0.000037,False
2024-11-06,2.024850,2.024850,-0.000000,0.000000,-0.000000,0.000000,2.024850,-0.000000,-0.000039,False
2024-11-07,2.024852,2.024852,-0.000000,0.000000,-0.000000,0.000000,2.024853,-0.000000,-0.000041,False
2024-11-08,2.024855,2.024855,-0.000000,0.000000,-0.000000,0.000000,2.024855,-0.000000,-0.000045,False
2024-11-09,2.024858,2.024858,-0.000000,0.000000,-0.000000,0.000000,2.024858,-0.000000,-0.000049,False
2024-11-10,2.024861,2.024861,-0.000000,0.000000,-0.000000,0.000000,2.024861,-0.000000,-0.000047,False
2024-11-11,2.024863,2.024863,0.000000,0.000000,-0.000000,0.000000,2.024863,-0.000000,-0.000051,False
2024-11-12,2.024866,2.024866,0.000000,0.000000,-0.000000,0.000000,2.024866,-0.000000,-0.000055,False
2024-11-13,2.024869,2.024869,0.000000,0.000000,-0.000000,0.000000,2.024869,-0.000000,-0.000058,False
2024-11-14,2.024872,2.024872,0.000000,0.000000,-0.000000,0.000000,2.024872,-0.000000,-0.000062,False
2024-11-15,2.024874,2.024874,0.000000,0.000000,-0.000000,0.000000,2.024874,-0.000000,-0.000060,False
2024-11-16,2.024877,2.024877,0.000000,0.000000,-0.000000,0.000000,2.024877,-0.000000,-0.000062,False
2024-11-17,2.024880,2.024880,0.000000,0.000000,-0.000000,0.000000,2.024880,-0.000000,-0.000064,False
2024-11-18,2.024883,2.024883,0.000000,0.000000,-0.000000,0.000000,2.024883,-0.000000,-0.000066,False
2024-11-19,2.024885,2.024885,0.000000,0.000000,-0.000000,0.000000,2.024885,-0.000000,-0.000068,False
2024-11-20,2.024888,2.024888,0.000000,0.000000,-0.000000,0.000000,2.024888,-0.000000,-0.000071,False
2024-11-21,2.024891,2.024891,0.000000,0.000000,-0.000000,0.000000,2.024891,-0.000000,-0.000074,False
2024-11-22,2.024893,2.024893,0.000000,0.000000,-0.000000,0.000000,2.024894,-0.000000,-0.000077,False
2024-11-23,2.024896,2.024896,0.000000,0.000000,-0.000000,0.000000,2.024896,-0.000000,-0.000079,False
2024-11-24,2.024899,2.024899,0.000000,0.000000,-0.000000,0.000000,2.024899,-0.000000,-0.000077,False
2024-11-25,2.024902,2.024902,0.000000,0.000000,-0.000000,0.000000,2.024902,-0.000000,-0.000079,False
2024-11-26,2.024904,2.024904,0.000000,0.000000,-0.000000,0.000000,2.024905,-0.000000,-0.000081,False
2024-11-27,2.024907,2.024907,0.000000,0.000000,-0.000000,0.000000,2.024907,-0.000000,-0.000083,False
2024-11-28,2.024910,2.024910,0.000000,0.000000,-0.000000,0.000000,2.024910,-0.000000,-0.000080,False
2024-11-29,2.024913,2.024913,0.000000,0.000000,-0.000000,0.000000,2.024913,-0.000000,-0.000081,False
2024-11-30,2.024915,2.024915,0.000000,0.000000,-0.000000,0.000000,2.024915,-0.000000,-0.000083,False
2024-12-01,2.024918,2.024918,0.000000,0.000000,-0.000000,0.000000,2.024918,-0.000000,-0.000084,False
2024-12-02,2.024921,2.024921,0.000000,0.000000,-0.000000,0.000000,2.024921,-0.000000,-0.000080,False
2024-12-03,2.024924,2.024924,0.000000,0.000000,-0.000000,0.000000,2.024924,-0.000000,-0.000081,False
2024-12-04,2.024926,2.024926,0.000000,0.000000,-0.000000,0.000000,2.024926,-0.000000,-0.000082,False
2024-12-05,2.024929,2.024929,0.000000,0.000000,-0.000000,0.000000,2.024929,-0.000000,-0.000082,False
2024-12-06,2.024932,2.024932,0.000000,0.000000,-0.000000,0.000000,2.024932,-0.000000,-0.000082,False
2024-12-07,2.024934,2.024934,0.000000,0.000000,-0.000000,0.000000,2.024935,-0.000000,-0.000077,False
2024-12-08,2.024937,2.024937,0.000000,0.000000,-0.000000,0.000000,2.024937,-0.000000,-0.000077,False
2024-12-09,2.024940,2.024940,0.000000,0.000000,-0.000000,0.000000,2.024940,-0.000000,-0.000077,False
2024-12-10,2.024943,2.024943,0.000000,0.000000,-0.000000,0.000000,2.024943,-0.000000,-0.000077,False
2024-12-11,2.024945,2.024945,0.000000,0.000000,-0.000000,0.000000,2.024946,-0.000000,-0.000071,False
2024-12-12,2.024948,2.024948,0.000000,0.000000,-0.000000,0.000000,2.024948,-0.000000,-0.000070,False
2024-12-13,2.024951,2.024951,0.000000,0.000000,-0.000000,0.000000,2.024951,-0.000000,-0.000069,False
2024-12-14,2.024954,2.024954,0.000000,0.000000,-0.000000,0.000000,2.024954,-0.000000,-0.000068,False
2024-12-15,2.024956,2.024956,0.000000,0.000000,-0.000000,0.000000,2.024956,-0.000000,-0.000067,False
2024-12-16,2.024959,2.024959,0.000000,0.000000,-0.000000,0.000000,2.024959,-0.000000,-0.000061,False
2024-12-17,2.024962,2.024962,0.000000,0.000000,-0.000000,0.000000,2.024962,-0.000000,-0.000059,False
2024-12-18,2.024964,2.024965,0.000000,0.000000,-0.000000,0.000000,2.024965,-0.000000,-0.000057,False
2024-12-19,2.024967,2.024967,0.000000,0.000000,-0.000000,0.000000,2.024967,-0.000000,-0.000056,False
2024-12-20,2.024970,2.024970,0.000000,0.000000,-0.000000,0.000000,2.024970,-0.000000,-0.000049,False
2024-12-21,2.024973,2.024973,0.000000,0.000000,-0.000000,0.000000,2.024973,-0.000000,-0.000047,False
2024-12-22,2.024975,2.024975,0.000000,0.000000,-0.000000,0.000000,2.024975,-0.000000,-0.000045,False
2024-12-23,2.024978,2.024978,0.000000,0.000000,-0.000000,0.000000,2.024978,-0.000000,-0.000043,False
2024-12-24,2.024981,2.024981,0.000000,0.000000,-0.000000,0.000000,2.024981,-0.000000,-0.000039,False
2024-12-25,2.024984,2.024984,0.000000,0.000000,-0.000000,0.000000,2.024984,-0.000000,-0.000035,False
2024-12-26,2.024986,2.024986,0.000000,0.000000,-0.000000,0.000000,2.024986,-0.000000,-0.000031,False
2024-12-27,2.024989,2.024989,-0.000000,0.000000,-0.000000,0.000000,2.024989,-0.000000,-0.000029,False
2024-12-28,2.024992,2.024992,-0.000000,0.000000,-0.000000,0.000000,2.024992,-0.000000,-0.000026,False
2024-12-29,2.024995,2.024995,-0.000000,0.000000,-0.000000,0.000000,2.024995,-0.000000,-0.000019,False
2024-12-30,2.024997,2.024997,-0.000000,0.000000,-0.000000,0.000000,2.024997,-0.000000,-0.000017,False
2024-12-31,2.025000,2.025000,-0.000000,0.000000,-0.000000,0.000000,2.025000,-0.000000,-0.000015,False
