datetime,gpsdate,dN,dE,dU,sN,sE,sU
2010.00548,2010-01-02,-93.0530,234.4860,-15.9640,1.6360,1.3970,7.0040
2010.03836,2010-01-14,-94.9900,234.2970,-40.7450,1.8020,1.6150,8.3520
2010.04110,2010-01-15,-96.8890,234.9060,-35.3330,1.3830,1.2660,6.2610
2010.04384,2010-01-16,-94.9440,235.7050,-38.1740,1.3590,1.2440,6.2970
2010.04658,2010-01-17,-96.1360,236.3180,-36.5690,1.3320,1.2180,6.0870
2010.04932,2010-01-18,-96.8140,234.8420,-33.4300,1.3850,1.3190,6.4570
2010.05205,2010-01-19,-94.3680,236.2420,-27.0020,1.3500,1.2990,6.2420
2010.05479,2010-01-20,-93.8410,237.4940,-30.0840,1.5570,1.3820,7.0260
2010.05753,2010-01-21,-91.6070,236.2810,-19.4830,1.4050,1.3370,6.6170
2010.06027,2010-01-22,-94.8830,235.9620,-26.7900,1.3030,1.1980,5.9870
2010.06301,2010-01-23,-95.1660,236.6100,-29.5700,1.3310,1.2490,6.0770
2010.06575,2010-01-24,-96.2240,237.0690,-20.6520,1.3600,1.2560,6.2190
2010.06849,2010-01-25,-91.3070,236.9120,-19.9730,1.3920,1.2310,6.2670
2010.07123,2010-01-26,-95.2610,234.9740,-28.6360,1.3450,1.2540,6.0590
2010.07397,2010-01-27,-94.5230,237.1080,-30.1550,1.3940,1.3080,6.3430
2010.07671,2010-01-28,-96.3990,237.2070,-20.4990,1.4150,1.3250,6.4150
2010.07945,2010-01-29,-96.3850,237.7720,-17.1320,1.3570,1.2500,6.1350
2010.08219,2010-01-30,-97.2340,236.6650,-24.6640,1.3690,1.2600,6.1690
2010.08493,2010-01-31,-94.4220,234.8820,-22.0720,1.3930,1.3240,6.4340
2010.08767,2010-02-01,-95.4050,234.8870,-28.0530,1.4260,1.3070,6.4550
2010.09041,2010-02-02,-94.9820,236.6930,-20.0350,1.4140,1.3220,6.5690
2010.09315,2010-02-03,-95.4110,235.2610,-26.0520,1.3750,1.2650,6.2320
2010.09589,2010-02-04,-95.1730,236.0880,-21.0640,1.4100,1.2950,6.4120
2010.09863,2010-02-05,-96.3410,237.6830,-22.2700,1.4460,1.3180,6.5200
2010.10137,2010-02-06,-94.8040,237.5240,-16.6100,1.3980,1.2350,6.3390
2010.10411,2010-02-07,-96.3180,236.9690,-34.0170,1.4640,1.3410,6.7740
2010.10685,2010-02-08,-94.7970,237.7460,-21.6920,1.4930,1.3240,6.7910
2010.10959,2010-02-09,-93.4400,239.1860,-19.0910,1.5560,1.4840,7.4040
2010.11233,2010-02-10,-89.2980,240.1150,-10.8000,1.6760,1.5300,7.7620
2010.11507,2010-02-11,-91.7320,236.6290,-25.7670,1.5640,1.4070,7.2940
2010.11781,2010-02-12,-92.4100,234.2300,-31.6630,1.4520,1.2950,6.6560
2010.12055,2010-02-13,-94.6670,238.9530,-24.3820,1.3980,1.2680,6.3660
2010.12329,2010-02-14,-91.1830,236.8890,-12.3950,1.3430,1.2390,6.2710
2010.12603,2010-02-15,-91.2480,240.7400,-6.3900,1.3990,1.2590,6.3920
2010.12877,2010-02-16,-92.5890,239.6900,-26.2280,1.4640,1.3360,6.7100
2010.13151,2010-02-17,-93.1770,240.1330,-14.5610,1.4990,1.3390,6.7390
2010.13425,2010-02-18,-95.0000,239.1580,-8.1430,1.4810,1.3010,6.7130
2010.13699,2010-02-19,-94.5030,238.4580,-16.6420,1.5930,1.4120,7.0770
2010.13973,2010-02-20,-97.2040,239.5340,-17.1770,1.4340,1.2960,6.6410
2010.14247,2010-02-21,-92.8280,240.7440,-24.0390,1.3540,1.2600,6.2850
2010.14521,2010-02-22,-95.8190,239.2180,-10.8430,1.4170,1.2600,6.5250
2010.14795,2010-02-23,-100.3120,240.9910,-13.8890,1.4890,1.3000,6.8680
2010.15068,2010-02-24,-97.9840,242.2440,-16.2570,1.5600,1.4250,7.3260
2010.15342,2010-02-25,-90.7970,241.8670,17.4880,1.6290,1.4720,7.6560
2010.15616,2010-02-26,-94.0550,242.1580,-15.4280,1.5180,1.3570,6.9460
2010.15890,2010-02-27,-90.7850,242.7430,-2.4730,1.6090,1.3940,7.2990
2010.16164,2010-02-28,-94.4160,240.4870,-15.1800,1.4760,1.3400,6.7870
2010.16438,2010-03-01,-93.0180,245.6530,-13.0860,1.5800,1.4970,7.6290
2010.16712,2010-03-02,-94.3530,237.6310,-32.2290,1.4890,1.4220,6.9120
2010.16986,2010-03-03,-93.1510,242.5350,-14.5860,1.5270,1.3920,7.0950
2010.17260,2010-03-04,-92.2300,242.3880,-13.4260,1.5240,1.4240,7.0990
2010.17534,2010-03-05,-95.6320,242.7150,-17.1390,1.5800,1.3950,7.2610
2010.17808,2010-03-06,-93.1500,242.7200,-24.2860,1.5420,1.4740,7.3240
2010.18082,2010-03-07,-94.7200,237.5040,-21.5280,1.4520,1.3390,6.6650
2010.18356,2010-03-08,-95.0290,241.2830,-23.1540,1.4340,1.3180,6.5740
2010.18630,2010-03-09,-95.4990,241.2190,-23.4360,1.5190,1.3400,6.8990
2010.18904,2010-03-10,-96.5680,240.6690,-28.5550,1.5620,1.4070,7.1560
2010.19178,2010-03-11,-96.8870,243.8060,-18.9400,1.4430,1.3790,6.7760
2010.19452,2010-03-12,-98.8800,241.6090,-22.8670,1.4990,1.4140,7.1080
2010.19726,2010-03-13,-96.8690,239.5520,-26.3910,1.4920,1.3740,6.8950
2010.20000,2010-03-14,-95.3590,243.3100,-21.4900,1.5400,1.4000,7.0150
2010.20274,2010-03-15,-95.5960,242.6500,-17.8030,1.4720,1.3630,6.8180
2010.20548,2010-03-16,-95.4400,241.6900,-7.1360,1.4270,1.3410,6.6750
2010.20822,2010-03-17,-98.8230,242.9570,-22.7870,1.4900,1.4050,6.9390
2010.21096,2010-03-18,-96.1010,241.7380,-28.6780,1.5340,1.4110,6.9440
2010.21370,2010-03-19,-98.4550,244.1790,-33.4480,1.6050,1.4610,7.3600
2010.21644,2010-03-20,-94.2450,244.0290,-18.5590,1.5920,1.5360,7.6200
2010.21918,2010-03-21,-95.8120,242.1670,-17.1950,1.6220,1.4900,7.4280
2010.22192,2010-03-22,-97.1980,242.4960,-13.5670,1.5980,1.4810,7.5580
2010.22466,2010-03-23,-93.9080,241.8710,-9.8920,1.6430,1.5250,7.6330
2010.22740,2010-03-24,-93.5250,238.0390,-36.7240,1.5600,1.4750,7.3610
2010.23014,2010-03-25,-95.2550,243.0630,-25.4340,1.4440,1.3400,6.6510
2010.23288,2010-03-26,-96.9340,242.2480,-27.7360,1.5380,1.4490,7.1660
2010.23562,2010-03-27,-100.1360,243.2560,-39.0650,1.4720,1.3910,6.8680
2010.23836,2010-03-28,-94.8090,243.8720,-35.9600,1.4800,1.3650,6.8470
2010.24110,2010-03-29,-99.1280,242.2350,-28.1690,1.5590,1.4760,7.3160
2010.24384,2010-03-30,-98.5280,240.3610,-28.0200,1.6430,1.5630,7.6030
2010.24658,2010-03-31,-97.5330,243.7220,-29.9210,1.5740,1.4610,7.3640
2010.24932,2010-04-01,-100.5230,241.6960,-36.6470,1.6220,1.5060,7.6240
2010.25205,2010-04-02,-97.6290,242.9570,-30.4040,1.5540,1.3430,7.0440
2010.25479,2010-04-03,-97.0300,244.8710,-20.4080,1.5230,1.3290,6.8470
2010.25753,2010-04-04,-96.4910,244.0030,-20.0070,1.4860,1.2930,6.6750
2010.26027,2010-04-05,-96.7840,246.3390,-22.2590,1.5270,1.3330,6.9380
2010.26301,2010-04-06,-99.7810,247.6320,-22.5520,1.5610,1.3210,6.9000
2010.26575,2010-04-07,-99.4560,245.9130,-28.0880,1.5080,1.3220,6.7680
2010.26849,2010-04-08,-99.1420,246.1680,-13.8510,1.5660,1.3980,7.1330
2010.27123,2010-04-09,-100.0850,245.6650,-27.2630,1.5470,1.4220,7.0480
2010.27397,2010-04-10,-97.1140,241.3580,-37.2030,1.6040,1.4670,7.3720
2010.27671,2010-04-11,-93.8450,247.6760,-15.8930,1.7540,1.4270,7.6170
2010.27945,2010-04-12,-96.4930,242.6150,-42.0920,1.6440,1.4440,7.4240
2010.28219,2010-04-13,-97.3790,242.6540,-36.8470,1.6250,1.4240,7.3920
2010.28493,2010-04-14,-95.7560,242.5620,-38.6760,1.5530,1.4280,7.2170
2010.28767,2010-04-15,-97.8420,242.7890,-39.9640,1.5400,1.3290,6.8590
2010.29041,2010-04-16,-96.0940,242.0070,-34.1880,1.5670,1.3530,6.9810
2010.29315,2010-04-17,-94.9540,241.3950,-24.3260,1.6070,1.4360,7.1680
2010.29589,2010-04-18,-95.8600,242.8470,-29.4380,1.5250,1.3430,6.9270
2010.29863,2010-04-19,-97.1630,243.2090,-29.9520,1.6810,1.4350,7.5040
2010.30137,2010-04-20,-97.4310,242.9860,-44.3210,1.5810,1.3590,7.0940
2010.30411,2010-04-21,-91.5070,241.6580,-35.5380,2.0080,1.8620,9.8150
2010.30685,2010-04-22,-102.4320,243.0820,-48.4080,2.0590,1.8470,9.4950
2010.30959,2010-04-23,-96.5570,242.4570,-37.2090,1.4290,1.2760,6.4810
2010.31233,2010-04-24,-95.3530,242.0660,-32.6050,1.4760,1.2970,6.6410
2010.31507,2010-04-25,-96.5520,242.3950,-42.3980,1.6190,1.4330,7.3770
2010.31781,2010-04-26,-96.1440,244.1710,-30.4890,1.6700,1.4150,7.3540
2010.32055,2010-04-27,-96.7480,243.1740,-20.8840,1.5950,1.4210,7.1880
2010.32329,2010-04-28,-101.5780,244.3760,-23.7700,1.5880,1.3340,6.9130
2010.32603,2010-04-29,-95.4760,242.8380,-41.3500,1.6720,1.4130,7.5430
2010.32877,2010-04-30,-98.5360,241.1660,-35.8740,1.6040,1.4090,7.2010
2010.33151,2010-05-01,-98.2450,244.9190,-34.7030,1.5970,1.3840,7.1060
2010.33425,2010-05-02,-95.4070,245.1170,-19.8040,1.5650,1.4010,7.1800
2010.33699,2010-05-03,-101.1470,244.7550,-33.3070,1.7180,1.5070,7.4800
2010.33973,2010-05-04,-100.0890,245.5740,-16.0890,1.6090,1.4030,7.2350
2010.34247,2010-05-05,-99.2080,245.2770,-20.6440,1.6720,1.4980,7.6230
2010.34521,2010-05-06,-100.0400,246.3090,-25.8760,1.6710,1.4680,7.5500
2010.34795,2010-05-07,-95.4310,243.7860,-24.8840,1.6340,1.4470,7.4690
2010.35068,2010-05-08,-94.2210,246.2370,-14.5470,1.6930,1.4740,7.7130
2010.35342,2010-05-09,-93.0700,244.9220,-12.4440,1.6910,1.5130,7.6780
2010.35616,2010-05-10,-95.2960,244.5540,-16.0210,1.5780,1.4060,7.1890
2010.35890,2010-05-11,-97.2770,246.2300,-25.3760,1.6170,1.4330,7.3740
2010.36164,2010-05-12,-98.8320,248.6290,-1.6490,1.7020,1.4680,7.6350
2010.36438,2010-05-13,-95.4300,246.1070,-11.9490,1.6730,1.4590,7.6070
2010.36712,2010-05-14,-97.3630,245.3090,-20.1470,1.6500,1.4680,7.3620
2010.36986,2010-05-15,-97.3990,244.9760,-19.4290,1.6600,1.4240,7.3540
2010.37260,2010-05-16,-98.3820,246.2660,-28.9100,1.7040,1.4770,7.7690
2010.37534,2010-05-17,-96.0710,245.5220,-20.9310,1.6870,1.4840,7.7300
2010.37808,2010-05-18,-101.4480,249.3620,-20.2460,1.6750,1.4680,7.5760
2010.38082,2010-05-19,-96.5770,245.5330,-19.9600,1.8210,1.6160,8.5920
2010.38356,2010-05-20,-100.6430,247.8100,-14.8070,1.8180,1.6360,8.3630
2010.38630,2010-05-21,-99.7910,246.8210,-20.3500,1.7880,1.5370,7.9810
2010.38904,2010-05-22,-98.7410,249.3480,-17.0370,1.7990,1.4940,7.9860
2010.39178,2010-05-23,-97.3870,243.4460,-9.0000,1.7810,1.5510,8.2280
2010.39452,2010-05-24,-97.7640,246.9990,-7.9100,1.6650,1.4510,7.5360
2010.39726,2010-05-25,-97.2680,246.4250,-14.2990,1.7800,1.4860,7.8000
2010.40000,2010-05-26,-101.0480,250.7160,-16.1400,1.6920,1.4550,7.5080
2010.40274,2010-05-27,-99.6730,245.4540,-28.5140,1.6500,1.5060,7.5730
2010.40548,2010-05-28,-98.2560,243.4920,-34.8200,1.6560,1.5410,7.7540
2010.40822,2010-05-29,-99.8700,244.5140,-33.2650,1.6830,1.4780,7.4980
2010.41096,2010-05-30,-98.7960,244.3770,-28.2980,1.6440,1.4840,7.6760
2010.41370,2010-05-31,-98.1800,243.1540,-22.4370,1.6710,1.4110,7.2670
2010.41644,2010-06-01,-97.9290,248.1360,-26.1180,1.7180,1.4200,7.3690
2010.41918,2010-06-02,-97.9230,246.2010,-10.3640,1.5870,1.3950,7.1190
2010.42192,2010-06-03,-98.9950,245.6210,-12.0160,1.5940,1.4070,7.1480
2010.42466,2010-06-04,-96.0220,245.4710,-10.1920,1.7880,1.4740,7.6490
2010.42740,2010-06-05,-97.3570,249.2110,-20.9000,1.7270,1.4460,7.5590
2010.43014,2010-06-06,-94.3400,250.2720,-16.3960,1.6980,1.4660,7.3350
2010.43288,2010-06-07,-94.2260,246.4200,-13.9110,1.6920,1.4570,7.4690
2010.43562,2010-06-08,-95.0780,247.4850,-16.9470,1.6890,1.4740,7.5010
2010.43836,2010-06-09,-96.3880,247.4170,-12.5760,1.7610,1.5290,7.7250
2010.44110,2010-06-10,-97.7090,248.0380,-17.5960,1.9130,1.6180,8.4220
2010.44384,2010-06-11,-97.6540,247.9480,-13.1280,1.7460,1.5110,7.6990
2010.44658,2010-06-12,-100.3100,247.6060,-13.2780,1.8320,1.6620,8.3290
2010.44932,2010-06-13,-98.4360,249.9980,-18.1040,2.0060,1.7640,8.8280
2010.45205,2010-06-14,-93.8900,252.6480,5.6980,1.8290,1.6060,8.0640
2010.45479,2010-06-15,-94.9870,250.4110,5.4830,1.7060,1.6490,8.0750
2010.45753,2010-06-16,-94.0470,249.9270,-2.9910,1.9610,1.6670,8.5980
2010.46027,2010-06-17,-94.6200,251.7290,-20.9550,1.8350,1.6800,8.2830
2010.46301,2010-06-18,-98.6630,249.9770,-9.5990,1.8940,1.6290,8.3540
2010.46575,2010-06-19,-96.2210,250.3070,-13.9000,1.7310,1.6140,7.8680
2010.46849,2010-06-20,-92.7410,246.6990,-13.0750,1.7790,1.6840,8.2290
2010.47123,2010-06-21,-94.0640,250.7160,8.9390,1.7980,1.4750,7.6810
2010.47397,2010-06-22,-97.2250,248.5200,-0.2130,2.0180,1.7490,8.8120
2010.47671,2010-06-23,-90.1500,251.0610,17.3980,1.7710,1.5980,8.1390
2010.47945,2010-06-24,-90.7680,251.5480,7.9530,2.0280,1.9410,9.5660
2010.48219,2010-06-25,-92.9500,251.6110,22.1440,2.0840,1.8080,9.1180
2010.48493,2010-06-26,-99.6380,251.7540,0.1220,1.8390,1.7420,8.6230
2010.48767,2010-06-27,-100.9120,249.9330,-2.5760,1.8620,1.6380,8.2570
2010.49041,2010-06-28,-91.5520,246.8650,-17.0490,1.8550,1.6650,8.5420
2010.49315,2010-06-29,-94.1090,250.9690,10.4980,1.9250,1.7600,8.8660
2010.49589,2010-06-30,-90.8120,249.7500,13.2170,1.7970,1.5510,8.1140
2010.49863,2010-07-01,-97.9640,252.0770,1.4160,1.8600,1.7400,8.8560
2010.50137,2010-07-02,-93.5670,252.2990,7.9650,1.7660,1.7310,8.5580
2010.50411,2010-07-03,-94.3840,250.1710,23.9910,1.8080,1.6700,8.4980
2010.50685,2010-07-04,-91.2440,250.4970,22.7740,1.8510,1.7010,8.6820
2010.50959,2010-07-05,-91.8770,253.7640,21.5340,1.8210,1.7040,8.6280
2010.51233,2010-07-06,-94.1090,254.9330,17.3300,1.9130,1.7610,8.8490
2010.51507,2010-07-07,-93.7030,252.9610,-0.3850,1.8380,1.6790,8.6200
2010.51781,2010-07-08,-92.6260,254.9660,8.4990,1.7830,1.6890,8.4350
2010.52055,2010-07-09,-93.7240,253.6280,7.1590,1.8990,1.7550,8.7690
2010.52329,2010-07-10,-94.7720,257.1000,2.7710,1.9770,1.8070,8.9080
2010.52603,2010-07-11,-92.7330,259.6210,25.4620,1.9070,1.6860,8.6250
2010.52877,2010-07-12,-93.2410,248.7980,-9.9080,1.9810,1.8370,8.9720
2010.53151,2010-07-13,-96.6220,257.3070,29.4830,1.9640,1.8780,9.2900
2010.53425,2010-07-14,-91.4190,250.8610,0.8710,1.8790,1.7770,8.8190
2010.53699,2010-07-15,-93.5070,252.5990,8.1870,1.9500,1.7180,8.6590
2010.53973,2010-07-16,-95.9700,254.4480,-12.5860,1.9710,1.8310,9.1070
2010.54247,2010-07-17,-99.7950,250.8800,-7.7460,1.8530,1.8040,8.8970
2010.54521,2010-07-18,-94.5660,246.7520,-4.1820,1.9430,1.8560,9.1220
2010.54795,2010-07-19,-94.3280,251.3780,9.3480,1.8880,1.7860,8.8480
2010.55068,2010-07-20,-95.9670,253.7130,7.5820,1.8760,1.7400,8.5370
2010.55342,2010-07-21,-95.9030,257.7680,13.2030,1.9620,1.8630,9.2200
2010.55616,2010-07-22,-99.5660,252.3800,-15.9680,1.8810,1.8360,9.2760
2010.55890,2010-07-23,-100.9530,253.2420,5.8930,1.9350,1.8520,9.1530
2010.56164,2010-07-24,-98.8710,255.3730,7.0600,1.8100,1.7740,8.8280
2010.56438,2010-07-25,-95.8080,252.7140,11.0770,1.7880,1.7280,8.6420
2010.56712,2010-07-26,-93.5360,256.6680,26.3330,1.8770,1.8080,9.3110
2010.56986,2010-07-27,-97.1210,255.5120,20.9080,2.1330,1.8870,9.5590
2010.57260,2010-07-28,-104.4240,255.5050,-0.5910,1.8230,1.6830,8.3850
2010.57534,2010-07-29,-101.2860,255.8990,11.0890,1.8990,1.8330,9.1440
2010.57808,2010-07-30,-100.6990,255.6290,10.0120,1.8430,1.7970,8.8820
2010.58082,2010-07-31,-103.8640,255.2080,-0.9420,1.9610,1.8480,9.2070
2010.58356,2010-08-01,-103.1830,255.1640,-8.1760,1.9600,1.8850,9.6890
2010.58630,2010-08-02,-98.6340,255.6450,7.7020,1.9030,1.8550,9.2840
2010.58904,2010-08-03,-101.8720,257.9910,20.5130,1.9710,1.9060,9.6700
2010.59178,2010-08-04,-100.7190,258.3580,23.2110,1.8530,1.7610,9.0210
2010.59452,2010-08-05,-102.9100,257.8340,-6.1400,1.8730,1.7990,9.0060
2010.59726,2010-08-06,-100.2620,258.3680,25.1210,1.9510,1.8790,9.2920
2010.60000,2010-08-07,-99.3290,258.5790,21.7780,1.9310,1.8440,9.3760
2010.60274,2010-08-08,-99.4700,260.3290,46.5340,1.9970,1.9230,9.4040
2010.60548,2010-08-09,-99.2870,263.4290,37.0410,1.8580,1.8520,9.1340
2010.60822,2010-08-10,-101.1050,259.3830,31.2800,2.1860,2.0580,10.2670
2010.61096,2010-08-11,-92.4660,257.6250,45.7610,1.9900,1.8460,9.3440
2010.61370,2010-08-12,-92.8900,261.3060,34.4670,1.9650,1.8420,9.5170
2010.61644,2010-08-13,-92.9760,257.1090,47.2950,2.0320,1.7540,8.9170
2010.61918,2010-08-14,-96.9220,260.9160,53.5080,2.0070,1.8530,9.2430
2010.62192,2010-08-15,-93.2490,262.8310,61.4780,2.0960,1.8780,9.6620
2010.62466,2010-08-16,-91.5730,265.2760,41.2690,2.0260,1.8580,9.4470
2010.62740,2010-08-17,-90.5310,264.1030,45.6560,2.1560,1.9350,9.9970
2010.63014,2010-08-18,-93.6890,261.1740,20.7610,2.0780,1.9080,9.6470
2010.63288,2010-08-19,-96.5060,261.7310,33.9790,2.1800,1.9140,10.1430
2010.63562,2010-08-20,-89.5160,260.6470,29.4130,2.2380,1.9400,10.2630
2010.63836,2010-08-21,-94.8540,262.8250,34.5500,2.2900,2.0250,10.3150
2010.64110,2010-08-22,-93.2680,257.6950,57.4720,2.1700,1.8870,9.9080
2010.64384,2010-08-23,-94.6890,261.1030,47.4710,2.2320,2.0630,10.6000
2010.64658,2010-08-24,-90.3210,255.6330,21.2160,2.4820,2.1220,10.6240
2010.64932,2010-08-25,-93.0050,252.8660,36.4840,2.1890,1.9550,9.9410
2010.65205,2010-08-26,-91.8640,257.8730,22.1910,2.0360,1.8310,9.2040
2010.65479,2010-08-27,-89.2370,258.8330,45.0170,2.1860,1.9030,10.1830
2010.65753,2010-08-28,-92.0200,259.6380,37.5970,2.0670,1.7640,9.3030
2010.66027,2010-08-29,-91.4480,261.4000,16.3400,2.1560,1.9470,9.8240
2010.66301,2010-08-30,-93.5340,253.6680,10.2010,2.2450,1.9910,10.1730
2010.66575,2010-08-31,-92.6550,254.8300,30.1810,2.5730,2.1830,10.8090
2010.66849,2010-09-01,-92.0090,255.0250,34.2450,2.2100,1.9350,9.6420
2010.67123,2010-09-02,-82.8500,258.6820,40.6250,2.2570,1.9400,10.0980
2010.67397,2010-09-03,-97.3800,259.9890,32.7180,2.2040,2.0280,10.2300
2010.67671,2010-09-04,-92.1760,255.9990,16.7650,2.0960,1.9410,9.9520
2010.67945,2010-09-05,-93.2580,256.4500,26.8260,2.0650,1.9060,9.5410
2010.68219,2010-09-06,-90.6190,261.1260,45.9120,1.9510,1.8280,9.1570
2010.68493,2010-09-07,-96.1120,258.6170,25.4310,2.1400,1.9670,10.1250
2010.68767,2010-09-08,-88.4760,256.2220,13.9460,2.2560,2.2070,10.5920
2010.69041,2010-09-09,-91.6210,258.7710,40.1090,2.2410,1.7970,9.3510
2010.69315,2010-09-10,-84.6390,260.0440,70.7000,2.0140,1.7250,8.9510
2010.69589,2010-09-11,-90.4940,265.9000,97.6240,2.2550,2.1760,10.6760
2010.69863,2010-09-12,-89.3640,258.1960,41.8680,2.2390,2.0550,10.4470
2010.70137,2010-09-13,-89.0510,262.4140,50.1470,2.1030,2.1070,10.6220
2010.70411,2010-09-14,-88.2290,264.5650,27.4600,2.0990,1.9720,9.8430
2010.70685,2010-09-15,-94.7920,265.8850,44.2090,2.0620,2.0320,10.1780
2010.70959,2010-09-16,-97.3960,265.3590,32.5950,2.1430,2.1020,10.1590
2010.71233,2010-09-17,-96.3950,269.6330,38.6650,2.0360,2.0290,10.2350
2010.71507,2010-09-18,-102.5850,275.7170,109.5960,2.7330,2.4930,12.8550
2010.71781,2010-09-19,-114.0250,276.2240,50.9770,2.2360,2.4100,12.0150
2010.72055,2010-09-20,-104.2540,272.4470,22.2520,2.0470,1.9710,10.0420
2010.72329,2010-09-21,-101.9150,279.3060,46.7890,2.2660,2.3360,11.1430
2010.72603,2010-09-22,-109.0080,270.6310,31.8890,2.1000,1.9680,10.3590
2010.72877,2010-09-23,-105.4810,269.2970,0.7700,2.1070,1.9530,10.0890
2010.73151,2010-09-24,-112.5650,270.2470,18.0150,2.0550,1.8550,9.9940
2010.73425,2010-09-25,-108.3730,277.5520,36.4850,2.0470,1.8710,9.9090
2010.73699,2010-09-26,-105.6810,278.2100,53.7960,2.0470,1.9020,10.1120
2010.73973,2010-09-27,-109.0740,272.1920,26.5620,2.4740,2.0750,11.3750
2010.74247,2010-09-28,-111.0770,269.1760,45.4920,2.2440,2.0040,10.6250
2010.74521,2010-09-29,-109.2860,267.9350,24.5140,2.0970,1.9510,10.3100
2010.74795,2010-09-30,-105.7140,275.9230,53.9090,2.0020,1.9510,10.2000
2010.75068,2010-10-01,-106.4330,269.2750,15.8760,2.0230,1.9260,10.3460
2010.75342,2010-10-02,-106.4590,266.6580,17.2530,2.0720,1.9560,10.2840
2010.75616,2010-10-03,-108.0690,275.3860,52.9510,2.0440,1.9920,10.3870
2010.75890,2010-10-04,-106.6380,275.2520,53.7570,1.9460,1.8860,9.9990
2010.76164,2010-10-05,-105.7170,274.3960,30.6280,1.9110,1.8340,9.3890
2010.76438,2010-10-06,-103.7360,273.1120,56.8110,1.8560,1.7780,9.3650
2010.76712,2010-10-07,-109.7770,271.9070,35.1250,1.9390,1.6850,8.9510
2010.76986,2010-10-08,-113.2990,271.8340,22.5850,1.9070,1.8050,9.3500
2010.77260,2010-10-09,-107.2610,276.9450,41.0960,1.9100,1.9390,9.7040
2010.77534,2010-10-10,-110.4120,273.0590,36.7310,1.9390,1.8510,9.6870
2010.77808,2010-10-11,-104.5180,275.0670,49.2660,2.0060,1.9280,9.8550
2010.78082,2010-10-12,-111.2490,273.3560,37.1050,1.9900,1.8400,9.7720
2010.78356,2010-10-13,-107.0490,268.6000,27.2130,2.0590,1.8170,9.5460
2010.78630,2010-10-14,-108.0950,271.0990,30.8050,2.1050,1.9030,10.3840
2010.78904,2010-10-15,-109.5320,277.5500,30.6510,1.8960,1.8360,9.7540
2010.79178,2010-10-16,-105.9740,270.4380,23.5190,1.9000,1.8500,9.3920
2010.79452,2010-10-17,-107.4390,268.6350,49.6400,1.9210,1.7780,9.2840
2010.79726,2010-10-18,-106.7320,274.8110,22.7760,2.0060,1.9040,9.8260
2010.80000,2010-10-19,-101.7420,259.1490,-17.0070,1.6800,1.5160,7.6030
2010.80274,2010-10-20,-100.1750,261.4060,-29.1090,1.6390,1.4630,7.3610
2010.80548,2010-10-21,-100.0860,261.3460,-30.5700,1.6470,1.4860,7.4500
2010.80822,2010-10-22,-95.6560,259.8280,-35.4670,1.6850,1.5180,7.5070
2010.81096,2010-10-23,-101.3920,257.6760,-37.5120,1.6680,1.5300,7.5380
2010.81370,2010-10-24,-109.5170,261.1100,-35.2790,1.6760,1.5360,7.6460
2010.81644,2010-10-25,-104.6940,262.9680,-18.3600,1.6380,1.5200,7.6720
2010.81918,2010-10-26,-100.7280,257.8910,-38.6290,1.5400,1.4120,7.0100
2010.82192,2010-10-27,-102.9240,259.1760,-46.0830,1.5410,1.4420,7.1060
2010.82466,2010-10-28,-105.3720,258.3350,-25.2570,1.5530,1.4700,7.3840
2010.82740,2010-10-29,-97.9720,262.4440,-9.9890,1.5820,1.5090,7.3400
2010.83014,2010-10-30,-100.7150,257.1100,-35.9000,1.5600,1.4220,7.0020
2010.83288,2010-10-31,-101.3000,261.5870,-28.8340,1.6240,1.5590,7.4930
2010.83562,2010-11-01,-99.8160,260.1180,-33.6920,1.6410,1.5560,7.4390
2010.83836,2010-11-02,-104.6090,261.1440,-47.4530,1.6330,1.5510,7.4210
2010.84110,2010-11-03,-104.8950,259.9750,-27.0250,1.6080,1.5390,7.3810
2010.84384,2010-11-04,-103.8330,260.1310,-32.5500,1.6650,1.5560,7.7330
2010.84658,2010-11-05,-105.0380,262.1830,-0.4480,1.6280,1.5560,7.5630
2010.84932,2010-11-06,-103.7940,261.7030,-9.5190,1.6960,1.5540,7.7310
2010.85205,2010-11-07,-102.7420,258.3870,-27.5690,1.6300,1.5840,7.6950
2010.85479,2010-11-08,-103.1550,261.6320,5.6830,1.6510,1.5140,7.6540
2010.85753,2010-11-09,-100.3370,260.5360,-41.2680,1.5800,1.5310,7.6070
2010.86027,2010-11-10,-103.3300,260.3250,-25.0240,1.5050,1.4250,6.9810
2010.86301,2010-11-11,-102.5850,259.9260,-32.1250,1.5330,1.4540,7.1610
2010.86575,2010-11-12,-104.7260,264.5210,-29.9480,1.6490,1.6110,7.7800
2010.86849,2010-11-13,-108.1330,265.6480,-21.0100,1.6210,1.5090,7.5170
2010.87123,2010-11-14,-102.1880,262.5660,-21.4890,1.6280,1.5230,7.4990
2010.87397,2010-11-15,-102.8910,261.3290,-15.6870,1.5750,1.4880,7.3730
2010.87671,2010-11-16,-103.9630,259.5020,-29.8880,1.5800,1.4620,7.1450
2010.87945,2010-11-17,-105.4170,261.2110,-39.6840,1.6130,1.6070,7.6240
2010.88219,2010-11-18,-104.9970,263.5450,-22.2160,1.5420,1.4560,7.1800
2010.88493,2010-11-19,-102.5170,258.6690,-39.2910,1.5250,1.4380,7.0730
2010.88767,2010-11-20,-104.1070,264.0800,-24.0190,1.5260,1.4570,7.0960
2010.89041,2010-11-21,-103.6660,261.3860,-27.4580,1.6600,1.5890,7.5800
2010.89315,2010-11-22,-103.5550,261.1930,-30.1050,1.6290,1.5550,7.4280
2010.89589,2010-11-23,-103.2490,262.6310,-24.0630,1.5250,1.4360,7.0590
2010.89863,2010-11-24,-103.2530,261.0160,-41.8770,1.5720,1.5290,7.4240
2010.90137,2010-11-25,-101.8450,261.1970,-33.3510,1.4950,1.4260,6.9650
2010.90411,2010-11-26,-102.7370,261.9780,-26.8110,1.5450,1.4510,7.2920
2010.90685,2010-11-27,-105.4260,261.5870,-34.7250,1.5560,1.4400,7.0130
2010.90959,2010-11-28,-106.7020,262.1350,-41.5880,1.5040,1.3950,6.9150
2010.91233,2010-11-29,-106.2710,264.0320,-31.6540,1.5100,1.4110,6.8390
2010.91507,2010-11-30,-107.0480,264.2260,-36.0740,1.5280,1.4240,6.8490
2010.91781,2010-12-01,-106.0170,262.9860,-38.9460,1.4300,1.4930,7.0980
2010.92055,2010-12-02,-104.2770,263.2820,-31.7540,1.5000,1.4940,7.2270
2010.92329,2010-12-03,-104.9020,262.0280,-29.8910,1.4120,1.3710,6.6040
2010.92603,2010-12-04,-105.0810,261.5870,-32.3970,1.3840,1.3930,6.6570
2010.92877,2010-12-05,-106.0230,261.5390,-36.8000,1.3190,1.4270,6.6760
2010.93151,2010-12-06,-105.0470,262.1370,-34.9770,1.3410,1.4370,6.8540
2010.93425,2010-12-07,-108.3080,262.0500,-29.0070,1.3590,1.4290,6.8180
2010.93699,2010-12-08,-108.9350,265.7030,-18.2020,1.4510,1.3820,6.9190
2010.93973,2010-12-09,-106.4120,265.0760,-31.3020,1.3950,1.4300,6.9070
2010.94247,2010-12-10,-105.5380,262.5460,-30.0300,1.3300,1.3790,6.6980
2010.94521,2010-12-11,-104.3800,262.3060,-24.3160,1.2920,1.3550,6.4360
2010.94795,2010-12-12,-106.7640,263.6360,-31.4140,1.3180,1.4270,6.8270
2010.95068,2010-12-13,-106.2090,262.7820,-23.1990,1.4040,1.4420,7.0020
2010.95342,2010-12-14,-103.1800,263.2200,-20.7870,1.3530,1.3570,6.6650
2010.95616,2010-12-15,-103.0170,260.7910,-32.1140,1.3770,1.3910,6.8000
2010.95890,2010-12-16,-105.8200,262.9830,-31.8460,1.6310,1.5770,8.0650
2010.96164,2010-12-17,-105.5260,265.3700,-34.0520,1.5700,1.5680,7.6480
2010.96438,2010-12-18,-111.1450,262.8620,-33.7610,1.3640,1.4850,7.0530
2010.96712,2010-12-19,-107.0920,261.4290,-27.0150,1.4160,1.5030,7.2170
2010.96986,2010-12-20,-108.8550,262.9780,-23.3740,1.3820,1.4070,6.9100
2010.97260,2010-12-21,-108.6700,263.7490,-17.4740,1.3370,1.4270,6.7830
2010.97534,2010-12-22,-104.5530,261.8460,-21.1610,1.4000,1.4750,7.1490
2010.97808,2010-12-23,-106.2080,264.5570,-22.6860,1.3690,1.4870,6.9800
2010.98082,2010-12-24,-105.1020,262.7100,-32.6580,1.3700,1.3960,6.7750
2010.98356,2010-12-25,-105.6170,261.4950,-32.8640,1.3460,1.4180,6.7720
2010.98630,2010-12-26,-105.6260,262.3810,-29.4810,1.5060,1.5360,7.5690
2010.98904,2010-12-27,-106.1580,263.3850,-30.5610,1.6000,1.5340,7.8210
2010.99178,2010-12-28,-106.1320,266.3270,-4.6920,1.5280,1.5700,7.7360
2010.99452,2010-12-29,-107.4730,264.3770,-37.3560,1.4250,1.5200,7.1530
2010.99726,2010-12-30,-104.7680,262.1430,-12.1450,1.3720,1.4330,6.7940
2011.00000,2010-12-31,-106.5480,265.0570,-16.9900,1.5070,1.4890,7.3920
2011.00274,2011-01-01,-104.1830,264.9070,-13.1820,1.4470,1.4930,7.3720
2011.00548,2011-01-02,-105.6510,263.9290,-21.9960,1.3690,1.4050,6.8030
2011.00822,2011-01-03,-104.1400,264.6090,-33.1940,1.3210,1.3780,6.6220
2011.01096,2011-01-04,-103.9330,263.0110,-22.6490,1.3500,1.4110,6.7600
2011.01370,2011-01-05,-104.2640,265.3990,-21.2540,1.3520,1.3750,6.6650
2011.01644,2011-01-06,-103.0670,262.6860,-26.3950,1.3170,1.3630,6.5520
2011.01918,2011-01-07,-101.0530,268.8440,-23.9870,1.3770,1.4110,6.9390
2011.02192,2011-01-08,-105.7350,267.2220,-10.7750,1.3450,1.4140,6.7470
2011.02466,2011-01-09,-105.2280,263.8710,-21.0070,1.3320,1.3410,6.4500
2011.02740,2011-01-10,-105.1190,263.0670,-27.4900,1.3650,1.3830,6.6280
2011.03014,2011-01-11,-104.9200,263.9600,-28.7940,1.5740,1.5400,7.6990
2011.03288,2011-01-12,-106.6340,265.5910,-30.0050,1.4140,1.3860,6.7770
2011.03562,2011-01-13,-106.3540,263.8090,-23.1320,1.2210,1.3060,6.0390
2011.03836,2011-01-14,-107.6820,264.6280,-28.5560,1.2300,1.3060,6.1000
2011.04110,2011-01-15,-106.0670,264.7090,-12.7000,1.2770,1.3510,6.4370
2011.04384,2011-01-16,-105.1700,264.7500,-18.1370,1.4580,1.3770,6.8720
2011.04658,2011-01-17,-106.8410,267.4700,-30.7150,1.3710,1.3850,6.6960
2011.04932,2011-01-18,-105.4460,267.0190,-21.4440,1.2760,1.3360,6.3200
2011.05205,2011-01-19,-105.1950,266.6330,-23.4640,1.2750,1.3500,6.3990
2011.05479,2011-01-20,-105.4800,262.5320,-24.5350,1.2770,1.3270,6.2690
2011.05753,2011-01-21,-106.0520,265.1030,-24.2430,1.3250,1.4020,6.7230
2011.06027,2011-01-22,-105.8170,266.1550,-24.8000,1.2460,1.3110,6.2070
2011.06301,2011-01-23,-103.4750,265.0080,-16.3480,1.2240,1.2840,6.0400
2011.06575,2011-01-24,-105.3940,267.0870,-24.8630,1.2680,1.3150,6.2410
2011.06849,2011-01-25,-105.0870,264.4330,-29.6620,1.2640,1.2790,6.1960
2011.07123,2011-01-26,-103.0840,260.7180,-27.0510,1.3290,1.3890,6.6840
2011.07397,2011-01-27,-109.7790,264.7440,-22.0250,1.2470,1.3080,6.2460
2011.07671,2011-01-28,-105.2290,262.7390,-31.8880,1.2600,1.3130,6.3400
2011.07945,2011-01-29,-109.2590,265.5230,-29.7440,1.2610,1.3210,6.3260
2011.08219,2011-01-30,-109.4650,266.1000,-21.8980,1.3050,1.3150,6.4310
2011.08493,2011-01-31,-109.9810,267.0150,-15.6590,1.2580,1.3030,6.2470
2011.08767,2011-02-01,-108.3230,265.5850,-18.1090,1.2530,1.3350,6.2740
2011.09041,2011-02-02,-112.3770,266.4410,-11.3220,1.2570,1.3230,6.3880
2011.09315,2011-02-03,-105.7960,266.3710,-24.5920,1.2440,1.3260,6.3580
2011.09589,2011-02-04,-108.7230,265.0630,-15.6920,1.2660,1.3600,6.4500
2011.09863,2011-02-05,-105.7410,267.5120,-14.2840,1.3640,1.4480,7.2180
2011.10137,2011-02-06,-107.8630,266.2550,-29.4280,1.3730,1.4270,7.0400
2011.10411,2011-02-07,-110.1910,266.6480,-33.2170,1.3680,1.4440,7.0970
2011.10685,2011-02-08,-108.0600,267.1450,-15.0680,1.3900,1.3790,6.8620
2011.10959,2011-02-09,-105.9540,266.3390,-28.6650,1.2780,1.3700,6.5600
2011.11233,2011-02-10,-105.8450,266.9330,-8.2380,1.2820,1.3560,6.5490
2011.11507,2011-02-11,-105.6610,267.4080,-16.7330,1.2880,1.3540,6.5520
2011.11781,2011-02-12,-103.5340,267.7840,-29.6560,1.2560,1.3410,6.4600
2011.12055,2011-02-13,-107.0780,267.4890,-26.3670,1.3190,1.3820,6.7420
2011.12329,2011-02-14,-104.6780,267.1910,-27.0590,1.5250,1.5090,7.6740
2011.12603,2011-02-15,-103.6370,267.7640,-27.7940,1.9410,1.9250,9.2690
2011.12877,2011-02-16,-104.9670,267.1080,-16.4760,1.2380,1.3990,6.4530
2011.13151,2011-02-17,-102.2710,265.3790,-18.7360,1.3270,1.3860,6.8170
2011.13425,2011-02-18,-106.6380,265.1580,-25.0430,1.2610,1.3360,6.3890
2011.13699,2011-02-19,-106.2030,267.1000,-24.9570,1.3010,1.3880,6.6750
2011.13973,2011-02-20,-105.6100,265.5330,-20.2130,1.2800,1.3860,6.5550
2011.14247,2011-02-21,-104.9730,265.5420,-17.5770,1.2940,1.3750,6.5620
2011.14521,2011-02-22,-105.9110,265.3530,-26.7230,1.3610,1.4460,7.0100
2011.14795,2011-02-23,-104.6580,262.3300,-36.7160,1.2830,1.4520,6.8330
2011.15068,2011-02-24,-106.5060,264.8870,-22.1600,1.2710,1.3580,6.5590
2011.15342,2011-02-25,-107.2330,266.4030,-20.1380,1.2960,1.3610,6.4330
2011.15616,2011-02-26,-107.0330,267.1000,-19.2400,1.2280,1.2980,6.1570
2011.15890,2011-02-27,-105.0500,264.7310,-20.8970,1.2770,1.3320,6.4030
2011.16164,2011-02-28,-107.3500,265.7820,-32.3520,1.2950,1.4030,6.6670
2011.16438,2011-03-01,-106.8720,267.1860,-38.3300,1.2970,1.3650,6.4730
2011.16712,2011-03-02,-106.7330,270.9370,-23.1010,1.2690,1.3500,6.5360
2011.16986,2011-03-03,-104.7260,266.7040,-22.5640,1.3000,1.3650,6.4570
2011.17260,2011-03-04,-106.1030,268.3980,-27.6380,1.2560,1.3440,6.4230
2011.17534,2011-03-05,-106.3200,267.7080,-22.6810,1.4080,1.4050,6.8050
2011.17808,2011-03-06,-109.5730,265.8350,-40.7360,1.3610,1.4250,6.8110
2011.18082,2011-03-07,-103.6650,268.1320,-26.9780,1.3000,1.3280,6.3410
2011.18356,2011-03-08,-104.3070,269.3710,-24.6330,1.3020,1.3560,6.5550
2011.18630,2011-03-09,-104.9110,269.7450,-28.9740,1.3270,1.4360,6.8640
2011.18904,2011-03-10,-104.6760,269.6120,-17.2730,1.2560,1.3740,6.5740
2011.19178,2011-03-11,-106.0630,268.1130,-41.5580,1.3040,1.3550,6.5610
2011.19452,2011-03-12,-110.1790,272.4840,-39.0980,1.3280,1.3660,6.6270
2011.19726,2011-03-13,-105.3250,269.6440,-35.4390,1.3620,1.4420,6.8930
2011.20000,2011-03-14,-105.5260,272.5440,-22.0380,1.4380,1.5060,7.1970
2011.20274,2011-03-15,-106.9040,272.3030,-34.9870,1.4680,1.4920,7.3510
2011.20548,2011-03-16,-105.8270,270.2990,-29.5600,1.4010,1.4920,7.1320
2011.20822,2011-03-17,-108.5490,272.9560,-27.8490,1.4360,1.5000,7.3620
2011.21096,2011-03-18,-107.8400,274.4950,-28.7280,1.3320,1.4030,6.7520
2011.21370,2011-03-19,-107.8450,273.3200,-26.2960,1.3400,1.3750,6.7370
2011.21644,2011-03-20,-105.2970,271.1420,-31.4930,1.4960,1.5550,7.5640
2011.21918,2011-03-21,-106.9560,270.9450,-30.4910,1.4840,1.5870,7.6730
2011.22192,2011-03-22,-106.7500,271.9930,-39.6760,1.3680,1.4470,6.9240
2011.22466,2011-03-23,-105.2460,271.0360,-29.4050,1.3610,1.4050,6.8270
2011.22740,2011-03-24,-105.7410,275.4790,-23.2110,1.3710,1.4020,6.8770
2011.23014,2011-03-25,-104.0380,274.7380,-17.1080,1.4280,1.4140,6.9500
2011.23288,2011-03-26,-107.2310,274.7120,-36.4380,1.3980,1.5080,7.3500
2011.23562,2011-03-27,-107.9320,274.4890,-31.4740,1.4350,1.4520,7.2540
2011.23836,2011-03-28,-105.5400,275.7650,-28.5560,1.4970,1.6160,8.0590
2011.24110,2011-03-29,-108.5040,273.4090,-39.7390,1.3110,1.4060,6.7070
2011.24384,2011-03-30,-105.3910,269.7500,-34.2730,1.3680,1.4360,7.1100
2011.24658,2011-03-31,-102.8250,271.1400,-26.8690,1.3230,1.3830,6.7900
2011.24932,2011-04-01,-104.8210,269.8490,-35.4070,1.3680,1.4500,7.0050
2011.25205,2011-04-02,-107.1670,270.9670,-23.6150,1.3870,1.5050,7.2000
2011.25479,2011-04-03,-106.1310,273.5690,-16.8670,1.4380,1.4760,7.3440
2011.25753,2011-04-04,-110.7910,274.4030,-31.5400,1.2750,1.4070,6.7500
2011.26027,2011-04-05,-105.3760,272.3300,-39.7210,1.3890,1.4680,7.3050
2011.26301,2011-04-06,-105.2490,273.1000,-27.9570,1.5060,1.5260,7.7770
2011.26575,2011-04-07,-105.8660,273.1350,-30.9660,1.4400,1.5130,7.4270
2011.26849,2011-04-08,-103.5060,273.1220,-36.0090,1.5060,1.5550,7.6890
2011.27123,2011-04-09,-108.7380,275.4010,-20.2090,1.4920,1.5100,7.5140
2011.27397,2011-04-10,-106.1810,273.9510,-19.4400,1.5230,1.5270,7.6890
2011.27671,2011-04-11,-103.0240,273.9170,-23.2930,1.5180,1.5170,7.7450
2011.27945,2011-04-12,-108.1260,273.0980,-33.2050,1.4700,1.4940,7.4960
2011.28219,2011-04-13,-108.0780,273.7710,-24.7300,1.4100,1.4780,7.2840
2011.28493,2011-04-14,-108.4450,274.6370,-17.9090,1.4530,1.5140,7.3510
2011.28767,2011-04-15,-102.9660,273.1410,-25.7340,1.5000,1.6070,7.8040
2011.29041,2011-04-16,-108.4680,273.3470,-25.4100,1.4970,1.5830,7.7720
2011.29315,2011-04-17,-104.7380,272.5060,-19.4990,1.4650,1.5390,7.4990
2011.29589,2011-04-18,-103.5320,272.0790,-43.5980,1.4540,1.5460,7.5390
2011.29863,2011-04-19,-107.6970,274.5750,-36.0650,1.3830,1.4700,7.2370
2011.30137,2011-04-20,-105.5140,276.6910,-5.5420,1.4060,1.5310,7.3880
2011.30411,2011-04-21,-107.9090,274.3480,-27.1790,1.4240,1.5160,7.3330
2011.30685,2011-04-22,-104.2900,271.9760,-20.2720,1.4590,1.5590,7.7420
2011.30959,2011-04-23,-106.0540,273.9050,-19.0350,1.4510,1.5580,7.6930
2011.31233,2011-04-24,-109.5680,275.6080,-13.6110,1.4160,1.4950,7.3950
2011.31507,2011-04-25,-105.3150,274.0810,0.3820,1.4900,1.5340,7.5650
2011.31781,2011-04-26,-103.1010,275.8200,-17.2560,1.4650,1.5670,7.7020
2011.32055,2011-04-27,-102.9140,272.9000,-19.3170,1.5470,1.5990,8.2810
2011.32329,2011-04-28,-103.2070,273.6020,-0.6710,1.4580,1.5340,7.5410
2011.32603,2011-04-29,-101.5250,274.7270,-3.8900,1.4780,1.5970,7.9060
2011.32877,2011-04-30,-102.7580,277.8490,1.5220,1.5000,1.5540,7.6820
2011.33151,2011-05-01,-101.6400,275.6820,2.5190,1.5180,1.5120,7.5870
2011.33425,2011-05-02,-100.9430,273.9660,-11.6520,1.3650,1.4840,7.2290
2011.33699,2011-05-03,-103.5000,276.2990,11.7120,1.4530,1.4560,7.2570
2011.33973,2011-05-04,-102.1050,273.0460,-17.3410,1.4940,1.5800,7.8630
2011.34247,2011-05-05,-104.5940,277.8060,-3.8500,1.4610,1.5580,7.5940
2011.34521,2011-05-06,-103.8740,277.0030,-24.0480,1.4670,1.5010,7.3450
2011.34795,2011-05-07,-104.6530,278.5110,-8.4840,1.5430,1.4740,7.8030
2011.35068,2011-05-08,-103.1270,279.5070,-11.8520,1.5760,1.7210,8.6310
2011.35342,2011-05-09,-103.5470,278.0860,6.4370,1.5400,1.6040,8.1880
2011.35616,2011-05-10,-99.9320,280.6190,1.9630,1.6050,1.6930,8.5520
2011.35890,2011-05-11,-105.0120,277.2190,-16.4780,1.5790,1.5800,8.0400
2011.36164,2011-05-12,-105.1210,280.2010,-11.7140,1.5650,1.6580,8.2430
2011.36438,2011-05-13,-104.7970,279.5690,-13.3370,1.4760,1.4730,7.4380
2011.36712,2011-05-14,-105.0100,275.3640,-20.8420,1.4900,1.6150,8.0110
2011.36986,2011-05-15,-104.8970,281.0550,-12.7170,1.5780,1.6480,8.3620
2011.37260,2011-05-16,-107.5670,276.9840,-31.8180,1.4970,1.6270,8.0370
2011.37534,2011-05-17,-106.3300,279.5950,-22.9470,1.4680,1.5130,7.2910
2011.37808,2011-05-18,-103.7910,277.2100,-22.0320,1.8220,1.9340,9.3300
2011.38082,2011-05-19,-102.3040,279.9170,-13.5280,1.5490,1.6520,8.0790
2011.38356,2011-05-20,-106.1120,282.2840,-20.1820,1.5950,1.6900,8.3360
2011.38630,2011-05-21,-109.9050,284.1950,-3.3770,1.5590,1.6610,8.1170
2011.38904,2011-05-22,-105.1690,282.4070,-8.1250,1.5570,1.6670,8.1300
2011.39178,2011-05-23,-105.0300,279.7440,-11.3510,1.5520,1.6790,8.1750
2011.39452,2011-05-24,-102.6620,281.8640,-8.2390,1.5440,1.7140,8.2420
2011.39726,2011-05-25,-104.7730,280.6010,-22.7560,1.5670,1.6630,8.1940
2011.40000,2011-05-26,-105.6420,278.6150,-23.4250,1.5790,1.6520,8.0960
2011.40274,2011-05-27,-104.3530,279.1920,-9.3410,1.5370,1.6490,8.1610
2011.40548,2011-05-28,-102.9890,280.2440,-14.8480,1.5680,1.6610,8.1140
2011.40822,2011-05-29,-103.9650,283.4100,0.7350,1.5800,1.7150,8.2740
2011.41096,2011-05-30,-102.1470,279.5340,-2.2660,1.5550,1.6700,8.2310
2011.41370,2011-05-31,-104.9960,279.7830,-4.4160,1.5250,1.6740,8.2570
2011.41644,2011-06-01,-106.8620,278.2120,-1.0960,1.8180,1.8700,9.4180
2011.41918,2011-06-02,-108.5840,283.7020,1.9920,1.5960,1.6870,8.2370
2011.42192,2011-06-03,-104.5340,281.3970,-9.2110,1.6230,1.7930,8.8960
2011.42466,2011-06-04,-107.3390,282.6050,-25.3200,1.6000,1.7100,8.2710
2011.42740,2011-06-05,-104.8940,281.7370,-8.5820,1.5620,1.7080,8.3790
2011.43014,2011-06-06,-105.6040,284.4020,-6.7180,1.5870,1.7960,8.7280
2011.43288,2011-06-07,-104.4120,283.7130,-2.5310,1.6300,1.8440,8.9890
2011.43562,2011-06-08,-105.8710,282.2770,-1.2940,1.5150,1.5700,7.7120
2011.43836,2011-06-09,-101.4200,283.4810,-4.6790,1.4940,1.5670,7.6970
2011.44110,2011-06-10,-105.1530,276.6900,3.6630,1.5580,1.6820,8.3630
2011.44384,2011-06-11,-106.9280,280.1290,-10.4490,1.5680,1.7090,8.5470
2011.44658,2011-06-12,-104.1580,283.7190,-10.1850,1.4840,1.6030,8.0130
2011.44932,2011-06-13,-104.5700,283.8870,7.1770,1.4690,1.5470,7.6120
2011.45205,2011-06-14,-105.0170,283.6480,3.1890,1.5260,1.6240,7.8740
2011.45479,2011-06-15,-103.7230,280.3950,9.8100,1.4720,1.5440,7.5830
2011.45753,2011-06-16,-104.8050,284.3020,-6.6410,1.5130,1.7570,8.5150
2011.46027,2011-06-17,-103.6780,283.3630,16.6640,1.5840,1.7040,8.2870
2011.46301,2011-06-18,-103.4210,280.5850,2.6280,1.5740,1.5740,7.8200
2011.46575,2011-06-19,-101.4630,286.5410,21.9560,1.5430,1.7120,8.4840
2011.46849,2011-06-20,-103.3790,280.7990,-8.8340,1.5160,1.5590,7.5980
2011.47123,2011-06-21,-103.5860,280.6500,14.5550,1.6100,1.7170,8.4420
2011.47397,2011-06-22,-101.7930,279.7210,-0.0290,1.4750,1.7300,8.3350
2011.47671,2011-06-23,-100.7860,283.9430,11.8860,1.5780,1.8800,9.0810
2011.47945,2011-06-24,-103.0150,280.3360,6.2830,1.5970,1.7990,8.8280
2011.48219,2011-06-25,-105.2010,284.0490,22.4550,1.5420,1.6330,7.9290
2011.48493,2011-06-26,-104.2790,281.8170,9.0820,1.4860,1.7580,8.2760
2011.48767,2011-06-27,-102.2330,280.5240,7.1910,1.5690,1.7650,8.6030
2011.49041,2011-06-28,-105.6150,285.4580,4.6010,1.5620,1.8000,8.6360
2011.49315,2011-06-29,-102.6160,283.2620,11.4100,1.5270,1.7760,8.7350
2011.49589,2011-06-30,-101.9440,280.9590,24.5040,1.6190,1.8330,8.9040
2011.49863,2011-07-01,-104.4920,285.2720,7.7740,1.5780,1.7370,8.3870
2011.50137,2011-07-02,-104.1840,284.8910,-10.5350,1.5200,1.6050,7.7400
2011.50411,2011-07-03,-105.9790,288.4350,12.7560,1.5410,1.7310,8.5930
2011.50685,2011-07-04,-108.3500,286.0430,-1.6990,1.6220,1.8100,8.8710
2011.50959,2011-07-05,-106.0900,283.5600,-5.7100,1.5510,1.7290,8.5730
2011.51233,2011-07-06,-102.9900,285.1270,14.2010,1.5730,1.7560,8.5750
2011.51507,2011-07-07,-105.6250,283.5060,-6.6680,1.6180,1.8290,8.9200
2011.51781,2011-07-08,-103.3010,281.3840,-0.7860,1.6560,1.8490,9.2750
2011.52055,2011-07-09,-99.0490,284.2380,-8.4900,1.6470,1.7630,8.8610
2011.52329,2011-07-10,-106.6180,280.9890,6.1610,1.6170,1.8250,8.9320
2011.52603,2011-07-11,-105.3390,285.2610,18.1290,1.6470,1.8090,9.1050
2011.52877,2011-07-12,-102.0770,281.5660,4.0620,1.6120,1.8230,8.8990
2011.53151,2011-07-13,-96.2390,279.2350,17.2140,1.6740,1.8150,9.0200
2011.53425,2011-07-14,-96.8190,286.0510,9.1890,1.7050,1.9220,9.4910
2011.53699,2011-07-15,-99.9150,285.0880,0.3570,1.6880,1.6750,8.3650
2011.53973,2011-07-16,-104.3670,283.9430,-8.8040,1.6190,1.7700,8.5010
2011.54247,2011-07-17,-103.2540,288.2500,40.1040,1.6710,1.6390,8.1820
2011.54521,2011-07-18,-105.8040,281.0030,-3.2620,1.7590,1.8080,9.2980
2011.54795,2011-07-19,-104.3920,283.4120,11.5630,1.6700,1.7970,8.9440
2011.55068,2011-07-20,-100.4610,287.7760,34.2640,1.6410,1.8810,9.2000
2011.55342,2011-07-21,-100.4520,281.5910,-6.4120,1.7060,1.9010,9.3900
2011.55616,2011-07-22,-104.5090,286.9120,2.0180,1.7310,1.8890,9.5110
2011.55890,2011-07-23,-102.3610,283.1770,-13.4800,1.7440,1.6850,8.5430
2011.56164,2011-07-24,-103.8460,285.1450,-7.6550,1.6590,1.5940,8.2130
2011.56438,2011-07-25,-101.2700,282.5280,-1.6460,1.6170,1.7770,8.8500
2011.56712,2011-07-26,-103.6730,284.9080,-4.2550,1.6920,1.8940,9.2520
2011.56986,2011-07-27,-107.8020,282.6830,-9.0810,1.5640,1.8020,8.7590
2011.57260,2011-07-28,-107.6390,284.4860,9.0830,1.8310,1.9720,9.9290
2011.57534,2011-07-29,-104.2310,280.3650,-11.3650,1.6790,1.8140,9.0060
2011.57808,2011-07-30,-106.3050,285.3520,-4.6480,1.6880,1.8680,9.0870
2011.58082,2011-07-31,-106.0080,284.4720,-14.0560,1.7070,1.8970,9.3700
2011.58356,2011-08-01,-100.9280,290.6430,5.8610,1.6090,1.7700,8.6990
2011.58630,2011-08-02,-104.7560,284.2860,4.2860,1.7370,1.8570,9.3640
2011.58904,2011-08-03,-105.8050,281.7730,-19.2070,1.7560,1.7990,9.2250
2011.59178,2011-08-04,-107.0790,283.8180,-4.5080,1.8120,1.8820,9.5130
2011.59452,2011-08-05,-105.2000,288.6630,9.7340,1.6970,1.8580,9.1060
2011.59726,2011-08-06,-102.3100,283.8390,-6.6390,1.7440,1.8710,9.6690
2011.60000,2011-08-07,-104.6500,286.9800,26.8000,1.6430,1.8240,8.9270
2011.60274,2011-08-08,-102.2660,287.3300,22.7820,1.7400,1.8990,9.3580
2011.60548,2011-08-09,-102.5800,286.6950,22.7310,1.7350,1.8130,9.1370
2011.60822,2011-08-10,-101.9800,285.1860,8.9690,1.7000,1.8420,9.0230
2011.61096,2011-08-11,-102.0050,282.3190,-5.9290,1.6990,1.9300,9.1940
2011.61370,2011-08-12,-101.7340,285.9660,6.8520,1.6560,1.8450,8.9130
2011.61644,2011-08-13,-107.8590,288.3640,14.1900,1.6600,1.8690,9.1230
2011.61918,2011-08-14,-104.8630,284.3090,6.1700,1.6780,1.7970,8.7120
2011.62192,2011-08-15,-106.0010,285.8750,-1.4270,1.6240,1.7940,8.6540
2011.62466,2011-08-16,-107.8150,288.2990,14.2670,1.6810,1.8650,8.9460
2011.62740,2011-08-17,-105.5290,286.6310,2.3050,1.7320,1.9350,9.2910
2011.63014,2011-08-18,-103.3540,287.9900,3.5670,1.6370,1.8810,8.9650
2011.63288,2011-08-19,-107.1320,289.5810,13.4720,1.6990,1.8960,8.9200
2011.63562,2011-08-20,-105.1570,284.4890,-12.4160,1.5790,1.7560,8.4620
2011.63836,2011-08-21,-105.2860,284.3710,-0.6260,1.5950,1.8090,8.5220
2011.64110,2011-08-22,-108.2010,287.7070,-8.4560,1.8130,1.9660,9.2480
2011.64384,2011-08-23,-105.1590,287.5540,-7.7390,1.6380,1.8790,9.0590
2011.64658,2011-08-24,-104.1030,287.0450,5.3670,1.6440,1.8820,9.0340
2011.64932,2011-08-25,-107.0030,283.9750,-3.3670,1.6310,1.8360,8.7420
2011.65205,2011-08-26,-101.2050,285.1830,1.3110,1.6970,1.8990,9.2100
2011.65479,2011-08-27,-103.8660,284.9280,-2.3790,1.7280,1.9270,9.3170
2011.65753,2011-08-28,-108.5320,285.5930,13.2880,1.6020,1.8140,8.5970
2011.66027,2011-08-29,-103.2600,288.8010,-0.9840,1.6340,1.8400,8.7950
2011.66301,2011-08-30,-98.9260,292.1670,-4.2480,1.8320,2.0370,9.8110
2011.66575,2011-08-31,-101.1550,284.0270,-5.6380,1.7620,1.9090,9.1690
2011.66849,2011-09-01,-98.0600,285.4130,1.1920,1.7440,1.9120,8.9380
2011.67123,2011-09-02,-99.6210,280.7590,-30.5410,1.7370,1.8830,9.2350
2011.67397,2011-09-03,-100.3040,284.7400,-13.5520,1.6110,1.8050,8.5750
2011.67671,2011-09-04,-98.7700,289.1080,-22.7560,1.5780,1.8260,8.5950
2011.67945,2011-09-05,-104.7370,286.6210,-25.8010,1.7750,1.8930,9.1510
2011.68219,2011-09-06,-107.7530,286.2810,-29.2460,1.6780,1.8820,8.9910
2011.68493,2011-09-07,-107.0140,285.9600,-21.6910,1.6050,1.7790,8.5800
2011.68767,2011-09-08,-105.5860,284.1770,-28.8230,1.7370,1.9360,9.5340
2011.69041,2011-09-09,-104.9730,286.3550,-27.6360,1.6560,1.7940,8.7560
2011.69315,2011-09-10,-105.0710,286.9170,-19.6230,1.6380,1.8620,8.8640
2011.69589,2011-09-11,-104.6590,286.7850,-2.8410,1.6890,1.7800,8.7900
2011.69863,2011-09-12,-107.3860,287.3590,-2.1970,1.7810,1.8280,9.0610
2011.70137,2011-09-13,-111.3210,289.5150,-27.3260,1.8100,1.8600,9.3990
2011.70411,2011-09-14,-98.6020,287.9370,-1.5910,1.7310,1.9020,9.2430
2011.70685,2011-09-15,-105.3510,287.6620,-31.0780,1.7810,1.9270,9.1300
2011.70959,2011-09-16,-106.5160,290.6860,-31.1100,1.7220,1.9320,9.1250
2011.71233,2011-09-17,-101.4030,288.7240,-22.6640,1.7270,1.8510,8.9810
2011.71507,2011-09-18,-105.4500,289.8200,-13.6650,1.7450,1.8470,8.8530
2011.71781,2011-09-19,-107.2210,285.7070,-13.9130,1.6470,1.7410,8.5790
2011.72055,2011-09-20,-104.8430,288.9560,-21.7420,1.6470,1.8410,8.6410
2011.72329,2011-09-21,-100.8350,290.3460,-9.4000,1.8160,1.8750,9.2200
2011.72603,2011-09-22,-105.1730,289.8430,-14.6750,1.7010,1.7790,8.9340
2011.72877,2011-09-23,-106.4680,290.5580,-10.9630,1.8480,1.9340,9.8210
2011.73151,2011-09-24,-107.0040,290.3830,-11.7950,1.8590,1.9290,9.8310
2011.73425,2011-09-25,-111.0150,291.4120,-18.8640,1.7290,1.8730,9.2870
2011.73699,2011-09-26,-111.1460,287.4590,-28.3650,1.7420,1.8110,8.7910
2011.73973,2011-09-27,-108.3180,294.1760,-24.9640,1.6610,1.7180,8.8680
2011.74247,2011-09-28,-105.2700,289.7870,-3.2860,1.7100,1.8620,9.1300
2011.74521,2011-09-29,-106.7980,291.1370,-15.2410,1.7510,1.8550,9.2540
2011.74795,2011-09-30,-111.8280,295.6390,-5.1980,1.6810,1.8200,8.8530
2011.75068,2011-10-01,-108.0970,289.8100,-32.4060,1.5710,1.6650,8.0580
2011.75342,2011-10-02,-100.5040,286.9930,-28.7000,1.6710,1.7330,8.6050
2011.75616,2011-10-03,-99.3800,284.2490,-14.5920,1.7450,1.9130,9.2210
2011.75890,2011-10-04,-102.1730,290.4720,-18.7870,1.6900,1.9280,9.3730
2011.76164,2011-10-05,-107.3510,291.0380,-16.9160,1.5740,1.6390,8.0480
2011.76438,2011-10-06,-103.3220,290.9420,-16.0360,1.7180,1.8530,9.2120
2011.76712,2011-10-07,-104.3550,292.1590,-14.9610,1.6140,1.6320,8.0150
2011.76986,2011-10-08,-102.5430,291.9880,-16.1300,1.5760,1.6310,7.9790
2011.77260,2011-10-09,-102.7260,290.8680,-39.7360,1.6130,1.8250,8.8130
2011.77534,2011-10-10,-97.4820,293.8110,-2.1020,1.6090,1.7860,8.7170
2011.77808,2011-10-11,-102.6670,294.3660,-15.3650,1.6510,1.7420,8.7260
2011.78082,2011-10-12,-105.1670,289.8710,-33.2480,1.5530,1.7600,8.3350
2011.78356,2011-10-13,-105.6690,295.2260,-13.8180,1.7050,1.6020,8.2550
2011.78630,2011-10-14,-105.8910,295.1500,-21.6030,1.6080,1.7810,8.7390
2011.78904,2011-10-15,-105.1740,290.0280,-24.6900,1.5210,1.5420,7.3710
2011.79178,2011-10-16,-108.2580,293.1140,-31.6730,1.6230,1.7960,8.5720
2011.79452,2011-10-17,-107.8400,294.0610,-26.0740,1.6720,1.6480,8.0260
2011.79726,2011-10-18,-103.5390,292.1700,-18.4710,1.6820,1.7120,8.1450
2011.80000,2011-10-19,-101.9180,290.7920,-21.6910,1.5360,1.7460,8.2540
2011.80274,2011-10-20,-102.4820,288.8670,-30.8680,1.6560,1.8330,8.8500
2011.80548,2011-10-21,-104.8920,290.8890,-27.0400,1.6480,1.8500,8.6900
2011.80822,2011-10-22,-105.0320,296.3440,-11.1140,1.7380,1.7920,8.9110
2011.81096,2011-10-23,-104.6160,293.2040,-16.5510,1.5480,1.6860,8.0090
2011.81370,2011-10-24,-105.2090,292.5310,-28.0760,1.5920,1.7920,8.4590
2011.81644,2011-10-25,-105.2330,289.9500,-21.0970,1.6550,1.7920,8.6050
2011.81918,2011-10-26,-105.0400,290.8020,-22.5820,1.6160,1.8140,8.6120
2011.82192,2011-10-27,-105.1400,290.4930,-23.4210,1.6760,1.8410,8.8070
2011.82466,2011-10-28,-104.1050,294.8520,-10.0040,1.6390,1.6460,7.9830
2011.82740,2011-10-29,-104.6060,293.6520,-14.4200,1.5580,1.6340,7.8630
2011.83014,2011-10-30,-104.8340,294.3270,-5.9600,1.4900,1.5880,7.5000
2011.83288,2011-10-31,-103.4580,290.4810,-15.5890,1.5070,1.6720,7.8950
2011.83562,2011-11-01,-108.5280,290.2230,-39.4520,1.6320,1.7470,8.2380
2011.83836,2011-11-02,-109.2870,293.3800,-19.4420,1.6250,1.7650,8.5870
2011.84110,2011-11-03,-105.2770,296.4810,-25.3070,1.6760,1.8440,9.0390
2011.84384,2011-11-04,-101.3790,293.2650,-25.8070,1.5460,1.6710,7.8940
2011.84658,2011-11-05,-108.6290,294.0540,-17.2440,1.4970,1.6800,8.0490
2011.84932,2011-11-06,-108.3890,295.4520,-33.4100,1.6180,1.7770,8.3900
2011.85205,2011-11-07,-107.6020,292.4660,-32.6100,1.5340,1.5710,7.6440
2011.85479,2011-11-08,-108.7950,294.1580,-25.7370,1.5310,1.7240,8.2460
2011.85753,2011-11-09,-102.5390,290.1680,-42.7040,2.1510,2.0990,10.5910
2011.88767,2011-11-20,-108.7460,291.4760,-56.0540,1.6690,1.8820,8.8900
2011.89041,2011-11-21,-108.8930,291.0550,-36.3940,1.5940,1.7540,8.4120
2011.89315,2011-11-22,-108.5440,296.9990,-20.2220,1.5650,1.7210,8.1550
2011.89589,2011-11-23,-109.5840,281.0650,-60.1740,1.5890,1.8960,8.7210
2011.89863,2011-11-24,-108.5970,291.5340,-44.1710,1.5040,1.7160,8.0410
2011.90137,2011-11-25,-104.3550,291.1970,-25.7140,1.6070,1.7990,8.4440
2011.90411,2011-11-26,-103.0790,286.5990,-40.4830,1.7390,1.8980,9.3120
2011.90685,2011-11-27,-103.3420,293.3750,-12.5190,1.7960,1.9900,9.8950
2011.90959,2011-11-28,-102.4800,294.8300,-9.7670,1.5840,1.8040,8.5920
2011.91233,2011-11-29,-104.5750,289.1740,-33.4070,1.7830,1.8390,8.9350
2011.91507,2011-11-30,-104.2790,290.7370,-11.5600,1.7750,1.8510,9.1680
2011.91781,2011-12-01,-102.2910,292.3100,-2.8370,1.6770,1.8540,9.0580
2011.92055,2011-12-02,-99.4970,292.0990,-8.7670,1.6790,1.8670,8.9040
2011.92329,2011-12-03,-102.2840,295.3480,5.9050,1.6270,1.8040,8.6860
2011.92603,2011-12-04,-103.0490,293.5530,-3.5810,1.7040,1.8550,8.8620
2011.92877,2011-12-05,-98.3360,291.0630,-4.9830,1.6720,1.7430,8.6200
2011.93151,2011-12-06,-98.7450,293.2000,7.4700,1.7170,1.8750,9.2140
2011.93425,2011-12-07,-97.4550,292.2560,-11.4740,1.6900,1.8370,8.8230
2011.93699,2011-12-08,-102.3380,293.7790,-5.7140,1.7590,1.9260,9.4570
2011.93973,2011-12-09,-100.2010,290.6550,-19.2750,2.3260,2.8140,13.2280
2011.94247,2011-12-10,-98.3130,292.7500,11.3190,1.7530,1.9280,9.3880
2011.94521,2011-12-11,-98.9480,294.9750,3.8500,1.6560,1.9660,9.1070
2011.94795,2011-12-12,-103.5000,295.8360,4.1670,1.7930,1.9230,9.3090
2011.95068,2011-12-13,-98.8860,294.3580,16.1190,1.7660,1.9300,9.2040
2011.95342,2011-12-14,-99.1900,292.3500,9.8890,1.7240,1.8030,8.7840
2011.95616,2011-12-15,-97.6880,297.1790,16.8350,1.8090,1.9920,9.2540
2011.95890,2011-12-16,-103.7770,290.0390,-2.1240,1.7720,1.8740,9.1310
2011.96164,2011-12-17,-98.0940,293.3720,7.2110,1.6690,1.9000,8.9300
2011.96438,2011-12-18,-102.6420,284.2120,3.4880,1.6380,1.7730,8.4540
2011.96712,2011-12-19,-104.8680,295.2030,-1.8460,1.6600,1.7660,8.7230
2011.96986,2011-12-20,-103.1080,289.5330,7.5850,1.7450,1.8520,9.0300
2011.97260,2011-12-21,-96.4750,293.8100,6.1010,1.8790,1.8750,9.3300
2011.97534,2011-12-22,-100.8280,293.9940,17.1980,1.7410,1.8690,8.9690
2011.97808,2011-12-23,-106.2970,291.4120,-17.9900,1.7110,1.7880,8.9130
2011.98082,2011-12-24,-104.2110,296.0010,-8.3870,1.7280,1.7920,8.8900
2011.98356,2011-12-25,-101.8750,294.1130,-17.2850,1.6120,1.7510,8.7160
2011.98630,2011-12-26,-99.6840,292.8190,-10.1090,1.5820,1.7060,8.4940
2011.98904,2011-12-27,-100.1670,293.8660,-3.8160,1.6440,1.8260,9.1250
2011.99178,2011-12-28,-98.8350,293.4480,-5.9440,1.6670,1.7840,8.7440
2011.99452,2011-12-29,-99.7390,291.7250,-21.3720,1.6630,1.7500,8.5870
2011.99726,2011-12-30,-101.9680,293.8790,-5.7300,1.6400,1.8100,8.9500
2012.00000,2011-12-31,-100.1640,291.9230,-10.8400,1.5820,1.7040,8.3150
2012.00273,2012-01-01,-101.0950,292.6210,-20.3090,1.5810,1.7490,8.3690
2012.00546,2012-01-02,-98.8990,291.8240,-23.9810,1.5680,1.7270,8.4590
2012.00820,2012-01-03,-97.3790,293.0290,13.5540,1.7350,1.7950,8.8180
2012.01093,2012-01-04,-101.4860,295.4560,-7.9900,1.7460,1.7440,8.9730
2012.01366,2012-01-05,-100.9340,294.7900,-1.7060,1.6490,1.8420,9.1460
2012.01639,2012-01-06,-96.2250,294.5130,2.0180,1.6600,1.8110,9.0970
2012.01913,2012-01-07,-106.0970,294.4310,-18.9520,1.5530,1.7370,8.4000
2012.02186,2012-01-08,-105.6490,297.2080,2.5760,1.5790,1.7290,8.2770
2012.02459,2012-01-09,-105.4260,297.4930,-24.3340,1.6830,1.8040,8.8310
2012.02732,2012-01-10,-104.8090,292.9460,-32.3500,1.5870,1.7010,8.3540
2012.03005,2012-01-11,-104.2460,294.7160,-27.4760,1.6570,1.7760,9.0030
2012.03279,2012-01-12,-106.4070,297.9920,5.1310,1.5630,1.6770,8.3660
2012.03552,2012-01-13,-105.8000,298.2830,-2.8990,1.5610,1.5800,7.8880
2012.03825,2012-01-14,-109.2050,292.7280,-19.4810,1.5860,1.7170,8.3410
2012.04098,2012-01-15,-100.1290,296.3610,-6.1500,1.6330,1.7520,8.8710
2012.04372,2012-01-16,-101.6180,291.1450,-30.3300,1.6820,1.7600,8.7780
2012.04645,2012-01-17,-102.7170,294.3130,-9.4620,1.6280,1.7560,8.6550
2012.04918,2012-01-18,-105.6370,292.2110,-15.2560,1.6040,1.7660,8.7900
2012.05191,2012-01-19,-104.6150,295.6910,3.7610,1.7430,1.8560,9.1680
2012.05464,2012-01-20,-107.2070,293.9050,-16.9600,1.6550,1.7610,8.7920
2012.05738,2012-01-21,-104.7330,296.0600,-9.2200,1.6510,1.7730,8.8110
2012.06011,2012-01-22,-102.2940,297.4340,-2.5790,1.6840,1.8280,8.8280
2012.06284,2012-01-23,-103.7140,295.2730,-27.8580,1.6440,1.7680,8.6440
2012.06557,2012-01-24,-102.3880,298.7650,7.7960,1.6540,1.7730,8.7200
2012.06831,2012-01-25,-107.2960,296.9130,-6.2170,1.8350,1.8710,9.4840
2012.07104,2012-01-26,-105.6260,293.9980,-44.4460,1.6470,1.6950,8.4410
2012.07377,2012-01-27,-101.2020,299.9470,-13.3570,1.6220,1.7340,8.4480
2012.07650,2012-01-28,-104.2520,295.4930,-39.2170,1.6660,1.7410,8.4410
2012.07923,2012-01-29,-104.2800,297.9270,-5.0700,1.5750,1.6880,8.1880
2012.08197,2012-01-30,-103.0150,301.0250,0.2560,1.6410,1.7140,8.5290
2012.08470,2012-01-31,-107.0500,295.4450,-25.7190,1.6460,1.7290,8.5140
2012.08743,2012-02-01,-104.4390,300.2740,-9.8610,1.6060,1.7280,8.4000
2012.09016,2012-02-02,-103.9560,298.3790,-0.0770,1.6630,1.7650,8.5900
2012.09290,2012-02-03,-105.8040,297.7820,-7.2710,1.5920,1.7600,8.3320
2012.09563,2012-02-04,-106.4620,297.4720,-15.6490,1.6300,1.7270,8.4350
2012.09836,2012-02-05,-108.6100,300.5530,-24.3730,1.5580,1.6640,8.1940
2012.10109,2012-02-06,-104.6060,305.1230,11.2310,1.6570,1.8410,9.0230
2012.10383,2012-02-07,-104.0380,298.9370,-16.4190,1.7820,1.8680,9.1460
2012.10656,2012-02-08,-103.4500,300.3160,-1.3840,2.0120,1.9880,10.1500
2012.10929,2012-02-09,-108.7270,298.3130,-26.2180,1.6700,1.7300,8.7850
2012.11202,2012-02-10,-108.4140,301.1170,-23.3930,1.6450,1.6430,8.3820
2012.11475,2012-02-11,-108.4540,298.8360,-23.3210,1.6390,1.6930,8.4320
2012.11749,2012-02-12,-109.9330,299.8830,-8.7320,1.6510,1.6590,8.3240
2012.12022,2012-02-13,-106.6650,296.1190,-22.1670,1.6390,1.7200,8.6860
2012.12295,2012-02-14,-110.2290,300.8780,-18.0590,1.6420,1.6760,8.4720
2012.12568,2012-02-15,-108.3870,301.8340,4.2200,1.6210,1.7240,8.7500
2012.12842,2012-02-16,-109.9350,302.5710,-13.8270,1.6450,1.6530,8.2790
2012.13115,2012-02-17,-108.7580,303.9730,-1.8750,1.7590,1.7440,8.9630
2012.13388,2012-02-18,-110.2880,302.0780,-22.2690,1.6590,1.7230,8.7030
2012.13661,2012-02-19,-108.8940,305.1840,-6.5220,1.5950,1.7180,8.7930
2012.13934,2012-02-20,-109.1770,301.3970,-5.0540,1.5750,1.5060,7.6400
2012.14208,2012-02-21,-111.0650,301.7260,-20.6650,1.5640,1.5220,7.6880
2012.14481,2012-02-22,-113.1570,303.4010,-18.0220,1.6500,1.6170,8.4260
2012.14754,2012-02-23,-110.3120,299.0890,12.3660,1.7950,1.8160,9.1720
2012.15027,2012-02-24,-104.4850,298.9350,-29.5330,1.6540,1.6730,8.2610
2012.15301,2012-02-25,-106.7020,298.8520,-16.1890,1.5640,1.6700,8.0950
2012.15574,2012-02-26,-104.9660,297.5590,-19.2350,1.6860,1.7470,8.6750
2012.15847,2012-02-27,-106.3840,299.2160,-28.0190,1.6890,1.7640,8.7900
2012.16120,2012-02-28,-109.0160,299.3370,-31.3150,1.7860,1.8610,9.3480
2012.16393,2012-02-29,-105.1080,301.9010,-11.1480,1.6070,1.7790,8.8020
2012.17486,2012-03-04,-105.8170,301.7500,7.6990,1.6340,1.6490,8.4820
2012.17760,2012-03-05,-105.6100,299.9880,-24.1490,1.7090,1.6530,8.4820
2012.18033,2012-03-06,-109.7910,300.8310,-14.4070,1.7110,1.6060,8.2210
2012.18306,2012-03-07,-102.9290,302.6790,-6.3430,1.6950,1.6250,8.3270
2012.18579,2012-03-08,-107.4220,304.9010,-17.9970,1.7460,1.8120,9.0850
2012.18852,2012-03-09,-104.5050,306.9920,-4.8820,1.7140,1.8130,9.3340
2012.19126,2012-03-10,-103.2350,309.7390,11.9890,2.1430,2.2590,11.0880
2012.19399,2012-03-11,-107.0220,297.1770,-69.1290,2.0800,2.1770,11.3780
2012.19672,2012-03-12,-103.5050,312.0370,9.4450,2.4610,2.6630,13.1370
2012.19945,2012-03-13,-100.4380,297.0080,-42.0050,1.9430,2.1170,10.8770
2012.20219,2012-03-14,-108.5070,304.2650,-34.5800,1.9740,2.1210,10.1960
2012.20492,2012-03-15,-111.2970,300.8700,-50.7360,2.0050,2.1300,10.9630
2012.66120,2012-08-29,-104.8360,361.1130,126.8370,2.2420,3.5310,10.3250
2012.66393,2012-08-30,-102.2930,343.9710,69.8760,2.3300,2.2690,10.3350
2012.66667,2012-08-31,-106.1750,368.2360,60.0950,2.5350,2.8600,11.4570
2012.66940,2012-09-01,-111.3040,334.0970,59.6800,2.2600,2.0210,10.4720
2012.67213,2012-09-02,-100.7420,348.1250,37.5900,1.7940,2.0130,8.6060
2012.67486,2012-09-03,-92.2420,357.6790,64.8810,1.8510,2.1500,8.6380
2012.67760,2012-09-04,-97.1310,364.9850,96.9690,1.7970,2.4370,8.6800
2012.68033,2012-09-05,-107.0840,370.7600,101.1260,1.7730,2.3710,8.6040
2012.68306,2012-09-06,-103.1860,336.7240,11.0940,1.9020,2.0350,8.7610
2012.68579,2012-09-07,-102.1950,348.7360,45.7340,1.7450,1.9180,8.1550
2012.68852,2012-09-08,-98.1600,369.7150,74.4650,1.7580,1.8150,8.0550
2012.69126,2012-09-09,-95.3330,364.5050,68.4630,2.0320,2.3640,9.2210
2012.69399,2012-09-10,-96.0770,365.0790,73.1850,1.7710,1.9780,8.8200
2012.69672,2012-09-11,-104.5750,337.2200,45.2500,1.8450,1.7960,8.6700
2012.69945,2012-09-12,-103.6110,344.4810,27.4970,1.7920,1.9150,8.1360
2012.70219,2012-09-13,-99.0710,358.6780,58.9060,2.0890,2.5330,9.8730
2012.70492,2012-09-14,-89.9350,395.6780,123.8520,1.9980,2.1000,10.3040
2012.70765,2012-09-15,-121.1220,402.2920,127.1780,2.5030,2.8320,12.7290
2012.71038,2012-09-16,-100.7350,338.8330,28.3590,2.2010,2.2520,11.2340
2012.71311,2012-09-17,-95.0180,360.8580,67.4550,1.8730,2.0000,8.6270
2012.71585,2012-09-18,-102.2580,347.4580,63.6270,2.0080,2.0290,9.4190
2012.71858,2012-09-19,-91.0170,351.9010,51.4080,1.9900,2.0900,9.6830
2012.72131,2012-09-20,-103.7810,346.1120,68.1940,2.1080,2.0120,9.4210
2012.72404,2012-09-21,-94.6390,339.8690,36.9870,1.7220,1.7880,8.2680
2012.72678,2012-09-22,-105.7210,382.6530,64.3480,1.8950,2.0210,9.5420
2012.73224,2012-09-24,-87.5160,359.9500,85.7560,2.0020,2.4380,9.3990
2012.73497,2012-09-25,-95.4150,388.6270,76.7300,1.9760,1.9210,9.6230
2012.73770,2012-09-26,-103.6600,353.1880,44.7300,2.1050,2.6520,10.1260
2012.74044,2012-09-27,-84.3820,401.3710,117.9380,2.9450,2.5000,13.2880
2012.74317,2012-09-28,-101.1700,348.7460,59.7580,2.5230,2.6890,12.1140
2012.74590,2012-09-29,-111.3630,341.4770,33.3430,2.2570,2.0380,10.2930
2012.74863,2012-09-30,-91.4090,371.9580,74.9690,2.0260,2.3500,10.2950
2012.75137,2012-10-01,-103.2030,370.4390,55.6040,1.8060,2.0630,8.5720
2012.75410,2012-10-02,-98.4180,380.9500,73.5730,2.0460,2.1160,9.5210
2012.75683,2012-10-03,-96.5320,367.0570,81.5410,1.7720,2.2160,9.2610
2012.75956,2012-10-04,-100.1880,351.0680,27.4420,1.7140,1.8630,8.2690
2012.76230,2012-10-05,-100.5450,341.2630,55.3870,1.8510,1.8410,8.5620
2012.76503,2012-10-06,-123.8370,315.2430,17.5120,3.4510,3.1760,15.1160
2012.76776,2012-10-07,-107.6010,353.9840,46.4430,1.7800,2.0450,8.6020
2012.77049,2012-10-08,-98.6700,354.1820,58.7620,1.8770,2.3750,9.6790
2012.77322,2012-10-09,-102.2280,360.1410,90.7210,1.8850,1.9120,8.8720
2012.77596,2012-10-10,-111.0490,336.9980,68.4700,2.2560,2.2930,10.6870
2012.77869,2012-10-11,-95.1910,356.0130,98.7430,2.2330,2.4080,10.2520
2012.78142,2012-10-12,-99.3250,352.5500,32.8370,1.8190,2.0890,9.0470
2012.78415,2012-10-13,-92.4300,358.1790,39.9220,1.8660,2.1680,9.2450
2012.78689,2012-10-14,-98.7780,353.8860,49.5400,1.7360,1.8910,8.8090
2012.78962,2012-10-15,-99.3940,363.0840,86.3670,2.0240,2.1550,9.1830
2012.79235,2012-10-16,-108.2380,334.7180,62.6700,1.9640,1.9450,9.2610
2012.79508,2012-10-17,-99.3890,366.1820,109.7600,1.9620,2.6110,9.9260
2012.79781,2012-10-18,-110.8890,369.2340,66.3790,1.8890,2.3800,9.1580
2012.80055,2012-10-19,-98.4800,363.1700,55.0770,1.7780,2.0120,8.6150
2012.80328,2012-10-20,-102.6030,344.1800,38.3670,1.7120,1.9780,8.0220
2012.80601,2012-10-21,-98.9630,320.2840,12.5000,1.8200,1.6550,8.4060
2012.80874,2012-10-22,-103.9940,324.9740,24.2400,1.7310,1.5550,7.9160
2012.81148,2012-10-23,-102.0140,385.3800,75.7940,1.9080,1.9380,9.0410
2012.81421,2012-10-24,-105.0550,347.5820,46.4910,1.6320,1.8070,8.0650
2012.81694,2012-10-25,-106.9610,330.4870,31.2900,1.6350,1.5620,7.6820
2012.81967,2012-10-26,-106.2090,339.1610,43.5830,1.7990,1.7790,8.2950
2012.82240,2012-10-27,-110.0560,334.9710,36.0540,1.6620,1.6250,8.0360
2012.82514,2012-10-28,-111.4930,330.6850,24.0950,1.6630,1.6400,8.0410
2012.82787,2012-10-29,-107.2680,336.6630,38.0660,1.6790,1.7710,8.2580
2012.83060,2012-10-30,-109.0140,334.8150,16.2850,1.8510,1.9660,9.2040
2012.83333,2012-10-31,-104.6330,325.7810,13.3290,2.1540,1.9360,9.3730
2012.83607,2012-11-01,-113.7870,348.1310,42.5530,2.1650,2.5060,9.9610
2012.83880,2012-11-02,-115.7900,344.4360,27.4810,1.6410,2.1490,7.8840
2012.84153,2012-11-03,-105.8660,337.3850,50.4830,1.6670,1.7060,8.0690
2012.84426,2012-11-04,-106.9810,333.1300,23.8530,1.9410,1.9930,8.8880
2012.84699,2012-11-05,-106.7530,325.9300,10.9890,2.1520,2.0470,9.7040
2012.84973,2012-11-06,-107.3310,361.1470,57.3020,1.6560,2.3140,8.6010
2012.85246,2012-11-07,-102.5690,351.9980,45.5920,1.7980,2.2010,8.5230
2012.85519,2012-11-08,-118.0730,339.8670,27.8210,1.6840,1.8630,8.1050
2012.85792,2012-11-09,-109.8880,353.6920,69.3500,1.6590,2.0680,8.4450
2012.86066,2012-11-10,-100.6210,322.7680,32.8120,1.7800,1.5530,7.9320
2012.86339,2012-11-11,-112.4690,325.1150,24.6200,2.0790,1.8990,9.1090
2012.86612,2012-11-12,-108.6590,338.1110,35.2500,1.7350,1.8980,8.0040
2012.86885,2012-11-13,-110.3670,334.9520,29.4690,1.8220,1.8810,8.8930
2012.87158,2012-11-14,-104.4640,337.3350,40.1890,1.6490,1.7970,7.7660
2012.87432,2012-11-15,-22.5370,325.9450,141.7630,4.4410,4.0900,20.4300
2012.87978,2012-11-17,-100.6070,328.4490,51.1770,1.7140,1.6950,8.3770
2012.88251,2012-11-18,-105.1020,331.3400,29.7930,1.7280,1.6990,8.1610
2012.88525,2012-11-19,-103.8490,362.6280,124.5230,2.4340,3.1510,12.5830
2012.88798,2012-11-20,-88.6540,309.9380,59.3460,2.6270,2.2220,12.0090
2012.89071,2012-11-21,-100.4730,338.6340,75.3610,1.7930,2.0570,9.5130
2012.89344,2012-11-22,-81.4670,325.7170,149.0040,2.3720,2.4530,12.3750
2012.89617,2012-11-23,-111.2550,357.6700,76.3050,1.8170,2.1580,8.9880
2012.89891,2012-11-24,-153.5260,354.1920,52.7590,3.4740,3.6110,14.7040
2012.90164,2012-11-25,-104.3010,330.8450,39.5610,1.6690,1.8210,8.1720
2012.90437,2012-11-26,-106.3930,338.2640,63.5600,1.9850,2.0090,9.7280
2012.90710,2012-11-27,-101.4330,327.9490,59.8560,1.7040,1.6230,8.1520
2012.90984,2012-11-28,-100.3900,333.4040,55.6130,1.7680,1.7440,8.7960
2012.91257,2012-11-29,-118.0160,327.3160,46.0210,1.8720,1.7110,8.6060
2012.91530,2012-11-30,-114.6000,321.9360,17.0370,2.1140,1.9930,10.5720
2012.91803,2012-12-01,-99.1240,344.0260,38.2410,1.6930,1.7550,8.1420
2012.92077,2012-12-02,-117.3950,332.0250,20.0410,1.9110,1.9270,9.5140
2012.92350,2012-12-03,-114.2720,347.4770,52.6840,2.2010,2.7490,11.0550
2012.92623,2012-12-04,-95.0010,330.8370,70.3630,1.7810,1.7370,8.6190
2012.92896,2012-12-05,-94.8860,347.4440,56.2050,2.2560,2.3020,10.7820
2012.93169,2012-12-06,-88.3030,348.6460,55.2720,2.2870,3.0360,11.9300
2012.93443,2012-12-07,-103.2080,329.3190,19.5180,2.3310,2.1920,11.1050
2012.93716,2012-12-08,-99.8900,332.8400,99.3670,1.7780,1.7060,8.4890
2012.93989,2012-12-09,-103.8830,333.9560,33.4770,1.7540,1.6660,8.0790
2012.94262,2012-12-10,-102.6520,331.8390,75.5090,1.9010,1.8280,9.2000
2012.94536,2012-12-11,-107.2350,329.2570,62.7040,1.9560,1.8400,9.5790
2012.94809,2012-12-12,-91.7440,329.3480,62.6200,2.1700,2.0670,9.9750
2012.95082,2012-12-13,-93.7640,317.3740,287.5970,3.6220,3.7090,19.7980
2012.95355,2012-12-14,-101.4070,330.2210,70.9000,2.5700,2.5630,12.8030
2012.95628,2012-12-15,-89.6430,327.2420,101.1480,2.3950,2.5810,13.8700
2012.95902,2012-12-16,-100.4380,366.2740,122.1750,2.0460,3.0310,10.4980
2012.96175,2012-12-17,-101.4760,338.9300,60.9210,2.2240,2.1610,10.5500
2012.96448,2012-12-18,-109.1700,333.8300,39.3640,2.0560,2.2970,10.0890
2012.96721,2012-12-19,-105.7920,331.5440,38.1020,1.7030,1.5520,7.9220
2012.96995,2012-12-20,-108.0810,344.3740,59.3790,1.7250,1.9620,8.7740
2012.97268,2012-12-21,-101.9550,341.2110,42.5850,1.6530,1.8600,8.2940
2012.97541,2012-12-22,-108.7510,333.5650,53.1940,1.8170,1.7330,8.6250
2012.97814,2012-12-23,-111.3280,332.1630,27.8350,2.2750,2.2180,11.1930
2012.98087,2012-12-24,-112.2010,335.4000,30.6930,1.7500,1.8240,8.7280
2012.98361,2012-12-25,-103.6920,325.8620,52.2130,1.7320,1.8700,8.6520
2012.98634,2012-12-26,-110.0660,330.6550,51.7260,1.6920,1.7040,8.5050
2012.98907,2012-12-27,-109.2030,332.4290,58.8260,1.7020,1.7990,8.7290
2012.99180,2012-12-28,-108.5410,342.4430,45.6650,1.8920,1.8720,9.1040
2012.99454,2012-12-29,-105.9680,335.4040,47.2300,1.7200,1.6810,8.1610
2012.99727,2012-12-30,-113.7330,336.8850,82.2570,1.8940,1.9220,10.0730
2013.00000,2012-12-31,-116.3590,337.8570,72.0540,2.1760,2.0420,10.2910
2013.00274,2013-01-01,-93.0730,335.1190,60.2050,2.4410,2.4760,11.5220
2013.00548,2013-01-02,-103.0970,337.7800,85.8130,2.1940,2.0060,10.4350
2013.00822,2013-01-03,-94.4390,336.1660,27.7580,2.2470,1.9560,10.0850
2013.01096,2013-01-04,-113.7170,331.6590,64.4260,1.9880,1.8510,8.9680
2013.01370,2013-01-05,-107.7970,340.2750,65.9830,1.7540,1.6750,8.4230
2013.01644,2013-01-06,-103.9820,336.0980,44.9410,1.9390,1.8720,9.5950
2013.01918,2013-01-07,-112.2070,340.0240,58.0130,2.3470,2.4260,11.5990
2013.02192,2013-01-08,-113.1250,329.6420,15.5620,1.7290,1.6160,8.2450
2013.02466,2013-01-09,-117.3340,325.5050,10.1600,1.8900,1.7690,9.3630
2013.02740,2013-01-10,-97.1450,342.6220,91.3380,2.0810,2.0990,10.3150
2013.03014,2013-01-11,-107.6530,334.0850,23.5690,1.7870,1.6690,8.5050
2013.03288,2013-01-12,-107.2310,335.0100,69.9880,1.8260,1.6430,8.6310
2013.03562,2013-01-13,-112.0050,338.7480,75.3370,2.1670,2.0560,11.0460
2013.03836,2013-01-14,-103.1040,337.4910,36.2090,2.6150,2.6010,12.4820
2013.04110,2013-01-15,-113.5470,332.8490,-0.0710,1.7350,1.9630,9.1720
2013.04384,2013-01-16,-115.0080,342.0140,44.5360,1.9340,2.1070,9.8980
2013.04658,2013-01-17,-115.2940,337.0610,83.7900,2.1240,2.0930,10.8900
2013.04932,2013-01-18,-111.7520,361.1390,71.6810,1.8670,2.3330,9.3280
2013.05205,2013-01-19,-107.8670,332.4470,18.5840,1.7820,1.7470,9.0040
2013.05479,2013-01-20,-113.2030,339.4880,8.5340,1.6490,1.6970,7.9750
2013.05753,2013-01-21,-111.0360,330.8060,-12.4060,2.3350,2.1700,10.4820
2013.06027,2013-01-22,-112.7810,332.0920,-7.0450,1.7760,1.7000,8.6330
2013.06301,2013-01-23,-125.9000,332.8420,-4.0040,1.8880,1.6880,8.7590
2013.06575,2013-01-24,-101.9790,338.3860,92.9140,2.0420,2.1870,10.7910
2013.06849,2013-01-25,-119.6880,334.7490,18.8400,1.6940,1.6250,8.1150
2013.07123,2013-01-26,-126.2520,326.4070,-17.6080,1.8410,1.7960,9.3460
2013.07397,2013-01-27,-115.1640,337.2910,7.6400,1.7700,1.6740,8.2850
2013.07671,2013-01-28,-112.0470,334.8010,32.2890,1.9490,1.9800,10.2900
2013.07945,2013-01-29,-120.1000,335.8180,15.6320,1.7660,1.7560,8.5480
2013.08219,2013-01-30,-114.3590,338.1820,31.7490,1.7240,1.7710,8.6520
2013.08493,2013-01-31,-104.3470,341.3340,81.4900,1.8650,1.7670,8.7140
2013.08767,2013-02-01,-111.9650,340.3220,11.3260,1.8590,1.8280,8.8240
2013.09041,2013-02-02,-119.7870,338.7670,-13.6500,1.7500,1.7040,8.3440
2013.09315,2013-02-03,-113.1960,344.4500,68.1440,1.7310,1.8580,8.4010
2013.09589,2013-02-04,-113.8970,331.0140,6.8140,1.7840,1.5580,7.7890
2013.09863,2013-02-05,-117.9550,338.2500,11.6310,1.8550,1.7960,9.1760
2013.10137,2013-02-06,-112.1100,338.7260,9.6130,1.9110,1.9580,8.9310
2013.10411,2013-02-07,-22.5720,276.4030,-107.0740,4.6500,4.1090,19.5590
2013.10685,2013-02-08,-118.5550,330.5030,14.2100,1.9440,1.7610,8.8140
2013.10959,2013-02-09,-117.5840,329.5620,13.9160,2.0240,1.7650,8.9240
2013.11233,2013-02-10,-119.9210,332.1030,2.8430,3.1010,2.6810,14.6600
2013.11507,2013-02-11,-121.3960,339.6840,13.9360,1.8280,1.7790,8.5170
2013.11781,2013-02-12,-125.2070,341.8340,-2.8060,2.3370,2.0620,10.5220
2013.12055,2013-02-13,-132.0050,331.8690,-40.7370,2.1630,1.9280,9.4230
2013.12329,2013-02-14,-115.0710,341.7250,53.3500,1.9870,2.0380,10.2860
2013.12603,2013-02-15,-112.3240,327.7900,33.0590,1.7300,1.7750,8.5290
2013.12877,2013-02-16,-120.4320,336.6630,30.2770,1.9920,1.9940,9.5520
2013.13151,2013-02-17,-109.5020,352.9180,75.0820,2.1440,2.5340,11.2070
2013.13425,2013-02-18,-109.7860,364.0880,-20.2980,3.6270,4.4100,19.1020
2013.13699,2013-02-19,-119.0690,334.3540,13.3070,1.8270,1.6430,8.6940
2013.13973,2013-02-20,-113.0970,341.9450,21.5560,1.8570,1.8140,8.9180
2013.14247,2013-02-21,-115.5040,334.2150,5.9460,1.8720,1.7230,8.9940
2013.14521,2013-02-22,-123.3230,331.7470,-8.5210,1.9190,1.7640,9.0360
2013.14795,2013-02-23,-120.8340,338.4360,-0.7120,2.5030,2.3380,12.1990
2013.15068,2013-02-24,-121.0270,369.6950,53.1760,2.3080,2.8980,13.2330
2013.15342,2013-02-25,-125.1690,328.2060,-59.4590,2.6640,2.4820,12.1440
2013.15616,2013-02-26,-122.9050,335.8450,-6.6660,2.2580,1.9160,9.9280
2013.15890,2013-02-27,-119.6980,335.2130,-36.4180,2.1190,1.9780,10.1350
2013.16164,2013-02-28,-115.7160,340.9940,23.0000,1.8510,1.8500,9.6160
2013.16438,2013-03-01,-91.8740,402.6760,61.5320,3.4720,4.4130,18.5190
2013.16712,2013-03-02,-113.1180,358.2590,52.6660,1.8040,2.2830,10.0620
2013.16986,2013-03-03,-126.9430,330.3920,-31.4920,1.7370,1.5720,8.1620
2013.17260,2013-03-04,-92.1960,364.7960,-141.3200,4.2080,4.8500,22.8530
2013.17534,2013-03-05,-120.6680,364.0030,38.2580,1.9150,2.4910,10.3080
2013.17808,2013-03-06,-116.3400,333.4180,7.1850,2.5940,2.1990,11.8570
2013.18082,2013-03-07,-133.1250,367.4480,8.4800,3.5670,4.3250,19.3850
2013.18356,2013-03-08,-120.8870,336.6420,-12.2820,2.8600,2.3870,12.3100
2013.18630,2013-03-09,-98.8340,346.3160,11.6130,3.3570,3.0670,15.3400
2013.18904,2013-03-10,-120.2800,341.4730,-44.0210,2.4740,2.4430,11.7310
2013.19178,2013-03-11,-116.4850,342.3660,65.4590,2.0540,2.2640,10.1530
2013.19452,2013-03-12,-79.6740,322.6150,-72.8100,3.8720,2.8040,14.9320
2013.19726,2013-03-13,-129.0520,358.1400,-105.6090,2.5210,2.6250,11.9790
2013.20000,2013-03-14,-119.8170,329.5410,-40.7190,2.2920,1.9410,10.1480
2013.20274,2013-03-15,-123.1090,329.0420,-20.7480,1.5720,1.6310,8.1520
2013.20548,2013-03-16,-120.2760,328.2520,-11.2130,1.4100,1.3900,7.0450
2013.20822,2013-03-17,-123.8040,327.5920,-22.1330,1.5660,1.4930,7.5670
2013.21096,2013-03-18,-117.7110,321.6900,-32.1680,1.5300,1.5850,7.9430
2013.21370,2013-03-19,-120.9180,326.6050,-41.1560,1.8030,1.8210,9.1020
2013.21644,2013-03-20,-115.8000,327.0290,-15.7260,1.6190,1.6740,8.1120
2013.21918,2013-03-21,-121.7510,326.5230,3.1750,1.2850,1.3710,6.7580
2013.22192,2013-03-22,-121.6720,331.7070,-1.3080,1.2610,1.2980,6.5160
2013.22466,2013-03-23,-122.0350,328.7580,-3.1510,1.3610,1.2930,6.6550
2013.22740,2013-03-24,-124.9650,327.0710,-15.2470,1.4510,1.4530,7.1720
2013.23014,2013-03-25,-120.1120,325.6140,-16.1700,1.4260,1.4330,7.0670
2013.23288,2013-03-26,-119.8950,328.5450,-6.3910,1.3360,1.3980,6.8030
2013.23562,2013-03-27,-121.6460,331.7510,-13.8080,1.4940,1.4820,7.4560
2013.23836,2013-03-28,-120.0110,332.5340,17.7870,1.6630,1.5970,8.1940
2013.24110,2013-03-29,-119.9750,330.6590,-1.3800,1.6220,1.6460,7.9340
2013.24384,2013-03-30,-124.8020,329.8770,-11.6110,1.8870,1.6620,8.6130
2013.24658,2013-03-31,-120.4400,325.8280,-19.2430,1.3840,1.4570,7.0160
2013.24932,2013-04-01,-120.9720,328.9590,-18.0660,1.4000,1.4540,6.9980
2013.25205,2013-04-02,-119.8080,331.4880,-4.5070,1.2900,1.3100,6.5310
2013.25479,2013-04-03,-120.9120,332.0330,-10.7780,1.5390,1.6020,8.0380
2013.25753,2013-04-04,-122.0340,328.8720,-12.5670,1.6030,1.5740,8.0880
2013.26027,2013-04-05,-121.8830,335.9480,-21.6430,1.7190,1.5520,8.2430
2013.26301,2013-04-06,-118.4170,331.5900,6.4610,1.3600,1.3530,6.7980
2013.26575,2013-04-07,-121.2300,328.7660,-19.1910,1.4060,1.3310,6.7090
2013.26849,2013-04-08,-120.4090,328.1690,-24.1260,1.4520,1.3990,7.1280
2013.27123,2013-04-09,-106.2290,338.4300,-80.5340,2.2700,2.3510,11.7960
2013.27397,2013-04-10,-124.8950,329.9660,-2.2520,1.6480,1.5230,7.7660
2013.27671,2013-04-11,-121.9400,334.2240,-11.4580,1.3690,1.4540,7.0250
2013.27945,2013-04-12,-122.1290,330.8760,-12.8350,1.3940,1.3810,6.8080
2013.28219,2013-04-13,-124.3180,330.2900,-13.0250,1.4070,1.4700,7.1760
2013.28493,2013-04-14,-124.3560,330.9390,-33.5310,1.4170,1.3830,6.9230
2013.28767,2013-04-15,-127.6000,334.0770,-22.9790,1.6840,1.5260,8.0400
2013.29041,2013-04-16,-126.5280,336.2500,-14.4820,1.5960,1.6030,8.0080
2013.29315,2013-04-17,-125.2880,330.9140,-16.7350,1.6480,1.6770,8.2490
2013.29589,2013-04-18,-128.2010,336.8070,-28.2810,1.5590,1.5020,7.6600
2013.29863,2013-04-19,-128.8240,333.5980,-25.2330,1.5830,1.4960,7.6050
2013.30137,2013-04-20,-127.5570,335.4330,0.1650,1.4420,1.4070,7.0620
2013.30411,2013-04-21,-124.8050,335.0850,-12.0150,1.4240,1.3640,6.7680
2013.30685,2013-04-22,-125.1810,335.2650,-16.0350,1.4190,1.4210,6.9810
2013.30959,2013-04-23,-129.8890,341.1220,-1.2350,1.5630,1.4440,7.2200
2013.31233,2013-04-24,-124.1520,330.4520,-10.2200,1.3080,1.3450,6.3450
2013.31507,2013-04-25,-128.9070,335.3960,10.5870,1.4640,1.4990,7.3760
2013.31781,2013-04-26,-123.1800,337.2150,-12.9300,1.3330,1.3330,6.5190
2013.32055,2013-04-27,-123.1650,336.1200,-22.9780,1.5360,1.4890,7.3190
2013.32329,2013-04-28,-130.4230,333.9430,-20.2410,1.8400,1.9740,9.1360
2013.32603,2013-04-29,-125.6790,339.6580,11.2670,1.5040,1.5510,7.4460
2013.32877,2013-04-30,-129.1300,351.4960,2.7160,1.5260,1.8830,7.4850
2013.33151,2013-05-01,-122.2230,333.7320,-18.7890,1.3600,1.3760,6.7940
2013.33425,2013-05-02,-125.0700,334.4040,0.2070,1.6990,1.8820,9.0280
2013.33699,2013-05-03,-128.5550,334.7480,-25.4630,1.5590,1.5770,7.7330
2013.33973,2013-05-04,-124.2100,335.4550,-7.4330,1.3690,1.4000,6.8690
2013.34247,2013-05-05,-125.9010,334.7380,-10.1050,1.4060,1.4590,6.9770
2013.34521,2013-05-06,-130.9220,333.6950,-21.2980,1.4770,1.4570,7.3010
2013.34795,2013-05-07,-127.7870,335.6960,-16.5270,1.4360,1.4600,7.2730
2013.35068,2013-05-08,-128.4520,346.4560,1.8170,1.4670,1.5370,7.5020
2013.35342,2013-05-09,-129.2030,335.9770,-9.7510,1.9380,1.8970,9.3590
2013.35616,2013-05-10,-131.1470,345.2280,53.0390,2.1530,2.3520,11.5620
2013.35890,2013-05-11,-130.6810,333.2800,-40.9910,1.7800,1.7560,8.8310
2013.36164,2013-05-12,-133.0710,347.6380,32.7990,1.9140,1.9300,9.8430
2013.36438,2013-05-13,-116.4570,340.0120,13.9160,1.9000,2.0760,9.6390
2013.36712,2013-05-14,-129.9690,342.9120,-1.6020,1.5050,1.5270,7.4760
2013.36986,2013-05-15,-128.1100,337.4480,-15.4780,1.6610,1.6120,8.0320
2013.37260,2013-05-16,-136.8590,345.5680,-61.0110,2.5890,2.6650,13.9160
2013.37534,2013-05-17,-131.5920,336.4010,-25.3780,2.0340,1.8200,9.1680
2013.37808,2013-05-18,-130.0020,364.7930,13.8980,2.2690,2.4850,11.2150
2013.38082,2013-05-19,-128.2670,341.2180,-15.1450,1.6450,1.6310,8.2660
2013.38356,2013-05-20,-125.1350,338.8500,2.9930,1.5370,1.6300,7.9140
2013.38630,2013-05-21,-131.9950,342.7030,-25.6300,2.5070,2.5630,13.5420
2013.38904,2013-05-22,-122.5220,335.4670,-22.9340,1.3830,1.4570,7.1190
2013.39178,2013-05-23,-129.0700,333.8500,-24.1420,1.4320,1.4720,7.4080
2013.39452,2013-05-24,-130.3990,341.8340,-6.3960,1.6260,1.6300,8.0440
2013.39726,2013-05-25,-131.5310,335.3600,-35.3450,1.8360,1.8410,9.4010
2013.40000,2013-05-26,-128.2420,336.2950,-16.2420,1.5860,1.6570,8.0950
2013.40274,2013-05-27,-128.3370,346.6770,-5.2980,1.5270,1.6910,7.6210
2013.40548,2013-05-28,-133.0300,348.3890,4.3270,1.4410,1.5830,7.1900
2013.40822,2013-05-29,-133.5380,349.7770,-14.1680,1.9770,1.9720,9.7420
2013.41096,2013-05-30,-132.2720,331.8960,-69.7860,2.0630,2.3120,10.9700
2013.41370,2013-05-31,-122.8890,346.0960,13.9550,1.4970,1.6370,7.6980
2013.41644,2013-06-01,-128.8130,457.1950,-25.7990,4.2810,4.4220,19.2840
2013.41918,2013-06-02,-124.8240,347.8370,-7.2820,1.5270,1.6310,7.6520
2013.42192,2013-06-03,-125.8530,341.9130,-18.3150,1.5210,1.5980,7.5700
2013.42466,2013-06-04,-133.7320,347.0410,1.7650,1.9070,1.9380,9.6320
2013.42740,2013-06-05,-126.6090,333.0220,3.2160,1.7810,1.7610,9.0520
2013.43014,2013-06-06,-129.2380,343.7570,37.9040,1.7890,1.9130,9.0820
2013.43288,2013-06-07,-128.9710,363.1490,24.3560,1.8790,2.0990,9.2480
2013.43562,2013-06-08,-123.8050,351.1200,18.8740,1.5960,1.8930,8.3340
2013.43836,2013-06-09,-128.5690,344.8350,-17.8350,1.5600,1.6790,7.9990
2013.44110,2013-06-10,-128.5790,337.0810,-34.2020,1.6560,1.6430,8.1260
2013.44384,2013-06-11,-126.8580,357.1010,34.3730,1.7090,2.0400,9.0550
2013.44658,2013-06-12,-126.7100,342.2590,-26.2470,1.6990,1.8140,8.6550
2013.44932,2013-06-13,-126.7800,341.5020,-11.3300,1.6480,1.5970,8.0040
2013.45205,2013-06-14,-122.8350,345.5360,-10.1350,1.5540,1.6450,7.8680
2013.45479,2013-06-15,-127.1680,342.5380,-22.6420,1.7550,1.7290,8.6040
2013.45753,2013-06-16,-128.4060,339.5990,-34.1350,1.7370,1.7280,8.6360
2013.46027,2013-06-17,-129.0880,339.3620,-18.6250,1.5300,1.5760,7.7230
2013.46301,2013-06-18,-129.1720,337.5130,-26.9250,2.5260,2.3890,11.7640
2013.46575,2013-06-19,-127.2410,332.1830,-51.7700,1.9720,1.8280,9.2360
2013.46849,2013-06-20,-130.7590,337.9160,-5.7120,1.6920,1.6710,8.3120
2013.47123,2013-06-21,-126.8180,333.4370,-5.0600,1.6530,1.5510,7.8090
2013.47397,2013-06-22,-129.9190,333.7570,-40.0450,1.9160,1.8630,9.2110
2013.47671,2013-06-23,-134.0920,359.3940,45.0270,2.1540,2.4760,11.3650
2013.47945,2013-06-24,-124.1930,335.5200,-32.5100,1.5420,1.4730,7.5100
2013.48219,2013-06-25,-121.1490,329.2480,-52.6910,1.7070,1.7660,9.1360
2013.48493,2013-06-26,-124.4600,342.7150,21.3600,1.7870,1.8470,8.7950
2013.48767,2013-06-27,-122.9480,338.9590,-13.3270,1.5070,1.5260,7.4730
2013.49041,2013-06-28,-130.6690,342.8810,-19.8490,1.5710,1.5510,7.3690
2013.49315,2013-06-29,-124.4800,338.0360,-17.0650,1.8820,1.8380,9.1870
2013.49589,2013-06-30,-127.6590,340.7820,-15.4330,1.8930,1.8930,9.4220
2013.49863,2013-07-01,-123.7050,351.8900,17.0400,1.6760,2.1330,9.0170
2013.50137,2013-07-02,-126.0040,347.1230,-3.8340,1.7490,1.8010,8.3700
2013.50411,2013-07-03,-134.5120,340.8510,-13.1450,1.9760,1.8480,9.1540
2013.50685,2013-07-04,-132.5520,338.2940,-14.8430,1.8510,1.6950,8.4280
2013.50959,2013-07-05,-125.6350,337.9240,-41.6890,1.9920,1.9700,9.7950
2013.51233,2013-07-06,-118.5200,347.8160,26.1640,1.6180,1.7150,8.1150
2013.51507,2013-07-07,-123.5900,344.8030,20.5090,1.6420,1.6270,7.6190
2013.51781,2013-07-08,-127.7210,341.9030,-15.5700,1.6740,1.6780,7.8690
2013.52055,2013-07-09,-114.4390,347.9510,23.5090,1.6510,1.8530,8.3860
2013.52329,2013-07-10,-124.8930,338.9190,3.8660,1.8940,1.8800,9.0040
2013.52603,2013-07-11,-122.1950,335.2210,-19.9430,1.9890,1.9320,9.9500
2013.52877,2013-07-12,-126.5310,342.6680,-6.3710,1.8130,1.8410,9.4680
2013.53151,2013-07-13,-127.3490,337.9970,11.2510,1.8530,1.8750,9.9640
2013.53425,2013-07-14,-127.1890,349.7740,-23.2620,1.5860,1.7600,8.6360
2013.53699,2013-07-15,-127.3650,342.3420,24.0280,2.1260,1.9910,9.9220
2013.53973,2013-07-16,-131.1850,332.4530,-65.6210,1.9790,1.9710,9.6900
2013.54247,2013-07-17,-130.2930,356.3940,-11.5180,1.8520,2.4790,9.4190
2013.54521,2013-07-18,-125.1930,335.9420,-40.3170,1.5640,1.5370,7.7280
2013.54795,2013-07-19,-129.0790,341.1890,-25.5530,1.6070,1.5450,7.7150
2013.55068,2013-07-20,-126.9050,337.0400,-23.3520,1.5620,1.5720,7.7960
2013.55342,2013-07-21,-131.7260,339.5890,-29.9880,1.7150,1.6840,7.9250
2013.55616,2013-07-22,-127.4080,340.9080,-33.5540,1.6610,1.6710,7.9810
2013.55890,2013-07-23,-130.0980,347.6480,-33.1650,1.5460,1.7020,8.2910
2013.56164,2013-07-24,-150.1820,413.8410,-12.9700,2.8410,3.1320,14.1230
2013.56438,2013-07-25,-127.3760,335.0860,-32.7070,2.1440,2.5350,12.2680
2013.56712,2013-07-26,-122.2750,354.8610,37.3690,1.9660,2.0710,10.1890
2013.56986,2013-07-27,-137.6010,348.0480,-52.6830,2.3280,2.2020,11.3950
2013.57260,2013-07-28,-137.7820,337.5990,-26.4660,2.0590,1.8620,10.1790
2013.57534,2013-07-29,-130.4740,340.8830,-23.9230,1.7970,1.7160,8.4720
2013.57808,2013-07-30,-123.0830,351.4930,19.9670,1.9170,2.0420,10.0660
2013.58082,2013-07-31,-115.4460,376.6800,157.7270,3.3100,3.7330,17.4120
2013.58356,2013-08-01,-136.2640,353.2060,12.2460,1.9140,2.0480,9.5880
2013.58630,2013-08-02,-122.2360,332.7640,-20.9070,1.9430,2.0420,10.1590
2013.58904,2013-08-03,-128.2350,340.9470,-41.2070,2.2220,2.1450,10.6360
2013.59178,2013-08-04,-125.2120,393.6170,9.6610,2.3400,2.3180,11.1060
2013.59452,2013-08-05,-128.6680,410.8540,155.7520,2.7630,3.2770,15.7050
2013.59726,2013-08-06,-117.6180,344.3470,3.9140,1.9030,2.0500,10.0510
2013.60000,2013-08-07,-130.3230,342.0350,-9.3460,2.2020,1.9680,10.2020
2013.60274,2013-08-08,-183.7390,426.6820,-228.1390,4.6500,4.1310,22.0410
2013.60548,2013-08-09,-128.1260,339.1270,9.6720,2.4840,2.0640,10.4190
2013.60822,2013-08-10,-109.3500,341.9100,-19.1670,3.6320,3.9830,17.8590
2013.61096,2013-08-11,-129.1930,339.2390,5.0370,2.3100,2.0330,10.7660
2013.61370,2013-08-12,-123.8810,350.4430,-1.0350,2.2730,2.4170,12.4850
2013.61644,2013-08-13,-122.3300,344.7870,-32.3680,1.7830,1.6920,8.7770
2013.61918,2013-08-14,-128.8020,342.9460,-44.6400,1.7920,1.9350,9.6470
2013.62192,2013-08-15,-119.9730,346.9130,13.1010,1.7390,1.6810,8.6990
2013.62466,2013-08-16,-123.9230,339.4330,-13.8670,1.7170,1.7710,8.8660
2013.62740,2013-08-17,-123.3410,347.7140,34.6590,1.7850,1.7330,8.4710
2013.63014,2013-08-18,-126.2510,347.8520,-7.5140,1.7890,1.7470,8.8780
2013.63288,2013-08-19,-119.3200,353.7680,9.2190,1.7410,1.6780,7.9620
2013.63562,2013-08-20,-125.4290,353.0160,13.0900,1.9640,2.1380,10.8430
2013.63836,2013-08-21,-112.8960,337.7420,-44.5240,2.0560,2.2420,11.8880
2013.64110,2013-08-22,-114.7420,337.9020,-14.5370,1.9090,1.7930,9.5150
2013.64384,2013-08-23,-118.0500,356.7220,15.9790,1.7790,1.8440,9.2810
2013.64658,2013-08-24,-117.0450,348.1440,-14.9790,1.8040,2.0440,8.9360
2013.64932,2013-08-25,-119.3430,343.0830,3.5960,1.8510,1.8240,9.1820
2013.65205,2013-08-26,-115.5870,348.0320,7.4260,1.7630,1.7750,8.5560
2013.65479,2013-08-27,-115.7760,344.3930,-10.9640,1.8110,1.8540,9.1200
2013.65753,2013-08-28,-109.9510,346.3000,10.2990,1.8610,1.7830,8.6270
2013.66027,2013-08-29,-123.0530,338.3240,-7.3380,1.9570,2.1080,10.9840
2013.66301,2013-08-30,-123.8740,340.7270,-22.8850,1.9700,1.8140,9.7150
2013.66575,2013-08-31,-121.2340,342.2600,-25.3790,1.8880,2.0810,10.3490
2013.66849,2013-09-01,-118.2210,346.2580,-1.8340,1.9160,1.8250,9.5010
2013.67123,2013-09-02,-114.3200,342.6720,-11.3180,1.8010,1.6900,8.5600
2013.67397,2013-09-03,-121.6890,354.6220,28.0060,1.9930,2.0510,10.2390
2013.67671,2013-09-04,-122.3040,344.2540,-19.8570,1.9200,2.0510,9.7180
2013.67945,2013-09-05,-120.2840,343.8220,3.6310,1.8280,1.7050,8.9140
2013.68219,2013-09-06,-120.8840,344.4600,38.2540,1.8940,1.8730,9.4660
2013.68493,2013-09-07,-111.6020,352.8570,45.0880,1.9040,2.0750,9.3540
2013.68767,2013-09-08,-119.1840,382.7510,57.7520,1.9610,2.7900,10.9270
2013.69041,2013-09-09,-116.4190,361.5450,63.2430,1.8770,1.9610,9.6780
2013.69315,2013-09-10,-121.9760,353.7630,23.5590,1.9320,2.0590,9.8420
2013.69589,2013-09-11,-119.1590,348.5840,39.6480,1.8380,1.9230,10.2140
2013.69863,2013-09-12,-110.6250,343.6390,13.8320,1.9800,2.0310,9.6180
2013.70137,2013-09-13,-114.9970,346.3690,11.4480,1.8880,1.7440,9.0600
2013.70411,2013-09-14,-118.8780,357.0670,44.2080,1.8540,1.9060,9.2170
2013.70685,2013-09-15,-113.1800,356.2120,-2.1290,1.9120,2.5820,10.3890
2013.70959,2013-09-16,-121.1590,376.6090,109.3440,2.1230,2.7250,11.1840
2013.71233,2013-09-17,-115.8470,349.5370,63.3530,1.8330,1.8010,8.9730
2013.71507,2013-09-18,-116.0410,360.1310,72.3600,1.9430,2.0540,9.9850
2013.71781,2013-09-19,-122.7310,384.2360,137.4000,2.0000,2.1730,10.0510
2013.72055,2013-09-20,-114.0630,357.8080,82.9800,2.0470,2.3380,11.5260
2013.72329,2013-09-21,-119.8320,345.4840,30.9770,1.8280,2.0250,10.3710
2013.72603,2013-09-22,-106.8280,336.3610,9.4630,1.8120,1.7240,8.6090
2013.72877,2013-09-23,-115.9450,347.7800,31.9940,1.8560,2.0320,9.8770
2013.73151,2013-09-24,-125.0430,347.9470,53.1900,1.9400,2.0000,10.0210
2013.73425,2013-09-25,-116.4290,348.3240,44.8770,1.8260,2.0610,10.0460
2013.73699,2013-09-26,-130.9430,345.7060,37.9010,1.8620,2.0840,10.7310
2013.73973,2013-09-27,-121.9900,342.7530,27.1680,1.8110,2.0370,10.1830
2013.74247,2013-09-28,-115.8110,338.9320,48.9780,1.8140,1.6520,8.4220
2013.74521,2013-09-29,-130.1960,353.0220,52.9040,2.1640,2.1640,10.9220
2013.74795,2013-09-30,-118.3080,354.6000,67.8250,1.8520,2.1900,10.5730
2013.75068,2013-10-01,-123.4490,347.3130,49.7260,1.8970,2.0660,10.6400
2013.75342,2013-10-02,-121.3680,340.2570,14.6690,2.0500,2.2600,11.8310
2013.75616,2013-10-03,-121.7200,370.9990,113.1270,2.0640,2.6230,12.0880
2013.75890,2013-10-04,-116.8210,345.8590,59.0150,1.9860,2.3170,11.9170
2013.76164,2013-10-05,-123.5620,347.7890,79.4860,2.0820,1.9580,10.7140
2013.76438,2013-10-06,-123.0900,349.7440,68.4850,1.8710,1.9610,10.2860
2013.76712,2013-10-07,-114.9630,354.8070,71.7880,1.8740,2.1060,10.5130
2013.76986,2013-10-08,-121.7520,347.9860,53.0780,2.0500,1.9590,10.5610
2013.77260,2013-10-09,-110.2280,349.4970,49.1220,1.8680,2.1320,10.7090
2013.77534,2013-10-10,-114.8280,348.6370,70.5000,1.8720,2.0080,10.3560
2013.77808,2013-10-11,-116.5750,360.7120,111.1280,1.8990,2.2570,11.2820
2013.78082,2013-10-12,-120.7320,344.3680,53.6110,1.9840,1.9570,10.8570
2013.78356,2013-10-13,-117.6080,352.2320,57.2450,2.0630,2.3830,11.1400
2013.78630,2013-10-14,-122.0970,358.4350,49.9640,1.9910,2.5850,12.1650
2013.78904,2013-10-15,-116.7830,376.8830,114.4060,2.2200,2.7650,12.6320
2013.79178,2013-10-16,-124.6490,363.3490,107.2020,2.0310,2.7360,11.0480
2013.79452,2013-10-17,-116.7020,358.0990,73.3630,1.9220,2.0410,10.3860
2013.79726,2013-10-18,-119.6620,360.5240,71.8270,1.9370,2.1700,10.1020
2013.80000,2013-10-19,-118.9010,351.4580,32.2400,1.8840,2.0980,10.3940
2013.80274,2013-10-20,-132.6290,355.8340,-3.1860,2.0390,2.2890,10.9940
2013.80548,2013-10-21,-127.5300,392.9870,111.6970,2.2730,2.6850,12.5460
2013.80822,2013-10-22,-120.1030,359.7810,95.1540,1.9670,2.5740,11.9760
2013.81096,2013-10-23,-129.2210,354.0200,64.4680,1.9710,2.2670,10.6890
2013.81370,2013-10-24,-120.5080,377.3470,89.6750,2.1580,3.2250,12.9970
2013.81644,2013-10-25,-123.8080,357.8240,46.8030,2.0930,2.8230,11.7600
2013.81918,2013-10-26,-125.5800,344.4520,20.2010,1.8050,2.1020,10.2120
2013.82192,2013-10-27,-118.9280,348.0040,30.9380,1.7790,1.9690,9.3580
2013.82466,2013-10-28,-114.3720,352.4740,42.2890,1.9510,2.3640,10.7490
2013.82740,2013-10-29,-111.5610,363.4080,49.6430,1.9700,2.1810,10.4400
2013.83014,2013-10-30,-115.7620,378.3030,47.1600,1.8690,2.4990,10.2370
2013.83288,2013-10-31,-118.1940,348.1730,3.7200,1.7720,2.1460,10.4100
2013.83562,2013-11-01,-118.4440,359.3400,61.3530,1.7920,2.0690,10.3840
2013.83836,2013-11-02,-116.1900,340.2510,-7.3680,1.7640,1.9770,9.8200
2013.84110,2013-11-03,-121.7940,345.0770,3.5500,1.8160,1.8390,9.2740
2013.84384,2013-11-04,-121.9860,353.3320,41.8190,1.8480,2.2070,10.9670
2013.84658,2013-11-05,-118.9860,353.9550,32.7190,1.8720,2.0490,9.8890
2013.84932,2013-11-06,-123.7330,344.7750,9.8670,1.8010,1.9920,9.9690
2013.85205,2013-11-07,-121.9910,358.3070,40.3860,1.8520,2.2110,10.1320
2013.85479,2013-11-08,-114.2280,342.5900,10.3440,1.7550,1.6960,8.4620
2013.85753,2013-11-09,-116.5450,363.0210,73.4950,1.6850,1.7920,8.8680
2013.86027,2013-11-10,-117.2900,346.8970,37.4230,1.7250,1.9440,9.5300
2013.86301,2013-11-11,-123.3550,377.0210,64.9890,1.7470,1.9950,8.4390
2013.86575,2013-11-12,-128.1490,347.9710,34.0800,2.1210,1.9810,9.2100
2013.86849,2013-11-13,-116.0240,356.9340,39.2400,1.7070,2.0330,9.5690
2013.87123,2013-11-14,-122.6240,348.6670,31.5530,1.6670,1.7220,8.5650
2013.87397,2013-11-15,-116.7310,360.1340,62.0560,1.7140,1.9600,8.5760
2013.87671,2013-11-16,-121.5700,366.8780,74.7370,1.8530,2.4610,10.0070
2013.87945,2013-11-17,-120.3640,352.0720,17.4920,1.7200,2.0040,9.0550
2013.88219,2013-11-18,-122.9220,369.9170,61.1300,1.6430,2.0880,9.2750
2013.88493,2013-11-19,-120.8880,356.9760,63.0590,1.7270,1.7560,8.4250
2013.88767,2013-11-20,-136.3470,348.9470,-3.9830,1.2860,1.2340,5.9260
2013.89041,2013-11-21,-131.4480,346.9340,14.0410,1.3550,1.3330,6.6090
2013.89315,2013-11-22,-130.1110,348.0020,-4.3220,1.3370,1.3230,6.4190
2013.89589,2013-11-23,-134.1650,354.3010,16.2050,1.2530,1.3420,6.1340
2013.89863,2013-11-24,-129.0050,352.5950,10.5760,1.3370,1.4710,6.9960
2013.90137,2013-11-25,-138.2170,354.5710,29.1300,1.4340,1.4500,7.0620
2013.90411,2013-11-26,-137.3240,347.1830,3.5410,1.3450,1.2160,6.1210
2013.90685,2013-11-27,-133.5700,352.2370,10.5440,1.4080,1.5830,7.0450
2013.90959,2013-11-28,-135.6770,353.4840,23.7610,1.4160,1.5400,6.7940
2013.91233,2013-11-29,-132.9180,351.2490,30.9030,1.3250,1.2740,6.1150
2013.91507,2013-11-30,-133.2580,355.6190,29.9990,1.2740,1.3460,6.0400
2013.91781,2013-12-01,-131.1690,348.0940,23.1590,1.3200,1.3190,6.1670
2013.92055,2013-12-02,-133.4360,345.6200,4.9530,1.3250,1.2460,6.0310
2013.92329,2013-12-03,-136.1180,349.8970,3.5500,1.3150,1.3130,6.1130
2013.92603,2013-12-04,-130.4800,354.6710,27.2940,1.2610,1.3770,5.9550
2013.92877,2013-12-05,-131.8920,349.7860,-1.4410,1.1990,1.1110,5.4160
2013.93151,2013-12-06,-129.8560,346.1770,1.4990,1.2020,1.0810,5.3840
2013.93425,2013-12-07,-130.2730,343.9690,8.1160,1.1830,1.0980,5.2780
2013.93699,2013-12-08,-127.9280,344.8490,19.4830,1.1800,1.0560,5.1310
2013.93973,2013-12-09,-129.3370,344.6870,13.8300,1.1990,1.1220,5.4230
2013.94247,2013-12-10,-130.5340,343.6720,8.9990,1.2020,1.0900,5.1980
2013.94521,2013-12-11,-130.0100,343.8760,-12.7950,1.1610,1.0580,5.1620
2013.94795,2013-12-12,-129.0650,344.5680,7.9840,1.2290,1.0690,5.4080
2013.95068,2013-12-13,-130.3000,343.5270,14.0360,1.2430,1.0890,5.5870
2013.95342,2013-12-14,-127.1850,342.3370,4.1850,1.2240,1.1280,5.6570
2013.95616,2013-12-15,-131.6680,341.6380,8.1000,1.2140,1.1030,5.3790
2013.95890,2013-12-16,-128.4130,342.3580,7.5810,1.3470,1.2540,6.1930
2013.96164,2013-12-17,-129.1480,342.5540,-10.2590,1.2660,1.1960,5.8540
2013.96438,2013-12-18,-129.2640,341.7750,1.9620,1.2340,1.2090,5.8660
2013.96712,2013-12-19,-134.5250,342.6040,-2.7900,1.2060,1.1570,5.7790
2013.96986,2013-12-20,-131.2860,340.5990,1.7550,1.1980,1.1260,5.4830
2013.97260,2013-12-21,-128.4200,343.5050,-15.0420,1.2220,1.1430,5.6630
2013.97534,2013-12-22,-130.0390,345.7170,-3.6960,1.1890,1.1220,5.5230
2013.97808,2013-12-23,-129.3770,342.1660,-26.5210,1.2190,1.1830,5.8040
2013.98082,2013-12-24,-130.5780,340.1560,-14.5940,1.1800,1.1540,5.5300
2013.98356,2013-12-25,-133.7650,342.2980,-9.9170,1.1960,1.1430,5.5890
2013.98630,2013-12-26,-130.1250,342.5520,-16.6930,1.2530,1.1980,6.1340
2013.98904,2013-12-27,-131.5750,341.6860,-11.8780,1.2050,1.1370,5.6640
2013.99178,2013-12-28,-134.0690,342.2550,-15.2410,1.1650,1.1410,5.6290
2013.99452,2013-12-29,-131.6810,343.7590,1.8050,1.1650,1.1000,5.3490
2013.99726,2013-12-30,-133.9180,346.2180,4.8580,1.1180,1.0200,4.9760
2014.00000,2013-12-31,-130.6650,346.4990,7.1020,1.1740,1.0550,5.2330
2014.00274,2014-01-01,-130.4150,343.7930,-5.0520,1.1560,1.0540,5.1230
2014.00548,2014-01-02,-129.2380,343.9600,-6.1960,1.2050,1.1190,5.3860
2014.00822,2014-01-03,-133.8670,347.8700,-1.8790,1.1740,1.0700,5.1970
2014.01096,2014-01-04,-128.9500,346.3270,-12.2900,1.1710,1.1240,5.5020
2014.01370,2014-01-05,-131.2140,349.0680,-9.1820,1.1700,1.0930,5.3550
2014.01644,2014-01-06,-128.4750,346.7280,3.9970,1.1810,1.0680,5.2480
2014.01918,2014-01-07,-131.1090,345.2470,-14.6300,1.2070,1.0920,5.2850
2014.02192,2014-01-08,-130.8100,346.8770,-19.7160,1.2050,1.2110,5.7380
2014.02466,2014-01-09,-130.6150,343.7150,-11.9410,1.1870,1.1830,5.6310
2014.02740,2014-01-10,-129.5290,343.5270,0.3610,1.1610,1.1460,5.3690
2014.03014,2014-01-11,-131.8550,345.3940,-3.9100,1.1370,1.1040,5.1970
2014.03288,2014-01-12,-128.6510,342.0410,-5.8860,1.2070,1.2700,5.9760
2014.03562,2014-01-13,-131.9600,344.7460,-24.4750,1.1290,1.1450,5.4250
2014.03836,2014-01-14,-132.1920,342.8390,-32.1110,1.2070,1.2600,6.0010
2014.04110,2014-01-15,-129.9940,345.8090,-11.1800,1.1120,1.0920,5.0490
2014.04384,2014-01-16,-130.6490,344.8160,-9.3180,1.2150,1.1940,5.5560
2014.04658,2014-01-17,-129.9600,344.5670,-3.4820,1.1800,1.1480,5.4270
2014.04932,2014-01-18,-129.7070,343.9460,-22.0800,1.1520,1.2370,5.6910
2014.05205,2014-01-19,-131.5760,343.9330,-14.9290,1.1010,1.0410,4.9870
2014.05479,2014-01-20,-131.1240,342.6370,-15.5850,1.1560,1.1630,5.3870
2014.05753,2014-01-21,-130.4720,340.7920,-21.7430,1.1810,1.1990,5.6580
2014.06027,2014-01-22,-130.7600,343.5100,-10.5930,1.1140,1.1140,5.0870
2014.06301,2014-01-23,-128.2820,346.0050,3.2440,1.0860,1.0710,5.0250
2014.06575,2014-01-24,-128.8390,346.4010,-2.4800,1.1060,1.0970,5.2070
2014.06849,2014-01-25,-126.1400,343.9210,-0.5540,1.1200,1.1100,5.1380
2014.07123,2014-01-26,-129.6410,346.9950,-7.5840,1.1940,1.1680,5.4900
2014.07397,2014-01-27,-128.8160,347.4810,0.5230,1.1110,1.1130,5.1250
2014.07671,2014-01-28,-127.5390,346.4980,0.7220,1.1460,1.0810,5.2280
2014.07945,2014-01-29,-128.9390,348.5900,0.5320,1.1170,1.0640,4.9840
2014.08219,2014-01-30,-131.0860,346.4400,-5.8830,1.1000,1.1120,5.1050
2014.08493,2014-01-31,-129.7760,349.1040,-13.8460,1.1030,1.0590,5.0500
2014.08767,2014-02-01,-125.2150,344.5630,-6.2680,1.1640,1.1240,5.2160
2014.09041,2014-02-02,-123.9140,348.7390,2.2010,1.1710,1.1840,5.4630
2014.09315,2014-02-03,-124.7360,349.1340,8.1370,1.1350,1.1090,5.2000
2014.09589,2014-02-04,-123.3270,345.8100,1.4410,1.1920,1.1290,5.4880
2014.09863,2014-02-05,-127.6060,346.9060,-11.7520,1.1560,1.1310,5.3560
2014.10137,2014-02-06,-126.4940,345.0140,-3.7300,1.1320,1.0530,5.0550
2014.10411,2014-02-07,-128.8530,345.1970,-15.8040,1.1550,1.1010,5.1690
2014.10685,2014-02-08,-126.8600,347.6660,1.5390,1.1920,1.1110,5.5910
2014.10959,2014-02-09,-125.6720,344.0620,-10.0240,1.2270,1.2160,5.9370
2014.11233,2014-02-10,-128.6550,348.8420,0.4500,1.2940,1.2310,5.9940
2014.11507,2014-02-11,-128.1970,344.7770,-6.4440,1.1320,1.1180,5.3020
2014.11781,2014-02-12,-127.4700,346.1430,-13.5250,1.1020,1.0870,5.0580
2014.12055,2014-02-13,-127.2340,344.8900,-1.9600,1.1340,1.1510,5.5710
2014.12329,2014-02-14,-127.2570,347.7970,-11.9870,1.1420,1.2050,5.5860
2014.12603,2014-02-15,-127.9080,346.3810,-8.9660,1.1240,1.1110,5.1870
2014.12877,2014-02-16,-128.6150,349.9830,-2.4380,1.1120,1.0680,5.1270
2014.13151,2014-02-17,-125.3890,347.4920,-6.0230,1.1160,1.0710,5.1030
2014.13425,2014-02-18,-129.5510,355.2240,-7.3340,1.1840,1.1600,5.4320
2014.13699,2014-02-19,-125.7090,348.9020,-3.0450,1.2270,1.2470,5.7660
2014.13973,2014-02-20,-124.3640,348.4540,-4.0850,1.1780,1.1780,5.5190
2014.14247,2014-02-21,-125.1210,346.3050,-5.7890,1.1310,1.1040,5.2970
2014.14521,2014-02-22,-124.1630,348.1650,-5.5220,1.1990,1.1070,5.4910
2014.14795,2014-02-23,-123.5940,345.0090,-10.8670,1.1600,1.1530,5.5030
2014.15068,2014-02-24,-122.2260,349.2360,-10.0950,1.1970,1.0960,5.4490
2014.15342,2014-02-25,-124.7000,347.6060,-5.7590,1.2240,1.1180,5.5610
2014.15616,2014-02-26,-125.2010,350.2050,0.2580,1.3490,1.1870,6.0580
2014.15890,2014-02-27,-120.9090,346.7430,-3.0600,1.3120,1.1930,6.0770
2014.16164,2014-02-28,-123.7100,346.2630,0.6830,1.2740,1.2440,5.8800
2014.16438,2014-03-01,-124.6210,350.4920,-8.9600,1.3180,1.1170,5.9050
2014.16712,2014-03-02,-128.3590,349.2660,-15.7020,1.3070,1.2010,5.8980
2014.16986,2014-03-03,-128.1780,349.8890,-11.2990,1.2320,1.1350,5.6510
2014.17260,2014-03-04,-125.2870,349.3690,-3.9840,1.2240,1.1790,5.6780
2014.17534,2014-03-05,-124.8660,346.3710,-0.1780,1.2500,1.2250,5.9470
2014.17808,2014-03-06,-126.5750,349.8550,3.2200,1.2440,1.1390,5.8100
2014.18082,2014-03-07,-125.5240,350.4320,4.8740,1.3490,1.2060,6.3300
2014.18356,2014-03-08,-124.9180,348.9850,-6.2410,1.4400,1.2340,6.6110
2014.18630,2014-03-09,-125.5770,348.4340,-18.4090,1.4280,1.3350,7.0240
2014.18904,2014-03-10,-126.1910,354.1680,-0.2570,1.1950,1.1420,5.5030
2014.19178,2014-03-11,-128.0910,355.5530,-8.8750,1.3220,1.1830,5.9540
2014.19452,2014-03-12,-127.6520,348.7540,-12.9510,1.3540,1.1990,6.1000
2014.19726,2014-03-13,-125.6590,350.3300,-4.5960,1.2430,1.2160,6.1680
2014.20000,2014-03-14,-128.1080,347.2630,-15.1110,1.3350,1.2630,6.3970
2014.20274,2014-03-15,-128.4990,353.4720,-17.7890,1.2270,1.1340,5.7760
2014.20548,2014-03-16,-126.8120,350.5910,-6.4020,1.2380,1.1050,5.6520
2014.20822,2014-03-17,-126.5980,352.8570,-0.5450,1.2770,1.1600,5.9520
2014.21096,2014-03-18,-125.5700,351.3760,2.6420,1.2190,1.1570,5.6800
2014.21370,2014-03-19,-125.9110,355.5350,4.5990,1.3140,1.1360,5.8800
2014.21644,2014-03-20,-124.3350,352.0930,0.1000,1.2640,1.2510,6.2840
2014.21918,2014-03-21,-124.5610,345.2820,-15.8500,1.2080,1.2270,5.8350
2014.22192,2014-03-22,-125.5060,349.6840,-12.2580,1.2020,1.1680,5.8320
2014.22466,2014-03-23,-124.4280,351.0760,-7.3440,1.2760,1.1440,5.9500
2014.22740,2014-03-24,-125.1780,350.4330,-9.8110,1.3020,1.1350,6.0490
2014.23014,2014-03-25,-127.9120,353.6870,-7.5320,1.2380,1.1250,5.6860
2014.23288,2014-03-26,-125.8890,354.5300,0.2100,1.2320,1.1210,5.6790
2014.23562,2014-03-27,-124.8080,352.1630,-17.0560,1.2380,1.1960,5.9790
2014.23836,2014-03-28,-126.8830,351.6580,-1.0930,1.3040,1.2050,5.8670
2014.24110,2014-03-29,-128.7740,354.9140,5.2990,1.3120,1.2430,6.1520
2014.24384,2014-03-30,-124.6180,354.3650,0.4460,1.3370,1.2310,6.1420
2014.24658,2014-03-31,-124.7970,353.6630,-9.0530,1.3610,1.2130,6.4660
2014.24932,2014-04-01,-129.1800,352.6410,-18.7780,1.3290,1.2040,6.3730
2014.25205,2014-04-02,-130.1540,350.8960,-10.7090,1.3540,1.2730,6.3550
2014.25479,2014-04-03,-130.5120,352.0230,-17.7830,1.2490,1.1360,5.8240
2014.25753,2014-04-04,-125.9860,354.9490,-20.2700,1.3220,1.1960,6.1030
2014.26027,2014-04-05,-127.3800,353.0570,-16.4110,1.2980,1.1160,5.7240
2014.26301,2014-04-06,-126.3180,355.3070,-15.8100,1.3380,1.1910,6.2160
2014.26575,2014-04-07,-132.8970,351.6590,-20.2880,1.2640,1.1950,6.0000
2014.26849,2014-04-08,-133.3890,358.5280,-16.9910,1.2950,1.1930,6.1500
2014.27123,2014-04-09,-132.4390,360.1240,-6.1260,1.3270,1.3150,6.1620
2014.27397,2014-04-10,-131.6680,361.1270,-2.0650,1.4450,1.3250,6.3830
2014.27671,2014-04-11,-130.7090,354.2460,0.2180,1.3660,1.2550,6.2280
2014.27945,2014-04-12,-130.1460,356.6850,-0.0660,1.2990,1.1760,6.0340
2014.28219,2014-04-13,-129.8100,363.3650,-6.8440,1.3000,1.3170,6.2170
2014.28493,2014-04-14,-129.5410,355.3830,1.2590,1.4070,1.2610,6.4020
2014.28767,2014-04-15,-124.1340,355.1910,1.5870,1.3800,1.3240,6.6090
2014.29041,2014-04-16,-129.3080,357.6170,-7.3120,1.4490,1.3610,6.6720
2014.29315,2014-04-17,-129.2910,357.6380,5.2390,1.3610,1.2660,6.4190
2014.29589,2014-04-18,-128.5840,361.0460,6.3880,1.3410,1.2870,6.2050
2014.29863,2014-04-19,-131.8440,357.8010,-7.9540,1.3240,1.2300,6.1530
2014.30137,2014-04-20,-129.7530,365.3810,6.6800,1.4720,1.3880,6.8670
2014.30411,2014-04-21,-126.4010,353.2480,-8.4600,1.2910,1.2490,6.3920
2014.30685,2014-04-22,-132.0950,361.0800,5.3270,1.3540,1.3900,6.6180
2014.30959,2014-04-23,-129.1310,361.0370,-6.3500,1.3190,1.2340,6.1200
2014.31233,2014-04-24,-132.1310,360.4010,10.7440,1.3610,1.3040,6.3770
2014.31507,2014-04-25,-129.9180,359.2250,8.3720,1.3030,1.2350,6.0240
2014.31781,2014-04-26,-125.4550,352.8710,5.0920,1.3590,1.2630,6.3940
2014.32055,2014-04-27,-124.5140,359.6730,8.1100,1.3410,1.2910,6.4600
2014.32329,2014-04-28,-130.2850,355.3320,-1.1520,1.4130,1.4200,6.9970
2014.32603,2014-04-29,-129.8350,359.6500,16.7880,1.3550,1.2850,6.4930
2014.32877,2014-04-30,-129.7830,357.8730,-3.9230,1.4210,1.3960,6.9140
2014.33151,2014-05-01,-130.3010,356.0840,2.2050,1.4180,1.3100,6.7090
2014.33425,2014-05-02,-129.0510,355.9020,13.7640,1.3800,1.2920,6.5580
2014.33699,2014-05-03,-132.0450,357.5290,-5.7130,1.4270,1.4440,6.9290
2014.33973,2014-05-04,-130.6560,357.6000,-2.3320,1.4470,1.4430,6.9720
2014.34247,2014-05-05,-135.6000,360.4530,-6.7360,1.4100,1.4350,7.0010
2014.34521,2014-05-06,-130.5240,355.0690,-4.6660,1.3420,1.3090,6.5020
2014.34795,2014-05-07,-128.9620,355.8280,1.2870,1.3880,1.3490,6.6850
2014.35068,2014-05-08,-129.8990,357.6680,11.6040,1.4270,1.4280,6.7110
2014.35342,2014-05-09,-129.7040,355.5070,-9.4460,1.4110,1.3890,6.8820
2014.35616,2014-05-10,-131.9530,363.4050,2.2750,1.3530,1.2690,6.2870
2014.35890,2014-05-11,-126.6020,360.8800,17.9730,1.4030,1.3020,6.5000
2014.36164,2014-05-12,-128.8750,358.2220,17.0400,1.4050,1.3050,6.5360
2014.36438,2014-05-13,-125.0250,358.4540,5.0280,1.3930,1.3860,6.7900
2014.36712,2014-05-14,-129.8160,361.0130,12.8990,1.3850,1.5010,7.0790
2014.36986,2014-05-15,-123.2590,364.1120,28.2450,1.6150,1.4560,7.4370
2014.37260,2014-05-16,-128.5510,360.0960,-3.0330,1.3810,1.2710,6.4040
2014.37534,2014-05-17,-123.4080,363.6420,-9.4940,1.3930,1.3110,6.4900
2014.37808,2014-05-18,-124.0640,362.1460,-0.2660,1.4190,1.2730,6.5480
2014.38082,2014-05-19,-131.5350,361.6610,-12.4770,1.5240,1.3930,7.0010
2014.38356,2014-05-20,-129.7930,362.8820,-0.7920,1.5290,1.5010,7.4060
2014.38630,2014-05-21,-127.3400,355.3390,17.4710,1.5370,1.4020,7.1730
2014.38904,2014-05-22,-131.8240,359.0540,16.5510,1.4960,1.3750,6.9240
2014.39178,2014-05-23,-129.9840,361.3300,-5.1160,1.5250,1.4600,7.5000
2014.39452,2014-05-24,-126.3020,367.7250,12.8730,1.5020,1.4850,7.4910
2014.39726,2014-05-25,-127.4160,362.2520,17.2790,1.5100,1.4250,7.2380
2014.40000,2014-05-26,-132.6990,367.0990,13.8680,1.5270,1.5270,7.5130
2014.40274,2014-05-27,-132.1140,361.9570,-8.0640,1.5580,1.4630,7.4030
2014.40548,2014-05-28,-129.9700,364.3230,-7.2430,1.5900,1.6880,8.1130
2014.40822,2014-05-29,-136.0650,368.4540,2.6740,1.4810,1.6670,7.2260
2014.41096,2014-05-30,-124.7140,367.7360,20.8940,1.5350,1.6150,7.6280
2014.41370,2014-05-31,-132.4760,359.5440,-8.4480,1.4500,1.4570,7.3370
2014.41644,2014-06-01,-129.3480,363.2360,9.1570,1.5250,1.4330,7.1760
2014.41918,2014-06-02,-130.0910,366.8190,-10.6640,1.6470,1.5140,7.3780
2014.42192,2014-06-03,-131.6540,363.1310,31.6920,1.5830,1.5430,7.5260
2014.42466,2014-06-04,-135.6140,361.9120,1.1190,1.5640,1.5850,7.5860
2014.42740,2014-06-05,-131.5790,360.5410,0.5800,1.6280,1.6150,8.2520
2014.43014,2014-06-06,-133.3610,359.3190,12.5460,1.6280,1.4940,7.4040
2014.43288,2014-06-07,-132.2890,368.7350,17.0810,1.5870,1.6340,7.4830
2014.43562,2014-06-08,-127.9690,366.0420,-1.5830,1.5180,1.5010,7.4430
2014.43836,2014-06-09,-130.0000,364.1810,28.5330,1.6510,1.5010,7.6040
2014.44110,2014-06-10,-129.6720,366.1380,40.0980,1.6000,1.6090,7.9690
2014.44384,2014-06-11,-133.3220,359.9130,22.4340,1.7300,1.8110,8.9220
2014.44658,2014-06-12,-134.3030,389.9750,25.5010,1.6700,1.7080,8.0350
2014.44932,2014-06-13,-128.8060,376.3040,16.8560,1.6780,1.8890,7.8950
2014.45205,2014-06-14,-130.0170,360.9790,11.6110,1.6020,1.5220,7.5490
2014.45479,2014-06-15,-126.6450,360.4890,6.9620,1.6320,1.6110,8.2210
2014.45753,2014-06-16,-131.5290,371.7720,17.3980,1.8060,1.6370,7.9840
2014.46027,2014-06-17,-133.3990,358.2440,40.8760,1.7140,1.5650,8.1710
2014.46301,2014-06-18,-130.9090,374.2870,3.1510,1.6870,2.0550,8.0100
2014.46575,2014-06-19,-129.8930,370.2820,15.3310,1.6610,1.7670,8.2000
2014.46849,2014-06-20,-136.9140,392.5880,55.9680,1.7190,2.5050,7.8420
2014.47123,2014-06-21,-136.1070,368.7350,28.0150,1.7280,1.8700,8.2920
2014.47397,2014-06-22,-138.4060,375.8680,-8.0450,1.7720,1.7540,7.6300
2014.47671,2014-06-23,-138.0760,375.4510,35.8540,1.6010,1.6480,7.7490
2014.47945,2014-06-24,-119.7100,409.4440,67.9360,1.8510,2.0250,9.0710
2014.48219,2014-06-25,-136.7410,375.9110,21.0830,1.7270,1.8630,8.2930
2014.48493,2014-06-26,-131.1240,371.2660,11.1990,1.6390,1.8720,8.1630
2014.48767,2014-06-27,-135.6680,380.1880,36.4200,1.6930,2.3710,9.1940
2014.49041,2014-06-28,-135.8310,380.3070,37.8120,1.6660,1.9780,8.4060
2014.49315,2014-06-29,-146.4260,378.5540,-11.1040,1.6740,1.8110,8.2190
2014.49589,2014-06-30,-132.2180,369.0650,-4.1540,1.7050,1.7900,8.1850
2014.49863,2014-07-01,-137.7310,392.9260,33.9240,1.7160,2.0830,8.1330
2014.50137,2014-07-02,-132.2800,374.4830,17.5020,1.7390,2.0150,8.7630
2014.50411,2014-07-03,-140.5700,373.9840,8.7890,1.6030,1.8440,8.1270
2014.50685,2014-07-04,-141.6660,382.8930,-15.1920,1.7120,1.9660,8.3180
2014.50959,2014-07-05,-137.7780,371.6910,-16.7820,1.7100,1.8930,8.3100
2014.51233,2014-07-06,-139.1440,392.7130,31.9590,1.6630,2.4230,8.3380
2014.51507,2014-07-07,-144.0720,357.7220,18.8200,1.8120,1.7810,8.8750
2014.51781,2014-07-08,-133.7880,366.7330,4.4680,1.7210,1.7180,8.4210
2014.52055,2014-07-09,-139.9780,377.8530,14.1360,1.6290,1.6750,8.0860
2014.52329,2014-07-10,-138.1600,372.6970,10.6630,1.6740,1.7500,8.4320
2014.52603,2014-07-11,-127.8480,416.6480,87.9180,1.7520,1.9050,8.2660
2014.52877,2014-07-12,-139.1150,384.4220,25.9110,1.7050,1.9900,8.2370
2014.53151,2014-07-13,-136.3600,372.7110,34.6310,1.5770,1.5820,7.3480
2014.53425,2014-07-14,-138.7840,376.4190,48.9070,1.5930,1.6860,7.4750
2014.53699,2014-07-15,-135.4890,371.8360,31.8830,1.6170,1.6020,7.6160
2014.53973,2014-07-16,-134.8610,382.9620,-10.5070,1.6640,2.0190,7.7600
2014.54247,2014-07-17,-136.3700,393.0770,55.0220,1.7280,2.1970,8.5840
2014.54521,2014-07-18,-127.1720,385.7980,-14.4520,1.7010,1.9670,8.6700
2014.54795,2014-07-19,-133.0080,399.3800,23.0260,1.7350,1.9130,8.4810
2014.55068,2014-07-20,-137.7570,376.4790,-0.2860,1.7030,1.9100,7.8910
2014.55342,2014-07-21,-137.7240,376.5160,2.6920,1.6520,1.8520,8.2560
2014.55616,2014-07-22,-129.7540,401.8310,10.0280,2.0190,3.0460,9.9460
2014.55890,2014-07-23,-131.3090,355.6870,-100.0050,2.1800,2.1920,11.4060
2014.56164,2014-07-24,-128.7750,372.3450,-28.3730,1.7300,1.7900,8.8710
2014.56438,2014-07-25,-132.2230,410.0800,18.7820,1.6590,2.1960,8.1100
2014.56712,2014-07-26,-133.7810,380.6520,-36.2810,1.6570,1.8730,7.8340
2014.56986,2014-07-27,-137.4190,370.7180,-12.2550,1.7200,1.7010,7.9300
2014.57260,2014-07-28,-128.9900,401.3510,34.3530,1.8270,2.5030,9.3520
2014.57534,2014-07-29,-135.3670,371.8670,7.6260,1.6660,1.7660,8.0760
2014.57808,2014-07-30,-128.9360,398.8740,47.9560,1.8250,2.2090,9.2770
2014.58082,2014-07-31,-133.0610,376.5000,-14.7950,1.8930,1.8770,9.6910
2014.58356,2014-08-01,-133.0310,392.8580,3.2430,1.9110,1.9620,8.9190
2014.58630,2014-08-02,-127.7510,376.5980,8.9170,1.7880,1.8940,9.4150
2014.59178,2014-08-04,-139.5210,458.2590,86.1520,3.2220,3.7430,15.2430
2014.59452,2014-08-05,-118.9940,379.9210,-75.9290,3.2450,3.5890,16.9910
2014.59726,2014-08-06,-104.7770,372.9060,-101.5520,5.1500,5.0720,24.8090
2014.60000,2014-08-07,-123.0280,469.9060,-14.6910,3.0550,2.5160,13.2240
2014.60274,2014-08-08,-129.1760,445.7570,-89.1920,2.5060,2.3410,11.4440
2014.60548,2014-08-09,-136.5000,387.5550,-69.6120,1.8990,2.1730,10.7890
2014.60822,2014-08-10,-133.2820,395.0920,63.4670,1.9120,1.8320,9.0040
2014.61096,2014-08-11,-136.8050,377.3980,-32.0290,1.8440,1.8780,8.8310
2014.61370,2014-08-12,-129.7770,405.9280,-18.3630,1.8980,2.3180,9.9500
2014.61644,2014-08-13,-135.1760,372.5360,-24.4200,1.9910,1.9590,9.9360
2014.61918,2014-08-14,-120.6530,385.3400,-66.1280,2.0880,2.1860,10.8220
2014.62192,2014-08-15,-136.8600,412.9690,-15.7950,1.9040,2.4010,9.2850
2014.62466,2014-08-16,-137.0590,405.8450,-13.8100,1.8940,2.2130,8.9170
2014.62740,2014-08-17,-141.7460,378.8700,-42.2240,1.9650,2.1620,9.3540
2014.63014,2014-08-18,-127.1470,419.0210,28.7150,2.0070,2.6130,11.0470
2014.63288,2014-08-19,-132.2330,375.3090,-61.1540,1.9520,2.0710,10.1260
2014.63562,2014-08-20,-130.2910,415.4360,-42.7360,2.0260,2.7560,9.9210
2014.63836,2014-08-21,-135.9810,382.4020,-37.8290,1.8600,2.1050,8.7600
2014.64110,2014-08-22,-131.3440,402.5960,-39.4670,1.9280,2.1040,9.9730
2014.64384,2014-08-23,-133.0490,429.9520,-23.4100,1.9680,2.6540,9.6150
2014.64658,2014-08-24,-128.4890,395.4870,-24.8520,1.8240,2.0700,9.5370
2014.64932,2014-08-25,-130.1610,388.6610,-26.9020,1.8740,2.4980,9.0000
2014.65205,2014-08-26,-132.0140,388.9670,-14.0300,1.9780,1.9770,9.2870
2014.65479,2014-08-27,-135.1240,431.2630,-25.3110,1.9650,2.1240,9.1270
2014.65753,2014-08-28,-137.7530,403.4920,-6.1510,1.9660,2.2760,9.4850
2014.66027,2014-08-29,-131.1960,382.3180,-4.2910,1.9870,2.3370,10.0300
2014.66301,2014-08-30,-127.8060,396.2600,-9.4670,1.9500,2.1750,8.9960
2014.66575,2014-08-31,-140.6460,388.2900,9.3920,1.8490,2.1230,9.6550
2014.66849,2014-09-01,-128.4890,380.5830,-53.0450,1.9240,2.2850,10.3620
2014.67123,2014-09-02,-128.9300,396.8500,-34.7020,1.8880,2.3060,9.3980
2014.67397,2014-09-03,-130.3450,391.8950,-40.9290,1.8680,2.2840,9.2140
2014.67671,2014-09-04,-128.4220,402.2560,3.7110,2.0380,2.3460,10.6600
2014.67945,2014-09-05,-129.2380,409.4510,10.6460,2.0410,2.3370,10.6310
2014.68219,2014-09-06,-131.3400,400.9530,-42.9750,1.8590,2.2950,10.1250
2014.68493,2014-09-07,-124.6770,416.3520,-9.5200,1.8400,2.3580,9.0920
2014.68767,2014-09-08,-132.0770,393.3630,-49.7470,1.9460,2.4080,9.5910
2014.69041,2014-09-09,-123.8170,401.9600,-26.6990,1.9120,2.3180,9.5100
2014.69315,2014-09-10,-130.2540,398.4760,-15.9220,1.9180,2.4510,9.9340
2014.69589,2014-09-11,-130.9510,390.6760,-14.9050,1.8750,2.2150,9.7830
2014.69863,2014-09-12,-133.0200,383.2620,-14.0560,1.8390,2.2720,9.6270
2014.70137,2014-09-13,-127.4730,375.0040,-47.1800,1.8630,2.1180,9.1330
2014.70411,2014-09-14,-129.3960,408.0450,-14.7130,2.0470,2.4640,9.5920
2014.70685,2014-09-15,-143.8290,389.9580,-45.4050,1.9320,2.5510,9.8230
2014.70959,2014-09-16,-128.4560,431.3940,19.8470,1.9330,2.1910,8.8310
2014.71233,2014-09-17,-134.2270,409.2840,0.9290,2.0370,2.6780,10.4100
2014.71507,2014-09-18,-128.9510,411.2230,-22.2170,1.9670,2.1990,9.5600
2014.71781,2014-09-19,-123.7690,393.7280,-20.2990,1.8930,2.3150,9.5600
2014.72055,2014-09-20,-139.9200,378.2710,-15.4970,1.9850,2.0820,9.7300
2014.72329,2014-09-21,-127.8930,364.5970,-50.6260,1.9150,2.0660,10.2830
2014.72603,2014-09-22,-134.4200,369.3120,-24.4060,1.8110,1.8440,8.8870
2014.72877,2014-09-23,-131.8770,388.1700,-30.0090,1.9590,2.4340,9.1300
2014.73151,2014-09-24,-131.3510,387.6150,-12.8200,1.7930,1.9720,8.4160
2014.73425,2014-09-25,-129.9380,384.9620,-12.6050,1.8170,2.1870,9.1850
2014.73699,2014-09-26,-130.6340,383.6070,-11.5950,1.9210,2.4070,10.0710
2014.73973,2014-09-27,-126.9070,383.6020,-39.8440,1.8500,2.4450,10.2330
2014.74247,2014-09-28,-128.1230,384.7920,-1.5060,1.9370,2.2490,9.5390
2014.74521,2014-09-29,-130.4890,391.8340,-20.7260,1.7970,2.0740,8.6690
2014.74795,2014-09-30,-134.8130,379.1570,-6.5860,1.7630,1.8510,8.4830
2014.75068,2014-10-01,-131.7810,394.2430,-8.6110,1.9670,2.4810,9.6540
2014.75342,2014-10-02,-125.1160,377.9480,-48.2480,2.0470,2.7100,10.8660
2014.75616,2014-10-03,-122.2780,433.8590,32.1120,2.4860,2.8820,13.6390
2014.75890,2014-10-04,-125.9910,416.7040,67.0310,2.4690,3.0690,13.3420
2014.76164,2014-10-05,-116.8190,420.1190,16.7340,2.2350,2.6600,11.1640
2014.76438,2014-10-06,-126.9010,422.1190,84.5260,2.3200,2.7010,12.5690
2014.76712,2014-10-07,-117.6760,400.4690,9.0570,2.0520,2.4850,11.1870
2014.76986,2014-10-08,-124.3910,401.7250,-17.5780,2.0120,2.5060,11.2040
2014.77260,2014-10-09,-122.8820,397.0920,30.2120,2.1030,2.6330,11.4340
2014.77534,2014-10-10,-122.8700,378.7790,-10.2150,2.0780,2.3920,11.4110
2014.77808,2014-10-11,-126.2330,390.5050,12.7110,1.9520,2.3190,11.0060
2014.78082,2014-10-12,-122.9540,391.5550,15.1510,1.7750,2.7440,10.3340
2014.78356,2014-10-13,-120.6380,396.9480,33.8590,1.8390,2.3490,9.9680
2014.78630,2014-10-14,-116.7730,407.7470,4.3510,1.7680,2.3840,9.1990
2014.78904,2014-10-15,-126.0570,382.7130,-4.6660,1.7690,2.2030,9.2190
2014.79178,2014-10-16,-120.8690,369.6800,-72.1810,1.6500,1.9720,8.7660
2014.79452,2014-10-17,-122.1500,405.2450,-4.3050,1.7030,2.1590,8.8250
2014.79726,2014-10-18,-130.7140,396.7420,-17.3620,1.8040,2.1630,9.2720
2014.80000,2014-10-19,-127.4870,362.2050,-52.5740,1.6160,1.6100,7.6410
2014.80274,2014-10-20,-128.2490,391.8570,7.8660,1.7240,1.8960,8.5440
2014.80548,2014-10-21,-136.4700,387.4180,-54.5490,1.7320,2.0620,8.4860
2014.80822,2014-10-22,-131.1500,420.6740,6.6500,1.9460,2.2590,9.7480
2014.81096,2014-10-23,-139.0520,390.2990,-4.0860,1.8240,2.2710,9.4400
2014.81370,2014-10-24,-128.4230,379.0930,-40.0050,1.6160,2.2010,8.0300
2014.81644,2014-10-25,-124.3170,375.5330,-29.5880,1.6040,1.7330,7.8460
2014.81918,2014-10-26,-128.9790,369.8290,-19.5390,1.6100,1.6880,8.0730
2014.82192,2014-10-27,-124.1690,390.7780,-35.8720,1.8220,2.3000,9.5680
2014.82466,2014-10-28,-131.3220,386.5850,-5.7930,1.6790,1.9860,9.0840
2014.82740,2014-10-29,-123.0900,373.3370,-54.9780,1.6290,1.7410,8.1030
2014.83014,2014-10-30,-127.3480,381.2180,-27.0960,1.6650,2.0240,8.2850
2014.83288,2014-10-31,-129.6680,379.2690,-33.6310,1.6560,1.7870,7.9150
2014.83562,2014-11-01,-132.0500,374.4850,-20.0320,1.6530,1.6240,7.7340
2014.83836,2014-11-02,-133.5670,397.8850,-36.5010,1.8570,2.2570,9.9630
2014.84110,2014-11-03,-132.2910,371.1280,-33.0210,1.7430,1.9130,9.5430
2014.84384,2014-11-04,-129.7470,372.2320,-40.6900,1.5870,1.7380,8.4050
2014.84658,2014-11-05,-124.7180,382.4960,13.5100,1.6450,1.6910,8.0240
2014.84932,2014-11-06,-126.9610,376.5210,-25.7720,1.7670,1.6300,8.0150
2014.85205,2014-11-07,-128.9470,385.7550,-44.1300,1.6010,1.9040,8.3790
2014.85479,2014-11-08,-132.7000,372.8650,-27.8580,1.6630,1.7520,8.4390
2014.85753,2014-11-09,-128.6410,371.8740,-32.5290,1.6320,1.5400,7.5640
2014.86027,2014-11-10,-123.6120,374.0300,-20.0540,1.7430,1.8200,8.7700
2014.86301,2014-11-11,-132.2980,375.9680,-50.2710,1.7000,1.7690,8.6090
2014.86575,2014-11-12,-128.5290,374.4700,-24.1410,1.6730,1.7850,8.8370
2014.86849,2014-11-13,-131.6010,364.4330,-24.9330,1.6960,1.5720,7.9390
2014.87123,2014-11-14,-125.6370,380.1910,-10.1010,1.6650,1.8300,8.0470
2014.87397,2014-11-15,-129.4430,378.1870,20.3740,1.6750,1.7240,8.4510
2014.87671,2014-11-16,-132.5430,371.7190,-51.1800,1.6880,1.8520,9.2380
2014.87945,2014-11-17,-131.3160,378.9710,20.7180,2.0790,2.2220,11.0150
2014.88219,2014-11-18,-129.6140,374.9140,-6.1150,1.7380,1.6400,7.9540
2014.88493,2014-11-19,-126.3140,380.7800,8.2520,1.6390,1.8840,8.3720
2014.88767,2014-11-20,-130.8440,382.1500,16.5300,1.6020,1.6780,7.7070
2014.89041,2014-11-21,-128.8690,375.7920,0.9720,1.6780,1.7400,8.8490
2014.89315,2014-11-22,-132.5880,381.4940,1.8480,1.7360,1.7460,8.1820
2014.89589,2014-11-23,-137.2540,387.9590,35.8490,1.6390,1.5680,7.5540
2014.89863,2014-11-24,-132.0990,373.2660,-2.1290,1.6260,1.4960,7.2850
2014.90137,2014-11-25,-127.7090,370.8320,-8.1100,1.5890,1.4990,7.4530
2014.90411,2014-11-26,-125.5300,377.1310,-24.2210,1.5850,1.5180,7.1200
2014.90685,2014-11-27,-126.4040,367.9110,0.9090,1.4780,1.3660,6.4630
2014.90959,2014-11-28,-133.4120,379.0200,-15.6670,1.5070,1.5320,6.6810
2014.91233,2014-11-29,-129.2860,374.3980,-6.8330,1.5710,1.4640,6.9720
2014.91507,2014-11-30,-126.3410,375.1170,19.0840,1.6690,1.6430,7.8970
2014.91781,2014-12-01,-127.5690,371.2280,-42.6920,1.8140,1.9780,9.8110
2014.92055,2014-12-02,-133.4050,369.7550,-7.4710,1.5660,1.3890,6.6830
2014.92329,2014-12-03,-127.0190,363.5720,-52.8660,1.6400,1.6780,8.5940
2014.92603,2014-12-04,-123.8510,364.8590,-21.7370,1.8820,1.8730,9.4960
2014.92877,2014-12-05,-123.4740,375.7730,-35.5140,1.7040,2.0080,8.8140
2014.93151,2014-12-06,-130.6450,380.9910,4.1480,1.5720,1.4310,6.6690
2014.93425,2014-12-07,-129.0380,373.6180,-5.1220,1.5430,1.3750,6.6780
2014.93699,2014-12-08,-125.2890,374.6610,-10.1420,1.6280,1.3950,7.0720
2014.93973,2014-12-09,-134.4670,374.9350,-30.7420,1.5980,1.4460,6.9710
2014.94247,2014-12-10,-129.3930,375.1450,-13.1960,1.6750,1.6690,8.0530
2014.94521,2014-12-11,-136.1760,376.4090,12.1160,1.7580,1.9240,9.3920
2014.94795,2014-12-12,-133.5490,375.0720,-17.0980,1.7670,1.8660,9.4020
2014.95068,2014-12-13,-132.9740,377.1940,2.4390,1.6620,1.5740,7.7100
2014.95342,2014-12-14,-132.2910,368.9040,-10.7680,1.6240,1.3780,7.0380
2014.95616,2014-12-15,-126.9410,374.8610,-3.8010,1.6120,1.4890,7.2380
2014.95890,2014-12-16,-133.3070,379.6960,-11.1880,1.9230,1.9820,9.9910
2014.96164,2014-12-17,-133.6510,376.2570,29.6000,1.7300,1.7820,8.8210
2014.96438,2014-12-18,-126.8920,374.1890,-12.7900,1.5420,1.3340,6.5770
2014.96712,2014-12-19,-134.8620,374.3310,-27.9230,1.6720,1.6000,7.6930
2014.96986,2014-12-20,-134.5250,379.8250,-9.7910,1.6710,1.5600,7.4930
2014.97260,2014-12-21,-134.6460,378.5150,-20.0600,1.8220,1.8790,9.1250
2014.97534,2014-12-22,-135.5270,380.3490,2.3870,1.6010,1.5720,7.3990
2014.97808,2014-12-23,-133.5200,373.6920,-21.3340,1.4920,1.3410,6.5190
2014.98082,2014-12-24,-133.9850,378.2740,-4.5010,1.6140,1.4090,6.8410
2014.98356,2014-12-25,-138.7690,377.3250,-47.6480,1.7250,1.5290,7.9040
2014.98630,2014-12-26,-136.7710,378.3520,-21.3150,1.5850,1.4400,6.8480
2014.98904,2014-12-27,-132.5840,379.8860,-28.2400,1.6720,1.8060,8.1990
2014.99178,2014-12-28,-126.8800,378.2210,0.6100,1.6420,1.5540,7.5740
2014.99452,2014-12-29,-126.5390,382.3780,7.9130,1.6560,1.6510,7.3520
2014.99726,2014-12-30,-132.8100,375.4420,-25.0970,1.4670,1.4500,6.5360
2015.00000,2014-12-31,-132.1040,384.4390,15.0650,1.6380,1.5310,7.3770
2015.00274,2015-01-01,-129.2770,376.9010,-11.2700,1.7130,1.8700,8.9180
2015.00548,2015-01-02,-133.8630,374.0140,-24.4530,1.4990,1.4440,6.8090
2015.00822,2015-01-03,-131.0010,381.3830,-2.8210,1.5610,1.5010,6.7950
2015.01096,2015-01-04,-132.1630,374.3540,-23.4370,1.5530,1.4580,6.6130
2015.01370,2015-01-05,-134.1680,376.2450,-7.2730,1.5970,1.5710,7.1080
2015.01644,2015-01-06,-127.8580,375.2680,9.4160,1.6600,1.4700,7.0970
2015.01918,2015-01-07,-134.3780,372.9320,-10.3220,1.7380,1.8900,9.3190
2015.02192,2015-01-08,-129.2750,376.5870,3.0540,1.6830,1.4750,7.0470
2015.02466,2015-01-09,-129.5190,374.7250,-27.8980,1.5980,1.5280,7.1450
2015.02740,2015-01-10,-137.1700,380.7350,-7.1570,1.5930,1.5200,7.2090
2015.03014,2015-01-11,-136.1350,379.9580,5.8610,1.5760,1.4140,6.7560
2015.03288,2015-01-12,-133.3610,375.8270,-22.5420,1.5610,1.5180,6.9440
2015.03562,2015-01-13,-133.2740,376.7250,-26.8650,1.6320,1.4590,7.1860
2015.03836,2015-01-14,-131.8950,381.7660,3.8310,1.6450,1.5620,7.6350
2015.04110,2015-01-15,-129.1940,383.6220,-9.0420,1.5990,1.9650,7.6110
2015.04384,2015-01-16,-135.7640,375.4890,7.4780,1.6630,1.5870,7.1980
2015.04658,2015-01-17,-135.8400,380.5990,-22.5460,1.6010,1.5720,7.2730
2015.04932,2015-01-18,-136.3020,375.2030,-17.9360,1.5710,1.4930,7.1490
2015.05205,2015-01-19,-126.1710,390.2190,24.5390,1.5550,1.6880,7.0710
2015.05479,2015-01-20,-133.4700,376.7760,-10.4270,1.5530,1.4100,6.6720
2015.05753,2015-01-21,-136.9180,380.8520,-1.6060,1.5600,1.4350,6.4990
2015.06027,2015-01-22,-129.1540,375.3920,-19.4980,1.5270,1.5340,7.3610
2015.06301,2015-01-23,-137.2740,378.3300,-27.8940,1.5890,1.4370,7.2030
2015.06575,2015-01-24,-136.8820,379.3300,-23.5590,1.7350,1.6800,7.5480
2015.06849,2015-01-25,-156.9750,365.1640,-44.5620,6.3040,6.0370,17.4540
2015.07123,2015-01-26,-129.5060,375.3990,-31.9000,1.7530,1.6840,7.9930
2015.07397,2015-01-27,-139.7500,376.9460,-14.6590,1.5880,1.5310,7.3690
2015.07671,2015-01-28,-139.1600,377.3170,-21.8160,1.6060,1.5370,7.1070
2015.07945,2015-01-29,-135.5610,381.2600,-13.8250,1.5580,1.4860,6.8470
2015.08219,2015-01-30,-132.9000,378.4140,-3.9590,1.5780,1.5290,7.0650
2015.08493,2015-01-31,-135.1040,380.8360,4.5830,1.5720,1.5480,7.1310
2015.08767,2015-02-01,-138.9950,377.6890,-25.2060,1.5270,1.4610,7.0170
2015.09041,2015-02-02,-134.9900,374.9090,-42.7340,1.5400,1.4560,6.9380
2015.09315,2015-02-03,-130.1370,373.2200,-35.1670,1.6580,1.5340,7.4730
2015.09589,2015-02-04,-139.9790,377.3410,-37.3580,1.6390,1.6250,7.9180
2015.09863,2015-02-05,-130.0370,380.5450,-22.2570,1.6290,1.6090,7.5240
2015.10137,2015-02-06,-130.6070,378.5500,-9.2550,1.5680,1.5470,7.2370
2015.10411,2015-02-07,-135.2560,377.0440,-44.2980,1.6010,1.5220,7.3690
2015.10685,2015-02-08,-132.2890,376.5450,-26.6210,1.7110,1.7910,8.9440
2015.10959,2015-02-09,-138.8570,382.2560,-22.6440,1.7050,1.5660,7.6320
2015.11233,2015-02-10,-130.4540,381.0630,-21.6320,1.6340,1.5700,7.2010
2015.11507,2015-02-11,-128.6580,383.5840,-2.3440,1.5350,1.4610,7.0520
2015.11781,2015-02-12,-134.3330,387.7870,0.6050,1.5690,1.7140,7.1770
2015.12055,2015-02-13,-130.8920,385.6250,-24.9160,1.6450,1.5990,7.2130
2015.12329,2015-02-14,-132.2560,382.6520,-8.8920,1.6330,1.4710,7.1680
2015.12603,2015-02-15,-133.6490,382.2040,-8.9600,1.6140,1.5670,7.4990
2015.12877,2015-02-16,-132.3260,380.0490,-23.1900,1.6060,1.6140,7.3120
2015.13151,2015-02-17,-135.3920,377.7920,-36.4550,1.4560,1.4190,6.6620
2015.13425,2015-02-18,-140.7090,384.2710,-42.3800,1.5540,1.5530,7.0290
2015.13699,2015-02-19,-133.0090,382.1250,-21.4190,1.5800,1.6060,7.3870
2015.13973,2015-02-20,-139.1770,381.0770,-43.3930,1.5520,1.5130,7.1450
2015.14247,2015-02-21,-133.3540,381.2450,-42.6690,1.5560,1.5560,7.0360
2015.14521,2015-02-22,-135.9800,386.5120,-14.9910,1.5190,1.4420,6.8460
2015.14795,2015-02-23,-131.5200,382.2900,-30.8910,1.5160,1.4570,6.9910
2015.15068,2015-02-24,-135.1070,379.6020,-26.3590,1.5350,1.5120,7.1780
2015.15342,2015-02-25,-134.8090,383.2480,1.0610,1.5140,1.4460,6.9190
2015.15616,2015-02-26,-133.8630,382.0450,-13.5890,1.5170,1.5110,7.0180
2015.15890,2015-02-27,-132.9900,391.3790,-36.7640,1.6780,1.8650,8.6300
2015.16164,2015-02-28,-133.5010,381.7170,-34.9250,1.6350,1.7650,8.2040
2015.16438,2015-03-01,-136.7770,378.3360,-10.1220,1.6070,1.5740,7.7170
2015.16712,2015-03-02,-138.5400,376.2930,-41.2890,1.5580,1.5870,7.8540
2015.16986,2015-03-03,-130.9260,382.5830,-18.0150,1.6150,1.8060,7.5360
2015.17260,2015-03-04,-138.1400,376.5930,3.5910,1.8920,1.5750,8.1960
2015.17534,2015-03-05,-133.0270,404.0840,6.0440,1.7640,2.1760,8.8730
2015.17808,2015-03-06,-127.6580,377.4170,-31.8610,1.6110,1.6590,8.0230
2015.18082,2015-03-07,-135.3750,383.0270,-22.2920,1.5660,1.6270,8.1630
2015.18356,2015-03-08,-132.7330,385.2770,-4.8280,1.5590,1.5680,7.5630
2015.18630,2015-03-09,-130.1660,395.0280,-33.4420,1.6740,1.9610,9.1850
2015.18904,2015-03-10,-133.4500,393.0140,-6.3990,1.6810,1.8400,8.3990
2015.19178,2015-03-11,-139.8290,387.5110,-39.5230,1.6880,1.7160,8.5810
2015.19452,2015-03-12,-134.7830,397.7260,-8.1930,1.6150,1.8770,8.4160
2015.19726,2015-03-13,-138.3620,385.9940,-40.9020,1.7370,1.9250,9.4130
2015.20000,2015-03-14,-145.7250,392.1420,-45.2240,1.7570,1.8350,8.6390
2015.20274,2015-03-15,-140.6770,388.3530,-17.3210,1.6430,1.8750,8.5290
2015.20548,2015-03-16,-137.4460,392.4180,13.9890,1.8280,2.0770,9.1200
2015.20822,2015-03-17,-135.5960,388.7910,9.4110,1.6450,1.7210,8.1800
2015.21096,2015-03-18,-146.2020,384.4360,-5.6480,1.7210,1.7790,8.3050
2015.21370,2015-03-19,-132.8880,384.0960,-21.0440,1.6600,1.8040,8.7230
2015.21644,2015-03-20,-137.5600,379.4780,-41.0640,1.6710,1.7430,8.6280
2015.21918,2015-03-21,-133.1430,391.8980,-0.6090,1.8490,1.9960,9.1350
2015.22192,2015-03-22,-132.8150,390.4220,12.1120,1.7970,1.6130,8.1820
2015.22466,2015-03-23,-146.4950,392.6690,-21.9240,1.8890,2.0660,10.0480
2015.22740,2015-03-24,-137.9220,398.6500,-5.7410,1.7990,2.0140,9.5020
2015.23014,2015-03-25,-130.1950,402.0220,28.8010,1.8040,2.1500,9.2680
2015.23288,2015-03-26,-138.0740,387.8400,-8.0330,1.6090,1.5470,7.9320
2015.23562,2015-03-27,-145.3190,384.0220,-47.4740,1.7730,1.7700,8.7530
2015.23836,2015-03-28,-137.4480,394.9460,23.8170,1.8120,1.9200,9.2760
2015.24110,2015-03-29,-141.0650,395.9830,0.8990,1.6780,2.0260,8.4730
2015.24384,2015-03-30,-129.2720,394.6390,4.2890,1.7380,2.0290,8.6780
2015.24658,2015-03-31,-132.2530,403.1320,-25.9850,1.8480,2.3770,9.0600
2015.24932,2015-04-01,-137.3460,389.1120,-12.2400,1.7780,1.9620,9.1380
2015.25205,2015-04-02,-138.6990,395.2300,12.3630,1.9010,2.1070,9.3270
2015.25479,2015-04-03,-143.4540,392.0910,-23.4210,1.8570,1.9290,8.8760
2015.25753,2015-04-04,-134.7230,406.6800,32.4000,1.8320,2.1620,9.1670
2015.26027,2015-04-05,-126.5840,408.0160,22.5390,1.8260,2.5540,8.9550
2015.26301,2015-04-06,-128.3170,389.8030,-13.5380,2.0810,2.2150,10.5090
2015.26575,2015-04-07,-121.6470,393.4650,63.6710,2.3750,2.4870,11.8190
2015.26849,2015-04-08,-119.3370,433.8040,47.2020,2.2790,2.9980,10.9640
2015.27123,2015-04-09,-129.5480,387.2300,8.4710,1.8480,1.9480,9.7610
2015.27397,2015-04-10,-128.6360,393.8740,41.2770,2.1750,2.3410,11.1200
2015.27671,2015-04-11,-122.5540,386.2820,-19.3460,2.0430,2.0170,10.0550
2015.27945,2015-04-12,-129.1290,394.0760,12.4930,1.8380,2.0440,9.4090
2015.28219,2015-04-13,-132.1110,408.3910,4.0520,1.9530,2.6990,9.3720
2015.28493,2015-04-14,-139.5990,405.5200,16.8150,1.8090,2.3610,8.8700
2015.28767,2015-04-15,-133.9140,402.8520,33.6850,1.9610,2.3660,9.6290
2015.29041,2015-04-16,-133.0110,398.6570,9.6200,1.8810,2.3400,9.0940
2015.29315,2015-04-17,-127.4200,394.5510,5.3900,1.7200,2.0550,8.9560
2015.29589,2015-04-18,-132.9490,394.1290,10.5160,1.8890,2.0210,10.0900
2015.29863,2015-04-19,-133.2360,386.0170,-9.5250,1.9540,1.8120,9.3950
2015.30137,2015-04-20,-133.0060,416.0700,11.9820,2.0140,2.4070,9.1420
2015.30411,2015-04-21,-138.4290,408.5300,25.2120,1.9400,2.4610,10.0580
2015.30685,2015-04-22,-133.5250,398.6210,-7.1070,1.8930,2.1770,10.2500
2015.30959,2015-04-23,-131.8790,394.2860,-11.7080,1.6810,2.1500,9.9250
2015.31233,2015-04-24,-133.4250,401.4580,15.4240,1.7260,2.3320,9.7780
2015.31507,2015-04-25,-137.3390,413.5700,-6.0500,1.7970,2.3740,9.6540
2015.31781,2015-04-26,-137.8890,417.3120,3.9980,1.7050,1.9840,8.5400
2015.32055,2015-04-27,-137.0920,395.5840,-20.1410,1.6350,1.6860,7.8870
2015.32329,2015-04-28,-134.5460,401.7190,-9.3760,1.6090,2.3790,8.5800
2015.32603,2015-04-29,-133.4570,396.0350,1.6510,1.5690,1.8680,8.3270
2015.32877,2015-04-30,-140.5000,405.6450,-32.1690,1.7210,2.3340,9.6230
2015.33151,2015-05-01,-146.3840,413.2360,-11.7250,1.6130,1.8990,8.0630
2015.33425,2015-05-02,-141.8080,387.6980,-46.4720,1.5890,1.8000,8.4350
2015.33699,2015-05-03,-143.4350,404.8220,-40.8730,1.6580,1.8150,8.3030
2015.33973,2015-05-04,-139.0770,398.0760,-15.7540,1.7070,2.1600,9.0380
2015.34247,2015-05-05,-149.3300,382.5330,-42.6260,1.7120,1.7220,8.8420
2015.34521,2015-05-06,-140.5120,414.7340,3.9790,1.6660,2.3210,8.7820
2015.34795,2015-05-07,-136.0470,440.8280,-17.6720,1.5890,1.9790,8.5220
2015.35068,2015-05-08,-138.1020,417.1350,24.2510,1.7160,1.9850,8.5720
2015.35342,2015-05-09,-140.1670,398.0840,-18.8120,1.6190,2.0650,8.2720
2015.35616,2015-05-10,-133.8460,401.8610,-19.8190,1.6540,1.9300,9.0250
2015.35890,2015-05-11,-141.8480,397.5640,-17.4700,1.7200,1.8280,8.3750
2015.36164,2015-05-12,-130.6830,433.1650,20.6330,1.8450,2.6360,9.9230
2015.36438,2015-05-13,-132.2470,406.7540,-24.2920,1.8370,2.2610,10.0250
2015.36712,2015-05-14,-143.0650,417.7690,-6.5230,1.6830,2.0780,8.4350
2015.36986,2015-05-15,-143.5250,406.3880,-18.6560,1.7440,2.0700,8.5900
2015.37260,2015-05-16,-137.1120,418.7230,25.2160,1.7240,2.8720,8.7830
2015.37534,2015-05-17,-141.3000,399.0150,-12.7620,1.6830,1.9930,8.1690
2015.37808,2015-05-18,-141.5140,405.2730,-42.5570,1.6280,1.7560,8.3370
2015.38082,2015-05-19,-139.0910,404.0700,-41.2980,1.6110,2.2670,8.6560
2015.38356,2015-05-20,-148.5270,387.1250,-69.0490,1.9260,1.9990,10.5180
2015.38630,2015-05-21,-144.4500,392.2590,-22.4340,1.7710,1.9910,9.8780
2015.38904,2015-05-22,-147.8530,393.3560,-5.4890,1.7690,1.9310,9.3950
2015.39178,2015-05-23,-137.8260,388.0310,-44.8260,1.9260,2.2340,10.5900
2015.39452,2015-05-24,-150.1840,393.1050,-64.2750,1.8390,2.0120,9.9030
2015.39726,2015-05-25,-142.0230,384.2170,-60.4310,1.8350,2.1290,10.6490
2015.40000,2015-05-26,-148.5540,382.5410,-90.5580,1.9750,2.2130,10.8320
2015.40274,2015-05-27,-142.9460,389.8630,-56.1980,1.7190,1.8050,9.0790
2015.40548,2015-05-28,-146.6790,397.9760,18.2180,1.8750,2.0790,10.7470
2015.40822,2015-05-29,-131.9570,426.2630,23.2620,1.8420,2.5840,10.4550
2015.41096,2015-05-30,-139.2260,422.8080,30.4720,1.9390,2.5250,10.1760
2015.41370,2015-05-31,-146.9140,413.6350,-30.7010,1.9590,2.3000,9.4670
2015.41644,2015-06-01,-143.7800,412.6680,-61.4390,1.7470,2.1880,9.0650
2015.41918,2015-06-02,-134.9840,408.0630,-27.0140,1.7870,2.4560,9.9310
2015.42192,2015-06-03,-141.3790,423.7210,-36.3920,1.7750,2.3100,9.7170
2015.42466,2015-06-04,-141.8680,415.5940,-72.6690,1.7580,2.2030,9.2480
2015.42740,2015-06-05,-135.8730,387.2020,-100.8350,1.7650,2.4550,9.9350
2015.43014,2015-06-06,-135.4910,393.5750,-29.7330,1.9460,1.9620,9.4710
2015.43288,2015-06-07,-146.3430,432.6420,-57.0620,2.1160,2.8770,10.5470
2015.43562,2015-06-08,-133.6220,431.7430,-56.7140,1.9510,2.6560,10.6000
2015.43836,2015-06-09,-141.4520,403.8220,-93.4330,1.9800,2.6660,10.0060
2015.44110,2015-06-10,-135.5170,382.4400,-76.4060,1.9930,2.7070,11.3100
2015.44384,2015-06-11,-117.7430,453.2880,0.8850,2.3700,2.5410,12.4600
2015.44658,2015-06-12,-139.6230,421.5550,-47.5670,2.0800,2.7230,11.7060
2015.44932,2015-06-13,-139.3640,420.7110,-13.5600,2.1420,3.0380,11.0680
2015.45205,2015-06-14,-149.1310,436.0190,-45.1250,2.0040,2.8630,10.4890
2015.45479,2015-06-15,-131.2030,440.0880,11.6680,2.1860,2.5200,10.8890
2015.45753,2015-06-16,-142.6520,436.0730,-16.2910,2.0110,2.6390,10.0860
2015.46027,2015-06-17,-146.3840,448.9550,6.0510,2.1360,2.9250,10.9520
2015.46301,2015-06-18,-134.3840,430.9850,-19.1350,2.0620,2.4580,10.3740
2015.46575,2015-06-19,-143.5160,427.7110,-18.2190,2.3300,2.9210,11.2570
2015.46849,2015-06-20,-145.2060,449.7690,-69.0260,2.1290,2.5630,10.1650
2015.47123,2015-06-21,-146.5040,406.4820,-24.7040,2.1240,2.5870,10.3650
2015.47397,2015-06-22,-135.1040,472.0990,28.0410,2.3540,2.6150,12.7250
2015.47671,2015-06-23,-148.2350,472.7240,-16.5120,2.5250,2.6840,12.4800
2015.47945,2015-06-24,-136.2570,477.4490,32.1400,2.1960,2.3350,11.1230
2015.48219,2015-06-25,-147.7950,461.8700,20.3860,2.3850,2.9930,12.3140
2015.48493,2015-06-26,-138.8470,437.5600,35.3350,2.1750,2.4790,10.0130
2015.48767,2015-06-27,-133.9320,464.7820,20.8390,2.1310,2.4270,10.3960
2015.49041,2015-06-28,-139.6000,428.7200,30.7300,2.2950,2.6230,10.4490
2015.49315,2015-06-29,-135.4620,419.2890,-11.0000,2.2570,2.7690,12.4060
2015.49589,2015-06-30,-142.3110,436.4250,26.4440,2.1850,2.9560,10.7370
2015.49863,2015-07-01,-132.2130,469.7840,43.6330,2.5170,2.5790,13.0390
2015.50137,2015-07-02,-132.0700,460.2080,15.2390,2.1900,2.3900,10.3620
2015.50411,2015-07-03,-137.9330,455.7470,38.1740,2.1710,2.2940,10.2360
2015.50685,2015-07-04,-132.0960,425.0300,14.1910,2.2590,2.4950,10.9170
2015.50959,2015-07-05,-140.9970,385.3650,-55.7100,2.3740,2.1470,10.6170
2015.51233,2015-07-06,-145.8780,417.0210,24.5790,2.2010,3.0030,11.5640
2015.51507,2015-07-07,-146.3320,389.1540,-60.0970,2.2860,2.1490,11.9150
2015.51781,2015-07-08,-146.4990,400.1890,-20.0990,2.4790,2.2620,11.0680
2015.52055,2015-07-09,-126.4080,486.6180,120.2250,2.9510,2.9840,14.7580
2015.52329,2015-07-10,-138.2410,395.6530,22.6290,2.4190,2.6390,14.0250
2015.52603,2015-07-11,-141.6840,422.8290,0.0150,2.4450,2.9560,12.3190
2015.52877,2015-07-12,-138.2780,453.1960,28.2120,2.5940,3.4020,13.9610
2015.53151,2015-07-13,-143.2890,438.7490,-12.6850,2.2460,2.9340,10.9520
2015.53425,2015-07-14,-149.6550,421.8540,-22.1420,2.1650,2.9470,11.6880
2015.53699,2015-07-15,-146.9460,445.4600,41.6920,2.1000,2.7150,10.6000
2015.53973,2015-07-16,-140.6220,468.8540,52.8740,2.3080,2.2440,10.0900
2015.54247,2015-07-17,-155.6400,438.7940,8.4230,2.3840,2.7580,12.4800
2015.54521,2015-07-18,-143.7180,436.4270,12.2130,2.2690,2.7290,10.6430
2015.54795,2015-07-19,-144.8120,439.4780,-5.8800,2.6540,3.6190,14.1220
2015.55068,2015-07-20,-149.4260,445.8420,32.9360,2.6360,2.8320,12.1940
2015.55342,2015-07-21,-142.9400,442.1290,57.6050,2.7100,3.5100,12.7980
2015.55616,2015-07-22,-156.3660,418.0460,-24.8600,2.1760,2.7740,10.4030
2015.55890,2015-07-23,-147.7310,471.4850,5.6530,2.5600,2.6700,12.4570
2015.56164,2015-07-24,-151.9000,442.4530,45.4030,2.7100,2.7680,11.6970
2015.56438,2015-07-25,-152.1130,456.3800,70.0610,2.4260,2.3130,10.5820
2015.56712,2015-07-26,-146.5360,481.6980,45.3840,2.3370,2.2360,11.1390
2015.56986,2015-07-27,-148.0680,439.7850,-29.1930,2.6040,2.5820,12.1220
2015.57260,2015-07-28,-158.2490,422.0660,8.9550,2.2910,2.1950,10.6320
2015.57534,2015-07-29,-153.2460,408.1230,-17.0100,2.2970,2.1810,10.9960
2015.57808,2015-07-30,-150.4430,453.5890,37.0170,2.3150,2.7580,12.4580
2015.58082,2015-07-31,-154.4860,456.7580,50.5170,2.4640,2.9160,12.8120
2015.58356,2015-08-01,-159.8730,492.7300,36.1630,2.5040,2.4410,12.1410
2015.58630,2015-08-02,-138.8570,478.0840,36.0330,2.5270,2.2250,11.1590
2015.58904,2015-08-03,-146.4200,467.7990,-41.3050,2.3210,2.3290,11.2770
2015.59178,2015-08-04,-153.6110,480.6050,49.1810,2.4270,2.3350,11.3910
2015.59452,2015-08-05,-148.3800,446.8130,-52.7230,2.5190,3.1960,13.8190
2015.59726,2015-08-06,-149.2420,477.4590,4.7510,2.7340,2.4790,13.9610
2015.60000,2015-08-07,-125.9530,471.0660,-54.8240,4.1880,4.9960,29.6060
2015.60274,2015-08-08,-123.5150,446.3480,-77.4520,2.4950,3.2080,11.5750
2015.60548,2015-08-09,-149.0790,388.5410,-23.7210,1.7680,1.5450,7.7670
2015.60822,2015-08-10,-136.4950,425.7180,-8.3230,1.8090,2.2670,8.4050
2015.61096,2015-08-11,-142.1440,452.3780,38.3680,2.0590,2.4180,10.4960
2015.61370,2015-08-12,-148.8560,411.6630,55.5410,2.1470,2.4620,9.5610
2015.61644,2015-08-13,-138.2630,401.7040,6.9280,2.1880,1.8930,8.8840
2015.61918,2015-08-14,-141.5180,393.5480,-51.3620,1.9920,1.8580,8.3660
2015.62192,2015-08-15,-149.9810,386.1190,-17.2800,2.6460,2.0980,10.7350
2015.62466,2015-08-16,-153.2030,389.6830,-31.1830,1.9930,1.8780,9.3950
2015.62740,2015-08-17,-134.1630,390.9160,3.9600,2.4760,2.4090,11.4110
2015.63014,2015-08-18,-156.2530,393.3020,11.3930,2.0030,1.5840,8.2550
2015.63288,2015-08-19,-155.6210,415.3160,-128.4560,2.2280,2.2730,10.3790
2015.63562,2015-08-20,-151.6750,404.1750,-24.9920,1.9440,2.0620,8.7390
2015.63836,2015-08-21,-147.3230,407.4280,0.7440,1.7650,2.0690,7.9470
2015.64110,2015-08-22,-180.2160,405.1630,-1.7760,2.6520,2.3150,10.6700
2015.64384,2015-08-23,-154.5100,401.7280,-50.0610,2.4100,1.9230,9.9960
2015.64658,2015-08-24,-143.6890,393.7220,-69.2270,2.3150,2.0120,10.3260
2015.64932,2015-08-25,-164.4380,401.7020,18.8980,2.5280,2.3050,11.0130
2015.65479,2015-08-27,-148.9640,406.1290,-56.2150,2.0370,1.8140,8.9930
2015.65753,2015-08-28,-182.4450,439.3220,-132.7310,2.9360,2.9260,11.7390
2015.66027,2015-08-29,-153.2010,407.6920,-36.7430,2.9240,2.3740,13.0140
2015.66301,2015-08-30,-238.0870,438.7400,-20.9810,3.8720,3.0450,13.6170
2015.66575,2015-08-31,-85.5880,351.6670,-300.1710,4.0420,3.3500,13.9730
2015.66849,2015-09-01,-147.8800,433.9680,-40.2610,2.9760,2.8440,13.8080
2015.67123,2015-09-02,-157.7780,410.9310,15.4320,2.3000,1.9970,9.9180
2015.67397,2015-09-03,-141.4130,416.7490,-123.2410,2.5650,2.9040,9.8190
2015.67671,2015-09-04,-204.2020,423.3000,-166.5000,3.8610,3.5030,15.7310
2015.68219,2015-09-06,-205.7700,378.1650,-165.6550,3.9290,3.0600,16.5010
2015.68493,2015-09-07,-139.5970,424.3700,-124.0930,2.9930,2.8390,12.5000
2015.68767,2015-09-08,-102.8950,483.9500,-245.1770,4.3630,3.3130,17.4040
2015.69041,2015-09-09,-153.1110,422.6560,21.5660,3.8800,3.1450,15.4030
2015.69315,2015-09-10,-156.7120,413.1890,-55.4070,2.5890,2.1160,10.6500
2015.69589,2015-09-11,-163.6470,428.6400,-27.1230,2.7650,2.2300,11.3220
2015.69863,2015-09-12,-136.2670,431.3550,-52.3880,2.7940,2.7700,10.7680
2015.70137,2015-09-13,-163.7340,358.5710,100.4360,6.6570,6.8350,26.3550
2015.70685,2015-09-15,-187.9520,429.1270,-181.7200,4.6260,4.0430,19.0030
2015.70959,2015-09-16,-206.7980,388.5660,-325.7050,6.2580,4.3240,18.8300
2015.71233,2015-09-17,-149.7320,416.4930,-0.2490,3.8380,3.3200,14.3540
2015.71507,2015-09-18,-161.1310,461.2770,-8.7300,2.6050,2.2070,11.0400
2015.71781,2015-09-19,-153.5740,429.3040,11.2050,3.2440,2.4960,13.3820
2015.72055,2015-09-20,-157.9950,403.8720,59.1200,3.4490,2.5600,13.6740
2015.72329,2015-09-21,-134.4050,523.9340,112.4200,3.7600,3.2740,16.0020
2015.72603,2015-09-22,-159.0350,447.3650,-35.3070,2.9330,2.5650,13.2120
2015.72877,2015-09-23,-177.0250,445.5990,-44.5540,4.6860,4.1310,16.8320
2015.73151,2015-09-24,-153.3450,423.2880,-126.3360,3.9130,3.1360,15.7430
2015.73425,2015-09-25,-136.4200,500.4610,17.3140,3.9410,2.7680,14.5970
2015.73699,2015-09-26,-118.3340,447.5340,15.8620,4.9400,4.0790,20.8920
2015.73973,2015-09-27,-141.6650,413.5660,-4.0300,3.9610,3.0620,16.8260
2015.74521,2015-09-29,-178.9990,511.1020,-80.3280,3.9370,3.9120,17.2540
2015.74795,2015-09-30,-179.3790,415.5810,-39.4170,4.1390,3.6310,14.8670
2015.75068,2015-10-01,-156.2500,500.0440,-10.7080,3.6170,3.2340,15.5340
2015.75342,2015-10-02,-130.1910,466.2160,-167.2980,4.2030,4.4700,17.3240
2015.75616,2015-10-03,-155.5900,415.7210,3.2090,2.2510,2.3850,10.5850
2015.75890,2015-10-04,-152.2360,406.8900,-72.0420,2.2090,2.1660,10.3020
2015.76164,2015-10-05,-145.6020,409.9770,-2.7740,1.7030,1.7500,7.8030
2015.76438,2015-10-06,-147.7560,403.1590,7.1720,1.7530,1.5690,8.0850
2015.76712,2015-10-07,-148.4470,405.8890,-28.5160,1.8370,1.7880,8.0760
2015.76986,2015-10-08,-153.5970,402.5730,-7.4780,1.9970,1.8700,9.6590
2015.77260,2015-10-09,-145.6400,403.9030,-37.1560,1.8180,1.7130,8.0170
2015.77534,2015-10-10,-143.1680,403.5440,-16.3660,2.2480,1.9470,9.0650
2015.77808,2015-10-11,-141.0040,399.3950,8.5910,1.3420,1.2680,5.8470
2015.78082,2015-10-12,-144.0860,409.5480,-12.4320,1.5870,1.7880,6.8560
2015.78356,2015-10-13,-141.7800,406.0380,-10.5880,1.3950,1.3920,5.7180
2015.78630,2015-10-14,-145.7300,401.5330,-23.6510,1.5020,1.3330,6.6650
2015.78904,2015-10-15,-153.1720,434.2330,-112.9620,2.0950,2.1820,9.5740
2015.79178,2015-10-16,-149.1630,398.7310,-43.3380,1.4810,1.4060,6.1450
2015.79452,2015-10-17,-138.4130,401.5180,-22.3490,1.7960,1.5730,7.7020
2015.79726,2015-10-18,-145.8220,403.6170,-23.1260,1.3980,1.3920,6.0980
2015.80000,2015-10-19,-162.1110,455.6540,-27.1100,1.9750,2.0770,8.8690
2015.80274,2015-10-20,-150.4920,417.7290,-40.4490,2.3710,2.1970,9.9780
2015.80548,2015-10-21,-197.1260,383.0350,-78.7860,3.5630,3.8840,16.6130
2015.80822,2015-10-22,-150.5550,405.6060,-25.4750,1.5100,1.3910,6.4400
2015.81096,2015-10-23,-148.2120,379.7730,-132.4120,2.7030,3.5820,13.8060
2015.81370,2015-10-24,-149.8790,399.6240,-8.5460,1.9890,1.7620,8.0810
2015.81644,2015-10-25,-149.9360,434.9620,13.4010,1.8050,1.9330,7.7920
2015.81918,2015-10-26,-148.5960,401.4720,-48.6340,2.0770,1.8520,9.0740
2015.82192,2015-10-27,-154.8440,402.7270,-34.9920,1.8990,1.6040,8.7540
2015.82466,2015-10-28,-143.3370,397.6010,-5.8280,1.7570,1.5670,7.8230
2015.82740,2015-10-29,-153.9430,406.9930,-38.2800,2.1010,1.7580,7.9290
2015.83014,2015-10-30,-153.6210,406.6910,-32.3850,1.8600,1.6380,8.1290
2015.83288,2015-10-31,-149.1090,396.2370,-42.4680,1.7090,1.4370,7.0240
2015.83562,2015-11-01,-144.9290,399.9150,-42.2110,1.6550,1.4760,6.9180
2015.83836,2015-11-02,-147.3890,415.1750,-22.2800,1.8120,1.8030,7.7120
2015.84110,2015-11-03,-131.1610,366.9260,54.6070,2.8360,2.5950,12.2920
2015.84384,2015-11-04,-154.5260,404.6890,0.9340,1.8160,1.8040,7.2660
2015.84658,2015-11-05,-153.5940,413.3420,-10.8300,1.6320,1.6260,6.9230
2015.84932,2015-11-06,-150.9890,396.1460,-24.4520,2.0810,1.8210,8.4860
2015.85205,2015-11-07,-122.8380,518.9740,-39.2060,1.9440,1.8320,7.5780
2015.85479,2015-11-08,-140.6150,469.0770,-118.6520,2.1830,2.9310,10.9590
2015.85753,2015-11-09,-143.7490,401.0430,-47.7430,1.9330,1.6170,7.8660
2015.86027,2015-11-10,-152.3460,415.0210,-30.4400,1.4880,1.6270,6.1300
2015.86301,2015-11-11,-157.4860,433.0650,-3.9540,2.2350,2.5770,9.8910
2015.86575,2015-11-12,-147.6720,410.9350,-16.1320,1.6890,1.6480,6.8390
2015.86849,2015-11-13,-148.2390,433.6390,-12.0660,1.6000,2.2450,6.8560
2015.87397,2015-11-15,-158.1900,413.7100,5.5760,1.7750,1.7190,8.0240
2015.87671,2015-11-16,-148.4420,426.8950,-29.4470,1.7920,1.9640,7.8190
2015.87945,2015-11-17,-131.6800,400.2500,-9.5010,2.4550,2.3700,9.3040
2015.88219,2015-11-18,-140.9940,407.4000,-34.5610,2.1430,2.1190,8.9370
2015.88493,2015-11-19,-154.3060,413.2440,-59.4260,1.8810,1.7810,7.6710
2015.88767,2015-11-20,-155.5990,412.8290,-62.3510,1.9440,1.7490,7.8480
2015.89041,2015-11-21,-142.2460,419.0040,-31.6110,1.7660,1.6730,8.0070
2015.89315,2015-11-22,-142.6280,419.2600,12.0400,2.3140,2.1450,9.4540
2015.89589,2015-11-23,-152.0070,405.3720,-43.8360,1.7630,1.6100,7.3100
2015.89863,2015-11-24,-149.3770,407.2510,-33.9720,1.7300,1.7280,7.1200
2015.90137,2015-11-25,-142.3250,394.6310,-21.8890,2.2570,1.9340,10.2490
2015.90411,2015-11-26,-146.5550,408.3550,-30.6930,1.6760,1.6110,7.0940
2015.90685,2015-11-27,-139.0460,405.1370,-24.4750,2.4380,2.2020,9.8390
2015.90959,2015-11-28,-153.5500,415.0300,-27.2270,1.8600,1.7520,7.7490
2015.91233,2015-11-29,-153.0080,412.0180,-11.6140,1.9250,1.7240,7.8540
2015.91507,2015-11-30,-146.9670,415.3240,-28.7270,1.6110,1.4970,7.0090
2015.91781,2015-12-01,-139.2730,433.5200,-62.1660,1.6360,2.1450,7.4880
2015.92055,2015-12-02,-143.3700,396.7910,-33.5400,1.9970,1.7230,7.8350
2015.92329,2015-12-03,-148.9450,403.8830,-36.5830,1.8290,1.5570,7.1330
2015.92603,2015-12-04,-147.0320,403.8970,-36.7150,1.5570,1.4290,6.8520
2015.92877,2015-12-05,-154.1150,429.4840,-56.6960,1.7190,1.7910,7.4870
2015.93151,2015-12-06,-153.9610,419.7440,-32.9720,1.5350,1.6710,6.7620
2015.93425,2015-12-07,-154.0060,405.6590,-48.0590,1.4140,1.2990,5.9840
2015.93699,2015-12-08,-151.3980,416.1890,-61.0580,1.5540,1.5920,7.2520
2015.93973,2015-12-09,-154.3620,407.9850,-26.8380,1.9170,1.7580,7.8800
2015.94247,2015-12-10,-143.2120,430.2140,-180.2110,3.3920,3.1540,14.0780
2015.94521,2015-12-11,-149.4770,400.4390,-59.8540,2.2020,1.9010,8.8660
2015.94795,2015-12-12,-146.8370,410.4370,-59.9080,1.8800,1.6230,7.4820
2015.95068,2015-12-13,-152.0400,405.7210,-74.9480,1.7440,1.5490,7.5040
2015.95342,2015-12-14,-156.7830,404.3310,-41.0580,1.5440,1.4910,6.4330
2015.95616,2015-12-15,-150.8220,407.3370,-36.3220,1.8700,1.7820,7.3790
2015.95890,2015-12-16,-171.7000,421.8120,-92.8530,2.3710,2.1000,9.1010
2015.96164,2015-12-17,-146.1560,396.3180,-42.1200,1.5140,1.4160,6.0030
2015.96438,2015-12-18,-151.4360,400.6630,-58.8680,1.7440,1.7710,7.3100
2015.96712,2015-12-19,-150.7260,412.3920,-71.0000,1.6920,1.7920,7.3000
2015.96986,2015-12-20,-142.3240,415.4880,-78.6920,1.6410,1.6420,7.4290
2015.97260,2015-12-21,-150.7920,405.1600,-42.8380,1.3860,1.3040,6.0270
2015.97534,2015-12-22,-147.5280,418.4760,-57.7330,1.5180,1.8710,6.7750
2015.97808,2015-12-23,-81.5840,421.7530,-59.3770,4.3230,4.2430,16.9200
2015.98082,2015-12-24,-151.1480,410.3290,-38.3680,2.0020,1.8220,7.7130
2015.98356,2015-12-25,-153.9700,408.6000,-37.0940,1.6060,1.5040,6.6450
2015.98630,2015-12-26,-145.4250,406.8480,-43.6390,1.3910,1.4080,6.4740
2015.98904,2015-12-27,-147.3840,411.8080,-51.3310,1.7730,1.6490,7.4970
2015.99178,2015-12-28,-156.9850,414.2010,-86.5280,1.7300,1.7000,7.6130
2015.99452,2015-12-29,-138.6840,427.8690,-3.7380,1.5450,1.7300,7.0590
2015.99726,2015-12-30,-152.4030,407.0830,-10.3420,1.7870,1.5320,7.4320
2016.00000,2015-12-31,-152.0490,407.4770,-57.3670,1.6580,1.4660,6.7320
2016.00273,2016-01-01,-147.5430,407.2130,-38.3700,1.5870,1.4740,7.1160
2016.00546,2016-01-02,-150.4540,407.4480,-44.8750,1.6540,1.4120,6.6750
2016.00820,2016-01-03,-156.0120,415.0910,-110.2340,1.5020,1.5250,6.8310
2016.01093,2016-01-04,-145.3380,410.8640,-53.7660,1.4200,1.4360,6.1530
2016.01366,2016-01-05,-151.7570,418.8520,-1.4560,1.5960,1.6380,7.0050
2016.01639,2016-01-06,-144.7320,411.8450,-72.2360,1.9000,1.7730,8.3730
2016.01913,2016-01-07,-140.0840,422.7540,-43.9350,1.4230,1.6060,6.2770
2016.02186,2016-01-08,-152.3560,425.4890,-64.4290,1.7950,1.8930,7.9880
2016.02459,2016-01-09,-156.8560,423.6130,-99.9390,2.1290,2.0840,9.2400
2016.02732,2016-01-10,-154.8590,418.9390,-62.1060,2.0980,1.8020,8.2650
2016.03005,2016-01-11,-150.9330,419.7610,-51.6130,2.3150,2.0860,9.0610
2016.03279,2016-01-12,-143.6460,408.6290,-62.5900,1.7880,1.5260,7.5180
2016.03552,2016-01-13,-136.9530,425.2930,-3.7370,1.7850,1.8700,7.8920
2016.03825,2016-01-14,-148.6200,410.4240,-64.2190,1.8630,1.6680,8.3620
2016.04098,2016-01-15,-154.0250,420.8670,-66.9530,2.2070,2.0680,10.0600
2016.04372,2016-01-16,-145.4400,408.9470,-58.3880,1.9370,1.8660,8.5020
2016.04645,2016-01-17,-107.5180,437.2220,-190.2150,3.3190,2.7170,14.7910
2016.04918,2016-01-18,-148.4410,422.4810,-18.1480,1.7930,1.7620,6.9470
2016.05191,2016-01-19,-140.5600,427.6570,-12.4720,2.0560,2.2560,8.6130
2016.05464,2016-01-20,-159.8050,406.7550,-45.9690,2.0920,1.9470,8.6640
2016.07650,2016-01-28,-151.7690,431.9560,-52.7820,1.9840,2.3800,8.7710
2016.07923,2016-01-29,-158.6730,426.1160,-117.5530,2.0180,1.9910,9.1640
2016.08197,2016-01-30,-152.3090,418.7770,-67.9710,1.7600,1.5760,7.4050
2016.08470,2016-01-31,-144.4540,420.1390,-11.8100,1.3600,1.5340,5.9760
2016.08743,2016-02-01,-146.7960,414.2490,-49.6970,1.3280,1.3310,5.6270
2016.09016,2016-02-02,-153.0060,411.6040,-44.4950,1.5120,1.3650,6.3740
2016.09290,2016-02-03,-152.7960,414.8400,-39.3560,1.6680,1.5930,6.9790
2016.09563,2016-02-04,-153.7800,413.3170,-23.2180,1.3540,1.2850,5.6090
2016.09836,2016-02-05,-153.6210,408.4110,-39.8810,1.6320,1.5320,7.1330
2016.10109,2016-02-06,-155.9810,410.4860,-58.6040,1.7940,1.5440,7.4740
2016.10383,2016-02-07,-156.0240,414.2800,-43.6440,1.3540,1.2550,5.8920
2016.10656,2016-02-08,-165.6030,418.9600,-55.0420,1.8250,1.6730,8.2440
2016.10929,2016-02-09,-154.1660,412.9580,-13.8450,1.6140,1.5530,7.0710
2016.11202,2016-02-10,-148.2000,410.5840,-13.8310,1.6950,1.7460,7.8190
2016.11475,2016-02-11,-150.9790,402.3050,-54.4390,1.6630,1.6050,7.6070
2016.11749,2016-02-12,-141.1050,406.3060,4.5900,2.0110,2.2110,9.6830
2016.12022,2016-02-13,-148.2640,413.5870,-12.6450,1.5670,1.5600,6.6570
2016.12295,2016-02-14,-149.8570,430.6790,17.7340,1.6730,1.7580,6.9090
2016.12568,2016-02-15,-142.3230,412.7300,-9.2750,1.6850,1.7930,7.2620
2016.12842,2016-02-16,-149.6430,412.6020,5.9450,1.6760,1.7060,7.1530
2016.13115,2016-02-17,-152.6860,416.6230,-36.4040,1.2980,1.3590,5.5100
2016.13388,2016-02-18,-145.6810,418.3980,-29.3560,1.4020,1.4000,5.9880
2016.13661,2016-02-19,-147.5750,410.4080,-12.7120,1.4040,1.3420,5.9060
2016.13934,2016-02-20,-155.4990,418.0750,-93.0680,1.9430,1.9370,8.7240
2016.14208,2016-02-21,-148.9320,409.3700,-23.9990,1.8190,1.6510,7.7580
2016.14481,2016-02-22,-149.0370,416.0200,-43.3640,1.7050,1.5740,7.1270
2016.14754,2016-02-23,-153.6140,415.7260,-28.4020,1.9950,1.7360,8.0790
2016.15027,2016-02-24,-148.7340,408.7700,-27.1460,1.3420,1.2680,5.7750
2016.15301,2016-02-25,-148.8520,404.5520,-40.0460,1.4510,1.5010,6.4960
2016.15574,2016-02-26,-161.1320,417.7640,-29.7230,1.8740,1.7840,7.5510
2016.15847,2016-02-27,-150.2740,418.1820,-46.1430,1.6880,1.6710,7.5020
2016.16120,2016-02-28,-157.3850,411.4980,-54.3130,1.8400,1.7610,7.6090
2016.16393,2016-02-29,-150.6820,442.7530,-45.1250,1.4260,1.7220,6.1960
2016.16667,2016-03-01,-155.5340,413.7430,-41.0170,1.7440,1.6450,6.8640
2016.16940,2016-03-02,-150.0330,409.9140,-26.5160,1.3030,1.1930,5.4280
2016.17213,2016-03-03,-150.7780,420.2850,-18.0540,1.3010,1.3430,5.3650
2016.17486,2016-03-04,-152.7380,411.1640,-24.6280,1.3550,1.3090,6.0750
2016.17760,2016-03-05,-146.7560,415.4290,-13.7040,1.6390,1.4360,6.5530
2016.18033,2016-03-06,-155.9670,409.6600,-26.8300,1.4740,1.3930,6.0160
2016.18306,2016-03-07,-150.0100,420.0060,-17.4750,1.5880,1.7330,6.6210
2016.18579,2016-03-08,-144.3010,454.2000,-100.1120,1.6750,2.1640,7.8940
2016.18852,2016-03-09,-182.9690,446.6740,-85.6570,2.3870,2.0440,9.6210
2016.19126,2016-03-10,-150.6210,428.0060,-95.6310,2.0230,1.9730,8.8750
2016.19399,2016-03-11,-153.7160,418.5910,-57.7530,1.5310,1.4640,6.9570
2016.19672,2016-03-12,-154.9360,425.0450,-67.8810,2.1880,2.0220,9.0780
2016.19945,2016-03-13,-154.5610,411.7750,-93.5410,1.4310,1.2590,5.8220
2016.20219,2016-03-14,-155.5580,420.5330,-38.5890,2.2360,1.8370,9.2740
2016.20492,2016-03-15,-140.2450,428.7370,-115.6860,2.0030,1.9500,9.3740
2016.20765,2016-03-16,-154.9580,421.6130,-48.9230,1.7420,1.6370,7.7130
2016.21038,2016-03-17,-163.0290,412.4810,-59.9950,2.1830,2.1670,9.7990
2016.21311,2016-03-18,-159.6770,417.3290,-119.1740,2.0040,2.0270,9.0790
2016.21585,2016-03-19,-159.3360,429.4150,-16.7970,2.4620,2.0420,9.3360
2016.21858,2016-03-20,-159.7970,416.3420,-29.7380,1.5500,1.4000,6.7780
2016.22131,2016-03-21,-158.3450,418.8780,-116.1270,2.0010,1.7190,8.6920
2016.22404,2016-03-22,-153.9230,434.1190,-34.5150,1.6100,1.7880,7.1930
2016.22678,2016-03-23,-158.1200,417.9290,-73.7690,1.7970,1.6800,7.1780
2016.22951,2016-03-24,-156.6300,435.3520,-56.4920,1.7030,1.6140,7.0390
2016.23224,2016-03-25,-154.8360,423.2420,-14.7190,1.8520,1.8120,7.7760
2016.23497,2016-03-26,-137.0340,412.7760,-6.8990,2.0830,1.7420,8.4030
2016.23770,2016-03-27,-151.1490,418.0370,-32.3370,1.7920,1.6510,8.1050
2016.24044,2016-03-28,-145.2240,428.8730,-15.4000,2.1420,2.2640,8.6690
2016.24317,2016-03-29,-153.4180,414.0900,-0.2010,1.8430,1.5530,7.3080
2016.24590,2016-03-30,-148.5570,406.8960,-40.5800,1.6900,1.4890,7.0960
2016.24863,2016-03-31,-155.4360,419.9640,-63.3390,2.0020,1.8440,9.1020
2016.25137,2016-04-01,-142.1000,417.7880,-24.4460,2.0420,2.0670,9.2020
2016.25410,2016-04-02,-154.1710,416.5510,-23.6390,1.7580,1.5930,7.1550
2016.25683,2016-04-03,-149.8340,415.3450,-34.0290,2.0080,1.7670,7.8210
2016.25956,2016-04-04,-161.6780,460.1720,-49.1460,2.1780,2.2990,9.7790
2016.26230,2016-04-05,-127.0090,457.3720,28.0190,1.7750,1.7190,7.3810
2016.26503,2016-04-06,-155.4410,419.2090,-97.1680,1.8850,1.7070,8.1530
2016.26776,2016-04-07,-140.0030,408.5110,-48.1080,2.2820,2.0360,9.7650
2016.27322,2016-04-09,-155.9460,429.7570,-35.6840,1.5720,1.5110,6.3830
2016.27596,2016-04-10,-173.9170,501.5600,-141.5000,2.8850,3.4310,13.9690
2016.27869,2016-04-11,-166.4690,431.8720,-126.1250,2.4730,2.2870,10.1560
2016.28142,2016-04-12,-166.1350,414.1620,-82.9180,2.3790,2.1020,10.1640
2016.28689,2016-04-14,-148.3550,415.7650,-61.4570,2.8970,2.4720,10.9060
2016.28962,2016-04-15,-157.4960,432.2630,-107.5590,1.9980,1.9570,9.9510
2016.29235,2016-04-16,-137.1400,425.5980,-25.2900,1.6740,1.5420,7.3000
2016.29508,2016-04-17,-221.2980,495.0110,-153.7680,3.3350,2.6890,16.7980
2016.29781,2016-04-18,-144.1920,429.3610,-59.0090,1.7390,1.5920,7.3910
2016.30055,2016-04-19,-151.9740,438.6390,-19.6160,2.1790,2.1180,9.0470
2016.30328,2016-04-20,-137.1660,424.5660,-51.3600,1.9950,1.9000,8.3370
2016.30601,2016-04-21,-174.0870,500.4150,-81.0830,2.4270,2.6710,10.0960
2016.30874,2016-04-22,-146.4080,453.0160,-77.3530,2.3160,2.3030,9.4820
2016.31148,2016-04-23,-147.4170,434.0400,-49.4010,1.8050,1.7640,7.8760
2016.31421,2016-04-24,-155.4460,444.7480,-54.5410,1.8290,1.8930,7.2300
2016.31694,2016-04-25,-151.3830,450.6450,-115.2660,2.6840,3.2870,12.1140
2016.31967,2016-04-26,-151.8160,457.0540,-27.3590,2.0450,2.1360,8.2760
2016.32240,2016-04-27,-147.0120,490.4520,-13.4140,1.7450,1.5450,7.5390
2016.32514,2016-04-28,-92.5030,499.7300,-124.7710,6.6840,6.0190,32.2430
2016.32787,2016-04-29,-172.6370,412.6110,-139.7040,3.2420,2.3700,12.2060
2016.33060,2016-04-30,-167.4330,426.2270,-46.9140,4.3430,3.1590,15.7310
2016.33333,2016-05-01,-141.0760,424.5690,-12.7880,2.5950,2.4330,10.9550
2016.33607,2016-05-02,-181.6060,531.7850,204.6250,8.2040,5.8490,29.0830
2016.33880,2016-05-03,-134.8190,446.2590,26.8960,2.4570,2.2460,10.3060
2016.34153,2016-05-04,-141.1790,466.8280,58.2450,3.4540,3.0890,12.3900
2016.34426,2016-05-05,-174.9360,409.2510,-50.8330,3.1380,2.4300,11.9310
2016.34699,2016-05-06,-156.7700,438.4490,1.4660,2.5400,2.3970,10.6650
2016.34973,2016-05-07,-225.8880,437.3440,39.4840,3.7590,3.9100,18.9080
2016.35246,2016-05-08,-170.9660,477.0750,-0.5020,3.6080,3.4150,15.7660
2016.35519,2016-05-09,-132.1070,417.3700,-60.5130,2.8650,2.5820,10.9360
2016.35792,2016-05-10,-163.8240,469.2650,112.9340,3.8460,4.9900,15.7380
2016.36066,2016-05-11,-191.1020,479.8240,-81.8650,3.3170,2.7850,12.4080
2016.36339,2016-05-12,-150.3180,432.8240,-59.4920,3.1440,2.9360,13.5610
2016.36612,2016-05-13,-149.5770,453.0250,-95.7140,4.8970,3.2400,18.5100
2016.36885,2016-05-14,-174.8030,489.3070,31.1830,3.1560,2.8640,11.5290
2016.37158,2016-05-15,-200.8760,421.3210,-142.9630,3.9340,2.8080,13.9240
2016.37432,2016-05-16,-131.8090,452.3220,32.4840,3.5090,3.1710,13.1440
2016.37705,2016-05-17,-146.2910,422.6010,-13.2760,2.4600,1.8560,9.1760
2016.37978,2016-05-18,-143.3780,442.6430,-114.6780,4.1210,4.0610,18.7950
2016.38525,2016-05-20,-166.8200,367.7030,-251.1160,3.4770,4.3090,17.5230
2016.38798,2016-05-21,-170.8180,491.5180,-34.6250,3.4240,2.7280,12.6490
2016.39071,2016-05-22,-170.6770,459.7760,-12.6220,3.0090,2.9280,11.2710
2016.39344,2016-05-23,-133.8760,462.5810,-93.1470,2.6170,2.4900,9.9630
2016.39617,2016-05-24,-139.5050,520.3990,-155.9920,3.5680,2.5960,13.3830
2016.39891,2016-05-25,-147.2590,432.9960,-18.6460,2.8240,2.2650,10.4870
2016.40164,2016-05-26,-104.7530,469.2140,95.6720,7.6620,4.2400,26.9940
2016.40437,2016-05-27,-172.6020,439.5550,-55.6490,3.5420,3.0190,14.8310
2016.40710,2016-05-28,-127.0590,409.8900,-104.5110,4.1240,3.4960,17.2860
2016.40984,2016-05-29,-152.2110,506.7430,-49.2870,3.4190,3.5070,14.7260
2016.41257,2016-05-30,-166.6390,471.2650,-48.1110,4.6360,3.3040,17.3270
2016.41530,2016-05-31,-171.7490,508.2800,60.5160,3.4700,2.9180,13.3950
2016.41803,2016-06-01,-151.2230,520.8360,67.5240,2.3030,1.7920,8.6460
2016.42077,2016-06-02,-161.3930,434.1830,34.6770,4.4020,3.6630,17.3280
2016.42350,2016-06-03,-166.3730,466.7970,30.3580,2.6490,2.2400,9.9650
2016.42623,2016-06-04,-151.0320,449.2750,33.2500,2.7820,2.5100,10.2280
2016.42896,2016-06-05,-167.8330,420.9400,-79.2840,4.6920,3.1990,16.2790
2016.43169,2016-06-06,-161.4960,428.4340,-17.6270,4.8020,4.2630,22.6550
2016.43443,2016-06-07,-173.6960,455.8370,-4.5530,4.2810,3.4830,16.2190
2016.43716,2016-06-08,-165.5230,459.6220,-104.4270,3.0210,3.7150,14.0510
2016.43989,2016-06-09,-149.1620,491.9270,-93.4480,2.7260,2.4180,12.7930
2016.44262,2016-06-10,-159.0310,473.3420,-76.2640,3.3940,4.3850,13.5260
2016.44536,2016-06-11,-189.8030,470.3760,-50.9450,4.7840,4.1980,16.8730
2016.44809,2016-06-12,-184.1220,412.3720,51.0840,5.8600,3.8330,19.3280
2016.45082,2016-06-13,-136.5500,434.7850,-9.7120,3.6530,2.8670,14.7510
2016.45355,2016-06-14,-158.6570,466.0100,-22.7680,3.5920,3.9230,15.6620
2016.45628,2016-06-15,-157.6120,436.8010,-2.7360,3.2370,2.6550,13.4630
2016.46175,2016-06-17,-176.4980,482.6770,35.1450,3.0870,2.3480,12.5010
2016.46448,2016-06-18,-163.8880,492.1110,-60.6630,2.7330,2.8990,12.4300
2016.46721,2016-06-19,-146.2560,528.8500,-258.7690,4.3850,3.5950,20.9890
2016.46995,2016-06-20,-110.2590,496.9710,-125.4000,5.6610,3.8100,18.5960
2016.47268,2016-06-21,-167.3050,449.9040,-61.5890,3.8930,3.6690,15.6930
2016.47541,2016-06-22,-158.4170,457.5960,-29.5270,3.3070,3.1020,12.5060
2016.47814,2016-06-23,-169.8910,447.4840,-62.3920,4.3030,3.9310,19.4650
2016.48087,2016-06-24,-153.7940,421.2860,-83.3310,3.3740,2.6010,13.1620
2016.48361,2016-06-25,-169.4610,506.5050,-48.1320,3.5930,3.0950,16.7360
2016.48634,2016-06-26,-161.0700,459.0970,-33.7640,3.6320,3.0250,14.9550
2016.48907,2016-06-27,-224.4530,518.9500,82.7860,3.4720,3.2600,16.2080
2016.49180,2016-06-28,-166.4500,473.2920,-37.2460,3.2450,3.1640,13.3360
2016.49454,2016-06-29,-171.2900,435.3720,-55.0380,2.8450,2.3130,11.8550
2016.49727,2016-06-30,-166.8010,485.8160,-22.6320,3.5030,3.4260,16.7130
2016.50000,2016-07-01,-167.0310,436.8260,-38.6580,3.3400,2.7410,14.4010
2016.50273,2016-07-02,-170.2470,440.9540,-72.3430,3.5370,3.6010,17.5100
2016.50546,2016-07-03,-183.7350,500.0080,-126.5010,5.5820,4.1540,25.2900
2016.50820,2016-07-04,-142.3520,472.2890,-150.7720,5.5900,4.7040,28.2090
2016.51366,2016-07-06,-143.9800,458.8180,-166.6970,5.5690,7.0140,21.1040
2016.51639,2016-07-07,-163.4740,475.4720,-137.5550,3.1170,2.7110,12.6370
2016.51913,2016-07-08,-207.5130,441.5580,-12.9250,4.2850,3.6170,18.3340
2016.52186,2016-07-09,-91.4340,499.8100,-131.8590,5.1410,4.4130,25.9460
2016.52459,2016-07-10,-165.9230,475.9080,76.2720,3.8480,4.7520,18.5090
2016.52732,2016-07-11,-171.0060,425.0490,-137.9830,3.9770,3.6630,16.1590
2016.53005,2016-07-12,-147.7820,458.5120,-50.6440,4.4490,3.7720,18.7840
2016.53279,2016-07-13,-177.0940,441.8080,5.1610,2.7580,2.6720,12.6450
2016.53552,2016-07-14,-161.1140,462.0630,-78.8240,2.6940,3.1350,13.1620
2016.53825,2016-07-15,-174.4100,434.0420,16.4770,3.3720,3.1760,14.7360
2016.54098,2016-07-16,-150.6140,570.1710,40.4000,4.0230,3.8040,19.1930
2016.54372,2016-07-17,-140.9350,507.0460,-41.8610,4.3790,3.6640,19.7540
2016.54645,2016-07-18,-158.4830,459.5520,-234.4930,5.2240,6.7670,32.2540
2016.54918,2016-07-19,-173.3270,502.9160,-6.7540,4.1270,3.5530,18.0110
2016.55191,2016-07-20,-167.9080,489.0700,-161.2010,3.0750,3.0440,14.2460
2016.55464,2016-07-21,-127.4870,457.0860,-251.3200,5.4480,3.8210,22.8130
2016.56011,2016-07-23,-169.4080,513.7680,10.9130,2.5870,2.1850,10.4760
2016.56284,2016-07-24,-197.5670,511.8990,81.9310,4.3460,3.8200,18.7730
2016.56831,2016-07-26,-168.4040,518.6210,-1.4670,3.3840,2.9720,11.6240
2016.57104,2016-07-27,-92.7390,568.9160,-156.2260,4.2210,3.2830,16.3700
2016.57377,2016-07-28,-171.1210,542.2460,-15.5870,3.9170,3.1370,15.4080
2016.57650,2016-07-29,-173.3020,496.2590,-51.0280,2.5980,2.0940,10.2700
2016.57923,2016-07-30,-167.6470,452.1450,-24.8520,3.6980,3.1610,14.1660
2016.58197,2016-07-31,-164.0250,518.9040,54.8160,3.6160,3.7100,14.6890
2016.58470,2016-08-01,-155.2840,510.9800,-103.2360,2.7870,2.5740,12.3190
2016.58743,2016-08-02,-179.7600,496.5630,17.1010,3.1970,2.8700,12.4860
2016.59016,2016-08-03,-192.6020,524.4920,-51.0500,3.4000,3.3280,14.3550
2016.59290,2016-08-04,-184.1520,504.5420,-79.5050,3.5980,2.4740,14.5070
2016.59563,2016-08-05,-213.7280,469.4680,40.6910,7.3220,5.4260,25.6510
2016.59836,2016-08-06,-160.8800,434.1330,-68.4510,2.6030,2.5820,12.2390
2016.60109,2016-08-07,-150.6410,480.6990,-59.7080,4.2650,3.8830,17.7860
2016.60656,2016-08-09,-201.6680,532.4940,-58.9870,3.6200,3.0060,14.8310
2016.61202,2016-08-11,-160.5910,581.0730,-50.5740,4.6820,3.2570,16.0230
2016.61475,2016-08-12,-170.1880,424.6080,-67.6240,3.5460,2.8920,15.0830
2016.61749,2016-08-13,-162.2200,545.8270,-7.0580,4.6620,3.4090,18.7340
2016.62022,2016-08-14,-167.7230,430.4330,-13.1900,3.7040,3.7090,16.0080
2016.62295,2016-08-15,-174.4440,462.1760,-48.5170,2.5810,3.1560,11.4980
2016.62568,2016-08-16,-154.9860,512.3660,-282.7900,3.7710,3.5000,18.8200
2016.62842,2016-08-17,-168.1790,438.7600,-153.8930,3.4280,3.2650,15.1350
2016.63115,2016-08-18,-143.1980,478.4600,-7.3670,4.0420,3.0750,17.0390
2016.63388,2016-08-19,-129.0600,419.7090,-78.5090,5.1210,3.5670,19.0130
2016.63661,2016-08-20,-146.8850,568.4300,-56.9970,4.2610,3.2000,17.9070
2016.64208,2016-08-22,-171.5330,434.3750,-114.4240,4.1950,3.3010,17.5310
2016.65027,2016-08-25,-166.2870,443.8450,-162.9190,4.4570,3.2050,18.5400
2016.65301,2016-08-26,-157.0220,434.9300,-90.6330,3.4780,2.5710,13.5740
2016.65574,2016-08-27,-168.3650,462.3030,-2.2720,3.2520,2.8380,13.4890
2016.65847,2016-08-28,-140.6440,467.8860,-52.8040,5.1470,4.3340,27.3900
2016.66120,2016-08-29,-166.3980,469.4240,-113.4050,3.6440,3.7190,15.1220
2016.66393,2016-08-30,-153.7930,532.0660,-3.7800,4.8590,3.5740,20.9270
2016.66667,2016-08-31,-172.5580,427.2870,41.2210,3.3790,3.2180,14.0230
2016.67213,2016-09-02,-204.2950,479.5490,-15.4680,5.1040,4.1290,23.5770
2016.67486,2016-09-03,-125.1880,472.8600,-213.4180,4.5180,4.3970,18.9940
2016.67760,2016-09-04,-128.8540,455.8510,-69.3180,4.7700,2.9570,19.3020
2016.68306,2016-09-06,-166.8230,427.9800,-47.4930,2.7590,2.1740,11.5710
2016.68579,2016-09-07,-163.2310,447.0970,-6.3120,3.2290,2.3830,13.2470
2016.68852,2016-09-08,-158.2910,431.5510,38.7700,3.3660,3.2480,16.6550
2016.69399,2016-09-10,-171.7580,522.8610,-17.6260,4.2690,3.0580,15.2910
2016.69945,2016-09-12,-134.9350,435.3420,-63.2920,3.6520,2.6550,14.3080
2016.70219,2016-09-13,-143.4490,422.1100,-71.9590,7.1990,4.7980,31.3820
2016.70492,2016-09-14,-153.6040,422.5610,-164.3930,4.4620,3.4510,19.6550
2016.70765,2016-09-15,-203.4550,436.9270,1.5570,4.3720,3.4320,17.8600
2016.71585,2016-09-18,-194.1270,477.6480,-187.5150,4.2760,3.9330,20.8710
2016.71858,2016-09-19,-114.7510,490.8450,-74.6960,6.9600,5.4930,28.2490
2016.72131,2016-09-20,-247.8150,501.9770,-164.2550,8.5290,5.4820,36.3360
2016.72404,2016-09-21,-172.2060,409.9790,-33.3030,3.4490,2.9810,14.1960
2016.72678,2016-09-22,-195.9940,425.3640,35.7780,5.5990,4.9890,21.1760
2016.73224,2016-09-24,-158.7920,408.0700,-64.2050,2.6980,2.3580,10.4100
2016.73497,2016-09-25,-172.5500,451.1360,-29.1350,3.6390,3.6680,15.2610
2016.74044,2016-09-27,-177.2480,451.7130,55.3230,4.3320,4.8440,17.2780
2016.74317,2016-09-28,-161.3900,427.9880,-5.2370,2.2490,1.9460,9.5050
2016.74590,2016-09-29,-162.1040,423.3230,4.7210,2.9270,2.8280,12.3560
2016.74863,2016-09-30,-157.3820,448.6450,-20.3290,1.6600,2.0610,7.4360
2016.75410,2016-10-02,-156.9430,427.4270,-45.5220,1.6140,1.6170,6.3380
2016.75683,2016-10-03,-158.1710,444.2730,11.5130,2.2860,2.6050,10.2620
2016.75956,2016-10-04,-151.8950,413.3180,-71.9430,2.1240,1.8510,7.9920
2016.76230,2016-10-05,-164.3410,469.8600,-82.2040,2.4360,2.4630,10.5910
2016.76503,2016-10-06,-155.5110,415.8160,-70.7090,2.6030,2.6830,12.8150
2016.76776,2016-10-07,-157.2790,432.5430,-1.8580,1.4030,1.4970,5.9170
2016.77049,2016-10-08,-161.3750,424.0540,-35.6150,1.7840,1.6120,7.2920
2016.77322,2016-10-09,-159.6330,446.8080,-16.9000,2.1290,2.1920,8.7040
2016.77596,2016-10-10,-163.3680,424.3500,-58.9130,1.4800,1.4500,6.1020
2016.77869,2016-10-11,-73.9400,507.8000,-73.9550,2.9360,2.4590,10.2160
2016.78142,2016-10-12,-154.7940,427.7420,-30.1750,1.6290,1.4650,6.3480
2016.78415,2016-10-13,-166.7050,438.7640,-23.0990,2.0050,1.9500,8.2670
2016.78689,2016-10-14,-159.2590,484.4030,8.4030,1.7350,2.0010,7.7770
2016.78962,2016-10-15,-164.9990,431.8970,-44.8510,1.5350,1.5250,6.0300
2016.79235,2016-10-16,-155.4310,461.5210,19.8170,1.9480,2.6860,8.5890
2016.79508,2016-10-17,-159.5320,431.0170,-30.3710,1.9930,1.9080,7.4760
2016.79781,2016-10-18,-158.4400,430.1980,-22.8300,1.6260,1.5900,6.4540
2016.80055,2016-10-19,-144.4960,456.4670,58.6080,2.5340,3.1220,11.6740
2016.80328,2016-10-20,-155.1430,480.7790,45.2290,1.6540,2.2390,7.1490
2016.80601,2016-10-21,-162.9460,442.7910,-74.6930,1.8600,1.9830,7.7730
2016.80874,2016-10-22,-166.9660,424.4010,-99.9660,2.0830,1.9530,9.2380
2016.81148,2016-10-23,-161.6670,445.4870,23.3850,2.1610,2.9160,9.1070
2016.81421,2016-10-24,-140.3810,341.8970,-36.8290,2.6720,4.0320,11.4300
2016.81694,2016-10-25,-156.4130,426.4650,-31.6610,1.8700,1.7020,7.9850
2016.81967,2016-10-26,-147.9270,430.7400,-32.4700,1.8760,1.9460,7.9270
2016.82240,2016-10-27,-144.7910,479.3810,-101.4280,2.3560,2.1190,10.9750
2016.82514,2016-10-28,-152.6490,444.6350,-37.3520,2.3210,2.4870,9.4860
2016.82787,2016-10-29,-159.6160,444.0840,81.7420,2.5610,2.5270,12.1020
2016.83060,2016-10-30,-143.2200,431.1130,-74.6990,2.7420,2.4640,10.3560
2016.83333,2016-10-31,-186.2830,487.8590,-44.4150,2.8580,2.8330,11.0930
2016.83607,2016-11-01,-160.7020,446.3740,-3.6080,2.4160,2.6410,9.7310
2016.83880,2016-11-02,-155.1950,423.6620,-79.7150,1.6580,1.5120,6.8470
2016.84153,2016-11-03,-165.7800,434.0630,-30.3570,1.8840,1.6760,7.2280
2016.84426,2016-11-04,-154.2870,437.3890,-39.5940,1.8990,1.6940,7.7010
2016.84699,2016-11-05,-157.5090,432.9120,-50.9360,2.0190,1.7830,7.9830
2016.84973,2016-11-06,-146.7880,514.0980,-89.8080,2.2780,2.2720,10.2160
2016.85246,2016-11-07,-173.1770,533.1710,14.5850,3.1980,3.4770,13.6240
2016.85519,2016-11-08,-157.7870,452.6460,-20.2800,2.2140,2.1660,9.4050
2016.85792,2016-11-09,-152.3380,427.6150,-39.2930,2.0020,1.9020,8.2660
2016.86066,2016-11-10,-155.7390,428.5810,-69.3030,1.8710,1.5670,7.3510
2016.86339,2016-11-11,-155.0900,439.2130,-42.4540,2.3400,2.0350,9.2790
2016.86612,2016-11-12,-143.0100,465.9230,-30.0510,1.7670,2.6640,7.3850
2016.87158,2016-11-14,-151.9760,425.4530,-72.4160,1.8750,1.6200,7.5560
2016.87432,2016-11-15,-153.1450,427.3080,-41.5450,1.8650,1.7230,7.5180
2016.87705,2016-11-16,-160.2430,492.2520,18.9920,2.2020,2.2510,9.8530
2016.87978,2016-11-17,-143.3470,503.9830,29.5590,2.0820,2.0940,8.5850
2016.88251,2016-11-18,-157.6620,432.6970,-36.9060,1.9180,1.7150,7.7930
2016.88525,2016-11-19,-166.7690,440.7750,-75.1000,2.7210,2.8070,12.4880
2016.88798,2016-11-20,-153.2220,439.2310,-47.1920,1.8850,2.0940,8.5410
2016.89071,2016-11-21,-152.8530,420.7850,-69.8030,2.1080,1.8370,9.0730
2016.89344,2016-11-22,-162.0370,451.8020,-29.5190,2.1390,2.2750,9.0250
2016.89617,2016-11-23,-158.6050,426.1610,-102.5510,1.9040,1.6450,7.8290
2016.89891,2016-11-24,-158.0710,424.8700,-60.2780,2.0410,2.1050,9.2020
2016.90164,2016-11-25,-157.0080,418.6900,-141.9690,2.1970,2.0810,8.9450
2016.90437,2016-11-26,-126.2580,440.4880,-144.9400,3.2380,2.8360,15.6210
2016.90710,2016-11-27,-156.3480,427.8010,-48.9670,2.1360,1.8090,8.7200
2016.90984,2016-11-28,-142.8730,455.6510,17.0470,2.0850,2.1660,8.3480
2016.91257,2016-11-29,-160.8390,429.0830,-43.6120,1.7120,1.6450,7.1280
2016.91530,2016-11-30,-146.3830,448.8570,0.8530,2.0060,2.4530,8.4240
2016.91803,2016-12-01,-153.8720,426.5970,-33.5110,2.1750,1.9520,9.7210
2016.92077,2016-12-02,-133.1020,439.4310,-129.2120,3.4710,3.6020,14.3710
2016.92350,2016-12-03,-156.6010,433.2420,-18.7540,2.1760,2.0260,9.1680
2016.92623,2016-12-04,-152.4980,489.7430,-25.5820,1.8670,1.8760,7.9790
2016.92896,2016-12-05,-153.8560,456.2280,-27.6220,2.1380,2.3260,8.9540
2016.93169,2016-12-06,-162.9980,437.8710,-54.3350,2.0660,1.9990,8.2070
2016.93443,2016-12-07,-159.8390,446.3350,10.2710,2.0390,2.0330,7.8660
2016.93716,2016-12-08,-154.3090,435.3910,-42.1950,2.1880,1.9840,8.9110
2016.93989,2016-12-09,-160.4440,427.9730,-49.6340,2.3710,2.2020,9.8930
2016.94262,2016-12-10,-158.1250,435.1600,-53.7650,2.1060,1.8930,7.9960
2016.94536,2016-12-11,-170.2150,437.3440,-73.7060,2.0960,2.1540,8.3100
2016.94809,2016-12-12,-170.6030,424.1300,-71.6610,2.8280,2.3600,10.1150
2016.95082,2016-12-13,-156.6630,430.9820,-75.9280,2.0720,1.9490,7.8480
2016.95355,2016-12-14,-153.8540,472.6970,-59.1490,2.1920,2.4410,9.1860
2016.95628,2016-12-15,-156.9090,443.9260,-154.4250,2.3280,2.1480,9.0350
2016.95902,2016-12-16,-157.0990,434.8880,-43.2630,2.0070,1.7930,8.0910
2016.96175,2016-12-17,-148.9750,457.2540,-85.3940,2.0360,2.1470,9.4010
2016.96448,2016-12-18,-161.2970,443.9700,-102.2090,2.1070,2.0690,9.1130
2016.96721,2016-12-19,-158.1450,439.7410,-73.7190,1.8350,1.9160,7.4250
2016.96995,2016-12-20,-163.8760,424.9360,-83.9440,2.1530,2.0840,8.6560
2016.97268,2016-12-21,-133.4030,455.5680,-74.4780,2.4280,2.7540,11.9720
2016.97541,2016-12-22,-156.7080,450.9230,-46.0780,2.0020,1.9660,7.8390
2016.97814,2016-12-23,-153.5550,449.9640,-33.4080,1.9590,2.1300,8.2250
2016.98087,2016-12-24,-159.2190,438.4790,-61.4560,1.8350,1.6480,7.2600
2016.98361,2016-12-25,-151.0540,439.2730,-58.3910,1.8640,1.8800,8.2440
2016.98634,2016-12-26,-145.5740,456.9840,-12.4260,2.1330,2.5640,8.7460
2016.98907,2016-12-27,-165.2280,435.7730,-50.2580,2.1950,2.0120,8.7980
2016.99180,2016-12-28,-170.4130,434.6870,-70.7110,1.8250,1.7620,7.8510
2016.99454,2016-12-29,-156.0220,450.9600,-27.3750,1.9920,2.3510,8.0810
2016.99727,2016-12-30,-155.4930,452.2610,-17.2050,1.9400,1.9730,7.7920
2017.00000,2016-12-31,-161.7010,436.6760,19.3880,2.4380,2.1670,9.9960
2017.00274,2017-01-01,-159.2300,435.4460,-65.5650,1.8080,1.5930,7.0970
2017.00548,2017-01-02,-162.3400,440.1100,-45.8160,2.1780,1.9710,8.7370
2017.00822,2017-01-03,-160.4470,441.0790,-39.1010,2.2930,2.1460,9.1800
2017.01096,2017-01-04,-155.2150,456.7100,15.6470,1.8460,2.0420,7.6780
2017.01370,2017-01-05,-159.8800,433.4750,-44.1940,1.8630,1.8180,7.9140
2017.01644,2017-01-06,-160.4200,430.9510,-83.2140,1.9890,1.8620,7.9870
2017.01918,2017-01-07,-157.1240,440.1080,-5.4020,2.0970,2.1080,8.5810
2017.02192,2017-01-08,-155.8390,451.8050,24.4920,2.3890,2.0980,9.5450
2017.02466,2017-01-09,-150.9770,446.6560,-56.7490,1.8340,2.1220,8.0890
2017.02740,2017-01-10,-157.1130,442.2940,-41.7790,1.8770,1.8580,7.5010
2017.03014,2017-01-11,-158.0850,439.7010,-51.0200,1.7040,1.7040,6.6680
2017.03288,2017-01-12,-176.5000,444.4190,-224.9030,3.6240,2.5960,17.2070
2017.03562,2017-01-13,-162.4390,436.7760,-50.8240,1.8070,1.5610,7.2880
2017.03836,2017-01-14,-156.2170,445.1500,-43.9430,2.2110,2.3920,9.2680
2017.04110,2017-01-15,-164.7490,440.4190,-49.7070,1.8410,1.6570,6.8480
2017.04384,2017-01-16,-159.6240,439.8370,-38.5770,2.1020,1.8870,8.5220
2017.04658,2017-01-17,-159.4710,435.9130,-45.8360,1.9130,1.7400,7.1470
2017.04932,2017-01-18,-165.0590,445.9010,-71.6910,1.9190,2.1080,8.4740
2017.05205,2017-01-19,-157.2540,441.1070,-40.5920,1.8130,1.6730,6.9240
2017.05479,2017-01-20,-154.9870,434.2090,-59.0370,2.4110,2.1840,9.2200
2017.05753,2017-01-21,-158.1860,435.2090,-77.9580,2.1240,2.1690,9.5720
2017.06027,2017-01-22,-157.7210,445.5430,-42.1130,1.8370,1.7250,7.1480
2017.06301,2017-01-23,-167.2060,434.6790,-153.1120,2.2240,2.3010,9.5180
2017.06575,2017-01-24,-162.8330,432.0410,-74.8540,1.8670,1.8190,8.0380
2017.06849,2017-01-25,-170.9880,444.9010,-54.8840,2.0660,2.2720,8.8350
2017.07123,2017-01-26,-158.1630,430.0000,-78.2690,1.9650,1.6760,7.6700
2017.07397,2017-01-27,-158.1130,457.1170,-37.4210,1.8180,1.9660,7.3740
2017.07671,2017-01-28,-158.9480,434.6540,-36.6220,1.6730,1.5180,6.5340
2017.07945,2017-01-29,-159.7700,422.8730,-41.3990,2.0870,1.9180,8.1810
2017.08219,2017-01-30,-157.9930,446.7890,-16.4630,1.7380,1.9470,7.1510
2017.08493,2017-01-31,-151.6400,446.0550,-6.6480,2.0370,1.9890,7.7010
2017.08767,2017-02-01,-161.3160,436.3490,-55.4500,1.9150,1.6050,7.2820
2017.09041,2017-02-02,-157.5340,444.2150,-45.0740,1.8480,1.5860,7.4040
2017.09315,2017-02-03,-136.4640,447.1470,-59.9310,2.1440,1.9720,8.5310
2017.09589,2017-02-04,-162.5940,443.6150,-29.5930,1.6820,1.6170,6.7860
2017.09863,2017-02-05,-149.0340,454.5670,-24.5010,1.7590,1.8480,7.2700
2017.10137,2017-02-06,-158.4200,432.7710,-35.7370,1.7440,1.5740,7.0870
2017.10411,2017-02-07,-153.7240,434.6540,-28.5460,1.7400,1.6480,7.1420
2017.10685,2017-02-08,-153.5210,444.1680,-43.6080,1.7460,1.5700,6.5570
2017.10959,2017-02-09,-157.7360,448.3180,-1.6040,1.4710,1.5210,5.8540
2017.11233,2017-02-10,-156.5430,463.1180,23.0420,1.8310,2.0960,7.4720
2017.11507,2017-02-11,-154.6840,429.8760,-39.8510,1.7230,1.6180,6.9520
2017.11781,2017-02-12,-156.2790,438.1330,-17.1980,1.5100,1.4730,6.2090
2017.12055,2017-02-13,-155.4320,454.2520,-6.5220,1.5520,1.9360,6.6340
2017.12329,2017-02-14,-163.3540,442.5110,-2.7180,1.6780,1.7010,6.5720
2017.12603,2017-02-15,-154.5500,445.9260,-22.7690,1.9740,1.9340,8.1110
2017.12877,2017-02-16,-150.2320,433.2550,-11.0250,2.6920,2.2800,9.5290
2017.13151,2017-02-17,-151.3720,446.0380,-17.5140,1.8210,1.8100,7.2800
2017.13425,2017-02-18,-150.2990,440.3600,10.5300,1.5170,1.4010,6.0100
2017.13699,2017-02-19,-157.0140,438.2220,-28.7030,1.7420,1.5450,6.6480
2017.13973,2017-02-20,-154.2370,469.6390,45.2760,2.1240,2.3320,8.8430
2017.14247,2017-02-21,-154.7250,438.7940,-26.4340,1.5490,1.5380,5.9900
2017.14521,2017-02-22,-165.8830,461.7740,-22.0390,1.9900,1.8630,8.1450
2017.14795,2017-02-23,-160.0150,436.6370,-35.4290,1.6770,1.4860,6.4540
2017.15068,2017-02-24,-158.8440,433.4580,-29.7270,1.6390,1.4710,6.2300
2017.15342,2017-02-25,-156.0070,443.9200,-28.6860,2.2050,2.1510,9.1250
2017.15616,2017-02-26,-153.5710,439.3020,-13.8750,1.8380,1.7840,7.3440
2017.15890,2017-02-27,-144.8360,429.8620,30.5780,2.3870,2.0420,9.2010
2017.16164,2017-02-28,-158.9740,447.0020,-13.8640,1.4640,1.4460,6.0420
2017.16438,2017-03-01,-157.0760,436.4140,-4.7800,1.7520,1.5260,7.2410
2017.16712,2017-03-02,-180.2470,450.6000,-58.8550,2.7040,2.3230,11.0390
2017.16986,2017-03-03,-145.5940,435.6400,-33.7300,1.6060,1.6290,7.0790
2017.17260,2017-03-04,-155.6120,444.8300,5.1590,1.6960,1.5260,6.4840
2017.17534,2017-03-05,-158.0040,448.4200,27.8630,2.2170,2.3320,9.2820
2017.17808,2017-03-06,-166.6580,455.6490,68.4870,2.1630,2.1060,9.5110
2017.18082,2017-03-07,-156.7780,438.9750,-19.9170,1.5640,1.4330,6.1700
2017.18356,2017-03-08,-155.0870,448.9970,8.2580,1.7590,1.7480,6.8760
2017.18630,2017-03-09,-160.0060,441.9610,-8.9410,1.7180,1.5310,6.4150
2017.18904,2017-03-10,-161.4010,445.0860,-11.5990,1.7320,1.6540,6.7810
2017.19178,2017-03-11,-156.2550,443.8140,14.5990,1.7750,1.7800,7.3250
2017.19452,2017-03-12,-156.6000,462.2490,-21.5510,2.1790,2.1230,8.4230
2017.19726,2017-03-13,-159.4940,444.7010,10.8270,1.8260,1.7140,6.6720
2017.20000,2017-03-14,-155.5230,444.9260,-77.7180,1.7040,1.6830,8.0600
2017.20274,2017-03-15,-159.3840,448.0650,-7.1470,2.4770,2.3150,9.8330
2017.20548,2017-03-16,-161.5810,439.6590,4.5840,1.6980,1.5280,6.8930
2017.20822,2017-03-17,-157.4920,443.7310,-10.4730,1.7790,1.7840,7.4020
2017.21096,2017-03-18,-163.1170,440.4630,-23.1650,2.1180,2.0350,9.2380
2017.21370,2017-03-19,-159.0050,435.6110,-28.3830,1.5020,1.3300,6.0800
2017.21644,2017-03-20,-144.2410,471.4000,53.4600,1.9440,1.9480,7.8600
2017.21918,2017-03-21,-160.1710,452.0640,-17.2630,2.3320,2.1570,9.0420
2017.22192,2017-03-22,-156.0660,447.3350,-10.8410,1.6870,1.6540,6.6410
2017.22466,2017-03-23,-156.4180,453.8330,-30.9500,2.1860,2.1460,9.5250
2017.22740,2017-03-24,-156.7940,452.3430,-8.2960,1.9070,2.3640,8.2050
2017.23014,2017-03-25,-178.5050,422.5280,-24.2450,2.4260,1.9870,9.3170
2017.23288,2017-03-26,-164.1530,439.5750,-18.0950,1.6440,1.3890,6.2470
2017.23562,2017-03-27,-143.5450,476.3570,-11.2530,1.5570,1.7010,6.5570
2017.23836,2017-03-28,-156.9660,447.7250,8.6430,1.7330,1.5760,7.2130
2017.24110,2017-03-29,-157.9750,441.7250,5.5740,1.7240,1.6910,7.4970
2017.24384,2017-03-30,-160.4590,455.0860,-111.3530,2.5470,2.5460,11.6440
2017.24658,2017-03-31,-180.8600,521.5730,76.5040,2.1180,1.8450,8.3460
2017.24932,2017-04-01,-155.7090,438.9450,-30.4340,1.7100,1.7180,6.9490
2017.25205,2017-04-02,-153.0030,452.1790,18.9650,1.9500,2.2870,8.0510
2017.25479,2017-04-03,-156.9740,437.9000,-32.4600,2.2370,1.9020,9.0570
2017.25753,2017-04-04,-153.8170,443.4790,-8.4850,1.9240,1.7730,7.9760
2017.26027,2017-04-05,-158.2440,452.1210,8.2480,1.8500,1.8440,7.1770
2017.26301,2017-04-06,-160.1110,461.8480,28.8800,1.5560,1.6310,6.3530
2017.26575,2017-04-07,-158.7790,448.3270,6.3850,2.3490,1.9800,9.1580
2017.26849,2017-04-08,-157.5390,449.1320,-30.3620,2.2480,2.0750,9.3870
2017.27123,2017-04-09,-153.6410,446.0760,-12.3390,2.0670,1.8110,8.0410
2017.27397,2017-04-10,-154.7530,420.2970,-65.8100,2.8560,2.7990,13.1190
2017.27671,2017-04-11,-154.3820,447.7370,-40.9180,2.3120,2.0520,9.7190
2017.27945,2017-04-12,-156.2420,435.6460,-95.6060,2.0050,1.7870,8.4350
2017.28219,2017-04-13,-157.9630,444.1070,2.7960,2.2580,1.8620,8.8390
2017.28493,2017-04-14,-157.8530,461.2340,-8.7770,2.0010,1.9830,8.0970
2017.28767,2017-04-15,-154.6940,435.8990,-71.3650,2.1700,2.1090,8.8720
2017.29041,2017-04-16,-164.2370,441.2590,-72.5420,1.9930,2.1080,9.3830
2017.29315,2017-04-17,-156.5780,458.4980,-43.7840,2.0060,1.9360,8.4060
2017.29589,2017-04-18,-168.9500,461.3560,-13.0830,2.0000,1.7390,7.1110
2017.29863,2017-04-19,-161.3860,457.3870,-51.2370,2.3530,2.1830,8.8310
2017.30137,2017-04-20,-157.5020,456.8990,4.1110,1.7290,1.6530,6.8090
2017.30411,2017-04-21,-179.4680,473.7180,5.7740,3.1870,2.7790,12.2790
2017.30685,2017-04-22,-151.1260,480.5060,-28.7510,2.0670,2.5050,9.2750
2017.30959,2017-04-23,-146.2190,440.8870,-86.4010,2.4950,2.1250,10.3390
2017.31233,2017-04-24,-165.8870,458.3760,37.3430,2.6440,2.6560,11.7790
2017.31507,2017-04-25,-160.6900,434.5330,-109.8650,3.6610,3.0880,12.1580
2017.32055,2017-04-27,-170.3580,448.9010,-69.0080,2.4780,1.9440,8.9440
2017.32329,2017-04-28,-143.8600,475.0920,11.1050,3.9820,5.4570,15.9610
2017.32603,2017-04-29,-207.8230,487.7730,-31.2580,2.9580,2.5460,11.4490
2017.32877,2017-04-30,-158.1360,454.8290,222.2660,3.5160,3.2100,13.7110
2017.33151,2017-05-01,-158.3210,471.9580,-73.0590,2.4100,2.3240,9.0130
2017.33425,2017-05-02,-162.4730,465.0100,-27.9200,2.1680,1.9770,7.6980
2017.33699,2017-05-03,-176.5830,465.4780,-9.7650,2.9450,2.3140,9.4410
2017.33973,2017-05-04,-149.6520,490.0010,-10.7150,2.4780,2.7640,9.8940
2017.34247,2017-05-05,-150.4210,452.8680,-47.3930,1.9940,1.9970,7.5400
2017.34521,2017-05-06,-156.4690,507.0350,-53.2280,2.5900,2.3590,10.0290
2017.34795,2017-05-07,-159.9390,528.6580,9.6010,2.0680,1.8710,8.1560
2017.35068,2017-05-08,-150.3480,504.8900,44.2480,2.1520,1.9150,7.8710
2017.35342,2017-05-09,-175.1090,436.3460,-24.3270,3.6830,3.1290,13.7070
2017.35616,2017-05-10,-154.7020,452.6170,-32.3390,1.9640,1.8390,7.4730
2017.35890,2017-05-11,-190.0110,450.5520,-238.4690,2.8810,2.7880,12.0560
2017.36164,2017-05-12,-154.1230,484.4420,19.4930,2.5990,2.8030,10.8010
2017.36438,2017-05-13,-157.6710,498.7940,31.7310,2.3300,2.1640,8.6650
2017.36712,2017-05-14,-146.7130,477.1020,-52.0750,3.2000,4.0550,13.7570
2017.36986,2017-05-15,-135.4010,536.7940,-179.4980,2.8770,2.9750,13.6420
2017.37260,2017-05-16,-150.6420,433.6030,-34.8740,2.1410,1.7620,7.7860
2017.37534,2017-05-17,-143.4180,462.3400,-2.9250,2.3320,2.4530,9.1700
2017.37808,2017-05-18,-155.0450,478.1970,-27.7390,2.3640,2.8570,9.3020
2017.38082,2017-05-19,-188.6790,436.1570,-163.4080,7.7100,4.8310,23.9130
2017.38356,2017-05-20,-189.5690,524.2290,-4.7230,5.7330,5.1930,16.2570
2017.38630,2017-05-21,-141.6980,480.1160,-18.7260,2.8160,4.0150,10.8330
2017.38904,2017-05-22,-151.2090,458.3950,41.7560,2.7890,3.1550,11.5580
2017.39178,2017-05-23,-146.5770,464.2570,-45.7350,2.4400,2.9210,11.0860
2017.39452,2017-05-24,-141.5820,564.8870,-167.2450,3.4300,3.0420,13.8700
2017.39726,2017-05-25,-159.9100,477.2370,-72.8140,3.2210,2.9960,11.8140
2017.40000,2017-05-26,-172.0000,432.7900,-120.0820,3.3420,3.5050,14.3490
2017.40274,2017-05-27,-134.7840,498.6680,15.9730,2.4320,2.3760,9.7080
2017.40548,2017-05-28,-149.0400,460.0900,-8.7640,2.4290,2.7560,9.4860
2017.40822,2017-05-29,-154.3700,516.3140,-22.2200,3.0140,2.6970,12.6150
2017.41096,2017-05-30,-191.8200,399.2810,-2.5010,4.3520,4.5980,17.5570
2017.41370,2017-05-31,-154.5640,406.2090,-160.0620,3.4500,5.2110,12.7580
2017.41644,2017-06-01,-156.9940,492.7300,4.8010,2.2280,2.8450,8.9100
2017.41918,2017-06-02,-139.0850,499.5670,-75.1720,3.8730,3.1790,15.5690
2017.42192,2017-06-03,-157.2690,509.7570,-10.7470,2.3330,2.1940,9.2920
2017.42466,2017-06-04,-163.5560,477.7170,-121.2940,2.9410,2.7070,12.2220
2017.42740,2017-06-05,-178.3220,508.0360,4.1630,2.2530,2.4250,8.4760
2017.43014,2017-06-06,-150.9400,534.7000,-6.7380,3.1470,2.8740,11.9280
2017.43288,2017-06-07,-163.2040,462.7670,-2.7280,2.5470,3.3640,10.8370
2017.43562,2017-06-08,-160.5930,574.3940,-62.5800,3.0110,2.7400,11.0050
2017.43836,2017-06-09,-150.6990,506.3400,-11.0800,3.2010,3.4900,12.3140
2017.44110,2017-06-10,-180.2750,454.2050,-28.5370,2.8690,2.6370,10.9590
2017.44384,2017-06-11,-165.5450,478.6000,-144.2010,2.7690,2.7220,10.3880
2017.44658,2017-06-12,-131.9900,525.2770,-150.2180,3.0370,3.3680,15.2960
2017.44932,2017-06-13,-159.5820,446.8840,-91.2170,2.7260,2.4080,10.8280
2017.45205,2017-06-14,-133.8720,475.6050,-219.0030,3.4100,3.4860,18.4930
2017.45479,2017-06-15,-217.9360,366.0240,-50.4010,3.7280,3.6100,13.5900
2017.45753,2017-06-16,-161.2090,460.5800,35.9680,3.6020,3.1430,15.8030
2017.46027,2017-06-17,-150.4230,541.2210,-176.8740,3.5440,2.9320,14.8350
2017.46301,2017-06-18,-156.8010,490.8260,-29.9460,2.5770,3.0060,10.6330
2017.46575,2017-06-19,-152.6210,422.5650,-11.5540,2.5760,2.3210,10.8050
2017.46849,2017-06-20,-176.2990,472.8780,-78.3450,3.5040,3.2550,16.4230
2017.47123,2017-06-21,-161.0650,465.2750,-38.5260,2.5210,3.0120,11.3160
2017.47397,2017-06-22,-200.3210,487.5350,-209.2790,3.7170,3.1850,15.1740
2017.47671,2017-06-23,-211.1170,423.0720,-121.1220,5.3980,4.5880,14.9080
2017.47945,2017-06-24,-143.0470,453.1230,-36.5760,2.2730,2.1580,8.9090
2017.50685,2017-07-04,-164.0880,539.4510,125.0660,5.5730,4.8910,20.0650
2017.50959,2017-07-05,-139.9550,560.3080,72.2910,4.8740,3.5360,19.2290
2017.51233,2017-07-06,-139.2510,536.1260,-127.4720,5.2340,4.7060,24.5690
2017.51507,2017-07-07,-148.7640,457.0830,-110.2020,3.1770,3.2460,13.7360
2017.51781,2017-07-08,-179.4390,525.9700,-1.7540,5.6910,4.5610,20.8510
2017.52055,2017-07-09,-93.6680,515.4010,41.3060,7.1380,8.1430,33.7970
2017.52329,2017-07-10,-146.9830,540.5330,40.9150,4.8130,4.9300,21.4930
2017.52603,2017-07-11,-150.2380,553.3290,-111.3840,3.8920,5.0730,22.8490
2017.52877,2017-07-12,-130.7990,457.9150,-131.3390,3.5510,3.0680,15.8060
2017.53151,2017-07-13,-138.7040,465.5740,23.9490,4.1280,3.2530,17.9290
2017.53425,2017-07-14,-209.2050,490.3200,-203.0110,5.3710,3.9530,18.7050
2017.53973,2017-07-16,-191.7750,536.2820,-107.0300,5.7460,6.7900,22.3430
2017.54247,2017-07-17,-170.0570,476.1760,-95.1920,3.9530,3.4260,18.2870
2017.54521,2017-07-18,-179.3390,385.7490,97.4750,5.8220,5.0970,23.2120
2017.54795,2017-07-19,-129.6990,524.2090,38.5030,4.7810,3.7540,16.7270
2017.55068,2017-07-20,-100.6710,573.3210,-315.0580,4.7080,4.5560,19.5740
2017.55342,2017-07-21,-150.2020,447.3620,-51.1010,3.3140,2.6120,13.2340
2017.55616,2017-07-22,-260.7130,405.4930,-92.4550,8.5110,8.5220,32.7730
2017.55890,2017-07-23,-134.7980,547.4640,189.7160,4.1490,3.5920,16.3550
2017.56438,2017-07-25,-150.4530,521.0240,-5.0560,3.3790,3.0490,12.5870
2017.56712,2017-07-26,-144.1530,463.9550,-43.3040,3.0170,3.3170,12.7290
2017.57534,2017-07-29,-158.9760,521.1760,179.9470,4.8570,4.2510,19.9660
2017.57808,2017-07-30,-135.3550,491.7720,69.1680,4.3150,3.7500,16.7540
2017.58082,2017-07-31,-152.3410,427.7960,93.7000,4.3330,3.3950,14.4460
2017.58356,2017-08-01,-142.0330,504.5100,-7.0270,2.9630,3.3160,11.9140
2017.58630,2017-08-02,-193.0450,488.6650,85.7980,5.7550,6.6520,22.9000
2017.58904,2017-08-03,-158.9980,532.4920,20.4000,3.8100,4.0560,17.5520
2017.59178,2017-08-04,-99.6770,553.9420,-48.2860,4.4670,4.5910,17.1710
2017.59452,2017-08-05,-151.6420,417.4850,-264.4060,5.4870,4.7490,21.5540
2017.59726,2017-08-06,-143.2220,532.2630,42.3730,3.6700,3.3670,15.1600
2017.60000,2017-08-07,-119.9010,484.8000,-92.7560,4.9860,3.8330,20.9750
2017.60274,2017-08-08,-116.4780,506.7340,-80.0740,3.3410,2.8100,13.3060
2017.60548,2017-08-09,-159.1290,540.0220,-57.3450,4.8360,4.5530,22.1600
2017.60822,2017-08-10,-133.6310,470.6720,-4.0190,3.8960,3.5090,17.2750
2017.61096,2017-08-11,-126.8400,462.4140,92.5470,3.5710,4.8420,17.0290
2017.61370,2017-08-12,-138.8940,495.7460,-85.0000,4.2470,4.1180,15.3610
2017.61644,2017-08-13,-107.0020,406.9690,-229.8820,6.9680,6.6310,27.1860
2017.61918,2017-08-14,-154.1960,557.9690,-62.9530,3.6060,2.9490,14.6660
2017.62192,2017-08-15,-167.4980,451.1020,-118.7950,3.6000,3.2270,13.4610
2017.62466,2017-08-16,-165.7680,481.2580,110.2690,5.9030,6.1520,23.3830
2017.62740,2017-08-17,-128.5450,552.3490,-235.5620,5.7400,8.6290,21.3370
2017.63014,2017-08-18,-135.6960,449.3310,-13.9280,3.9720,3.7600,15.2380
2017.63288,2017-08-19,-141.2020,483.6200,-36.9630,5.4930,4.7860,19.7240
2017.63562,2017-08-20,-159.2260,507.5670,29.3160,4.1480,4.6540,18.2080
2017.63836,2017-08-21,-158.2420,489.3530,44.4290,6.8650,5.9800,30.5990
2017.64110,2017-08-22,-172.2830,447.8660,-162.5190,5.6400,4.8070,24.0320
2017.64384,2017-08-23,-181.8410,450.3470,14.3060,5.4570,6.8800,23.3460
2017.64658,2017-08-24,-141.7870,494.3820,-150.5900,5.4130,3.9600,18.9210
2017.64932,2017-08-25,-201.8030,567.8570,134.6520,4.8480,4.3700,20.9640
2017.65205,2017-08-26,-150.8080,462.1230,108.3970,4.3230,3.1030,17.8110
2017.65753,2017-08-28,-159.6730,464.2170,43.2540,4.8700,3.5130,20.1460
2017.66027,2017-08-29,-152.6090,485.0210,-28.2740,4.2190,4.8770,15.8460
2017.66301,2017-08-30,-110.7960,565.0790,137.9650,4.4870,3.8020,20.6810
2017.66575,2017-08-31,-141.1660,594.0610,-35.6260,3.2970,2.9350,13.0680
2017.66849,2017-09-01,-234.3020,400.7920,204.3220,6.3510,8.0370,32.3230
2017.67123,2017-09-02,-140.1950,504.3150,87.5410,5.4930,3.3850,19.4800
2017.67397,2017-09-03,-188.4830,540.4440,188.9830,5.1100,3.9240,20.0870
2017.67945,2017-09-05,-178.1640,447.5040,6.6520,4.8280,3.5070,20.1820
2017.68219,2017-09-06,-108.8390,507.2440,-139.3380,3.8670,3.1650,14.2980
2017.69041,2017-09-09,-126.0560,475.7500,-12.7970,3.5850,3.2370,12.8840
2017.69315,2017-09-10,-94.9610,478.1280,-107.9800,3.6510,3.3790,15.1150
2017.69589,2017-09-11,-204.8510,489.5310,-36.1830,5.7130,4.7740,18.7100
2017.69863,2017-09-12,-167.8090,492.1440,-37.7530,6.1760,5.0760,23.5180
2017.70137,2017-09-13,-77.9090,515.0100,-183.4090,6.4730,5.2210,21.3280
2017.70411,2017-09-14,-180.3070,468.5270,29.1560,4.2300,3.3650,15.6330
2017.70685,2017-09-15,-157.2360,574.0190,46.2320,3.4280,3.0030,14.4740
2017.70959,2017-09-16,-155.6230,615.8790,-14.8090,3.4510,2.4830,11.9250
2017.71233,2017-09-17,-178.9770,521.1530,-36.5630,2.8840,2.7300,12.0180
2017.71507,2017-09-18,-170.8330,502.5590,97.3740,3.3710,3.4390,13.9040
2017.71781,2017-09-19,-150.4910,530.9860,-4.5520,3.3110,2.9890,12.6140
2017.72055,2017-09-20,-160.4170,512.8600,-83.9990,2.9120,2.6960,12.0710
2017.72329,2017-09-21,-166.6850,537.9490,28.6960,3.6790,2.9070,14.1900
2017.72603,2017-09-22,-107.4670,504.8990,-290.7270,4.4820,3.4590,16.8320
2017.72877,2017-09-23,-170.4330,522.4980,-57.3650,3.4660,4.2160,13.7360
2017.73151,2017-09-24,-211.3660,530.2020,-123.2220,3.3470,2.7440,13.0040
2017.73425,2017-09-25,-145.2120,522.0350,80.0320,4.3830,3.2790,17.3380
2017.74247,2017-09-28,-155.7600,542.5430,-89.0170,4.9010,7.1370,22.2540
2017.74521,2017-09-29,-116.1750,538.8210,-93.2370,4.3790,3.4140,15.3250
2017.74795,2017-09-30,-198.0720,478.1460,-88.1470,4.2260,4.3450,18.1160
2017.75068,2017-10-01,-224.5570,610.1150,-195.9960,7.5910,5.1960,27.7470
2017.75342,2017-10-02,-65.8050,385.3330,-411.8470,4.8480,4.4860,16.9310
2017.75616,2017-10-03,-145.3870,470.3790,-134.5070,2.9380,3.1440,14.8560
2017.75890,2017-10-04,-218.9390,509.9120,117.5960,6.8360,7.3470,32.8550
2017.76164,2017-10-05,-127.9270,512.9000,-20.8620,3.2510,3.4680,14.3510
2017.76438,2017-10-06,-150.2550,535.7840,-62.6220,4.7280,3.7760,16.1720
2017.76712,2017-10-07,-181.2950,472.1110,-137.5210,4.1930,4.3020,16.6500
2017.76986,2017-10-08,-145.6810,460.4430,-190.4960,4.5490,4.5240,16.2930
2017.77260,2017-10-09,-143.9370,536.9510,-84.6790,4.4450,6.9640,18.6600
2017.77534,2017-10-10,-239.1570,557.8290,-47.9040,5.8640,3.9080,22.1680
2017.77808,2017-10-11,-198.4910,504.1420,-60.0480,3.4250,2.9970,11.4520
2017.78082,2017-10-12,-145.5360,550.8250,24.8610,2.7110,2.1590,9.8170
2017.78356,2017-10-13,-159.5260,553.0330,-41.1810,2.9280,2.7340,11.4250
2017.78904,2017-10-15,-241.7430,615.5420,188.3180,4.6040,3.7850,16.3110
2017.79178,2017-10-16,-219.8890,445.3010,-95.7390,6.6050,4.2250,25.0710
2017.79452,2017-10-17,-151.2450,459.9250,-69.4500,3.5430,3.1420,12.3150
2017.79726,2017-10-18,-193.5900,542.8700,-133.0720,4.2110,3.2960,14.2110
2017.80000,2017-10-19,-119.9800,533.5770,-0.2000,3.0190,2.2510,10.3300
2017.80274,2017-10-20,-193.6470,509.6120,-156.9020,4.0170,3.6870,17.5580
2017.80548,2017-10-21,-173.9690,536.7970,-103.3380,3.6570,2.8230,15.3500
2017.80822,2017-10-22,-151.1410,533.6560,-53.2800,3.6200,2.7380,13.6330
2017.81096,2017-10-23,-198.2210,559.0620,85.4350,5.5860,4.3450,19.4080
2017.81370,2017-10-24,-156.9990,525.9050,42.3540,2.8030,2.3710,10.4820
2017.81644,2017-10-25,-169.8910,482.6010,13.8900,2.9870,2.6010,10.3360
2017.81918,2017-10-26,-187.4320,482.1940,27.6490,3.1780,2.8580,12.4640
2017.82192,2017-10-27,-157.9860,527.0620,-115.8170,3.4630,2.2500,13.6110
2017.82466,2017-10-28,-155.8420,497.4930,-35.5730,2.4600,2.8930,9.4990
2017.82740,2017-10-29,-170.9390,531.7510,-32.2750,2.9250,2.2100,11.5540
2017.83014,2017-10-30,-146.8460,448.2780,-71.9260,3.5870,2.9560,13.4820
2017.83288,2017-10-31,-170.0310,546.2810,-48.2990,3.9450,4.5180,17.9290
2017.83562,2017-11-01,-160.2740,513.6640,82.0760,3.9830,3.8800,15.5660
2017.83836,2017-11-02,-168.9370,547.9510,-69.1790,3.2700,2.4630,12.5170
2017.84110,2017-11-03,-180.3510,454.0020,-164.7110,4.0710,4.2930,20.3650
2017.84384,2017-11-04,-143.8290,544.3560,-46.7820,2.6930,2.0080,9.8880
2017.84658,2017-11-05,-184.8560,544.8250,-102.4030,3.4150,3.1670,13.7860
2017.84932,2017-11-06,-144.7370,522.0940,4.9690,2.3430,1.9530,8.6720
2017.85205,2017-11-07,-174.2370,522.9310,-19.6960,2.9230,2.9480,10.9780
2017.85479,2017-11-08,-176.2110,573.7890,33.2810,2.9650,2.5030,9.6260
2017.85753,2017-11-09,-149.7060,576.5840,-72.8240,2.9790,2.4830,10.9310
2017.86027,2017-11-10,-160.1510,466.6290,-65.0990,2.5190,2.2560,9.9340
2017.86301,2017-11-11,-205.2170,506.2310,-161.4440,4.4250,3.8410,14.9830
2017.86575,2017-11-12,-150.1300,518.6210,76.3380,3.0980,2.6090,11.4200
2017.86849,2017-11-13,-168.0600,510.0080,20.3770,2.3820,2.6280,8.6300
2017.87123,2017-11-14,-162.0800,473.9560,-1.4850,2.4030,2.2420,9.0620
2017.87397,2017-11-15,-157.7090,477.0540,-16.9190,3.0430,2.9910,12.1410
2017.87671,2017-11-16,-147.3520,508.1170,34.6660,2.8480,3.1470,10.6680
2017.87945,2017-11-17,-144.1820,486.5530,-25.6140,3.0820,3.5000,12.3540
2017.88219,2017-11-18,-142.0160,549.5920,-42.9570,2.4740,2.0170,9.9010
2017.88493,2017-11-19,-170.8950,498.5250,-18.1370,2.5210,2.7910,9.8300
2017.88767,2017-11-20,-154.8370,489.8450,-19.3200,2.5870,2.7730,9.6300
2017.89041,2017-11-21,-164.3840,519.3690,15.1530,2.2890,2.4790,8.3530
2017.89315,2017-11-22,-144.5110,505.2870,67.7400,3.2280,3.6750,13.4380
2017.89589,2017-11-23,-151.7000,485.0230,-3.5220,2.2400,2.9070,8.8910
2017.89863,2017-11-24,-169.1950,504.7940,64.0920,3.2420,3.7190,13.5860
2017.90137,2017-11-25,-127.9750,531.9120,-332.7780,4.7950,3.9850,17.6300
2017.90411,2017-11-26,-165.8270,542.3060,16.4660,2.3300,1.9830,8.7440
2017.90685,2017-11-27,-161.9590,500.3430,-9.2690,2.4780,2.7000,8.7260
2017.90959,2017-11-28,-154.3540,490.5860,24.1770,2.7750,3.2750,11.3680
2017.91233,2017-11-29,-156.1770,485.8240,5.1690,2.7640,2.8730,10.0310
2017.91507,2017-11-30,-149.4120,526.2310,-13.7040,2.5570,2.2470,9.4510
2017.91781,2017-12-01,-158.8510,482.4400,-37.0590,2.4220,2.3750,8.1320
2017.92055,2017-12-02,-163.5110,477.2080,-25.0770,2.4120,2.5260,8.5320
2017.92329,2017-12-03,-173.9080,491.8690,41.5130,2.8650,3.2640,10.6970
2017.92603,2017-12-04,-182.7780,516.6960,13.6790,2.6810,2.3520,9.7390
2017.92877,2017-12-05,-157.9900,455.7180,-81.4060,2.1300,1.8420,7.8310
2017.93151,2017-12-06,-170.7330,460.0330,-21.0170,2.6310,2.0690,8.1250
2017.93425,2017-12-07,-182.3110,477.4130,-8.2960,3.3900,2.9010,10.7080
2017.93699,2017-12-08,-160.4490,488.4250,-120.2210,4.3390,3.3250,15.8670
2017.93973,2017-12-09,-167.5430,468.7520,-23.3280,2.4000,2.1310,8.6340
2017.94247,2017-12-10,-141.0410,481.4310,82.3400,3.4480,3.2920,13.7450
2017.94521,2017-12-11,-169.9510,496.9650,-41.3590,2.7480,4.0340,11.7530
2017.94795,2017-12-12,-148.2060,473.4560,33.4480,2.9850,2.7220,10.3080
2017.95068,2017-12-13,-160.4200,480.0030,-11.7660,2.4610,2.4790,8.7830
2017.95342,2017-12-14,-170.6030,539.3920,97.8730,2.7050,2.2190,9.3380
2017.95616,2017-12-15,-159.5890,485.1190,-23.9800,2.8360,3.0290,11.2950
2017.95890,2017-12-16,-157.4080,450.7630,-51.9690,2.6060,2.5340,11.3590
2017.96164,2017-12-17,-159.5960,455.5510,-24.9440,2.4010,1.8780,8.4850
2017.96438,2017-12-18,-155.5450,455.7430,-69.7760,2.7870,2.3880,10.1490
2017.96712,2017-12-19,-147.5330,443.5820,-7.3030,2.6810,2.3710,10.5060
2017.96986,2017-12-20,-156.9030,487.9430,-2.1740,2.6240,3.1960,10.8200
2017.98356,2017-12-25,-153.3350,451.3830,-32.9540,2.1940,1.9830,8.1320
2017.98630,2017-12-26,-156.0900,475.8050,-8.4270,2.2870,2.3350,8.2020
2017.98904,2017-12-27,-171.6660,449.0710,-101.8030,2.5400,2.1410,9.8510
2017.99178,2017-12-28,-157.4260,463.6820,20.4900,2.2060,1.8690,8.4980
2017.99452,2017-12-29,-156.6570,471.9180,-29.4040,1.9790,2.0410,7.1710
2017.99726,2017-12-30,-158.6370,486.0670,10.5170,2.2980,2.7020,9.3300
2018.00000,2017-12-31,-144.3760,461.6470,-59.1590,2.3970,2.3070,8.9300
2018.00274,2018-01-01,-155.5910,467.0720,12.8470,1.9580,1.7570,7.7670
2018.00548,2018-01-02,-156.2190,467.6310,25.0000,1.8130,2.0860,7.5700
2018.00822,2018-01-03,-139.3830,447.3890,-15.4560,2.4730,2.0710,9.8310
2018.01096,2018-01-04,-148.8500,464.6660,-11.9490,2.0940,2.0590,8.1710
2018.01370,2018-01-05,-147.4940,471.3280,-2.7570,2.5700,2.4750,9.5240
2018.01644,2018-01-06,-147.1780,460.2960,18.7610,2.2480,2.1910,8.6400
2018.01918,2018-01-07,-166.7490,451.7370,30.3700,2.4020,1.8930,9.0300
2018.02192,2018-01-08,-201.7550,527.9480,17.3800,3.1650,3.2550,11.5470
2018.02466,2018-01-09,-154.0780,449.2110,47.0450,2.0610,1.7910,8.2050
2018.02740,2018-01-10,-160.2130,455.5690,-17.5700,2.6520,1.9190,9.1250
2018.03014,2018-01-11,-164.2700,463.1160,-28.0360,2.5380,1.9890,9.3860
2018.03288,2018-01-12,-151.2970,459.3880,-13.1650,1.9740,1.6880,7.0210
2018.03562,2018-01-13,-159.3940,455.3970,-10.1230,2.2860,1.8490,8.3780
2018.03836,2018-01-14,-165.4670,455.0900,-50.9240,2.6860,2.3390,10.1120
2018.04110,2018-01-15,-157.7260,392.6130,-166.4680,3.5530,4.8600,16.5200
2018.04384,2018-01-16,-160.5600,471.1470,-14.0280,2.1080,1.9480,8.1130
2018.04658,2018-01-17,-150.8430,473.8000,84.7290,2.0900,2.3800,8.9000
2018.04932,2018-01-18,-151.8490,476.5740,38.4230,2.1940,2.3780,8.5680
2018.05205,2018-01-19,-153.2000,449.4240,-45.0630,2.5330,2.3450,10.8660
2018.05479,2018-01-20,-177.7720,502.9800,-1.2190,2.7710,2.9400,9.6160
2018.05753,2018-01-21,-154.2180,456.9600,36.8720,2.0370,1.7630,7.8300
2018.06027,2018-01-22,-159.0270,474.2950,19.7950,2.0780,1.8980,8.1370
2018.06301,2018-01-23,-142.7270,487.6500,78.1780,2.8960,4.1590,12.4460
2018.06575,2018-01-24,-156.8900,464.2430,14.6610,1.8630,1.6490,7.1530
2018.06849,2018-01-25,-152.2620,461.2410,-6.6770,1.8560,1.6390,6.9590
2018.07123,2018-01-26,-169.3170,471.0180,-54.8130,2.1590,1.9660,7.9350
2018.07397,2018-01-27,-159.4000,451.8970,-16.1950,2.5180,2.3890,9.3650
2018.07671,2018-01-28,-153.5410,465.8150,17.7960,2.9540,2.2450,12.3710
2018.07945,2018-01-29,-160.3560,466.1200,-15.9670,2.2780,1.7030,7.6560
2018.08219,2018-01-30,-160.5010,457.2810,-27.2980,2.1190,1.8130,7.9890
2018.08493,2018-01-31,-156.0730,467.5900,-44.0070,2.1390,1.7650,7.8700
2018.08767,2018-02-01,-154.1660,468.2580,-7.0300,1.9490,1.8040,7.8630
2018.09041,2018-02-02,-159.8810,466.2550,10.9280,2.7740,2.0990,9.7670
2018.09315,2018-02-03,-155.4330,453.6320,-62.1850,3.3740,3.6840,13.0410
2018.09589,2018-02-04,-157.4640,459.5720,-25.2210,1.9970,1.6740,7.1850
2018.09863,2018-02-05,-151.7100,462.2490,-14.4230,2.1660,1.8790,8.2190
2018.10137,2018-02-06,-156.2630,531.4060,113.2630,3.2430,2.1590,10.2270
2018.10411,2018-02-07,-155.1420,462.9040,-17.6740,2.2570,1.9610,8.9420
2018.10685,2018-02-08,-158.4720,464.2130,4.3700,2.1020,1.6430,7.9450
2018.10959,2018-02-09,-146.8480,495.2540,-27.9720,2.6770,2.4500,10.8760
2018.11233,2018-02-10,-137.9650,436.3920,33.4950,2.4130,2.0710,9.1410
2018.15068,2018-02-24,-159.4130,468.2140,-25.6560,2.6290,1.9740,9.6580
2018.15342,2018-02-25,-163.9080,464.1530,-21.6850,1.9910,1.6200,7.1250
2018.15616,2018-02-26,-147.7620,468.6550,-24.2420,2.0940,1.8390,7.6380
2018.15890,2018-02-27,-158.6130,463.7080,12.6680,1.9780,1.7790,7.5830
2018.16164,2018-02-28,-159.3620,458.6500,-19.2070,2.3510,1.8870,8.4430
2018.16438,2018-03-01,-159.2110,494.3880,-23.9820,2.3880,2.1980,8.6340
2018.16712,2018-03-02,-153.4770,407.3670,0.6500,2.5960,2.8580,9.6950
2018.16986,2018-03-03,-164.0710,470.7200,-0.0590,1.8950,1.6010,6.8960
2018.17260,2018-03-04,-160.6570,466.2250,-4.9070,2.2440,1.7780,8.3500
2018.17534,2018-03-05,-152.7390,481.8310,-21.4620,2.3630,2.2430,9.0910
2018.17808,2018-03-06,-163.1970,477.0060,24.9660,2.0990,1.7930,7.7190
2018.18082,2018-03-07,-164.5630,466.2630,-1.6940,1.9230,1.6060,7.3360
2018.18356,2018-03-08,-175.5420,474.3290,24.7080,2.4130,1.8600,8.6660
2018.18630,2018-03-09,-157.5320,462.5690,-61.2170,2.3070,1.7960,8.9710
2018.18904,2018-03-10,-161.9510,483.3730,2.7380,2.2920,2.2140,8.3810
2018.19178,2018-03-11,-161.8450,471.5250,-1.4870,2.0260,1.6440,6.9630
2018.19452,2018-03-12,-177.2320,513.6850,-154.7510,2.9230,2.8720,12.9600
2018.19726,2018-03-13,-161.3570,432.4230,-52.6230,2.9080,3.0390,11.5250
2018.20000,2018-03-14,-206.7410,372.8730,-220.3410,3.8230,3.6070,15.0460
2018.20274,2018-03-15,-163.5410,455.8360,7.5380,2.0100,1.7690,7.8720
2018.20548,2018-03-16,-171.7970,468.6160,-14.0660,2.0030,1.6830,7.4830
2018.20822,2018-03-17,-166.3260,470.3050,15.3830,1.9530,1.6460,7.3290
2018.21096,2018-03-18,-161.7740,458.7150,-31.3280,2.3880,1.8750,8.7760
2018.21370,2018-03-19,-167.0600,467.3640,10.3280,2.1370,1.9240,7.8480
2018.21644,2018-03-20,-158.5100,475.5480,-36.2870,2.8020,2.0890,9.8180
2018.21918,2018-03-21,-160.7680,495.8270,-24.1820,2.2540,2.0090,8.5560
2018.22192,2018-03-22,-170.3830,470.3950,-2.4290,2.0290,1.6790,7.4670
2018.22466,2018-03-23,-161.5170,472.5810,-51.6660,2.8750,2.7240,11.3360
2018.22740,2018-03-24,-157.3060,466.6230,-36.4500,1.9970,1.7150,7.8320
2018.23014,2018-03-25,-163.7520,487.2390,7.8970,2.3420,2.9470,8.7020
2018.23288,2018-03-26,-167.5210,467.2760,5.6250,2.1840,1.7400,8.1850
2018.23562,2018-03-27,-168.8480,483.3460,-5.8830,2.4220,2.3710,8.9060
2018.23836,2018-03-28,-166.5130,468.1620,-43.5270,2.8960,2.4200,10.8660
2018.24110,2018-03-29,-164.1570,490.2450,0.2180,2.6850,2.6740,11.3270
2018.24384,2018-03-30,-165.0190,464.7750,-27.9890,2.0530,1.7090,7.7330
2018.24658,2018-03-31,-162.5030,463.7340,-29.2080,2.3820,1.9430,9.4740
2018.24932,2018-04-01,-160.8650,476.9880,-5.2500,1.9870,1.9110,7.7880
2018.25205,2018-04-02,-158.0920,463.9940,-70.2950,2.4730,1.9730,9.7500
2018.25479,2018-04-03,-164.5160,456.6580,-64.4530,2.8660,2.5650,12.0030
2018.25753,2018-04-04,-163.4380,485.9530,-7.3450,2.7420,2.4220,9.7580
2018.26027,2018-04-05,-163.1920,481.5800,-30.6000,2.4500,2.5790,9.8110
2018.26301,2018-04-06,-178.2390,438.6630,35.2060,3.1060,3.1450,13.5490
2018.26575,2018-04-07,-164.8690,471.0240,-38.1360,2.5880,2.0520,10.3240
2018.26849,2018-04-08,-165.2290,443.0890,13.7890,2.7210,2.3670,9.4580
2018.27123,2018-04-09,-186.7670,391.4010,-304.2060,3.2570,3.6320,16.1420
2018.27397,2018-04-10,-168.1140,461.4970,-47.9030,2.5350,2.0330,9.1460
2018.27671,2018-04-11,-164.1280,507.9550,-27.2200,2.8770,2.8980,12.1120
2018.27945,2018-04-12,-155.5560,470.4350,-22.6450,2.3230,2.0220,9.0140
2018.28219,2018-04-13,-170.4670,478.1140,16.8080,2.2530,1.9950,8.5950
2018.28493,2018-04-14,-161.8150,476.0300,-34.4510,2.1430,2.1930,9.3010
2018.28767,2018-04-15,-158.2320,459.3730,0.3070,2.4010,2.0370,9.0020
2018.29041,2018-04-16,-171.0830,465.3320,-14.8240,3.1240,2.3290,10.8720
2018.29315,2018-04-17,-147.5120,464.7070,-20.4960,4.4610,4.1760,19.8630
2018.29589,2018-04-18,-148.7050,466.6990,-51.8560,2.9510,2.7030,11.7810
2018.29863,2018-04-19,-157.5200,482.2020,-19.5950,1.9300,1.7410,7.2240
2018.30137,2018-04-20,-169.3800,477.0830,2.0120,1.9750,1.7020,7.1890
2018.30411,2018-04-21,-167.5260,476.4000,-41.6330,2.1090,1.8310,7.7570
2018.30685,2018-04-22,-158.9730,489.2390,-27.7430,2.1480,2.0030,7.9630
2018.30959,2018-04-23,-155.3450,493.0880,139.0030,2.4280,2.2820,9.8040
2018.31233,2018-04-24,-180.4370,463.9570,-7.8230,2.0800,1.7050,7.2580
2018.31507,2018-04-25,-160.0210,477.5160,-24.0520,3.0250,2.4290,11.3050
2018.31781,2018-04-26,-148.4160,477.2290,6.0110,2.8310,2.1780,9.3990
2018.32055,2018-04-27,-162.3030,497.5770,-44.3430,2.8940,3.0010,11.0410
2018.32329,2018-04-28,-164.5760,476.0580,31.6540,2.3240,2.0000,8.6210
2018.32603,2018-04-29,-159.9200,483.7950,3.3240,2.1680,1.8880,7.7050
2018.32877,2018-04-30,-169.6890,489.3740,53.6700,2.1230,1.9770,7.8490
2018.33151,2018-05-01,-166.3640,492.7040,4.1520,2.5660,2.1790,9.0550
2018.33425,2018-05-02,-161.3900,522.7370,71.9240,2.9150,2.4950,9.9880
2018.33699,2018-05-03,-156.7950,459.2010,42.0490,2.4940,2.0390,8.9510
2018.33973,2018-05-04,-163.3060,484.4660,9.9600,2.5660,2.1670,9.3900
2018.34247,2018-05-05,-171.0970,508.1610,34.5740,2.5530,2.4020,9.1070
2018.34521,2018-05-06,-157.2540,482.7900,-18.2570,2.5940,2.4720,9.4930
2018.34795,2018-05-07,-159.3460,468.8870,19.4940,2.5310,2.0510,8.4120
2018.35068,2018-05-08,-157.5330,493.5710,3.0080,2.2750,2.0340,7.6440
2018.35342,2018-05-09,-167.5250,495.6700,23.4450,2.3430,2.2240,9.2590
2018.35616,2018-05-10,-158.7880,482.0290,45.2630,2.8480,2.7810,10.3680
2018.35890,2018-05-11,-164.6650,475.4620,-51.6570,2.5880,2.1790,8.7560
2018.36164,2018-05-12,-159.7960,481.3510,-61.6570,2.2200,2.0970,8.1390
2018.36438,2018-05-13,-166.0640,484.6130,-11.9960,2.4060,2.1800,8.4980
2018.36712,2018-05-14,-161.4750,494.2130,19.5900,2.4320,2.1870,8.5170
2018.36986,2018-05-15,-155.8120,482.9250,18.9880,2.8180,2.7530,10.2940
2018.37260,2018-05-16,-159.1450,440.9160,-57.9830,3.2570,2.6120,11.8040
2018.37534,2018-05-17,-190.8260,479.5350,-42.1540,3.5730,2.9890,12.9760
2018.37808,2018-05-18,-87.8700,510.3370,-173.0560,3.7650,2.8430,12.9870
2018.38082,2018-05-19,-153.6980,481.6610,8.4510,2.7910,2.3420,11.3960
2018.38356,2018-05-20,-151.8830,467.7650,22.8580,2.6880,2.3300,10.8400
2018.38630,2018-05-21,-173.2410,473.2260,-9.5350,2.5930,2.2290,8.8490
2018.38904,2018-05-22,-152.6420,474.8580,-53.2330,2.4180,2.3690,9.1440
2018.39178,2018-05-23,-171.0890,474.2810,37.0760,2.6190,2.1260,9.6610
2018.39452,2018-05-24,-165.2640,492.7390,-6.9920,2.7020,2.2620,9.5760
2018.39726,2018-05-25,-146.0100,499.2400,-68.2960,3.2050,3.2240,12.5230
2018.40000,2018-05-26,-167.9260,506.2600,-133.9150,3.1040,3.1680,13.8780
2018.40274,2018-05-27,-159.5170,464.5910,-62.6660,2.6810,2.2590,9.9390
2018.40548,2018-05-28,-180.7270,510.4050,-10.5630,3.1600,3.2610,10.6180
2018.40822,2018-05-29,-163.4700,499.6450,53.6610,2.6350,2.7030,10.6860
2018.41096,2018-05-30,-153.7750,514.5730,-6.4950,3.2420,2.9910,14.2860
2018.41370,2018-05-31,-155.2570,497.3000,-47.0280,2.7520,2.6630,11.0910
2018.41644,2018-06-01,-133.8510,456.3530,-173.7750,3.9050,2.9900,14.0300
2018.41918,2018-06-02,-142.8790,506.6800,-32.5350,3.1210,4.0590,13.9950
2018.42192,2018-06-03,-150.0540,476.6760,-33.5450,2.5820,2.1620,9.9720
2018.42466,2018-06-04,-150.7860,459.1010,-97.9840,2.8890,2.5220,12.0190
2018.43014,2018-06-06,-154.3290,499.8110,-150.9630,3.6070,2.8320,15.4730
2018.43288,2018-06-07,-155.0030,480.6830,35.8300,2.7570,2.1720,10.3180
2018.43562,2018-06-08,-207.2520,499.5410,104.0670,3.8220,3.2660,15.3530
2018.43836,2018-06-09,-169.4810,460.9450,-93.6240,2.8000,2.3440,10.9280
2018.44110,2018-06-10,-245.3880,600.6000,241.9630,4.6020,3.5620,16.5170
2018.44384,2018-06-11,-156.1400,475.4870,-97.2670,2.6730,2.5730,12.1000
2018.44658,2018-06-12,-143.5380,574.0010,-40.2500,3.8630,2.9650,14.4380
2018.44932,2018-06-13,-166.0110,511.1710,56.6770,2.4520,2.3560,10.1840
2018.45205,2018-06-14,-103.0910,534.1430,157.5810,4.0810,3.5800,16.0890
2018.45479,2018-06-15,-145.9080,464.3700,-84.1170,3.6790,3.1920,15.1020
2018.45753,2018-06-16,-150.2050,534.9080,50.2920,2.8840,3.2870,12.4830
2018.46027,2018-06-17,-174.9870,503.5590,18.9570,2.9700,2.6530,12.2930
2018.46301,2018-06-18,-193.2700,491.7950,9.6330,3.3700,3.2470,14.6520
2018.46575,2018-06-19,-156.4350,489.1180,35.3540,3.7940,2.8580,16.4080
2018.46849,2018-06-20,-173.5900,491.0490,-43.1520,3.0950,2.5370,12.2290
2018.47123,2018-06-21,-153.8010,477.6920,-22.6060,2.7700,2.1840,11.4840
2018.47397,2018-06-22,-142.3850,481.1650,-26.0970,2.7670,2.3120,11.7870
2018.47671,2018-06-23,-162.1920,460.2340,0.5680,3.2910,2.6140,12.6250
2018.47945,2018-06-24,-132.1110,508.4650,-7.4550,3.2270,2.8780,12.8150
2018.48219,2018-06-25,-152.9700,495.4130,-36.6640,3.2240,2.7140,13.1900
2018.48493,2018-06-26,-184.1210,543.9570,134.4560,3.3460,3.1270,13.4470
2018.48767,2018-06-27,-145.5490,485.7060,-170.8490,3.8510,3.6510,16.8860
2018.49041,2018-06-28,-122.1850,520.5890,5.5170,4.5110,4.7650,19.9580
2018.49315,2018-06-29,-153.4900,505.5110,-114.4920,3.8550,3.4920,16.9880
2018.49589,2018-06-30,-162.2630,529.6020,-37.8060,3.5690,3.3310,14.7180
2018.49863,2018-07-01,-173.6170,510.3830,-39.7730,3.0860,2.5700,12.7640
2018.50137,2018-07-02,-149.2840,530.5310,-117.3410,3.4920,3.6160,15.5060
2018.50411,2018-07-03,-156.1580,500.7230,-78.9460,3.2600,2.4100,12.5430
2018.50685,2018-07-04,-159.1950,504.2510,-6.2750,3.8880,3.6500,16.8630
2018.50959,2018-07-05,-156.3970,503.2770,-147.8490,3.2770,2.7780,14.8820
2018.51233,2018-07-06,-163.8800,524.4510,42.1060,3.2130,3.3070,12.2970
2018.51507,2018-07-07,-150.9500,461.0640,19.7710,4.0920,2.8960,15.7160
2018.51781,2018-07-08,-185.5030,536.7180,17.4340,4.0740,4.4820,18.9980
2018.52055,2018-07-09,-161.5100,558.3890,-78.7550,4.0060,3.6120,19.2370
2018.52329,2018-07-10,-179.8000,499.2300,113.6200,4.8490,3.0950,20.0020
2018.52603,2018-07-11,-151.5860,498.8970,-22.5610,3.1220,2.4280,13.4150
2018.52877,2018-07-12,-131.3850,610.8240,-113.6950,4.0200,2.8280,15.7430
2018.53151,2018-07-13,-159.1100,527.9570,18.7600,3.3500,3.1790,13.6180
2018.53425,2018-07-14,-146.5170,495.6790,-140.4110,4.0750,3.3130,17.5400
2018.53973,2018-07-16,-181.3600,515.2780,-123.8700,4.2900,3.8410,18.3760
2018.54247,2018-07-17,-175.9920,462.4620,-28.9910,3.2120,2.3150,12.7280
2018.54521,2018-07-18,-162.3350,580.6120,-44.8960,3.2580,2.5280,14.5650
2018.54795,2018-07-19,-131.7720,598.1270,-144.3690,4.0950,3.9340,16.4950
2018.55068,2018-07-20,-162.7730,490.6350,3.1560,3.0660,2.3760,11.8220
2018.55342,2018-07-21,-159.7900,508.9600,-43.5630,3.1950,3.2580,13.6420
2018.55616,2018-07-22,-189.3410,556.6960,-154.5720,3.3270,3.5740,17.3250
2018.55890,2018-07-23,-140.2490,492.0410,156.4780,3.6560,3.5020,16.3480
2018.56164,2018-07-24,-139.3130,552.0230,-74.2380,2.8430,2.8510,12.2980
2018.56438,2018-07-25,-158.2030,556.8770,-59.3690,2.9930,2.5110,12.5100
2018.56712,2018-07-26,-165.8890,544.7550,-3.5010,3.1490,2.6960,14.0770
2018.56986,2018-07-27,-168.8730,525.8510,-86.1650,3.2530,3.1070,15.6500
2018.57534,2018-07-29,-175.5700,547.7810,-225.3190,3.4810,3.4830,14.8880
2018.57808,2018-07-30,-163.0650,538.8280,-284.0990,3.8050,3.2210,16.4160
2018.58082,2018-07-31,-178.2880,483.7160,-55.3290,2.8380,2.1840,11.9920
2018.58356,2018-08-01,-151.5750,539.1320,-148.5450,3.1770,3.0560,14.0640
2018.58630,2018-08-02,-182.9490,519.5720,-39.6260,2.6200,2.2910,10.9500
2018.58904,2018-08-03,-166.4480,489.9310,-70.5210,3.6990,2.9690,15.5550
2018.59452,2018-08-05,-146.0120,487.2570,-95.8370,3.1050,2.4770,12.6790
2018.59726,2018-08-06,-164.5260,518.5780,-47.5820,3.2640,3.1620,13.5440
2018.60000,2018-08-07,-153.2560,528.9040,-61.2240,3.0980,2.8480,12.8710
2018.60274,2018-08-08,-164.1780,531.5120,-12.2610,2.7500,2.7570,12.0280
2018.60548,2018-08-09,-145.1520,460.4830,-83.6230,2.9520,2.4540,11.8010
2018.60822,2018-08-10,-133.6930,498.9240,-147.9130,4.0710,3.3960,16.9110
2018.61096,2018-08-11,-135.5420,531.3720,15.9000,3.1900,2.9780,13.2940
2018.61644,2018-08-13,-154.1940,573.2400,33.3940,2.9360,2.6740,12.9600
2018.61918,2018-08-14,-152.3390,541.7540,-50.9700,3.1490,3.2000,13.3100
2018.62192,2018-08-15,-111.5870,599.0830,-348.2480,3.8660,3.4390,19.0900
2018.62466,2018-08-16,-148.8340,558.5710,-128.1210,3.1070,2.8750,15.0480
2018.62740,2018-08-17,-156.1750,527.9550,-90.0620,3.4280,3.3400,15.0130
2018.63014,2018-08-18,-167.8390,528.9720,21.6820,3.0780,2.6410,12.0260
2018.63836,2018-08-21,-176.4880,499.3340,-170.5630,4.0590,3.5690,16.2260
2018.64110,2018-08-22,-155.3560,571.5060,-101.8150,3.6020,2.7870,14.2570
2018.64384,2018-08-23,-139.0900,574.5030,-157.6740,3.8760,3.6460,16.0620
2018.65205,2018-08-26,-132.7980,550.4520,-50.9010,3.2340,3.0790,14.9610
2018.65479,2018-08-27,-82.6790,539.6750,-107.1060,6.1780,4.4250,29.5860
2018.65753,2018-08-28,-158.9840,608.8980,-128.4600,3.9500,4.3030,22.0560
2018.66575,2018-08-31,-171.9450,538.1310,-39.6310,3.5860,3.7560,16.4890
2018.66849,2018-09-01,-156.9800,541.7230,-32.2860,3.5060,3.0400,15.6520
2018.67123,2018-09-02,-146.3890,499.1880,21.9390,3.3560,2.9100,16.7610
2018.67397,2018-09-03,-72.0930,526.5050,-350.6030,4.3160,3.3940,18.0850
2018.67671,2018-09-04,-149.1560,527.6870,-86.1450,3.7560,2.8910,16.3910
2018.68219,2018-09-06,-151.1480,506.7430,4.9560,3.4830,3.7680,17.6640
2018.68493,2018-09-07,-129.3720,524.9640,-96.0640,3.5600,3.8230,16.5950
2018.68767,2018-09-08,-125.7020,572.9790,-119.1100,3.1570,3.2610,15.2100
2018.69041,2018-09-09,-129.2550,558.3310,-179.0100,6.0680,6.1320,29.2570
2018.69315,2018-09-10,-155.1510,523.5230,-28.5390,3.2320,3.2620,14.8370
2018.69589,2018-09-11,-140.2660,507.3870,-114.9630,6.0100,8.1230,31.9930
2018.69863,2018-09-12,-142.4040,524.2490,-235.3450,4.3540,4.9470,18.5250
2018.70137,2018-09-13,-160.8180,561.8060,-172.7430,3.6290,3.3140,16.0590
2018.71507,2018-09-18,-145.4760,476.5290,-14.6890,2.9450,2.4020,10.9150
2018.71781,2018-09-19,-175.5140,515.9290,22.4550,2.7380,2.6350,11.1010
2018.72055,2018-09-20,-155.3070,504.7660,-44.7570,2.4350,2.3670,10.3970
2018.72329,2018-09-21,-156.4000,468.6160,-80.5340,2.6370,2.0430,9.8940
2018.72603,2018-09-22,-166.0530,486.4060,-14.6370,2.6440,2.4150,11.4200
2018.72877,2018-09-23,-162.7920,516.0090,30.7990,2.8010,3.1310,11.8230
2018.73151,2018-09-24,-153.5740,484.8640,-101.7090,2.5860,2.1230,10.6570
2018.73699,2018-09-26,-142.6870,472.4160,-116.7460,2.7450,2.6320,11.6990
2018.73973,2018-09-27,-103.2280,575.0490,96.4320,5.6950,4.1790,21.5820
2018.74247,2018-09-28,-156.6520,470.5050,-171.6440,3.6030,2.8130,13.9720
2018.74521,2018-09-29,-139.1000,479.9420,-10.1740,2.7190,2.2410,11.1970
2018.74795,2018-09-30,-151.6270,462.8730,-30.1310,2.6940,2.2220,11.2880
2018.75068,2018-10-01,-146.8310,470.4950,-68.0490,2.4480,1.9790,9.4190
2018.75342,2018-10-02,-157.1380,486.6080,-42.1550,2.5620,2.2030,10.0060
2018.75616,2018-10-03,-132.1570,469.8760,-66.8880,3.4330,2.4830,14.3130
2018.75890,2018-10-04,-153.5710,506.2840,-73.6100,2.7140,2.5190,10.5150
2018.76164,2018-10-05,-152.7160,479.1430,-21.2600,2.4230,2.0190,9.4660
2018.76438,2018-10-06,-152.4200,483.9120,-104.4800,2.4860,1.9950,9.7120
2018.76712,2018-10-07,-152.9120,498.7190,-81.5090,2.6010,2.7840,10.6430
2018.76986,2018-10-08,-163.3810,483.7230,-49.4720,2.2700,1.8150,9.0830
2018.77260,2018-10-09,-161.8160,502.9640,-29.6740,2.5300,2.9620,10.3920
2018.77534,2018-10-10,-158.1370,488.0300,-43.1650,2.6630,2.5100,10.9400
2018.77808,2018-10-11,-149.8750,509.0580,-165.2780,2.8020,2.9300,12.6130
2018.78082,2018-10-12,-152.9150,485.9330,-73.0600,2.3710,2.4140,9.7180
2018.78356,2018-10-13,-162.3530,531.8630,6.8050,3.2020,3.6600,13.0570
2018.78630,2018-10-14,-154.1540,476.4520,-49.7710,2.7620,2.0770,10.7630
2018.78904,2018-10-15,-164.4250,476.5740,-15.0350,2.5720,1.9520,9.8090
2018.79178,2018-10-16,-184.8070,424.8280,-45.9180,2.7630,2.5900,11.2230
2018.79452,2018-10-17,-152.0860,480.1740,-38.1160,2.3520,1.9740,9.0170
2018.79726,2018-10-18,-164.4940,485.7590,-110.9980,2.2550,2.0360,8.5190
2018.80000,2018-10-19,-164.5920,470.7730,29.5690,2.7480,1.8830,9.0760
2018.80274,2018-10-20,-164.7870,476.1750,-45.0260,2.1690,1.9350,8.0140
2018.80548,2018-10-21,-167.9950,475.4610,-3.1370,2.5140,2.0670,9.0870
2018.80822,2018-10-22,-154.0730,499.4680,-43.9410,2.5330,3.0460,11.0280
2018.81096,2018-10-23,-151.9520,470.0580,-21.4410,2.3960,1.9320,9.0060
2018.81370,2018-10-24,-155.3820,471.0920,-13.8560,2.9760,2.0010,10.2790
2018.81644,2018-10-25,-163.3180,480.9500,-35.7130,2.3860,1.9910,8.8380
2018.82192,2018-10-27,-179.1810,485.1360,-57.0740,3.6230,2.8370,13.4690
2018.82466,2018-10-28,-143.2580,464.3770,102.1630,4.1060,2.9520,14.0770
2018.82740,2018-10-29,-157.8720,463.2550,-59.6860,2.4910,2.0320,9.1630
2018.83014,2018-10-30,-156.7290,505.1620,-7.2780,2.2240,2.1090,8.9580
2018.83288,2018-10-31,-160.6140,486.9050,-12.3140,2.5040,2.1430,9.2590
2018.83562,2018-11-01,-163.1890,491.3960,30.9240,2.8530,2.4580,10.5040
2018.83836,2018-11-02,-145.4550,478.8490,-9.8550,2.4330,2.1610,9.0280
2018.84384,2018-11-04,-167.1820,463.1140,-121.3630,3.5760,2.8480,12.9250
2018.84658,2018-11-05,-67.6480,611.4430,128.7240,5.0790,3.5580,18.8890
2018.84932,2018-11-06,-164.3210,502.3590,-1.5560,2.4500,2.5410,8.9140
2018.85205,2018-11-07,-207.5790,460.0710,-140.3050,4.2880,3.9530,14.4860
2018.85479,2018-11-08,-179.2990,477.1070,-387.1620,4.3590,3.3920,18.4890
2018.85753,2018-11-09,-148.5430,467.7290,-52.4340,2.7960,2.4540,9.6780
2018.86027,2018-11-10,-168.2930,497.6860,-85.0370,3.1240,3.2080,11.5180
2018.86301,2018-11-11,-155.1690,515.5070,0.3530,2.7790,3.0760,10.8690
2018.86575,2018-11-12,-157.3480,480.7400,16.4540,2.7380,2.2010,9.8590
2018.86849,2018-11-13,-165.3130,482.5420,-28.9390,2.4000,2.0170,9.2650
2018.87123,2018-11-14,-167.0420,477.6320,8.8690,2.2200,1.7580,7.8550
2018.87397,2018-11-15,-171.6690,473.4050,-48.9850,2.2540,1.6530,8.2260
2018.87671,2018-11-16,-202.8280,572.3710,4.2850,3.0530,2.6130,11.3440
2018.87945,2018-11-17,-161.2000,483.9690,-47.2650,2.2610,1.8170,7.4650
2018.88219,2018-11-18,-169.9690,488.3410,15.7120,2.4450,2.3360,9.1580
2018.88493,2018-11-19,-183.2300,510.5540,-74.8440,2.7030,3.0080,9.7320
2018.88767,2018-11-20,-166.5220,471.0500,-48.2920,2.1940,1.7820,8.0500
2018.89041,2018-11-21,-158.9010,473.5300,-13.7010,2.2840,1.7530,8.2030
2018.89589,2018-11-23,-164.8470,481.6320,-70.4920,2.4270,2.0190,8.7220
2018.89863,2018-11-24,-165.2180,467.1480,-22.6290,2.2220,1.7190,7.5990
2018.90137,2018-11-25,-156.9510,464.3460,-50.1470,2.6670,2.1050,10.1090
2018.90411,2018-11-26,-159.4540,474.9270,-48.1350,2.4470,1.8250,8.5430
2018.90685,2018-11-27,-166.2690,479.9830,-31.4860,2.4550,1.8900,8.4940
2018.90959,2018-11-28,-146.0340,498.2110,-41.0750,3.9260,4.2690,12.8210
2018.91233,2018-11-29,-166.5410,476.5330,-1.3170,3.9240,3.1890,15.6660
2018.92055,2018-12-02,-106.8430,478.0190,3.4760,6.3840,6.3880,19.8780
2018.92603,2018-12-04,-152.7400,487.1880,-40.0240,2.2070,1.9040,7.6710
2018.92877,2018-12-05,-154.3920,541.6820,-75.3000,6.1130,7.4930,28.1130
2018.93151,2018-12-06,-155.1060,473.7110,-18.2740,2.3980,2.2260,9.5670
2018.93425,2018-12-07,-163.0930,471.2570,-12.1550,2.4210,1.7960,8.4760
2018.93699,2018-12-08,-158.1910,478.1790,-56.0950,2.4360,2.2000,9.2930
2018.93973,2018-12-09,-151.8520,480.3240,-67.8720,2.2990,2.2920,8.6680
2018.94247,2018-12-10,-160.3170,482.7670,-6.1990,2.5170,1.9220,7.9200
2018.94521,2018-12-11,-153.9700,479.1100,-88.4980,2.8360,2.6860,11.3290
2018.94795,2018-12-12,-165.7770,488.6030,-16.3070,2.2400,2.0280,7.7260
2018.95068,2018-12-13,-154.1040,475.3710,10.9440,2.0290,1.8510,7.5180
2018.95342,2018-12-14,-128.9700,553.7510,257.4040,2.7000,1.8940,8.5740
2018.95616,2018-12-15,-154.5610,449.1280,-14.6350,2.3350,2.0440,8.1240
2018.95890,2018-12-16,-161.2480,494.3720,46.2230,2.5930,2.7670,9.6280
2018.96164,2018-12-17,-157.1310,531.2310,-87.1600,3.1520,3.8080,13.3360
2018.96438,2018-12-18,-171.1590,494.1860,-9.9870,3.3200,2.9410,11.6900
2018.96712,2018-12-19,-176.0560,524.4240,-152.3230,3.6140,3.4940,14.1700
2018.96986,2018-12-20,-153.2210,497.5760,13.0620,2.1640,2.6690,7.7050
2018.97260,2018-12-21,-156.1150,476.5390,12.9690,2.5600,2.0880,8.5010
2018.97534,2018-12-22,-157.0260,482.5430,16.8540,2.3030,2.1330,8.3330
2019.03836,2019-01-14,-156.8010,470.6550,-12.3130,2.2220,1.6330,7.5430
2019.04658,2019-01-17,-162.4360,529.6880,37.5000,2.7720,3.0270,9.3870
2019.04932,2019-01-18,-165.5090,480.3080,-16.9040,2.8780,2.3120,10.4500
2019.05205,2019-01-19,-163.4780,492.8980,-15.4760,2.5250,2.0800,9.4300
2019.05479,2019-01-20,-154.3300,478.9770,-7.0590,2.4310,1.8020,8.3620
2019.05753,2019-01-21,-146.4450,497.7130,6.9810,2.6300,3.1990,9.7560
2019.06027,2019-01-22,-173.9910,504.8320,-48.4510,3.8760,4.6810,13.1830
2019.06301,2019-01-23,-172.3690,465.7580,-109.7620,4.5240,4.6130,16.0050
2019.07123,2019-01-26,-156.9060,478.8150,-17.7900,2.6350,1.9590,8.8180
2019.07671,2019-01-28,-147.0970,546.7260,-67.9770,5.7600,5.8220,20.1220
2019.07945,2019-01-29,-151.8700,492.2340,-22.7530,3.0320,2.4080,12.5680
2019.08219,2019-01-30,-155.1700,492.3200,-17.5800,2.6940,2.3460,10.1090
2019.08493,2019-01-31,-157.7250,478.6620,-30.6750,2.5980,2.0810,9.3340
2019.08767,2019-02-01,-151.6040,488.4250,38.8450,2.2750,1.9060,8.1250
2019.09041,2019-02-02,-146.0990,561.8020,4.9780,4.0670,4.4350,16.0430
2019.09315,2019-02-03,-166.8690,470.7350,14.0660,2.6290,2.0080,9.3320
2019.09589,2019-02-04,-145.1310,482.4240,-25.4980,2.4690,1.9590,7.5730
2019.09863,2019-02-05,-154.3120,448.0750,-95.4310,4.0730,3.3450,14.9930
2019.10137,2019-02-06,-168.8130,472.8290,-135.2350,3.9080,3.0020,16.0190
2019.10411,2019-02-07,-155.9970,496.2200,57.7330,2.2550,1.9040,7.8520
2019.10685,2019-02-08,-163.2510,471.3110,19.1690,3.3780,2.5800,10.9850
2019.10959,2019-02-09,-144.7780,488.9870,35.5760,2.7260,2.1770,9.2680
2019.11233,2019-02-10,-174.2520,516.7760,51.1550,4.7720,5.3400,19.7290
2019.11507,2019-02-11,-217.4350,517.4450,-55.1610,3.5460,2.6080,10.9830
2019.11781,2019-02-12,-160.5450,497.8090,18.9570,2.4490,2.3600,8.9370
2019.12055,2019-02-13,-161.7340,479.5010,42.1670,2.3320,1.8600,9.2360
2019.12329,2019-02-14,-147.2000,481.6080,-5.6890,2.3270,1.9130,8.3020
2019.12603,2019-02-15,-162.2810,468.0360,41.2450,2.5460,1.9660,8.6740
2019.12877,2019-02-16,-169.7900,500.7990,20.8540,2.7880,2.3910,10.5100
2019.13151,2019-02-17,-166.4670,490.2350,33.6790,2.7210,2.3890,9.9880
2019.13425,2019-02-18,-110.2420,464.1960,-208.9850,5.2940,4.4010,18.8720
2019.13699,2019-02-19,-154.0060,487.3280,16.6380,2.3000,2.3590,9.4990
2019.13973,2019-02-20,-156.1130,476.4870,-4.0270,2.6590,2.0880,8.8990
2019.14247,2019-02-21,-157.4580,490.4090,21.1350,2.1090,1.7710,8.1890
2019.14521,2019-02-22,-154.0750,485.0180,-20.6010,2.3040,1.9440,8.7300
2019.14795,2019-02-23,-155.0060,478.6860,0.3820,2.5700,1.9320,9.0120
2019.15068,2019-02-24,-148.3920,485.2990,-19.6200,2.3040,1.8800,8.7880
2019.15342,2019-02-25,-153.1090,495.9610,34.2430,2.7810,2.9090,11.2520
2019.15616,2019-02-26,-125.6330,492.7870,60.0760,2.9650,3.6520,10.5560
2019.15890,2019-02-27,-150.5570,490.5620,-26.7670,2.3150,1.9630,8.7990
2019.16164,2019-02-28,-160.1970,494.9310,18.0890,2.5930,2.1530,9.2780
2019.16438,2019-03-01,-156.5250,479.0990,109.5620,3.6470,2.5340,15.7990
2019.16712,2019-03-02,-147.6560,496.8490,40.3960,2.6670,2.8900,10.5670
2019.16986,2019-03-03,-155.8520,470.2060,12.4640,2.3290,1.7100,8.3690
2019.17260,2019-03-04,-153.2640,482.6920,1.4540,2.2750,1.9740,8.7560
2019.17534,2019-03-05,-153.5140,502.4620,54.7380,2.8000,3.1160,10.3910
2019.17808,2019-03-06,-167.9400,478.2800,8.3170,2.3440,1.8190,8.5650
2019.18082,2019-03-07,-143.2000,466.2940,-4.8860,2.5340,1.8360,9.1860
2019.18356,2019-03-08,-145.1130,478.5630,-0.6530,2.6010,2.1280,10.4600
2019.18630,2019-03-09,-164.4930,502.8010,75.3020,4.4090,5.0360,13.8380
2019.18904,2019-03-10,-157.6330,482.3730,0.8320,1.9480,1.5590,7.0270
2019.19178,2019-03-11,-156.3490,506.2290,37.2750,3.3250,4.4360,12.5710
2019.19452,2019-03-12,-171.4390,505.5660,-61.5460,2.8540,2.2190,11.5030
2019.19726,2019-03-13,-153.9940,515.9980,67.8950,2.8190,2.9800,10.9970
2019.20000,2019-03-14,-203.4100,483.1170,-30.9550,4.4310,3.3140,17.3590
2019.20274,2019-03-15,-157.0450,491.3560,-118.8670,2.6470,2.2540,11.0000
2019.20548,2019-03-16,-149.7150,450.4530,-55.5840,3.1540,2.6010,11.5960
2019.20822,2019-03-17,-158.0990,494.2580,-14.1020,2.5000,2.2990,9.1510
2019.21096,2019-03-18,-213.1310,449.6600,83.7840,3.8130,3.0980,14.0800
2019.21370,2019-03-19,-165.8620,497.5200,5.3870,2.6040,2.1570,9.4340
2019.21918,2019-03-21,-168.4440,485.8290,-62.0330,2.6210,2.2600,10.0820
2019.22192,2019-03-22,-163.3480,482.3900,-41.4040,2.9240,2.2900,9.7360
2019.22466,2019-03-23,-145.6560,505.9370,8.7620,2.8380,2.7300,10.3880
2019.22740,2019-03-24,-183.3450,484.7380,-50.0260,2.9570,2.1980,10.1370
2019.23014,2019-03-25,-171.3020,481.7340,-53.1870,2.4870,2.4810,11.4270
2019.23288,2019-03-26,-189.3020,488.5340,-87.0580,5.6640,3.8980,19.4970
2019.23562,2019-03-27,-153.0520,486.3160,-266.4860,4.2800,3.8330,16.9820
2019.23836,2019-03-28,-170.3570,510.6450,-30.9630,3.1030,3.4150,13.8730
2019.24110,2019-03-29,-135.5160,450.9330,21.5260,3.5160,2.7560,11.2120
2019.24384,2019-03-30,-176.5020,496.0300,-34.2740,2.7870,2.3400,9.5550
2019.24658,2019-03-31,-158.6380,523.9660,17.2610,3.3520,3.8370,13.7590
2019.24932,2019-04-01,-171.1350,497.2710,-21.6550,3.3470,2.5490,10.9860
2019.25205,2019-04-02,-181.6190,507.3940,-0.0420,3.1400,2.4110,10.4910
2019.25479,2019-04-03,-173.6600,477.3920,-13.1350,3.3110,2.5120,12.9580
2019.25753,2019-04-04,-161.5290,464.4050,-6.4020,3.2180,2.6900,11.5330
2019.26301,2019-04-06,-112.9960,577.2430,-196.8120,3.5770,2.3970,11.8460
2019.26575,2019-04-07,-171.5380,496.4220,-51.6770,2.4160,2.1040,8.1310
2019.26849,2019-04-08,-163.7830,479.8340,-59.7210,2.3980,1.9040,8.7250
2019.27397,2019-04-10,-153.3950,486.5040,-15.0770,2.5640,2.0250,10.1770
2019.27671,2019-04-11,-161.4700,451.3480,-94.2430,2.4630,3.4600,10.5020
2019.27945,2019-04-12,-161.2370,483.1250,-92.9140,3.2450,2.7430,14.2340
2019.28219,2019-04-13,-172.7500,469.1220,-126.1840,3.2870,2.4680,10.6650
2019.28493,2019-04-14,-166.2910,490.5460,-81.0050,3.6700,2.5490,12.8290
2019.28767,2019-04-15,-166.0000,526.6940,-88.8540,3.3830,3.5130,13.0880
2019.29315,2019-04-17,-171.5450,478.5030,-56.9930,3.2180,2.4000,11.3360
2019.29589,2019-04-18,-179.3480,490.0480,-107.7350,2.7560,2.1130,9.7550
2019.29863,2019-04-19,-248.1240,512.2320,-334.7720,5.8040,4.3050,20.1360
2019.30137,2019-04-20,-165.4900,509.6700,-91.6850,3.0450,3.0580,13.5670
2019.30411,2019-04-21,-241.4050,528.2360,-273.0340,5.5580,4.1720,21.4430
2019.30685,2019-04-22,-170.8340,500.3430,-68.8560,3.2070,2.5480,12.2420
2019.30959,2019-04-23,-177.2260,465.9750,-45.3070,2.8160,2.1240,10.2490
2019.31233,2019-04-24,-179.5410,488.6420,-97.8890,3.5260,2.6380,13.6050
2019.31507,2019-04-25,-176.9160,575.5490,-50.1250,4.1700,2.7590,16.1660
2019.31781,2019-04-26,-225.3940,506.0480,-302.7000,4.4280,4.5270,17.6980
2019.32055,2019-04-27,-180.1670,487.6070,-107.0210,4.2930,2.8230,14.1310
2019.32329,2019-04-28,-224.8500,557.2300,-96.1420,3.7310,2.9880,15.8290
2019.32603,2019-04-29,-179.9670,523.6880,-47.8050,3.7950,3.5180,16.1760
2019.33151,2019-05-01,-173.0890,533.5200,-119.2720,4.0480,3.3390,16.2050
2019.33425,2019-05-02,-175.9850,492.1390,-9.2770,4.9350,4.3110,17.2300
2019.33699,2019-05-03,-234.0780,528.3250,-102.4520,5.3640,4.0950,15.9970
2019.33973,2019-05-04,-165.1800,494.5590,-240.5850,3.9110,3.0260,14.3840
2019.34247,2019-05-05,-173.6690,471.3940,13.5550,7.3430,7.2810,31.7210
2019.34795,2019-05-07,-183.2700,478.5130,-108.7240,4.0460,2.8980,14.6020
2019.35616,2019-05-10,-222.7920,544.7910,-134.7170,5.6290,4.3970,17.2460
2019.36438,2019-05-13,-176.1560,475.2810,-53.1390,4.7790,4.3960,20.4520
2019.36712,2019-05-14,-161.6280,480.2440,-31.3920,2.7940,2.0290,10.0000
2019.36986,2019-05-15,-147.9800,500.2620,-21.2170,3.2570,2.6910,12.7920
2019.37260,2019-05-16,-188.4260,476.1770,-51.5270,3.5810,2.9420,14.0560
2019.37534,2019-05-17,-151.8430,521.1400,-75.7010,4.0220,4.0340,16.0700
2019.37808,2019-05-18,-213.0450,474.7020,49.2940,5.2680,4.2420,17.8170
2019.38082,2019-05-19,-192.3960,508.1920,76.1520,3.5710,3.4010,14.3320
2019.38356,2019-05-20,-229.4410,453.4750,-209.9170,5.6320,4.2090,18.2420
2019.38630,2019-05-21,-177.8790,515.2210,7.9180,3.5860,3.4610,14.6780
2019.38904,2019-05-22,-183.2320,490.5980,38.6620,4.5360,3.4240,17.5370
2019.39178,2019-05-23,-209.3480,509.4480,-202.6550,4.1310,3.4410,16.8290
2019.39452,2019-05-24,-164.5650,434.4890,56.1510,6.9900,9.0980,24.2240
2019.39726,2019-05-25,-224.6600,522.0080,85.9230,8.7860,7.5200,32.7060
2019.40548,2019-05-28,-169.0490,494.6130,-29.6720,4.9640,4.4240,22.1390
2019.41096,2019-05-30,-157.1310,532.0470,-249.7030,5.7620,4.2420,24.4830
2019.41918,2019-06-02,-158.4750,551.0910,69.9810,4.2120,4.2730,15.7360
2019.42192,2019-06-03,-157.3240,512.3600,16.4420,3.4930,3.8050,13.3130
2019.42466,2019-06-04,-121.6800,566.7090,86.0070,5.6890,4.1480,22.1790
2019.42740,2019-06-05,-171.9430,470.6640,0.6470,3.2920,2.6580,12.8050
2019.43014,2019-06-06,-177.8870,543.9060,-54.1880,4.5340,4.4310,25.7940
2019.43836,2019-06-09,-176.6330,499.0780,-23.1950,3.6370,2.7050,12.3420
2019.44110,2019-06-10,-188.3990,502.5590,76.3740,4.8510,3.6560,18.5960
2019.44658,2019-06-12,-206.9990,453.4470,143.8420,6.5440,3.8270,19.7170
2019.44932,2019-06-13,-188.5980,607.8370,-9.1630,4.6540,3.4880,12.9190
2019.45479,2019-06-15,-242.6840,467.2350,-78.1910,5.5600,3.6440,19.3330
2019.45753,2019-06-16,-197.0930,527.3360,-258.8210,5.6590,4.1680,19.5990
2019.46027,2019-06-17,-157.2330,464.0180,-80.1170,4.2760,3.8090,18.1780
2019.46301,2019-06-18,-165.7420,466.1880,-7.0420,3.4160,2.7880,13.3390
2019.46575,2019-06-19,-191.7170,494.1680,-49.9460,5.8890,4.7320,23.7290
2019.46849,2019-06-20,-133.2030,459.9570,-57.3480,6.2770,5.2460,19.9460
2019.47671,2019-06-23,-145.1020,485.2030,-402.5710,9.3230,9.4600,40.6530
2019.47945,2019-06-24,-190.2840,536.9040,9.2980,8.2010,7.2060,31.1080
2019.48219,2019-06-25,-97.2310,562.0170,237.0220,8.8050,7.7010,30.7950
2019.48493,2019-06-26,-243.2710,515.9710,-80.3330,6.2250,4.6290,24.7830
2019.49041,2019-06-28,-159.6710,533.7550,-142.8500,4.7850,4.4970,21.5270
2019.49315,2019-06-29,-188.4870,512.2730,-311.5780,4.9910,7.0580,27.1300
2019.49589,2019-06-30,-180.0840,475.4830,113.0600,4.1990,3.1450,17.2880
2019.49863,2019-07-01,-255.5470,498.6090,-1.0330,5.8390,4.2930,21.6220
2019.50137,2019-07-02,-142.2730,474.1390,-116.7900,4.4110,3.3420,17.8650
2019.50411,2019-07-03,-149.0850,607.4890,104.3870,5.4870,4.1080,19.7070
2019.50685,2019-07-04,-113.5670,465.3800,-144.0510,5.1550,5.1270,21.3920
2019.50959,2019-07-05,-127.1800,502.7440,-44.2560,5.4500,3.5710,24.4270
2019.51233,2019-07-06,-173.6130,488.7570,94.1460,3.9000,2.9880,15.9920
2019.51781,2019-07-08,-155.4660,487.0550,-76.3760,4.4050,3.4110,17.4450
2019.52055,2019-07-09,-171.9950,520.4410,68.8300,5.1600,4.7740,23.9030
2019.52329,2019-07-10,-196.0510,484.0580,33.4610,4.0060,3.0540,16.3410
2019.52603,2019-07-11,-167.0040,491.8370,89.2290,3.8070,3.7690,15.8120
2019.52877,2019-07-12,-165.3630,508.5380,68.3660,4.2510,3.5710,18.1880
2019.53151,2019-07-13,-151.2930,528.6240,72.1500,3.9200,4.1410,17.6910
2019.53425,2019-07-14,-182.1700,514.7520,90.1980,3.9700,3.2390,15.6310
2019.53699,2019-07-15,-164.8480,452.4810,3.6000,4.2900,4.4940,15.7280
2019.53973,2019-07-16,-176.9080,434.2850,2.1370,4.0920,4.5230,15.4490
2019.54247,2019-07-17,-106.8710,576.3080,-148.4990,5.8890,6.5770,25.4550
2019.54795,2019-07-19,-200.3960,501.1150,-27.0970,4.7390,4.0940,22.0510
2019.55068,2019-07-20,-196.9540,501.1600,120.8560,3.7370,2.9560,16.3170
2019.55342,2019-07-21,-172.8780,432.8070,39.3240,5.0430,4.7990,22.2320
2019.56438,2019-07-25,-152.6590,485.5210,-106.2870,3.6370,3.0040,14.9300
2019.56986,2019-07-27,-158.1470,507.0440,-41.6780,3.3680,2.7600,14.1390
2019.57260,2019-07-28,-137.5810,479.3870,-52.5690,3.2490,2.8570,14.6530
2019.57534,2019-07-29,-124.4560,512.1940,20.5670,3.8410,2.8150,14.2330
2019.57808,2019-07-30,-203.9170,499.3430,-274.2490,4.8820,4.3710,25.1690
2019.58082,2019-07-31,-186.5420,485.2350,-65.7360,3.5510,2.6960,13.0420
2019.58356,2019-08-01,-186.4060,511.8000,152.3640,7.0930,5.8810,30.5580
2019.58630,2019-08-02,-82.1400,492.3650,30.1700,6.6710,5.1410,26.1630
2019.59452,2019-08-05,-172.9350,481.5110,-71.1100,4.4820,3.6390,17.3450
2019.60822,2019-08-10,-67.3690,561.6370,-375.3820,6.6780,6.0850,34.1170
2019.61096,2019-08-11,-167.2060,459.6790,-27.2490,5.0580,4.5950,20.8960
2019.61370,2019-08-12,-228.5030,555.7740,232.8480,5.1080,4.7950,20.2630
2019.61918,2019-08-14,-139.4070,526.7020,173.2870,4.3660,3.5850,18.1860
2019.62192,2019-08-15,-121.2960,538.9510,-39.8060,4.8010,6.1060,20.2440
2019.62740,2019-08-17,-174.0020,491.8280,-162.6500,4.1650,3.1270,16.7880
2019.63014,2019-08-18,-147.7490,515.4800,39.7240,4.2560,3.6320,18.5100
2019.63288,2019-08-19,-149.5460,550.3430,124.2030,4.8270,4.9150,19.7620
2019.63562,2019-08-20,-169.7940,467.8970,41.4020,6.1760,4.3960,22.9210
2019.63836,2019-08-21,-162.5970,545.2770,-249.7670,9.4940,7.8340,42.4870
2019.64110,2019-08-22,-134.7310,541.4370,12.8340,4.8960,5.1540,23.3720
2019.64384,2019-08-23,-165.4210,488.1540,-20.1370,3.6540,2.6900,12.5450
2019.64658,2019-08-24,-150.6970,513.6010,-7.9570,4.9640,4.1740,16.6350
2019.64932,2019-08-25,-149.0760,516.1520,-50.3740,3.5270,2.9440,15.1420
2019.65205,2019-08-26,-63.6350,540.5050,-218.7610,4.5760,4.0840,21.6490
2019.66301,2019-08-30,-141.7100,600.3860,-352.1260,4.1270,3.2130,17.8770
2019.66575,2019-08-31,-197.4500,653.2220,75.0520,5.3090,4.1400,17.8620
2019.66849,2019-09-01,-187.3100,564.3180,-86.8840,4.8310,4.5270,18.8460
2019.67671,2019-09-04,-165.1440,505.9150,-9.0540,4.8510,4.9360,21.1280
2019.68493,2019-09-07,-129.5280,480.2240,-235.0570,3.8850,3.4740,18.1490
2019.68767,2019-09-08,-197.6210,532.1580,47.8170,5.7480,5.3650,25.4110
2019.69315,2019-09-10,-179.5870,496.3630,-14.5550,3.4140,2.3230,11.7970
2019.69863,2019-09-12,-136.9890,537.1430,9.0850,4.8140,4.9800,16.5790
2019.70137,2019-09-13,-160.7070,585.8870,28.9930,4.3540,3.3650,14.0750
2019.70411,2019-09-14,-194.9600,536.5680,-235.0860,4.7560,3.9790,19.3380
2019.70685,2019-09-15,-205.2880,446.3140,-100.9600,4.5650,4.1990,17.8460
2019.70959,2019-09-16,-159.6900,504.0610,81.3790,3.7060,2.9060,15.6470
2019.71233,2019-09-17,-144.3680,552.3160,137.1900,5.7240,5.5270,19.5390
2019.71507,2019-09-18,-88.5990,529.6050,-217.5430,8.9350,9.7130,38.5460
2019.71781,2019-09-19,-161.8360,456.0600,7.4540,6.5950,5.8560,34.7070
2019.72055,2019-09-20,-146.1340,485.2040,-79.5300,6.2450,4.5690,26.9740
2019.72329,2019-09-21,-120.8610,489.8200,27.3800,4.5530,3.8870,17.9360
2019.72603,2019-09-22,-150.7120,485.0580,-42.6200,4.2200,3.5050,18.0870
2019.72877,2019-09-23,-140.4460,575.3090,85.8660,5.2710,3.5820,18.7160
2019.73151,2019-09-24,-162.5020,476.4000,96.3050,4.0730,3.0070,15.7860
2019.73699,2019-09-26,-145.1400,582.6460,40.1890,6.6790,4.7650,24.7190
2019.73973,2019-09-27,-171.5810,438.6060,13.0360,3.6130,3.2680,15.7150
2019.74247,2019-09-28,-131.1940,530.9840,-29.7000,3.6790,3.8540,17.6840
2019.74521,2019-09-29,-155.6990,443.6890,34.3960,5.1140,5.3790,23.7860
2019.74795,2019-09-30,-171.4770,501.9480,22.5600,7.2040,5.6620,25.7770
2019.75342,2019-10-02,-147.4560,507.0690,-72.8580,4.4400,4.2410,21.1980
2019.75616,2019-10-03,-155.4910,527.4850,-89.1650,5.0530,4.5470,19.6410
2019.75890,2019-10-04,-130.8770,491.0400,66.6660,6.9690,4.4910,25.3290
2019.76164,2019-10-05,-125.0260,413.4240,-168.8650,5.9740,5.6930,25.4670
2019.76438,2019-10-06,-122.8980,490.2840,-74.2150,4.7290,4.0600,21.2040
2019.76712,2019-10-07,-134.7460,514.1630,-99.9450,5.5900,5.8330,24.6910
2019.76986,2019-10-08,-151.5270,484.8240,-30.7020,3.8980,2.8420,13.8010
2019.77260,2019-10-09,-79.1990,473.9130,-180.9570,7.8220,6.2780,32.0700
2019.77534,2019-10-10,-174.3350,523.6820,-69.8980,4.6400,4.7800,21.1660
2019.77808,2019-10-11,-143.3830,490.9690,-109.2450,4.7070,4.0340,18.2850
2019.78082,2019-10-12,-131.6850,508.9250,58.7460,5.1590,3.8720,18.5000
2019.78630,2019-10-14,-158.3890,479.1130,71.9480,4.0820,3.1410,16.8440
2019.78904,2019-10-15,-127.8850,520.0190,10.3820,4.4970,4.5330,17.5790
2019.79178,2019-10-16,-91.2900,500.0250,-262.9170,4.1750,3.2950,19.5450
2019.79452,2019-10-17,-169.6100,461.9650,13.3670,4.9130,4.1420,23.4950
2019.79726,2019-10-18,-152.6250,483.8990,-16.2280,6.3040,4.7960,27.7330
2019.80000,2019-10-19,-158.9310,480.7230,-27.6150,4.0330,3.0860,17.1680
2019.80274,2019-10-20,-147.0150,566.3320,54.4820,6.4970,5.1000,25.8580
2019.80548,2019-10-21,-243.4760,402.6150,-95.4450,5.1190,4.2410,24.9780
2019.80822,2019-10-22,-163.1570,485.7910,-20.6600,3.9170,3.0570,15.2460
2019.81096,2019-10-23,-172.6910,497.8620,43.1040,4.3460,3.0660,15.2140
2019.81918,2019-10-26,-201.5050,527.0500,-130.7210,5.4370,4.7520,22.0770
2019.82192,2019-10-27,-126.0140,529.0080,147.3140,7.4420,5.5530,33.5310
2019.82466,2019-10-28,-191.4160,514.3450,-47.4030,5.9790,4.2450,18.6130
2019.82740,2019-10-29,-170.5120,498.2330,-79.7360,5.3180,3.8400,19.4330
2019.83014,2019-10-30,-125.2590,505.3570,-175.3150,4.3670,3.6080,18.5440
2019.83288,2019-10-31,-135.2850,481.1980,-320.3480,5.6350,4.7850,26.0510
2019.83562,2019-11-01,-169.7030,610.9680,-158.6570,5.1660,4.9380,24.0970
2019.83836,2019-11-02,-174.4440,508.0650,10.3900,3.5170,3.0460,14.5060
2019.84110,2019-11-03,-152.3200,531.8820,-14.0260,5.4250,4.9060,20.8850
2019.84384,2019-11-04,-136.9160,500.9630,-45.6650,4.2060,3.9170,16.3400
2019.84932,2019-11-06,-164.1780,626.2450,-47.8970,5.4170,4.6200,21.9470
2019.85205,2019-11-07,-149.5030,503.7460,-12.8500,3.5190,3.0060,13.7750
2019.85479,2019-11-08,-147.0500,490.4720,3.7030,4.7150,3.0310,15.3690
2019.85753,2019-11-09,-170.7320,495.7260,-220.1750,5.1780,3.4250,18.8050
2019.86027,2019-11-10,-126.9060,534.1720,-11.2530,3.6150,3.3540,12.5560
2019.86301,2019-11-11,-85.0310,507.9210,-239.3020,5.3330,4.5280,18.5970
2019.86575,2019-11-12,-181.0110,524.2330,-90.7030,3.8360,3.1940,15.4260
2019.86849,2019-11-13,-154.1360,530.6820,22.1590,3.1140,2.7440,12.3680
2019.87397,2019-11-15,-144.7540,511.4050,-47.9810,3.7280,3.1910,13.8990
2019.87671,2019-11-16,-138.5550,526.6020,-65.8450,4.9700,3.5220,17.5740
2019.87945,2019-11-17,-166.6010,501.0860,-3.3410,3.9530,3.3840,16.8020
2019.88219,2019-11-18,-127.7730,482.0380,-33.0210,4.1720,3.2640,15.9930
2019.88493,2019-11-19,-149.7700,485.0250,-46.9110,4.0430,3.4390,15.8190
2019.89041,2019-11-21,-135.8750,531.1150,-53.9850,4.7920,3.9700,17.3540
2019.89315,2019-11-22,-154.1640,482.8290,-187.8710,8.6160,6.9330,31.5560
2019.89589,2019-11-23,-216.7750,438.1660,-240.9910,6.7120,7.4670,29.6890
2019.89863,2019-11-24,-206.4960,485.4180,-118.3410,5.1650,4.4290,25.9790
2019.90137,2019-11-25,-124.0570,495.5120,-45.6360,4.1300,2.7220,13.5340
2019.90411,2019-11-26,-144.2660,500.7270,145.2250,3.9730,2.9780,14.5770
2019.90685,2019-11-27,-157.6120,515.3530,-3.8300,5.3590,3.8870,17.9160
2019.91233,2019-11-29,-104.2280,479.1580,6.2140,4.0790,2.7170,13.2770
2019.91507,2019-11-30,-166.0260,481.9330,-42.7570,3.8770,3.0240,14.4650
2019.91781,2019-12-01,-104.1100,523.9480,-85.6800,4.4470,3.3700,17.7570
2019.92055,2019-12-02,-143.8410,572.3810,-41.0440,4.5160,3.8070,19.6490
2019.92329,2019-12-03,-104.5100,538.4730,-228.0850,5.4780,4.3670,22.7330
2019.92603,2019-12-04,-149.7680,486.8260,11.0000,4.5310,4.3580,20.5910
2019.92877,2019-12-05,-130.7870,524.5590,169.0910,4.5160,4.3180,17.5760
2019.93151,2019-12-06,-130.9980,479.0860,-128.3250,4.6790,4.3320,20.4740
2019.93425,2019-12-07,-118.6360,562.6980,51.2200,4.5670,3.0030,18.1750
2019.93699,2019-12-08,-148.1840,481.6670,-10.6760,4.1210,2.9870,14.1960
2019.93973,2019-12-09,-111.3710,482.8120,-3.0380,4.3200,2.9920,14.3820
2019.94247,2019-12-10,-171.2920,506.4790,-55.6570,4.0840,3.0630,14.9400
2019.94521,2019-12-11,-199.3310,477.7620,65.1960,4.6060,3.0410,15.3810
2019.94795,2019-12-12,-149.9300,467.5900,48.2730,5.6260,4.1780,14.4900
2019.95068,2019-12-13,-129.7600,483.1060,-11.7390,4.1570,2.6820,13.4550
2019.95342,2019-12-14,-148.8200,450.3160,58.8340,5.7470,4.8690,18.5680
2019.95616,2019-12-15,-159.3100,503.7540,-48.4430,3.3700,2.5230,11.3930
2019.96438,2019-12-18,-168.3500,498.8570,-88.6570,3.2510,2.2890,11.8400
2019.96712,2019-12-19,-131.9190,489.9700,-70.1700,4.2110,3.2970,17.8280
2019.96986,2019-12-20,-143.0420,493.4860,125.3490,5.5190,3.6870,19.0610
2019.97260,2019-12-21,-123.5410,537.5310,144.5700,5.1170,4.3910,21.3070
2019.97534,2019-12-22,-92.3370,501.5420,16.7330,5.8620,4.6730,22.5740
2019.97808,2019-12-23,-157.7630,478.5870,-24.0540,3.5120,2.7750,14.0490
2019.98082,2019-12-24,-158.0460,466.0500,37.8400,3.5450,2.8190,13.9060
2019.98356,2019-12-25,-142.3080,503.4380,15.9250,4.2910,2.6920,13.7000
2019.98904,2019-12-27,-131.5410,507.1620,11.6380,3.8220,3.1800,15.0510
2019.99178,2019-12-28,-159.8040,540.7260,43.5980,4.5460,4.0250,19.6290
2019.99452,2019-12-29,-171.4030,477.1190,-47.8200,4.6280,3.9300,16.6680
2019.99726,2019-12-30,-213.8280,561.4560,-47.5130,5.3850,4.6060,21.0540
2020.00000,2019-12-31,-180.7140,507.3710,-21.6630,4.3280,3.0920,16.8880
2020.00546,2020-01-02,-142.8060,521.1030,-125.0800,4.1030,3.0240,16.6840
2020.00820,2020-01-03,-144.5270,496.8580,-63.1880,4.4460,4.0750,18.5970
2020.01093,2020-01-04,-160.4050,549.8970,21.5340,3.4810,2.9470,12.9730
2020.01913,2020-01-07,-135.7310,497.0290,7.3530,3.0240,2.0920,10.5190
2020.02186,2020-01-08,-138.9060,486.0330,-59.5600,3.1860,2.5270,14.3430
2020.02459,2020-01-09,-137.6650,619.1330,-86.1810,3.7050,3.4990,15.7960
2020.02732,2020-01-10,-142.9720,496.6050,-12.3490,3.4790,2.5220,12.5150
2020.03279,2020-01-12,-104.4570,544.8340,-53.8100,4.9730,5.1960,21.1670
2020.03552,2020-01-13,-157.5920,482.6970,-7.4980,4.1210,3.2840,15.3580
2020.03825,2020-01-14,-147.9940,496.6490,20.3710,2.5970,1.8830,9.6020
2020.04098,2020-01-15,-152.8710,484.1780,-23.7410,3.2260,2.9020,14.1710
2020.04372,2020-01-16,-76.3410,596.1100,-231.6620,5.1260,3.6720,20.6790
2020.04645,2020-01-17,-149.9710,502.6080,-20.4710,5.1310,3.3140,19.5170
2020.04918,2020-01-18,-178.7880,474.4210,-154.9770,4.4080,3.5440,15.4710
2020.05191,2020-01-19,-152.8300,510.5160,-128.6940,4.0060,3.2090,16.7660
2020.05464,2020-01-20,-148.9410,498.3360,27.8330,3.5050,2.6590,13.5940
2020.05738,2020-01-21,-157.8760,465.3720,51.4510,4.6610,3.8940,19.3260
2020.06011,2020-01-22,-165.3680,463.4240,-43.7210,3.1900,4.5410,14.6290
2020.06557,2020-01-24,-196.0270,529.9650,-103.0080,4.9900,3.8590,19.2560
2020.06831,2020-01-25,-107.7850,545.4820,45.9400,4.4960,3.1370,16.9860
2020.07650,2020-01-28,-118.1000,510.1960,14.4840,3.2450,2.5290,12.9390
2020.07923,2020-01-29,-139.9860,514.5640,39.0840,3.6010,3.0890,14.5030
2020.08197,2020-01-30,-144.1760,510.4730,34.4170,3.9470,2.9120,15.2610
2020.09563,2020-02-04,-88.6740,546.6410,-144.5890,5.8540,6.3640,20.1850
2020.09836,2020-02-05,-140.4790,500.6430,-90.8650,5.3330,4.3540,24.2490
2020.10109,2020-02-06,-140.5660,492.8610,-28.9820,2.8940,2.3290,11.0790
2020.10383,2020-02-07,-155.8940,525.1310,-35.5440,4.2280,3.7750,18.9710
2020.10656,2020-02-08,-150.0130,465.9410,-69.7180,4.7230,4.6590,19.3280
2020.10929,2020-02-09,-163.5180,510.8350,-52.2880,4.2760,3.1580,17.2540
2020.11202,2020-02-10,-150.8180,472.7410,-125.4640,3.8580,3.2420,13.7040
2020.12022,2020-02-13,-151.1910,495.4210,-84.4150,4.3880,3.3620,17.4770
2020.12295,2020-02-14,-165.5640,525.7700,-6.1460,3.2400,2.6670,11.9740
2020.12568,2020-02-15,-141.5980,533.0720,-37.2070,3.5870,3.0140,15.0080
2020.12842,2020-02-16,-233.9590,520.7760,-64.9860,8.3590,5.1040,27.5140
2020.13115,2020-02-17,-147.2760,501.4030,-59.7830,3.3910,2.5050,13.3830
2020.13388,2020-02-18,-135.3750,507.8760,-12.9800,3.2190,2.5840,12.9650
2020.13661,2020-02-19,-141.7640,509.0600,-221.5040,5.0120,4.0460,26.2250
2020.13934,2020-02-20,-155.1270,495.8500,53.7580,2.6340,2.0240,10.1190
2020.14208,2020-02-21,-148.8810,498.7020,-17.9220,3.2760,2.3690,12.3040
2020.14481,2020-02-22,-168.3650,527.3830,64.2460,3.0140,3.1010,11.5780
2020.14754,2020-02-23,-123.0740,499.3790,58.2530,3.7280,3.7170,17.7850
2020.15027,2020-02-24,-145.6560,509.2230,-45.1180,3.6140,3.1620,14.7110
2020.15301,2020-02-25,-153.2790,531.3640,-51.5030,3.4890,3.3260,15.2170
2020.15574,2020-02-26,-116.7210,526.8210,-39.9270,5.0450,4.0770,21.1120
2020.16120,2020-02-28,-150.5270,534.0610,-71.0570,3.6070,2.8470,14.0950
2020.16393,2020-02-29,-133.6030,568.2440,-125.2750,3.9430,3.0490,14.6700
2020.16667,2020-03-01,-174.5010,500.9150,-112.4690,3.6070,2.6600,14.2010
2020.16940,2020-03-02,-145.2360,497.5920,-49.4120,3.4790,2.6520,13.3540
2020.17213,2020-03-03,-157.3950,543.7360,-121.3510,5.3140,4.0320,19.5950
2020.17486,2020-03-04,-200.4110,612.3930,1.9720,5.6910,4.4890,21.5080
2020.17760,2020-03-05,-191.3010,548.0920,57.7880,4.1940,4.0720,16.7560
2020.18033,2020-03-06,-157.1460,512.5700,-5.9150,2.9400,2.4720,11.4340
2020.18306,2020-03-07,-152.2770,550.9100,-194.5100,3.7850,3.7880,16.3590
2020.18852,2020-03-09,-163.9100,502.4120,-149.7950,3.1340,2.6530,12.6530
2020.19126,2020-03-10,-223.8930,568.4690,-78.7380,5.3590,4.3670,18.9000
2020.19399,2020-03-11,-121.4150,537.8140,-258.0830,5.9800,4.7000,24.3350
2020.19672,2020-03-12,-164.2530,536.1620,-127.9520,4.4950,3.6490,18.5230
2020.19945,2020-03-13,-138.8410,504.8280,31.4070,4.4190,4.1580,19.4080
2020.20219,2020-03-14,-100.3600,504.1150,-96.9120,4.0220,2.7810,14.1430
2020.20492,2020-03-15,-159.3230,496.3050,-35.6460,3.7660,3.4120,16.8940
2020.20765,2020-03-16,-164.7780,537.8650,18.8210,6.8840,5.4000,28.0250
2020.21038,2020-03-17,-138.7330,546.3770,-149.6500,4.4950,4.2120,18.4010
2020.21311,2020-03-18,-153.3250,502.9150,-137.9040,4.9240,3.6270,20.8470
2020.21585,2020-03-19,-153.7360,510.2830,41.0800,4.0860,3.6490,17.8500
2020.21858,2020-03-20,-130.2870,503.9630,62.0710,4.1650,3.1150,15.8010
2020.22131,2020-03-21,-104.5450,411.6970,-134.5360,5.2540,4.0750,20.3310
2020.22404,2020-03-22,-165.9440,532.3520,-87.8200,5.0780,5.0750,24.8830
2020.22678,2020-03-23,-143.7370,577.1250,-333.3570,6.1930,5.5360,27.1310
2020.22951,2020-03-24,-81.6040,603.8430,-213.5440,6.2140,5.8720,31.7330
2020.23224,2020-03-25,-99.4720,517.4840,-68.3730,4.5640,3.8010,16.0160
2020.23497,2020-03-26,-116.9220,600.7610,-143.9670,5.9670,5.7390,25.4010
2020.23770,2020-03-27,-144.7270,475.1300,-9.5760,4.4960,3.4290,15.3010
2020.24044,2020-03-28,-161.5630,622.6930,-55.9010,6.6450,5.4430,24.5550
2020.24317,2020-03-29,-203.3030,546.9620,-167.9150,5.2190,4.4580,22.7290
2020.24590,2020-03-30,-143.8320,513.0790,-93.9030,3.4440,2.6830,14.0470
2020.24863,2020-03-31,-186.2300,529.0780,20.8530,5.0390,4.0390,23.3760
2020.25137,2020-04-01,-155.1640,480.5100,-21.6330,4.6380,4.2900,19.7380
2020.25410,2020-04-02,-146.0530,507.8260,34.0640,5.5190,3.5130,18.3390
2020.25683,2020-04-03,-133.8420,535.0130,-189.3140,5.0360,4.0970,19.8120
2020.25956,2020-04-04,-144.9450,542.3130,-9.1610,4.2420,3.8060,18.5050
2020.26230,2020-04-05,-199.9880,660.8060,-347.8780,7.9440,5.3010,32.6840
2020.26776,2020-04-07,-141.8210,535.3250,-55.5570,3.8950,2.9160,13.5290
2020.27049,2020-04-08,-129.6110,527.4430,-39.9940,5.6200,4.9820,23.0190
2020.27322,2020-04-09,-158.6500,482.3720,-138.5490,4.3950,3.5550,17.5050
2020.27596,2020-04-10,-150.6870,533.4330,-39.8920,3.5570,2.8750,13.6760
2020.27869,2020-04-11,-163.2530,584.3020,-260.5390,5.6650,5.0040,25.4940
2020.28142,2020-04-12,-161.7180,527.3430,-121.1910,5.4250,6.0160,27.2080
2020.28415,2020-04-13,-164.8240,592.1530,-320.9400,4.4420,4.3230,18.2540
2020.28689,2020-04-14,-150.8980,501.3280,-126.6880,5.2480,3.5160,19.9310
2020.28962,2020-04-15,-168.5620,530.7860,31.2420,4.9110,4.2770,20.0430
2020.29235,2020-04-16,-143.4060,535.9980,20.4780,2.8980,2.6930,11.9940
2020.29508,2020-04-17,-179.8680,500.4290,-71.3640,3.7730,3.2100,16.1450
2020.29781,2020-04-18,-154.2120,453.8520,-119.4430,3.4630,3.9560,14.7900
2020.30055,2020-04-19,-148.1700,501.3040,-38.0210,2.7830,2.1770,11.3440
2020.30328,2020-04-20,-159.5590,514.3130,-51.6670,3.2950,2.6000,12.9400
2020.31148,2020-04-23,-163.0390,505.3690,-83.0950,3.5990,3.0600,15.2650
2020.31421,2020-04-24,-204.8520,547.6980,-198.5230,5.9180,4.6430,23.7570
2020.31694,2020-04-25,-254.2470,584.5020,-425.6110,7.5300,6.4880,26.7200
2020.31967,2020-04-26,-117.3170,511.8370,-110.9230,3.9870,2.6930,15.2350
2020.32240,2020-04-27,-188.3640,543.1700,-140.7590,3.7730,4.4050,16.8460
2020.32787,2020-04-29,-182.6710,642.3710,-247.4090,7.2670,6.2760,34.1360
2020.33333,2020-05-01,-181.8690,500.6610,132.1570,4.9260,5.4370,24.1490
2020.33880,2020-05-03,-161.6140,501.6140,-43.6860,3.0120,2.5250,12.9280
2020.34153,2020-05-04,-169.7850,498.8830,-43.3560,3.3340,2.6830,13.7010
2020.34426,2020-05-05,-157.2330,512.8750,-47.3980,4.3220,3.2630,19.6460
2020.34699,2020-05-06,-166.6160,510.9690,-38.3440,2.9700,2.3210,12.4050
2020.34973,2020-05-07,-180.1610,470.7040,-375.1660,5.3670,4.2450,22.6140
2020.35519,2020-05-09,-144.0140,500.9260,-73.2120,3.1730,2.8480,13.7650
2020.35792,2020-05-10,-149.6030,482.6400,-72.7620,3.3250,2.6020,12.8040
2020.36066,2020-05-11,-173.7230,499.0670,-63.2300,3.6160,2.7780,14.0540
2020.36339,2020-05-12,-146.9590,490.7360,-57.6900,3.4480,2.3800,12.8700
2020.36885,2020-05-14,-172.1490,502.4410,-58.3450,2.8080,2.4640,11.9830
2020.37158,2020-05-15,-161.2800,513.2620,-99.7410,3.1930,2.6990,12.4590
2020.37432,2020-05-16,-198.8370,468.4050,25.2840,4.4470,4.8460,17.3200
2020.37705,2020-05-17,-173.9920,559.4930,-87.3010,3.8490,3.3920,15.2710
2020.38251,2020-05-19,-159.8700,541.2730,-27.9160,6.5830,8.8700,23.0960
2020.38525,2020-05-20,-170.8290,485.5010,-98.0820,5.9710,7.0110,25.4160
2020.38798,2020-05-21,-116.7920,545.7870,-89.7660,5.2110,6.2250,22.5700
2020.39344,2020-05-23,-144.8270,630.5740,-194.4310,5.6950,5.5050,26.1810
2020.39617,2020-05-24,-149.4530,566.7870,-5.5430,4.1380,4.4930,17.3020
2020.40164,2020-05-26,-156.1820,542.5990,-94.6530,4.8040,4.2200,19.6410
2020.40710,2020-05-28,-159.7880,498.7200,-59.0460,3.7450,2.7450,14.8390
2020.40984,2020-05-29,-172.0430,523.1740,-166.4210,4.9140,3.5730,20.9020
2020.41257,2020-05-30,-235.7620,538.8070,-149.6250,7.8490,5.9740,33.7010
2020.41803,2020-06-01,-178.0630,543.6100,-44.4900,4.7900,4.9860,22.5330
2020.42350,2020-06-03,-148.1080,664.0070,-444.1730,5.1820,3.9110,22.6630
2020.42623,2020-06-04,-177.8970,574.5920,-53.2400,5.4020,5.0400,20.2560
2020.42896,2020-06-05,-146.5470,563.5630,-263.8060,7.3860,5.1440,27.9080
2020.43169,2020-06-06,-168.1660,534.5800,-83.0740,4.6520,4.0350,20.0310
2020.43443,2020-06-07,-209.9860,527.8690,-68.1900,4.3430,3.2260,16.1730
2020.43716,2020-06-08,-176.6450,502.4340,120.0960,6.0710,4.5690,21.8270
2020.43989,2020-06-09,-215.0970,549.2710,-102.5570,6.3020,5.3580,26.2980
2020.44262,2020-06-10,-193.0080,648.7180,-220.9160,5.3590,5.0060,26.4940
2020.44536,2020-06-11,-181.4370,525.3540,-167.0050,5.7170,4.2590,21.1800
2020.44809,2020-06-12,-172.2480,568.6050,53.9220,4.8170,3.8040,20.2290
2020.45082,2020-06-13,-134.4780,658.5040,222.0600,8.3670,8.7330,42.7250
2020.45628,2020-06-15,-165.7890,510.9000,5.4810,4.9130,3.8200,20.1080
2020.45902,2020-06-16,-185.0930,563.0590,-25.4910,4.4960,4.3060,19.1340
2020.46175,2020-06-17,-167.6450,511.6430,36.0110,3.7810,2.8290,14.9980
2020.46448,2020-06-18,-163.8600,516.6820,49.9610,4.2220,3.3560,18.7320
2020.46721,2020-06-19,-153.6740,542.1210,37.3640,3.9790,3.4100,16.3160
2020.47268,2020-06-21,-142.9890,639.9840,-299.8720,6.7190,4.4750,25.3360
2020.47541,2020-06-22,-176.1730,527.2460,10.1030,4.9530,3.8490,20.2890
2020.47814,2020-06-23,-196.9820,550.9820,-23.3120,6.5960,5.7110,32.4320
2020.48087,2020-06-24,-168.6570,579.7290,19.6410,4.2160,3.4470,16.3790
2020.48361,2020-06-25,-139.8980,514.6000,66.2890,4.1230,3.1400,16.8210
2020.48634,2020-06-26,-116.1640,642.0290,-202.9410,5.0170,4.4350,21.1710
2020.48907,2020-06-27,-193.2400,534.6980,-19.3910,4.2880,3.3230,15.9170
2020.49180,2020-06-28,-202.4510,526.1520,-6.1880,5.0550,3.9500,18.8310
2020.49727,2020-06-30,-151.0620,648.3130,-39.7040,9.0040,6.9410,34.3280
2020.50273,2020-07-02,-180.7500,527.5000,85.9920,3.8030,2.7540,14.9230
2020.50546,2020-07-03,-171.1840,551.1480,12.3460,4.2140,4.0760,19.9550
2020.50820,2020-07-04,-179.4520,615.2710,75.6050,5.2190,5.2210,22.8220
2020.51093,2020-07-05,-141.1920,590.8220,27.2730,5.5740,4.3370,20.4660
2020.51366,2020-07-06,-171.2710,527.2160,-26.1730,5.4340,4.3480,22.4110
2020.51639,2020-07-07,-150.0210,576.9800,-300.7690,4.4140,3.9170,20.6900
2020.51913,2020-07-08,-150.9500,509.8050,-110.5340,5.5770,3.8510,22.4560
2020.52186,2020-07-09,-170.7920,513.1210,-189.7340,5.1390,4.2400,24.3880
2020.52459,2020-07-10,-151.0110,526.0850,109.8150,6.4810,5.4390,29.2340
2020.52732,2020-07-11,-157.4810,535.7720,-24.8950,3.9870,3.0290,15.3880
2020.53005,2020-07-12,-201.9920,668.2950,-234.8590,5.9530,4.8750,25.2200
2020.53552,2020-07-14,-104.1660,540.6780,178.0520,7.6490,4.9950,29.0640
2020.53825,2020-07-15,-155.3050,523.9540,-13.6940,4.0600,3.5210,14.9940
2020.54098,2020-07-16,-119.6260,574.2350,31.2210,6.5360,5.2250,26.2860
2020.54372,2020-07-17,-223.5640,645.5660,-55.6560,7.9190,7.4730,29.5820
2020.54645,2020-07-18,-158.2220,540.0720,-214.5130,5.9420,4.5410,25.0630
2020.54918,2020-07-19,-158.0020,557.5130,-82.7780,7.1480,6.9570,30.9790
2020.55464,2020-07-21,-170.3850,507.3170,-31.0510,3.7800,3.0460,16.0470
2020.56284,2020-07-24,-193.7220,586.5760,65.8100,5.4690,4.6030,23.6240
2020.56557,2020-07-25,-203.1500,562.3300,-226.8990,5.7180,4.3870,21.9650
2020.56831,2020-07-26,-168.0060,513.6190,-42.6180,4.7550,3.2560,18.4570
2020.57104,2020-07-27,-120.0510,600.2120,-256.6710,6.3720,5.3840,28.6370
2020.57377,2020-07-28,-88.5830,676.1320,-35.9730,8.0170,6.7650,37.3250
2020.57650,2020-07-29,-152.6050,534.1870,-30.4370,4.3750,3.7580,19.9300
2020.57923,2020-07-30,-142.7380,533.8900,-255.3540,6.1130,3.6990,22.7370
2020.58197,2020-07-31,-151.9590,618.9890,-194.0130,5.3220,4.3110,23.3890
2020.58470,2020-08-01,-164.2720,619.2990,252.0700,7.5240,7.6280,27.8920
2020.58743,2020-08-02,-168.5990,547.5820,21.0010,6.5780,4.6160,21.7960
2020.59016,2020-08-03,-221.5330,663.4920,-259.4540,8.8600,5.8120,34.3420
2020.59290,2020-08-04,-155.5920,551.4920,86.4300,4.9010,3.7310,18.2160
2020.59563,2020-08-05,-255.8010,480.0650,-109.2250,7.2850,5.2310,32.3690
2020.59836,2020-08-06,-212.5980,490.1570,-367.7240,5.4880,4.9340,22.9660
2020.60109,2020-08-07,-156.9050,519.8910,-106.5250,5.4860,4.5560,20.9600
2020.60383,2020-08-08,-153.8160,586.7830,-15.9970,6.6740,4.8860,28.6860
2020.60656,2020-08-09,-171.6100,559.5060,127.3780,6.6590,7.0570,29.3300
2020.60929,2020-08-10,-153.4920,513.9350,-185.5870,4.7130,4.0720,21.9640
2020.61202,2020-08-11,-232.2100,563.1600,-225.1640,7.6820,6.6870,29.3520
2020.62022,2020-08-14,-153.9450,582.2510,-177.5640,4.8720,3.6480,19.7250
2020.62295,2020-08-15,-160.0360,526.1370,-71.4630,4.1710,3.9140,17.1720
2020.62568,2020-08-16,-219.3830,522.7960,-64.5070,5.8670,4.9790,26.5920
2020.63115,2020-08-18,-217.6370,540.9590,26.9650,4.7110,3.9910,17.0200
2020.63388,2020-08-19,-195.1040,529.3320,-163.9920,4.8000,3.7550,19.4870
2020.63661,2020-08-20,-137.5810,541.7490,-109.8860,5.4650,5.5080,29.9190
2020.63934,2020-08-21,-152.9940,589.6290,50.7380,5.6510,4.2650,22.6140
2020.64208,2020-08-22,-130.0250,514.0120,-8.4790,7.8480,4.9900,34.4320
2020.64481,2020-08-23,-177.2760,526.8960,-93.2910,6.4270,5.2570,30.4390
2020.64754,2020-08-24,-167.0670,524.1330,-162.5110,5.0770,4.4460,23.1860
2020.65027,2020-08-25,-139.3690,535.1850,-36.6800,5.9290,5.5240,24.3490
2020.65301,2020-08-26,-164.9760,517.8840,5.8540,3.9040,3.5730,16.2540
2020.65574,2020-08-27,-238.6320,527.4010,-136.6860,5.9640,4.1770,20.7490
2020.65847,2020-08-28,-168.9880,532.9680,-102.3080,5.1530,3.9230,17.9960
2020.66120,2020-08-29,-158.3720,514.3920,-34.6500,3.3950,3.0240,12.9730
2020.66393,2020-08-30,-114.0490,522.9870,-70.3670,6.6640,4.7640,22.0680
2020.66667,2020-08-31,-150.8240,524.3940,-41.4730,5.5270,4.1920,19.0420
2020.66940,2020-09-01,-216.4150,588.2400,-114.2790,5.6040,4.3120,19.0350
2020.67213,2020-09-02,-187.5850,547.1390,-155.9170,4.8640,4.0700,19.8390
2020.67486,2020-09-03,-154.8010,509.0310,-93.4270,3.2830,2.8680,14.3590
2020.67760,2020-09-04,-211.8470,516.3660,-162.3390,4.7830,3.5490,18.2710
2020.68033,2020-09-05,-204.5930,534.9150,-172.2590,5.5490,4.7750,24.2790
2020.68306,2020-09-06,-141.7520,524.5320,-76.2530,6.0650,4.1300,19.4200
2020.68852,2020-09-08,-115.8190,601.5420,-341.8630,4.4050,3.1890,16.8560
2020.69399,2020-09-10,-169.8080,542.8450,-75.8450,3.8090,2.8660,14.3480
2020.69945,2020-09-12,-182.3790,541.0120,-98.1640,6.7230,5.2630,24.7720
2020.70219,2020-09-13,-186.3550,541.8570,-3.7680,4.1180,3.3930,16.3610
2020.70492,2020-09-14,-183.8830,518.1400,-49.7920,3.7450,2.9080,15.0860
2020.70765,2020-09-15,-205.0400,500.7790,-36.3660,4.6630,3.8180,17.7280
2020.71038,2020-09-16,-175.5020,555.3840,-194.2060,4.9090,4.6090,25.0280
2020.71311,2020-09-17,-182.5890,528.0850,13.0160,5.1710,3.8420,21.5660
2020.71585,2020-09-18,-197.3010,637.2170,-85.7330,7.5920,7.2850,29.2480
2020.71858,2020-09-19,-217.0790,584.3020,247.6320,5.9240,5.9270,26.5830
2020.72131,2020-09-20,-163.6780,516.0200,-30.2730,3.1660,2.4550,12.7100
2020.72404,2020-09-21,-182.5160,550.4330,123.8750,5.5740,4.7900,23.9390
2020.72678,2020-09-22,-126.9520,558.0740,40.1910,4.8930,4.7060,20.7530
2020.72951,2020-09-23,-165.8240,518.3620,-265.1510,5.7890,5.8170,30.8690
2020.73224,2020-09-24,-163.5000,560.5650,104.7730,5.3140,4.3810,20.7570
2020.73497,2020-09-25,-174.4580,527.5230,-56.2160,4.0940,3.7280,16.9790
2020.73770,2020-09-26,-181.1820,517.2260,-124.1930,3.5740,3.1070,14.6900
2020.74044,2020-09-27,-190.4180,677.7510,-286.7820,5.6550,5.8850,29.7920
2020.74317,2020-09-28,-180.6590,525.9870,14.9450,5.9380,4.3220,22.9780
2020.75137,2020-10-01,-156.6370,519.1110,-39.1640,4.3680,3.6160,17.2840
2020.75410,2020-10-02,-186.3020,547.6290,34.6700,4.1840,3.7200,17.3830
2020.75683,2020-10-03,-100.8760,473.5650,-345.2240,7.4170,6.3480,31.5620
2020.75956,2020-10-04,-116.8600,604.2410,-125.3680,4.4910,3.2800,18.0540
2020.76230,2020-10-05,-210.9140,532.9170,-193.3030,6.1290,4.5800,22.7690
2020.76503,2020-10-06,-154.8650,530.4090,-70.4740,4.7010,3.6290,17.4980
2020.77049,2020-10-08,-199.4660,496.8280,23.8680,4.2230,3.6040,18.1140
2020.77596,2020-10-10,-175.5820,482.7200,-141.3050,5.7290,4.7710,21.7850
2020.77869,2020-10-11,-143.7590,670.6010,30.2060,5.2920,4.9750,24.0340
2020.78142,2020-10-12,-207.1840,680.7560,-136.7110,7.2530,7.6510,30.1390
2020.78415,2020-10-13,-169.2080,512.9270,-90.5170,4.5700,4.0460,18.4040
2020.78962,2020-10-15,-198.3730,596.3490,-111.3090,4.9170,3.4290,21.0190
2020.79235,2020-10-16,-152.6160,582.7420,9.4420,6.1540,5.6610,26.5800
2020.79508,2020-10-17,-79.8280,594.8490,-119.3470,7.4750,5.4940,31.6130
2020.79781,2020-10-18,-215.3070,481.7110,-273.9000,5.1060,4.0680,20.8550
2020.80055,2020-10-19,-152.9940,526.0580,-161.6810,5.8370,7.2140,25.9510
2020.80328,2020-10-20,-187.7320,606.9410,52.6330,4.5450,4.3220,21.2110
2020.80874,2020-10-22,-193.7060,590.4220,-19.4980,7.7660,7.3650,44.1830
2020.81148,2020-10-23,-161.0380,563.8250,-61.1190,8.1500,6.7530,29.2950
2020.81421,2020-10-24,-120.8170,594.3520,-285.7510,7.8700,5.9440,34.4480
2020.81694,2020-10-25,-147.8330,563.2750,-92.1980,4.9620,4.6500,24.3320
2020.81967,2020-10-26,-172.7980,551.7300,-170.4790,4.9030,4.8950,18.8170
2020.82787,2020-10-29,-189.0820,523.3620,-72.6220,5.3790,4.1000,22.6080
2020.83060,2020-10-30,-177.2060,541.1360,-110.1000,6.0700,4.8650,20.3750
2020.83333,2020-10-31,-169.9180,557.5970,-225.5660,5.0010,4.6180,23.4240
2020.83607,2020-11-01,-172.0660,641.0150,-213.8960,5.5650,4.4710,22.1120
2020.83880,2020-11-02,-130.5000,570.8780,-135.2190,6.9590,5.4830,33.1580
2020.84426,2020-11-04,-154.2450,567.7390,-41.8120,5.3360,5.6330,25.8010
2020.84699,2020-11-05,-170.5410,561.0210,7.8330,4.2930,3.6230,17.5190
2020.84973,2020-11-06,-179.9450,539.2060,-20.8830,4.0110,3.6280,17.1060
2020.85519,2020-11-08,-221.9950,542.9260,-51.6630,5.6640,4.9590,24.7150
2020.85792,2020-11-09,-166.2470,617.5350,-168.3730,5.8830,4.8750,28.2470
2020.86066,2020-11-10,-251.3080,631.2200,103.2060,7.6400,6.4610,24.4600
2020.86339,2020-11-11,-162.2070,485.5020,-87.4000,6.6320,6.2350,27.8620
2020.86612,2020-11-12,-160.8780,541.5250,-109.9230,4.0320,3.0120,15.5290
2020.86885,2020-11-13,-257.7200,566.5410,-8.9230,6.3360,5.7700,24.4500
2020.87158,2020-11-14,-181.2420,532.1550,-45.3690,3.4750,2.5800,14.9380
2020.87432,2020-11-15,-186.4530,527.5910,-36.0450,4.3020,2.7270,14.5210
2020.87705,2020-11-16,-185.4700,640.4480,-238.2080,5.2490,4.4640,21.8760
2020.87978,2020-11-17,-171.9020,589.7390,-309.2350,5.4700,5.3330,28.1170
2020.88525,2020-11-19,-122.0060,611.3740,129.7940,5.4150,4.2520,18.9680
2020.88798,2020-11-20,-173.0900,606.5590,-152.9350,4.3520,4.3830,22.9300
2020.89071,2020-11-21,-200.0690,553.8930,-296.9960,5.9730,4.8670,30.1020
2020.89344,2020-11-22,-186.9650,562.4200,-44.8590,5.5550,5.0030,25.7710
2020.89891,2020-11-24,-175.7990,527.2720,48.3070,3.8530,2.9190,15.6610
2020.90437,2020-11-26,-205.8350,519.8140,-222.9250,5.0230,3.8660,16.4450
2020.91803,2020-12-01,-188.6520,563.6700,-74.4260,5.7260,4.4420,22.3330
2020.92077,2020-12-02,-95.8950,608.6520,-291.2380,8.7000,5.4290,34.3840
2020.92896,2020-12-05,-163.4690,533.0270,-13.0260,4.0990,3.2640,17.3900
2020.93169,2020-12-06,-197.5830,533.8500,-106.7070,4.1210,3.2650,17.0800
2020.93443,2020-12-07,-176.4820,552.3760,-76.7450,4.3940,3.3060,16.3230
2020.93716,2020-12-08,-190.9390,564.2300,62.3200,5.4690,4.5260,20.8230
2020.93989,2020-12-09,-170.8830,668.9650,-114.2770,4.6810,4.3690,19.0630
2020.95082,2020-12-13,-192.6150,531.6050,39.0600,6.0950,3.9790,21.5990
2020.95355,2020-12-14,-163.8140,608.6150,-138.0030,5.1470,4.5570,22.8060
2020.95628,2020-12-15,-114.1630,542.8810,-358.9500,8.1240,5.1620,30.8430
2020.95902,2020-12-16,-187.9160,571.0460,-154.6900,4.6480,4.2510,18.6080
2020.96175,2020-12-17,-176.7360,537.8010,-12.0830,7.9090,7.6550,35.0270
2020.96721,2020-12-19,-176.4630,553.8970,-46.0740,3.6330,3.3600,14.6440
2020.96995,2020-12-20,-212.8580,568.4170,46.2950,4.4200,3.4630,19.5690
2020.97268,2020-12-21,-185.1940,535.4370,32.5500,6.6390,5.2050,22.2360
2020.97541,2020-12-22,-189.6340,563.3380,-55.2450,4.2850,3.6320,17.0610
2020.97814,2020-12-23,-127.0110,600.6150,7.4920,7.6050,4.2530,31.3840
2020.98087,2020-12-24,-152.2320,576.6370,-64.2870,4.9400,5.3760,18.7570
2020.98361,2020-12-25,-198.3980,638.1900,-172.8470,5.9370,4.8920,24.5540
2020.98634,2020-12-26,-163.0660,568.6500,-13.3590,3.8540,4.6920,16.5790
2020.98907,2020-12-27,-188.9520,658.0000,-405.9620,6.7780,5.4010,30.7480
2020.99180,2020-12-28,-149.9450,553.0300,-103.3320,3.9610,3.4880,17.0750
2020.99454,2020-12-29,-180.5240,563.8250,71.6890,5.4320,6.6240,20.0400
2021.00274,2021-01-01,-185.5220,633.7920,-1.1970,5.4370,4.1750,23.9870
2021.00548,2021-01-02,-194.0760,623.2980,-112.9090,7.7350,5.7040,31.5800
2021.00822,2021-01-03,-122.0730,646.6190,-279.5120,8.0570,4.8930,30.8990
2021.01096,2021-01-04,-167.1990,590.4230,-8.5420,4.1250,3.8710,19.2920
2021.01918,2021-01-07,-182.6690,577.7530,38.7440,5.8100,4.9370,22.0880
2021.02466,2021-01-09,-189.9800,630.7850,-65.1090,4.7500,3.6350,20.7780
2021.02740,2021-01-10,-155.6930,657.2090,-162.0810,7.6210,6.6250,29.9780
2021.03014,2021-01-11,-198.5490,594.1180,37.4790,7.1280,7.8620,26.5320
2021.03288,2021-01-12,-160.8070,568.3360,-74.1630,4.1810,5.4290,16.9380
2021.03562,2021-01-13,-129.8800,609.2280,-61.1030,4.9840,3.9210,21.0880
2021.03836,2021-01-14,-139.5530,585.1870,-7.0180,5.0060,4.7780,22.1220
2021.04110,2021-01-15,-141.8850,554.9260,67.8860,5.3550,4.0500,18.8310
2021.04384,2021-01-16,-158.4690,535.6030,-15.7470,4.7660,4.6020,19.6800
2021.04658,2021-01-17,-160.9170,555.3930,-3.6480,6.1180,6.1660,24.4910
2021.04932,2021-01-18,-152.7360,555.1640,8.9460,8.2530,6.0840,23.1280
2021.05205,2021-01-19,-181.6110,511.6960,33.5030,4.3840,3.1650,14.5990
2021.05479,2021-01-20,-201.7310,543.7670,240.2990,7.3030,6.1720,25.4470
2021.06027,2021-01-22,-131.4330,548.2700,50.4090,5.7200,4.7970,27.5650
2021.06301,2021-01-23,-231.5890,568.9150,0.5220,8.2540,6.8080,30.6470
2021.06575,2021-01-24,-102.3220,572.5000,-369.9650,6.0290,8.4110,31.2370
2021.06849,2021-01-25,-261.6570,564.0780,250.1980,6.4890,6.7740,25.3860
2021.07123,2021-01-26,-167.1340,557.6200,-25.1500,4.1510,4.3880,17.5080
2021.07397,2021-01-27,-183.2970,505.0330,51.9990,6.0170,6.3600,29.2740
2021.07671,2021-01-28,-159.9830,530.8370,-12.1690,3.5380,2.9380,14.3430
2021.07945,2021-01-29,-176.3450,553.7980,-59.8550,4.6190,4.3690,18.2170
2021.08219,2021-01-30,-173.1130,531.7210,163.2500,5.8160,4.0290,29.5640
2021.08493,2021-01-31,-174.9960,551.3660,75.4310,4.6820,6.1330,21.2940
2021.08767,2021-02-01,-241.6560,512.9640,238.2320,6.5710,7.0850,28.2470
2021.09041,2021-02-02,-211.3370,562.4070,-12.1720,4.9670,4.0400,18.4460
2021.09315,2021-02-03,-184.2860,541.3510,-30.4850,6.4110,4.6390,21.0420
2021.09863,2021-02-05,-173.7810,558.7030,8.1870,4.2160,5.2230,18.6320
2021.10411,2021-02-07,-186.4600,604.3020,87.4600,7.6960,8.1270,30.3110
2021.10685,2021-02-08,-206.6490,553.9750,15.5450,4.9420,3.4830,18.5710
2021.10959,2021-02-09,-192.7150,550.0870,8.1850,3.5120,2.8000,11.5220
2021.11233,2021-02-10,-180.3270,600.5190,87.1750,4.8970,4.5790,23.3660
2021.11781,2021-02-12,-206.1880,562.5040,-172.1480,4.3040,3.6030,16.9900
2021.12055,2021-02-13,-102.4580,549.1980,-251.1380,7.1970,4.8210,33.3160
2021.12329,2021-02-14,-179.1170,566.8980,-8.2430,3.8910,3.7390,14.4550
2021.12603,2021-02-15,-161.1080,566.8330,-74.3900,3.6450,3.9190,15.9980
2021.12877,2021-02-16,-177.8840,682.7000,79.2110,4.9540,4.2930,19.4970
2021.13151,2021-02-17,-185.2580,532.4720,43.7690,4.9090,3.9680,18.5200
2021.13425,2021-02-18,-174.5890,530.8250,-91.2290,4.3620,3.7330,16.8430
2021.13973,2021-02-20,-155.2970,540.2980,-122.5060,5.9780,5.2490,25.5150
2021.14247,2021-02-21,-269.4370,594.9860,137.9030,6.6860,6.5000,29.6050
2021.14521,2021-02-22,-214.1240,560.4160,-228.1070,8.0170,7.0000,32.0270
2021.15068,2021-02-24,-180.7780,592.1910,15.1900,7.0360,5.3670,25.0910
2021.15342,2021-02-25,-197.8030,536.1800,-118.6460,4.3920,3.5280,17.1900
2021.15616,2021-02-26,-204.2300,590.4280,-297.1060,6.7560,5.7030,28.4310
2021.15890,2021-02-27,-206.3980,593.1010,-239.2280,8.5450,7.5780,34.3730
2021.16164,2021-02-28,-177.2520,502.6890,52.7920,4.7710,3.6350,21.2070
2021.16438,2021-03-01,-163.0800,592.1290,-42.8520,5.1750,4.4230,19.6510
2021.16712,2021-03-02,-189.3460,608.0520,-76.8470,7.6080,5.7640,28.0270
2021.16986,2021-03-03,-179.2020,556.5990,26.5560,3.4140,3.2210,13.6970
2021.17260,2021-03-04,-172.0260,464.1380,-172.6080,7.8010,7.7870,29.2390
2021.17534,2021-03-05,-181.7190,585.3690,40.0150,5.1210,4.7070,16.6020
2021.18082,2021-03-07,-189.0260,560.0260,6.3770,4.1610,3.0110,15.1870
2021.18630,2021-03-09,-218.3080,579.6270,-92.1370,7.6570,5.2990,29.9710
2021.19178,2021-03-11,-171.9630,477.3910,-107.3510,3.5350,3.5000,14.2610
2021.19452,2021-03-12,-145.0010,507.6420,14.0700,4.3880,3.3930,15.2000
2021.19726,2021-03-13,-130.0980,501.8430,-129.8510,4.8140,3.3610,18.0320
2021.20274,2021-03-15,-211.8410,583.7220,81.8900,6.4520,5.5610,20.5620
2021.20548,2021-03-16,-212.8730,583.9350,49.1110,5.2310,6.0090,20.3950
2021.20822,2021-03-17,-170.8050,565.1230,28.9770,3.1520,3.1220,12.6130
2021.21096,2021-03-18,-163.2730,630.1200,-18.9370,6.1580,4.9820,22.2870
2021.21370,2021-03-19,-150.9150,469.1100,-40.8590,4.7430,3.7890,15.4480
2021.21644,2021-03-20,-207.7210,513.9620,-13.4790,5.2970,3.9250,18.1810
2021.22466,2021-03-23,-140.9850,555.0670,3.2910,4.7390,3.9460,15.6970
2021.22740,2021-03-24,-188.4520,533.2520,6.3630,3.9610,3.4120,14.2510
2021.23014,2021-03-25,-180.8090,644.5370,-67.7470,6.8330,5.9230,26.7010
2021.23562,2021-03-27,-161.1430,559.7850,-55.2570,5.7550,4.2730,19.5080
2021.23836,2021-03-28,-121.8820,567.0410,-164.1090,5.3880,4.4530,19.7950
2021.24110,2021-03-29,-231.1320,480.8250,226.5880,6.1570,6.1900,22.4560
2021.24384,2021-03-30,-173.5140,544.2320,-41.3160,4.3050,3.3340,15.6970
2021.24658,2021-03-31,-113.9490,507.1470,-30.4610,7.2770,4.6750,22.9150
2021.24932,2021-04-01,-161.5000,511.2830,-50.8700,6.6640,7.0820,30.9620
2021.25205,2021-04-02,-272.7550,538.2160,-319.9700,7.9890,4.8000,22.8170
2021.25479,2021-04-03,-194.3290,506.8560,-19.3990,3.6150,3.3290,15.0320
2021.26027,2021-04-05,-201.6700,564.0140,-112.4150,5.6530,5.1920,20.2150
2021.26575,2021-04-07,-219.7370,566.8490,-5.5850,7.8330,6.8670,26.9930
2021.27123,2021-04-09,-176.5090,602.9740,-14.9090,6.5570,6.4510,24.2190
2021.27671,2021-04-11,-142.6940,525.9960,-201.8270,5.0960,3.5430,18.1180
2021.28219,2021-04-13,-183.2780,540.4920,187.1930,4.4580,3.4140,17.8040
2021.28493,2021-04-14,-158.2840,559.2350,-64.8340,5.3190,4.7910,17.2730
2021.28767,2021-04-15,-188.4570,562.9690,15.2910,5.3750,4.7150,17.9590
2021.29041,2021-04-16,-185.7200,537.7870,-112.4880,5.2100,3.8070,18.8740
2021.29315,2021-04-17,-200.0880,499.7490,0.2250,4.4140,3.6210,15.1670
2021.29589,2021-04-18,-150.5730,537.8570,198.6180,8.9750,6.4380,32.1750
2021.30411,2021-04-21,-181.4990,530.5940,-143.9750,4.0980,3.4870,16.2940
2021.30959,2021-04-23,-172.3600,544.0190,-123.0310,6.8790,5.0610,21.1970
2021.31233,2021-04-24,-171.4480,553.0320,-10.2810,4.0790,3.3120,14.9590
2021.31781,2021-04-26,-212.4760,609.2160,-7.9140,6.3110,5.8270,20.9530
2021.32055,2021-04-27,-173.9110,546.9140,-86.7830,3.6020,3.0130,14.6960
2021.32877,2021-04-30,-170.5180,561.0060,80.5540,3.7290,2.7030,12.9900
2021.33151,2021-05-01,-167.0100,552.3110,-117.9010,3.7510,3.0830,13.6520
2021.33425,2021-05-02,-181.3590,626.1970,16.4390,4.9390,3.6560,21.8610
2021.34247,2021-05-05,-126.5740,562.9860,-228.9410,5.3690,4.6340,22.1690
2021.35068,2021-05-08,-156.1150,679.2260,-250.0960,6.0630,5.2120,25.5050
2021.35342,2021-05-09,-196.9480,539.0880,-103.4530,4.0060,2.9840,17.4860
2021.35616,2021-05-10,-175.5990,553.2120,49.9460,5.2820,3.4310,18.9880
2021.35890,2021-05-11,-187.1670,560.0700,-120.4470,4.5830,3.4940,17.0070
2021.36164,2021-05-12,-192.9120,597.2660,10.5490,4.4000,4.4410,16.1170
2021.36438,2021-05-13,-173.7930,522.9520,-106.5430,4.1330,3.1650,15.5330
2021.36712,2021-05-14,-168.8780,569.2430,-27.1840,3.3390,3.3310,13.1370
2021.36986,2021-05-15,-190.0320,551.2010,37.1850,4.4440,4.5840,18.5060
2021.37260,2021-05-16,-187.9490,551.9610,-4.1980,4.5620,3.9530,16.8360
2021.37534,2021-05-17,-235.2330,645.5350,0.2410,5.9230,5.7790,22.1470
2021.37808,2021-05-18,-184.1520,545.8330,-38.9970,3.8980,3.7610,14.4130
2021.38082,2021-05-19,-166.9990,555.8760,-31.3390,3.0090,2.7740,11.3670
2021.38630,2021-05-21,-195.7250,536.5830,37.7050,3.0490,2.2920,12.5640
2021.38904,2021-05-22,-179.3590,662.9690,-92.1300,5.8050,5.0600,25.6700
2021.39178,2021-05-23,-204.9050,548.4140,-82.6730,4.1390,3.8310,16.5210
2021.39452,2021-05-24,-208.3710,559.3520,-14.6650,4.1780,4.2870,16.2330
2021.39726,2021-05-25,-168.8790,558.3880,-36.8360,3.8450,4.0350,17.2310
2021.40000,2021-05-26,-156.3210,547.9300,258.1200,4.5150,3.8540,19.0430
2021.40274,2021-05-27,-195.0580,556.2450,17.3090,4.8510,3.4010,17.4950
2021.40548,2021-05-28,-187.5580,574.0270,-92.4130,3.7050,3.3540,15.7770
2021.40822,2021-05-29,-193.8950,553.4370,16.2980,3.1640,2.9750,13.3890
2021.41096,2021-05-30,-215.8150,505.2920,7.9450,6.4910,4.5850,23.5890
2021.41644,2021-06-01,-183.5650,547.9340,-37.8600,3.6270,3.0600,15.7510
2021.41918,2021-06-02,-194.0990,603.3100,-115.2230,5.8870,3.7750,21.3040
2021.42192,2021-06-03,-153.4600,612.9820,-51.0910,3.8490,3.0910,16.6480
2021.42466,2021-06-04,-175.0540,601.8870,-59.7000,3.7190,2.7970,13.7310
2021.42740,2021-06-05,-247.6060,558.6600,-145.2300,5.6840,4.5720,29.8840
2021.43014,2021-06-06,-187.5080,516.6990,83.3080,6.3420,4.5980,23.3340
2021.43562,2021-06-08,-200.7420,584.8560,34.1540,3.9360,3.6040,15.0970
2021.43836,2021-06-09,-196.8690,571.0280,17.3310,3.9300,3.4040,17.7650
2021.44110,2021-06-10,-201.7940,542.9810,-43.7780,3.8170,2.7120,16.0410
2021.44384,2021-06-11,-191.1190,508.7600,209.6660,7.6230,4.9110,30.8960
2021.44658,2021-06-12,-196.9560,612.8460,-213.0260,4.5380,3.7250,18.0720
2021.45205,2021-06-14,-177.5670,530.0700,-35.8810,4.4400,3.8220,20.8800
2021.45753,2021-06-16,-160.0980,544.0330,-234.9490,5.8450,3.9020,24.0720
2021.46027,2021-06-17,-188.1630,587.5230,-32.5390,4.7220,4.3640,18.9960
2021.46301,2021-06-18,-173.1920,526.2840,-115.4460,4.0240,2.9640,16.0980
2021.46575,2021-06-19,-159.2870,605.8120,114.8580,5.7640,4.5200,26.9590
2021.46849,2021-06-20,-172.2730,595.7740,-183.0430,5.8190,5.8510,24.6350
2021.47945,2021-06-24,-131.4250,503.8020,-227.3150,6.6950,6.4400,32.4300
2021.48219,2021-06-25,-198.2800,599.6050,-97.2090,7.2190,4.0170,26.8080
2021.49589,2021-06-30,-157.2420,574.6700,-41.7160,6.9240,5.6830,28.3300
2021.49863,2021-07-01,-150.4430,612.5480,38.8610,5.4520,5.2900,22.9170
2021.50137,2021-07-02,-181.8070,557.0340,-72.5080,5.2950,3.3820,23.0690
2021.50411,2021-07-03,-176.0340,550.3700,-85.1920,6.0200,3.6840,19.9560
2021.50685,2021-07-04,-174.0140,606.0490,-200.0830,4.3020,3.5460,18.4420
2021.51233,2021-07-06,-162.5710,529.7900,-73.8020,3.1090,2.8310,12.0040
2021.51507,2021-07-07,-192.4060,576.6260,-151.8560,4.0410,3.8230,17.5090
2021.51781,2021-07-08,-184.5130,527.5690,-111.3560,3.0180,2.3780,11.6010
2021.52055,2021-07-09,-195.4230,536.1140,-23.3240,3.5690,3.5400,15.4280
2021.52329,2021-07-10,-211.8150,513.5500,-11.3680,4.5420,3.7500,19.4360
2021.52603,2021-07-11,-250.0630,553.9980,-165.4670,6.7690,5.6510,22.4490
2021.52877,2021-07-12,-200.3880,520.8820,-110.6910,3.3530,2.7480,14.1040
2021.53151,2021-07-13,-197.2740,586.0690,-121.9820,3.8800,3.6280,14.5750
2021.53425,2021-07-14,-159.6020,575.3720,-151.9120,4.3330,4.6540,16.6050
2021.53973,2021-07-16,-228.6900,568.3580,-167.3800,5.6910,4.1670,20.0920
2021.54247,2021-07-17,-228.1770,560.1060,-326.7810,4.8680,4.3930,21.4860
2021.54521,2021-07-18,-174.6410,574.8670,-17.5060,4.8860,4.5690,19.0600
2021.54795,2021-07-19,-211.5740,574.3880,-4.2760,4.2440,4.0580,17.4800
2021.55068,2021-07-20,-176.1670,529.5830,-86.9430,3.4290,2.7230,14.0060
2021.55616,2021-07-22,-147.5930,492.1700,110.6940,6.6450,6.4590,32.6410
2021.56164,2021-07-24,-132.2940,585.4160,-447.4650,9.9360,9.6860,35.1290
2021.56986,2021-07-27,-268.8380,617.2690,-187.5370,5.0830,4.7440,22.4000
2021.57260,2021-07-28,-207.2020,583.2190,-40.0920,4.0820,4.0540,16.3840
2021.57534,2021-07-29,-221.1960,540.2310,-35.0640,3.8030,3.5530,13.4140
2021.57808,2021-07-30,-243.1640,601.2600,-195.5700,4.3550,3.3990,15.6690
2021.58082,2021-07-31,-199.5200,607.4770,-272.2240,5.0900,4.8650,21.4640
2021.58356,2021-08-01,-152.2270,545.5370,-261.0000,6.2920,5.4750,28.2310
2021.58630,2021-08-02,-133.3950,629.5960,191.7770,6.1490,6.5250,27.2120
2021.58904,2021-08-03,-189.9570,567.5670,2.6430,4.2870,4.0430,15.5660
2021.60000,2021-08-07,-114.6570,701.0860,-134.9740,7.3290,5.2970,30.2370
2021.60274,2021-08-08,-180.6070,558.6340,-367.9040,6.0710,5.6570,25.2990
2021.60548,2021-08-09,-218.9790,630.2950,-359.4840,9.9010,7.4560,38.9160
2021.60822,2021-08-10,-207.0750,616.2720,11.9490,5.5030,4.5860,19.5280
2021.61370,2021-08-12,-201.0310,473.4350,5.8330,4.4130,4.8360,20.1730
2021.61918,2021-08-14,-155.3310,591.6860,16.4140,4.0470,4.1120,16.8420
2021.62192,2021-08-15,-269.1720,658.2850,-338.4380,5.3060,4.5430,22.4100
2021.62466,2021-08-16,-209.9700,581.8270,160.3290,5.1600,4.7480,19.3190
2021.63014,2021-08-18,-208.8240,534.8410,25.3670,4.5830,3.4050,20.5700
2021.63288,2021-08-19,-201.5220,596.6810,-4.2150,5.1280,4.9510,24.0820
2021.63562,2021-08-20,-200.8670,539.2750,-89.0750,3.0430,2.5550,12.5220
2021.63836,2021-08-21,-178.7650,528.7250,-45.9820,6.8760,4.5590,30.7130
2021.64110,2021-08-22,-186.0450,543.1340,-52.6720,4.7740,4.0440,20.3160
2021.64384,2021-08-23,-195.7240,580.5780,110.5080,4.8000,3.9970,22.1990
2021.64658,2021-08-24,-249.8040,604.4130,-5.1790,5.3390,4.6300,18.6640
2021.64932,2021-08-25,-171.6190,669.4960,-125.9920,8.1350,5.5370,28.6490
2021.65205,2021-08-26,-234.0070,711.9990,-232.7290,6.1130,5.6330,32.0390
2021.65479,2021-08-27,-241.7000,538.2430,-23.5500,6.7030,4.5840,26.0040
2021.66027,2021-08-29,-202.7400,544.8060,-282.5930,4.9440,4.6770,20.0420
2021.66301,2021-08-30,-181.1590,576.4230,-20.6780,2.8330,3.0330,11.8640
2021.66849,2021-09-01,-217.9260,546.9890,-69.7810,3.2280,2.5380,13.4890
2021.67397,2021-09-03,-259.3320,622.9790,-1.4800,5.8690,5.3410,31.7700
2021.67671,2021-09-04,-188.1770,554.2470,33.4330,4.4570,3.6080,17.3860
2021.67945,2021-09-05,-189.8270,523.1640,99.0510,3.2630,2.9130,13.0950
2021.68219,2021-09-06,-178.6090,475.1030,41.0170,3.7890,4.0470,15.9110
2021.68493,2021-09-07,-183.6360,580.4770,-225.7520,6.9880,4.3780,29.0870
2021.68767,2021-09-08,-168.0270,627.8050,-66.4700,4.4710,4.4480,20.2740
2021.69315,2021-09-10,-204.5310,584.0190,-119.2240,6.1020,4.5290,25.8270
2021.69589,2021-09-11,-181.0700,718.4870,166.1510,9.6690,7.2520,38.0080
2021.69863,2021-09-12,-179.3490,599.8750,-62.1640,5.2240,4.8450,23.3920
2021.70137,2021-09-13,-170.9920,564.6090,-124.4740,5.7420,6.1050,22.3040
2021.70411,2021-09-14,-140.2670,559.5250,-232.3300,5.6540,4.0540,22.2870
2021.70685,2021-09-15,-153.8680,692.9730,-49.5420,5.8240,5.0270,24.7450
2021.70959,2021-09-16,-184.6940,541.2600,-79.0760,2.2680,1.9370,10.0510
2021.71233,2021-09-17,-190.3920,549.7740,-73.1700,2.6090,2.3080,12.0310
2021.71507,2021-09-18,-185.5430,551.8560,-46.3320,2.1490,1.8770,9.3990
2021.71781,2021-09-19,-177.0910,569.4400,-138.0020,2.4160,2.2260,10.5630
2021.72055,2021-09-20,-188.1430,544.0870,-63.0950,2.7460,2.2190,11.1180
2021.72329,2021-09-21,-183.6690,535.8590,-113.8510,2.1670,1.8890,9.3020
2021.72877,2021-09-23,-185.8240,544.0010,-157.8430,2.8450,2.3150,13.2100
2021.73151,2021-09-24,-184.6480,564.3060,-89.3620,2.2280,2.1590,10.1940
2021.73425,2021-09-25,-177.5470,544.3330,-62.3830,2.6800,2.3560,12.1070
2021.73699,2021-09-26,-196.9780,542.0720,-258.6500,4.1450,3.3890,18.6770
2021.73973,2021-09-27,-184.4440,544.1410,-57.9710,2.6210,2.1820,10.9760
2021.74247,2021-09-28,-177.1880,543.0600,-46.0370,2.1510,1.8560,10.0440
2021.74521,2021-09-29,-195.7500,545.0500,-117.2600,2.8200,2.8250,12.5880
2021.75068,2021-10-01,-193.0560,522.5960,-100.5270,2.5170,2.1860,11.2470
2021.75342,2021-10-02,-199.1600,559.8360,-40.6260,3.7830,2.9070,15.9500
2021.75616,2021-10-03,-187.2130,549.7050,-31.6680,2.2550,1.8570,9.7250
2021.75890,2021-10-04,-178.5910,546.8570,-60.6450,2.7770,2.4130,11.2810
2021.76164,2021-10-05,-165.3340,539.9640,-56.8710,2.4710,1.9460,10.5580
2021.76438,2021-10-06,-168.7090,544.6950,-100.9080,2.7730,2.4940,11.5750
2021.76712,2021-10-07,-187.1160,555.2320,-259.9240,3.0880,2.7830,15.2060
2021.76986,2021-10-08,-187.0110,527.4080,-81.0560,3.2070,2.6350,13.6750
2021.77260,2021-10-09,-178.5630,553.5210,-32.3660,2.1170,1.8430,8.9430
2021.77534,2021-10-10,-179.1960,544.3550,-24.5520,2.8220,2.7150,13.5660
2021.77808,2021-10-11,-200.5730,558.8620,-45.6480,3.0500,2.5530,12.7030
2021.78082,2021-10-12,-178.2590,541.0020,-41.5050,2.7210,2.5920,12.8810
2021.78356,2021-10-13,-172.3740,550.1850,-42.2130,2.4180,1.9760,10.5590
2021.78630,2021-10-14,-177.8070,545.5390,-117.1000,2.4740,1.9900,11.4610
2021.78904,2021-10-15,-174.2470,553.9380,-73.3310,2.7950,2.3670,12.8160
2021.79178,2021-10-16,-185.7870,538.8030,-119.2610,3.2950,2.5910,13.7590
2021.79452,2021-10-17,-186.4960,545.6150,-47.0770,2.8700,2.5510,11.4170
2021.79726,2021-10-18,-228.8010,574.7720,-259.6720,3.6700,3.8090,18.0960
2021.80000,2021-10-19,-189.7870,553.0140,-2.5330,2.4290,2.0750,10.2110
2021.80274,2021-10-20,-188.2090,548.7860,-52.5770,2.3410,1.8580,9.2040
2021.80548,2021-10-21,-172.4590,559.2400,-210.3430,3.3140,2.3050,13.0930
2021.80822,2021-10-22,-190.7880,556.7120,-48.6350,2.1790,2.2080,10.2080
2021.81096,2021-10-23,-178.5470,541.8080,-47.5400,2.0530,1.7020,8.7470
2021.81370,2021-10-24,-181.2890,545.8130,-13.1460,2.0350,1.7270,8.7180
2021.81644,2021-10-25,-197.0170,530.9150,-8.1640,2.7160,1.9880,10.8690
2021.81918,2021-10-26,-180.7600,532.7860,12.9760,2.4720,2.0530,10.4790
2021.82192,2021-10-27,-190.5560,546.5370,30.6340,2.9040,2.2560,10.7830
2021.82466,2021-10-28,-183.0370,536.6720,-45.4450,2.6780,2.1490,11.2700
2021.82740,2021-10-29,-192.7260,577.0170,6.4590,3.1620,3.1980,13.3230
2021.83014,2021-10-30,-185.3800,546.5350,-23.1740,2.2610,1.8590,10.1320
2021.83288,2021-10-31,-184.6940,537.3050,-34.4850,2.1650,1.8440,9.7360
2021.83562,2021-11-01,-190.2620,542.9280,-33.2130,2.2120,1.7340,9.0090
2021.83836,2021-11-02,-188.1430,556.3110,30.7240,3.3200,2.8840,14.0920
2021.84110,2021-11-03,-187.6330,555.9270,-40.6540,2.6380,2.3910,12.2140
2021.84384,2021-11-04,-168.3480,536.7310,-62.2960,2.4200,2.3460,10.7190
2021.84658,2021-11-05,-190.3620,540.5060,-3.6520,2.2630,1.8890,10.1740
2021.84932,2021-11-06,-199.6290,590.2290,-126.1130,3.7900,3.2110,17.0240
2021.85205,2021-11-07,-199.6950,532.2840,-21.4340,2.0220,1.8070,8.9860
2021.85479,2021-11-08,-182.1920,543.5800,-25.0280,2.1470,1.8140,9.2590
2021.85753,2021-11-09,-168.6240,549.4050,-44.2400,2.7730,2.4360,13.1030
2021.86027,2021-11-10,-159.7690,589.3610,-124.1180,3.4680,3.3020,16.1310
2021.86301,2021-11-11,-188.8360,545.2780,-47.0230,2.4060,2.2120,10.5860
2021.86575,2021-11-12,-185.1880,537.1760,-57.0300,2.1450,1.9720,9.5080
2021.86849,2021-11-13,-196.8970,532.0360,-38.5500,2.3480,1.8860,10.1950
2021.87123,2021-11-14,-188.1960,535.2750,-51.4690,2.1140,1.8160,9.1760
2021.87397,2021-11-15,-170.2410,538.8340,27.7470,2.4880,1.9730,10.7590
2021.87671,2021-11-16,-183.4030,560.1500,2.0130,2.3520,2.2920,10.8610
2021.87945,2021-11-17,-190.4620,538.9510,-9.5890,2.6390,2.3810,12.3620
2021.88219,2021-11-18,-186.7090,545.5410,-20.6740,2.4330,2.0750,11.2870
2021.88493,2021-11-19,-185.7510,540.2910,24.2700,1.9680,1.7920,9.1540
2021.88767,2021-11-20,-192.7020,538.6410,-83.4380,2.7240,2.3080,11.5450
2021.89041,2021-11-21,-179.2520,541.9560,-26.0250,2.5570,2.2050,12.4090
2021.89315,2021-11-22,-181.7540,550.9950,-0.9880,2.4220,2.0870,10.0500
2021.89589,2021-11-23,-203.3130,556.5300,-27.6870,2.2410,1.9820,9.3370
2021.89863,2021-11-24,-178.5810,541.3670,-44.0830,2.5360,2.0480,11.1500
2021.90137,2021-11-25,-198.7460,528.4120,5.4170,2.4310,2.0210,11.7200
2021.90411,2021-11-26,-169.2600,548.0290,-65.8150,2.3210,1.9380,10.5400
2021.90685,2021-11-27,-179.1380,539.9840,-21.1520,2.3430,2.0430,10.6150
2021.90959,2021-11-28,-199.1650,565.1230,-31.5810,2.7700,2.6410,12.0090
2021.91233,2021-11-29,-190.8370,545.1900,-85.2340,2.2060,2.0090,11.1180
2021.91507,2021-11-30,-145.1300,554.2420,-83.0870,2.7860,2.3990,11.7180
2021.91781,2021-12-01,-182.2720,546.3230,-59.3640,2.2170,1.9250,10.3350
2021.92055,2021-12-02,-207.6550,560.6380,-222.4940,3.5970,2.9030,16.1420
2021.92329,2021-12-03,-174.0700,546.1910,-23.9180,2.6710,2.3990,11.5160
2021.92603,2021-12-04,-189.2660,558.5010,-76.4260,3.0260,2.6250,12.9040
2021.92877,2021-12-05,-189.6130,542.5900,-79.8300,2.5320,2.2210,11.2270
2021.93151,2021-12-06,-182.9020,551.2000,5.2880,2.3360,2.0290,10.1400
2021.93425,2021-12-07,-179.9160,543.7770,-54.8290,2.3330,1.9060,9.8390
2021.93699,2021-12-08,-159.0660,551.8390,-92.9230,3.8120,3.0310,18.2430
2021.93973,2021-12-09,-183.6320,551.9900,7.5010,2.5760,2.3360,12.1320
2021.94247,2021-12-10,-200.3820,558.5040,14.6230,2.6540,2.4990,11.8150
2021.94521,2021-12-11,-185.2180,546.3180,5.3390,2.8220,2.3240,12.4350
2021.94795,2021-12-12,-171.4560,567.2650,45.4510,2.8880,2.9370,13.1250
2021.95068,2021-12-13,-180.1770,552.4500,-55.1260,2.5270,2.2020,11.4850
2021.95342,2021-12-14,-182.5340,547.0310,-55.8920,2.4930,2.2550,10.9120
2021.95616,2021-12-15,-192.3040,563.3520,44.1930,3.2050,2.6090,14.3880
2021.95890,2021-12-16,-181.1000,547.2580,-23.4130,2.5180,2.0220,11.3640
2021.96164,2021-12-17,-189.8530,549.7420,-22.5940,2.7900,2.0430,11.5120
2021.96438,2021-12-18,-182.9680,556.0190,-14.3500,2.8350,2.2710,12.5710
2021.96712,2021-12-19,-187.0650,551.5950,-48.8520,1.9150,1.7370,8.4150
2021.96986,2021-12-20,-186.8310,545.3150,-39.4450,2.9380,2.5030,13.2810
2021.97260,2021-12-21,-174.1770,578.8970,16.9650,2.4960,2.3880,11.1400
2021.97534,2021-12-22,-168.3270,572.6350,126.8720,3.8580,3.2800,18.1080
2021.97808,2021-12-23,-213.2080,557.8720,92.2350,3.5930,3.0330,15.3840
2021.98082,2021-12-24,-197.9540,592.2420,91.5250,3.8050,3.8470,14.4850
2021.98356,2021-12-25,-187.5960,555.6610,-58.0660,3.3760,2.6800,14.7250
2021.98630,2021-12-26,-171.4590,556.4490,-36.7270,2.6650,2.3350,12.2340
2021.98904,2021-12-27,-186.9360,561.1970,-16.6710,2.8490,2.3170,11.9100
2021.99178,2021-12-28,-185.1180,543.8460,-11.8220,3.0800,2.5810,12.8220
2021.99452,2021-12-29,-196.7000,576.6640,-45.7900,3.6500,3.2920,14.3300
2021.99726,2021-12-30,-177.9830,556.7970,-106.0100,2.9140,2.6010,12.7860
2022.00000,2021-12-31,-197.0690,553.7790,-29.5670,2.2990,2.0590,9.7200
2022.00274,2022-01-01,-206.4400,611.9430,-102.1620,3.1210,2.6030,14.0650
2022.00548,2022-01-02,-172.1540,558.4210,-64.0110,2.8930,2.5600,13.8790
2022.00822,2022-01-03,-202.6850,623.6920,-269.5050,3.4270,3.2420,13.6600
2022.01096,2022-01-04,-179.4610,556.6890,18.0820,2.3590,2.3610,10.3260
2022.01370,2022-01-05,-189.3940,560.5720,-38.6250,1.9420,1.9460,9.0570
2022.01644,2022-01-06,-183.5800,553.9620,-48.3620,2.8240,2.4030,13.2710
2022.02192,2022-01-08,-188.2820,553.7210,-42.1970,2.4830,1.9970,10.8940
2022.02466,2022-01-09,-179.4540,558.7160,-45.3350,3.2250,3.8890,15.3270
2022.02740,2022-01-10,-175.2420,565.8550,-28.6050,2.5290,2.6000,11.1860
2022.03014,2022-01-11,-189.3010,563.4370,-83.3880,2.9370,2.8740,13.4450
2022.03288,2022-01-12,-198.9230,556.8420,-27.9660,2.8030,2.5240,12.2970
2022.03562,2022-01-13,-197.4760,561.2890,-222.9920,3.5570,3.2570,17.5090
2022.03836,2022-01-14,-171.4450,622.9370,94.8530,3.2460,2.9520,14.9190
2022.04110,2022-01-15,-190.3080,553.0820,44.0290,2.8000,2.4530,12.7730
2022.04384,2022-01-16,-186.7010,556.9120,-20.6950,2.6450,2.3190,11.2490
2022.04658,2022-01-17,-187.2610,553.5440,-29.6620,3.1810,2.5770,13.8660
2022.04932,2022-01-18,-183.2750,582.2310,-108.7750,2.1690,2.2810,10.9920
2022.05205,2022-01-19,-191.5470,548.1070,-32.5990,2.1260,1.9500,10.1500
2022.05479,2022-01-20,-172.2590,559.4140,-210.8630,2.9500,2.7410,16.5260
2022.05753,2022-01-21,-170.0860,571.7700,-48.0490,3.3170,2.6480,13.4110
2022.06027,2022-01-22,-193.2330,590.8500,51.1800,2.9140,2.8440,13.7380
2022.06301,2022-01-23,-192.0200,557.7020,-24.1220,2.7980,2.4110,12.0480
2022.06575,2022-01-24,-171.2440,558.3950,-36.8670,3.2610,3.0570,16.5210
2022.06849,2022-01-25,-199.7660,557.3570,-18.4090,3.9080,3.7550,18.5450
2022.07123,2022-01-26,-204.5120,573.6120,-96.1370,3.0520,2.7130,12.5650
2022.07397,2022-01-27,-184.5280,542.5240,21.5780,2.3520,1.9120,11.0490
2022.07671,2022-01-28,-218.0100,603.9210,251.7550,4.9400,3.5730,19.2920
2022.07945,2022-01-29,-179.4750,551.5740,-68.7200,2.4780,2.2180,11.2760
2022.08219,2022-01-30,-181.8960,557.3010,-65.0410,2.3070,2.3380,10.0120
2022.08493,2022-01-31,-176.6840,551.8540,16.9710,3.0640,3.0590,13.9120
2022.08767,2022-02-01,-176.7280,541.4730,39.4410,2.8940,2.5250,12.9030
2022.09041,2022-02-02,-182.7870,544.7120,-48.0480,2.7480,2.2800,11.5650
2022.09315,2022-02-03,-179.6190,557.8670,27.0420,2.9870,2.4060,13.3980
2022.09589,2022-02-04,-179.0640,574.4700,-83.1440,4.0500,3.4960,16.9590
2022.09863,2022-02-05,-188.8930,540.7700,16.5530,2.4520,2.2050,11.8500
2022.10137,2022-02-06,-202.5750,557.8900,99.5950,3.0830,2.4300,12.1510
2022.10411,2022-02-07,-190.1350,565.5920,-31.6560,3.0700,2.3610,12.6630
2022.10959,2022-02-09,-198.2900,540.5930,-92.4290,2.9300,2.4360,12.1380
2022.11233,2022-02-10,-190.6310,549.7870,-31.4760,2.2460,2.0070,10.3940
2022.11507,2022-02-11,-182.0910,557.2740,-11.1750,2.3610,2.0020,10.0310
2022.11781,2022-02-12,-193.1990,539.5820,-16.5390,2.3850,2.1320,10.3650
2022.12329,2022-02-14,-202.5720,551.1860,21.5350,2.7640,2.2180,12.8450
2022.12603,2022-02-15,-178.3280,558.8720,-6.9220,2.3680,2.2410,10.5680
2022.12877,2022-02-16,-179.4300,557.0150,46.6870,2.7990,2.3340,12.7290
2022.13151,2022-02-17,-205.5290,553.6300,12.6680,2.4690,2.5550,11.5780
2022.13425,2022-02-18,-194.2630,559.3210,-11.3010,2.3610,2.1350,11.3430
2022.13973,2022-02-20,-177.9840,572.2140,-5.6040,3.0600,2.8840,14.8720
2022.14247,2022-02-21,-172.2960,678.1850,3.3980,4.8260,4.6460,24.0960
2022.15068,2022-02-24,-175.2090,556.7290,17.7340,3.0200,2.8420,14.9590
2022.15342,2022-02-25,-182.6100,555.1760,-20.3050,1.9070,1.8010,8.9520
2022.15616,2022-02-26,-181.2580,580.1580,-53.5540,2.6410,2.4800,12.1070
2022.15890,2022-02-27,-185.6250,562.6850,-26.4500,2.8750,2.4900,12.7470
2022.16164,2022-02-28,-181.5340,585.0310,-9.1330,2.8250,2.9430,13.8130
2022.16438,2022-03-01,-177.4900,552.6170,-9.4900,2.3060,2.1810,10.2540
2022.16712,2022-03-02,-202.9170,563.2270,-17.1180,2.8700,2.5200,12.9800
2022.16986,2022-03-03,-185.9800,554.5250,35.1330,2.1980,1.8400,9.4600
2022.17260,2022-03-04,-187.3680,557.0250,40.9700,2.4680,2.1120,10.6530
2022.17534,2022-03-05,-188.2750,563.3890,50.6290,2.5890,2.2060,11.1790
2022.17808,2022-03-06,-180.9240,562.8810,-3.3100,2.8990,2.7330,12.8700
2022.18082,2022-03-07,-172.5200,625.2840,109.8050,4.4180,4.3800,21.2170
2022.18356,2022-03-08,-183.0640,566.2830,-60.4380,2.4310,2.6780,10.9910
2022.18630,2022-03-09,-160.0380,574.3570,157.8490,5.1400,5.0350,24.6000
2022.18904,2022-03-10,-189.9610,567.6630,68.7700,3.0340,3.3760,13.5840
2022.19178,2022-03-11,-177.5840,562.3490,80.2500,3.3140,2.8890,14.8880
2022.19452,2022-03-12,-226.8810,637.5130,-96.0460,6.0500,3.8680,19.8040
2022.19726,2022-03-13,-222.5730,606.6070,-53.8270,5.2690,4.4980,20.3830
2022.20000,2022-03-14,-209.3360,575.5390,-27.1890,3.1140,2.7660,12.2300
2022.20274,2022-03-15,-175.1220,706.7500,161.7470,5.7440,5.2130,26.3760
2022.20548,2022-03-16,-204.3820,564.7430,62.1510,5.1330,4.3560,18.2530
2022.21096,2022-03-18,-167.9870,574.2860,-14.2030,2.5620,2.7980,11.3200
2022.21370,2022-03-19,-181.9780,561.7770,54.0400,2.4990,2.3300,11.3190
2022.21644,2022-03-20,-228.7880,619.1470,-248.5840,5.3800,4.5040,22.9600
2022.21918,2022-03-21,-183.6190,560.3900,121.9820,3.3540,3.1370,13.1390
2022.22192,2022-03-22,-201.7580,629.3330,28.7220,3.0620,2.9920,12.2950
2022.22466,2022-03-23,-187.5110,582.4870,-17.2220,4.6280,4.2670,18.3220
2022.22740,2022-03-24,-192.0460,569.9290,-58.6200,3.6130,3.6390,15.5810
2022.23014,2022-03-25,-183.5870,658.1250,-151.0810,5.0860,5.0270,24.7350
2022.23288,2022-03-26,-174.4860,559.1130,-33.9010,3.1470,2.6710,15.0970
2022.24110,2022-03-29,-143.5210,668.5630,-179.7320,9.0670,7.0340,43.7750
2022.24384,2022-03-30,-177.3780,620.0580,-152.6560,4.2440,5.2210,21.9020
2022.24932,2022-04-01,-163.7740,555.2730,78.9270,3.8320,3.9730,15.7930
2022.25205,2022-04-02,-182.5180,559.2060,109.1180,3.2610,3.3150,15.6820
2022.25479,2022-04-03,-180.3340,577.5400,-88.2820,3.5120,3.3140,15.6290
2022.26027,2022-04-05,-242.2010,656.8650,109.1190,4.5750,3.9940,14.8710
2022.26575,2022-04-07,-261.7140,690.5620,12.2080,7.7600,8.3930,28.2480
2022.26849,2022-04-08,-181.7540,562.2230,25.6870,2.2300,2.1360,9.7750
2022.27123,2022-04-09,-196.7290,573.0590,122.7130,3.1390,3.3710,16.0690
2022.27397,2022-04-10,-185.0520,569.1410,37.7550,3.0240,2.9540,12.8780
2022.27671,2022-04-11,-170.5040,574.2420,-27.6840,3.2310,2.6580,13.7600
2022.28219,2022-04-13,-209.5570,627.0470,-54.6790,3.9650,3.9800,16.2860
2022.28493,2022-04-14,-168.6660,570.1720,22.4500,2.9230,2.9330,12.9430
2022.28767,2022-04-15,-184.3620,554.4430,3.0200,2.2950,2.3620,11.1930
2022.29041,2022-04-16,-185.7690,576.9200,58.7310,2.4790,2.6840,12.5910
2022.29315,2022-04-17,-199.5300,566.3580,-11.5530,2.6630,3.1810,14.5620
2022.29589,2022-04-18,-186.1260,564.7120,-13.3260,2.8220,2.4080,12.4770
2022.29863,2022-04-19,-168.5570,627.0690,33.5380,3.5420,2.9970,14.7020
2022.30411,2022-04-21,-214.9590,580.5390,42.8730,4.1670,3.5050,19.3310
2022.30685,2022-04-22,-168.4340,633.3620,-105.4590,4.1840,4.1040,20.7960
2022.31233,2022-04-24,-183.4370,577.2120,7.5130,2.7270,2.4420,11.0350
2022.31507,2022-04-25,-204.2310,576.6430,-85.9450,3.5980,3.0280,14.7880
2022.31781,2022-04-26,-183.1660,572.7540,-3.5600,2.8670,2.8520,13.2600
2022.32055,2022-04-27,-162.1720,585.5840,-248.0030,5.6510,5.2490,22.0710
2022.32329,2022-04-28,-207.2700,580.6080,-77.9270,3.2890,2.9810,15.8550
2022.32877,2022-04-30,-201.2430,586.8650,-94.4130,4.5050,3.9430,18.3590
2022.33151,2022-05-01,-216.0460,623.7510,-21.7160,4.9330,4.1020,21.4490
2022.33425,2022-05-02,-210.1570,601.5670,-147.2380,3.9280,4.1900,20.9270
2022.33973,2022-05-04,-210.4050,627.6820,-333.5400,7.0570,8.2380,52.0780
2022.34247,2022-05-05,-162.0070,580.0750,-113.3050,3.2450,2.5740,14.5490
2022.34521,2022-05-06,-193.6970,581.5820,-39.8490,2.9090,3.1960,13.8260
2022.34795,2022-05-07,-209.4630,597.9320,-131.4050,3.3000,3.0630,14.2330
2022.35068,2022-05-08,-185.7430,564.0320,-66.9680,3.6820,3.0640,17.4140
2022.35342,2022-05-09,-205.3950,590.7750,-49.8030,3.8470,3.5480,17.6830
2022.35890,2022-05-11,-162.9530,576.4300,-77.1100,4.5390,4.2490,20.2690
2022.36438,2022-05-13,-167.4470,572.5100,-101.1480,3.4280,3.0090,15.4500
2022.36712,2022-05-14,-242.8780,548.6290,-150.1620,5.3800,4.8320,23.9020
2022.36986,2022-05-15,-197.1070,592.0790,-76.1840,2.9700,2.9130,12.7710
2022.37808,2022-05-18,-159.9320,573.7260,-92.8240,4.0280,3.4090,16.8250
2022.38356,2022-05-20,-184.7370,561.4610,-28.5670,2.3150,2.1920,10.1470
2022.38630,2022-05-21,-157.4610,638.4820,-83.1490,3.4410,3.6500,15.2370
2022.38904,2022-05-22,-139.8030,617.6310,-61.9950,5.3290,4.2570,20.5570
2022.39178,2022-05-23,-192.7630,576.1670,-155.9870,2.5080,2.5810,12.9150
2022.39452,2022-05-24,-202.1690,605.9510,-174.7440,3.8700,4.3690,21.4250
2022.39726,2022-05-25,-166.5640,627.6030,-190.1780,4.3140,5.0220,23.5760
2022.40548,2022-05-28,-197.5800,567.7300,-15.8460,2.4720,2.2930,11.4360
2022.40822,2022-05-29,-199.7000,592.5390,-162.0440,3.4660,3.2700,15.8200
2022.41370,2022-05-31,-199.4760,554.6280,-30.1340,3.0140,3.2360,14.1480
2022.41644,2022-06-01,-177.9250,606.6110,-24.7380,2.3460,3.2350,12.9650
2022.41918,2022-06-02,-186.4810,564.8500,-64.9820,3.3210,3.1230,17.4990
2022.42192,2022-06-03,-180.0460,578.8000,-184.2760,3.5830,3.0790,15.5030
2022.42466,2022-06-04,-210.7900,563.5240,-183.5890,6.7840,6.0690,25.9540
2022.42740,2022-06-05,-190.1200,586.4200,-90.2950,3.4770,3.5640,14.8250
2022.43014,2022-06-06,-191.5450,579.3480,-71.3470,2.6980,2.7570,11.8680
2022.43288,2022-06-07,-257.9260,589.8100,-144.4950,4.9140,3.9990,19.7780
2022.43562,2022-06-08,-213.3100,585.7050,-60.6020,3.6170,3.0330,16.6010
2022.43836,2022-06-09,-196.3380,621.5730,-105.9050,3.7270,3.0880,16.4660
2022.44110,2022-06-10,-189.9740,567.2590,-103.7120,3.0360,2.7920,14.0990
2022.44384,2022-06-11,-278.8980,717.7870,-429.2100,6.9710,5.8310,35.7140
2022.44658,2022-06-12,-283.7810,675.7240,-245.8870,7.1710,7.2040,36.5430
2022.44932,2022-06-13,-181.5260,588.6740,-51.6580,3.4190,3.3200,14.2140
2022.45479,2022-06-15,-226.2790,610.9120,-223.6870,4.1700,3.7110,17.2750
2022.45753,2022-06-16,-213.2210,593.4520,-180.9910,3.4450,3.2900,15.6210
2022.46027,2022-06-17,-211.3700,592.6340,-329.3940,6.8710,8.7420,37.5150
2022.46301,2022-06-18,-186.6380,601.1260,-201.5340,3.8960,3.8260,17.8100
2022.46575,2022-06-19,-175.4770,629.8570,-120.4320,4.3840,4.4370,19.0720
2022.47123,2022-06-21,-186.9590,624.4150,-102.9490,4.0910,3.5960,18.1360
2022.47397,2022-06-22,-231.1530,633.4820,-50.5910,6.8990,7.2890,32.6860
2022.47671,2022-06-23,-202.0330,608.4980,-37.0070,3.6330,4.0060,16.5200
2022.48219,2022-06-25,-191.3480,626.6700,-240.9620,4.8370,5.6880,25.5890
2022.48493,2022-06-26,-197.1880,578.1410,-172.9220,4.2020,4.1030,20.5860
2022.48767,2022-06-27,-189.8410,572.9820,-19.4510,3.0660,2.8230,14.1700
2022.49041,2022-06-28,-152.9530,602.7680,-173.2450,4.0330,3.7940,16.3020
2022.49315,2022-06-29,-206.4100,607.3030,-97.5120,3.6190,3.3620,17.4050
2022.49589,2022-06-30,-173.9330,593.6680,-297.1340,4.5240,4.0340,20.6750
2022.49863,2022-07-01,-236.7790,589.3240,-286.3480,4.6820,3.3860,20.2100
2022.50137,2022-07-02,-161.0940,522.3300,-104.6850,4.5740,4.0920,18.7650
2022.50411,2022-07-03,-219.2300,630.8690,-327.0170,4.8950,4.7890,22.2910
2022.50685,2022-07-04,-192.4450,622.6210,-132.1970,6.4450,5.9450,25.4460
2022.50959,2022-07-05,-212.7370,617.1090,-70.5940,3.9920,3.5630,17.4850
2022.51233,2022-07-06,-164.0370,581.2830,-227.1810,5.6590,3.9840,19.5400
2022.51781,2022-07-08,-199.3600,604.6370,-128.2390,3.5380,2.9440,15.7220
2022.52055,2022-07-09,-183.6700,625.0660,34.6150,4.6730,4.0390,18.8300
2022.52329,2022-07-10,-194.2120,548.4230,-17.3200,3.9550,3.8420,19.6370
2022.52877,2022-07-12,-189.3990,603.4260,-271.9260,4.2070,4.0580,18.6370
2022.53425,2022-07-14,-147.2970,590.5040,-179.3170,4.4730,3.6270,16.2390
2022.53699,2022-07-15,-120.2720,620.2190,121.7870,7.5730,4.7340,27.1880
2022.53973,2022-07-16,-205.5900,657.5580,-359.2870,5.8780,5.2900,30.2120
2022.54247,2022-07-17,-224.6100,609.6840,-123.1670,7.5240,6.8390,42.1140
2022.54521,2022-07-18,-252.0840,628.6540,-310.1020,6.4190,5.6970,25.8880
2022.54795,2022-07-19,-188.0660,550.9690,-102.1790,3.3410,2.9000,14.7580
2022.55068,2022-07-20,-215.5990,559.2530,-48.4410,2.8470,2.5810,14.3160
2022.55342,2022-07-21,-204.2030,635.6810,-43.7030,3.9350,3.1180,16.3020
2022.55616,2022-07-22,-228.4250,566.8770,45.5250,4.4240,2.9640,18.9280
2022.55890,2022-07-23,-172.4110,576.6280,-123.9860,3.4400,3.1300,17.2500
2022.56164,2022-07-24,-181.4390,584.6350,-233.8180,3.9270,3.7950,19.9930
2022.56438,2022-07-25,-219.5080,621.4540,-106.8120,3.7340,4.4480,16.5150
2022.56712,2022-07-26,-214.1380,674.9280,-391.0600,4.9590,3.7810,20.6310
2022.56986,2022-07-27,-194.6390,588.6080,-122.8340,3.9480,3.3530,17.8410
2022.57260,2022-07-28,-108.8400,640.9180,-23.8780,9.6270,7.9340,34.4040
2022.57534,2022-07-29,-160.4560,589.4620,-254.0640,5.1530,3.8480,17.8710
2022.57808,2022-07-30,-232.6890,679.0540,149.9430,5.9170,3.8820,22.2040
2022.58082,2022-07-31,-205.5710,537.9180,-120.7370,4.7510,4.4440,23.1760
2022.58904,2022-08-03,-197.1710,568.9050,-68.2030,3.2690,2.6210,13.7590
2022.59178,2022-08-04,-274.6700,544.6790,-482.1010,8.9530,7.7870,37.5460
2022.59452,2022-08-05,-215.6900,554.2090,-63.6140,4.2400,3.5570,18.9300
2022.59726,2022-08-06,-182.1740,583.7680,-264.0960,4.9830,5.1200,24.9200
2022.60000,2022-08-07,-235.9360,691.2670,93.4640,6.9440,5.5550,27.5160
2022.60274,2022-08-08,-221.7440,598.9710,-110.8310,4.0640,4.1140,17.0010
2022.60548,2022-08-09,-170.4350,554.5050,57.9130,3.8510,2.8800,15.8820
2022.60822,2022-08-10,-228.3570,572.5990,-114.7590,6.7130,6.9160,26.8810
2022.61096,2022-08-11,-149.9760,576.9990,-318.4610,5.0340,4.5950,23.4610
2022.61370,2022-08-12,-227.0010,591.2970,-237.3720,6.4770,4.9590,26.6320
2022.61918,2022-08-14,-138.7770,585.5040,-312.5710,4.5510,3.5920,17.6100
2022.62192,2022-08-15,-159.7550,528.6500,-125.2240,5.4400,3.9340,19.8690
2022.62740,2022-08-17,-165.0960,572.7420,-192.2040,5.9400,5.0220,28.3830
2022.63014,2022-08-18,-179.3260,581.8530,123.8840,6.5170,4.8810,24.8180
2022.63288,2022-08-19,-270.9180,504.6510,-29.8200,6.1810,3.8620,19.2360
2022.63562,2022-08-20,-161.2620,558.4080,46.3530,5.3740,4.2950,21.6320
2022.64110,2022-08-22,-161.5290,710.9980,-443.7460,7.1940,7.2530,39.1440
2022.64384,2022-08-23,-204.3090,721.5930,-109.1660,7.6590,6.7320,29.7830
2022.65205,2022-08-26,-207.6220,535.4720,-42.2590,4.7920,4.1030,23.9990
2022.65753,2022-08-28,-161.2230,693.0610,-352.2030,8.1900,7.1670,29.8630
2022.66027,2022-08-29,-124.2010,591.4700,-268.7600,7.9120,4.8550,30.7220
2022.67123,2022-09-02,-166.1940,643.5850,-215.6080,7.8540,6.0590,32.0770
2022.67945,2022-09-05,-182.7860,534.7530,-282.9070,4.9210,5.2300,27.0230
2022.68493,2022-09-07,-126.7810,663.2950,-407.2890,6.9460,9.3950,43.9010
2022.68767,2022-09-08,-187.0520,579.1050,-84.0230,3.4330,3.2820,16.0000
2022.69041,2022-09-09,-200.6490,506.3780,-89.1030,8.0780,9.3480,32.9300
2022.69315,2022-09-10,-228.9940,652.2820,-253.3230,7.4550,8.6850,37.7890
2022.70411,2022-09-14,-286.6870,587.9460,-150.9050,8.2810,7.5930,39.8290
2022.70685,2022-09-15,-193.7170,558.3940,-383.4360,8.3910,9.1170,49.8290
2022.70959,2022-09-16,-169.6700,577.4150,-7.8020,6.6650,5.8170,28.2570
2022.71507,2022-09-18,-170.2160,558.4780,-92.9760,5.6290,4.9080,24.7460
2022.71781,2022-09-19,-156.6070,506.7340,-116.6370,7.0510,6.1850,30.3410
2022.72055,2022-09-20,-181.0440,576.2720,-228.0250,7.2620,5.9480,35.2640
2022.72329,2022-09-21,-193.3250,564.8430,-151.6200,5.5190,4.8960,25.8630
2022.72877,2022-09-23,-176.0740,578.1460,-8.6880,5.4760,4.8850,21.0640
2022.73151,2022-09-24,-206.4050,587.1580,-70.0070,4.1800,3.6840,21.0230
2022.73425,2022-09-25,-195.5540,669.2680,-362.5150,6.8580,7.4390,37.2830
2022.73699,2022-09-26,-160.4740,659.6700,59.6680,9.5610,7.3530,35.1260
2022.73973,2022-09-27,-219.1810,744.6300,-239.4340,6.6370,8.3350,36.7390
2022.74795,2022-09-30,-236.7250,587.2000,-148.5780,7.0860,6.4190,32.2670
2022.75068,2022-10-01,-279.2600,508.3640,-143.4850,7.2640,6.6170,27.9580
2022.75342,2022-10-02,-212.9520,532.8060,-439.9440,6.7180,6.9000,28.8520
2022.75616,2022-10-03,-279.6900,618.1050,84.9540,5.9650,5.3570,27.5240
2022.75890,2022-10-04,-180.5000,561.3340,-154.8050,3.3510,2.9680,15.2420
2022.76164,2022-10-05,-217.2130,631.0570,204.8530,5.3940,4.8700,22.4540
2022.77534,2022-10-10,-270.1570,594.0920,-169.9850,9.5940,7.8480,32.5950
2022.78082,2022-10-12,-186.1230,531.8300,-117.7810,4.0140,3.7190,19.1580
2022.78630,2022-10-14,-217.9900,553.8230,-122.7780,7.2810,5.9070,33.1000
2022.78904,2022-10-15,-210.1140,643.7320,-256.7450,7.2650,7.8020,34.1200
2022.79452,2022-10-17,-185.0540,628.9960,176.5240,8.3110,6.9420,34.4980
2022.80000,2022-10-19,-202.0510,575.1950,-9.5620,4.4080,3.9640,19.2580
2022.80548,2022-10-21,-212.6190,588.7910,-152.1760,4.5730,4.1140,23.3010
2022.81644,2022-10-25,-190.7070,655.2800,-429.7080,6.4130,6.1860,27.2290
2022.81918,2022-10-26,-174.6080,573.7500,-82.4520,6.8420,5.1350,29.0350
2022.82192,2022-10-27,-161.1290,588.2710,-250.4070,8.4670,6.9900,38.6780
2022.82466,2022-10-28,-235.3250,663.6830,-271.8250,7.1970,4.2960,28.9630
2022.82740,2022-10-29,-159.4340,529.9410,-321.0220,6.2780,5.9630,36.0060
2022.83288,2022-10-31,-151.5660,502.2130,53.6320,6.2590,5.6660,26.2620
2022.83836,2022-11-02,-206.9550,562.8110,-38.1490,4.0300,3.8940,16.8710
2022.84932,2022-11-06,-210.9980,556.0020,-122.5020,5.2680,5.3320,24.7020
2022.85205,2022-11-07,-225.8660,593.0820,167.1090,5.6850,4.1890,20.4190
2022.85479,2022-11-08,-152.1390,639.4300,24.0500,6.0740,6.3970,23.8730
2022.85753,2022-11-09,-124.7760,639.1050,53.6360,9.0170,8.7020,39.0910
2022.86301,2022-11-11,-109.3650,595.5080,-221.3750,6.6910,4.5330,24.9640
2022.86575,2022-11-12,-244.0910,609.1210,-238.1200,5.0140,4.1450,20.9070
2022.86849,2022-11-13,-205.3340,573.5210,-58.5350,3.8600,3.1300,17.2800
2022.87123,2022-11-14,-200.3940,529.9970,-36.7310,3.8690,4.1000,18.1320
2022.87397,2022-11-15,-178.6050,541.7520,-106.0860,6.4770,7.1850,29.6260
2022.87671,2022-11-16,-200.8980,555.9480,-68.2000,3.4830,3.3550,15.4650
2022.87945,2022-11-17,-200.5150,603.2800,-35.3070,3.4520,3.7130,14.0040
2022.88219,2022-11-18,-204.3580,571.9470,-34.7600,3.2790,3.3300,15.7710
2022.88493,2022-11-19,-224.1240,575.2710,-207.5910,5.1740,4.6710,26.4850
2022.88767,2022-11-20,-200.8020,561.6010,-86.8410,3.9790,4.4120,16.9880
2022.89315,2022-11-22,-166.8050,561.5160,-29.2410,5.5280,3.9890,18.1650
2022.89589,2022-11-23,-203.9220,600.5130,-24.4760,3.2770,3.4560,12.6400
2022.89863,2022-11-24,-212.1670,621.1810,-165.6240,4.4720,3.8050,20.8690
2022.90137,2022-11-25,-183.5610,572.1590,-35.8600,4.4200,3.3800,17.8970
2022.90411,2022-11-26,-202.8110,580.5710,-109.3950,3.4780,2.9480,15.9680
2022.90685,2022-11-27,-250.3760,668.9310,-99.1760,9.3740,8.2840,36.4580
2022.90959,2022-11-28,-237.3760,611.5170,86.7330,4.5820,3.8580,16.6940
2022.91233,2022-11-29,-189.6910,589.3700,-138.6220,4.1650,3.0490,17.1910
2022.91507,2022-11-30,-206.9470,571.5820,-83.0210,3.0690,2.6990,12.1090
2022.91781,2022-12-01,-238.9250,520.1320,-119.8560,4.3080,4.0190,17.2780
2022.92055,2022-12-02,-213.4590,590.8940,-50.3380,4.1860,3.6530,19.1790
2022.92329,2022-12-03,-258.5100,691.1350,36.1200,7.2290,6.9740,38.4500
2022.92603,2022-12-04,-243.7200,635.5640,78.8770,6.6830,5.6300,23.0470
2022.93151,2022-12-06,-221.1590,560.2860,-67.7100,4.5900,4.0670,23.5970
2022.93425,2022-12-07,-209.2240,614.1000,-180.8540,6.1790,5.2360,25.6370
2022.93699,2022-12-08,-255.6220,593.3130,-135.4320,4.5840,4.4760,20.6550
2022.93973,2022-12-09,-225.8810,584.1140,-102.2290,3.9230,3.5580,16.9860
2022.94247,2022-12-10,-191.2740,626.2060,-96.5220,3.8040,3.6870,16.9850
2022.94521,2022-12-11,-193.6000,580.9960,-46.6120,3.4600,2.8980,15.7800
2022.94795,2022-12-12,-191.3600,587.2550,-204.4520,5.0440,4.0520,20.0620
2022.95068,2022-12-13,-196.5580,585.2570,-63.5250,2.7880,2.5240,12.6000
2022.95342,2022-12-14,-211.5810,695.9210,-456.5590,5.8880,6.6300,34.8250
2022.95616,2022-12-15,-202.2630,563.8950,-7.8200,4.3790,3.9570,20.0580
2022.95890,2022-12-16,-194.5960,663.2950,-195.3700,9.0320,9.9170,38.6220
2022.96164,2022-12-17,-190.5900,618.1190,-57.5940,4.4100,5.3160,18.1600
2022.96438,2022-12-18,-192.0490,673.7240,-269.7540,5.6420,6.5960,35.1350
2022.96712,2022-12-19,-216.8790,594.4460,-16.5380,6.4850,6.5250,33.9970
2022.96986,2022-12-20,-227.3330,613.6060,-105.1860,5.8980,4.4920,30.0810
2022.97808,2022-12-23,-189.7240,611.3200,-320.4170,4.6340,3.8910,20.4100
2022.98356,2022-12-25,-249.5840,574.1460,-6.0900,5.2670,4.4920,21.3810
2022.98630,2022-12-26,-208.5700,571.3530,-134.4540,7.2780,7.9020,32.0440
2022.98904,2022-12-27,-153.4090,661.0380,-210.1470,7.0320,7.2590,33.0060
2022.99178,2022-12-28,-229.6990,580.9540,-11.7600,3.3050,2.7840,13.0820
2022.99452,2022-12-29,-211.4260,561.0610,11.4580,3.6470,3.9040,16.9680
2022.99726,2022-12-30,-209.1610,624.4260,-33.7590,5.1600,4.7120,23.9220
2023.00000,2022-12-31,-232.8970,599.2550,-26.0050,3.7540,3.2050,16.4560
2023.00548,2023-01-02,-188.3300,618.9070,88.9720,4.0900,3.8350,18.0330
2023.00822,2023-01-03,-251.3240,647.0620,-126.8500,5.9100,5.5580,23.5900
2023.01096,2023-01-04,-206.1620,605.9390,-20.4310,2.9830,3.2130,13.4460
2023.01370,2023-01-05,-260.8030,677.2190,-156.1660,6.0920,7.5400,21.1040
2023.01918,2023-01-07,-198.4760,592.8750,-8.0650,3.1360,3.3150,13.2700
2023.02466,2023-01-09,-187.1630,549.1850,-30.6080,3.7220,4.2950,16.5250
2023.02740,2023-01-10,-142.5980,565.8260,31.1180,5.2270,4.1880,20.3950
2023.03014,2023-01-11,-292.1280,741.6690,-330.0220,7.1960,6.7980,26.3900
2023.03288,2023-01-12,-131.1300,711.2710,-341.9280,7.4870,5.4460,28.8420
2023.03562,2023-01-13,-182.1310,608.6910,-253.5990,4.4280,4.1340,17.5840
2023.03836,2023-01-14,-219.3010,566.9900,3.1190,3.3560,2.8220,16.2080
2023.04110,2023-01-15,-192.2940,608.7410,151.0440,5.9760,4.2900,27.1010
2023.04932,2023-01-18,-207.6040,606.0110,-60.4810,4.4930,3.7500,19.5200
2023.05205,2023-01-19,-225.8400,639.8720,-138.2970,5.3330,4.2880,23.5040
2023.05753,2023-01-21,-236.3990,630.5770,-181.3790,4.5870,4.4230,16.1110
2023.06027,2023-01-22,-160.0780,547.7670,-24.4080,5.4100,5.0180,19.0000
2023.06301,2023-01-23,-196.8700,572.5200,-100.4570,4.2850,4.1630,19.8820
2023.07123,2023-01-26,-173.1070,614.5730,80.9000,3.3520,3.5000,16.6950
2023.07945,2023-01-29,-219.6990,597.3020,-62.0460,3.1960,2.9160,13.7370
2023.08219,2023-01-30,-203.0070,639.7560,-108.4920,4.2490,4.9450,20.6050
2023.08767,2023-02-01,-244.6430,617.9680,-345.2970,5.0690,5.1750,28.0540
2023.10959,2023-02-09,-259.1060,635.8770,-304.8340,6.1410,5.6690,25.9220
2023.11233,2023-02-10,-225.1150,599.0910,-190.1780,5.1910,4.0940,18.5580
2023.12329,2023-02-14,-191.3750,621.8880,-161.5210,5.0870,5.6620,28.6070
2023.12603,2023-02-15,-139.9990,627.2580,-129.6460,5.2850,4.6060,28.0370
2023.12877,2023-02-16,-147.9280,643.7080,-40.6710,4.6200,3.6350,19.0860
2023.13151,2023-02-17,-212.3950,615.2980,-44.9590,4.1050,4.3620,14.8720
2023.13699,2023-02-19,-275.2500,734.6300,-265.9030,5.7910,5.3300,37.9410
2023.14247,2023-02-21,-268.5610,599.7430,67.1260,5.8760,4.9230,19.9530
2023.14521,2023-02-22,-238.7490,618.2110,-122.3510,4.7750,3.9210,18.8650
2023.14795,2023-02-23,-206.5300,656.8120,-170.3340,4.0200,3.7340,17.6010
2023.15890,2023-02-27,-211.8310,570.1820,-83.6050,4.9560,5.0880,24.6800
2023.16164,2023-02-28,-257.7630,655.6270,-277.6500,5.6170,6.3660,26.7590
2023.16438,2023-03-01,-192.9330,719.0320,-387.9110,5.8540,5.5820,26.7890
2023.16712,2023-03-02,-240.2720,686.6790,1.8770,6.8790,5.7220,38.5520
2023.17260,2023-03-04,-206.5220,641.8470,-136.8290,5.4790,5.0200,26.0070
2023.18356,2023-03-08,-160.6380,686.7030,-308.6860,9.2380,9.2080,35.7730
2023.19726,2023-03-13,-153.2580,658.2720,-158.9130,9.1310,9.9290,45.1260
2023.20274,2023-03-15,-250.6790,666.3540,-16.3210,7.4190,8.2800,30.1280
2023.22192,2023-03-22,-268.9310,713.8600,-152.2310,8.2900,8.9970,41.0690
2023.22466,2023-03-23,-217.6270,598.2310,2.1580,4.2650,3.6220,16.4420
2023.22740,2023-03-24,-196.2220,626.9640,-65.7180,3.4240,3.2290,16.8360
2023.24110,2023-03-29,-234.1670,654.9840,-54.7160,3.5850,4.0540,16.7650
2023.24384,2023-03-30,-242.2940,655.2440,-48.6650,5.2910,6.4380,21.0790
2023.24658,2023-03-31,-239.6640,742.1850,-380.5010,7.5010,5.4660,31.4450
2023.25479,2023-04-03,-304.9190,698.8900,-364.1320,8.4360,7.4840,29.5540
2023.25753,2023-04-04,-238.9940,604.1110,57.3610,5.1530,4.4670,20.5970
2023.26301,2023-04-06,-232.8010,590.0050,-124.3770,4.9500,4.0020,22.1430
2023.26575,2023-04-07,-213.2600,656.9220,-58.5130,6.4670,5.8990,25.2270
2023.27945,2023-04-12,-295.2130,642.7760,-319.0880,6.6600,5.9300,28.3670
2023.31233,2023-04-24,-191.5940,606.7850,-263.5270,7.2450,6.4920,34.3520
2023.32329,2023-04-28,-238.6280,634.1360,-8.4020,6.8040,5.7720,27.4590
2023.33151,2023-05-01,-200.8150,706.7770,-36.2280,7.4680,4.9100,27.9880
2023.33973,2023-05-04,-230.6370,674.3800,-164.4420,8.2660,6.9890,32.5060
2023.35890,2023-05-11,-196.4300,705.6390,-99.0630,8.7920,7.2400,42.5040
2023.36438,2023-05-13,-151.1070,633.6630,-8.0640,6.5220,5.1780,29.5830
2023.36986,2023-05-15,-205.4730,676.4120,-128.9150,6.0560,4.5670,27.3840
2023.37534,2023-05-17,-227.1240,597.0670,20.7730,5.4730,4.8270,26.0020
2023.38356,2023-05-20,-207.6800,602.1650,-166.3400,6.6770,5.8030,30.0830
2023.40822,2023-05-29,-235.5130,563.4520,-65.9800,5.0650,4.2930,22.4360
2023.43288,2023-06-07,-181.8290,656.5820,-257.6630,6.7280,6.1210,39.5680
2023.44384,2023-06-11,-239.6780,629.9680,-65.6960,7.5420,6.9500,36.0630
2023.45479,2023-06-15,-201.2810,712.8130,10.2530,7.5600,5.2860,33.4770
2023.46301,2023-06-18,-210.9010,616.4710,-79.9970,3.7620,3.1700,18.9360
2023.46575,2023-06-19,-205.9510,616.4640,25.5890,6.1600,4.3440,27.5470
2023.46849,2023-06-20,-256.3660,771.2560,-183.8980,7.0180,6.2630,33.0560
2023.47123,2023-06-21,-253.0090,689.8350,-207.1210,4.4850,5.1300,23.7260
2023.47397,2023-06-22,-215.6730,656.7920,-81.4650,5.9750,5.3030,25.1480
2023.47671,2023-06-23,-310.6350,679.1590,-113.6670,9.3210,8.8000,36.8930
2023.47945,2023-06-24,-228.5630,638.1960,-344.3060,4.4520,3.5060,24.3600
2023.48219,2023-06-25,-210.3620,665.2520,-257.7740,7.0780,5.9680,32.6360
2023.49041,2023-06-28,-234.0870,656.7590,-8.4540,4.5600,3.5270,20.8290
2023.49315,2023-06-29,-196.4330,713.8290,-281.3310,9.3250,8.4730,46.5410
2023.49589,2023-06-30,-248.9420,607.8420,21.8980,8.1670,6.5280,38.5750
2023.49863,2023-07-01,-255.5480,616.9850,-301.7300,4.5340,3.3880,20.6330
2023.50137,2023-07-02,-251.1690,654.2740,-191.7910,5.5220,4.4380,26.8160
2023.50411,2023-07-03,-219.0930,589.0350,-113.4620,4.6970,3.8050,21.7800
2023.50685,2023-07-04,-223.4870,624.5830,-88.3920,5.1850,4.4460,25.0600
2023.50959,2023-07-05,-176.0290,645.1920,-204.8740,5.1930,4.1100,23.1450
2023.51233,2023-07-06,-233.8750,781.2750,-220.0390,5.6270,5.2270,28.6500
2023.51507,2023-07-07,-186.9310,651.3590,-64.7140,8.4200,6.3980,36.4970
2023.51781,2023-07-08,-262.4080,638.5410,-105.3150,4.4330,3.7590,20.6620
2023.52055,2023-07-09,-208.5630,631.3160,-13.4830,4.8720,3.7840,22.1140
2023.52329,2023-07-10,-215.7680,649.9110,-30.2500,9.3240,6.1290,47.9480
2023.52603,2023-07-11,-278.1130,640.9600,-171.0070,5.3210,4.2630,27.5530
2023.53973,2023-07-16,-164.9090,685.1950,73.9220,7.7430,5.9590,33.3310
2023.55616,2023-07-22,-250.5730,591.0670,-65.0960,5.8400,4.7110,30.2400
2023.56164,2023-07-24,-184.5710,687.6190,-177.0340,5.3250,4.4220,27.2180
2023.56712,2023-07-26,-255.8710,630.2480,73.3700,8.8450,9.9150,56.1590
2023.56986,2023-07-27,-187.1950,666.0940,17.7400,9.5700,6.5690,48.4820
2023.57808,2023-07-30,-189.6260,648.3290,-246.8290,7.1190,4.9140,32.9510
2023.59178,2023-08-04,-250.1020,673.3970,26.8940,7.5960,6.2000,39.1400
2023.59452,2023-08-05,-263.8510,624.3170,-278.4250,5.0110,3.8530,23.0040
2023.60274,2023-08-08,-246.9120,641.4060,-131.1010,7.4050,5.5560,32.2530
2023.60548,2023-08-09,-226.6130,639.6990,-380.2960,8.7930,7.1250,45.4150
2023.60822,2023-08-10,-238.2280,618.2320,-308.2920,8.5660,6.6970,54.0780
2023.61370,2023-08-12,-245.7980,623.3290,-35.6870,5.4460,4.2240,25.0770
2023.62192,2023-08-15,-236.5490,642.2730,-124.5990,5.5710,3.8700,23.7960
2023.62466,2023-08-16,-265.2300,654.6350,-243.4530,9.2020,6.5050,39.3010
2023.63836,2023-08-21,-218.3240,674.1290,-113.6560,5.8590,5.4160,28.2140
2023.64384,2023-08-23,-250.7020,649.5910,-100.8300,5.1770,4.9180,29.1770
2023.69315,2023-09-10,-203.6320,710.8250,-223.5470,9.7180,8.0810,40.6260
2023.69589,2023-09-11,-266.1080,671.9310,4.5950,6.9310,5.9810,36.8280
2023.70137,2023-09-13,-125.3650,757.7420,-298.3960,9.8100,8.0110,36.3910
2023.70411,2023-09-14,-262.5250,652.2650,-369.3740,5.1930,4.6350,26.1990
2023.70959,2023-09-16,-193.6200,677.2290,-243.0250,5.9420,4.6140,28.7050
2023.71233,2023-09-17,-280.9560,628.5650,-56.9980,7.4280,5.0250,28.0500
2023.71507,2023-09-18,-186.5070,700.1180,-420.6060,5.7680,5.3630,25.8250
2023.72329,2023-09-21,-167.4030,730.5070,-310.8290,5.3330,4.4890,26.4470
2023.72603,2023-09-22,-234.3510,727.7960,-249.2310,5.3650,5.1570,29.7480
2023.73973,2023-09-27,-161.3040,754.1740,-130.4480,8.8500,6.7330,37.3980
2023.74795,2023-09-30,-224.9680,653.7890,-87.1590,5.3190,4.6610,24.3670
2023.75342,2023-10-02,-272.5250,644.7930,-143.5330,7.5860,5.7380,44.8540
2023.75890,2023-10-04,-197.2020,661.9150,-250.5530,7.5580,5.6550,35.8230
2023.78082,2023-10-12,-233.8210,630.3730,-120.9290,5.9800,5.3040,24.1630
2023.80548,2023-10-21,-258.2340,610.1210,-287.3770,8.6640,6.7130,41.3520
2023.82192,2023-10-27,-260.0350,648.8740,146.9590,8.1630,7.3270,44.3280
2023.83288,2023-10-31,-308.1720,683.3650,-72.4420,8.5910,9.2850,53.5490
2023.86849,2023-11-13,-229.3890,604.7650,-236.7450,8.0950,7.3710,51.2350
2023.88493,2023-11-19,-295.7290,714.3870,-467.9600,8.4010,8.0200,33.0620
2023.88767,2023-11-20,-173.8880,671.5460,-342.0250,6.3600,4.7890,40.5480
2023.89041,2023-11-21,-188.7470,632.8850,-93.5860,5.3470,4.1120,24.3760
2023.89589,2023-11-23,-271.7980,685.6400,-225.3400,7.2610,6.0480,40.6850
2023.91233,2023-11-29,-246.6370,628.7960,-434.2250,6.0650,5.4320,32.1000
2023.91781,2023-12-01,-227.7470,649.8570,-35.9670,3.9860,3.3970,18.7190
2023.92055,2023-12-02,-203.2130,691.9310,-191.1280,6.0520,4.5290,27.1560
2023.92329,2023-12-03,-260.3030,665.8260,-216.3200,7.4050,5.8930,32.7190
2023.93151,2023-12-06,-212.9430,642.0500,-82.4440,4.7000,4.2080,25.7790
2023.93425,2023-12-07,-188.2310,719.4230,49.7090,7.1050,5.0950,37.2500
2023.94521,2023-12-11,-156.3510,632.3870,-381.3340,6.3860,4.2060,31.1440
2023.94795,2023-12-12,-242.3310,636.9400,-155.1990,5.6380,4.9180,26.2410
2023.95068,2023-12-13,-214.1460,654.3760,-227.3610,8.1070,5.9380,34.6200
2023.96164,2023-12-17,-231.4380,627.6710,-2.4540,3.8710,3.2000,18.8900
2023.96712,2023-12-19,-206.9290,675.9130,-87.0450,8.6610,6.6760,40.4010
2023.96986,2023-12-20,-207.9240,608.5600,-106.9760,5.0670,3.6100,24.1640
2023.97534,2023-12-22,-209.7000,678.1160,-100.0570,7.6090,5.0980,43.5660
2023.98082,2023-12-24,-192.6690,721.3060,-337.7840,6.1700,6.2440,38.2590
2023.98356,2023-12-25,-226.7470,653.2850,-311.3160,5.8350,6.9400,37.8460
2023.98904,2023-12-27,-242.6670,673.0680,-472.6860,8.3490,5.8510,45.7550
2024.00000,2023-12-31,-263.3280,674.5580,-234.4390,8.0730,5.6440,36.5690
2024.00820,2024-01-03,-150.8950,685.0480,-194.7790,6.2400,4.8080,34.1180
2024.01093,2024-01-04,-202.8440,698.7750,-58.7880,4.5430,3.2090,17.8440
2024.02186,2024-01-08,-233.9020,717.2850,-226.6920,7.4350,6.8620,35.0790
2024.03279,2024-01-12,-180.9330,621.5460,-458.0770,7.4510,6.0920,36.8260
2024.03825,2024-01-14,-221.4050,655.1940,-43.1430,4.8970,4.1990,20.7310
2024.04098,2024-01-15,-236.0000,704.4400,-438.1090,8.5310,6.2030,49.7050
2024.04372,2024-01-16,-198.6310,668.4140,-210.1510,4.8430,4.6290,21.0260
2024.04645,2024-01-17,-216.6800,625.9710,-114.0870,5.7570,6.1080,34.4050
2024.04918,2024-01-18,-202.0230,670.6520,-103.2130,4.7060,4.0180,22.8280
2024.05191,2024-01-19,-179.4670,679.9580,-96.6800,4.9300,4.1110,24.8370
2024.06011,2024-01-22,-229.2200,649.1950,-162.3140,4.4580,3.6130,22.2250
2024.06284,2024-01-23,-183.1470,658.9710,-94.5530,5.3360,4.4480,26.1670
2024.07104,2024-01-26,-263.0390,660.1670,-107.2690,4.3560,3.9840,19.7400
2024.07377,2024-01-27,-253.3090,659.6150,-108.4250,5.2550,4.1470,23.1090
2024.07650,2024-01-28,-188.0860,669.3070,-209.1500,4.4010,3.4150,22.9950
2024.07923,2024-01-29,-130.0690,606.5230,-392.2790,6.3700,5.4150,36.2730
2024.08197,2024-01-30,-225.1140,762.2590,-479.1360,8.7960,8.8080,42.2840
2024.08470,2024-01-31,-200.2980,781.0580,-335.5820,6.5260,4.8250,31.5630
2024.09563,2024-02-04,-193.4820,687.5490,-387.0430,8.3270,6.2900,35.9630
2024.10109,2024-02-06,-240.0160,632.9340,-222.8040,8.3070,5.8620,35.8990
2024.10383,2024-02-07,-214.3950,765.5830,-70.7880,6.1160,5.0060,32.1730
2024.11202,2024-02-10,-204.1630,661.4150,-6.3170,4.3050,3.6650,20.0390
2024.12022,2024-02-13,-259.1680,664.7820,-94.5550,5.5330,4.9180,23.4720
2024.13115,2024-02-17,-215.3340,690.2290,-171.4410,6.3240,4.6860,26.6150
2024.15027,2024-02-24,-189.1420,588.1370,-286.7590,7.5100,5.5760,35.8720
2024.15301,2024-02-25,-196.8510,657.5860,-180.5640,4.8120,4.6120,25.0650
2024.15574,2024-02-26,-223.2970,649.4640,-70.4480,4.1560,3.7370,21.3360
2024.16393,2024-02-29,-269.3000,715.7710,-162.5950,5.3330,7.2290,28.6700
2024.16940,2024-03-02,-160.5910,690.7010,-468.5780,8.2790,7.1090,46.8790
2024.17213,2024-03-03,-175.9790,749.7760,-474.7570,8.8330,8.8330,39.6350
2024.18033,2024-03-06,-268.7960,726.9570,-107.5380,5.9550,4.9230,32.6860
2024.18579,2024-03-08,-288.2170,664.4980,-260.7600,5.9560,4.1670,26.9630
2024.18852,2024-03-09,-220.5200,677.0910,-86.4350,4.3860,3.0260,19.1730
2024.20765,2024-03-16,-254.7430,651.9460,-44.5950,8.2610,8.3300,38.1530
2024.21311,2024-03-18,-186.0130,692.1490,-360.8500,7.5500,4.9090,33.3370
2024.24317,2024-03-29,-298.8220,666.9630,-67.2040,8.0320,5.7260,32.0000
2024.25137,2024-04-01,-239.2920,643.7510,-31.9510,2.5880,2.3100,11.6050
2024.25410,2024-04-02,-217.8140,676.3220,-28.5590,3.0570,2.6170,13.1010
2024.25683,2024-04-03,-242.8530,698.0800,8.6090,2.8430,2.5550,13.6310
2024.27596,2024-04-10,-228.2560,706.8940,91.4270,7.9120,6.8250,35.1280
2024.29781,2024-04-18,-206.2240,617.1930,-405.4060,8.8600,5.3940,40.1310
2024.31148,2024-04-23,-242.0700,722.3250,44.7720,3.4250,2.7550,15.1610
2024.31421,2024-04-24,-226.3780,697.5870,-22.1770,3.8550,3.4870,17.4230
2024.31694,2024-04-25,-229.4910,723.8310,-29.0870,3.8400,3.0100,14.5150
2024.31967,2024-04-26,-232.9940,696.9180,-72.5870,3.0500,2.3550,14.2250
2024.32240,2024-04-27,-243.8430,714.0780,-30.0150,3.2260,2.5540,14.4550
2024.33333,2024-05-01,-191.0840,750.4790,-294.6560,6.3080,6.0500,32.9470
2024.33880,2024-05-03,-259.9720,763.0970,-161.6950,6.0770,5.1740,29.9290
2024.37158,2024-05-15,-261.6310,737.2440,-1.8200,7.8120,6.7240,37.7000
2024.37705,2024-05-17,-236.7820,774.2060,-460.0400,9.0990,6.6770,43.4250
2024.39891,2024-05-25,-234.1800,678.1750,-49.2190,3.3730,2.9060,15.9590
2024.40164,2024-05-26,-243.1270,739.3420,-51.8750,8.0930,6.6540,34.9980
2024.42077,2024-06-02,-217.8950,700.7720,-201.2250,4.6480,3.4800,22.5460
2024.42350,2024-06-03,-292.5600,730.4340,-245.0910,5.6930,4.5840,31.2800
2024.43169,2024-06-06,-165.4910,723.7100,-43.9590,7.9690,8.2910,37.3240
2024.43443,2024-06-07,-240.7270,709.4820,-212.8120,5.4570,4.2040,21.5720
2024.43716,2024-06-08,-242.4550,685.4290,-39.3400,4.9930,4.1620,21.6330
2024.43989,2024-06-09,-257.3820,797.6980,-391.3680,8.3980,8.2440,36.5810
2024.46175,2024-06-17,-231.6180,746.5910,-315.5070,8.3110,8.1400,49.2410
2024.46721,2024-06-19,-199.0410,653.4730,-193.5280,7.7630,6.6550,33.8230
2024.47268,2024-06-21,-254.4850,704.5280,-21.4050,3.7370,2.9480,17.2800
2024.47541,2024-06-22,-247.3330,668.3010,28.5430,8.3640,8.7400,37.6670
2024.48361,2024-06-25,-128.4780,721.2660,-247.3890,9.2510,6.5000,45.2010
2024.48634,2024-06-26,-259.0520,709.1790,-95.9640,7.0990,6.9810,35.9540
2024.48907,2024-06-27,-236.5150,700.2820,-227.7030,6.5820,5.9440,29.1830
2024.50546,2024-07-03,-233.0510,736.1680,-56.2640,7.3050,6.4830,32.3510
2024.50820,2024-07-04,-299.4480,777.0380,-26.5350,6.4600,7.5430,38.9160
2024.51913,2024-07-08,-245.0440,705.1230,-149.8700,8.1290,6.2080,41.4430
2024.52186,2024-07-09,-268.1950,786.1290,-196.2420,6.5290,6.2510,37.8030
2024.52459,2024-07-10,-239.0350,714.5810,-291.0830,6.3510,5.3430,30.1780
2024.53005,2024-07-12,-198.4790,676.6850,-258.3900,6.0650,4.9900,26.2360
2024.54098,2024-07-16,-247.7660,737.3970,38.9300,5.0430,4.9070,25.5940
2024.55191,2024-07-20,-181.8270,711.1840,-320.1130,6.0640,4.5930,30.4260
2024.56831,2024-07-26,-281.4200,689.5700,-342.1370,4.0590,3.8610,21.3860
2024.57104,2024-07-27,-284.2880,736.1850,-21.3200,5.2040,3.4670,20.7030
2024.57377,2024-07-28,-261.6640,743.1690,-36.8260,5.3960,4.5620,30.7470
2024.58197,2024-07-31,-267.0530,716.9790,-95.1190,4.2470,3.5070,19.7590
2024.59290,2024-08-04,-211.9430,720.0900,-357.9400,7.3930,6.1780,44.4440
2024.60656,2024-08-09,-281.7550,699.0430,-92.3470,7.1000,6.7360,32.4120
2024.61475,2024-08-12,-274.5820,680.9880,-106.8850,5.6080,4.4460,27.5230
2024.61749,2024-08-13,-242.3950,680.5200,-225.5710,7.9360,6.7970,31.3990
2024.62022,2024-08-14,-249.3200,696.3790,-97.2020,4.4590,3.9430,21.8380
2024.71311,2024-09-17,-200.7000,708.5170,-362.2330,6.9400,9.5910,31.9630
2024.72131,2024-09-20,-230.2820,701.7650,-187.8160,5.0290,7.0720,25.6700
2024.76230,2024-10-05,-269.5070,696.5180,35.0560,4.0660,5.9070,18.0380
2024.78689,2024-10-14,-238.0560,727.5320,-39.6520,4.8730,7.9940,22.9740
2024.81148,2024-10-23,-256.0630,739.8520,-30.1390,5.8990,9.6420,28.4780
2024.85519,2024-11-08,-206.1950,689.7280,-180.2240,7.2200,7.6210,30.7930
2024.86339,2024-11-11,-259.3360,692.2000,-32.0040,5.0740,8.1220,25.6080
2024.86885,2024-11-13,-247.5470,742.7220,-166.4400,4.6090,5.5320,21.3770
2024.87158,2024-11-14,-258.1540,691.2370,-82.0740,5.8640,6.5620,26.8780
2024.87978,2024-11-17,-274.9220,684.5570,58.2630,4.1670,5.7710,19.1060
2024.88251,2024-11-18,-258.9050,731.1750,-28.3200,5.9540,8.2980,27.2780
2024.89344,2024-11-22,-265.4600,700.0070,152.5930,7.5820,9.5130,34.8200
2024.89891,2024-11-24,-266.1270,740.5830,7.2610,6.3530,8.1290,28.8880
2024.91257,2024-11-29,-250.7990,688.3620,34.5680,7.5280,6.9480,27.6080
2024.92896,2024-12-05,-238.8070,668.9050,26.9130,7.8960,9.9420,35.1670
2024.93716,2024-12-08,-262.7330,676.1660,13.2110,5.2790,6.5470,22.4390
2024.95628,2024-12-15,-261.2790,721.4790,-74.4300,5.8730,7.0150,24.6600
2024.96448,2024-12-18,-244.3400,695.2610,-113.8210,4.8520,9.0390,25.2500
2024.97541,2024-12-22,-282.4070,697.8780,136.6530,5.2930,9.1640,28.8210
2024.99454,2024-12-29,-241.7100,702.0780,-30.8090,6.0610,9.5530,35.9730
