datetime,gpsdate,dN,dE,dU,sN,sE,sU
2010.00548,2010-01-02,-32.3260,84.8550,2.7310,0.8190,0.8540,3.5940
2010.00822,2010-01-03,-33.8260,84.1410,3.4930,0.8240,0.8530,3.5520
2010.01096,2010-01-04,-33.3160,84.1350,-3.5700,0.8100,0.8490,3.5590
2010.01370,2010-01-05,-32.8400,84.7200,-2.3870,0.8150,0.8530,3.5660
2010.01644,2010-01-06,-33.3150,86.3450,-4.6800,0.8180,0.8530,3.5980
2010.01918,2010-01-07,-33.0140,83.4020,-4.3240,0.8210,0.8470,3.5810
2010.02192,2010-01-08,-33.1240,84.8100,0.9630,0.8120,0.8420,3.5310
2010.02466,2010-01-09,-33.7820,84.8540,-4.0020,0.8160,0.8610,3.5770
2010.02740,2010-01-10,-32.5170,83.0190,-3.2470,0.8210,0.8600,3.5860
2010.03014,2010-01-11,-32.5640,83.3510,-0.0490,0.8130,0.8470,3.5580
2010.03288,2010-01-12,-34.5710,84.8750,-4.8880,0.8150,0.8460,3.6020
2010.03562,2010-01-13,-34.9960,85.5950,-3.9050,0.8290,0.8560,3.6260
2010.03836,2010-01-14,-34.2110,84.9990,-8.5330,0.8430,0.8890,3.7610
2010.04110,2010-01-15,-34.9410,85.8260,-8.3550,0.8150,0.8760,3.6210
2010.04384,2010-01-16,-34.5500,84.6890,-6.6080,0.8100,0.8430,3.5180
2010.04658,2010-01-17,-36.4070,85.6640,-6.6040,0.8060,0.8510,3.5460
2010.04932,2010-01-18,-34.7120,84.3430,-3.7080,0.8140,0.8510,3.5510
2010.05205,2010-01-19,-33.5550,85.0720,-4.4440,0.8280,0.8600,3.5960
2010.05479,2010-01-20,-32.9920,85.4790,-0.8100,0.8440,0.8700,3.6180
2010.05753,2010-01-21,-33.1670,86.3110,0.1110,0.8180,0.8590,3.5870
2010.06027,2010-01-22,-36.0550,86.3310,-0.0110,0.8200,0.8550,3.5840
2010.06301,2010-01-23,-35.4770,85.4730,-3.0440,0.8160,0.8450,3.5380
2010.06575,2010-01-24,-34.6490,85.9520,-1.3980,0.8230,0.8580,3.6110
2010.06849,2010-01-25,-34.4800,84.2570,-0.4160,0.8290,0.8690,3.6550
2010.07123,2010-01-26,-35.3760,85.4790,-3.0730,0.8360,0.8900,3.6310
2010.07397,2010-01-27,-36.2830,85.6580,0.6250,0.8350,0.8900,3.6120
2010.07671,2010-01-28,-35.7560,86.2540,-2.3470,0.8160,0.8400,3.5340
2010.07945,2010-01-29,-36.3120,86.5860,-1.7840,0.8230,0.8600,3.5890
2010.08219,2010-01-30,-35.8000,84.4000,2.3880,0.8260,0.8530,3.6220
2010.08493,2010-01-31,-34.5620,85.3210,3.0360,0.8170,0.8630,3.6230
2010.08767,2010-02-01,-33.8980,85.8260,-2.3280,0.8230,0.8650,3.6170
2010.09041,2010-02-02,-34.9950,86.1060,0.7510,0.8300,0.8570,3.5670
2010.09315,2010-02-03,-34.1860,85.8380,-5.1660,0.8190,0.8500,3.5700
2010.09589,2010-02-04,-32.3910,84.3970,0.3290,0.8310,0.8560,3.5910
2010.09863,2010-02-05,-35.2370,86.2250,-0.2100,0.8350,0.8700,3.6630
2010.10137,2010-02-06,-33.9080,87.0990,2.3160,0.8400,0.8770,3.7590
2010.10411,2010-02-07,-36.0390,85.1210,-6.3950,0.8460,0.8820,3.7830
2010.10685,2010-02-08,-36.2340,88.8700,3.0210,0.8500,0.8920,3.7760
2010.10959,2010-02-09,-33.5730,87.1680,-3.4460,0.8630,0.8780,3.7660
2010.11233,2010-02-10,-32.5070,89.6900,12.6210,0.8950,0.9320,3.9820
2010.11781,2010-02-12,-28.7230,89.2250,0.6710,0.8550,0.8740,3.8410
2010.12055,2010-02-13,-32.5720,88.6030,-2.0200,0.8210,0.8570,3.6640
2010.12329,2010-02-14,-31.3560,86.4440,-6.5470,0.8320,0.8710,3.7600
2010.12603,2010-02-15,-31.8050,89.2370,-7.2620,0.8710,0.9390,4.0170
2010.12877,2010-02-16,-32.2130,88.7180,-2.7060,0.8620,0.9010,3.8970
2010.13151,2010-02-17,-34.7900,88.5300,2.1090,0.8340,0.8740,3.6510
2010.13425,2010-02-18,-35.9870,90.3480,2.7950,0.8380,0.8970,3.7190
2010.13699,2010-02-19,-34.2770,89.0850,-0.9800,0.8320,0.8800,3.6890
2010.13973,2010-02-20,-35.8780,89.6130,-0.1410,0.8090,0.8510,3.6130
2010.14247,2010-02-21,-32.0100,89.7020,-4.6450,0.8170,0.8460,3.6150
2010.14521,2010-02-22,-36.2110,90.2330,5.1260,0.8410,0.8580,3.6330
2010.14795,2010-02-23,-37.5510,90.7030,2.0390,0.8590,0.8740,3.7430
2010.15068,2010-02-24,-36.7950,89.7680,-1.2280,0.8600,0.9180,3.8950
2010.15342,2010-02-25,-34.1410,88.1100,-3.2820,0.8610,0.8860,3.8190
2010.15616,2010-02-26,-34.5550,90.4920,3.8460,0.8290,0.8700,3.6900
2010.15890,2010-02-27,-31.8350,88.2750,-2.7580,0.8730,0.9200,4.0070
2010.16164,2010-02-28,-34.6490,88.4150,-5.5910,0.8330,0.8670,3.7390
2010.16438,2010-03-01,-33.1550,89.4260,-6.8670,0.8260,0.8670,3.7150
2010.16712,2010-03-02,-35.6380,88.3510,-0.3400,0.8450,0.8660,3.6890
2010.16986,2010-03-03,-35.4100,90.2820,4.0140,0.8420,0.8610,3.7680
2010.17260,2010-03-04,-33.1110,89.6080,4.8750,0.8420,0.8660,3.7350
2010.17534,2010-03-05,-34.0890,90.7250,2.7940,0.8270,0.8530,3.6210
2010.17808,2010-03-06,-32.9520,89.8160,-2.8970,0.8630,0.8690,3.7260
2010.18082,2010-03-07,-32.1890,89.1860,-3.6770,0.8350,0.8670,3.7120
2010.18356,2010-03-08,-32.8340,90.3440,-0.1730,0.8370,0.8740,3.6860
2010.18630,2010-03-09,-35.1240,90.4580,0.0910,0.8340,0.8520,3.6020
2010.18904,2010-03-10,-35.3320,88.9430,3.3430,0.8200,0.8650,3.6280
2010.19178,2010-03-11,-34.9790,90.2530,-2.8390,0.8160,0.8420,3.5570
2010.19452,2010-03-12,-33.5020,90.8520,-2.7760,0.8700,0.8730,3.8100
2010.19726,2010-03-13,-34.5350,90.2470,3.5990,0.8420,0.8630,3.7330
2010.20000,2010-03-14,-35.3360,91.8150,3.7150,0.8310,0.8530,3.6530
2010.20274,2010-03-15,-35.1090,90.2290,5.4340,0.8380,0.8600,3.6840
2010.20548,2010-03-16,-33.2210,90.1330,7.3890,0.8430,0.8800,3.7600
2010.20822,2010-03-17,-34.7900,91.5930,-2.4540,0.8320,0.8830,3.7640
2010.21096,2010-03-18,-33.2830,90.9080,-1.4640,0.8420,0.8450,3.7060
2010.21370,2010-03-19,-34.4400,91.8320,1.5530,0.8380,0.8460,3.6620
2010.21644,2010-03-20,-33.2610,91.3010,-2.2620,0.8540,0.8620,3.7960
2010.21918,2010-03-21,-34.3210,91.3180,0.5930,0.8370,0.8520,3.6910
2010.22192,2010-03-22,-35.1770,92.2340,-0.1790,0.8630,0.8590,3.7340
2010.22466,2010-03-23,-33.5920,91.2900,-0.8310,0.8670,0.8810,3.8720
2010.22740,2010-03-24,-33.2420,91.1840,2.3940,0.8820,0.8860,3.8300
2010.23014,2010-03-25,-34.1880,91.2320,4.5800,0.8510,0.8330,3.6330
2010.23288,2010-03-26,-34.7590,91.5730,-1.6550,0.8500,0.8460,3.6310
2010.23562,2010-03-27,-34.6440,92.5920,-5.6550,0.8660,0.8600,3.7030
2010.23836,2010-03-28,-36.0550,92.4780,-8.7980,0.8620,0.8570,3.7060
2010.24110,2010-03-29,-36.8040,89.9760,-0.0060,0.8620,0.8580,3.6980
2010.24384,2010-03-30,-35.4840,90.3680,-0.2230,0.8880,0.9100,3.7810
2010.24658,2010-03-31,-34.7180,90.5600,-0.9730,0.8720,0.8750,3.7720
2010.24932,2010-04-01,-35.5360,91.0610,0.0370,0.8440,0.8460,3.6070
2010.25205,2010-04-02,-35.4350,90.6230,1.5220,0.8790,0.8670,3.8570
2010.25479,2010-04-03,-35.4550,91.0750,-0.3900,0.8630,0.8560,3.7330
2010.25753,2010-04-04,-34.6880,92.0560,4.1020,0.8740,0.8620,3.8130
2010.26027,2010-04-05,-34.3950,93.5990,7.3520,0.8740,0.8530,3.6710
2010.26301,2010-04-06,-37.7740,92.1480,1.5340,0.8870,0.8590,3.7430
2010.26575,2010-04-07,-35.4340,92.5030,-1.5240,0.8520,0.8500,3.6320
2010.26849,2010-04-08,-37.9500,94.7920,2.7260,0.9030,0.8890,3.9680
2010.27123,2010-04-09,-35.0670,93.7340,-1.5460,0.8750,0.8920,3.8210
2010.27397,2010-04-10,-34.5150,94.0940,6.2780,0.9010,0.8990,3.8490
2010.27671,2010-04-11,-35.3360,94.5670,-3.9960,0.8800,0.8800,3.8350
2010.27945,2010-04-12,-34.0240,90.7220,-0.8070,0.8740,0.8620,3.7290
2010.28219,2010-04-13,-34.1750,90.0280,-6.5530,0.8560,0.8570,3.6670
2010.28493,2010-04-14,-32.9440,92.8240,1.5280,0.8720,0.8860,3.7870
2010.28767,2010-04-15,-34.8840,90.6130,-6.6990,0.8840,0.8950,3.8020
2010.29041,2010-04-16,-35.9460,91.1050,-2.6480,0.8530,0.8420,3.6190
2010.29315,2010-04-17,-34.3190,91.3180,3.0090,0.8630,0.8860,3.7730
2010.29589,2010-04-18,-33.9620,92.4870,2.2890,0.8500,0.8720,3.7000
2010.29863,2010-04-19,-35.2920,91.8590,1.3060,0.8690,0.8730,3.7930
2010.30137,2010-04-20,-32.5760,90.1910,-0.7250,0.8720,0.8880,3.8360
2010.30411,2010-04-21,-33.2160,92.0550,-6.5970,0.8950,0.8960,3.9810
2010.30685,2010-04-22,-36.4280,92.1960,-8.8770,0.9130,0.9020,3.9510
2010.30959,2010-04-23,-34.4860,92.9060,-7.3390,0.8500,0.8550,3.6240
2010.31233,2010-04-24,-34.1390,92.1570,-3.7810,0.8640,0.8470,3.6340
2010.31507,2010-04-25,-35.5690,92.5690,-4.0290,0.8520,0.8390,3.6030
2010.31781,2010-04-26,-33.9470,91.0890,-3.2930,0.8450,0.8470,3.6310
2010.32055,2010-04-27,-33.2030,92.4100,6.1210,0.8770,0.8640,3.7880
2010.32329,2010-04-28,-37.6070,91.9640,1.0500,0.8760,0.8510,3.6760
2010.32603,2010-04-29,-35.4020,93.5380,-0.6630,0.8920,0.8810,3.8840
2010.32877,2010-04-30,-36.0770,92.3550,2.3500,0.8590,0.8490,3.6420
2010.33151,2010-05-01,-37.4900,92.1400,-3.0380,0.8400,0.8430,3.5790
2010.33699,2010-05-03,-38.0520,92.5100,4.8570,0.8830,0.8680,3.7270
2010.33973,2010-05-04,-37.7200,94.5170,6.9750,0.8490,0.8380,3.5840
2010.34247,2010-05-05,-38.0960,92.9910,-0.6690,0.8630,0.8710,3.7220
2010.34521,2010-05-06,-35.4500,93.9450,6.4540,0.8570,0.8660,3.7390
2010.34795,2010-05-07,-36.1510,93.5740,8.2190,0.8730,0.8630,3.7340
2010.35068,2010-05-08,-34.5740,93.0570,3.0440,0.8650,0.8590,3.6980
2010.35342,2010-05-09,-34.7850,92.7530,4.7470,0.8690,0.8710,3.7650
2010.35616,2010-05-10,-35.8910,93.6470,-1.8510,0.8370,0.8350,3.5780
2010.35890,2010-05-11,-37.1750,94.1160,1.8600,0.8430,0.8360,3.5650
2010.36164,2010-05-12,-36.7250,94.0100,-2.1250,0.8500,0.8650,3.6810
2010.36438,2010-05-13,-37.1460,95.6870,0.1190,0.8500,0.8390,3.6230
2010.36712,2010-05-14,-37.3610,93.8720,0.3370,0.8910,0.8700,3.7800
2010.36986,2010-05-15,-36.7450,94.6560,-4.3300,0.8850,0.8540,3.7620
2010.37260,2010-05-16,-37.0930,93.9470,1.4260,0.8480,0.8460,3.6340
2010.37534,2010-05-17,-38.8840,94.6720,-0.8660,0.8410,0.8430,3.5910
2010.37808,2010-05-18,-37.4630,93.2780,-2.3270,0.8480,0.8450,3.5890
2010.38082,2010-05-19,-38.8830,93.8750,-16.7190,0.9070,0.9310,4.1200
2010.38356,2010-05-20,-38.1670,92.8690,-5.5020,0.9110,0.8940,4.0500
2010.38630,2010-05-21,-38.3000,94.1300,4.9170,0.8800,0.8820,3.7370
2010.38904,2010-05-22,-39.5120,96.2460,2.6930,0.8880,0.9170,3.9210
2010.39178,2010-05-23,-38.8430,95.9360,-8.6650,0.9120,0.9440,4.0070
2010.39452,2010-05-24,-38.5190,94.7490,-0.6400,0.8590,0.8760,3.7170
2010.39726,2010-05-25,-39.3200,95.7500,-2.0730,0.8580,0.8620,3.6960
2010.40000,2010-05-26,-38.7270,93.8670,1.0750,0.8560,0.8580,3.6530
2010.40274,2010-05-27,-37.7310,94.6640,2.0630,0.8510,0.8510,3.6210
2010.40548,2010-05-28,-38.7440,95.6400,1.1640,0.8650,0.8680,3.7400
2010.40822,2010-05-29,-37.6240,95.0860,-4.9690,0.8570,0.8390,3.5980
2010.41096,2010-05-30,-37.4940,93.6380,-2.6740,0.8350,0.8510,3.6070
2010.41370,2010-05-31,-40.1190,95.6400,-1.2530,0.8500,0.8400,3.5690
2010.41644,2010-06-01,-38.3350,95.5050,-3.1890,0.8420,0.8360,3.5370
2010.41918,2010-06-02,-39.2890,94.8570,-1.8090,0.8450,0.8390,3.5780
2010.42740,2010-06-05,-40.3880,97.4210,-2.5860,0.8480,0.8450,3.5520
2010.43014,2010-06-06,-37.7470,97.2650,-2.2180,0.8440,0.8510,3.5460
2010.43288,2010-06-07,-37.6590,93.3200,-2.1770,0.8590,0.8680,3.6570
2010.43562,2010-06-08,-36.9440,96.3630,0.9240,0.8540,0.8470,3.5900
2010.43836,2010-06-09,-38.7440,96.2610,4.5470,0.8570,0.8480,3.6470
2010.44110,2010-06-10,-38.4320,95.3040,-2.0600,0.8660,0.8670,3.6720
2010.44384,2010-06-11,-39.3750,95.8440,0.8750,0.8670,0.8570,3.6330
2010.44658,2010-06-12,-39.0020,96.6390,-3.0970,0.8580,0.8570,3.6270
2010.44932,2010-06-13,-40.3260,97.6690,6.2320,0.8760,0.8680,3.6330
2010.45205,2010-06-14,-39.0830,96.5770,2.4270,0.8740,0.8750,3.6700
2010.45479,2010-06-15,-39.4300,96.5410,3.2850,0.8520,0.8570,3.5990
2010.45753,2010-06-16,-39.9730,98.8670,4.1890,0.8490,0.8590,3.5950
2010.46027,2010-06-17,-39.2720,98.5180,2.8420,0.8640,0.8740,3.6590
2010.46301,2010-06-18,-39.4080,95.4180,-0.9540,0.8760,0.8730,3.6570
2010.46575,2010-06-19,-40.1900,96.9960,0.9490,0.8600,0.8740,3.6290
2010.46849,2010-06-20,-39.1290,98.5680,-10.1820,0.8550,0.8640,3.7070
2010.47123,2010-06-21,-37.5990,94.9540,4.7570,0.9100,0.8860,3.8050
2010.47397,2010-06-22,-38.8100,96.7050,0.8290,0.8570,0.8800,3.6650
2010.47671,2010-06-23,-38.3470,97.6290,1.2980,0.8620,0.8690,3.6840
2010.47945,2010-06-24,-38.7920,97.6540,3.4710,0.8860,0.8790,3.7260
2010.48219,2010-06-25,-40.8370,98.9200,-3.6140,0.9120,0.9080,3.8240
2010.48493,2010-06-26,-40.3220,98.6850,9.4340,0.8660,0.8580,3.5700
2010.48767,2010-06-27,-40.9370,96.7870,5.2430,0.8820,0.9080,3.8490
2010.49041,2010-06-28,-40.8110,96.4920,7.6760,0.9000,0.8780,3.6290
2010.49315,2010-06-29,-36.9710,94.9830,-6.3890,0.8710,0.8700,3.6550
2010.52329,2010-07-10,-38.3910,98.3530,3.0450,0.8560,0.8750,3.6760
2010.52603,2010-07-11,-39.9390,96.9290,7.3670,0.8550,0.8630,3.6760
2010.52877,2010-07-12,-41.3930,101.7910,3.4140,0.9060,0.9430,4.0510
2010.53151,2010-07-13,-40.5760,97.1220,-7.0550,0.8920,0.9270,3.9230
2010.53425,2010-07-14,-38.8370,98.3200,4.4690,0.8610,0.8800,3.7340
2010.53699,2010-07-15,-41.3750,96.7670,-1.4510,0.8760,0.8920,3.8200
2010.53973,2010-07-16,-41.8480,98.5040,-4.7810,0.8750,0.8900,3.8310
2010.54247,2010-07-17,-41.1170,99.2800,-10.7130,0.8970,0.9140,3.9410
2010.54521,2010-07-18,-41.5200,97.4940,-5.5160,0.8510,0.8660,3.7120
2010.54795,2010-07-19,-39.5020,97.8850,-12.6220,0.8590,0.8960,3.7480
2010.55068,2010-07-20,-41.6490,97.0720,0.6970,0.8860,0.9100,3.8740
2010.55342,2010-07-21,-41.1450,98.0410,-17.0710,0.8880,0.9040,3.8800
2010.55616,2010-07-22,-39.5860,98.0860,-12.1700,0.8710,0.8800,3.7120
2010.55890,2010-07-23,-40.8630,100.5820,-2.3970,0.8650,0.8830,3.6990
2010.56164,2010-07-24,-43.4810,97.7930,-1.5840,0.8690,0.8870,3.7180
2010.56438,2010-07-25,-43.7050,98.0940,-6.6470,0.8610,0.8760,3.7700
2010.56712,2010-07-26,-40.1430,97.3840,-5.0600,0.8810,0.8830,3.8040
2010.56986,2010-07-27,-42.2730,100.8070,1.4140,0.8700,0.8600,3.6890
2010.57260,2010-07-28,-42.1240,98.6460,2.0180,0.8620,0.8760,3.7020
2010.57534,2010-07-29,-42.1670,99.5880,-6.6310,0.8700,0.8680,3.6510
2010.57808,2010-07-30,-43.0740,100.7510,-9.1650,0.8940,0.8830,3.6780
2010.58082,2010-07-31,-42.9250,97.8480,-12.4360,0.8510,0.8500,3.5960
2010.58630,2010-08-02,-41.3120,96.7840,0.3970,0.9600,0.9670,4.0800
2010.59178,2010-08-04,-43.8560,100.7630,-4.1250,0.8850,0.8760,3.8160
2010.59452,2010-08-05,-41.3410,100.2040,-12.5840,0.9080,0.9220,3.9400
2010.59726,2010-08-06,-40.7670,99.2540,-4.3270,0.8430,0.8470,3.6110
2010.60000,2010-08-07,-40.9920,99.7970,-6.9300,0.8790,0.8690,3.7810
2010.60548,2010-08-09,-41.1800,97.3110,-4.5540,0.8750,0.8980,3.8550
2010.60822,2010-08-10,-43.3810,97.4830,-1.4890,0.8650,0.9180,3.8810
2010.61370,2010-08-12,-42.8100,97.9600,0.2410,0.8760,0.8900,3.8030
2010.61918,2010-08-14,-41.6120,97.9590,5.3050,0.8840,0.9020,3.8760
2010.62466,2010-08-16,-39.5160,101.2160,6.7950,0.8900,0.8920,3.8470
2010.62740,2010-08-17,-42.5700,100.7950,0.9640,0.8600,0.8990,3.7880
2010.63014,2010-08-18,-43.0390,100.6240,-2.5890,0.8670,0.8630,3.6790
2010.63288,2010-08-19,-44.6490,99.4030,-8.9740,0.8840,0.8910,3.8360
2010.63562,2010-08-20,-38.9180,101.5890,-0.1840,0.8860,0.8990,3.9010
2010.63836,2010-08-21,-39.3210,98.8730,-2.4470,0.8700,0.8740,3.7520
2010.64110,2010-08-22,-42.3800,99.5530,-3.0030,0.8850,0.8930,3.8780
2010.64384,2010-08-23,-42.2680,100.9960,4.6830,0.8720,0.8850,3.7720
2010.64658,2010-08-24,-39.2450,99.0420,-13.8020,0.9150,0.9300,3.9320
2010.64932,2010-08-25,-39.9720,100.3530,-9.8250,0.8770,0.9100,3.9120
2010.65205,2010-08-26,-39.3880,99.6540,0.0910,0.8860,0.8980,3.9310
2010.65479,2010-08-27,-41.1040,99.4310,-8.1270,0.9030,0.8930,4.0030
2010.65753,2010-08-28,-41.1000,100.2720,-6.5240,0.8510,0.8930,3.8310
2010.66027,2010-08-29,-41.6340,105.4580,-14.5310,0.8430,0.8620,3.6590
2010.66575,2010-08-31,-42.5620,102.5440,4.0650,0.8680,0.8850,3.7940
2010.66849,2010-09-01,-42.6180,102.4010,-5.4860,0.8450,0.8610,3.6630
2010.67123,2010-09-02,-41.8120,101.5670,1.7740,0.8480,0.8700,3.7510
2010.67397,2010-09-03,-40.8530,104.4510,-16.7660,0.8540,0.8630,3.6920
2010.67671,2010-09-04,-37.4140,103.4040,4.3350,0.8570,0.8870,3.7440
2010.67945,2010-09-05,-41.2590,99.7500,4.8600,0.8400,0.8500,3.6150
2010.68219,2010-09-06,-41.0630,103.3100,-4.5200,0.8350,0.8480,3.6110
2010.68493,2010-09-07,-40.8610,102.9700,-1.7090,0.8490,0.8970,3.7640
2010.68767,2010-09-08,-39.9980,99.8130,-4.4920,0.8640,0.8710,3.7450
2010.69041,2010-09-09,-39.7750,102.2840,-7.3980,0.8490,0.8740,3.6960
2010.69315,2010-09-10,-39.0580,103.0530,-3.2240,0.8450,0.8710,3.6950
2010.69589,2010-09-11,-43.2190,101.6140,1.3040,0.8940,0.9240,3.9170
2010.69863,2010-09-12,-40.5980,102.2510,-8.8510,0.8560,0.8590,3.7070
2010.70137,2010-09-13,-39.4480,101.5950,-4.9490,0.8300,0.8600,3.6790
2010.70411,2010-09-14,-39.8920,103.9950,0.9110,0.8360,0.8570,3.6950
2010.70685,2010-09-15,-38.6660,105.4620,1.7610,0.8430,0.8570,3.6460
2010.70959,2010-09-16,-38.7440,103.5560,3.1390,0.8450,0.8710,3.7620
2010.71233,2010-09-17,-41.2930,103.6660,-2.4020,0.8500,0.8640,3.7020
2010.72055,2010-09-20,-40.8550,102.8630,-16.3400,0.8660,0.8940,3.8450
2010.72329,2010-09-21,-38.5230,102.8770,-7.1840,0.8660,0.8820,3.8720
2010.72603,2010-09-22,-39.5290,101.8780,-7.5980,0.8580,0.8580,3.8060
2010.72877,2010-09-23,-40.7040,105.1790,-7.7480,0.8450,0.8750,3.6500
2010.73151,2010-09-24,-42.0080,103.4560,-8.0730,0.8360,0.8470,3.5920
2010.73425,2010-09-25,-41.8490,105.6480,-11.9080,0.8380,0.8650,3.6920
2010.73699,2010-09-26,-39.8880,105.2730,-10.1650,0.8630,0.8730,3.7590
2010.73973,2010-09-27,-42.0180,103.4010,-14.7340,0.8670,0.9150,3.7790
2010.74247,2010-09-28,-42.8390,102.8930,-6.7820,0.8750,0.9040,3.8460
2010.74521,2010-09-29,-42.0810,99.6250,3.5890,0.8670,0.8760,3.7480
2010.74795,2010-09-30,-41.6050,103.5590,-2.5760,0.8600,0.8810,3.7230
2010.75068,2010-10-01,-41.2430,103.9870,-5.1900,0.9030,0.8920,3.8590
2010.75342,2010-10-02,-42.1990,104.2640,-4.6040,0.8600,0.8750,3.7270
2010.75616,2010-10-03,-40.0610,106.0350,-9.5330,0.8830,0.9040,3.9340
2010.75890,2010-10-04,-39.0960,105.6370,-8.2320,0.8380,0.8520,3.6180
2010.76164,2010-10-05,-40.0470,105.0900,-6.4960,0.8280,0.8490,3.5780
2010.76438,2010-10-06,-40.9850,104.5000,-5.5960,0.8350,0.8700,3.6770
2010.76712,2010-10-07,-42.6010,105.5540,-14.3460,0.8340,0.8800,3.7210
2010.76986,2010-10-08,-43.3750,104.5880,-1.1890,0.8220,0.8670,3.6520
2010.77260,2010-10-09,-40.2070,104.5270,-7.8100,0.8360,0.8600,3.6530
2010.77534,2010-10-10,-42.0480,106.4350,-7.3790,0.8350,0.8590,3.6190
2010.77808,2010-10-11,-41.8290,107.0550,-8.0330,0.8650,0.8750,3.6950
2010.78082,2010-10-12,-41.4900,107.6890,-12.5240,0.8310,0.8910,3.7120
2010.78356,2010-10-13,-40.0440,107.1670,-12.9100,0.8460,0.8970,3.7680
2010.78630,2010-10-14,-41.8470,106.8780,-8.2140,0.8460,0.8760,3.7750
2010.78904,2010-10-15,-41.9180,107.1800,-10.8050,0.8540,0.8830,3.8450
2010.79178,2010-10-16,-39.7960,103.8400,-11.5700,0.8220,0.8730,3.6760
2010.79452,2010-10-17,-38.0760,105.7790,-7.6220,0.8360,0.8760,3.7160
2010.79726,2010-10-18,-39.4680,104.9120,-1.2400,0.8260,0.8760,3.6760
2010.80000,2010-10-19,-42.5740,105.9480,-8.6730,0.8380,0.9030,3.9040
2010.80274,2010-10-20,-39.3570,105.8690,-14.0550,0.8360,0.8740,3.6980
2010.80548,2010-10-21,-38.7260,109.1460,-11.2580,0.8590,0.9040,3.8390
2010.80822,2010-10-22,-37.9240,105.3920,-10.6030,0.8390,0.9110,3.8830
2010.81096,2010-10-23,-40.0450,109.5260,-9.7240,0.8490,0.9200,3.8750
2010.81370,2010-10-24,-43.1550,105.4380,-7.2770,0.8420,0.8920,3.8340
2010.81644,2010-10-25,-41.7210,105.5360,-9.9010,0.8180,0.8780,3.6780
2010.81918,2010-10-26,-39.5070,105.5190,-14.3660,0.8200,0.8570,3.6250
2010.82192,2010-10-27,-39.3800,105.3270,-6.1100,0.8050,0.8470,3.5090
2010.82466,2010-10-28,-42.3990,105.6930,-7.5440,0.8000,0.8500,3.5180
2010.82740,2010-10-29,-39.5310,106.9930,-12.5130,0.8160,0.8730,3.6170
2010.83014,2010-10-30,-41.0870,105.0960,-12.6300,0.8080,0.8480,3.5600
2010.83288,2010-10-31,-41.2980,104.8180,-11.4840,0.8410,0.8690,3.6490
2010.83562,2010-11-01,-39.3480,108.0060,-14.5300,0.8500,0.8850,3.7530
2010.83836,2010-11-02,-40.6480,106.4910,-16.9290,0.8150,0.8830,3.6610
2010.84110,2010-11-03,-42.0950,106.2680,-17.8490,0.8210,0.8710,3.6710
2010.84384,2010-11-04,-42.2560,107.3940,-11.5500,0.8290,0.8890,3.7720
2010.84658,2010-11-05,-43.3290,108.1310,-4.8510,0.8170,0.8900,3.6830
2010.84932,2010-11-06,-42.8580,107.0140,-1.0190,0.8220,0.8830,3.7560
2010.85205,2010-11-07,-41.9710,107.9810,-9.6180,0.8160,0.8790,3.7060
2010.85479,2010-11-08,-41.7700,107.9400,-7.9840,0.8220,0.8660,3.6370
2010.85753,2010-11-09,-42.4520,108.0820,-12.6150,0.8200,0.9000,3.7570
2010.86027,2010-11-10,-42.5550,106.9230,-8.3920,0.8370,0.9030,3.8070
2010.86301,2010-11-11,-39.0580,107.8330,-13.2290,0.8110,0.8820,3.6410
2010.86575,2010-11-12,-41.1670,107.7890,-6.5130,0.8250,0.8840,3.7050
2010.86849,2010-11-13,-43.8450,108.7810,-0.2160,0.8120,0.8810,3.6470
2010.87123,2010-11-14,-40.5420,107.1780,-3.1640,0.8110,0.8730,3.6450
2010.87397,2010-11-15,-43.4530,108.9680,-10.3940,0.8200,0.8790,3.6660
2010.87671,2010-11-16,-42.7270,107.5190,-10.2670,0.8210,0.8890,3.6640
2010.87945,2010-11-17,-42.0530,108.3440,-5.4670,0.8130,0.8800,3.5930
2010.88219,2010-11-18,-42.4600,109.3790,-4.7970,0.8010,0.8820,3.6330
2010.88493,2010-11-19,-41.2640,106.4580,-0.4270,0.8180,0.9110,3.6680
2010.88767,2010-11-20,-42.1520,108.1170,2.4520,0.8010,0.8740,3.5800
2010.89041,2010-11-21,-40.2030,107.5280,5.2580,0.8370,0.9080,3.7440
2010.89315,2010-11-22,-40.9710,108.3420,-8.7210,0.8310,0.9050,3.6950
2010.89589,2010-11-23,-42.1970,107.6970,-4.6190,0.7990,0.8660,3.5720
2010.89863,2010-11-24,-41.4870,108.3090,-6.1340,0.8080,0.8720,3.5950
2010.90137,2010-11-25,-41.4430,108.0610,-4.9320,0.8020,0.8760,3.6130
2010.90411,2010-11-26,-41.8240,108.9610,-4.2760,0.8040,0.8740,3.5980
2010.90685,2010-11-27,-41.5490,107.0170,-8.7310,0.8170,0.8870,3.6480
2010.90959,2010-11-28,-42.0340,108.6000,-7.6470,0.8120,0.8750,3.6560
2010.91507,2010-11-30,-43.5680,110.8520,-9.2410,0.8110,0.8810,3.6610
2010.93973,2010-12-09,-43.8800,110.3610,1.2650,0.8740,0.9780,4.0480
2010.94247,2010-12-10,-43.8740,110.9980,-1.6520,0.8150,0.9080,3.7540
2010.94521,2010-12-11,-43.2430,111.0720,-3.7440,0.8110,0.8760,3.6750
2010.94795,2010-12-12,-43.8590,110.6880,3.6460,0.7990,0.8620,3.5360
2010.95068,2010-12-13,-43.7770,109.8300,1.6460,0.8260,0.8850,3.6890
2010.95342,2010-12-14,-42.2490,108.2950,4.1610,0.8220,0.9090,3.7560
2010.95616,2010-12-15,-41.9370,109.4920,-6.5080,0.8120,0.8800,3.6420
2010.95890,2010-12-16,-44.3950,111.0460,5.9280,0.8270,0.8860,3.7460
2010.96164,2010-12-17,-42.5530,111.0490,-1.9370,0.8080,0.8940,3.5630
2010.96438,2010-12-18,-45.9670,109.9460,-1.1460,0.8100,0.8710,3.6280
2010.96712,2010-12-19,-43.8170,110.9470,0.6050,0.8130,0.8880,3.6940
2010.96986,2010-12-20,-43.2070,108.5420,2.3080,0.8220,0.8960,3.7300
2010.97260,2010-12-21,-46.4230,111.3320,9.5200,0.8090,0.8620,3.5800
2010.97534,2010-12-22,-43.4360,109.5440,3.6260,0.8230,0.8790,3.6930
2010.97808,2010-12-23,-43.5020,110.6420,-1.8230,0.8090,0.8780,3.6410
2010.98082,2010-12-24,-41.2820,109.3860,-3.9200,0.8160,0.8860,3.6880
2010.98356,2010-12-25,-44.4930,110.3310,-0.5720,0.8260,0.8980,3.7540
2010.98630,2010-12-26,-44.4570,109.7690,2.6620,0.8140,0.8910,3.6890
2010.98904,2010-12-27,-43.2230,110.5020,-5.0040,0.8210,0.8800,3.7070
2010.99178,2010-12-28,-45.1940,110.6930,6.8040,0.8400,0.9000,3.7540
2010.99452,2010-12-29,-43.6350,110.6340,3.9300,0.8620,0.9260,3.8950
2010.99726,2010-12-30,-42.8400,110.8870,2.5610,0.8430,0.9070,3.8220
2011.00000,2010-12-31,-44.3910,111.1980,-4.0410,0.8160,0.8870,3.6780
2011.00274,2011-01-01,-42.7040,109.8750,-4.0290,0.8170,0.8880,3.7070
2011.00548,2011-01-02,-42.0950,110.6380,-2.2910,0.8160,0.8790,3.6950
2011.00822,2011-01-03,-42.8330,112.1160,-2.1790,0.7980,0.8570,3.5420
2011.01096,2011-01-04,-43.2290,112.4180,-2.4760,0.8300,0.9190,3.7780
2011.01370,2011-01-05,-44.4100,111.2340,-1.4670,0.8220,0.8770,3.7270
2011.01644,2011-01-06,-43.0920,110.7220,-2.1880,0.8030,0.8690,3.6130
2011.01918,2011-01-07,-40.8240,110.0010,-2.8050,0.8140,0.8760,3.6590
2011.02192,2011-01-08,-42.2680,111.4720,-1.8570,0.8120,0.8780,3.7040
2011.02466,2011-01-09,-42.0910,109.8240,1.4120,0.7910,0.8570,3.5360
2011.02740,2011-01-10,-44.4940,111.4900,-1.6590,0.8150,0.8900,3.7070
2011.03014,2011-01-11,-45.0450,111.1380,-1.4940,0.8360,0.8930,3.7720
2011.03288,2011-01-12,-43.6900,112.2350,-1.5550,0.8090,0.8660,3.6220
2011.03562,2011-01-13,-44.5350,111.4380,1.1590,0.8080,0.8570,3.6270
2011.03836,2011-01-14,-44.0790,111.4640,1.4900,0.8010,0.8570,3.5640
2011.04110,2011-01-15,-44.0750,110.3510,-2.8280,0.7990,0.8640,3.5780
2011.04384,2011-01-16,-43.2460,110.4790,-3.5920,0.8140,0.8860,3.6760
2011.04658,2011-01-17,-43.8530,113.3540,-8.4060,0.8070,0.8780,3.6580
2011.04932,2011-01-18,-43.4460,113.7310,-6.1470,0.8230,0.8930,3.7350
2011.05205,2011-01-19,-43.1850,111.7620,-4.8820,0.8190,0.8890,3.7350
2011.05479,2011-01-20,-42.5000,110.6350,-5.2270,0.8390,0.9160,3.8540
2011.05753,2011-01-21,-44.5200,112.0690,1.8920,0.8010,0.8800,3.6310
2011.06027,2011-01-22,-43.5690,113.5220,-3.9850,0.8030,0.8850,3.6310
2011.06301,2011-01-23,-42.1650,112.4920,-0.5330,0.8040,0.8650,3.6260
2011.06575,2011-01-24,-42.7860,112.4930,-4.5980,0.8060,0.8860,3.6720
2011.06849,2011-01-25,-41.6740,112.1630,-10.6830,0.8130,0.8790,3.7100
2011.07123,2011-01-26,-38.8630,112.1140,-8.8400,0.8500,0.9510,3.9390
2011.07397,2011-01-27,-47.5700,111.4910,-2.2320,0.8180,0.8910,3.7420
2011.07671,2011-01-28,-42.7030,113.1510,-4.2020,0.8180,0.8980,3.7800
2011.08219,2011-01-30,-47.0860,110.8140,-4.7370,0.8130,0.8870,3.7080
2011.08493,2011-01-31,-46.8180,112.6370,-2.7520,0.8070,0.8760,3.6910
2011.08767,2011-02-01,-45.2740,113.6830,-1.9290,0.8240,0.9090,3.7000
2011.09315,2011-02-03,-45.2800,112.4310,3.6370,0.8120,0.8810,3.6980
2011.09589,2011-02-04,-46.5010,113.3250,-0.1250,0.8300,0.9160,3.8460
2011.09863,2011-02-05,-43.4430,113.6070,-5.6940,0.8110,0.8980,3.7530
2011.10137,2011-02-06,-43.4900,113.8130,-4.0840,0.8440,0.9240,3.8920
2011.10411,2011-02-07,-44.3900,113.8650,-0.4720,0.8370,0.9260,3.8830
2011.10685,2011-02-08,-45.0280,115.5630,6.2020,0.8250,0.9010,3.7830
2011.10959,2011-02-09,-44.8600,115.2930,-5.3620,0.8310,0.9080,3.8660
2011.11233,2011-02-10,-44.6840,114.3800,1.2710,0.8210,0.8940,3.7650
2011.11507,2011-02-11,-43.2490,114.1470,-1.4440,0.8370,0.9020,3.8230
2011.11781,2011-02-12,-44.5180,114.3650,0.8730,0.8270,0.9010,3.7180
2011.12055,2011-02-13,-43.2510,115.2870,-5.2450,0.8340,0.9060,3.8490
2011.12329,2011-02-14,-45.1160,114.5840,2.6000,0.8390,0.8880,3.8370
2011.12603,2011-02-15,-42.9980,114.8730,-4.7490,0.8540,0.9170,3.8150
2011.12877,2011-02-16,-44.3580,113.4830,3.1480,0.8280,0.8910,3.7300
2011.13151,2011-02-17,-41.6140,111.0770,0.3860,0.8360,0.9000,3.8870
2011.13425,2011-02-18,-43.8160,112.6180,0.4700,0.8240,0.8920,3.7300
2011.13699,2011-02-19,-45.3120,114.0550,3.3570,0.8250,0.8890,3.7300
2011.13973,2011-02-20,-43.5080,112.7110,-1.8340,0.8120,0.8850,3.6720
2011.14247,2011-02-21,-44.7670,113.0810,1.9560,0.8240,0.9060,3.7260
2011.14521,2011-02-22,-44.5990,113.6570,3.2700,0.8270,0.8830,3.7180
2011.14795,2011-02-23,-42.0730,113.2560,-1.1280,0.8400,0.9050,3.7800
2011.15068,2011-02-24,-43.0570,112.2340,3.4980,0.8290,0.8930,3.7290
2011.15342,2011-02-25,-43.7180,113.0340,-5.4580,0.8190,0.8840,3.7300
2011.15616,2011-02-26,-44.3340,113.3500,2.6270,0.8050,0.8760,3.6570
2011.15890,2011-02-27,-44.5910,112.8600,1.3630,0.8180,0.8910,3.7130
2011.16164,2011-02-28,-42.9670,113.3320,5.1100,0.8290,0.8880,3.7600
2011.16438,2011-03-01,-42.9440,114.2720,3.2190,0.8670,0.9380,3.9300
2011.16712,2011-03-02,-44.0600,114.1190,-3.7560,0.8250,0.8820,3.7440
2011.16986,2011-03-03,-43.2600,114.0880,-3.1790,0.8000,0.8840,3.6590
2011.17260,2011-03-04,-45.6470,114.6250,-0.8490,0.8150,0.8840,3.7050
2011.17534,2011-03-05,-44.7340,115.1200,-1.5260,0.8570,0.9040,3.8030
2011.17808,2011-03-06,-45.2240,113.3110,6.7880,0.8310,0.9020,3.8120
2011.18082,2011-03-07,-42.2180,113.9580,-3.3060,0.8350,0.8800,3.7220
2011.18356,2011-03-08,-42.1400,114.4440,-4.7070,0.8490,0.8950,3.7730
2011.18630,2011-03-09,-43.7460,115.9190,0.4480,0.8110,0.8730,3.6440
2011.18904,2011-03-10,-44.4960,117.9770,0.4780,0.8020,0.8810,3.6480
2011.19178,2011-03-11,-45.2840,116.7120,-5.8930,0.8160,0.8890,3.7380
2011.19452,2011-03-12,-45.7070,118.9960,-3.2290,0.8080,0.8640,3.6200
2011.19726,2011-03-13,-44.8700,116.5020,-6.6870,0.8180,0.8830,3.6750
2011.20000,2011-03-14,-43.8310,117.5100,-3.3610,0.8100,0.8840,3.6360
2011.20274,2011-03-15,-45.0640,118.5870,-1.4250,0.8110,0.8960,3.7200
2011.20548,2011-03-16,-46.0540,117.5430,0.8620,0.8670,0.9150,3.8000
2011.20822,2011-03-17,-45.6430,118.1200,-2.1320,0.8400,0.9110,3.7480
2011.21096,2011-03-18,-45.3220,119.0770,3.3340,0.8140,0.8900,3.6580
2011.21370,2011-03-19,-45.5480,119.2870,-4.5650,0.8290,0.8800,3.6710
2011.21644,2011-03-20,-43.9560,118.2010,2.8990,0.8460,0.8930,3.7410
2011.21918,2011-03-21,-43.3870,117.6610,2.2350,0.8430,0.9080,3.7060
2011.22192,2011-03-22,-46.0310,119.7580,-6.4230,0.8420,0.8960,3.6890
2011.22466,2011-03-23,-44.6020,118.6740,-2.4130,0.8240,0.8920,3.7110
2011.22740,2011-03-24,-42.3850,120.3430,-0.7330,0.8890,0.9100,3.8190
2011.23014,2011-03-25,-43.7540,120.8280,-2.0270,0.8840,0.9270,3.8480
2011.23288,2011-03-26,-45.3770,120.1170,-2.9650,0.8760,0.9590,4.0920
2011.23562,2011-03-27,-46.0690,119.8010,-0.9980,0.9250,0.9440,4.0330
2011.23836,2011-03-28,-44.7810,120.4860,-1.8850,0.8960,0.9550,3.9910
2011.24110,2011-03-29,-44.1880,118.1760,-4.2300,0.8570,0.9100,3.7940
2011.24384,2011-03-30,-46.1870,119.1560,0.6540,0.8460,0.9120,3.8230
2011.24658,2011-03-31,-43.6680,117.0130,-2.5790,0.8300,0.9060,3.7630
2011.24932,2011-04-01,-43.5750,116.1300,-1.5660,0.8350,0.9000,3.7150
2011.25205,2011-04-02,-44.4560,118.5370,-3.4130,0.8210,0.8820,3.6710
2011.25479,2011-04-03,-43.7380,119.0680,-0.2700,0.8360,0.9070,3.7690
2011.25753,2011-04-04,-46.2820,119.5290,-0.5930,0.8090,0.8900,3.6490
2011.26027,2011-04-05,-44.3240,119.8940,-4.8290,0.8150,0.8960,3.7880
2011.26301,2011-04-06,-43.4920,118.6450,-4.1340,0.8820,0.9360,4.0530
2011.26575,2011-04-07,-42.9970,120.3940,-7.1220,0.8350,0.9070,3.7360
2011.26849,2011-04-08,-43.9570,120.9790,-5.0810,0.8320,0.9040,3.7440
2011.27123,2011-04-09,-43.8350,118.7830,-7.9400,0.8250,0.8850,3.6520
2011.27397,2011-04-10,-43.9850,119.3870,2.2560,0.8450,0.9210,3.8600
2011.27671,2011-04-11,-39.8350,119.1160,-2.2820,0.8600,0.9140,3.8870
2011.27945,2011-04-12,-45.7350,119.3850,-4.5030,0.8460,0.8870,3.7560
2011.28219,2011-04-13,-44.4880,120.0870,-0.2580,0.8010,0.8930,3.6640
2011.28493,2011-04-14,-44.8540,121.2760,-3.9170,0.8490,0.9160,3.8160
2011.28767,2011-04-15,-44.4440,120.1690,-1.1860,0.8220,0.9150,3.7550
2011.29041,2011-04-16,-45.1590,117.7940,-8.6660,0.8210,0.8870,3.7160
2011.29315,2011-04-17,-44.9560,120.2060,-11.1250,0.8400,0.9090,3.8140
2011.29589,2011-04-18,-44.5490,120.0220,-5.2410,0.8100,0.8890,3.7400
2011.29863,2011-04-19,-44.1690,121.3750,-15.3910,0.8230,0.8920,3.7480
2011.30137,2011-04-20,-43.4220,121.3530,-7.2080,0.8130,0.8940,3.7190
2011.30411,2011-04-21,-46.1360,119.8940,2.5620,0.8110,0.9270,3.8080
2011.30685,2011-04-22,-43.3340,119.9320,-5.7700,0.8230,0.9010,3.7710
2011.30959,2011-04-23,-44.9620,120.3490,-0.5210,0.8150,0.9010,3.7740
2011.31233,2011-04-24,-45.0870,118.8980,0.9450,0.8190,0.9050,3.7910
2011.31507,2011-04-25,-44.4060,120.6380,-0.0230,0.8260,0.9070,3.7710
2011.31781,2011-04-26,-44.6870,121.4640,0.6020,0.8060,0.8900,3.6740
2011.32055,2011-04-27,-41.6890,121.8660,-2.4910,0.8300,0.9170,3.8210
2011.32329,2011-04-28,-46.4160,122.1460,2.4490,0.8240,0.9130,3.7930
2011.32603,2011-04-29,-43.6620,121.4560,-2.1830,0.8620,0.9020,3.7670
2011.32877,2011-04-30,-43.2280,122.0400,-3.5250,0.8360,0.9020,3.7580
2011.33151,2011-05-01,-43.8390,121.4720,2.4140,0.8320,0.8970,3.7340
2011.33425,2011-05-02,-42.4980,121.7100,1.7070,0.8080,0.8950,3.7340
2011.33699,2011-05-03,-41.7900,120.6210,0.3410,0.8270,0.8910,3.7350
2011.33973,2011-05-04,-43.6530,123.2290,0.7780,0.8240,0.8650,3.6400
2011.34247,2011-05-05,-45.5730,122.5460,-1.0400,0.8160,0.8990,3.6850
2011.34521,2011-05-06,-45.9460,123.3540,-8.6360,0.8260,0.9060,3.7250
2011.34795,2011-05-07,-43.9190,123.3990,0.6080,0.8390,0.8920,3.8490
2011.35068,2011-05-08,-44.7940,122.4360,5.1280,0.8430,0.9440,4.0270
2011.35342,2011-05-09,-43.9570,122.5090,4.4340,0.8310,0.8970,3.8650
2011.35616,2011-05-10,-43.4230,124.2880,5.9270,0.8210,0.8880,3.8170
2011.35890,2011-05-11,-44.3800,124.4150,5.2300,0.7980,0.8700,3.5900
2011.36164,2011-05-12,-42.1040,124.2260,-0.4950,0.8440,0.9370,3.8920
2011.36438,2011-05-13,-45.5810,125.2910,-0.0300,0.8190,0.8890,3.6690
2011.36712,2011-05-14,-44.6990,123.0500,2.2660,0.8220,0.8910,3.7010
2011.36986,2011-05-15,-46.4150,122.9370,-5.0860,0.8220,0.8870,3.7440
2011.37260,2011-05-16,-48.0050,124.5480,-1.5070,0.8300,0.9020,3.7930
2011.37534,2011-05-17,-46.8600,125.9330,-7.6430,0.8800,0.9350,4.0620
2011.37808,2011-05-18,-46.0630,123.7030,-0.9090,0.8750,0.9700,4.0580
2011.38082,2011-05-19,-46.9810,125.2440,-5.6870,0.8590,0.9410,3.9280
2011.38356,2011-05-20,-47.8010,127.3220,-8.8560,0.8490,0.9300,3.8960
2011.38630,2011-05-21,-47.2100,120.7750,-18.0940,0.8680,0.9350,3.9420
2011.38904,2011-05-22,-47.7500,125.1790,-10.0440,0.8580,0.9240,3.9220
2011.39178,2011-05-23,-46.4180,125.7860,-3.0740,0.8320,0.9020,3.8180
2011.39452,2011-05-24,-46.5520,126.2760,-8.9240,0.8270,0.9100,3.7980
2011.39726,2011-05-25,-45.9220,123.9260,-1.0500,0.8210,0.9040,3.7470
2011.40000,2011-05-26,-45.1620,121.9580,1.1050,0.8440,0.9250,3.8820
2011.40274,2011-05-27,-45.5820,125.1330,-6.1660,0.8280,0.8970,3.7330
2011.40548,2011-05-28,-46.0990,125.3130,-6.7910,0.8550,0.9360,3.8820
2011.40822,2011-05-29,-45.3630,125.3550,-0.5370,0.8450,0.9270,3.9370
2011.41096,2011-05-30,-46.0090,122.4290,-7.4730,0.8320,0.9070,3.8490
2011.41370,2011-05-31,-46.6060,122.9780,5.2780,0.8250,0.9030,3.7630
2011.41644,2011-06-01,-44.0770,125.9500,-12.2010,0.8940,0.9670,4.2050
2011.41918,2011-06-02,-46.1790,125.1570,-2.8550,0.8710,0.9710,4.0450
2011.42192,2011-06-03,-46.4960,125.9480,-10.8650,0.8400,0.9120,3.8300
2011.42466,2011-06-04,-47.4480,123.8070,-6.2230,0.8340,0.9150,3.8020
2011.42740,2011-06-05,-47.6110,125.1490,-7.6260,0.8290,0.9130,3.7930
2011.43014,2011-06-06,-47.3120,126.8070,-6.1570,0.8210,0.9140,3.7670
2011.43288,2011-06-07,-46.6930,127.1540,-1.0900,0.8380,0.9250,3.8520
2011.43562,2011-06-08,-48.2010,125.7780,-5.4060,0.8440,0.9110,3.8510
2011.43836,2011-06-09,-44.4340,121.8060,-5.1400,0.8640,0.9310,3.9760
2011.44110,2011-06-10,-45.1030,126.5480,-6.6770,0.8470,0.9250,3.8870
2011.44384,2011-06-11,-47.0110,126.9390,0.6110,0.8310,0.9050,3.7630
2011.44658,2011-06-12,-46.2130,123.8930,-2.4540,0.8680,0.9370,3.9930
2011.44932,2011-06-13,-46.6960,126.3930,-2.2500,0.8360,0.9110,3.8290
2011.45205,2011-06-14,-46.2670,123.4370,-5.2040,0.8450,0.9230,3.8040
2011.45479,2011-06-15,-46.5540,126.1070,-6.3940,0.8390,0.9110,3.8930
2011.45753,2011-06-16,-48.4730,125.8400,2.6820,0.8470,0.9340,3.8840
2011.46027,2011-06-17,-47.7690,124.2450,2.7020,0.8810,0.9400,4.0190
2011.46301,2011-06-18,-46.8670,124.6340,7.4500,0.8950,0.9560,4.1420
2011.46575,2011-06-19,-44.4920,122.2250,7.5140,0.8910,0.9410,4.0400
2011.46849,2011-06-20,-45.0980,125.5620,0.0310,0.8370,0.9140,3.8450
2011.47123,2011-06-21,-47.7300,124.1600,-8.2730,0.8370,0.9210,3.8290
2011.47397,2011-06-22,-45.7860,124.0230,0.5060,0.8330,0.9000,3.7760
2011.47671,2011-06-23,-45.8740,124.2160,1.9410,0.8500,0.9390,3.8890
2011.47945,2011-06-24,-46.0270,124.4100,0.1260,0.8420,0.9430,3.9940
2011.48219,2011-06-25,-48.0360,126.2180,0.2470,0.8330,0.9050,3.8060
2011.48493,2011-06-26,-45.9670,125.7750,0.6150,0.8520,0.9240,3.9380
2011.48767,2011-06-27,-47.5940,125.4310,-7.1730,0.8550,0.9120,3.8850
2011.49041,2011-06-28,-49.6230,128.0240,-7.7580,0.8340,0.9120,3.7810
2011.49315,2011-06-29,-48.3410,124.4860,-7.9780,0.8490,0.9170,3.8740
2011.49589,2011-06-30,-48.3720,126.3570,-0.3880,0.8610,0.9480,4.0220
2011.49863,2011-07-01,-47.6400,126.6970,-3.5110,0.8410,0.9350,3.9290
2011.50137,2011-07-02,-46.1240,126.4350,-1.9310,0.8510,0.9230,3.8790
2011.50411,2011-07-03,-46.8770,126.1110,-1.7130,0.8320,0.9140,3.7770
2011.50685,2011-07-04,-47.2430,124.5900,-6.6820,0.8610,0.9390,3.9890
2011.50959,2011-07-05,-50.8910,125.8990,-0.4130,0.8410,0.9270,3.8950
2011.51233,2011-07-06,-49.2220,127.6050,-5.8100,0.8480,0.9350,3.8840
2011.51507,2011-07-07,-48.1910,126.4460,-5.9560,0.8340,0.9250,3.8330
2011.51781,2011-07-08,-48.5720,126.6430,-7.6790,0.8410,0.9090,3.7930
2011.52055,2011-07-09,-47.3170,124.3590,-4.7750,0.8850,0.9680,4.0690
2011.52329,2011-07-10,-48.4250,128.2820,-4.4130,0.8550,0.9410,3.9010
2011.52603,2011-07-11,-49.0600,126.1090,11.4140,0.8710,0.9620,4.0320
2011.52877,2011-07-12,-47.8270,125.3740,6.9710,0.8640,0.9430,4.0620
2011.53151,2011-07-13,-49.6980,128.8030,3.8520,0.8640,0.9490,3.9630
2011.53425,2011-07-14,-50.0320,128.2760,0.0710,0.8520,0.9160,3.9230
2011.53699,2011-07-15,-49.3670,128.8100,2.2210,0.8380,0.9310,3.8640
2011.53973,2011-07-16,-49.5000,123.9280,8.2740,0.8490,0.9450,3.9020
2011.54247,2011-07-17,-51.4980,127.7820,-2.8070,0.8420,0.9380,3.8680
2011.54521,2011-07-18,-50.0530,127.8180,-6.7180,0.8630,0.9560,4.0310
2011.54795,2011-07-19,-48.7990,129.0920,-14.3590,0.9040,0.9860,4.1400
2011.55068,2011-07-20,-48.8720,127.6060,4.3470,0.8790,0.9610,4.0830
2011.55342,2011-07-21,-49.0060,127.0130,-7.7620,0.8560,0.9260,3.8970
2011.55616,2011-07-22,-47.5000,126.8140,-5.6380,0.8340,0.9280,3.8830
2011.55890,2011-07-23,-50.6530,128.5780,-9.8970,0.8560,0.9330,3.9300
2011.56164,2011-07-24,-49.0870,130.8420,-13.8510,0.8580,0.9270,3.9030
2011.56438,2011-07-25,-47.3680,129.7480,-7.9190,0.8730,0.9510,4.0530
2011.56712,2011-07-26,-49.5530,128.6580,-10.5450,0.8530,0.9520,3.9970
2011.56986,2011-07-27,-50.3880,124.9970,-3.8840,0.8450,0.9200,3.8180
2011.57260,2011-07-28,-50.5380,128.1970,-7.3610,0.8760,0.9580,4.0540
2011.57534,2011-07-29,-49.3940,124.8900,-6.5330,0.8860,0.9510,4.1120
2011.57808,2011-07-30,-51.1850,127.6180,-5.8770,0.8520,0.9650,4.0470
2011.58082,2011-07-31,-48.3040,126.0570,3.6910,0.8690,0.9620,4.0560
2011.58356,2011-08-01,-48.9480,129.1080,-5.4810,0.8670,0.9280,3.9830
2011.58630,2011-08-02,-45.1260,126.9260,2.6250,0.8670,0.9420,3.9580
2011.58904,2011-08-03,-47.4880,126.0700,-9.9660,0.9180,0.9680,4.1350
2011.59178,2011-08-04,-47.8240,128.9160,-3.5520,0.8530,0.9380,3.9890
2011.59452,2011-08-05,-48.9250,129.6770,-5.6240,0.8630,0.9490,4.0160
2011.59726,2011-08-06,-49.0870,130.0530,-7.4750,0.8360,0.9280,3.9220
2011.60000,2011-08-07,-49.7590,128.8230,-4.0050,0.8390,0.9370,3.9650
2011.60274,2011-08-08,-47.1260,131.2260,-3.7770,0.8450,0.9220,3.9010
2011.60548,2011-08-09,-48.6390,128.6000,-1.8120,0.8510,0.9330,3.9730
2011.60822,2011-08-10,-48.3640,131.8650,-5.4120,0.8550,0.8980,3.8000
2011.61096,2011-08-11,-48.1600,133.0380,-15.2880,0.9120,0.9810,4.1320
2011.61370,2011-08-12,-49.3500,128.3150,-10.7590,0.9060,0.9900,4.1900
2011.61644,2011-08-13,-53.1800,128.8170,-5.5420,0.8620,0.9340,4.0250
2011.61918,2011-08-14,-51.1260,127.0880,0.6060,0.8570,0.9600,4.0770
2011.62466,2011-08-16,-48.7390,129.6700,0.9850,0.8820,0.9720,4.2140
2011.62740,2011-08-17,-46.3460,128.5370,-3.1450,0.8380,0.9010,3.8250
2011.63288,2011-08-19,-47.1640,130.5270,-2.9460,0.8390,0.9290,3.9710
2011.63562,2011-08-20,-48.3710,129.8060,-11.6040,0.8320,0.9350,3.9460
2011.63836,2011-08-21,-48.2170,130.2950,-8.8590,0.8520,0.9120,3.9800
2011.64110,2011-08-22,-46.0350,127.6690,0.1640,0.8440,0.9250,3.9430
2011.64384,2011-08-23,-44.7970,130.8780,-14.2980,0.8920,0.9550,4.1440
2011.64658,2011-08-24,-46.9150,126.6290,-2.4390,0.8650,0.9540,4.1540
2011.64932,2011-08-25,-47.9470,131.8820,-4.5110,0.8540,0.9200,3.9470
2011.65205,2011-08-26,-48.0010,130.2530,-1.3110,0.8810,0.9630,4.0200
2011.65479,2011-08-27,-47.2000,128.9050,-0.7720,0.8970,0.9720,4.2170
2011.65753,2011-08-28,-50.3080,128.6730,-5.6350,0.8800,0.9350,4.0270
2011.66027,2011-08-29,-49.1240,133.4890,4.2400,0.8590,0.9240,4.0200
2011.66301,2011-08-30,-51.5160,132.0150,-0.1890,0.8890,0.9840,4.1850
2011.66575,2011-08-31,-50.0830,130.1470,-1.5820,0.8650,0.9600,4.0650
2011.66849,2011-09-01,-46.8020,128.4070,-13.4660,0.9200,1.0310,4.4550
2011.67123,2011-09-02,-48.6890,129.8180,-7.9820,0.8650,0.9570,4.0410
2011.67397,2011-09-03,-48.8470,127.5090,-3.4310,0.8300,0.9190,3.9070
2011.67671,2011-09-04,-46.6690,130.3400,-12.1750,0.8300,0.9120,3.8810
2011.67945,2011-09-05,-52.0670,131.0080,-11.4080,0.8650,0.9370,3.9690
2011.68219,2011-09-06,-51.2450,132.5900,-8.8490,0.8430,0.9160,3.8630
2011.68493,2011-09-07,-50.8980,131.6950,-5.7140,0.8810,0.9320,3.9980
2011.68767,2011-09-08,-49.8660,130.9300,-3.9480,0.8690,0.9270,3.9610
2011.69041,2011-09-09,-49.9800,127.9260,-16.4350,0.8700,0.9480,4.0180
2011.69315,2011-09-10,-49.6970,128.1450,-13.7410,0.8970,0.9500,4.1980
2011.69589,2011-09-11,-48.0800,129.4870,-8.6390,0.9130,0.9510,4.1590
2011.69863,2011-09-12,-47.1800,130.9850,-6.1080,0.8880,0.9350,4.1170
2011.70137,2011-09-13,-49.2170,132.1380,-10.7930,0.8560,0.9240,3.9180
2011.70411,2011-09-14,-46.5060,129.0840,-7.0920,0.8840,0.9620,4.0410
2011.70685,2011-09-15,-52.1920,131.4090,-8.4490,0.8910,0.9840,4.0860
2011.70959,2011-09-16,-48.1570,130.1370,-10.5840,0.9070,0.9830,4.0560
2011.71233,2011-09-17,-47.9080,134.7900,-13.0300,0.8670,0.9610,4.1100
2011.71507,2011-09-18,-48.5000,131.3350,-4.9210,0.8880,0.9760,4.1890
2011.71781,2011-09-19,-49.5790,131.8140,-6.2630,0.8760,0.9490,4.0840
2011.72055,2011-09-20,-47.9690,132.6250,-11.0060,0.8700,0.9650,3.9170
2011.72329,2011-09-21,-48.5480,131.8720,-12.2230,0.8570,0.9340,3.9190
2011.72603,2011-09-22,-49.7060,132.4110,-8.5490,0.8570,0.9410,3.9250
2011.72877,2011-09-23,-48.8980,132.5880,-12.4160,0.8510,0.9600,3.9710
2011.73151,2011-09-24,-49.1840,132.8970,-10.8400,0.8880,0.9440,3.9850
2011.73425,2011-09-25,-48.3950,132.7830,-9.7540,0.8640,0.9570,3.9590
2011.73699,2011-09-26,-52.6000,132.2130,-14.8540,0.8530,0.9710,4.0650
2011.73973,2011-09-27,-50.2150,133.4140,-10.9040,0.8630,0.9560,4.0420
2011.74247,2011-09-28,-46.6030,131.3380,-8.2760,0.8480,0.9440,3.9040
2011.74521,2011-09-29,-48.4950,132.8850,-11.8450,0.8780,0.9610,4.1070
2011.74795,2011-09-30,-47.2600,134.4750,-0.8030,0.9160,0.9750,4.1450
2011.75068,2011-10-01,-48.9390,136.5830,-11.9800,0.8930,0.9830,4.1910
2011.75342,2011-10-02,-47.4820,132.1100,-13.3230,0.8840,0.9430,4.0060
2011.75616,2011-10-03,-49.0270,132.1470,-13.4070,0.8800,0.9980,4.1370
2011.75890,2011-10-04,-46.8360,132.8160,-12.6540,0.8330,0.9010,3.7010
2011.76164,2011-10-05,-48.6400,133.2940,-12.4670,0.8510,0.9340,3.8720
2011.76438,2011-10-06,-46.5590,132.9800,-10.4820,0.8590,0.9380,3.8930
2011.76712,2011-10-07,-47.4050,133.1140,-10.3580,0.8480,0.9180,3.8440
2011.76986,2011-10-08,-47.3880,133.7020,-7.1370,0.8570,0.9250,3.8750
2011.77260,2011-10-09,-48.4760,134.2270,-8.7910,0.8660,0.9260,3.9150
2011.77534,2011-10-10,-45.0830,134.5140,-14.9270,0.8510,0.9250,3.8600
2011.77808,2011-10-11,-46.3340,135.4840,-18.4860,0.8630,0.9440,3.9780
2011.78082,2011-10-12,-47.9370,134.8980,-10.0270,0.8480,0.9360,3.8620
2011.78356,2011-10-13,-47.1810,135.7360,-14.0430,0.9110,0.9790,4.2060
2011.78630,2011-10-14,-46.4390,135.1940,-6.8430,0.9090,0.9730,4.1110
2011.78904,2011-10-15,-48.9510,133.3660,-3.9420,0.8350,0.9210,3.7680
2011.79178,2011-10-16,-48.9170,136.8020,-10.0790,0.8240,0.9140,3.7110
2011.79452,2011-10-17,-46.4570,135.2620,-12.4910,0.8720,0.9510,3.8750
2011.79726,2011-10-18,-47.2270,134.0820,-12.2490,0.8370,0.9300,3.7670
2011.80000,2011-10-19,-45.6600,133.1480,-14.0270,0.8400,0.9170,3.8260
2011.80274,2011-10-20,-44.2910,131.0610,-10.2680,0.8330,0.9460,3.8350
2011.80548,2011-10-21,-48.7970,135.0040,-8.0660,0.8230,0.9220,3.7790
2011.80822,2011-10-22,-46.8770,134.4920,-7.2510,0.8760,0.9650,3.9060
2011.81096,2011-10-23,-48.2380,135.2240,-16.5950,0.8280,0.9240,3.8520
2011.81370,2011-10-24,-47.7270,133.6920,-12.3860,0.8520,0.9250,3.8250
2011.81644,2011-10-25,-48.7100,134.6880,-11.8270,0.8280,0.9160,3.7400
2011.81918,2011-10-26,-48.3300,134.2940,-3.5320,0.8590,0.9430,3.8440
2011.82192,2011-10-27,-46.6630,134.8080,-4.8610,0.8530,0.9310,3.7870
2011.82466,2011-10-28,-47.7390,134.8850,-14.4310,0.8800,0.9700,3.9520
2011.82740,2011-10-29,-49.5030,133.7390,-11.7420,0.8490,0.9280,3.8360
2011.83014,2011-10-30,-47.6200,134.1350,-15.6110,0.8310,0.9060,3.7490
2011.83288,2011-10-31,-47.5560,135.4110,-17.2240,0.8350,0.9210,3.7640
2011.83562,2011-11-01,-48.9390,132.1880,-6.7960,0.8650,0.9480,3.9810
2011.83836,2011-11-02,-47.5740,133.7050,-1.6290,0.8370,0.9200,3.7860
2011.84110,2011-11-03,-47.9620,134.9520,-5.9410,0.8370,0.9070,3.7320
2011.84384,2011-11-04,-48.5370,135.5050,-11.3100,0.8450,0.9330,3.8630
2011.84658,2011-11-05,-47.9800,134.5950,-4.9960,0.8390,0.9160,3.7520
2011.84932,2011-11-06,-48.0750,134.1040,-8.0030,0.8930,0.9670,3.9740
2011.85205,2011-11-07,-49.8330,135.2020,-6.0370,0.8320,0.9160,3.6890
2011.85479,2011-11-08,-49.6460,134.9730,-6.2550,0.8340,0.9100,3.7630
2011.85753,2011-11-09,-47.9240,134.9840,3.9420,0.9200,0.9940,4.1400
2011.86027,2011-11-10,-48.6750,134.0600,-5.3500,0.8790,0.9820,4.0130
2011.86301,2011-11-11,-48.4060,134.0790,-8.1110,0.8630,0.9430,3.9440
2011.86575,2011-11-12,-49.1550,134.4340,-6.1910,0.8300,0.9050,3.7010
2011.86849,2011-11-13,-48.1780,136.0770,-11.9420,0.8340,0.9080,3.7430
2011.87123,2011-11-14,-47.2440,134.1930,-12.5000,0.8310,0.9060,3.7660
2011.87397,2011-11-15,-48.6660,135.5380,-11.2700,0.8410,0.9100,3.8220
2011.87671,2011-11-16,-49.6520,135.9610,-7.7040,0.8270,0.9210,3.7800
2011.87945,2011-11-17,-49.9870,137.0300,-3.4620,0.8360,0.9300,3.8290
2011.88219,2011-11-18,-48.9880,136.7910,-2.3650,0.8550,0.9480,3.9010
2011.88493,2011-11-19,-48.6290,136.8330,-11.8220,0.8940,0.9390,3.9170
2011.88767,2011-11-20,-49.4270,134.3410,-15.7980,0.8730,0.9550,3.8900
2011.89041,2011-11-21,-49.3010,135.1330,-8.8840,0.8750,0.9410,3.9410
2011.89315,2011-11-22,-50.1310,136.9810,-5.2000,0.8240,0.9130,3.7300
2011.89589,2011-11-23,-49.4400,134.6840,-6.6820,0.8530,0.9520,3.7880
2011.89863,2011-11-24,-49.2240,135.3600,-11.7030,0.8290,0.9080,3.7390
2011.90137,2011-11-25,-47.7580,136.9870,-11.7940,0.8340,0.9020,3.7250
2011.90411,2011-11-26,-49.9260,136.1080,-4.9280,0.8330,0.9170,3.8290
2011.90685,2011-11-27,-49.1040,136.5910,-5.1490,0.8240,0.8960,3.6920
2011.90959,2011-11-28,-49.0600,136.2520,-10.2660,0.8300,0.9060,3.7770
2011.91233,2011-11-29,-49.1480,136.5220,-14.9370,0.8320,0.9240,3.8230
2011.91507,2011-11-30,-48.9290,134.8640,-6.5230,0.8800,0.9920,4.0660
2011.91781,2011-12-01,-49.0850,136.6680,-17.6310,0.8420,0.9220,3.8440
2011.92055,2011-12-02,-51.3060,136.7020,-10.0070,0.8650,0.9780,3.9930
2011.92329,2011-12-03,-49.9820,137.6240,-12.1730,0.8370,0.9170,3.8000
2011.92603,2011-12-04,-47.6830,137.4160,-2.1750,0.8590,0.9360,3.8930
2011.92877,2011-12-05,-49.7650,136.3450,-4.8140,0.8910,0.9630,4.0720
2011.93151,2011-12-06,-52.0300,136.0350,-13.7440,0.8640,0.9420,3.9620
2011.93425,2011-12-07,-47.1290,136.5120,-11.6440,0.8470,0.9190,3.8520
2011.93699,2011-12-08,-46.3860,135.7100,-5.9900,0.8480,0.9360,3.9020
2011.93973,2011-12-09,-48.3050,134.3320,-3.7950,0.8500,0.9240,3.8940
2011.94247,2011-12-10,-49.4800,135.8010,-8.9020,0.8560,0.9510,4.0000
2011.94521,2011-12-11,-48.2390,136.2930,-10.0190,0.8460,0.9250,3.8800
2011.94795,2011-12-12,-49.9950,135.9620,-5.3300,0.8690,0.9520,3.9950
2011.95068,2011-12-13,-48.6150,134.8930,-11.0900,0.8520,0.9420,3.9860
2011.95342,2011-12-14,-49.5900,138.1150,-12.2120,0.8350,0.9130,3.8330
2011.95616,2011-12-15,-48.2350,135.6790,-11.0250,0.8590,0.9370,3.9050
2011.95890,2011-12-16,-48.7160,135.1910,-15.9510,0.8460,0.9130,3.8000
2011.96164,2011-12-17,-49.1220,136.8390,-16.4160,0.8230,0.9060,3.7930
2011.96438,2011-12-18,-49.4720,135.3130,-12.4400,0.8250,0.9080,3.7800
2011.96712,2011-12-19,-49.1760,135.4730,-5.3030,0.8210,0.8920,3.7800
2011.96986,2011-12-20,-51.1330,136.9740,-9.8970,0.8300,0.9160,3.7840
2011.97260,2011-12-21,-49.9760,139.0610,-7.4350,0.8120,0.8890,3.7130
2011.97534,2011-12-22,-49.8940,137.7130,-10.1800,0.8370,0.9250,3.8350
2011.97808,2011-12-23,-49.9070,137.5520,-7.9180,0.8270,0.9090,3.7820
2011.98082,2011-12-24,-51.2370,136.8190,-11.0090,0.8130,0.8820,3.6910
2011.98356,2011-12-25,-50.4740,137.9290,-10.4030,0.8100,0.8840,3.7050
2011.98630,2011-12-26,-50.8830,137.7190,-14.5480,0.8080,0.8850,3.6700
2011.98904,2011-12-27,-51.1840,137.2010,-12.2530,0.8210,0.8810,3.7020
2011.99178,2011-12-28,-51.0450,136.7830,-10.4920,0.8110,0.8850,3.7090
2011.99452,2011-12-29,-48.8390,136.9600,-14.3980,0.8210,0.9000,3.7550
2011.99726,2011-12-30,-51.7330,137.6530,-10.6020,0.8430,0.8960,3.7940
2012.00000,2011-12-31,-49.9880,138.4940,-10.5880,0.8250,0.9010,3.7700
2012.00273,2012-01-01,-51.4530,138.8370,-11.2300,0.8250,0.8910,3.7550
2012.00546,2012-01-02,-49.2060,138.3300,-8.8470,0.8170,0.8780,3.6770
2012.00820,2012-01-03,-50.0950,138.7340,-12.8970,0.8100,0.8700,3.6110
2012.01093,2012-01-04,-50.2670,139.2870,-2.8740,0.8160,0.8760,3.6810
2012.01366,2012-01-05,-51.3070,138.4380,-10.3100,0.8150,0.8880,3.7220
2012.01639,2012-01-06,-49.9750,139.5950,-14.6460,0.8150,0.8770,3.6880
2012.01913,2012-01-07,-50.9210,139.9490,-10.7150,0.8120,0.8800,3.6690
2012.02186,2012-01-08,-50.6650,140.0940,-14.4720,0.8170,0.8920,3.7210
2012.02459,2012-01-09,-52.2270,138.8640,-15.5020,0.8070,0.8620,3.5840
2012.02732,2012-01-10,-50.4680,138.6730,-7.2710,0.8130,0.8800,3.6410
2012.03005,2012-01-11,-51.8660,139.7760,-15.9580,0.8170,0.8670,3.6880
2012.03279,2012-01-12,-50.9120,141.7300,-8.2880,0.8160,0.8960,3.7280
2012.03552,2012-01-13,-52.6280,140.7470,-7.3150,0.8120,0.8820,3.6780
2012.03825,2012-01-14,-52.9660,142.2540,-6.4120,0.8340,0.8860,3.7970
2012.04098,2012-01-15,-52.1110,140.5700,-5.2750,0.8310,0.9000,3.7840
2012.04372,2012-01-16,-47.6620,141.1900,-14.0450,0.8290,0.9020,3.8190
2012.04645,2012-01-17,-48.8270,139.9350,-3.0700,0.8230,0.8950,3.7710
2012.04918,2012-01-18,-46.8480,141.7790,-10.7200,0.8200,0.8980,3.8080
2012.05191,2012-01-19,-49.7060,141.2620,-4.4470,0.8300,0.9010,3.7990
2012.05464,2012-01-20,-48.9740,141.6370,-15.3720,0.8190,0.8960,3.7600
2012.05738,2012-01-21,-50.4660,138.6570,-8.5000,0.8180,0.9030,3.7480
2012.06011,2012-01-22,-51.0360,140.5810,-7.0000,0.8290,0.9190,3.9150
2012.06284,2012-01-23,-53.6350,140.5090,-10.8360,0.8310,0.8970,3.7770
2012.06557,2012-01-24,-51.3340,140.5350,-8.8440,0.8350,0.9220,3.8520
2012.06831,2012-01-25,-52.2240,141.5650,-12.8580,0.8210,0.9170,3.8170
2012.07104,2012-01-26,-53.4220,141.6010,-13.7380,0.8180,0.9030,3.7020
2012.07377,2012-01-27,-50.5470,141.9080,-11.5950,0.8240,0.9260,3.7760
2012.07650,2012-01-28,-47.8980,142.5010,-7.9080,0.8230,0.9230,3.8270
2012.07923,2012-01-29,-50.0150,141.5210,-11.2810,0.8130,0.8970,3.7060
2012.08197,2012-01-30,-52.5410,142.9110,-8.5260,0.8270,0.9000,3.7730
2012.08470,2012-01-31,-52.0420,142.3170,-11.8920,0.8210,0.9000,3.7640
2012.08743,2012-02-01,-50.9790,142.5020,-6.8830,0.8180,0.8910,3.6760
2012.09016,2012-02-02,-50.8300,140.8400,-5.9180,0.8420,0.9160,3.7950
2012.09290,2012-02-03,-50.8580,140.0670,-7.5450,0.8140,0.8800,3.7140
2012.09563,2012-02-04,-52.5630,143.2020,-6.6490,0.8250,0.8920,3.6870
2012.09836,2012-02-05,-49.7940,145.3200,-10.5510,0.8220,0.8920,3.7480
2012.10109,2012-02-06,-47.6200,145.2360,-10.2900,0.8460,0.9190,3.8720
2012.10383,2012-02-07,-51.8950,143.4640,-2.3640,0.8610,0.9420,3.9280
2012.10656,2012-02-08,-52.7970,142.2730,-5.3360,0.8190,0.8960,3.7130
2012.10929,2012-02-09,-53.5870,143.8670,-11.3360,0.8520,0.8960,3.7910
2012.11202,2012-02-10,-52.3190,144.4030,-6.1430,0.8500,0.8910,3.8110
2012.11475,2012-02-11,-52.1310,143.9950,-8.4940,0.8390,0.8960,3.8270
2012.11749,2012-02-12,-53.9350,142.5050,-7.5080,0.8470,0.9020,3.8170
2012.12022,2012-02-13,-53.4220,142.5640,-5.0200,0.8470,0.8900,3.7920
2012.12295,2012-02-14,-54.1920,144.6120,-10.1430,0.8600,0.9210,3.9300
2012.12568,2012-02-15,-52.8090,142.7050,-5.0800,0.8520,0.8940,3.8450
2012.12842,2012-02-16,-53.9470,144.7410,-11.6630,0.8530,0.8910,3.8740
2012.13115,2012-02-17,-52.6310,144.3980,-6.8470,0.8450,0.8790,3.7790
2012.13388,2012-02-18,-52.0650,143.6750,-4.2040,0.8410,0.8850,3.7950
2012.13661,2012-02-19,-54.4690,144.8110,-8.1050,0.8500,0.8960,3.8350
2012.13934,2012-02-20,-53.3030,144.7900,-0.5890,0.8620,0.9220,4.0070
2012.14208,2012-02-21,-54.7080,143.5820,-5.1160,0.8770,0.9240,3.9310
2012.16667,2012-03-01,-52.9970,141.8790,-14.4440,0.8520,0.9350,3.7820
2012.16940,2012-03-02,-51.0420,144.7780,-11.2590,0.8990,0.9720,4.0180
2012.17213,2012-03-03,-52.3120,145.5290,-10.9320,0.8250,0.8850,3.6550
2012.18033,2012-03-06,-51.9850,144.5780,-14.4140,1.6960,2.0530,8.0340
2012.20492,2012-03-15,-53.2450,146.7070,-10.2250,1.0040,1.1480,4.5450
2012.20765,2012-03-16,-53.8480,145.7160,-9.4350,0.8360,0.9120,3.7940
2012.21038,2012-03-17,-53.6990,144.2720,-13.8380,0.8380,0.9090,3.8140
2012.21311,2012-03-18,-53.1430,145.2650,-9.7860,0.8220,0.8940,3.7100
2012.21585,2012-03-19,-51.5300,145.2050,-18.0160,0.8290,0.9070,3.7490
2012.21858,2012-03-20,-52.2840,144.3590,-14.7280,0.8090,0.8960,3.6850
2012.22131,2012-03-21,-52.4120,143.3530,-7.4230,0.8110,0.8850,3.6570
2012.22404,2012-03-22,-52.3400,146.4600,-11.5080,0.8320,0.9060,3.8000
2012.22678,2012-03-23,-53.7140,145.1780,-7.7150,0.8630,0.9260,3.8500
2012.22951,2012-03-24,-52.7520,146.4250,-9.4330,0.8470,0.9260,3.8010
2012.23224,2012-03-25,-51.8300,146.2920,-10.2050,0.8290,0.9090,3.7600
2012.23497,2012-03-26,-52.8700,145.0370,-7.9090,0.8710,0.9250,3.8380
2012.23770,2012-03-27,-53.3250,145.8020,-11.0740,0.8430,0.9280,3.8310
2012.24317,2012-03-29,-54.4050,147.3860,-8.5060,0.8290,0.9070,3.7840
2012.24590,2012-03-30,-53.4310,146.9380,-6.5030,0.8470,0.9380,3.8920
2012.24863,2012-03-31,-53.3270,147.2190,-7.5910,0.8340,0.9310,3.7960
2012.25137,2012-04-01,-54.4350,144.6920,-6.3730,0.8160,0.8980,3.7320
2012.25410,2012-04-02,-52.2620,145.7230,-4.5550,0.8300,0.9140,3.8560
2012.25683,2012-04-03,-51.8730,143.3390,-13.2590,0.8210,0.9020,3.7740
2012.25956,2012-04-04,-53.2760,146.7070,-8.5180,0.8430,0.9270,3.8670
2012.26230,2012-04-05,-51.8090,146.0930,-9.0510,0.8150,0.8850,3.7220
2012.26503,2012-04-06,-53.4610,143.6310,2.1410,0.8680,0.9560,4.0930
2012.26776,2012-04-07,-51.4700,146.5640,-9.8570,0.8620,0.9060,3.8290
2012.27049,2012-04-08,-51.6840,145.7110,-1.8470,0.8330,0.9060,3.8450
2012.27322,2012-04-09,-53.2600,146.8500,-9.2930,0.8630,0.9390,4.0000
2012.27596,2012-04-10,-53.1300,147.3220,-5.5100,0.8620,0.9340,3.9200
2012.27869,2012-04-11,-52.6200,145.7220,-6.5950,0.8250,0.9100,3.7940
2012.28142,2012-04-12,-54.3800,146.1560,-10.4500,0.8650,0.9350,3.9300
2012.28415,2012-04-13,-51.9800,149.4720,-7.6820,0.8840,0.9630,4.0170
2012.28689,2012-04-14,-52.8830,148.5240,-6.6600,0.8230,0.9180,3.8190
2012.28962,2012-04-15,-52.7660,150.6480,-4.2560,0.8250,0.9000,3.8020
2012.29235,2012-04-16,-52.3480,149.2020,0.8160,0.8560,0.9160,3.9460
2012.29508,2012-04-17,-53.1160,149.9450,-6.6590,0.8590,0.9370,3.8380
2012.29781,2012-04-18,-51.9340,149.8340,-12.5060,0.8310,0.8970,3.7530
2012.30055,2012-04-19,-50.3830,150.6140,-18.7070,0.8490,0.9190,3.8190
2012.30601,2012-04-21,-51.8490,150.5800,-10.3540,0.8560,0.9210,3.8850
2012.30874,2012-04-22,-52.0770,151.6310,-2.9550,0.8160,0.8940,3.7860
2012.31148,2012-04-23,-52.6040,150.0750,-7.4860,0.8340,0.8870,3.7540
2012.31421,2012-04-24,-53.1090,150.5990,-7.5490,0.8710,0.9500,4.0560
2012.31694,2012-04-25,-52.0730,150.2270,-13.6670,0.9340,1.0120,4.4190
2012.31967,2012-04-26,-51.5350,149.5040,-2.2510,0.8380,0.9110,3.8720
2012.32240,2012-04-27,-53.3130,152.8550,-15.5170,0.8830,1.0070,4.2150
2012.32514,2012-04-28,-52.8010,152.9820,-15.7450,0.8410,0.9010,3.8230
2012.32787,2012-04-29,-52.4500,150.8190,-4.6430,0.9160,0.9830,4.3140
2012.33060,2012-04-30,-53.3580,153.2660,-9.7330,0.8580,0.9250,3.9040
2012.33333,2012-05-01,-53.8070,151.9870,-7.4230,0.8560,0.9230,3.9830
2012.33880,2012-05-03,-52.3180,151.1710,-15.3200,0.8580,0.9220,3.9590
2012.34153,2012-05-04,-51.4790,152.5180,-4.6930,0.8650,0.9290,3.9560
2012.34426,2012-05-05,-51.4500,150.1440,-10.4720,0.8300,0.9120,3.8430
2012.34699,2012-05-06,-52.0970,152.2060,-4.9970,0.8680,0.9690,4.0860
2012.34973,2012-05-07,-54.0820,153.9070,-11.8510,0.9710,1.0350,4.3790
2012.35246,2012-05-08,-52.5090,153.1110,-4.3580,0.8130,0.8910,3.6870
2012.35519,2012-05-09,-50.8070,151.0640,-5.4200,0.8250,0.9320,3.8620
2012.35792,2012-05-10,-52.3210,151.5360,-2.9810,0.8410,0.9440,3.9360
2012.36066,2012-05-11,-49.6420,152.2680,-10.7530,0.8220,0.9040,3.7670
2012.36339,2012-05-12,-52.5350,150.2720,-4.5300,0.8340,0.8870,3.7520
2012.36612,2012-05-13,-53.1260,152.7050,-2.7130,0.8290,0.9000,3.8030
2012.36885,2012-05-14,-53.6830,149.8420,-10.2920,0.8400,0.8890,3.7190
2012.37158,2012-05-15,-54.5160,151.0330,-2.3540,0.8370,0.9010,3.8150
2012.37432,2012-05-16,-53.0730,152.7340,-6.3840,0.8440,0.9260,3.9070
2012.37705,2012-05-17,-53.3410,154.2330,3.5680,0.8590,0.9050,3.8730
2012.37978,2012-05-18,-54.4030,151.8190,-5.4420,0.8680,0.9190,3.9670
2012.38251,2012-05-19,-52.2570,152.5140,2.5180,0.8660,0.9130,3.8960
2012.38525,2012-05-20,-54.2330,153.0620,-15.5310,0.8230,0.8960,3.7360
2012.38798,2012-05-21,-51.8390,152.0620,-9.9230,0.8310,0.9150,3.7940
2012.39071,2012-05-22,-53.5110,152.1740,-17.2310,0.8360,0.9150,3.8200
2012.39344,2012-05-23,-52.4390,152.3710,-7.4970,0.8370,0.9140,3.8650
2012.39617,2012-05-24,-53.5000,152.3150,-2.4110,0.8420,0.9230,3.8900
2012.39891,2012-05-25,-52.7310,153.8780,-5.6810,0.8360,0.9200,3.8970
2012.40164,2012-05-26,-53.0320,153.3690,-6.1970,0.8240,0.8960,3.7790
2012.40437,2012-05-27,-52.9590,150.0310,-9.4270,0.8530,0.9360,4.0370
2012.40710,2012-05-28,-53.5870,153.7490,-10.1650,0.8210,0.8800,3.7120
2012.40984,2012-05-29,-51.9200,151.6880,-8.0470,0.8560,0.9320,3.9280
2012.41257,2012-05-30,-55.2510,151.9080,-10.5370,0.8460,0.9290,3.8460
2012.41530,2012-05-31,-53.9270,152.8560,-11.4570,0.8530,0.9240,3.8710
2012.42623,2012-06-04,-54.3980,153.3540,-7.0110,1.0420,1.1110,4.6260
2012.42896,2012-06-05,-54.5560,154.4670,-7.6440,0.8110,0.8840,3.6990
2012.43169,2012-06-06,-54.5000,153.8870,-8.9560,0.8220,0.8830,3.6860
2012.43443,2012-06-07,-55.1020,154.8040,-12.5230,0.9990,1.0500,4.3400
2012.43716,2012-06-08,-55.4700,153.2750,-4.8480,0.8270,0.8920,3.7170
2012.43989,2012-06-09,-57.1200,154.1770,2.5510,0.8420,0.9290,3.8570
2012.44262,2012-06-10,-57.1220,155.0480,-11.9640,0.8380,0.9460,3.9350
2012.44536,2012-06-11,-56.2720,155.2910,-16.5890,0.8450,0.9310,3.9300
2012.44809,2012-06-12,-57.3260,153.0580,-14.6410,0.8270,0.9090,3.7830
2012.45082,2012-06-13,-54.2650,152.2240,-7.9120,0.8290,0.8970,3.7790
2012.45355,2012-06-14,-56.4290,153.5430,1.7770,0.8410,0.9070,3.8650
2012.52186,2012-07-09,-56.2180,153.1790,-3.3400,1.0000,1.0820,4.4010
2012.52459,2012-07-10,-59.8600,155.5070,-2.8040,0.8510,0.9100,3.8090
2012.52732,2012-07-11,-58.8490,157.6270,-1.4250,0.8600,0.9390,4.0250
2012.53279,2012-07-13,-57.1700,156.9330,-3.3450,0.8600,0.9250,3.9430
2012.53552,2012-07-14,-57.6440,154.8440,0.4400,0.8430,0.9330,3.8640
2012.53825,2012-07-15,-60.0160,155.3830,3.6050,0.8620,0.9330,3.9160
2012.54372,2012-07-17,-58.5610,159.0210,-12.9670,0.8720,0.9690,4.1880
2012.54645,2012-07-18,-57.8990,156.5110,0.0440,0.8280,0.9070,3.8280
2012.54918,2012-07-19,-56.8760,157.3740,-17.3590,0.8740,0.9780,4.0050
2012.55191,2012-07-20,-60.2130,158.0930,-6.5380,0.8360,0.9100,3.8960
2012.55464,2012-07-21,-57.2100,156.4150,-0.9930,0.8660,0.9590,4.0460
2012.55738,2012-07-22,-59.0020,157.7070,-7.7930,0.8320,0.9160,3.8440
2012.56011,2012-07-23,-58.9080,156.4400,-6.2990,0.8260,0.9330,3.8740
2012.56284,2012-07-24,-55.6850,152.8420,-3.6970,0.8760,0.9600,4.0500
2012.56557,2012-07-25,-59.8770,154.0630,-8.2140,1.1000,1.1470,5.1230
2012.56831,2012-07-26,-56.1370,157.8680,-4.0160,0.8300,0.9350,3.8730
2012.57104,2012-07-27,-55.0920,160.1130,-4.2520,0.8780,0.9730,4.0980
2012.57377,2012-07-28,-58.5940,156.7790,-11.5540,0.8370,0.9290,3.8560
2012.57650,2012-07-29,-59.8120,155.6850,-0.7020,0.8420,0.9430,3.8980
2012.57923,2012-07-30,-56.8540,154.9450,2.1890,0.8260,0.9250,3.8220
2012.58197,2012-07-31,-56.4770,156.8230,-0.0360,0.8350,0.9250,3.8830
2012.58470,2012-08-01,-58.0500,156.1670,7.5250,0.8400,0.9590,4.0340
2012.58743,2012-08-02,-61.0370,155.4930,4.5480,0.8490,0.9270,3.9060
2012.59016,2012-08-03,-57.5530,158.3970,-16.8470,0.8810,0.9710,4.2090
2012.59290,2012-08-04,-57.4790,159.4430,-2.6380,0.8480,0.9330,3.9750
2012.59563,2012-08-05,-55.5320,157.6990,-12.6000,0.8660,0.9600,4.0360
2012.59836,2012-08-06,-57.5190,155.6500,-8.2660,0.8240,0.9140,3.7560
2012.60109,2012-08-07,-59.4580,156.2870,-4.7250,0.8480,0.9890,4.0210
2012.60383,2012-08-08,-57.4380,156.8740,-6.8340,0.8410,0.9460,3.8900
2012.60656,2012-08-09,-57.6520,157.4780,3.8310,0.8340,0.9460,3.9420
2012.60929,2012-08-10,-55.0540,158.4550,5.0620,0.8560,0.9610,3.9810
2012.61202,2012-08-11,-58.3210,158.3610,-2.5180,0.8280,0.9010,3.7790
2012.61475,2012-08-12,-57.9350,157.9200,-4.4940,0.8260,0.9100,3.7900
2012.61749,2012-08-13,-56.0170,157.3670,-2.0450,0.8470,0.9120,3.8640
2012.62022,2012-08-14,-56.8620,158.6220,-12.3230,0.8510,0.9290,3.9370
2012.62568,2012-08-16,-57.1820,158.2330,-0.9000,0.8570,0.9610,4.0030
2012.62842,2012-08-17,-58.1040,155.3070,-6.1300,0.8490,0.9270,3.8730
2012.63115,2012-08-18,-57.0560,158.6140,-9.8100,0.8330,0.9030,3.8270
2012.63661,2012-08-20,-56.4520,157.3450,-8.7760,0.8740,0.9870,4.1170
2012.63934,2012-08-21,-57.8720,156.9900,-0.6480,1.0560,1.1770,4.7600
2012.64208,2012-08-22,-56.1450,159.4340,-13.8180,0.8840,0.9540,3.9870
2012.64481,2012-08-23,-55.2520,156.8870,-20.8660,0.9150,1.0180,4.3440
2012.64754,2012-08-24,-56.7930,161.8230,-16.1730,0.8580,0.9520,4.0070
2012.65027,2012-08-25,-58.2910,157.3820,-5.4210,0.8780,0.9710,3.9590
2012.65301,2012-08-26,-60.3160,159.6430,-8.8220,0.9450,1.0040,4.2660
2012.65574,2012-08-27,-59.1730,160.9070,-8.9620,0.8930,0.9920,4.1860
2012.65847,2012-08-28,-57.2480,160.7080,-1.8460,0.8950,0.9840,4.1800
2012.66120,2012-08-29,-57.6500,159.5240,-9.2850,0.9840,1.0500,4.3410
2012.66667,2012-08-31,-56.7870,160.9480,-15.1550,0.9590,1.1080,4.5100
2012.67213,2012-09-02,-56.7110,155.3300,-2.4350,0.9230,1.0140,4.3050
2012.67760,2012-09-04,-55.3460,158.3070,-1.5740,0.9200,1.0330,4.4120
2012.68033,2012-09-05,-55.1210,160.7600,-11.2740,0.8250,0.9280,3.8620
2012.68306,2012-09-06,-57.6690,161.0560,-13.5350,0.8630,0.9430,3.9770
2012.68579,2012-09-07,-59.2090,161.6160,-4.0660,0.8630,0.9570,3.9670
2012.68852,2012-09-08,-56.2500,159.7410,-6.9110,0.8550,0.9520,3.9520
2012.69126,2012-09-09,-55.1180,159.0000,-3.4210,0.8400,0.9290,3.9160
2012.69399,2012-09-10,-55.9100,159.2730,3.1620,0.8570,0.9590,3.9830
2012.69672,2012-09-11,-54.8920,158.5270,-5.8500,0.8900,0.9930,4.1700
2012.69945,2012-09-12,-57.8060,161.3870,-14.8110,0.8630,0.9690,4.0670
2012.70219,2012-09-13,-58.3400,158.3060,-5.9080,0.8870,0.9710,4.1640
2012.70492,2012-09-14,-54.5720,158.6070,-10.1010,0.8620,0.9610,4.0190
2012.70765,2012-09-15,-55.4350,160.4310,-11.0920,0.8110,0.9050,3.7280
2012.71038,2012-09-16,-56.3650,161.5240,-8.5250,0.8310,0.9470,3.8970
2012.71311,2012-09-17,-57.2620,159.8800,-12.1650,0.8550,0.9270,3.9250
2012.71585,2012-09-18,-53.5670,159.3850,-12.9720,0.8600,0.9460,4.0090
2012.71858,2012-09-19,-55.9170,159.1850,-5.4680,0.8290,0.9090,3.7880
2012.72131,2012-09-20,-54.2140,160.5270,-10.1310,0.8220,0.8910,3.7490
2012.72404,2012-09-21,-54.4800,162.9460,-8.3930,0.8420,0.9260,3.8430
2012.72678,2012-09-22,-54.5370,161.2780,-1.3830,0.8460,0.9130,3.8170
2012.73224,2012-09-24,-54.8610,160.4440,-7.1900,0.8730,0.9520,3.9290
2012.73497,2012-09-25,-54.0800,157.5240,-13.5450,0.8700,0.9420,3.9300
2012.73770,2012-09-26,-55.8120,159.3270,-11.2380,0.9010,0.9870,4.0870
2012.74044,2012-09-27,-53.1950,159.0520,-8.6850,0.8630,0.9430,3.9010
2012.74317,2012-09-28,-55.0930,161.0170,-15.1230,0.8760,0.9670,3.9370
2012.74590,2012-09-29,-53.6350,158.6100,-14.4420,0.8740,0.9590,3.9220
2012.74863,2012-09-30,-54.8420,160.2780,-9.7920,0.8230,0.9210,3.8650
2012.75137,2012-10-01,-54.8950,158.8480,-12.3020,0.8040,0.8900,3.6780
2012.75410,2012-10-02,-54.2040,161.1640,-10.0380,0.8240,0.9320,3.8440
2012.75683,2012-10-03,-56.4490,161.0300,-14.1780,0.8480,0.9300,3.8980
2012.75956,2012-10-04,-55.9990,161.9870,-8.2820,0.8200,0.8870,3.7720
2012.76230,2012-10-05,-55.0860,160.4360,-9.6550,0.8170,0.9190,3.8140
2012.76503,2012-10-06,-56.6180,159.2670,-8.6580,0.8090,0.8930,3.7560
2012.76776,2012-10-07,-53.9260,157.8550,-8.1410,0.8190,0.8980,3.7090
2012.77049,2012-10-08,-53.8950,159.1350,-9.4220,0.8220,0.9180,3.7610
2012.77322,2012-10-09,-55.5050,159.1800,-11.5560,0.8160,0.9190,3.7680
2012.77596,2012-10-10,-53.4090,160.0150,-4.6260,0.8200,0.8990,3.7590
2012.77869,2012-10-11,-53.6410,159.4010,-13.6360,0.8290,0.9330,3.8810
2012.78142,2012-10-12,-54.1680,159.8640,-12.1600,0.8160,0.9160,3.7960
2012.78415,2012-10-13,-53.3250,159.4990,-8.1940,0.8150,0.9090,3.7200
2012.78689,2012-10-14,-55.6190,160.9900,-9.2050,0.8300,0.9290,3.8270
2012.78962,2012-10-15,-54.4910,162.5090,-10.8580,0.8140,0.9030,3.7280
2012.79235,2012-10-16,-56.0130,162.1910,-8.7910,0.8180,0.9250,3.8010
2012.79508,2012-10-17,-55.0050,163.4090,-8.2400,0.8230,0.9240,3.7800
2012.79781,2012-10-18,-55.3720,160.6080,-4.9440,0.8560,0.9710,3.9340
2012.80055,2012-10-19,-55.3120,160.6990,-7.3710,0.8320,0.9310,3.8050
2012.80328,2012-10-20,-54.9100,161.5530,-7.0940,0.8220,0.9240,3.8170
2012.80601,2012-10-21,-55.1310,161.0940,-6.8910,0.8280,0.9290,3.8300
2012.80874,2012-10-22,-55.3180,161.7800,-6.7280,0.8300,0.9240,3.8330
2012.81148,2012-10-23,-54.8890,160.6380,-5.6250,0.8220,0.9100,3.6950
2012.81421,2012-10-24,-53.8090,162.0650,-5.4920,0.8290,0.9210,3.7830
2012.81694,2012-10-25,-54.5980,161.3720,-3.2270,0.8560,0.9550,3.8810
2012.81967,2012-10-26,-55.2040,160.5830,0.3180,0.8670,0.9740,4.0310
2012.82240,2012-10-27,-55.1760,162.8980,5.1040,1.4490,1.5540,6.3350
2012.82514,2012-10-28,-54.6710,159.9620,0.3590,1.1430,1.2210,5.2650
2012.82787,2012-10-29,-56.3840,162.5650,-0.9430,0.8340,0.9120,3.7920
2012.83060,2012-10-30,-57.4460,161.8530,-7.0250,0.8440,0.9520,3.9130
2012.83607,2012-11-01,-58.3840,165.8590,-3.3140,0.8620,0.9430,4.0040
2012.83880,2012-11-02,-58.2960,163.3230,-4.5790,0.8270,0.9410,3.9020
2012.84153,2012-11-03,-58.5820,159.4780,-3.4140,0.8410,0.9260,3.8470
2012.84426,2012-11-04,-57.7800,163.2600,-10.0780,0.8540,0.9550,3.9110
2012.84699,2012-11-05,-59.9220,162.5310,-6.4390,0.8320,0.9310,3.8380
2012.84973,2012-11-06,-59.4040,163.8090,-10.5680,0.9270,1.0010,4.2710
2012.85246,2012-11-07,-59.1680,165.9430,-7.2880,0.8660,0.9700,3.9310
2012.85519,2012-11-08,-62.1740,164.7790,-2.9900,0.9770,1.1130,4.7290
2012.85792,2012-11-09,-57.0550,162.9690,2.1140,0.8210,0.9420,3.8080
2012.86066,2012-11-10,-56.0180,164.6890,2.0870,0.9380,1.0060,4.2420
2012.86612,2012-11-12,-57.7050,163.3620,-0.5280,0.8220,0.9420,3.8470
2012.86885,2012-11-13,-57.2180,164.5630,-5.9070,0.8680,0.9810,3.9990
2012.87158,2012-11-14,-54.3150,163.1630,-3.4330,0.8160,0.9220,3.8080
2012.87432,2012-11-15,-56.3190,166.0480,-15.6920,0.8730,0.9720,4.1100
2012.87978,2012-11-17,-56.7890,163.2440,-4.3910,0.8180,0.9340,3.8500
2012.88251,2012-11-18,-57.1790,164.1370,-3.7710,0.8210,0.9080,3.7980
2012.88525,2012-11-19,-58.7020,164.9450,-1.6910,0.8660,1.0060,4.0620
2012.88798,2012-11-20,-57.8930,163.8670,-2.7440,0.8250,0.9560,3.9040
2012.89071,2012-11-21,-58.1180,164.3640,-1.1590,0.8340,0.9510,3.9200
2012.89344,2012-11-22,-55.6690,165.9020,-9.1670,0.8220,0.9300,3.8770
2012.89617,2012-11-23,-58.7400,164.4630,1.6980,0.8480,0.9810,4.0560
2012.89891,2012-11-24,-59.7840,164.9970,-0.5090,0.8110,0.9420,3.8440
2012.90164,2012-11-25,-57.5860,162.2540,-5.7210,0.8200,0.9180,3.8390
2012.90437,2012-11-26,-58.4540,163.6500,-0.9460,0.8450,0.9260,3.8850
2012.90710,2012-11-27,-58.3130,164.1690,2.2760,0.8140,0.9270,3.8680
2012.90984,2012-11-28,-58.8770,164.0460,-2.4910,0.8380,0.9470,3.9590
2012.91257,2012-11-29,-58.0010,162.9570,-7.1520,0.8150,0.9400,3.8880
2012.91530,2012-11-30,-56.5430,163.7590,-1.1750,0.8410,0.9360,4.0260
2012.91803,2012-12-01,-60.0830,162.3600,-7.6350,0.8290,0.9420,3.9450
2012.92077,2012-12-02,-59.8320,165.4410,-0.3310,0.8250,0.9400,3.9290
2012.92350,2012-12-03,-60.5770,166.5540,-12.9500,0.8030,0.8880,3.7250
2012.92623,2012-12-04,-59.3860,165.7930,-4.9390,0.8070,0.9030,3.7340
2012.92896,2012-12-05,-61.1570,167.6300,-5.7640,0.8230,0.9130,3.8190
2012.93169,2012-12-06,-58.8950,164.9070,-6.0430,0.8220,0.9370,3.8380
2012.93443,2012-12-07,-58.8590,164.5650,-7.5410,0.8240,0.9160,3.7560
2012.93716,2012-12-08,-58.9380,167.7410,-6.9410,0.8350,0.9340,3.9610
2012.95082,2012-12-13,-61.3860,164.7630,-11.2670,1.0670,1.2070,5.1330
2012.95355,2012-12-14,-60.2710,167.6560,-11.6830,0.8010,0.8870,3.7100
2012.95628,2012-12-15,-58.7740,165.8610,-9.5320,0.8140,0.8950,3.7410
2012.95902,2012-12-16,-57.8330,163.9530,-9.5580,0.8050,0.8930,3.7400
2012.96175,2012-12-17,-58.5790,165.1110,-9.6470,0.8290,0.9130,3.8740
2012.96448,2012-12-18,-59.3190,163.8920,-7.2600,0.8360,0.9070,3.8210
2012.96721,2012-12-19,-58.5980,165.8620,-11.1140,0.8070,0.8920,3.7160
2012.96995,2012-12-20,-59.8750,166.6080,-7.1370,0.8240,0.8940,3.7280
2012.97268,2012-12-21,-58.6340,166.8870,-12.4580,0.8320,0.9000,3.8810
2012.97541,2012-12-22,-59.4830,164.7790,-10.9840,0.8100,0.8830,3.7050
2012.97814,2012-12-23,-60.9720,165.2500,-3.1900,0.8070,0.8880,3.6610
2012.98087,2012-12-24,-60.1510,167.2350,-12.2950,0.8260,0.8970,3.7810
2012.98361,2012-12-25,-58.7920,165.6570,-11.3580,0.8150,0.8950,3.7110
2012.98634,2012-12-26,-61.0940,165.2720,-13.0900,0.8070,0.8850,3.7130
2012.98907,2012-12-27,-62.9910,166.9260,-6.5510,0.8090,0.9030,3.7280
2012.99180,2012-12-28,-62.0080,167.2830,-5.0510,0.8280,0.9110,3.8660
2012.99454,2012-12-29,-65.3440,166.7330,-13.3670,1.5500,1.7080,6.5420
2012.99727,2012-12-30,-62.3550,165.8100,-6.5710,0.8110,0.9040,3.7580
2013.00000,2012-12-31,-61.9940,167.0150,-14.0760,0.8250,0.8930,3.8090
2013.00274,2013-01-01,-60.3470,166.5270,-10.7760,0.8320,0.9070,3.8190
2013.00548,2013-01-02,-59.7800,168.5710,-13.3110,0.8460,0.9550,4.0320
2013.00822,2013-01-03,-61.0150,167.8380,-15.7250,0.8380,0.9270,3.8860
2013.01096,2013-01-04,-58.5680,167.7290,-11.2060,0.8280,0.9050,3.7700
2013.01370,2013-01-05,-57.4760,168.9710,-15.9060,0.8510,0.9590,3.9760
2013.01644,2013-01-06,-59.1490,171.9110,-8.2350,0.9770,1.1340,4.6210
2013.01918,2013-01-07,-56.7260,170.7890,-6.9970,0.8610,0.9400,3.9840
2013.02192,2013-01-08,-60.4660,168.6320,-5.8680,0.8340,0.9200,3.8930
2013.02466,2013-01-09,-60.5970,168.4480,-0.8760,1.0370,1.1520,4.8000
2013.02740,2013-01-10,-59.5190,167.7640,-6.3920,0.8310,0.9320,3.7930
2013.03014,2013-01-11,-59.4850,166.9000,-11.9370,0.8110,0.9220,3.8220
2013.03562,2013-01-13,-61.1680,169.6170,-11.8520,0.8290,0.9270,3.8870
2013.03836,2013-01-14,-59.1350,168.9690,-12.5420,0.8170,0.9020,3.7670
2013.04110,2013-01-15,-59.9280,169.0730,-11.3730,0.8290,0.9040,3.8390
2013.04384,2013-01-16,-58.0160,168.4480,-13.7160,0.8320,0.9530,3.8870
2013.04658,2013-01-17,-58.8740,168.1190,-9.3750,0.8350,0.9490,3.8670
2013.04932,2013-01-18,-58.7210,169.6700,-11.6800,0.8420,0.9160,3.8770
2013.05205,2013-01-19,-59.0340,170.7930,-13.3440,0.8220,0.9160,3.7860
2013.05479,2013-01-20,-58.1280,170.9470,-11.0600,0.8200,0.9100,3.7680
2013.05753,2013-01-21,-59.3590,170.0720,-9.8100,0.8330,0.9240,3.8240
2013.06027,2013-01-22,-59.1160,171.0280,-9.4020,0.8370,0.9180,3.8380
2013.06301,2013-01-23,-61.2080,170.7160,-8.9770,0.8440,0.9570,3.8970
2013.06575,2013-01-24,-60.2140,169.1710,-4.7650,0.8510,0.9570,3.8320
2013.06849,2013-01-25,-61.1370,170.3300,-10.7880,0.8140,0.9000,3.6960
2013.07123,2013-01-26,-61.2320,169.9490,-9.6870,0.8140,0.9050,3.7210
2013.07397,2013-01-27,-59.9500,170.1000,-10.1190,0.8300,0.9090,3.7990
2013.07671,2013-01-28,-59.6310,169.3200,-14.1400,0.8090,0.9170,3.8260
2013.07945,2013-01-29,-59.1740,169.6950,-13.8660,0.8130,0.9000,3.7810
2013.08219,2013-01-30,-61.1560,169.7050,-12.6130,0.8190,0.9240,3.8940
2013.08493,2013-01-31,-58.7530,170.1890,-10.2840,0.8160,0.9110,3.7530
2013.08767,2013-02-01,-60.4490,172.3070,-11.6640,0.8170,0.9150,3.8020
2013.09041,2013-02-02,-60.9950,171.0260,-12.3040,0.8460,0.9280,3.8900
2013.09315,2013-02-03,-62.7500,171.8530,-11.7510,0.8390,0.9440,3.9720
2013.09589,2013-02-04,-59.6310,170.5670,-8.8420,0.8180,0.8970,3.7510
2013.09863,2013-02-05,-60.0220,170.1390,-4.7690,0.8660,0.9650,4.0330
2013.10137,2013-02-06,-57.6700,168.2380,-8.6640,0.8850,0.9640,3.9850
2013.10411,2013-02-07,-59.4860,170.1710,-6.1220,0.8410,0.9110,3.8860
2013.10685,2013-02-08,-60.1860,169.7550,-13.8040,0.8220,0.8990,3.7750
2013.10959,2013-02-09,-58.6180,168.8260,-10.6410,0.8250,0.9070,3.8200
2013.11233,2013-02-10,-60.0730,170.7430,-8.4930,0.8400,0.9280,3.8540
2013.11507,2013-02-11,-61.1700,170.9670,-9.5190,0.8170,0.9070,3.7340
2013.11781,2013-02-12,-60.8320,170.7740,-9.6460,0.8230,0.9240,3.7860
2013.12055,2013-02-13,-62.1670,171.8540,-7.1320,0.9730,1.0850,4.4710
2013.12329,2013-02-14,-61.0710,172.8990,-5.6970,0.8200,0.9210,3.7820
2013.12603,2013-02-15,-62.5960,171.6670,-8.8970,0.8330,0.9140,3.8160
2013.12877,2013-02-16,-61.2930,172.3250,-8.9470,0.8290,0.8980,3.7670
2013.13151,2013-02-17,-61.4210,173.9130,-4.7530,0.8170,0.9030,3.8060
2013.13425,2013-02-18,-62.4710,173.2890,-10.0820,0.8210,0.8900,3.7550
2013.13699,2013-02-19,-62.0840,171.4750,-6.8310,0.8290,0.8970,3.7950
2013.13973,2013-02-20,-58.7710,171.9440,-6.1770,0.8200,0.8860,3.6890
2013.14247,2013-02-21,-61.1380,172.6310,-11.9460,0.8350,0.9140,3.7950
2013.14521,2013-02-22,-60.1670,173.0570,-16.0430,0.8700,0.9370,3.8650
2013.14795,2013-02-23,-58.9500,172.7090,-11.3210,0.8750,0.9440,3.9420
2013.15068,2013-02-24,-62.8300,173.5960,-13.3820,0.8230,0.8940,3.7240
2013.15342,2013-02-25,-61.8660,175.3680,-3.8450,0.8220,0.8830,3.6690
2013.15616,2013-02-26,-62.3110,175.5660,-4.8820,0.8180,0.8960,3.7570
2013.15890,2013-02-27,-61.4540,174.9900,-10.1610,0.8170,0.8930,3.6830
2013.16164,2013-02-28,-58.9710,175.4170,-6.6220,0.8110,0.9080,3.7120
2013.16712,2013-03-02,-62.1690,174.0180,-10.6670,0.8220,0.9080,3.7300
2013.16986,2013-03-03,-63.0960,171.9210,-12.5180,0.8190,0.9160,3.7360
2013.17260,2013-03-04,-61.5750,174.2840,-10.8850,0.8170,0.9110,3.7460
2013.17534,2013-03-05,-61.4970,173.5800,-8.2730,0.8350,0.9290,3.8610
2013.17808,2013-03-06,-62.5090,172.4050,-5.4010,0.8380,0.9240,3.8030
2013.18082,2013-03-07,-59.8630,170.4760,-7.1680,0.8660,0.9510,4.0390
2013.18356,2013-03-08,-60.8590,172.5650,-6.3310,0.8420,0.9320,3.8610
2013.18630,2013-03-09,-60.7950,172.4150,-9.9250,0.8260,0.9110,3.7510
2013.18904,2013-03-10,-59.8930,173.6810,-12.9000,0.8390,0.8990,3.8130
2013.19178,2013-03-11,-61.0180,171.4170,-13.9040,0.8400,0.9420,3.8790
2013.19452,2013-03-12,-60.5170,171.6340,-16.4500,0.8600,0.9470,3.9620
2013.19726,2013-03-13,-60.9350,173.1040,-14.1960,0.8340,0.9190,3.8240
2013.20000,2013-03-14,-60.6930,173.2270,-9.3690,0.8470,0.9130,3.8040
2013.20274,2013-03-15,-61.4670,174.1120,-12.8090,0.8440,0.9310,3.9390
2013.20548,2013-03-16,-60.5260,174.3820,-9.8870,0.8200,0.9050,3.7390
2013.20822,2013-03-17,-61.5570,174.5310,-6.1670,0.8460,0.9320,3.9330
2013.21096,2013-03-18,-60.4240,174.3660,-5.7490,0.8610,0.9310,3.8590
2013.21370,2013-03-19,-61.9760,175.2860,-3.8900,0.8310,0.9150,3.8520
2013.21644,2013-03-20,-58.4660,172.2310,-2.7440,0.8320,0.9250,3.9140
2013.21918,2013-03-21,-59.4250,171.8990,-14.0150,0.8320,0.9390,3.9220
2013.22192,2013-03-22,-61.1760,173.1980,-2.7290,0.8420,0.9010,3.8180
2013.22466,2013-03-23,-58.6130,174.3890,-12.4810,0.8330,0.9370,3.9050
2013.22740,2013-03-24,-61.5840,174.0960,-11.1910,0.9140,0.9460,4.0550
2013.23014,2013-03-25,-59.1210,173.7990,-8.7220,0.8250,0.9150,3.7800
2013.23288,2013-03-26,-61.6550,176.3820,0.0910,0.8500,0.9340,3.8460
2013.23562,2013-03-27,-58.9540,174.6220,-6.4490,0.8500,0.9130,3.8390
2013.23836,2013-03-28,-58.0400,178.0180,-9.3200,0.8710,0.9550,4.0880
2013.24110,2013-03-29,-57.9780,176.8210,-7.6880,0.8410,0.9290,3.9270
2013.24384,2013-03-30,-59.3530,174.5790,-7.6830,0.8400,0.8970,3.8110
2013.24658,2013-03-31,-59.0330,173.6640,-7.3090,0.8440,0.9120,3.8490
2013.24932,2013-04-01,-59.6590,173.2940,-14.0960,0.8400,0.9150,3.8620
2013.25205,2013-04-02,-58.4820,173.9090,-6.9450,0.8510,0.9720,4.0690
2013.25479,2013-04-03,-59.2030,176.5020,-8.8600,0.8780,0.9410,3.9470
2013.25753,2013-04-04,-58.8760,175.2540,-7.1940,0.8990,0.9810,4.2600
2013.26027,2013-04-05,-59.7130,172.6030,-11.0740,0.9030,0.9660,4.2110
2013.26301,2013-04-06,-58.1750,173.7640,-11.3880,0.8750,0.9160,3.8870
2013.26575,2013-04-07,-59.3230,174.6860,-12.4010,0.8760,0.9380,3.9600
2013.26849,2013-04-08,-59.4950,174.8410,-18.2120,0.9280,0.9470,4.0460
2013.27123,2013-04-09,-57.2080,175.4000,-13.8340,0.9340,0.9950,4.1850
2013.27397,2013-04-10,-59.3810,174.8170,-4.8630,0.9310,0.9660,4.1050
2013.27671,2013-04-11,-60.6230,176.6610,-4.9660,0.8630,0.9340,3.9060
2013.27945,2013-04-12,-58.8910,175.6200,-10.0340,0.8580,0.9240,3.8530
2013.28219,2013-04-13,-60.0020,175.9780,-11.8200,0.8490,0.9090,3.8580
2013.28493,2013-04-14,-60.3840,176.2670,-14.9470,0.8460,0.8950,3.7850
2013.28767,2013-04-15,-60.9580,177.9300,-12.4780,0.8890,0.9220,3.9350
2013.29041,2013-04-16,-62.3590,177.4470,-9.8800,0.9400,1.0130,4.2140
2013.29315,2013-04-17,-60.3640,176.5230,-13.8740,0.8840,0.9400,3.9790
2013.29589,2013-04-18,-61.7440,177.7080,-5.4220,0.9500,1.0440,4.3860
2013.29863,2013-04-19,-58.9450,178.3360,-8.3400,0.8950,0.9350,3.9710
2013.30411,2013-04-21,-61.8020,176.5070,-9.6840,0.8420,0.9350,3.9270
2013.30685,2013-04-22,-59.8780,178.6330,-17.4730,0.8580,0.9180,3.8690
2013.30959,2013-04-23,-60.8730,177.7770,-7.2100,0.8410,0.9030,3.7840
2013.31233,2013-04-24,-59.8590,176.4730,-11.8850,0.8570,0.9250,3.8980
2013.31507,2013-04-25,-61.6940,177.4240,-6.4720,0.8820,0.9480,4.0300
2013.31781,2013-04-26,-61.2290,179.1330,-11.5680,0.8440,0.8960,3.7630
2013.32055,2013-04-27,-62.0040,177.3720,-10.7550,0.9000,0.9470,4.0620
2013.32329,2013-04-28,-60.5760,180.1280,-12.7200,0.8830,0.9440,3.9930
2013.32603,2013-04-29,-61.2860,177.7230,-11.1620,0.8580,0.9350,3.8620
2013.32877,2013-04-30,-59.8510,178.2840,-6.3540,0.9060,0.9590,4.0500
2013.33151,2013-05-01,-58.7900,178.2930,-15.2120,0.8440,0.9200,3.8440
2013.33425,2013-05-02,-60.0650,176.7800,-8.6150,0.8560,0.9210,3.8470
2013.33699,2013-05-03,-58.2740,177.4840,-4.9570,0.8450,0.9180,3.7800
2013.33973,2013-05-04,-59.4710,177.5940,-11.6960,0.8650,0.9350,3.8730
2013.34247,2013-05-05,-60.0920,175.5310,-10.1290,0.8610,0.9020,3.7430
2013.34521,2013-05-06,-61.2110,176.3220,-10.3420,0.8690,0.9470,3.9350
2013.34795,2013-05-07,-61.4240,176.6680,-18.1440,0.8620,0.9310,3.8980
2013.35068,2013-05-08,-59.7450,179.1590,-12.2860,0.8450,0.9040,3.7740
2013.35342,2013-05-09,-60.3340,175.7750,-4.6740,0.8560,0.9210,3.8320
2013.35616,2013-05-10,-61.4220,177.7710,-0.1170,0.9800,1.0290,4.2320
2013.35890,2013-05-11,-60.1430,176.9690,-7.1680,0.8630,0.9590,4.0120
2013.36164,2013-05-12,-63.8020,181.1140,-6.6500,0.9120,0.9580,4.1250
2013.36438,2013-05-13,-61.2440,180.8150,-8.6370,0.8820,0.9540,3.9420
2013.36712,2013-05-14,-61.0350,177.8590,-6.8520,0.9280,0.9460,4.1800
2013.36986,2013-05-15,-60.5300,179.3620,-0.6550,0.8530,0.9350,3.8650
2013.37260,2013-05-16,-60.0610,179.4120,-0.7430,0.8580,0.9500,3.8850
2013.37534,2013-05-17,-63.7170,180.9570,-5.5020,0.8560,0.9200,3.8110
2013.37808,2013-05-18,-60.8430,178.5570,-1.0100,0.8910,0.9700,4.0080
2013.38356,2013-05-20,-64.0900,179.4900,-8.3080,0.9480,1.0190,4.3800
2013.38630,2013-05-21,-61.5680,180.7340,-5.0470,0.8580,0.9090,3.7980
2013.38904,2013-05-22,-63.9950,179.2340,-7.3760,0.8800,0.9420,3.9460
2013.39178,2013-05-23,-63.2950,181.0430,-9.5290,0.8610,0.9640,3.9590
2013.39452,2013-05-24,-63.2580,181.2060,-14.1930,0.8500,0.9160,3.8050
2013.39726,2013-05-25,-63.1180,176.1880,-6.3290,0.8860,0.9510,4.0260
2013.40000,2013-05-26,-62.9280,181.1820,-4.2970,0.8610,0.9100,3.8230
2013.40274,2013-05-27,-61.9390,179.4050,-10.5760,0.8820,0.9380,3.8840
2013.40548,2013-05-28,-66.2990,181.6080,-4.6760,0.8450,0.8880,3.6960
2013.40822,2013-05-29,-64.5900,178.1250,-3.4580,0.8430,0.9170,3.8050
2013.41096,2013-05-30,-62.5740,179.0250,-14.8420,0.8640,0.9250,3.9230
2013.41370,2013-05-31,-63.2880,178.6030,5.4850,0.8590,0.9190,3.8380
2013.41644,2013-06-01,-63.7650,180.0550,-8.9620,0.8500,0.9060,3.8700
2013.42192,2013-06-03,-62.8610,184.5350,-7.5340,0.8800,0.9330,3.9200
2013.42466,2013-06-04,-65.1120,180.5030,-16.6380,0.8650,0.9250,3.9010
2013.42740,2013-06-05,-63.5320,181.6880,-3.7860,0.8720,0.9230,3.9440
2013.43014,2013-06-06,-64.9430,184.3500,-12.7200,0.8550,0.9140,3.7780
2013.43288,2013-06-07,-64.9210,184.0090,-10.8640,0.8640,0.8910,3.8040
2013.43562,2013-06-08,-64.7690,184.2430,-4.7820,0.8450,0.9000,3.7920
2013.43836,2013-06-09,-65.0000,184.4530,-7.1690,0.8800,0.9200,3.8930
2013.44110,2013-06-10,-64.3050,183.4620,-13.4900,0.8800,0.9300,4.0040
2013.44384,2013-06-11,-66.2620,185.6190,-5.2140,0.9200,0.9560,4.0890
2013.44658,2013-06-12,-66.4870,181.5830,-8.3060,0.9240,1.0010,4.1220
2013.44932,2013-06-13,-67.6820,183.3990,-9.2350,0.8560,0.8990,3.7590
2013.45205,2013-06-14,-65.2150,181.7160,-4.6710,0.8670,0.9300,3.8370
2013.45479,2013-06-15,-64.4640,183.2210,-5.9590,0.8520,0.9250,3.7730
2013.45753,2013-06-16,-65.1610,183.8100,-7.5600,0.8930,0.9510,4.0180
2013.46027,2013-06-17,-65.3210,182.8300,-7.9790,0.8720,0.9330,3.8400
2013.46301,2013-06-18,-67.6530,184.9880,-3.0780,0.8680,0.9380,3.8630
2013.46575,2013-06-19,-65.9570,185.4040,-4.3820,0.8680,0.9300,3.8310
2013.46849,2013-06-20,-65.6150,182.1500,-2.5300,0.8800,0.9590,3.9330
2013.47123,2013-06-21,-63.8040,183.8050,-0.0020,0.8590,0.9200,3.7410
2013.47397,2013-06-22,-67.1350,185.4510,-10.6230,0.8660,0.9260,3.7220
2013.47945,2013-06-24,-65.5560,185.0430,-5.5970,0.8710,0.9110,3.8130
2013.48219,2013-06-25,-66.2230,186.7330,-4.5930,0.8780,0.9340,3.8600
2013.48493,2013-06-26,-65.4670,185.4770,-9.4970,0.8490,0.9060,3.6590
2013.48767,2013-06-27,-66.8490,186.5250,-4.6260,0.8490,0.9210,3.7960
2013.49041,2013-06-28,-65.4380,182.9210,-5.2590,0.8520,0.9250,3.7540
2013.49315,2013-06-29,-66.0820,183.5220,-19.6380,0.8560,0.9440,3.9130
2013.49589,2013-06-30,-66.1890,185.8530,-3.7300,0.8740,0.9440,3.9010
2013.49863,2013-07-01,-62.7340,184.0450,-13.6590,0.8760,0.9200,3.8960
2013.50137,2013-07-02,-66.3710,186.9120,-11.1480,0.8950,0.9870,4.0750
2013.50411,2013-07-03,-69.6290,184.0360,-12.5720,0.9310,1.0230,4.2930
2013.50685,2013-07-04,-68.4370,185.7150,-9.9900,0.8870,0.9570,4.0460
2013.50959,2013-07-05,-64.3120,185.6940,0.0920,0.9060,1.0010,4.1950
2013.51233,2013-07-06,-65.1280,184.8310,-15.4830,0.8840,0.9670,4.1310
2013.51507,2013-07-07,-64.6810,183.7530,-5.0850,0.8720,1.0020,4.1080
2013.51781,2013-07-08,-67.1040,185.4490,-11.9370,0.8710,0.9610,4.0020
2013.52055,2013-07-09,-66.0020,186.8580,-8.9980,0.8670,0.9740,3.9490
2013.52329,2013-07-10,-64.8030,187.0860,-2.7820,0.8680,0.9400,3.8280
2013.52603,2013-07-11,-67.2070,187.3390,-6.3100,0.8940,0.9150,3.9170
2013.52877,2013-07-12,-63.0380,185.5640,-6.1110,0.8930,0.9820,4.1120
2013.53151,2013-07-13,-64.0000,187.6970,-0.5800,0.9210,1.0230,4.2510
2013.53425,2013-07-14,-63.8470,183.2070,-6.9280,0.8760,0.9710,3.9820
2013.53699,2013-07-15,-65.4490,184.4390,-8.4890,0.8680,0.9450,3.9080
2013.53973,2013-07-16,-66.0910,187.4070,-5.8970,0.8600,0.9570,3.8690
2013.54247,2013-07-17,-65.6080,186.4560,-5.5230,0.8900,0.9690,3.9700
2013.54521,2013-07-18,-66.7100,184.9120,-3.0690,0.8390,0.9050,3.7220
2013.54795,2013-07-19,-67.1070,188.8370,-12.6120,0.8500,0.9130,3.8110
2013.55068,2013-07-20,-65.5880,186.3870,-7.5880,0.8310,0.9290,3.8060
2013.55342,2013-07-21,-63.3080,185.1810,-8.0730,0.8530,0.9430,3.8570
2013.55616,2013-07-22,-64.0120,187.3980,-12.3850,0.8560,0.9650,3.8940
2013.55890,2013-07-23,-64.3620,187.1790,-9.7100,0.8560,0.9480,3.8970
2013.56164,2013-07-24,-68.2820,186.4240,-3.4380,0.8840,1.0170,4.0620
2013.56438,2013-07-25,-68.3440,191.9570,-1.1320,0.8840,0.9940,4.0050
2013.56712,2013-07-26,-65.8060,186.9320,-11.1960,0.8620,0.9740,3.9540
2013.56986,2013-07-27,-67.9030,189.5200,-14.8810,0.8870,0.9850,4.0170
2013.57260,2013-07-28,-68.3720,190.1910,-13.3500,0.8680,1.0320,4.1700
2013.57534,2013-07-29,-67.2640,187.6740,-16.4400,0.8430,0.9420,3.7810
2013.57808,2013-07-30,-70.0710,187.5300,-6.1740,0.8890,1.0040,4.1150
2013.58082,2013-07-31,-64.6490,189.0140,-10.8060,0.8650,0.9990,4.0540
2013.58356,2013-08-01,-67.8980,187.4260,-14.4880,0.8760,0.9560,3.8930
2013.58630,2013-08-02,-65.4980,189.0750,-9.6340,0.8630,0.9600,3.8840
2013.58904,2013-08-03,-68.2320,188.1930,-16.4680,0.8710,0.9460,3.8970
2013.59178,2013-08-04,-67.2930,189.1530,-11.2470,0.8640,0.9590,3.9750
2013.59452,2013-08-05,-67.8320,188.3980,-15.9640,0.8590,0.9260,3.8470
2013.59726,2013-08-06,-65.4220,185.6390,-10.4280,0.8820,0.9860,4.1410
2013.60000,2013-08-07,-68.0080,189.3320,-10.3600,0.8810,0.9880,4.0390
2013.60274,2013-08-08,-68.0940,187.6460,-16.5550,0.8670,0.9470,3.9780
2013.60548,2013-08-09,-64.5980,183.2960,-9.3710,0.8520,1.0150,4.0940
2013.60822,2013-08-10,-66.6660,193.1860,-9.5020,0.8600,0.9660,3.9560
2013.61096,2013-08-11,-66.0910,189.4910,-11.5370,0.8480,0.9630,3.9150
2013.61370,2013-08-12,-67.2760,191.6650,-10.3020,0.8570,0.9800,3.9500
2013.61644,2013-08-13,-66.8250,187.5070,-5.4460,0.8720,1.0030,4.0110
2013.61918,2013-08-14,-69.2790,187.6330,-5.9590,0.8740,1.0130,4.1270
2013.62192,2013-08-15,-68.3080,192.2850,-15.7240,0.8350,0.9520,3.7870
2013.62466,2013-08-16,-68.2670,189.1230,-13.7960,0.8380,0.9870,3.9140
2013.62740,2013-08-17,-67.4850,189.1080,-8.7890,0.8540,0.9650,3.8480
2013.63014,2013-08-18,-66.1330,188.6000,-8.5960,0.8800,0.9820,3.9920
2013.63288,2013-08-19,-66.4200,188.8160,-7.0040,0.8860,1.0210,4.1080
2013.63562,2013-08-20,-65.9910,193.5640,-9.6530,0.8700,0.9960,4.1440
2013.64110,2013-08-22,-67.9220,193.9530,-5.2150,0.9230,1.0600,4.3330
2013.64384,2013-08-23,-66.6730,191.1050,-5.1720,0.8460,0.9710,3.9190
2013.64658,2013-08-24,-67.5770,190.6970,-13.1830,0.8850,1.0350,4.1440
2013.64932,2013-08-25,-64.7910,192.3870,-19.4150,0.8930,0.9830,4.0680
2013.65205,2013-08-26,-64.2200,188.5230,-7.2450,0.8860,1.0040,4.1930
2013.65479,2013-08-27,-65.2250,192.2660,-15.4790,0.8930,1.0200,4.1770
2013.65753,2013-08-28,-65.0160,192.5510,-25.5500,0.8940,1.0460,4.2110
2013.66027,2013-08-29,-64.7550,188.9800,-9.1880,0.8880,1.0200,4.0940
2013.66301,2013-08-30,-67.6310,188.8890,-3.7380,0.9080,1.0230,4.3180
2013.66575,2013-08-31,-68.2550,189.5650,-12.5630,0.8360,0.9450,3.7820
2013.66849,2013-09-01,-68.1760,191.4810,-16.6060,0.8580,1.0030,4.0410
2013.67123,2013-09-02,-65.9380,189.6800,-20.0690,0.8380,0.9430,3.7790
2013.67397,2013-09-03,-65.5200,187.6680,-15.4150,0.8630,0.9910,3.8930
2013.67671,2013-09-04,-65.0130,187.4470,-14.7000,0.8640,1.0100,4.0160
2013.67945,2013-09-05,-65.1410,187.7810,-16.6100,0.8300,0.9430,3.7380
2013.68219,2013-09-06,-66.4390,190.6080,-11.6930,0.8360,0.9530,3.8440
2013.68493,2013-09-07,-66.1350,189.4790,-13.1810,0.8500,0.9630,3.8580
2013.68767,2013-09-08,-65.1530,190.0160,-12.9710,0.8360,0.9510,3.8140
2013.69041,2013-09-09,-63.3830,191.0220,-13.4850,0.8520,0.9750,3.9610
2013.69315,2013-09-10,-68.5590,191.2540,-12.8970,0.8670,0.9900,3.9710
2013.69589,2013-09-11,-68.4120,189.9720,-8.5350,0.8590,0.9620,3.9190
2013.69863,2013-09-12,-68.0800,189.4550,-3.3550,0.8680,0.9940,4.0240
2013.70137,2013-09-13,-63.9650,188.3220,-6.0780,0.8710,0.9830,3.9410
2013.70411,2013-09-14,-65.4240,190.8730,-5.2310,0.8760,0.9880,4.0220
2013.70685,2013-09-15,-64.4550,190.3980,-9.4960,0.8620,0.9920,3.9990
2013.70959,2013-09-16,-66.5440,189.4300,-18.7060,0.8560,0.9490,3.8410
2013.71233,2013-09-17,-67.7050,190.3640,-16.1090,0.8400,0.9600,3.8330
2013.71507,2013-09-18,-65.9050,188.4750,-5.6310,0.8800,0.9850,4.0120
2013.71781,2013-09-19,-65.4580,189.2520,-3.8340,0.8450,0.9640,3.8670
2013.72055,2013-09-20,-65.2200,189.0400,3.1930,0.8890,1.0060,4.1030
2013.72603,2013-09-22,-65.7340,190.6960,-6.2140,0.8680,0.9580,3.9080
2013.72877,2013-09-23,-65.2990,189.5540,-0.6350,0.8960,0.9930,4.0490
2013.73151,2013-09-24,-66.5820,190.7690,-15.5580,0.9120,1.0330,4.1270
2013.73425,2013-09-25,-65.4500,188.5380,-9.7350,0.8780,0.9920,3.9500
2013.73699,2013-09-26,-68.2880,190.1900,-4.1900,0.8870,0.9810,3.9750
2013.73973,2013-09-27,-66.2240,190.4620,-3.6860,0.8550,0.9720,3.9140
2013.74247,2013-09-28,-67.2370,194.3810,-10.1870,0.8510,0.9510,3.8710
2013.74521,2013-09-29,-66.4420,190.6750,-17.9290,0.9210,1.0170,4.2060
2013.74795,2013-09-30,-68.4790,191.7460,-16.0550,0.8450,0.9500,3.8180
2013.75068,2013-10-01,-66.7240,192.2130,-13.5500,0.8840,0.9780,3.9670
2013.75342,2013-10-02,-68.4230,191.1750,-7.1740,0.8530,0.9690,3.9200
2013.75616,2013-10-03,-65.7660,189.4830,-8.1210,0.8640,0.9940,3.9800
2013.75890,2013-10-04,-64.2090,190.6200,-9.7660,0.8510,0.9790,3.8610
2013.76164,2013-10-05,-66.5450,189.2080,-4.3420,0.8720,0.9790,4.0410
2013.76438,2013-10-06,-67.5370,189.0650,-9.2410,0.8460,0.9610,3.8420
2013.76712,2013-10-07,-66.1620,189.5770,-7.3360,0.8760,0.9680,3.9230
2013.76986,2013-10-08,-65.3600,190.1720,-6.7140,0.8490,0.9680,3.8810
2013.77260,2013-10-09,-64.8710,188.2610,-10.3780,0.8580,0.9600,3.9180
2013.77534,2013-10-10,-66.6540,192.2600,-9.1840,0.8330,0.9580,3.8600
2013.77808,2013-10-11,-65.0180,189.8460,0.8390,0.8500,0.9660,3.9430
2013.78082,2013-10-12,-64.5040,190.5340,-22.2980,0.8690,0.9730,3.9810
2013.78356,2013-10-13,-64.2920,190.7260,-9.9320,0.8690,0.9940,3.9880
2013.78630,2013-10-14,-66.3540,189.7770,-9.4440,0.8620,0.9700,3.8690
2013.78904,2013-10-15,-65.5610,191.8080,-3.6930,0.8480,0.9510,3.9110
2013.79178,2013-10-16,-67.8690,190.5490,-11.8400,0.8360,0.9450,3.8640
2013.79452,2013-10-17,-68.0080,192.4590,-13.2430,0.8560,0.9550,3.8640
2013.79726,2013-10-18,-64.4250,190.9760,-11.5170,0.8410,0.9770,3.9550
2013.80000,2013-10-19,-64.1560,191.0490,-16.5860,0.8440,0.9520,3.8410
2013.80274,2013-10-20,-65.5690,191.5120,-9.5150,0.8590,0.9770,4.0740
2013.80548,2013-10-21,-65.6660,190.3310,-11.4620,0.8620,0.9860,4.0940
2013.80822,2013-10-22,-65.7720,191.7710,-9.3590,0.8470,0.9790,3.9630
2013.81096,2013-10-23,-65.3700,191.9160,-14.5250,0.8360,0.9540,3.8270
2013.81370,2013-10-24,-65.1890,191.3870,-17.5640,0.8410,0.9570,3.8080
2013.81644,2013-10-25,-64.9340,189.8090,-14.5690,0.8560,0.9590,3.8510
2013.81918,2013-10-26,-65.7790,192.1360,-14.5270,0.8450,0.9580,3.8280
2013.82192,2013-10-27,-67.4520,191.1730,-6.6840,0.8450,0.9400,3.7960
2013.82466,2013-10-28,-66.6860,193.1510,-9.1520,0.8450,0.9460,3.8220
2013.82740,2013-10-29,-65.8340,194.2710,-17.5950,0.8860,0.9760,3.9750
2013.83014,2013-10-30,-65.2840,191.8140,-15.2670,0.8320,0.9310,3.7690
2013.83288,2013-10-31,-69.5940,193.0980,-13.0560,0.9070,1.0130,4.1940
2013.83562,2013-11-01,-65.2210,192.4910,-11.9160,0.8780,0.9870,4.1350
2013.83836,2013-11-02,-67.2040,192.1450,-8.8680,0.8740,1.0370,4.0680
2013.84110,2013-11-03,-65.0490,193.7780,-11.2280,0.8540,0.9760,3.8640
2013.84384,2013-11-04,-66.9370,193.5580,-13.8820,0.8750,0.9990,3.9280
2013.84658,2013-11-05,-66.8810,193.9410,-13.4120,0.8560,0.9700,3.8180
2013.84932,2013-11-06,-67.4220,194.2810,-10.7820,0.8400,0.9630,3.8390
2013.85205,2013-11-07,-66.5550,194.4700,-9.0720,0.8490,0.9790,3.9280
2013.85479,2013-11-08,-65.3050,194.7600,-12.0960,0.8390,0.9600,3.8360
2013.85753,2013-11-09,-67.7060,195.8760,-11.5590,0.8440,0.9450,3.8610
2013.86027,2013-11-10,-66.8120,194.8920,-7.3620,0.8610,0.9890,3.9540
2013.86301,2013-11-11,-66.2720,192.1020,-7.9270,0.8430,0.9660,3.8850
2013.86575,2013-11-12,-67.7930,194.9030,0.5750,0.8480,0.9580,3.8630
2013.86849,2013-11-13,-66.3280,194.1150,-3.3670,0.8430,0.9680,3.8850
2013.87123,2013-11-14,-67.1060,194.4680,-13.9170,0.8320,0.9820,3.9190
2013.87397,2013-11-15,-66.9980,194.2850,-7.8730,0.8400,0.9590,3.8150
2013.87671,2013-11-16,-66.5290,193.5910,-11.2460,0.8570,0.9700,3.8710
2013.87945,2013-11-17,-66.1300,194.3890,-10.7530,0.8500,0.9680,3.9210
2013.88219,2013-11-18,-66.1770,194.2640,-8.8900,0.8520,0.9380,3.8980
2013.88493,2013-11-19,-68.5310,193.9120,-3.9210,0.8650,0.9830,4.0140
2013.88767,2013-11-20,-69.4200,195.2820,-12.8360,0.8420,0.9590,3.9320
2013.89041,2013-11-21,-67.0760,193.5740,-5.8930,0.8420,0.9470,3.8900
2013.89315,2013-11-22,-69.4250,194.7720,-12.2270,0.8500,0.9510,3.9200
2013.89589,2013-11-23,-68.5140,195.6860,-9.1840,0.8410,0.9550,3.8790
2013.89863,2013-11-24,-66.5480,196.4100,-8.8920,0.8590,0.9700,3.9830
2013.90137,2013-11-25,-69.1610,194.3330,-5.0570,0.8620,0.9600,3.9630
2013.90411,2013-11-26,-70.0030,194.0080,-10.3820,0.8650,0.9500,3.9140
2013.90685,2013-11-27,-69.9230,196.5160,-9.4110,0.8390,0.9490,3.8810
2013.90959,2013-11-28,-70.5950,194.1980,-9.1860,0.8360,0.9380,3.8090
2013.91233,2013-11-29,-69.3030,196.0850,-13.0340,0.8350,0.9130,3.7720
2013.91507,2013-11-30,-69.7120,194.7140,-14.4680,0.8420,0.9340,3.8780
2013.91781,2013-12-01,-69.2450,195.7060,-14.9730,0.8370,0.9620,3.8780
2013.92055,2013-12-02,-68.3330,196.1720,-8.6680,0.8600,0.9430,3.9380
2013.92329,2013-12-03,-68.8500,196.5820,-12.4990,0.8630,0.9440,3.8250
2013.92603,2013-12-04,-67.1890,196.0080,-11.8540,0.8320,0.9530,3.9080
2013.92877,2013-12-05,-69.1580,196.7710,-9.0240,0.8520,0.9670,3.9140
2013.93151,2013-12-06,-67.4780,197.6070,-3.5220,0.8390,0.9320,3.8270
2013.93425,2013-12-07,-68.3770,196.4140,-6.8890,0.8430,0.9100,3.7620
2013.93699,2013-12-08,-65.6950,194.9730,-5.9030,0.8390,0.9480,3.9150
2013.93973,2013-12-09,-66.6250,195.6340,0.4220,0.8380,0.9300,3.8610
2013.94247,2013-12-10,-68.1910,196.3160,-3.4470,0.8440,0.9260,3.8820
2013.94521,2013-12-11,-67.4130,198.9580,-4.4970,0.8330,0.9170,3.7970
2013.94795,2013-12-12,-66.5150,196.8940,-5.4770,0.8600,0.9400,3.9230
2013.95068,2013-12-13,-69.0510,196.2350,-7.6990,0.8760,0.9710,4.0060
2013.95342,2013-12-14,-66.9120,194.6070,-8.0160,0.8530,0.9340,3.8350
2013.95616,2013-12-15,-68.6150,195.0220,-9.3620,0.8400,0.9380,3.8620
2013.95890,2013-12-16,-69.4010,196.2130,-6.1630,0.8550,0.9430,3.9030
2013.96164,2013-12-17,-67.4560,194.9950,-6.4520,0.8450,0.9280,3.8430
2013.96438,2013-12-18,-67.1350,195.6990,-15.1140,0.8390,0.9520,3.8600
2013.96712,2013-12-19,-69.3410,194.7730,-4.6700,0.8580,0.9740,4.0200
2013.96986,2013-12-20,-68.4450,195.1110,-9.8690,0.8330,0.9150,3.7300
2013.97260,2013-12-21,-66.0010,198.4760,-14.4520,0.8470,0.9580,3.9080
2013.97534,2013-12-22,-66.9410,197.2670,-16.7960,0.8420,0.9330,3.8680
2013.97808,2013-12-23,-67.3650,196.2670,-5.6820,0.8820,0.9750,4.0590
2013.98082,2013-12-24,-70.5490,197.1660,-19.6960,0.8630,0.9790,3.9690
2013.98356,2013-12-25,-67.5610,195.8670,-9.8160,0.8370,0.9300,3.8220
2013.98630,2013-12-26,-69.8190,196.5860,-9.7490,0.8360,0.9350,3.8080
2013.98904,2013-12-27,-69.3180,197.4080,-13.4890,0.8270,0.9300,3.7780
2013.99178,2013-12-28,-70.1460,196.4870,-14.6590,0.8280,0.9310,3.7570
2013.99452,2013-12-29,-70.1510,196.8690,-11.5570,0.8330,0.9440,3.8180
2013.99726,2013-12-30,-70.6320,197.6290,-10.3250,0.8310,0.9200,3.7560
2014.00000,2013-12-31,-68.4310,199.1840,-15.7260,0.8320,0.9410,3.7850
2014.00274,2014-01-01,-68.4450,197.8070,-14.0340,0.8270,0.9220,3.7400
2014.00548,2014-01-02,-69.3030,197.3230,-0.8610,0.8490,0.9600,3.9220
2014.00822,2014-01-03,-70.6710,199.7910,-4.4490,0.8450,0.9600,3.9080
2014.01096,2014-01-04,-68.0630,201.3820,-9.8740,0.8320,0.9320,3.7820
2014.01370,2014-01-05,-68.3840,199.3360,-3.3140,0.8450,0.9660,3.8500
2014.01644,2014-01-06,-68.9840,200.9810,-10.7580,0.8510,0.9610,3.9570
2014.01918,2014-01-07,-68.9360,199.5760,-8.6020,0.8570,0.9510,3.9070
2014.02192,2014-01-08,-68.0760,200.3810,-12.8490,0.8300,0.9450,3.8640
2014.02466,2014-01-09,-68.9520,198.2500,-7.5460,0.8540,0.9810,4.0680
2014.02740,2014-01-10,-67.3480,198.0890,-11.0340,0.8510,0.9780,4.1070
2014.03014,2014-01-11,-69.1000,197.3160,-10.3880,0.8280,0.9590,3.8240
2014.03288,2014-01-12,-67.9670,198.2520,-10.1120,0.8300,0.9430,3.8040
2014.03562,2014-01-13,-69.2260,198.3810,-7.3520,0.8210,0.9260,3.7540
2014.03836,2014-01-14,-68.4030,199.7850,-15.2440,0.8340,0.9440,3.8290
2014.04110,2014-01-15,-68.9500,198.6830,-12.1850,0.8370,0.9450,3.8210
2014.04384,2014-01-16,-68.9790,197.8870,-9.3420,0.8530,0.9480,3.7810
2014.04658,2014-01-17,-68.8540,198.4460,-7.5730,0.8430,0.9930,3.9380
2014.04932,2014-01-18,-70.2060,200.4940,-19.8310,0.8210,0.9280,3.7160
2014.05205,2014-01-19,-71.1630,199.2790,-10.6910,0.8370,0.9410,3.8110
2014.05479,2014-01-20,-70.4480,199.3290,-11.2890,0.8310,0.9260,3.7260
2014.05753,2014-01-21,-68.6010,198.9080,-15.4570,0.8260,0.9060,3.7120
2014.06027,2014-01-22,-70.0940,199.4050,-9.7370,0.8270,0.9390,3.8070
2014.06301,2014-01-23,-70.3120,200.8240,-7.2390,0.8190,0.9270,3.6990
2014.06575,2014-01-24,-68.2020,199.8710,-11.3340,0.8380,0.9690,3.8760
2014.06849,2014-01-25,-67.0740,200.2370,-6.8100,0.8330,0.9380,3.7750
2014.07123,2014-01-26,-69.5190,200.4180,-8.7220,0.8900,0.9630,4.0000
2014.07397,2014-01-27,-70.1220,201.0570,-4.9360,0.8370,0.9230,3.7510
2014.07671,2014-01-28,-71.1690,201.5960,-14.1740,0.8320,0.9570,3.8440
2014.07945,2014-01-29,-70.8650,201.5480,-11.6390,0.8380,0.9440,3.8360
2014.08219,2014-01-30,-69.9840,200.4160,-8.2210,0.8380,0.9400,3.7850
2014.08493,2014-01-31,-70.5670,200.1430,-13.0050,0.8360,0.9280,3.7560
2014.29315,2014-04-17,-66.4540,206.0360,-9.5340,0.9300,0.9890,4.1440
2014.29589,2014-04-18,-68.6760,207.1620,-0.6270,0.9670,1.0210,4.3710
2014.29863,2014-04-19,-69.4620,207.1350,-4.8590,0.8730,0.9370,3.9320
2014.30137,2014-04-20,-70.2350,206.0630,-9.3640,0.9000,0.9630,4.1000
2014.30411,2014-04-21,-68.3820,206.7840,-7.1620,0.8530,0.9320,3.8910
2014.30685,2014-04-22,-71.5780,205.6780,-4.9380,0.8570,0.9290,3.8650
2014.30959,2014-04-23,-70.6550,207.6000,-6.9300,0.8450,0.9260,3.8340
2014.31233,2014-04-24,-68.8960,206.5630,-3.3380,0.8530,0.9170,3.8240
2014.31507,2014-04-25,-68.3750,206.9230,-8.9050,0.8580,0.9170,3.8290
2014.31781,2014-04-26,-71.0760,205.9480,-6.4130,0.8760,0.9420,3.9960
2014.32055,2014-04-27,-69.0790,205.0950,-2.0130,0.8600,0.9340,3.9240
2014.32329,2014-04-28,-69.6140,205.4030,-13.9270,0.8690,0.9420,3.9020
2014.32603,2014-04-29,-70.4140,206.5880,-6.3940,0.8800,0.9890,4.0340
2014.32877,2014-04-30,-71.4360,208.9080,-14.3950,0.9190,0.9800,4.0830
2014.33151,2014-05-01,-72.8390,208.0430,-5.9230,0.8790,0.9590,4.0260
2014.33425,2014-05-02,-71.1110,207.8270,-2.5950,0.8620,0.9520,3.8910
2014.33699,2014-05-03,-72.5440,205.2740,-8.9110,0.8470,0.9340,3.8990
2014.33973,2014-05-04,-71.1680,208.3710,-7.4780,0.8810,1.0240,4.0030
2014.34247,2014-05-05,-71.1540,208.1030,-6.9530,0.8390,0.9140,3.7900
2014.34521,2014-05-06,-71.5040,205.6530,-8.2520,0.8590,0.9620,3.9710
2014.34795,2014-05-07,-70.7400,207.8530,-11.8170,0.8520,0.9420,3.9630
2014.35068,2014-05-08,-70.9100,206.6020,-5.5270,0.8550,0.9240,3.8080
2014.35342,2014-05-09,-71.1010,209.2670,-8.4150,0.8890,0.9570,4.0050
2014.35616,2014-05-10,-71.5460,207.7880,-2.6660,0.8410,0.9270,3.8380
2014.35890,2014-05-11,-70.9530,207.8820,-9.3400,0.8630,0.9330,3.9350
2014.36164,2014-05-12,-69.4170,207.8470,-1.3230,0.8520,0.9490,3.9090
2014.36438,2014-05-13,-70.0620,209.7580,-0.4960,0.8660,0.9570,3.9210
2014.36712,2014-05-14,-71.0130,208.9050,-0.5380,0.8460,0.9290,3.8160
2014.36986,2014-05-15,-72.3360,211.0780,-1.0790,0.9320,1.0370,4.4080
2014.37260,2014-05-16,-70.7470,208.9580,-11.1770,0.8630,0.9590,3.9700
2014.37534,2014-05-17,-68.6860,210.8920,-7.5410,0.8340,0.9340,3.8520
2014.37808,2014-05-18,-69.1150,210.2690,-8.4370,0.8730,0.9590,4.0340
2014.38082,2014-05-19,-73.0330,208.0790,-5.8390,0.9310,1.0210,4.3200
2014.38356,2014-05-20,-71.3270,209.5860,-2.8120,0.9620,1.0440,4.3640
2014.38630,2014-05-21,-72.4250,211.2220,-5.7990,0.8990,1.0090,4.2540
2014.38904,2014-05-22,-74.2210,209.5640,-2.4510,0.8840,0.9770,4.0810
2014.39178,2014-05-23,-74.0670,214.0110,-21.7210,0.8980,0.9880,4.2180
2014.39452,2014-05-24,-72.5470,210.4730,-16.9870,0.8930,0.9880,4.1950
2014.39726,2014-05-25,-73.4010,211.4440,-10.8810,0.8620,0.9520,4.0150
2014.40000,2014-05-26,-72.6180,210.6290,-13.4690,0.8810,0.9670,3.9830
2014.40274,2014-05-27,-72.7010,209.6410,-10.6900,0.8720,0.9810,4.1340
2014.40548,2014-05-28,-75.9640,209.8830,-11.4110,0.8960,0.9840,4.0570
2014.40822,2014-05-29,-75.2160,210.2860,-8.1160,0.8670,0.9750,4.0070
2014.41096,2014-05-30,-72.0060,210.6060,-16.2720,0.8890,0.9890,4.0520
2014.41370,2014-05-31,-74.2610,209.6550,-16.5490,0.8590,0.9450,3.9130
2014.41644,2014-06-01,-73.4160,212.0530,-14.6460,0.8460,0.9330,3.8390
2014.41918,2014-06-02,-74.1790,210.0840,-2.6980,0.8720,0.9730,4.0220
2014.42192,2014-06-03,-73.6770,212.8540,-11.0280,0.8850,0.9680,4.0460
2014.42466,2014-06-04,-76.1390,211.2230,-6.5380,0.8660,0.9670,3.9740
2014.42740,2014-06-05,-74.7090,212.0790,-5.0840,0.8930,0.9880,4.0800
2014.43014,2014-06-06,-72.7540,212.8390,-3.2940,0.8610,0.9620,3.9900
2014.43288,2014-06-07,-74.7600,210.8450,-13.7770,0.8710,0.9500,4.0720
2014.43562,2014-06-08,-77.8230,211.6630,-19.8910,0.8990,0.9730,4.0670
2014.43836,2014-06-09,-72.8690,211.2490,-14.0740,0.8710,0.9550,4.0030
2014.44110,2014-06-10,-73.2880,210.6520,-16.9910,0.8580,0.9380,3.9770
2014.44384,2014-06-11,-74.4510,209.6060,-10.8570,0.8740,0.9380,3.9560
2014.44658,2014-06-12,-74.3790,210.0290,-13.8300,0.8820,0.9610,4.0220
2014.44932,2014-06-13,-74.1150,208.8540,-3.1470,0.8820,0.9840,4.0540
2014.45205,2014-06-14,-75.0080,211.2540,-13.9760,0.8580,0.9480,3.9300
2014.45479,2014-06-15,-75.6890,210.4700,-15.2710,0.8810,0.9670,4.1050
2014.45753,2014-06-16,-74.6570,210.9270,-10.6510,0.8730,0.9590,3.9910
2014.46027,2014-06-17,-75.6540,212.9020,-13.8930,0.8680,0.9630,3.9740
2014.46301,2014-06-18,-73.9890,212.3760,-7.6430,0.8480,0.9510,3.9440
2014.46575,2014-06-19,-74.4160,210.6950,-22.0390,0.8810,0.9680,4.1490
2014.46849,2014-06-20,-77.1640,209.8790,-10.2540,0.8950,1.0130,4.2660
2014.47123,2014-06-21,-75.0430,212.8360,-10.0190,0.8620,0.9660,4.0180
2014.47397,2014-06-22,-74.2840,213.1990,-10.5130,0.8800,0.9820,4.1280
2014.47671,2014-06-23,-75.7810,213.2190,-1.4220,0.8800,0.9750,4.0810
2014.47945,2014-06-24,-73.9470,208.9560,-3.7280,0.8750,1.0000,4.2440
2014.48219,2014-06-25,-76.8480,214.1350,-2.8790,0.8560,0.9680,3.9780
2014.48493,2014-06-26,-76.7710,214.5800,-10.9810,0.8780,0.9690,4.0720
2014.48767,2014-06-27,-75.9580,211.4890,-4.4930,0.8510,0.9570,3.9800
2014.49041,2014-06-28,-77.3320,208.8890,-3.3800,0.8750,0.9880,4.1610
2014.49315,2014-06-29,-78.1790,207.2140,-11.2970,0.8940,0.9930,4.2850
2014.50137,2014-07-02,-75.7670,212.6550,2.5970,0.8540,0.9390,3.9470
2014.50411,2014-07-03,-74.5760,212.0770,-1.4890,0.8650,0.9500,4.0790
2014.50685,2014-07-04,-74.2240,217.7460,0.0860,0.8610,0.9520,4.0300
2014.50959,2014-07-05,-73.3120,214.5630,-4.7420,0.8360,0.9480,3.9610
2014.51233,2014-07-06,-76.5520,214.7650,-6.3380,0.8430,0.9360,3.9370
2014.51507,2014-07-07,-77.0610,214.1250,-8.3480,0.8460,0.9570,4.0760
2014.52055,2014-07-09,-74.0470,213.0960,-7.9970,0.8450,0.9590,3.9770
2014.52329,2014-07-10,-75.4320,211.8750,-4.8760,0.8550,0.9550,4.0800
2014.52603,2014-07-11,-73.9870,210.8970,-6.2350,0.8570,0.9630,4.0520
2014.52877,2014-07-12,-76.0360,212.2110,-6.2760,0.8350,0.9320,3.9060
2014.53151,2014-07-13,-74.8900,211.7520,-13.9910,0.8460,0.9680,4.0340
2014.53425,2014-07-14,-75.8440,211.9230,-7.1050,0.8390,0.9520,3.9760
2014.53699,2014-07-15,-76.7820,216.1980,-6.3960,0.8690,0.9820,4.1120
2014.53973,2014-07-16,-76.6290,213.6930,-5.5890,0.8340,0.9470,3.9620
2014.54247,2014-07-17,-75.2350,215.6630,-12.5210,0.8620,1.0050,4.1610
2014.54521,2014-07-18,-74.6900,217.2660,-14.7800,0.9080,1.0320,4.3710
2014.54795,2014-07-19,-75.4770,216.7120,-22.2090,0.8760,0.9610,4.0240
2014.55068,2014-07-20,-75.8960,218.1220,-10.9070,0.8600,0.9710,4.0680
2014.55342,2014-07-21,-77.1330,214.5240,-11.5900,0.8820,0.9830,4.1360
2014.55616,2014-07-22,-78.2440,210.4510,-8.6150,0.8760,1.0210,4.2280
2014.55890,2014-07-23,-77.5420,214.9440,-20.7470,0.8890,1.0150,4.2750
2014.56164,2014-07-24,-78.1320,216.2540,-6.7400,0.8730,0.9790,4.0860
2014.56438,2014-07-25,-76.4080,215.6520,-10.8650,0.8500,0.9540,3.9670
2014.56712,2014-07-26,-74.2730,214.3110,-20.6460,0.8560,0.9620,4.0100
2014.56986,2014-07-27,-77.2620,215.0670,-19.5170,0.8580,0.9650,4.0020
2014.57260,2014-07-28,-74.9100,213.5350,-9.6890,0.8820,1.0330,4.2700
2014.57534,2014-07-29,-77.4660,214.6090,-11.5930,0.8420,0.9510,3.9620
2014.57808,2014-07-30,-77.0750,215.7960,-16.3950,0.8650,0.9600,4.0010
2014.58356,2014-08-01,-78.5220,219.8650,-1.7520,0.8850,1.0010,4.0690
2014.58630,2014-08-02,-74.2300,216.4380,-4.7440,0.8800,1.0180,4.1880
2014.58904,2014-08-03,-75.5660,216.5590,-18.2770,0.9530,1.1070,4.8450
2014.59178,2014-08-04,-78.7490,219.9290,-14.3200,0.8970,1.0240,4.2480
2014.59452,2014-08-05,-76.2650,213.4500,-18.6480,0.8890,1.0070,4.2790
2014.59726,2014-08-06,-75.8660,214.5200,-21.0490,0.9090,1.0330,4.2750
2014.60000,2014-08-07,-76.7020,214.3940,-11.7910,0.9120,1.0300,4.3110
2014.60274,2014-08-08,-74.0380,214.0270,-19.5770,0.9250,1.0480,4.3420
2014.60548,2014-08-09,-76.6770,216.5740,-13.0700,0.8770,1.0030,4.1520
2014.60822,2014-08-10,-78.3740,215.7330,-11.5410,0.8840,0.9910,4.0910
2014.61096,2014-08-11,-76.3820,216.1020,-16.7270,0.8700,1.0040,4.1020
2014.61370,2014-08-12,-77.5950,215.5630,-7.0900,0.8830,1.0140,4.2530
2014.61644,2014-08-13,-75.8880,214.7690,-15.3850,0.8600,0.9640,3.9540
2014.61918,2014-08-14,-75.3610,216.0540,-13.1250,0.8470,0.9810,3.9950
2014.62192,2014-08-15,-75.0830,218.2270,-15.8700,0.8620,0.9620,4.0860
2014.62466,2014-08-16,-76.5910,218.7900,-19.6300,0.8410,0.9630,3.9100
2014.62740,2014-08-17,-73.6620,213.8280,-24.0910,0.8860,0.9990,4.1260
2014.63014,2014-08-18,-74.6910,213.6510,-8.6680,0.8820,0.9950,4.1310
2014.63288,2014-08-19,-77.2050,218.3190,-27.2590,0.8640,0.9880,3.9990
2014.63562,2014-08-20,-75.7000,217.4740,-21.0330,0.8870,1.0420,4.2130
2014.63836,2014-08-21,-75.0050,216.2550,-14.3980,0.8510,0.9540,3.9450
2014.64110,2014-08-22,-75.2540,215.5880,-19.9640,0.8570,0.9930,4.0140
2014.64384,2014-08-23,-75.4420,214.6270,-16.7410,0.8620,1.0100,4.1550
2014.64658,2014-08-24,-72.9130,217.9160,-14.1270,0.8730,0.9970,4.0700
2014.64932,2014-08-25,-75.2570,216.3260,-20.9610,0.8860,0.9950,4.1500
2014.65205,2014-08-26,-74.4570,218.5540,-13.9940,0.8620,0.9880,4.0210
2014.65479,2014-08-27,-75.2920,217.2590,-21.6540,0.8740,1.0160,4.1950
2014.65753,2014-08-28,-78.1760,219.2880,-16.5970,0.8970,1.0050,4.1240
2014.66027,2014-08-29,-75.2800,216.2540,-18.0660,0.8620,1.0010,4.0520
2014.66301,2014-08-30,-74.1230,213.9530,-4.5140,0.8960,1.0860,4.3960
2014.66575,2014-08-31,-76.1230,219.8160,-19.6090,0.8530,0.9920,4.0400
2014.66849,2014-09-01,-78.1370,218.8210,-21.1020,0.8490,0.9960,4.0320
2014.67123,2014-09-02,-74.7510,215.1350,-19.5120,0.8780,1.0080,4.0670
2014.67397,2014-09-03,-75.3560,215.2080,-11.6100,0.8640,1.0050,4.0270
2014.67671,2014-09-04,-72.5580,214.7760,-8.2680,0.9010,1.0400,4.2900
2014.67945,2014-09-05,-74.5960,217.8580,-23.5670,0.9000,1.0110,4.1640
2014.68219,2014-09-06,-74.8650,215.8760,-13.4000,0.8710,1.0180,4.1170
2014.68493,2014-09-07,-73.4570,215.5610,-11.5210,0.8580,0.9940,4.0560
2014.68767,2014-09-08,-76.2530,213.3820,-11.8500,0.9280,1.0860,4.2690
2014.69041,2014-09-09,-76.9040,215.9380,2.8970,0.9080,1.0400,4.1400
2014.69315,2014-09-10,-75.7980,215.2370,-12.0190,0.9480,1.0900,4.3880
2014.69589,2014-09-11,-74.8870,219.1050,-9.3250,0.8840,1.0130,4.2340
2014.69863,2014-09-12,-73.4650,214.7460,-17.7570,0.8660,0.9960,4.0380
2014.70137,2014-09-13,-73.8350,215.5720,-10.9020,0.8890,1.0290,4.1890
2014.70411,2014-09-14,-72.3170,217.1520,-6.9400,0.9250,1.0510,4.2940
2014.70685,2014-09-15,-75.9530,217.5190,-15.3270,0.8680,1.0120,3.9500
2014.70959,2014-09-16,-73.3120,218.2550,-13.1570,0.8680,1.0010,4.1270
2014.71233,2014-09-17,-73.6310,216.8370,-14.5750,0.8800,1.0160,4.0760
2014.71507,2014-09-18,-75.4740,215.6280,-15.5500,0.9160,0.9880,3.9080
2014.71781,2014-09-19,-75.5180,214.6140,-20.3890,0.8620,0.9840,3.9710
2014.72055,2014-09-20,-78.0440,216.1200,-15.3040,0.8920,1.0580,4.2220
2014.72329,2014-09-21,-79.3360,215.3180,-19.8770,0.8520,1.0050,4.0280
2014.72603,2014-09-22,-78.2260,218.3470,-14.5520,0.8780,1.0320,4.0690
2014.72877,2014-09-23,-76.0160,216.6650,-12.6220,0.8790,1.0210,4.0290
2014.73151,2014-09-24,-76.6410,215.3460,-9.2020,0.8700,1.0280,4.0050
2014.73425,2014-09-25,-74.9940,215.6670,-26.9170,0.8710,1.0280,4.1980
2014.73699,2014-09-26,-75.2130,216.2630,-14.6550,0.8490,0.9810,3.9340
2014.73973,2014-09-27,-76.6370,216.8900,-10.8380,0.8670,1.0020,4.0610
2014.74247,2014-09-28,-76.0650,217.3230,-19.3860,0.8940,1.0080,3.9500
2014.74521,2014-09-29,-75.9760,218.3320,-17.6110,0.8720,1.0410,4.0090
2014.74795,2014-09-30,-74.0180,216.7470,-24.9310,0.8660,0.9980,3.9920
2014.75068,2014-10-01,-75.0180,217.3850,-12.1680,0.8680,1.0000,3.9670
2014.75342,2014-10-02,-75.2080,216.6210,-15.3720,0.8900,1.0330,4.0940
2014.75616,2014-10-03,-73.4470,215.9140,-13.9610,0.8680,1.0170,4.0200
2014.75890,2014-10-04,-74.0000,216.7040,-16.8160,0.8710,1.0150,3.9810
2014.76164,2014-10-05,-74.9540,215.0530,-22.0910,0.8770,0.9880,4.0240
2014.76438,2014-10-06,-74.7570,216.0490,-13.9630,0.8690,0.9850,3.9220
2014.76712,2014-10-07,-74.2530,216.1860,-12.7900,0.8490,0.9650,3.8610
2014.76986,2014-10-08,-75.5760,216.1360,-13.3900,0.8700,0.9910,3.9510
2014.77260,2014-10-09,-73.0460,217.5670,-6.8740,0.8620,1.0010,4.0110
2014.77534,2014-10-10,-73.8890,219.3350,-13.5360,0.8650,1.0150,4.0880
2014.77808,2014-10-11,-75.3050,215.9460,-25.4050,0.8620,0.9910,3.9830
2014.78082,2014-10-12,-74.0220,217.9920,-19.9020,0.8650,1.0440,4.1100
2014.78356,2014-10-13,-72.4740,218.7980,-16.9410,0.8890,1.0270,4.0780
2014.78630,2014-10-14,-76.1990,218.0340,-16.9890,0.8610,0.9920,3.9170
2014.78904,2014-10-15,-75.5080,218.1870,-14.5810,0.8440,0.9960,4.0010
2014.79178,2014-10-16,-75.0690,218.9140,-20.0540,0.8520,1.0040,4.0730
2014.79452,2014-10-17,-74.4980,217.2770,-11.2900,0.8550,0.9870,4.0190
2014.79726,2014-10-18,-75.7090,219.1770,-11.1610,0.8540,0.9770,3.9510
2014.80000,2014-10-19,-75.0420,220.0500,-18.2290,0.8800,1.0030,3.9970
2014.80274,2014-10-20,-75.9400,219.4950,-18.2000,0.8490,0.9560,3.9290
2014.80548,2014-10-21,-76.3590,219.2090,-6.2740,0.8600,1.0060,4.0130
2014.80822,2014-10-22,-75.8180,218.4930,-10.0740,0.8600,0.9970,4.0090
2014.81096,2014-10-23,-74.6560,220.3250,-11.3740,0.8320,0.9760,3.9660
2014.81370,2014-10-24,-75.5550,217.9750,-12.4200,0.8500,0.9800,3.9900
2014.81644,2014-10-25,-75.5690,219.3380,-14.5560,0.8380,0.9780,3.9610
2014.81918,2014-10-26,-73.8280,219.1350,-14.0800,0.8550,0.9920,4.0910
2014.82192,2014-10-27,-73.2040,217.7610,-11.5840,0.8510,0.9940,4.1280
2014.82466,2014-10-28,-75.1330,219.3120,-12.7860,0.8990,1.0340,4.3020
2014.82740,2014-10-29,-75.8720,219.6310,-13.2670,0.8380,0.9680,3.9080
2014.83014,2014-10-30,-77.0080,220.6740,-18.4560,0.8780,0.9790,4.1650
2014.83288,2014-10-31,-74.8430,220.5440,-15.9930,0.8500,0.9820,4.1170
2014.83562,2014-11-01,-76.1160,220.1550,-16.4420,0.8430,0.9610,3.9970
2014.83836,2014-11-02,-79.7940,220.8160,-16.2840,0.8860,1.0040,4.2200
2014.84110,2014-11-03,-77.8990,219.7470,-13.8610,0.8660,0.9910,4.1610
2014.84384,2014-11-04,-77.7040,219.9170,-13.0660,0.8340,0.9460,3.9920
2014.84658,2014-11-05,-75.2290,219.3000,-10.4710,0.8540,0.9690,4.0390
2014.84932,2014-11-06,-75.3120,220.9860,-17.0460,0.8580,0.9660,4.0750
2014.85205,2014-11-07,-76.1650,221.6360,-14.4190,0.8530,0.9590,4.0220
2014.85479,2014-11-08,-75.9570,220.5550,-10.3880,0.8410,0.9670,4.0480
2014.85753,2014-11-09,-77.4910,220.7490,-23.1680,0.8660,0.9780,4.1420
2014.86027,2014-11-10,-77.0520,220.9940,-14.3450,0.8910,0.9870,4.1480
2014.86301,2014-11-11,-78.9880,221.0750,-20.5340,0.8510,0.9490,3.9890
2014.86575,2014-11-12,-76.1360,220.0460,-13.8680,0.8410,0.9370,3.9320
2014.86849,2014-11-13,-77.0360,219.9160,-11.8050,0.8440,0.9590,4.0140
2014.87123,2014-11-14,-76.2910,220.4170,-20.0660,0.8640,0.9810,4.2230
2014.87397,2014-11-15,-78.4240,220.6270,-6.2810,0.8640,0.9770,4.0970
2014.87671,2014-11-16,-77.0670,221.5940,-23.0890,0.8530,0.9670,4.0520
2014.87945,2014-11-17,-78.0130,220.9440,-19.2250,0.8910,0.9750,4.1420
2014.88219,2014-11-18,-76.7530,220.2010,-19.6530,0.8750,0.9660,4.1080
2014.88493,2014-11-19,-76.0490,220.4770,-8.9810,0.8470,0.9560,4.0170
2014.88767,2014-11-20,-77.6850,221.0470,-6.4560,0.8790,1.0020,4.2580
2014.89041,2014-11-21,-78.3990,221.6570,-11.7720,0.8800,1.0220,4.2860
2014.89315,2014-11-22,-77.0590,221.4720,-11.0500,0.8700,1.0110,4.2810
2014.89589,2014-11-23,-78.9490,220.8290,-15.2580,0.8560,0.9910,4.1590
2014.89863,2014-11-24,-78.1150,221.7270,-13.9180,0.8470,0.9800,4.1680
2014.90137,2014-11-25,-76.4270,219.9500,-5.6240,0.8710,1.0020,4.2560
2014.90411,2014-11-26,-76.8370,221.7920,-1.7570,0.8470,0.9810,4.1600
2014.90685,2014-11-27,-80.1970,221.3090,-14.0440,0.8360,0.9430,3.9610
2014.90959,2014-11-28,-78.4450,222.8590,-11.7350,0.8360,0.9500,3.9850
2014.91233,2014-11-29,-76.5060,221.7630,-15.2480,0.8360,0.9740,4.0440
2014.91507,2014-11-30,-73.2070,220.5840,-9.3250,0.8560,0.9800,4.0910
2014.91781,2014-12-01,-78.1920,221.9620,-10.0990,0.8570,0.9990,4.2630
2014.92055,2014-12-02,-79.5730,221.1910,-6.5320,0.8550,0.9750,4.0880
2014.92329,2014-12-03,-76.9360,221.9220,-9.4290,0.8690,0.9970,4.2100
2014.92603,2014-12-04,-77.9880,220.2680,-8.9110,0.8500,0.9690,4.0610
2014.92877,2014-12-05,-75.4250,219.8820,-14.5540,0.8330,0.9610,4.0370
2014.93151,2014-12-06,-78.4090,222.3100,-16.1730,0.8390,0.9630,3.9940
2014.93425,2014-12-07,-77.7220,222.3430,-13.6820,0.8420,0.9940,4.1520
2014.93699,2014-12-08,-75.9480,222.6760,-25.3730,0.8250,0.9550,3.9800
2014.93973,2014-12-09,-77.0880,222.3090,-21.6380,0.8310,0.9810,4.0430
2014.94247,2014-12-10,-77.0880,224.4080,-13.4920,0.8370,0.9700,4.0640
2014.94521,2014-12-11,-79.2710,224.9600,-12.2700,0.8450,1.0040,4.1680
2014.94795,2014-12-12,-80.5660,224.3700,-21.8780,0.8380,0.9730,4.0500
2014.95068,2014-12-13,-81.0170,224.2380,-15.2190,0.8360,0.9520,4.0530
2014.95342,2014-12-14,-77.5170,223.4710,-20.4790,0.8290,0.9380,3.9310
2014.95616,2014-12-15,-75.7780,223.6470,-18.2590,0.8220,0.9260,3.9340
2014.95890,2014-12-16,-77.0170,224.5960,-14.8630,0.8390,0.9930,4.0650
2014.96164,2014-12-17,-78.0800,224.5690,-21.8660,0.8420,0.9710,3.9990
2014.96438,2014-12-18,-76.6370,224.0000,-18.7920,0.8350,0.9500,4.0160
2014.96712,2014-12-19,-78.8210,224.4120,-16.4510,0.8630,0.9630,4.0510
2014.96986,2014-12-20,-79.1400,222.7180,-17.3570,0.8210,0.9220,3.8790
2014.97260,2014-12-21,-79.2770,222.8510,-16.8130,0.8400,0.9570,4.0700
2014.97534,2014-12-22,-82.0690,225.4040,-21.6380,0.8360,0.9400,3.9930
2014.97808,2014-12-23,-78.8170,223.7380,-12.8860,0.8170,0.9410,3.9160
2014.98082,2014-12-24,-77.3320,225.9220,-13.4470,0.8280,0.9500,4.0760
2014.98356,2014-12-25,-78.8920,225.7870,-13.8390,0.8460,0.9400,4.0430
2014.98630,2014-12-26,-79.8000,225.7650,-12.9590,0.8370,0.9550,4.0340
2014.98904,2014-12-27,-77.6070,224.5780,-13.9280,0.8270,0.9700,3.9860
2014.99178,2014-12-28,-79.9550,226.5240,-12.9070,0.8290,0.9700,4.0490
2014.99452,2014-12-29,-77.9960,225.5700,-14.3900,0.8420,0.9560,4.0260
2015.00000,2014-12-31,-79.5330,225.9830,-18.8050,0.8340,0.9580,4.0280
2015.00274,2015-01-01,-79.3110,225.0940,-18.5610,0.8260,0.9390,3.9180
2015.00548,2015-01-02,-80.5140,225.4610,-17.9440,0.8390,0.9410,4.0130
2015.00822,2015-01-03,-80.6060,225.4370,-16.3150,0.8330,0.9650,4.0680
2015.01096,2015-01-04,-80.2860,226.2490,-14.3290,0.8350,0.9690,4.0800
2015.01370,2015-01-05,-78.9250,224.7000,-12.2140,0.8380,0.9380,3.9890
2015.01644,2015-01-06,-78.4110,225.0120,-12.2840,0.8300,0.9360,3.9310
2015.01918,2015-01-07,-78.3800,224.0610,-17.2170,0.8340,0.9350,3.9970
2015.02192,2015-01-08,-79.7690,224.0330,-14.1530,0.8280,0.9350,3.9340
2015.02466,2015-01-09,-78.1490,225.4040,-16.0950,0.8710,0.9540,4.1000
2015.02740,2015-01-10,-80.6900,225.7530,-12.7840,0.8440,0.9570,4.0460
2015.03014,2015-01-11,-79.8860,226.4730,-15.2730,0.8280,0.9410,3.9340
2015.03288,2015-01-12,-80.2580,226.7860,-17.8990,0.8360,0.9430,4.0240
2015.03562,2015-01-13,-80.5020,226.7610,-20.5110,0.8450,0.9670,4.0500
2015.03836,2015-01-14,-80.2370,224.8680,-17.7550,0.8370,0.9290,4.0120
2015.04658,2015-01-17,-82.1230,225.9460,-19.7800,0.8530,0.9420,3.9690
2015.04932,2015-01-18,-82.0070,223.2040,-19.0470,0.8580,0.9420,4.0340
2015.05205,2015-01-19,-81.6140,225.1130,-11.8070,0.8320,0.9290,3.8860
2015.05753,2015-01-21,-80.6390,228.1490,-16.7420,0.8370,0.9640,4.0520
2015.06027,2015-01-22,-81.0580,226.1500,-16.9520,0.8270,0.9410,3.9050
2015.06301,2015-01-23,-81.8660,226.9700,-10.1720,0.8370,0.9340,3.9060
2015.06575,2015-01-24,-79.5420,228.3020,-16.3050,0.8560,0.9910,4.1820
2015.06849,2015-01-25,-80.7060,226.5050,-10.2170,0.8270,0.9340,3.9370
2015.07123,2015-01-26,-80.2410,226.2100,-13.7040,0.8340,0.9490,3.9170
2015.07397,2015-01-27,-80.0760,226.5450,-15.5710,0.8330,0.9680,4.0260
2015.07671,2015-01-28,-83.1880,228.1140,-14.2330,0.8440,0.9640,4.0080
2015.07945,2015-01-29,-79.8170,228.7440,-18.5520,0.8300,0.9630,3.9580
2015.08219,2015-01-30,-79.5420,227.2610,-21.3490,0.8510,0.9960,4.0640
2015.08493,2015-01-31,-80.5320,228.8950,-25.4860,0.8380,0.9530,3.9210
2015.08767,2015-02-01,-79.9990,228.5140,-19.2300,0.8280,0.9520,3.8510
2015.09041,2015-02-02,-78.4860,227.3360,-17.8370,0.8370,0.9670,4.0040
2015.09315,2015-02-03,-78.2810,228.7100,-17.3110,0.8420,0.9760,4.0400
2015.09589,2015-02-04,-80.0560,229.0100,-17.8740,0.8320,0.9930,4.0130
2015.09863,2015-02-05,-79.9110,228.8400,-15.1420,0.8440,0.9800,4.0020
2015.10137,2015-02-06,-80.6770,230.2600,-19.9200,0.8540,0.9890,4.0360
2015.10411,2015-02-07,-80.7880,230.3550,-20.6450,0.8650,0.9770,4.0890
2015.10685,2015-02-08,-81.2190,228.3180,-15.1090,0.8400,0.9830,3.9890
2015.10959,2015-02-09,-82.1840,228.4620,-15.6220,0.8420,0.9960,4.0340
2015.11233,2015-02-10,-80.2330,228.3860,-16.9590,0.9070,1.0230,4.1500
2015.11507,2015-02-11,-79.8330,231.3980,-16.0230,0.8730,1.0150,4.2190
2015.11781,2015-02-12,-80.1780,231.9750,-11.8990,0.8550,0.9760,4.1040
2015.12055,2015-02-13,-81.9440,229.8970,-2.1810,0.8730,0.9780,4.1210
2015.12329,2015-02-14,-79.3880,230.9510,-16.8880,0.9610,1.0580,4.4100
2015.12603,2015-02-15,-80.7600,228.6020,-6.8200,0.8670,1.0630,4.3220
2015.12877,2015-02-16,-78.6890,227.8390,-12.9120,0.8610,1.0160,4.1910
2015.13151,2015-02-17,-79.9750,226.0520,-15.5910,0.8370,0.9820,3.9940
2015.13425,2015-02-18,-81.2840,229.7980,-15.2870,0.8610,0.9850,4.0220
2015.13699,2015-02-19,-82.5930,229.4810,-13.0580,0.8800,0.9950,4.1530
2015.13973,2015-02-20,-81.7660,230.2640,-14.5580,0.8570,1.0020,4.0980
2015.14247,2015-02-21,-83.3920,231.7040,-14.3370,0.8590,1.0110,4.1210
2015.14521,2015-02-22,-79.0700,230.7310,-17.6720,0.8340,0.9710,3.9400
2015.14795,2015-02-23,-78.0860,230.5830,-12.0370,0.8450,0.9680,3.9990
2015.15068,2015-02-24,-80.3800,230.7550,-17.5090,0.8640,0.9940,4.2040
2015.15342,2015-02-25,-79.7670,232.3730,-16.4250,0.8340,0.9590,3.9550
2015.15616,2015-02-26,-79.4600,228.9820,-11.2770,0.8550,0.9800,4.0540
2015.15890,2015-02-27,-78.8930,231.2360,-15.5730,0.9050,0.9810,4.1120
2015.16164,2015-02-28,-79.1530,229.2670,-18.3820,0.8450,0.9680,3.9950
2015.16438,2015-03-01,-79.9760,230.8690,-11.8090,0.8310,0.9330,3.8450
2015.16712,2015-03-02,-81.0950,231.6260,-16.5670,0.8350,0.9510,3.9410
2015.16986,2015-03-03,-79.3170,231.5940,-11.2950,0.8400,0.9320,3.8440
2015.17260,2015-03-04,-79.1820,229.1200,-13.3940,0.8650,0.9590,3.9890
2015.17534,2015-03-05,-80.5160,230.3150,-8.1760,0.9070,0.9960,4.1120
2015.17808,2015-03-06,-78.1520,229.3980,-12.4710,0.8960,0.9940,4.1000
2015.18082,2015-03-07,-78.4220,230.5370,-12.7450,0.8310,0.9450,3.8450
2015.18356,2015-03-08,-78.6170,231.8730,-13.9020,0.8440,0.9430,3.9150
2015.18630,2015-03-09,-76.7130,229.5690,-13.5460,0.8580,0.9480,3.9080
2015.18904,2015-03-10,-80.7690,230.3090,-11.2660,0.8460,0.9510,3.9130
2015.19178,2015-03-11,-81.2220,230.5870,-10.7240,0.9010,0.9620,4.0330
2015.19452,2015-03-12,-79.4680,229.6970,-5.4180,0.8860,0.9890,4.0980
2015.19726,2015-03-13,-80.1380,230.5910,-8.5700,0.9020,1.0030,4.0720
2015.20000,2015-03-14,-80.0070,231.8460,-20.1700,0.9200,1.0440,4.2250
2015.20274,2015-03-15,-82.4620,231.9440,-7.0920,0.9040,0.9710,4.0940
2015.20548,2015-03-16,-78.6890,229.5810,-2.1020,0.9010,0.9550,4.0690
2015.20822,2015-03-17,-81.7310,230.0280,-2.2720,0.8640,0.9510,4.0570
2015.21096,2015-03-18,-82.1090,228.8290,-11.9560,0.8330,0.9190,3.8180
2015.21370,2015-03-19,-79.7680,231.9610,-17.3940,0.8420,0.9370,3.9050
2015.21644,2015-03-20,-80.1400,229.9380,-12.4910,0.8500,0.9740,4.0190
2015.21918,2015-03-21,-79.6990,232.3090,-9.0440,0.8370,0.9280,3.8550
2015.22192,2015-03-22,-82.3800,234.1080,-9.5120,0.8410,0.9350,3.9100
2015.22466,2015-03-23,-82.5540,232.0430,-13.3970,0.8410,0.9490,3.9570
2015.22740,2015-03-24,-79.8070,232.1420,-13.8700,0.8500,0.9290,3.9110
2015.23014,2015-03-25,-80.6970,231.5950,-14.2070,0.8510,0.9550,3.9820
2015.23288,2015-03-26,-81.7170,231.4160,-14.3080,0.8630,0.9340,3.9180
2015.23562,2015-03-27,-82.3760,230.8940,-15.7840,0.8650,0.9850,4.0150
2015.23836,2015-03-28,-81.1950,232.0570,-12.4580,0.8480,0.9720,3.9130
2015.24110,2015-03-29,-81.4640,232.4820,-11.0390,0.8600,0.9910,4.0040
2015.24384,2015-03-30,-79.1490,231.0930,-3.5690,0.8600,0.9910,3.9880
2015.24658,2015-03-31,-80.1170,233.8130,-13.8720,0.8780,1.0270,4.1950
2015.24932,2015-04-01,-80.9370,232.1750,-12.2120,0.9110,1.0060,4.2900
2015.25205,2015-04-02,-81.5530,232.7280,-5.4970,0.8860,0.9490,4.1050
2015.25479,2015-04-03,-81.7200,233.1430,-10.2480,0.8850,0.9880,4.1010
2015.25753,2015-04-04,-77.7950,231.6170,-9.2660,0.9050,0.9500,4.0830
2015.26027,2015-04-05,-78.6700,231.0950,-11.6780,0.8910,0.9610,4.0950
2015.26301,2015-04-06,-78.1790,229.8050,-13.0050,0.9880,1.0600,4.5110
2015.26575,2015-04-07,-78.0850,230.3150,-11.2260,0.9200,1.0250,4.2470
2015.26849,2015-04-08,-77.7560,230.5560,-15.1250,0.8860,0.9800,4.1430
2015.27123,2015-04-09,-78.4760,230.2930,-9.7860,0.8790,0.9640,4.1070
2015.27397,2015-04-10,-81.4470,232.2390,-11.2640,0.8570,0.9320,3.8890
2015.27671,2015-04-11,-82.6670,231.1160,-8.9080,0.8700,0.9660,4.0350
2015.27945,2015-04-12,-80.5570,231.3820,-13.3230,0.8540,0.9530,3.9720
2015.28219,2015-04-13,-81.4340,233.7640,-11.4180,0.8480,0.9320,3.9330
2015.28493,2015-04-14,-80.7430,231.2420,-7.8560,0.8620,0.9500,4.0390
2015.28767,2015-04-15,-82.0640,234.4830,-10.2290,0.8830,0.9630,4.1050
2015.29041,2015-04-16,-82.3880,234.3660,-13.8830,0.8780,0.9680,4.0380
2015.29315,2015-04-17,-79.6260,230.9900,-0.2290,0.8550,0.9350,3.9980
2015.29589,2015-04-18,-80.8170,233.2110,-10.7900,0.8640,0.9520,4.0480
2015.29863,2015-04-19,-81.8070,235.1030,-7.9980,0.8530,0.9430,3.9900
2015.30137,2015-04-20,-80.0390,233.3940,-5.2310,0.8900,0.9670,4.1770
2015.30411,2015-04-21,-78.9900,235.3540,-7.0030,0.8570,0.9600,3.9590
2015.30685,2015-04-22,-77.9130,236.5720,-10.4950,0.8500,0.9360,3.8720
2015.30959,2015-04-23,-78.3120,236.1110,-13.9050,0.8530,0.9530,3.9870
2015.31233,2015-04-24,-81.1750,235.4950,-12.7250,0.8330,0.9060,3.8300
2015.31507,2015-04-25,-81.1800,237.0820,-6.2890,0.8680,0.9460,3.9560
2015.31781,2015-04-26,-83.2110,236.3360,-10.3570,0.8620,0.9510,4.0260
2015.32055,2015-04-27,-80.8680,234.2350,-7.4600,0.8500,0.9370,3.9410
2015.32329,2015-04-28,-80.7850,234.2930,-5.0020,0.8210,0.9110,3.7940
2015.32603,2015-04-29,-78.5890,234.7220,-9.7800,0.8260,0.9250,3.8890
2015.32877,2015-04-30,-82.2040,233.1480,-6.0750,0.8560,0.9450,4.1030
2015.33151,2015-05-01,-81.8840,237.3140,-10.5800,0.8480,0.9400,4.0910
2015.33425,2015-05-02,-83.1190,235.8610,-18.9990,0.8410,0.9570,3.9930
2015.33699,2015-05-03,-83.4230,236.7070,-14.5090,0.8430,0.9330,3.9750
2015.33973,2015-05-04,-82.9350,238.7120,-3.9810,0.8570,0.9780,4.0980
2015.34247,2015-05-05,-83.0680,237.1860,-12.2950,0.8460,0.9430,4.0360
2015.34521,2015-05-06,-84.9920,238.9080,-10.9580,0.8400,0.9690,4.1290
2015.34795,2015-05-07,-83.5110,236.9760,-17.2990,0.8640,0.9630,4.1240
2015.35068,2015-05-08,-81.7520,237.3760,-5.0660,0.8940,0.9490,4.1100
2015.35342,2015-05-09,-81.8870,234.9940,-13.0410,0.8250,0.9350,3.9700
2015.35616,2015-05-10,-82.3960,238.3990,-13.6150,0.8400,0.9780,4.1730
2015.35890,2015-05-11,-81.9310,236.4520,-12.9600,0.8500,0.9760,4.1330
2015.36164,2015-05-12,-79.4500,234.9580,-6.8060,0.8600,0.9630,4.0360
2015.36438,2015-05-13,-79.4300,235.5460,-18.8270,0.8490,0.9760,4.0800
2015.36712,2015-05-14,-79.8220,236.5440,-12.0380,0.8460,0.9650,4.0900
2015.36986,2015-05-15,-80.4980,236.0380,-6.6640,0.8400,0.9340,4.0310
2015.37260,2015-05-16,-82.6290,236.6190,-4.7540,0.8470,0.9410,4.0000
2015.37534,2015-05-17,-82.3750,237.2500,-17.3490,0.8420,0.9330,3.9610
2015.37808,2015-05-18,-78.6390,236.5850,-13.4350,0.8450,0.9620,4.0450
2015.38082,2015-05-19,-85.3520,237.9980,-2.8430,0.8570,0.9580,4.1740
2015.38356,2015-05-20,-83.7580,236.0590,-12.6830,0.8330,0.9310,3.9120
2015.38630,2015-05-21,-84.1370,236.0470,-14.8390,0.8340,0.9210,3.9100
2015.38904,2015-05-22,-82.3560,237.5440,-13.6670,0.8510,0.9510,4.1350
2015.39178,2015-05-23,-86.4120,237.4850,-14.3940,0.8490,0.9270,3.9520
2015.39452,2015-05-24,-83.1190,237.8880,-8.5080,0.8670,0.9820,4.2970
2015.39726,2015-05-25,-80.1010,237.5970,-15.8400,0.8370,0.9340,3.9720
2015.40000,2015-05-26,-87.3180,236.1370,-8.2260,0.8470,0.9370,4.0320
2015.40274,2015-05-27,-84.4590,238.3960,-11.3290,0.8390,0.9070,3.8390
2015.40548,2015-05-28,-83.6750,237.3610,-16.2200,0.8590,0.9480,4.1260
2015.40822,2015-05-29,-81.9860,237.2310,-21.5730,0.8330,0.9190,3.9520
2015.41096,2015-05-30,-84.7920,236.3950,-10.1710,0.8460,0.9590,4.0890
2015.41370,2015-05-31,-85.4170,237.7920,-11.2850,0.8560,0.9420,4.0050
2015.41644,2015-06-01,-82.6800,236.7620,-20.2010,0.8350,0.9250,3.9240
2015.41918,2015-06-02,-82.0060,238.6510,-19.0620,0.8840,0.9760,4.2490
2015.42192,2015-06-03,-84.9590,238.3670,-18.2420,0.8500,0.9360,4.0120
2015.42466,2015-06-04,-84.0990,236.2010,-25.6190,0.8490,0.9490,4.0550
2015.42740,2015-06-05,-84.8800,236.6240,-14.4940,0.8810,0.9800,4.1590
2015.43014,2015-06-06,-85.0590,237.1620,-10.6480,0.8470,0.9090,3.9130
2015.43288,2015-06-07,-86.7010,236.4850,-14.7370,0.8590,0.9500,4.0680
2015.43562,2015-06-08,-83.6030,238.2440,-17.1170,0.8310,0.9220,3.9450
2015.43836,2015-06-09,-82.5250,236.1300,-15.5830,0.8390,0.9460,3.9970
2015.44110,2015-06-10,-83.5360,237.3590,-10.5860,0.8310,0.9090,3.8700
2015.44658,2015-06-12,-83.0290,238.5290,-9.7360,0.9630,1.0440,4.4610
2015.44932,2015-06-13,-84.8930,236.1150,-19.1560,0.8520,0.9640,4.0790
2015.45205,2015-06-14,-84.9200,236.1630,-15.1750,0.8470,0.9440,4.0290
2015.45479,2015-06-15,-84.2300,238.5750,-16.3590,0.8770,0.9250,4.0420
2015.45753,2015-06-16,-85.1740,239.3700,-11.7460,0.8410,0.9270,3.9630
2015.46027,2015-06-17,-86.7690,237.1910,-15.9450,0.8840,0.9310,4.0680
2015.46301,2015-06-18,-83.6240,237.3100,-17.5640,0.8660,0.9370,4.0230
2015.46575,2015-06-19,-83.3860,238.1250,-8.8780,0.9090,1.0200,4.5470
2015.46849,2015-06-20,-84.6010,239.6000,-23.0710,0.8320,0.9240,3.8560
2015.47123,2015-06-21,-86.5720,236.8700,-8.1300,0.8850,0.9910,4.1660
2015.47397,2015-06-22,-86.5340,237.9580,-14.5180,0.8440,0.9390,3.9510
2015.47671,2015-06-23,-84.8940,238.4690,-9.7860,0.8670,0.9880,4.0870
2015.47945,2015-06-24,-84.2530,240.7240,-13.6550,0.8550,0.9730,4.0170
2015.48219,2015-06-25,-84.9560,241.8200,-15.7760,0.8510,0.9760,4.0840
2015.48493,2015-06-26,-85.1470,239.5340,-9.9910,0.8380,0.9610,3.9290
2015.48767,2015-06-27,-85.6210,236.9420,-14.5670,0.8380,0.9540,3.9750
2015.49041,2015-06-28,-84.9830,238.2960,-19.2730,0.8370,0.9410,3.9250
2015.49315,2015-06-29,-84.3320,239.2300,-12.8360,0.8940,0.9970,4.2770
2015.49589,2015-06-30,-84.9790,239.6820,-7.6470,0.8460,0.9620,3.9090
2015.49863,2015-07-01,-86.3190,238.9750,-5.8150,0.8450,0.9770,4.1020
2015.50137,2015-07-02,-85.2820,239.0090,-10.2410,0.8370,0.9810,4.1130
2015.50685,2015-07-04,-87.7180,237.5850,-5.3460,0.8680,0.9920,4.1640
2015.50959,2015-07-05,-88.8760,238.9490,-10.5930,0.8610,0.9590,4.0890
2015.51233,2015-07-06,-86.0910,240.1650,-13.4260,0.8420,0.9650,4.0050
2015.51507,2015-07-07,-83.5120,244.9460,-11.4830,0.8680,0.9700,4.1170
2015.51781,2015-07-08,-86.2050,238.4440,-18.7320,0.8390,0.9390,3.9260
2015.52055,2015-07-09,-87.1740,239.6710,-12.1030,0.8700,1.0030,4.0880
2015.52329,2015-07-10,-84.5190,238.2620,-12.1290,0.8770,0.9530,4.0670
2015.52603,2015-07-11,-88.6860,243.4130,-10.9190,0.8680,0.9540,4.0160
2015.52877,2015-07-12,-84.8540,240.9500,-10.8760,0.8440,0.9550,4.0010
2015.53151,2015-07-13,-85.3950,241.7120,-26.2750,0.8870,1.0000,4.2770
2015.53425,2015-07-14,-86.9370,239.5520,-12.0350,0.8790,0.9990,4.1100
2015.53699,2015-07-15,-85.1860,237.5050,-5.9340,0.8950,1.0280,4.2820
2015.53973,2015-07-16,-88.0960,239.5230,-14.9550,0.8350,0.9270,3.8560
2015.54247,2015-07-17,-86.7550,239.5800,-16.0440,0.8950,0.9940,4.2020
2015.54521,2015-07-18,-85.4500,241.3270,-19.0220,0.8780,0.9670,4.2020
2015.54795,2015-07-19,-85.1610,241.6070,-4.6730,0.8590,0.9620,4.1240
2015.55068,2015-07-20,-85.5720,239.3160,-7.4240,0.8520,0.9490,4.0520
2015.55342,2015-07-21,-87.0750,242.7100,-18.5080,0.8520,0.9610,4.0510
2015.55616,2015-07-22,-87.1810,241.4580,-5.6190,0.8790,0.9890,4.2480
2015.55890,2015-07-23,-87.0000,241.9760,-21.0820,0.8460,0.9490,4.0260
2015.56164,2015-07-24,-86.2040,241.6660,-18.4300,0.8480,0.9620,4.0890
2015.56438,2015-07-25,-84.9310,240.7130,-8.0620,0.8570,0.9710,4.1330
2015.56712,2015-07-26,-85.1050,238.9680,-20.8370,0.8860,1.0230,4.4500
2015.56986,2015-07-27,-86.3090,239.6260,-12.5350,0.8620,0.9830,4.1600
2015.57260,2015-07-28,-86.9470,242.0200,-11.9210,0.8850,0.9640,4.1580
2015.57534,2015-07-29,-88.2360,240.1940,-21.1980,0.8860,1.0230,4.3120
2015.57808,2015-07-30,-86.7480,240.5350,-15.0330,0.8740,0.9830,4.2640
2015.58082,2015-07-31,-86.1490,233.8740,-6.6300,0.8650,0.9780,4.0830
2015.58356,2015-08-01,-88.5260,242.4600,-11.1810,0.8840,0.9800,4.2220
2015.58630,2015-08-02,-86.2490,242.4480,-16.8390,0.8550,0.9760,4.1820
2015.58904,2015-08-03,-86.4100,244.5260,-17.5390,0.8690,0.9740,4.2240
2015.59178,2015-08-04,-86.2340,242.8960,-20.1230,0.8530,0.9610,4.1190
2015.59452,2015-08-05,-83.6120,240.4710,-22.8650,0.8640,1.0050,4.1890
2015.59726,2015-08-06,-87.5520,242.6790,-21.5900,0.8740,0.9630,4.1810
2015.60000,2015-08-07,-85.1650,239.1510,-19.4800,0.8950,1.0180,4.3490
2015.60274,2015-08-08,-86.2890,240.2190,-10.8460,0.8850,0.9840,4.1900
2015.60548,2015-08-09,-88.5670,241.6510,-9.3400,0.9150,1.0430,4.5010
2015.60822,2015-08-10,-86.3320,241.8220,-28.2070,0.8720,0.9700,4.2210
2015.61096,2015-08-11,-86.7750,242.6270,-22.4890,0.8570,0.9410,4.0540
2015.61370,2015-08-12,-84.8160,242.4390,-11.8450,0.8660,0.9650,4.1490
2015.61644,2015-08-13,-85.8420,241.9580,-18.5240,0.8690,0.9810,4.2170
2015.61918,2015-08-14,-88.7090,245.0180,-12.1870,0.8380,0.9300,3.9890
2015.62192,2015-08-15,-85.8320,243.1490,-20.4990,0.8720,0.9790,4.1530
2015.62466,2015-08-16,-86.8520,242.6290,-19.3110,0.8520,0.9360,4.0540
2015.62740,2015-08-17,-86.1150,244.8480,-17.2950,0.8620,0.9650,4.0470
2015.63014,2015-08-18,-90.6890,245.2380,-21.7750,0.8410,0.9570,3.9850
2015.63562,2015-08-20,-85.8530,242.7010,-30.8660,0.8700,0.9460,4.0460
2015.63836,2015-08-21,-86.7270,242.0020,-12.0720,0.8800,0.9730,4.1180
2015.64110,2015-08-22,-89.8030,242.2560,-13.4850,0.8480,0.9280,3.9620
2015.64384,2015-08-23,-86.5910,242.3730,-14.2130,0.8320,0.9360,3.9450
2015.64658,2015-08-24,-86.4960,241.7610,-17.7720,0.8650,0.9540,4.0880
2015.64932,2015-08-25,-88.4560,240.3090,-6.1620,0.8900,0.9860,4.2000
2015.65205,2015-08-26,-88.9200,241.3810,-17.9790,0.8540,0.9500,4.0200
2015.65479,2015-08-27,-89.5320,242.3580,-18.5600,0.8340,0.9430,3.9810
2015.65753,2015-08-28,-90.2710,242.2510,-10.9520,0.8330,0.9360,3.9700
2015.66027,2015-08-29,-86.7240,242.2720,-15.3190,0.8310,0.9430,3.9800
2015.66301,2015-08-30,-88.2100,244.2420,-16.6440,0.8510,0.9370,4.0110
2015.66575,2015-08-31,-88.8280,245.8380,-17.0750,0.8490,0.9410,4.0050
2015.66849,2015-09-01,-88.8310,242.8430,-17.8570,0.8460,0.9780,4.0060
2015.67123,2015-09-02,-88.1970,243.2780,-16.0320,0.8700,0.9790,4.0830
2015.67397,2015-09-03,-90.5390,244.1420,-24.6800,0.8320,0.9240,3.9330
2015.67671,2015-09-04,-89.3200,243.3950,-24.8910,0.8310,0.9290,3.9470
2015.67945,2015-09-05,-87.3180,241.5640,-17.6420,0.8360,0.9330,3.9620
2015.68219,2015-09-06,-87.4540,241.1670,-10.1300,0.8440,0.9370,4.0230
2015.68493,2015-09-07,-86.8200,243.8440,-17.0650,0.8740,0.9340,4.0890
2015.69041,2015-09-09,-87.7310,241.9010,-27.5230,0.8540,0.9400,4.0290
2015.69315,2015-09-10,-89.2290,243.3770,-22.1030,0.8420,0.9410,3.9660
2015.69589,2015-09-11,-88.0950,242.3170,-19.3570,0.8500,0.9480,4.0020
2015.69863,2015-09-12,-88.0750,244.1360,-27.1100,0.8280,0.9210,3.9130
2015.70137,2015-09-13,-88.1100,242.7530,-15.6570,0.8430,0.9330,3.9720
2015.70411,2015-09-14,-89.0850,242.5170,-15.4370,0.8380,0.9340,3.9840
2015.70685,2015-09-15,-86.8010,242.0610,-16.6990,0.8530,0.9440,4.0550
2015.70959,2015-09-16,-86.3320,242.5190,-26.3910,0.8440,0.9390,4.0060
2015.71233,2015-09-17,-87.4560,241.9260,-19.5200,0.8480,0.9480,4.0630
2015.71507,2015-09-18,-87.8300,242.8370,-29.0840,0.8500,0.9390,4.0360
2015.71781,2015-09-19,-89.0320,243.0600,-22.3080,0.8520,0.9350,4.0330
2015.72055,2015-09-20,-88.1970,242.0050,-21.0050,0.8380,0.9200,3.9810
2015.72329,2015-09-21,-88.2790,243.5420,-20.4810,0.8750,0.9690,4.1730
2015.72603,2015-09-22,-86.6920,242.9740,-14.2760,0.8480,0.9500,4.0910
2015.72877,2015-09-23,-88.5050,242.8650,-18.9410,0.8410,0.9410,4.0370
2015.73151,2015-09-24,-86.5910,243.5230,-16.7120,0.8520,0.9730,4.1610
2015.73425,2015-09-25,-88.0600,244.1950,-11.6310,0.8650,0.9430,4.0680
2015.73699,2015-09-26,-87.0500,242.5780,-23.2910,0.9040,0.9670,4.2250
2015.73973,2015-09-27,-86.0460,244.1720,-10.1130,0.9160,0.9770,4.2530
2015.74247,2015-09-28,-85.8970,240.2790,-13.6870,0.9000,1.0460,4.4080
2015.74521,2015-09-29,-87.6090,243.3350,-16.3430,0.9080,0.9600,4.3020
2015.74795,2015-09-30,-88.4220,244.9650,-13.0550,0.9720,1.0240,4.5520
2015.75068,2015-10-01,-84.3720,239.4110,-7.6630,0.9030,0.9930,4.3260
2015.75342,2015-10-02,-89.1430,243.0110,-25.1040,0.8520,0.9090,3.9220
2015.75616,2015-10-03,-90.2550,239.6500,-17.3210,0.8560,0.9420,4.0880
2015.75890,2015-10-04,-85.3230,243.5480,-9.0300,0.8690,0.9180,4.1070
2015.76164,2015-10-05,-85.5860,241.1890,-11.4420,0.8700,0.9480,4.1260
2015.76438,2015-10-06,-87.8690,243.1700,-18.3890,0.8770,0.9250,4.0600
2015.76712,2015-10-07,-86.4530,241.8810,-10.4510,0.8620,0.9120,3.9730
2015.76986,2015-10-08,-90.0340,243.0580,-18.7170,0.8980,0.9600,4.3080
2015.77260,2015-10-09,-85.9920,244.0210,-7.3730,0.8520,0.9280,3.9820
2015.77534,2015-10-10,-86.0160,243.5040,-14.9920,0.8600,0.9160,4.0390
2015.77808,2015-10-11,-86.1390,243.4490,-15.6870,0.8440,0.9070,3.9200
2015.78082,2015-10-12,-86.5130,241.6770,-19.1360,0.8480,0.9070,4.0260
2015.78356,2015-10-13,-87.4850,246.7260,-20.1620,0.8440,0.9140,3.9490
2015.78630,2015-10-14,-88.0270,243.7710,-22.7830,0.8570,0.9350,4.0040
2015.78904,2015-10-15,-86.0100,246.0900,-18.8480,0.8370,0.9080,3.9290
2015.79178,2015-10-16,-86.9540,244.8270,-21.9770,0.8410,0.9220,3.9920
2015.79452,2015-10-17,-85.8170,245.7900,-21.7150,0.8400,0.9180,3.9720
2015.79726,2015-10-18,-85.1700,246.7100,-9.5460,0.8570,0.9280,4.0900
2015.80000,2015-10-19,-87.3370,245.7850,-18.4260,0.9420,0.9960,4.3300
2015.80274,2015-10-20,-87.4000,246.4510,-8.9020,0.8840,0.9590,4.1630
2015.80548,2015-10-21,-85.9530,244.7610,-17.8060,0.8970,0.9860,4.3800
2015.80822,2015-10-22,-87.2630,245.7130,-14.9800,0.8700,0.9450,4.1420
2015.81096,2015-10-23,-86.2690,245.8770,-14.9110,0.8490,0.9320,4.0160
2015.81370,2015-10-24,-86.9680,245.9160,-19.0910,0.8760,0.9650,4.1630
2015.81644,2015-10-25,-87.8640,244.2990,-16.4750,0.8560,0.9180,4.0250
2015.81918,2015-10-26,-87.3840,244.7770,-20.9810,0.8580,0.9180,3.9790
2015.82192,2015-10-27,-85.8990,246.7780,-18.9560,0.8380,0.9180,3.9490
2015.82466,2015-10-28,-88.1120,245.8990,-19.4810,0.8390,0.9080,3.9790
2015.82740,2015-10-29,-85.8730,247.4660,-26.0870,0.8610,0.9260,4.0550
2015.83014,2015-10-30,-88.4130,247.5500,-16.3770,0.8430,0.9210,3.9940
2015.83288,2015-10-31,-86.4100,244.9360,-19.2860,0.8900,0.9420,4.1640
2015.83562,2015-11-01,-87.3550,246.2230,-18.8550,0.8720,0.9340,4.0570
2015.83836,2015-11-02,-87.6410,246.3140,-18.0700,0.8580,0.9170,3.9520
2015.84110,2015-11-03,-88.9300,248.5540,-13.8580,0.8530,0.9040,3.8980
2015.84384,2015-11-04,-88.6580,247.2330,-15.9120,0.8540,0.9100,3.9380
2015.84658,2015-11-05,-87.6800,249.6460,-16.4730,0.8550,0.9100,3.9640
2015.84932,2015-11-06,-86.9970,248.4490,-16.0610,0.8640,0.9040,4.0110
2015.85205,2015-11-07,-84.2970,246.8920,-19.9080,0.8620,0.9230,3.9930
2015.85479,2015-11-08,-87.6680,248.6980,-17.3920,0.8790,0.9260,4.0250
2015.85753,2015-11-09,-85.4390,246.9730,-29.3700,0.8750,0.9300,4.0830
2015.86027,2015-11-10,-86.1020,248.7920,-21.1350,0.8560,0.9060,3.9590
2015.86301,2015-11-11,-88.4310,248.1170,-16.9020,0.8560,0.9120,3.9480
2015.86575,2015-11-12,-88.9890,249.2180,-16.9510,0.8450,0.9110,3.9340
2015.86849,2015-11-13,-86.8630,248.9110,-19.1740,0.8480,0.9040,3.9010
2015.87123,2015-11-14,-87.9270,248.8180,-23.5890,0.8550,0.9200,4.0100
2015.87671,2015-11-16,-89.3530,249.8640,-14.1960,0.8660,0.9210,4.0220
2015.87945,2015-11-17,-86.3930,247.6200,-14.6500,0.8710,0.9100,3.9860
2015.88219,2015-11-18,-86.7050,247.4540,-11.8670,0.8600,0.9160,4.0110
2015.88493,2015-11-19,-86.2100,245.7380,-17.4630,0.8670,0.9370,4.0420
2015.88767,2015-11-20,-89.4070,249.8130,-16.2400,0.8860,0.9670,4.1830
2015.89041,2015-11-21,-89.0320,250.7810,-16.7090,0.8770,0.9470,4.1340
2015.89315,2015-11-22,-86.1730,248.3530,-24.6410,0.8620,0.9380,4.0750
2015.89589,2015-11-23,-87.5590,247.4600,-24.7280,0.8630,0.9250,4.0020
2015.89863,2015-11-24,-84.8820,249.3140,-21.5060,0.8600,0.9130,3.9470
2015.90137,2015-11-25,-85.1800,247.7120,-22.2370,0.8500,0.9100,3.9250
2015.90411,2015-11-26,-89.5680,249.9940,-23.6140,0.8630,0.9240,4.0150
2015.90685,2015-11-27,-88.6730,248.6590,-25.5620,0.8650,0.9150,3.9970
2015.90959,2015-11-28,-88.5610,249.3950,-23.8290,0.8660,0.9070,3.9930
2015.91233,2015-11-29,-89.2210,250.7860,-24.7050,0.8600,0.9260,4.0080
2015.91507,2015-11-30,-87.0200,250.8090,-18.0980,0.8520,0.9100,3.9400
2015.91781,2015-12-01,-87.1770,251.8480,-24.8080,0.8560,0.9020,3.9300
2015.92055,2015-12-02,-88.8500,250.8920,-21.3730,0.8610,0.9200,4.0050
2015.92329,2015-12-03,-89.7460,249.7200,-21.5080,0.8670,0.9250,4.0420
2015.92603,2015-12-04,-90.3070,250.0840,-14.3540,0.8660,0.9170,4.0430
2015.92877,2015-12-05,-90.9880,249.8350,-23.0580,0.8560,0.9100,3.9480
2015.93151,2015-12-06,-88.7640,250.8770,-20.4840,0.8830,0.9360,4.0830
2015.93425,2015-12-07,-88.8610,250.8470,-16.1960,0.8800,0.9190,4.1150
2015.93699,2015-12-08,-89.1110,250.1100,-21.2360,0.8800,0.9380,4.2010
2015.93973,2015-12-09,-90.4920,249.5930,-19.2330,0.8870,0.9350,4.2440
2015.94247,2015-12-10,-90.0990,249.6760,-17.5970,0.8830,0.9710,4.2500
2015.94521,2015-12-11,-90.3650,251.9180,-18.8230,0.8910,0.9250,4.1310
2015.94795,2015-12-12,-89.2710,250.3330,-22.7840,0.8700,0.9230,4.1110
2015.95068,2015-12-13,-87.4080,249.8770,-23.1430,0.8730,0.9370,4.1730
2015.95342,2015-12-14,-89.1680,248.9050,-22.0930,0.8470,0.9180,3.9610
2015.95616,2015-12-15,-88.0030,249.9680,-18.9300,0.8360,0.9060,3.8950
2015.95890,2015-12-16,-89.8000,250.1880,-20.0480,0.8560,0.9130,3.9560
2015.96164,2015-12-17,-88.5480,250.3380,-24.7400,0.8780,0.9780,4.1910
2015.96438,2015-12-18,-87.2670,249.8660,-22.6040,0.8490,0.9450,4.0570
2015.96712,2015-12-19,-88.4180,251.1570,-26.2940,0.8400,0.8980,3.8710
2015.96986,2015-12-20,-89.2430,250.5410,-20.9120,0.8500,0.9300,4.0040
2015.97260,2015-12-21,-89.1740,249.8890,-15.8550,0.8450,0.9090,3.9670
2015.97534,2015-12-22,-88.1590,250.9630,-18.2010,0.8300,0.9090,3.9810
2015.97808,2015-12-23,-87.2620,249.5720,-17.3290,0.8290,0.8920,3.8830
2015.98082,2015-12-24,-88.8630,252.9850,-19.6020,0.8440,0.9060,3.9700
2015.98356,2015-12-25,-87.3960,252.3360,-15.5230,0.8480,0.8960,3.9700
2015.98630,2015-12-26,-88.3770,251.6430,-17.7900,0.8400,0.9020,3.9470
2015.98904,2015-12-27,-88.8240,251.7490,-20.7710,0.8460,0.9030,3.9780
2015.99178,2015-12-28,-87.8910,250.9140,-22.5250,0.8390,0.9180,3.9200
2015.99452,2015-12-29,-87.6310,251.5070,-23.5980,0.8360,0.9040,3.8740
2015.99726,2015-12-30,-88.7010,252.2220,-21.1970,0.8300,0.8980,3.8900
2016.00000,2015-12-31,-86.6860,251.2250,-22.0760,0.8470,0.9130,3.9590
2016.00273,2016-01-01,-89.3630,251.0950,-24.7670,0.8240,0.8940,3.8520
2016.00546,2016-01-02,-88.3110,250.0830,-13.1570,0.8450,0.9150,3.9230
2016.00820,2016-01-03,-91.6650,253.5370,-15.0600,0.8570,0.9340,4.0460
2016.01093,2016-01-04,-89.1210,253.7360,-21.3580,0.8450,0.9050,3.9340
2016.01366,2016-01-05,-89.8260,252.7080,-19.2300,0.8370,0.9160,3.9610
2016.01639,2016-01-06,-89.9370,251.5870,-23.6600,0.8610,0.9380,4.1090
2016.01913,2016-01-07,-90.2850,253.6280,-18.4410,0.8680,0.9100,4.0460
2016.02186,2016-01-08,-89.2240,254.0690,-14.9510,0.8810,0.9370,4.1570
2016.02459,2016-01-09,-89.8730,252.5420,-21.7420,0.8450,0.9280,3.9760
2016.02732,2016-01-10,-86.5960,254.5040,-18.4480,0.8300,0.9080,3.9120
2016.03005,2016-01-11,-90.2250,254.5440,-13.0070,0.8480,0.9260,4.0220
2016.03279,2016-01-12,-87.4040,252.3410,-23.6100,0.8480,0.9240,3.9560
2016.03552,2016-01-13,-90.9800,252.1200,-16.9230,0.8510,0.9350,4.0620
2016.03825,2016-01-14,-89.3720,252.8690,-15.9070,0.8390,0.9330,3.9930
2016.04098,2016-01-15,-90.5300,254.6760,-16.4230,0.8680,0.9420,4.1840
2016.04372,2016-01-16,-87.8880,254.5210,-16.9990,0.8700,0.9470,4.1200
2016.04645,2016-01-17,-89.8760,254.6150,-12.1760,0.8510,0.9450,4.0890
2016.04918,2016-01-18,-89.8260,255.8170,-23.3000,0.8320,0.9310,3.9120
2016.05191,2016-01-19,-89.8570,253.3280,-19.2550,0.8310,0.9280,3.9260
2016.05464,2016-01-20,-87.6300,254.8740,-19.1030,0.8460,0.9380,3.9990
2016.05738,2016-01-21,-87.3960,254.2010,-21.5460,0.8400,0.9300,3.9860
2016.06011,2016-01-22,-87.7930,250.5790,-22.2940,0.8410,0.9420,4.0200
2016.06284,2016-01-23,-88.6040,251.3930,-27.1110,0.8440,0.9240,3.9780
2016.06557,2016-01-24,-88.2460,251.6240,-23.7870,0.8410,0.9140,3.9200
2016.06831,2016-01-25,-90.6350,251.8390,-27.7200,0.8440,0.9300,3.9730
2016.07104,2016-01-26,-90.5640,254.3380,-25.0430,0.8580,0.9410,4.0850
2016.07377,2016-01-27,-92.3900,254.8510,-18.3130,0.8480,0.9330,4.0810
2016.07923,2016-01-29,-91.3750,256.9210,-8.0580,0.8670,1.0110,4.3140
2016.08197,2016-01-30,-90.7760,254.0650,-20.9560,0.8550,0.9680,4.1090
2016.08470,2016-01-31,-86.4500,252.8220,-24.3030,0.8560,0.9740,4.0610
2016.08743,2016-02-01,-89.5310,254.4100,-15.7050,0.8600,0.9460,4.0990
2016.09016,2016-02-02,-89.2360,254.5230,-17.5540,0.8430,0.9250,3.9860
2016.09290,2016-02-03,-88.4650,254.3960,-20.2090,0.8370,0.9210,3.9170
2016.09563,2016-02-04,-89.0080,252.3890,-21.9470,0.8770,0.9500,4.1350
2016.09836,2016-02-05,-90.1030,254.7930,-15.8950,0.8320,0.9100,3.8480
2016.10109,2016-02-06,-90.9340,254.9940,-18.2340,0.8610,0.9390,4.0540
2016.10383,2016-02-07,-88.4990,255.0630,-18.6160,0.8500,0.9490,4.0510
2016.10656,2016-02-08,-91.3220,255.2220,-22.7770,0.8470,0.9310,3.9720
2016.10929,2016-02-09,-90.8980,254.7080,-21.3530,0.8450,0.9410,3.9740
2016.11202,2016-02-10,-90.1460,255.1710,-13.4790,0.8410,0.9450,3.9870
2016.11475,2016-02-11,-88.9510,253.6240,-11.8180,0.8530,0.9740,4.1030
2016.11749,2016-02-12,-90.8540,253.9100,-9.8770,0.8600,0.9480,4.0470
2016.12022,2016-02-13,-88.5250,254.1880,-15.6730,0.8570,0.9480,4.0330
2016.12295,2016-02-14,-89.5360,256.5740,-22.7250,0.8400,0.9510,3.9760
2016.12568,2016-02-15,-91.2870,255.0390,-18.5670,0.8590,0.9380,4.0160
2016.12842,2016-02-16,-89.4940,254.7320,-15.2080,0.8770,0.9700,4.0860
2016.13115,2016-02-17,-90.1870,255.1200,-19.1970,0.8720,0.9670,4.1640
2016.13388,2016-02-18,-88.7120,254.5380,-21.2130,0.8440,0.9330,3.9730
2016.13661,2016-02-19,-88.9550,256.5360,-21.0590,0.8740,0.9680,4.1290
2016.13934,2016-02-20,-90.3880,255.0540,-21.3090,0.8690,0.9490,4.0520
2016.14208,2016-02-21,-88.1680,254.7330,-17.7990,0.8390,0.9530,3.9450
2016.14481,2016-02-22,-90.0040,255.0490,-17.6760,0.8410,0.9490,3.9620
2016.14754,2016-02-23,-88.2650,254.4690,-14.4560,0.8470,0.9560,4.0120
2016.15027,2016-02-24,-89.9750,253.7850,-20.7180,0.8570,0.9250,3.9030
2016.15301,2016-02-25,-90.6370,254.4670,-25.0880,0.8400,0.9200,3.8770
2016.15574,2016-02-26,-92.0690,255.0730,-19.5810,0.8670,0.9400,4.0770
2016.15847,2016-02-27,-91.1290,255.9100,-18.7890,0.8630,0.9550,3.9720
2016.16120,2016-02-28,-89.1640,254.4610,-17.5130,0.8580,0.9420,4.0560
2016.16393,2016-02-29,-89.0650,256.8000,-31.5320,0.8620,0.9210,4.0000
2016.16667,2016-03-01,-87.8940,255.4660,-21.4140,0.9050,0.9540,4.1160
2016.16940,2016-03-02,-91.1660,254.6550,-22.2850,0.8630,0.9390,3.9820
2016.17213,2016-03-03,-91.5470,257.5780,-17.8190,0.8480,0.9320,3.9350
2016.17486,2016-03-04,-89.5550,255.5580,-13.2970,0.8880,0.9630,4.0970
2016.17760,2016-03-05,-89.3420,257.5220,-13.0660,0.8590,0.9500,3.9600
2016.18033,2016-03-06,-90.3340,255.4130,-15.1580,0.8640,0.9280,3.9380
2016.18306,2016-03-07,-90.0560,254.4300,-22.6500,0.8600,0.9220,4.0100
2016.18579,2016-03-08,-91.4660,256.1840,-20.2840,0.8980,0.9770,4.1880
2016.18852,2016-03-09,-89.5410,255.8330,-13.4590,0.8800,0.9470,4.0870
2016.19126,2016-03-10,-92.5290,256.4530,-18.9330,0.8390,0.9440,3.9610
2016.19399,2016-03-11,-91.8660,257.5060,-19.5890,0.8260,0.9090,3.8330
2016.19672,2016-03-12,-90.3840,258.0040,-14.0510,0.8320,0.9090,3.8690
2016.19945,2016-03-13,-92.7560,257.2510,-15.0310,0.8590,0.9720,4.1160
2016.20219,2016-03-14,-92.9370,255.4970,-21.3170,0.8680,0.9460,4.0170
2016.20492,2016-03-15,-92.1110,254.1900,-9.7880,0.8640,0.9570,4.0750
2016.20765,2016-03-16,-91.5440,259.2770,-21.6800,0.9160,0.9620,4.1980
2016.21038,2016-03-17,-94.9050,257.8150,-19.9820,0.8880,0.9740,4.1340
2016.21311,2016-03-18,-92.4050,255.2570,-19.4090,0.8890,0.9640,4.1150
2016.21585,2016-03-19,-91.8930,256.5900,-19.4240,0.8780,0.9820,4.1200
2016.21858,2016-03-20,-92.0340,257.2800,-19.1720,0.8600,0.9560,3.9960
2016.22131,2016-03-21,-91.1710,257.7450,-17.3470,0.8400,0.9360,3.9150
2016.22404,2016-03-22,-91.3260,257.0410,-20.8070,0.8240,0.9120,3.8210
2016.22678,2016-03-23,-91.9720,258.2600,-21.1750,0.8460,0.9230,3.8910
2016.22951,2016-03-24,-92.4110,257.3660,-21.7530,0.8330,0.9210,3.8800
2016.23224,2016-03-25,-92.1550,258.0140,-20.6530,0.8280,0.9010,3.7820
2016.23497,2016-03-26,-90.3680,257.6350,-17.8920,0.8340,0.9170,3.9000
2016.23770,2016-03-27,-92.9700,256.9780,-21.1640,0.8330,0.9370,3.9430
2016.24044,2016-03-28,-93.0410,256.7650,-23.5770,0.8270,0.9110,3.8100
2016.24317,2016-03-29,-91.8900,257.9780,-16.9990,0.8480,0.9290,3.8920
2016.24590,2016-03-30,-91.2690,257.4130,-20.4030,0.8390,0.9230,3.9260
2016.24863,2016-03-31,-91.3430,257.5110,-19.3180,0.8340,0.9140,3.8460
2016.25137,2016-04-01,-92.4080,257.4610,-13.3120,0.8250,0.9280,3.8910
2016.25410,2016-04-02,-92.0830,258.5220,-17.7180,0.8290,0.9220,3.8510
2016.25683,2016-04-03,-89.8120,257.0470,-21.4050,0.8310,0.9180,3.8580
2016.25956,2016-04-04,-92.7800,260.1350,-21.7270,0.8390,0.9310,3.9150
2016.26230,2016-04-05,-90.0970,256.5340,-18.9540,0.8370,0.9220,3.8820
2016.26503,2016-04-06,-91.2880,254.9440,-10.1950,0.8560,0.9260,3.9320
2016.26776,2016-04-07,-90.4440,258.4350,-24.3030,0.8310,0.9190,3.8850
2016.27049,2016-04-08,-92.6960,261.2530,-28.8840,0.8510,0.9280,3.9490
2016.27322,2016-04-09,-92.9410,260.8800,-15.0540,0.8400,0.9160,3.8400
2016.27869,2016-04-11,-91.5130,260.3130,-14.1580,0.8520,0.9390,4.0040
2016.28142,2016-04-12,-90.9550,257.1720,-9.3000,0.8430,0.9340,3.9210
2016.28415,2016-04-13,-92.9830,257.4500,-12.5970,0.8660,0.9470,4.0660
2016.28689,2016-04-14,-94.7090,260.5370,-2.6780,0.9170,0.9710,4.2320
2016.28962,2016-04-15,-92.9460,259.8410,-24.1100,0.8680,0.9600,4.0960
2016.29235,2016-04-16,-92.6410,258.5940,-17.5620,0.8520,0.9510,4.0160
2016.29508,2016-04-17,-90.7340,257.9500,-21.6480,0.8510,0.9430,3.9960
2016.29781,2016-04-18,-90.2380,259.9270,-19.0220,0.8630,0.9330,3.9860
2016.30055,2016-04-19,-91.6430,260.4500,-22.8780,0.8460,0.9420,4.0110
2016.30328,2016-04-20,-93.7250,260.3380,-17.3390,0.8320,0.9360,3.9170
2016.30601,2016-04-21,-91.1060,259.5280,-18.4360,0.8330,0.9280,3.8990
2016.30874,2016-04-22,-91.0730,261.4030,-23.0360,0.8200,0.9040,3.8290
2016.31148,2016-04-23,-93.2690,262.1910,-19.3530,0.8410,0.9220,3.9690
2016.31421,2016-04-24,-91.3440,262.1160,-21.3200,0.8350,0.9560,4.0330
2016.31694,2016-04-25,-91.0790,258.0000,-23.4990,0.8280,0.9210,3.9010
2016.31967,2016-04-26,-91.3330,258.1980,-15.4400,0.8520,0.9390,3.9940
2016.32240,2016-04-27,-90.4940,258.9350,-16.9320,0.8310,0.9400,4.0260
2016.32514,2016-04-28,-90.4150,258.4960,-20.3240,0.8150,0.9040,3.8120
2016.32787,2016-04-29,-93.3410,258.6070,-17.3010,0.8310,0.9050,3.8520
2016.33060,2016-04-30,-92.7000,261.3460,-24.5930,0.8290,0.9420,4.0130
2016.33333,2016-05-01,-91.9610,261.8950,-17.8580,0.8310,0.9220,3.9100
2016.33607,2016-05-02,-92.4350,257.9100,-19.2180,0.8550,0.9540,4.0710
2016.33880,2016-05-03,-89.6300,256.5900,-6.2510,0.8490,0.9610,4.0530
2016.34153,2016-05-04,-88.9820,259.0540,-14.1590,0.8500,0.9670,4.0540
2016.34426,2016-05-05,-92.0580,258.7010,-12.2500,0.8490,0.9570,3.9860
2016.34699,2016-05-06,-91.3990,258.5160,-21.6970,0.8580,0.9730,4.1600
2016.34973,2016-05-07,-88.7930,259.6710,-21.7160,0.8410,0.9340,4.0730
2016.35246,2016-05-08,-90.2260,259.4660,-25.2790,0.8650,0.9520,4.1780
2016.35519,2016-05-09,-89.1520,259.5280,-23.3250,0.8440,0.9260,3.9530
2016.35792,2016-05-10,-91.8100,259.1200,-18.4150,0.8610,0.9590,4.0540
2016.36066,2016-05-11,-92.4190,258.0060,-17.6070,0.8260,0.9120,3.8940
2016.36339,2016-05-12,-92.3610,256.0890,-14.4300,0.8170,0.9300,3.8900
2016.36612,2016-05-13,-90.4190,257.3190,-33.4030,0.8310,0.9400,3.9810
2016.36885,2016-05-14,-90.9570,261.5720,-24.5460,0.8460,0.9410,4.0730
2016.37158,2016-05-15,-91.7900,258.2850,-14.4740,0.8320,0.9360,3.9510
2016.37432,2016-05-16,-92.2090,260.4250,-21.1730,0.8310,0.9230,3.9110
2016.37705,2016-05-17,-93.1200,259.9330,-20.5100,0.8150,0.8970,3.7640
2016.37978,2016-05-18,-91.6610,259.9230,-23.8580,0.8200,0.9210,3.8650
2016.38251,2016-05-19,-92.2930,259.2110,-26.4430,0.8310,0.9300,3.8770
2016.38525,2016-05-20,-90.4670,260.3730,-19.6180,0.8330,0.9300,3.9700
2016.38798,2016-05-21,-93.4790,261.2760,-12.4250,0.8390,0.9270,3.8930
2016.39071,2016-05-22,-91.2500,262.1310,-17.6210,0.8360,0.9290,3.8700
2016.39344,2016-05-23,-91.1370,259.9600,-21.2940,0.8500,0.9440,4.0780
2016.39617,2016-05-24,-88.7890,261.1700,-16.5170,0.8430,0.9330,3.9840
2016.39891,2016-05-25,-89.9170,261.4850,-20.3270,0.8790,0.9590,4.1120
2016.40164,2016-05-26,-92.4910,261.5090,-26.3700,0.8680,0.9660,4.1430
2016.40437,2016-05-27,-91.0000,260.6070,-21.2450,0.8570,0.9550,3.9420
2016.40710,2016-05-28,-91.8740,260.1830,-22.8160,0.8340,0.9310,3.9840
2016.40984,2016-05-29,-92.4830,263.5530,-21.2870,0.8320,0.9210,3.8900
2016.41257,2016-05-30,-92.7060,265.0510,-21.2720,0.8450,0.9630,4.1070
2016.41530,2016-05-31,-92.9050,260.1890,-17.0600,0.8450,0.9170,3.9800
2016.41803,2016-06-01,-93.7800,260.5010,-16.6220,0.8310,0.9400,3.9490
2016.42077,2016-06-02,-94.7650,261.4380,-15.0700,0.8440,0.9590,4.1120
2016.42350,2016-06-03,-93.7990,265.0480,-20.5520,0.8410,0.9410,4.0880
2016.42623,2016-06-04,-92.1820,262.3140,-24.9910,0.8510,0.9530,4.0790
2016.42896,2016-06-05,-94.7720,264.1850,-26.2790,0.8840,0.9810,4.2020
2016.43169,2016-06-06,-94.3380,261.1630,-11.6270,0.8470,0.9410,3.9520
2016.43443,2016-06-07,-90.6880,260.6000,-23.3020,0.8660,0.9860,4.2100
2016.43716,2016-06-08,-91.0130,262.0410,-16.1470,0.8740,0.9830,4.2530
2016.43989,2016-06-09,-93.6850,263.1550,-19.3810,0.8490,0.9660,4.0160
2016.44262,2016-06-10,-93.3580,264.3230,-20.8000,0.8310,0.9300,3.9010
2016.44536,2016-06-11,-94.4040,262.6270,-16.4550,0.8460,0.9340,3.9660
2016.44809,2016-06-12,-94.4230,264.7060,-18.8500,0.8560,0.9500,4.0880
2016.45082,2016-06-13,-94.1540,265.9920,-19.1150,0.8530,0.9320,4.0300
2016.45355,2016-06-14,-94.3270,265.7880,-26.3130,0.8700,0.9680,4.1780
2016.45628,2016-06-15,-96.8490,266.3100,-17.8320,0.8520,0.9360,3.9360
2016.45902,2016-06-16,-94.4360,265.0600,-26.2420,0.8490,0.9790,4.1600
2016.46175,2016-06-17,-92.7300,262.1840,-13.9860,0.8410,0.9820,4.1610
2016.46448,2016-06-18,-91.3220,263.1460,-32.5000,0.8550,0.9560,4.1020
2016.46721,2016-06-19,-96.7230,263.6980,-19.7030,0.8810,0.9790,4.1860
2016.46995,2016-06-20,-95.7640,263.5090,-23.1230,0.8660,0.9880,4.2320
2016.47268,2016-06-21,-96.0440,262.8010,-17.8290,0.8480,0.9520,4.0570
2016.47541,2016-06-22,-91.9860,261.3600,-15.7530,0.8580,0.9580,4.1500
2016.47814,2016-06-23,-92.9320,265.3500,-24.0720,0.8640,0.9610,4.1430
2016.48087,2016-06-24,-94.5400,263.5040,-17.1420,0.8870,1.0460,4.3080
2016.48361,2016-06-25,-93.8760,264.8390,-24.9510,0.8350,0.9290,3.9960
2016.48634,2016-06-26,-93.7940,264.4430,-4.8080,0.8530,0.9760,4.2090
2016.48907,2016-06-27,-94.7340,264.7510,-15.5810,0.8610,0.9680,4.1890
2016.49180,2016-06-28,-95.0790,266.0570,-31.4620,0.8580,0.9540,4.1820
2016.49454,2016-06-29,-92.9870,262.8910,-11.9590,0.8670,0.9880,4.1290
2016.49727,2016-06-30,-98.3170,267.1010,-11.3640,0.9010,1.0050,4.3520
2016.50000,2016-07-01,-99.5440,265.6940,-18.0850,0.8520,0.9790,4.1380
2016.50273,2016-07-02,-98.4390,267.9580,-31.0930,0.8760,0.9810,4.2540
2016.50546,2016-07-03,-98.3090,267.5710,-28.0680,0.8790,0.9980,4.2430
2016.50820,2016-07-04,-97.7340,262.7910,-19.6250,0.8830,1.0390,4.5090
2016.51093,2016-07-05,-97.2520,267.1910,-23.5880,0.8380,0.9280,3.9670
2016.51366,2016-07-06,-96.4440,264.3670,-15.8360,0.8570,0.9640,4.1580
2016.51639,2016-07-07,-94.4040,264.8630,-18.0050,0.8500,0.9440,4.0620
2016.51913,2016-07-08,-97.8810,266.2900,-10.6960,0.8590,0.9560,4.0440
2016.52186,2016-07-09,-98.1310,269.6750,-11.6540,0.8880,1.0370,4.4560
2016.52459,2016-07-10,-97.6220,268.7360,-18.7210,0.8510,0.9240,3.9810
2016.52732,2016-07-11,-97.6560,267.2790,-9.3490,0.8460,0.9360,4.0160
2016.53005,2016-07-12,-98.0690,266.1340,-19.7520,0.8600,0.9240,3.9360
2016.53279,2016-07-13,-96.5340,266.7380,-10.9430,0.8520,0.9460,4.0120
2016.53552,2016-07-14,-97.6300,263.9700,-20.0660,0.8390,0.9630,4.0970
2016.53825,2016-07-15,-96.6210,265.5650,-19.4830,0.8400,0.9410,3.9610
2016.54098,2016-07-16,-98.3890,266.1650,-17.2700,0.8510,0.9410,4.0030
2016.54372,2016-07-17,-98.7180,264.5080,-20.9390,0.8530,0.9540,4.0800
2016.54645,2016-07-18,-95.9280,263.9800,-18.0840,0.8540,0.9800,4.1580
2016.54918,2016-07-19,-95.8430,265.3760,-24.8300,0.8480,0.9590,4.0610
2016.55191,2016-07-20,-95.0410,265.9000,-30.0050,0.8610,0.9730,4.0720
2016.55464,2016-07-21,-94.2040,266.4990,-30.2290,0.8500,0.9330,3.9690
2016.55738,2016-07-22,-97.4910,265.1890,-19.6570,0.8580,0.9530,4.0120
2016.56011,2016-07-23,-98.3360,267.3360,-19.0950,0.8390,0.9440,4.0210
2016.56284,2016-07-24,-97.8050,266.5460,-21.5170,0.8490,0.9490,4.1110
2016.56557,2016-07-25,-95.7370,266.8370,-26.1680,0.8280,0.9200,3.8970
2016.56831,2016-07-26,-94.9700,266.5660,-21.9580,0.8430,0.9290,3.9320
2016.57104,2016-07-27,-98.0530,268.2000,-23.0350,0.8630,0.9390,4.0310
2016.57377,2016-07-28,-97.5520,264.7880,-21.5070,0.8520,0.9560,4.1200
2016.57650,2016-07-29,-95.7030,266.6870,-16.8930,0.8790,0.9800,4.1620
2016.57923,2016-07-30,-97.7750,268.5720,-28.4340,0.8690,0.9890,4.2860
2016.58197,2016-07-31,-96.5620,268.5670,-31.6630,0.8260,0.9580,4.0130
2016.58743,2016-08-02,-93.8840,263.7450,-21.3280,0.8600,0.9760,4.0780
2016.59016,2016-08-03,-94.1020,266.8260,-17.5180,0.8430,0.9370,3.9760
2016.59290,2016-08-04,-95.5340,267.5740,-25.2280,0.8260,0.9440,3.9530
2016.59563,2016-08-05,-95.1880,266.9260,-22.2830,0.8320,0.9200,3.9350
2016.59836,2016-08-06,-96.1200,267.9450,-25.2870,0.8520,1.0080,4.2240
2016.60109,2016-08-07,-95.1660,262.5440,-10.1820,0.8350,0.9620,4.0780
2016.60383,2016-08-08,-95.1520,268.9330,-17.4540,0.8260,0.9340,3.9490
2016.60656,2016-08-09,-97.0980,265.4040,-8.0170,0.8540,0.9760,4.1140
2016.60929,2016-08-10,-93.5400,267.8900,-24.1550,0.8680,0.9640,4.1970
2016.61202,2016-08-11,-95.4200,267.8210,-19.7660,0.8340,0.9570,4.0980
2016.61475,2016-08-12,-96.0200,268.9740,-12.2240,0.8430,0.9570,4.0470
2016.61749,2016-08-13,-96.4530,267.6270,-19.6290,0.8290,0.9510,4.0280
2016.62022,2016-08-14,-95.8760,267.7250,-22.4310,0.8510,0.9530,4.0270
2016.62295,2016-08-15,-96.3520,267.3230,-21.3270,0.8470,0.9560,4.0280
2016.62568,2016-08-16,-93.8430,271.4970,-11.1150,0.8610,0.9960,4.2430
2016.62842,2016-08-17,-97.5740,265.3930,-9.6580,0.8430,0.9730,4.0860
2016.63115,2016-08-18,-97.9640,269.0530,-14.8780,0.8670,0.9990,4.2450
2016.63388,2016-08-19,-98.6530,266.2890,-9.5220,0.8820,0.9980,4.1090
2016.63661,2016-08-20,-97.0770,266.9980,-17.9060,0.8490,0.9570,4.0990
2016.63934,2016-08-21,-93.9360,266.1210,-16.7890,0.8470,0.9620,4.0810
2016.64208,2016-08-22,-97.0560,266.8770,-21.4880,0.8260,0.9530,4.0280
2016.64481,2016-08-23,-93.8760,266.3900,-16.0510,0.8430,0.9600,4.0980
2016.64754,2016-08-24,-93.7080,266.7860,-20.0100,0.8690,0.9820,4.1580
2016.65027,2016-08-25,-98.0340,267.7210,-17.4680,0.8590,0.9530,4.0450
2016.65301,2016-08-26,-92.1240,268.9340,-28.0250,0.8570,0.9780,4.2560
2016.65574,2016-08-27,-97.1280,267.5550,-22.6270,0.8560,0.9930,4.2660
2016.65847,2016-08-28,-93.7320,265.8270,-15.8640,0.8300,0.9460,4.0210
2016.66120,2016-08-29,-95.8230,266.5920,-26.1980,0.8260,0.9480,4.0200
2016.66393,2016-08-30,-94.8120,268.4520,-20.8480,0.8410,0.9450,3.9910
2016.66667,2016-08-31,-95.8940,267.8240,-7.5940,0.8420,0.9650,4.0980
2016.66940,2016-09-01,-97.1070,269.8280,-18.0140,0.8470,0.9490,4.0180
2016.67213,2016-09-02,-95.3350,269.8900,-16.8430,0.8710,0.9580,4.1070
2016.67486,2016-09-03,-95.2430,265.2160,-25.0840,0.8340,0.9590,4.0150
2016.67760,2016-09-04,-99.2010,266.6920,-34.0570,0.8810,0.9900,4.1340
2016.68033,2016-09-05,-96.0180,267.9720,-28.9200,0.8790,0.9630,4.1290
2016.68306,2016-09-06,-96.6240,269.7310,-18.4490,0.8390,0.9540,4.0070
2016.68579,2016-09-07,-94.9710,269.8040,-17.5480,0.8630,1.0200,4.2290
2016.68852,2016-09-08,-94.0850,268.6560,-17.3850,0.8750,1.0090,4.1560
2016.69126,2016-09-09,-95.7590,270.1620,-25.6620,0.8630,0.9850,4.0890
2016.69399,2016-09-10,-95.7130,268.7640,-17.2930,0.8430,0.9660,4.0270
2016.69672,2016-09-11,-95.6110,267.6650,-18.8070,0.8370,0.9760,4.0420
2016.69945,2016-09-12,-94.6370,268.7900,-27.3810,0.8260,0.9410,3.9330
2016.70219,2016-09-13,-95.0180,268.8670,-20.8600,0.8460,0.9600,4.0910
2016.70492,2016-09-14,-96.1390,267.1040,-13.1010,0.8720,0.9890,4.1440
2016.70765,2016-09-15,-96.2280,268.9300,-25.6280,0.8840,0.9820,4.1650
2016.71038,2016-09-16,-96.6050,266.9060,-11.4150,0.8970,1.0340,4.3760
2016.71311,2016-09-17,-94.4230,270.6950,-23.2260,0.8500,0.9540,4.0090
2016.71585,2016-09-18,-95.3970,269.1540,-30.6010,0.8230,0.9460,3.9590
2016.71858,2016-09-19,-93.8070,266.3740,-24.3210,0.8350,0.9690,4.0740
2016.72131,2016-09-20,-95.9160,268.6770,-30.6700,0.8270,0.9480,3.9820
2016.72404,2016-09-21,-96.3890,268.0480,-20.4380,0.8340,0.9560,3.9880
2016.72678,2016-09-22,-94.7140,268.0340,-27.9490,0.8600,0.9900,4.1260
2016.72951,2016-09-23,-94.6380,267.4190,-24.2400,0.8620,0.9810,4.0560
2016.73224,2016-09-24,-96.9460,268.7610,-22.8640,0.8320,0.9650,4.0490
2016.73497,2016-09-25,-97.7720,271.5030,-23.4290,0.8340,0.9540,3.9780
2016.73770,2016-09-26,-97.3790,270.4200,-23.8480,0.8450,0.9790,4.0880
2016.74044,2016-09-27,-97.6720,266.6410,-31.9240,0.8670,0.9760,4.1510
2016.74317,2016-09-28,-95.1640,272.2910,-11.4950,0.8950,0.9940,4.2660
2016.74590,2016-09-29,-97.3520,266.6210,-18.6350,0.8580,0.9680,4.1620
2016.74863,2016-09-30,-97.9120,270.7590,-24.5350,0.8260,0.9340,3.8910
2016.75137,2016-10-01,-96.0290,268.6880,-17.3420,0.8240,0.9170,3.8970
2016.75410,2016-10-02,-96.1310,270.2230,-20.0570,0.8330,0.9250,3.8970
2016.75683,2016-10-03,-96.1350,270.1780,-24.9170,0.8470,0.9460,3.9670
2016.75956,2016-10-04,-95.7370,269.1880,-17.3460,0.8460,0.9230,3.9450
2016.76230,2016-10-05,-97.8330,270.7490,-23.1900,0.8730,0.9730,4.1750
2016.76503,2016-10-06,-96.6620,269.1190,-28.2960,0.8230,0.9550,4.0540
2016.76776,2016-10-07,-95.9990,270.4910,-22.7000,0.8650,0.9460,3.9980
2016.77049,2016-10-08,-96.0310,271.0340,-17.5440,0.8230,0.9050,3.8480
2016.77322,2016-10-09,-97.1680,272.3910,-29.7780,0.8700,0.9410,4.0670
2016.77596,2016-10-10,-97.5020,272.6070,-37.5670,0.8300,0.9220,3.8760
2016.77869,2016-10-11,-95.0850,269.5780,-20.2870,0.8470,0.9360,3.9710
2016.78142,2016-10-12,-97.0990,270.3670,-24.8140,0.8610,0.9820,4.1120
2016.78415,2016-10-13,-96.2760,273.2030,-25.2010,0.8670,0.9580,4.1100
2016.78689,2016-10-14,-99.1210,270.9880,-28.4260,0.8340,0.9350,3.9430
2016.78962,2016-10-15,-97.9190,270.8830,-29.5210,0.8620,0.9530,4.0930
2016.79235,2016-10-16,-97.8670,271.0440,-27.8760,0.8330,0.9430,3.9620
2016.79508,2016-10-17,-98.1110,270.9810,-21.9050,0.8330,0.9310,3.9150
2016.79781,2016-10-18,-98.4010,273.8370,-29.2440,0.8390,0.9260,3.9440
2016.80055,2016-10-19,-95.1390,273.2090,-19.6420,0.8600,0.9770,4.1690
2016.80328,2016-10-20,-99.3940,274.7070,-24.6360,0.8780,0.9940,4.2540
2016.80601,2016-10-21,-97.1230,271.9860,-20.8540,0.8650,0.9600,4.0620
2016.80874,2016-10-22,-97.2290,274.0820,-24.3700,0.8260,0.9210,3.8720
2016.81148,2016-10-23,-95.0150,272.8140,-19.3120,0.8180,0.9300,3.9250
2016.81421,2016-10-24,-97.9260,272.9820,-20.6850,0.8200,0.9030,3.8010
2016.81694,2016-10-25,-96.7750,272.5740,-21.4150,0.8460,0.9180,3.8960
2016.81967,2016-10-26,-95.6470,269.9250,-17.5100,0.8300,0.9370,3.9390
2016.82240,2016-10-27,-96.9820,269.5220,-18.6240,0.8250,0.9210,3.8560
2016.82514,2016-10-28,-95.9130,269.2540,-17.7590,0.8080,0.9100,3.7880
2016.82787,2016-10-29,-96.0220,269.0700,-22.4860,0.8300,0.9270,3.8980
2016.83060,2016-10-30,-96.4430,270.5780,-16.2170,0.8240,0.9240,3.9070
2016.83333,2016-10-31,-95.6000,272.6850,-27.3740,0.8330,0.9180,3.8750
2016.83607,2016-11-01,-95.9520,271.8930,-24.9950,0.8040,0.9130,3.7880
2016.83880,2016-11-02,-96.5170,271.7190,-19.2510,0.8080,0.8950,3.7310
2016.84153,2016-11-03,-97.4870,271.3150,-16.5630,0.8260,0.9150,3.8320
2016.84426,2016-11-04,-98.1230,272.7210,-21.4260,0.8240,0.9100,3.8260
2016.84699,2016-11-05,-97.3300,273.0210,-25.1310,0.8160,0.9060,3.8050
2016.84973,2016-11-06,-97.5230,274.3360,-25.8340,0.8320,0.9210,3.8430
2016.85246,2016-11-07,-96.4670,273.7430,-18.0960,0.8120,0.9010,3.7450
2016.85519,2016-11-08,-94.4760,272.3960,-21.4860,0.8140,0.9220,3.8680
2016.85792,2016-11-09,-98.7840,273.4710,-25.2990,0.8160,0.9110,3.7780
2016.86066,2016-11-10,-98.4220,273.9370,-25.3560,0.8260,0.9550,3.8900
2016.86339,2016-11-11,-98.9210,273.8780,-23.1770,0.8220,0.9040,3.7860
2016.86612,2016-11-12,-99.2330,273.7530,-24.0140,0.8280,0.9200,3.8660
2016.86885,2016-11-13,-98.2920,273.0380,-30.1520,0.8230,0.9170,3.8510
2016.87158,2016-11-14,-97.1160,274.2670,-25.7880,0.8260,0.9110,3.8300
2016.87432,2016-11-15,-97.7910,275.2020,-26.6670,0.8210,0.9230,3.8530
2016.87705,2016-11-16,-97.6330,274.4830,-27.9380,0.8340,0.9220,3.8880
2016.87978,2016-11-17,-97.6730,275.1130,-24.3820,0.8450,0.9260,3.8730
2016.88251,2016-11-18,-99.0540,275.4780,-26.7240,0.8300,0.9240,3.8820
2016.88525,2016-11-19,-97.1660,276.1000,-19.1990,0.8270,0.9250,3.8630
2016.88798,2016-11-20,-99.1520,272.6350,-18.4900,0.8300,0.9240,3.8790
2016.89071,2016-11-21,-94.7280,273.2940,-25.8820,0.8290,0.9170,3.8520
2016.89344,2016-11-22,-97.8220,274.4660,-26.3260,0.8340,0.9200,3.8500
2016.89617,2016-11-23,-100.5330,274.3710,-19.5820,0.8410,0.9190,3.9240
2016.89891,2016-11-24,-98.1340,275.0240,-25.0720,0.8260,0.9180,3.8400
2016.90164,2016-11-25,-99.7840,274.2670,-23.0310,0.8330,0.9270,3.8720
2016.90437,2016-11-26,-100.2530,277.7770,-24.6920,0.8550,0.9430,4.0410
2016.90710,2016-11-27,-94.7460,275.1850,-33.1800,0.8700,0.9640,4.1990
2016.90984,2016-11-28,-97.7150,273.5490,-30.5440,0.8220,0.9110,3.7770
2016.91257,2016-11-29,-97.8380,274.2510,-27.7800,0.8260,0.9300,3.8320
2016.91530,2016-11-30,-97.6080,271.9470,-34.6740,0.8450,0.9480,3.9940
2016.91803,2016-12-01,-99.9110,273.5200,-29.6590,0.8490,0.9450,3.9860
2016.92077,2016-12-02,-96.6550,274.9890,-28.2300,0.8550,0.9470,4.0290
2016.92350,2016-12-03,-97.7880,274.9030,-28.7220,0.8320,0.9240,3.9160
2016.92623,2016-12-04,-99.1190,275.1790,-21.9880,0.8290,0.9250,3.8750
2016.92896,2016-12-05,-95.9560,276.4240,-23.6000,0.8320,0.9190,3.8730
2016.93169,2016-12-06,-97.0440,275.8110,-27.1880,0.8360,0.9110,3.8420
2016.93443,2016-12-07,-96.3260,275.6210,-20.6570,0.8310,0.9100,3.8560
2016.93716,2016-12-08,-97.8450,276.2310,-30.9480,0.8300,0.9220,3.8870
2016.93989,2016-12-09,-97.0250,276.4490,-28.4770,0.8390,0.9260,3.8630
2016.94262,2016-12-10,-96.5660,274.7740,-27.6620,0.8250,0.9080,3.8010
2016.94536,2016-12-11,-97.6790,274.4380,-18.4430,0.8170,0.9110,3.7930
2016.94809,2016-12-12,-98.7180,276.4310,-24.1170,0.8360,0.9050,3.8250
2016.95082,2016-12-13,-96.2960,276.5550,-26.9850,0.8420,0.9110,3.8660
2016.95355,2016-12-14,-95.8500,274.9320,-24.4250,0.8490,0.9130,3.8620
2016.95628,2016-12-15,-96.7330,275.2230,-24.2790,0.8250,0.9060,3.8040
2016.95902,2016-12-16,-98.7230,274.1340,-21.9280,0.8180,0.9030,3.7880
2016.96175,2016-12-17,-98.3860,276.3580,-26.0590,0.8200,0.9280,3.8660
2016.96448,2016-12-18,-99.1000,275.7670,-24.5460,0.8270,0.9170,3.8150
2016.96721,2016-12-19,-97.3200,276.3520,-24.3980,0.8230,0.9040,3.8010
2016.96995,2016-12-20,-99.1600,276.2110,-25.8850,0.8340,0.9050,3.8030
2016.97268,2016-12-21,-98.8420,277.2760,-23.2670,0.8260,0.9150,3.7950
2016.97541,2016-12-22,-100.1320,278.4270,-17.1530,0.8270,0.9130,3.8650
2016.97814,2016-12-23,-96.7530,277.6260,-15.0740,0.8210,0.9110,3.7870
2016.98087,2016-12-24,-98.6500,278.7770,-20.3780,0.8220,0.9270,3.8620
2016.98361,2016-12-25,-100.6000,276.8750,-26.5850,0.8220,0.9040,3.7730
2016.98634,2016-12-26,-96.6480,277.2800,-23.0000,0.8270,0.9110,3.8340
2016.98907,2016-12-27,-99.5410,276.5830,-20.7200,0.8300,0.9230,3.9070
2016.99180,2016-12-28,-100.8900,277.1020,-24.1030,0.8340,0.9120,3.8800
2016.99454,2016-12-29,-100.1050,279.0300,-25.7370,0.8270,0.9010,3.8220
2016.99727,2016-12-30,-99.2720,278.5770,-21.4480,0.8240,0.9160,3.8200
2017.00000,2016-12-31,-100.1790,277.1700,-27.6070,0.8200,0.9130,3.8160
2017.00274,2017-01-01,-97.4610,277.1280,-25.0560,0.8240,0.9400,3.9220
2017.00548,2017-01-02,-99.7610,277.6930,-20.4760,0.8290,0.9240,3.8740
2017.00822,2017-01-03,-98.8620,278.0030,-22.3840,0.8190,0.9110,3.8140
2017.01096,2017-01-04,-99.7420,278.8420,-22.3530,0.8210,0.9160,3.8130
2017.01370,2017-01-05,-98.9680,278.6120,-24.6100,0.8240,0.9250,3.8530
2017.01644,2017-01-06,-98.7260,277.6340,-20.4410,0.8360,0.9280,3.8710
2017.01918,2017-01-07,-98.5740,279.2800,-18.2330,0.8260,0.9230,3.8780
2017.02192,2017-01-08,-98.1530,279.0920,-17.3680,0.8270,0.9160,3.8440
2017.02466,2017-01-09,-99.0290,279.4400,-16.2160,0.8190,0.8950,3.7730
2017.02740,2017-01-10,-100.1550,278.8420,-19.4930,0.8380,0.9400,3.8780
2017.03014,2017-01-11,-101.1480,278.5350,-23.3270,0.8250,0.9070,3.8110
2017.03288,2017-01-12,-99.9220,279.7560,-25.6210,0.8280,0.9130,3.8410
2017.03562,2017-01-13,-99.6830,278.8900,-19.2930,0.8230,0.9130,3.8450
2017.03836,2017-01-14,-99.9580,280.4150,-28.9300,0.8110,0.9030,3.8130
2017.04110,2017-01-15,-100.7350,278.8840,-20.2880,0.8270,0.9150,3.8620
2017.04384,2017-01-16,-99.2730,281.1050,-27.7170,0.8140,0.8950,3.7470
2017.04658,2017-01-17,-99.2940,281.3690,-28.7480,0.8310,0.9430,3.9280
2017.04932,2017-01-18,-101.1060,282.2820,-32.0690,0.8430,0.9490,3.9930
2017.05205,2017-01-19,-97.9800,279.5140,-28.1770,0.8200,0.9210,3.8270
2017.05479,2017-01-20,-99.9530,279.7000,-22.8750,0.8190,0.9110,3.7860
2017.05753,2017-01-21,-100.4940,280.1470,-28.8860,0.8170,0.8980,3.7550
2017.06027,2017-01-22,-99.2750,280.9000,-25.4910,0.8360,0.9280,3.9490
2017.06301,2017-01-23,-99.8600,280.2450,-25.6750,0.8190,0.9160,3.8460
2017.06575,2017-01-24,-100.3990,279.9920,-25.9300,0.8220,0.9050,3.8240
2017.06849,2017-01-25,-101.3860,280.8920,-27.4440,0.8150,0.9060,3.8430
2017.07123,2017-01-26,-100.2430,280.2850,-27.7940,0.8170,0.9070,3.8030
2017.07397,2017-01-27,-101.2320,279.9520,-20.6360,0.8440,0.9210,3.9020
2017.07671,2017-01-28,-100.6820,280.8260,-20.0150,0.8300,0.9020,3.8470
2017.07945,2017-01-29,-99.7040,279.6610,-19.0060,0.8280,0.9310,3.9390
2017.08219,2017-01-30,-96.3080,280.7070,-25.5120,0.8220,0.9030,3.8200
2017.08493,2017-01-31,-100.1630,280.8680,-20.4470,0.8280,0.9140,3.8580
2017.08767,2017-02-01,-99.6340,281.0250,-18.0110,0.8130,0.8930,3.7400
2017.09041,2017-02-02,-100.5000,281.6580,-19.8330,0.8130,0.9090,3.8340
2017.09315,2017-02-03,-100.0020,279.7340,-20.0720,0.8330,0.9130,3.8770
2017.09589,2017-02-04,-100.5600,282.1380,-15.3190,0.8180,0.9260,3.8860
2017.09863,2017-02-05,-99.9920,281.8610,-14.6910,0.8290,0.9170,3.8840
2017.10137,2017-02-06,-98.4130,280.4210,-19.9600,0.8170,0.9050,3.7970
2017.10411,2017-02-07,-100.8890,281.6790,-17.4530,0.8230,0.9020,3.7850
2017.10685,2017-02-08,-101.3890,281.4580,-17.1010,0.8410,0.9050,3.8760
2017.10959,2017-02-09,-98.3420,279.1640,-22.0960,0.8360,0.9120,3.9060
2017.11233,2017-02-10,-99.0930,282.1150,-21.7780,0.8280,0.9070,3.8030
2017.11507,2017-02-11,-101.1370,281.1580,-23.1090,0.8150,0.8870,3.7030
2017.11781,2017-02-12,-102.3360,281.8820,-23.8630,0.8170,0.8920,3.7610
2017.12055,2017-02-13,-99.2770,281.5730,-22.7500,0.8220,0.8950,3.8340
2017.12329,2017-02-14,-100.7570,279.6100,-22.5980,0.8360,0.8870,3.8210
2017.12603,2017-02-15,-100.7330,283.1660,-22.9770,0.8290,0.8890,3.8110
2017.12877,2017-02-16,-99.3690,280.6500,-20.2520,0.8510,0.9120,3.8650
2017.13151,2017-02-17,-99.8550,280.8670,-23.7070,0.8120,0.8990,3.7440
2017.13425,2017-02-18,-102.9850,283.6730,-28.9300,0.8210,0.8960,3.7870
2017.13699,2017-02-19,-100.4030,282.0800,-15.5350,0.8390,0.9210,3.9790
2017.13973,2017-02-20,-99.4050,284.8340,-22.1330,0.8380,0.9110,3.9110
2017.14247,2017-02-21,-102.3940,281.3060,-22.5870,0.8500,0.9270,4.0020
2017.14521,2017-02-22,-101.4340,281.9250,-25.5200,0.8390,0.9140,3.9010
2017.14795,2017-02-23,-99.4950,281.1490,-20.3040,0.8270,0.9020,3.8440
2017.15068,2017-02-24,-100.2830,282.2050,-23.7960,0.8300,0.9100,3.8870
2017.15342,2017-02-25,-101.0480,283.6880,-17.3440,0.8390,0.9060,3.8450
2017.15616,2017-02-26,-100.4530,280.4940,-19.5710,0.8320,0.9170,3.8660
2017.15890,2017-02-27,-100.1350,283.8280,-21.7670,0.8460,0.9190,3.8490
2017.16164,2017-02-28,-99.3190,281.2560,-21.1250,0.8370,0.9020,3.8310
2017.16438,2017-03-01,-100.5130,284.2280,-19.2260,0.8370,0.9070,3.8790
2017.16712,2017-03-02,-99.7320,284.8200,-20.9810,0.8390,0.8920,3.8130
2017.16986,2017-03-03,-98.8210,283.6460,-19.3280,0.8250,0.8900,3.7530
2017.17260,2017-03-04,-99.9940,283.6260,-16.5720,0.8280,0.8970,3.7750
2017.17534,2017-03-05,-101.7170,281.8840,-19.9880,0.8450,0.9220,3.9030
2017.17808,2017-03-06,-99.6250,280.8410,-20.0070,0.8560,0.9310,3.8830
2017.18082,2017-03-07,-102.3840,282.3050,-20.0810,0.8390,0.9050,3.8280
2017.18356,2017-03-08,-101.6670,283.8780,-24.5860,0.8460,0.9170,3.9370
2017.18630,2017-03-09,-101.3270,283.0360,-15.8980,0.8320,0.9130,3.8190
2017.18904,2017-03-10,-99.1120,283.0080,-26.1090,0.8230,0.9070,3.8280
2017.19178,2017-03-11,-100.4270,282.4940,-21.0270,0.8260,0.9040,3.8450
2017.19452,2017-03-12,-99.0340,282.7550,-11.6310,0.8260,0.8930,3.7940
2017.19726,2017-03-13,-101.5100,283.5210,-14.5180,0.8430,0.9300,3.9900
2017.20000,2017-03-14,-101.3100,282.7340,-26.7470,0.8300,0.9090,3.8360
2017.20274,2017-03-15,-100.7930,284.1630,-22.6980,0.8230,0.9000,3.7720
2017.20548,2017-03-16,-101.7180,283.1640,-25.8370,0.8340,0.8990,3.8530
2017.20822,2017-03-17,-102.2150,283.6500,-19.0250,0.8270,0.8980,3.8040
2017.21096,2017-03-18,-101.4320,283.0990,-23.2260,0.8390,0.9020,3.8580
2017.21370,2017-03-19,-102.5930,283.4430,-19.0700,0.8360,0.9170,3.9160
2017.21644,2017-03-20,-102.5630,283.5320,-22.4110,0.8270,0.9060,3.7960
2017.21918,2017-03-21,-101.0960,284.2390,-23.6220,0.8230,0.8970,3.7760
2017.22192,2017-03-22,-102.8230,283.4210,-17.8950,0.8330,0.9260,3.9010
2017.22466,2017-03-23,-103.1170,285.0840,-20.2650,0.8770,0.9330,3.9760
2017.22740,2017-03-24,-100.5990,284.8440,-18.5300,0.8650,0.9210,3.9190
2017.23014,2017-03-25,-101.0490,284.5070,-27.9720,0.8680,0.9040,3.9200
2017.23288,2017-03-26,-102.2210,286.1290,-29.6830,0.8360,0.9130,3.8880
2017.23562,2017-03-27,-102.3020,285.5790,-25.0440,0.8380,0.9080,3.8660
2017.23836,2017-03-28,-102.2190,283.7520,-23.8130,0.8410,0.9220,3.9200
2017.24110,2017-03-29,-102.9580,286.8420,-25.2920,0.8400,0.9040,3.8470
2017.24384,2017-03-30,-103.7230,283.7900,-22.7300,0.8400,0.9250,3.9530
2017.24658,2017-03-31,-103.8030,283.4790,-22.5940,0.8470,0.9440,4.0710
2017.24932,2017-04-01,-99.5300,283.5350,-27.3550,0.8310,0.9030,3.7970
2017.25205,2017-04-02,-101.2090,283.5630,-18.5950,0.8370,0.8960,3.8410
2017.25479,2017-04-03,-103.9610,285.7430,-30.4830,0.8310,0.9140,3.8950
2017.25753,2017-04-04,-101.6650,285.4860,-24.2930,0.8210,0.9020,3.8420
2017.26027,2017-04-05,-102.5560,284.6760,-15.3890,0.8550,0.9150,4.0340
2017.26301,2017-04-06,-102.6880,286.7100,-7.5530,0.8710,0.9320,4.0310
2017.26575,2017-04-07,-101.5780,284.8490,-27.1810,0.8460,0.9260,4.0130
2017.26849,2017-04-08,-101.6570,285.1820,-17.4060,0.8420,0.9230,3.9700
2017.27123,2017-04-09,-101.2940,287.2010,-19.7820,0.8490,0.9110,3.9470
2017.27397,2017-04-10,-99.9410,286.9940,-25.8670,0.8490,0.9230,3.9530
2017.27671,2017-04-11,-103.6380,287.7940,-9.4100,0.9110,0.9960,4.2940
2017.27945,2017-04-12,-101.5210,286.8080,-20.5440,0.8690,0.9350,4.0190
2017.28219,2017-04-13,-100.3620,284.9740,-19.7690,0.8410,0.9190,3.9540
2017.28493,2017-04-14,-100.2050,286.6390,-19.1490,0.8230,0.9040,3.8450
2017.28767,2017-04-15,-101.4600,286.5660,-18.1350,0.8360,0.9090,3.8640
2017.29041,2017-04-16,-101.5560,284.7130,-26.0310,0.8330,0.9350,3.9950
2017.29315,2017-04-17,-102.1590,286.5520,-23.0000,0.8420,0.9190,3.9770
2017.29589,2017-04-18,-102.1470,288.3030,-12.5820,0.8470,0.9180,3.8880
2017.29863,2017-04-19,-100.1150,286.9370,-22.2550,0.9000,0.9860,4.3710
2017.30137,2017-04-20,-99.2060,285.1760,-18.3610,0.8760,0.9220,4.0350
2017.30411,2017-04-21,-103.2490,286.6540,-4.4300,0.8720,0.9310,4.1190
2017.30685,2017-04-22,-101.8070,286.1580,-23.6700,0.8520,0.9290,3.9850
2017.30959,2017-04-23,-101.4640,285.4780,-22.1000,0.8290,0.9170,3.8560
2017.31233,2017-04-24,-100.7130,286.5050,-22.2140,0.8310,0.9100,3.8170
2017.31507,2017-04-25,-101.4580,286.4470,-27.0080,0.8410,0.9080,3.8560
2017.31781,2017-04-26,-100.4450,285.9660,-27.5500,0.8260,0.9260,3.8900
2017.32055,2017-04-27,-102.7070,285.4900,-22.5300,0.8610,0.9200,3.9970
2017.32329,2017-04-28,-101.9210,286.7200,-22.4970,0.8460,0.9150,3.9450
2017.32603,2017-04-29,-101.2010,285.9020,-24.2990,0.8250,0.9150,3.8470
2017.32877,2017-04-30,-100.9580,285.6590,-26.9890,0.8310,0.9020,3.8340
2017.33151,2017-05-01,-100.3830,287.5280,-25.8370,0.8230,0.9050,3.8250
2017.33425,2017-05-02,-102.4780,286.3070,-23.3860,0.8360,0.9110,3.8770
2017.33699,2017-05-03,-100.5000,285.8300,-26.4500,0.8280,0.9250,3.8920
2017.33973,2017-05-04,-102.1950,285.2440,-25.1920,0.8310,0.9440,3.9990
2017.34247,2017-05-05,-102.9990,284.9950,-28.4080,0.8540,0.9470,4.0920
2017.34521,2017-05-06,-100.0570,287.2530,-29.5300,0.8310,0.9410,3.9900
2017.34795,2017-05-07,-103.8750,289.1120,-24.8840,0.8430,0.9310,4.0450
2017.35068,2017-05-08,-101.9370,286.4880,-19.2420,0.8440,0.9200,3.8780
2017.35342,2017-05-09,-104.2420,287.3180,-20.7230,0.8410,0.9340,3.9760
2017.35616,2017-05-10,-100.2100,285.7330,-24.3260,0.8550,0.9490,4.0530
2017.35890,2017-05-11,-101.4440,286.2090,-20.8280,0.8440,0.9330,4.0560
2017.36164,2017-05-12,-103.5560,287.8500,-15.2000,0.8430,0.9270,3.9300
2017.36438,2017-05-13,-102.4040,287.5220,-17.8180,0.8420,0.9400,4.0560
2017.36712,2017-05-14,-102.6660,287.9690,-20.1990,0.8240,0.9290,3.8970
2017.36986,2017-05-15,-101.8770,288.1640,-17.1020,0.8300,0.9080,3.8540
2017.37260,2017-05-16,-102.3470,287.3240,-24.2240,0.8370,0.9190,3.9800
2017.37534,2017-05-17,-102.0320,286.9060,-18.7360,0.8340,0.9510,4.0400
2017.37808,2017-05-18,-98.7890,284.9980,-17.8940,0.8670,0.9510,4.0280
2017.38082,2017-05-19,-102.3730,288.7020,-22.6460,0.8460,0.9510,4.0280
2017.38356,2017-05-20,-100.2630,290.3780,-26.7450,0.8370,0.9320,3.9570
2017.38630,2017-05-21,-102.0280,288.8050,-14.1540,0.8410,0.9240,3.9500
2017.38904,2017-05-22,-103.3190,290.2230,-28.0700,0.8480,0.9290,3.9550
2017.39178,2017-05-23,-102.6560,287.4630,-20.5090,0.8470,0.9230,3.9340
2017.39452,2017-05-24,-103.9420,288.9550,-21.0200,0.8560,0.9330,4.0220
2017.39726,2017-05-25,-104.1960,287.3970,-16.3090,0.8330,0.9290,3.9890
2017.40000,2017-05-26,-100.5720,290.2340,-25.9460,0.8190,0.9070,3.8410
2017.40274,2017-05-27,-103.7310,286.9460,-26.3230,0.8350,0.9310,3.9500
2017.40548,2017-05-28,-102.7760,288.6540,-25.0370,0.8240,0.9150,3.8710
2017.40822,2017-05-29,-103.0730,290.2400,-29.0500,0.8470,0.9270,3.9770
2017.41096,2017-05-30,-106.8910,287.2080,-11.3870,0.8880,0.9690,4.1190
2017.41370,2017-05-31,-104.5420,290.7470,-17.9440,0.8330,0.9120,3.8660
2017.41644,2017-06-01,-105.0620,288.8550,-19.9040,0.8490,0.9370,4.0160
2017.41918,2017-06-02,-103.4660,289.9640,-27.0740,0.9440,1.0290,4.5490
2017.42192,2017-06-03,-106.6240,289.0480,-16.9270,0.9140,1.0240,4.4290
2017.42466,2017-06-04,-106.2830,287.9050,-21.0850,0.8570,0.9400,3.9880
2017.42740,2017-06-05,-103.7180,289.3040,-22.5570,0.8380,0.9210,4.0070
2017.43014,2017-06-06,-105.3210,289.7190,-24.3720,0.8620,0.9670,4.1850
2017.43288,2017-06-07,-105.0480,288.7450,-25.8440,0.8500,0.9520,4.0200
2017.43562,2017-06-08,-104.8690,290.2080,-22.3090,0.8390,0.9280,3.9550
2017.43836,2017-06-09,-105.2160,288.3170,-26.9140,0.8420,0.9400,3.9680
2017.44110,2017-06-10,-107.1310,288.9390,-19.2910,0.8720,1.0130,4.2170
2017.44384,2017-06-11,-107.3370,292.5990,-25.2720,0.8360,0.9710,4.1410
2017.44658,2017-06-12,-104.1370,288.6920,-16.0620,0.8730,0.9450,4.0420
2017.44932,2017-06-13,-104.2700,287.0530,-16.2860,0.8680,0.9600,4.1790
2017.45205,2017-06-14,-105.6030,289.6530,-10.5590,0.8430,0.9400,3.9980
2017.45479,2017-06-15,-104.1920,290.0170,-17.0610,0.8650,0.9680,4.1540
2017.45753,2017-06-16,-105.6070,289.8060,-21.8600,0.8700,1.0140,4.3070
2017.46027,2017-06-17,-106.1520,290.6980,-19.6210,0.8390,0.9560,4.0480
2017.46301,2017-06-18,-105.3030,290.3690,-35.5390,0.8680,0.9790,4.1550
2017.46575,2017-06-19,-106.2480,292.9370,-28.3150,0.8450,0.9400,3.9890
2017.46849,2017-06-20,-103.8260,290.6960,-33.2330,0.8520,0.9520,4.0730
2017.47123,2017-06-21,-106.3600,292.0880,-23.2420,0.8420,0.9560,4.0090
2017.47397,2017-06-22,-105.9030,290.3430,-20.0030,0.8500,0.9190,3.9340
2017.47945,2017-06-24,-103.7220,289.6630,-16.7950,0.8600,0.9790,4.2210
2017.48219,2017-06-25,-106.7470,291.5560,-9.8830,0.8360,0.9240,3.9300
2017.48493,2017-06-26,-105.1720,291.7520,-20.0050,0.8280,0.9300,3.9210
2017.48767,2017-06-27,-103.5630,291.4180,-18.5080,0.8610,0.9490,4.0080
2017.49041,2017-06-28,-106.1120,286.1720,-16.7960,0.8910,0.9800,4.1990
2017.49315,2017-06-29,-103.4570,286.9660,-23.2710,0.8940,0.9880,4.3680
2017.49589,2017-06-30,-106.0800,291.0860,-18.6830,0.8720,0.9870,4.1220
2017.49863,2017-07-01,-106.1580,290.9890,-20.5700,0.8580,0.9640,4.0760
2017.50137,2017-07-02,-105.3010,292.2920,-8.7320,0.8680,0.9740,4.1190
2017.50411,2017-07-03,-107.3670,290.3620,-18.5790,0.8940,0.9800,4.1210
2017.50685,2017-07-04,-106.7030,292.5210,-19.6430,0.8610,0.9900,4.0890
2017.50959,2017-07-05,-107.0630,290.2960,-22.2660,0.8610,0.9440,4.0090
2017.51233,2017-07-06,-108.4280,290.1520,-22.3140,0.9250,1.0480,4.3710
2017.51507,2017-07-07,-107.1880,289.1650,-22.7360,0.8870,0.9870,4.2450
2017.51781,2017-07-08,-107.7340,289.6540,-18.5370,0.8610,0.9590,4.1320
2017.52055,2017-07-09,-104.5090,290.6410,-9.0330,0.8600,0.9670,4.1100
2017.52329,2017-07-10,-105.0100,290.9810,-19.5770,0.8830,0.9860,4.2830
2017.52603,2017-07-11,-104.8990,290.7370,-20.8230,0.8760,0.9560,4.0820
2017.52877,2017-07-12,-105.4150,290.9790,-17.4340,0.8960,0.9900,4.1730
2017.53151,2017-07-13,-105.0830,289.2140,-20.2160,0.8660,0.9540,4.0860
2017.53425,2017-07-14,-104.9620,290.2410,-23.4720,0.8680,0.9570,4.0570
2017.53699,2017-07-15,-103.3870,289.6300,-18.5970,0.8560,0.9590,4.0610
2017.53973,2017-07-16,-104.3770,289.9190,-21.8290,0.8890,0.9540,4.1100
2017.54247,2017-07-17,-104.6500,291.5960,-18.7520,0.8360,0.9410,3.9460
2017.54521,2017-07-18,-105.2110,290.1320,-15.1550,0.8650,0.9720,4.1830
2017.54795,2017-07-19,-105.1050,292.3890,-20.7210,0.8780,0.9710,4.1570
2017.55068,2017-07-20,-105.5110,293.7830,-19.4700,0.8740,0.9580,4.0680
2017.55342,2017-07-21,-105.4710,291.3290,-29.4650,0.8480,0.9510,4.0230
2017.55616,2017-07-22,-106.4390,291.7600,-20.5050,0.8330,0.9290,3.8980
2017.55890,2017-07-23,-104.6650,292.6370,-19.7750,0.8410,0.9460,3.9970
2017.56164,2017-07-24,-105.1290,289.8950,-16.1620,0.8800,0.9770,4.2410
2017.56438,2017-07-25,-107.4860,293.1780,-18.6600,0.8650,0.9540,4.0780
2017.56712,2017-07-26,-106.6560,292.4750,-16.2230,0.8690,0.9580,4.0770
2017.56986,2017-07-27,-106.5040,291.0830,-20.9230,0.8480,0.9570,4.0570
2017.57260,2017-07-28,-105.3270,294.3620,-23.6910,0.8750,0.9590,4.1690
2017.57534,2017-07-29,-109.0510,298.0750,-9.7330,0.8730,0.9930,4.2920
2017.57808,2017-07-30,-106.6110,293.9440,-13.0360,0.8800,1.0030,4.3220
2017.58082,2017-07-31,-107.3370,293.6300,-18.1730,0.8790,0.9860,4.2670
2017.58904,2017-08-03,-105.8820,294.5590,-14.5500,0.8780,1.0050,4.1340
2017.59178,2017-08-04,-111.1550,292.6080,-28.1000,0.8940,1.0150,4.1960
2017.59452,2017-08-05,-104.1110,289.1630,-29.0530,0.8600,0.9630,4.0850
2017.59726,2017-08-06,-106.1910,292.5080,-29.4710,0.8510,0.9340,3.9820
2017.60000,2017-08-07,-104.8150,291.8640,-13.9920,0.8600,0.9530,4.0740
2017.60274,2017-08-08,-106.9050,293.8110,-26.4630,0.8440,0.9530,4.0090
2017.60548,2017-08-09,-108.3810,294.5850,-17.9160,0.8680,0.9720,4.1440
2017.60822,2017-08-10,-109.9140,296.0730,-25.7280,0.8570,0.9750,4.1520
2017.61096,2017-08-11,-104.4330,292.3630,-30.3050,0.8570,0.9740,4.1290
2017.61370,2017-08-12,-104.4210,293.6940,-32.2410,0.8350,0.9260,3.9290
2017.61644,2017-08-13,-106.1840,293.1320,-25.9350,0.8510,0.9470,4.0260
2017.61918,2017-08-14,-105.8190,292.2290,-35.0960,0.8520,0.9660,4.1240
2017.62192,2017-08-15,-105.8130,290.0060,-8.6690,0.8710,0.9770,4.2030
2017.62466,2017-08-16,-107.1840,289.2420,-23.2070,0.8420,0.9520,4.0410
2017.62740,2017-08-17,-107.0770,292.8420,-22.4960,0.8640,0.9500,3.9740
2017.63014,2017-08-18,-105.4720,292.8300,-38.8470,0.8840,1.0130,4.3060
2017.63288,2017-08-19,-105.2470,294.1360,-27.9630,0.8660,0.9660,4.1430
2017.63562,2017-08-20,-108.1450,293.5340,-16.8280,0.8620,0.9590,4.1160
2017.63836,2017-08-21,-105.3240,292.8380,-33.4380,0.8930,0.9720,4.1670
2017.64110,2017-08-22,-105.2330,294.2270,-30.8780,0.8580,0.9730,4.0670
2017.64384,2017-08-23,-108.1140,294.3050,-19.4290,0.8760,0.9710,4.1230
2017.64658,2017-08-24,-109.9270,295.6240,-28.7230,0.8870,0.9810,4.1370
2017.64932,2017-08-25,-105.3550,292.7490,-20.1420,0.8550,0.9530,4.0320
2017.65205,2017-08-26,-107.3860,295.2020,-26.4600,0.8830,0.9520,4.0350
2017.65479,2017-08-27,-106.6140,292.3460,-23.4350,0.8930,0.9850,4.1570
2017.65753,2017-08-28,-106.3240,293.1240,-19.4430,0.8560,0.9630,4.0480
2017.66027,2017-08-29,-106.5850,292.8030,-27.8150,0.8770,0.9670,4.1700
2017.66301,2017-08-30,-106.9830,290.7190,-21.5890,0.8820,0.9840,4.1900
2017.66575,2017-08-31,-107.5090,292.7320,-24.4050,0.8670,1.0020,4.0910
2017.66849,2017-09-01,-106.1850,293.6610,-12.4990,0.8710,1.0000,4.1000
2017.67123,2017-09-02,-107.7460,293.4940,-19.7790,0.8530,0.9470,3.9660
2017.67397,2017-09-03,-109.5520,291.5400,-26.2890,0.8890,0.9810,4.2460
2017.67671,2017-09-04,-108.6210,291.3910,-10.2540,0.8850,0.9760,4.1750
2017.67945,2017-09-05,-106.1260,292.9350,-21.2360,0.8790,0.9570,4.0820
2017.68219,2017-09-06,-107.2010,295.8850,-12.1230,0.8690,0.9720,4.1370
2017.68493,2017-09-07,-106.5910,294.1760,-19.1400,0.8610,0.9560,4.0820
2017.68767,2017-09-08,-106.2760,294.5450,-21.3630,0.8560,0.9620,4.0320
2017.69041,2017-09-09,-106.8510,294.4490,-25.0890,0.8710,1.0000,4.2130
2017.69315,2017-09-10,-108.3170,292.7200,-15.9920,0.8740,0.9910,4.1680
2017.69589,2017-09-11,-107.3050,291.4820,-26.8420,0.8770,1.0040,4.3390
2017.69863,2017-09-12,-106.9560,294.5280,-23.0210,0.8620,0.9650,4.1030
2017.70137,2017-09-13,-106.8690,294.0450,-26.2290,0.8950,0.9750,4.1840
2017.70411,2017-09-14,-107.3910,293.3010,-35.7510,0.9090,0.9710,4.2270
2017.70685,2017-09-15,-104.3940,292.7670,-25.9880,0.8690,0.9450,4.0620
2017.70959,2017-09-16,-105.3410,293.4830,-21.5890,0.8480,0.9460,4.0470
2017.71233,2017-09-17,-107.0150,294.7720,-23.4530,0.8620,0.9820,4.1370
2017.71507,2017-09-18,-107.0290,295.3660,-25.2160,0.8520,0.9520,4.0740
2017.71781,2017-09-19,-105.9650,295.1850,-30.6180,0.8820,0.9790,4.2760
2017.72055,2017-09-20,-105.4850,293.6900,-25.3060,0.8570,0.9700,4.1770
2017.72329,2017-09-21,-106.9400,296.7740,-26.9510,0.8570,0.9700,4.1640
2017.72603,2017-09-22,-104.2040,291.5460,-27.8580,0.8760,0.9580,4.2030
2017.72877,2017-09-23,-106.6470,295.0690,-29.6270,0.8630,0.9620,4.1400
2017.73151,2017-09-24,-104.2460,296.0820,-27.9880,0.8950,0.9810,4.2640
2017.73425,2017-09-25,-106.9890,297.6610,-23.4950,0.8690,0.9610,4.1690
2017.73699,2017-09-26,-104.4810,296.0110,-20.6970,0.8800,1.0080,4.3820
2017.73973,2017-09-27,-105.9660,296.7410,-20.7850,0.8670,0.9710,4.1880
2017.74247,2017-09-28,-105.5690,294.7890,-24.0010,0.9050,1.0070,4.4830
2017.74521,2017-09-29,-104.5950,290.3110,-21.9990,0.8850,1.0220,4.3950
2017.74795,2017-09-30,-107.4620,296.3100,-21.3510,0.8790,0.9810,4.2200
2017.75068,2017-10-01,-106.9460,295.8030,-13.6240,0.8760,1.0060,4.3750
2017.75342,2017-10-02,-107.3270,293.4980,-13.2840,0.8670,0.9870,4.2960
2017.75616,2017-10-03,-105.1270,294.0510,-25.7910,0.8830,0.9940,4.3080
2017.75890,2017-10-04,-109.4240,296.1030,-32.7720,0.9280,1.0410,4.5910
2017.76164,2017-10-05,-106.8830,299.1720,-34.0950,0.8950,1.0100,4.4190
2017.76438,2017-10-06,-105.1320,297.6600,-25.3150,0.8580,0.9670,4.1160
2017.76712,2017-10-07,-105.6870,294.2210,-34.4780,0.9210,1.0370,4.5860
2017.76986,2017-10-08,-107.4260,296.5990,-26.9430,0.9310,1.0430,4.5330
2017.77260,2017-10-09,-107.5990,294.2520,-18.3680,0.9250,1.0350,4.5510
2017.77534,2017-10-10,-104.2220,295.1160,-31.7880,0.9600,1.0520,4.7170
2017.77808,2017-10-11,-104.1690,297.8290,-34.8220,0.9260,1.0460,4.5960
2017.78082,2017-10-12,-104.2100,295.6210,-32.0590,0.9110,1.0170,4.5070
2017.78356,2017-10-13,-107.6670,295.5370,-21.4190,0.9000,1.0020,4.3970
2017.78630,2017-10-14,-108.2530,294.8900,-26.0910,0.8970,1.0160,4.4100
2017.78904,2017-10-15,-109.6810,298.5170,-31.9460,0.9150,1.0420,4.5610
2017.79178,2017-10-16,-107.8810,295.3330,-23.2770,0.9050,1.0070,4.4020
2017.79452,2017-10-17,-104.5480,296.0040,-36.0400,0.8960,1.0110,4.3460
2017.79726,2017-10-18,-107.6300,297.7140,-30.0210,0.8950,0.9950,4.3660
2017.80000,2017-10-19,-106.5310,297.1610,-30.6620,0.8980,1.0300,4.4290
2017.80274,2017-10-20,-107.5540,297.4300,-21.9320,0.9380,1.0330,4.5680
2017.80548,2017-10-21,-106.3380,295.3390,-23.1810,0.8880,0.9990,4.3570
2017.80822,2017-10-22,-107.6730,299.9160,-30.9430,0.9100,1.0060,4.4200
2017.81096,2017-10-23,-106.4680,297.6830,-29.0980,0.9020,1.0200,4.4380
2017.81370,2017-10-24,-109.2010,296.2690,-36.3470,0.8870,1.0350,4.5010
2017.81644,2017-10-25,-106.3840,296.3150,-23.6850,0.8920,1.0010,4.3140
2017.81918,2017-10-26,-107.7600,295.9370,-26.4800,0.8800,1.0010,4.2750
2017.82192,2017-10-27,-107.4870,295.9040,-38.1650,0.9180,1.0480,4.4250
2017.82466,2017-10-28,-107.6430,298.1800,-32.6120,0.8970,0.9860,4.3010
2017.82740,2017-10-29,-108.2910,298.4200,-27.7520,0.8870,1.0040,4.3150
2017.83014,2017-10-30,-109.3570,297.4640,-33.4050,0.8770,1.0160,4.3730
2017.83288,2017-10-31,-108.5290,296.3150,-31.1500,0.8790,1.0240,4.4220
2017.83562,2017-11-01,-107.5200,297.8310,-29.8120,0.9030,1.0370,4.5380
2017.83836,2017-11-02,-108.7290,298.2650,-31.4870,0.9360,1.0370,4.5660
2017.84110,2017-11-03,-107.7780,298.8990,-27.5160,0.9230,1.0140,4.5270
2017.84384,2017-11-04,-107.3730,294.5180,-25.1480,0.8910,1.0070,4.3720
2017.84658,2017-11-05,-107.4270,297.9230,-29.5050,0.8880,1.0030,4.3250
2017.84932,2017-11-06,-109.0050,297.2500,-26.8280,0.8940,1.0130,4.4010
2017.85205,2017-11-07,-106.7260,300.2330,-27.1550,0.9030,1.0260,4.4530
2017.85479,2017-11-08,-107.2460,298.7810,-23.1850,0.8760,0.9830,4.2130
2017.85753,2017-11-09,-106.2630,299.7590,-24.9440,0.8960,1.0350,4.3190
2017.86027,2017-11-10,-109.2650,299.9180,-27.5490,0.9190,1.0380,4.4740
2017.86301,2017-11-11,-109.9470,301.2370,-31.8920,0.9300,1.0070,4.4960
2017.86575,2017-11-12,-109.8720,300.8490,-24.3970,0.9000,0.9990,4.3130
2017.86849,2017-11-13,-107.7920,300.8970,-22.3910,0.9260,1.0220,4.4640
2017.87123,2017-11-14,-106.4740,298.9870,-24.3140,0.8930,1.0120,4.4240
2017.87397,2017-11-15,-107.9420,299.2620,-26.5520,0.8640,0.9990,4.3000
2017.87671,2017-11-16,-108.2440,298.1770,-25.1970,0.9020,1.0110,4.3280
2017.87945,2017-11-17,-106.1690,296.4410,-17.1740,0.9170,1.0220,4.4110
2017.88219,2017-11-18,-105.4070,298.5750,-22.2000,0.9230,1.0380,4.5220
2017.88493,2017-11-19,-106.6900,299.3770,-24.2340,0.9150,1.0090,4.3830
2017.88767,2017-11-20,-105.7850,300.6510,-26.2980,0.9060,1.0290,4.5200
2017.89041,2017-11-21,-108.4550,297.9320,-32.8070,0.8950,1.0230,4.5070
2017.89315,2017-11-22,-106.2480,298.1120,-28.9610,0.8950,1.0080,4.3500
2017.89589,2017-11-23,-108.8250,299.6550,-27.5880,0.9050,1.0330,4.4740
2017.89863,2017-11-24,-110.3540,301.8630,-23.6020,0.8980,1.0120,4.3720
2017.90137,2017-11-25,-108.1960,301.4000,-25.5560,0.9150,1.0140,4.3630
2017.90411,2017-11-26,-109.5130,301.4560,-27.0720,0.8950,1.0300,4.4380
2017.90685,2017-11-27,-107.8700,300.3680,-24.5030,0.9040,1.0170,4.4120
2017.90959,2017-11-28,-109.8900,299.8020,-18.7150,0.8990,1.0040,4.3030
2017.91233,2017-11-29,-108.6350,301.1040,-25.3080,0.9220,1.0480,4.5690
2017.91507,2017-11-30,-108.0290,299.8080,-25.8300,0.9220,1.0630,4.5970
2017.91781,2017-12-01,-106.4340,300.3340,-23.8990,0.9060,1.0100,4.3500
2017.92055,2017-12-02,-108.7100,300.8320,-25.3900,0.8870,1.0040,4.3440
2017.92329,2017-12-03,-108.9980,301.2180,-25.9100,0.8930,1.0170,4.4050
2017.92603,2017-12-04,-107.3520,297.4960,-19.0490,0.8930,1.0210,4.4020
2017.92877,2017-12-05,-108.6730,299.8260,-29.3470,0.9160,1.0170,4.4380
2017.93151,2017-12-06,-108.3100,299.5820,-20.3390,0.9020,1.0150,4.3970
2017.93425,2017-12-07,-108.1080,301.6430,-18.2250,0.9090,1.0300,4.5200
2017.93699,2017-12-08,-108.3290,301.3820,-19.1610,0.9040,1.0230,4.4180
2017.93973,2017-12-09,-109.7400,300.8800,-23.7100,0.8900,1.0260,4.3650
2017.94247,2017-12-10,-109.1960,301.4700,-22.5800,0.8990,1.0150,4.3650
2017.94521,2017-12-11,-107.1490,300.3760,-27.2860,0.9060,1.0240,4.4180
2017.94795,2017-12-12,-107.5240,303.0610,-24.3910,0.9020,1.0150,4.4090
2017.95068,2017-12-13,-110.1590,302.7620,-27.7630,0.9190,1.0390,4.5420
2017.95342,2017-12-14,-107.8440,300.1550,-26.5360,0.9120,1.0450,4.3960
2017.95616,2017-12-15,-108.0760,301.3890,-28.4410,0.9100,1.0430,4.5100
2017.95890,2017-12-16,-109.0470,298.7480,-25.2170,1.0140,1.1350,4.8890
2017.96164,2017-12-17,-110.7580,301.2560,-31.0030,0.9080,1.0220,4.4100
2017.96438,2017-12-18,-108.6970,301.5990,-21.1920,0.9310,1.0340,4.4900
2017.96712,2017-12-19,-109.7790,301.8580,-21.0990,0.9400,1.0770,4.5780
2017.96986,2017-12-20,-109.1190,303.1290,-31.9570,0.9490,1.0430,4.5490
2017.97260,2017-12-21,-107.9010,303.4170,-25.4890,0.9170,1.0400,4.4830
2017.97534,2017-12-22,-107.8320,303.1580,-18.8130,0.9140,1.0230,4.4180
2017.97808,2017-12-23,-108.2450,301.7630,-22.1640,0.9140,1.0460,4.5280
2017.98082,2017-12-24,-108.2510,303.3660,-25.1180,0.9300,1.0460,4.5820
2017.98356,2017-12-25,-109.2010,303.7380,-22.9530,0.9210,1.0480,4.5440
2017.98630,2017-12-26,-109.1420,302.9610,-23.3800,0.9270,1.0210,4.4250
2017.98904,2017-12-27,-108.6850,304.6660,-21.2590,0.9380,1.0290,4.4630
2017.99178,2017-12-28,-107.8860,304.7010,-18.1560,0.9430,1.0310,4.4950
2017.99452,2017-12-29,-107.3540,306.2880,-28.8310,0.9460,1.0410,4.5870
2017.99726,2017-12-30,-109.7030,305.4620,-20.1740,0.9310,1.0560,4.6080
2018.00000,2017-12-31,-108.2160,305.3880,-28.4120,0.9240,1.0490,4.5720
2018.00274,2018-01-01,-107.1730,305.1260,-19.4690,0.9170,1.0310,4.5250
2018.00548,2018-01-02,-107.7500,305.8450,-23.3650,0.8990,1.0250,4.4630
2018.00822,2018-01-03,-108.9760,305.0390,-25.6140,0.9300,1.0270,4.5040
2018.01096,2018-01-04,-109.5320,304.3800,-13.0540,0.9310,1.0350,4.5150
2018.01370,2018-01-05,-108.4170,305.0640,-18.1240,0.9040,1.0230,4.4460
2018.01644,2018-01-06,-109.0200,306.2770,-11.5260,0.9140,1.0150,4.4430
2018.01918,2018-01-07,-109.8270,306.0310,-25.9790,0.9470,1.0410,4.5940
2018.02192,2018-01-08,-108.5070,303.9100,-23.7010,0.9340,1.0570,4.6800
2018.02466,2018-01-09,-108.6720,305.4660,-21.1220,0.9080,1.0420,4.5880
2018.02740,2018-01-10,-106.6930,304.1410,-24.6590,0.9170,1.0410,4.5730
2018.03014,2018-01-11,-106.6490,304.6560,-29.8410,0.8950,1.0410,4.4900
2018.03288,2018-01-12,-106.1850,305.6320,-30.2450,0.9050,1.0230,4.4780
2018.03562,2018-01-13,-106.6820,305.1860,-27.1580,0.9060,1.0230,4.4610
2018.03836,2018-01-14,-108.1590,305.7730,-22.3460,0.8980,1.0290,4.4760
2018.04110,2018-01-15,-107.8660,305.4740,-21.5740,0.8980,1.0240,4.4390
2018.04384,2018-01-16,-106.2630,307.2460,-20.0820,0.8950,1.0480,4.5680
2018.04658,2018-01-17,-110.6080,304.9460,-13.4910,0.9050,1.0400,4.4980
2018.04932,2018-01-18,-108.9500,306.2380,-18.2400,0.9110,1.0380,4.4880
2018.05205,2018-01-19,-108.7780,306.3440,-16.1350,0.8980,1.0200,4.4070
2018.05479,2018-01-20,-106.7480,306.4800,-17.3840,0.8920,1.0200,4.3880
2018.06027,2018-01-22,-105.2180,305.0460,-18.5810,0.9100,1.0390,4.5120
2018.06301,2018-01-23,-105.8820,305.2160,-22.4910,0.8930,1.0130,4.3860
2018.06575,2018-01-24,-105.0180,304.8980,-23.8070,0.9240,1.0130,4.4910
2018.06849,2018-01-25,-107.6660,307.8020,-27.2700,0.9130,1.0530,4.7190
2018.07123,2018-01-26,-106.7910,306.5030,-24.6400,0.9170,1.0250,4.5860
2018.07397,2018-01-27,-108.1490,305.7690,-24.1310,1.0950,1.2770,5.5250
2018.07671,2018-01-28,-110.2580,306.6610,-14.1280,0.9370,1.0740,4.9260
2018.07945,2018-01-29,-110.3190,305.8600,-16.0600,0.9170,1.0110,4.4700
2018.08219,2018-01-30,-108.9150,306.0970,-26.9400,0.9110,1.0260,4.5750
2018.08493,2018-01-31,-108.5600,306.6200,-25.4060,0.9150,1.0270,4.5660
2018.08767,2018-02-01,-107.9110,306.5400,-30.8360,0.8970,1.0500,4.6590
2018.09041,2018-02-02,-108.5550,307.4890,-28.1320,0.9060,1.0170,4.5540
2018.09315,2018-02-03,-108.4510,307.5270,-27.1280,0.8950,1.0370,4.5520
2018.09589,2018-02-04,-107.6010,306.0860,-22.7180,0.8790,0.9840,4.3080
2018.09863,2018-02-05,-109.2280,306.6690,-23.1840,0.8910,0.9990,4.3260
2018.10137,2018-02-06,-109.7070,307.7110,-25.1350,0.8770,0.9880,4.2970
2018.10411,2018-02-07,-108.7360,305.3520,-23.3140,0.8830,0.9770,4.2770
2018.10685,2018-02-08,-110.8180,306.7530,-20.8500,0.8770,0.9700,4.1670
2018.10959,2018-02-09,-109.9190,307.4650,-24.3680,0.8670,0.9820,4.2540
2018.11233,2018-02-10,-110.0880,305.2400,-19.7300,0.8750,0.9770,4.2640
2018.11507,2018-02-11,-109.8650,306.3700,-24.3360,0.8640,0.9510,4.0840
2018.11781,2018-02-12,-112.1450,307.9540,-22.5460,0.8670,0.9780,4.2720
2018.12055,2018-02-13,-110.5160,310.1500,-28.1090,0.8980,0.9980,4.4070
2018.12329,2018-02-14,-109.2720,309.2480,-24.2100,0.8760,0.9870,4.2780
2018.12603,2018-02-15,-108.0670,308.2890,-16.2820,0.8870,0.9770,4.2330
2018.12877,2018-02-16,-111.1800,309.6400,-21.6660,0.8960,0.9690,4.2350
2018.13151,2018-02-17,-111.1560,308.6010,-21.6920,0.8760,0.9770,4.1840
2018.13425,2018-02-18,-111.7990,309.6870,-27.2400,0.8630,0.9670,4.1470
2018.13699,2018-02-19,-110.2250,310.5410,-23.1910,0.8620,0.9540,4.1230
2018.13973,2018-02-20,-109.8240,307.4290,-18.5190,0.8780,0.9740,4.2390
2018.14247,2018-02-21,-111.3640,309.0710,-22.7590,0.8830,0.9960,4.2940
2018.14521,2018-02-22,-110.7600,308.8790,-22.5050,0.8850,1.0010,4.3710
2018.14795,2018-02-23,-110.7540,308.3600,-31.4830,0.9410,1.0430,4.4900
2018.15068,2018-02-24,-110.5240,308.9040,-31.4970,0.8870,0.9900,4.2170
2018.15342,2018-02-25,-110.6130,307.2150,-26.7160,0.8740,0.9740,4.2010
2018.15616,2018-02-26,-110.0170,308.3520,-21.5000,0.8970,0.9870,4.2780
2018.15890,2018-02-27,-110.5080,308.1770,-14.0520,0.8820,1.0020,4.3350
2018.16164,2018-02-28,-110.8120,308.5880,-18.5000,0.8860,0.9800,4.2410
2018.16438,2018-03-01,-110.3880,310.0890,-22.2330,0.9320,1.0100,4.4650
2018.16712,2018-03-02,-111.2430,308.3400,-13.3480,0.9100,1.0020,4.3880
2018.16986,2018-03-03,-111.1690,308.5540,-18.4480,0.8940,0.9880,4.2860
2018.17260,2018-03-04,-111.8910,309.9120,-14.9510,0.9050,0.9890,4.2940
2018.17534,2018-03-05,-109.1520,309.5170,-25.3500,0.9030,0.9890,4.2820
2018.17808,2018-03-06,-110.5150,307.6550,-25.7580,0.8770,0.9750,4.2100
2018.18082,2018-03-07,-111.5940,308.0390,-21.4600,0.8980,0.9840,4.2770
2018.18356,2018-03-08,-112.6940,307.9710,-20.8260,0.9040,0.9880,4.2580
2018.18630,2018-03-09,-113.3450,307.6800,-21.0150,0.8880,0.9910,4.2310
2018.18904,2018-03-10,-112.9230,308.8420,-26.2420,0.8930,1.0160,4.3790
2018.19178,2018-03-11,-113.3120,306.9020,-21.4400,0.9100,0.9940,4.3460
2018.19452,2018-03-12,-114.5640,307.4720,-29.1130,0.9260,1.0020,4.4250
2018.19726,2018-03-13,-113.4310,307.2190,-22.0640,0.8960,1.0010,4.3550
2018.20000,2018-03-14,-112.9720,309.3840,-26.0430,0.8810,1.0140,4.3260
2018.20274,2018-03-15,-111.1150,306.5500,-15.9010,0.9450,1.0470,4.5240
2018.20548,2018-03-16,-110.8070,306.3550,-20.1560,0.8870,1.0020,4.2990
2018.20822,2018-03-17,-112.7270,306.9430,-27.5200,0.8780,0.9860,4.2360
2018.21096,2018-03-18,-111.2050,307.2960,-25.6380,0.8740,1.0100,4.3630
2018.21370,2018-03-19,-110.5570,306.2290,-24.5040,0.9030,1.0210,4.4320
2018.21644,2018-03-20,-111.8960,305.6470,-26.0030,0.8970,0.9970,4.3550
2018.21918,2018-03-21,-109.7890,306.5840,-20.2600,0.8670,0.9900,4.3450
2018.22192,2018-03-22,-113.2730,307.9430,-23.2830,0.8690,0.9940,4.3250
2018.22466,2018-03-23,-109.6900,307.7460,-26.8000,0.8750,0.9920,4.3040
2018.22740,2018-03-24,-112.1160,308.0900,-24.8760,0.8760,1.0160,4.4490
2018.23014,2018-03-25,-112.0420,308.7100,-24.7440,0.8860,1.0310,4.5480
2018.23288,2018-03-26,-111.4040,308.9520,-25.9590,0.8740,0.9970,4.3780
2018.23562,2018-03-27,-112.8040,307.5730,-23.0770,0.8790,1.0180,4.4210
2018.23836,2018-03-28,-111.9130,307.0080,-23.2090,0.8620,0.9910,4.3470
2018.24110,2018-03-29,-109.7280,310.3940,-37.8680,0.8800,0.9890,4.3170
2018.24384,2018-03-30,-110.3340,307.5420,-29.6790,0.8670,0.9890,4.2830
2018.24658,2018-03-31,-111.3940,309.3070,-18.9270,0.8720,1.0220,4.5000
2018.24932,2018-04-01,-110.5690,308.9040,-26.4890,0.8690,0.9830,4.2650
2018.25205,2018-04-02,-110.0680,307.1940,-23.1030,0.8690,1.0010,4.3310
2018.25479,2018-04-03,-111.2580,308.0250,-24.8920,0.8600,0.9830,4.2480
2018.25753,2018-04-04,-111.2170,309.9840,-17.7790,1.1200,1.2080,5.4600
2018.26027,2018-04-05,-112.4250,309.3470,-31.2590,0.8800,1.0110,4.3990
2018.26301,2018-04-06,-110.1410,309.5390,-20.1260,0.9020,1.0030,4.4970
2018.26575,2018-04-07,-112.3430,310.3900,-27.6040,0.8640,0.9740,4.2260
2018.26849,2018-04-08,-112.7510,308.5050,-21.2050,0.8680,0.9980,4.2560
2018.27123,2018-04-09,-114.4270,310.1760,-22.3680,0.8830,1.0010,4.3850
2018.27397,2018-04-10,-111.9400,308.6510,-19.9560,0.8590,0.9820,4.2230
2018.27671,2018-04-11,-113.8830,311.6090,-19.1380,0.8800,1.0050,4.3640
2018.27945,2018-04-12,-111.8960,309.7040,-21.6690,0.8790,0.9990,4.3630
2018.28219,2018-04-13,-110.2920,309.6770,-23.4690,0.9470,1.0870,4.5980
2018.28493,2018-04-14,-113.1110,307.7210,-13.7080,0.9210,1.0240,4.4310
2018.28767,2018-04-15,-112.5700,310.2240,-19.0440,0.8790,1.0040,4.2980
2018.30137,2018-04-20,-110.3300,309.6470,-24.6300,1.1740,1.2070,5.4240
2018.30411,2018-04-21,-111.4770,311.4230,-22.5090,0.8750,0.9850,4.1940
2018.30685,2018-04-22,-111.2600,310.3920,-17.0980,0.8670,0.9810,4.1890
2018.31233,2018-04-24,-111.3200,310.4290,-22.3900,0.9600,1.0560,4.5540
2018.31507,2018-04-25,-110.2630,310.7760,-23.4490,0.8640,0.9750,4.1230
2018.31781,2018-04-26,-112.1250,312.9760,-24.6650,0.8580,0.9690,4.1140
2018.32055,2018-04-27,-111.1670,308.9430,-21.9300,0.8770,1.0180,4.3610
2018.32329,2018-04-28,-109.0760,309.8990,-23.6240,0.8560,0.9770,4.1310
2018.32603,2018-04-29,-109.9620,310.1190,-24.3990,0.8620,1.0080,4.3030
2018.32877,2018-04-30,-111.9660,310.4320,-25.2100,0.8720,0.9920,4.2290
2018.33151,2018-05-01,-110.0480,311.1190,-27.8470,0.9140,1.0190,4.5420
2018.33973,2018-05-04,-113.4390,311.8200,-29.5230,0.9780,1.1230,4.7410
2018.34247,2018-05-05,-111.5500,309.7280,-26.5160,0.8770,0.9820,4.2110
2018.34521,2018-05-06,-112.4330,313.2830,-28.9530,0.8940,0.9930,4.3070
2018.34795,2018-05-07,-111.6640,311.2150,-14.6390,0.8930,1.0130,4.2950
2018.35068,2018-05-08,-112.4560,311.6020,-24.1630,0.9060,1.0210,4.3790
2018.35342,2018-05-09,-112.5560,312.5990,-33.8630,0.8820,1.0050,4.2810
2018.35616,2018-05-10,-111.8820,312.4900,-23.8740,0.8730,0.9960,4.2790
2018.35890,2018-05-11,-111.4340,311.4060,-25.2020,0.8650,0.9750,4.1420
2018.36164,2018-05-12,-112.7480,312.7760,-28.6210,0.8790,0.9900,4.2420
2018.36438,2018-05-13,-113.8870,313.6410,-27.1890,0.8770,1.0070,4.2670
2018.36712,2018-05-14,-111.1740,310.8900,-25.5010,0.8760,0.9850,4.1660
2018.36986,2018-05-15,-109.8490,310.7060,-22.5150,0.8730,0.9880,4.1760
2018.37260,2018-05-16,-111.8710,313.4470,-27.4020,0.8950,1.0450,4.4310
2018.37534,2018-05-17,-112.1700,315.2830,-27.9290,0.8600,1.0120,4.2680
2018.37808,2018-05-18,-113.5610,314.2910,-31.0020,0.8900,1.0060,4.3070
2018.38082,2018-05-19,-111.4980,314.5380,-27.4640,0.8890,1.0150,4.3160
2018.38356,2018-05-20,-110.4760,312.0720,-23.0270,0.8660,1.0030,4.1880
2018.38630,2018-05-21,-112.8850,313.1310,-24.9880,0.8540,0.9990,4.1820
2018.38904,2018-05-22,-110.3190,311.4400,-25.0860,0.8680,0.9800,4.1810
2018.39178,2018-05-23,-112.3470,313.6380,-24.5750,0.8700,0.9810,4.1190
2018.39452,2018-05-24,-113.6790,314.8550,-19.9500,0.8580,1.0060,4.2350
2018.39726,2018-05-25,-111.5210,311.9600,-23.2530,0.8730,0.9920,4.2090
2018.40000,2018-05-26,-111.7400,316.1080,-27.4900,0.8710,0.9930,4.2060
2018.40274,2018-05-27,-110.7950,309.8740,-25.8000,0.8750,1.0180,4.2760
2018.40548,2018-05-28,-110.9200,312.2610,-19.2320,0.8890,0.9990,4.2610
2018.40822,2018-05-29,-109.5940,310.6490,-25.3620,0.8890,1.0390,4.3870
2018.41096,2018-05-30,-113.5820,312.8110,-27.4630,0.9310,1.0290,4.4030
2018.41370,2018-05-31,-112.5660,312.6780,-17.3940,0.8770,1.0180,4.2960
2018.41644,2018-06-01,-113.4270,315.4250,-24.8710,0.8650,0.9850,4.1330
2018.41918,2018-06-02,-112.5540,313.3230,-23.4730,0.8650,0.9850,4.1710
2018.42192,2018-06-03,-112.0090,312.3320,-17.5910,0.8580,0.9880,4.1280
2018.42466,2018-06-04,-112.0150,314.1740,-27.3130,0.8750,0.9920,4.2470
2018.42740,2018-06-05,-111.4270,312.7670,-37.8570,0.8740,1.0460,4.3300
2018.43014,2018-06-06,-113.5310,311.9570,-18.1990,0.8620,0.9790,4.1530
2018.43288,2018-06-07,-113.0940,315.5130,-26.1480,0.8970,1.0280,4.3370
2018.43562,2018-06-08,-111.1410,312.7530,-10.7100,0.8640,0.9810,4.0700
2018.43836,2018-06-09,-113.3540,312.7840,-21.3010,0.8540,1.0030,4.2070
2018.44110,2018-06-10,-111.8300,311.3590,-10.3550,0.9370,1.0640,4.5490
2018.44384,2018-06-11,-113.1690,316.2490,-20.4670,0.8410,0.9880,4.0840
2018.44658,2018-06-12,-115.4760,314.6360,-25.1090,0.8470,0.9880,4.0840
2018.44932,2018-06-13,-115.0220,313.5880,-20.9320,0.8340,0.9640,3.9610
2018.45205,2018-06-14,-114.3620,316.0810,-25.9220,0.8560,0.9950,4.1240
2018.45479,2018-06-15,-111.4140,313.5090,-15.9660,0.8470,0.9690,4.0580
2018.45753,2018-06-16,-114.1680,311.8500,-11.2520,0.8570,0.9930,4.1350
2018.46027,2018-06-17,-113.3130,315.1040,-24.2350,0.8750,1.0080,4.1710
2018.46301,2018-06-18,-114.3210,316.0920,-13.5370,0.8700,1.0340,4.2840
2018.46575,2018-06-19,-117.2210,315.0630,-14.2100,0.8570,0.9890,4.1040
2018.46849,2018-06-20,-117.0410,317.4340,-19.0070,0.8530,1.0010,4.1020
2018.47123,2018-06-21,-114.6020,317.8840,-27.9730,0.8550,0.9700,4.0520
2018.47397,2018-06-22,-114.9490,317.6020,-23.4390,0.8890,1.0170,4.3410
2018.47671,2018-06-23,-115.8990,317.2610,-21.1860,0.8690,1.0340,4.3350
2018.47945,2018-06-24,-114.4940,315.5260,-15.1550,0.8400,0.9920,4.0960
2018.48219,2018-06-25,-113.3120,311.8860,-19.5100,0.8780,1.0330,4.3090
2018.48493,2018-06-26,-114.6830,314.0650,-21.1460,0.8770,1.0010,4.2580
2018.48767,2018-06-27,-114.4630,313.8920,-22.5450,0.8630,1.0210,4.2460
2018.49041,2018-06-28,-117.7350,318.0340,-21.2190,0.8830,1.0180,4.2810
2018.49315,2018-06-29,-113.5300,311.8300,-23.7510,0.8760,1.0270,4.2880
2018.49589,2018-06-30,-117.1760,313.2120,-21.9720,0.8920,1.0120,4.1830
2018.49863,2018-07-01,-115.4040,320.7150,-34.8900,0.9330,1.1170,4.6050
2018.50137,2018-07-02,-115.2270,316.6540,-16.9460,0.8950,1.0200,4.3300
2018.50411,2018-07-03,-115.3350,317.6800,-22.4930,0.8670,1.0100,4.2790
2018.50685,2018-07-04,-114.9180,316.4220,-14.0770,0.8590,0.9970,4.1700
2018.50959,2018-07-05,-114.3990,315.8220,-19.9850,0.8530,0.9760,4.0970
2018.51233,2018-07-06,-114.4810,314.7730,-25.9300,0.8550,0.9920,4.1540
2018.51507,2018-07-07,-114.9780,316.2880,-20.0630,0.8650,1.0180,4.2590
2018.51781,2018-07-08,-112.5990,316.8300,-24.6570,0.8520,0.9860,4.2020
2018.52055,2018-07-09,-115.6190,314.6090,-29.3540,0.8660,0.9860,4.1500
2018.52329,2018-07-10,-113.6460,314.0240,-21.9670,0.8820,1.0350,4.3820
2018.52603,2018-07-11,-113.6380,313.9600,-29.4380,0.8720,1.0090,4.2840
2018.52877,2018-07-12,-116.0340,318.4710,-27.9330,0.8660,1.0010,4.2110
2018.53151,2018-07-13,-112.4630,316.6270,-22.6270,0.8770,0.9970,4.2490
2018.53425,2018-07-14,-116.3610,316.9520,-25.1340,0.8920,1.0120,4.2990
2018.53699,2018-07-15,-115.7340,319.2350,-25.9090,0.8860,1.0220,4.3920
2018.53973,2018-07-16,-116.6600,312.4960,-28.7330,0.9170,1.0570,4.4680
2018.54247,2018-07-17,-115.5700,316.9210,-32.7350,0.8680,0.9820,4.1300
2018.54521,2018-07-18,-115.3950,314.6020,-22.7360,0.9060,1.0330,4.4420
2018.54795,2018-07-19,-115.4480,320.1080,-22.4660,0.8550,0.9840,4.1590
2018.55068,2018-07-20,-113.0270,314.2200,-25.3220,0.8640,1.0150,4.2740
2018.55342,2018-07-21,-115.2950,314.7830,-27.1420,0.8620,1.0260,4.2630
2018.55616,2018-07-22,-116.4550,316.5700,-20.4180,0.8750,1.0070,4.1880
2018.55890,2018-07-23,-115.6170,316.1300,-28.4690,0.8780,1.0150,4.2540
2018.56164,2018-07-24,-112.7050,315.8470,-38.1900,0.8890,1.0380,4.3710
2018.56438,2018-07-25,-112.8970,315.5480,-33.4490,0.8860,1.0300,4.3960
2018.56712,2018-07-26,-114.2600,316.7040,-21.3920,0.8920,1.0380,4.4670
2018.56986,2018-07-27,-113.9920,319.3020,-20.1770,0.9070,1.0330,4.3450
2018.57260,2018-07-28,-115.2110,315.6090,-15.7510,0.8910,1.0550,4.5080
2018.57534,2018-07-29,-113.8380,314.4790,-24.9570,0.9160,1.0780,4.5260
2018.57808,2018-07-30,-117.7800,316.1280,-22.7960,0.8910,1.0810,4.4000
2018.58082,2018-07-31,-118.0540,317.8800,-33.5290,0.8940,1.0540,4.3330
2018.58356,2018-08-01,-116.6170,315.6910,-25.5280,0.8730,1.0400,4.2450
2018.58630,2018-08-02,-116.6120,317.7200,-25.9830,0.9030,1.0550,4.3620
2018.58904,2018-08-03,-118.3710,317.6910,-24.4960,0.8910,1.0620,4.5150
2018.59178,2018-08-04,-115.7120,317.1460,-33.2940,0.9090,1.0380,4.4670
2018.59452,2018-08-05,-118.0730,315.1700,-34.4120,0.8800,1.0320,4.2370
2018.59726,2018-08-06,-116.5710,313.1310,-22.8120,0.9140,1.0190,4.4420
2018.60000,2018-08-07,-116.9130,317.2750,-29.6590,0.9120,1.0490,4.4840
2018.60274,2018-08-08,-114.8650,319.3980,-20.2780,0.9040,1.0250,4.3430
2018.60548,2018-08-09,-114.2750,313.4860,-15.9080,1.2660,1.3770,6.0220
2018.62192,2018-08-15,-116.6740,319.0940,-19.0370,1.1300,1.4050,5.7870
2018.62466,2018-08-16,-115.2550,319.1240,-29.4470,0.8860,1.0780,4.5750
2018.62740,2018-08-17,-116.9350,318.0890,-29.9140,0.9180,1.0700,4.5560
2018.63014,2018-08-18,-117.6080,318.3330,-20.5980,0.8800,1.0280,4.3000
2018.63288,2018-08-19,-117.1790,319.3940,-22.9380,0.8860,1.0530,4.4440
2018.63562,2018-08-20,-117.9130,319.4680,-21.8600,0.9040,1.0590,4.3940
2018.63836,2018-08-21,-119.7730,317.3740,-19.2260,0.8780,1.0110,4.2530
2018.64110,2018-08-22,-118.1790,321.1060,-19.0550,0.9060,1.0460,4.3450
2018.64384,2018-08-23,-118.9990,320.2140,-18.1220,0.9080,1.0900,4.5260
2018.64658,2018-08-24,-119.0160,318.5290,-23.5610,0.8650,1.0170,4.2390
2018.64932,2018-08-25,-118.2810,316.8770,-29.5840,0.8780,1.0430,4.4190
2018.65205,2018-08-26,-116.9350,319.8530,-22.0300,0.8710,1.0060,4.2600
2018.65479,2018-08-27,-117.9750,320.5340,-16.1190,0.8630,1.0110,4.2300
2018.65753,2018-08-28,-118.1880,320.0500,-24.1460,0.8840,1.0280,4.3990
2018.66027,2018-08-29,-117.3500,319.6430,-31.3160,0.8730,1.0330,4.4160
2018.66301,2018-08-30,-118.5030,319.0590,-26.5340,0.8720,1.0200,4.2760
2018.66575,2018-08-31,-117.4700,319.3480,-31.0430,0.8570,1.0210,4.2990
2018.66849,2018-09-01,-117.1700,321.9990,-30.1570,0.8690,1.0480,4.4250
2018.67123,2018-09-02,-115.4310,320.4360,-32.2840,0.8870,1.0320,4.4320
2018.67397,2018-09-03,-116.7040,322.1360,-33.5340,0.8750,1.0270,4.3510
2018.67671,2018-09-04,-118.0560,317.0970,-17.0240,0.8650,1.0440,4.3790
2018.67945,2018-09-05,-117.1450,320.3410,-28.9350,0.9000,1.0730,4.5220
2018.68219,2018-09-06,-115.5590,320.4900,-24.4950,0.9160,1.0930,4.5530
2018.68493,2018-09-07,-118.8650,320.7450,-25.6100,0.9090,1.0870,4.5560
2018.68767,2018-09-08,-113.8700,319.7030,-29.4090,0.8630,1.0420,4.4490
2018.69041,2018-09-09,-115.5410,319.5480,-36.0720,0.8660,1.0350,4.3520
2018.69315,2018-09-10,-116.3050,316.1270,-35.0650,0.8740,1.0250,4.3580
2018.69589,2018-09-11,-116.5100,319.9530,-30.9100,0.8790,1.0700,4.5230
2018.69863,2018-09-12,-116.0990,317.4370,-21.4200,0.9120,1.0570,4.4890
2018.70137,2018-09-13,-115.8050,318.8780,-36.7740,0.9010,1.0590,4.5280
2018.70959,2018-09-16,-117.0750,316.9510,-27.5790,0.9040,1.0830,4.5720
2018.71233,2018-09-17,-115.8530,317.1460,-25.1960,0.9170,1.1110,4.7310
2018.71507,2018-09-18,-116.1430,319.6160,-30.2270,0.8860,1.0610,4.4730
2018.71781,2018-09-19,-115.8560,320.2860,-28.7050,0.9050,1.1180,4.6930
2018.72055,2018-09-20,-117.2860,319.8390,-35.5760,0.8930,1.0700,4.5950
2018.72329,2018-09-21,-116.2390,318.3620,-33.5650,0.8930,1.0960,4.5900
2018.72603,2018-09-22,-116.5470,320.4350,-33.7990,0.8980,1.0800,4.6030
2018.72877,2018-09-23,-116.3070,314.3580,-13.7180,0.9040,1.0960,4.6920
2018.73151,2018-09-24,-115.7360,319.5410,-35.6870,0.8860,1.0400,4.3810
2018.73425,2018-09-25,-115.0590,318.9020,-38.3090,0.8820,1.0780,4.5050
2018.73699,2018-09-26,-116.5820,318.9440,-28.3890,0.8880,1.0520,4.4660
2018.73973,2018-09-27,-116.2140,321.5250,-33.0740,0.8830,1.0620,4.4890
2018.74247,2018-09-28,-115.4720,317.4140,-31.2890,0.8900,1.0540,4.4360
2018.74521,2018-09-29,-114.2040,315.9660,-30.9620,0.8880,1.0500,4.4880
2018.74795,2018-09-30,-113.7830,319.3280,-37.4950,0.8650,1.0560,4.4570
2018.75068,2018-10-01,-115.5880,320.9050,-35.3530,0.8720,1.0340,4.3940
2018.75342,2018-10-02,-116.1730,319.0800,-35.5200,0.8670,1.0210,4.3530
2018.75616,2018-10-03,-115.1740,318.9210,-33.6130,0.8760,1.0360,4.3780
2018.75890,2018-10-04,-113.9550,317.9450,-27.4960,0.8860,1.0600,4.5580
2018.76164,2018-10-05,-115.0040,320.3160,-26.7390,0.8670,1.0230,4.2980
2018.76438,2018-10-06,-115.9970,319.7890,-28.6230,0.8740,1.0460,4.4020
2018.76712,2018-10-07,-116.1070,321.2970,-33.6970,0.9120,1.0400,4.5340
2018.76986,2018-10-08,-113.0080,317.2360,-25.1940,0.8780,1.0360,4.4370
2018.77260,2018-10-09,-113.8510,321.0050,-31.3980,0.8740,1.0480,4.4670
2018.77534,2018-10-10,-113.9540,318.2180,-23.5060,0.8690,1.0580,4.4910
2018.88493,2018-11-19,-118.3660,325.2350,-26.8640,0.8840,1.0270,4.3460
2018.88767,2018-11-20,-116.4950,323.6930,-23.9460,0.8720,1.0320,4.3150
2018.89041,2018-11-21,-117.1300,323.0140,-31.1240,0.8750,1.0200,4.2820
2018.89315,2018-11-22,-115.4750,323.1690,-30.2220,0.8730,1.0350,4.3120
2018.89589,2018-11-23,-118.9080,323.3660,-29.9180,0.8870,1.0470,4.3730
2018.89863,2018-11-24,-116.5280,323.7350,-29.1130,0.9120,1.0380,4.4140
2018.90137,2018-11-25,-116.6220,324.8870,-24.1510,0.8930,1.0520,4.4220
2018.90411,2018-11-26,-117.4680,323.6470,-24.1300,0.8880,1.0430,4.3980
2018.90685,2018-11-27,-118.1590,324.2510,-25.2660,0.8750,1.0650,4.4910
2018.90959,2018-11-28,-116.3460,321.7710,-32.1820,0.8900,1.0720,4.4970
2018.91233,2018-11-29,-115.6490,323.5120,-27.5840,0.9010,1.0530,4.4180
2018.91507,2018-11-30,-117.3610,326.8980,-23.7730,0.9040,1.1070,4.6000
2018.91781,2018-12-01,-114.9710,325.9970,-24.8080,0.8840,1.0730,4.5070
2018.92055,2018-12-02,-116.3230,325.4480,-22.6520,0.8800,1.0470,4.4240
2018.92329,2018-12-03,-115.8990,324.6740,-26.7390,0.9000,1.0570,4.4630
2018.92603,2018-12-04,-114.8490,327.2320,-27.8420,0.9110,1.0700,4.5450
2018.92877,2018-12-05,-117.3760,323.8790,-22.0880,0.9050,1.1170,4.7420
2018.93151,2018-12-06,-115.6710,325.5120,-30.5380,0.8920,1.0650,4.5000
2018.93425,2018-12-07,-114.1960,324.6130,-21.1740,0.9020,1.0410,4.3780
2018.93699,2018-12-08,-116.3770,323.3960,-23.8120,0.9120,1.0800,4.5420
2018.93973,2018-12-09,-115.6930,325.4030,-28.0640,0.9030,1.0540,4.4940
2018.94247,2018-12-10,-117.8370,326.8730,-23.9200,0.9010,1.0540,4.4300
2018.94521,2018-12-11,-116.2160,327.4700,-27.6710,0.8740,1.0230,4.3450
2018.94795,2018-12-12,-116.6810,327.3830,-23.9710,0.8670,1.0280,4.3260
2018.95068,2018-12-13,-117.6150,325.9690,-24.1340,0.8750,1.0510,4.4800
2018.95342,2018-12-14,-117.3490,325.5680,-28.9750,0.8940,1.0720,4.4680
2018.95616,2018-12-15,-117.1710,325.2760,-32.7580,0.8670,1.0030,4.2400
2018.95890,2018-12-16,-116.6950,327.2150,-22.7290,0.8920,1.0420,4.4700
2018.96164,2018-12-17,-115.4370,326.8000,-29.7530,0.8740,1.0300,4.4110
2018.96438,2018-12-18,-119.2500,327.9650,-21.3020,0.8760,1.0250,4.4450
2018.96712,2018-12-19,-118.7870,327.1730,-25.5600,0.8810,1.0480,4.4080
2018.96986,2018-12-20,-117.3060,328.3050,-22.3430,0.8770,1.0580,4.5160
2018.97260,2018-12-21,-118.6330,327.5530,-24.3130,0.8660,1.0280,4.3070
2018.97534,2018-12-22,-115.4780,329.1850,-20.8690,0.8800,1.0550,4.4820
2018.97808,2018-12-23,-115.4410,328.5840,-23.8570,0.8750,1.0280,4.4150
2018.98082,2018-12-24,-114.4140,328.7200,-27.4150,0.8700,1.0180,4.3630
2018.98356,2018-12-25,-116.5560,326.6020,-25.0370,0.8690,1.0490,4.4160
2018.98630,2018-12-26,-113.5230,329.5430,-27.9930,0.8770,1.0720,4.4120
2018.98904,2018-12-27,-113.4200,329.4930,-22.6670,0.8790,1.0270,4.4560
2018.99178,2018-12-28,-115.3530,327.2690,-28.6080,0.8720,1.0540,4.4060
2018.99452,2018-12-29,-116.0130,328.2090,-33.9480,0.8900,1.0610,4.4950
2018.99726,2018-12-30,-116.0270,328.4840,-26.1210,0.8970,1.0620,4.5160
2019.00000,2018-12-31,-117.8670,326.9660,-37.6300,0.9100,1.0610,4.5350
2019.00274,2019-01-01,-118.6440,328.5990,-32.6010,0.8920,1.0610,4.4780
2019.00548,2019-01-02,-120.0870,327.4350,-28.6900,0.8910,1.0770,4.5090
2019.00822,2019-01-03,-116.3480,329.1440,-32.5060,0.8850,1.0490,4.5470
2019.01096,2019-01-04,-118.0350,330.8960,-24.7520,0.8840,1.0430,4.4500
2019.01370,2019-01-05,-116.4410,328.2630,-18.9990,0.8890,1.0500,4.4910
2019.01644,2019-01-06,-114.5600,330.1850,-26.4520,0.8730,1.0520,4.4620
2019.01918,2019-01-07,-117.3340,329.9360,-26.4280,0.8850,1.0180,4.4130
2019.02192,2019-01-08,-115.1870,331.2520,-33.0840,0.8500,1.0140,4.3500
2019.02466,2019-01-09,-117.2690,329.5290,-22.6890,0.8660,1.0420,4.4400
2019.02740,2019-01-10,-117.2390,329.2420,-21.1560,0.8800,1.0190,4.4680
2019.03014,2019-01-11,-119.7810,328.3170,-21.1660,0.8870,1.0510,4.3920
2019.03288,2019-01-12,-115.3540,329.5970,-25.0810,0.9000,1.0500,4.4690
2019.03562,2019-01-13,-116.8420,329.7200,-25.3570,0.8660,1.0260,4.4240
2019.03836,2019-01-14,-118.3310,328.8810,-27.9590,0.8580,1.0060,4.3350
2019.04110,2019-01-15,-118.0580,327.6280,-20.8700,0.8810,1.0390,4.4560
2019.04384,2019-01-16,-117.2880,328.7520,-25.0440,0.8850,1.0300,4.4540
2019.04658,2019-01-17,-118.1350,330.1270,-25.9300,0.8660,1.0210,4.3810
2019.04932,2019-01-18,-119.9390,327.7780,-32.3230,0.8870,1.0470,4.5100
2019.05205,2019-01-19,-119.1050,329.2520,-20.2910,0.8830,1.0590,4.5680
2019.05479,2019-01-20,-117.6510,330.3650,-24.8220,0.8870,1.0470,4.4170
2019.05753,2019-01-21,-117.8930,330.2510,-20.1070,0.8790,1.0520,4.4910
2019.06027,2019-01-22,-117.1530,329.6690,-26.1220,0.8880,1.0570,4.4290
2019.06301,2019-01-23,-115.9150,330.9800,-30.3200,0.8880,1.0560,4.5030
2019.06575,2019-01-24,-116.4350,329.7270,-28.5610,0.8900,1.0640,4.5600
2019.06849,2019-01-25,-117.8230,329.4980,-28.6830,0.8780,1.0450,4.4190
2019.07123,2019-01-26,-117.5530,330.8950,-21.7820,0.8780,1.0100,4.4660
2019.07397,2019-01-27,-119.0400,329.4160,-22.5940,0.8960,1.0250,4.5950
2019.07671,2019-01-28,-116.6030,331.2440,-25.9460,0.8520,1.0210,4.3600
2019.07945,2019-01-29,-116.7920,330.7820,-26.5720,0.8630,1.0400,4.4480
2019.08219,2019-01-30,-117.2760,331.6440,-26.5740,0.8720,1.0290,4.4170
2019.08493,2019-01-31,-119.6980,332.0870,-27.2220,0.8860,1.0620,4.5240
2019.08767,2019-02-01,-119.4860,332.4060,-23.7180,0.8630,1.0410,4.4290
2019.09041,2019-02-02,-120.9550,331.0720,-19.0760,0.8830,1.0570,4.5880
2019.09315,2019-02-03,-119.6910,330.7900,-20.4330,0.8920,1.0500,4.6240
2019.09589,2019-02-04,-117.6700,332.6810,-23.7090,0.8590,1.0540,4.4950
2019.09863,2019-02-05,-118.6360,332.9350,-26.6280,0.8830,1.0450,4.5710
2019.10137,2019-02-06,-118.0870,331.9900,-26.0330,0.8810,1.0360,4.4810
2019.10411,2019-02-07,-116.0560,329.3240,-24.4170,0.8780,1.0310,4.4240
2019.10685,2019-02-08,-116.8590,332.7470,-26.8700,0.8610,1.0430,4.4270
2019.10959,2019-02-09,-118.1750,333.5710,-29.9480,0.8670,1.0360,4.4680
2019.11233,2019-02-10,-118.8870,333.0260,-29.4640,0.8630,1.0400,4.3970
2019.11507,2019-02-11,-119.2280,332.2890,-28.4430,0.8680,1.0780,4.4680
2019.11781,2019-02-12,-119.5810,333.0260,-26.7300,0.8910,1.0890,4.5730
2019.12055,2019-02-13,-121.4710,331.5630,-27.3830,0.8580,1.0300,4.3850
2019.12329,2019-02-14,-119.0900,332.4210,-32.1510,0.8900,1.0300,4.4390
2019.12603,2019-02-15,-119.0820,332.7030,-27.8840,0.8790,1.0400,4.4870
2019.12877,2019-02-16,-119.0760,332.5920,-28.7650,0.8650,1.0400,4.4920
2019.13151,2019-02-17,-117.9210,331.4820,-21.8670,0.8700,1.0220,4.4090
2019.13425,2019-02-18,-119.3510,334.6460,-23.0790,0.8800,1.0380,4.4510
2019.13699,2019-02-19,-119.9390,331.3620,-25.3130,0.8740,1.0080,4.3910
2019.13973,2019-02-20,-119.9920,333.3460,-23.9340,0.8690,1.0380,4.5020
2019.14247,2019-02-21,-119.0360,332.8410,-28.7290,0.8640,1.0440,4.4150
2019.14521,2019-02-22,-118.9590,332.0300,-28.6650,0.8770,1.0210,4.3850
2019.14795,2019-02-23,-118.5060,333.8010,-28.6890,0.8620,1.0490,4.4900
2019.15068,2019-02-24,-120.5840,331.8640,-28.8810,0.8840,1.0280,4.5360
2019.15342,2019-02-25,-121.3630,334.4040,-31.2210,0.8720,1.0390,4.4220
2019.15616,2019-02-26,-119.5540,333.8070,-23.9580,0.8760,1.0350,4.3630
2019.15890,2019-02-27,-120.3660,333.6660,-23.1690,0.8730,1.0320,4.3690
2019.16164,2019-02-28,-120.4900,333.5010,-21.3450,0.8750,1.0110,4.3390
2019.16438,2019-03-01,-119.7800,331.1460,-25.2080,0.8750,1.0370,4.3180
2019.16712,2019-03-02,-120.3660,331.6460,-26.1090,0.8680,1.0250,4.3740
2019.16986,2019-03-03,-119.6720,333.7280,-29.7430,0.8780,1.0390,4.4560
2019.17260,2019-03-04,-119.2290,335.2880,-31.3840,0.8690,1.0110,4.3730
2019.17534,2019-03-05,-120.0860,332.6640,-35.7310,0.8980,1.0780,4.6740
2019.17808,2019-03-06,-118.9030,332.0830,-23.2710,0.8590,1.0170,4.3500
2019.18082,2019-03-07,-120.6370,330.7940,-25.4420,0.8670,1.0280,4.3830
2019.18356,2019-03-08,-120.2140,332.8900,-27.6900,0.8730,1.0520,4.5240
2019.18630,2019-03-09,-120.4350,332.6480,-25.1560,0.9110,1.0740,4.7860
2019.18904,2019-03-10,-121.5320,332.9890,-34.3520,0.8780,1.0200,4.4110
2019.19178,2019-03-11,-121.0290,333.4010,-29.1000,0.8800,1.0440,4.5140
2019.19452,2019-03-12,-120.5190,333.3420,-32.4500,0.8690,1.0660,4.4900
2019.19726,2019-03-13,-119.5400,333.1010,-36.7270,0.8710,1.0390,4.4880
2019.20000,2019-03-14,-118.6460,335.2940,-35.5300,0.8750,1.0360,4.4710
2019.20274,2019-03-15,-118.2950,333.4120,-34.6220,0.8860,1.0710,4.4970
2019.20548,2019-03-16,-119.4680,333.5070,-31.0890,0.8610,1.0020,4.2310
2019.20822,2019-03-17,-119.5230,333.0710,-31.8960,0.8550,1.0100,4.2920
2019.21096,2019-03-18,-119.8840,334.4950,-33.2840,0.8610,0.9990,4.2480
2019.21370,2019-03-19,-120.4750,336.0070,-25.1980,0.8600,1.0280,4.3310
2019.21644,2019-03-20,-120.3270,333.0690,-25.8090,0.8560,1.0100,4.3260
2019.21918,2019-03-21,-116.4880,333.9250,-31.5580,0.8740,1.0080,4.3260
2019.22192,2019-03-22,-119.1530,331.6010,-32.3880,0.8970,1.0220,4.4550
2019.22466,2019-03-23,-117.9810,333.3440,-35.8300,0.8630,1.0150,4.3010
2019.22740,2019-03-24,-119.7280,334.8410,-27.7650,0.8690,1.0310,4.4180
2019.23014,2019-03-25,-116.8960,335.1960,-26.0040,0.8660,1.0190,4.3780
2019.23288,2019-03-26,-117.5230,334.7990,-36.6320,0.8630,1.0270,4.3130
2019.23562,2019-03-27,-119.9460,333.5020,-30.0570,0.8560,1.0290,4.4120
2019.23836,2019-03-28,-117.6040,334.2580,-29.5360,0.8600,1.0110,4.2830
2019.24110,2019-03-29,-119.0620,337.3850,-37.9870,0.8970,1.0940,4.6730
2019.24384,2019-03-30,-118.4950,334.5820,-31.0640,0.8760,1.0320,4.3800
2019.24658,2019-03-31,-118.8670,334.6130,-28.6480,0.8680,1.0710,4.5570
2019.24932,2019-04-01,-121.0490,334.4800,-32.2540,0.8560,1.0360,4.2770
2019.25205,2019-04-02,-116.9100,335.0900,-33.8270,0.8460,1.0180,4.2380
2019.25479,2019-04-03,-116.2360,333.5820,-34.2770,0.8630,1.0420,4.3610
2019.25753,2019-04-04,-117.3730,335.5050,-32.1590,0.8440,0.9960,4.1960
2019.26027,2019-04-05,-119.3200,333.1180,-33.7210,0.8520,1.0480,4.4340
2019.26301,2019-04-06,-119.2890,332.0810,-29.2770,0.8540,1.0110,4.2440
2019.26575,2019-04-07,-118.7900,332.3990,-31.8230,0.8650,1.0430,4.3760
2019.26849,2019-04-08,-117.5460,337.9180,-35.8800,0.8530,1.0160,4.2930
2019.27123,2019-04-09,-117.6810,334.8690,-27.6650,0.8910,1.0290,4.4200
2019.27397,2019-04-10,-114.6260,332.9200,-34.2340,0.9410,1.0390,4.7370
2019.27671,2019-04-11,-117.1250,337.7740,-28.5370,0.8870,1.0770,4.6050
2019.27945,2019-04-12,-119.1280,334.3530,-34.0060,0.8600,1.0140,4.2660
2019.28219,2019-04-13,-118.5360,335.9030,-31.9270,0.8660,1.0160,4.3440
2019.28493,2019-04-14,-119.6510,335.7800,-34.5360,0.8720,1.0330,4.3980
2019.28767,2019-04-15,-121.0090,335.1960,-31.8020,0.8730,1.0390,4.3780
2019.29041,2019-04-16,-118.2710,335.0980,-28.3680,0.8560,1.0210,4.3390
2019.29315,2019-04-17,-117.7100,337.2950,-35.1690,0.8700,1.0380,4.4140
2019.29589,2019-04-18,-120.9700,332.1550,-34.5280,0.9060,1.0600,4.5170
2019.29863,2019-04-19,-120.4360,332.7720,-25.0310,0.9070,1.1260,4.7280
2019.30137,2019-04-20,-120.3180,337.6830,-33.6670,0.9160,1.0650,4.6920
2019.30411,2019-04-21,-118.8270,335.6640,-28.0680,0.9230,1.0710,4.5680
2019.30685,2019-04-22,-123.1300,338.2130,-41.4550,0.9090,1.0430,4.5350
2019.30959,2019-04-23,-120.7220,337.8690,-37.4250,0.8870,1.0540,4.5070
2019.31233,2019-04-24,-121.5040,334.9240,-34.3830,0.8960,1.0270,4.4590
2019.31507,2019-04-25,-118.0170,339.2780,-35.2960,0.9280,1.0650,4.6780
2019.32055,2019-04-27,-119.1420,336.6870,-37.2320,0.8500,1.0090,4.2280
2019.32329,2019-04-28,-121.9070,337.1630,-27.9470,0.8630,1.0100,4.2860
2019.32603,2019-04-29,-119.3710,335.8550,-32.8650,0.8790,1.0350,4.4850
2019.32877,2019-04-30,-122.2840,337.8550,-31.7920,0.9160,1.0490,4.5770
2019.33151,2019-05-01,-120.2700,338.2020,-31.2210,0.8740,1.0190,4.4320
2019.33425,2019-05-02,-120.0880,336.2490,-26.1120,0.9010,1.0220,4.3510
2019.33699,2019-05-03,-122.2430,337.7840,-30.8670,0.9000,1.0490,4.4860
2019.33973,2019-05-04,-119.2070,335.3300,-28.0290,0.8800,1.0220,4.3870
2019.34247,2019-05-05,-121.2390,336.6990,-31.7030,0.8660,1.0310,4.4140
2019.34521,2019-05-06,-121.3890,337.1070,-29.5510,0.8670,1.0190,4.3150
2019.34795,2019-05-07,-119.6590,335.7520,-38.0460,0.8830,1.0460,4.4200
2019.35068,2019-05-08,-118.0660,336.6150,-29.8660,0.8800,1.0510,4.4270
2019.35342,2019-05-09,-118.7240,336.4910,-35.9490,0.8590,1.0460,4.4330
2019.35616,2019-05-10,-120.8850,337.2700,-27.0070,0.8690,1.0430,4.4990
2019.35890,2019-05-11,-118.8900,337.5190,-35.5300,0.8570,1.0170,4.3300
2019.36164,2019-05-12,-119.0480,337.7310,-39.1270,0.8770,1.0400,4.4820
2019.36438,2019-05-13,-120.9690,336.9370,-28.5940,0.8850,1.0400,4.4870
2019.36712,2019-05-14,-121.1950,337.3200,-33.4910,0.8720,1.0320,4.4530
2019.36986,2019-05-15,-121.7740,334.8880,-27.8460,0.9040,1.0670,4.7480
2019.37260,2019-05-16,-121.3620,334.8180,-31.9350,0.8890,1.0460,4.5320
2019.37534,2019-05-17,-121.9540,337.6050,-30.3540,0.9030,1.0580,4.5600
2019.37808,2019-05-18,-122.5400,338.3960,-31.6160,0.9300,1.0980,4.7380
2019.38082,2019-05-19,-120.6490,337.0930,-21.0960,0.8960,1.0740,4.7950
2019.38356,2019-05-20,-125.2260,337.5280,-24.0300,0.9420,1.1480,4.9900
2019.38630,2019-05-21,-122.1530,337.7750,-29.8900,0.8700,1.0250,4.3900
2019.38904,2019-05-22,-120.8980,338.4490,-27.1000,0.8810,1.0200,4.4440
2019.39178,2019-05-23,-122.6710,341.7850,-32.5050,0.8930,1.0430,4.5110
2019.39452,2019-05-24,-119.2940,340.2810,-28.5510,0.8770,1.0560,4.5680
2019.39726,2019-05-25,-121.1320,338.5630,-34.4860,0.8900,1.0160,4.3560
2019.40000,2019-05-26,-119.8370,338.5380,-28.2440,0.8810,1.0340,4.4690
2019.40274,2019-05-27,-122.4000,338.3370,-26.6780,0.8880,1.0580,4.5260
2019.40548,2019-05-28,-119.4490,338.4590,-28.7020,0.8680,1.0400,4.4160
2019.40822,2019-05-29,-120.9060,339.2910,-30.7460,0.8620,1.0060,4.2410
2019.41096,2019-05-30,-119.5540,337.1910,-22.6370,0.8770,1.0600,4.5170
2019.41370,2019-05-31,-118.6060,339.3170,-29.4890,0.8880,1.0720,4.5400
2019.41644,2019-06-01,-121.0460,337.7350,-20.5960,0.9140,1.0520,4.5230
2019.41918,2019-06-02,-119.0400,338.0930,-29.0710,0.8860,1.0630,4.4690
2019.42192,2019-06-03,-122.4260,337.9780,-27.0010,0.9050,1.0850,4.6160
2019.42466,2019-06-04,-120.9860,338.0100,-24.1830,0.9300,1.0750,4.6580
2019.42740,2019-06-05,-122.6520,336.1610,-27.3340,0.9060,1.0440,4.4270
2019.43014,2019-06-06,-119.8080,337.5990,-25.9720,0.9400,1.1110,4.8530
2019.43288,2019-06-07,-121.9840,335.2400,-28.1360,0.8910,1.0610,4.5100
2019.43562,2019-06-08,-123.2190,338.7010,-22.9050,0.8980,1.0080,4.3570
2019.43836,2019-06-09,-121.6030,341.0410,-25.4500,0.9080,1.0480,4.5400
2019.44110,2019-06-10,-120.9490,339.5900,-24.0320,0.9350,1.0970,4.6000
2019.44384,2019-06-11,-124.3700,335.4710,-17.1750,0.9640,1.1420,4.9250
2019.44658,2019-06-12,-122.3520,340.1860,-27.0550,0.9310,1.1010,4.7100
2019.44932,2019-06-13,-124.8830,338.1240,-25.1920,0.9460,1.0940,4.7330
2019.45205,2019-06-14,-121.9370,340.1030,-38.0680,0.9410,1.0500,4.5090
2019.45753,2019-06-16,-121.3390,342.2580,-43.2220,0.9400,1.1190,4.7520
2019.46027,2019-06-17,-121.3240,339.5820,-37.7210,0.9180,1.0600,4.5280
2019.46301,2019-06-18,-124.1460,339.5560,-29.8730,0.9160,1.1040,4.7250
2019.46575,2019-06-19,-121.7340,339.3070,-39.0250,0.9840,1.1280,4.8590
2019.46849,2019-06-20,-120.5740,341.1610,-39.8640,0.9960,1.1530,4.9620
2019.47123,2019-06-21,-121.6340,342.1390,-29.1830,0.9860,1.1600,5.0990
2019.47397,2019-06-22,-121.3780,342.1440,-19.2290,0.9530,1.0920,4.7500
2019.47671,2019-06-23,-123.5360,343.9300,-24.9150,0.9730,1.1600,4.9760
2019.47945,2019-06-24,-119.8740,338.9730,-33.8160,0.9360,1.1060,4.7430
2019.48219,2019-06-25,-124.0610,339.4570,-27.8810,0.9150,1.0930,4.6110
2019.48493,2019-06-26,-121.9420,343.7550,-31.9830,0.9050,1.0780,4.5520
2019.48767,2019-06-27,-122.9350,343.1410,-34.9830,0.9460,1.1340,4.8730
2019.49041,2019-06-28,-121.3350,339.8470,-14.1330,0.9550,1.1050,4.6260
2019.49315,2019-06-29,-121.7300,340.0770,-28.2720,0.9090,1.1000,4.7350
2019.49589,2019-06-30,-125.3560,340.3860,-21.8600,0.9650,1.1130,4.8600
2019.49863,2019-07-01,-120.0600,340.3370,-30.9440,0.9200,1.0790,4.6430
2019.50137,2019-07-02,-121.5300,340.7370,-25.5360,0.9090,1.0930,4.6830
2019.50411,2019-07-03,-123.2910,341.5520,-24.1000,0.9190,1.0830,4.5970
2019.50685,2019-07-04,-120.3570,341.4160,-27.7880,0.9280,1.1220,4.8250
2019.50959,2019-07-05,-119.9330,343.8310,-28.9950,0.9140,1.1300,4.7570
2019.51233,2019-07-06,-121.2260,340.1960,-27.4110,0.9270,1.0890,4.7130
2019.51507,2019-07-07,-119.5720,342.6950,-20.6410,0.9220,1.1070,4.7480
2019.51781,2019-07-08,-121.5350,345.9170,-30.6590,0.9600,1.0810,4.8630
2019.52055,2019-07-09,-120.9500,342.5390,-32.1910,0.9700,1.1490,5.0800
2019.52329,2019-07-10,-125.1830,344.3050,-10.9780,1.0140,1.1340,5.0010
2019.52603,2019-07-11,-123.1360,341.9360,-36.5120,0.9420,1.0770,4.6780
2019.52877,2019-07-12,-124.7540,340.7860,-34.9070,0.9230,1.0960,4.7290
2019.53151,2019-07-13,-124.1120,341.1320,-23.4040,0.9840,1.1400,4.9290
2019.53425,2019-07-14,-124.3070,342.3570,-34.1660,0.9120,1.0590,4.4510
2019.53699,2019-07-15,-124.3040,342.1110,-26.5660,0.9460,1.1120,4.7820
2019.53973,2019-07-16,-122.8440,341.6030,-36.6190,0.9250,1.1280,4.8230
2019.54247,2019-07-17,-123.1950,343.4720,-32.8270,0.9330,1.1160,4.8120
2019.54521,2019-07-18,-126.3680,345.0970,-17.6980,0.9880,1.1730,4.9730
2019.54795,2019-07-19,-122.5610,344.0710,-35.0410,0.9710,1.1670,4.8970
2019.55068,2019-07-20,-124.0540,343.7690,-36.9280,0.9030,1.0520,4.4570
2019.55342,2019-07-21,-124.8130,340.7860,-39.2820,0.9320,1.1060,4.7820
2019.55616,2019-07-22,-124.8160,346.8730,-39.6650,0.9390,1.1010,4.8600
2019.55890,2019-07-23,-123.6540,340.3830,-19.5270,0.9400,1.1280,4.9960
2019.56164,2019-07-24,-122.5470,342.6540,-35.4950,0.9940,1.1670,5.2570
2019.56438,2019-07-25,-121.9480,340.3630,-27.2790,0.9180,1.1070,4.7420
2019.56712,2019-07-26,-124.2810,336.1250,-15.7230,0.9380,1.0940,4.7150
2019.56986,2019-07-27,-123.7310,342.2220,-31.5830,0.9210,1.0990,4.6320
2019.57260,2019-07-28,-124.5080,341.3200,-20.7040,0.9200,1.0980,4.7330
2019.57534,2019-07-29,-124.4530,341.3170,-28.0270,0.9450,1.1200,4.8390
2019.58082,2019-07-31,-125.9270,339.0130,-28.0880,0.9950,1.1320,4.8830
2019.58356,2019-08-01,-125.4670,340.4870,-20.2290,0.9440,1.1070,4.7770
2019.59178,2019-08-04,-124.6070,340.3320,-27.0810,0.9160,1.0850,4.6280
2019.59452,2019-08-05,-126.1540,341.8030,-24.3400,0.9210,1.0970,4.5630
2019.59726,2019-08-06,-123.6160,343.5080,-25.1810,0.9340,1.1250,4.7720
2019.60000,2019-08-07,-125.9430,344.5900,-20.2720,0.9190,1.1350,4.7400
2019.60274,2019-08-08,-121.4860,341.8330,-17.7120,0.9790,1.2040,5.0870
2019.60548,2019-08-09,-123.2610,343.4320,-27.6560,0.9320,1.0890,4.7050
2019.60822,2019-08-10,-127.7010,347.6170,-25.0830,1.0050,1.1840,5.0910
2019.61096,2019-08-11,-124.3640,341.8480,-20.8450,0.9830,1.1730,4.9370
2019.61370,2019-08-12,-122.2350,345.7400,-15.2190,0.9610,1.1010,4.7830
2019.61644,2019-08-13,-121.9250,341.0360,-14.8060,0.9650,1.1510,4.9250
2019.61918,2019-08-14,-122.2770,343.4790,-20.0190,1.0380,1.1830,5.3010
2019.62192,2019-08-15,-126.2290,342.6970,-25.5430,1.0930,1.2130,5.3960
2019.62466,2019-08-16,-126.1470,343.2690,-28.2070,1.0280,1.1610,5.0990
2019.62740,2019-08-17,-124.5850,340.2180,-26.6030,0.9560,1.1120,4.7990
2019.63014,2019-08-18,-125.7020,343.2290,-21.0250,0.9430,1.1310,4.8720
2019.63288,2019-08-19,-124.8180,342.1540,-34.1450,0.9320,1.1370,4.8800
2019.63562,2019-08-20,-124.5650,341.9290,-22.2830,0.9110,1.0880,4.6530
2019.63836,2019-08-21,-125.9100,343.0050,-25.5880,0.9010,1.0800,4.6020
2019.64110,2019-08-22,-125.3100,343.3730,-25.4280,0.9150,1.0930,4.6550
2019.64384,2019-08-23,-125.4190,344.7240,-27.5130,0.9430,1.1450,4.8930
2019.64658,2019-08-24,-125.4210,344.7990,-30.6670,0.9670,1.1220,4.8950
2019.64932,2019-08-25,-125.0840,342.5100,-25.1820,0.9360,1.0680,4.6330
2019.65205,2019-08-26,-124.6680,346.2300,-28.0490,0.9140,1.1000,4.6920
2019.65479,2019-08-27,-126.9560,342.9200,-26.4780,0.9020,1.0880,4.6400
2019.65753,2019-08-28,-124.8790,340.7320,-22.7750,0.9340,1.1220,4.7970
2019.66027,2019-08-29,-124.8230,342.1800,-19.8030,0.9670,1.1060,4.7440
2019.66301,2019-08-30,-124.2210,343.1620,-15.1440,0.9420,1.1380,4.7370
2019.66575,2019-08-31,-127.3000,344.3190,-17.4450,0.9360,1.1090,4.7650
2019.66849,2019-09-01,-125.2430,345.6780,-24.6970,0.9300,1.1320,4.8260
2019.67123,2019-09-02,-126.9610,342.7200,-21.5090,0.9350,1.1160,4.7810
2019.67397,2019-09-03,-120.9760,344.9350,-19.9290,0.9180,1.0730,4.5950
2019.67671,2019-09-04,-128.7760,344.6620,-25.5420,0.9460,1.1310,4.7970
2019.67945,2019-09-05,-124.2810,345.6490,-22.4650,0.9340,1.1400,4.9060
2019.68219,2019-09-06,-126.5670,342.7900,-16.0840,0.9280,1.1690,4.9140
2019.68493,2019-09-07,-126.9830,346.6510,-19.5240,0.9640,1.1720,5.0420
2019.68767,2019-09-08,-124.5690,345.6670,-22.2880,0.9300,1.1230,4.7930
2019.69041,2019-09-09,-122.5750,346.3640,-24.9360,0.9860,1.1740,5.1280
2019.69315,2019-09-10,-125.5740,346.3430,-14.2560,0.9800,1.1200,4.9620
2019.69589,2019-09-11,-121.9620,343.8140,-33.3670,0.9290,1.0710,4.6070
2019.69863,2019-09-12,-124.6410,345.4790,-24.5110,0.9410,1.1350,4.8760
2019.70137,2019-09-13,-124.1820,347.0470,-33.6740,0.9320,1.1220,4.8610
2019.70411,2019-09-14,-125.4810,345.0720,-23.7370,0.9270,1.0710,4.5940
2019.70685,2019-09-15,-122.6040,342.9560,-39.0160,0.9490,1.1130,4.7840
2019.70959,2019-09-16,-124.5180,345.3490,-27.4850,0.8990,1.0820,4.5580
2019.71233,2019-09-17,-124.3690,346.1410,-25.5770,0.9180,1.0780,4.5870
2019.71507,2019-09-18,-125.7770,343.1080,-33.6920,0.9190,1.0920,4.6130
2019.71781,2019-09-19,-123.8030,342.4400,-31.3380,0.9190,1.1060,4.6730
2019.72055,2019-09-20,-124.7280,343.4180,-30.7170,0.9330,1.1160,4.7370
2019.72329,2019-09-21,-125.2300,343.1100,-24.2250,0.9370,1.1190,4.7600
2019.72603,2019-09-22,-124.8630,343.4970,-26.7290,0.9080,1.0800,4.5650
2019.72877,2019-09-23,-125.6930,342.7530,-26.7420,0.9000,1.0750,4.5140
2019.73151,2019-09-24,-124.9430,343.0280,-29.4020,0.9120,1.0680,4.5130
2019.73425,2019-09-25,-124.6780,343.8160,-33.0650,0.9090,1.0900,4.5470
2019.73699,2019-09-26,-123.3390,344.4050,-32.9940,0.9040,1.0640,4.5140
2019.73973,2019-09-27,-123.3740,343.9800,-22.8590,0.9010,1.0650,4.4990
2019.74247,2019-09-28,-126.2710,343.1690,-34.0500,0.9300,1.1590,4.9270
2019.74521,2019-09-29,-125.0910,344.6580,-27.6540,0.9410,1.1160,4.8140
2019.74795,2019-09-30,-125.1460,345.2300,-19.8960,0.9030,1.0780,4.5670
2019.75068,2019-10-01,-125.1650,344.3360,-27.7020,0.9310,1.0750,4.7110
2019.75342,2019-10-02,-123.3070,345.4460,-31.5470,0.9380,1.1490,4.9270
2019.75616,2019-10-03,-125.1640,343.4970,-37.3420,0.9600,1.0770,4.9090
2019.75890,2019-10-04,-123.8590,347.9210,-25.4270,0.9390,1.0710,4.7010
2019.76164,2019-10-05,-124.8560,345.8690,-39.6560,0.8970,1.0750,4.5950
2019.76438,2019-10-06,-126.7160,344.3650,-30.4590,0.9240,1.0660,4.5840
2019.76712,2019-10-07,-124.8450,346.4060,-32.7410,0.9070,1.1020,4.7070
2019.76986,2019-10-08,-126.3330,345.8860,-27.5460,0.9190,1.1370,4.7830
2019.77260,2019-10-09,-124.1260,346.9270,-33.6700,0.9190,1.1080,4.7460
2019.77534,2019-10-10,-124.9380,347.7900,-27.5010,0.9520,1.0830,4.5920
2019.77808,2019-10-11,-124.3250,344.7860,-26.6090,0.9140,1.0420,4.4210
2019.78082,2019-10-12,-126.5800,347.0600,-30.4640,0.9230,1.0690,4.5500
2019.78356,2019-10-13,-124.9030,345.9030,-34.2410,0.9150,1.0830,4.6030
2019.78630,2019-10-14,-123.0760,345.1450,-30.2680,0.9140,1.0800,4.5940
2019.78904,2019-10-15,-123.8570,348.1670,-35.1060,0.9090,1.0800,4.5890
2019.79178,2019-10-16,-123.8950,345.6270,-33.1410,0.9090,1.0640,4.5280
2019.79452,2019-10-17,-124.5890,346.3600,-32.4380,0.9050,1.0520,4.4470
2019.79726,2019-10-18,-124.8230,346.5780,-34.8660,0.9320,1.1060,4.6870
2019.80000,2019-10-19,-125.4200,344.8320,-35.0280,0.9090,1.0650,4.4930
2019.80274,2019-10-20,-124.5660,344.9100,-31.1180,0.9190,1.0970,4.5990
2019.80548,2019-10-21,-125.3100,346.7270,-29.1010,0.9180,1.1300,4.7490
2019.80822,2019-10-22,-125.7130,347.4940,-25.0030,0.9210,1.0700,4.5320
2019.81096,2019-10-23,-124.8570,348.4130,-29.5430,0.9120,1.0720,4.5620
2019.81370,2019-10-24,-126.1810,348.5530,-25.1210,0.9150,1.0660,4.5710
2019.81644,2019-10-25,-124.3770,345.6420,-29.6180,0.9280,1.0770,4.6620
2019.81918,2019-10-26,-124.3630,347.9210,-26.9970,0.9470,1.1060,4.7970
2019.82192,2019-10-27,-123.8920,350.7610,-29.1640,0.9160,1.0750,4.5550
2019.82466,2019-10-28,-125.4630,347.8590,-36.4950,0.9220,1.1050,4.6910
2019.82740,2019-10-29,-124.1510,347.9850,-34.1180,0.9280,1.1130,4.6900
2019.83014,2019-10-30,-123.0420,349.0520,-26.6680,0.9020,1.0600,4.4930
2019.83288,2019-10-31,-125.3980,347.6000,-31.3790,0.9520,1.1590,4.7340
2019.83562,2019-11-01,-124.6020,348.5510,-18.7040,0.9570,1.1230,4.6340
2019.83836,2019-11-02,-127.3890,348.1540,-30.1780,0.9280,1.0950,4.6370
2019.84110,2019-11-03,-125.7220,348.7680,-27.9500,0.9470,1.0930,4.6400
2019.84384,2019-11-04,-123.9920,348.9710,-35.1380,0.9140,1.0830,4.6210
2019.84658,2019-11-05,-125.1450,347.9940,-19.8960,0.9320,1.1030,4.7100
2019.86849,2019-11-13,-126.4960,348.5720,-15.8090,1.0180,1.1810,5.0360
2019.87123,2019-11-14,-126.1770,346.3470,-25.4810,0.9180,1.0690,4.6000
2019.87397,2019-11-15,-125.5520,346.8140,-23.9240,0.9150,1.1040,4.6840
2019.87671,2019-11-16,-125.5120,349.8730,-27.1470,0.9060,1.0790,4.6280
2019.87945,2019-11-17,-124.6600,348.2670,-28.3990,0.9400,1.1300,4.8520
2019.88219,2019-11-18,-123.8090,348.2270,-26.0030,0.9180,1.0640,4.5510
2019.88493,2019-11-19,-124.1220,347.8560,-23.7270,0.9230,1.0750,4.5680
2019.88767,2019-11-20,-126.8330,347.8470,-31.2110,0.9080,1.0590,4.5180
2019.89041,2019-11-21,-125.9890,347.1810,-28.9440,0.9410,1.0790,4.6250
2019.89315,2019-11-22,-124.2750,348.5540,-21.9310,0.9300,1.0710,4.5900
2019.89589,2019-11-23,-126.6030,350.0540,-22.3960,0.9140,1.0650,4.5150
2019.89863,2019-11-24,-127.3220,350.0830,-31.3580,0.9160,1.0640,4.5510
2019.90137,2019-11-25,-124.8160,349.4390,-27.0780,0.9170,1.0750,4.6190
2019.90411,2019-11-26,-125.4340,350.3190,-29.7600,0.9150,1.0650,4.5370
2019.90685,2019-11-27,-125.8790,348.0290,-25.0050,0.9190,1.0680,4.5690
2019.90959,2019-11-28,-124.1740,347.9980,-30.3960,0.9320,1.0850,4.6630
2019.91233,2019-11-29,-125.1560,350.2420,-29.7710,0.9410,1.0990,4.6930
2019.91507,2019-11-30,-125.9180,349.7940,-28.5290,0.9380,1.0920,4.6720
2019.91781,2019-12-01,-124.3210,350.3640,-29.3220,0.9250,1.0880,4.6560
2019.92055,2019-12-02,-127.0950,351.0320,-33.7080,0.9230,1.0640,4.5660
2019.92329,2019-12-03,-127.1830,349.2230,-26.7590,0.9080,1.0840,4.5680
2019.92603,2019-12-04,-126.5880,351.1390,-29.5910,0.9220,1.0870,4.6340
2019.92877,2019-12-05,-126.9670,347.8310,-26.3030,0.9050,1.0950,4.6340
2019.93151,2019-12-06,-126.6820,348.1840,-26.3040,0.9050,1.0670,4.5120
2019.93425,2019-12-07,-129.0060,350.5710,-36.0790,0.9100,1.0630,4.5410
2019.93699,2019-12-08,-128.3160,350.6950,-35.4250,0.9150,1.0660,4.6280
2019.93973,2019-12-09,-129.0920,350.8310,-24.2240,0.9110,1.0690,4.6110
2019.94247,2019-12-10,-129.0520,350.0010,-28.9770,0.9110,1.0720,4.6270
2019.94521,2019-12-11,-128.9160,352.8750,-29.2850,0.9040,1.0790,4.6000
2019.94795,2019-12-12,-128.0950,351.3280,-30.4490,0.8960,1.0550,4.4750
2019.95068,2019-12-13,-129.1060,354.2840,-33.7980,0.9040,1.0770,4.6340
2019.95342,2019-12-14,-126.1060,353.6240,-25.9530,0.9420,1.1260,4.7070
2019.95616,2019-12-15,-125.2500,353.0000,-27.0030,0.9130,1.0850,4.6990
2019.95890,2019-12-16,-124.5620,355.1840,-31.5410,0.9200,1.0860,4.6980
2019.96164,2019-12-17,-122.5020,354.8600,-31.8860,0.9120,1.0610,4.6140
2019.96438,2019-12-18,-125.5850,353.7800,-30.7190,0.9100,1.0650,4.6800
2019.96712,2019-12-19,-127.5510,355.3930,-29.7800,0.9730,1.0950,4.8680
2019.96986,2019-12-20,-123.6090,354.5500,-30.4450,0.9590,1.0920,4.8570
2019.97260,2019-12-21,-124.1210,354.3130,-29.3910,0.9230,1.0930,4.6860
2019.97534,2019-12-22,-125.6950,352.6300,-29.2570,0.9110,1.0760,4.6280
2019.97808,2019-12-23,-124.0890,353.9710,-30.2830,0.9200,1.0720,4.6950
2019.98082,2019-12-24,-124.6440,355.3950,-22.2560,0.9280,1.0660,4.6050
2019.98356,2019-12-25,-126.8320,353.9840,-23.3030,0.9380,1.1050,4.7530
2019.98630,2019-12-26,-123.4570,354.0750,-21.7710,0.9390,1.0760,4.6850
2019.98904,2019-12-27,-126.4740,352.1950,-26.0540,0.9270,1.0650,4.5670
2019.99178,2019-12-28,-126.5060,351.8660,-29.5790,0.9320,1.0880,4.7030
2019.99452,2019-12-29,-125.1010,356.8430,-26.7250,0.9580,1.1390,4.9380
2019.99726,2019-12-30,-124.4340,356.1610,-27.0860,0.9740,1.1170,4.8190
2020.00000,2019-12-31,-126.0150,355.6300,-27.2510,0.9280,1.0910,4.6880
2020.00273,2020-01-01,-125.0810,355.2010,-36.5610,0.9220,1.0890,4.6880
2020.00546,2020-01-02,-125.2750,356.7680,-36.5710,0.9120,1.0710,4.6010
2020.00820,2020-01-03,-126.6510,355.3830,-31.8170,0.9330,1.0960,4.7410
2020.01093,2020-01-04,-128.1560,353.2780,-29.5400,0.9390,1.0870,4.6690
2020.01366,2020-01-05,-127.6320,352.9340,-29.7850,0.9290,1.0770,4.5660
2020.01639,2020-01-06,-126.8210,353.6850,-25.2980,0.9510,1.0850,4.5910
2020.01913,2020-01-07,-123.1000,353.8010,-20.0310,0.9600,1.0940,4.7470
2020.02186,2020-01-08,-122.9300,353.3060,-24.9540,0.9370,1.0980,4.7620
2020.02459,2020-01-09,-124.0510,353.7730,-24.5720,0.9240,1.0680,4.6140
2020.02732,2020-01-10,-125.1220,353.7890,-27.3420,0.9340,1.0800,4.7360
2020.03005,2020-01-11,-125.3420,354.3930,-23.9100,0.9150,1.0970,4.7300
2020.03279,2020-01-12,-124.8930,357.0700,-35.5300,0.9370,1.0650,4.6400
2020.03552,2020-01-13,-124.8360,356.8650,-27.0500,0.9370,1.0790,4.6920
2020.03825,2020-01-14,-124.7360,355.5630,-28.3110,0.9180,1.0440,4.5350
2020.04372,2020-01-16,-124.3490,356.1800,-22.1530,0.9610,1.0750,4.7690
2020.04645,2020-01-17,-125.0970,356.2640,-28.0950,0.9640,1.0670,4.8240
2020.04918,2020-01-18,-125.3510,355.6170,-26.7530,0.9170,1.0490,4.5620
2020.05191,2020-01-19,-126.6060,357.9420,-30.0130,0.9050,1.0480,4.5440
2020.05464,2020-01-20,-127.2620,358.2880,-24.7370,0.8990,1.0420,4.4900
2020.05738,2020-01-21,-126.1020,355.8990,-25.5580,0.9170,1.0570,4.5690
2020.06011,2020-01-22,-127.3330,356.3310,-27.2210,0.9120,1.0590,4.5360
2020.06284,2020-01-23,-127.7030,356.3560,-20.5910,0.9120,1.0700,4.5730
2020.06557,2020-01-24,-125.8160,356.9940,-28.0570,0.9110,1.0570,4.5940
2020.06831,2020-01-25,-126.4900,355.8760,-34.8910,0.9050,1.0410,4.4540
2020.07104,2020-01-26,-129.3180,358.0890,-23.2600,0.9390,1.0800,4.7420
2020.07377,2020-01-27,-124.8760,358.6500,-27.8030,0.9360,1.0660,4.6430
2020.07650,2020-01-28,-127.9550,356.0760,-29.3330,0.9130,1.0520,4.5520
2020.07923,2020-01-29,-129.2790,355.5600,-31.4370,0.8980,1.0560,4.5460
2020.08197,2020-01-30,-124.6870,354.9600,-27.3750,0.9070,1.0520,4.5040
2020.08470,2020-01-31,-128.0730,355.1030,-25.3250,0.9000,1.0430,4.4620
2020.08743,2020-02-01,-130.7000,355.3450,-35.3200,0.9060,1.0420,4.4670
2020.09016,2020-02-02,-129.6210,356.5520,-25.9890,0.9060,1.0480,4.4760
2020.09290,2020-02-03,-127.7510,356.4040,-30.5140,0.8970,1.0430,4.4570
2020.09563,2020-02-04,-126.9270,356.6570,-32.1360,0.9160,1.0650,4.5710
2020.09836,2020-02-05,-126.0870,356.0880,-31.7630,0.9140,1.0730,4.5920
2020.10109,2020-02-06,-127.4190,356.6500,-28.7120,0.9150,1.0740,4.5850
2020.10383,2020-02-07,-127.9910,357.5010,-30.6840,0.9200,1.0710,4.6500
2020.10656,2020-02-08,-127.9760,357.5630,-36.5500,0.9160,1.0660,4.5430
2020.10929,2020-02-09,-126.9380,356.9390,-28.8570,0.9290,1.0670,4.6680
2020.11202,2020-02-10,-128.5930,356.2390,-30.4800,0.9320,1.0770,4.6220
2020.11475,2020-02-11,-129.7240,356.8620,-26.9000,0.9240,1.0800,4.6030
2020.11749,2020-02-12,-130.8690,356.3260,-21.5870,0.8990,1.0710,4.5520
2020.12022,2020-02-13,-127.8800,356.7620,-31.7860,0.9540,1.1550,4.9030
2020.12295,2020-02-14,-130.0370,356.5270,-30.5980,0.9550,1.1180,4.7810
2020.12568,2020-02-15,-127.6100,352.2930,-26.1910,0.9620,1.1380,4.9040
2020.13661,2020-02-19,-132.4670,357.4860,-32.4540,1.1770,1.3660,5.9520
2020.13934,2020-02-20,-129.8410,356.8020,-33.3720,0.9310,1.1110,4.7830
2020.14208,2020-02-21,-129.0720,358.2240,-35.6040,0.9290,1.0930,4.7280
2020.14481,2020-02-22,-129.3920,358.2780,-35.9900,0.9330,1.1260,4.8170
2020.14754,2020-02-23,-128.5740,357.8040,-32.1690,0.9310,1.0900,4.6780
2020.15027,2020-02-24,-130.0420,358.6770,-33.9150,0.9160,1.1250,4.7840
2020.15301,2020-02-25,-131.2370,360.5910,-28.5910,0.9460,1.0940,4.7140
2020.15574,2020-02-26,-128.2890,361.2490,-37.2300,0.9320,1.1040,4.7680
2020.15847,2020-02-27,-127.5940,357.3660,-37.5360,0.9080,1.0690,4.5710
2020.16120,2020-02-28,-128.3960,360.8240,-34.7150,0.9290,1.0860,4.7170
2020.16393,2020-02-29,-130.3400,360.4940,-34.5830,0.9450,1.0980,4.7970
2020.16667,2020-03-01,-129.3520,359.1860,-33.5920,0.9680,1.1000,4.7890
2020.16940,2020-03-02,-129.4350,359.2550,-31.2250,0.9660,1.1020,4.7870
2020.17213,2020-03-03,-129.4600,358.9980,-32.3500,0.9670,1.1150,4.8200
2020.17486,2020-03-04,-129.1070,359.1450,-33.2870,0.9540,1.1000,4.8260
2020.17760,2020-03-05,-131.1360,358.6010,-32.9540,0.9500,1.1020,4.7720
2020.18033,2020-03-06,-130.1250,359.8530,-29.7080,0.9590,1.1120,4.8370
2020.18306,2020-03-07,-129.4980,361.1730,-31.7470,0.9610,1.0990,4.7550
2020.18579,2020-03-08,-126.8690,360.2260,-30.2590,0.9630,1.0920,4.7260
2020.18852,2020-03-09,-129.4150,359.8610,-33.6770,0.9640,1.1140,4.8240
2020.19126,2020-03-10,-126.5190,361.7920,-33.3800,0.9730,1.1360,4.9740
2020.19399,2020-03-11,-129.3290,362.1820,-32.9410,0.9570,1.1360,4.8870
2020.19672,2020-03-12,-127.1080,359.1950,-29.9170,0.9480,1.1160,4.8800
2020.19945,2020-03-13,-127.2990,360.9420,-37.8060,0.9410,1.0950,4.7500
2020.20219,2020-03-14,-129.1950,360.4460,-34.2980,0.9620,1.0960,4.7950
2020.20492,2020-03-15,-128.6620,362.4900,-30.3800,0.9380,1.0960,4.7620
2020.20765,2020-03-16,-127.2970,359.9500,-34.1030,0.9400,1.1030,4.7740
2020.21038,2020-03-17,-130.8010,360.6780,-23.6900,0.9330,1.1150,4.8410
2020.21311,2020-03-18,-130.7710,360.8180,-27.6180,0.9340,1.0920,4.6980
2020.21585,2020-03-19,-125.2290,362.6230,-30.5460,1.0030,1.2070,5.1940
2020.21858,2020-03-20,-127.9710,363.8780,-39.0290,0.9970,1.1580,5.2700
2020.22131,2020-03-21,-131.9390,360.5990,-34.7400,0.9570,1.1070,4.8870
2020.22404,2020-03-22,-128.7650,362.4110,-30.5710,0.9420,1.1040,4.7940
2020.22678,2020-03-23,-127.9360,359.5780,-30.6190,0.9270,1.0910,4.7020
2020.22951,2020-03-24,-126.8960,359.1440,-29.8750,0.9250,1.1230,4.9050
2020.23224,2020-03-25,-130.2490,361.4430,-28.1900,0.9330,1.0870,4.7630
2020.23497,2020-03-26,-129.3180,364.3460,-29.3070,0.9500,1.1220,4.8710
2020.23770,2020-03-27,-127.6970,362.3770,-42.1450,1.0010,1.1640,5.1290
2020.24044,2020-03-28,-127.0590,361.8580,-35.8080,0.9470,1.0890,4.7210
2020.24317,2020-03-29,-127.7980,362.7290,-32.9640,0.9460,1.0900,4.7170
2020.24590,2020-03-30,-129.9790,362.0870,-41.1150,0.9570,1.1340,4.9370
2020.24863,2020-03-31,-129.6690,363.5980,-32.7080,0.9610,1.1020,4.7570
2020.25137,2020-04-01,-129.8960,363.6910,-34.0570,0.9490,1.1070,4.7950
2020.25410,2020-04-02,-129.3990,362.3890,-39.3940,0.9720,1.1520,4.9930
2020.25683,2020-04-03,-127.0020,361.6060,-36.9540,0.9380,1.1180,4.8190
2020.25956,2020-04-04,-126.1710,361.9700,-34.0860,0.9460,1.0970,4.7360
2020.26230,2020-04-05,-129.9110,361.6470,-44.5820,0.9570,1.1440,4.9910
2020.26503,2020-04-06,-129.9860,358.9900,-39.9480,0.9540,1.1470,4.9720
2020.26776,2020-04-07,-128.1680,359.4210,-34.1080,0.9430,1.0980,4.7680
2020.27049,2020-04-08,-125.1980,359.5340,-33.0150,0.9650,1.1140,4.8450
2020.27322,2020-04-09,-128.5600,363.1570,-36.0420,0.9530,1.0910,4.7680
2020.27596,2020-04-10,-128.4620,359.8510,-33.0760,0.9540,1.1160,4.8510
2020.27869,2020-04-11,-126.9890,361.8110,-39.4210,0.9560,1.1030,4.8340
2020.28142,2020-04-12,-128.1880,360.2060,-32.9980,0.9990,1.1560,4.9890
2020.28415,2020-04-13,-131.3660,362.3320,-32.6450,0.9800,1.1450,4.9070
2020.28689,2020-04-14,-130.3400,360.8500,-35.9750,0.9710,1.1410,4.9550
2020.28962,2020-04-15,-129.8540,361.9110,-36.7470,0.9580,1.1490,4.9210
2020.29235,2020-04-16,-130.6190,362.4780,-33.0560,0.9370,1.1020,4.7140
2020.29508,2020-04-17,-128.8480,359.7800,-35.3500,0.9620,1.1390,4.8800
2020.29781,2020-04-18,-128.8340,361.0040,-35.7040,0.9620,1.1480,4.8980
2020.30055,2020-04-19,-128.4530,361.9820,-35.3240,0.9760,1.1370,4.9720
2020.30328,2020-04-20,-129.0760,360.4080,-30.3610,0.9750,1.1470,4.9450
2020.30601,2020-04-21,-129.2380,361.5380,-35.0870,0.9850,1.1530,5.0960
2020.30874,2020-04-22,-129.0000,357.2770,-26.3830,0.9950,1.1980,5.3400
2020.31148,2020-04-23,-129.1470,359.7740,-25.4650,0.9860,1.1650,4.9850
2020.31421,2020-04-24,-128.6500,363.5120,-29.0040,0.9740,1.1520,4.9600
2020.31694,2020-04-25,-129.5520,363.5220,-31.0200,0.9570,1.1550,4.9880
2020.31967,2020-04-26,-128.4790,361.5220,-34.9790,0.9590,1.1890,5.0910
2020.32240,2020-04-27,-129.4110,361.4040,-31.4090,0.9590,1.1690,4.9990
2020.32514,2020-04-28,-130.2700,362.1890,-30.7490,0.9640,1.1840,5.0870
2020.32787,2020-04-29,-130.1610,362.4510,-35.1290,0.9740,1.1510,5.0490
2020.33060,2020-04-30,-126.8660,362.3210,-31.9530,0.9450,1.1480,4.8920
2020.33333,2020-05-01,-127.9450,363.2890,-30.1490,0.9480,1.1560,4.9320
2020.33607,2020-05-02,-131.5920,361.9370,-17.6440,0.9530,1.1350,4.8670
2020.33880,2020-05-03,-129.0560,361.0200,-21.0360,0.9630,1.1860,5.0110
2020.34153,2020-05-04,-127.7390,359.6790,-24.7070,0.9410,1.1340,4.8450
2020.34426,2020-05-05,-130.5760,363.2980,-18.1740,0.9830,1.1660,5.0200
2020.34699,2020-05-06,-127.5170,362.0350,-24.8090,0.9510,1.1560,4.9090
2020.34973,2020-05-07,-127.8350,363.8240,-29.5840,0.9520,1.1860,5.0320
2020.35246,2020-05-08,-128.9490,361.9100,-25.4790,0.9630,1.1840,5.0240
2020.35519,2020-05-09,-128.5400,360.5240,-21.2540,0.9530,1.2010,5.0590
2020.35792,2020-05-10,-128.8420,362.4080,-38.8670,0.9860,1.2000,5.1580
2020.36066,2020-05-11,-128.9590,362.2340,-30.9040,0.9550,1.1380,4.8510
2020.36339,2020-05-12,-128.9710,362.4720,-21.7210,0.9630,1.1610,4.9270
2020.36612,2020-05-13,-131.3280,362.5580,-26.4250,0.9610,1.1710,5.0180
2020.36885,2020-05-14,-131.5950,362.4630,-25.8480,0.9950,1.1690,5.0490
2020.37158,2020-05-15,-129.6990,360.7670,-35.6140,0.9860,1.2050,5.1020
2020.37432,2020-05-16,-132.1950,362.0890,-31.8980,1.0000,1.2460,5.2390
2020.37705,2020-05-17,-132.2820,361.6360,-35.3780,0.9820,1.1910,5.0300
2020.37978,2020-05-18,-130.3370,361.0990,-20.1310,0.9950,1.1880,5.1030
2020.38251,2020-05-19,-131.0180,362.2710,-24.9920,0.9800,1.1880,5.0740
2020.38525,2020-05-20,-132.7500,361.2850,-24.7830,0.9580,1.1360,4.7840
2020.38798,2020-05-21,-128.4990,360.8610,-17.4430,0.9810,1.1890,5.0630
2020.39071,2020-05-22,-129.1980,363.6730,-33.1640,0.9820,1.1870,5.0610
2020.39344,2020-05-23,-128.0020,363.0260,-28.5290,0.9500,1.1500,4.8420
2020.39617,2020-05-24,-130.4840,361.9130,-32.5140,0.9510,1.1520,4.8650
2020.39891,2020-05-25,-129.6300,365.4080,-41.6280,0.9600,1.1580,4.9330
2020.40164,2020-05-26,-134.0580,362.9320,-29.8690,1.0260,1.1930,5.2800
2020.40437,2020-05-27,-129.8090,359.3410,-15.5860,1.0640,1.2300,5.4230
2020.40710,2020-05-28,-129.0420,362.2140,-24.0620,0.9960,1.2110,5.0990
2020.40984,2020-05-29,-131.0200,362.0400,-32.3560,0.9940,1.1960,5.0650
2020.41257,2020-05-30,-129.2410,364.2540,-25.9790,0.9810,1.1660,4.9770
2020.41530,2020-05-31,-131.9690,363.3210,-33.5790,0.9540,1.1360,4.7930
2020.41803,2020-06-01,-131.1220,361.8570,-32.8230,0.9560,1.1600,4.9020
2020.42077,2020-06-02,-131.4500,361.8440,-33.3990,0.9640,1.1470,4.8500
2020.42350,2020-06-03,-132.8360,363.1400,-35.7500,0.9720,1.1650,4.9670
2020.42623,2020-06-04,-131.4110,364.0280,-22.6050,1.0170,1.2000,5.1030
2020.42896,2020-06-05,-132.1100,364.0890,-30.9000,1.0540,1.2170,5.2450
2020.43169,2020-06-06,-129.6100,365.0050,-21.0680,1.0260,1.1910,5.1990
2020.43443,2020-06-07,-131.7530,364.6160,-33.4130,1.0210,1.1700,5.1160
2020.43716,2020-06-08,-132.6530,366.9360,-24.6000,1.0320,1.1730,5.0900
2020.43989,2020-06-09,-131.7060,364.7180,-33.8630,1.0170,1.2010,5.2100
2020.44262,2020-06-10,-130.3680,363.8000,-31.3160,1.0280,1.1860,5.1480
2020.44536,2020-06-11,-132.3610,365.5560,-31.9410,1.0170,1.1480,4.9590
2020.44809,2020-06-12,-134.2430,363.7890,-32.2990,0.9910,1.1560,4.9510
2020.45082,2020-06-13,-128.9520,366.4520,-22.9800,1.0210,1.1770,5.1070
2020.45355,2020-06-14,-132.7560,364.0670,-39.0950,0.9890,1.1560,4.9080
2020.45628,2020-06-15,-130.8370,363.0160,-33.6650,0.9850,1.1750,4.9790
2020.45902,2020-06-16,-133.2650,366.4770,-38.3500,0.9640,1.1460,4.8510
2020.46175,2020-06-17,-134.7960,365.0000,-37.0520,0.9980,1.1580,4.9300
2020.46448,2020-06-18,-132.3430,365.8730,-33.7740,0.9880,1.1830,5.0260
2020.46721,2020-06-19,-132.5080,367.6830,-42.8170,1.0040,1.1730,5.0430
2020.46995,2020-06-20,-132.4400,368.5190,-28.2610,1.0070,1.1880,5.1370
2020.47268,2020-06-21,-132.7010,367.5330,-28.3880,1.0210,1.1530,5.0530
2020.47541,2020-06-22,-132.6870,365.6280,-38.6650,0.9890,1.1470,4.9020
2020.47814,2020-06-23,-130.9380,366.0370,-31.9920,0.9940,1.1720,5.0710
2020.48087,2020-06-24,-129.0390,368.1180,-31.0980,1.0190,1.1870,5.0750
2020.48361,2020-06-25,-131.6350,365.5660,-26.8180,1.0090,1.1780,5.1200
2020.48634,2020-06-26,-131.9150,368.1190,-14.1980,1.0130,1.2510,5.2010
2020.48907,2020-06-27,-133.1350,367.0510,-22.7280,1.0320,1.2050,5.1330
2020.49180,2020-06-28,-131.5860,364.4460,-29.6050,1.0510,1.2630,5.3150
2020.49454,2020-06-29,-131.7450,365.8810,-30.7610,0.9910,1.2310,5.0960
2020.49727,2020-06-30,-132.0780,367.6640,-31.6860,1.0300,1.2410,5.1500
2020.50000,2020-07-01,-130.8640,367.0700,-31.8140,1.0100,1.2030,5.0760
2020.50273,2020-07-02,-131.4930,367.0280,-16.3890,0.9920,1.2190,5.0820
2020.50546,2020-07-03,-129.1400,364.6760,-24.2440,1.0290,1.2140,5.2050
2020.50820,2020-07-04,-130.4510,362.8230,-25.8590,1.0350,1.2680,5.3450
2020.51093,2020-07-05,-130.4040,368.8750,-28.7810,1.0550,1.2640,5.4580
2020.51366,2020-07-06,-131.6270,366.6110,-30.9900,1.0340,1.2450,5.2920
2020.51639,2020-07-07,-132.8430,368.1500,-25.8510,1.0150,1.2110,5.1220
2020.51913,2020-07-08,-132.9240,367.8670,-24.1750,1.0210,1.1670,5.0260
2020.52186,2020-07-09,-133.2960,366.7760,-31.1580,1.0480,1.2490,5.2650
2020.52459,2020-07-10,-131.7380,368.4310,-24.9200,1.0210,1.2590,5.2630
2020.52732,2020-07-11,-133.7810,367.0690,-29.1050,1.0690,1.2480,5.3440
2020.53005,2020-07-12,-132.7510,368.0070,-33.6960,1.0630,1.2580,5.4490
2020.53279,2020-07-13,-132.5950,367.5070,-21.1330,1.0380,1.2160,5.1660
2020.53552,2020-07-14,-131.7790,366.3190,-28.7630,1.0470,1.2020,5.1640
2020.53825,2020-07-15,-133.2070,368.0340,-29.8990,1.0320,1.2540,5.2870
2020.54098,2020-07-16,-133.2310,366.5390,-34.6670,1.0140,1.2030,5.0400
2020.54372,2020-07-17,-133.2220,367.0960,-43.6590,1.0320,1.2420,5.2220
2020.54645,2020-07-18,-131.0510,368.0090,-32.2650,1.0130,1.2060,5.1190
2020.54918,2020-07-19,-131.8600,364.8830,-19.6610,1.0360,1.2580,5.2750
2020.55464,2020-07-21,-134.6920,368.5190,-14.4610,1.0480,1.2730,5.3420
2020.55738,2020-07-22,-132.3690,364.8600,-36.4140,1.1130,1.2930,5.5280
2020.56011,2020-07-23,-136.1530,366.0440,-19.8230,1.1040,1.2850,5.4920
2020.56284,2020-07-24,-133.3580,369.0460,-37.8160,1.0460,1.2800,5.3920
2020.56557,2020-07-25,-132.0690,365.7820,-34.5880,1.0340,1.2400,5.3170
2020.56831,2020-07-26,-133.8170,363.6820,-27.2600,1.0480,1.2740,5.3680
2020.57104,2020-07-27,-132.8010,368.4240,-33.5940,1.0800,1.2400,5.3030
2020.57377,2020-07-28,-133.2900,364.7170,-22.0700,1.1370,1.3140,5.6100
2020.57650,2020-07-29,-134.6390,370.8370,-22.1490,1.0730,1.2800,5.4710
2020.57923,2020-07-30,-135.5260,370.4540,-38.9030,1.0530,1.2520,5.3720
2020.58197,2020-07-31,-134.8610,369.3110,-41.4430,1.0630,1.2400,5.3030
2020.58470,2020-08-01,-130.9530,367.4510,-17.7720,1.1200,1.2880,5.5170
2020.58743,2020-08-02,-133.0200,368.1590,-30.9190,1.1290,1.3040,5.7950
2020.59016,2020-08-03,-139.4690,371.0750,-19.7300,1.0710,1.2550,5.4720
2020.59290,2020-08-04,-135.7570,369.6220,-27.1290,1.0600,1.2710,5.4590
2020.59563,2020-08-05,-135.4260,368.4870,-28.5470,1.0800,1.3100,5.5770
2020.59836,2020-08-06,-133.6490,369.0250,-35.3160,1.0990,1.3040,5.5530
2020.60109,2020-08-07,-135.8150,370.9140,-24.8920,1.0980,1.2770,5.4540
2020.60383,2020-08-08,-135.1850,372.6320,-28.9310,1.0540,1.2160,5.2530
2020.60656,2020-08-09,-135.3780,368.3730,-33.4280,1.0550,1.2720,5.4530
2020.60929,2020-08-10,-134.5860,367.9470,-33.2930,1.0700,1.2670,5.3860
2020.61202,2020-08-11,-136.4300,371.0560,-32.6580,1.0200,1.1940,5.0660
2020.61475,2020-08-12,-136.7400,367.4330,-24.3910,1.1040,1.2880,5.5390
2020.61749,2020-08-13,-134.7360,368.7900,-29.7040,1.0120,1.2230,5.1630
2020.62022,2020-08-14,-136.1540,368.5480,-31.5180,1.0260,1.2460,5.2640
2020.62295,2020-08-15,-135.1500,372.6990,-33.6560,1.0390,1.2530,5.2540
2020.62568,2020-08-16,-135.1020,369.5660,-28.5170,1.0410,1.2620,5.4490
2020.62842,2020-08-17,-137.8880,372.0670,-39.7020,1.0330,1.2430,5.3980
2020.63115,2020-08-18,-135.5130,367.7600,-26.0870,1.0590,1.2600,5.3710
2020.63388,2020-08-19,-134.0540,366.3370,-25.8930,1.0400,1.2590,5.3280
2020.63661,2020-08-20,-134.7710,367.2800,-40.8550,1.0690,1.2700,5.4380
2020.63934,2020-08-21,-135.9550,367.9530,-32.0130,1.0830,1.2340,5.4170
2020.64208,2020-08-22,-135.9420,366.6350,-36.5810,1.0480,1.2580,5.3070
2020.64481,2020-08-23,-135.6520,370.0570,-38.8840,1.0530,1.2550,5.4550
2020.64754,2020-08-24,-136.4380,371.7250,-39.2980,1.0470,1.2790,5.4410
2020.65027,2020-08-25,-135.3580,370.7490,-25.7400,1.0720,1.2380,5.3360
2020.65301,2020-08-26,-139.7070,372.2190,-29.3790,1.0690,1.2730,5.4910
2020.65574,2020-08-27,-136.6190,370.6090,-21.3090,1.0830,1.2710,5.5320
2020.65847,2020-08-28,-135.9840,370.6280,-32.6500,1.0640,1.2360,5.3910
2020.66120,2020-08-29,-134.5250,368.4710,-29.0120,1.0720,1.2400,5.3380
2020.66393,2020-08-30,-134.6570,366.0590,-41.0630,1.0660,1.2770,5.4720
2020.66667,2020-08-31,-136.9710,368.6480,-35.3010,1.0980,1.2480,5.3810
2020.66940,2020-09-01,-135.3430,371.8210,-35.7440,1.0390,1.2380,5.2410
2020.67213,2020-09-02,-137.3890,371.3130,-35.3370,1.0550,1.2170,5.2610
2020.67486,2020-09-03,-136.3150,369.7210,-35.8050,1.0800,1.2160,5.2770
2020.67760,2020-09-04,-134.0130,372.6420,-31.4400,1.0450,1.2660,5.5040
2020.68033,2020-09-05,-137.4750,367.9060,-27.2070,1.0420,1.2200,5.2190
2020.68306,2020-09-06,-136.1110,367.3110,-32.6500,1.0740,1.2480,5.3670
2020.68579,2020-09-07,-137.0380,371.7040,-42.9310,1.0430,1.2600,5.3860
2020.68852,2020-09-08,-135.8370,370.1010,-38.7390,1.0510,1.2480,5.3270
2020.69126,2020-09-09,-135.2340,368.1800,-33.2680,1.0230,1.2460,5.2610
2020.69399,2020-09-10,-136.1710,369.7600,-34.0170,1.1000,1.2650,5.5640
2020.69672,2020-09-11,-137.2570,368.8300,-26.0150,1.1120,1.2280,5.5600
2020.69945,2020-09-12,-136.4270,368.0350,-38.8980,1.0880,1.2260,5.3640
2020.70219,2020-09-13,-137.8660,370.6860,-31.0740,1.0370,1.1760,5.0450
2020.70492,2020-09-14,-135.7280,369.1530,-38.8810,1.0240,1.2020,5.1670
2020.71038,2020-09-16,-134.7120,372.9440,-28.0100,1.0490,1.2630,5.3290
2020.71311,2020-09-17,-136.2570,368.0410,-33.2850,1.0710,1.2290,5.2140
2020.71585,2020-09-18,-132.5990,369.4050,-19.3370,1.1200,1.2640,5.5550
2020.71858,2020-09-19,-131.7140,367.9170,-46.4500,1.0370,1.2610,5.2510
2020.72131,2020-09-20,-133.8520,370.6430,-36.7640,1.0380,1.2340,5.3130
2020.72404,2020-09-21,-135.8400,371.8750,-39.3340,1.0050,1.1870,5.0640
2020.72678,2020-09-22,-135.4640,373.3280,-38.3920,1.0270,1.2160,5.0840
2020.72951,2020-09-23,-134.6120,369.9670,-37.3840,1.0470,1.2470,5.2860
2020.73224,2020-09-24,-136.5280,370.7810,-38.0830,1.0030,1.1730,5.0380
2020.73497,2020-09-25,-136.4600,373.2090,-35.5000,0.9930,1.1530,4.8780
2020.73770,2020-09-26,-135.5310,372.9990,-38.2650,1.0180,1.1810,5.0600
2020.74044,2020-09-27,-136.7130,373.3180,-31.2440,1.0070,1.1750,5.0060
2020.74317,2020-09-28,-136.0290,370.3020,-33.4340,0.9950,1.2030,5.0840
2020.74590,2020-09-29,-135.7370,372.9760,-34.2190,0.9940,1.2130,5.1130
2020.74863,2020-09-30,-133.5730,371.1060,-34.4740,1.0090,1.2070,5.0530
2020.75137,2020-10-01,-133.8810,371.1880,-43.4090,1.0270,1.2350,5.2840
2020.75410,2020-10-02,-132.3980,369.4090,-42.6090,1.0360,1.2880,5.3520
2020.75683,2020-10-03,-135.9580,371.0760,-41.6600,1.0180,1.2200,5.1500
2020.75956,2020-10-04,-133.1730,370.6190,-47.2240,1.0610,1.2750,5.4070
2020.76230,2020-10-05,-132.9470,371.3680,-36.5000,1.0010,1.1950,5.0000
2020.76503,2020-10-06,-134.6170,371.2110,-38.6550,0.9980,1.2190,5.0840
2020.76776,2020-10-07,-134.5940,369.2880,-44.3520,0.9830,1.1870,4.9590
2020.77049,2020-10-08,-133.6320,368.6650,-38.7990,1.0080,1.2090,5.0790
2020.77322,2020-10-09,-133.4390,369.2590,-42.5280,1.0020,1.1890,5.0070
2020.77596,2020-10-10,-133.8690,370.3200,-46.5920,0.9800,1.2590,5.2390
2020.77869,2020-10-11,-135.8010,371.6030,-37.8160,1.0020,1.2380,5.1960
2020.78142,2020-10-12,-134.4570,368.4580,-36.1940,1.0110,1.2310,5.2020
2020.78415,2020-10-13,-138.5070,374.5970,-48.4950,1.0440,1.2360,5.2860
2020.78689,2020-10-14,-137.6480,374.0190,-43.2580,1.0180,1.1970,5.1820
2020.78962,2020-10-15,-136.4410,369.1130,-35.6070,0.9870,1.1880,5.0060
2020.79235,2020-10-16,-135.7980,370.5210,-42.0030,1.0340,1.2800,5.4790
2020.79508,2020-10-17,-134.3460,373.7070,-36.2080,0.9960,1.2020,5.0240
2020.79781,2020-10-18,-136.0140,370.7770,-41.1760,1.0240,1.2090,5.1890
2020.80055,2020-10-19,-135.6170,370.1880,-43.1980,1.0000,1.2350,5.2290
2020.80328,2020-10-20,-136.7290,371.8500,-46.8900,0.9760,1.2050,4.9330
2020.80601,2020-10-21,-137.2440,370.7490,-35.1090,1.0000,1.2390,5.2230
2020.80874,2020-10-22,-136.7090,370.1550,-38.4230,1.0100,1.2870,5.2150
2020.81148,2020-10-23,-134.2770,371.3260,-39.7430,1.0240,1.2840,5.2530
2020.81421,2020-10-24,-137.2110,373.0750,-45.5410,0.9910,1.2320,5.2060
2020.81694,2020-10-25,-135.9540,369.7140,-35.4910,0.9820,1.2400,5.1750
2020.81967,2020-10-26,-135.8240,371.2580,-43.6950,1.0110,1.2640,5.3480
2020.82240,2020-10-27,-134.7050,372.0430,-44.0110,0.9970,1.2330,5.1540
2020.82514,2020-10-28,-134.2110,372.4730,-47.6050,1.0140,1.2260,5.3270
2020.82787,2020-10-29,-135.3280,371.1100,-30.4240,1.0060,1.2500,5.1910
2020.83060,2020-10-30,-133.1780,370.5300,-43.8020,0.9800,1.2730,5.1800
2020.83333,2020-10-31,-137.5970,370.2820,-32.9030,1.0190,1.2170,5.0770
2020.83607,2020-11-01,-133.5330,373.9320,-43.7940,1.0190,1.2540,5.2590
2020.83880,2020-11-02,-133.6670,373.4740,-32.6660,0.9880,1.2320,5.1340
2020.84153,2020-11-03,-135.3350,373.4600,-39.0540,0.9790,1.1790,4.9800
2020.84426,2020-11-04,-135.9960,371.4920,-30.3350,0.9860,1.2290,5.2730
2020.84699,2020-11-05,-135.2210,375.1110,-37.7720,1.0080,1.2580,5.3040
2020.84973,2020-11-06,-138.0220,375.3940,-45.3000,0.9940,1.2620,5.1900
2020.85246,2020-11-07,-136.5470,375.1030,-40.8660,0.9920,1.2540,5.2160
2020.85519,2020-11-08,-136.8670,374.3090,-38.3170,0.9740,1.1650,4.8770
2020.85792,2020-11-09,-135.4760,374.4380,-34.4350,1.0190,1.2830,5.3040
2020.86066,2020-11-10,-137.1390,374.4580,-39.5120,1.0010,1.2200,5.1600
2020.86339,2020-11-11,-135.3530,374.0910,-40.5890,1.0280,1.2410,5.2760
2020.86612,2020-11-12,-136.8000,379.0050,-39.8420,1.0120,1.2350,5.1940
2020.86885,2020-11-13,-136.3230,375.4450,-42.4960,1.0320,1.2550,5.2940
2020.87158,2020-11-14,-136.7740,374.1330,-43.0790,1.0240,1.2780,5.4540
2020.87432,2020-11-15,-136.5690,375.2580,-36.8050,1.0200,1.2050,5.0890
2020.87705,2020-11-16,-136.6460,373.8000,-37.0700,1.0300,1.2910,5.4910
2020.87978,2020-11-17,-135.4040,374.0640,-29.3030,1.0720,1.2450,5.3880
2020.88251,2020-11-18,-136.4890,375.5070,-34.1390,1.0220,1.2790,5.4070
2020.88525,2020-11-19,-137.0370,375.0290,-26.6660,1.0340,1.2120,5.2380
2020.88798,2020-11-20,-136.6090,378.0150,-33.8480,1.0220,1.3160,5.6450
2020.89071,2020-11-21,-137.0900,377.7930,-36.4510,1.0150,1.2570,5.2670
2020.89344,2020-11-22,-134.6330,377.7140,-37.0690,0.9970,1.2250,5.3090
2020.89617,2020-11-23,-137.8200,373.8970,-44.0570,1.0510,1.2510,5.4580
2020.89891,2020-11-24,-137.2120,374.8950,-31.7800,1.0740,1.2800,5.6390
2020.90164,2020-11-25,-135.6840,377.7360,-37.8340,0.9890,1.2430,5.3260
2020.90437,2020-11-26,-135.0590,381.8250,-31.9980,1.0290,1.2410,5.2970
2020.90710,2020-11-27,-138.5120,376.3590,-34.8250,1.0520,1.2590,5.4220
2020.90984,2020-11-28,-135.5010,375.3100,-35.7240,1.0510,1.2930,5.4100
2020.91257,2020-11-29,-135.5280,372.1030,-36.0820,1.1050,1.2980,5.6440
2020.91530,2020-11-30,-134.3970,373.6820,-33.9670,1.0680,1.2460,5.4550
2020.91803,2020-12-01,-137.7490,376.9930,-33.6570,1.0420,1.2450,5.4240
2020.92077,2020-12-02,-135.0130,374.2580,-26.2160,1.0380,1.2370,5.3210
2020.92350,2020-12-03,-136.4230,376.2490,-36.5640,1.0340,1.2460,5.2870
2020.92623,2020-12-04,-138.1460,377.2890,-31.1510,1.0070,1.2420,5.2110
2020.92896,2020-12-05,-133.7580,376.3160,-33.4510,0.9960,1.2210,5.1640
2020.93169,2020-12-06,-134.2520,379.7110,-30.8860,1.0090,1.2290,5.2760
2020.93443,2020-12-07,-135.4920,376.2090,-28.7000,0.9910,1.2360,5.2790
2020.93716,2020-12-08,-136.2660,377.5590,-33.9650,1.0070,1.2230,5.2290
2020.93989,2020-12-09,-135.9490,375.4050,-28.3400,1.0150,1.2680,5.3720
2020.94262,2020-12-10,-136.7020,375.6220,-30.3720,1.0160,1.2540,5.3310
2020.94536,2020-12-11,-134.9770,377.7430,-33.6000,1.0170,1.2800,5.3830
2020.94809,2020-12-12,-134.2340,376.0450,-32.2860,1.0110,1.2460,5.2740
2020.95082,2020-12-13,-134.9730,376.4810,-39.3280,1.0160,1.2150,5.1950
2020.95355,2020-12-14,-135.4720,375.0990,-36.9470,1.0290,1.2340,5.3240
2020.95628,2020-12-15,-134.4320,375.5000,-23.8140,1.0290,1.2620,5.3610
2020.95902,2020-12-16,-135.4430,375.3920,-25.1960,1.0100,1.2300,5.2320
2020.96175,2020-12-17,-135.1710,375.4800,-28.6370,1.0020,1.2670,5.3720
2020.96448,2020-12-18,-136.4360,375.6600,-34.0050,1.0160,1.2630,5.3830
2020.96721,2020-12-19,-135.9540,377.7660,-29.4390,1.0130,1.2720,5.3820
2020.96995,2020-12-20,-135.1520,378.3090,-29.8670,1.0130,1.2550,5.2700
2020.97268,2020-12-21,-136.9780,377.3080,-37.4240,0.9850,1.2280,5.1240
2020.97541,2020-12-22,-137.2250,379.2590,-30.7700,1.0120,1.3080,5.3970
2020.97814,2020-12-23,-135.7400,378.9190,-25.6100,1.0320,1.3480,5.5420
2020.98087,2020-12-24,-135.7810,378.8860,-30.3360,1.0340,1.2640,5.2360
2020.98361,2020-12-25,-136.7430,378.0230,-25.9350,1.0050,1.2760,5.2420
2020.98634,2020-12-26,-134.0790,378.0730,-39.7530,0.9810,1.2130,5.1010
2020.98907,2020-12-27,-134.7620,380.7540,-16.7120,1.0100,1.2920,5.3980
2020.99454,2020-12-29,-133.8660,377.3750,-45.3540,0.9810,1.2400,5.1110
2020.99727,2020-12-30,-133.4390,379.0200,-32.3380,0.9930,1.2550,5.2950
2021.00000,2020-12-31,-136.4900,379.7620,-31.1050,0.9710,1.2000,4.9720
2021.00274,2021-01-01,-136.0220,378.1490,-42.2990,0.9790,1.1940,5.0010
2021.00548,2021-01-02,-135.3240,379.5830,-32.2350,0.9730,1.1880,4.9510
2021.00822,2021-01-03,-135.4960,381.1910,-37.0760,0.9640,1.1740,4.9280
2021.01096,2021-01-04,-134.5040,381.1700,-43.2010,0.9870,1.2210,5.1560
2021.01370,2021-01-05,-134.9330,382.5600,-33.6150,1.0160,1.2200,5.2180
2021.01644,2021-01-06,-135.9790,381.9250,-36.2920,0.9720,1.2290,5.0710
2021.01918,2021-01-07,-134.4210,380.9040,-35.3980,0.9780,1.2270,5.0760
2021.02192,2021-01-08,-134.7150,381.3970,-32.8220,0.9750,1.1990,5.0810
2021.02466,2021-01-09,-138.5890,382.0780,-28.4600,0.9920,1.2180,5.1490
2021.02740,2021-01-10,-136.9550,381.4980,-34.6580,0.9750,1.2540,5.1740
2021.03014,2021-01-11,-139.7370,380.9140,-28.4830,0.9740,1.1690,4.8900
2021.03288,2021-01-12,-139.3580,380.1160,-29.4160,0.9530,1.1830,4.8970
2021.03562,2021-01-13,-136.8810,381.7770,-32.0450,0.9670,1.1560,4.9250
2021.03836,2021-01-14,-138.1650,379.4350,-27.7440,0.9760,1.1670,4.9540
2021.04110,2021-01-15,-137.2910,382.3420,-28.1890,0.9600,1.1660,4.8710
2021.04384,2021-01-16,-136.5530,382.5420,-32.4450,0.9720,1.1830,5.0150
2021.04658,2021-01-17,-136.6510,379.7310,-33.4190,0.9540,1.1770,4.9890
2021.04932,2021-01-18,-138.5550,380.4940,-29.8670,0.9710,1.1800,4.9390
2021.05205,2021-01-19,-137.6240,381.5050,-29.5820,0.9650,1.2000,5.0090
2021.05479,2021-01-20,-137.9540,380.5000,-36.5130,1.0250,1.2490,5.3000
2021.05753,2021-01-21,-136.9160,378.1590,-24.4760,1.0100,1.2290,5.2870
2021.06301,2021-01-23,-136.6720,379.1070,-28.1570,0.9820,1.1560,4.9020
2021.06575,2021-01-24,-136.9710,381.4890,-29.5600,0.9550,1.1630,4.9040
2021.06849,2021-01-25,-137.5790,380.4510,-35.9890,0.9560,1.1620,4.8780
2021.07123,2021-01-26,-137.3040,382.3590,-29.3440,0.9490,1.1370,4.7930
2021.07397,2021-01-27,-135.9190,378.5220,-26.2990,0.9520,1.1600,4.8520
2021.07671,2021-01-28,-137.1370,376.1500,-35.9690,0.9620,1.1740,4.9710
2021.07945,2021-01-29,-137.7440,378.5940,-33.9970,0.9460,1.2000,4.9840
2021.08219,2021-01-30,-137.9400,379.1730,-36.0180,0.9680,1.1660,4.9640
2021.08493,2021-01-31,-139.1090,381.9330,-33.5130,0.9620,1.1930,5.0320
2021.08767,2021-02-01,-137.5340,381.7350,-32.3500,0.9700,1.2110,5.1180
2021.09041,2021-02-02,-137.8680,380.8770,-29.6580,0.9750,1.2030,5.1310
2021.09315,2021-02-03,-140.2450,378.4060,-25.8340,0.9470,1.1570,4.8760
2021.09589,2021-02-04,-137.6350,378.9210,-39.0030,0.9890,1.2320,5.2420
2021.09863,2021-02-05,-140.5660,382.1040,-35.9950,0.9800,1.2360,5.2550
2021.10137,2021-02-06,-139.2370,380.3280,-29.9730,0.9450,1.2370,5.0630
2021.10411,2021-02-07,-137.7900,381.3310,-39.0890,0.9640,1.1870,4.9750
2021.10685,2021-02-08,-138.3240,382.8210,-28.1770,0.9590,1.1780,4.9650
2021.10959,2021-02-09,-138.4370,386.1100,-32.3680,0.9480,1.1800,4.9720
2021.11233,2021-02-10,-137.7100,384.7410,-32.9820,0.9880,1.2190,5.1490
2021.11507,2021-02-11,-137.3970,382.1370,-29.5180,0.9790,1.1990,5.0420
2021.11781,2021-02-12,-139.4320,382.3430,-29.8740,0.9690,1.1770,4.9840
2021.12055,2021-02-13,-137.3120,382.1230,-35.6400,0.9600,1.2150,5.0730
2021.12329,2021-02-14,-138.9170,382.6950,-31.3280,0.9630,1.1950,4.9750
2021.12603,2021-02-15,-139.3850,380.0630,-22.8600,0.9660,1.1440,4.9060
2021.12877,2021-02-16,-136.9770,380.8140,-34.2230,0.9680,1.1650,5.0120
2021.13151,2021-02-17,-137.4350,381.9550,-35.1020,0.9820,1.1410,4.9290
2021.13425,2021-02-18,-136.2940,381.2420,-27.9520,0.9830,1.1770,5.0390
2021.13699,2021-02-19,-138.0100,382.1640,-30.7150,0.9870,1.1740,5.0160
2021.13973,2021-02-20,-139.7830,384.1280,-35.6890,0.9580,1.1460,4.9100
2021.14247,2021-02-21,-140.4440,383.5980,-28.3530,0.9690,1.1560,4.9320
2021.14521,2021-02-22,-139.3390,383.8200,-35.1340,0.9740,1.1780,4.9460
2021.14795,2021-02-23,-136.7380,382.0770,-26.3820,0.9750,1.1770,5.0250
2021.15068,2021-02-24,-139.4130,383.7890,-34.3120,0.9550,1.1880,4.9730
2021.15342,2021-02-25,-137.8380,385.0080,-34.9000,0.9920,1.2060,5.2720
2021.15616,2021-02-26,-139.9990,383.7160,-36.2660,1.0200,1.2630,5.6050
2021.15890,2021-02-27,-137.9720,382.4110,-43.1380,1.0540,1.2410,5.5170
2021.16164,2021-02-28,-139.8620,380.4130,-35.5510,1.0070,1.1680,5.0710
2021.16438,2021-03-01,-139.5720,382.4060,-31.6560,1.0240,1.1860,5.2520
2021.16712,2021-03-02,-138.5700,382.3560,-36.2320,0.9970,1.1540,4.9900
2021.16986,2021-03-03,-141.2700,384.2730,-38.4200,0.9770,1.2540,5.3340
2021.17260,2021-03-04,-139.0340,384.1240,-35.8920,0.9720,1.2160,5.0940
2021.17534,2021-03-05,-140.3470,383.7940,-27.8420,1.0160,1.1910,5.1460
2021.17808,2021-03-06,-138.2010,383.2610,-36.4820,0.9930,1.2040,5.1470
2021.18082,2021-03-07,-139.5330,383.5260,-33.7370,0.9830,1.1770,5.1130
2021.18356,2021-03-08,-140.7690,383.9380,-40.7370,1.0120,1.2940,5.4640
2021.18630,2021-03-09,-140.6500,383.1500,-42.8500,0.9760,1.2010,5.2250
2021.18904,2021-03-10,-138.6560,381.6280,-42.3820,0.9590,1.1680,4.9780
2021.19178,2021-03-11,-140.6650,382.2390,-38.0560,1.0070,1.1890,5.2040
2021.19452,2021-03-12,-136.1850,383.1300,-43.8190,0.9870,1.1860,5.1990
2021.19726,2021-03-13,-142.7980,380.7460,-34.2610,0.9800,1.1920,5.1890
2021.20000,2021-03-14,-139.7330,387.0430,-41.2330,0.9870,1.1660,5.0420
2021.20274,2021-03-15,-139.2070,388.9830,-42.4320,0.9830,1.1520,4.9370
2021.20548,2021-03-16,-137.8370,382.8310,-37.4910,0.9660,1.1620,4.9990
2021.20822,2021-03-17,-138.8260,385.7710,-42.3310,0.9520,1.1240,4.8010
2021.21096,2021-03-18,-137.0280,383.2340,-42.7390,1.0080,1.1920,5.2110
2021.21370,2021-03-19,-140.3740,381.5570,-39.6530,1.0060,1.1680,5.0320
2021.21644,2021-03-20,-140.0230,385.9700,-35.9580,0.9800,1.2090,5.2210
2021.21918,2021-03-21,-140.2740,385.5550,-41.9990,0.9780,1.2000,5.1070
2021.22192,2021-03-22,-136.3190,382.3790,-36.7520,0.9630,1.1540,5.0230
2021.22466,2021-03-23,-140.0150,386.0050,-35.1450,0.9540,1.1770,5.0330
2021.22740,2021-03-24,-139.0750,383.6830,-42.5270,0.9860,1.1950,5.1910
2021.23014,2021-03-25,-138.7920,383.6750,-34.0370,0.9490,1.1760,5.0060
2021.23288,2021-03-26,-139.1760,383.1550,-38.4980,0.9590,1.2040,5.1690
2021.23562,2021-03-27,-138.9190,382.2990,-31.2670,0.9660,1.1350,4.9300
2021.23836,2021-03-28,-137.2410,386.3060,-40.3110,0.9870,1.1570,5.0730
2021.24110,2021-03-29,-138.6660,386.4790,-25.3580,0.9580,1.1730,5.1000
2021.24384,2021-03-30,-138.7790,385.2350,-29.5570,0.9950,1.1960,5.1430
2021.24658,2021-03-31,-139.5060,390.6300,-32.9080,0.9980,1.1550,5.1460
2021.24932,2021-04-01,-139.0050,387.0920,-42.4740,1.0020,1.2370,5.5340
2021.25205,2021-04-02,-139.9510,385.2070,-28.8900,0.9910,1.1930,5.1670
2021.25479,2021-04-03,-136.3250,384.3180,-30.0920,0.9710,1.1470,4.9720
2021.25753,2021-04-04,-136.2660,382.8290,-30.2710,0.9510,1.2130,5.1330
2021.26027,2021-04-05,-139.4290,387.3630,-43.7470,0.9480,1.1530,4.9980
2021.26301,2021-04-06,-137.6650,384.0850,-39.9680,0.9490,1.1500,4.9650
2021.26575,2021-04-07,-137.6930,382.7300,-35.2760,0.9400,1.1910,5.1200
2021.26849,2021-04-08,-140.3240,384.7550,-32.5380,0.9570,1.1330,4.9960
2021.27123,2021-04-09,-138.6990,384.8500,-31.8040,0.9710,1.1200,4.9810
2021.27397,2021-04-10,-139.4980,383.4950,-31.6280,0.9550,1.1150,4.8320
2021.27671,2021-04-11,-139.5740,386.0900,-40.8070,0.9600,1.1200,4.9740
2021.27945,2021-04-12,-140.3360,383.2040,-35.5800,0.9990,1.1560,5.1130
2021.28219,2021-04-13,-139.2100,387.0480,-39.6900,0.9950,1.1720,5.2190
2021.28493,2021-04-14,-139.6000,385.6790,-31.3220,0.9800,1.1380,5.0030
2021.28767,2021-04-15,-139.5670,385.5700,-30.9380,0.9690,1.1170,4.9000
2021.29041,2021-04-16,-140.0690,384.3090,-26.7540,0.9940,1.1620,5.1480
2021.29315,2021-04-17,-139.2210,386.5260,-33.6090,1.0040,1.1570,5.0790
2021.29589,2021-04-18,-139.9610,384.8030,-25.2290,0.9730,1.0890,4.8300
2021.29863,2021-04-19,-139.7490,385.6650,-24.5700,1.0450,1.2520,5.6180
2021.30137,2021-04-20,-140.3740,387.8770,-33.0960,0.9760,1.1690,5.1180
2021.30411,2021-04-21,-138.8370,387.3060,-36.8010,1.0100,1.2030,5.1790
2021.30685,2021-04-22,-138.9390,386.7300,-27.2900,1.0310,1.1800,5.1450
2021.30959,2021-04-23,-141.4260,390.2610,-30.4160,1.0120,1.1880,5.1850
2021.31233,2021-04-24,-140.7540,387.4840,-42.6200,0.9690,1.1870,5.1330
2021.31507,2021-04-25,-141.7820,387.9370,-32.6030,0.9650,1.1520,4.9430
2021.31781,2021-04-26,-140.1340,386.2400,-35.7330,0.9530,1.1890,5.1080
2021.32055,2021-04-27,-141.1080,387.1740,-30.5790,0.9750,1.1920,5.2420
2021.32329,2021-04-28,-137.6920,389.1920,-38.0270,0.9540,1.2140,5.2530
2021.32603,2021-04-29,-141.4780,388.4030,-28.3700,0.9640,1.1760,5.1260
2021.32877,2021-04-30,-140.9260,384.2460,-26.4810,0.9800,1.1830,5.1220
2021.33151,2021-05-01,-140.0470,385.3390,-26.4830,0.9510,1.1990,5.2650
2021.33425,2021-05-02,-141.3050,385.2300,-38.5220,0.9670,1.1860,5.1030
2021.33699,2021-05-03,-143.2500,386.8970,-27.4300,0.9380,1.1630,4.9880
2021.33973,2021-05-04,-140.1460,390.6040,-23.7950,0.9740,1.1450,5.0530
2021.34247,2021-05-05,-140.6100,388.6230,-33.0510,0.9750,1.1680,5.1610
2021.34521,2021-05-06,-141.4990,386.6800,-31.9680,0.9630,1.1630,5.0790
2021.34795,2021-05-07,-140.2550,392.1010,-35.6750,0.9940,1.1630,5.1750
2021.35068,2021-05-08,-140.1560,386.9870,-49.7580,0.9900,1.2070,5.3800
2021.35342,2021-05-09,-138.6800,389.6490,-38.3520,0.9610,1.1240,4.9830
2021.35616,2021-05-10,-141.0980,388.0510,-34.3700,0.9850,1.1990,5.2830
2021.35890,2021-05-11,-139.5760,387.7920,-37.7650,0.9740,1.1940,5.1220
2021.36164,2021-05-12,-140.2240,387.1390,-28.9010,0.9530,1.1290,4.9370
2021.36438,2021-05-13,-140.1390,388.6480,-34.0240,0.9430,1.1780,5.0410
2021.36712,2021-05-14,-141.7710,386.0620,-32.1870,1.0270,1.1890,5.3020
2021.36986,2021-05-15,-137.7010,388.3020,-33.4170,0.9670,1.1510,5.0120
2021.37260,2021-05-16,-140.1590,385.1760,-27.1470,0.9560,1.1410,4.9750
2021.37534,2021-05-17,-140.6330,387.1760,-31.3210,0.9550,1.1280,4.9300
2021.37808,2021-05-18,-138.3880,385.8580,-28.1260,0.9680,1.1650,5.1040
2021.38082,2021-05-19,-141.9280,388.9630,-28.1910,1.0060,1.2320,5.3020
2021.38356,2021-05-20,-141.0750,387.1930,-23.0860,1.0400,1.2250,5.4290
2021.38630,2021-05-21,-139.5090,386.3840,-28.2700,1.0070,1.1720,5.2340
2021.38904,2021-05-22,-143.0760,387.4090,-19.8440,1.0020,1.2110,5.3430
2021.39178,2021-05-23,-139.8830,390.5790,-39.1130,0.9810,1.1910,5.1300
2021.39452,2021-05-24,-139.8220,388.0060,-26.6340,1.0130,1.2350,5.4470
2021.39726,2021-05-25,-140.2370,388.9290,-28.8920,0.9570,1.1800,5.1390
2021.40000,2021-05-26,-139.2620,388.2380,-30.6880,0.9600,1.2010,5.1580
2021.40274,2021-05-27,-142.6040,387.3370,-27.0780,0.9740,1.1680,5.1050
2021.40548,2021-05-28,-141.0130,390.8920,-34.8830,1.0310,1.2580,5.5430
2021.40822,2021-05-29,-140.6170,386.6580,-32.0390,1.0000,1.2240,5.2860
2021.41096,2021-05-30,-143.5200,387.7970,-40.7860,1.0620,1.2480,5.5180
2021.41370,2021-05-31,-140.6260,387.1810,-32.4360,1.0260,1.2460,5.5000
2021.41644,2021-06-01,-142.3040,394.2930,-32.0600,0.9940,1.1890,5.1670
2021.41918,2021-06-02,-140.8210,389.8750,-47.4080,0.9900,1.2180,5.2670
2021.42192,2021-06-03,-141.5890,393.1590,-40.2640,0.9900,1.2010,5.2710
2021.42466,2021-06-04,-140.7190,388.8550,-31.2650,1.0470,1.3180,5.5690
2021.43014,2021-06-06,-143.1680,393.1750,-35.2880,1.0000,1.1990,5.2170
2021.43288,2021-06-07,-139.1220,392.9380,-34.6940,0.9810,1.1540,5.0330
2021.43562,2021-06-08,-139.9880,387.5290,-42.9790,1.0340,1.2530,5.4820
2021.43836,2021-06-09,-138.7070,389.6820,-38.0110,1.0090,1.2290,5.3390
2021.44110,2021-06-10,-141.5690,388.3380,-16.6870,1.0340,1.2360,5.2760
2021.44384,2021-06-11,-139.7690,389.3690,-27.2970,1.0120,1.2830,5.3670
2021.44932,2021-06-13,-141.5130,387.1170,-39.6690,1.0170,1.2260,5.3220
2021.45205,2021-06-14,-140.8910,391.7320,-36.0080,1.0000,1.2030,5.2010
2021.45479,2021-06-15,-141.1870,393.1750,-30.5720,1.0550,1.2440,5.5010
2021.45753,2021-06-16,-141.0100,391.6830,-23.6930,0.9960,1.1800,5.0900
2021.46027,2021-06-17,-145.6570,389.8750,-25.5540,1.0310,1.2310,5.3580
2021.46301,2021-06-18,-141.2360,391.3140,-33.1600,1.0110,1.2070,5.3520
2021.46849,2021-06-20,-143.0090,385.5370,-39.8680,1.0570,1.3150,5.6860
2021.47123,2021-06-21,-140.3140,391.4260,-34.3980,1.0680,1.3200,5.7810
2021.47397,2021-06-22,-145.8210,388.3740,-23.1860,0.9960,1.1990,5.2270
2021.47671,2021-06-23,-141.6190,386.6750,-39.1800,1.0140,1.1710,5.2270
2021.47945,2021-06-24,-146.5210,385.9830,-27.4680,1.0420,1.2310,5.4520
2021.48219,2021-06-25,-145.5860,390.7350,-39.2370,1.0270,1.2560,5.5120
2021.48493,2021-06-26,-144.2660,387.7490,-27.8180,1.0310,1.2290,5.4310
2021.48767,2021-06-27,-145.2480,388.9210,-31.7730,1.0660,1.2580,5.5740
2021.49041,2021-06-28,-144.3870,390.3420,-30.8630,1.0270,1.2070,5.3850
2021.49315,2021-06-29,-142.9650,387.4920,-28.3750,1.0640,1.2620,5.6200
2021.49589,2021-06-30,-143.1410,387.9780,-35.7230,1.0390,1.2270,5.3860
2021.50137,2021-07-02,-141.7100,387.8920,-37.4760,1.0620,1.2000,5.5200
2021.50685,2021-07-04,-142.3900,387.8620,-27.8380,1.0170,1.2810,5.5430
2021.50959,2021-07-05,-141.7050,391.4240,-47.0800,1.0280,1.2040,5.3160
2021.51233,2021-07-06,-143.8770,390.5960,-43.4560,1.0210,1.2430,5.4740
2021.51507,2021-07-07,-139.8200,391.2550,-27.7450,1.0550,1.2720,5.5980
2021.52055,2021-07-09,-142.5510,387.0650,-24.9240,1.0490,1.2820,5.5800
2021.52329,2021-07-10,-138.5850,388.8280,-20.5770,1.0230,1.1890,5.2570
2021.52603,2021-07-11,-139.2090,390.3050,-18.8760,1.0260,1.2120,5.3720
2021.53425,2021-07-14,-144.3540,386.8640,-23.5230,1.0180,1.2280,5.3000
2021.53699,2021-07-15,-142.4530,390.8480,-21.0070,1.0410,1.2710,5.5020
2021.53973,2021-07-16,-142.5550,389.7280,-17.6100,1.0800,1.3390,5.5600
2021.54247,2021-07-17,-138.7970,394.6510,-39.4180,1.0310,1.2480,5.5340
2021.54521,2021-07-18,-140.7360,391.4690,-37.8210,1.0480,1.2510,5.6320
2021.54795,2021-07-19,-142.1230,387.9160,-30.0320,1.0120,1.2100,5.2850
2021.55068,2021-07-20,-144.4020,389.8730,-32.9970,1.0340,1.2850,5.6360
2021.55342,2021-07-21,-144.8560,390.4150,-38.2030,1.1020,1.3400,6.0700
2021.55616,2021-07-22,-143.0750,394.4250,-29.4640,1.0790,1.2960,5.7900
2021.55890,2021-07-23,-144.4090,393.0190,-34.1990,1.0950,1.3360,5.8670
2021.56164,2021-07-24,-144.9870,393.0740,-31.5130,1.0290,1.1980,5.3690
2021.56438,2021-07-25,-143.6650,392.5120,-24.3780,1.0260,1.2630,5.5620
2021.56712,2021-07-26,-145.6340,394.7460,-29.1200,1.0370,1.2010,5.3970
2021.56986,2021-07-27,-144.9230,393.2680,-34.7510,1.0070,1.1620,5.2190
2021.57260,2021-07-28,-143.1000,396.3230,-37.8830,1.0210,1.2190,5.4290
2021.57534,2021-07-29,-143.0920,396.6200,-41.7800,1.0260,1.1860,5.3260
2021.57808,2021-07-30,-145.1360,397.1650,-31.8800,1.0440,1.1790,5.4080
2021.58082,2021-07-31,-143.0700,394.7610,-30.3580,1.0440,1.2410,5.4890
2021.58356,2021-08-01,-147.8170,395.3520,-34.2260,1.0580,1.2640,5.6360
2021.58630,2021-08-02,-144.5470,393.1290,-24.6110,1.0140,1.2160,5.3000
2021.58904,2021-08-03,-145.7790,391.4080,-26.7430,1.0240,1.1960,5.3040
2021.59178,2021-08-04,-146.1630,394.6630,-35.6250,1.0420,1.2580,5.5860
2021.59452,2021-08-05,-147.9610,394.4050,-42.7500,1.0470,1.2340,5.5060
2021.59726,2021-08-06,-141.3370,395.0880,-35.6520,1.0990,1.2760,5.7100
2021.60000,2021-08-07,-144.6720,394.5240,-35.6150,1.0320,1.2360,5.4900
2021.60274,2021-08-08,-144.7750,396.4230,-40.1880,1.0560,1.2130,5.3970
2021.60548,2021-08-09,-145.5680,393.3010,-32.9870,1.0470,1.2250,5.4810
2021.60822,2021-08-10,-143.2540,394.2070,-40.7300,1.0460,1.2250,5.4580
2021.61096,2021-08-11,-145.4550,392.1800,-30.9330,1.0750,1.2440,5.6040
2021.61370,2021-08-12,-144.3160,394.1280,-43.2870,1.0230,1.1500,5.1970
2021.61644,2021-08-13,-144.3590,392.8030,-36.4170,1.0140,1.1900,5.3150
2021.61918,2021-08-14,-145.1950,395.2160,-32.9500,1.0830,1.2320,5.6090
2021.62192,2021-08-15,-148.1990,394.4420,-33.7990,1.0410,1.1920,5.3840
2021.62466,2021-08-16,-143.1200,390.9240,-22.5270,1.0430,1.2330,5.5280
2021.62740,2021-08-17,-142.5190,392.7250,-41.5910,1.0580,1.2420,5.6740
2021.63014,2021-08-18,-145.2830,394.0200,-32.9220,1.0570,1.1460,5.2590
2021.63288,2021-08-19,-142.5150,392.7880,-37.3510,1.1080,1.2580,5.7490
2021.63562,2021-08-20,-142.1310,396.4430,-39.4970,0.9990,1.1500,5.0640
2021.63836,2021-08-21,-146.4380,392.6140,-28.7100,1.1270,1.2030,5.7650
2021.64110,2021-08-22,-141.8030,391.4770,-36.1250,1.0430,1.1560,5.2580
2021.64384,2021-08-23,-145.4760,393.0000,-30.2180,1.0630,1.1320,5.1770
2021.64658,2021-08-24,-146.6190,393.0680,-35.4250,1.0220,1.1520,5.2180
2021.64932,2021-08-25,-146.8760,395.5940,-42.0460,1.1070,1.2310,5.6620
2021.65205,2021-08-26,-142.0900,396.0180,-30.7250,1.0830,1.1720,5.3700
2021.65479,2021-08-27,-144.9870,396.6050,-28.3170,1.0470,1.1490,5.2470
2021.65753,2021-08-28,-146.4540,392.8300,-27.1580,1.0550,1.1570,5.2030
2021.66027,2021-08-29,-144.6820,391.8000,-34.5230,1.0400,1.1910,5.3020
2021.66301,2021-08-30,-145.8220,396.1500,-33.9120,1.0170,1.1370,5.1020
2021.66575,2021-08-31,-141.0750,399.1540,-39.7910,1.0310,1.1350,5.1920
2021.66849,2021-09-01,-144.4120,395.0180,-32.7530,1.0420,1.1510,5.3080
2021.67123,2021-09-02,-145.0970,396.8300,-26.4480,1.0810,1.1560,5.3670
2021.67397,2021-09-03,-143.2000,398.4980,-36.3300,1.0590,1.1800,5.5580
2021.67671,2021-09-04,-142.9890,395.8100,-30.5760,1.1080,1.2500,5.8140
2021.67945,2021-09-05,-142.9540,393.7450,-39.1860,1.0530,1.2020,5.3910
2021.68219,2021-09-06,-144.2580,397.7280,-34.5940,1.0100,1.1480,5.2070
2021.68493,2021-09-07,-143.5700,395.4580,-37.8910,1.0230,1.1660,5.3360
2021.68767,2021-09-08,-144.8480,397.9450,-32.0540,1.0250,1.1430,5.2700
2021.69315,2021-09-10,-144.3330,395.8320,-44.2730,1.0060,1.1320,5.1540
2021.69589,2021-09-11,-145.9340,395.6540,-20.4520,1.0540,1.1430,5.2370
2021.69863,2021-09-12,-141.5650,396.1580,-37.4110,1.0280,1.1930,5.3990
2021.70137,2021-09-13,-143.7930,395.3340,-42.3300,1.0640,1.1870,5.4120
2021.70411,2021-09-14,-147.5270,393.5020,-38.7150,1.0650,1.1810,5.5270
2021.70685,2021-09-15,-142.0940,396.3330,-34.0160,1.0090,1.1950,5.3980
2021.70959,2021-09-16,-147.0370,396.5200,-19.6100,1.0930,1.2380,5.8330
2021.72877,2021-09-23,-145.4080,396.6070,-32.5320,1.0340,1.1750,5.3780
2021.73151,2021-09-24,-146.2010,394.3070,-34.5430,1.0890,1.2060,5.6230
2021.73425,2021-09-25,-144.6860,395.9860,-28.1030,1.0310,1.1840,5.4240
2021.73699,2021-09-26,-144.9250,399.5590,-35.0240,1.0170,1.1740,5.4020
2021.73973,2021-09-27,-145.2930,399.0180,-37.0110,1.0290,1.1580,5.3190
2021.74247,2021-09-28,-145.1990,397.1320,-35.5010,1.0070,1.1610,5.3410
2021.74795,2021-09-30,-144.7450,397.1090,-26.0810,1.2900,1.3890,6.3530
2021.75068,2021-10-01,-144.0570,396.0070,-37.8380,1.0280,1.1530,5.3000
2021.75342,2021-10-02,-147.6860,396.8190,-22.7400,1.1080,1.1990,5.5760
2021.75616,2021-10-03,-148.0090,394.8070,-44.9060,1.0470,1.1580,5.3990
2021.75890,2021-10-04,-145.9650,397.6030,-48.6890,1.0320,1.1480,5.3360
2021.76438,2021-10-06,-146.2390,400.5790,-40.6960,1.0300,1.1770,5.3450
2021.76712,2021-10-07,-147.4610,401.5230,-34.6130,1.0240,1.1510,5.3690
2021.76986,2021-10-08,-146.3150,395.3250,-24.4770,1.0740,1.1960,5.4620
2021.77260,2021-10-09,-146.6190,399.5800,-37.2630,1.0940,1.1690,5.5050
2021.77534,2021-10-10,-147.2930,400.3940,-44.4620,1.0620,1.1900,5.5920
2021.77808,2021-10-11,-145.9790,396.7100,-35.0610,1.0740,1.1960,5.6130
2021.78082,2021-10-12,-144.9000,394.4570,-44.8740,1.1110,1.2150,5.6580
2021.78356,2021-10-13,-145.0900,400.2400,-32.0620,1.0910,1.1830,5.4420
2021.78630,2021-10-14,-145.3580,398.3140,-41.1390,1.0510,1.1590,5.3310
2021.79178,2021-10-16,-144.6430,396.0130,-36.1900,1.1160,1.2050,5.7790
2021.79452,2021-10-17,-145.8170,399.8530,-41.7500,1.0590,1.1860,5.5770
2021.79726,2021-10-18,-148.6220,400.2790,-46.1550,1.0170,1.1510,5.2030
2021.80000,2021-10-19,-144.6120,397.8820,-48.1500,1.0220,1.1790,5.3380
2021.80274,2021-10-20,-144.9900,398.1790,-34.1380,1.0560,1.1710,5.5000
2021.80548,2021-10-21,-148.3750,396.0670,-28.0730,1.0510,1.1900,5.4430
2021.80822,2021-10-22,-147.8080,398.3360,-39.7910,1.0490,1.1620,5.3370
2021.81096,2021-10-23,-146.4520,398.7790,-36.3780,1.0240,1.1630,5.3510
2021.81370,2021-10-24,-146.8800,400.3800,-38.2710,1.0520,1.1930,5.3530
2021.81644,2021-10-25,-148.6030,398.1990,-38.5040,1.0370,1.1750,5.3740
2021.81918,2021-10-26,-147.7740,400.1080,-37.0150,1.0540,1.1860,5.3950
2021.82192,2021-10-27,-148.1510,397.0950,-41.7150,1.0630,1.1920,5.4110
2021.82466,2021-10-28,-146.5620,397.7840,-36.7510,1.0570,1.1730,5.2800
2021.82740,2021-10-29,-147.6730,399.0290,-42.0130,1.0420,1.2070,5.4660
2021.83014,2021-10-30,-148.4670,397.5030,-43.6110,1.0480,1.2010,5.4300
2021.83288,2021-10-31,-148.4890,398.3710,-35.7180,1.0620,1.2230,5.5910
2021.83562,2021-11-01,-147.5550,399.8750,-42.0600,1.0870,1.2110,5.5520
2021.83836,2021-11-02,-144.9360,398.9140,-50.3180,1.0230,1.1710,5.2010
2021.84110,2021-11-03,-147.3800,397.7060,-41.7330,1.0350,1.1780,5.2940
2021.84384,2021-11-04,-146.4150,399.5120,-38.2580,1.0280,1.2160,5.4110
2021.84658,2021-11-05,-147.5780,398.5350,-37.0440,1.0310,1.2040,5.4690
2021.84932,2021-11-06,-148.3370,398.5310,-33.6630,1.0400,1.1940,5.3860
2021.85205,2021-11-07,-148.5730,400.3630,-36.5410,1.0280,1.2180,5.4930
2021.85479,2021-11-08,-148.2060,400.3990,-46.6870,1.0440,1.2140,5.4740
2021.85753,2021-11-09,-147.2400,400.2020,-30.4880,1.0020,1.1860,5.3670
2021.86027,2021-11-10,-147.9470,397.3320,-36.1920,1.0240,1.1930,5.4520
2021.86301,2021-11-11,-148.1710,401.5500,-31.7320,1.0190,1.1890,5.4060
2021.86575,2021-11-12,-147.7820,401.3400,-33.2270,1.0090,1.2230,5.4100
2021.86849,2021-11-13,-149.6570,397.4540,-25.9920,1.0130,1.1830,5.3230
2021.87123,2021-11-14,-149.7060,398.6300,-24.1890,1.0410,1.2070,5.4760
2021.87397,2021-11-15,-147.5370,399.1700,-35.3590,1.0540,1.2140,5.6130
2021.87671,2021-11-16,-145.2820,397.7460,-36.3620,0.9960,1.2040,5.3760
2021.87945,2021-11-17,-144.8700,399.2920,-34.9490,0.9860,1.1600,5.2610
2021.88219,2021-11-18,-144.7710,399.2090,-31.5060,1.0300,1.1690,5.2870
2021.88493,2021-11-19,-148.0080,401.2540,-29.8120,1.0280,1.1720,5.3330
2021.88767,2021-11-20,-146.8230,399.5580,-39.1340,1.0460,1.2080,5.5880
2021.89041,2021-11-21,-145.3080,399.9160,-35.5320,1.0110,1.1890,5.3410
2021.89315,2021-11-22,-145.5990,402.1180,-35.1640,1.0040,1.1590,5.3450
2021.89589,2021-11-23,-149.0470,399.2690,-33.3720,0.9870,1.1510,5.2370
2021.89863,2021-11-24,-147.4780,400.3110,-34.9360,0.9830,1.1940,5.2410
2021.90137,2021-11-25,-145.8480,401.2030,-35.3000,1.0310,1.2080,5.5290
2021.90411,2021-11-26,-146.3150,399.5010,-31.8360,0.9890,1.1820,5.4180
2021.90685,2021-11-27,-147.0410,397.9760,-36.8650,0.9910,1.2020,5.4340
2021.90959,2021-11-28,-146.6980,397.7920,-39.0810,1.0390,1.1820,5.3600
2021.91233,2021-11-29,-145.6830,397.7010,-37.9580,1.0190,1.1880,5.4020
2021.91507,2021-11-30,-147.0040,401.6720,-34.5100,1.0250,1.1900,5.4190
2021.91781,2021-12-01,-146.3220,398.4520,-37.5860,1.0180,1.1660,5.3830
2021.92055,2021-12-02,-146.0600,399.8660,-41.1870,1.0240,1.1610,5.3410
2021.93151,2021-12-06,-147.2840,400.6910,-44.3150,1.0760,1.2330,5.6840
2021.93425,2021-12-07,-145.7620,399.8460,-43.0200,1.0490,1.2440,5.6450
2021.93699,2021-12-08,-149.3580,402.1890,-36.5420,1.0600,1.2650,5.6170
2021.93973,2021-12-09,-147.6100,402.3890,-46.7610,1.0830,1.2840,5.6170
2021.94247,2021-12-10,-148.6540,404.4660,-35.2470,1.1050,1.2610,5.5860
2021.94521,2021-12-11,-148.5070,400.8010,-29.4020,1.0550,1.1820,5.3810
2021.94795,2021-12-12,-147.1810,401.6160,-30.1290,1.1000,1.2650,5.8100
2021.95068,2021-12-13,-148.0810,403.1960,-45.5830,1.0450,1.2220,5.4400
2021.95342,2021-12-14,-147.2780,404.5840,-37.1760,1.0490,1.2300,5.4030
2021.95616,2021-12-15,-148.5070,401.2450,-37.6890,1.1100,1.2830,5.8100
2021.95890,2021-12-16,-147.8660,403.4750,-33.1360,1.0810,1.2010,5.5180
2021.96164,2021-12-17,-145.5410,404.0620,-38.6280,1.0920,1.2140,5.6350
2021.96438,2021-12-18,-146.3190,404.2250,-34.5650,1.1050,1.2470,5.7110
2021.96712,2021-12-19,-147.4560,408.3970,-29.3030,1.0730,1.2410,5.6510
2021.96986,2021-12-20,-146.7660,405.9640,-30.2630,1.1030,1.2330,5.7430
2021.97260,2021-12-21,-146.8190,404.9040,-26.6110,1.1170,1.1970,5.6550
2021.97534,2021-12-22,-147.2410,403.7700,-33.4610,1.1080,1.2310,5.8780
2021.97808,2021-12-23,-147.1870,406.0970,-33.8390,1.0980,1.1950,5.5210
2021.98082,2021-12-24,-145.7910,406.3260,-37.3440,1.1220,1.2480,5.9290
2021.98356,2021-12-25,-146.4300,403.7700,-29.3920,1.1030,1.2280,5.9380
2021.98630,2021-12-26,-144.0230,404.9090,-40.7680,1.0800,1.2020,5.6360
2021.98904,2021-12-27,-147.2590,404.7000,-35.1350,1.0890,1.2020,5.6520
2021.99178,2021-12-28,-148.1440,404.1300,-33.5250,1.0230,1.1830,5.2970
2021.99452,2021-12-29,-147.1850,404.2770,-34.1740,1.0110,1.1610,5.1980
2021.99726,2021-12-30,-148.2100,407.2170,-48.7250,1.0260,1.2050,5.3420
2022.00000,2021-12-31,-148.7410,404.1400,-38.4200,1.0830,1.2310,5.6920
2022.00274,2022-01-01,-146.7040,403.6020,-31.6240,1.0270,1.1860,5.2870
2022.00548,2022-01-02,-147.4010,405.1260,-33.9210,1.0400,1.2190,5.4160
2022.00822,2022-01-03,-146.8410,407.3560,-34.6780,1.0550,1.2240,5.4930
2022.01096,2022-01-04,-147.2170,406.8700,-30.2050,1.0740,1.2020,5.4270
2022.01370,2022-01-05,-148.1470,406.6900,-34.1480,1.0960,1.2390,5.7530
2022.01644,2022-01-06,-143.3920,405.1250,-47.8550,1.0530,1.2630,5.6770
2022.01918,2022-01-07,-145.5970,405.0950,-33.4440,1.0800,1.2300,5.6600
2022.02192,2022-01-08,-146.1310,403.6090,-35.1840,1.0520,1.1750,5.3880
2022.02466,2022-01-09,-146.6920,402.7990,-35.5440,1.0650,1.2900,5.6810
2022.02740,2022-01-10,-146.7220,405.1900,-37.9650,1.0710,1.2030,5.4790
2022.03014,2022-01-11,-148.7570,403.8100,-38.9430,1.0390,1.1850,5.3420
2022.03288,2022-01-12,-149.7580,401.9750,-35.0460,1.0210,1.1880,5.3350
2022.03562,2022-01-13,-149.2700,405.3500,-35.5360,1.0440,1.2280,5.6460
2022.03836,2022-01-14,-148.9870,408.2960,-37.5940,1.0430,1.2070,5.4860
2022.04110,2022-01-15,-149.8260,405.8670,-40.6420,1.1290,1.3000,5.8840
2022.04384,2022-01-16,-147.6100,407.8250,-38.2720,1.0450,1.2130,5.4990
2022.04932,2022-01-18,-147.7300,408.6590,-35.2880,1.0560,1.2330,5.6210
2022.05205,2022-01-19,-147.0340,405.4020,-35.2690,1.0060,1.2310,5.4350
2022.05479,2022-01-20,-149.4770,404.9910,-33.6930,1.0310,1.2040,5.4610
2022.05753,2022-01-21,-148.1390,404.7470,-35.4360,1.0610,1.2440,5.7060
2022.06027,2022-01-22,-148.6750,404.3230,-29.4320,1.0360,1.2370,5.5860
2022.06301,2022-01-23,-146.3760,404.7590,-32.5180,1.0130,1.2220,5.3970
2022.06575,2022-01-24,-146.8230,406.1120,-33.8170,1.0310,1.2430,5.5150
2022.06849,2022-01-25,-146.2170,403.2980,-36.1210,1.0420,1.2590,5.5740
2022.07123,2022-01-26,-149.2710,404.7160,-26.7490,1.0440,1.2110,5.4140
2022.10685,2022-02-08,-148.3320,405.2750,-39.1940,1.0480,1.2420,5.6350
2022.10959,2022-02-09,-149.3320,406.3830,-40.0860,1.0340,1.2170,5.5300
2022.11233,2022-02-10,-149.2420,406.6070,-39.9690,1.0220,1.2060,5.4360
2022.11507,2022-02-11,-149.4500,406.0960,-41.9290,1.0200,1.1770,5.3270
2022.11781,2022-02-12,-146.5220,404.1970,-36.2660,0.9940,1.1920,5.3050
2022.12055,2022-02-13,-148.7240,405.4740,-34.2150,1.0040,1.1940,5.3170
2022.12329,2022-02-14,-146.5490,407.2380,-40.4490,0.9940,1.1910,5.3070
2022.12603,2022-02-15,-146.6770,407.1420,-40.3080,1.0210,1.1950,5.4520
2022.12877,2022-02-16,-145.8340,405.0270,-36.2080,0.9780,1.1740,5.1440
2022.13151,2022-02-17,-149.0100,404.5570,-36.5120,1.0180,1.1830,5.3200
2022.13425,2022-02-18,-149.3310,407.3840,-38.6910,0.9910,1.1720,5.2070
2022.13699,2022-02-19,-148.9460,408.0590,-37.4490,0.9940,1.2090,5.2840
2022.13973,2022-02-20,-148.8500,406.2260,-41.1610,0.9870,1.1780,5.3210
2022.14247,2022-02-21,-149.4960,408.2660,-37.9770,0.9710,1.1580,5.2150
2022.14521,2022-02-22,-149.9130,407.7610,-41.7630,1.0020,1.1830,5.3320
2022.14795,2022-02-23,-149.6310,408.3220,-38.4870,0.9850,1.1800,5.2200
2022.15068,2022-02-24,-149.9400,406.9430,-53.1330,1.0520,1.2580,5.6770
2022.15342,2022-02-25,-148.3080,408.3020,-49.0960,1.0290,1.2540,5.5750
2022.15616,2022-02-26,-149.2170,405.5310,-45.9000,1.0030,1.1980,5.3700
2022.15890,2022-02-27,-149.7640,407.0560,-45.2440,0.9970,1.1880,5.3600
2022.16164,2022-02-28,-146.8900,407.3890,-45.0460,1.0010,1.1780,5.3450
2022.16438,2022-03-01,-146.3040,409.1140,-46.6640,1.0390,1.2160,5.5170
2022.16712,2022-03-02,-146.5670,409.0550,-40.7410,1.0460,1.2310,5.5160
2022.16986,2022-03-03,-146.1400,410.7130,-42.5380,1.0240,1.1920,5.4070
2022.17260,2022-03-04,-151.9450,409.7940,-45.0550,1.0080,1.2110,5.4150
2022.17534,2022-03-05,-146.7890,409.8880,-50.6750,1.0190,1.2070,5.3820
2022.17808,2022-03-06,-147.2770,407.3020,-45.2160,0.9890,1.2020,5.2880
2022.18082,2022-03-07,-148.1880,408.0840,-42.8740,1.0230,1.2150,5.4520
2022.18356,2022-03-08,-148.2710,410.3190,-45.0470,1.0120,1.1970,5.3910
2022.18630,2022-03-09,-147.6330,410.5640,-37.0650,1.0080,1.2160,5.3900
2022.18904,2022-03-10,-146.6840,408.8560,-41.8170,1.0430,1.2440,5.4390
2022.19178,2022-03-11,-145.9160,407.7110,-44.3360,1.0490,1.2680,5.5210
2022.19452,2022-03-12,-146.8610,407.7870,-43.5840,1.0050,1.2090,5.3790
2022.19726,2022-03-13,-149.3230,409.3390,-36.2560,1.0740,1.2660,5.6590
2022.20000,2022-03-14,-149.0620,410.3220,-39.1120,1.0560,1.2360,5.6100
2022.20274,2022-03-15,-149.4790,409.4890,-41.1110,1.0340,1.2240,5.5260
2022.20548,2022-03-16,-149.3990,411.5850,-43.0060,1.0360,1.2200,5.4880
2022.20822,2022-03-17,-146.6840,409.4560,-41.9340,1.0480,1.2930,5.5810
2022.21096,2022-03-18,-147.0580,410.2060,-51.4250,1.0330,1.2250,5.4520
2022.21370,2022-03-19,-147.9130,411.4510,-48.6720,1.0080,1.2410,5.4690
2022.21644,2022-03-20,-147.3940,412.1320,-45.6910,1.0390,1.2270,5.4730
2022.21918,2022-03-21,-148.7430,410.3580,-44.4010,1.0430,1.2460,5.5340
2022.22192,2022-03-22,-148.6200,410.1150,-39.3080,1.0390,1.2300,5.4790
2022.22466,2022-03-23,-150.0300,414.1160,-33.9140,1.0130,1.2080,5.3070
2022.22740,2022-03-24,-149.7620,415.5000,-42.1230,1.0170,1.2500,5.4470
2022.23014,2022-03-25,-148.8920,413.7780,-34.6240,1.0200,1.2690,5.5030
2022.23288,2022-03-26,-147.8770,418.2850,-36.1720,1.0320,1.2220,5.4950
2022.23562,2022-03-27,-148.8150,412.9660,-42.9200,0.9850,1.2170,5.3670
2022.23836,2022-03-28,-153.6640,412.5320,-42.0740,1.0550,1.2520,5.6490
2022.24110,2022-03-29,-150.3350,417.6240,-43.4740,1.0900,1.2790,5.6570
2022.24384,2022-03-30,-148.5100,416.7020,-44.7970,1.0550,1.2200,5.5170
2022.24658,2022-03-31,-151.3390,416.0480,-41.6490,1.0100,1.2020,5.3260
2022.24932,2022-04-01,-148.3680,413.6850,-46.6170,0.9870,1.1970,5.2850
2022.25205,2022-04-02,-151.1930,414.4250,-41.3590,0.9750,1.1890,5.2440
2022.25753,2022-04-04,-149.1760,416.5140,-47.8730,0.9830,1.1860,5.2690
2022.26027,2022-04-05,-152.1240,415.3150,-41.0270,0.9980,1.1950,5.2950
2022.26301,2022-04-06,-151.9050,417.0530,-37.0230,1.0120,1.2280,5.3410
2022.26575,2022-04-07,-151.1510,418.9740,-39.0720,1.0310,1.1970,5.4120
2022.26849,2022-04-08,-147.8730,416.5980,-39.5630,1.0150,1.2140,5.3470
2022.27123,2022-04-09,-150.9250,417.7120,-38.8240,0.9860,1.1930,5.2350
2022.27397,2022-04-10,-150.0790,419.5930,-33.8940,1.0100,1.2030,5.3870
2022.27671,2022-04-11,-150.9910,417.7920,-34.0580,1.0420,1.2040,5.4370
2022.27945,2022-04-12,-149.8190,415.7970,-39.0030,0.9950,1.2010,5.2800
2022.28219,2022-04-13,-152.1340,416.7090,-42.6320,0.9890,1.1810,5.2210
2022.28493,2022-04-14,-149.5100,417.0380,-44.7590,1.0280,1.2150,5.4150
2022.28767,2022-04-15,-151.9150,416.2840,-37.7190,1.0600,1.2140,5.5840
2022.29041,2022-04-16,-150.5990,416.4170,-40.1120,1.0320,1.2390,5.4160
2022.29315,2022-04-17,-149.0090,416.9340,-34.1710,1.0020,1.2040,5.3340
2022.29589,2022-04-18,-148.5930,416.4460,-40.8680,0.9660,1.1410,5.0570
2022.29863,2022-04-19,-150.9410,415.8720,-27.9360,1.0190,1.1820,5.2490
2022.30137,2022-04-20,-149.0540,416.1270,-36.7320,1.0600,1.3380,5.6960
2022.30411,2022-04-21,-149.8990,414.7010,-36.5330,1.0040,1.2270,5.2680
2022.30685,2022-04-22,-149.3230,414.9310,-28.3600,1.0450,1.1940,5.4120
2022.30959,2022-04-23,-148.4160,418.9710,-43.6070,1.0090,1.1900,5.3740
2022.31233,2022-04-24,-149.6650,414.8310,-33.5190,1.0240,1.2190,5.2810
2022.31507,2022-04-25,-150.4320,413.1680,-23.8460,1.0970,1.2830,5.7590
2022.31781,2022-04-26,-150.4380,419.1700,-29.8870,1.0050,1.1930,5.4190
2022.33699,2022-05-03,-151.1480,421.1520,-37.6220,1.0390,1.2440,5.5880
2022.33973,2022-05-04,-149.6600,419.6650,-30.3250,1.0370,1.2570,5.5180
2022.34247,2022-05-05,-151.2120,417.4870,-34.6100,1.0120,1.1900,5.2110
2022.34521,2022-05-06,-149.0710,420.0160,-36.0590,0.9850,1.1640,5.1680
2022.34795,2022-05-07,-149.5400,419.8870,-36.7710,1.0000,1.1710,5.2270
2022.35068,2022-05-08,-151.8120,418.9880,-39.7400,0.9990,1.1730,5.2290
2022.35342,2022-05-09,-149.5800,418.2910,-39.8250,0.9940,1.1710,5.2030
2022.35616,2022-05-10,-149.4810,417.1360,-30.8000,0.9980,1.1930,5.2310
2022.35890,2022-05-11,-147.7680,422.7190,-36.7800,1.0140,1.1930,5.3460
2022.36164,2022-05-12,-149.3470,420.1330,-34.0640,1.0090,1.2240,5.3040
2022.36438,2022-05-13,-149.3490,419.4230,-31.8250,0.9900,1.1430,5.1500
2022.36712,2022-05-14,-151.8480,420.5810,-30.7500,1.0170,1.1990,5.3990
2022.36986,2022-05-15,-151.3000,417.6280,-36.7410,1.0150,1.1920,5.3750
2022.37260,2022-05-16,-148.3980,420.9910,-34.0200,1.0070,1.1710,5.2180
2022.37534,2022-05-17,-148.6530,420.0960,-40.3950,0.9870,1.1870,5.2780
2022.37808,2022-05-18,-149.0730,420.2230,-40.6140,0.9900,1.1730,5.1290
2022.38082,2022-05-19,-149.7740,420.1750,-40.3450,1.0150,1.1620,5.1150
2022.38356,2022-05-20,-150.5410,418.4020,-38.7500,1.0220,1.1880,5.2080
2022.38630,2022-05-21,-149.0380,421.2560,-38.3980,0.9810,1.1760,5.2240
2022.38904,2022-05-22,-150.3350,420.6850,-33.9980,1.0410,1.1720,5.2880
2022.39178,2022-05-23,-151.8220,422.8380,-36.6720,0.9940,1.1430,5.1170
2022.39452,2022-05-24,-150.5200,420.7380,-29.8440,1.0020,1.1660,5.1900
2022.39726,2022-05-25,-151.8150,420.7030,-26.7960,0.9870,1.1740,5.0960
2022.40000,2022-05-26,-151.2530,421.0170,-30.8230,1.0280,1.2310,5.5480
2022.40274,2022-05-27,-152.6060,423.8770,-26.9940,1.0190,1.2210,5.5560
2022.40548,2022-05-28,-150.6890,422.3410,-48.7290,1.0180,1.1820,5.4580
2022.40822,2022-05-29,-152.6700,420.9580,-31.4570,0.9970,1.1770,5.3120
2022.41096,2022-05-30,-152.0300,419.6790,-20.3530,1.0360,1.2010,5.3430
2022.41370,2022-05-31,-151.8660,421.4720,-29.6250,1.0370,1.2010,5.2740
2022.41644,2022-06-01,-152.7590,422.5960,-28.0960,1.0190,1.1400,5.1700
2022.41918,2022-06-02,-151.5470,422.6520,-37.6000,1.0280,1.1440,5.0920
2022.42192,2022-06-03,-154.0180,421.1230,-39.0060,1.0120,1.1440,5.0680
2022.42466,2022-06-04,-153.1530,420.6840,-31.9230,1.0360,1.2120,5.4750
2022.42740,2022-06-05,-150.4830,420.4380,-25.2620,1.0610,1.1890,5.5150
2022.43014,2022-06-06,-151.9000,420.6090,-35.7620,1.0360,1.2360,5.5220
2022.43288,2022-06-07,-153.2630,419.5740,-28.1670,1.0360,1.2340,5.6030
2022.43562,2022-06-08,-149.7200,417.6600,-32.4180,1.0530,1.2180,5.5060
2022.43836,2022-06-09,-151.9040,417.5530,-44.0530,1.0020,1.2090,5.2660
2022.44110,2022-06-10,-153.3810,419.5110,-40.7690,1.1300,1.2230,5.8060
2022.44384,2022-06-11,-150.9190,420.3220,-35.2350,1.0310,1.2380,5.4820
2022.44658,2022-06-12,-152.5880,417.8080,-40.4620,1.0800,1.1940,5.4010
2022.44932,2022-06-13,-151.8480,419.0070,-41.3130,1.0250,1.1830,5.3060
2022.45205,2022-06-14,-150.6110,418.0230,-34.7290,1.0380,1.2010,5.3780
2022.45479,2022-06-15,-152.9910,420.5680,-37.5700,1.0430,1.2050,5.4160
2022.45753,2022-06-16,-155.3570,417.7200,-34.6280,1.0150,1.1760,5.2850
2022.46027,2022-06-17,-153.5230,418.2990,-37.2750,1.0320,1.2050,5.3270
2022.46575,2022-06-19,-150.6020,418.7000,-37.8690,1.0170,1.1940,5.3390
2022.46849,2022-06-20,-151.3510,418.6320,-29.5860,1.0210,1.2010,5.3170
2022.47123,2022-06-21,-150.4120,417.7500,-26.5910,1.0330,1.1820,5.2470
2022.47671,2022-06-23,-150.2280,418.3420,-28.7030,1.0430,1.1870,5.2960
2022.47945,2022-06-24,-153.6670,416.5980,-27.6270,1.0450,1.2660,5.6080
2022.48219,2022-06-25,-150.6760,418.6180,-35.1000,1.0290,1.2180,5.4060
2022.48493,2022-06-26,-149.9060,417.5800,-29.1460,1.0580,1.2680,5.6380
2022.48767,2022-06-27,-152.0420,422.9780,-26.1060,1.0130,1.2050,5.3170
2022.49589,2022-06-30,-152.6540,421.0000,-29.8060,1.0700,1.2180,5.6220
2022.49863,2022-07-01,-154.9930,423.6310,-27.4080,1.0610,1.2520,5.6090
2022.50137,2022-07-02,-153.7900,421.6410,-26.3850,1.0380,1.2060,5.4110
2022.50411,2022-07-03,-154.1060,422.1990,-35.8010,1.0530,1.2170,5.5440
2022.50685,2022-07-04,-153.2980,421.3250,-27.2720,1.1110,1.2540,5.6070
2022.50959,2022-07-05,-151.7640,422.4290,-36.7660,1.1080,1.2710,5.7100
2022.51233,2022-07-06,-152.7190,421.9430,-45.6930,1.0870,1.2630,5.7090
2022.51507,2022-07-07,-152.6670,423.8790,-47.5090,1.0890,1.2710,5.6110
2022.51781,2022-07-08,-153.0210,424.4520,-37.3770,1.0340,1.1960,5.3790
2022.52055,2022-07-09,-155.2690,426.4570,-35.0890,1.0590,1.2260,5.4790
2022.52877,2022-07-12,-155.7150,422.0290,-28.3070,1.0380,1.2250,5.5430
2022.53151,2022-07-13,-152.7860,425.6860,-39.3570,1.0460,1.2240,5.5110
2022.53425,2022-07-14,-153.7550,426.0860,-34.7240,1.0340,1.2250,5.4360
2022.53699,2022-07-15,-154.8550,427.4110,-29.7580,1.0110,1.2410,5.3540
2022.53973,2022-07-16,-155.4150,427.5180,-35.4730,1.0260,1.2240,5.4070
2022.54247,2022-07-17,-154.2360,424.8740,-34.0400,1.0540,1.2340,5.5180
2022.54521,2022-07-18,-155.8460,424.1140,-38.7840,1.0520,1.2740,5.5780
2022.54795,2022-07-19,-154.5980,425.1390,-38.3950,1.0240,1.2200,5.3980
2022.55068,2022-07-20,-156.8220,426.3730,-36.2420,1.0900,1.3090,5.8510
2022.55342,2022-07-21,-152.1040,424.8850,-33.5680,1.0230,1.1700,5.2310
2022.55616,2022-07-22,-155.3510,426.3460,-34.2890,1.0140,1.1760,5.2360
2022.55890,2022-07-23,-153.8180,426.9970,-42.1450,0.9860,1.1500,5.0750
2022.56164,2022-07-24,-154.5000,426.8460,-36.5040,1.0310,1.2140,5.3840
2022.56438,2022-07-25,-155.5530,422.6700,-24.2080,1.0200,1.1720,5.2320
2022.56712,2022-07-26,-157.1870,423.3420,-26.5120,1.0880,1.2440,5.5790
2022.56986,2022-07-27,-153.4870,425.9620,-26.6560,1.0570,1.2230,5.5110
2022.57260,2022-07-28,-153.7180,425.7570,-31.7520,1.0110,1.2190,5.4080
2022.57534,2022-07-29,-155.8470,424.9320,-31.7820,1.0370,1.2270,5.4500
2022.57808,2022-07-30,-157.4140,419.4880,-30.8610,1.0450,1.2420,5.4310
2022.58082,2022-07-31,-155.8900,420.6220,-26.7710,1.0090,1.2370,5.3820
2022.58356,2022-08-01,-154.5000,425.2870,-25.4690,0.9950,1.2270,5.3960
2022.58630,2022-08-02,-154.1470,421.3540,-25.1400,1.1080,1.2920,5.9510
2022.58904,2022-08-03,-156.1150,425.2360,-28.4090,1.0880,1.2550,5.7500
2022.59178,2022-08-04,-153.3640,422.9310,-16.6630,1.0550,1.2510,5.7400
2022.59452,2022-08-05,-154.9660,430.0610,-28.0600,1.0080,1.2150,5.4290
2022.59726,2022-08-06,-154.9370,427.3960,-29.4750,1.0140,1.2240,5.4100
2022.60000,2022-08-07,-153.9100,428.9700,-37.9600,1.1050,1.2460,5.6840
2022.60274,2022-08-08,-155.7940,427.3110,-31.4250,1.0140,1.2100,5.4310
2022.60548,2022-08-09,-155.0160,425.6790,-24.6580,1.0710,1.1920,5.3700
2022.60822,2022-08-10,-151.7200,428.0950,-26.1460,1.0040,1.2220,5.5120
2022.61096,2022-08-11,-150.4280,430.6670,-37.5400,1.0560,1.2730,5.5530
2022.61370,2022-08-12,-155.5750,424.5010,-23.8550,1.0360,1.2850,5.4830
2022.61644,2022-08-13,-156.0630,427.6970,-21.3500,1.0070,1.2290,5.4510
2022.61918,2022-08-14,-156.1980,428.3330,-27.0730,1.0050,1.2210,5.3960
2022.62192,2022-08-15,-157.6520,427.3490,-18.0130,1.0400,1.2230,5.5240
2022.62466,2022-08-16,-155.6020,428.8450,-26.9470,1.0450,1.2220,5.6070
2022.62740,2022-08-17,-155.0300,431.0550,-38.2630,1.0410,1.2450,5.6050
2022.63014,2022-08-18,-155.9610,426.5150,-31.1970,1.0180,1.2150,5.4460
2022.63288,2022-08-19,-156.3350,430.3320,-26.0870,1.0740,1.2450,5.6800
2022.63836,2022-08-21,-159.2270,425.5550,-32.7840,0.9900,1.2090,5.4050
2022.64110,2022-08-22,-158.2850,426.5280,-48.1380,1.0450,1.2170,5.6380
2022.64384,2022-08-23,-153.4670,431.1010,-47.6270,1.0700,1.2760,5.6660
2022.64932,2022-08-25,-156.5720,429.2230,-39.6860,1.0430,1.2330,5.5170
2022.65205,2022-08-26,-156.7510,431.7010,-32.1680,1.0470,1.2500,5.6110
2022.65479,2022-08-27,-154.3440,428.1180,-44.1500,1.0550,1.2410,5.5830
2022.65753,2022-08-28,-155.3610,426.5260,-32.5930,1.0620,1.2190,5.4590
2022.66027,2022-08-29,-153.2250,432.4080,-39.5800,1.0650,1.2520,5.6400
2022.66301,2022-08-30,-153.4140,425.8860,-37.7930,1.0080,1.2580,5.5800
2022.66575,2022-08-31,-151.3710,426.8420,-28.0230,1.0300,1.2270,5.4100
2022.67123,2022-09-02,-157.8340,432.7580,-26.4750,1.0420,1.2930,5.7420
2022.67397,2022-09-03,-157.8810,423.4370,-23.7140,1.1040,1.2930,5.7770
2022.67671,2022-09-04,-156.7190,429.6190,-28.4680,1.0100,1.2200,5.2900
2022.67945,2022-09-05,-157.2350,428.9310,-32.1990,1.0270,1.1870,5.2840
2022.68219,2022-09-06,-154.2160,426.3300,-34.2940,1.0120,1.2180,5.3660
2022.68493,2022-09-07,-157.2530,432.3140,-46.0360,1.0570,1.2330,5.5400
2022.68767,2022-09-08,-156.5770,429.8960,-30.6030,1.0740,1.2720,5.8500
2022.69041,2022-09-09,-157.1010,425.2380,-38.5920,1.0670,1.2290,5.6680
2022.69315,2022-09-10,-155.0200,433.0140,-38.1360,1.0350,1.1850,5.4510
2022.69589,2022-09-11,-156.0250,429.7480,-35.2920,1.0570,1.2260,5.5710
2022.69863,2022-09-12,-155.4520,426.9000,-25.4220,1.0630,1.2440,5.6910
2022.70137,2022-09-13,-152.5370,431.4850,-43.7270,1.0800,1.2640,5.7760
2022.70411,2022-09-14,-156.2270,429.1450,-44.6490,1.0930,1.2910,5.8670
2022.70685,2022-09-15,-154.6680,429.6540,-42.8730,1.1020,1.3210,6.0460
2022.70959,2022-09-16,-152.2680,429.7430,-21.1950,1.0960,1.2990,5.9610
2022.71233,2022-09-17,-155.9320,432.2980,-37.4130,1.0120,1.2290,5.5080
2022.71781,2022-09-19,-173.8970,442.8030,-29.7020,1.0590,1.2870,5.6340
2022.72055,2022-09-20,-175.9730,444.4940,-37.3820,1.0940,1.2580,5.6540
2022.72329,2022-09-21,-170.7410,444.0350,-25.4990,1.0330,1.2510,5.5280
2022.72603,2022-09-22,-176.5660,445.3030,-27.5780,1.0570,1.2550,5.3600
2022.72877,2022-09-23,-176.5970,443.9200,-30.1340,1.0210,1.2680,5.4350
2023.37260,2023-05-16,-183.3080,465.3100,67.8100,1.1010,1.2530,5.9250
2023.37534,2023-05-17,-183.6670,464.0750,70.1790,0.8960,1.0030,4.7170
2023.37808,2023-05-18,-180.5120,468.2170,81.7900,0.9300,1.1000,5.0330
2023.38356,2023-05-20,-183.3890,465.8580,85.7460,0.9500,1.1280,5.1450
2023.38630,2023-05-21,-183.1360,467.5120,73.6390,0.9200,1.0770,4.9680
2023.38904,2023-05-22,-182.4290,468.3560,91.6500,0.9470,1.0900,5.1050
2023.39178,2023-05-23,-185.8140,464.3360,79.1730,0.8980,1.0560,4.8080
2023.39452,2023-05-24,-183.2470,466.0390,73.3780,0.9100,1.0730,4.8720
2023.39726,2023-05-25,-183.9770,467.8590,75.5770,0.9280,1.1210,5.1880
2023.40000,2023-05-26,-183.1950,468.6380,76.4410,0.9080,1.0990,4.9680
2023.40274,2023-05-27,-185.5680,464.5790,93.3130,0.9480,1.0610,5.0300
2023.40548,2023-05-28,-182.5380,466.1610,78.8010,0.9310,1.0690,4.9330
2023.40822,2023-05-29,-184.2540,464.4040,75.5630,0.9060,1.0590,4.8280
2023.41096,2023-05-30,-185.3450,464.2470,77.7680,0.9020,1.0820,4.9510
2023.41370,2023-05-31,-184.0960,463.9450,92.3580,0.9390,1.1090,5.0910
2023.41644,2023-06-01,-184.6630,461.7850,78.4620,0.9130,1.0570,4.8210
2023.42192,2023-06-03,-181.9980,467.8070,84.3570,0.9410,1.0880,4.8900
2023.42740,2023-06-05,-185.9480,461.8070,80.7840,0.9480,1.1310,5.1290
2023.43562,2023-06-08,-187.0190,463.0510,75.9140,0.9360,1.1350,5.1070
2023.43836,2023-06-09,-186.2100,465.2400,71.1020,0.9600,1.1210,5.1000
2023.44110,2023-06-10,-183.9940,467.8640,76.0190,0.9430,1.0940,4.8670
2023.44384,2023-06-11,-187.0950,466.7020,78.7090,0.9310,1.0930,4.8320
2023.44658,2023-06-12,-184.5270,467.1700,88.1630,0.9160,1.0910,4.9080
2023.44932,2023-06-13,-188.3540,467.6540,87.0240,0.9440,1.0780,4.8560
2023.45205,2023-06-14,-187.3780,467.6320,77.0680,0.9040,1.0580,4.7540
2023.45479,2023-06-15,-183.8140,468.3060,74.5190,0.9380,1.1000,4.8960
2023.45753,2023-06-16,-182.5390,465.5780,83.8560,0.9060,1.1160,4.9990
2023.46027,2023-06-17,-185.9380,466.7990,78.5800,0.8990,1.0780,4.9000
2023.46301,2023-06-18,-185.5160,466.5570,85.4470,0.9480,1.1330,4.9700
2023.46575,2023-06-19,-186.5540,469.5020,85.2800,0.8970,1.0500,4.7690
2023.46849,2023-06-20,-185.0950,472.0070,75.0340,0.8850,1.0760,4.7360
2023.47123,2023-06-21,-184.7460,468.0630,72.6280,0.9430,1.1490,4.9720
2023.47397,2023-06-22,-185.7960,468.4530,71.2310,0.9140,1.1190,4.9250
2023.47671,2023-06-23,-185.5980,463.6180,67.9700,0.9660,1.1730,5.0380
2023.47945,2023-06-24,-183.7250,467.8640,76.5690,0.9490,1.1460,5.1740
2023.48219,2023-06-25,-184.9690,468.4240,83.2860,0.9020,1.0800,4.8950
2023.48493,2023-06-26,-185.1020,467.0360,89.9610,0.9560,1.1490,5.1910
2023.48767,2023-06-27,-183.9670,468.7330,82.2150,0.9040,1.0720,4.7760
2023.49041,2023-06-28,-187.1430,470.4690,78.4310,0.8920,1.0970,4.8430
2023.49315,2023-06-29,-186.7730,469.8070,77.7890,0.9130,1.1030,4.8450
2023.49589,2023-06-30,-188.2920,468.2430,92.1600,0.9490,1.1540,5.1130
2023.49863,2023-07-01,-187.4950,470.3510,75.9280,0.9350,1.1260,4.9970
2023.50137,2023-07-02,-188.9860,470.1530,79.9530,0.9060,1.0570,4.7490
2023.50411,2023-07-03,-187.8490,469.1800,81.9320,0.9280,1.1140,5.0610
2023.50685,2023-07-04,-188.0200,470.2760,81.9400,0.8970,1.0930,4.8820
2023.50959,2023-07-05,-188.3050,471.2160,79.3050,0.9100,1.0680,4.8130
2023.51233,2023-07-06,-187.6350,474.1900,80.4710,0.9100,1.0890,4.8030
2023.51507,2023-07-07,-188.4420,471.3910,73.4620,0.9230,1.1040,4.8340
2023.51781,2023-07-08,-189.5950,474.5320,93.0210,0.9090,1.0620,4.7650
2023.52603,2023-07-11,-186.3640,470.4360,77.3890,0.9720,1.1620,5.2500
2023.53151,2023-07-13,-185.9430,472.4500,78.9670,0.9610,1.1770,5.2270
2023.53425,2023-07-14,-186.4270,472.2100,76.4680,0.9190,1.0930,5.0370
2023.53699,2023-07-15,-188.2380,471.2330,80.5270,0.9520,1.0960,5.1620
2023.54247,2023-07-17,-188.4490,474.8820,85.9210,1.0030,1.1470,5.3990
2023.54521,2023-07-18,-186.5100,471.7980,70.8290,0.9550,1.1230,5.2090
2023.54795,2023-07-19,-190.8550,469.6770,81.0290,0.9370,1.0750,4.9580
2023.55068,2023-07-20,-190.3290,472.8120,76.8050,0.9800,1.1410,5.3070
2023.55342,2023-07-21,-186.6570,470.6590,86.8790,0.9730,1.1210,5.2750
2023.55890,2023-07-23,-185.4670,471.6500,82.2830,0.9390,1.1220,5.1960
2023.56164,2023-07-24,-187.8940,474.9350,74.1580,0.9170,1.0680,4.8700
2023.56438,2023-07-25,-189.3390,473.9810,78.5280,0.9560,1.0700,5.0060
2023.56712,2023-07-26,-189.1360,473.0190,73.8060,0.9410,1.1000,5.1600
2023.56986,2023-07-27,-186.6190,471.2730,75.8790,0.9210,1.0440,4.8420
2023.57260,2023-07-28,-188.9110,475.0370,75.1020,0.9490,1.0670,4.9480
2023.57808,2023-07-30,-187.5390,474.7920,92.3310,0.9220,1.0870,4.9590
2023.58082,2023-07-31,-190.2730,473.0470,83.4300,0.9240,1.0750,4.9920
2023.58356,2023-08-01,-189.6290,471.4180,73.2630,0.9640,1.0760,5.2340
2023.58630,2023-08-02,-186.8320,473.8370,80.9680,0.9630,1.0980,5.1090
2023.59178,2023-08-04,-189.8310,474.4360,70.1680,0.9280,1.0840,5.0380
2023.59452,2023-08-05,-191.8400,478.0520,78.9920,0.9710,1.1540,5.3550
2023.59726,2023-08-06,-188.7830,472.5220,75.6460,0.9870,1.1120,5.3080
2023.60000,2023-08-07,-187.3520,477.3830,73.3270,0.9420,1.1050,5.1650
2023.60274,2023-08-08,-189.7280,476.9020,66.3100,0.9460,1.0840,5.0430
2023.60548,2023-08-09,-185.7300,477.9340,68.4050,0.9390,1.1170,5.1130
2023.60822,2023-08-10,-189.8070,472.8950,75.9300,0.9260,1.0670,4.9640
2023.63014,2023-08-18,-189.5530,473.3230,71.8100,0.9570,1.1630,5.2520
2023.63562,2023-08-20,-189.4840,474.5220,71.5330,0.9460,1.1490,5.1690
2023.63836,2023-08-21,-188.9590,474.5220,67.6240,0.9290,1.1350,5.0880
2023.64110,2023-08-22,-188.2550,476.8550,79.0090,0.9400,1.1520,5.1480
2023.65205,2023-08-26,-192.0710,471.8340,88.8690,0.9770,1.1610,5.2360
2023.65479,2023-08-27,-188.4960,476.2030,67.4940,1.0170,1.1860,5.3570
2023.65753,2023-08-28,-186.0880,474.0730,67.6380,0.9830,1.1550,5.2470
2023.66027,2023-08-29,-187.8910,475.8850,84.2810,1.0380,1.1530,5.3550
2023.66301,2023-08-30,-189.9620,473.5890,77.5530,1.0160,1.1390,5.2910
2023.66575,2023-08-31,-188.4840,476.5260,63.3440,1.0230,1.1290,5.2120
2023.66849,2023-09-01,-186.9930,477.3310,73.6080,0.9680,1.1500,5.1330
2023.67123,2023-09-02,-190.2480,474.1660,84.4580,0.9470,1.1190,5.0310
2023.67397,2023-09-03,-190.8870,475.0710,73.7000,0.9670,1.1560,5.3840
2023.67945,2023-09-05,-192.8910,476.6090,72.0410,0.9350,1.1180,5.0110
2023.68219,2023-09-06,-187.5470,477.1000,80.3830,0.9530,1.1270,4.9880
2023.69589,2023-09-11,-190.4370,474.2000,63.0520,0.9330,1.1220,5.0450
2023.69863,2023-09-12,-190.4600,474.4510,69.6320,1.0120,1.1460,5.2430
2023.70137,2023-09-13,-191.2510,474.8470,70.2630,1.0120,1.1990,5.2870
2023.70411,2023-09-14,-190.4850,473.7710,79.2360,0.9420,1.0840,5.0230
2023.70685,2023-09-15,-190.3870,475.5240,60.3410,0.9510,1.1010,5.0470
2023.70959,2023-09-16,-190.4550,474.4080,71.9390,0.9270,1.0950,4.9940
2023.71233,2023-09-17,-192.1160,476.0980,64.1240,0.8960,1.0760,4.7660
2023.71507,2023-09-18,-190.0940,473.0680,71.9020,0.9110,1.0770,4.8090
2023.71781,2023-09-19,-189.2940,475.6880,68.1160,0.9330,1.1180,4.9170
2023.72055,2023-09-20,-187.9680,476.0600,75.2850,0.9630,1.1840,5.1840
2023.72329,2023-09-21,-188.7620,474.0610,61.1690,0.9620,1.1160,5.0450
2023.72603,2023-09-22,-190.8180,475.3070,64.8770,0.9300,1.0760,4.7960
2023.72877,2023-09-23,-189.5610,474.9610,71.3380,0.9090,1.1000,4.8710
2023.73151,2023-09-24,-190.5410,476.5450,72.5550,0.9420,1.0980,4.9790
2023.73425,2023-09-25,-190.2440,474.6950,64.9820,0.9180,1.0750,4.7840
2023.74247,2023-09-28,-190.8170,476.3610,84.9750,1.0430,1.2650,5.4880
2023.74521,2023-09-29,-191.1220,476.1470,75.2410,1.0290,1.2790,5.6360
2023.74795,2023-09-30,-191.0090,472.9050,74.8190,0.9900,1.1820,5.2420
2023.75068,2023-10-01,-192.1620,475.1420,72.6340,1.0670,1.3230,5.6800
2023.75342,2023-10-02,-189.0510,480.0200,55.5940,1.1170,1.3420,6.2220
2023.75616,2023-10-03,-188.8540,474.1950,78.0540,0.9560,1.1100,4.9980
2023.75890,2023-10-04,-192.3590,477.8120,75.2030,1.0040,1.1650,5.3140
2023.76712,2023-10-07,-193.2170,476.8540,77.1170,1.1150,1.2660,5.7630
2023.76986,2023-10-08,-191.3890,474.4350,74.1410,1.0090,1.2110,5.1830
2023.77260,2023-10-09,-189.9860,474.9040,70.6290,0.9560,1.1000,5.1550
2023.77534,2023-10-10,-189.9690,472.5750,69.1590,0.9710,1.1230,5.2090
2023.77808,2023-10-11,-189.4180,474.3310,62.5830,0.9850,1.1800,5.2470
2023.78082,2023-10-12,-189.4700,474.0280,66.5690,1.0790,1.2610,5.7160
2023.79178,2023-10-16,-192.3520,475.2080,73.9810,0.9150,1.0980,5.0920
2023.79452,2023-10-17,-191.0600,476.0080,80.0140,1.0110,1.1380,5.3460
2023.80000,2023-10-19,-191.4510,472.7450,71.5210,0.9700,1.1800,5.3680
2023.80548,2023-10-21,-189.5650,473.9290,72.2530,0.8970,1.0910,4.8580
2023.80822,2023-10-22,-192.8710,473.9640,77.1860,0.9430,1.1170,5.1170
2023.81644,2023-10-25,-189.4840,473.7550,71.7040,0.9210,1.1080,5.0600
2023.82192,2023-10-27,-191.0500,472.7320,79.1450,0.9370,1.1140,5.0840
2023.82466,2023-10-28,-190.6160,473.6480,71.0270,0.9300,1.0860,5.0620
2023.82740,2023-10-29,-187.8990,474.5360,72.5720,1.3220,1.6030,6.9820
2023.83836,2023-11-02,-193.6790,473.8690,78.0500,1.1420,1.3110,6.2240
2023.84110,2023-11-03,-189.1170,475.4410,74.6020,0.9940,1.1390,5.3520
2023.84384,2023-11-04,-191.4110,474.4910,77.3490,0.9250,1.0940,5.0680
2023.84658,2023-11-05,-190.5590,474.2040,76.6700,0.9770,1.1240,5.1600
2023.84932,2023-11-06,-190.8630,475.4190,73.2010,0.9070,1.0720,4.9260
2023.85205,2023-11-07,-190.9000,472.9220,73.9860,0.8990,1.0220,4.7200
2023.85479,2023-11-08,-190.7040,475.1050,73.7480,0.9050,1.0480,4.7570
2023.85753,2023-11-09,-190.1340,476.2900,76.1470,0.9220,1.1060,4.9410
2023.86027,2023-11-10,-191.0870,473.7600,76.9480,0.9080,1.0690,4.9390
2023.86301,2023-11-11,-191.4600,474.2480,67.9870,0.8870,1.0450,4.7940
2023.86575,2023-11-12,-191.3110,474.5430,74.2830,0.8740,1.0310,4.7910
2023.87123,2023-11-14,-194.1200,474.7690,72.8930,0.9130,1.0760,4.9960
2023.87397,2023-11-15,-192.6170,478.0790,68.9230,0.9060,1.0490,4.8550
2023.87671,2023-11-16,-193.2810,476.4280,70.7780,0.8940,1.0400,4.8250
2023.87945,2023-11-17,-190.9360,476.9700,72.7970,0.9340,1.0950,4.9340
2023.88219,2023-11-18,-189.4440,477.2590,75.5990,0.8870,1.0110,4.6900
2023.88493,2023-11-19,-193.2960,479.7590,75.9580,0.8940,1.0510,4.9000
2023.88767,2023-11-20,-192.3070,481.4300,77.4150,0.8950,1.0670,4.8510
2023.89041,2023-11-21,-192.6740,478.4290,79.1210,0.8950,1.0250,4.6760
2023.89315,2023-11-22,-191.9920,477.6060,79.1840,0.8920,1.0520,4.8470
2023.89589,2023-11-23,-191.3270,478.6050,75.7700,0.9010,1.0690,4.9070
2023.89863,2023-11-24,-192.0130,479.1820,72.0120,0.8890,1.0530,4.8060
2023.90137,2023-11-25,-191.2880,478.9320,74.0820,0.8970,1.0290,4.7830
2023.90411,2023-11-26,-194.1320,480.3830,65.9970,0.8800,1.0480,4.7420
2023.90959,2023-11-28,-189.0970,480.2400,66.6710,0.9060,1.0640,4.8730
2023.91507,2023-11-30,-192.9820,478.7230,73.1920,0.9120,1.0920,4.9530
2023.91781,2023-12-01,-191.7980,479.2190,68.6880,0.9790,1.1870,5.2780
2023.92055,2023-12-02,-194.2250,479.0970,73.4050,0.8910,1.0610,4.8500
2023.92329,2023-12-03,-192.1300,480.8280,78.0780,0.9020,1.0720,4.9160
2023.92603,2023-12-04,-192.3770,479.1090,76.3640,0.8960,1.0320,4.6770
2023.92877,2023-12-05,-193.4530,478.8890,73.4160,0.9010,1.0610,4.8330
2023.93151,2023-12-06,-194.7660,479.5230,81.2110,0.8980,1.0350,4.7030
2023.93425,2023-12-07,-193.5020,483.2440,75.5750,0.9110,1.0470,4.8820
2023.93699,2023-12-08,-193.9510,481.6250,76.0720,0.9210,1.0760,4.9560
2023.93973,2023-12-09,-192.8130,482.5060,67.4560,0.8880,1.0550,4.8140
2023.94247,2023-12-10,-192.8480,479.8430,78.8420,0.9040,1.0800,4.8860
2023.94521,2023-12-11,-195.3010,479.2230,83.1920,0.8970,1.0290,4.6730
2023.94795,2023-12-12,-194.6260,480.2680,73.6710,0.8870,1.0340,4.7350
2023.95068,2023-12-13,-194.8620,479.7250,76.8250,0.8830,1.0360,4.6740
2023.95342,2023-12-14,-192.9830,481.3130,72.9650,0.9230,1.1210,4.9770
2023.95616,2023-12-15,-193.7660,479.0350,72.1900,0.9590,1.1380,5.0570
2023.95890,2023-12-16,-193.9770,478.3050,68.2470,0.9290,1.1070,4.8620
2023.96164,2023-12-17,-194.0560,476.8010,73.2290,0.9030,1.0370,4.7260
2023.96438,2023-12-18,-193.1540,479.6780,69.5010,0.8990,1.0490,4.7790
2023.96986,2023-12-20,-193.4360,479.8110,68.9810,0.9120,1.0660,4.8330
2023.97260,2023-12-21,-193.0460,479.4110,61.2860,0.9340,1.0930,4.8790
2023.97534,2023-12-22,-194.3290,478.3440,64.1380,0.9340,1.0870,4.8640
2023.97808,2023-12-23,-193.0350,480.1230,69.7550,0.9220,1.1000,4.8640
2023.98082,2023-12-24,-193.1100,479.4330,69.8310,0.9380,1.0940,4.9120
2023.98356,2023-12-25,-192.1080,479.3320,72.9650,0.9430,1.0940,4.9970
2023.98630,2023-12-26,-194.8160,481.6580,67.1840,0.9490,1.1050,5.0700
2023.98904,2023-12-27,-196.0020,481.3830,72.5330,0.9430,1.1470,5.0850
2023.99178,2023-12-28,-193.7810,480.7260,71.9670,0.9360,1.0950,4.9500
2023.99452,2023-12-29,-194.7950,482.0890,77.4630,0.9410,1.0960,4.9390
2024.00000,2023-12-31,-194.6920,481.5280,72.8880,0.9500,1.0810,4.9780
2024.00273,2024-01-01,-195.9370,481.5270,68.8300,0.9550,1.0830,4.9550
2024.00546,2024-01-02,-194.2330,480.9420,79.3170,0.9550,1.0880,4.9790
2024.00820,2024-01-03,-196.7550,480.5990,76.0950,0.9690,1.1230,5.1390
2024.01093,2024-01-04,-195.6360,480.1030,74.2650,0.9640,1.0990,5.0920
2024.01366,2024-01-05,-194.5850,483.8770,72.0690,1.0080,1.1890,5.5940
2024.01639,2024-01-06,-194.5430,483.5070,73.4230,1.0030,1.0970,5.3820
2024.01913,2024-01-07,-193.8820,482.5010,80.3930,0.9560,1.0800,4.9910
2024.02186,2024-01-08,-193.8450,480.5560,77.2330,0.9480,1.1100,5.0820
2024.02459,2024-01-09,-196.4870,482.0800,72.4060,0.9370,1.0710,4.9230
2024.02732,2024-01-10,-192.0460,483.4680,76.3040,0.9600,1.0890,5.0120
2024.03005,2024-01-11,-193.8690,482.0690,77.5410,0.9940,1.0710,5.1570
2024.03279,2024-01-12,-195.1180,484.2510,71.0870,0.9540,1.0720,4.9720
2024.03552,2024-01-13,-194.1840,483.0160,70.0660,0.9630,1.0990,5.1040
2024.03825,2024-01-14,-193.6080,482.9060,63.6720,0.9480,1.0590,4.9180
2024.04098,2024-01-15,-195.1600,479.9140,67.3010,0.9350,0.9620,4.6570
2024.04372,2024-01-16,-193.2350,482.3740,64.7320,0.9280,0.9550,4.6160
2024.04645,2024-01-17,-191.6890,485.2170,61.1800,0.9250,0.9700,4.5910
2024.04918,2024-01-18,-191.5790,485.7260,60.2050,0.9140,0.9410,4.4850
2024.05191,2024-01-19,-192.1080,484.9220,61.0380,0.9150,0.9510,4.5180
2024.05738,2024-01-21,-191.5810,484.3200,70.2580,0.9310,0.9690,4.6250
2024.06011,2024-01-22,-193.6880,483.6500,56.9750,0.9180,0.9340,4.5200
2024.06284,2024-01-23,-191.9070,482.4050,57.4530,0.9230,0.9610,4.5620
2024.06557,2024-01-24,-194.7770,485.5470,62.9370,0.9340,0.9570,4.5750
2024.06831,2024-01-25,-195.5260,483.8560,59.3120,0.8990,0.9300,4.4160
2024.07104,2024-01-26,-192.6650,483.2900,63.9680,0.9070,0.9680,4.5220
2024.07377,2024-01-27,-193.4350,485.7020,55.1390,0.9050,0.9370,4.4400
2024.07650,2024-01-28,-195.8170,486.2280,62.3390,0.9240,0.9470,4.5800
2024.07923,2024-01-29,-193.0520,484.0530,63.4420,0.9310,0.9710,4.6400
2024.08197,2024-01-30,-197.7240,485.7320,56.6420,0.9030,0.9340,4.4290
2024.08470,2024-01-31,-195.0190,481.9060,58.9800,0.9100,0.9310,4.5120
2024.09016,2024-02-02,-192.6070,485.6550,58.5030,0.9190,0.9700,4.6600
2024.09563,2024-02-04,-193.9490,482.3400,67.5150,0.9490,1.0630,4.8520
2024.09836,2024-02-05,-192.9110,482.8780,63.1780,0.9000,0.9740,4.4400
2024.10109,2024-02-06,-191.4060,485.4810,65.8930,0.8960,0.9500,4.4500
2024.10656,2024-02-08,-193.8720,485.0160,58.2340,0.8930,0.9720,4.4140
2024.10929,2024-02-09,-192.9550,485.2170,61.2780,1.0050,1.0780,4.8990
2024.11202,2024-02-10,-195.0000,483.5900,69.2620,0.9420,1.0110,4.6690
2024.11475,2024-02-11,-192.7890,483.9970,61.8720,0.9230,0.9710,4.5480
2024.11749,2024-02-12,-193.4860,483.1210,69.9120,0.9630,1.0320,4.7760
2024.12022,2024-02-13,-193.0880,485.5800,67.9590,0.9390,0.9870,4.5680
2024.12568,2024-02-15,-193.4900,484.4460,69.0040,1.0140,1.1050,5.1110
2024.12842,2024-02-16,-192.5500,482.9700,62.2480,1.0350,1.1370,5.1420
2024.13115,2024-02-17,-194.4860,483.8030,65.3050,0.9590,1.0640,4.7190
2024.13388,2024-02-18,-195.8750,484.2200,72.4630,0.9400,1.0120,4.7830
2024.13661,2024-02-19,-194.0800,485.2310,77.0270,1.0140,1.1040,5.0260
2024.14208,2024-02-21,-193.8570,485.4580,73.2650,0.9500,1.0270,4.7000
2024.14481,2024-02-22,-193.9960,484.3930,69.1750,0.9450,1.0310,4.8550
2024.14754,2024-02-23,-193.6610,485.0630,60.9180,1.0830,1.1250,5.3730
2024.15847,2024-02-27,-194.8990,485.2590,65.1400,0.9720,1.0450,5.0540
2024.16120,2024-02-28,-196.1830,485.3610,62.8620,0.9280,0.9660,4.5320
2024.16667,2024-03-01,-193.5480,484.5060,57.9330,0.9080,0.9700,4.5900
2024.16940,2024-03-02,-197.5960,482.9210,60.4330,1.0240,1.0630,4.9420
2024.17213,2024-03-03,-193.8150,486.1930,67.4810,1.0320,1.1010,5.0260
2024.17486,2024-03-04,-197.9750,490.6050,74.3840,0.9940,1.0690,4.9170
2024.17760,2024-03-05,-194.5930,486.6220,70.6800,0.9660,1.0740,4.8930
2024.18033,2024-03-06,-195.7320,486.7330,68.1500,0.9540,1.0290,4.6790
2024.18306,2024-03-07,-196.8930,486.0230,62.0530,1.0000,1.1080,4.9820
2024.18579,2024-03-08,-194.1920,485.4660,65.4970,0.9450,1.0600,4.8230
2024.18852,2024-03-09,-194.6740,486.1250,61.2200,0.9920,1.0750,4.9030
2024.19399,2024-03-11,-195.0740,487.2250,66.3900,0.9740,1.0710,4.8720
2024.19672,2024-03-12,-195.2420,487.6800,70.0070,0.9840,1.0480,4.7860
2024.19945,2024-03-13,-194.0840,485.8440,65.6230,0.8920,0.9430,4.3430
2024.20219,2024-03-14,-196.0680,487.7550,65.5370,0.9560,1.0330,4.8160
2024.20492,2024-03-15,-196.7730,489.3880,64.0940,1.0130,1.0970,5.0550
2024.20765,2024-03-16,-199.7450,486.7690,77.7120,0.9290,0.9880,4.5820
2024.21038,2024-03-17,-195.2210,487.8810,66.3450,0.9910,1.0870,4.9070
2024.21311,2024-03-18,-196.7710,488.3920,67.3580,1.0440,1.1630,5.2350
2024.21585,2024-03-19,-193.7120,490.4370,65.1220,0.8820,0.9440,4.3890
2024.21858,2024-03-20,-197.1960,489.8260,59.6920,0.9070,0.9890,4.4340
2024.22131,2024-03-21,-196.6200,490.3070,65.6210,0.9050,0.9510,4.4170
2024.22404,2024-03-22,-194.7520,490.5780,67.8280,0.9820,1.0410,4.8720
2024.22678,2024-03-23,-195.7660,488.5990,63.7020,0.8820,0.9320,4.3370
2024.22951,2024-03-24,-197.8950,490.4100,73.0800,0.9020,0.9960,4.5200
2024.23224,2024-03-25,-194.2390,490.4650,67.4560,1.0070,1.0610,5.0230
2024.23497,2024-03-26,-197.0060,490.8590,64.7480,0.9280,1.0000,4.7240
2024.23770,2024-03-27,-195.3600,492.4980,58.2890,1.0070,1.1080,4.8450
2024.24044,2024-03-28,-197.4340,491.9870,70.1840,1.0500,1.1440,5.1500
2024.24317,2024-03-29,-197.2090,488.5000,66.4030,1.0420,1.1750,4.9960
2024.24590,2024-03-30,-196.0690,492.9930,63.4060,1.0180,1.1400,5.0150
2024.24863,2024-03-31,-196.9870,488.3230,71.6880,0.9970,1.0930,5.0910
2024.25137,2024-04-01,-198.0780,490.9190,72.1380,0.9320,1.0060,4.7120
2024.25410,2024-04-02,-196.6020,494.3560,72.8150,0.9510,1.0220,4.7400
2024.25683,2024-04-03,-195.5830,508.3110,77.5950,0.9600,1.0530,4.7020
2024.25956,2024-04-04,-195.4670,511.1600,69.4050,0.9780,1.0990,4.9660
2024.26230,2024-04-05,-194.8010,505.3010,68.9750,1.0660,1.2020,5.3620
2024.26503,2024-04-06,-194.9890,509.2970,66.2150,0.9440,1.0400,4.7210
2024.26776,2024-04-07,-191.9030,509.7570,74.4240,0.8990,0.9480,4.4530
2024.27049,2024-04-08,-195.0950,510.5790,72.3740,0.9020,0.9310,4.4650
2024.27322,2024-04-09,-193.7810,511.7340,65.1740,0.8770,0.9230,4.3890
2024.27596,2024-04-10,-194.8020,509.3180,67.4220,0.8820,0.9440,4.4620
2024.27869,2024-04-11,-195.3390,509.1150,76.6780,0.8870,0.9560,4.5040
2024.28142,2024-04-12,-196.5390,510.6120,68.5910,0.8980,0.9630,4.4780
2024.28415,2024-04-13,-198.1860,511.9540,70.6800,0.9210,0.9780,4.5840
2024.28962,2024-04-15,-195.6570,507.2880,76.5140,0.9100,0.9690,4.5540
2024.29235,2024-04-16,-193.3650,508.8910,75.3390,0.8900,0.9700,4.6030
2024.29508,2024-04-17,-196.1180,510.4070,84.7920,0.9000,0.9710,4.5510
2024.30055,2024-04-19,-195.2010,509.0800,67.8490,0.8800,0.9460,4.4610
2024.30328,2024-04-20,-198.5190,512.3420,82.4950,0.9220,1.0000,4.6770
2024.31148,2024-04-23,-194.3850,515.5770,86.3930,0.9390,0.9880,4.7000
2024.31421,2024-04-24,-198.9750,514.1430,78.6820,1.0270,1.0840,5.1820
2024.31694,2024-04-25,-196.7280,515.5650,85.6420,0.9860,1.0400,5.0280
2024.31967,2024-04-26,-200.3380,515.9980,89.0670,0.9420,1.0200,4.8160
2024.32240,2024-04-27,-196.3610,518.0200,66.6120,0.9660,1.0470,4.9250
2024.32514,2024-04-28,-195.0820,513.2860,77.3980,0.9160,0.9590,4.6460
2024.32787,2024-04-29,-198.9130,515.7690,65.5760,0.8780,0.9550,4.4590
2024.33060,2024-04-30,-198.8680,514.1370,76.2710,0.9510,1.0510,4.9830
2024.33333,2024-05-01,-196.2410,515.7770,70.7320,0.9270,1.0240,4.8820
2024.33607,2024-05-02,-198.0070,514.9850,70.5500,0.9060,0.9830,4.6520
2024.33880,2024-05-03,-200.1900,515.8010,67.8000,0.8770,0.9770,4.4670
2024.34153,2024-05-04,-198.1870,514.2050,73.4740,0.8960,0.9620,4.5550
2024.34426,2024-05-05,-196.3090,516.7120,64.5780,0.8830,0.9430,4.5090
2024.34699,2024-05-06,-198.3790,516.8880,74.4860,0.9170,0.9950,4.7020
2024.34973,2024-05-07,-199.8890,511.6390,54.8730,0.9000,1.0060,4.6320
2024.35246,2024-05-08,-197.9210,514.2880,74.0980,0.8910,0.9640,4.5410
2024.35519,2024-05-09,-198.9260,514.6040,66.2820,0.9510,0.9840,4.7570
2024.35792,2024-05-10,-196.8830,516.3620,68.3070,0.8880,0.9640,4.6030
2024.36066,2024-05-11,-199.5310,516.0000,67.0560,0.9120,0.9960,4.6070
2024.36339,2024-05-12,-202.3880,516.5130,68.9650,0.8750,0.9370,4.4640
2024.36612,2024-05-13,-198.1160,516.6410,65.9910,0.8580,0.9100,4.3710
2024.36885,2024-05-14,-196.7360,515.1340,63.9990,0.8750,0.9510,4.3950
2024.37158,2024-05-15,-196.8820,515.0200,56.7430,0.8780,0.9340,4.4880
2024.37705,2024-05-17,-196.4570,515.2870,72.4990,0.9390,1.0550,4.7100
2024.37978,2024-05-18,-194.7140,513.6250,73.4220,0.8750,0.9560,4.4930
2024.38525,2024-05-20,-195.1910,513.2900,70.0610,0.8740,0.9410,4.4830
2024.38798,2024-05-21,-195.7070,513.4010,70.6610,0.8850,0.9740,4.5300
2024.39071,2024-05-22,-197.6290,512.7730,68.3000,0.9620,1.0130,4.8660
2024.39617,2024-05-24,-197.5380,515.1380,68.2050,0.8730,0.9270,4.4110
2024.39891,2024-05-25,-196.8200,514.9370,73.0310,0.8720,0.9320,4.3580
2024.40164,2024-05-26,-196.8110,516.9490,75.8830,0.9030,0.9470,4.4540
2024.40437,2024-05-27,-197.3070,516.4560,71.3680,0.9110,0.9920,4.7530
2024.40710,2024-05-28,-197.0890,516.3230,64.1490,0.9130,0.9870,4.6630
2024.40984,2024-05-29,-199.3150,517.9810,60.7020,0.9080,0.9510,4.5700
2024.41257,2024-05-30,-200.7690,514.2360,73.8040,0.9260,1.0330,4.6880
2024.41530,2024-05-31,-198.5450,516.5540,78.8990,0.9420,1.0260,4.6130
2024.41803,2024-06-01,-199.8350,516.7390,72.8140,0.9200,0.9810,4.5470
2024.42077,2024-06-02,-199.3580,519.2720,76.7640,0.9390,1.0510,4.8110
2024.42350,2024-06-03,-198.7650,518.7110,70.2210,0.8970,0.9580,4.4790
2024.42623,2024-06-04,-198.9170,518.1950,67.1980,0.9030,0.9530,4.4770
2024.42896,2024-06-05,-198.9260,517.5330,67.8490,0.9310,0.9890,4.6100
2024.43169,2024-06-06,-199.5850,517.7980,66.1410,0.9390,0.9920,4.7490
2024.43443,2024-06-07,-201.3050,518.6930,60.2690,0.9250,1.0270,4.6980
2024.43716,2024-06-08,-198.2820,516.1140,74.8950,0.9040,1.0210,4.6170
2024.43989,2024-06-09,-199.6300,518.6400,64.5770,0.9140,0.9560,4.6870
2024.44262,2024-06-10,-201.6690,519.7750,72.3700,0.9030,0.9680,4.5410
2024.44536,2024-06-11,-202.7780,522.5390,74.9930,0.9020,0.9730,4.6550
2024.44809,2024-06-12,-202.9930,521.7490,71.5250,0.9150,0.9790,4.6980
2024.45082,2024-06-13,-199.6180,520.7480,69.1220,0.9100,0.9700,4.5970
2024.45355,2024-06-14,-200.0720,521.3590,74.4000,0.9980,1.0710,4.9500
2024.45628,2024-06-15,-201.4120,521.6210,77.2310,0.9500,0.9930,4.7930
2024.45902,2024-06-16,-197.9510,522.4050,70.8220,0.8960,0.9920,4.5460
2024.46175,2024-06-17,-200.5180,523.3390,71.9990,0.9000,0.9760,4.5740
2024.46448,2024-06-18,-201.0630,520.1820,74.8380,0.9130,1.0320,4.6850
2024.46721,2024-06-19,-201.3850,520.8870,71.2520,0.9200,1.0170,4.7550
2024.46995,2024-06-20,-200.9330,521.6640,69.1780,0.9220,1.0230,4.7660
2024.47268,2024-06-21,-202.8270,520.1790,76.4870,0.9400,1.0230,4.8050
2024.47541,2024-06-22,-201.6440,519.5550,67.7770,0.9000,1.0010,4.6650
2024.47814,2024-06-23,-200.9940,521.6160,71.8120,0.9170,0.9940,4.6880
2024.48087,2024-06-24,-202.5110,520.0310,76.6060,0.9370,1.0030,4.8510
2024.48634,2024-06-26,-204.3250,521.2970,63.0920,0.8940,0.9780,4.5500
2024.48907,2024-06-27,-202.6090,518.6180,69.7600,0.9320,0.9930,4.9330
2024.49180,2024-06-28,-202.1170,521.8280,70.9610,1.0180,1.0730,5.3150
2024.49454,2024-06-29,-203.7210,521.7720,84.2940,0.9420,1.0170,4.9740
2024.49727,2024-06-30,-203.7900,523.5970,74.1840,0.9480,0.9750,4.8300
2024.50000,2024-07-01,-201.4330,523.9250,63.9490,0.9200,0.9740,4.6450
2024.50546,2024-07-03,-203.2390,520.4440,65.7980,0.9240,1.0070,4.7110
2024.50820,2024-07-04,-204.4240,523.8880,71.7240,0.9150,1.0030,4.7060
2024.51093,2024-07-05,-200.8440,525.6460,75.4420,0.9510,1.0320,4.8430
2024.51366,2024-07-06,-204.3830,521.0470,75.5100,0.9910,1.0450,5.0770
2024.51913,2024-07-08,-206.0910,521.6840,78.0730,0.9270,1.0070,4.8310
2024.52459,2024-07-10,-203.5940,524.3010,76.5530,0.9220,1.0180,4.7980
2024.52732,2024-07-11,-204.4590,523.7650,70.9400,0.9060,0.9970,4.6770
2024.53005,2024-07-12,-203.9310,522.6150,80.5340,0.9060,0.9970,4.7650
2024.53279,2024-07-13,-199.5640,524.5250,84.8890,0.9790,1.1030,5.0990
2024.53552,2024-07-14,-200.9490,520.2220,63.0580,0.9130,1.0070,4.7190
2024.53825,2024-07-15,-203.9390,524.8510,73.2490,0.9270,1.0090,4.8480
2024.54098,2024-07-16,-201.9490,530.3370,87.0850,0.9250,1.0200,4.7690
2024.54372,2024-07-17,-204.4090,527.0260,66.6910,0.9480,1.0490,5.0090
2024.54645,2024-07-18,-198.5230,524.6010,73.8290,0.9040,0.9860,4.6770
2024.55191,2024-07-20,-204.1050,523.3680,69.1680,0.9230,1.0150,4.9030
2024.55464,2024-07-21,-200.2130,522.0540,77.8650,0.9400,1.0480,4.9550
2024.55738,2024-07-22,-207.0760,523.3510,77.9590,0.9190,1.0270,4.8160
2024.56011,2024-07-23,-204.5590,523.7390,75.2030,0.9350,1.0230,4.9380
2024.56831,2024-07-26,-199.8940,527.7650,69.4480,0.9300,1.0110,4.8270
2024.57104,2024-07-27,-200.8770,525.0700,57.2880,0.8840,0.9940,4.5470
2024.57377,2024-07-28,-204.3400,526.1930,58.8960,0.9320,0.9810,4.6780
2024.57650,2024-07-29,-204.9060,526.5790,68.9860,0.9160,1.0320,4.8100
2024.57923,2024-07-30,-208.2390,528.7470,64.6990,0.9450,1.0190,4.7710
2024.58197,2024-07-31,-205.0670,527.5840,55.2970,0.9130,0.9890,4.6360
2024.58470,2024-08-01,-203.5980,524.0680,63.3900,0.9000,0.9620,4.5070
2024.58743,2024-08-02,-204.6500,528.8190,64.8920,0.9020,0.9730,4.6300
2024.59016,2024-08-03,-204.6460,526.9470,64.5780,0.8870,0.9340,4.4700
2024.59563,2024-08-05,-205.5140,522.8730,75.9360,0.9260,0.9990,4.7070
2024.59836,2024-08-06,-204.3240,523.6710,81.7410,0.9800,1.0490,4.9400
2024.60109,2024-08-07,-204.1480,522.1530,84.7710,1.0730,2.0940,5.4200
2024.60383,2024-08-08,-201.7560,523.4790,77.3450,1.1350,2.2500,5.7010
