datetime,gpsdate,dN,dE,dU,sN,sE,sU
2010.00548,2010-01-02,-39.9930,86.9160,-103.5910,0.8600,0.9130,3.7700
2010.00822,2010-01-03,-41.0750,85.8900,-105.3650,0.8410,0.8990,3.6530
2010.01096,2010-01-04,-41.0320,87.0550,-106.3490,0.8380,0.8790,3.6690
2010.01370,2010-01-05,-40.1190,87.4890,-105.6660,0.8360,0.8860,3.6530
2010.01644,2010-01-06,-41.6160,88.7390,-111.1900,0.8430,0.8910,3.6980
2010.01918,2010-01-07,-39.9900,86.8740,-110.0560,0.8490,0.9060,3.7080
2010.02192,2010-01-08,-40.4650,87.5380,-111.4930,0.8470,0.9000,3.7310
2010.02466,2010-01-09,-41.3960,86.4640,-109.6590,0.8440,0.9020,3.6990
2010.02740,2010-01-10,-39.4840,85.4520,-110.0480,0.8420,0.8950,3.7160
2010.03014,2010-01-11,-39.9430,85.6620,-105.2290,0.8460,0.8890,3.6720
2010.03288,2010-01-12,-42.1440,88.1520,-100.8360,0.8590,0.9170,3.7900
2010.03562,2010-01-13,-42.9930,87.8680,-107.4100,0.8530,0.8930,3.7420
2010.03836,2010-01-14,-43.3080,87.2580,-114.0120,0.8600,0.9320,3.8530
2010.04110,2010-01-15,-42.2170,87.8490,-113.1880,0.8330,0.9140,3.7310
2010.04384,2010-01-16,-41.5560,89.1870,-111.4260,0.8400,0.8940,3.7600
2010.04658,2010-01-17,-44.7700,89.3910,-112.9930,0.8440,0.8900,3.7290
2010.04932,2010-01-18,-42.8220,87.6000,-110.9650,0.8380,0.8890,3.6780
2010.05205,2010-01-19,-43.4590,88.4660,-109.5260,0.8510,0.9000,3.7390
2010.05479,2010-01-20,-40.5070,88.0800,-112.0290,0.8800,0.9200,3.8420
2010.05753,2010-01-21,-42.7180,89.1670,-106.7390,1.0360,1.1570,4.6640
2010.06027,2010-01-22,-45.0340,91.1450,-107.8360,0.8340,0.8870,3.6700
2010.06301,2010-01-23,-43.8230,89.3440,-113.6450,0.8370,0.8790,3.6400
2010.06575,2010-01-24,-44.1410,89.1220,-110.6390,0.8400,0.9050,3.7520
2010.06849,2010-01-25,-42.8540,87.8800,-111.1680,0.8390,0.8860,3.7110
2010.07123,2010-01-26,-44.3360,88.5140,-113.7560,0.9250,1.0170,4.0840
2010.07397,2010-01-27,-45.1990,91.3130,-118.9100,0.8500,0.9160,3.7130
2010.07671,2010-01-28,-44.7960,89.8590,-111.9320,0.8420,0.8970,3.7310
2010.07945,2010-01-29,-45.3610,91.2760,-116.7950,0.8340,0.8760,3.6230
2010.08219,2010-01-30,-44.7550,88.1220,-114.2050,0.8420,0.8850,3.7430
2010.08493,2010-01-31,-43.8390,91.0210,-119.7990,0.8290,0.8810,3.6240
2010.08767,2010-02-01,-44.3970,90.2230,-115.7630,0.8290,0.8820,3.6280
2010.09041,2010-02-02,-44.2940,90.0480,-118.9440,0.8550,0.8870,3.7070
2010.09315,2010-02-03,-43.8420,90.5380,-119.8110,0.8360,0.8970,3.7080
2010.09589,2010-02-04,-42.6440,88.6620,-117.4550,0.8560,0.9050,3.7680
2010.09863,2010-02-05,-46.1000,90.0180,-119.1700,0.8650,0.9080,3.7980
2010.10137,2010-02-06,-43.8600,91.5870,-113.4510,0.8530,0.9050,3.8340
2010.10411,2010-02-07,-42.2420,90.6240,-120.6560,0.8750,0.9040,3.8880
2010.10685,2010-02-08,-45.8380,94.2830,-114.6870,0.8800,0.9460,3.9660
2010.10959,2010-02-09,-42.9040,90.9260,-126.6750,0.8920,0.9270,3.9610
2010.11233,2010-02-10,-42.7980,93.4840,-122.0140,0.8980,0.9820,4.0600
2010.11781,2010-02-12,-40.2990,91.8320,-125.5890,0.8690,0.9140,3.9340
2010.12055,2010-02-13,-42.9670,92.5680,-127.5830,0.8330,0.8950,3.7350
2010.12329,2010-02-14,-40.6210,90.0610,-134.7530,0.8470,0.8930,3.7640
2010.12603,2010-02-15,-41.5020,92.8520,-127.8150,0.8760,0.9390,3.8990
2010.12877,2010-02-16,-41.9030,92.0860,-130.6480,0.8860,0.9310,3.9780
2010.13151,2010-02-17,-45.1900,92.4350,-123.0740,0.8570,0.9090,3.7820
2010.13425,2010-02-18,-45.3210,92.8310,-128.1470,0.8430,0.9030,3.7110
2010.13699,2010-02-19,-44.3210,92.7200,-125.5510,0.8560,0.9190,3.7880
2010.13973,2010-02-20,-44.3960,92.5960,-122.7380,0.8340,0.8710,3.6340
2010.14247,2010-02-21,-41.3600,94.5180,-125.1770,0.8280,0.8680,3.6210
2010.14521,2010-02-22,-44.4970,94.8330,-123.0880,0.8630,0.8980,3.7740
2010.14795,2010-02-23,-46.1930,95.0370,-118.6270,0.8860,0.9170,3.8770
2010.15068,2010-02-24,-44.6330,96.6060,-120.1460,0.8850,0.9380,3.9410
2010.15342,2010-02-25,-41.9530,90.5640,-127.2730,0.8810,0.9470,3.9860
2010.15616,2010-02-26,-42.4950,93.6750,-124.7760,0.8520,0.8900,3.7730
2010.15890,2010-02-27,-42.7300,94.5310,-130.9290,0.8800,0.9110,3.8910
2010.16164,2010-02-28,-43.1150,92.2600,-127.5830,0.8310,0.8640,3.6210
2010.16438,2010-03-01,-41.6580,93.3790,-130.6730,0.8410,0.8840,3.7170
2010.16712,2010-03-02,-44.6690,92.7380,-127.8890,0.8800,0.9090,3.8480
2010.16986,2010-03-03,-44.3380,93.1620,-126.5940,0.8540,0.8830,3.7490
2010.17260,2010-03-04,-44.0750,95.5490,-129.3140,0.8610,0.9000,3.8040
2010.17534,2010-03-05,-44.5330,94.2120,-125.1820,0.8420,0.8990,3.7010
2010.17808,2010-03-06,-42.4190,94.8680,-129.8990,0.8630,0.8950,3.7550
2010.18082,2010-03-07,-42.8280,94.1380,-136.9950,0.8430,0.8940,3.6880
2010.18356,2010-03-08,-42.4180,94.7480,-139.6110,0.8530,0.8910,3.7340
2010.18630,2010-03-09,-43.8850,94.5230,-136.0430,0.8320,0.8570,3.6040
2010.18904,2010-03-10,-43.9980,93.4370,-131.5560,0.8410,0.8740,3.6860
2010.19178,2010-03-11,-44.3550,96.3690,-137.2660,0.8370,0.8750,3.6380
2010.19452,2010-03-12,-44.4550,93.9860,-123.0340,0.8810,0.9090,3.8520
2010.19726,2010-03-13,-44.1260,94.1330,-133.4720,0.8610,0.8930,3.7410
2010.20000,2010-03-14,-44.7190,96.5250,-127.2250,0.8460,0.8690,3.6540
2010.20274,2010-03-15,-43.1700,95.7330,-129.0460,0.8500,0.8840,3.7150
2010.20548,2010-03-16,-42.4880,93.8110,-136.1120,0.8680,0.9040,3.8220
2010.20822,2010-03-17,-45.2760,96.6410,-136.7200,0.8520,0.8950,3.7230
2010.21096,2010-03-18,-42.9850,96.1390,-136.5690,0.8460,0.8720,3.6290
2010.21370,2010-03-19,-43.6400,96.9830,-132.6150,0.8470,0.8740,3.6800
2010.21644,2010-03-20,-44.7110,97.3210,-126.7470,0.8750,0.8920,3.7690
2010.21918,2010-03-21,-44.8090,95.3810,-133.1130,0.8510,0.8840,3.6990
2010.22192,2010-03-22,-45.1370,97.2620,-132.2050,0.8830,0.9040,3.8220
2010.22466,2010-03-23,-45.0450,96.6370,-134.9170,0.8980,0.9070,3.8830
2010.22740,2010-03-24,-41.8030,95.2530,-142.5750,0.8720,0.9030,3.7520
2010.23014,2010-03-25,-44.2060,96.3320,-128.5410,0.8680,0.8950,3.8060
2010.23288,2010-03-26,-44.5570,95.3340,-140.6380,0.8720,0.8900,3.7430
2010.23562,2010-03-27,-44.4570,97.7630,-145.7520,0.8920,0.9090,3.8670
2010.23836,2010-03-28,-45.0240,96.6830,-139.8800,0.8810,0.8980,3.7750
2010.24110,2010-03-29,-47.1660,95.1620,-142.7490,0.8780,0.8900,3.7830
2010.24384,2010-03-30,-45.1430,93.9500,-147.3930,0.9160,0.9750,3.9810
2010.24658,2010-03-31,-45.9940,96.2630,-146.0890,0.8820,0.8990,3.7870
2010.24932,2010-04-01,-46.0670,96.1380,-135.2650,0.8670,0.8920,3.6930
2010.25205,2010-04-02,-45.4830,94.9660,-143.3320,0.9030,0.9190,3.9260
2010.25479,2010-04-03,-44.5890,94.8250,-152.9330,0.8810,0.8980,3.7800
2010.25753,2010-04-04,-46.2410,97.1810,-136.5680,0.8780,0.8930,3.7450
2010.26027,2010-04-05,-45.3930,98.1000,-140.6010,0.8790,0.9100,3.8410
2010.26301,2010-04-06,-47.4330,96.8640,-145.5850,0.9400,0.9520,4.2030
2010.26575,2010-04-07,-45.7910,98.2260,-143.4640,0.8820,0.8900,3.7570
2010.26849,2010-04-08,-47.0070,100.5770,-141.1490,0.9070,0.9360,4.0340
2010.27123,2010-04-09,-45.7830,98.0310,-138.8860,0.8980,0.9270,3.9110
2010.27397,2010-04-10,-44.7900,97.4390,-142.3800,0.9100,0.9620,3.9690
2010.27671,2010-04-11,-45.3400,99.5350,-143.3460,0.8960,0.9360,3.9020
2010.27945,2010-04-12,-45.1350,95.7820,-146.1810,0.8830,0.9050,3.7700
2010.28219,2010-04-13,-43.0220,94.3250,-144.0600,0.8720,0.8830,3.7160
2010.28493,2010-04-14,-44.0720,97.9670,-146.9840,0.9050,0.9390,3.8820
2010.28767,2010-04-15,-44.7900,96.9330,-148.6690,0.9140,0.9420,3.9480
2010.29041,2010-04-16,-45.5070,96.6370,-146.8240,0.8740,0.8940,3.7380
2010.29315,2010-04-17,-43.7110,94.3840,-149.4810,0.8660,0.9000,3.7200
2010.29589,2010-04-18,-43.9250,97.2060,-147.4780,0.8850,0.9190,3.8930
2010.29863,2010-04-19,-43.8740,96.7870,-141.4730,0.8790,0.8980,3.7530
2010.30137,2010-04-20,-44.5480,96.5640,-152.8020,0.8910,0.9320,3.9250
2010.30411,2010-04-21,-44.5380,97.7180,-159.2690,0.9070,0.9270,4.0920
2010.30685,2010-04-22,-45.5440,95.3140,-156.2720,0.9180,0.9670,3.9890
2010.30959,2010-04-23,-44.9260,97.4860,-151.2330,0.8810,0.8980,3.8380
2010.31233,2010-04-24,-43.5400,97.5270,-147.8940,0.8750,0.8870,3.7280
2010.31507,2010-04-25,-44.7320,97.3080,-154.0420,0.8650,0.8900,3.7190
2010.31781,2010-04-26,-42.9800,96.0770,-149.8830,0.8620,0.8820,3.6580
2010.32055,2010-04-27,-43.5580,97.0160,-146.2600,0.8820,0.8780,3.7010
2010.32329,2010-04-28,-46.7960,95.8090,-146.4940,0.8880,0.9020,3.7620
2010.32603,2010-04-29,-46.0520,95.9950,-152.2050,0.9250,0.9320,3.9860
2010.32877,2010-04-30,-44.8280,97.0000,-151.7640,0.8850,0.8820,3.7240
2010.33151,2010-05-01,-45.9970,96.7420,-155.2850,0.8580,0.8740,3.6080
2010.33699,2010-05-03,-47.8350,95.6590,-142.7550,0.8820,0.8930,3.7060
2010.33973,2010-05-04,-49.1040,98.4260,-141.5870,0.8660,0.8860,3.6870
2010.34247,2010-05-05,-47.1880,97.2320,-149.1310,0.8730,0.8910,3.7320
2010.34521,2010-05-06,-46.9490,98.5720,-141.4010,0.8610,0.8890,3.7500
2010.34795,2010-05-07,-46.3260,98.0660,-150.0380,0.8840,0.8790,3.7000
2010.35068,2010-05-08,-44.3280,98.7280,-144.0270,0.8610,0.8720,3.6900
2010.35342,2010-05-09,-43.0520,97.6450,-146.0540,0.8770,0.8940,3.7610
2010.35616,2010-05-10,-45.1180,97.7990,-154.0640,0.8790,0.8880,3.7520
2010.35890,2010-05-11,-47.5720,100.1020,-150.7700,0.8710,0.8730,3.6800
2010.36164,2010-05-12,-46.3060,98.5340,-157.8550,0.8740,0.8890,3.7490
2010.36438,2010-05-13,-47.1540,100.0600,-157.4340,0.8660,0.8790,3.6730
2010.36712,2010-05-14,-47.4720,99.4970,-155.8690,0.9300,0.9180,3.8650
2010.36986,2010-05-15,-47.9260,98.5570,-156.8090,0.9300,0.9070,4.0120
2010.37260,2010-05-16,-47.8870,101.2130,-157.2110,0.8820,0.8920,3.7920
2010.37534,2010-05-17,-49.1300,99.0500,-159.8680,0.8660,0.8840,3.6750
2010.37808,2010-05-18,-49.8370,99.6940,-157.2720,0.8790,0.9040,3.7740
2010.38082,2010-05-19,-48.0880,98.1990,-160.2170,0.9380,0.9570,4.1890
2010.38356,2010-05-20,-49.7310,97.9230,-162.6320,0.9320,0.9390,4.1330
2010.38630,2010-05-21,-49.1570,100.4520,-162.7970,0.9150,0.9530,4.0670
2010.38904,2010-05-22,-47.9580,99.9350,-159.1390,0.9030,0.9450,3.9650
2010.39178,2010-05-23,-47.7350,100.4900,-172.1020,0.9470,1.0110,4.2900
2010.39452,2010-05-24,-48.8100,101.6550,-161.1750,0.8830,0.9300,3.9460
2010.39726,2010-05-25,-48.5460,101.2370,-164.0420,0.8860,0.9280,3.9450
2010.40000,2010-05-26,-47.6010,101.0410,-166.5420,0.9040,0.9530,3.9720
2010.40274,2010-05-27,-46.6240,99.5400,-158.2180,0.8790,0.9180,3.8450
2010.40548,2010-05-28,-46.0530,97.1090,-167.6140,0.8820,0.9180,3.8970
2010.40822,2010-05-29,-46.3820,99.0600,-158.9130,0.8840,0.9210,3.8380
2010.41096,2010-05-30,-46.7960,98.4330,-162.6810,0.8710,0.9060,3.7690
2010.41370,2010-05-31,-49.1090,100.4700,-161.3930,0.8700,0.9110,3.7950
2010.41644,2010-06-01,-48.6460,100.6150,-159.1170,0.8800,0.9110,3.8350
2010.41918,2010-06-02,-48.9410,100.1550,-157.7660,0.8840,0.8920,3.8020
2010.42740,2010-06-05,-49.2150,103.0720,-155.5030,0.8760,0.8930,3.7270
2010.43014,2010-06-06,-46.4890,102.0970,-158.8250,0.8790,0.9240,3.8340
2010.43288,2010-06-07,-47.3480,101.0780,-159.8140,0.8820,0.9070,3.7860
2010.43562,2010-06-08,-47.0000,100.5220,-157.7130,0.8820,0.9140,3.8340
2010.43836,2010-06-09,-49.1270,101.1970,-150.7590,0.8800,0.9220,3.7970
2010.44110,2010-06-10,-47.6890,100.2710,-154.4160,0.8830,0.9290,3.8230
2010.44384,2010-06-11,-48.3720,101.1880,-156.4690,0.8890,0.9310,3.8260
2010.44658,2010-06-12,-48.8230,102.2980,-158.6200,0.8800,0.9070,3.7550
2010.47123,2010-06-21,-44.9410,99.8110,-149.2920,0.9500,1.0370,4.2000
2010.47397,2010-06-22,-48.3380,101.4310,-156.4840,0.8990,0.9640,3.9450
2010.47671,2010-06-23,-47.9440,102.0710,-150.8560,0.8820,0.9190,3.8170
2010.47945,2010-06-24,-45.8840,102.0580,-157.7710,0.9520,0.9920,4.0900
2010.48219,2010-06-25,-47.3540,100.9130,-152.3280,0.9500,1.0090,3.9970
2010.48493,2010-06-26,-48.5050,102.4590,-150.7080,0.9140,0.9470,3.9470
2010.48767,2010-06-27,-49.7500,101.4860,-148.5650,0.9280,0.9820,4.0440
2010.49041,2010-06-28,-48.6260,101.3560,-148.8890,0.9300,0.9820,4.1120
2010.49315,2010-06-29,-46.5950,101.0230,-158.3510,0.8980,0.9500,3.8760
2010.52329,2010-07-10,-49.1580,104.4960,-152.5860,0.8990,0.9490,3.9000
2010.52603,2010-07-11,-49.9800,105.5360,-150.4680,0.8970,0.9430,3.9380
2010.52877,2010-07-12,-48.1100,104.6680,-150.6940,0.9140,0.9880,4.0920
2010.53151,2010-07-13,-49.4640,101.3520,-149.9330,0.9020,0.9610,3.9550
2010.53425,2010-07-14,-47.2890,104.7590,-158.7210,0.9060,1.0020,4.0840
2010.53699,2010-07-15,-52.0870,104.7000,-158.6330,0.8980,0.9720,4.0050
2010.53973,2010-07-16,-49.0640,104.6010,-166.1840,0.8970,0.9630,3.9030
2010.54247,2010-07-17,-51.5450,105.3570,-168.6440,0.9100,1.0280,4.0730
2010.54521,2010-07-18,-49.9680,107.6560,-156.9940,0.8800,0.9590,3.9500
2010.54795,2010-07-19,-47.9960,104.7630,-171.7960,0.8780,0.9440,3.8180
2010.55068,2010-07-20,-48.9500,105.6440,-166.0560,0.9400,1.0460,4.1920
2010.55342,2010-07-21,-50.2470,107.3930,-150.5230,0.9330,1.0020,4.2300
2010.55616,2010-07-22,-46.9220,104.1140,-156.0350,0.9090,0.9560,3.9850
2010.55890,2010-07-23,-51.4000,103.6770,-158.8940,0.9130,0.9610,4.0770
2010.56164,2010-07-24,-50.8310,109.3430,-153.5130,0.9130,0.9820,4.0880
2010.56438,2010-07-25,-51.3880,103.5820,-169.1470,0.9030,0.9720,3.9920
2010.56712,2010-07-26,-47.8130,104.1790,-162.4390,0.9000,0.9540,3.9700
2010.56986,2010-07-27,-49.8820,103.5450,-144.3370,0.9080,0.9680,3.9880
2010.57260,2010-07-28,-51.0540,104.5600,-168.3190,0.8980,0.9780,3.9670
2010.57534,2010-07-29,-51.1580,105.4310,-164.1640,0.9090,0.9500,3.8510
2010.57808,2010-07-30,-51.4540,105.4400,-160.1070,0.9120,0.9730,3.9350
2010.58082,2010-07-31,-52.3800,103.8740,-167.7130,0.8850,0.9250,3.8370
2010.58356,2010-08-01,-49.9660,101.7550,-168.8620,0.8930,0.9590,3.9330
2010.58630,2010-08-02,-49.8370,104.9550,-163.3670,0.8940,0.9490,3.9290
2010.60548,2010-08-09,-48.6450,106.1750,-166.3790,1.0610,1.1110,4.5720
2010.60822,2010-08-10,-50.1500,104.4840,-158.0640,0.9020,0.9830,4.0060
2010.61096,2010-08-11,-49.0760,105.1350,-158.3370,0.9240,0.9520,4.0800
2010.61370,2010-08-12,-50.1270,107.0690,-161.3150,0.9210,0.9960,4.0690
2010.61644,2010-08-13,-47.8400,106.8610,-164.6740,0.9170,0.9630,4.0400
2010.61918,2010-08-14,-50.9010,105.1610,-155.4470,0.9030,0.9730,4.1070
2010.62466,2010-08-16,-52.2540,106.4320,-157.0280,0.9270,1.0110,4.1340
2010.62740,2010-08-17,-52.1180,109.0350,-157.9940,0.9030,0.9610,4.0800
2010.63014,2010-08-18,-52.2970,108.3960,-166.5680,0.9050,0.9670,3.9610
2010.63288,2010-08-19,-49.4770,104.9130,-169.5600,0.9100,0.9590,3.9720
2010.63562,2010-08-20,-50.9370,105.8890,-163.1470,0.9000,0.9350,3.9650
2010.63836,2010-08-21,-48.1940,104.1540,-158.6970,0.9010,0.9410,4.0100
2010.64110,2010-08-22,-49.7640,104.0050,-163.5590,0.9120,0.9450,4.0000
2010.64384,2010-08-23,-52.3510,106.5850,-164.9510,0.9250,1.0170,4.2580
2010.64658,2010-08-24,-47.8800,101.5980,-157.2550,0.9720,1.0360,4.4620
2010.64932,2010-08-25,-50.2640,108.0360,-154.1450,0.9160,1.0140,4.1410
2010.65205,2010-08-26,-46.5310,108.1140,-159.7110,0.9110,0.9720,4.0620
2010.65479,2010-08-27,-50.2010,104.3600,-175.2220,0.9320,0.9510,4.1370
2010.65753,2010-08-28,-49.9390,106.0710,-156.5970,0.8810,0.9520,3.9470
2010.66027,2010-08-29,-51.5520,105.1420,-161.0730,0.8860,0.9460,3.9460
2010.66301,2010-08-30,-50.2890,107.6870,-178.0760,0.8960,0.9560,4.0030
2010.66575,2010-08-31,-52.1910,106.8920,-167.8530,0.8970,0.9460,3.9760
2010.66849,2010-09-01,-49.9220,107.0950,-159.0400,0.8600,0.9240,3.8230
2010.67123,2010-09-02,-49.9240,107.7920,-164.4120,0.8770,0.9400,3.9140
2010.67397,2010-09-03,-49.8610,109.5640,-156.5560,0.8890,0.9860,3.9950
2010.67671,2010-09-04,-49.0910,110.0060,-167.4480,0.9040,0.9690,4.1190
2010.67945,2010-09-05,-50.3100,107.6490,-155.4200,0.8810,0.9250,3.8830
2010.68219,2010-09-06,-49.2100,108.7280,-158.0840,0.8740,0.9320,3.9220
2010.68493,2010-09-07,-48.3900,106.2690,-152.4660,0.8750,0.9400,3.9250
2010.68767,2010-09-08,-48.4520,108.8950,-158.8510,0.8990,0.9670,4.0160
2010.69041,2010-09-09,-49.7070,106.8060,-151.1990,0.8950,0.9660,4.0720
2010.69315,2010-09-10,-49.8070,111.5120,-150.8680,0.8960,0.9760,4.1000
2010.69589,2010-09-11,-48.4890,108.1050,-156.5170,0.9240,0.9940,4.1630
2010.69863,2010-09-12,-49.0630,110.0540,-152.0060,0.8770,0.9610,3.9670
2010.70137,2010-09-13,-49.1270,108.9520,-164.8660,0.8680,0.9370,3.8270
2010.70411,2010-09-14,-51.0050,109.4780,-159.0720,0.8950,0.9640,4.0360
2010.70685,2010-09-15,-46.8710,108.9430,-159.1870,0.8780,0.9330,3.9330
2010.70959,2010-09-16,-49.0780,110.2300,-156.2140,0.8980,0.9810,4.0190
2010.71233,2010-09-17,-50.5050,110.4100,-153.4950,0.9040,0.9610,4.0480
2010.71507,2010-09-18,-50.9850,113.8310,-140.0760,0.9850,1.0140,4.4960
2010.71781,2010-09-19,-50.5400,108.6620,-155.3880,0.9260,1.0070,4.3890
2010.72055,2010-09-20,-50.3980,109.6120,-169.4410,0.9310,0.9980,4.3870
2010.72329,2010-09-21,-46.6270,107.8960,-158.4890,0.8970,0.9620,4.0430
2010.72603,2010-09-22,-48.9580,107.5660,-160.4050,0.8990,0.9500,4.1100
2010.72877,2010-09-23,-50.9360,110.7260,-159.0250,0.8890,0.9510,3.9750
2010.73151,2010-09-24,-50.2550,108.0760,-159.8920,0.8800,0.9210,3.8890
2010.73425,2010-09-25,-49.7060,109.9460,-168.4910,0.8790,0.9500,3.9290
2010.73699,2010-09-26,-49.1310,109.3820,-158.8850,0.8810,0.9430,3.8940
2010.73973,2010-09-27,-50.9810,109.9710,-164.0150,0.8930,0.9720,3.9360
2010.74247,2010-09-28,-52.1940,109.6560,-167.9810,0.8840,0.9910,3.8980
2010.74521,2010-09-29,-50.2410,109.8820,-153.3930,0.9080,0.9930,4.0430
2010.74795,2010-09-30,-47.0620,108.9250,-164.2710,0.8900,0.9740,4.0200
2010.75068,2010-10-01,-47.1910,110.7100,-167.5410,0.9570,0.9820,4.1510
2010.75342,2010-10-02,-51.0710,110.8860,-163.7100,0.9050,0.9670,3.9940
2010.75616,2010-10-03,-49.6610,111.0540,-167.5730,0.9230,0.9600,4.0430
2010.75890,2010-10-04,-48.6790,110.7710,-167.6680,0.8940,0.9480,4.0290
2010.76164,2010-10-05,-49.1280,110.9270,-166.7700,0.8810,0.9330,3.8880
2010.76438,2010-10-06,-50.7880,110.9470,-166.1270,0.9020,0.9470,3.9810
2010.76712,2010-10-07,-52.3960,112.0060,-174.1600,0.8760,0.9370,3.9590
2010.76986,2010-10-08,-52.5000,110.7860,-158.1410,0.8730,0.9470,3.8800
2010.77260,2010-10-09,-49.4040,110.8830,-166.5570,0.8690,0.9210,3.8180
2010.77534,2010-10-10,-50.6240,113.1930,-166.1480,0.8800,0.9430,3.9180
2010.77808,2010-10-11,-50.7050,111.8280,-173.0940,0.9030,0.9370,3.9180
2010.78082,2010-10-12,-51.6830,111.5240,-174.1740,0.8920,0.9270,3.9730
2010.78356,2010-10-13,-52.1840,113.1650,-170.8680,0.8990,0.9710,4.0210
2010.78630,2010-10-14,-50.8000,113.0480,-173.9200,0.8720,0.9320,3.8900
2010.78904,2010-10-15,-51.1760,112.5310,-166.5100,0.8930,0.9350,4.0830
2010.79178,2010-10-16,-49.7450,112.3980,-168.9550,0.8570,0.9390,3.8180
2010.79452,2010-10-17,-47.4250,110.6330,-171.4410,0.8830,0.9590,4.0040
2010.79726,2010-10-18,-50.7400,111.5920,-176.9310,0.8870,0.9670,3.9660
2010.80000,2010-10-19,-52.1590,110.4630,-174.5260,0.8640,0.9480,3.8600
2010.80274,2010-10-20,-50.3300,112.4020,-174.1180,0.8710,0.9400,3.9500
2010.80548,2010-10-21,-46.0980,113.9250,-168.2750,0.8870,0.9920,4.0490
2010.80822,2010-10-22,-45.7740,109.8080,-185.0080,0.8750,0.9620,3.9820
2010.81096,2010-10-23,-48.3570,111.9380,-173.5380,0.9020,1.0080,4.1810
2010.81370,2010-10-24,-52.4250,112.1870,-177.1930,0.8570,0.9430,3.8310
2010.81644,2010-10-25,-49.6190,112.7680,-180.6220,0.8520,0.9330,3.8290
2010.81918,2010-10-26,-48.0800,110.2800,-181.3800,0.8580,0.9470,3.9100
2010.82192,2010-10-27,-48.4940,109.9290,-178.7330,0.8620,0.9400,3.8940
2010.82466,2010-10-28,-51.9640,111.1470,-177.5530,0.8570,0.9370,3.9340
2010.82740,2010-10-29,-49.5390,111.4410,-181.6990,0.8500,0.9300,3.7900
2010.83014,2010-10-30,-49.9880,110.4800,-184.2680,0.8360,0.8930,3.6710
2010.83288,2010-10-31,-51.7860,112.4040,-183.7660,0.8610,0.9290,3.7550
2010.83562,2010-11-01,-49.0760,111.8080,-185.8430,0.8850,0.9240,3.8420
2010.83836,2010-11-02,-50.6720,111.0600,-190.8360,0.8430,0.9230,3.7450
2010.84110,2010-11-03,-53.1830,111.6530,-189.0140,0.8800,0.9620,4.0170
2010.84384,2010-11-04,-53.1370,112.6910,-181.2830,0.8630,0.9510,3.9090
2010.84658,2010-11-05,-53.9550,113.7570,-176.0440,0.8660,0.9320,3.9010
2010.84932,2010-11-06,-50.8650,111.4740,-174.2390,0.8530,0.9410,3.8890
2010.85205,2010-11-07,-52.5670,112.1290,-181.1240,0.8850,0.9660,3.9960
2010.85479,2010-11-08,-52.8980,111.8660,-178.9010,0.8780,0.9520,4.0160
2010.85753,2010-11-09,-51.0630,113.7390,-185.2890,0.8660,0.9390,3.9490
2010.86027,2010-11-10,-51.9420,112.0810,-179.7060,0.8680,0.9450,3.9110
2010.86301,2010-11-11,-50.5750,112.2550,-176.2580,0.8650,0.9350,3.9490
2010.86575,2010-11-12,-51.3370,114.2180,-176.8680,0.8600,0.9550,3.9350
2010.86849,2010-11-13,-54.2260,114.8600,-178.6130,0.8470,0.9250,3.8190
2010.87123,2010-11-14,-51.1640,113.5900,-172.9210,0.8510,0.9370,3.8850
2010.87397,2010-11-15,-52.8200,113.6660,-175.9480,0.8460,0.9280,3.8370
2010.87671,2010-11-16,-53.0850,112.4680,-178.1540,0.8610,0.9460,3.9150
2010.87945,2010-11-17,-51.4650,114.4910,-170.8170,0.8530,0.9220,3.8320
2010.88219,2010-11-18,-52.1630,114.9490,-174.7930,0.8390,0.9340,3.7890
2010.88493,2010-11-19,-51.8260,111.8080,-171.8160,0.8600,0.9770,3.9330
2010.88767,2010-11-20,-51.4880,113.5830,-173.2960,0.8320,0.9230,3.7600
2010.89041,2010-11-21,-48.7020,112.7670,-174.7030,0.8880,0.9670,3.9600
2010.89315,2010-11-22,-51.4260,113.7640,-169.6570,0.8800,0.9710,3.9720
2010.89589,2010-11-23,-51.3350,114.1450,-170.1080,0.8380,0.9270,3.7840
2010.89863,2010-11-24,-51.5370,113.8110,-177.1770,0.8480,0.9450,3.8450
2010.90137,2010-11-25,-51.6450,115.6140,-181.0840,0.8530,0.9690,3.9440
2010.90411,2010-11-26,-50.8840,114.8920,-171.6580,0.8540,0.9460,3.8660
2010.90685,2010-11-27,-50.9790,113.1120,-175.9320,0.8560,0.9610,3.8820
2010.90959,2010-11-28,-51.2090,113.2330,-173.4020,0.8450,0.9380,3.8000
2010.91233,2010-11-29,-53.2040,115.2700,-177.1420,0.8600,0.9520,3.9120
2010.91507,2010-11-30,-53.4810,115.7270,-179.8130,0.8450,0.9530,3.8390
2010.91781,2010-12-01,-53.1850,116.4920,-175.1360,0.8550,0.9470,3.8680
2010.92055,2010-12-02,-53.2200,115.7320,-170.8750,0.8540,0.9570,3.9250
2010.92329,2010-12-03,-52.5870,113.9160,-167.8230,0.8600,0.9510,3.9250
2010.92603,2010-12-04,-52.3120,112.1910,-172.5790,0.8510,0.9390,3.8740
2010.92877,2010-12-05,-52.4760,115.8380,-172.0440,0.8500,0.9440,3.8960
2010.93151,2010-12-06,-50.9660,115.0300,-170.8360,0.8560,0.9730,3.9470
2010.93425,2010-12-07,-53.9320,116.5290,-166.2680,0.8510,0.9320,3.8670
2010.93699,2010-12-08,-55.9150,116.6890,-164.9460,0.8430,0.9180,3.7640
2010.93973,2010-12-09,-53.1760,116.3750,-167.5540,0.8500,0.9280,3.8320
2010.94247,2010-12-10,-54.1170,116.7920,-165.8040,0.8590,0.9580,3.9850
2010.94521,2010-12-11,-52.5300,116.3250,-172.2120,0.8550,0.9520,3.9240
2010.94795,2010-12-12,-53.7890,117.2010,-161.6250,0.8420,0.9370,3.8080
2010.95068,2010-12-13,-52.6960,114.8610,-171.3680,0.8530,0.9370,3.8950
2010.95342,2010-12-14,-51.9180,114.2940,-167.7980,0.8560,0.9550,3.9480
2010.95616,2010-12-15,-50.3700,113.7780,-164.9510,0.8630,0.9570,3.9430
2010.95890,2010-12-16,-53.4080,115.5320,-168.0780,0.8430,0.9310,3.8130
2010.96164,2010-12-17,-51.0610,116.0250,-164.1910,0.8690,0.9690,3.8770
2010.96438,2010-12-18,-55.0830,117.6710,-168.8050,0.8490,0.9310,3.8010
2010.96712,2010-12-19,-52.6850,115.1240,-168.6810,0.8480,0.9240,3.8080
2010.96986,2010-12-20,-53.4440,116.1050,-166.3730,0.8550,0.9220,3.8250
2010.97260,2010-12-21,-55.6560,116.6890,-158.0910,0.8460,0.9250,3.7970
2010.97534,2010-12-22,-52.5730,116.0850,-159.1360,0.8380,0.9210,3.8020
2010.97808,2010-12-23,-52.9150,116.5460,-167.3000,0.8480,0.9260,3.7900
2010.98082,2010-12-24,-51.1590,115.9140,-167.7420,0.8410,0.9240,3.7990
2010.98356,2010-12-25,-53.3320,114.5640,-169.5590,0.8480,0.9190,3.7910
2010.98630,2010-12-26,-52.5650,115.1260,-162.5450,0.8470,0.9270,3.8330
2010.98904,2010-12-27,-53.0370,115.8120,-165.1000,0.8490,0.9510,3.8590
2010.99178,2010-12-28,-54.4680,117.1550,-161.5680,0.8830,0.9620,4.0070
2010.99452,2010-12-29,-53.7370,118.9180,-155.8850,0.8870,0.9560,3.9960
2010.99726,2010-12-30,-51.4870,116.4370,-166.4830,0.8680,0.9360,3.8890
2011.00000,2010-12-31,-53.6610,116.6400,-168.5250,0.8480,0.9190,3.8290
2011.00274,2011-01-01,-51.2360,114.8260,-171.4810,0.8460,0.9320,3.8080
2011.00548,2011-01-02,-51.6220,117.2960,-166.9170,0.8520,0.9290,3.8520
2011.00822,2011-01-03,-52.0200,117.4510,-167.7810,0.8350,0.9170,3.7830
2011.01096,2011-01-04,-52.9040,117.7650,-167.8910,0.8510,0.9580,3.8350
2011.01370,2011-01-05,-52.5450,116.8000,-170.1780,0.8430,0.9190,3.8070
2011.01644,2011-01-06,-51.2890,115.7190,-173.3600,0.8380,0.9150,3.7780
2011.01918,2011-01-07,-50.4560,116.5350,-169.4850,0.8670,0.9320,3.9910
2011.02192,2011-01-08,-51.5180,117.0180,-164.1790,0.8430,0.9310,3.9120
2011.02466,2011-01-09,-51.6200,115.4740,-165.6390,0.8640,0.9550,3.9850
2011.02740,2011-01-10,-53.4500,116.6800,-168.7340,0.8620,0.9460,3.9640
2011.03014,2011-01-11,-53.6860,116.3570,-167.9860,0.8710,0.9490,3.9960
2011.03288,2011-01-12,-53.2340,118.2510,-169.3120,0.8340,0.9200,3.7930
2011.03562,2011-01-13,-52.9740,117.2570,-171.9630,0.8430,0.9220,3.8340
2011.03836,2011-01-14,-54.5070,117.5320,-166.2000,0.8450,0.9210,3.8110
2011.04110,2011-01-15,-53.2450,116.3330,-172.5500,0.8600,0.9260,3.9370
2011.04384,2011-01-16,-52.7700,116.2720,-175.2840,0.8510,0.9440,3.9310
2011.04658,2011-01-17,-53.4580,118.4110,-178.3810,0.8440,0.9220,3.8660
2011.04932,2011-01-18,-53.3170,120.1540,-177.1730,0.8600,0.9430,3.9150
2011.05205,2011-01-19,-52.7580,118.7940,-178.6900,0.8610,0.9530,3.9610
2011.05479,2011-01-20,-53.3360,117.8070,-173.4720,0.8670,0.9540,4.0070
2011.05753,2011-01-21,-55.2470,118.9940,-172.8580,0.8410,0.9260,3.8390
2011.06027,2011-01-22,-53.1380,119.5970,-178.0270,0.8380,0.9100,3.7200
2011.06301,2011-01-23,-53.0800,119.4710,-176.3440,0.8480,0.9160,3.8200
2011.06575,2011-01-24,-52.9660,119.5870,-177.9280,0.8440,0.9130,3.8240
2011.06849,2011-01-25,-51.3550,119.2350,-182.9690,0.8590,0.9250,3.9090
2011.07123,2011-01-26,-50.6770,117.7200,-186.9450,0.9030,0.9850,4.2200
2011.07397,2011-01-27,-57.5880,118.4400,-181.3900,0.8650,0.9290,4.0220
2011.07671,2011-01-28,-53.6830,119.5510,-180.9290,0.8550,0.9330,3.9430
2011.07945,2011-01-29,-56.9760,120.3920,-178.8020,0.8470,0.9300,3.8770
2011.08219,2011-01-30,-58.1010,118.4690,-176.3150,0.8460,0.9340,3.9030
2011.08493,2011-01-31,-57.5030,120.0220,-182.4720,0.8490,0.9120,3.8630
2011.08767,2011-02-01,-55.8100,120.8800,-175.7610,0.8620,0.9340,3.8280
2011.09041,2011-02-02,-58.6790,120.7510,-173.9560,0.8560,0.9430,3.9710
2011.09315,2011-02-03,-55.8720,119.5580,-176.0550,0.8410,0.9210,3.8050
2011.09589,2011-02-04,-55.2250,121.2130,-179.7930,0.8560,0.9320,3.9520
2011.09863,2011-02-05,-54.9890,120.9690,-184.5820,0.8490,0.9260,3.8390
2011.10137,2011-02-06,-55.1980,121.6820,-177.6560,0.8630,0.9380,3.8870
2011.10411,2011-02-07,-56.5840,121.9900,-179.3350,0.8580,0.9410,3.8880
2011.10685,2011-02-08,-56.6060,121.9460,-176.1640,0.8620,0.9310,3.8640
2011.10959,2011-02-09,-55.7550,121.6370,-182.5160,0.8520,0.9390,3.8980
2011.11233,2011-02-10,-55.6420,122.1650,-181.6760,0.8380,0.9200,3.7350
2011.11507,2011-02-11,-55.2180,121.6250,-182.3880,0.8420,0.9190,3.7820
2011.11781,2011-02-12,-55.1620,120.7370,-185.6700,0.8450,0.9210,3.8150
2011.12055,2011-02-13,-56.5850,122.1290,-193.0900,0.8520,0.9320,3.8660
2011.12329,2011-02-14,-55.0250,122.6660,-188.4660,0.8620,0.9150,3.9880
2011.12603,2011-02-15,-52.7850,119.5430,-200.5780,0.8810,0.9440,3.9540
2011.12877,2011-02-16,-55.5110,120.2750,-185.8490,0.8550,0.9290,3.8510
2011.13151,2011-02-17,-53.8970,120.1070,-179.1650,0.8670,0.9120,3.9580
2011.13425,2011-02-18,-54.3960,118.8250,-185.0150,0.8500,0.9320,3.9590
2011.13699,2011-02-19,-56.6700,121.0260,-189.4120,0.8440,0.9110,3.8020
2011.13973,2011-02-20,-54.5810,121.5820,-185.9530,0.8440,0.9120,3.8420
2011.14247,2011-02-21,-55.2840,120.5370,-188.7690,0.8470,0.9190,3.8300
2011.14521,2011-02-22,-55.6330,120.7600,-186.9820,0.8400,0.9160,3.7230
2011.14795,2011-02-23,-53.8220,121.0880,-185.9290,0.8470,0.9070,3.7680
2011.15068,2011-02-24,-54.0840,118.8080,-190.9950,0.8500,0.9150,3.8170
2011.15342,2011-02-25,-54.9380,121.1580,-189.9470,0.8320,0.9100,3.7870
2011.15616,2011-02-26,-53.9970,120.6000,-191.5980,0.8260,0.9100,3.7140
2011.15890,2011-02-27,-54.6710,119.3410,-190.0800,0.8310,0.9190,3.7160
2011.16164,2011-02-28,-54.6030,121.5820,-185.6090,0.8490,0.9060,3.7820
2011.16438,2011-03-01,-54.1390,122.1310,-188.8710,0.8900,0.9390,4.0070
2011.16712,2011-03-02,-54.5990,121.7850,-195.7300,0.8340,0.9140,3.8080
2011.16986,2011-03-03,-54.3710,121.2880,-191.9970,0.8320,0.9210,3.7950
2011.17260,2011-03-04,-56.4830,121.6650,-199.4180,0.8360,0.9100,3.7610
2011.17534,2011-03-05,-55.3280,122.6100,-197.4980,0.8880,0.9400,3.9580
2011.17808,2011-03-06,-55.5890,122.2350,-190.8960,0.8590,0.9420,3.9360
2011.18082,2011-03-07,-53.0060,121.2940,-193.4770,0.8670,0.9370,3.9620
2011.18356,2011-03-08,-54.2910,122.3090,-195.5530,0.8820,0.9310,3.9140
2011.18630,2011-03-09,-54.6500,122.2970,-195.8710,0.8400,0.9140,3.8340
2011.18904,2011-03-10,-55.7340,124.8820,-192.6920,0.8460,0.9300,3.8420
2011.19178,2011-03-11,-55.8400,123.8610,-202.1980,0.8340,0.9160,3.8140
2011.19452,2011-03-12,-56.8620,126.5360,-201.8920,0.8300,0.9310,3.7940
2011.19726,2011-03-13,-54.4650,124.0780,-196.6130,0.8440,0.9220,3.8100
2011.20000,2011-03-14,-54.0000,124.0670,-201.3350,0.8430,0.9250,3.8140
2011.20274,2011-03-15,-55.6250,126.4930,-196.0250,0.8360,0.9170,3.8010
2011.20548,2011-03-16,-57.5070,125.6380,-198.7530,0.8800,0.9640,4.0210
2011.20822,2011-03-17,-56.6060,126.0440,-201.2890,0.8630,0.9390,3.8540
2011.21096,2011-03-18,-56.1680,126.4020,-197.2740,0.8450,0.9460,3.8780
2011.21370,2011-03-19,-56.8560,126.8690,-196.3240,0.8510,0.9170,3.8090
2011.21644,2011-03-20,-54.3300,125.6050,-194.6990,0.8930,0.9530,4.0000
2011.21918,2011-03-21,-54.5370,125.2750,-200.1080,0.8660,0.9390,3.8740
2011.22192,2011-03-22,-57.3880,127.6340,-207.3660,0.8710,0.9550,3.9640
2011.22466,2011-03-23,-55.9200,126.3270,-203.4200,0.8530,0.9280,3.7990
2011.22740,2011-03-24,-54.4330,127.5680,-197.9450,0.9050,0.9490,3.9320
2011.23014,2011-03-25,-54.2490,127.7280,-200.2490,0.9100,0.9680,4.0310
2011.23288,2011-03-26,-56.1900,127.9610,-205.8020,0.9160,0.9940,4.3520
2011.23562,2011-03-27,-57.3650,127.3620,-201.0300,0.9330,1.0130,4.2420
2011.23836,2011-03-28,-56.1610,127.5550,-206.8240,0.9270,0.9930,4.2490
2011.24110,2011-03-29,-55.6230,125.1820,-208.0290,0.8790,0.9500,3.9130
2011.24384,2011-03-30,-57.2690,125.7560,-202.6230,0.8880,0.9730,4.0540
2011.24658,2011-03-31,-54.9130,125.6350,-205.2680,0.8570,0.9520,3.9390
2011.24932,2011-04-01,-54.6670,124.7230,-200.2720,0.8640,0.9430,3.9130
2011.25205,2011-04-02,-56.6910,126.9050,-198.9840,0.8440,0.9500,3.8150
2011.25479,2011-04-03,-55.4780,127.0800,-202.3970,0.8530,0.9280,3.8380
2011.25753,2011-04-04,-57.3020,126.9210,-204.8930,0.8550,0.9470,3.8780
2011.26027,2011-04-05,-55.1630,127.5820,-209.5200,0.8750,0.9560,4.1410
2011.26301,2011-04-06,-54.2640,126.2280,-207.4380,0.9110,0.9950,4.1560
2011.26575,2011-04-07,-56.8750,128.5280,-202.0130,0.8580,0.9750,3.8960
2011.26849,2011-04-08,-55.2050,129.1010,-209.6150,0.8660,0.9500,3.9020
2011.27123,2011-04-09,-56.7320,127.0960,-206.9020,0.8540,0.9530,3.9080
2011.27397,2011-04-10,-55.3390,126.5690,-208.9250,0.8680,0.9620,4.0400
2011.27671,2011-04-11,-51.8420,126.7050,-212.4720,0.8810,0.9670,4.0730
2011.27945,2011-04-12,-56.7760,127.9910,-212.0560,0.8800,0.9360,3.9050
2011.28219,2011-04-13,-56.2510,128.0860,-205.7320,0.8450,0.9540,3.8720
2011.28493,2011-04-14,-57.3360,128.9050,-208.3560,0.8710,0.9510,3.9320
2011.28767,2011-04-15,-56.0920,129.5810,-207.9170,0.8750,0.9710,3.9580
2011.29041,2011-04-16,-57.2530,125.7980,-212.7840,0.8500,0.9410,3.9050
2011.29315,2011-04-17,-57.1350,128.1170,-214.7400,0.8730,0.9700,3.8980
2011.29589,2011-04-18,-57.8760,129.6050,-205.9070,0.8320,0.9250,3.7570
2011.29863,2011-04-19,-58.4070,129.3910,-216.7870,0.8470,0.9430,3.9200
2011.30137,2011-04-20,-55.7100,129.8060,-217.2090,0.8330,0.9570,3.8620
2011.30411,2011-04-21,-58.9110,127.5990,-212.0900,0.8350,0.9590,3.7980
2011.30685,2011-04-22,-56.7670,126.3160,-215.7380,0.8340,0.9390,3.8180
2011.30959,2011-04-23,-57.2660,127.7200,-213.8620,0.8310,0.9150,3.7610
2011.31233,2011-04-24,-58.3810,128.4200,-210.2910,0.8360,0.9350,3.8120
2011.31507,2011-04-25,-56.3100,127.6060,-218.7450,0.8790,0.9760,3.9470
2011.31781,2011-04-26,-57.3980,131.1760,-212.5710,0.8200,0.9130,3.7110
2011.32055,2011-04-27,-56.6980,129.6850,-207.1510,0.8630,0.9450,3.8900
2011.32329,2011-04-28,-59.3460,128.3930,-211.2140,0.8330,0.9240,3.8100
2011.32603,2011-04-29,-55.8020,129.8990,-214.8090,0.8900,0.9400,3.9580
2011.32877,2011-04-30,-56.0290,128.5060,-213.1280,0.8570,0.9600,3.9090
2011.33151,2011-05-01,-56.4810,129.9030,-213.9900,0.8600,0.9530,3.9690
2011.33425,2011-05-02,-53.8830,129.3730,-215.9060,0.8310,0.9330,3.7600
2011.33699,2011-05-03,-55.0520,129.3830,-217.0440,0.8670,0.9430,4.0100
2011.33973,2011-05-04,-55.6700,130.4920,-213.1910,0.8520,0.9390,3.9080
2011.34247,2011-05-05,-57.7660,130.5840,-214.3590,0.8480,0.9610,3.8870
2011.34521,2011-05-06,-58.5470,132.3070,-225.8400,0.8570,0.9850,4.0070
2011.34795,2011-05-07,-58.4010,132.1250,-215.8930,0.8610,0.9600,4.0040
2011.35068,2011-05-08,-55.9400,131.8010,-218.0260,0.8510,0.9170,3.9080
2011.35342,2011-05-09,-57.4550,132.5570,-219.4050,0.8600,0.9370,3.9230
2011.35616,2011-05-10,-56.2630,133.1130,-214.0660,0.8380,0.9030,3.8070
2011.35890,2011-05-11,-56.3960,132.4400,-212.6700,0.8330,0.9340,3.8110
2011.36164,2011-05-12,-56.4090,132.0080,-219.2340,0.8630,0.9770,3.9960
2011.36438,2011-05-13,-57.9260,134.2580,-216.1380,0.8600,0.9720,3.9480
2011.36712,2011-05-14,-57.5330,131.1570,-223.9540,0.8540,0.9500,3.8900
2011.36986,2011-05-15,-59.4790,132.1180,-225.5820,0.8620,0.9450,3.9460
2011.37260,2011-05-16,-60.2150,131.9900,-224.6950,0.8490,0.9440,3.9240
2011.37534,2011-05-17,-58.9830,132.5430,-229.3940,0.8610,0.9650,3.9960
2011.37808,2011-05-18,-56.0510,129.6980,-235.1370,0.8840,0.9920,4.0970
2011.38082,2011-05-19,-58.2030,133.0860,-219.6550,0.8610,0.9310,3.8770
2011.38356,2011-05-20,-59.3000,132.9440,-224.1370,0.8730,0.9590,3.9300
2011.38630,2011-05-21,-59.9800,132.4090,-214.5930,0.8810,0.9790,4.0580
2011.38904,2011-05-22,-59.4240,131.5090,-224.0320,0.8730,0.9800,3.9860
2011.39178,2011-05-23,-57.0580,132.6600,-222.7940,0.8610,0.9500,3.9510
2011.39452,2011-05-24,-57.6280,132.3360,-228.5190,0.8670,0.9760,4.0600
2011.39726,2011-05-25,-57.5870,132.6720,-224.7940,0.8500,0.9380,3.8550
2011.40000,2011-05-26,-57.7130,132.4400,-218.9470,0.8690,0.9630,3.9680
2011.40274,2011-05-27,-57.7360,131.2670,-223.0340,0.8610,0.9880,3.9700
2011.40548,2011-05-28,-56.7230,133.4130,-230.6480,0.8660,0.9710,4.0130
2011.40822,2011-05-29,-55.1290,132.1070,-229.9240,0.8760,0.9870,4.0370
2011.41096,2011-05-30,-58.0950,130.9470,-231.8700,0.8650,0.9640,3.9740
2011.41370,2011-05-31,-58.2700,130.6300,-215.3110,0.8590,0.9460,3.8790
2011.41644,2011-06-01,-60.9050,135.0750,-216.8160,0.9040,1.0220,4.3010
2011.41918,2011-06-02,-58.0140,133.9570,-222.6860,0.8970,0.9710,4.0840
2011.42192,2011-06-03,-57.8110,133.0830,-222.0370,0.8640,0.9590,3.9890
2011.42466,2011-06-04,-59.5820,134.6240,-219.9870,0.8600,0.9910,4.0410
2011.42740,2011-06-05,-59.3000,133.2420,-227.4260,0.8630,0.9640,3.9650
2011.43014,2011-06-06,-59.2120,133.2510,-220.7220,0.8730,0.9650,3.9900
2011.43288,2011-06-07,-57.9490,134.3310,-225.2830,0.8580,0.9600,3.9260
2011.43562,2011-06-08,-59.6600,135.0340,-222.6770,0.8760,0.9670,4.0440
2011.43836,2011-06-09,-59.3950,133.1380,-224.2870,0.8720,0.9570,4.0220
2011.44110,2011-06-10,-58.4260,133.3200,-222.5640,0.8760,0.9730,4.0430
2011.44384,2011-06-11,-59.1360,134.6320,-219.6320,0.8710,0.9770,4.1020
2011.44658,2011-06-12,-57.7310,131.8680,-216.9770,0.8710,0.9850,3.9870
2011.44932,2011-06-13,-58.4470,134.7390,-227.7670,0.8550,0.9620,3.9040
2011.45205,2011-06-14,-58.9390,132.5700,-224.6300,0.8770,0.9890,4.0520
2011.45479,2011-06-15,-58.5080,132.5930,-221.9800,0.8630,0.9720,4.0140
2011.45753,2011-06-16,-58.6980,133.9380,-227.7050,0.8710,0.9890,4.0750
2011.46027,2011-06-17,-61.7280,133.3810,-224.2740,0.8930,1.0090,4.2180
2011.46301,2011-06-18,-56.0760,131.1390,-232.3270,0.9090,1.0250,4.2540
2011.46575,2011-06-19,-57.0520,134.6580,-225.2370,0.9170,1.0180,4.3940
2011.46849,2011-06-20,-60.0820,132.4840,-216.8420,0.8810,0.9820,4.1210
2011.47123,2011-06-21,-59.9330,132.7960,-238.5380,0.8930,1.0120,4.2080
2011.47397,2011-06-22,-57.0490,132.5990,-220.3490,0.8770,0.9780,4.0960
2011.47671,2011-06-23,-59.2510,133.0190,-221.6050,0.8860,0.9850,4.1130
2011.47945,2011-06-24,-56.7510,134.6770,-242.2410,0.8980,1.0200,4.2560
2011.48219,2011-06-25,-57.6460,131.7010,-223.5330,0.8790,0.9980,4.1740
2011.48493,2011-06-26,-59.3560,132.4390,-229.6660,0.8780,1.0320,4.0820
2011.48767,2011-06-27,-63.3260,134.0250,-221.3090,0.8860,1.0310,4.1710
2011.49041,2011-06-28,-60.7400,136.0050,-224.4760,0.8820,0.9880,4.1340
2011.49315,2011-06-29,-59.1360,134.1570,-235.8760,0.8890,0.9800,4.0490
2011.49589,2011-06-30,-60.1900,136.1760,-227.1140,0.8680,0.9780,4.0820
2011.49863,2011-07-01,-59.9170,137.6140,-218.8980,0.8700,0.9980,4.0440
2011.50137,2011-07-02,-59.2310,134.3020,-228.7250,0.8810,0.9950,4.0740
2011.50411,2011-07-03,-58.9620,137.3190,-224.8750,0.8720,0.9890,4.0430
2011.50685,2011-07-04,-58.7950,136.2580,-234.3490,0.9050,1.0200,4.2920
2011.50959,2011-07-05,-61.5790,134.9850,-222.6420,0.8750,0.9980,4.0880
2011.51233,2011-07-06,-60.7530,135.0640,-228.8230,0.8800,1.0020,4.0490
2011.51507,2011-07-07,-59.0120,133.6610,-225.6640,0.8780,0.9910,4.0810
2011.51781,2011-07-08,-61.1920,134.2650,-221.2270,0.8750,0.9890,4.0340
2011.52055,2011-07-09,-59.4160,131.1820,-232.6460,0.9000,1.0370,4.2330
2011.52329,2011-07-10,-58.2430,134.5860,-221.2790,0.9020,1.0150,4.2620
2011.52603,2011-07-11,-60.7560,133.7300,-219.2070,0.8820,1.0060,4.1060
2011.52877,2011-07-12,-58.1730,137.0580,-221.5950,0.8920,1.0330,4.1410
2011.53151,2011-07-13,-63.0690,133.0430,-217.0420,0.8730,1.0100,4.0510
2011.53425,2011-07-14,-61.5700,134.1220,-222.8300,0.8820,1.0060,4.1350
2011.53699,2011-07-15,-60.9720,137.9220,-221.1830,0.8610,0.9950,3.9780
2011.53973,2011-07-16,-58.7080,131.6170,-229.9370,0.8910,1.0080,4.1310
2011.54247,2011-07-17,-59.8050,136.1500,-224.3430,0.8810,1.0150,4.0320
2011.54521,2011-07-18,-61.1610,136.8230,-225.1800,0.8930,1.0290,4.1280
2011.54795,2011-07-19,-61.1530,137.0960,-216.8620,0.9200,1.0560,4.2410
2011.55068,2011-07-20,-60.0940,134.3610,-205.5030,0.8910,1.0500,4.2300
2011.55342,2011-07-21,-60.3110,138.2960,-220.0170,0.8990,0.9890,4.1460
2011.55616,2011-07-22,-58.2420,137.9970,-239.2350,0.8580,0.9900,3.9960
2011.55890,2011-07-23,-58.9400,135.9830,-226.5260,0.8870,0.9950,4.0850
2011.56164,2011-07-24,-60.1980,137.0280,-223.0160,0.8870,1.0030,4.0330
2011.56438,2011-07-25,-60.2700,136.9960,-229.1090,0.8890,1.0010,4.1920
2011.56712,2011-07-26,-61.2240,137.7970,-217.5840,0.8760,0.9890,4.0580
2011.56986,2011-07-27,-63.2340,133.3160,-225.4570,0.8840,0.9930,4.0240
2011.57260,2011-07-28,-62.5060,138.2060,-230.0240,0.9010,1.0090,4.2330
2011.57534,2011-07-29,-58.9830,133.7160,-224.2120,0.8900,1.0140,4.1380
2011.57808,2011-07-30,-62.4820,136.7980,-219.0120,0.8820,1.0110,4.0730
2011.58082,2011-07-31,-60.3300,135.9900,-215.5980,0.8980,1.0010,4.1350
2011.58356,2011-08-01,-58.6970,138.0210,-231.1360,0.9130,1.0380,4.2000
2011.58630,2011-08-02,-58.2940,135.3800,-230.8290,0.9000,1.0040,4.0840
2011.58904,2011-08-03,-61.5500,138.8210,-232.6930,0.9640,1.0360,4.3140
2011.59178,2011-08-04,-58.4130,137.0110,-223.9690,0.8790,0.9930,4.1050
2011.59452,2011-08-05,-58.4340,137.0880,-226.7000,0.8970,0.9830,4.1830
2011.59726,2011-08-06,-61.0180,137.7120,-230.7560,0.8800,0.9910,4.0940
2011.60000,2011-08-07,-60.3940,136.8340,-222.0950,0.8710,1.0010,4.0490
2011.60274,2011-08-08,-60.6260,140.2880,-227.0310,0.8920,1.0300,4.1500
2011.60548,2011-08-09,-59.4470,138.8950,-219.2370,0.8990,1.0310,4.2230
2011.60822,2011-08-10,-59.5910,138.2370,-218.1060,0.8990,1.0170,4.2090
2011.61096,2011-08-11,-60.8730,137.9900,-227.8410,0.9280,1.0470,4.1300
2011.61370,2011-08-12,-60.3600,138.8870,-224.0110,0.8940,1.0060,4.0330
2011.61644,2011-08-13,-63.1120,137.9100,-227.8440,0.8840,1.0060,4.0560
2011.61918,2011-08-14,-61.4130,136.7390,-224.7740,0.9030,1.0100,4.1320
2011.62466,2011-08-16,-59.9720,137.9010,-227.8830,0.9150,1.0390,4.2830
2011.62740,2011-08-17,-60.3130,137.9760,-225.9500,0.8870,1.0240,4.0490
2011.63014,2011-08-18,-62.2600,138.8480,-221.4310,0.8750,1.0280,4.1090
2011.63288,2011-08-19,-60.8970,138.2130,-232.9460,0.8820,1.0080,4.1410
2011.63562,2011-08-20,-58.7850,139.8880,-241.3340,0.8750,0.9880,4.0970
2011.63836,2011-08-21,-59.7620,139.1220,-232.1060,0.8790,0.9880,4.1180
2011.64110,2011-08-22,-59.3100,138.0080,-225.4310,0.8750,1.0010,4.0120
2011.64384,2011-08-23,-60.0090,141.0910,-245.0870,0.9140,1.0500,4.3830
2011.64658,2011-08-24,-57.1880,137.7850,-230.4510,0.9070,1.0330,4.2620
2011.64932,2011-08-25,-59.3600,137.5710,-239.9780,0.8740,1.0040,4.1110
2011.65205,2011-08-26,-57.7500,140.4190,-230.8270,0.9090,1.0810,4.3600
2011.65479,2011-08-27,-60.8580,136.4130,-226.1340,0.8930,1.0240,4.2220
2011.65753,2011-08-28,-62.0930,137.3120,-230.7680,0.8960,0.9880,4.1700
2011.66027,2011-08-29,-61.0410,140.2670,-224.9730,0.8930,1.0030,4.2900
2011.66301,2011-08-30,-63.7440,141.3410,-231.9640,0.9280,1.0450,4.3390
2011.66575,2011-08-31,-61.5280,138.0640,-227.4030,0.9170,1.0630,4.2720
2011.66849,2011-09-01,-56.7220,141.6530,-234.8850,0.9630,1.1000,4.5250
2011.67123,2011-09-02,-60.7410,138.4250,-233.2820,0.9030,1.0680,4.2730
2011.67397,2011-09-03,-58.6840,139.3140,-234.1580,0.8690,0.9940,4.0610
2011.67671,2011-09-04,-59.0510,139.4060,-236.7000,0.8790,1.0040,3.9820
2011.67945,2011-09-05,-61.7930,141.0350,-243.1760,0.9110,1.0000,4.1680
2011.68219,2011-09-06,-61.7120,140.0270,-233.9050,0.8800,0.9910,4.0450
2011.68493,2011-09-07,-60.0520,139.2510,-226.1340,0.9150,1.0220,4.2400
2011.68767,2011-09-08,-61.9060,141.1200,-227.4540,0.8990,1.0020,4.1840
2011.69041,2011-09-09,-60.4020,139.0070,-245.5340,0.9090,1.0200,4.0950
2011.69315,2011-09-10,-59.7490,137.7210,-234.8610,0.9490,1.0560,4.3610
2011.69589,2011-09-11,-57.4060,136.7390,-234.1720,0.9380,1.0260,4.3560
2011.69863,2011-09-12,-58.5980,140.3330,-221.4720,0.9410,1.0660,4.3640
2011.70137,2011-09-13,-60.6890,142.0160,-237.2900,0.9060,1.0210,4.2390
2011.70411,2011-09-14,-59.8900,141.8450,-231.3330,0.9300,1.0920,4.4840
2011.70685,2011-09-15,-59.4050,140.5750,-231.4180,0.9500,1.0590,4.3600
2011.70959,2011-09-16,-61.3630,142.0850,-244.8080,0.9510,1.1060,4.3430
2011.71233,2011-09-17,-59.3910,143.0740,-237.8010,0.8950,1.0280,4.1630
2011.71507,2011-09-18,-57.8460,140.4490,-237.1340,0.9260,1.0800,4.3370
2011.71781,2011-09-19,-60.4960,141.0970,-235.0270,0.9220,1.0170,4.2670
2011.72055,2011-09-20,-58.8660,140.1470,-246.6150,0.9260,1.0440,4.1400
2011.72329,2011-09-21,-58.1620,140.6730,-243.1060,0.9190,1.0590,4.2880
2011.72603,2011-09-22,-61.5200,140.4660,-242.6310,0.9000,1.0200,4.1370
2011.72877,2011-09-23,-60.5160,140.4260,-243.3580,0.9310,1.0760,4.3510
2011.73151,2011-09-24,-60.6600,141.3300,-241.9780,0.9250,1.0460,4.2210
2011.73425,2011-09-25,-60.8350,142.1960,-240.6480,0.9230,1.0710,4.3220
2011.73699,2011-09-26,-64.0170,141.0440,-239.3230,0.8970,1.0220,4.1930
2011.73973,2011-09-27,-61.1310,142.6020,-248.0790,0.9010,1.0370,4.3140
2011.74247,2011-09-28,-59.0090,140.3250,-245.1240,0.8910,1.0020,4.1030
2011.74521,2011-09-29,-60.0670,141.5370,-241.5280,0.9310,1.0330,4.2760
2011.74795,2011-09-30,-60.9210,143.6060,-238.0740,0.9660,1.0820,4.4220
2011.75068,2011-10-01,-59.6760,141.0000,-242.5610,0.9210,1.0990,4.2790
2011.75342,2011-10-02,-58.7810,140.2630,-249.5720,0.9130,1.0580,4.2570
2011.75616,2011-10-03,-60.6190,141.7020,-241.8930,0.9310,1.0740,4.3200
2011.75890,2011-10-04,-58.6570,141.2220,-240.6280,0.8920,1.0000,4.1180
2011.76164,2011-10-05,-61.8820,142.5180,-249.2300,0.9070,1.0270,4.1780
2011.76438,2011-10-06,-57.8890,140.2810,-244.9190,0.9290,1.0320,4.2750
2011.76712,2011-10-07,-58.6390,139.9380,-249.8610,0.9090,1.0540,4.3040
2011.76986,2011-10-08,-58.7620,140.9250,-247.4970,0.8970,1.0500,4.1350
2011.77260,2011-10-09,-57.9860,141.2400,-243.2510,0.9000,1.0550,4.2250
2011.77534,2011-10-10,-58.4690,141.0030,-249.7930,0.9310,1.0290,4.2750
2011.77808,2011-10-11,-56.7780,142.6850,-256.7750,0.9350,1.0770,4.3960
2011.78082,2011-10-12,-59.2960,142.8690,-245.7130,0.9090,1.0850,4.2170
2011.78356,2011-10-13,-57.6690,144.7920,-247.8310,0.9920,1.1250,4.4960
2011.78630,2011-10-14,-56.5030,144.4860,-228.8400,0.9340,1.1000,4.3730
2011.78904,2011-10-15,-58.4420,142.9800,-234.8750,0.9150,1.0430,4.1770
2011.79178,2011-10-16,-59.0610,144.9840,-247.1770,0.8720,1.0050,3.9990
2011.79452,2011-10-17,-57.2470,144.2020,-248.4810,0.9160,1.0410,4.2050
2011.79726,2011-10-18,-59.1080,144.2700,-251.9770,0.9020,1.0560,4.1610
2011.80000,2011-10-19,-55.7100,142.7360,-243.0710,0.8940,1.0440,4.1430
2011.80274,2011-10-20,-56.6480,144.5940,-245.0600,0.8960,1.0410,4.2130
2011.80548,2011-10-21,-58.7280,145.4820,-249.7290,0.8870,1.0250,4.1690
2011.80822,2011-10-22,-58.7320,146.0190,-243.0950,0.9430,1.1340,4.4490
2011.81096,2011-10-23,-58.5970,144.8390,-252.2610,0.8860,0.9970,4.0660
2011.81370,2011-10-24,-58.3100,144.0440,-250.7140,0.9000,1.0370,4.2320
2011.81644,2011-10-25,-58.8180,143.8830,-248.7830,0.8760,1.0030,4.0740
2011.81918,2011-10-26,-60.5500,144.8880,-247.9890,0.9240,1.0380,4.3140
2011.82192,2011-10-27,-57.4590,145.4010,-241.1690,0.9270,1.0610,4.2270
2011.82466,2011-10-28,-57.9940,146.4290,-249.7730,0.9470,1.0540,4.2140
2011.82740,2011-10-29,-58.6460,146.1530,-252.9040,0.9020,1.0150,4.2110
2011.83014,2011-10-30,-58.2350,144.1220,-255.7190,0.8820,0.9910,4.0950
2011.83288,2011-10-31,-58.3130,144.8170,-255.6050,0.8940,1.0050,4.0780
2011.83562,2011-11-01,-58.4800,142.1120,-252.4840,0.9250,1.0460,4.2620
2011.83836,2011-11-02,-58.5060,143.5120,-252.7150,0.8750,0.9900,4.0660
2011.84110,2011-11-03,-58.0550,146.8240,-248.7090,0.8720,0.9860,4.0560
2011.84384,2011-11-04,-59.0930,145.3220,-250.8300,0.8740,1.0240,4.0240
2011.89315,2011-11-22,-48.0630,147.0360,-246.0170,1.0230,1.1900,4.8450
2011.89589,2011-11-23,-45.7430,145.6780,-247.7310,0.9150,1.0380,4.2960
2011.89863,2011-11-24,-45.1690,145.8120,-244.5960,0.8680,0.9640,4.0000
2011.90137,2011-11-25,-45.4330,146.7220,-240.1240,0.8770,0.9840,4.0730
2011.90411,2011-11-26,-45.9300,145.8510,-244.0670,0.8670,0.9760,4.0060
2011.90685,2011-11-27,-46.3090,147.1600,-244.6700,0.8810,0.9860,4.1060
2011.90959,2011-11-28,-44.7520,147.5540,-249.0700,0.8680,0.9620,4.0250
2011.91233,2011-11-29,-45.9500,147.5170,-241.9110,0.9010,0.9980,4.0810
2011.91507,2011-11-30,-45.1010,144.9310,-232.6890,0.9130,1.0260,4.3000
2011.91781,2011-12-01,-45.0790,146.4560,-249.1000,0.8800,0.9990,4.0650
2011.92055,2011-12-02,-46.6230,146.6150,-243.5620,0.9100,1.0420,4.1320
2011.92329,2011-12-03,-45.3150,147.7400,-250.0510,0.8760,0.9770,4.1200
2011.92603,2011-12-04,-42.9630,149.2620,-242.0480,0.9050,1.0080,4.0750
2011.92877,2011-12-05,-46.1730,148.2750,-235.5140,0.9160,1.0250,4.2380
2011.93151,2011-12-06,-48.6840,149.2990,-250.7930,0.9090,1.0130,4.1330
2011.93425,2011-12-07,-44.0080,148.4400,-243.7750,0.9150,1.0150,4.2220
2011.93699,2011-12-08,-42.6660,148.7040,-241.0120,0.9250,1.0070,4.3080
2011.93973,2011-12-09,-43.3410,145.9500,-240.7500,0.8960,0.9850,4.1110
2011.94247,2011-12-10,-46.1050,149.5940,-241.0290,0.9090,1.0060,4.1660
2011.94521,2011-12-11,-44.7220,147.4590,-240.1970,0.9020,1.0370,4.2490
2011.94795,2011-12-12,-45.6690,148.8710,-246.7960,0.9370,1.0740,4.4980
2011.95068,2011-12-13,-45.3260,147.5730,-248.7350,0.9180,1.0290,4.2440
2011.95342,2011-12-14,-46.0690,149.8480,-247.1090,0.8930,0.9730,4.2110
2011.95616,2011-12-15,-45.0590,148.4900,-243.8920,0.9100,1.0130,4.1920
2011.95890,2011-12-16,-45.8080,147.3680,-246.0370,0.8990,0.9840,4.1190
2011.96164,2011-12-17,-46.1620,148.4640,-247.2980,0.8710,0.9660,4.0030
2011.96438,2011-12-18,-46.7790,148.5230,-247.9440,0.8760,1.0020,4.0920
2011.96712,2011-12-19,-46.0260,147.7980,-244.2500,0.8870,0.9980,4.1050
2011.96986,2011-12-20,-48.1670,149.9120,-243.5140,0.8830,0.9600,4.0450
2011.97260,2011-12-21,-46.3390,151.6710,-235.0060,0.8640,0.9480,4.0220
2011.97534,2011-12-22,-46.6390,150.8190,-243.8040,0.8750,0.9820,4.0990
2011.97808,2011-12-23,-46.4840,149.6430,-244.8290,0.8650,0.9520,4.0620
2011.98082,2011-12-24,-47.4200,150.2260,-247.1950,0.8610,0.9690,3.9520
2011.98356,2011-12-25,-46.8840,149.9500,-248.7600,0.8610,0.9510,4.0510
2011.98630,2011-12-26,-48.1910,150.2910,-246.0610,0.8560,0.9250,3.9130
2011.98904,2011-12-27,-47.7590,149.6210,-246.4510,0.8700,0.9650,3.9830
2011.99178,2011-12-28,-47.7430,150.5530,-243.8820,0.8660,0.9590,4.0790
2011.99452,2011-12-29,-45.2200,150.0540,-247.5510,0.8690,0.9420,3.9840
2011.99726,2011-12-30,-48.1510,150.2200,-244.4260,0.8870,0.9980,4.1300
2012.00000,2011-12-31,-46.1560,151.9360,-243.6660,0.8720,0.9570,4.0600
2012.00273,2012-01-01,-47.8870,151.1100,-236.8130,0.8690,0.9530,3.9680
2012.00546,2012-01-02,-45.8180,150.1040,-240.9940,0.8690,0.9660,4.0340
2012.00820,2012-01-03,-46.8250,150.4350,-246.6230,0.8680,0.9480,3.9630
2012.01093,2012-01-04,-46.5050,151.2910,-244.0130,0.8740,0.9670,4.0050
2012.01366,2012-01-05,-48.3820,151.7250,-248.2750,0.8720,0.9440,3.9890
2012.01639,2012-01-06,-47.5760,152.3800,-246.6110,0.8710,0.9450,3.9920
2012.01913,2012-01-07,-48.5060,152.0930,-245.9500,0.8720,0.9530,3.9280
2012.02186,2012-01-08,-48.6240,152.4980,-246.1080,0.8750,0.9700,3.9760
2012.02459,2012-01-09,-49.3980,152.1060,-246.0320,0.8790,0.9330,4.0310
2012.02732,2012-01-10,-47.2810,152.4810,-243.3000,0.8800,0.9730,4.0200
2012.03005,2012-01-11,-50.0060,152.4900,-249.2060,0.8700,0.9610,4.0280
2012.03279,2012-01-12,-48.5640,153.6100,-248.9350,0.8670,0.9540,3.8930
2012.03825,2012-01-14,-50.4240,154.9170,-241.8650,0.9000,0.9630,4.1150
2012.04098,2012-01-15,-49.3910,154.3570,-246.3880,0.8940,0.9440,4.0440
2012.04372,2012-01-16,-47.4560,153.6600,-255.2640,0.8780,0.9760,4.1130
2012.04645,2012-01-17,-46.9910,153.1000,-249.1300,0.8820,0.9690,4.0080
2012.04918,2012-01-18,-46.2380,153.9930,-244.6390,0.8680,0.9610,3.9530
2012.05191,2012-01-19,-48.7710,154.5720,-244.9710,0.8790,0.9650,3.9530
2012.05464,2012-01-20,-48.4430,154.1220,-245.0610,0.8520,0.9610,3.9280
2012.05738,2012-01-21,-50.4870,152.5250,-245.5640,0.8690,0.9500,3.9680
2012.06011,2012-01-22,-49.6300,153.6410,-247.6850,0.8750,0.9510,3.9690
2012.06284,2012-01-23,-50.3600,153.9830,-254.7490,0.8780,0.9440,3.9080
2012.06557,2012-01-24,-49.2700,154.8720,-251.8230,0.8630,0.9460,3.9130
2012.06831,2012-01-25,-51.0440,154.6650,-251.1140,0.8640,0.9470,3.8810
2012.07104,2012-01-26,-51.4000,153.7170,-259.5110,0.8790,0.9820,4.0300
2012.07377,2012-01-27,-49.3740,154.7040,-254.5700,0.8920,0.9560,4.0130
2012.07650,2012-01-28,-46.3640,154.3640,-253.0400,0.8730,0.9520,3.9290
2012.07923,2012-01-29,-48.9320,155.0370,-252.3410,0.8630,0.9370,3.8730
2012.08197,2012-01-30,-50.8140,156.2580,-249.7030,0.8580,0.9550,3.9250
2012.08470,2012-01-31,-51.1180,155.8310,-251.7390,0.8690,0.9460,3.9420
2012.08743,2012-02-01,-49.9480,155.8480,-253.4730,0.8800,0.9530,3.9620
2012.09016,2012-02-02,-49.6220,154.8080,-253.9270,0.8860,0.9880,4.1400
2012.09290,2012-02-03,-50.1550,153.7880,-253.1240,0.8560,0.9550,3.8450
2012.09563,2012-02-04,-50.4500,156.5110,-254.3070,0.8720,0.9590,3.9320
2012.09836,2012-02-05,-50.9460,159.7880,-252.3860,0.8580,0.9470,3.9380
2012.10109,2012-02-06,-48.3280,158.2210,-256.0250,0.9110,1.0030,4.2310
2012.10383,2012-02-07,-49.8970,156.8390,-258.6360,0.9030,1.0080,4.1120
2012.10656,2012-02-08,-51.3910,156.0390,-256.9890,0.8720,0.9690,3.9930
2012.10929,2012-02-09,-52.0500,157.6840,-257.3210,0.9070,0.9650,4.0790
2012.11202,2012-02-10,-51.6940,158.0330,-252.6370,0.8920,0.9290,4.0460
2012.11475,2012-02-11,-52.4760,157.6040,-254.6220,0.8970,0.9330,4.0660
2012.11749,2012-02-12,-52.6570,157.3100,-254.6210,0.8880,0.9450,4.0570
2012.12022,2012-02-13,-52.2940,156.2280,-254.0010,0.8930,0.9620,4.1090
2012.12295,2012-02-14,-53.8990,157.3400,-260.4370,0.9030,0.9760,4.1720
2012.12568,2012-02-15,-52.0300,155.5590,-258.6090,0.8900,0.9530,4.0490
2012.12842,2012-02-16,-52.9220,157.8100,-263.1230,0.9020,0.9330,4.0550
2012.13115,2012-02-17,-52.7680,158.4300,-259.9270,0.8940,0.9430,4.0240
2012.13388,2012-02-18,-51.5340,157.9770,-258.8740,0.8940,0.9390,4.0070
2012.13661,2012-02-19,-53.7580,157.6060,-262.9770,0.8870,0.9550,4.0060
2012.13934,2012-02-20,-51.6490,158.5140,-253.9610,0.9060,0.9820,4.1330
2012.14208,2012-02-21,-53.6540,157.6290,-254.7400,0.9260,0.9920,4.2050
2012.16667,2012-03-01,-52.3780,156.1590,-264.8080,0.8990,1.0160,4.1090
2012.16940,2012-03-02,-50.5810,158.1620,-255.6830,0.9310,1.0460,4.2580
2012.18033,2012-03-06,-46.4800,154.3020,-254.2460,2.8340,3.5200,13.5390
2012.20492,2012-03-15,-52.7320,161.6580,-263.1530,1.0850,1.2640,5.1750
2012.20765,2012-03-16,-52.7940,158.6470,-262.9710,0.8870,1.0110,4.1040
2012.21038,2012-03-17,-51.4000,159.3030,-266.3240,0.8860,0.9690,4.0630
2012.21311,2012-03-18,-52.1620,158.6900,-274.7350,0.8800,0.9780,4.1000
2012.21585,2012-03-19,-50.2630,158.2470,-275.7920,0.8630,0.9770,3.9600
2012.21858,2012-03-20,-51.4410,158.2460,-272.6020,0.8740,0.9720,3.9720
2012.22131,2012-03-21,-52.1680,158.2020,-268.7170,0.8980,1.0050,4.0730
2012.22404,2012-03-22,-50.9570,159.6110,-265.6800,0.8750,0.9760,4.0790
2012.22678,2012-03-23,-52.1010,156.6950,-270.9520,0.9010,0.9880,4.1400
2012.22951,2012-03-24,-53.0470,160.9830,-272.8500,0.8820,0.9730,4.0180
2012.23224,2012-03-25,-50.8600,159.5930,-275.8370,0.8940,1.0510,4.2970
2012.23497,2012-03-26,-51.8090,157.6820,-278.6860,0.9720,1.0740,4.4720
2012.23770,2012-03-27,-53.1890,160.9700,-270.6200,0.9180,1.0480,4.3250
2012.24044,2012-03-28,-53.5280,158.4110,-275.9410,0.9350,1.0530,4.3210
2012.24317,2012-03-29,-54.3550,159.6170,-271.9840,0.9180,1.0260,4.1390
2012.24590,2012-03-30,-52.9190,159.9370,-275.5950,0.9430,1.0940,4.3980
2012.26230,2012-04-05,-53.1740,159.1340,-283.6830,0.9720,1.0850,4.5260
2012.26503,2012-04-06,-52.8410,159.1640,-274.7080,0.9090,1.0090,4.2390
2012.26776,2012-04-07,-51.5260,161.5460,-280.1830,0.9180,0.9900,4.1320
2012.27049,2012-04-08,-51.3710,160.6730,-271.1270,0.8690,0.9720,4.0400
2012.27322,2012-04-09,-52.8170,160.7310,-276.5900,0.9090,1.0310,4.1050
2012.27596,2012-04-10,-52.4880,160.3250,-277.4490,0.8680,0.9650,4.0180
2012.27869,2012-04-11,-54.7170,160.8510,-276.6550,0.8720,0.9660,3.9310
2012.28142,2012-04-12,-54.5410,160.9350,-282.1170,0.9090,1.0400,4.1620
2012.28415,2012-04-13,-52.3100,164.7330,-275.9680,0.8850,0.9920,3.9710
2012.28689,2012-04-14,-53.3960,162.3410,-281.5220,0.8580,0.9680,3.8930
2012.28962,2012-04-15,-54.1790,165.6840,-278.9810,0.8870,0.9660,4.0550
2012.29235,2012-04-16,-50.0950,164.8840,-286.8190,0.8990,0.9920,4.2770
2012.29508,2012-04-17,-53.0860,163.7530,-279.8940,0.9270,1.0510,4.2910
2012.29781,2012-04-18,-51.2890,165.0970,-282.6130,0.9940,1.1300,4.7740
2012.30055,2012-04-19,-52.2580,165.9630,-287.2620,1.1300,1.2560,5.3480
2012.30328,2012-04-20,-51.6930,165.7840,-273.8220,0.9010,1.0360,4.2910
2012.30601,2012-04-21,-52.2840,164.1500,-276.0830,0.8890,0.9940,4.1110
2012.30874,2012-04-22,-51.5710,164.8980,-274.9120,0.8680,0.9640,4.0500
2012.31148,2012-04-23,-52.4650,165.1640,-268.9000,0.8770,0.9910,4.0820
2012.31421,2012-04-24,-53.0730,164.0120,-280.4130,0.9250,1.0340,4.3350
2012.31694,2012-04-25,-50.8950,164.1100,-276.9010,0.9630,1.1020,4.6940
2012.31967,2012-04-26,-51.0380,163.5170,-284.4170,0.8720,0.9700,4.0650
2012.32240,2012-04-27,-52.5300,167.3040,-288.0350,0.9320,1.0420,4.4430
2012.32514,2012-04-28,-51.1380,166.5190,-280.6750,0.9080,1.0210,4.2440
2012.32787,2012-04-29,-49.6680,164.6770,-279.1730,1.0070,1.0970,4.7220
2012.33060,2012-04-30,-51.6540,166.6700,-273.1700,0.8890,1.0070,4.2230
2012.33333,2012-05-01,-53.3440,165.6540,-276.0300,0.8860,0.9910,4.2170
2012.33607,2012-05-02,-52.7470,168.6270,-281.8260,0.9820,1.1010,4.5590
2012.33880,2012-05-03,-51.6980,164.3730,-282.8540,0.9170,1.0270,4.3360
2012.34153,2012-05-04,-52.3270,165.4290,-265.8770,0.8760,0.9780,4.0520
2012.34426,2012-05-05,-50.9310,165.2370,-271.5350,0.8770,0.9650,4.0890
2012.34699,2012-05-06,-51.8560,167.8580,-271.3540,0.8600,0.9570,4.0030
2012.34973,2012-05-07,-51.6380,167.5700,-275.1500,0.9150,0.9610,4.2200
2012.35246,2012-05-08,-50.9830,166.2480,-271.3530,0.8440,0.9530,3.9510
2012.35519,2012-05-09,-50.0990,165.1360,-286.8220,0.8980,1.0180,4.2580
2012.35792,2012-05-10,-50.2240,165.4540,-273.0630,0.9240,1.0070,4.1830
2012.36066,2012-05-11,-49.2360,166.5020,-271.4870,0.8720,0.9570,4.0410
2012.36339,2012-05-12,-52.2490,164.4710,-274.1660,0.9460,1.0690,4.4630
2012.36612,2012-05-13,-52.7370,166.1520,-282.8330,0.9170,1.0120,4.3210
2012.36885,2012-05-14,-52.9060,164.2410,-282.3410,0.9020,1.0180,4.1300
2012.37158,2012-05-15,-53.2520,165.3290,-281.8050,0.8790,0.9710,4.0690
2012.37432,2012-05-16,-52.7490,167.0530,-274.4840,0.8910,1.0140,4.3430
2012.37705,2012-05-17,-53.5510,168.1320,-284.3090,0.9140,1.0170,4.3010
2012.37978,2012-05-18,-50.3960,165.1520,-288.1160,0.9170,1.0160,4.3620
2012.38251,2012-05-19,-50.6570,166.3670,-276.0620,0.9640,1.0840,4.4890
2012.38525,2012-05-20,-53.2540,165.3600,-285.6370,0.9500,1.0560,4.3790
2012.38798,2012-05-21,-50.0140,167.9540,-282.4210,0.8830,1.0150,4.1510
2012.39071,2012-05-22,-51.7990,166.5820,-283.3800,0.8890,1.0010,4.1880
2012.39344,2012-05-23,-52.3470,168.4380,-276.8330,0.9420,1.0670,4.4390
2012.39617,2012-05-24,-53.3030,168.1000,-268.3580,0.9020,1.0540,4.1820
2012.39891,2012-05-25,-52.0750,167.7710,-277.4520,0.8620,0.9970,4.0330
2012.40164,2012-05-26,-52.9520,168.0270,-268.8530,0.8940,1.0290,4.3420
2012.40437,2012-05-27,-51.4310,166.5540,-286.9600,0.8830,0.9910,4.1070
2012.40710,2012-05-28,-52.9780,168.3570,-277.5540,0.8760,0.9800,4.0030
2012.40984,2012-05-29,-53.3310,163.4920,-276.7550,0.8780,0.9840,4.0460
2012.41257,2012-05-30,-53.9350,167.4660,-278.8320,0.8910,1.0120,4.1050
2012.41530,2012-05-31,-54.1600,165.8780,-279.1610,0.8640,0.9790,4.0450
2012.41803,2012-06-01,-53.7820,165.7180,-280.7420,0.8480,0.9500,3.9120
2012.42077,2012-06-02,-55.2550,166.5960,-279.3520,0.8710,0.9870,3.9870
2012.42350,2012-06-03,-54.9900,168.7210,-278.5690,0.8690,0.9890,4.0390
2012.42623,2012-06-04,-53.0620,169.2520,-277.8010,0.8580,0.9850,3.9900
2012.42896,2012-06-05,-53.8280,169.8200,-281.2180,0.8660,0.9830,4.0860
2012.43169,2012-06-06,-53.9670,167.7920,-278.2170,0.8700,0.9800,4.0150
2012.43443,2012-06-07,-55.6840,166.9220,-276.3860,0.9030,0.9960,4.1730
2012.43716,2012-06-08,-56.0390,167.5620,-284.5810,0.8730,0.9700,4.1130
2012.43989,2012-06-09,-57.9970,170.8240,-280.2960,0.9160,1.0590,4.3780
2012.44262,2012-06-10,-57.6190,170.2570,-271.3040,0.8890,0.9950,4.2190
2012.44536,2012-06-11,-53.6610,169.2400,-280.6380,0.8770,0.9860,4.1170
2012.44809,2012-06-12,-55.2350,168.0170,-278.3240,0.8920,1.0370,4.2070
2012.45082,2012-06-13,-53.6830,167.4080,-279.0620,0.9420,1.0800,4.2390
2012.45355,2012-06-14,-55.7140,169.7920,-279.0520,0.8920,1.0240,4.2680
2012.48634,2012-06-26,-54.4420,169.3830,-288.6780,1.0820,1.1980,4.8390
2012.48907,2012-06-27,-55.9850,169.4580,-269.7820,0.8910,1.0600,4.3310
2012.49180,2012-06-28,-56.1350,167.1870,-269.5750,0.9120,1.0360,4.3690
2012.49454,2012-06-29,-54.5850,169.1150,-272.6980,0.8860,1.0540,4.2430
2012.49727,2012-06-30,-56.2960,168.0210,-283.1390,0.8970,1.0260,4.2090
2012.50000,2012-07-01,-57.8940,167.0180,-273.0010,0.9440,1.0830,4.6190
2012.50273,2012-07-02,-58.4690,169.6300,-274.1290,0.9230,1.0610,4.4500
2012.50546,2012-07-03,-58.1120,169.1670,-280.3850,0.9230,1.0550,4.3230
2012.50820,2012-07-04,-57.0990,168.1110,-275.7730,0.9000,1.0400,4.1810
2012.51093,2012-07-05,-54.6780,166.8400,-274.7370,0.9130,1.0010,4.2950
2012.51366,2012-07-06,-57.6570,167.5970,-280.8250,0.9340,1.0310,4.3150
2012.51639,2012-07-07,-59.2470,169.5670,-270.7640,0.9090,1.0650,4.3230
2012.52459,2012-07-10,-57.4270,169.8230,-280.1140,0.9040,1.0080,4.1370
2012.52732,2012-07-11,-58.0470,171.1930,-273.7490,0.8900,1.0130,4.1940
2012.53005,2012-07-12,-58.0600,172.0100,-270.1160,0.9010,1.0070,4.1780
2012.53279,2012-07-13,-55.4320,171.0610,-275.6150,0.9090,1.0640,4.4560
2012.53552,2012-07-14,-54.6160,169.4030,-276.8160,0.9350,1.0740,4.6470
2012.53825,2012-07-15,-57.3850,173.3400,-266.9210,0.9480,1.0840,4.5160
2012.54098,2012-07-16,-57.6050,168.7120,-278.2080,0.9310,1.0900,4.4800
2012.54372,2012-07-17,-56.5820,170.2540,-277.6850,0.8790,1.0310,4.1940
2012.54645,2012-07-18,-57.9870,170.7790,-282.5430,0.8930,1.0320,4.3590
2012.54918,2012-07-19,-57.2410,169.8880,-274.4620,0.9230,1.0910,4.3690
2012.55191,2012-07-20,-58.8070,171.2910,-280.7700,0.8770,0.9990,4.2170
2012.55464,2012-07-21,-57.6140,172.0060,-272.6830,0.9250,1.0530,4.4060
2012.55738,2012-07-22,-56.1230,170.5890,-277.8060,0.9170,1.0620,4.5040
2012.56011,2012-07-23,-57.2740,172.5920,-276.6530,0.8820,1.0020,4.1460
2012.56284,2012-07-24,-57.0120,168.1250,-283.5890,0.9160,1.0430,4.4010
2012.56557,2012-07-25,-55.3740,170.1260,-281.8680,0.9430,1.0860,4.4500
2012.56831,2012-07-26,-56.0750,169.7520,-270.5760,0.8770,1.0030,4.1680
2012.57104,2012-07-27,-55.7090,172.8910,-273.3910,0.9150,1.0730,4.2770
2012.57377,2012-07-28,-57.4230,170.8150,-282.4070,0.9010,1.0310,4.2880
2012.57650,2012-07-29,-58.5350,171.1540,-276.2810,0.9260,1.0830,4.5970
2012.57923,2012-07-30,-57.2880,172.6700,-263.5640,0.8930,1.0570,4.3330
2012.58197,2012-07-31,-53.3850,171.0710,-282.1010,0.9820,1.1430,4.8200
2012.58470,2012-08-01,-58.0300,173.7160,-262.8500,0.9230,1.1080,4.5010
2012.59016,2012-08-03,-56.1320,170.8980,-277.8620,1.0610,1.2580,5.3760
2012.59290,2012-08-04,-59.5540,177.0400,-278.9070,0.9150,1.0430,4.4890
2012.59563,2012-08-05,-52.3050,173.4750,-293.9740,0.9890,1.1600,4.7320
2012.59836,2012-08-06,-54.4170,171.5420,-283.4050,0.9960,1.1660,4.9590
2012.60109,2012-08-07,-55.2360,170.2280,-277.4770,1.0400,1.3510,5.2080
2012.60383,2012-08-08,-56.2770,173.1290,-267.0580,1.2430,1.4950,5.8200
2012.60656,2012-08-09,-56.0230,177.3390,-267.6010,1.0980,1.3960,5.4680
2012.60929,2012-08-10,-53.7400,172.9350,-262.7200,1.2420,1.4360,5.8330
2012.61202,2012-08-11,-58.0740,172.6200,-274.6720,1.1660,1.3130,5.1690
2012.61475,2012-08-12,-55.5370,172.1760,-271.9450,1.1940,1.3950,5.7800
2012.62022,2012-08-14,-55.7810,171.8080,-278.2450,1.7330,2.2980,7.7970
2012.62295,2012-08-15,-56.5570,175.3850,-289.5280,1.6520,2.1010,7.2130
2012.62568,2012-08-16,-56.2690,169.7860,-282.0620,1.3100,1.4090,5.6400
2012.62842,2012-08-17,-53.7390,170.5790,-280.7980,1.4610,1.7470,6.8250
2012.63115,2012-08-18,-55.7460,170.9160,-275.9420,1.8170,2.1070,7.9050
2012.63661,2012-08-20,-52.0350,171.2850,-279.3030,2.3040,3.5170,9.3510
2012.63934,2012-08-21,-58.9350,173.9070,-260.0000,1.7460,2.2270,7.7930
2012.64208,2012-08-22,-54.2790,173.7540,-270.5800,1.6490,1.7170,6.3130
2012.64481,2012-08-23,-61.0720,182.8790,-272.7000,1.9140,2.6730,7.8400
2012.64754,2012-08-24,-57.7020,175.5800,-268.2930,2.1540,2.5450,8.3850
2012.65027,2012-08-25,-55.9100,170.6500,-282.8750,1.4270,1.6220,6.2160
2012.65301,2012-08-26,-59.9820,176.7610,-272.1140,2.0630,2.6130,7.9640
2012.65574,2012-08-27,-56.1920,175.2990,-286.1160,2.0500,2.7990,8.7350
2012.66120,2012-08-29,-56.1650,171.2380,-264.6470,1.8780,2.4770,7.5050
2012.66393,2012-08-30,-53.1790,172.4470,-269.7670,1.0720,1.2090,5.0030
2012.66667,2012-08-31,-53.2230,172.0290,-283.9060,0.9670,1.1130,4.7700
2012.66940,2012-09-01,-50.3360,172.6830,-276.1840,0.9760,1.1150,4.7390
2012.67213,2012-09-02,-54.0600,173.4240,-279.1900,0.9590,1.1120,4.5510
2012.67486,2012-09-03,-56.5140,175.6260,-287.4740,0.9140,1.0510,4.4710
2012.67760,2012-09-04,-54.5480,173.5510,-266.7260,0.8950,1.0300,4.3460
2012.68033,2012-09-05,-56.5460,173.8970,-269.7610,0.9090,1.0280,4.4680
2012.68306,2012-09-06,-56.7940,172.2350,-279.6560,0.9330,1.0230,4.3590
2012.68579,2012-09-07,-57.2020,174.7640,-271.0580,1.1850,1.3250,5.7150
2012.68852,2012-09-08,-54.0230,172.9530,-271.7480,0.9360,1.0480,4.5080
2012.69126,2012-09-09,-56.2210,174.3280,-275.0150,0.9210,1.0590,4.4180
2012.69399,2012-09-10,-53.6740,170.1820,-277.5010,0.9210,1.0980,4.4020
2012.69672,2012-09-11,-54.3030,169.7630,-303.5730,0.9800,1.1190,4.9150
2012.69945,2012-09-12,-56.0160,171.8740,-278.9450,0.9160,1.0610,4.3870
2012.70219,2012-09-13,-55.7920,171.6080,-307.6040,0.9850,1.1010,4.9490
2012.70492,2012-09-14,-54.4760,174.0960,-278.1430,0.9310,1.1230,4.5460
2012.70765,2012-09-15,-56.2980,174.9570,-287.5780,0.9140,1.0490,4.4830
2012.71038,2012-09-16,-55.9980,176.0010,-280.7490,0.9340,1.1060,4.5950
2012.71311,2012-09-17,-55.3950,173.2730,-281.9550,0.9290,1.1120,4.5830
2012.71585,2012-09-18,-54.4750,172.5830,-271.6650,1.1860,1.3940,6.0620
2012.71858,2012-09-19,-56.7950,173.5180,-283.6460,1.0090,1.1790,4.6460
2012.72131,2012-09-20,-53.4670,174.7870,-292.5550,0.9700,1.1190,4.6510
2012.72404,2012-09-21,-54.6880,176.9360,-282.5850,1.0560,1.1630,4.9190
2012.72678,2012-09-22,-54.7460,175.5490,-279.6270,0.9210,1.0450,4.2940
2012.72951,2012-09-23,-54.0910,175.2700,-282.2360,0.9630,1.1490,4.5760
2012.73224,2012-09-24,-55.3450,172.9860,-289.7470,0.9660,1.1400,4.7330
2012.73497,2012-09-25,-55.0320,173.8350,-284.4900,1.0350,1.1690,4.9490
2012.73770,2012-09-26,-52.9770,171.4840,-292.5010,1.1790,1.3830,5.6190
2012.74044,2012-09-27,-52.3610,172.7290,-284.2220,1.2720,1.4310,5.7550
2012.74317,2012-09-28,-56.1740,173.5420,-295.3890,1.1210,1.3630,5.4810
2012.75137,2012-10-01,-56.4210,174.9160,-292.9510,1.0240,1.2780,5.0880
2012.75410,2012-10-02,-55.8540,174.2910,-283.5370,1.2750,1.5450,5.9890
2012.75683,2012-10-03,-55.9950,175.9600,-290.4980,0.9910,1.1810,4.7590
2012.75956,2012-10-04,-55.6990,174.8730,-287.7540,0.8660,1.0240,4.1530
2012.76230,2012-10-05,-55.4030,174.5570,-292.3940,0.8590,0.9940,4.0720
2012.76503,2012-10-06,-57.0140,173.3140,-293.5190,0.8490,0.9730,4.0410
2012.76776,2012-10-07,-54.7520,172.2570,-289.7150,0.8670,0.9880,4.1620
2012.77049,2012-10-08,-54.6130,173.8110,-294.6160,0.8630,0.9940,4.1400
2012.77322,2012-10-09,-56.3930,172.0730,-295.9330,0.8680,0.9960,4.1470
2012.77596,2012-10-10,-54.8000,175.6900,-287.5920,0.8720,1.0060,4.1410
2012.77869,2012-10-11,-55.7140,174.0560,-288.5250,0.8900,1.0400,4.2620
2012.78142,2012-10-12,-54.4820,173.1700,-295.2750,0.8760,1.0120,4.1950
2012.78415,2012-10-13,-53.7870,174.5190,-295.7580,0.8810,1.0210,4.1450
2012.78689,2012-10-14,-56.1560,172.7850,-296.2220,0.9010,1.0480,4.3670
2012.78962,2012-10-15,-55.7300,177.0370,-288.4010,0.9100,1.0770,4.3620
2012.79235,2012-10-16,-55.6690,174.8730,-306.5760,0.9530,1.0840,4.4570
2012.79781,2012-10-18,-54.1570,174.0260,-301.2230,0.9560,1.1200,4.7020
2012.80055,2012-10-19,-57.1500,175.5000,-289.6250,0.9010,1.0270,4.3230
2012.80328,2012-10-20,-56.9810,175.8010,-292.0670,0.8750,0.9940,4.1560
2012.80601,2012-10-21,-57.4990,175.7250,-290.3190,0.9210,1.0300,4.4050
2012.80874,2012-10-22,-55.3040,175.6790,-294.6000,0.9790,1.1350,4.6160
2012.81148,2012-10-23,-55.7860,174.9560,-289.3390,1.0180,1.1860,4.8460
2012.81421,2012-10-24,-55.9260,176.1220,-289.7060,0.9190,1.0380,4.3030
2012.81694,2012-10-25,-56.9120,176.4830,-293.1420,0.9070,1.0480,4.4700
2012.81967,2012-10-26,-56.9030,175.7260,-299.1730,0.9170,1.0280,4.3490
2012.82240,2012-10-27,-57.4020,177.5670,-295.7110,0.8930,1.0230,4.2560
2012.82514,2012-10-28,-56.7600,175.8270,-293.2210,0.8860,1.0200,4.2550
2012.82787,2012-10-29,-57.8720,176.0770,-293.6180,0.9000,1.0150,4.3380
2012.83060,2012-10-30,-59.3720,176.7100,-293.9240,0.9190,1.0590,4.3510
2012.83333,2012-10-31,-57.7850,178.0020,-282.3590,0.8990,1.0100,4.3250
2012.83607,2012-11-01,-59.8640,178.6480,-292.0100,0.8920,0.9870,4.2710
2012.83880,2012-11-02,-59.6790,177.2680,-301.0430,0.9000,1.0010,4.2130
2012.84153,2012-11-03,-57.0650,173.6640,-299.4950,0.9390,1.0490,4.3490
2012.84426,2012-11-04,-59.4730,178.1240,-289.6070,0.8910,1.0020,4.2510
2012.84699,2012-11-05,-61.6250,177.3060,-290.4490,0.8910,0.9980,4.2070
2012.84973,2012-11-06,-60.6990,177.0780,-298.2340,0.9160,1.0420,4.3670
2012.85246,2012-11-07,-60.0750,181.0720,-296.6540,1.0670,1.1850,5.3000
2012.85519,2012-11-08,-61.6990,177.9400,-301.3380,0.9990,1.1520,4.9960
2012.85792,2012-11-09,-59.0970,178.3540,-291.0890,0.9490,1.0800,4.4450
2012.86066,2012-11-10,-57.9620,179.8390,-299.5680,0.9400,1.0570,4.7680
2012.86339,2012-11-11,-59.2470,177.1380,-298.9160,0.8820,1.0210,4.2160
2012.86612,2012-11-12,-58.9640,177.3710,-295.0040,0.9350,1.0660,4.4780
2012.86885,2012-11-13,-58.4410,177.8960,-299.3290,0.9440,1.1400,4.5870
2012.87158,2012-11-14,-56.5770,177.4290,-293.6800,0.9410,1.1070,4.6190
2012.87432,2012-11-15,-56.7220,179.6750,-293.8110,0.9670,1.0880,4.5790
2012.87705,2012-11-16,-56.6390,178.5260,-302.3020,0.9370,1.0650,4.4920
2012.87978,2012-11-17,-57.7020,178.7350,-293.5360,1.0580,1.2140,5.2170
2012.88251,2012-11-18,-58.1770,176.9030,-287.1710,0.9530,1.1120,4.5860
2012.88525,2012-11-19,-59.0360,180.1690,-292.3730,0.8950,1.0270,4.2600
2012.88798,2012-11-20,-58.1770,177.8450,-294.0820,0.8830,1.0130,4.1810
2012.89071,2012-11-21,-58.1960,179.5390,-291.5580,0.8830,1.0150,4.2520
2012.89344,2012-11-22,-57.6130,178.6440,-299.3620,0.8690,0.9660,4.0660
2012.89617,2012-11-23,-57.7580,182.1110,-288.3510,0.8820,0.9960,4.1810
2012.89891,2012-11-24,-59.5280,179.0990,-294.4740,0.8660,0.9840,4.1510
2012.90164,2012-11-25,-58.3520,178.1420,-290.1740,0.8740,0.9690,4.1980
2012.90437,2012-11-26,-59.1040,178.9310,-280.2740,0.8760,0.9730,4.2690
2012.90710,2012-11-27,-57.7350,178.1120,-290.4260,0.8770,1.0110,4.1780
2012.90984,2012-11-28,-59.1020,179.9310,-282.3500,0.8850,1.0210,4.2260
2012.91257,2012-11-29,-58.8790,178.3180,-287.4940,0.9020,1.0050,4.2950
2012.91530,2012-11-30,-56.9490,179.6640,-282.5770,0.8880,1.0100,4.1740
2012.91803,2012-12-01,-59.5750,179.9510,-292.1580,0.8710,0.9890,4.1860
2012.92077,2012-12-02,-60.1930,179.9490,-282.6000,0.8840,1.0380,4.3070
2012.92350,2012-12-03,-59.9120,181.0340,-294.6270,0.8880,0.9790,4.2880
2012.92623,2012-12-04,-57.8680,180.9970,-291.7160,0.9060,1.0190,4.2550
2012.92896,2012-12-05,-60.5600,182.3930,-290.4590,0.9250,1.0630,4.4740
2012.93169,2012-12-06,-59.4020,180.2240,-290.4250,0.8780,0.9880,4.0820
2012.93443,2012-12-07,-58.9130,180.3890,-284.2490,0.8970,1.0490,4.3290
2012.93716,2012-12-08,-57.3840,181.6010,-286.7720,0.9640,1.1110,4.7290
2012.95082,2012-12-13,-60.6870,181.0890,-284.8020,1.1660,1.3520,5.4290
2012.95355,2012-12-14,-59.9160,183.1160,-289.5350,0.8840,1.0190,4.3160
2012.95628,2012-12-15,-57.6210,181.1780,-288.9450,0.9230,1.0450,4.4270
2012.95902,2012-12-16,-58.5090,180.5280,-286.1060,0.9180,1.0420,4.3730
2012.96175,2012-12-17,-57.4870,179.6850,-291.3400,0.9420,1.0540,4.4740
2012.96448,2012-12-18,-59.6970,179.3430,-290.8950,0.9430,1.1270,4.5160
2012.96721,2012-12-19,-59.5950,180.2390,-297.2060,1.1030,1.3010,5.0120
2012.96995,2012-12-20,-60.0340,181.0100,-289.4620,1.0640,1.1410,4.8840
2012.97268,2012-12-21,-58.4340,181.3090,-294.2830,1.0220,1.1220,4.8440
2012.97541,2012-12-22,-59.3590,180.7620,-283.2110,0.9680,1.0880,4.4140
2012.97814,2012-12-23,-61.6250,181.1340,-280.1190,1.1160,1.2860,5.3810
2012.98087,2012-12-24,-59.4060,181.8260,-285.5800,1.0580,1.1910,5.0140
2012.98361,2012-12-25,-58.1740,178.0650,-292.1820,1.2510,1.3530,5.3450
2012.98634,2012-12-26,-60.0150,182.1460,-281.3900,1.4910,1.6850,6.6640
2012.98907,2012-12-27,-62.8690,183.0900,-288.8210,0.9540,1.0940,4.5980
2012.99180,2012-12-28,-59.6030,182.7120,-290.0080,1.1530,1.2550,5.2640
2012.99454,2012-12-29,-60.7420,180.4620,-282.7130,1.0960,1.2650,5.0570
2012.99727,2012-12-30,-60.9420,181.6710,-278.8880,1.0620,1.2410,5.0850
2013.00000,2012-12-31,-62.8580,184.0330,-285.9200,1.4080,1.7080,6.4040
2013.00274,2013-01-01,-62.6560,181.8110,-283.7750,1.6030,1.9480,7.3090
2013.00548,2013-01-02,-62.0810,181.9470,-288.4910,1.1020,1.4170,5.8010
2013.00822,2013-01-03,-62.5200,182.5850,-279.2300,1.1430,1.3080,5.4600
2013.01096,2013-01-04,-59.7220,182.5680,-284.9410,1.1520,1.3180,5.3040
2013.01370,2013-01-05,-58.4040,185.6760,-290.2030,1.4330,1.8530,7.1540
2013.01644,2013-01-06,-60.5000,186.3140,-282.3730,1.5430,1.9750,7.3120
2013.01918,2013-01-07,-58.2090,184.0480,-273.6440,1.2280,1.3420,5.6000
2013.02192,2013-01-08,-60.8710,183.6900,-277.7430,1.7810,2.2850,7.4780
2013.02466,2013-01-09,-61.2420,184.1970,-278.8230,0.9650,1.0670,4.4120
2013.02740,2013-01-10,-59.2510,183.7550,-283.9150,0.8840,1.0090,4.0730
2013.03014,2013-01-11,-59.1840,182.9330,-284.6340,0.8800,0.9920,4.1610
2013.03288,2013-01-12,-60.6790,185.3300,-274.7740,0.9010,1.0270,4.2710
2013.03562,2013-01-13,-61.6150,184.7180,-275.3480,0.8960,0.9920,4.2030
2013.03836,2013-01-14,-59.2260,185.6390,-286.4790,0.8540,0.9600,4.0220
2013.04110,2013-01-15,-59.3580,184.4500,-289.2040,0.8770,0.9880,4.1200
2013.04384,2013-01-16,-59.6850,183.3810,-284.9990,0.8880,1.0060,4.2130
2013.04658,2013-01-17,-60.9870,184.0070,-281.1670,0.8990,0.9770,4.2290
2013.04932,2013-01-18,-60.4060,185.0820,-294.1110,0.8710,0.9810,4.1070
2013.05205,2013-01-19,-60.4960,185.5890,-289.9940,0.9120,0.9970,4.2730
2013.05479,2013-01-20,-60.6620,187.0080,-288.6380,0.8990,0.9850,4.2390
2013.05753,2013-01-21,-61.3290,187.3600,-283.8350,0.8750,0.9740,4.1550
2013.06027,2013-01-22,-60.8360,185.8910,-298.4530,0.8600,0.9510,4.0620
2013.06301,2013-01-23,-61.2820,184.7340,-291.4040,1.0710,1.2440,5.0890
2013.06575,2013-01-24,-61.1610,184.6720,-290.1800,0.9600,1.0900,4.6230
2013.06849,2013-01-25,-63.3380,186.8040,-291.6340,0.9100,1.0010,4.2390
2013.07123,2013-01-26,-62.8980,187.5480,-298.0640,0.9180,1.0410,4.3220
2013.07397,2013-01-27,-61.9700,186.7710,-293.9850,0.9650,1.0400,4.5070
2013.07671,2013-01-28,-62.1390,186.2760,-297.4150,0.8650,0.9650,4.1000
2013.07945,2013-01-29,-62.3840,186.1090,-295.5330,0.8710,0.9550,4.0570
2013.08219,2013-01-30,-62.8180,187.1950,-298.7830,0.8610,0.9550,4.0170
2013.08493,2013-01-31,-61.2860,188.2520,-292.2380,0.8720,0.9770,4.0760
2013.08767,2013-02-01,-63.6280,190.3610,-293.5670,0.8690,0.9680,4.0580
2013.09041,2013-02-02,-62.4830,187.0940,-292.4810,0.8700,0.9630,4.0270
2013.09315,2013-02-03,-63.9510,187.4010,-299.9840,0.8710,0.9660,4.1000
2013.09589,2013-02-04,-63.5830,187.9190,-293.1420,0.8600,0.9560,3.9910
2013.09863,2013-02-05,-62.6910,186.6080,-302.2440,0.9260,1.0360,4.4440
2013.10137,2013-02-06,-60.0130,187.3700,-298.8480,0.9660,1.0620,4.4910
2013.10411,2013-02-07,-62.6990,188.7770,-298.1120,0.9020,1.0040,4.1960
2013.10685,2013-02-08,-62.3620,187.5290,-307.8730,0.8720,0.9530,4.0740
2013.10959,2013-02-09,-61.0170,186.5790,-298.6060,0.9290,1.0140,4.3990
2013.11233,2013-02-10,-64.0030,189.3040,-300.6420,0.9120,1.0460,4.3040
2013.11507,2013-02-11,-64.6140,187.8780,-306.2410,0.8460,0.9560,3.9090
2013.11781,2013-02-12,-63.9800,189.7220,-297.5740,0.9010,1.0060,4.2170
2013.12055,2013-02-13,-65.7800,190.0460,-299.3740,1.0110,1.1590,4.7440
2013.12329,2013-02-14,-64.2530,189.5490,-302.9430,0.8630,0.9710,4.0450
2013.12603,2013-02-15,-65.8930,189.4250,-300.9040,0.8960,0.9970,4.1930
2013.12877,2013-02-16,-64.0930,188.9070,-307.4780,0.9580,1.0530,4.4350
2013.13151,2013-02-17,-64.0990,190.3720,-298.7770,0.9230,1.0570,4.3610
2013.13425,2013-02-18,-65.5370,190.4940,-303.3410,0.9070,1.0220,4.2150
2013.13699,2013-02-19,-65.6170,189.8240,-303.1370,0.9030,1.0060,4.2460
2013.13973,2013-02-20,-62.7270,189.0330,-303.9790,0.9370,1.0510,4.4680
2013.14247,2013-02-21,-63.6170,188.8210,-313.3650,0.9370,1.0400,4.4670
2013.14521,2013-02-22,-64.0250,189.8300,-307.0490,0.9490,1.0430,4.3910
2013.14795,2013-02-23,-63.2140,188.9360,-307.7770,0.9780,1.0830,4.6560
2013.15068,2013-02-24,-65.8620,190.5670,-308.8340,0.8950,1.0260,4.1860
2013.15342,2013-02-25,-65.8080,191.6920,-308.3530,0.9140,1.0470,4.2970
2013.15616,2013-02-26,-65.9030,192.1240,-311.5940,0.9130,1.0780,4.4600
2013.15890,2013-02-27,-63.4690,191.9500,-311.2900,0.8600,0.9960,4.0770
2013.16164,2013-02-28,-63.4600,191.5520,-311.2950,0.8640,0.9770,4.0510
2013.16438,2013-03-01,-66.0770,193.2910,-307.4960,0.8750,1.0200,4.2270
2013.16712,2013-03-02,-64.3420,192.0670,-309.1380,0.9170,1.0410,4.3930
2013.16986,2013-03-03,-65.3490,189.7960,-316.2610,0.9210,1.0290,4.2610
2013.17260,2013-03-04,-63.7290,190.4500,-321.6110,0.9290,1.0460,4.2460
2013.17534,2013-03-05,-64.4210,190.4230,-314.1480,0.8790,1.0110,4.1400
2013.17808,2013-03-06,-65.5320,189.6110,-308.6650,0.9130,1.0740,4.4190
2013.18082,2013-03-07,-63.7210,188.6390,-305.1530,0.9220,1.0730,4.4590
2013.18356,2013-03-08,-65.1080,190.8350,-309.9770,0.9400,1.0920,4.5790
2013.18630,2013-03-09,-63.5430,188.7800,-316.2450,0.8870,1.0300,4.3950
2013.18904,2013-03-10,-63.2760,189.8570,-314.7510,0.8860,1.0580,4.3070
2013.19178,2013-03-11,-64.0700,187.6780,-324.5890,0.9130,1.0320,4.3890
2013.19452,2013-03-12,-64.2740,189.1570,-317.0790,0.8930,1.0030,4.2440
2013.19726,2013-03-13,-63.4800,189.3310,-316.5540,0.8990,1.0290,4.3020
2013.20000,2013-03-14,-63.1370,189.7330,-317.4180,0.8940,1.0130,4.2590
2013.20274,2013-03-15,-64.5750,190.4690,-318.7710,0.8860,1.0530,4.2800
2013.20548,2013-03-16,-64.6060,189.9050,-319.2120,0.8860,1.0110,4.1240
2013.20822,2013-03-17,-63.3740,189.6870,-323.9800,0.8970,1.0590,4.4410
2013.21096,2013-03-18,-63.1610,191.4390,-315.2460,0.8960,1.0010,4.1910
2013.21370,2013-03-19,-65.8700,192.4560,-307.2480,0.9030,1.0690,4.3190
2013.21644,2013-03-20,-62.3420,190.3620,-312.5340,1.0120,1.1610,4.9190
2013.21918,2013-03-21,-64.0260,189.2020,-308.2880,1.0050,1.1130,4.5930
2013.22192,2013-03-22,-64.0380,189.8610,-315.1330,0.9400,1.0760,4.3870
2013.22466,2013-03-23,-62.4630,189.8730,-312.6870,0.9120,1.0380,4.3720
2013.22740,2013-03-24,-64.6080,191.8540,-321.4290,0.9790,1.0730,4.6660
2013.23014,2013-03-25,-62.4540,189.9980,-313.3080,0.9220,1.0480,4.3440
2013.23288,2013-03-26,-63.5070,192.7440,-321.2400,0.9480,1.0250,4.3730
2013.23562,2013-03-27,-63.4100,192.8580,-312.1850,0.9400,1.0280,4.2240
2013.23836,2013-03-28,-61.8820,191.4960,-315.1060,0.9720,1.1390,4.8020
2013.24110,2013-03-29,-61.8410,193.3000,-315.3380,0.8970,1.0100,4.2050
2013.24384,2013-03-30,-61.8700,191.6840,-315.4350,0.9100,1.0320,4.3000
2013.24658,2013-03-31,-62.3230,191.5300,-321.5080,0.9180,1.0170,4.2300
2013.24932,2013-04-01,-62.6300,189.8080,-321.3320,1.0080,1.1210,4.5860
2013.25205,2013-04-02,-61.5430,191.2810,-316.4390,0.9110,0.9990,4.2730
2013.25479,2013-04-03,-63.3430,192.7690,-317.0470,0.9050,1.0280,4.1830
2013.25753,2013-04-04,-63.0490,193.7990,-307.3610,0.9610,1.0510,4.5500
2013.26027,2013-04-05,-61.9780,189.7260,-308.8910,0.9690,1.0630,4.5120
2013.26301,2013-04-06,-62.1980,192.4240,-310.0720,0.9170,1.0840,4.5740
2013.26575,2013-04-07,-61.9390,191.5970,-319.6490,0.9390,1.0150,4.4050
2013.26849,2013-04-08,-62.6030,192.6620,-316.9730,0.9540,1.0770,4.3170
2013.27123,2013-04-09,-61.0410,191.7940,-309.6470,0.9720,1.0620,4.4100
2013.27397,2013-04-10,-62.1760,191.9070,-313.8690,1.0340,1.1400,4.8410
2013.27671,2013-04-11,-62.7550,194.1180,-309.8140,0.9270,1.0400,4.2860
2013.27945,2013-04-12,-61.5040,192.1130,-310.9540,0.9160,1.0530,4.2140
2013.28219,2013-04-13,-63.0000,193.1670,-308.6920,0.9150,1.0440,4.2450
2013.28493,2013-04-14,-62.8360,193.5180,-310.9610,0.8870,0.9870,4.0480
2013.28767,2013-04-15,-64.4240,194.4570,-313.4290,1.0630,1.2080,5.0350
2013.29041,2013-04-16,-64.6890,193.1280,-309.6560,1.1490,1.2770,5.2010
2013.29315,2013-04-17,-63.1100,193.5450,-321.2890,1.0020,1.1110,4.6500
2013.29589,2013-04-18,-65.1420,195.0100,-306.9730,0.9860,1.0820,4.5540
2013.29863,2013-04-19,-63.2560,196.3210,-301.4480,0.9710,1.0520,4.4370
2013.30137,2013-04-20,-66.1400,192.5720,-308.9300,0.9110,0.9780,4.1680
2013.30411,2013-04-21,-64.2180,193.4630,-317.7190,0.9150,1.0220,4.3170
2013.30685,2013-04-22,-62.7640,195.2910,-315.2470,0.9300,1.0340,4.3360
2013.30959,2013-04-23,-63.8440,194.2300,-317.0410,0.9380,1.0130,4.2020
2013.31233,2013-04-24,-62.0700,193.1780,-311.1420,0.8860,0.9920,4.1220
2013.31507,2013-04-25,-64.9790,195.0490,-305.7350,0.9230,0.9980,4.2020
2013.31781,2013-04-26,-65.4920,196.9840,-308.1850,0.8710,0.9640,4.0090
2013.32055,2013-04-27,-65.2070,196.3270,-317.0900,0.9200,1.0600,4.4080
2013.32329,2013-04-28,-62.6390,197.4790,-315.8260,0.9190,1.0020,4.1920
2013.32603,2013-04-29,-63.7670,196.4750,-302.1890,0.9090,1.0460,4.2560
2013.32877,2013-04-30,-62.2380,196.0580,-304.8350,0.9470,1.0550,4.3220
2013.33151,2013-05-01,-61.6810,196.0580,-308.6500,0.9070,1.0100,4.1370
2013.33425,2013-05-02,-62.4420,193.8060,-315.2860,0.9240,0.9910,4.2790
2013.33699,2013-05-03,-61.9230,196.4630,-306.2730,0.9040,1.0040,4.1640
2013.33973,2013-05-04,-61.5370,195.9630,-301.8300,0.9070,1.0180,4.2070
2013.34247,2013-05-05,-62.2700,195.0250,-300.5190,0.9280,1.0170,4.2650
2013.34521,2013-05-06,-64.4610,195.9760,-306.1550,0.9180,1.0020,4.2130
2013.34795,2013-05-07,-64.9490,195.5260,-311.8080,0.9270,1.0110,4.1770
2013.35068,2013-05-08,-62.7290,198.3970,-306.7150,0.9010,1.0050,4.2600
2013.35342,2013-05-09,-63.7330,195.6190,-306.9430,0.9160,0.9960,4.2600
2013.35616,2013-05-10,-63.4080,194.7600,-297.3370,1.0260,1.1650,4.6830
2013.35890,2013-05-11,-64.5630,196.7860,-307.6540,0.9250,1.0400,4.3040
2013.36164,2013-05-12,-65.0290,197.1900,-305.8840,0.9560,1.0750,4.4880
2013.36438,2013-05-13,-64.2600,196.9710,-314.3300,0.9440,1.0210,4.3040
2013.36712,2013-05-14,-62.5060,196.0740,-307.8680,0.9280,1.0000,4.3640
2013.36986,2013-05-15,-64.4560,197.9890,-303.0930,0.9330,1.0410,4.4410
2013.37260,2013-05-16,-62.4440,199.4200,-294.9270,0.9190,1.0520,4.3420
2013.37534,2013-05-17,-64.5610,199.6930,-309.5670,0.9100,1.0200,4.2150
2013.37808,2013-05-18,-63.6460,197.5560,-298.8550,0.9380,1.0440,4.3580
2013.38082,2013-05-19,-65.2940,201.5160,-293.2380,0.9730,1.1050,4.6790
2013.38356,2013-05-20,-64.2840,194.9310,-307.7280,0.9970,1.1000,4.7680
2013.38630,2013-05-21,-64.9890,197.0490,-298.9240,0.9270,1.0360,4.2530
2013.38904,2013-05-22,-66.2240,197.5580,-303.4650,0.9240,1.0160,4.3010
2013.39178,2013-05-23,-62.0270,198.6540,-317.5760,0.9230,1.0370,4.3580
2013.39452,2013-05-24,-64.0610,201.4470,-308.7370,0.9210,1.0140,4.2110
2013.39726,2013-05-25,-64.6520,197.7680,-305.6780,0.9580,1.0810,4.3740
2013.40000,2013-05-26,-65.2630,199.3570,-300.4160,0.9030,1.0010,4.0430
2013.40274,2013-05-27,-64.8370,200.3440,-297.2760,0.9270,1.0340,4.2940
2013.40548,2013-05-28,-65.7930,199.7050,-310.2760,0.8960,1.0270,4.1380
2013.40822,2013-05-29,-66.0130,201.0920,-306.2960,0.9040,1.0140,4.1580
2013.41096,2013-05-30,-66.4310,199.0270,-308.7130,0.9210,1.0640,4.1880
2013.41370,2013-05-31,-66.5600,199.6130,-307.8760,0.9090,1.0410,4.2430
2013.41644,2013-06-01,-67.3980,198.7450,-309.6040,0.9120,1.0170,4.2350
2013.41918,2013-06-02,-66.4730,205.2530,-302.1510,0.9430,1.0470,4.2900
2013.42192,2013-06-03,-65.4180,204.1520,-308.7710,0.9410,1.0330,4.2940
2013.42466,2013-06-04,-67.8260,200.9930,-313.4980,0.9340,1.0540,4.2750
2013.42740,2013-06-05,-68.3190,202.9800,-309.4090,0.9060,1.0290,4.0650
2013.43014,2013-06-06,-68.3880,204.0620,-313.7420,0.9180,1.0260,4.2230
2013.43288,2013-06-07,-69.1210,203.7140,-311.2460,0.9330,1.0360,4.2500
2013.43562,2013-06-08,-69.2390,204.2470,-308.8070,0.9290,1.0610,4.2630
2013.43836,2013-06-09,-68.5690,204.0250,-319.6990,0.9440,1.0700,4.2760
2013.44110,2013-06-10,-68.4660,204.5990,-314.2470,0.9340,1.0510,4.3410
2013.44384,2013-06-11,-69.1720,203.9260,-304.4010,0.9700,1.1060,4.6350
2013.44658,2013-06-12,-64.4640,202.6100,-310.0080,0.9880,1.1550,4.7830
2013.44932,2013-06-13,-68.6610,204.9040,-309.4210,0.9340,1.0670,4.3850
2013.45205,2013-06-14,-66.7010,202.7760,-316.7170,0.9650,1.0910,4.4870
2013.45479,2013-06-15,-67.5670,205.6240,-308.1280,1.1320,1.2040,5.0680
2013.45753,2013-06-16,-67.7280,203.0380,-313.8100,0.9500,1.0650,4.3520
2013.46027,2013-06-17,-68.4010,204.9240,-315.9620,0.9450,1.0520,4.4230
2013.46301,2013-06-18,-71.1040,208.3160,-306.6540,0.9430,1.0460,4.3530
2013.46575,2013-06-19,-66.9560,204.1840,-316.3780,0.9460,1.0530,4.3810
2013.46849,2013-06-20,-67.3450,201.5200,-315.3950,0.9580,1.1010,4.4500
2013.47123,2013-06-21,-69.0880,203.9370,-300.5870,0.9620,1.0630,4.4440
2013.47397,2013-06-22,-71.4520,206.0110,-305.4970,0.9320,1.0210,4.2750
2013.47671,2013-06-23,-70.2410,202.2180,-304.0110,0.9560,1.0880,4.5370
2013.47945,2013-06-24,-67.8060,205.4920,-307.8440,0.9210,1.0380,4.1410
2013.48219,2013-06-25,-68.2150,203.6870,-309.7440,0.9600,1.0660,4.3650
2013.48493,2013-06-26,-70.9510,205.5300,-305.9520,0.9390,1.0150,4.2760
2013.48767,2013-06-27,-71.8290,205.6550,-302.3650,0.9430,1.0410,4.3250
2013.49041,2013-06-28,-71.0420,205.6790,-304.4090,0.9130,0.9950,4.1360
2013.49315,2013-06-29,-68.3020,203.2920,-311.9130,0.9350,1.0830,4.3870
2013.49589,2013-06-30,-69.0230,203.7300,-305.6890,0.9820,1.1660,4.7230
2013.49863,2013-07-01,-69.6870,206.4300,-306.6680,0.9590,1.0680,4.4350
2013.50137,2013-07-02,-69.3750,203.5380,-311.3570,0.9290,1.0520,4.3000
2013.50411,2013-07-03,-73.0110,203.4590,-310.4360,0.9510,1.1250,4.5140
2013.50685,2013-07-04,-70.8100,202.4580,-299.8690,0.9560,1.0710,4.4710
2013.50959,2013-07-05,-70.5700,206.9690,-296.7770,0.9610,1.1300,4.6530
2013.51233,2013-07-06,-69.9790,205.9780,-303.2100,0.9630,1.1250,4.6630
2013.51507,2013-07-07,-70.1480,204.7720,-303.9990,0.9670,1.1110,4.6580
2013.51781,2013-07-08,-70.6550,206.1440,-306.8450,0.9410,1.1260,4.6170
2013.52055,2013-07-09,-69.8330,204.6630,-304.0920,0.9230,1.0800,4.4500
2013.52329,2013-07-10,-67.4770,202.2540,-313.8320,0.9250,1.1110,4.4230
2013.52603,2013-07-11,-69.5450,205.4090,-308.1370,0.9640,1.0600,4.6890
2013.52877,2013-07-12,-67.7810,210.3250,-283.0640,0.9810,1.0910,4.6060
2013.53151,2013-07-13,-69.5140,211.1010,-277.0890,1.0040,1.1320,4.6760
2013.53425,2013-07-14,-67.7190,205.8750,-300.9420,0.9310,1.0880,4.4510
2013.53699,2013-07-15,-69.4870,204.2380,-307.0120,0.9320,1.0890,4.3820
2013.53973,2013-07-16,-69.0110,208.5120,-308.8420,0.9050,1.0610,4.3110
2013.54247,2013-07-17,-68.7920,205.6140,-302.0690,0.9300,1.0840,4.4360
2013.54521,2013-07-18,-68.7550,203.5740,-308.8790,0.8870,1.0310,4.2120
2013.54795,2013-07-19,-68.1040,206.1180,-312.7350,0.9260,1.0600,4.3230
2013.55068,2013-07-20,-67.4410,204.9800,-305.7390,0.9010,1.0420,4.1070
2013.55342,2013-07-21,-66.4410,206.6180,-308.8910,0.9030,1.0770,4.1970
2013.55616,2013-07-22,-69.5810,205.6060,-308.4300,0.9150,1.0680,4.2440
2013.55890,2013-07-23,-69.7040,202.9470,-304.9340,0.9060,1.0720,4.3140
2013.56164,2013-07-24,-68.3700,204.4610,-324.6090,0.9990,1.1800,4.8980
2013.56438,2013-07-25,-72.8290,204.2900,-307.3570,0.9510,1.1180,4.5760
2013.56712,2013-07-26,-69.8480,207.4230,-302.4860,0.9450,1.1090,4.3760
2013.56986,2013-07-27,-70.0800,205.6760,-314.3550,0.9270,1.0620,4.3430
2013.57260,2013-07-28,-69.5890,205.6780,-315.7280,0.9410,1.1530,4.5490
2013.57534,2013-07-29,-70.9010,209.5150,-300.8960,0.9160,1.0700,4.2540
2013.57808,2013-07-30,-68.6480,209.5420,-317.4020,0.9410,1.0760,4.6210
2013.58082,2013-07-31,-67.9250,207.2520,-315.6800,0.9440,1.0810,4.4600
2013.58630,2013-08-02,-69.0840,208.8220,-304.6990,0.9160,1.0610,4.2250
2013.58904,2013-08-03,-70.7290,210.9500,-301.2540,0.9310,1.0780,4.4390
2013.59178,2013-08-04,-70.4800,206.4120,-311.7470,0.9360,1.0920,4.4140
2013.59452,2013-08-05,-70.0140,208.1420,-310.8390,0.9270,1.0630,4.3000
2013.59726,2013-08-06,-69.0450,208.9210,-310.7690,0.9310,1.0680,4.3800
2013.60000,2013-08-07,-70.5880,207.1240,-320.8770,0.9170,1.0540,4.3020
2013.60274,2013-08-08,-70.5920,208.1140,-306.2750,0.9230,1.0610,4.2630
2013.60548,2013-08-09,-69.8700,206.1400,-308.2960,0.9360,1.0600,4.3040
2013.60822,2013-08-10,-71.2940,202.7970,-288.8610,0.9550,1.1100,4.4610
2013.61096,2013-08-11,-68.6430,210.5280,-315.0620,0.9190,1.0750,4.2510
2013.61370,2013-08-12,-69.7910,211.8630,-315.6370,0.9670,1.0980,4.5900
2013.61644,2013-08-13,-70.1260,209.5330,-312.7040,0.9350,1.0600,4.3840
2013.61918,2013-08-14,-71.6380,206.9180,-317.8010,0.9410,1.0940,4.5370
2013.62192,2013-08-15,-71.9620,209.6150,-318.3320,0.9310,1.0640,4.2810
2013.62466,2013-08-16,-71.3120,210.7750,-309.3620,0.9140,1.0700,4.3470
2013.62740,2013-08-17,-72.9950,209.7680,-307.0650,0.9180,1.0640,4.2460
2013.63014,2013-08-18,-70.4240,209.2250,-306.5270,0.9570,1.1040,4.5340
2013.63288,2013-08-19,-68.1040,208.0490,-306.8530,0.9290,1.1010,4.3610
2013.63562,2013-08-20,-69.6380,212.0880,-313.9230,0.9520,1.1190,4.5260
2013.63836,2013-08-21,-64.9820,200.7690,-323.5210,0.9900,1.1500,4.7090
2013.64110,2013-08-22,-70.2010,210.4840,-307.7970,0.9900,1.1310,4.6470
2013.64384,2013-08-23,-68.4180,212.4970,-302.7820,0.9220,1.0720,4.2470
2013.64658,2013-08-24,-69.2080,209.3630,-308.3130,0.9660,1.1250,4.6590
2013.64932,2013-08-25,-68.1760,210.6080,-309.7380,0.9200,1.0750,4.2560
2013.65205,2013-08-26,-69.8740,211.0610,-309.4930,0.9180,1.1030,4.4660
2013.65479,2013-08-27,-67.9020,213.6940,-313.1330,0.9400,1.0880,4.5160
2013.65753,2013-08-28,-68.2410,209.0190,-303.9300,0.9350,1.1050,4.5150
2013.66027,2013-08-29,-70.6660,209.5490,-314.8980,0.9750,1.1040,4.7150
2013.66301,2013-08-30,-69.1650,208.3510,-305.6340,1.0050,1.1680,4.9370
2013.66575,2013-08-31,-71.6060,206.8120,-312.8810,0.9260,1.0660,4.2810
2013.66849,2013-09-01,-71.6310,209.6120,-315.0560,0.9380,1.0980,4.3440
2013.67123,2013-09-02,-67.3000,208.7450,-315.4580,0.9000,1.0420,4.1400
2013.67397,2013-09-03,-69.0370,205.9580,-314.2570,0.9310,1.1060,4.3470
2013.67671,2013-09-04,-68.0750,205.5120,-327.4510,0.9720,1.1520,4.5480
2013.67945,2013-09-05,-67.5960,207.7730,-312.8190,0.9150,1.0560,4.2180
2013.68219,2013-09-06,-69.8450,210.0090,-311.9340,0.9240,1.0360,4.3200
2013.68493,2013-09-07,-68.1900,211.1600,-307.6150,0.9130,1.0580,4.2440
2013.68767,2013-09-08,-68.0800,210.1170,-313.0040,0.8880,1.0280,4.0770
2013.69041,2013-09-09,-67.7730,210.8640,-307.4590,0.9520,1.1090,4.3550
2013.69315,2013-09-10,-70.4580,210.3620,-317.9650,0.9210,1.0540,4.2800
2013.69589,2013-09-11,-69.2370,209.0400,-313.4230,0.9170,1.0760,4.3120
2013.69863,2013-09-12,-69.9530,208.5200,-314.6400,0.9360,1.1070,4.4730
2013.70137,2013-09-13,-70.5150,209.4980,-311.5920,0.9160,1.0650,4.4120
2013.70411,2013-09-14,-70.2460,213.3690,-308.1630,0.9210,1.0990,4.2540
2013.70685,2013-09-15,-69.5480,209.5860,-308.1110,0.9270,1.0370,4.2170
2013.70959,2013-09-16,-71.0380,212.7630,-310.6880,0.9110,1.0710,4.2670
2013.71233,2013-09-17,-68.8200,209.5780,-307.0400,1.0460,1.2370,4.9370
2013.71507,2013-09-18,-70.4760,210.0400,-309.9700,1.0130,1.0990,4.7620
2013.71781,2013-09-19,-67.5190,208.1780,-309.2320,0.9430,1.1040,4.4960
2013.72055,2013-09-20,-69.2770,206.6130,-321.1960,0.9590,1.1000,4.6240
2013.72329,2013-09-21,-68.4760,206.1790,-320.4600,0.9310,1.0740,4.3240
2013.72603,2013-09-22,-67.7170,208.8330,-320.3900,0.9240,1.0600,4.2490
2013.72877,2013-09-23,-67.3250,207.9640,-323.0130,0.9130,1.0540,4.3500
2013.73151,2013-09-24,-70.3320,207.8960,-310.6670,0.9300,1.0750,4.2200
2013.73425,2013-09-25,-69.1500,209.7210,-316.3040,0.9300,1.1100,4.2970
2013.73699,2013-09-26,-70.8090,211.2340,-316.1880,0.9330,1.0560,4.3630
2013.73973,2013-09-27,-69.9520,209.7330,-317.8910,0.9130,1.0190,4.1590
2013.74247,2013-09-28,-69.4330,211.7730,-314.3700,0.9320,1.0510,4.3000
2013.74521,2013-09-29,-72.3300,212.5720,-314.5140,0.9910,1.1040,4.5550
2013.74795,2013-09-30,-71.2380,212.1920,-328.4530,0.9130,1.0280,4.3180
2013.75068,2013-10-01,-71.2800,211.2710,-323.7110,0.9420,1.0580,4.4250
2013.75342,2013-10-02,-70.8110,210.7290,-324.2210,0.9360,1.0480,4.3130
2013.75616,2013-10-03,-69.1000,209.8800,-318.3530,0.9290,1.0290,4.2410
2013.75890,2013-10-04,-68.1030,210.1410,-320.8610,0.9190,1.0460,4.2570
2013.76164,2013-10-05,-70.0800,209.4760,-318.9870,0.9490,1.0600,4.5170
2013.76438,2013-10-06,-69.9440,210.2540,-325.2080,0.9160,1.0450,4.3120
2013.76712,2013-10-07,-69.3080,208.7910,-332.9230,0.9210,1.0280,4.3140
2013.76986,2013-10-08,-69.6700,209.6050,-322.7460,0.9310,1.0570,4.3180
2013.77260,2013-10-09,-71.0490,210.5540,-323.3220,0.9230,1.0590,4.2910
2013.77534,2013-10-10,-70.4600,211.0480,-323.0530,0.9040,1.0250,4.2130
2013.77808,2013-10-11,-70.5360,210.9590,-321.4400,0.9280,1.0590,4.4060
2013.78082,2013-10-12,-68.4530,212.9700,-325.4760,0.9330,1.0360,4.3560
2013.78356,2013-10-13,-68.2060,211.8830,-313.8640,0.9680,1.1050,4.5370
2013.78630,2013-10-14,-70.8650,212.4000,-330.9310,0.9180,1.0610,4.3210
2013.78904,2013-10-15,-68.9770,210.6680,-319.5010,0.9130,1.0390,4.2710
2013.79178,2013-10-16,-71.3080,207.9890,-317.7020,0.9150,1.0550,4.3860
2013.79452,2013-10-17,-71.3210,211.3690,-326.5520,0.9150,1.0400,4.2530
2013.79726,2013-10-18,-69.0580,211.0380,-326.4590,0.9110,1.0160,4.1590
2013.80000,2013-10-19,-69.4370,210.8030,-322.7210,0.9160,1.0250,4.2450
2013.80274,2013-10-20,-69.8190,210.9260,-326.2640,0.9360,1.0400,4.3620
2013.80548,2013-10-21,-69.7830,210.6030,-326.2610,0.9920,1.0700,4.6710
2013.80822,2013-10-22,-68.9920,211.5240,-319.7440,0.9630,1.1540,4.6830
2013.81096,2013-10-23,-69.4310,209.6730,-326.1920,0.9050,1.0320,4.2060
2013.81370,2013-10-24,-69.3200,209.6620,-333.5740,0.9250,1.0210,4.3220
2013.81644,2013-10-25,-70.1430,211.2470,-333.2880,0.9230,1.0350,4.3670
2013.81918,2013-10-26,-71.0400,211.5220,-331.9120,0.9130,1.0440,4.3190
2013.82192,2013-10-27,-71.6150,211.0770,-327.2370,0.9050,1.0520,4.2530
2013.82466,2013-10-28,-71.3390,211.8750,-326.0490,0.9020,1.0410,4.2190
2013.82740,2013-10-29,-72.1260,211.5490,-337.2280,0.9650,1.0750,4.5180
2013.83014,2013-10-30,-71.1420,212.7560,-327.9600,0.9020,1.0170,4.2210
2013.83288,2013-10-31,-71.5100,211.5780,-338.9670,0.9520,1.0700,4.5330
2013.83562,2013-11-01,-69.5660,212.7980,-322.9820,0.9240,1.0360,4.4310
2013.83836,2013-11-02,-70.6010,211.9630,-327.0950,0.9260,1.0560,4.2710
2013.84110,2013-11-03,-70.2650,213.0060,-330.0590,0.9060,1.0290,4.1920
2013.84384,2013-11-04,-71.4360,211.4860,-330.9920,0.9230,1.0460,4.3670
2013.84658,2013-11-05,-69.9170,211.7050,-329.2170,0.9390,1.0540,4.3950
2013.84932,2013-11-06,-72.7140,214.4300,-323.2780,0.9020,1.0310,4.1780
2013.85205,2013-11-07,-70.5840,212.9070,-329.1830,0.9130,1.0370,4.3440
2013.85479,2013-11-08,-70.3390,214.7330,-329.6220,0.9070,1.0210,4.2340
2013.85753,2013-11-09,-72.6100,215.2100,-323.8810,0.9230,1.0350,4.3610
2013.86027,2013-11-10,-71.7320,214.1270,-321.7550,0.9080,1.0350,4.2740
2013.86301,2013-11-11,-70.3480,213.1430,-322.5500,0.9250,1.0500,4.4090
2013.86575,2013-11-12,-71.1490,215.0520,-322.3420,0.8990,1.0060,4.2440
2013.86849,2013-11-13,-70.7280,214.3070,-323.1580,0.9060,1.0260,4.2930
2013.87123,2013-11-14,-71.3670,212.9780,-329.0310,0.9090,1.0450,4.3640
2013.87397,2013-11-15,-71.3350,213.8230,-317.6510,0.9140,1.0300,4.3600
2013.87671,2013-11-16,-71.1120,215.2970,-315.8540,0.9060,1.0390,4.2950
2013.87945,2013-11-17,-68.9300,213.4060,-320.0660,0.9090,1.0420,4.3340
2013.88219,2013-11-18,-69.9220,213.2500,-323.3700,0.9370,1.0830,4.5880
2013.88493,2013-11-19,-71.7960,214.2500,-324.3690,0.9330,1.1200,4.5920
2013.88767,2013-11-20,-73.4380,214.9560,-326.7850,0.9170,1.0400,4.4250
2013.89041,2013-11-21,-72.9690,215.3740,-324.1860,0.9060,1.0300,4.2990
2013.89315,2013-11-22,-71.9840,214.6540,-323.1500,0.9070,1.0520,4.3520
2013.89589,2013-11-23,-70.9320,214.7250,-328.5140,0.9190,1.0330,4.4230
2013.89863,2013-11-24,-69.0490,216.6910,-327.4960,0.9350,1.0680,4.4890
2013.90137,2013-11-25,-72.0930,213.5490,-327.6940,0.9550,1.0700,4.5640
2013.90411,2013-11-26,-73.7330,215.3660,-322.8500,0.9550,1.0460,4.4950
2013.90685,2013-11-27,-73.3040,216.7550,-323.0350,0.9210,1.0600,4.4160
2013.90959,2013-11-28,-73.2510,213.6370,-332.8710,0.9420,1.0800,4.4280
2013.91233,2013-11-29,-73.0790,215.7420,-325.2640,0.8970,1.0130,4.2330
2013.91507,2013-11-30,-72.2470,215.3780,-328.3380,0.9040,1.0150,4.1640
2013.91781,2013-12-01,-72.5010,215.0030,-327.2340,0.9220,1.0400,4.3770
2013.92055,2013-12-02,-71.4670,216.4080,-317.4890,0.9960,1.0990,4.6300
2013.92329,2013-12-03,-72.1060,216.1440,-322.2640,0.9610,1.0900,4.5300
2013.92603,2013-12-04,-67.1860,213.9610,-329.0270,1.2540,1.3460,5.5820
2013.92877,2013-12-05,-71.8780,216.1110,-322.8870,0.9220,1.0530,4.4370
2013.93151,2013-12-06,-71.4240,218.3110,-322.9690,0.9050,1.0110,4.1680
2013.93425,2013-12-07,-72.2610,215.3580,-321.0850,0.9110,1.0150,4.3330
2013.93699,2013-12-08,-68.9520,215.2920,-315.7770,0.9150,1.0390,4.3640
2013.93973,2013-12-09,-71.6160,215.8280,-316.7040,0.9060,1.0210,4.1970
2013.94247,2013-12-10,-72.1860,216.5940,-312.4150,0.9180,1.0350,4.3290
2013.94521,2013-12-11,-71.0090,218.9530,-321.4580,0.9380,1.0600,4.2870
2013.94795,2013-12-12,-70.9740,217.4240,-316.1330,0.9460,1.0430,4.3950
2013.95068,2013-12-13,-72.3500,214.9150,-319.6580,0.9610,1.0810,4.4920
2013.95342,2013-12-14,-69.9410,215.2240,-311.7060,0.9280,1.0490,4.4520
2013.95616,2013-12-15,-72.2960,214.9820,-318.6060,0.9090,1.0400,4.2750
2013.95890,2013-12-16,-73.4320,217.6300,-316.1380,0.9520,1.0720,4.4550
2013.96164,2013-12-17,-71.2930,215.9190,-315.0600,0.9380,1.0360,4.3860
2013.96438,2013-12-18,-71.1790,216.2350,-314.6550,0.9300,1.0360,4.3520
2013.96712,2013-12-19,-73.2170,216.1290,-314.5620,0.9320,1.0460,4.3550
2013.96986,2013-12-20,-72.2330,216.8720,-317.8470,0.8990,1.0460,4.3610
2013.97260,2013-12-21,-69.6160,216.4490,-319.0870,0.9480,1.0930,4.5810
2013.97534,2013-12-22,-71.1450,216.2780,-317.4910,0.9010,1.0190,4.1440
2013.97808,2013-12-23,-69.8260,216.6750,-313.7290,0.9440,1.0590,4.4170
2013.98082,2013-12-24,-73.4990,217.3050,-318.3350,0.9260,1.0480,4.3420
2013.98356,2013-12-25,-71.7020,217.2300,-314.7580,0.9130,1.0460,4.2620
2013.98630,2013-12-26,-73.9770,216.7990,-320.5960,0.9050,1.0570,4.3950
2013.98904,2013-12-27,-72.5200,214.6770,-321.8150,0.9030,1.0430,4.2500
2013.99178,2013-12-28,-74.4590,215.4350,-313.6640,0.9000,1.0160,4.2080
2013.99452,2013-12-29,-73.6010,215.9100,-313.7450,0.8990,1.0210,4.2340
2013.99726,2013-12-30,-74.3970,217.0660,-308.7800,0.8950,1.0170,4.2090
2014.00000,2013-12-31,-71.4590,219.3020,-319.3250,0.9140,1.0530,4.3210
2014.00274,2014-01-01,-72.1760,217.8550,-314.9400,0.9000,1.0280,4.2610
2014.00548,2014-01-02,-72.8770,218.0980,-315.7680,0.9330,1.0600,4.5000
2014.01096,2014-01-04,-70.9980,220.4730,-319.1130,0.9240,1.0350,4.4590
2014.01370,2014-01-05,-70.9270,222.0440,-310.4700,0.9290,1.0650,4.4490
2014.01644,2014-01-06,-73.9980,220.2250,-313.7280,0.9450,1.0400,4.4720
2014.01918,2014-01-07,-73.8090,219.5540,-316.3080,0.9480,1.0510,4.5740
2014.02192,2014-01-08,-73.9200,220.7910,-314.3340,0.9330,1.0570,4.5960
2014.02466,2014-01-09,-73.4400,217.7610,-315.4090,0.9340,1.0380,4.4640
2014.02740,2014-01-10,-72.6220,218.0830,-310.7930,0.9440,1.0530,4.6130
2014.03014,2014-01-11,-72.0560,217.4120,-318.3730,0.9170,1.0230,4.2710
2014.03288,2014-01-12,-72.9060,218.7260,-316.3490,0.9080,1.0380,4.3140
2014.03562,2014-01-13,-73.5560,218.3940,-320.4140,0.9100,1.0150,4.3670
2014.03836,2014-01-14,-72.9480,218.8910,-317.5460,0.9070,1.0220,4.3130
2014.04110,2014-01-15,-73.0590,220.1900,-321.3060,0.9070,1.0090,4.2870
2014.04384,2014-01-16,-73.5060,217.7050,-316.6840,0.9390,1.0630,4.3990
2014.04658,2014-01-17,-73.7780,219.1480,-321.9800,0.9330,1.0280,4.2420
2014.04932,2014-01-18,-74.2180,218.8510,-334.6750,0.9080,1.0200,4.2270
2014.05205,2014-01-19,-76.4610,219.2260,-329.0020,0.8950,1.0060,4.1820
2014.05479,2014-01-20,-75.5760,220.2210,-324.8690,0.8970,1.0100,4.2030
2014.05753,2014-01-21,-74.6410,219.1940,-334.7250,0.9040,1.0270,4.2370
2014.06027,2014-01-22,-74.4090,221.1570,-321.3390,1.1530,1.2660,5.4750
2014.06301,2014-01-23,-73.9830,219.5560,-332.7960,0.9010,1.0390,4.2150
2014.06575,2014-01-24,-74.5950,219.7480,-325.8830,0.9030,1.0490,4.2440
2014.06849,2014-01-25,-72.7370,221.3300,-327.8570,0.9170,1.0490,4.3090
2014.07123,2014-01-26,-75.6310,221.9530,-326.9250,0.9450,1.0580,4.4560
2014.07397,2014-01-27,-74.9800,221.7090,-323.3470,0.9030,1.0350,4.3700
2014.07671,2014-01-28,-75.3810,221.3610,-338.1990,0.8970,1.0360,4.2320
2014.07945,2014-01-29,-75.5760,222.2670,-333.5740,0.9120,1.0350,4.3100
2014.08219,2014-01-30,-76.4030,223.4120,-330.9160,0.8930,1.0420,4.1680
2014.08493,2014-01-31,-76.3450,223.5640,-330.8860,0.8980,1.0320,4.1970
2014.27671,2014-04-11,-76.2670,228.0840,-340.7270,1.0740,1.2880,5.2080
2014.27945,2014-04-12,-77.0340,227.8980,-343.4590,0.9170,1.0370,4.2770
2014.28219,2014-04-13,-77.8820,233.0590,-351.4770,0.9130,1.0440,4.3860
2014.28493,2014-04-14,-75.9480,229.7200,-350.4290,0.9410,1.0850,4.5710
2014.28767,2014-04-15,-75.3680,227.6210,-351.4110,0.9490,1.1270,4.4680
2014.29041,2014-04-16,-76.2260,228.2080,-356.5150,1.0210,1.2910,4.9180
2014.29315,2014-04-17,-73.1250,228.8650,-348.9040,0.9250,1.0440,4.3240
2014.29589,2014-04-18,-74.7080,228.5690,-356.2680,0.9550,1.1120,4.7070
2014.29863,2014-04-19,-76.4600,229.9660,-356.3340,0.9330,1.0650,4.3380
2014.30137,2014-04-20,-76.9460,229.8050,-360.0230,0.9830,1.1200,4.6180
2014.30411,2014-04-21,-74.6530,227.9900,-356.8560,0.9280,1.0600,4.4420
2014.30685,2014-04-22,-77.0240,228.6610,-354.6870,0.9350,1.0500,4.4220
2014.30959,2014-04-23,-79.5310,232.2310,-347.2570,0.9310,1.0660,4.3850
2014.31233,2014-04-24,-75.1900,230.6310,-355.5970,0.9380,1.0460,4.2800
2014.31507,2014-04-25,-76.2490,229.4530,-350.3490,0.9280,1.0450,4.2880
2014.31781,2014-04-26,-76.6810,228.1640,-360.4140,0.9230,1.0650,4.2620
2014.32055,2014-04-27,-77.0500,228.7050,-350.7480,0.9290,1.0550,4.3590
2014.32329,2014-04-28,-77.5920,227.7390,-359.8860,0.9360,1.0720,4.3890
2014.32603,2014-04-29,-76.5080,229.9170,-357.7330,0.9790,1.0900,4.4320
2014.32877,2014-04-30,-78.9720,230.9400,-361.0900,0.9970,1.1280,4.7730
2014.33151,2014-05-01,-78.0780,230.7280,-356.4690,0.9330,1.0730,4.5120
2014.33425,2014-05-02,-77.7800,228.1540,-355.9700,0.9370,1.0950,4.5230
2014.33699,2014-05-03,-79.6660,229.5110,-355.3110,0.9280,1.0610,4.4060
2014.33973,2014-05-04,-77.9000,231.2230,-362.5110,0.9640,1.1670,4.6320
2014.34247,2014-05-05,-76.1570,230.4710,-366.8040,0.9420,1.0780,4.4500
2014.34521,2014-05-06,-78.1500,228.9060,-356.4950,0.9320,1.0690,4.3990
2014.34795,2014-05-07,-77.4530,228.8860,-356.2880,0.9400,1.0720,4.3790
2014.35068,2014-05-08,-78.6240,229.3330,-351.0640,0.9410,1.0640,4.3760
2014.35342,2014-05-09,-75.9810,230.0940,-365.3080,0.9600,1.1010,4.5050
2014.35616,2014-05-10,-77.7070,231.9380,-355.7820,0.9390,1.0840,4.4460
2014.35890,2014-05-11,-77.4330,230.8980,-360.3600,0.9350,1.0520,4.3370
2014.36164,2014-05-12,-76.5320,232.0390,-349.6040,0.9230,1.0640,4.4080
2014.36438,2014-05-13,-76.3130,229.5760,-350.2650,0.9460,1.0780,4.4410
2014.36712,2014-05-14,-77.3070,231.8380,-351.4590,0.9610,1.1010,4.5810
2014.36986,2014-05-15,-76.2250,235.0470,-342.0920,1.0550,1.2090,5.2670
2014.37260,2014-05-16,-76.5900,232.3570,-346.3900,0.9480,1.0990,4.6280
2014.37534,2014-05-17,-73.3550,230.9920,-355.5890,0.9350,1.0780,4.4920
2014.37808,2014-05-18,-75.8870,231.5020,-356.6530,0.9520,1.1010,4.4560
2014.38082,2014-05-19,-77.1880,233.6740,-350.0770,1.0550,1.2340,4.9690
2014.38356,2014-05-20,-79.2370,230.4080,-355.0230,1.0640,1.2380,5.3290
2014.38630,2014-05-21,-75.6580,230.0120,-362.6570,1.0320,1.2110,4.8560
2014.38904,2014-05-22,-79.2590,232.3910,-345.1720,0.9930,1.1850,4.8350
2014.39178,2014-05-23,-76.5150,233.8830,-353.5980,0.9930,1.1990,4.8240
2014.39452,2014-05-24,-78.9730,231.1190,-356.2800,0.9820,1.1560,4.6150
2014.39726,2014-05-25,-77.4630,232.7850,-356.3990,0.9590,1.1310,4.5950
2014.40000,2014-05-26,-76.7460,233.2470,-349.0920,0.9640,1.1530,4.6300
2014.40274,2014-05-27,-77.4080,231.1360,-354.2470,0.9650,1.1500,4.6240
2014.40548,2014-05-28,-80.0170,231.0280,-356.0480,1.0010,1.2100,5.0150
2014.40822,2014-05-29,-79.3520,232.2250,-344.7420,0.9620,1.1670,4.6320
2014.41096,2014-05-30,-80.0260,231.4920,-350.7220,0.9640,1.1260,4.6820
2014.41370,2014-05-31,-79.2670,230.4280,-357.3710,0.9550,1.1170,4.5900
2014.41644,2014-06-01,-78.1110,230.6830,-355.4880,0.9410,1.0930,4.4790
2014.41918,2014-06-02,-78.4050,232.1390,-358.1380,0.9740,1.1250,4.7640
2014.42192,2014-06-03,-76.6910,233.6460,-353.0970,1.0290,1.1530,5.0570
2014.42740,2014-06-05,-80.2890,234.8450,-340.5250,1.1570,1.2780,5.4750
2014.43014,2014-06-06,-78.0540,233.5960,-346.6600,0.9720,1.1220,4.7010
2014.43288,2014-06-07,-82.4900,232.4280,-342.1250,0.9610,1.1500,4.7730
2014.43562,2014-06-08,-75.0120,228.7530,-362.9810,0.9870,1.1550,4.7950
2014.43836,2014-06-09,-79.8040,233.5990,-347.5320,0.9580,1.1170,4.6260
2014.44110,2014-06-10,-79.1000,232.1200,-348.6490,0.9630,1.1270,4.6170
2014.44384,2014-06-11,-79.0420,230.6190,-350.3280,0.9570,1.0990,4.5300
2014.44658,2014-06-12,-80.4150,231.3790,-355.6400,1.0130,1.1970,4.9320
2014.44932,2014-06-13,-78.1230,232.4980,-352.9050,0.9910,1.1920,4.8230
2014.45205,2014-06-14,-80.3750,232.2690,-354.3780,0.9760,1.1150,4.7150
2014.45479,2014-06-15,-80.4740,231.0870,-353.8230,0.9850,1.1590,4.6920
2014.45753,2014-06-16,-81.0610,232.3320,-345.4810,0.9890,1.1580,4.8360
2014.46027,2014-06-17,-80.4300,233.8350,-349.7460,0.9770,1.1560,4.8580
2014.46301,2014-06-18,-80.8540,232.3580,-350.6050,0.9430,1.0880,4.5210
2014.46575,2014-06-19,-82.9510,231.3300,-337.3010,0.9910,1.1990,5.0420
2014.46849,2014-06-20,-83.1840,232.3550,-349.9880,0.9860,1.1720,4.7840
2014.47123,2014-06-21,-80.5870,232.5430,-345.8840,0.9510,1.1200,4.7020
2014.47397,2014-06-22,-79.6910,234.3410,-347.8280,0.9720,1.1350,4.8050
2014.47671,2014-06-23,-82.8030,235.4380,-330.4560,0.9950,1.1680,4.8610
2014.47945,2014-06-24,-84.7660,236.0540,-336.0490,0.9690,1.1710,4.8160
2014.48219,2014-06-25,-80.8410,229.7180,-350.0730,0.9650,1.1550,4.7640
2014.48493,2014-06-26,-79.6000,233.8570,-348.3070,0.9660,1.1500,4.7830
2014.48767,2014-06-27,-82.7300,235.6940,-344.5710,0.9850,1.1640,4.8580
2014.49863,2014-07-01,-81.2340,235.7610,-350.4870,0.9950,1.1410,5.0150
2014.50137,2014-07-02,-80.5660,235.9090,-343.3110,0.9660,1.1110,4.8130
2014.50685,2014-07-04,-81.2480,239.0240,-356.8070,1.0110,1.1730,5.2490
2014.50959,2014-07-05,-79.8400,236.4940,-346.4670,0.9800,1.1260,4.7900
2014.51233,2014-07-06,-83.8610,236.6500,-343.5230,0.9580,1.1220,4.7680
2014.51507,2014-07-07,-82.1280,235.2030,-357.5490,0.9640,1.1300,4.7670
2014.51781,2014-07-08,-83.1750,236.3240,-339.4830,0.9560,1.1160,4.6510
2014.52055,2014-07-09,-81.6140,235.1850,-341.6410,0.9870,1.1400,4.9870
2014.52329,2014-07-10,-82.0480,235.7320,-346.0410,0.9740,1.1390,4.9230
2014.52603,2014-07-11,-79.8220,237.5910,-356.9900,0.9990,1.1490,4.9650
2014.52877,2014-07-12,-81.5830,235.8320,-348.2200,0.9520,1.0940,4.6760
2014.53151,2014-07-13,-80.8310,236.3060,-348.2260,0.9460,1.0680,4.6410
2014.53425,2014-07-14,-81.8600,237.1660,-344.7010,0.9550,1.1210,4.7420
2014.53699,2014-07-15,-81.0150,234.9560,-361.8550,1.0140,1.1570,5.2330
2014.53973,2014-07-16,-82.2360,238.6700,-362.4280,0.9700,1.0990,4.8740
2014.54247,2014-07-17,-83.6470,237.3760,-341.5970,0.9960,1.2020,5.0500
2014.54521,2014-07-18,-80.7100,237.7850,-363.6190,0.9880,1.1540,5.0180
2014.54795,2014-07-19,-83.8310,237.2340,-354.4150,0.9730,1.1320,4.8170
2014.55068,2014-07-20,-84.8890,235.7360,-355.5560,0.9540,1.1330,4.6830
2014.55342,2014-07-21,-83.5170,236.0990,-357.3820,0.9450,1.1100,4.5570
2014.55616,2014-07-22,-84.0820,236.2620,-347.1610,0.9830,1.2170,4.8390
2014.55890,2014-07-23,-82.7340,239.9140,-361.5030,0.9840,1.1600,4.8400
2014.56164,2014-07-24,-81.7660,234.9270,-372.3270,0.9830,1.1580,4.9900
2014.56438,2014-07-25,-83.5420,234.5690,-354.5410,0.9480,1.1530,4.7030
2014.56712,2014-07-26,-81.2800,236.4770,-364.6570,0.9520,1.1090,4.7600
2014.56986,2014-07-27,-83.1140,235.4150,-361.5850,0.9530,1.0860,4.5910
2014.57260,2014-07-28,-80.6340,229.9990,-369.3970,0.9850,1.2170,4.9410
2014.57534,2014-07-29,-81.5620,235.2550,-364.4230,0.9310,1.0670,4.5140
2014.57808,2014-07-30,-81.5590,234.4610,-363.5790,0.9380,1.0890,4.6290
2014.58082,2014-07-31,-82.1420,237.7470,-358.8080,0.9510,1.1330,4.7420
2014.58356,2014-08-01,-84.5810,236.1430,-370.9020,0.9910,1.1920,4.9390
2014.58630,2014-08-02,-80.5760,238.5510,-367.7190,0.9770,1.1510,4.6700
2014.58904,2014-08-03,-80.4820,238.6770,-359.9940,1.0300,1.2690,5.1780
2014.59178,2014-08-04,-82.2680,235.6150,-361.0400,1.0110,1.1310,4.9560
2014.59452,2014-08-05,-83.6890,236.8780,-359.8650,0.9670,1.1380,4.6790
2014.59726,2014-08-06,-81.0440,236.7620,-354.9570,0.9980,1.1930,4.7740
2014.60000,2014-08-07,-81.2160,235.5300,-360.2860,0.9890,1.1410,4.7780
2014.60274,2014-08-08,-84.2930,236.2800,-364.1160,1.0590,1.2110,5.2750
2014.60548,2014-08-09,-80.5040,235.9120,-367.2030,0.9740,1.1590,4.8970
2014.60822,2014-08-10,-81.8790,237.3070,-357.8120,0.9790,1.1190,4.7610
2014.61096,2014-08-11,-80.9640,237.2840,-372.9210,0.9800,1.1420,4.8790
2014.61370,2014-08-12,-82.1050,237.0680,-371.3920,0.9910,1.1740,4.9790
2014.61644,2014-08-13,-80.9650,236.1620,-358.1900,0.9640,1.1260,4.7930
2014.61918,2014-08-14,-81.8640,237.3120,-357.0050,0.9610,1.1290,4.8190
2014.62192,2014-08-15,-81.0170,238.0930,-368.0730,0.9820,1.1150,4.9500
2014.62466,2014-08-16,-81.1320,236.3750,-368.9000,0.9590,1.0990,4.7740
2014.62740,2014-08-17,-78.8210,236.5450,-363.8010,0.9890,1.1630,4.8090
2014.63014,2014-08-18,-78.8290,235.2900,-355.4930,0.9980,1.1880,4.9410
2014.63288,2014-08-19,-80.2780,236.4560,-369.1290,0.9610,1.1590,4.9840
2014.63562,2014-08-20,-81.4010,235.6720,-371.3540,0.9970,1.1800,4.9310
2014.63836,2014-08-21,-80.7210,236.9740,-364.7500,0.9390,1.1220,4.6400
2014.64110,2014-08-22,-82.4630,238.1160,-368.7370,0.9710,1.1240,4.6990
2014.64384,2014-08-23,-80.8800,238.8080,-351.0960,0.9620,1.1490,4.6910
2014.64658,2014-08-24,-78.8380,237.0460,-357.6040,0.9560,1.1390,4.7660
2014.64932,2014-08-25,-81.9900,237.1520,-371.8820,0.9850,1.1520,4.8060
2014.65205,2014-08-26,-80.6350,240.5120,-353.3480,0.9630,1.1460,4.6040
2014.65479,2014-08-27,-79.0280,235.7450,-365.5040,0.9930,1.2030,4.9000
2014.65753,2014-08-28,-79.5720,236.2250,-371.6350,0.9810,1.1770,4.9490
2014.66027,2014-08-29,-80.0800,238.1330,-364.9130,0.9870,1.1870,4.6360
2014.66301,2014-08-30,-79.5330,234.8990,-368.0550,1.0040,1.1740,4.9860
2014.66575,2014-08-31,-83.0240,241.8810,-338.0870,0.9780,1.1460,4.7070
2014.66849,2014-09-01,-82.3350,240.0870,-368.3420,0.9520,1.1530,4.7000
2014.67123,2014-09-02,-80.7660,236.0460,-364.7340,0.9620,1.1400,4.6570
2014.67397,2014-09-03,-80.3590,236.8080,-368.8920,0.9730,1.1490,4.6640
2014.67671,2014-09-04,-82.9410,233.6680,-351.1600,1.0060,1.2830,5.0210
2014.67945,2014-09-05,-82.2970,234.0410,-346.8360,1.0160,1.1960,4.9870
2014.68219,2014-09-06,-80.1970,239.2970,-373.0070,0.9980,1.1300,4.7450
2014.68493,2014-09-07,-78.5460,238.0880,-360.7070,0.9370,1.1380,4.4900
2014.68767,2014-09-08,-80.7480,239.7470,-370.0970,1.0020,1.3350,4.9320
2014.69041,2014-09-09,-77.8030,241.8610,-356.6160,1.0320,1.2240,4.8260
2014.69315,2014-09-10,-78.3900,236.0700,-369.6670,1.0180,1.2600,5.0360
2014.69589,2014-09-11,-80.8260,241.0630,-345.8100,0.9540,1.1720,4.7010
2014.69863,2014-09-12,-82.1510,238.2400,-351.3120,0.9980,1.1910,4.7290
2014.70137,2014-09-13,-79.5900,238.4630,-373.1860,0.9780,1.1850,4.8990
2014.70411,2014-09-14,-79.2950,239.2090,-373.4330,1.0030,1.2680,4.8610
2014.70685,2014-09-15,-82.5460,239.2900,-363.1650,0.9740,1.1900,4.8740
2014.70959,2014-09-16,-81.9820,239.8010,-362.1920,0.9670,1.1780,4.8200
2014.71233,2014-09-17,-82.6180,234.8240,-370.2840,0.9750,1.1760,4.7410
2014.71507,2014-09-18,-82.4650,238.2350,-361.1220,1.0040,1.2310,4.7280
2014.71781,2014-09-19,-83.2310,241.5420,-363.5950,0.9610,1.1590,4.6470
2014.72055,2014-09-20,-81.4510,236.5740,-373.7130,1.0070,1.2650,4.7950
2014.72329,2014-09-21,-85.5320,238.7900,-370.0890,0.9770,1.1390,4.6120
2014.72603,2014-09-22,-82.2580,236.6140,-368.9830,0.9710,1.2130,4.7070
2014.72877,2014-09-23,-81.3210,236.4650,-372.9400,0.9830,1.1790,4.5590
2014.73151,2014-09-24,-82.5270,240.5140,-361.8770,0.9500,1.1330,4.5410
2014.73425,2014-09-25,-81.6650,240.3560,-380.0180,0.9800,1.1990,4.5700
2014.73699,2014-09-26,-82.1510,238.3190,-368.1600,0.9620,1.1350,4.5590
2014.73973,2014-09-27,-80.8120,237.4180,-371.9510,0.9640,1.1670,4.5610
2014.74247,2014-09-28,-82.2370,236.7050,-369.8440,0.9920,1.1990,4.8620
2014.74521,2014-09-29,-81.1400,237.5690,-369.3900,0.9590,1.1750,4.6850
2014.74795,2014-09-30,-81.7560,241.2090,-363.6560,0.9640,1.1840,4.6820
2014.75068,2014-10-01,-80.0770,242.5280,-360.9100,0.9630,1.2050,4.6140
2014.75342,2014-10-02,-80.3740,239.9710,-367.1610,0.9710,1.2100,4.7090
2014.75616,2014-10-03,-79.2330,236.7600,-369.1990,0.9710,1.2290,4.8390
2014.75890,2014-10-04,-80.4290,239.3000,-372.8850,0.9700,1.1490,4.7170
2014.76164,2014-10-05,-81.5880,239.0900,-370.2690,0.9690,1.1950,4.5670
2014.76438,2014-10-06,-79.5950,239.2670,-367.0870,0.9580,1.2330,4.6540
2014.76712,2014-10-07,-78.2110,236.4620,-371.5520,0.9470,1.1760,4.6730
2014.76986,2014-10-08,-81.1680,237.8650,-368.7230,0.9850,1.1670,4.7620
2014.77260,2014-10-09,-81.1790,240.8180,-367.7110,0.9710,1.1760,4.5950
2014.77534,2014-10-10,-80.4100,240.8040,-374.4190,0.9870,1.2020,4.6790
2014.77808,2014-10-11,-80.7740,238.9770,-385.8300,0.9660,1.1400,4.5500
2014.78082,2014-10-12,-80.6250,239.1500,-377.5930,0.9780,1.1990,4.7220
2014.78356,2014-10-13,-77.9840,238.0450,-385.4680,1.0020,1.1830,4.7950
2014.78630,2014-10-14,-84.0020,240.7970,-363.8050,0.9660,1.1330,4.6410
2014.78904,2014-10-15,-82.1970,239.4960,-370.5560,0.9550,1.1150,4.5790
2014.79178,2014-10-16,-82.1660,241.5440,-370.8380,0.9460,1.1060,4.4720
2014.79452,2014-10-17,-80.3080,240.3530,-373.4240,0.9600,1.1630,4.5000
2014.79726,2014-10-18,-82.1900,240.9730,-373.4390,0.9320,1.0820,4.4050
2014.80000,2014-10-19,-81.3230,241.8340,-375.9140,0.9540,1.1750,4.5720
2014.80274,2014-10-20,-82.3390,241.6960,-369.3970,0.9430,1.1020,4.4970
2014.80548,2014-10-21,-83.2080,241.8920,-367.4610,0.9480,1.1190,4.5890
2014.80822,2014-10-22,-82.0570,240.8980,-377.8850,0.9540,1.1280,4.5310
2014.81096,2014-10-23,-81.8690,240.3060,-372.7280,0.9380,1.0990,4.4820
2014.81370,2014-10-24,-82.0160,239.9700,-374.7400,0.9310,1.0880,4.4290
2014.81644,2014-10-25,-82.3240,240.3590,-381.0060,0.9530,1.1110,4.5410
2014.81918,2014-10-26,-79.3320,238.3780,-380.0710,0.9590,1.1520,4.6060
2014.82192,2014-10-27,-80.2120,241.0150,-368.2520,0.9580,1.1230,4.6090
2014.82466,2014-10-28,-81.6930,241.8370,-370.5890,0.9750,1.1610,5.0580
2014.82740,2014-10-29,-82.0410,241.6930,-377.3920,0.9480,1.1270,4.6520
2014.83014,2014-10-30,-82.5830,240.9600,-374.6870,0.9450,1.1110,4.6320
2014.83288,2014-10-31,-82.0040,241.0840,-369.3920,0.9370,1.0910,4.5180
2014.83562,2014-11-01,-82.7810,242.5350,-370.3390,0.9420,1.0930,4.4880
2014.83836,2014-11-02,-84.8890,240.9740,-385.9790,0.9610,1.1170,4.7870
2014.84110,2014-11-03,-84.5160,241.7380,-372.2830,0.9370,1.1140,4.6880
2014.84384,2014-11-04,-84.3090,240.3920,-375.6910,0.9210,1.1010,4.5360
2014.84658,2014-11-05,-80.5920,240.1750,-381.6130,0.9410,1.0890,4.5780
2014.84932,2014-11-06,-81.8210,243.3290,-376.0580,0.9330,1.1260,4.5640
2014.85205,2014-11-07,-82.1270,242.3690,-372.8380,0.9430,1.1290,4.5860
2014.85479,2014-11-08,-82.5120,242.4710,-382.5590,0.9500,1.1060,4.6170
2014.85753,2014-11-09,-82.3590,242.2950,-383.4800,0.9550,1.0880,4.6410
2014.86027,2014-11-10,-81.0620,241.1790,-375.8720,0.9770,1.1560,4.6520
2014.86301,2014-11-11,-83.2960,242.3930,-378.9130,0.9510,1.0970,4.5640
2014.86575,2014-11-12,-82.1850,241.6780,-376.0680,0.9400,1.0860,4.5200
2014.86849,2014-11-13,-83.9810,242.8980,-366.3320,0.9240,1.0870,4.5140
2014.87123,2014-11-14,-84.7690,242.3230,-374.6560,0.9430,1.1030,4.5480
2014.87397,2014-11-15,-84.3810,241.3500,-382.0440,0.9310,1.1240,4.5660
2014.87671,2014-11-16,-84.3170,244.1080,-379.1700,0.9460,1.1160,4.5730
2014.87945,2014-11-17,-83.3390,241.3130,-380.5000,0.9860,1.1690,4.7790
2014.88219,2014-11-18,-83.9280,242.2670,-378.7760,0.9640,1.1410,4.6780
2014.88493,2014-11-19,-83.3540,243.8340,-375.2700,0.9140,1.0820,4.4780
2014.88767,2014-11-20,-84.0900,244.1080,-367.9140,0.9400,1.1030,4.5720
2014.89041,2014-11-21,-84.5190,243.8220,-377.2880,0.9860,1.1840,4.9020
2014.89315,2014-11-22,-83.1410,246.1810,-370.2250,0.9650,1.1080,4.6600
2014.89589,2014-11-23,-84.5850,243.0150,-366.7780,0.9570,1.0940,4.6930
2014.89863,2014-11-24,-85.2290,243.7820,-375.5790,0.9350,1.1240,4.6230
2014.90137,2014-11-25,-83.0210,243.1410,-375.1010,0.9660,1.1070,4.5560
2014.90411,2014-11-26,-81.1150,242.8910,-365.8010,0.9260,1.1600,4.6540
2014.90685,2014-11-27,-85.8990,245.2910,-367.4850,0.9230,1.1160,4.5350
2014.90959,2014-11-28,-83.7790,245.2730,-371.7280,0.9410,1.1300,4.6870
2014.91233,2014-11-29,-83.5730,244.4610,-375.0750,0.9280,1.1100,4.6090
2014.91507,2014-11-30,-81.7160,244.0320,-368.4260,0.9370,1.0880,4.4410
2014.91781,2014-12-01,-84.6720,243.3240,-368.1240,0.9520,1.1310,4.5830
2014.92055,2014-12-02,-85.4850,243.8240,-368.4570,0.9270,1.1220,4.6460
2014.92329,2014-12-03,-83.3450,245.2830,-370.1270,0.9420,1.1580,4.7790
2014.92603,2014-12-04,-82.6670,241.6230,-367.7610,0.9430,1.1320,4.7350
2014.92877,2014-12-05,-82.9230,242.1590,-366.8550,0.9310,1.1070,4.4840
2014.93151,2014-12-06,-85.2290,243.8370,-372.5470,0.9340,1.1400,4.6630
2014.93425,2014-12-07,-83.3000,245.5840,-370.7190,0.9440,1.1180,4.6250
2014.93699,2014-12-08,-83.1590,245.0100,-374.9440,0.9220,1.1110,4.5240
2014.93973,2014-12-09,-82.5670,241.5410,-377.3780,0.9190,1.1060,4.5290
2014.94247,2014-12-10,-85.0100,247.5750,-364.4980,0.9180,1.1030,4.4880
2014.94521,2014-12-11,-86.1380,245.7400,-366.2760,0.9580,1.1700,4.6440
2014.94795,2014-12-12,-87.0010,246.4160,-370.1860,0.9410,1.1040,4.5150
2014.95068,2014-12-13,-86.8020,245.9290,-375.4870,0.9300,1.0780,4.5290
2014.95342,2014-12-14,-83.9770,245.7780,-370.4980,0.9330,1.1060,4.5480
2014.95616,2014-12-15,-83.0390,245.6610,-369.6740,0.9230,1.1150,4.5690
2014.95890,2014-12-16,-84.3110,247.6750,-374.9830,0.9400,1.1260,4.6030
2014.96164,2014-12-17,-83.8440,245.5070,-369.7390,0.9450,1.1470,4.5830
2014.96438,2014-12-18,-82.5750,245.2610,-374.7900,0.9380,1.1000,4.4930
2014.96712,2014-12-19,-86.6920,248.8040,-366.2940,0.9510,1.1030,4.5280
2014.96986,2014-12-20,-84.4170,244.8680,-367.2080,0.9180,1.1250,4.5940
2014.97260,2014-12-21,-84.6300,244.6190,-374.5530,0.9280,1.0900,4.6020
2014.97534,2014-12-22,-86.8870,246.9350,-377.5560,0.9240,1.1240,4.5530
2014.97808,2014-12-23,-85.2250,247.0510,-362.5670,0.9160,1.0950,4.4510
2014.98082,2014-12-24,-84.0910,249.0510,-367.8950,0.9270,1.1080,4.5930
2014.98356,2014-12-25,-86.7000,247.2390,-366.9230,0.9420,1.1060,4.5270
2014.98630,2014-12-26,-87.8110,247.0140,-367.4960,0.9130,1.0960,4.5490
2014.98904,2014-12-27,-85.3170,248.4490,-363.2360,0.9090,1.1140,4.4690
2014.99178,2014-12-28,-85.7630,248.1830,-363.1350,0.9240,1.0900,4.5750
2014.99452,2014-12-29,-84.9650,249.5410,-363.2980,0.9160,1.0900,4.4150
2015.00000,2014-12-31,-85.4700,248.7000,-371.5270,0.9180,1.0930,4.5080
2015.00274,2015-01-01,-86.2190,247.4610,-370.8550,0.9110,1.0630,4.4230
2015.00548,2015-01-02,-85.9720,247.9990,-360.0580,0.9020,1.0990,4.4420
2015.00822,2015-01-03,-86.8730,248.3470,-366.2750,0.9090,1.0980,4.3750
2015.01096,2015-01-04,-87.2150,248.8770,-359.3470,0.9170,1.1130,4.5860
2015.01370,2015-01-05,-86.3240,246.4960,-363.6840,0.9370,1.1090,4.5830
2015.01644,2015-01-06,-85.5370,246.2810,-363.9170,0.9320,1.0860,4.5670
2015.01918,2015-01-07,-85.2770,246.4930,-372.0680,0.9350,1.1090,4.5610
2015.02192,2015-01-08,-85.2840,247.0030,-363.8260,0.9400,1.0920,4.5940
2015.02740,2015-01-10,-86.9200,247.9060,-364.8210,0.9370,1.1030,4.6020
2015.03288,2015-01-12,-86.8280,246.3800,-371.5210,0.9400,1.1010,4.4780
2015.03562,2015-01-13,-87.5090,248.3550,-369.8310,0.9640,1.1120,4.6580
2015.03836,2015-01-14,-85.6060,247.1020,-377.9670,0.9320,1.1350,4.4720
2015.04110,2015-01-15,-85.6700,249.1710,-372.0450,0.9300,1.1100,4.4080
2015.04384,2015-01-16,-87.4520,247.7090,-371.1360,0.9520,1.1210,4.5240
2015.04658,2015-01-17,-88.8610,247.6720,-374.2180,0.9330,1.1050,4.5500
2015.04932,2015-01-18,-87.7970,246.6410,-367.7700,0.9520,1.1170,4.5220
2015.05205,2015-01-19,-86.7950,249.1630,-365.7080,0.9270,1.1040,4.4670
2015.05479,2015-01-20,-87.7080,249.0880,-368.4410,0.9540,1.1160,4.5210
2015.05753,2015-01-21,-86.5050,249.5390,-376.9390,0.9450,1.1210,4.5410
2015.06027,2015-01-22,-88.1420,249.0270,-379.9060,0.9380,1.1150,4.5970
2015.06301,2015-01-23,-89.5670,248.8280,-379.7270,0.9380,1.1160,4.4570
2015.06575,2015-01-24,-87.6060,250.9240,-379.0490,0.9490,1.1550,4.5960
2015.06849,2015-01-25,-88.4340,249.7180,-371.8050,0.9420,1.1310,4.4160
2015.07123,2015-01-26,-87.5630,248.8790,-368.0480,0.9580,1.1510,4.6180
2015.07397,2015-01-27,-88.0940,249.4360,-375.8500,0.9220,1.1010,4.4170
2015.07671,2015-01-28,-90.4970,249.9210,-378.7820,0.9310,1.1120,4.5170
2015.07945,2015-01-29,-87.1440,251.3740,-378.6170,0.9250,1.1230,4.4450
2015.08219,2015-01-30,-88.1130,249.7640,-381.8660,0.9510,1.1420,4.6120
2015.08493,2015-01-31,-88.4720,252.1020,-381.5590,0.9540,1.1470,4.5710
2015.08767,2015-02-01,-87.1680,249.5820,-385.0460,0.9510,1.1730,4.6530
2015.09041,2015-02-02,-87.3190,250.2580,-380.0780,0.9590,1.1560,4.6780
2015.09315,2015-02-03,-86.6980,250.4000,-377.5950,0.9570,1.1620,4.6110
2015.09589,2015-02-04,-87.9810,251.2860,-383.3280,0.9710,1.1540,4.6160
2015.09863,2015-02-05,-88.7040,251.0660,-382.4940,0.9530,1.1540,4.6750
2015.10137,2015-02-06,-89.3770,253.8060,-382.0270,0.9650,1.2000,4.6820
2015.10411,2015-02-07,-88.5400,251.5320,-385.3080,0.9840,1.1980,4.7290
2015.10685,2015-02-08,-89.6820,251.4060,-384.7210,0.9630,1.1890,4.7470
2015.10959,2015-02-09,-89.9440,251.4030,-384.9320,0.9440,1.1870,4.5780
2015.11233,2015-02-10,-87.1450,250.4510,-395.2580,1.0130,1.2690,5.0620
2015.11507,2015-02-11,-89.4750,255.6780,-382.0660,0.9670,1.1920,4.7630
2015.11781,2015-02-12,-87.7180,253.8790,-384.0700,0.9530,1.1860,4.5770
2015.12055,2015-02-13,-90.0130,253.1660,-380.1320,0.9620,1.1780,4.6190
2015.12329,2015-02-14,-88.7550,250.9610,-380.4230,1.0440,1.3030,4.9970
2015.12603,2015-02-15,-90.3500,254.6820,-372.5070,0.9710,1.1890,4.6690
2015.12877,2015-02-16,-87.5430,252.7950,-395.2930,0.9820,1.2130,4.7510
2015.13151,2015-02-17,-86.8960,251.8130,-385.7290,0.9380,1.1170,4.4740
2015.13425,2015-02-18,-87.9630,250.9940,-391.7880,0.9490,1.1150,4.5010
2015.13699,2015-02-19,-89.5920,253.1160,-387.3330,0.9770,1.1650,4.6580
2015.13973,2015-02-20,-91.3380,253.7900,-388.4740,0.9590,1.1490,4.6150
2015.14247,2015-02-21,-92.1970,255.2420,-379.2900,0.9750,1.1860,4.5800
2015.14521,2015-02-22,-88.3600,254.6830,-387.6210,0.9530,1.1600,4.5450
2015.14795,2015-02-23,-88.3230,253.6850,-388.0340,0.9440,1.1500,4.5620
2015.15068,2015-02-24,-88.0040,252.6760,-388.9570,0.9480,1.1000,4.5580
2015.15342,2015-02-25,-88.1140,255.0020,-386.5360,0.9430,1.1460,4.4130
2015.15616,2015-02-26,-89.3400,254.7400,-387.7830,0.9590,1.1620,4.6000
2015.15890,2015-02-27,-89.3080,255.3600,-392.1620,0.9720,1.1900,4.7930
2015.16164,2015-02-28,-87.0830,252.7050,-398.3380,0.9370,1.1440,4.5430
2015.16438,2015-03-01,-88.8130,254.8680,-389.0770,0.9280,1.1140,4.5180
2015.16712,2015-03-02,-89.8840,253.6150,-388.8950,0.9200,1.1060,4.4550
2015.16986,2015-03-03,-89.0870,254.8510,-382.5330,0.9620,1.1670,4.6290
2015.17260,2015-03-04,-88.8960,254.5900,-393.2900,0.9740,1.1690,4.7120
2015.17534,2015-03-05,-89.3860,254.8160,-387.9330,1.0270,1.2620,5.1820
2015.17808,2015-03-06,-87.7160,254.4770,-384.9200,0.9810,1.2130,4.9010
2015.18082,2015-03-07,-87.8650,253.7290,-390.8590,0.9270,1.1070,4.5320
2015.18356,2015-03-08,-87.9890,253.0770,-395.4280,0.9340,1.1180,4.4670
2015.18630,2015-03-09,-85.8240,254.2210,-394.9120,0.9370,1.1300,4.5590
2015.18904,2015-03-10,-89.1270,254.9000,-392.9940,0.9280,1.1230,4.4620
2015.19178,2015-03-11,-88.5640,255.3550,-394.4470,1.0020,1.1690,4.8610
2015.19452,2015-03-12,-87.4460,254.2640,-386.7720,0.9830,1.2030,4.7280
2015.19726,2015-03-13,-87.7000,253.0940,-397.2690,1.0270,1.2540,5.0400
2015.20000,2015-03-14,-87.8710,256.5880,-385.9760,0.9920,1.2650,4.9270
2015.20274,2015-03-15,-90.4020,256.6770,-384.8930,0.9770,1.1750,4.8780
2015.20548,2015-03-16,-85.9720,254.3820,-384.9950,1.0110,1.2180,5.0560
2015.20822,2015-03-17,-90.9550,255.9700,-387.7000,0.9640,1.1040,4.6220
2015.21096,2015-03-18,-92.8150,254.4280,-390.2030,0.9460,1.0830,4.5030
2015.21370,2015-03-19,-91.5670,257.7610,-389.9320,0.9550,1.0960,4.4770
2015.21644,2015-03-20,-88.2960,255.3460,-400.5080,0.9630,1.1490,4.6110
2015.21918,2015-03-21,-87.8870,254.3080,-400.8420,0.9440,1.1050,4.6600
2015.22192,2015-03-22,-91.2660,257.7930,-403.0880,0.9440,1.1180,4.5730
2015.22466,2015-03-23,-91.4410,258.7770,-389.9450,0.9540,1.1150,4.7380
2015.22740,2015-03-24,-87.6600,257.1140,-399.2560,0.9590,1.0930,4.5470
2015.23014,2015-03-25,-89.1870,257.3870,-403.1760,0.9490,1.1450,4.5970
2015.23288,2015-03-26,-89.6030,254.8280,-399.8550,0.9510,1.1120,4.6400
2015.23562,2015-03-27,-91.1590,254.6370,-402.8190,0.9730,1.1140,4.6910
2015.23836,2015-03-28,-90.9270,257.7230,-395.8530,0.9510,1.1280,4.6680
2015.24110,2015-03-29,-90.7100,256.5970,-394.9860,0.9620,1.1240,4.6720
2015.24384,2015-03-30,-87.8140,256.9270,-393.9100,0.9460,1.1460,4.6610
2015.24658,2015-03-31,-90.7150,258.4780,-391.4500,0.9660,1.1600,4.7930
2015.24932,2015-04-01,-88.7310,256.9900,-395.0510,0.9930,1.1720,4.8180
2015.25205,2015-04-02,-90.6580,257.1670,-383.5770,0.9840,1.1660,4.8920
2015.25479,2015-04-03,-88.5160,257.7510,-393.5260,0.9930,1.1530,4.7650
2015.25753,2015-04-04,-85.7440,256.3810,-393.7070,1.0320,1.1800,5.0160
2015.26027,2015-04-05,-88.8650,258.7460,-396.9410,0.9810,1.1490,4.8090
2015.26575,2015-04-07,-89.6230,254.6840,-399.1970,1.0840,1.3380,5.3400
2015.26849,2015-04-08,-85.9230,255.6790,-393.7830,0.9960,1.1770,4.7930
2015.27123,2015-04-09,-85.9270,255.2100,-398.2380,0.9650,1.1340,4.6590
2015.27397,2015-04-10,-89.7830,257.1990,-401.2510,0.9670,1.1100,4.6480
2015.27671,2015-04-11,-89.1090,254.2650,-409.6400,0.9710,1.1350,4.7050
2015.27945,2015-04-12,-88.0250,253.8190,-403.7890,0.9730,1.1350,4.6970
2015.28219,2015-04-13,-89.3440,256.0780,-401.3290,0.9370,1.0880,4.5000
2015.28493,2015-04-14,-89.7200,256.2360,-400.6000,0.9810,1.1330,4.6290
2015.28767,2015-04-15,-93.9360,261.1950,-396.1720,0.9890,1.1610,4.7540
2015.29041,2015-04-16,-90.9190,258.5160,-405.5230,1.0030,1.1530,4.7870
2015.29315,2015-04-17,-87.9050,255.7260,-394.1000,0.9620,1.1220,4.6550
2015.29589,2015-04-18,-89.3670,259.5510,-400.4790,0.9700,1.1130,4.6730
2015.29863,2015-04-19,-90.7300,256.7440,-400.3880,0.9500,1.1170,4.6800
2015.30137,2015-04-20,-89.9800,259.7110,-391.9280,0.9810,1.1550,4.8790
2015.30411,2015-04-21,-88.6460,261.5360,-400.0220,0.9950,1.2210,4.8690
2015.30685,2015-04-22,-86.5520,259.3510,-401.5740,0.9570,1.1290,4.5580
2015.30959,2015-04-23,-86.3840,257.1570,-412.3940,0.9340,1.1190,4.7380
2015.31233,2015-04-24,-89.6130,257.9070,-408.7300,0.9280,1.0970,4.4720
2015.31507,2015-04-25,-89.4880,262.7390,-403.1010,0.9690,1.1980,4.8450
2015.31781,2015-04-26,-93.0380,260.5580,-399.4740,0.9450,1.1160,4.5930
2015.32055,2015-04-27,-87.9730,258.4210,-398.8320,0.9600,1.1370,4.7720
2015.32329,2015-04-28,-89.1770,259.1720,-396.0450,0.9510,1.0980,4.6570
2015.32603,2015-04-29,-89.0530,259.7320,-396.5670,0.9220,1.1020,4.4900
2015.32877,2015-04-30,-89.3720,258.2600,-411.6740,0.9660,1.1480,4.7590
2015.33151,2015-05-01,-91.6400,262.1210,-401.3350,0.9530,1.1040,4.7670
2015.33425,2015-05-02,-90.0500,259.2610,-412.5540,0.9400,1.1150,4.7130
2015.33699,2015-05-03,-91.5020,260.9220,-412.1320,0.9680,1.1050,4.7840
2015.33973,2015-05-04,-92.3330,262.3520,-394.3710,0.9820,1.1760,4.7450
2015.34247,2015-05-05,-90.2460,260.2100,-407.6720,0.9710,1.1480,4.8020
2015.34521,2015-05-06,-93.2280,263.0840,-403.3250,0.9340,1.1270,4.6860
2015.34795,2015-05-07,-90.6930,260.6320,-413.2460,0.9570,1.1620,4.6810
2015.35068,2015-05-08,-91.3100,262.8850,-403.6150,0.9900,1.2050,4.9540
2015.35342,2015-05-09,-93.0500,261.6100,-409.0270,0.9440,1.1140,4.6530
2015.35616,2015-05-10,-91.3700,264.6590,-411.8610,0.9550,1.2000,4.6790
2015.35890,2015-05-11,-90.1030,262.2920,-411.3850,0.9660,1.1610,4.8440
2015.36164,2015-05-12,-88.0680,260.5560,-408.8080,0.9680,1.1370,4.6830
2015.36438,2015-05-13,-90.0240,261.3410,-408.2440,0.9620,1.1680,4.7640
2015.36712,2015-05-14,-92.3650,264.4010,-402.7330,0.9520,1.1370,4.7150
2015.36986,2015-05-15,-90.1130,263.8860,-407.6230,0.9340,1.1530,4.5530
2015.37260,2015-05-16,-91.7200,261.2470,-403.9830,0.9620,1.1510,4.6220
2015.37534,2015-05-17,-92.0730,262.9530,-403.8700,0.9640,1.1920,4.6750
2015.37808,2015-05-18,-91.1650,263.5200,-411.3970,0.9720,1.2150,4.7070
2015.38082,2015-05-19,-92.7610,262.5920,-418.6540,0.9550,1.1570,4.8520
2015.38356,2015-05-20,-93.1410,262.0940,-412.5320,0.9500,1.1170,4.7400
2015.38630,2015-05-21,-93.7690,262.1190,-421.6380,0.9480,1.1620,4.6150
2015.38904,2015-05-22,-90.2210,260.9340,-402.9860,0.9320,1.1230,4.6700
2015.39178,2015-05-23,-94.7450,262.1280,-409.2880,0.9320,1.1360,4.6670
2015.39452,2015-05-24,-93.7250,262.5040,-399.7190,0.9650,1.1630,4.7890
2015.39726,2015-05-25,-89.1870,263.8020,-403.2730,0.9470,1.1030,4.6080
2015.40000,2015-05-26,-90.9020,262.7010,-404.5970,0.9330,1.1330,4.7150
2015.40274,2015-05-27,-92.8470,264.4740,-404.9270,0.9570,1.1320,4.6610
2015.40548,2015-05-28,-94.4130,264.5280,-412.8350,0.9450,1.1180,4.6830
2015.40822,2015-05-29,-91.2160,261.9990,-417.4860,0.9370,1.1240,4.6230
2015.41096,2015-05-30,-93.1060,259.3940,-412.5850,0.9770,1.1290,4.6660
2015.41370,2015-05-31,-90.4500,260.3450,-409.2330,0.9650,1.1370,4.7690
2015.41644,2015-06-01,-93.4520,264.3680,-414.6450,0.9600,1.1450,4.7120
2015.41918,2015-06-02,-92.0020,265.2460,-409.3860,0.9690,1.2100,4.9010
2015.42192,2015-06-03,-92.0290,263.0890,-409.8260,0.9350,1.1060,4.4940
2015.42466,2015-06-04,-93.1940,261.3260,-415.8540,0.9650,1.1710,4.6840
2015.42740,2015-06-05,-94.0690,260.3910,-414.3110,0.9520,1.1690,4.5500
2015.43014,2015-06-06,-92.2190,261.4070,-415.7070,0.9500,1.1240,4.5900
2015.43288,2015-06-07,-94.8970,261.6730,-406.0000,0.9930,1.1800,4.7330
2015.43562,2015-06-08,-92.8000,264.8470,-414.3180,0.9540,1.1900,4.7020
2015.43836,2015-06-09,-92.0370,259.5990,-410.4590,0.9650,1.1640,4.6740
2015.44110,2015-06-10,-94.1600,263.5520,-397.1350,0.9650,1.1310,4.7650
2015.44658,2015-06-12,-92.8720,264.8480,-412.8970,1.0930,1.2650,5.2450
2015.44932,2015-06-13,-94.5030,262.5050,-409.9150,0.9630,1.1800,4.7750
2015.45205,2015-06-14,-97.6920,264.7760,-403.8290,0.9600,1.1800,4.7790
2015.45479,2015-06-15,-95.8250,263.7070,-408.9560,0.9950,1.1660,5.0160
2015.45753,2015-06-16,-94.6560,265.3410,-405.8600,0.9610,1.1820,4.6670
2015.46027,2015-06-17,-97.4560,262.4480,-410.8220,0.9930,1.1610,4.7840
2015.46301,2015-06-18,-94.4110,263.3840,-411.1380,0.9680,1.1980,4.9000
2015.46575,2015-06-19,-94.4990,264.0420,-411.8750,1.0120,1.2210,5.0390
2015.46849,2015-06-20,-96.1080,265.1500,-417.2020,0.9590,1.1800,4.7620
2015.47123,2015-06-21,-95.9690,266.3530,-405.6110,0.9950,1.2470,5.0350
2015.47397,2015-06-22,-94.0100,264.5480,-419.3040,0.9820,1.1740,4.8430
2015.47671,2015-06-23,-95.3370,265.0730,-414.9060,1.0120,1.2600,4.9940
2015.47945,2015-06-24,-94.3860,265.4580,-411.3140,0.9930,1.2600,4.9470
2015.48219,2015-06-25,-94.2540,264.4720,-422.4350,0.9880,1.2650,5.0310
2015.48493,2015-06-26,-92.7600,265.1390,-417.9630,0.9620,1.1880,4.7090
2015.48767,2015-06-27,-93.0150,260.4590,-410.4990,0.9660,1.2350,4.9240
2015.49041,2015-06-28,-94.9570,263.0830,-419.1530,0.9590,1.1870,4.6900
2015.49315,2015-06-29,-94.2270,264.8520,-409.2870,1.0170,1.2110,5.0980
2015.49589,2015-06-30,-94.1660,264.6920,-406.7870,0.9840,1.1720,4.7590
2015.49863,2015-07-01,-94.8750,264.3260,-402.7600,1.0040,1.2030,5.0240
2015.50137,2015-07-02,-93.5250,261.7650,-414.1640,0.9890,1.1850,4.8830
2015.50411,2015-07-03,-93.9400,266.2810,-414.0340,0.9910,1.2090,4.8680
2015.50685,2015-07-04,-93.0180,265.0140,-401.9930,0.9860,1.2120,5.0160
2015.50959,2015-07-05,-96.5030,268.5760,-402.5030,0.9980,1.2490,4.9620
2015.51233,2015-07-06,-94.7620,265.1200,-410.4200,1.0030,1.2060,4.9810
2015.51507,2015-07-07,-91.9610,268.0700,-401.5640,0.9770,1.1990,4.9110
2015.51781,2015-07-08,-93.5590,263.7910,-416.7440,0.9750,1.1860,4.8500
2015.52055,2015-07-09,-95.0060,269.1440,-409.8780,1.0100,1.2650,4.9860
2015.52329,2015-07-10,-94.7470,265.8430,-412.1970,0.9950,1.2260,4.9950
2015.52603,2015-07-11,-95.4740,265.7870,-411.0510,1.0150,1.1910,4.8770
2015.52877,2015-07-12,-95.5500,269.0320,-390.2950,0.9970,1.2050,5.0000
2015.53151,2015-07-13,-95.4460,265.7910,-411.8580,1.0110,1.2270,5.0350
2015.53425,2015-07-14,-94.0120,265.2910,-412.2840,1.0080,1.2290,5.0550
2015.53699,2015-07-15,-96.6090,267.1680,-416.6240,1.0060,1.2460,4.9620
2015.53973,2015-07-16,-93.7120,266.2160,-409.4780,0.9830,1.1790,4.8980
2015.54247,2015-07-17,-93.1030,271.9810,-408.5690,1.0640,1.2770,5.2250
2015.54521,2015-07-18,-94.7860,270.0450,-408.6930,1.0160,1.2170,5.0770
2015.54795,2015-07-19,-93.6150,265.2360,-426.8710,1.0100,1.2550,5.1560
2015.55068,2015-07-20,-94.4780,265.8330,-413.1490,0.9870,1.2350,5.1100
2015.55342,2015-07-21,-96.6600,268.5460,-421.0480,0.9980,1.1700,5.0140
2015.55616,2015-07-22,-96.8180,269.9710,-409.5330,1.0070,1.1780,5.0770
2015.55890,2015-07-23,-96.3320,267.7660,-403.7020,0.9800,1.1590,4.9010
2015.56164,2015-07-24,-96.2580,268.1950,-417.8030,1.0000,1.2020,5.0410
2015.56438,2015-07-25,-95.1410,267.7050,-420.4390,0.9870,1.1770,4.9930
2015.56712,2015-07-26,-97.0650,268.6170,-423.4510,0.9850,1.1730,4.8710
2015.56986,2015-07-27,-97.8100,265.9420,-414.7510,1.0260,1.2140,5.2800
2015.57260,2015-07-28,-96.0040,271.0420,-408.7980,1.0490,1.2200,5.3970
2015.57534,2015-07-29,-99.2250,269.2980,-410.9620,1.0540,1.2330,5.2890
2015.57808,2015-07-30,-98.4760,265.4870,-422.6390,1.0130,1.1980,5.2110
2015.58082,2015-07-31,-94.9260,265.7770,-420.7830,0.9830,1.2010,4.9160
2015.58356,2015-08-01,-96.1690,268.3690,-415.3530,1.0010,1.1820,5.0740
2015.58630,2015-08-02,-97.9880,272.4470,-423.3970,1.0040,1.2090,5.1260
2015.58904,2015-08-03,-96.6410,268.5340,-418.7530,1.0220,1.2170,5.1160
2015.59178,2015-08-04,-95.6740,270.8970,-421.9220,0.9900,1.1930,4.9750
2015.59452,2015-08-05,-98.8310,273.4990,-408.9020,0.9970,1.2330,4.9740
2015.59726,2015-08-06,-96.4830,267.6660,-410.9990,1.0460,1.2950,5.2650
2015.60000,2015-08-07,-93.7500,266.3980,-432.7820,1.0840,1.3100,5.6660
2015.60274,2015-08-08,-93.2530,263.9510,-431.4980,1.0150,1.2280,5.3060
2015.60548,2015-08-09,-96.0730,266.5500,-421.4390,1.0420,1.2550,5.4820
2015.60822,2015-08-10,-93.3010,265.0980,-430.5750,0.9520,1.1280,5.0490
2015.61096,2015-08-11,-94.0710,262.9660,-435.0260,0.9310,1.0920,4.6970
2015.61370,2015-08-12,-92.6570,266.9020,-425.8190,0.9420,1.0860,4.7810
2015.61644,2015-08-13,-93.0790,266.9290,-431.5880,0.9330,1.0830,4.7050
2015.61918,2015-08-14,-94.2400,265.9750,-418.5030,0.9140,1.0460,4.5650
2015.62192,2015-08-15,-93.0080,266.9380,-424.0850,0.9350,1.1010,4.5480
2015.62466,2015-08-16,-95.6670,267.7410,-429.1470,0.9230,1.0590,4.5230
2015.62740,2015-08-17,-93.6080,267.1650,-429.2920,0.9270,1.0700,4.4110
2015.63014,2015-08-18,-98.2280,264.0960,-431.2930,0.9320,1.0760,4.5910
2015.63562,2015-08-20,-94.4950,265.8000,-442.5970,0.9450,1.0750,4.5710
2015.63836,2015-08-21,-95.5100,267.9670,-436.2000,0.9190,1.0550,4.4370
2015.64110,2015-08-22,-99.0830,266.8100,-433.2580,0.9270,1.0130,4.5620
2015.64384,2015-08-23,-92.1310,266.8680,-429.0070,0.9320,1.0210,4.5300
2015.64658,2015-08-24,-91.7540,265.0730,-423.5330,0.9070,1.0090,4.5010
2015.64932,2015-08-25,-96.7500,265.4280,-420.3590,0.9690,1.0670,4.6280
2015.65205,2015-08-26,-96.6720,269.9660,-411.4310,0.9320,1.0660,4.6560
2015.65479,2015-08-27,-96.6520,267.5160,-420.4360,0.8910,1.0130,4.4230
2015.65753,2015-08-28,-96.6530,268.6400,-414.7380,0.8940,1.0360,4.5300
2015.66027,2015-08-29,-92.7960,271.1140,-419.1240,0.9080,1.0570,4.5990
2015.66301,2015-08-30,-94.4880,272.3940,-419.2640,0.9230,1.0570,4.6870
2015.66575,2015-08-31,-94.1520,270.7630,-414.7530,0.9060,1.0450,4.5340
2015.66849,2015-09-01,-97.5000,268.5250,-424.6480,0.9220,1.0630,4.5600
2015.67123,2015-09-02,-94.3620,266.4870,-422.3680,0.9320,1.0740,4.6390
2015.67397,2015-09-03,-97.0260,268.7510,-423.1540,0.8930,0.9770,4.3680
2015.67671,2015-09-04,-95.0410,267.3860,-422.0750,0.8960,0.9840,4.4200
2015.67945,2015-09-05,-94.4330,265.1360,-421.8940,0.8890,0.9840,4.3670
2015.68219,2015-09-06,-93.8360,267.3880,-413.8460,0.9130,1.0170,4.4820
2015.68493,2015-09-07,-94.1830,266.0870,-410.4540,0.9370,1.0740,4.8430
2015.68767,2015-09-08,-93.1660,268.2570,-422.9630,0.9090,1.0180,4.5210
2015.69041,2015-09-09,-92.4290,267.4690,-416.6200,0.9060,1.0510,4.4650
2015.69315,2015-09-10,-94.3370,267.3770,-424.1910,0.9050,1.0090,4.4850
2015.69589,2015-09-11,-93.5020,267.4890,-424.3140,0.8920,1.0310,4.4740
2015.69863,2015-09-12,-94.3950,267.7410,-423.5980,0.8860,0.9920,4.4030
2015.70137,2015-09-13,-96.6380,270.5930,-412.1440,0.9120,1.0420,4.7110
2015.70411,2015-09-14,-95.0690,267.5070,-419.3050,0.8730,1.0030,4.4900
2015.70685,2015-09-15,-93.5520,267.5760,-419.5180,0.9070,1.0430,4.5990
2015.70959,2015-09-16,-94.2010,268.2280,-420.9750,0.8960,1.0300,4.6220
2015.71233,2015-09-17,-95.5030,270.7250,-421.7220,0.8940,1.0180,4.5880
2015.71507,2015-09-18,-97.2740,268.1050,-423.8870,0.8920,1.0560,4.5130
2015.71781,2015-09-19,-96.8490,270.7290,-418.8690,0.8870,1.0250,4.5250
2015.72055,2015-09-20,-97.4450,269.2360,-410.1850,0.8800,1.0270,4.4090
2015.72329,2015-09-21,-96.1280,268.7700,-425.9770,0.9210,1.0750,4.8660
2015.72603,2015-09-22,-95.4320,268.1540,-420.1380,0.9000,1.0580,4.6050
2015.72877,2015-09-23,-95.6320,267.2950,-422.6600,0.8900,1.0420,4.6030
2015.73151,2015-09-24,-93.9390,268.9760,-419.9080,0.8920,1.0750,4.5430
2015.73425,2015-09-25,-96.7460,268.8100,-415.5080,0.9050,1.0810,4.6330
2015.73699,2015-09-26,-95.6100,268.7460,-422.9220,0.9350,1.0900,4.9070
2015.73973,2015-09-27,-95.0180,266.9350,-415.7970,0.9590,1.1010,4.9960
2015.74247,2015-09-28,-94.6320,268.7340,-418.1330,1.0200,1.2180,5.4330
2015.74521,2015-09-29,-94.7100,268.4430,-423.6430,0.9490,1.1180,4.8270
2015.74795,2015-09-30,-94.0580,267.8630,-423.9200,1.0240,1.1550,5.1760
2015.75068,2015-10-01,-94.1420,269.0800,-426.2010,0.9790,1.0870,4.9290
2015.75342,2015-10-02,-96.5680,268.4300,-418.9000,0.9020,1.0200,4.4430
2015.75616,2015-10-03,-96.2570,265.1580,-415.0930,0.8920,1.0060,4.4040
2015.75890,2015-10-04,-93.1460,269.6470,-421.8150,0.8940,1.0290,4.4650
2015.76164,2015-10-05,-94.3620,269.6970,-417.8290,0.8900,1.0070,4.4060
2015.76438,2015-10-06,-93.8960,268.9380,-421.8490,0.9090,1.0390,4.6500
2015.76712,2015-10-07,-94.7970,268.9030,-415.4990,0.8980,1.0120,4.4760
2015.76986,2015-10-08,-95.5940,268.3600,-414.0800,0.9420,1.0140,4.7200
2015.77260,2015-10-09,-94.3460,269.3760,-416.1470,0.9120,1.0460,4.6510
2015.77534,2015-10-10,-93.3790,269.6110,-417.6660,0.9090,1.0350,4.5810
2015.77808,2015-10-11,-93.4480,270.5970,-417.4710,0.9070,1.0240,4.5520
2015.78630,2015-10-14,-95.7530,268.9550,-419.3640,0.9270,1.0520,4.7100
2015.78904,2015-10-15,-93.7860,272.3340,-416.6110,0.8950,1.0400,4.5660
2015.79178,2015-10-16,-95.4570,271.5240,-420.6090,0.8890,1.0070,4.3950
2015.79452,2015-10-17,-92.5200,272.0650,-423.9520,0.9080,1.0520,4.4940
2015.79726,2015-10-18,-94.3000,271.4820,-420.2510,0.9180,1.0320,4.6100
2015.80000,2015-10-19,-93.9370,269.7700,-415.5900,0.9820,1.0850,4.9480
2015.80274,2015-10-20,-94.0120,269.2900,-414.0690,0.9810,1.1450,5.1540
2015.80548,2015-10-21,-93.3440,269.9650,-412.2940,0.9410,1.0970,4.7930
2015.80822,2015-10-22,-93.1010,269.5970,-423.4920,0.9280,1.0500,4.7020
2015.81096,2015-10-23,-94.7860,270.6670,-419.2250,0.9150,1.0200,4.6490
2015.81370,2015-10-24,-94.7400,270.8900,-421.0050,0.9330,1.0820,4.7010
2015.81644,2015-10-25,-95.8200,268.3620,-432.5660,0.9160,1.0300,4.6280
2015.81918,2015-10-26,-96.4620,271.8980,-415.9860,0.9180,1.0520,4.5840
2015.82192,2015-10-27,-92.4880,271.9220,-422.6710,0.9070,1.0210,4.5350
2015.82466,2015-10-28,-95.3170,269.9670,-425.0580,0.9030,0.9990,4.4380
2015.82740,2015-10-29,-93.4710,271.6230,-427.4800,0.9130,1.0410,4.6430
2015.83014,2015-10-30,-96.5460,272.8790,-421.9360,0.9120,1.0090,4.6070
2015.83288,2015-10-31,-96.4750,273.3370,-414.5070,0.9230,1.0480,4.6670
2015.83562,2015-11-01,-96.2340,272.0660,-417.2260,0.9580,1.1190,4.8400
2015.83836,2015-11-02,-97.2870,272.5010,-423.2840,0.9420,1.1060,4.6600
2015.84110,2015-11-03,-96.1280,272.5050,-424.2010,0.9360,1.0380,4.6720
2015.84384,2015-11-04,-96.0840,272.9920,-419.5060,0.9360,1.0380,4.5480
2015.84658,2015-11-05,-94.3870,272.8410,-421.1340,0.9370,1.0530,4.6300
2015.84932,2015-11-06,-95.3570,273.3590,-424.5920,0.9290,1.0440,4.6570
2015.85205,2015-11-07,-94.7180,275.0130,-412.6460,0.9310,1.0380,4.6240
2015.85479,2015-11-08,-96.0090,274.2660,-424.9500,0.9520,1.0260,4.6680
2015.85753,2015-11-09,-93.2680,272.9030,-422.8670,0.9490,1.0350,4.6640
2015.86027,2015-11-10,-95.9460,275.4460,-417.8380,0.9480,1.0560,4.7930
2015.86301,2015-11-11,-96.9320,273.1720,-422.3140,0.9310,1.0470,4.7100
2015.86575,2015-11-12,-98.0460,275.2060,-421.7320,0.9220,1.0290,4.5440
2015.86849,2015-11-13,-96.9540,273.4730,-419.0990,0.9200,1.0470,4.4920
2015.87123,2015-11-14,-96.5660,272.4960,-424.3990,0.9410,1.0330,4.5790
2015.87671,2015-11-16,-97.9520,275.4880,-425.4320,0.9200,1.0430,4.5850
2015.87945,2015-11-17,-94.2110,272.2110,-430.0560,0.9310,1.0300,4.6120
2015.88219,2015-11-18,-95.7420,272.5130,-418.7180,0.9050,1.0380,4.5340
2015.88493,2015-11-19,-95.6470,272.2800,-424.1480,0.9360,1.0900,4.6870
2015.88767,2015-11-20,-100.1910,277.1120,-419.5070,0.9510,1.0940,4.7730
2015.89041,2015-11-21,-95.4960,273.8500,-418.7420,0.9470,1.0820,4.6770
2015.89315,2015-11-22,-93.0890,272.9930,-423.5100,1.1620,1.3500,6.2010
2015.89863,2015-11-24,-94.0930,272.2800,-424.5570,0.9890,1.0980,4.8130
2015.90137,2015-11-25,-94.7080,272.1740,-426.4290,0.9290,1.0580,4.6270
2015.90411,2015-11-26,-95.7730,272.1670,-428.4990,0.9400,1.0870,4.6970
2015.90685,2015-11-27,-97.0600,274.1610,-431.1610,0.9360,1.0580,4.6730
2015.90959,2015-11-28,-97.1170,275.3410,-430.1850,0.9240,1.0520,4.5930
2015.91233,2015-11-29,-96.6890,275.0020,-429.9720,0.9340,1.0520,4.7180
2015.91507,2015-11-30,-94.0310,273.1450,-429.2440,0.9320,1.0820,4.6560
2015.91781,2015-12-01,-93.3810,273.7610,-432.4580,0.9340,1.0310,4.6290
2015.92055,2015-12-02,-97.6230,276.0580,-423.4680,0.9540,1.1040,4.8220
2015.92329,2015-12-03,-97.9790,273.3880,-422.3380,0.9270,1.0380,4.6130
2015.92603,2015-12-04,-98.1620,273.2890,-429.7210,0.9280,1.0550,4.6780
2015.92877,2015-12-05,-99.1470,272.7760,-424.5960,0.9520,1.0700,4.8390
2015.93151,2015-12-06,-95.8760,273.1420,-428.6720,0.9450,1.0630,4.7770
2015.93425,2015-12-07,-95.8350,274.8930,-425.8370,0.9490,1.0740,4.7990
2015.93699,2015-12-08,-96.9420,274.0010,-430.1510,0.9630,1.0790,4.9070
2015.93973,2015-12-09,-97.5370,272.0770,-428.8100,0.9890,1.1140,5.1460
2015.94247,2015-12-10,-97.3050,276.3090,-421.8550,0.9550,1.0990,4.8820
2015.94521,2015-12-11,-97.5420,274.8740,-415.3160,0.9730,1.0920,5.0860
2015.94795,2015-12-12,-97.1460,274.5820,-429.6350,0.9240,1.0780,4.8060
2015.95068,2015-12-13,-96.3910,275.9100,-422.4940,0.9430,1.0690,4.8090
2015.95342,2015-12-14,-95.6300,273.4200,-425.7860,0.9110,1.0630,4.5940
2015.95616,2015-12-15,-95.9940,271.6770,-428.1360,0.9260,1.0640,4.5870
2015.95890,2015-12-16,-97.9170,275.1020,-422.9160,0.9300,1.0570,4.6340
2015.96164,2015-12-17,-96.6400,274.4920,-421.7690,0.9310,1.0730,4.7770
2015.96438,2015-12-18,-94.2830,274.1530,-428.0150,0.9230,1.0470,4.5900
2015.96712,2015-12-19,-95.3070,275.8170,-427.0530,0.9100,1.0400,4.6500
2015.96986,2015-12-20,-96.9040,275.6430,-426.6700,0.9140,1.0630,4.7010
2015.97260,2015-12-21,-97.1410,272.7700,-415.9360,0.9170,1.0590,4.7410
2015.97534,2015-12-22,-96.4710,275.2370,-419.3870,0.9070,1.0400,4.6020
2015.97808,2015-12-23,-95.5420,273.0790,-421.2870,0.9060,1.0450,4.5250
2015.98082,2015-12-24,-97.4930,276.7440,-419.1960,0.9020,1.0460,4.6330
2015.98356,2015-12-25,-96.1000,277.5660,-420.3060,0.9220,1.0360,4.6950
2015.98630,2015-12-26,-95.9320,275.6440,-423.9040,0.9240,1.0520,4.6980
2015.98904,2015-12-27,-97.1630,276.0100,-419.4530,0.9170,1.0550,4.7420
2015.99178,2015-12-28,-96.8530,275.2980,-424.2640,0.9230,1.0540,4.6830
2015.99452,2015-12-29,-94.6960,274.9170,-424.1100,0.9000,1.0400,4.5630
2015.99726,2015-12-30,-96.6110,275.7390,-417.2430,0.9060,1.0340,4.6410
2016.00000,2015-12-31,-94.8910,276.7190,-421.7230,0.9330,1.0890,4.8550
2016.00273,2016-01-01,-97.6070,275.1680,-423.2100,0.8980,1.0350,4.5510
2016.00546,2016-01-02,-96.5350,276.0710,-418.0750,0.9540,1.0470,4.9410
2016.00820,2016-01-03,-98.1210,279.2440,-413.4230,0.9590,1.0750,5.0790
2016.01093,2016-01-04,-97.9100,278.2700,-417.4810,0.9120,1.0250,4.5520
2016.01366,2016-01-05,-99.0060,278.0630,-419.0730,0.9320,1.0530,4.7450
2016.01639,2016-01-06,-96.9580,278.3450,-421.7440,0.9240,1.0900,4.7950
2016.01913,2016-01-07,-98.3010,277.8940,-414.3870,0.9570,1.0670,4.8650
2016.02186,2016-01-08,-96.9460,279.8280,-415.1880,0.9780,1.1170,4.9500
2016.02459,2016-01-09,-97.4490,278.1100,-420.1120,0.9300,1.0500,4.6800
2016.02732,2016-01-10,-94.2170,279.0150,-420.4630,0.9320,1.1000,4.7060
2016.03005,2016-01-11,-97.6790,279.3120,-410.6570,0.9020,1.0860,4.6290
2016.03279,2016-01-12,-94.7610,276.0060,-424.6760,0.9280,1.0820,4.7130
2016.03552,2016-01-13,-97.9710,273.7910,-419.6610,0.9550,1.0900,4.9560
2016.03825,2016-01-14,-97.3720,278.0740,-409.8610,0.9180,1.0540,4.7120
2016.04098,2016-01-15,-99.2570,278.8950,-409.5020,0.9420,1.0780,4.7290
2016.04372,2016-01-16,-95.4460,277.4760,-416.9930,0.9510,1.0560,4.7770
2016.04645,2016-01-17,-97.3030,279.7250,-422.2470,0.9200,1.0900,4.6880
2016.04918,2016-01-18,-98.7750,280.6030,-419.2270,0.9180,1.0480,4.6570
2016.05191,2016-01-19,-99.0860,280.3280,-414.4840,0.9000,1.0310,4.5500
2016.05464,2016-01-20,-96.4890,279.5960,-415.9300,0.9080,1.0370,4.6470
2016.05738,2016-01-21,-96.0660,279.4490,-414.7740,0.9320,1.0320,4.7780
2016.06011,2016-01-22,-98.4360,278.5160,-424.9980,0.9120,1.0790,4.6330
2016.06284,2016-01-23,-98.3450,278.9590,-422.3400,0.9180,1.0770,4.8160
2016.06557,2016-01-24,-96.7710,275.7730,-427.9520,0.9280,1.0430,4.7980
2016.06831,2016-01-25,-99.3820,277.9710,-420.7440,0.9200,1.0610,4.6790
2016.07104,2016-01-26,-99.4870,279.1040,-430.5560,0.8910,1.0380,4.5770
2016.07377,2016-01-27,-101.4630,279.7640,-423.8030,0.9170,1.0740,4.6820
2016.07650,2016-01-28,-100.4910,281.4910,-423.7940,0.9280,1.0820,4.7050
2016.07923,2016-01-29,-99.2330,282.2640,-424.6570,0.9730,1.1150,4.9950
2016.08197,2016-01-30,-99.0300,280.0940,-423.2060,0.9240,1.0690,4.7250
2016.08470,2016-01-31,-94.3140,277.7710,-430.5590,0.9410,1.1160,4.6940
2016.08743,2016-02-01,-96.5450,279.0700,-424.1640,0.9280,1.0990,4.8120
2016.09016,2016-02-02,-98.1080,282.0310,-424.0400,0.9050,1.0430,4.5670
2016.09290,2016-02-03,-97.2680,281.6630,-423.9470,0.8980,1.0350,4.5880
2016.09563,2016-02-04,-99.6970,283.0950,-419.7430,0.9360,1.0780,4.7290
2016.09836,2016-02-05,-99.4040,280.6410,-420.5340,0.9090,1.0430,4.6550
2016.10109,2016-02-06,-98.4540,280.6090,-430.8570,0.9280,1.0500,4.7270
2016.10383,2016-02-07,-98.4850,280.6940,-431.7240,0.9390,1.0600,4.7390
2016.10656,2016-02-08,-100.6900,283.0100,-424.6520,0.9140,1.0380,4.6330
2016.10929,2016-02-09,-98.4950,279.6730,-424.6060,0.9250,1.0430,4.6460
2016.11202,2016-02-10,-99.4020,280.9290,-428.2730,0.9060,1.0350,4.5290
2016.11475,2016-02-11,-99.1490,280.4790,-425.9970,0.9230,1.0800,4.6230
2016.12022,2016-02-13,-99.1410,281.2430,-416.5690,0.9080,1.0330,4.6050
2016.12295,2016-02-14,-99.5760,283.8320,-426.6600,0.9170,1.0630,4.6320
2016.12568,2016-02-15,-101.3040,281.3560,-430.0730,0.9280,1.0330,4.6570
2016.12842,2016-02-16,-98.8760,280.9670,-426.2970,0.9500,1.0640,4.6890
2016.13115,2016-02-17,-99.6590,282.3910,-424.5790,0.9480,1.0730,4.7270
2016.13388,2016-02-18,-98.1090,279.2250,-430.0720,0.8970,1.0350,4.4470
2016.13661,2016-02-19,-99.6070,284.3900,-427.6620,0.9270,1.0440,4.6910
2016.13934,2016-02-20,-100.2610,282.0800,-431.1000,0.9290,1.0610,4.6610
2016.14208,2016-02-21,-97.8390,281.3520,-429.4280,0.9290,1.0870,4.6510
2016.14481,2016-02-22,-99.6860,281.4660,-430.6340,0.9080,1.0830,4.6390
2016.14754,2016-02-23,-98.4440,280.9330,-427.1870,0.9130,1.0530,4.6270
2016.15027,2016-02-24,-100.0570,280.8300,-430.6140,0.9090,1.0530,4.5710
2016.15301,2016-02-25,-100.4450,280.8750,-437.9240,0.9040,1.0490,4.5460
2016.15574,2016-02-26,-101.4410,282.1580,-436.5100,0.9280,1.0670,4.6330
2016.15847,2016-02-27,-100.7820,282.8880,-433.4890,0.9380,1.0890,4.6180
2016.16120,2016-02-28,-99.0990,280.4190,-432.3020,0.9390,1.0860,4.8520
2016.16393,2016-02-29,-98.5670,282.9480,-429.9740,0.9330,1.0380,4.7290
2016.16667,2016-03-01,-98.5600,281.2960,-442.8350,0.9620,1.0500,4.7390
2016.16940,2016-03-02,-99.4300,281.7170,-447.3360,0.9230,1.0530,4.6170
2016.17213,2016-03-03,-100.6620,283.0930,-432.4480,0.9200,1.0640,4.6360
2016.17486,2016-03-04,-99.4390,282.8420,-431.9610,0.9710,1.1330,4.8510
2016.17760,2016-03-05,-98.9090,282.6690,-439.4790,0.9390,1.1140,4.8810
2016.18033,2016-03-06,-100.3690,281.0340,-436.0210,0.9130,1.0780,4.6360
2016.18306,2016-03-07,-100.1950,281.4660,-442.5280,0.9450,1.0650,4.6370
2016.18579,2016-03-08,-99.5690,281.8110,-444.1200,1.0070,1.1320,5.2680
2016.18852,2016-03-09,-98.2060,282.0130,-440.1140,0.9600,1.1460,4.9400
2016.19126,2016-03-10,-100.6000,283.3720,-446.8780,0.9390,1.1000,4.8080
2016.19399,2016-03-11,-101.4260,283.4570,-436.9010,0.8980,1.0510,4.6520
2016.19672,2016-03-12,-100.9130,283.5870,-432.2230,0.8990,1.0480,4.5650
2016.19945,2016-03-13,-100.4840,284.3750,-441.2780,0.9520,1.1350,4.9600
2016.20219,2016-03-14,-101.3890,282.2180,-435.6810,0.9130,1.0740,4.5540
2016.20492,2016-03-15,-100.1230,281.0490,-432.2420,0.9290,1.0570,4.6540
2016.20765,2016-03-16,-100.8970,285.1830,-433.6300,0.9510,1.0760,4.7450
2016.21038,2016-03-17,-104.1610,283.8130,-427.5170,0.9390,1.1050,4.7460
2016.21311,2016-03-18,-101.1430,282.0450,-434.8730,0.9430,1.0970,4.7280
2016.21585,2016-03-19,-100.6450,282.8450,-439.2280,0.9350,1.1220,4.7620
2016.21858,2016-03-20,-99.6870,282.2040,-436.4840,0.9040,1.0590,4.5080
2016.22131,2016-03-21,-100.5460,283.9150,-435.5710,0.9050,1.0400,4.5570
2016.22404,2016-03-22,-100.2070,283.7650,-432.4970,0.8970,1.0310,4.4820
2016.22678,2016-03-23,-99.6640,283.4160,-434.6190,0.9290,1.0570,4.7590
2016.22951,2016-03-24,-102.4520,285.0310,-428.9110,0.8920,1.0360,4.3820
2016.23224,2016-03-25,-99.9980,283.7280,-432.0310,0.9010,1.0430,4.4570
2016.23497,2016-03-26,-100.8100,284.7540,-432.3290,0.9140,1.0450,4.6180
2016.23770,2016-03-27,-101.8040,285.9390,-424.9990,0.9040,1.0670,4.6110
2016.24044,2016-03-28,-101.8300,282.5760,-431.7850,0.8920,1.0320,4.4330
2016.24317,2016-03-29,-101.2930,283.0650,-437.2060,0.9260,1.0670,4.5940
2016.24590,2016-03-30,-98.7230,281.4600,-437.1220,0.8910,1.0790,4.4820
2016.24863,2016-03-31,-99.8680,284.2310,-432.5120,0.9080,1.0400,4.6140
2016.25137,2016-04-01,-101.7530,284.6570,-432.1630,0.9100,1.0540,4.5580
2016.25410,2016-04-02,-101.9140,284.4250,-428.5880,0.8940,1.0680,4.4790
2016.25683,2016-04-03,-100.1910,283.1110,-423.2440,0.8950,1.0780,4.4250
2016.25956,2016-04-04,-101.4680,284.3760,-435.6660,0.9130,1.0600,4.5500
2016.26230,2016-04-05,-99.7150,282.3180,-429.7850,0.9010,1.0220,4.4150
2016.26503,2016-04-06,-101.0620,283.6650,-431.1540,0.9220,1.1000,4.6410
2016.26776,2016-04-07,-102.0300,285.3630,-433.8390,0.9110,1.0520,4.6090
2016.27049,2016-04-08,-101.8680,287.4890,-425.4600,0.9120,1.0630,4.6180
2016.27322,2016-04-09,-102.0310,290.4390,-429.0040,0.8980,1.0490,4.4340
2016.27596,2016-04-10,-97.5510,285.1100,-433.8840,0.9150,1.1130,4.6770
2016.27869,2016-04-11,-100.6720,287.6470,-433.0430,0.9110,1.0820,4.5970
2016.28142,2016-04-12,-101.0640,282.2830,-430.0140,0.8980,1.0470,4.5570
2016.28415,2016-04-13,-102.5090,289.2960,-430.2520,0.9780,1.1510,4.9330
2016.28689,2016-04-14,-100.9460,288.1620,-425.3460,0.9650,1.1690,4.9580
2016.28962,2016-04-15,-101.7280,285.2580,-443.7790,0.9300,1.1040,4.6950
2016.29235,2016-04-16,-102.9680,285.0780,-425.6990,0.9030,1.0560,4.5550
2016.29508,2016-04-17,-99.4990,284.5780,-445.2990,0.9150,1.0720,4.4950
2016.29781,2016-04-18,-101.9950,288.3160,-425.5790,0.9050,1.0620,4.6580
2016.30055,2016-04-19,-101.1350,285.7270,-439.5030,0.9160,1.1020,4.6150
2016.30328,2016-04-20,-103.8320,288.0080,-433.6480,0.9060,1.0960,4.4520
2016.30601,2016-04-21,-101.8900,284.7580,-431.5720,0.8910,1.0220,4.4010
2016.30874,2016-04-22,-102.4710,287.0950,-426.0070,0.8870,1.0080,4.1970
2016.31148,2016-04-23,-104.2500,288.7360,-435.7300,0.9210,1.0890,4.6540
2016.31421,2016-04-24,-102.3460,286.8520,-430.1860,0.9040,1.0970,4.5360
2016.31694,2016-04-25,-99.7400,287.0030,-438.1250,0.8970,1.0610,4.4130
2016.31967,2016-04-26,-101.9590,284.4440,-434.6900,0.9110,1.1460,4.6290
2016.32240,2016-04-27,-101.2230,284.7290,-431.8410,0.9030,1.1010,4.5980
2016.32514,2016-04-28,-99.5250,286.3320,-430.0700,0.8980,1.0830,4.5140
2016.32787,2016-04-29,-102.7890,285.9590,-431.6460,0.9080,1.1140,4.6280
2016.33060,2016-04-30,-102.8490,287.4620,-437.1700,0.8820,1.0590,4.4410
2016.33333,2016-05-01,-102.4740,288.6440,-430.9180,0.9040,1.0580,4.5560
2016.33607,2016-05-02,-102.7590,284.5410,-435.0430,0.9790,1.1880,4.9050
2016.33880,2016-05-03,-99.9980,286.6280,-427.5500,0.9180,1.0910,4.6240
2016.34153,2016-05-04,-98.5300,286.8500,-434.3860,0.9340,1.1050,4.6960
2016.34426,2016-05-05,-101.3050,286.5220,-430.7540,0.9320,1.0780,4.7760
2016.34699,2016-05-06,-103.4520,287.4930,-424.9330,0.9110,1.0920,4.7920
2016.34973,2016-05-07,-100.3120,288.3890,-443.5180,0.9180,1.0770,4.7450
2016.35246,2016-05-08,-100.2830,287.3990,-437.3470,0.9180,1.0550,4.5820
2016.35519,2016-05-09,-101.2530,289.2680,-432.3560,0.9300,1.0820,4.6880
2016.35792,2016-05-10,-102.5000,289.2500,-445.1390,0.9490,1.1170,4.9850
2016.36066,2016-05-11,-103.9680,287.1270,-443.0150,0.8910,1.0350,4.4000
2016.36339,2016-05-12,-104.0130,285.6970,-445.2830,0.8930,1.0690,4.4550
2016.36612,2016-05-13,-105.0200,287.1110,-439.8470,0.9320,1.0810,4.6810
2016.36885,2016-05-14,-104.3310,285.4310,-460.5130,0.9310,1.0820,4.6180
2016.37158,2016-05-15,-102.9220,287.5620,-451.4340,0.9030,1.0490,4.5190
2016.37432,2016-05-16,-103.0030,288.2730,-455.3020,0.9420,1.0850,4.7670
2016.37705,2016-05-17,-105.7670,286.0980,-450.6460,0.8880,1.0630,4.5980
2016.37978,2016-05-18,-103.8780,288.3090,-451.0710,0.9210,1.0740,4.6570
2016.38251,2016-05-19,-104.5180,286.8980,-447.2580,0.9360,1.0850,4.7390
2016.38525,2016-05-20,-102.1340,288.0390,-444.4920,0.9240,1.0660,4.7720
2016.38798,2016-05-21,-104.2050,290.2290,-446.3660,0.9130,1.0600,4.5420
2016.39071,2016-05-22,-103.1430,289.1520,-445.2920,0.9530,1.1310,4.8690
2016.39344,2016-05-23,-103.6330,289.5730,-441.6520,0.9070,1.1010,4.7460
2016.39617,2016-05-24,-101.4030,289.4710,-446.6920,0.9210,1.0920,4.6400
2016.39891,2016-05-25,-102.7630,287.8350,-453.3880,0.9600,1.0720,4.7890
2016.40164,2016-05-26,-105.0530,289.2960,-449.0500,0.9650,1.1230,4.9300
2016.40437,2016-05-27,-102.1660,288.0600,-454.7870,0.9460,1.1090,4.6590
2016.40710,2016-05-28,-103.7800,289.0080,-443.5500,0.9240,1.0700,4.8040
2016.40984,2016-05-29,-103.4940,291.9120,-447.6480,0.9060,1.0570,4.5940
2016.41257,2016-05-30,-104.5780,290.5030,-455.2260,0.9150,1.0590,4.5720
2016.41530,2016-05-31,-107.2110,288.2860,-453.6950,0.8950,1.0760,4.5910
2016.41803,2016-06-01,-106.2520,289.5980,-450.6700,0.8940,1.0620,4.6140
2016.42077,2016-06-02,-106.5980,289.9520,-449.1130,0.9010,1.0580,4.6510
2016.42350,2016-06-03,-107.0880,288.9710,-460.7460,0.8960,1.0620,4.5010
2016.42623,2016-06-04,-105.0620,289.5190,-461.9420,0.9020,1.0990,4.6370
2016.42896,2016-06-05,-105.5280,290.6180,-454.7080,0.9650,1.1700,4.9560
2016.43169,2016-06-06,-107.2450,289.9160,-464.0280,0.9280,1.0740,4.6470
2016.43443,2016-06-07,-104.0920,288.5910,-467.0640,0.9510,1.1370,4.8700
2016.43716,2016-06-08,-105.7340,291.5730,-458.0880,0.9320,1.1390,4.7770
2016.43989,2016-06-09,-102.5090,288.9040,-457.2870,0.9120,1.0970,4.6320
2016.44262,2016-06-10,-104.2190,291.1890,-454.3350,0.9140,1.1040,4.6300
2016.44536,2016-06-11,-104.8780,291.0290,-453.5980,0.9210,1.1290,4.6820
2016.44809,2016-06-12,-104.8230,292.8040,-445.1010,0.9490,1.1540,4.9680
2016.45082,2016-06-13,-104.5490,290.2170,-447.9550,0.9080,1.0420,4.5700
2016.45355,2016-06-14,-103.8540,288.3920,-462.6980,0.9090,1.0820,4.6350
2016.45628,2016-06-15,-105.2890,288.6660,-456.0470,0.9620,1.1520,5.0190
2016.45902,2016-06-16,-104.5430,290.5670,-450.2900,0.9190,1.0800,4.6770
2016.46175,2016-06-17,-106.0910,293.2030,-445.4130,0.9100,1.0770,4.8190
2016.46448,2016-06-18,-105.6560,291.8150,-451.7640,0.9340,1.1340,4.8650
2016.46721,2016-06-19,-104.3930,286.9560,-440.2160,1.1640,1.4210,6.0860
2016.46995,2016-06-20,-105.5660,290.8940,-443.7600,1.2270,1.4620,6.2250
2016.47268,2016-06-21,-105.3840,290.8310,-454.1540,0.9150,1.0650,4.6330
2016.47541,2016-06-22,-102.8940,289.6760,-440.3080,0.8980,1.0940,4.5860
2016.48087,2016-06-24,-106.3080,290.3110,-448.4960,1.0270,1.2970,5.1800
2016.48361,2016-06-25,-105.1580,292.8710,-447.9120,0.9190,1.0870,4.6010
2016.48634,2016-06-26,-105.4870,290.5330,-439.4290,0.9600,1.1270,4.8390
2016.48907,2016-06-27,-103.8950,291.1650,-449.4870,0.9140,1.0890,4.6500
2016.49180,2016-06-28,-104.3630,292.4770,-454.4420,0.9270,1.1250,4.8350
2016.49454,2016-06-29,-106.2640,287.6580,-445.7690,0.9720,1.1190,5.1660
2016.49727,2016-06-30,-105.3830,291.4440,-458.0640,0.9730,1.1690,5.0510
2016.50000,2016-07-01,-107.7170,290.8500,-443.5330,0.9650,1.1110,4.9750
2016.50273,2016-07-02,-106.1590,291.8170,-450.2060,0.9620,1.1780,4.9910
2016.50546,2016-07-03,-105.6470,295.8240,-455.9930,1.0210,1.2100,5.3010
2016.50820,2016-07-04,-103.4590,289.1660,-467.2200,0.9630,1.1130,4.9280
2016.51093,2016-07-05,-107.2810,291.8510,-450.8960,0.9080,1.0850,4.5820
2016.51366,2016-07-06,-103.2730,288.7910,-458.8760,0.9250,1.1260,4.8100
2016.51639,2016-07-07,-105.7170,291.6680,-442.0890,0.9210,1.0930,4.7790
2016.51913,2016-07-08,-107.3890,295.6260,-423.2900,0.9290,1.1530,4.9530
2016.52186,2016-07-09,-111.7980,295.6410,-433.4490,0.9560,1.1680,5.1380
2016.52459,2016-07-10,-104.9970,292.9290,-441.5820,0.9140,1.1610,4.8430
2016.52732,2016-07-11,-107.0110,295.1380,-434.3870,0.9140,1.1120,4.7030
2016.53005,2016-07-12,-107.5560,292.3610,-449.8380,0.9270,1.1410,4.8710
2016.53279,2016-07-13,-106.7160,294.5640,-446.1770,0.9190,1.0860,4.7980
2016.53552,2016-07-14,-107.7330,292.5430,-446.1770,0.9120,1.1050,4.6960
2016.53825,2016-07-15,-108.1040,293.4600,-437.8920,0.9100,1.0940,4.6020
2016.54098,2016-07-16,-106.7060,290.6750,-443.3950,0.9490,1.1320,4.8610
2016.54372,2016-07-17,-108.8280,288.8110,-452.0170,0.9440,1.1370,4.9970
2016.54645,2016-07-18,-106.1540,287.7590,-448.8680,0.9490,1.1510,4.8170
2016.54918,2016-07-19,-107.2150,294.7990,-442.1990,0.9230,1.1180,4.8040
2016.55191,2016-07-20,-106.3520,295.2040,-443.7070,0.9650,1.1950,4.9070
2016.55464,2016-07-21,-106.7050,295.4450,-455.4740,0.9180,1.1090,4.7550
2016.55738,2016-07-22,-107.7110,292.3510,-450.3230,0.9390,1.1320,4.7590
2016.56011,2016-07-23,-107.3370,293.2300,-456.5110,0.9340,1.1390,4.7960
2016.56284,2016-07-24,-108.6390,291.5950,-454.2610,0.9760,1.1240,4.8730
2016.56557,2016-07-25,-107.4330,293.3160,-453.9370,0.9250,1.1050,4.7470
2016.56831,2016-07-26,-107.7750,292.4960,-455.3730,0.9570,1.1170,4.8180
2016.57104,2016-07-27,-110.6860,295.3480,-451.9240,0.9510,1.0920,4.7710
2016.57377,2016-07-28,-108.9840,296.3010,-452.4900,0.9930,1.1150,5.0970
2016.57650,2016-07-29,-110.1930,294.2920,-454.0660,0.9940,1.1470,5.1720
2016.57923,2016-07-30,-110.1550,296.2940,-454.6750,0.9450,1.1450,4.8020
2016.58197,2016-07-31,-105.9930,294.7260,-442.1770,0.9230,1.1380,4.7160
2016.58470,2016-08-01,-108.0090,295.1200,-455.4820,0.9310,1.1210,4.7580
2016.58743,2016-08-02,-105.1070,294.5300,-456.0910,0.9480,1.1210,4.9160
2016.59016,2016-08-03,-108.5850,292.9770,-451.5590,0.9190,1.0840,4.5830
2016.59290,2016-08-04,-106.5180,294.2950,-454.5510,0.9270,1.0940,4.6980
2016.59563,2016-08-05,-106.1760,294.1860,-447.5070,0.9110,1.0780,4.6180
2016.59836,2016-08-06,-107.6530,295.6150,-454.4930,0.9300,1.1200,4.7040
2016.60109,2016-08-07,-108.0550,293.6580,-458.7690,0.9430,1.1480,4.8920
2016.60383,2016-08-08,-105.4520,294.5770,-456.9650,0.9020,1.1180,4.6420
2016.60656,2016-08-09,-107.6470,291.8330,-448.2490,0.9600,1.1900,5.0620
2016.60929,2016-08-10,-106.4520,295.8430,-449.6060,0.9170,1.1130,4.7490
2016.61202,2016-08-11,-107.0050,295.4280,-445.7970,0.9560,1.1340,4.8840
2016.61475,2016-08-12,-108.4380,295.7110,-451.0380,0.9060,1.1100,4.6180
2016.61749,2016-08-13,-108.5140,293.9240,-443.8690,0.9090,1.1170,4.5990
2016.62022,2016-08-14,-106.9700,295.4380,-451.5180,0.9650,1.1740,4.9490
2016.62295,2016-08-15,-109.0300,298.5080,-437.7610,0.9310,1.1050,4.6800
2016.62568,2016-08-16,-110.0800,293.9970,-452.8920,0.9680,1.2500,5.0080
2016.62842,2016-08-17,-105.6320,293.4010,-448.1100,0.9300,1.1440,4.8760
2016.63115,2016-08-18,-106.2230,294.1160,-451.4180,0.9290,1.1510,4.7830
2016.63388,2016-08-19,-108.2300,294.9850,-453.4960,0.9800,1.2240,5.1040
2016.63661,2016-08-20,-105.7120,291.3600,-448.1200,0.9330,1.1260,4.8180
2016.63934,2016-08-21,-105.4120,294.2540,-458.0980,0.9410,1.1080,4.8180
2016.64208,2016-08-22,-108.7540,297.5250,-444.6460,0.9190,1.1380,4.7330
2016.64481,2016-08-23,-108.0120,296.9860,-440.4820,0.9430,1.1770,4.8890
2016.64754,2016-08-24,-105.1590,298.1110,-425.8100,0.9460,1.1410,4.7660
2016.65027,2016-08-25,-108.3250,295.2420,-451.2540,0.9210,1.1100,4.5670
2016.65301,2016-08-26,-105.8410,299.6270,-455.9420,0.9570,1.2400,5.0440
2016.65574,2016-08-27,-105.6850,295.9130,-472.4840,0.9910,1.2050,5.1580
2016.65847,2016-08-28,-107.7320,293.7840,-445.7400,0.9350,1.1550,4.7940
2016.66120,2016-08-29,-108.9440,297.0670,-445.7070,0.8890,1.1210,4.6010
2016.66393,2016-08-30,-109.2130,297.6030,-450.5030,0.9450,1.1430,4.8050
2016.66667,2016-08-31,-106.9200,296.7510,-450.0590,0.9330,1.1380,4.9370
2016.66940,2016-09-01,-108.9880,294.6810,-456.4970,0.9060,1.0880,4.6050
2016.67213,2016-09-02,-107.8230,296.3620,-444.9700,0.9920,1.1630,5.2100
2016.67486,2016-09-03,-107.9020,294.5700,-454.9180,0.9370,1.1340,4.8520
2016.67760,2016-09-04,-110.6270,296.4920,-451.3650,0.9820,1.1640,5.0080
2016.68033,2016-09-05,-111.0620,298.6340,-443.7160,0.9650,1.1300,4.9940
2016.68306,2016-09-06,-109.3310,297.5100,-450.4750,0.9490,1.1570,4.7770
2016.68579,2016-09-07,-108.8420,296.5180,-446.0080,0.9730,1.1830,4.9350
2016.68852,2016-09-08,-105.7980,295.3490,-454.4590,0.9740,1.1630,4.8450
2016.69126,2016-09-09,-105.9380,297.6390,-450.0380,0.9480,1.2030,4.8770
2016.69399,2016-09-10,-108.8870,298.2460,-446.5360,0.9400,1.1400,4.8510
2016.69672,2016-09-11,-107.7060,297.5830,-449.9250,0.9420,1.1510,4.9860
2016.69945,2016-09-12,-107.5880,297.1470,-455.2000,0.9240,1.1010,4.6480
2016.70219,2016-09-13,-104.4340,297.1340,-455.8710,0.9430,1.1150,4.7370
2016.70492,2016-09-14,-107.5260,298.0180,-449.2060,0.9810,1.1830,5.0550
2016.70765,2016-09-15,-107.5510,299.6240,-446.5780,0.9680,1.1570,4.9240
2016.71038,2016-09-16,-106.7290,297.0540,-456.8180,0.9860,1.1900,5.2320
2016.71311,2016-09-17,-105.3540,299.6450,-451.4460,0.9720,1.1150,4.9220
2016.71585,2016-09-18,-105.5510,298.2250,-450.2610,0.9040,1.1040,4.5890
2016.71858,2016-09-19,-106.5440,296.5050,-441.5850,0.9410,1.1750,4.7790
2016.72131,2016-09-20,-106.7870,299.2030,-452.3150,0.9090,1.1030,4.6010
2016.72404,2016-09-21,-106.1590,296.9660,-451.8930,0.9240,1.1290,4.6830
2016.72678,2016-09-22,-107.0090,298.1800,-451.9870,0.9440,1.1450,4.8940
2016.72951,2016-09-23,-105.7160,295.4460,-455.1060,0.9380,1.1750,4.7920
2016.73224,2016-09-24,-108.0940,297.6380,-444.3970,0.9230,1.0990,4.7170
2016.73497,2016-09-25,-107.8000,297.4970,-451.3040,0.9140,1.1010,4.6310
2016.73770,2016-09-26,-109.1590,297.3980,-448.0050,0.9470,1.1630,4.9180
2016.74044,2016-09-27,-107.5300,300.8330,-457.4400,0.9620,1.1810,5.1480
2016.74317,2016-09-28,-107.6000,301.7900,-441.3830,1.0130,1.2260,5.1830
2016.74590,2016-09-29,-107.0940,299.0650,-452.0090,0.9300,1.1120,4.6620
2016.74863,2016-09-30,-107.7750,298.6260,-451.6050,0.9380,1.1310,4.8260
2016.75137,2016-10-01,-110.1020,299.4070,-439.8570,0.9210,1.0900,4.6890
2016.75410,2016-10-02,-107.9280,300.9030,-453.2700,0.9200,1.0820,4.6300
2016.75683,2016-10-03,-105.4290,297.3780,-442.2750,0.9070,1.0840,4.6130
2016.75956,2016-10-04,-107.6490,300.2570,-443.8810,0.9250,1.1120,4.6900
2016.76230,2016-10-05,-108.3630,299.7560,-437.6210,0.9200,1.1630,4.7910
2016.76503,2016-10-06,-108.2910,297.2380,-442.7160,0.9230,1.1150,4.8070
2016.76776,2016-10-07,-108.1400,300.4010,-446.0030,0.9290,1.1180,4.6830
2016.77049,2016-10-08,-106.4360,299.9940,-449.2100,0.9300,1.1350,4.7670
2016.77322,2016-10-09,-107.9610,298.4910,-446.8290,0.9400,1.1560,4.8880
2016.77596,2016-10-10,-109.8140,301.3510,-444.0700,0.9250,1.1190,4.7900
2016.77869,2016-10-11,-107.7260,300.1530,-430.9300,0.9260,1.1670,4.8120
2016.78142,2016-10-12,-108.1530,300.5950,-448.2720,0.9100,1.1200,4.8870
2016.78415,2016-10-13,-107.5170,300.2460,-460.4800,0.9430,1.1570,4.8040
2016.78689,2016-10-14,-110.9560,297.2850,-451.1560,0.9150,1.1230,4.6970
2016.78962,2016-10-15,-109.2570,297.3260,-453.0030,0.9370,1.1270,4.7980
2016.79235,2016-10-16,-110.3100,299.1490,-456.0010,0.9170,1.1280,4.7170
2016.79508,2016-10-17,-107.9250,301.6240,-449.2740,0.9230,1.1420,4.7400
2016.79781,2016-10-18,-109.2530,300.0020,-451.6120,0.9180,1.1520,4.6610
2016.80055,2016-10-19,-111.2130,301.7620,-445.6770,0.9340,1.1550,4.8140
2016.80328,2016-10-20,-109.4930,300.6410,-443.5220,0.9950,1.1790,5.1270
2016.80601,2016-10-21,-109.2770,302.7790,-439.4890,0.9260,1.1330,4.6830
2016.80874,2016-10-22,-108.8030,301.9810,-453.2170,0.9180,1.1550,4.8250
2016.81148,2016-10-23,-106.2400,302.3620,-450.3800,0.9030,1.1090,4.7270
2016.81421,2016-10-24,-109.4860,303.8280,-447.0740,0.9000,1.0870,4.6010
2016.81694,2016-10-25,-108.8150,302.3350,-446.6490,0.9080,1.1160,4.6770
2016.81967,2016-10-26,-107.9580,299.3300,-454.1300,0.9110,1.0990,4.6280
2016.82240,2016-10-27,-108.4100,300.9470,-449.5390,0.9160,1.1030,4.6570
2016.82514,2016-10-28,-106.4990,299.3160,-456.1620,0.9010,1.1020,4.5860
2016.82787,2016-10-29,-107.6390,300.4780,-453.8200,0.9170,1.1160,4.7840
2016.83060,2016-10-30,-107.2640,299.4580,-449.0370,0.9140,1.1090,4.6940
2016.83333,2016-10-31,-108.9750,301.5080,-443.6240,0.9130,1.0880,4.6050
2016.83607,2016-11-01,-107.2020,299.7640,-454.8080,0.9030,1.0990,4.6240
2016.83880,2016-11-02,-107.9660,300.7540,-456.8740,0.9130,1.1090,4.7130
2016.84153,2016-11-03,-109.2120,301.9080,-448.6600,0.9040,1.1140,4.5990
2016.84426,2016-11-04,-110.2030,302.2510,-449.7840,0.9000,1.0840,4.6840
2016.84699,2016-11-05,-109.4980,301.6720,-450.1550,0.9020,1.0880,4.6340
2016.84973,2016-11-06,-110.5540,302.3490,-458.4370,0.9190,1.1060,4.7190
2016.85246,2016-11-07,-107.9220,301.7360,-453.9480,0.9170,1.1120,4.6840
2016.85519,2016-11-08,-106.8560,301.6310,-457.1490,0.9190,1.1010,4.7330
2016.85792,2016-11-09,-111.3240,301.8440,-454.6960,0.8940,1.1300,4.6660
2016.86066,2016-11-10,-110.3700,300.9670,-457.5050,0.9330,1.1600,4.9650
2016.86339,2016-11-11,-110.5380,300.5580,-454.2180,0.9430,1.1220,4.7390
2016.86612,2016-11-12,-111.0020,301.0010,-457.5740,0.9190,1.1120,4.6590
2016.86885,2016-11-13,-110.7830,300.9740,-452.1270,0.9220,1.1230,4.6300
2016.87158,2016-11-14,-108.8330,302.4640,-458.0640,0.9030,1.0970,4.6300
2016.87432,2016-11-15,-111.4740,304.5750,-452.6730,0.8890,1.0990,4.5400
2016.87705,2016-11-16,-111.7120,303.8090,-454.4160,0.9010,1.1150,4.6120
2016.87978,2016-11-17,-110.7360,303.4150,-454.5230,0.9150,1.1170,4.7390
2016.88251,2016-11-18,-111.1560,303.7600,-444.4400,0.8920,1.0870,4.5720
2016.88525,2016-11-19,-110.8790,305.6630,-439.2240,0.9160,1.1260,4.7120
2016.88798,2016-11-20,-110.1330,300.4070,-451.2010,0.9120,1.1220,4.7730
2016.89071,2016-11-21,-109.4040,301.1490,-454.0390,0.9410,1.1120,4.7570
2016.89344,2016-11-22,-109.8450,303.7370,-446.2310,0.9390,1.1370,4.7310
2016.89617,2016-11-23,-111.5160,302.8440,-459.7610,0.9310,1.1330,4.7680
2016.89891,2016-11-24,-108.6760,302.9330,-450.3090,0.9010,1.1120,4.5640
2016.90164,2016-11-25,-111.5270,301.3130,-459.8560,0.9030,1.1320,4.5650
2016.90437,2016-11-26,-112.3270,307.0300,-449.8700,0.9430,1.1290,4.8190
2016.90710,2016-11-27,-110.2550,303.2080,-448.7160,0.9620,1.1510,5.0600
2016.90984,2016-11-28,-110.5250,304.0750,-445.4240,0.9090,1.0950,4.5730
2016.91257,2016-11-29,-109.1180,301.1270,-461.0310,0.9230,1.1150,4.7550
2016.91530,2016-11-30,-108.3520,300.7180,-469.9150,0.9390,1.1320,4.8650
2016.91803,2016-12-01,-110.4070,301.5310,-455.7290,0.9150,1.1340,4.7010
2016.92077,2016-12-02,-108.2090,302.4010,-453.3070,0.9390,1.1320,4.8000
2016.92350,2016-12-03,-110.4130,304.6470,-445.2140,0.9010,1.1020,4.6580
2016.92623,2016-12-04,-109.8510,305.6950,-452.0920,0.9120,1.1090,4.7270
2016.92896,2016-12-05,-107.8690,304.8790,-453.3580,0.9090,1.1260,4.5900
2016.93169,2016-12-06,-107.8290,303.2230,-455.2330,0.9320,1.1200,4.7960
2016.93443,2016-12-07,-109.0940,304.4070,-442.0500,0.9260,1.1030,4.6590
2016.93716,2016-12-08,-109.1680,304.7860,-447.7380,0.9200,1.1090,4.7420
2016.93989,2016-12-09,-108.8970,304.2260,-449.8250,0.9230,1.1300,4.7240
2016.94262,2016-12-10,-108.3680,303.6260,-446.0730,0.8960,1.0910,4.5700
2016.94536,2016-12-11,-109.1490,303.8210,-450.8180,0.9060,1.0940,4.5910
2016.94809,2016-12-12,-109.8870,305.4370,-451.8480,0.9220,1.1230,4.6850
2016.95082,2016-12-13,-108.4780,304.1120,-447.4740,0.9340,1.0990,4.6990
2016.95355,2016-12-14,-107.3830,304.5770,-450.4440,0.9480,1.1190,4.8430
2016.95628,2016-12-15,-108.1950,304.5370,-451.7360,0.9210,1.0960,4.7220
2016.95902,2016-12-16,-110.0200,303.1470,-451.0500,0.8960,1.1060,4.6160
2016.96175,2016-12-17,-108.8130,304.9270,-451.9620,0.9120,1.1020,4.7190
2016.96448,2016-12-18,-110.6180,302.2950,-459.3910,0.9240,1.1080,4.6680
2016.96721,2016-12-19,-109.1970,303.8000,-453.2380,0.9140,1.0830,4.6980
2016.96995,2016-12-20,-109.6930,305.7340,-452.1260,0.9140,1.1280,4.7650
2016.97268,2016-12-21,-109.7430,304.5640,-452.0850,0.8980,1.1010,4.6940
2016.97541,2016-12-22,-111.3320,308.1520,-449.1150,0.9370,1.1170,4.8470
2016.97814,2016-12-23,-108.5430,305.8950,-445.1700,0.9280,1.1300,4.7320
2016.98087,2016-12-24,-110.0940,306.1210,-448.5760,0.9250,1.1040,4.7370
2016.98361,2016-12-25,-112.0810,302.5260,-459.6660,0.9140,1.1000,4.6420
2016.98634,2016-12-26,-109.0230,307.1990,-447.8510,0.9160,1.0990,4.6800
2016.98907,2016-12-27,-111.0540,305.8910,-450.8160,0.9550,1.1530,5.0590
2016.99180,2016-12-28,-112.9220,306.0060,-451.6470,0.9090,1.1230,4.7850
2016.99454,2016-12-29,-112.0970,305.5210,-455.1650,0.9530,1.1380,4.8160
2016.99727,2016-12-30,-109.6090,304.6870,-453.6830,0.9100,1.0780,4.6830
2017.00000,2016-12-31,-111.1000,304.1320,-455.7520,0.9260,1.1150,4.6840
2017.00274,2017-01-01,-109.0200,304.5620,-456.9610,0.9150,1.1110,4.7170
2017.00548,2017-01-02,-110.8540,308.6120,-443.1350,0.9160,1.1200,4.7090
2017.00822,2017-01-03,-110.4900,306.1980,-444.8330,0.9150,1.0860,4.6470
2017.01096,2017-01-04,-110.4720,307.1310,-447.9900,0.9040,1.0960,4.6520
2017.01370,2017-01-05,-110.2380,305.5710,-458.0030,0.9040,1.0850,4.6040
2017.01644,2017-01-06,-110.6300,306.7390,-450.3100,0.9090,1.1340,4.6560
2017.01918,2017-01-07,-109.5850,308.2760,-446.7370,0.9150,1.1250,4.7420
2017.02192,2017-01-08,-108.8750,308.1350,-446.3370,0.9170,1.1300,4.7020
2017.02466,2017-01-09,-110.4360,308.4510,-444.3680,0.9130,1.1410,4.7760
2017.02740,2017-01-10,-112.0700,307.4150,-450.6470,0.9280,1.1350,4.8480
2017.03014,2017-01-11,-112.8600,306.8420,-455.9750,0.9330,1.1330,4.8810
2017.03288,2017-01-12,-111.4750,308.8660,-449.8440,0.9170,1.1240,4.8270
2017.03562,2017-01-13,-112.2300,309.0600,-447.0430,0.9400,1.1670,4.8450
2017.03836,2017-01-14,-111.7090,307.3640,-456.5210,0.9610,1.1470,5.0620
2017.04110,2017-01-15,-113.6500,306.7420,-454.9840,0.9230,1.1300,4.8440
2017.04384,2017-01-16,-112.4580,309.4430,-459.4540,0.9120,1.1210,4.6730
2017.04658,2017-01-17,-112.9590,310.6110,-448.7400,0.9280,1.1780,4.9270
2017.04932,2017-01-18,-114.6900,309.3130,-468.6730,0.9400,1.1610,4.9100
2017.05205,2017-01-19,-111.1890,310.2780,-458.5130,0.9420,1.1620,4.9080
2017.05479,2017-01-20,-112.9470,310.7060,-454.2360,0.9150,1.1470,4.8050
2017.05753,2017-01-21,-114.0490,308.8260,-458.1230,0.9150,1.1490,4.7210
2017.06027,2017-01-22,-113.6620,310.7510,-460.4060,0.9130,1.1270,4.7750
2017.06301,2017-01-23,-114.2500,310.2510,-462.3040,0.9170,1.1480,4.8940
2017.06575,2017-01-24,-113.4670,308.6320,-460.0040,0.9270,1.1350,4.9570
2017.06849,2017-01-25,-114.2320,310.6330,-454.5110,0.9200,1.1370,4.7120
2017.07123,2017-01-26,-112.2300,309.0420,-462.6980,0.9160,1.1110,4.7090
2017.07397,2017-01-27,-113.3340,309.4920,-465.8940,0.9280,1.1420,4.8460
2017.07671,2017-01-28,-114.4520,310.9060,-459.9080,0.9160,1.1290,4.7360
2017.07945,2017-01-29,-113.4390,307.3760,-460.3080,0.9170,1.1440,4.7770
2017.08219,2017-01-30,-109.0360,308.0060,-466.0100,0.9200,1.1350,4.8500
2017.08493,2017-01-31,-113.8100,311.0980,-458.7960,0.9370,1.1310,4.8880
2017.08767,2017-02-01,-113.6520,310.1850,-463.6360,0.9370,1.1430,4.9010
2017.09041,2017-02-02,-115.0710,311.0250,-463.7640,0.9140,1.1280,4.8410
2017.09315,2017-02-03,-114.4020,309.6090,-457.5290,0.9130,1.1150,4.7170
2017.09589,2017-02-04,-114.4640,311.1690,-461.4270,0.9260,1.1350,4.8390
2017.09863,2017-02-05,-113.0870,311.6480,-459.2140,0.9250,1.1170,4.8170
2017.10137,2017-02-06,-111.2540,308.7620,-461.4470,0.9090,1.1190,4.8090
2017.10411,2017-02-07,-114.4590,309.5100,-465.9720,0.9190,1.1090,4.8120
2017.10685,2017-02-08,-114.7100,310.3840,-467.4490,0.9700,1.1550,4.9910
2017.10959,2017-02-09,-112.2430,307.6010,-473.5530,0.9390,1.1250,4.9010
2017.11233,2017-02-10,-113.0470,310.4470,-473.7800,0.9390,1.1070,4.8680
2017.11507,2017-02-11,-114.4830,309.2550,-471.3600,0.9210,1.1100,4.8030
2017.11781,2017-02-12,-115.2710,311.0540,-471.9960,0.9140,1.1270,4.6720
2017.12055,2017-02-13,-112.6910,309.9680,-473.2960,0.9110,1.1190,4.7150
2017.12329,2017-02-14,-113.2550,307.1490,-474.5820,0.9180,1.1130,4.6990
2017.12603,2017-02-15,-112.8300,310.4020,-472.6940,0.9200,1.1210,4.7160
2017.12877,2017-02-16,-113.2290,310.8770,-471.2180,0.9600,1.1300,4.8860
2017.13151,2017-02-17,-114.9370,310.8720,-470.1690,0.9180,1.1230,4.7560
2017.13425,2017-02-18,-116.5340,313.2610,-472.9280,0.9170,1.1030,4.7370
2017.13699,2017-02-19,-113.9370,310.5800,-467.3180,0.9320,1.1250,4.8150
2017.13973,2017-02-20,-113.3880,312.0570,-476.2360,0.9060,1.1060,4.6660
2017.14247,2017-02-21,-115.7690,310.2470,-470.3840,0.9150,1.1010,4.7360
2017.14521,2017-02-22,-114.8400,312.5240,-483.4500,0.9510,1.1410,5.0830
2017.14795,2017-02-23,-113.7290,312.8610,-469.7940,0.9280,1.1260,4.8650
2017.15068,2017-02-24,-113.9540,310.6360,-473.8910,0.9280,1.1010,4.7440
2017.15342,2017-02-25,-115.6280,313.2720,-474.8560,0.9040,1.1320,4.7670
2017.15616,2017-02-26,-114.5390,309.3960,-473.9980,0.9280,1.1210,4.7860
2017.15890,2017-02-27,-115.1110,313.0110,-474.6230,0.9370,1.1310,4.9350
2017.16164,2017-02-28,-114.1370,311.8620,-470.2230,0.9240,1.1280,4.7870
2017.16438,2017-03-01,-116.0620,313.5020,-467.5890,0.9400,1.1400,4.9100
2017.16712,2017-03-02,-113.3130,313.2930,-478.2520,0.9570,1.1430,4.9460
2017.16986,2017-03-03,-113.7750,312.8350,-467.8760,0.9390,1.1280,4.8410
2017.17260,2017-03-04,-114.3750,314.4870,-471.1200,0.9060,1.0660,4.6190
2017.17534,2017-03-05,-116.3940,312.0770,-477.9280,0.9300,1.1200,4.8820
2017.17808,2017-03-06,-115.8680,311.0930,-474.8970,0.9350,1.1460,4.9580
2017.18082,2017-03-07,-116.9750,311.0490,-473.6820,0.9340,1.1110,4.7850
2017.18356,2017-03-08,-116.5490,312.2360,-477.4500,0.9480,1.1600,4.9470
2017.18630,2017-03-09,-115.7570,312.6280,-472.9770,0.9320,1.1140,4.7950
2017.18904,2017-03-10,-115.2820,311.5530,-468.2900,0.9520,1.1480,4.9930
2017.19178,2017-03-11,-115.4980,311.4680,-471.5600,0.9280,1.1400,4.8040
2017.19452,2017-03-12,-113.9050,311.7170,-469.9990,0.9300,1.1430,4.8190
2017.19726,2017-03-13,-115.4620,312.9580,-479.8050,0.9440,1.1570,4.9460
2017.20000,2017-03-14,-115.9410,312.7450,-478.2890,0.9440,1.1350,4.9070
2017.20274,2017-03-15,-116.0450,313.7290,-477.4380,0.9330,1.1170,4.8900
2017.20548,2017-03-16,-116.7230,313.0290,-474.7100,0.9360,1.1090,4.8290
2017.20822,2017-03-17,-116.7110,314.2380,-471.5370,0.9220,1.1340,4.7900
2017.21096,2017-03-18,-116.9040,314.4680,-475.0160,0.9340,1.1390,4.9510
2017.21370,2017-03-19,-116.3350,313.9210,-475.0300,0.9340,1.1420,4.8920
2017.21644,2017-03-20,-116.6750,314.7230,-480.6680,0.9320,1.1380,4.8120
2017.21918,2017-03-21,-115.4140,312.7980,-479.7270,0.9220,1.1150,4.7930
2017.22192,2017-03-22,-117.2110,313.3830,-475.7060,0.9380,1.1320,4.8930
2017.22466,2017-03-23,-116.9600,314.6660,-478.1250,0.9510,1.1940,4.9030
2017.22740,2017-03-24,-115.4660,316.0880,-471.9200,0.9510,1.1830,5.0320
2017.23014,2017-03-25,-114.8000,314.0910,-484.7680,0.9780,1.1940,5.2390
2017.23288,2017-03-26,-116.8320,314.8240,-490.5400,0.9680,1.1750,5.1580
2017.23562,2017-03-27,-117.0810,316.8330,-475.2910,0.9440,1.1650,4.9050
2017.23836,2017-03-28,-116.7300,313.4530,-485.5830,0.9250,1.1770,4.8440
2017.24110,2017-03-29,-117.0290,318.8380,-472.8800,0.9420,1.1730,4.9880
2017.24384,2017-03-30,-117.9860,313.6500,-477.8750,0.9290,1.1640,4.9120
2017.24658,2017-03-31,-119.7390,314.5830,-479.1400,0.9450,1.1880,4.9260
2017.24932,2017-04-01,-116.3730,315.2540,-481.1000,0.9510,1.1860,5.0190
2017.25205,2017-04-02,-116.3470,315.0580,-483.0640,0.9330,1.1570,4.8650
2017.25479,2017-04-03,-119.6870,316.2950,-480.8740,0.9190,1.1310,4.9050
2017.25753,2017-04-04,-117.3490,315.9090,-480.3000,0.9030,1.1260,4.7080
2017.26027,2017-04-05,-116.1990,315.3610,-481.5940,0.9140,1.1430,4.8600
2017.26301,2017-04-06,-118.0390,318.9050,-472.1480,0.9370,1.1650,4.9440
2017.26575,2017-04-07,-116.9590,316.1100,-484.3560,0.9270,1.1510,4.9620
2017.26849,2017-04-08,-117.7920,317.1980,-478.0760,0.9270,1.1410,4.9250
2017.27123,2017-04-09,-116.9390,317.1920,-480.6160,0.9480,1.1640,5.0890
2017.27397,2017-04-10,-115.6800,316.2220,-485.6950,0.9430,1.1890,5.0630
2017.27671,2017-04-11,-113.6680,313.9390,-499.9970,0.9910,1.2160,5.5230
2017.27945,2017-04-12,-115.1930,316.6520,-471.4940,0.9660,1.2040,5.1600
2017.28219,2017-04-13,-117.2390,317.7590,-479.4280,0.9160,1.1370,4.7800
2017.28493,2017-04-14,-114.5900,317.0400,-482.1800,0.9380,1.1790,5.0320
2017.28767,2017-04-15,-116.0580,316.1480,-485.6130,0.9270,1.1790,5.0160
2017.29041,2017-04-16,-117.1250,314.1480,-484.6020,0.9340,1.1400,4.8050
2017.29315,2017-04-17,-115.9160,317.4910,-490.1700,0.9220,1.1670,4.7960
2017.29589,2017-04-18,-118.5410,318.7160,-473.5920,0.9350,1.1670,5.0070
2017.29863,2017-04-19,-113.6800,316.7160,-502.2080,1.0040,1.2600,5.4530
2017.30137,2017-04-20,-115.8180,317.6400,-487.2100,0.9560,1.1910,5.0870
2017.30411,2017-04-21,-115.7650,313.2360,-489.3940,0.9570,1.1580,5.0490
2017.30685,2017-04-22,-115.1330,315.4310,-484.7570,0.9390,1.1570,4.7850
2017.30959,2017-04-23,-116.6240,315.7210,-489.6660,0.9400,1.1110,4.7190
2017.31233,2017-04-24,-117.2480,319.2600,-474.1180,0.9170,1.1190,4.6570
2017.31507,2017-04-25,-115.8820,317.9170,-480.9950,0.9440,1.1530,4.8700
2017.31781,2017-04-26,-116.8530,317.1690,-487.9140,0.9360,1.1910,5.0500
2017.32055,2017-04-27,-117.8590,317.1330,-480.7950,0.9540,1.1490,5.1470
2017.32329,2017-04-28,-115.9300,316.4510,-488.4640,0.9580,1.1560,5.0050
2017.32603,2017-04-29,-116.2590,318.3800,-478.5800,0.9250,1.1220,4.7000
2017.32877,2017-04-30,-116.4790,318.0690,-488.7460,0.9360,1.1370,4.8220
2017.33151,2017-05-01,-116.8340,317.8080,-482.7850,0.9320,1.1100,4.6980
2017.33425,2017-05-02,-117.0830,316.6730,-484.1030,0.9440,1.1470,4.8150
2017.33699,2017-05-03,-117.3910,316.7410,-485.6010,0.9310,1.1280,4.8150
2017.33973,2017-05-04,-118.9310,318.6630,-481.3300,0.9470,1.1250,4.8900
2017.34247,2017-05-05,-118.6610,319.1710,-479.2240,0.9400,1.1450,4.8470
2017.34521,2017-05-06,-117.1850,318.4450,-492.0300,0.9640,1.1270,4.9700
2017.34795,2017-05-07,-118.8920,320.4780,-488.9350,0.9290,1.1360,4.8030
2017.35068,2017-05-08,-118.3280,318.7030,-488.6620,0.9370,1.1300,4.7390
2017.35342,2017-05-09,-121.3020,322.3290,-490.9240,0.9560,1.1310,5.0630
2017.35616,2017-05-10,-116.1030,317.7550,-489.8700,0.9470,1.1960,5.0160
2017.35890,2017-05-11,-117.4640,321.7070,-486.7300,0.9460,1.1520,4.9260
2017.36164,2017-05-12,-119.2850,321.1510,-492.9910,0.9450,1.1160,4.8050
2017.36438,2017-05-13,-119.3970,318.0040,-491.1930,0.9250,1.1500,4.9360
2017.36712,2017-05-14,-119.9480,319.8810,-498.3700,0.9190,1.1420,4.7440
2017.36986,2017-05-15,-118.2570,317.2590,-498.7080,0.9290,1.1380,4.8080
2017.37260,2017-05-16,-117.5560,320.1820,-496.2300,0.9400,1.1650,4.8930
2017.37534,2017-05-17,-121.5940,319.3790,-490.7580,0.9610,1.1400,4.9360
2017.37808,2017-05-18,-116.2120,318.3590,-494.0580,0.9510,1.1710,4.8860
2017.38082,2017-05-19,-117.3020,320.8880,-497.4200,0.9730,1.1610,5.0300
2017.38356,2017-05-20,-115.8770,319.6780,-495.7010,0.9340,1.1280,4.8240
2017.38630,2017-05-21,-118.9270,319.9380,-489.3140,0.9420,1.1460,4.7930
2017.38904,2017-05-22,-119.6650,319.9740,-494.9400,0.9280,1.1390,4.7270
2017.39178,2017-05-23,-117.4450,319.6150,-485.2970,0.9450,1.1910,4.9710
2017.39452,2017-05-24,-120.2630,322.1010,-489.6310,0.9580,1.1680,4.9940
2017.39726,2017-05-25,-120.2520,319.9050,-493.7750,0.9200,1.1610,4.8590
2017.40000,2017-05-26,-116.7540,320.7980,-499.2260,0.9290,1.1320,4.8440
2017.40274,2017-05-27,-120.8250,319.5600,-496.1020,0.9140,1.1340,4.6590
2017.40548,2017-05-28,-118.4460,321.0890,-500.4840,0.9290,1.1180,4.5920
2017.40822,2017-05-29,-117.7930,319.7990,-502.2630,0.9420,1.2060,5.0130
2017.41096,2017-05-30,-116.7380,325.7510,-484.3310,1.0020,1.1710,5.0900
2017.41370,2017-05-31,-120.2540,320.4270,-491.3090,0.9320,1.1620,4.8110
2017.41644,2017-06-01,-122.8730,322.9040,-503.2050,0.9700,1.2100,4.9760
2017.41918,2017-06-02,-118.1540,320.7250,-498.1700,1.1050,1.3500,5.8230
2017.42192,2017-06-03,-119.1530,323.9090,-497.6250,1.0570,1.2560,5.5300
2017.42466,2017-06-04,-117.4700,319.2310,-488.7820,0.9690,1.1610,4.9640
2017.42740,2017-06-05,-119.6110,322.6160,-490.2470,0.9310,1.1400,4.8080
2017.43014,2017-06-06,-118.7820,319.6280,-496.2460,0.9230,1.1730,4.7510
2017.43288,2017-06-07,-119.4910,318.6910,-498.2250,0.9240,1.1690,4.8370
2017.43562,2017-06-08,-120.2800,321.3220,-497.1580,0.9520,1.1550,4.9110
2017.43836,2017-06-09,-121.3170,320.6800,-492.2200,0.9360,1.1440,4.6870
2017.44110,2017-06-10,-119.2000,322.4020,-482.8520,0.9770,1.2150,5.0970
2017.44384,2017-06-11,-120.3860,321.2210,-506.2910,0.9500,1.1740,4.8800
2017.44658,2017-06-12,-117.9810,319.3060,-496.1180,0.9560,1.1680,4.9290
2017.44932,2017-06-13,-116.7570,320.0430,-488.6380,0.9870,1.2370,5.2460
2017.45205,2017-06-14,-115.4400,318.8350,-494.8150,0.9960,1.1980,5.1160
2017.45479,2017-06-15,-117.2150,322.9220,-491.6230,1.0050,1.2130,5.1150
2017.45753,2017-06-16,-116.3650,322.8470,-487.5610,1.0200,1.3170,5.3170
2017.46027,2017-06-17,-118.1220,319.3090,-495.0870,0.9460,1.1720,4.8440
2017.46301,2017-06-18,-117.8690,322.3680,-489.7180,1.0000,1.2310,5.3130
2017.46575,2017-06-19,-120.3330,325.0040,-489.3820,0.9800,1.2110,5.0280
2017.46849,2017-06-20,-120.6580,322.3960,-478.9970,0.9790,1.2070,5.1010
2017.47123,2017-06-21,-119.8450,322.5410,-484.9670,0.9550,1.1780,4.9820
2017.47397,2017-06-22,-119.9320,321.9610,-494.5380,0.9430,1.1930,5.0040
2017.47671,2017-06-23,-119.4000,321.6330,-492.5580,0.9490,1.1830,4.9550
2017.47945,2017-06-24,-119.4550,324.1520,-489.7530,0.9640,1.1830,4.9310
2017.48219,2017-06-25,-120.6030,323.8120,-484.1300,0.9540,1.1770,4.9980
2017.48493,2017-06-26,-119.0220,324.7910,-487.0130,0.9440,1.1780,4.8960
2017.48767,2017-06-27,-119.4270,326.5070,-487.6740,0.9470,1.1820,5.0170
2017.49041,2017-06-28,-121.5510,320.6330,-486.7880,0.9890,1.2290,5.3600
2017.49315,2017-06-29,-120.4110,322.6270,-496.8090,1.0150,1.2580,5.2000
2017.49589,2017-06-30,-120.6950,321.0570,-481.5010,1.0290,1.2330,5.3650
2017.49863,2017-07-01,-120.1890,325.0080,-478.2710,0.9860,1.2120,5.1600
2017.50137,2017-07-02,-119.3850,324.7930,-486.6090,0.9690,1.2130,5.1470
2017.50411,2017-07-03,-121.5580,320.1940,-492.8390,1.0560,1.2680,5.7520
2017.50685,2017-07-04,-119.2530,322.6540,-488.5590,0.9820,1.2230,5.2500
2017.50959,2017-07-05,-118.8810,322.1590,-493.4580,0.9780,1.2130,5.3300
2017.51233,2017-07-06,-121.7500,325.0780,-500.9460,1.0310,1.2610,5.4180
2017.51507,2017-07-07,-122.0920,325.0790,-481.1430,0.9830,1.2020,5.0350
2017.51781,2017-07-08,-118.9890,321.8380,-486.6050,0.9700,1.1670,4.8820
2017.52055,2017-07-09,-118.8260,321.7730,-481.2880,0.9990,1.2230,5.2940
2017.52329,2017-07-10,-120.6110,323.0360,-477.9130,0.9800,1.2120,5.2150
2017.52603,2017-07-11,-120.6830,324.3230,-480.0700,0.9870,1.2100,5.1860
2017.52877,2017-07-12,-119.6740,322.5010,-477.2010,0.9710,1.2590,5.1160
2017.53151,2017-07-13,-116.8240,322.6850,-479.2400,0.9550,1.1990,4.8880
2017.53425,2017-07-14,-118.6840,326.7020,-490.5360,0.9700,1.2230,5.2120
2017.53699,2017-07-15,-117.7270,325.6670,-474.6460,0.9850,1.2110,5.2020
2017.53973,2017-07-16,-120.7440,325.5320,-485.8540,0.9690,1.2100,5.0540
2017.54247,2017-07-17,-119.1440,327.5430,-482.6330,0.9610,1.1940,5.0890
2017.54521,2017-07-18,-120.0260,322.1660,-489.8200,0.9650,1.1940,4.9500
2017.54795,2017-07-19,-118.1210,324.5460,-488.6550,1.0000,1.2700,5.1440
2017.55068,2017-07-20,-119.1290,324.4320,-491.4780,0.9880,1.2360,5.1430
2017.55342,2017-07-21,-120.6340,326.8450,-484.6500,0.9790,1.1870,5.0860
2017.55616,2017-07-22,-120.8330,324.4000,-485.6760,0.9350,1.1830,4.8940
2017.55890,2017-07-23,-119.0040,324.1990,-484.5020,0.9630,1.2330,4.8850
2017.56164,2017-07-24,-118.9120,322.2100,-485.0900,1.0120,1.2590,5.2390
2017.56438,2017-07-25,-118.8690,325.0710,-480.1550,0.9730,1.2620,5.1880
2017.56712,2017-07-26,-117.6990,328.2070,-489.8850,1.0150,1.2630,5.2890
2017.56986,2017-07-27,-122.8310,327.7480,-486.2020,0.9770,1.2340,5.1000
2017.57260,2017-07-28,-120.8750,327.1140,-488.9190,0.9960,1.2380,5.3210
2017.57534,2017-07-29,-120.5270,328.4000,-482.6090,0.9910,1.3010,5.3170
2017.57808,2017-07-30,-120.0190,326.8350,-485.8830,0.9950,1.2650,5.3830
2017.58082,2017-07-31,-120.1340,329.5870,-483.4880,0.9840,1.2900,5.4920
2017.58356,2017-08-01,-120.8630,325.1100,-487.1920,0.9700,1.2560,5.1230
2017.58630,2017-08-02,-120.0910,324.5920,-493.3810,0.9810,1.2190,5.1930
2017.58904,2017-08-03,-119.5130,322.6810,-480.7810,0.9970,1.2830,5.0530
2017.59178,2017-08-04,-121.2040,322.1180,-490.1380,1.0090,1.2870,5.2900
2017.59452,2017-08-05,-122.1370,323.6600,-486.9420,0.9770,1.2540,5.1260
2017.59726,2017-08-06,-122.3410,325.2690,-498.4510,0.9510,1.2230,5.0790
2017.60000,2017-08-07,-120.1920,326.2550,-480.8430,0.9730,1.2550,5.1530
2017.60274,2017-08-08,-119.0900,325.7800,-487.2650,0.9760,1.2450,5.1760
2017.60548,2017-08-09,-121.4830,324.1170,-480.4660,0.9990,1.2800,5.4470
2017.60822,2017-08-10,-122.3390,323.6510,-497.4900,0.9790,1.2600,5.2540
2017.61096,2017-08-11,-121.4030,325.1960,-486.0170,0.9740,1.2190,5.2560
2017.61370,2017-08-12,-119.6530,326.2830,-498.8640,0.9660,1.2200,5.1560
2017.61644,2017-08-13,-121.3840,327.1470,-491.3190,0.9540,1.2080,5.0020
2017.61918,2017-08-14,-119.9550,325.7000,-498.1780,0.9760,1.2370,5.2160
2017.62192,2017-08-15,-121.2960,321.3130,-484.3190,0.9700,1.2860,5.1550
2017.62466,2017-08-16,-120.2100,324.1560,-482.3400,0.9810,1.2210,5.2390
2017.62740,2017-08-17,-120.8010,320.5440,-494.3000,1.0070,1.2820,5.2430
2017.63014,2017-08-18,-121.7130,326.8110,-490.1810,1.0210,1.2790,5.3480
2017.63288,2017-08-19,-118.1750,324.3480,-484.1280,0.9770,1.2120,5.1440
2017.63562,2017-08-20,-121.7200,323.9990,-484.6620,0.9970,1.2500,5.1450
2017.63836,2017-08-21,-118.2560,323.1140,-497.6440,1.0270,1.2750,5.4620
2017.64110,2017-08-22,-119.9980,324.2810,-495.6670,1.0480,1.2930,5.3660
2017.64384,2017-08-23,-120.5520,324.2480,-486.1950,0.9960,1.2230,5.3390
2017.64658,2017-08-24,-121.7810,326.8940,-489.3420,1.0350,1.3260,5.5680
2017.64932,2017-08-25,-120.0430,325.9890,-482.3870,0.9950,1.2560,5.3090
2017.65205,2017-08-26,-122.0510,325.3270,-480.3800,0.9790,1.2450,5.0800
2017.65479,2017-08-27,-121.0230,324.9330,-486.3320,1.0150,1.2740,5.5370
2017.65753,2017-08-28,-117.7790,321.5350,-482.9820,1.0540,1.2850,5.3960
2017.66027,2017-08-29,-121.9930,323.7920,-482.1250,0.9830,1.2440,5.0310
2017.66301,2017-08-30,-126.2540,324.7260,-489.7530,0.9960,1.2720,5.3110
2017.66575,2017-08-31,-121.0870,325.9150,-483.6840,1.0010,1.3040,5.1430
2017.66849,2017-09-01,-120.6260,325.7770,-472.9170,1.0190,1.2960,5.3120
2017.67123,2017-09-02,-121.6400,325.2770,-489.9280,0.9770,1.2620,5.1540
2017.67397,2017-09-03,-122.4230,325.0420,-501.1010,0.9980,1.2640,5.1290
2017.67671,2017-09-04,-122.0550,325.1800,-476.5570,0.9900,1.2170,4.9700
2017.67945,2017-09-05,-121.4110,324.8140,-467.7910,0.9720,1.2490,5.0690
2017.68219,2017-09-06,-123.5280,326.2240,-464.9130,0.9690,1.2110,4.9780
2017.68493,2017-09-07,-121.3970,328.1380,-486.5900,0.9990,1.2290,5.3780
2017.68767,2017-09-08,-121.1040,325.9300,-486.8410,0.9840,1.2510,5.3040
2017.69041,2017-09-09,-121.1490,324.5110,-481.6180,0.9990,1.2820,5.3510
2017.69315,2017-09-10,-119.6290,321.2020,-494.7980,1.0190,1.3050,5.2560
2017.69589,2017-09-11,-120.7600,323.6170,-478.6200,1.0040,1.3000,5.2180
2017.69863,2017-09-12,-121.6320,328.1930,-489.1410,1.0230,1.2980,5.4040
2017.70137,2017-09-13,-120.3780,328.4960,-483.4280,1.0840,1.3850,5.7760
2017.70411,2017-09-14,-122.1390,325.0750,-511.2930,1.0270,1.3100,5.3390
2017.70685,2017-09-15,-118.9590,322.9050,-490.6300,0.9960,1.2970,5.2220
2017.70959,2017-09-16,-120.2770,327.2410,-487.2140,0.9880,1.2730,5.1080
2017.71233,2017-09-17,-123.6200,326.8130,-492.4900,1.0250,1.3160,5.3190
2017.71507,2017-09-18,-123.0240,326.5990,-486.2110,1.0270,1.2980,5.3260
2017.71781,2017-09-19,-123.9320,326.5680,-491.3970,1.0360,1.3570,5.4200
2017.72055,2017-09-20,-123.2680,326.7560,-498.1890,1.0150,1.3190,5.4000
2017.72329,2017-09-21,-122.3300,329.2640,-495.3300,0.9800,1.2930,5.1470
2017.72603,2017-09-22,-121.6450,327.1700,-489.9550,0.9910,1.2540,5.2520
2017.72877,2017-09-23,-121.4050,327.7080,-491.4400,1.0120,1.2790,5.3260
2017.73151,2017-09-24,-122.9200,330.6740,-494.6670,1.0280,1.3210,5.4410
2017.73425,2017-09-25,-123.6560,330.7400,-490.0500,0.9890,1.3250,5.1910
2017.73699,2017-09-26,-121.6290,327.5330,-500.5580,0.9940,1.3490,5.4240
2017.73973,2017-09-27,-122.6760,328.5330,-496.1190,0.9990,1.3230,5.3530
2017.74247,2017-09-28,-121.2360,327.0190,-495.6610,1.0380,1.3380,5.4270
2017.74521,2017-09-29,-120.9480,328.5380,-496.9380,1.0770,1.4170,5.6870
2017.74795,2017-09-30,-123.5470,330.9310,-499.0640,1.0340,1.3720,5.4490
2017.75068,2017-10-01,-122.9010,329.5800,-492.4440,1.0090,1.3190,5.3450
2017.75342,2017-10-02,-122.2860,326.3260,-503.5680,1.0350,1.3230,5.4620
2017.75616,2017-10-03,-121.9880,324.8520,-507.9160,1.0380,1.3350,5.5040
2017.75890,2017-10-04,-125.3650,325.5550,-494.8330,1.0890,1.3870,5.9740
2017.76164,2017-10-05,-122.5380,329.5820,-504.5730,1.0560,1.3620,5.5280
2017.76438,2017-10-06,-121.2340,332.9730,-495.4010,1.0150,1.3500,5.4820
2017.76712,2017-10-07,-122.8760,325.5750,-502.8050,1.0670,1.3830,5.7360
2017.76986,2017-10-08,-124.2320,328.1350,-507.8670,1.0990,1.4630,5.9390
2017.77260,2017-10-09,-125.1900,327.9080,-489.8160,1.0620,1.3900,5.8620
2017.77534,2017-10-10,-120.4430,328.9750,-485.2140,1.1300,1.4040,6.1240
2017.77808,2017-10-11,-121.1370,328.1610,-495.6720,1.0720,1.3850,5.9530
2017.78082,2017-10-12,-118.9370,328.9900,-507.1640,1.1410,1.4250,6.1140
2017.78356,2017-10-13,-121.5960,325.6930,-506.7310,1.0720,1.3960,5.7880
2017.78630,2017-10-14,-124.5440,328.5270,-503.8900,1.0450,1.3560,5.6530
2017.78904,2017-10-15,-124.7870,329.1610,-502.9960,1.0540,1.3800,5.7240
2017.79178,2017-10-16,-123.2420,326.3120,-515.6240,1.0800,1.4230,5.8730
2017.79452,2017-10-17,-122.6980,325.8610,-506.7950,1.0670,1.3800,5.8170
2017.79726,2017-10-18,-122.4540,329.5380,-490.6460,1.0610,1.3590,5.6360
2017.80000,2017-10-19,-122.1660,328.7350,-503.8630,1.0910,1.4200,5.9010
2017.80274,2017-10-20,-122.7470,327.9020,-504.0620,1.1160,1.4710,5.9730
2017.80548,2017-10-21,-123.1350,326.3750,-508.5300,1.0780,1.3660,5.8150
2017.80822,2017-10-22,-124.2020,329.0670,-515.1520,1.1000,1.4300,5.9930
2017.81096,2017-10-23,-123.1480,328.8280,-498.8620,1.0630,1.3520,5.8220
2017.81370,2017-10-24,-125.9860,328.5530,-514.4850,1.0950,1.3880,5.9940
2017.81644,2017-10-25,-122.4850,327.4380,-506.4930,1.0740,1.3850,5.9200
2017.81918,2017-10-26,-124.8400,327.4760,-503.8180,1.0890,1.3730,5.8940
2017.82192,2017-10-27,-123.4650,327.8460,-508.1690,1.1430,1.5150,6.2830
2017.82466,2017-10-28,-124.3850,330.5620,-513.7250,1.1330,1.4510,6.1450
2017.82740,2017-10-29,-125.1920,329.2900,-507.9950,1.1100,1.4070,6.0160
2017.83014,2017-10-30,-125.9040,329.5970,-512.4740,1.1050,1.4500,6.0520
2017.83288,2017-10-31,-124.7280,327.3810,-512.1210,1.0730,1.4170,5.8900
2017.83562,2017-11-01,-125.6670,331.8680,-495.6390,1.0780,1.4620,5.8590
2017.83836,2017-11-02,-125.2660,331.4810,-493.3550,1.1550,1.4750,6.2140
2017.84110,2017-11-03,-123.3950,330.1990,-504.4770,1.1440,1.4580,6.2080
2017.84384,2017-11-04,-125.1990,328.8770,-498.5840,1.1110,1.4230,5.9080
2017.84658,2017-11-05,-126.1720,328.8950,-505.0370,1.0510,1.3730,5.7050
2017.84932,2017-11-06,-126.1220,329.9840,-506.2930,1.1100,1.4310,5.9980
2017.85205,2017-11-07,-124.7320,333.2090,-501.8460,1.0820,1.4230,5.9020
2017.85479,2017-11-08,-126.2330,331.3530,-496.7660,1.0500,1.3800,5.7410
2017.85753,2017-11-09,-122.0860,331.0370,-507.1930,1.1210,1.4470,5.9240
2017.86027,2017-11-10,-127.6730,332.9160,-500.0560,1.0770,1.4410,5.7580
2017.86301,2017-11-11,-125.1030,330.9250,-519.4010,1.1040,1.4100,5.8350
2017.86575,2017-11-12,-126.2680,331.9510,-498.8860,1.0480,1.4060,5.7460
2017.86849,2017-11-13,-124.9420,332.8270,-498.8690,1.0820,1.4070,5.7790
2017.87123,2017-11-14,-121.5710,330.3430,-501.9580,1.0570,1.3800,5.6060
2017.87397,2017-11-15,-123.1610,331.6900,-500.7360,1.0350,1.3250,5.3630
2017.87671,2017-11-16,-124.4050,330.7110,-506.4580,1.0850,1.3930,5.7570
2017.87945,2017-11-17,-122.3480,327.8070,-506.0710,1.0690,1.3950,5.9540
2017.88219,2017-11-18,-122.0130,327.9590,-505.5580,1.1180,1.4580,6.0050
2017.88493,2017-11-19,-122.9340,330.1650,-504.9380,1.1120,1.3890,6.0130
2017.88767,2017-11-20,-124.1730,334.3070,-495.0770,1.1240,1.4390,6.0690
2017.89041,2017-11-21,-126.4740,331.7370,-507.1040,1.0730,1.3970,5.8520
2017.89315,2017-11-22,-124.2120,331.2330,-502.7260,1.1250,1.4150,6.1160
2017.89589,2017-11-23,-124.7990,332.4930,-503.2310,1.1650,1.4330,6.2900
2017.89863,2017-11-24,-126.5780,332.0070,-502.6030,1.1080,1.3890,5.9360
2017.90137,2017-11-25,-124.7680,331.8800,-500.6990,1.1680,1.4000,6.2020
2017.90411,2017-11-26,-126.9470,333.9400,-491.1190,1.1000,1.3990,5.9270
2017.90685,2017-11-27,-123.9750,333.0420,-503.2260,1.0960,1.4200,6.0050
2017.90959,2017-11-28,-122.7310,332.2200,-506.3710,1.1250,1.4080,6.1040
2017.91233,2017-11-29,-123.0460,333.7070,-505.8530,1.1430,1.4310,6.1180
2017.91507,2017-11-30,-124.4950,332.8100,-499.9700,1.1530,1.4330,6.1110
2017.91781,2017-12-01,-123.7520,333.0900,-498.2310,1.1390,1.4510,6.1440
2017.92055,2017-12-02,-126.7950,333.6960,-492.8300,1.0740,1.4240,5.7800
2017.92329,2017-12-03,-125.3630,332.1210,-504.2880,1.1400,1.4500,6.1310
2017.92603,2017-12-04,-124.7280,331.0570,-487.6100,1.1020,1.4210,5.9600
2017.92877,2017-12-05,-125.1010,333.4570,-497.0650,1.1030,1.4220,5.9690
2017.93151,2017-12-06,-126.8960,332.4310,-498.1010,1.1270,1.4430,6.0720
2017.93425,2017-12-07,-124.7870,332.1250,-489.6110,1.1700,1.4630,6.5440
2017.93699,2017-12-08,-124.4580,331.6480,-499.8300,1.0990,1.4410,6.0040
2017.93973,2017-12-09,-124.2990,332.1430,-505.2800,1.0930,1.4170,5.8790
2017.94247,2017-12-10,-124.0600,337.5720,-496.5550,1.0980,1.3850,5.7710
2017.94521,2017-12-11,-123.4060,332.9930,-499.6490,1.1150,1.4210,6.0510
2017.94795,2017-12-12,-124.2210,334.4290,-507.0020,1.1340,1.4150,6.1530
2017.95068,2017-12-13,-124.8590,334.9280,-499.4890,1.1140,1.4330,6.0940
2017.95342,2017-12-14,-121.2740,330.6780,-501.6880,1.1110,1.4670,6.0860
2017.95616,2017-12-15,-123.6530,334.8370,-503.0680,1.0990,1.4710,5.9260
2017.95890,2017-12-16,-125.3200,329.3030,-501.4790,1.1580,1.4730,6.4180
2017.96164,2017-12-17,-127.1500,332.2400,-508.7910,1.1200,1.4190,6.1290
2017.96438,2017-12-18,-124.7540,332.4800,-497.6810,1.1490,1.4610,6.2850
2017.96712,2017-12-19,-126.7000,333.1540,-504.9330,1.1710,1.5180,6.4230
2017.96986,2017-12-20,-125.2640,332.8120,-505.0560,1.1480,1.4720,6.2320
2017.97260,2017-12-21,-123.7390,333.3200,-506.3020,1.1120,1.4080,6.1330
2017.97534,2017-12-22,-122.9580,333.1470,-502.7430,1.1370,1.3820,6.0170
2017.97808,2017-12-23,-122.7880,331.3540,-503.1990,1.0830,1.3930,5.8930
2017.98082,2017-12-24,-124.3820,334.3990,-497.9210,1.1480,1.4750,6.1730
2017.98356,2017-12-25,-124.6400,334.7340,-500.2630,1.1200,1.3870,5.9470
2017.98630,2017-12-26,-124.1710,333.1990,-502.7670,1.0970,1.4050,6.0280
2017.98904,2017-12-27,-124.7320,334.1920,-502.9680,1.1160,1.3880,6.0050
2017.99178,2017-12-28,-124.6750,335.5550,-492.2540,1.1500,1.4070,6.2370
2017.99452,2017-12-29,-123.3560,334.7810,-501.4220,1.1160,1.4300,6.0980
2017.99726,2017-12-30,-124.2760,337.1280,-501.2120,1.1060,1.3900,5.8900
2018.00000,2017-12-31,-122.1410,336.3850,-496.4800,1.1010,1.3870,5.8970
2018.00274,2018-01-01,-123.6640,337.7100,-498.7890,1.0950,1.3460,5.9060
2018.00548,2018-01-02,-124.7430,338.8910,-494.7120,1.0590,1.3530,5.7650
2018.00822,2018-01-03,-123.6300,336.7690,-492.7810,1.1250,1.4040,6.0060
2018.01096,2018-01-04,-125.8010,337.1810,-494.6010,1.1350,1.4090,6.2370
2018.01370,2018-01-05,-124.9130,338.4800,-488.4990,1.0990,1.3960,5.9460
2018.01644,2018-01-06,-125.7000,338.5580,-489.5910,1.1200,1.3880,5.9790
2018.01918,2018-01-07,-124.9600,337.2430,-495.0750,1.0840,1.4130,5.8550
2018.02192,2018-01-08,-125.5790,337.6130,-493.6390,1.1560,1.4600,6.3730
2018.02466,2018-01-09,-123.7960,336.0130,-492.2810,1.1500,1.4080,6.1980
2018.02740,2018-01-10,-121.3530,336.2380,-503.5860,1.1170,1.3920,6.0190
2018.03014,2018-01-11,-123.7430,336.3760,-504.7020,1.1410,1.3940,6.0550
2018.03288,2018-01-12,-122.8430,336.5720,-500.1030,1.0930,1.3610,5.8350
2018.03562,2018-01-13,-123.0590,336.8650,-503.8530,1.0920,1.3670,5.8880
2018.03836,2018-01-14,-122.3830,335.9820,-496.7780,1.0930,1.3380,5.9250
2018.04110,2018-01-15,-122.9010,338.5880,-492.1680,1.0910,1.3410,5.7020
2018.04384,2018-01-16,-123.2690,338.7940,-489.8370,1.0760,1.3480,5.7760
2018.04658,2018-01-17,-126.5630,335.2680,-483.6990,1.1220,1.3550,6.0030
2018.04932,2018-01-18,-125.2470,334.7990,-506.0810,1.1000,1.3620,5.8110
2018.05205,2018-01-19,-124.3040,337.3960,-501.1220,1.1410,1.3740,5.9880
2018.05479,2018-01-20,-122.3850,340.0520,-492.1650,1.0980,1.3480,5.8100
2018.06027,2018-01-22,-121.9220,338.4600,-489.9920,1.1060,1.3750,5.8070
2018.06301,2018-01-23,-121.3310,338.0050,-502.3830,1.1200,1.3980,5.9110
2018.06849,2018-01-25,-124.1620,340.9300,-501.5020,1.1540,1.3840,6.1160
2018.07123,2018-01-26,-123.3070,337.6180,-506.7630,1.1380,1.3820,6.1600
2018.07397,2018-01-27,-124.6610,338.7600,-499.4230,1.1260,1.3610,6.1150
2018.07671,2018-01-28,-127.4960,340.2780,-489.4290,1.1510,1.4220,6.2900
2018.07945,2018-01-29,-127.5780,339.9380,-501.1970,1.1440,1.3970,6.1970
2018.08219,2018-01-30,-124.9850,339.0120,-510.9770,1.1080,1.3730,6.0450
2018.08493,2018-01-31,-124.6670,339.9990,-511.7660,1.1470,1.4040,6.2040
2018.08767,2018-02-01,-124.2350,341.0570,-508.8750,1.1090,1.3760,5.9500
2018.09041,2018-02-02,-124.0730,338.4650,-511.7250,1.1700,1.4130,6.3750
2018.09315,2018-02-03,-124.7540,338.9090,-511.7930,1.1410,1.4070,6.2150
2018.09589,2018-02-04,-125.3330,339.6440,-503.2150,1.0870,1.3650,5.9170
2018.09863,2018-02-05,-124.6560,339.5360,-502.7720,1.1050,1.3430,5.7390
2018.10137,2018-02-06,-125.6830,340.9220,-512.5280,1.0690,1.3080,5.7040
2018.10411,2018-02-07,-124.5520,338.6850,-512.1000,1.0880,1.3410,5.8320
2018.10685,2018-02-08,-127.1390,338.1360,-510.9770,1.1010,1.2930,5.7160
2018.10959,2018-02-09,-126.8510,340.4650,-507.3310,1.0270,1.2630,5.3500
2018.11233,2018-02-10,-128.7640,341.5120,-499.8520,1.0660,1.2910,5.7190
2018.11507,2018-02-11,-125.7580,338.1740,-511.4160,1.0170,1.2780,5.3600
2018.11781,2018-02-12,-129.7840,341.3610,-508.5690,1.0270,1.2480,5.4090
2018.12055,2018-02-13,-125.5650,342.5390,-510.2840,1.0350,1.3050,5.4780
2018.12329,2018-02-14,-126.1840,342.2630,-506.8320,1.0180,1.2940,5.3920
2018.12603,2018-02-15,-126.6820,343.8450,-493.0560,1.0280,1.2730,5.3870
2018.12877,2018-02-16,-128.2170,343.5060,-503.3120,1.0320,1.2480,5.3740
2018.13151,2018-02-17,-127.8760,341.4250,-510.3690,1.0100,1.2240,5.2070
2018.13425,2018-02-18,-128.8770,342.2400,-513.2050,1.0310,1.2270,5.4170
2018.13699,2018-02-19,-128.3670,342.7240,-511.0040,1.0320,1.2480,5.3960
2018.13973,2018-02-20,-127.3960,343.2270,-514.9510,1.0520,1.2470,5.4530
2018.14247,2018-02-21,-130.1070,343.9230,-504.9110,1.0740,1.2880,5.5770
2018.14521,2018-02-22,-128.3450,342.1670,-508.7800,1.0730,1.2850,5.7270
2018.14795,2018-02-23,-126.3230,342.6930,-522.5390,1.0440,1.2620,5.3580
2018.15068,2018-02-24,-128.1950,342.8360,-516.1280,1.0530,1.2440,5.4480
2018.15342,2018-02-25,-129.0950,341.4250,-510.9300,1.0490,1.3110,5.4770
2018.15616,2018-02-26,-128.3430,343.7320,-501.7920,1.0190,1.2430,5.2070
2018.15890,2018-02-27,-128.2100,341.9430,-502.7120,1.0170,1.2720,5.1880
2018.16164,2018-02-28,-129.4250,344.9860,-501.4410,1.0220,1.2210,5.3050
2018.16438,2018-03-01,-127.2710,343.2010,-513.7760,1.0290,1.2930,5.3330
2018.16712,2018-03-02,-129.3020,342.0910,-508.8980,1.0360,1.2900,5.2850
2018.16986,2018-03-03,-129.2340,345.1080,-508.7670,1.0250,1.2370,5.3260
2018.17260,2018-03-04,-128.8240,345.1430,-505.4490,1.0420,1.2650,5.4810
2018.17534,2018-03-05,-129.5060,345.5510,-511.7530,1.0690,1.3100,5.6730
2018.17808,2018-03-06,-128.9830,343.3680,-516.4320,1.0180,1.2860,5.3160
2018.18082,2018-03-07,-129.8770,342.2550,-518.3390,1.0430,1.2490,5.5150
2018.18356,2018-03-08,-129.3700,343.4800,-513.9840,1.0850,1.3780,5.7710
2018.18630,2018-03-09,-132.0670,344.5220,-507.3670,1.0350,1.3020,5.4500
2018.18904,2018-03-10,-130.3280,343.6230,-517.8620,1.0290,1.2880,5.3700
2018.19178,2018-03-11,-131.3430,343.5410,-517.7200,1.0320,1.2760,5.5080
2018.19452,2018-03-12,-131.0320,343.2070,-520.2340,1.0380,1.3220,5.6100
2018.19726,2018-03-13,-133.4610,342.0650,-510.3420,1.0140,1.2820,5.3980
2018.20000,2018-03-14,-131.4880,343.0750,-521.2310,1.0230,1.3190,5.4100
2018.20274,2018-03-15,-128.0090,345.2560,-517.0640,1.0840,1.3860,5.8510
2018.20548,2018-03-16,-127.8850,342.6040,-521.2210,1.0520,1.3090,5.6240
2018.20822,2018-03-17,-130.4950,340.5730,-519.1700,1.0230,1.3300,5.4780
2018.21096,2018-03-18,-130.4400,341.2590,-515.6310,1.0090,1.2530,5.2540
2018.21370,2018-03-19,-128.9210,343.1060,-522.9540,1.0770,1.2930,5.7770
2018.21644,2018-03-20,-131.0960,341.8750,-510.2120,1.0880,1.3580,5.9390
2018.21918,2018-03-21,-127.5960,341.2420,-515.7210,1.0490,1.3350,5.8220
2018.22192,2018-03-22,-130.6530,341.8820,-516.3380,1.0170,1.2750,5.4000
2018.22466,2018-03-23,-127.9000,341.3570,-516.6810,1.0130,1.2770,5.4390
2018.22740,2018-03-24,-129.4570,344.5010,-514.2920,1.0260,1.2720,5.4200
2018.23014,2018-03-25,-129.7080,346.0030,-517.0660,1.0510,1.3080,5.6940
2018.23288,2018-03-26,-129.4800,345.0660,-513.2620,1.0320,1.2990,5.5580
2018.23562,2018-03-27,-131.1750,345.7680,-511.8910,1.0240,1.3090,5.4430
2018.23836,2018-03-28,-130.3470,345.2490,-512.2130,1.0130,1.3100,5.3270
2018.24110,2018-03-29,-128.3970,344.2450,-517.7950,0.9990,1.3200,5.3330
2018.24384,2018-03-30,-128.2620,342.3910,-524.5660,1.0070,1.2920,5.3850
2018.24658,2018-03-31,-129.3370,346.4530,-517.8010,1.0410,1.3030,5.5070
2018.24932,2018-04-01,-130.9150,347.1520,-513.9280,1.0270,1.3080,5.4870
2018.25205,2018-04-02,-128.7200,345.0380,-514.3660,1.0270,1.2980,5.5320
2018.25479,2018-04-03,-130.7430,345.4340,-520.8150,1.0330,1.2990,5.4520
2018.25753,2018-04-04,-130.9280,346.2080,-521.8010,1.0290,1.2920,5.4720
2018.26027,2018-04-05,-130.7800,345.9520,-517.1460,1.0720,1.3000,5.7180
2018.26301,2018-04-06,-127.5470,343.4100,-523.6200,1.1150,1.3790,5.9850
2018.26575,2018-04-07,-132.0100,346.7940,-515.8610,1.0600,1.3090,5.6980
2018.26849,2018-04-08,-132.5760,345.6860,-528.5140,1.0270,1.3130,5.4010
2018.27123,2018-04-09,-133.4410,346.1740,-526.4550,1.0270,1.3060,5.3350
2018.27397,2018-04-10,-131.7540,345.7150,-520.7400,1.0020,1.2700,5.2000
2018.27671,2018-04-11,-133.1590,347.3720,-523.6700,0.9960,1.2480,5.2130
2018.27945,2018-04-12,-130.9480,348.9330,-522.6570,1.0260,1.3140,5.5620
2018.28219,2018-04-13,-130.7330,346.0320,-531.0240,1.0950,1.4240,5.6300
2018.28493,2018-04-14,-132.4670,346.1230,-517.8310,1.0550,1.3590,5.6580
2018.28767,2018-04-15,-131.3620,346.7440,-520.5430,1.0780,1.3870,5.8000
2018.29041,2018-04-16,-130.5800,345.3210,-523.5560,1.0400,1.3490,5.4180
2018.29315,2018-04-17,-131.6650,345.4770,-526.6720,1.0600,1.3180,5.5960
2018.29589,2018-04-18,-129.1200,346.7150,-517.4840,1.0580,1.2770,5.4750
2018.29863,2018-04-19,-129.9280,347.6210,-520.4400,1.0750,1.3360,5.7380
2018.30137,2018-04-20,-131.5080,346.9480,-524.7130,1.0600,1.2940,5.5310
2018.30411,2018-04-21,-131.2540,345.7400,-528.4500,1.0330,1.2950,5.2920
2018.30685,2018-04-22,-130.2990,347.9550,-527.9860,1.0450,1.3380,5.4210
2018.30959,2018-04-23,-130.4660,351.7430,-523.8900,1.0390,1.3610,5.4230
2018.31233,2018-04-24,-132.5110,348.9450,-523.6530,1.0460,1.3350,5.5630
2018.31507,2018-04-25,-131.2610,349.9090,-533.6850,1.0700,1.3560,5.5920
2018.31781,2018-04-26,-132.0180,349.7070,-532.4210,1.0450,1.3740,5.4380
2018.32055,2018-04-27,-132.2100,348.5660,-529.6380,1.0770,1.3730,5.6700
2018.32329,2018-04-28,-130.3660,348.3300,-529.0740,1.0230,1.3310,5.3960
2018.32603,2018-04-29,-132.8630,350.7730,-531.0730,1.0180,1.3280,5.3930
2018.32877,2018-04-30,-133.7700,350.7040,-528.0260,1.0080,1.3130,5.2800
2018.33151,2018-05-01,-131.6280,351.8680,-513.2200,1.0940,1.3860,5.6200
2018.33425,2018-05-02,-131.5040,348.5800,-532.5250,1.0030,1.2950,5.2880
2018.33699,2018-05-03,-132.3770,351.5870,-531.7410,1.0550,1.3860,5.5760
2018.33973,2018-05-04,-134.6910,351.4410,-518.8110,1.0300,1.3970,5.3740
2018.34247,2018-05-05,-132.5860,348.7270,-532.3790,1.0190,1.3360,5.3190
2018.34521,2018-05-06,-134.6780,351.5130,-530.1270,1.0510,1.3760,5.5390
2018.34795,2018-05-07,-133.3750,351.7400,-525.2190,1.0270,1.3220,5.4130
2018.35068,2018-05-08,-134.1140,350.9650,-543.0370,1.0820,1.3610,5.7720
2018.35342,2018-05-09,-131.2370,349.9400,-539.2930,1.0710,1.3320,5.7100
2018.35616,2018-05-10,-132.4030,348.0420,-541.8980,1.0360,1.3310,5.3750
2018.35890,2018-05-11,-134.4010,350.5740,-528.5870,1.0390,1.3060,5.3710
2018.36164,2018-05-12,-132.9140,350.9980,-534.6820,1.0240,1.3170,5.3440
2018.36438,2018-05-13,-134.0280,351.4700,-540.5850,1.0360,1.4130,5.4620
2018.36712,2018-05-14,-132.0380,348.5760,-537.9870,1.0280,1.3840,5.3880
2018.36986,2018-05-15,-129.9960,349.4050,-533.7810,1.0230,1.3410,5.4370
2018.37260,2018-05-16,-132.7020,353.3110,-534.2990,1.0600,1.3430,5.4200
2018.37534,2018-05-17,-135.9720,355.9620,-531.6510,1.0450,1.3420,5.3690
2018.37808,2018-05-18,-134.8720,353.0100,-538.3060,1.0810,1.3330,5.5820
2018.38082,2018-05-19,-132.8330,353.6940,-541.8160,1.0320,1.3710,5.3860
2018.38356,2018-05-20,-129.1480,350.6180,-548.1850,1.0220,1.3450,5.3250
2018.38630,2018-05-21,-133.5790,352.9770,-530.8910,1.0420,1.2940,5.3400
2018.38904,2018-05-22,-134.5330,353.8380,-533.6920,1.0000,1.2900,5.2020
2018.39178,2018-05-23,-135.1550,354.4770,-533.8490,1.0660,1.4260,5.5690
2018.39452,2018-05-24,-136.7600,354.1580,-528.1100,1.0410,1.3160,5.4810
2018.39726,2018-05-25,-133.4160,352.6840,-532.7830,1.0220,1.3530,5.3310
2018.40000,2018-05-26,-133.0340,354.4340,-535.3580,1.0260,1.3380,5.3030
2018.40274,2018-05-27,-133.7850,350.2810,-547.5680,1.0320,1.3750,5.4370
2018.40548,2018-05-28,-134.6950,352.5370,-533.7460,1.0700,1.4570,5.7270
2018.40822,2018-05-29,-132.9910,350.9070,-537.7110,1.0870,1.4160,5.8020
2018.41096,2018-05-30,-134.5410,351.8560,-542.9870,1.1020,1.4210,5.6520
2018.41370,2018-05-31,-134.9320,351.2040,-543.8190,1.0750,1.3590,5.7030
2018.41644,2018-06-01,-137.1650,352.3160,-544.8730,1.0790,1.3670,5.5980
2018.41918,2018-06-02,-135.6650,352.6170,-546.5980,1.0360,1.3390,5.4430
2018.42192,2018-06-03,-135.7570,351.9680,-537.7110,1.0020,1.2920,5.1980
2018.42466,2018-06-04,-134.5410,352.8150,-547.9540,1.0040,1.3300,5.3000
2018.42740,2018-06-05,-132.9580,354.2990,-565.9490,1.0450,1.3840,5.4060
2018.43014,2018-06-06,-134.2590,353.7080,-550.8770,1.0400,1.3790,5.3710
2018.43288,2018-06-07,-135.9790,356.2360,-545.0050,1.0600,1.3880,5.3910
2018.43562,2018-06-08,-135.9680,352.0400,-544.3560,1.0190,1.3050,5.2660
2018.43836,2018-06-09,-135.5940,354.5680,-537.3000,1.0070,1.2800,5.2740
2018.44110,2018-06-10,-137.7070,358.3600,-529.4330,1.0830,1.4140,5.6540
2018.44384,2018-06-11,-135.6650,352.9380,-546.9630,1.0490,1.3220,5.4650
2018.44658,2018-06-12,-139.0350,354.9870,-548.7700,1.0270,1.3440,5.2680
2018.44932,2018-06-13,-137.1030,351.9000,-540.4190,1.0040,1.2990,5.1150
2018.45205,2018-06-14,-134.5860,352.8930,-544.8860,1.0240,1.3330,5.4220
2018.45479,2018-06-15,-135.1620,356.7890,-532.0080,1.0390,1.3350,5.4220
2018.45753,2018-06-16,-135.1120,354.2240,-540.0230,1.0180,1.3050,5.2740
2018.46027,2018-06-17,-132.7300,357.2560,-548.0040,1.0210,1.3560,5.3280
2018.46301,2018-06-18,-136.1740,356.1120,-542.0650,1.0290,1.3880,5.6230
2018.46575,2018-06-19,-136.6570,356.3010,-543.4390,1.0270,1.3460,5.4720
2018.46849,2018-06-20,-136.7830,356.6980,-538.2920,1.0290,1.3720,5.4440
2018.47123,2018-06-21,-135.2550,356.0730,-540.9190,1.0180,1.3040,5.4020
2018.47397,2018-06-22,-135.3020,357.0030,-542.2190,1.0490,1.3830,5.5050
2018.47671,2018-06-23,-136.7890,354.4150,-542.9230,0.9840,1.2990,5.1900
2018.47945,2018-06-24,-137.4280,359.4280,-526.2870,1.0190,1.2810,5.2780
2018.48219,2018-06-25,-134.2960,352.6510,-535.3840,1.0430,1.3580,5.3840
2018.48493,2018-06-26,-136.4190,356.5570,-530.6250,1.0170,1.3760,5.2290
2018.48767,2018-06-27,-138.3210,357.8880,-527.7580,1.0340,1.3270,5.3910
2018.49041,2018-06-28,-138.0360,357.8230,-528.1250,1.0300,1.3320,5.3980
2018.49315,2018-06-29,-135.4470,359.5260,-534.7620,1.0440,1.3910,5.5050
2018.49589,2018-06-30,-137.2370,358.3630,-515.1470,1.1110,1.4710,5.7190
2018.50411,2018-07-03,-134.1550,356.4580,-543.0870,1.0050,1.3860,5.3190
2018.50685,2018-07-04,-138.0320,358.6150,-520.3970,1.0030,1.3680,5.3340
2018.50959,2018-07-05,-135.4890,359.1020,-525.6640,1.0160,1.3960,5.3330
2018.51233,2018-07-06,-136.2110,355.3940,-524.8020,1.0120,1.3730,5.2470
2018.51507,2018-07-07,-135.5640,357.1810,-539.0400,1.0150,1.3950,5.4000
2018.51781,2018-07-08,-137.2190,362.0900,-540.6790,1.0490,1.4410,5.4240
2018.52055,2018-07-09,-139.6150,358.9350,-528.5720,1.0390,1.3860,5.3400
2018.52329,2018-07-10,-136.1090,353.1820,-547.7250,1.0610,1.4250,5.5350
2018.52603,2018-07-11,-135.8400,355.9640,-544.0320,1.0940,1.4920,5.6870
2018.52877,2018-07-12,-137.8360,361.8330,-546.8670,1.0140,1.3520,5.3890
2018.53151,2018-07-13,-137.6060,356.2630,-541.0370,1.0480,1.4210,5.5830
2018.53425,2018-07-14,-137.9960,360.4630,-538.3110,1.0320,1.4010,5.4180
2018.53699,2018-07-15,-137.3660,358.6680,-532.3550,1.0450,1.3970,5.5190
2018.53973,2018-07-16,-136.8530,361.6510,-524.7170,1.0620,1.4490,5.4980
2018.54247,2018-07-17,-139.5280,361.6230,-529.9750,0.9940,1.3470,5.1950
2018.54521,2018-07-18,-135.3670,359.8600,-534.9310,1.0720,1.5040,5.6540
2018.54795,2018-07-19,-138.3580,360.6990,-527.5780,1.1010,1.4790,5.8150
2018.55068,2018-07-20,-135.1930,356.7750,-536.5050,1.0390,1.3620,5.4700
2018.55342,2018-07-21,-135.4420,359.7750,-541.9770,1.0220,1.3550,5.3500
2018.55616,2018-07-22,-135.3980,360.2120,-534.8650,1.0230,1.3850,5.3100
2018.55890,2018-07-23,-139.5340,358.6740,-535.9040,1.0260,1.4120,5.4010
2018.56164,2018-07-24,-138.2050,360.4440,-529.4590,1.0460,1.4400,5.5680
2018.56438,2018-07-25,-136.9400,355.1890,-530.7120,1.0440,1.3550,5.4910
2018.56712,2018-07-26,-136.1120,360.0160,-536.4660,1.0360,1.3420,5.4880
2018.56986,2018-07-27,-135.8490,356.1600,-539.0580,1.0760,1.3970,5.5560
2018.57260,2018-07-28,-138.1890,358.4280,-543.4630,1.0460,1.4440,5.5840
2018.57534,2018-07-29,-140.7530,360.6060,-530.4980,1.1050,1.4690,5.7110
2018.57808,2018-07-30,-140.8260,362.5040,-542.5990,1.0950,1.4710,5.7460
2018.58082,2018-07-31,-140.0500,362.5320,-534.1250,1.0620,1.4990,5.7270
2018.58356,2018-08-01,-137.9160,357.0360,-533.4870,1.1110,1.4920,5.8680
2018.58630,2018-08-02,-143.0560,359.5350,-536.4540,1.1430,1.5220,6.1680
2018.58904,2018-08-03,-140.8060,359.6470,-539.4010,1.0480,1.4060,5.5670
2018.59178,2018-08-04,-139.5840,358.0240,-539.6550,1.0500,1.4460,5.5400
2018.59452,2018-08-05,-140.3680,354.5790,-546.4720,1.0530,1.4390,5.5840
2018.59726,2018-08-06,-139.3650,357.9380,-547.8590,1.1050,1.4600,5.7480
2018.60000,2018-08-07,-140.3800,356.3220,-542.4570,1.0910,1.5170,5.6660
2018.60274,2018-08-08,-138.2170,357.7060,-539.8220,1.0930,1.4460,5.6930
2018.60548,2018-08-09,-137.3470,357.0760,-555.6010,1.1110,1.5040,5.8570
2018.60822,2018-08-10,-139.3090,356.2310,-546.1540,1.0380,1.4110,5.4540
2018.61096,2018-08-11,-141.1280,357.6050,-537.6950,1.0950,1.4390,5.7670
2018.61370,2018-08-12,-141.3990,357.7050,-541.2940,1.1070,1.4540,5.8350
2018.61644,2018-08-13,-138.3260,362.4230,-539.1000,1.0920,1.4400,5.6980
2018.61918,2018-08-14,-143.2410,359.7510,-541.2210,1.0870,1.4650,5.9670
2018.62192,2018-08-15,-139.3230,358.0650,-543.0300,1.0710,1.5080,5.9460
2018.62466,2018-08-16,-141.6610,355.5630,-541.2710,1.0880,1.4350,5.7410
2018.62740,2018-08-17,-142.4600,359.1980,-537.0210,1.0850,1.4400,5.8180
2018.63014,2018-08-18,-139.4700,361.4010,-535.9810,1.0760,1.4270,5.7580
2018.63288,2018-08-19,-139.9680,360.6860,-543.2970,1.0550,1.4080,5.5670
2018.63562,2018-08-20,-138.4270,358.2000,-547.1820,1.0950,1.4800,5.7310
2018.63836,2018-08-21,-141.5360,362.2150,-537.2550,1.0730,1.4890,5.5660
2018.64110,2018-08-22,-142.7890,365.3250,-528.3750,1.1420,1.5060,5.9070
2018.64384,2018-08-23,-141.8680,355.6770,-538.2660,1.2140,1.5900,6.2240
2018.64658,2018-08-24,-140.2550,360.7490,-536.3760,1.0610,1.5040,5.5350
2018.64932,2018-08-25,-139.1040,360.2140,-528.9220,1.0220,1.3970,5.5180
2018.65205,2018-08-26,-138.4720,359.9510,-540.6170,1.0840,1.4520,5.6010
2018.65479,2018-08-27,-140.7700,358.5820,-546.1190,1.1080,1.4460,5.8640
2018.65753,2018-08-28,-138.4340,360.1860,-532.7680,1.1220,1.4750,5.9770
2018.66027,2018-08-29,-138.0890,359.2920,-539.4870,1.1060,1.4330,5.8010
2018.66301,2018-08-30,-137.4860,361.4130,-534.1050,1.0690,1.4310,5.6420
2018.66575,2018-08-31,-140.3310,362.0880,-535.2980,1.0150,1.4140,5.3940
2018.66849,2018-09-01,-139.7390,361.5730,-537.7210,1.0560,1.4220,5.5830
2018.67123,2018-09-02,-135.8370,363.8950,-533.1600,1.0620,1.4290,5.5390
2018.67397,2018-09-03,-138.6220,364.4370,-518.3140,1.0380,1.3920,5.5060
2018.67671,2018-09-04,-141.0320,363.0790,-532.1600,1.0760,1.4080,5.6240
2018.67945,2018-09-05,-139.5040,360.1190,-544.4080,1.0830,1.3980,5.6170
2018.68219,2018-09-06,-138.6840,361.5950,-536.0620,1.0670,1.4800,5.4930
2018.68493,2018-09-07,-138.0140,362.3480,-543.6030,1.1380,1.6060,5.9810
2018.68767,2018-09-08,-139.0110,365.4920,-537.0150,1.0850,1.4530,5.6590
2018.69041,2018-09-09,-138.3150,360.0620,-549.7890,1.1350,1.4880,5.7800
2018.69315,2018-09-10,-140.3520,360.8920,-538.1440,1.0410,1.4230,5.5200
2018.69589,2018-09-11,-137.5970,363.1830,-530.8130,1.0690,1.5510,5.8190
2018.69863,2018-09-12,-141.2890,361.9470,-525.3060,1.1150,1.4500,5.8300
2018.70137,2018-09-13,-142.2650,362.6010,-526.1550,1.0870,1.5200,5.7800
2018.70411,2018-09-14,-140.8150,368.7640,-507.7400,1.1750,1.6040,6.4250
2018.70685,2018-09-15,-140.0200,362.8490,-532.2800,1.1680,1.5680,6.2130
2018.70959,2018-09-16,-138.4210,362.3240,-545.6450,1.1010,1.4940,5.8840
2018.71233,2018-09-17,-135.4640,360.5590,-538.9210,1.1490,1.6250,6.1090
2018.71507,2018-09-18,-137.2140,361.3120,-542.3330,1.1550,1.6120,6.2890
2018.71781,2018-09-19,-136.4930,362.3730,-537.8240,1.1510,1.6000,6.0910
2018.72055,2018-09-20,-139.7760,360.2020,-531.8600,1.0860,1.4710,5.7960
2018.72329,2018-09-21,-140.4690,364.4930,-538.5960,1.1110,1.5120,5.8850
2018.72603,2018-09-22,-138.5910,359.9610,-535.3690,1.1090,1.5230,5.9830
2018.72877,2018-09-23,-140.0160,362.0540,-542.3950,1.1260,1.5400,5.9760
2018.73151,2018-09-24,-140.7740,359.7470,-542.0060,1.1090,1.4830,5.8450
2018.73425,2018-09-25,-137.0650,360.6820,-542.7000,1.0800,1.4750,5.7470
2018.73699,2018-09-26,-140.7320,359.7710,-533.2710,1.1490,1.5460,6.1800
2018.73973,2018-09-27,-139.4970,362.7720,-550.0380,1.1670,1.5190,6.2300
2018.74247,2018-09-28,-138.5570,361.8740,-540.9620,1.1970,1.5970,6.4990
2018.74521,2018-09-29,-136.7210,361.7980,-533.6800,1.1130,1.5440,6.0230
2018.74795,2018-09-30,-135.7020,360.0320,-553.9970,1.1330,1.5030,6.0020
2018.75068,2018-10-01,-138.8580,360.7000,-553.3350,1.1120,1.4750,5.8110
2018.75342,2018-10-02,-141.7010,362.8280,-544.6710,1.0890,1.4830,5.6680
2018.75616,2018-10-03,-140.3130,362.6880,-538.6570,1.1030,1.5110,5.7090
2018.75890,2018-10-04,-138.0060,361.8280,-545.4490,1.1740,1.6170,6.2600
2018.76164,2018-10-05,-140.6110,364.0750,-532.1230,1.1290,1.5100,6.0060
2018.76438,2018-10-06,-138.6650,363.2470,-544.7780,1.0850,1.4610,5.8060
2018.76712,2018-10-07,-140.7800,363.7310,-550.5460,1.1560,1.4780,6.0300
2018.76986,2018-10-08,-137.1060,361.9420,-542.6120,1.0770,1.4950,5.8200
2018.77260,2018-10-09,-137.8180,363.2810,-541.4750,1.0770,1.4620,5.5970
2018.77534,2018-10-10,-140.0410,361.1070,-543.9830,1.0690,1.5050,5.6480
2018.88493,2018-11-19,-141.5640,367.9290,-543.7950,1.1400,1.5040,5.9870
2018.88767,2018-11-20,-141.2980,367.1310,-548.1460,1.1010,1.4900,5.8150
2018.89041,2018-11-21,-142.4510,366.3330,-546.7740,1.1220,1.5180,5.9190
2018.89315,2018-11-22,-139.9640,365.0060,-549.2110,1.1460,1.5890,6.0600
2018.89589,2018-11-23,-142.9810,367.1810,-542.4280,1.0790,1.5000,5.8280
2018.89863,2018-11-24,-138.0280,369.0070,-544.5670,1.1400,1.5490,5.9340
2018.90137,2018-11-25,-139.5680,366.9920,-543.0000,1.1690,1.5310,6.4790
2018.90411,2018-11-26,-141.2890,363.1490,-554.7610,1.1060,1.4550,5.8850
2018.90685,2018-11-27,-143.1850,363.9760,-539.4870,1.1080,1.5350,5.8270
2018.90959,2018-11-28,-140.3380,367.0070,-537.4300,1.1640,1.6540,6.4740
2018.91233,2018-11-29,-136.3500,370.3160,-540.1950,1.1330,1.6810,5.9910
2018.91507,2018-11-30,-140.9020,367.0540,-548.8900,1.1420,1.6040,6.1240
2018.91781,2018-12-01,-138.5100,366.6040,-555.4840,1.1220,1.5060,5.9640
2018.92055,2018-12-02,-139.5820,365.3720,-546.7460,1.1190,1.5020,5.9980
2018.92329,2018-12-03,-139.4820,370.3280,-531.4570,1.1220,1.6280,6.0380
2018.92603,2018-12-04,-137.5550,368.6860,-542.0270,1.1550,1.6070,6.2070
2018.92877,2018-12-05,-139.7580,367.9640,-541.2810,1.1610,1.6220,6.2580
2018.93151,2018-12-06,-139.7120,367.9900,-537.8530,1.1410,1.4880,6.2980
2018.93425,2018-12-07,-138.8740,365.6130,-549.9450,1.2120,1.5840,6.5380
2018.93699,2018-12-08,-141.9400,363.0320,-533.3930,1.1560,1.6520,6.1940
2018.93973,2018-12-09,-139.0340,367.8010,-544.9180,1.1240,1.6570,6.1580
2018.94247,2018-12-10,-140.3950,369.6180,-542.8070,1.1300,1.5880,6.1320
2018.94521,2018-12-11,-138.8570,370.4820,-542.5680,1.1600,1.5670,6.2530
2018.94795,2018-12-12,-138.4980,370.4430,-544.3090,1.1080,1.4860,5.9690
2018.95068,2018-12-13,-140.8410,372.2810,-550.2200,1.1020,1.4900,6.0890
2018.95342,2018-12-14,-140.9530,365.4910,-546.8780,1.1380,1.5980,6.3830
2018.95616,2018-12-15,-141.4650,364.5720,-545.9610,1.0600,1.4820,5.7920
2018.95890,2018-12-16,-140.2860,369.1640,-534.7580,1.1430,1.5590,6.2310
2018.96164,2018-12-17,-138.4330,367.3070,-550.6470,1.0740,1.4730,5.7950
2018.96438,2018-12-18,-141.2040,369.2320,-545.8550,1.0910,1.4460,5.9530
2018.96712,2018-12-19,-142.0240,372.2250,-539.6650,1.0700,1.4760,5.8030
2018.96986,2018-12-20,-138.5860,368.0900,-539.4100,1.1190,1.5330,6.0900
2018.97260,2018-12-21,-139.6280,369.4050,-544.6980,1.1130,1.6540,6.2070
2018.97534,2018-12-22,-140.3830,372.4940,-544.4790,1.0990,1.5400,5.9700
2018.97808,2018-12-23,-137.0090,369.3120,-554.8140,1.1500,1.5520,6.3940
2018.98082,2018-12-24,-137.8710,366.3540,-546.6900,1.1110,1.5460,6.0330
2018.98356,2018-12-25,-140.6370,370.0910,-539.8660,1.1390,1.5290,6.2060
2018.98630,2018-12-26,-135.7880,368.7830,-550.4270,1.2000,1.6040,6.6310
2018.98904,2018-12-27,-134.8290,368.4610,-537.2280,1.1950,1.5870,6.5780
2018.99178,2018-12-28,-138.5880,365.0870,-542.2570,1.2140,1.5110,6.6020
2018.99452,2018-12-29,-139.6660,373.5940,-537.2140,1.1360,1.5170,6.1120
2018.99726,2018-12-30,-138.9210,372.3580,-539.3150,1.1590,1.5470,6.1700
2019.00000,2018-12-31,-140.8620,369.8620,-547.9790,1.1370,1.4950,6.0420
2019.00274,2019-01-01,-145.0040,368.2260,-546.5930,1.1300,1.4640,6.1200
2019.00548,2019-01-02,-142.7610,367.8000,-541.9820,1.1310,1.5110,6.1150
2019.00822,2019-01-03,-141.1030,371.4490,-541.0390,1.0600,1.5060,5.7410
2019.01096,2019-01-04,-142.9570,372.1350,-543.5530,1.0930,1.4740,5.9910
2019.01370,2019-01-05,-140.3440,371.6580,-540.7350,1.1050,1.5720,5.9870
2019.01644,2019-01-06,-140.4690,369.9030,-547.8450,1.0940,1.5630,6.1070
2019.01918,2019-01-07,-141.9170,371.2640,-537.7040,1.0910,1.5420,5.9800
2019.02192,2019-01-08,-140.5170,371.9180,-549.4120,1.1070,1.5270,6.0750
2019.02466,2019-01-09,-142.0960,373.8550,-536.7900,1.0880,1.5150,5.9490
2019.02740,2019-01-10,-143.1300,372.2740,-536.1490,1.1370,1.5730,6.2950
2019.03014,2019-01-11,-144.2200,371.5850,-540.6460,1.1350,1.5660,6.1960
2019.03288,2019-01-12,-139.9450,370.8730,-546.8100,1.0980,1.5050,5.8870
2019.03562,2019-01-13,-143.2550,372.1430,-540.0970,1.1060,1.5330,6.0600
2019.03836,2019-01-14,-141.1120,369.7740,-548.6900,1.0900,1.5520,5.9800
2019.04110,2019-01-15,-142.9710,373.0760,-547.5790,1.1370,1.5580,6.2630
2019.04384,2019-01-16,-142.6780,370.8950,-545.4910,1.1610,1.5460,6.3750
2019.04658,2019-01-17,-145.0030,374.9240,-548.1350,1.0950,1.5700,5.9630
2019.04932,2019-01-18,-144.2890,375.0170,-531.2490,1.0830,1.5710,5.9690
2019.05205,2019-01-19,-144.1460,380.7970,-527.6760,1.1460,1.6850,6.2510
2019.05479,2019-01-20,-142.1880,372.9910,-550.7060,1.1630,1.7190,6.3640
2019.05753,2019-01-21,-143.7290,370.5040,-555.5200,1.1920,1.6510,6.5460
2019.06027,2019-01-22,-142.6710,368.4270,-559.8160,1.1400,1.6470,6.4440
2019.06301,2019-01-23,-140.1930,372.8460,-553.1230,1.1170,1.5340,5.9050
2019.06575,2019-01-24,-140.2510,371.1510,-547.9290,1.0920,1.5650,5.9640
2019.06849,2019-01-25,-143.4100,375.3430,-555.1200,1.1280,1.5660,5.9930
2019.07123,2019-01-26,-143.6920,374.5930,-553.5430,1.2120,1.5960,6.6590
2019.07397,2019-01-27,-145.0360,373.2860,-551.8550,1.1240,1.5250,6.0390
2019.07671,2019-01-28,-141.9430,374.5950,-545.4320,1.0660,1.4840,5.8970
2019.07945,2019-01-29,-142.3100,373.7370,-552.9570,1.0630,1.4890,5.7780
2019.08219,2019-01-30,-141.8100,375.5440,-545.7750,1.0850,1.4800,5.7550
2019.08493,2019-01-31,-145.1050,372.5330,-556.2090,1.1600,1.5790,6.3070
2019.08767,2019-02-01,-145.9940,373.3740,-561.2500,1.1420,1.4900,6.1520
2019.09041,2019-02-02,-146.5460,375.1470,-561.4670,1.0880,1.4940,5.9640
2019.09315,2019-02-03,-146.0180,381.4970,-533.3130,1.2420,1.6570,6.8830
2019.09589,2019-02-04,-143.0620,377.4070,-544.2970,1.0970,1.5480,6.0040
2019.09863,2019-02-05,-145.9490,374.9250,-544.7550,1.0630,1.4480,5.6850
2019.10137,2019-02-06,-145.2440,376.4120,-540.6330,1.0920,1.5100,5.9020
2019.10411,2019-02-07,-143.7610,373.8580,-554.1180,1.0880,1.4880,5.7880
2019.10685,2019-02-08,-143.5520,377.2590,-552.1770,1.0680,1.4790,5.6650
2019.10959,2019-02-09,-143.4100,373.9920,-556.8540,1.0830,1.5200,5.8880
2019.11233,2019-02-10,-145.4610,377.3110,-560.2470,1.0890,1.5730,5.9950
2019.11507,2019-02-11,-146.0420,375.6570,-564.0660,1.1050,1.5470,5.8740
2019.11781,2019-02-12,-145.9420,377.7520,-560.4910,1.1530,1.6160,6.1910
2019.12055,2019-02-13,-146.9600,373.3230,-572.4300,1.0610,1.4440,5.5680
2019.12329,2019-02-14,-146.5750,374.0140,-562.7740,1.1090,1.5230,5.8770
2019.12603,2019-02-15,-143.5880,373.4390,-565.8970,1.1170,1.5640,5.8870
2019.12877,2019-02-16,-146.2310,376.4580,-561.9060,1.0990,1.4900,5.9480
2019.13151,2019-02-17,-145.9850,376.0010,-555.5220,1.1080,1.5140,5.9100
2019.13425,2019-02-18,-147.3290,383.5090,-552.3390,1.0790,1.4830,5.9650
2019.13699,2019-02-19,-146.9230,378.5230,-564.7910,1.1090,1.4980,5.9270
2019.13973,2019-02-20,-145.5760,375.2070,-567.7690,1.0730,1.4990,5.9380
2019.14247,2019-02-21,-146.3360,377.0850,-566.7360,1.0870,1.4690,5.9630
2019.14521,2019-02-22,-143.7480,373.5050,-565.0930,1.1520,1.5470,6.0650
2019.14795,2019-02-23,-144.5730,373.8090,-571.0780,1.1150,1.5420,6.0970
2019.15068,2019-02-24,-144.6540,373.6920,-569.9410,1.1080,1.5170,6.0320
2019.15342,2019-02-25,-146.4230,376.3260,-570.9560,1.0860,1.5190,6.0590
2019.15616,2019-02-26,-145.1860,373.5950,-567.7850,1.0670,1.4630,5.7540
2019.15890,2019-02-27,-146.8490,376.6360,-569.7440,1.0900,1.5210,6.0100
2019.16164,2019-02-28,-145.0210,377.2490,-569.8000,1.0980,1.4890,5.9940
2019.16438,2019-03-01,-147.2690,376.8940,-564.7580,1.0960,1.5460,5.8800
2019.16712,2019-03-02,-146.1440,375.2880,-554.0690,1.0620,1.4680,5.6630
2019.16986,2019-03-03,-143.3910,375.9140,-561.5530,1.1370,1.4980,6.2220
2019.17260,2019-03-04,-143.1570,378.4710,-564.3510,1.0810,1.4000,5.8030
2019.17534,2019-03-05,-146.9360,379.0530,-572.3960,1.1190,1.5220,6.0650
2019.17808,2019-03-06,-143.9120,372.9380,-569.8940,1.1330,1.6530,6.3250
2019.18082,2019-03-07,-145.0630,374.7320,-565.8780,1.0950,1.5820,6.2110
2019.18356,2019-03-08,-145.9980,381.2120,-567.7820,1.1140,1.6720,6.2810
2019.18630,2019-03-09,-146.9180,379.1100,-540.4140,1.1090,1.6250,6.2630
2019.18904,2019-03-10,-146.2380,378.0880,-566.0210,1.0920,1.5560,6.0550
2019.19178,2019-03-11,-146.0600,376.8860,-576.9990,1.1240,1.5680,6.1000
2019.19452,2019-03-12,-145.2060,376.6460,-566.4330,1.1340,1.5440,6.2330
2019.19726,2019-03-13,-143.9690,377.9490,-561.4010,1.0770,1.4850,5.8350
2019.20000,2019-03-14,-143.4220,378.9780,-566.2960,1.1390,1.5650,6.3720
2019.20274,2019-03-15,-143.7220,377.0910,-565.3650,1.1260,1.5250,6.1080
2019.20548,2019-03-16,-144.2320,374.4170,-576.7590,1.0660,1.4770,5.9230
2019.20822,2019-03-17,-142.9610,375.1870,-571.5500,1.0590,1.4690,5.7870
2019.21096,2019-03-18,-143.3030,375.6240,-570.7960,1.0830,1.5040,6.0590
2019.21370,2019-03-19,-145.7850,379.7900,-553.5520,1.0690,1.4710,5.9270
2019.21644,2019-03-20,-147.8040,381.6670,-549.4790,1.0730,1.4580,5.8920
2019.21918,2019-03-21,-142.1380,377.7020,-570.1030,1.0700,1.5020,5.9040
2019.22192,2019-03-22,-142.7670,373.7610,-572.6040,1.1670,1.5640,6.3560
2019.22466,2019-03-23,-141.6360,377.7980,-570.8860,1.1270,1.5740,6.1460
2019.22740,2019-03-24,-144.7130,379.7430,-561.6160,1.0710,1.4650,5.9320
2019.23014,2019-03-25,-143.1720,378.5740,-566.8850,1.0910,1.4890,5.7620
2019.23288,2019-03-26,-143.9110,376.6040,-567.9380,1.0660,1.4220,5.6680
2019.23562,2019-03-27,-145.9810,378.7110,-566.5420,1.1120,1.4530,6.0230
2019.23836,2019-03-28,-142.6260,377.4480,-574.8320,1.1200,1.4810,6.0860
2019.24110,2019-03-29,-143.4590,387.6280,-563.5640,1.1860,1.6340,6.6840
2019.24384,2019-03-30,-143.8380,376.6260,-575.6990,1.1290,1.5190,6.1700
2019.24658,2019-03-31,-144.8600,380.2990,-568.6960,1.1440,1.5150,6.4130
2019.24932,2019-04-01,-146.2390,380.0090,-575.3200,1.1240,1.4910,6.1420
2019.25205,2019-04-02,-145.3100,381.9080,-563.2700,1.0910,1.5380,6.0430
2019.25479,2019-04-03,-142.9560,375.6650,-571.1920,1.1690,1.5630,6.4440
2019.25753,2019-04-04,-144.2600,380.2970,-577.5620,1.1160,1.5170,6.0510
2019.26027,2019-04-05,-146.5520,378.1470,-569.7710,1.0880,1.4830,5.9980
2019.26301,2019-04-06,-144.1100,376.8180,-565.3840,1.1100,1.4570,5.9740
2019.26575,2019-04-07,-145.6830,377.9160,-578.5430,1.1180,1.4930,6.0100
2019.26849,2019-04-08,-143.5990,381.7490,-582.9060,1.0760,1.4230,5.7710
2019.27123,2019-04-09,-145.0930,381.3920,-570.6460,1.1000,1.5080,6.0690
2019.27397,2019-04-10,-141.5170,381.2530,-588.0990,1.2100,1.5470,6.5380
2019.27671,2019-04-11,-143.8670,383.0030,-567.2110,1.1260,1.5140,6.0200
2019.27945,2019-04-12,-145.1610,384.0760,-575.0250,1.1770,1.4890,6.3290
2019.28219,2019-04-13,-144.7920,382.8970,-570.5850,1.1410,1.5290,6.0430
2019.28493,2019-04-14,-145.0260,383.4150,-573.6260,1.1570,1.5550,6.4220
2019.28767,2019-04-15,-147.4990,379.3940,-587.1630,1.1390,1.5090,6.0710
2019.29041,2019-04-16,-144.8010,379.0170,-571.7940,1.1290,1.5090,5.9860
2019.29315,2019-04-17,-143.7390,382.5150,-577.1950,1.1010,1.5270,5.8710
2019.29589,2019-04-18,-149.1630,384.2650,-563.2570,1.1490,1.5640,6.1500
2019.29863,2019-04-19,-147.4510,380.8300,-569.9960,1.1900,1.5980,6.4190
2019.30137,2019-04-20,-149.7290,382.9980,-565.2600,1.1150,1.4930,5.9090
2019.30411,2019-04-21,-146.5950,378.8100,-581.4240,1.1570,1.5350,6.3810
2019.30685,2019-04-22,-148.3050,379.8620,-586.1030,1.1410,1.5440,6.1280
2019.30959,2019-04-23,-148.7140,382.5090,-572.2880,1.1230,1.4990,5.9860
2019.31233,2019-04-24,-148.2570,378.1660,-580.4530,1.2100,1.5200,6.4850
2019.31507,2019-04-25,-147.2200,387.5070,-577.0190,1.1550,1.6480,6.2960
2019.31781,2019-04-26,-150.4270,381.0310,-578.4840,1.1490,1.4920,6.0340
2019.32055,2019-04-27,-146.1010,384.8980,-578.2150,1.0810,1.5130,5.6830
2019.32329,2019-04-28,-146.3940,382.8790,-580.6380,1.1130,1.5100,5.7920
2019.32603,2019-04-29,-146.8350,382.5620,-581.3260,1.1340,1.5450,5.9450
2019.32877,2019-04-30,-148.8680,385.6400,-574.7820,1.1930,1.5900,6.4830
2019.33151,2019-05-01,-148.0320,381.5230,-570.3930,1.0940,1.5330,5.8270
2019.33425,2019-05-02,-147.5110,384.7340,-575.0860,1.1170,1.5490,5.9840
2019.33699,2019-05-03,-149.1430,387.4150,-575.4020,1.1090,1.5680,5.7450
2019.33973,2019-05-04,-145.0780,380.7400,-569.6650,1.1310,1.5160,5.8630
2019.34247,2019-05-05,-148.3980,379.6190,-584.5760,1.1110,1.5230,5.6820
2019.34521,2019-05-06,-148.2630,381.9010,-579.6440,1.1430,1.5050,5.8160
2019.34795,2019-05-07,-147.9240,383.3110,-581.8960,1.1180,1.6170,5.8690
2019.35068,2019-05-08,-144.7200,382.4480,-575.8280,1.1370,1.5610,5.9420
2019.35342,2019-05-09,-146.0420,382.0880,-575.2090,1.1210,1.6110,5.8430
2019.35616,2019-05-10,-148.8700,382.9370,-566.1310,1.1270,1.5580,5.7540
2019.35890,2019-05-11,-146.3110,383.3280,-570.6280,1.0950,1.5490,5.6130
2019.36164,2019-05-12,-146.6340,383.5710,-581.0370,1.1010,1.5390,5.6770
2019.36438,2019-05-13,-147.5950,382.6060,-578.0740,1.1140,1.5230,5.7970
2019.36712,2019-05-14,-146.4060,383.9180,-572.9950,1.1210,1.5060,5.8870
2019.36986,2019-05-15,-148.7820,381.3690,-577.7240,1.1900,1.5860,6.2060
2019.37260,2019-05-16,-148.8950,380.8390,-584.8210,1.1150,1.5360,6.0420
2019.37534,2019-05-17,-148.6900,388.5400,-566.8070,1.1790,1.6160,6.3680
2019.37808,2019-05-18,-149.0210,386.4410,-572.8090,1.2170,1.6180,6.5550
2019.38082,2019-05-19,-147.4620,384.5230,-567.6740,1.1840,1.6280,6.2860
2019.38356,2019-05-20,-150.6010,385.9500,-578.1660,1.1610,1.6240,6.2520
2019.38630,2019-05-21,-147.6990,378.2750,-583.6000,1.1450,1.5280,6.1280
2019.38904,2019-05-22,-147.3400,383.2490,-565.7630,1.1090,1.5510,6.1040
2019.39178,2019-05-23,-145.9260,384.1460,-568.3430,1.1270,1.5070,5.9270
2019.39452,2019-05-24,-145.4600,385.0710,-572.0940,1.1450,1.5340,6.0650
2019.39726,2019-05-25,-147.7460,382.0360,-571.7690,1.1260,1.6430,6.0070
2019.40000,2019-05-26,-146.2650,381.0360,-583.2630,1.1450,1.5800,6.0540
2019.40274,2019-05-27,-147.6750,381.7120,-585.6430,1.1190,1.5130,5.7760
2019.40548,2019-05-28,-145.1310,382.5870,-573.0690,1.1470,1.5360,6.0340
2019.40822,2019-05-29,-145.6140,383.2120,-578.6240,1.1220,1.5640,6.0130
2019.41096,2019-05-30,-147.7210,383.6700,-574.7030,1.1180,1.5600,5.9840
2019.41370,2019-05-31,-145.8490,382.8960,-578.2260,1.1460,1.6020,6.1920
2019.41644,2019-06-01,-145.7540,381.3580,-568.3850,1.1480,1.6440,6.4190
2019.41918,2019-06-02,-145.9650,385.7550,-566.8910,1.1250,1.5820,6.0390
2019.42192,2019-06-03,-148.5330,386.4070,-571.2100,1.1660,1.7100,6.3350
2019.42466,2019-06-04,-146.8990,382.8690,-575.5730,1.1440,1.5340,6.1740
2019.42740,2019-06-05,-149.8290,382.4570,-551.6570,1.1500,1.5940,6.2520
2019.43014,2019-06-06,-146.1580,386.4430,-579.7830,1.1530,1.6400,6.2250
2019.43288,2019-06-07,-150.3170,385.1660,-570.7730,1.1370,1.6440,6.0430
2019.43562,2019-06-08,-149.5040,387.9820,-564.2460,1.1280,1.6000,6.0160
2019.43836,2019-06-09,-145.9280,385.4680,-568.5670,1.1540,1.5090,6.1900
2019.44110,2019-06-10,-148.7420,388.5770,-561.4730,1.2470,1.6970,6.6930
2019.44384,2019-06-11,-148.9200,384.7730,-561.1750,1.3240,1.7930,7.3080
2019.44658,2019-06-12,-150.1610,391.8160,-578.5660,1.2050,1.6700,6.3080
2019.44932,2019-06-13,-151.8730,390.2750,-566.6310,1.2320,1.8660,6.6820
2019.45205,2019-06-14,-143.8890,387.9040,-578.3720,1.1770,1.6480,6.4680
2019.45479,2019-06-15,-150.4170,391.8550,-570.9330,1.1620,1.7230,6.2990
2019.45753,2019-06-16,-143.8320,385.1520,-583.3500,1.2050,1.8810,6.6380
2019.46027,2019-06-17,-149.4680,383.4940,-570.6640,1.2050,1.7010,6.3570
2019.46301,2019-06-18,-150.6230,388.0130,-576.4990,1.1530,1.6750,6.0430
2019.46575,2019-06-19,-148.3960,388.7780,-564.5830,1.2510,2.0640,6.9920
2019.46849,2019-06-20,-147.8040,393.9500,-564.4820,1.2960,1.9760,6.9140
2019.47123,2019-06-21,-147.1800,387.3710,-585.0820,1.2700,1.7700,6.7240
2019.47397,2019-06-22,-147.4500,388.8710,-554.1260,1.2470,1.8370,6.8720
2019.47671,2019-06-23,-152.2970,389.5040,-578.1740,1.2860,1.8620,6.9420
2019.47945,2019-06-24,-145.2790,393.1410,-572.4230,1.2040,1.9660,6.6010
2019.48219,2019-06-25,-148.5360,389.7070,-566.9050,1.2250,1.7570,6.4900
2019.48493,2019-06-26,-145.9720,390.7950,-577.5280,1.1950,1.6490,6.3620
2019.48767,2019-06-27,-147.1510,390.5480,-584.4190,1.1430,1.6810,6.2220
2019.49041,2019-06-28,-151.1810,386.3970,-571.1010,1.2070,1.6790,6.2000
2019.49315,2019-06-29,-151.9110,389.6890,-564.1950,1.1580,1.6700,5.8940
2019.49863,2019-07-01,-146.5670,386.6020,-579.7160,1.2240,1.7410,6.5040
2019.50137,2019-07-02,-147.1620,388.6890,-583.1710,1.2250,1.7650,6.4140
2019.50411,2019-07-03,-146.4520,383.2990,-579.5510,1.2210,1.7570,6.3930
2019.50685,2019-07-04,-145.2800,395.4860,-558.1240,1.2880,1.8370,7.0460
2019.50959,2019-07-05,-147.7930,392.3460,-546.2110,1.2310,1.7600,6.4260
2019.51233,2019-07-06,-150.2570,386.1070,-558.3110,1.2730,1.7660,6.7440
2019.51507,2019-07-07,-147.4410,387.2710,-576.8200,1.2280,1.7300,6.4850
2019.51781,2019-07-08,-150.8740,393.6600,-556.7900,1.3330,1.7920,7.0600
2019.52055,2019-07-09,-150.3570,389.2390,-561.9600,1.3110,1.7570,6.9730
2019.52329,2019-07-10,-149.4510,394.6670,-559.9940,1.3590,1.8830,7.0230
2019.52603,2019-07-11,-149.3400,387.1440,-591.1330,1.2440,1.7610,6.8090
2019.52877,2019-07-12,-148.9240,385.7700,-588.8640,1.2580,1.6590,6.8210
2019.53151,2019-07-13,-150.1890,383.2810,-562.3430,1.3010,1.8230,6.6620
2019.53425,2019-07-14,-148.6810,385.5030,-580.7770,1.2750,1.7010,6.7310
2019.53699,2019-07-15,-150.5850,393.1170,-589.6500,1.1860,1.7370,6.3850
2019.53973,2019-07-16,-150.4560,388.0460,-575.8240,1.2360,1.7460,6.5300
2019.54247,2019-07-17,-152.1680,387.7190,-576.4200,1.2250,1.8050,6.5590
2019.54521,2019-07-18,-150.6910,391.9170,-573.4240,1.3280,1.9820,7.4460
2019.54795,2019-07-19,-149.9400,392.8550,-574.2850,1.3070,1.9180,6.8680
2019.55068,2019-07-20,-149.7850,389.1170,-573.2410,1.2600,1.7210,6.7920
2019.55342,2019-07-21,-151.2320,392.4050,-589.2980,1.2590,1.7330,6.7000
2019.55616,2019-07-22,-148.7370,386.3950,-564.9240,1.2310,1.7720,6.7740
2019.55890,2019-07-23,-150.7500,388.5260,-554.9180,1.2780,1.7880,6.9030
2019.56164,2019-07-24,-148.0770,389.1750,-568.2040,1.2660,1.7320,6.7650
2019.56438,2019-07-25,-149.0410,386.6440,-578.8300,1.2220,1.7360,6.6180
2019.56712,2019-07-26,-146.8610,381.6580,-564.4650,1.3240,1.9180,6.5530
2019.56986,2019-07-27,-151.8160,388.1570,-548.2790,1.2330,1.7920,6.4040
2019.57260,2019-07-28,-153.0570,389.3110,-566.7410,1.2420,1.6730,6.3870
2019.57534,2019-07-29,-149.7480,383.1500,-580.0100,1.2560,1.7840,6.3290
2019.57808,2019-07-30,-156.1170,388.1360,-564.0770,1.2050,1.6520,6.5530
2019.58082,2019-07-31,-154.2700,391.6430,-548.9930,1.3530,1.9430,7.3140
2019.58356,2019-08-01,-153.1780,394.2970,-565.2590,1.2240,1.6840,6.3980
2019.58630,2019-08-02,-152.5900,387.9270,-568.9500,1.2510,1.7500,6.6800
2019.58904,2019-08-03,-149.4420,390.4030,-578.8220,1.2610,1.7460,6.7250
2019.59178,2019-08-04,-150.3570,390.0880,-571.4730,1.2180,1.7590,6.2900
2019.59452,2019-08-05,-152.7490,390.0680,-556.4000,1.2760,1.7140,6.7040
2019.59726,2019-08-06,-150.3140,397.5200,-560.5880,1.3060,1.8200,6.8210
2019.60000,2019-08-07,-152.0270,388.5170,-573.7830,1.3080,1.8360,6.7910
2019.60274,2019-08-08,-149.1500,395.1550,-566.1930,1.3390,1.9340,7.1200
2019.60548,2019-08-09,-148.8250,390.4540,-578.2330,1.2820,1.9910,7.0600
2019.60822,2019-08-10,-150.9530,389.1550,-577.5880,1.3490,1.8800,6.9140
2019.61096,2019-08-11,-150.2490,393.6920,-572.4780,1.3270,1.8730,6.9770
2019.61370,2019-08-12,-152.6010,393.3680,-545.1700,1.2950,1.9570,7.1900
2019.61644,2019-08-13,-148.8110,386.8500,-569.1180,1.2970,1.9050,6.9400
2019.61918,2019-08-14,-153.3400,392.5590,-549.4520,1.3570,2.0690,7.1620
2019.62192,2019-08-15,-157.8800,389.8670,-591.9850,1.4110,2.1500,7.7700
2019.62466,2019-08-16,-153.8320,397.3360,-547.8100,1.3220,1.9010,7.3750
2019.62740,2019-08-17,-153.4660,389.1030,-580.2950,1.2800,1.8330,7.0820
2019.63014,2019-08-18,-150.9480,396.1890,-577.4660,1.2200,1.8770,6.7840
2019.63288,2019-08-19,-150.6870,389.9710,-580.8810,1.2170,1.7940,6.4700
2019.63562,2019-08-20,-150.9840,393.0330,-582.4390,1.2110,1.7790,6.5740
2019.63836,2019-08-21,-149.9480,392.8830,-572.5510,1.2150,1.7930,6.5070
2019.64110,2019-08-22,-151.6640,391.9430,-567.8350,1.1920,1.6810,6.3330
2019.64384,2019-08-23,-154.5770,391.8010,-565.5850,1.2680,1.7740,6.7370
2019.64658,2019-08-24,-152.7980,392.5320,-576.3600,1.2600,1.7750,6.9940
2019.64932,2019-08-25,-152.9500,394.3600,-553.4730,1.2330,1.6790,6.6740
2019.65205,2019-08-26,-152.6250,394.3590,-576.6900,1.2060,1.7150,6.4090
2019.65479,2019-08-27,-152.7590,397.2970,-573.2180,1.2020,1.9240,6.6040
2019.65753,2019-08-28,-155.7600,394.5210,-571.8410,1.2310,1.7450,6.4830
2019.66027,2019-08-29,-152.9850,391.5170,-578.3930,1.2420,1.7400,6.2640
2019.66301,2019-08-30,-155.3300,398.0810,-578.1550,1.2460,1.8200,6.3640
2019.66575,2019-08-31,-154.5670,391.2700,-569.8350,1.1710,1.6760,6.1840
2019.66849,2019-09-01,-152.5080,398.8160,-561.6780,1.2120,1.9200,6.7120
2019.67123,2019-09-02,-158.7030,397.2420,-567.9520,1.2350,1.7240,6.6550
2019.67397,2019-09-03,-155.6230,396.3320,-564.7990,1.2300,1.8020,6.5350
2019.67945,2019-09-05,-150.3660,392.0560,-573.9140,1.1930,1.9060,6.5590
2019.68219,2019-09-06,-153.5740,395.6570,-557.0580,1.2970,1.9900,7.2460
2019.68493,2019-09-07,-155.6750,392.4860,-563.8870,1.2620,1.7880,6.8360
2019.68767,2019-09-08,-154.4230,398.6440,-552.2740,1.1730,1.7780,6.5470
2019.69315,2019-09-10,-153.4180,396.6330,-581.2330,1.2290,1.7980,6.7240
2019.69589,2019-09-11,-151.1500,400.1550,-567.0430,1.2010,1.8070,6.5480
2019.69863,2019-09-12,-152.9970,398.3450,-558.8310,1.2030,1.7780,6.6350
2019.70137,2019-09-13,-154.5460,394.1010,-571.0090,1.2390,1.7350,6.6350
2019.70411,2019-09-14,-152.1890,392.3840,-572.0860,1.1930,1.7680,6.5350
2019.70685,2019-09-15,-155.3220,399.8590,-558.9360,1.2050,1.8380,6.7750
2019.70959,2019-09-16,-153.9820,394.2330,-556.5190,1.1960,1.7120,6.4770
2019.71233,2019-09-17,-152.5800,398.5340,-558.1660,1.1790,1.7460,6.4870
2019.71507,2019-09-18,-152.1640,392.7030,-565.6910,1.2150,1.7710,6.4870
2019.71781,2019-09-19,-150.6040,391.5610,-557.6080,1.1970,1.7570,6.5210
2019.72055,2019-09-20,-154.5430,399.1050,-566.9600,1.3600,2.1940,7.8930
2019.72329,2019-09-21,-152.0420,391.5360,-562.3290,1.2490,1.9530,7.0710
2019.72603,2019-09-22,-153.2420,390.8210,-576.4050,1.1910,1.7780,6.6540
2019.72877,2019-09-23,-152.1010,390.5510,-579.3420,1.2070,1.7720,6.5290
2019.73151,2019-09-24,-152.3020,391.4460,-576.9220,1.1740,1.7820,6.4450
2019.73425,2019-09-25,-155.0890,395.2630,-572.1270,1.2260,1.8140,6.6960
2019.73699,2019-09-26,-150.8090,392.1830,-583.5210,1.2040,1.8890,6.6960
2019.73973,2019-09-27,-151.7360,393.8810,-569.2320,1.1900,1.7780,6.5670
2019.74247,2019-09-28,-158.1150,400.6850,-575.7780,1.2720,1.9270,7.1100
2019.74521,2019-09-29,-153.3830,393.1580,-586.6070,1.2400,1.8290,6.6580
2019.74795,2019-09-30,-156.9820,395.6840,-558.0010,1.3150,1.9150,7.0450
2019.75068,2019-10-01,-155.3910,396.7270,-563.5830,1.2850,1.8090,6.7130
2019.75342,2019-10-02,-150.4260,394.3760,-573.3660,1.2820,1.8850,6.7100
2019.75616,2019-10-03,-148.9580,399.9680,-579.5530,1.3780,2.0930,7.4580
2019.75890,2019-10-04,-150.9840,391.5020,-589.3410,1.2640,1.8350,6.9280
2019.76164,2019-10-05,-150.7340,394.2720,-585.2390,1.2790,1.8230,7.0260
2019.76438,2019-10-06,-156.8420,397.2850,-581.7530,1.2190,1.7210,6.4940
2019.76712,2019-10-07,-151.3590,394.3950,-577.7490,1.2220,1.7640,6.3820
2019.76986,2019-10-08,-154.2640,396.3830,-581.4710,1.2790,1.7250,6.8140
2019.77260,2019-10-09,-154.2650,394.5830,-576.8270,1.2580,1.7930,6.8420
2019.77534,2019-10-10,-154.2370,401.6490,-565.4120,1.3510,1.9350,7.0220
2019.77808,2019-10-11,-155.5290,395.5970,-579.2720,1.2570,1.7510,6.8320
2019.78082,2019-10-12,-154.2360,399.2160,-562.3530,1.2420,1.7490,6.5200
2019.78356,2019-10-13,-152.7960,395.3040,-582.7700,1.3050,1.8150,6.7310
2019.78630,2019-10-14,-150.8380,391.6870,-583.4370,1.2610,1.7440,6.7500
2019.78904,2019-10-15,-150.6730,401.3880,-578.1450,1.2540,1.9350,6.8610
2019.79178,2019-10-16,-155.9550,394.5620,-569.7220,1.2920,1.8520,6.8930
2019.79452,2019-10-17,-154.2640,395.3500,-571.4560,1.2830,1.7460,6.8390
2019.79726,2019-10-18,-152.8640,393.0960,-578.4700,1.2800,1.7990,6.9070
2019.80000,2019-10-19,-151.0870,395.0230,-578.6240,1.2920,1.9280,7.0620
2019.80274,2019-10-20,-155.0010,393.0190,-580.7590,1.2560,1.8490,6.7800
2019.80548,2019-10-21,-155.5440,398.1080,-566.8550,1.2710,1.8490,6.8800
2019.80822,2019-10-22,-154.4620,399.8800,-572.2340,1.3250,1.8650,6.9970
2019.81096,2019-10-23,-152.7110,393.4200,-586.4920,1.2560,1.7940,6.8100
2019.81370,2019-10-24,-151.3220,393.2790,-584.2380,1.2740,1.8310,7.0000
2019.81644,2019-10-25,-152.4910,393.8120,-590.1940,1.2440,1.7650,6.5500
2019.81918,2019-10-26,-151.3700,399.9400,-579.5510,1.2750,1.9720,6.9520
2019.82192,2019-10-27,-153.0710,405.4360,-579.5080,1.3290,2.0190,7.2410
2019.82466,2019-10-28,-154.5670,394.1620,-581.4590,1.2600,1.8710,6.8490
2019.82740,2019-10-29,-150.8490,392.2800,-586.2300,1.2880,1.8180,6.8570
2019.83014,2019-10-30,-150.2910,393.4730,-586.4700,1.2440,1.7890,6.6570
2019.83288,2019-10-31,-154.1540,393.7050,-584.3710,1.2890,1.8620,6.7960
2019.83562,2019-11-01,-152.7460,395.2220,-576.8360,1.3330,1.9660,7.0910
2019.83836,2019-11-02,-154.7850,401.4130,-576.8690,1.2910,1.8970,7.1090
2019.84110,2019-11-03,-152.6490,400.0020,-581.6610,1.2780,2.0430,7.0490
2019.84384,2019-11-04,-152.4240,394.6560,-584.0440,1.3340,1.8390,7.2080
2019.84658,2019-11-05,-153.7000,395.3860,-571.7290,1.2890,1.8240,6.9570
2019.84932,2019-11-06,-155.6130,397.2880,-579.8880,1.2550,1.7690,6.5120
2019.85205,2019-11-07,-156.2970,397.3470,-590.7850,1.2860,1.7970,6.7230
2019.85479,2019-11-08,-154.6400,394.7970,-580.9350,1.2510,1.7630,6.7910
2019.85753,2019-11-09,-150.3710,393.6830,-588.9340,1.2290,1.7430,6.6740
2019.86027,2019-11-10,-155.1400,398.8400,-580.3350,1.2750,1.7590,6.4920
2019.86301,2019-11-11,-153.9110,397.3940,-569.6250,1.2720,1.7880,6.7720
2019.86575,2019-11-12,-154.3310,399.7450,-588.5390,1.2830,1.8050,6.6590
2019.86849,2019-11-13,-152.9210,396.0290,-590.6470,1.3120,1.9470,6.9680
2019.87123,2019-11-14,-154.2540,393.6880,-584.7240,1.2550,1.8480,6.8420
2019.87397,2019-11-15,-152.1720,401.8390,-577.3400,1.3330,2.1380,7.0250
2019.87671,2019-11-16,-154.4490,400.8430,-574.2790,1.2670,1.8730,6.7090
2019.87945,2019-11-17,-151.3140,398.4030,-575.7600,1.2390,1.8810,6.7720
2019.88219,2019-11-18,-153.6770,400.6220,-571.7580,1.3360,2.0030,7.1160
2019.88493,2019-11-19,-153.3100,398.9160,-581.0790,1.2480,1.8240,6.6890
2019.88767,2019-11-20,-155.9260,397.5630,-581.3690,1.2290,1.9890,6.7150
2019.89041,2019-11-21,-152.0220,406.4310,-578.7780,1.3200,2.0890,7.2170
2019.89315,2019-11-22,-151.8280,398.4080,-575.6010,1.2720,1.8170,6.7780
2019.89589,2019-11-23,-153.2510,399.4720,-577.6690,1.2210,1.8320,6.5290
2019.89863,2019-11-24,-153.8920,397.3730,-586.2400,1.2040,1.7700,6.4090
2019.90137,2019-11-25,-149.8560,402.0010,-581.8230,1.3550,2.1340,6.9860
2019.90411,2019-11-26,-151.7590,396.5860,-577.0370,1.2680,1.8760,6.8210
2019.90685,2019-11-27,-151.6270,397.1960,-580.3530,1.2640,1.8630,6.8870
2019.90959,2019-11-28,-154.3170,399.9710,-581.1320,1.3050,1.9600,6.9940
2019.91233,2019-11-29,-150.2500,401.6740,-578.3010,1.2830,1.8560,6.8150
2019.91507,2019-11-30,-154.2030,397.0060,-577.7130,1.2780,2.0160,7.2040
2019.91781,2019-12-01,-151.1560,400.3860,-580.9900,1.2930,2.0070,6.9800
2019.92055,2019-12-02,-154.3630,396.7920,-570.9890,1.3450,1.8370,7.3630
2019.92329,2019-12-03,-156.4680,400.4500,-582.0790,1.2230,1.7320,6.6810
2019.92603,2019-12-04,-155.6590,407.7400,-588.6220,1.3510,2.1490,7.5570
2019.92877,2019-12-05,-151.7200,405.1420,-555.5950,1.3780,2.0500,7.4440
2019.93151,2019-12-06,-154.3100,398.3130,-583.5920,1.3670,2.0210,7.4400
2019.93425,2019-12-07,-155.9600,396.7520,-575.1590,1.3040,1.9490,7.1150
2019.93699,2019-12-08,-153.6360,398.2930,-591.5980,1.2420,1.8580,6.9150
2019.93973,2019-12-09,-153.6070,398.4880,-582.8590,1.2350,1.7530,6.4880
2019.94247,2019-12-10,-154.5000,404.6520,-567.6200,1.2440,1.8360,6.5460
2019.94521,2019-12-11,-157.3880,400.7600,-570.3050,1.2450,1.7120,6.5340
2019.94795,2019-12-12,-155.0840,399.8840,-574.3130,1.2430,1.7480,6.4280
2019.95068,2019-12-13,-156.1070,400.8680,-576.8770,1.2880,1.7670,6.9330
2019.95342,2019-12-14,-153.8690,405.4530,-577.3830,1.3120,1.8490,6.9530
2019.95616,2019-12-15,-153.2340,400.4550,-574.3130,1.2710,1.7610,6.7870
2019.95890,2019-12-16,-150.1010,401.3960,-589.0760,1.2550,1.7850,6.6150
2019.96164,2019-12-17,-146.7020,416.7240,-559.2460,1.3080,1.9850,6.7230
2019.96438,2019-12-18,-151.4320,407.5250,-559.1600,1.2990,1.6660,6.9360
2019.96712,2019-12-19,-154.5180,406.9810,-560.8070,1.3590,2.0860,7.4560
2019.96986,2019-12-20,-152.0470,403.3720,-578.0190,1.4110,1.8070,7.2990
2019.97260,2019-12-21,-152.2660,406.0450,-583.0350,1.3590,1.8400,6.8610
2019.97534,2019-12-22,-154.2010,404.5020,-564.1600,1.2620,1.7660,6.6860
2019.97808,2019-12-23,-149.5440,406.3680,-568.4680,1.3080,1.9370,6.8470
2019.98082,2019-12-24,-147.4650,410.4650,-579.8040,1.3150,1.9230,6.9350
2019.98356,2019-12-25,-156.3890,407.5330,-555.7910,1.2370,1.8640,6.5450
2019.98630,2019-12-26,-150.9630,399.5120,-573.8400,1.3420,1.8520,7.2210
2019.98904,2019-12-27,-156.4260,400.1100,-568.2510,1.3320,1.8810,7.0430
2019.99178,2019-12-28,-155.3100,401.8680,-571.9390,1.2590,1.7570,6.7060
2019.99452,2019-12-29,-154.6840,405.3450,-576.1310,1.3720,1.8470,7.3050
2019.99726,2019-12-30,-147.1750,410.6560,-578.8080,1.4780,2.1180,7.5970
2020.00000,2019-12-31,-152.6890,400.0170,-592.7600,1.2580,1.6890,6.7220
2020.00273,2020-01-01,-151.8760,403.5440,-586.9030,1.2740,1.8720,6.9450
2020.00546,2020-01-02,-152.2940,402.2010,-574.5540,1.2430,1.7570,6.5740
2020.00820,2020-01-03,-154.0950,399.5030,-572.9590,1.2840,1.8290,6.4380
2020.01093,2020-01-04,-154.0980,396.6750,-569.7080,1.2960,1.8240,6.8350
2020.01366,2020-01-05,-158.1060,404.3180,-584.6020,1.2690,1.8330,6.6060
2020.01639,2020-01-06,-153.1690,406.7290,-567.0790,1.3170,1.7900,6.7450
2020.01913,2020-01-07,-150.4400,402.9930,-577.8040,1.2940,2.0400,6.8440
2020.02186,2020-01-08,-150.9470,399.8800,-563.4070,1.2990,1.7780,7.1030
2020.02459,2020-01-09,-154.0710,402.3010,-566.1350,1.3250,1.8280,7.0340
2020.02732,2020-01-10,-153.4830,402.4670,-573.6660,1.3260,1.7470,7.0180
2020.03005,2020-01-11,-154.0510,403.2950,-565.8740,1.2820,1.7600,7.0160
2020.03279,2020-01-12,-154.0230,405.2730,-571.2960,1.3000,1.9100,6.9870
2020.03552,2020-01-13,-151.1590,401.4100,-576.8620,1.2740,1.8300,6.7090
2020.03825,2020-01-14,-153.5070,403.2440,-571.0170,1.2480,1.7550,6.6940
2020.04098,2020-01-15,-149.1550,403.4140,-579.7440,1.2310,1.7340,6.3900
2020.04372,2020-01-16,-152.2360,401.4120,-564.9490,1.2930,1.7570,6.6710
2020.04645,2020-01-17,-152.2660,404.0030,-574.1260,1.3620,1.8020,7.1180
2020.04918,2020-01-18,-150.3600,405.8380,-567.2140,1.2920,1.8180,6.4940
2020.05191,2020-01-19,-153.3780,409.7880,-555.3430,1.3010,1.7320,6.8720
2020.05464,2020-01-20,-152.4320,402.6470,-575.5880,1.2690,1.8130,6.5830
2020.05738,2020-01-21,-155.0580,402.0170,-582.9440,1.2600,1.6900,6.5270
2020.06011,2020-01-22,-157.8910,404.8020,-567.9620,1.2440,1.7370,6.4670
2020.06284,2020-01-23,-155.8000,403.8910,-569.9920,1.2800,1.9040,6.8280
2020.06557,2020-01-24,-152.4190,402.3000,-583.1220,1.3100,1.7610,6.7990
2020.06831,2020-01-25,-155.8860,406.7760,-581.9830,1.2780,1.7910,6.7130
2020.07104,2020-01-26,-157.4920,405.5100,-580.0500,1.2640,1.7360,6.5580
2020.07377,2020-01-27,-150.3240,417.0800,-583.4480,1.2670,1.9040,6.8720
2020.07650,2020-01-28,-156.2690,407.7720,-571.6310,1.2980,1.8110,6.9270
2020.07923,2020-01-29,-158.5160,401.9910,-572.0810,1.3220,1.7860,7.0420
2020.08197,2020-01-30,-151.9620,403.7500,-580.1060,1.2800,1.8000,6.9300
2020.08470,2020-01-31,-156.3620,404.2780,-584.7100,1.2200,1.7030,6.3040
2020.08743,2020-02-01,-158.9890,401.6950,-594.8270,1.2430,1.7480,6.6820
2020.09016,2020-02-02,-158.5210,403.7140,-591.1210,1.2320,1.7180,6.4770
2020.09290,2020-02-03,-157.9740,403.2480,-578.2070,1.2520,1.7330,6.4980
2020.09563,2020-02-04,-156.6800,405.1890,-585.7230,1.2590,1.7100,6.7680
2020.09836,2020-02-05,-154.6000,404.7420,-590.5720,1.2920,1.8200,6.7670
2020.10109,2020-02-06,-157.9380,411.5320,-586.4280,1.2660,1.8240,6.5500
2020.10383,2020-02-07,-154.3480,401.2260,-598.7780,1.2890,1.8330,6.9140
2020.10656,2020-02-08,-156.1900,405.0080,-585.2160,1.2500,1.7780,6.7300
2020.10929,2020-02-09,-153.0780,402.5950,-579.4800,1.2490,1.8180,6.4740
2020.11202,2020-02-10,-157.9420,406.3320,-578.3370,1.2430,1.7440,6.6060
2020.11475,2020-02-11,-156.6790,408.9640,-586.6830,1.2410,1.8020,6.6230
2020.11749,2020-02-12,-159.9540,404.5530,-595.9720,1.1960,1.7230,6.2200
2020.12022,2020-02-13,-156.6550,405.5420,-584.2060,1.2670,1.8130,6.5420
2020.12295,2020-02-14,-159.0160,404.9350,-576.9850,1.3520,1.9730,7.1410
2020.12568,2020-02-15,-156.3340,408.4950,-570.5060,1.2630,1.9680,6.5880
2020.12842,2020-02-16,-157.1650,409.6310,-578.5370,1.3270,1.9280,7.1990
2020.13115,2020-02-17,-157.2490,405.8400,-592.2560,1.2830,1.9370,6.8420
2020.13388,2020-02-18,-158.5220,409.4780,-592.2410,1.2550,1.9160,6.5000
2020.13661,2020-02-19,-161.6060,408.8710,-593.3860,1.3160,1.8490,6.6410
2020.13934,2020-02-20,-157.2610,417.6240,-571.7090,1.3550,2.0360,7.1190
2020.14208,2020-02-21,-157.4720,408.6000,-586.6500,1.2550,1.9970,6.7690
2020.14481,2020-02-22,-157.8840,407.3570,-597.3060,1.2670,1.8370,6.6810
2020.14754,2020-02-23,-155.4220,411.0510,-605.1960,1.2920,1.9890,6.6940
2020.15027,2020-02-24,-159.6670,410.5330,-596.2090,1.2790,1.8820,6.8810
2020.15301,2020-02-25,-159.9690,410.7260,-594.0920,1.2980,2.0130,6.8740
2020.15574,2020-02-26,-157.9980,419.7570,-560.8730,1.2640,2.1850,7.1670
2020.15847,2020-02-27,-157.3170,407.5630,-595.9720,1.2440,1.9290,6.8280
2020.16120,2020-02-28,-158.1010,408.1300,-598.8320,1.2670,1.8190,6.7360
2020.16393,2020-02-29,-158.8980,415.4850,-594.0680,1.2340,1.8310,6.6660
2020.16667,2020-03-01,-156.0870,406.4950,-605.6860,1.2780,1.8750,6.8050
2020.16940,2020-03-02,-160.1120,411.3130,-591.5590,1.2310,1.9070,6.6460
2020.17213,2020-03-03,-157.3410,421.6730,-578.3610,1.2370,1.9740,6.6740
2020.17486,2020-03-04,-160.4770,411.7550,-590.8460,1.3310,1.9050,7.1440
2020.17760,2020-03-05,-160.6260,407.1520,-593.1880,1.2670,1.7870,6.7580
2020.18033,2020-03-06,-157.8160,407.8000,-596.1820,1.2770,1.9570,6.8030
2020.18306,2020-03-07,-158.7600,408.7370,-601.4440,1.2140,1.8170,6.6130
2020.18579,2020-03-08,-158.3380,411.1350,-586.0120,1.2420,1.9130,6.4810
2020.18852,2020-03-09,-155.0760,405.9600,-585.7970,1.3540,2.0240,7.3530
2020.19126,2020-03-10,-155.8910,419.5090,-577.6560,1.2960,1.9580,7.1290
2020.19399,2020-03-11,-158.0060,411.5650,-594.2290,1.3080,1.9090,6.8880
2020.19672,2020-03-12,-157.3190,408.7510,-601.5640,1.2500,1.9220,6.6800
2020.19945,2020-03-13,-159.4910,409.8210,-589.6160,1.3000,1.8890,6.6970
2020.20219,2020-03-14,-157.4820,418.7740,-569.3850,1.2880,1.9910,7.0190
2020.20492,2020-03-15,-157.9900,413.6910,-582.2430,1.2940,2.0120,6.8990
2020.20765,2020-03-16,-154.5150,415.9190,-573.7330,1.3050,2.1640,7.1350
2020.21038,2020-03-17,-161.7960,410.6840,-586.1010,1.2340,1.8740,6.7830
2020.21311,2020-03-18,-162.1280,418.2060,-585.6660,1.2450,2.0090,6.8520
2020.21585,2020-03-19,-156.2620,426.3740,-575.6320,1.4420,2.5130,8.2550
2020.21858,2020-03-20,-153.6580,420.4070,-605.5890,1.5060,2.2080,8.3860
2020.22131,2020-03-21,-160.7970,409.2400,-583.3260,1.3230,2.0870,7.3660
2020.22404,2020-03-22,-157.5270,423.8370,-576.7050,1.2880,2.3060,7.2450
2020.22678,2020-03-23,-155.2470,425.1630,-578.3200,1.3280,2.0960,7.0670
2020.22951,2020-03-24,-158.3930,409.9880,-580.4020,1.2860,1.9480,7.0620
2020.23224,2020-03-25,-160.5800,412.5430,-588.9320,1.2660,1.8750,6.8510
2020.23497,2020-03-26,-160.2320,415.7390,-588.9360,1.2660,1.9890,6.8840
2020.23770,2020-03-27,-159.8540,414.4400,-585.1250,1.3190,2.0290,7.1370
2020.24044,2020-03-28,-158.2470,414.4220,-587.3930,1.4120,2.0800,7.5840
2020.24317,2020-03-29,-158.6990,415.4020,-593.6510,1.2950,1.9490,6.7720
2020.24590,2020-03-30,-162.6050,412.7350,-584.8270,1.2880,1.8840,6.8790
2020.24863,2020-03-31,-159.4270,415.2040,-579.8140,1.3310,2.1750,7.4720
2020.25137,2020-04-01,-161.8050,420.5190,-603.9110,1.3750,2.0670,7.5430
2020.25410,2020-04-02,-161.0940,416.3200,-612.3570,1.3920,1.9980,7.3670
2020.25683,2020-04-03,-160.4130,416.7260,-593.2080,1.3950,2.0670,7.5430
2020.25956,2020-04-04,-157.1580,411.6760,-602.3630,1.3400,2.1090,7.4390
2020.26230,2020-04-05,-159.8120,421.5190,-592.4430,1.3450,2.2850,7.3610
2020.26503,2020-04-06,-161.2950,417.6710,-589.9400,1.3090,2.2960,7.4300
2020.26776,2020-04-07,-158.4040,411.0120,-596.0000,1.3520,2.0470,6.8890
2020.27049,2020-04-08,-157.2380,412.4600,-582.0270,1.2890,1.9590,6.9780
2020.27322,2020-04-09,-155.6970,409.1490,-615.2810,1.3190,2.0370,7.0400
2020.27596,2020-04-10,-159.3770,406.8340,-590.2020,1.2590,1.8310,6.7090
2020.27869,2020-04-11,-158.9030,413.7680,-598.5510,1.2700,2.1420,6.9090
2020.28142,2020-04-12,-160.8550,411.9720,-591.0530,1.3990,2.1260,7.5940
2020.28415,2020-04-13,-159.2560,405.3000,-603.5400,1.3980,2.0400,7.4880
2020.28689,2020-04-14,-162.9720,414.7450,-584.5520,1.3750,2.0370,7.2960
2020.28962,2020-04-15,-158.2740,409.0700,-602.5680,1.3190,1.9560,7.1680
2020.29235,2020-04-16,-162.3080,411.7020,-606.8090,1.2810,2.0160,7.0380
2020.29508,2020-04-17,-159.9180,409.3920,-590.1270,1.3060,1.9300,7.2320
2020.29781,2020-04-18,-155.9750,406.6680,-602.1930,1.3320,1.9280,7.3050
2020.30055,2020-04-19,-157.4030,409.7350,-595.5400,1.4340,2.1140,7.9540
2020.30328,2020-04-20,-157.2100,410.5680,-604.9720,1.3110,1.9770,6.9490
2020.30601,2020-04-21,-158.4490,415.1940,-591.0440,1.3170,2.0950,7.4890
2020.30874,2020-04-22,-163.8720,416.3730,-585.3340,1.3740,2.1030,7.4660
2020.31148,2020-04-23,-160.1020,416.9000,-580.8710,1.4340,2.2530,7.8530
2020.31421,2020-04-24,-158.4040,423.3370,-585.1610,1.4320,2.1290,7.6220
2020.31694,2020-04-25,-162.3060,416.9380,-595.4880,1.2990,2.0090,7.0670
2020.31967,2020-04-26,-161.9090,414.2950,-590.7920,1.3090,1.9880,7.2240
2020.32240,2020-04-27,-160.1580,411.2910,-595.7070,1.3120,1.9240,7.2420
2020.32514,2020-04-28,-163.3010,417.0320,-591.2750,1.3180,2.0530,7.2720
2020.32787,2020-04-29,-157.2060,413.5060,-597.3660,1.3220,2.0310,7.1250
2020.33060,2020-04-30,-156.1510,410.6380,-609.6450,1.3150,1.9520,7.0390
2020.33333,2020-05-01,-161.0170,410.0940,-594.2120,1.3420,2.0100,7.1390
2020.33607,2020-05-02,-167.4690,412.9860,-599.0350,1.3530,2.0420,7.6210
2020.33880,2020-05-03,-162.1170,414.6990,-588.2270,1.3750,1.9930,7.3800
2020.34153,2020-05-04,-160.2800,412.6480,-588.5060,1.3760,1.9220,7.4480
2020.34426,2020-05-05,-161.3770,412.3620,-592.0750,1.4380,2.1110,7.8200
2020.34699,2020-05-06,-157.8070,412.4370,-590.8320,1.3410,2.1320,7.4420
2020.34973,2020-05-07,-161.2400,410.3020,-606.2610,1.4150,2.1160,7.6040
2020.35246,2020-05-08,-162.9660,414.4520,-593.8450,1.3960,2.1080,7.8240
2020.35519,2020-05-09,-163.6500,416.8920,-591.4860,1.3310,2.1310,7.1310
2020.35792,2020-05-10,-162.1430,414.7900,-584.9610,1.3640,2.1790,7.3150
2020.36066,2020-05-11,-161.8300,412.8430,-589.5430,1.3810,2.1080,7.3580
2020.36339,2020-05-12,-165.8860,418.1730,-582.9820,1.3810,2.0850,7.6310
2020.36612,2020-05-13,-167.3290,417.1570,-604.6660,1.3920,2.1100,7.4830
2020.36885,2020-05-14,-167.2400,419.4820,-592.6850,1.4170,2.1690,7.6310
2020.37158,2020-05-15,-164.4110,417.1720,-607.2760,1.4170,2.1750,7.7170
2020.37432,2020-05-16,-159.9300,422.7650,-587.3070,1.3810,2.2990,7.6830
2020.37705,2020-05-17,-167.2050,421.4470,-596.4170,1.3990,2.1270,7.6400
2020.37978,2020-05-18,-165.0490,429.4610,-590.1210,1.3180,2.1630,7.6590
2020.38251,2020-05-19,-166.7100,428.4470,-598.8330,1.3850,2.1080,7.7500
2020.39617,2020-05-24,-154.0770,431.2130,-601.4750,1.3960,2.3090,7.9970
2020.39891,2020-05-25,-158.7800,433.5000,-593.5710,1.3270,2.1030,7.6520
2020.40437,2020-05-27,-165.8370,425.8410,-588.4180,1.5170,2.3050,8.6600
2020.41803,2020-06-01,-161.1980,434.7150,-573.0980,1.3160,2.3060,7.5840
2020.42077,2020-06-02,-159.3640,433.8350,-578.2400,1.3410,2.1470,7.7820
2020.42350,2020-06-03,-168.1520,422.6300,-578.2440,1.4030,2.1100,7.8960
2020.42623,2020-06-04,-158.6790,433.4600,-591.2270,1.4830,2.4950,8.2730
2020.43443,2020-06-07,-161.5650,427.4390,-593.9790,1.4870,2.2740,8.4100
2020.44809,2020-06-12,-163.9150,427.6140,-589.2800,1.4090,2.3570,7.5330
2020.48087,2020-06-24,-164.2620,429.3300,-601.9430,1.3780,2.2030,7.6640
2020.48361,2020-06-25,-166.8370,425.8040,-583.1600,1.3170,2.1060,7.5710
2020.50820,2020-07-04,-163.0950,426.6340,-579.6650,1.4190,2.3490,7.5520
2020.51639,2020-07-07,-164.6490,435.2510,-575.5610,1.3960,2.2570,7.6700
2020.52186,2020-07-09,-165.5490,426.8160,-596.9020,1.5720,2.8030,8.5210
2020.52732,2020-07-11,-166.6090,419.7850,-587.8970,1.4680,2.2340,7.9950
2020.53552,2020-07-14,-163.1190,432.4370,-592.4180,1.4700,2.6690,8.5960
2020.53825,2020-07-15,-165.9700,418.5940,-578.9250,1.4570,2.2640,8.0150
2020.54098,2020-07-16,-163.8140,417.5360,-594.5480,1.5490,2.4410,8.4800
2020.54372,2020-07-17,-166.2550,424.1990,-582.1250,1.5600,2.4240,8.4180
2020.54645,2020-07-18,-165.4470,424.3960,-587.2760,1.5000,2.3660,8.2570
2020.54918,2020-07-19,-170.7960,435.5150,-573.9480,1.4830,2.3180,8.2890
2020.55738,2020-07-22,-163.3480,412.9280,-602.3730,1.6070,2.6220,8.7120
2020.56831,2020-07-26,-169.5340,438.5820,-570.8030,1.5570,2.5990,8.6210
2020.57377,2020-07-28,-163.4920,422.9060,-599.0400,1.6140,2.6540,8.6630
2020.58470,2020-08-01,-170.1240,429.9620,-588.6100,1.4640,2.4220,8.0360
2020.58743,2020-08-02,-168.8980,432.3560,-573.0880,1.4810,2.4590,8.1560
2020.59290,2020-08-04,-167.7640,428.4350,-579.9710,1.4820,2.3590,8.0680
2020.59563,2020-08-05,-167.1610,426.9820,-600.7640,1.4970,2.3790,7.9650
2020.59836,2020-08-06,-167.8550,422.0260,-615.6630,1.5020,2.3270,8.2780
2020.60109,2020-08-07,-169.9760,430.4350,-587.9240,1.5290,2.4670,8.3540
2020.60383,2020-08-08,-164.1470,430.5360,-597.0280,1.4750,2.6970,8.2720
2020.60656,2020-08-09,-168.3430,428.1440,-590.4150,1.4830,2.4270,7.8220
2020.61202,2020-08-11,-170.8650,428.6910,-591.8690,1.4070,2.1980,7.6090
2020.61475,2020-08-12,-169.2010,428.7640,-600.8760,1.5830,2.4570,8.7580
2020.61749,2020-08-13,-168.1460,433.5870,-587.1650,1.5600,2.7660,8.8890
2020.62022,2020-08-14,-165.9160,419.2840,-595.6830,1.4780,2.2910,7.7790
2020.62295,2020-08-15,-170.3130,430.9860,-576.1370,1.5160,2.4250,8.3180
2020.62568,2020-08-16,-170.0080,429.7520,-585.9730,1.5030,2.3910,8.0860
2020.62842,2020-08-17,-169.6300,426.3640,-594.0000,1.5600,2.2830,8.1220
2020.63115,2020-08-18,-165.7710,417.6920,-613.7390,1.4830,2.3110,8.1380
2020.63388,2020-08-19,-170.0300,435.3390,-581.6190,1.4860,2.4590,7.8960
2020.63661,2020-08-20,-168.3660,427.7850,-582.0060,1.4640,2.2590,8.0960
2020.63934,2020-08-21,-166.3280,420.2700,-585.5440,1.4720,2.4280,8.0930
2020.64208,2020-08-22,-168.1690,421.7060,-604.0900,1.5040,2.4290,8.2170
2020.64481,2020-08-23,-171.1750,429.2040,-583.7180,1.4570,2.4110,7.9900
2020.64754,2020-08-24,-169.3530,422.5790,-602.5340,1.3840,2.2510,7.7460
2020.65027,2020-08-25,-166.8100,423.2580,-590.9980,1.4610,2.3220,7.9920
2020.65847,2020-08-28,-165.4180,439.4300,-576.0400,1.4050,2.2660,7.8280
2020.66120,2020-08-29,-163.6920,423.8560,-604.9440,1.4450,2.3170,7.5900
2020.66393,2020-08-30,-163.5300,414.1040,-603.5070,1.4780,2.1710,7.8260
2020.66667,2020-08-31,-165.4600,425.6240,-588.7490,1.4340,2.2030,7.5330
2020.66940,2020-09-01,-166.4800,421.7840,-598.9290,1.4240,2.2470,7.9000
2020.67213,2020-09-02,-165.2890,426.4970,-582.0380,1.4380,2.3940,7.9170
2020.67486,2020-09-03,-170.0350,433.3470,-599.9950,1.4370,2.3420,7.5920
2020.67760,2020-09-04,-166.4510,428.9700,-582.3890,1.3330,2.2380,7.4460
2020.68033,2020-09-05,-168.0660,433.3310,-591.0650,1.4740,2.3660,8.5440
2020.68579,2020-09-07,-169.4820,425.2630,-600.1010,1.4800,2.2360,8.2390
2020.68852,2020-09-08,-170.0730,424.8410,-598.1520,1.5120,2.2600,8.4780
2020.69126,2020-09-09,-166.4130,438.4560,-581.6140,1.4390,2.4630,8.1110
2020.69399,2020-09-10,-168.4360,432.9860,-576.3260,1.5940,2.3510,8.7120
2020.69672,2020-09-11,-168.2550,432.5410,-587.4520,1.5010,2.2630,8.6950
2020.69945,2020-09-12,-161.9680,424.4640,-599.3640,1.6040,2.3530,9.0250
2020.70219,2020-09-13,-170.1130,424.0520,-606.3810,1.3810,2.2120,7.7120
2020.70492,2020-09-14,-171.5540,425.9340,-593.5670,1.5520,2.3080,8.4670
2020.71038,2020-09-16,-167.0450,431.1210,-579.5550,1.5710,2.4250,8.6690
2020.71311,2020-09-17,-169.8980,430.5620,-575.7110,1.6320,2.3910,9.0570
2020.71585,2020-09-18,-164.4260,423.5280,-589.4110,1.5600,2.3620,8.0450
2020.71858,2020-09-19,-169.5410,423.1180,-591.9380,1.5640,2.3990,8.6420
2020.72131,2020-09-20,-170.1890,437.3030,-587.4680,1.6170,2.5510,9.2280
2020.72404,2020-09-21,-166.4650,433.5240,-592.8300,1.5780,2.2720,8.2190
2020.72678,2020-09-22,-165.0920,431.3960,-604.2780,1.6260,2.5100,9.0590
2020.72951,2020-09-23,-170.1490,433.2610,-602.7220,1.5700,2.3660,8.7300
2020.74044,2020-09-27,-167.2960,428.3850,-610.4330,1.4700,2.3640,7.9570
2020.74317,2020-09-28,-168.7670,423.9660,-607.2010,1.5280,2.2680,8.3570
2020.74590,2020-09-29,-168.4370,430.5670,-605.2580,1.5000,2.2460,8.1220
2020.74863,2020-09-30,-161.3940,431.7880,-612.4280,1.5450,2.5510,8.5120
2020.75137,2020-10-01,-162.7740,431.8760,-616.4650,1.4980,2.3270,8.2470
2020.75410,2020-10-02,-165.0220,428.4100,-609.5460,1.4770,2.4110,8.3960
2020.75683,2020-10-03,-170.3720,429.1010,-602.9520,1.5400,2.2630,8.2920
2020.75956,2020-10-04,-172.2350,427.2940,-604.8330,1.4710,2.2150,8.1290
2020.76230,2020-10-05,-169.0510,427.5340,-584.9560,1.4750,2.2590,7.8890
2020.76503,2020-10-06,-168.8310,427.3870,-598.1780,1.5000,2.3480,8.0520
2020.76776,2020-10-07,-167.9450,425.6970,-606.7050,1.5050,2.2730,7.8930
2020.77049,2020-10-08,-166.9380,424.7750,-604.9070,1.4730,2.2560,8.1140
2020.77322,2020-10-09,-165.5810,424.8820,-627.8900,1.5900,2.3580,8.6550
2020.77596,2020-10-10,-169.2750,433.0870,-608.4180,1.4830,2.2780,8.2750
2020.77869,2020-10-11,-167.9510,432.3080,-622.7160,1.5150,2.3020,7.9890
2020.78142,2020-10-12,-170.0370,435.4930,-597.7590,1.4960,2.5010,8.0860
2020.78689,2020-10-14,-172.1750,430.8750,-609.5280,1.5080,2.3820,8.4790
2020.78962,2020-10-15,-169.9780,425.9710,-635.2000,1.4360,2.3550,8.0580
2020.79235,2020-10-16,-168.7880,430.7150,-599.5050,1.4830,2.2210,8.2210
2020.79508,2020-10-17,-169.8830,431.3680,-616.7410,1.5250,2.3230,8.3140
2020.79781,2020-10-18,-169.0870,424.3690,-619.9710,1.5140,2.2860,8.1880
2020.80601,2020-10-21,-167.6090,432.1180,-616.4960,1.5270,2.2190,8.1210
2020.80874,2020-10-22,-169.3250,425.0840,-618.6060,1.6840,2.5490,8.8320
2020.81421,2020-10-24,-170.4810,430.2090,-610.8250,1.4470,2.2650,8.0070
2020.81694,2020-10-25,-170.6710,427.5090,-613.2500,1.4500,2.1850,7.7030
2020.81967,2020-10-26,-170.1770,425.1960,-630.8490,1.4940,2.2140,8.1220
2020.82240,2020-10-27,-171.2630,431.7370,-615.2760,1.5120,2.3510,8.2750
2020.82514,2020-10-28,-169.2970,430.6650,-616.1730,1.5330,2.3670,8.5490
2020.83060,2020-10-30,-166.4230,435.3780,-592.8240,1.6050,2.4780,8.7270
2020.83333,2020-10-31,-171.2950,427.1530,-611.8940,1.5920,2.2490,8.4640
2020.83607,2020-11-01,-169.4300,428.4630,-616.9840,1.5470,2.3220,8.5340
2020.83880,2020-11-02,-168.0260,434.7950,-607.3000,1.5990,2.3740,8.4160
2020.84153,2020-11-03,-171.4880,430.3710,-607.1520,1.5070,2.2470,8.3700
2020.84426,2020-11-04,-162.6770,417.3300,-615.9310,1.2760,1.6920,6.7560
2020.84699,2020-11-05,-160.6030,414.1140,-637.7280,1.0380,1.3930,5.3850
2020.84973,2020-11-06,-161.6020,421.0300,-624.9480,1.0480,1.3830,5.4530
2020.85246,2020-11-07,-161.3680,418.4860,-632.1280,1.0420,1.3160,5.3360
2020.85519,2020-11-08,-163.7410,416.1980,-636.3920,1.0250,1.3490,5.3730
2020.85792,2020-11-09,-162.6630,415.9630,-624.1630,1.0340,1.3380,5.3130
2020.86066,2020-11-10,-162.6250,416.7420,-632.0020,1.0530,1.3600,5.4600
2020.86339,2020-11-11,-162.5670,418.3520,-629.6660,1.0570,1.3360,5.4310
2020.86612,2020-11-12,-161.9610,419.9440,-630.4670,1.0740,1.4120,5.5840
2020.86885,2020-11-13,-163.2420,415.2820,-638.2280,1.0780,1.4400,5.6280
2020.87158,2020-11-14,-161.5700,415.5740,-633.5100,1.0370,1.3430,5.4080
2020.89617,2020-11-23,-163.8830,416.5390,-630.9330,1.1810,1.5300,6.0200
2020.89891,2020-11-24,-162.6990,417.6770,-635.8390,1.0790,1.3520,5.5020
2020.90164,2020-11-25,-162.3690,418.9390,-626.3250,1.0010,1.2330,4.9920
2020.90437,2020-11-26,-159.1200,419.5600,-627.2580,1.0450,1.2930,5.1700
2020.90710,2020-11-27,-163.8280,418.7780,-636.5870,1.0090,1.2830,5.1220
2020.90984,2020-11-28,-162.2630,418.7710,-627.2910,1.0420,1.3400,5.2950
2020.91257,2020-11-29,-160.8640,416.1440,-625.9750,1.0580,1.3310,5.3710
2020.91530,2020-11-30,-160.2090,414.5140,-629.2290,1.0350,1.2740,5.2920
2020.91803,2020-12-01,-162.9010,417.5160,-632.4080,1.0150,1.3230,5.2250
2020.92077,2020-12-02,-160.5920,419.0570,-615.2600,1.0220,1.3340,5.2830
2020.92350,2020-12-03,-161.9690,419.1030,-633.1970,1.0470,1.3810,5.5270
2020.92623,2020-12-04,-164.2450,419.9540,-624.7900,1.0450,1.3710,5.5260
2020.92896,2020-12-05,-159.4340,417.2890,-630.2720,1.0310,1.3290,5.3060
2020.93169,2020-12-06,-159.0540,420.9360,-627.3370,1.0060,1.2760,5.1430
2020.93443,2020-12-07,-160.4040,418.4520,-623.8740,1.0130,1.3420,5.2910
2020.93716,2020-12-08,-163.1540,416.8810,-623.3720,1.0160,1.3510,5.3510
2020.93989,2020-12-09,-160.6290,415.6840,-624.0840,1.0260,1.2940,5.1770
2020.94262,2020-12-10,-163.5910,420.0730,-617.2920,1.0120,1.2780,5.1830
2020.94536,2020-12-11,-158.6710,418.7810,-621.4330,1.0120,1.3060,5.1440
2020.94809,2020-12-12,-159.3230,418.0790,-622.4320,1.0390,1.2890,5.2500
2020.95082,2020-12-13,-158.3940,418.2690,-630.1640,1.0070,1.2880,5.1040
2020.95355,2020-12-14,-160.3000,417.6940,-616.3100,1.0280,1.3060,5.3690
2020.95628,2020-12-15,-160.4990,417.4250,-619.7580,1.0200,1.2990,5.2320
2020.95902,2020-12-16,-159.6260,419.1900,-615.0330,1.0290,1.3250,5.3270
2020.96175,2020-12-17,-159.4000,418.1180,-620.8500,1.0010,1.2870,5.1550
2020.96448,2020-12-18,-161.1340,417.8470,-620.9980,1.0270,1.3460,5.4300
2020.96721,2020-12-19,-161.3230,421.2990,-622.7920,1.0330,1.3900,5.4750
2020.96995,2020-12-20,-160.6810,419.4810,-618.5120,1.0080,1.3110,5.1950
2020.97268,2020-12-21,-160.4770,419.3650,-626.7680,1.0080,1.2960,5.2200
2020.97541,2020-12-22,-161.5280,419.8430,-629.4950,0.9950,1.2950,5.0830
2020.97814,2020-12-23,-162.3410,422.2660,-618.5120,1.0500,1.3840,5.5810
2020.98087,2020-12-24,-162.0900,424.3530,-612.5250,1.0310,1.4100,5.4570
2020.98361,2020-12-25,-161.4390,418.7420,-621.2980,1.0050,1.3140,5.2060
2020.98634,2020-12-26,-158.1970,417.9520,-622.6160,0.9850,1.2820,5.0960
2020.98907,2020-12-27,-160.9020,422.7430,-609.3160,1.0250,1.3170,5.2540
2020.99180,2020-12-28,-156.9740,417.5030,-623.3740,1.0000,1.2700,5.1430
2020.99454,2020-12-29,-159.1990,418.0730,-626.9750,0.9830,1.2670,5.0170
2020.99727,2020-12-30,-158.1970,422.0650,-620.0350,1.0170,1.3340,5.4310
2021.00000,2020-12-31,-162.1330,420.3760,-620.3690,0.9820,1.2730,5.1730
2021.00274,2021-01-01,-159.1490,421.6000,-625.2260,0.9980,1.2540,5.1460
2021.00548,2021-01-02,-159.8810,422.1340,-621.9750,0.9810,1.2260,5.0430
2021.00822,2021-01-03,-161.0340,422.2280,-629.4920,0.9900,1.2850,5.1260
2021.01096,2021-01-04,-160.2080,424.9470,-627.1200,0.9870,1.2920,5.1550
2021.01370,2021-01-05,-160.4540,423.4710,-626.0380,0.9900,1.2680,5.0550
2021.01644,2021-01-06,-161.7990,423.3070,-615.7450,0.9830,1.2720,5.1130
2021.01918,2021-01-07,-159.2380,422.4210,-630.4840,1.0170,1.2540,5.1980
2021.02192,2021-01-08,-160.7660,422.4740,-627.9440,1.0000,1.2850,5.2430
2021.02466,2021-01-09,-164.0800,424.9150,-616.9640,0.9850,1.2870,5.0480
2021.02740,2021-01-10,-163.7770,421.3220,-625.4600,0.9830,1.2750,5.0310
2021.03014,2021-01-11,-165.4840,422.5350,-621.2150,0.9940,1.3070,5.2040
2021.03288,2021-01-12,-165.0510,423.4910,-614.4500,0.9910,1.2630,5.0740
2021.03562,2021-01-13,-162.5370,422.5800,-626.1190,0.9700,1.2570,4.9830
2021.03836,2021-01-14,-163.0390,423.9660,-617.9370,1.0250,1.3930,5.4030
2021.04110,2021-01-15,-162.5560,426.3850,-620.3360,0.9910,1.3150,5.1080
2021.04384,2021-01-16,-162.0710,424.1660,-616.6180,0.9860,1.2900,5.1540
2021.04658,2021-01-17,-164.0830,422.9930,-624.5010,1.0060,1.3010,5.2340
2021.04932,2021-01-18,-164.7390,423.5370,-623.8320,0.9800,1.2930,5.0680
2021.05205,2021-01-19,-162.5830,423.6740,-625.1590,0.9680,1.3040,5.0940
2021.05479,2021-01-20,-163.7990,422.2460,-623.6030,1.0540,1.4040,5.4640
2021.05753,2021-01-21,-163.2680,421.1720,-615.3650,1.0010,1.3640,5.2650
2021.06027,2021-01-22,-163.6920,425.1390,-623.0750,1.0090,1.3160,5.2400
2021.06301,2021-01-23,-162.4050,424.3020,-631.3130,0.9790,1.2640,4.9950
2021.06575,2021-01-24,-163.2960,423.2920,-627.4450,0.9910,1.3220,5.2040
2021.06849,2021-01-25,-163.9170,426.0380,-623.9750,1.0080,1.3090,5.2060
2021.07123,2021-01-26,-163.9370,425.3800,-627.1310,1.0020,1.3560,5.2420
2021.07397,2021-01-27,-164.5650,422.5390,-629.7670,1.0000,1.2980,5.1870
2021.07671,2021-01-28,-165.2720,422.0050,-626.6160,1.0070,1.3170,5.2440
2021.07945,2021-01-29,-164.9660,422.6200,-639.2660,0.9930,1.2940,5.0560
2021.08219,2021-01-30,-163.5380,422.1550,-632.5810,0.9870,1.2730,5.0270
2021.08493,2021-01-31,-165.0210,425.1080,-635.9880,0.9760,1.2600,5.0800
2021.08767,2021-02-01,-164.7000,424.5860,-636.2520,0.9840,1.2830,5.0810
2021.09041,2021-02-02,-165.5950,425.3730,-636.1200,1.0120,1.3030,5.1710
2021.09315,2021-02-03,-166.6140,423.1060,-638.7870,0.9800,1.2610,4.9860
2021.09589,2021-02-04,-164.7980,424.3220,-639.0430,1.0000,1.2970,5.1040
2021.09863,2021-02-05,-165.8160,424.4760,-636.2740,1.0470,1.2930,5.2390
2021.10137,2021-02-06,-166.5950,423.6590,-627.2490,1.0180,1.3140,5.3350
2021.10411,2021-02-07,-165.4250,426.8090,-637.0120,1.0030,1.2840,5.1220
2021.10685,2021-02-08,-166.3140,426.2310,-631.2560,1.0000,1.2820,5.1100
2021.10959,2021-02-09,-166.6530,427.4400,-634.5270,1.0100,1.3380,5.2550
2021.11781,2021-02-12,-166.2200,424.4630,-633.1310,0.9710,1.2870,5.0330
2021.12055,2021-02-13,-164.6890,425.0780,-636.4420,0.9920,1.2530,5.0600
2021.12329,2021-02-14,-164.8880,425.9350,-637.4720,0.9730,1.2470,4.9550
2021.12603,2021-02-15,-164.9890,426.5630,-637.0810,0.9920,1.2870,5.0490
2021.12877,2021-02-16,-163.8130,424.6870,-637.0150,0.9740,1.2770,5.0320
2021.13151,2021-02-17,-164.0210,425.7530,-643.0960,0.9770,1.2960,5.0870
2021.15890,2021-02-27,-166.6890,425.9830,-649.3690,1.0450,1.2900,5.4030
2021.16164,2021-02-28,-168.2990,426.0410,-648.1880,1.0080,1.2580,5.1940
2021.16438,2021-03-01,-167.6690,426.0820,-653.9490,0.9960,1.2630,5.1300
2021.16712,2021-03-02,-166.2960,425.9150,-649.7300,0.9970,1.3270,5.2740
2021.16986,2021-03-03,-168.3810,427.3150,-651.3820,0.9880,1.2860,5.0520
2021.17260,2021-03-04,-165.2920,428.8250,-642.5680,0.9590,1.2710,4.9690
2021.17534,2021-03-05,-168.4800,426.2320,-650.6090,0.9930,1.3030,5.2500
2021.17808,2021-03-06,-166.8780,426.3930,-654.8970,0.9850,1.2390,4.9940
2021.18082,2021-03-07,-168.8030,425.2190,-655.8330,1.0050,1.2800,5.1640
2021.18356,2021-03-08,-168.5800,427.6520,-653.4260,1.0330,1.2880,5.1410
2021.18630,2021-03-09,-167.5830,426.5140,-655.4440,0.9830,1.2530,4.9740
2021.19452,2021-03-12,-164.3620,425.1830,-658.8340,1.0100,1.2520,5.1000
2021.19726,2021-03-13,-169.5180,424.4960,-660.9040,1.0280,1.3180,5.1770
2021.21096,2021-03-18,-164.5880,425.2240,-659.8330,1.2100,1.4360,5.9420
2021.21370,2021-03-19,-167.6450,425.3220,-654.9730,1.0090,1.2540,5.0800
2021.21644,2021-03-20,-166.6050,427.7150,-664.2370,1.0070,1.2850,5.1640
2021.21918,2021-03-21,-168.4120,427.1120,-666.0730,1.0050,1.3040,5.1910
2021.22192,2021-03-22,-165.4800,427.8320,-660.7310,0.9810,1.2590,5.0000
2021.22466,2021-03-23,-167.0210,429.3210,-660.1610,1.0070,1.2480,5.0370
2021.22740,2021-03-24,-167.5970,427.6730,-661.4000,1.0520,1.3090,5.3230
2021.23014,2021-03-25,-166.4050,430.2240,-661.7120,0.9730,1.2320,4.9430
2021.23288,2021-03-26,-166.9030,424.6920,-660.5650,0.9900,1.2870,5.0640
2021.23562,2021-03-27,-166.3790,426.1290,-653.7800,0.9700,1.2260,4.8770
2021.23836,2021-03-28,-166.0910,429.3100,-656.3570,0.9650,1.2430,4.8530
2021.24110,2021-03-29,-167.9980,429.9470,-655.2950,0.9800,1.2290,4.9790
2021.24384,2021-03-30,-166.9240,427.3850,-659.1580,1.0130,1.2830,5.1260
2021.24658,2021-03-31,-167.5280,437.1100,-656.3710,1.0010,1.2720,5.1280
2021.24932,2021-04-01,-165.8720,428.5110,-646.2090,1.0420,1.2860,5.2960
2021.25205,2021-04-02,-167.0840,430.6190,-661.8460,0.9970,1.2520,5.0070
2021.25479,2021-04-03,-166.8430,428.6680,-663.9980,1.0010,1.3010,5.2030
2021.25753,2021-04-04,-164.1250,429.1850,-664.3970,1.0280,1.3020,5.3050
2021.26027,2021-04-05,-166.6980,429.6150,-662.6850,1.0020,1.3020,5.2420
2021.26301,2021-04-06,-166.0660,429.3030,-668.9990,1.0230,1.3170,5.3660
2021.26575,2021-04-07,-166.0900,428.5730,-656.6350,0.9760,1.2460,4.9550
2021.26849,2021-04-08,-168.9880,429.6980,-663.2090,1.0370,1.3100,5.3540
2021.27123,2021-04-09,-167.0570,430.2500,-664.5180,1.0300,1.3100,5.3740
2021.27397,2021-04-10,-168.4850,427.1370,-663.4260,0.9650,1.2480,4.9980
2021.27671,2021-04-11,-168.7720,428.7630,-664.7030,0.9650,1.2680,5.0570
2021.27945,2021-04-12,-169.3160,427.5750,-663.9530,1.0330,1.2490,5.1840
2021.28219,2021-04-13,-166.6560,430.2610,-661.4510,1.0170,1.2870,5.1870
2021.28493,2021-04-14,-168.4020,429.7130,-666.9350,1.0230,1.2800,5.1300
2021.28767,2021-04-15,-168.1000,429.3980,-668.5080,1.0010,1.2520,5.0380
2021.29041,2021-04-16,-167.9580,429.2770,-659.8000,1.0090,1.2470,5.0820
2021.29315,2021-04-17,-167.8290,430.9570,-662.4180,1.0310,1.2820,5.2560
2021.29589,2021-04-18,-167.6910,431.3850,-670.7280,1.0360,1.3190,5.3610
2021.29863,2021-04-19,-168.5750,430.4310,-657.5430,1.0600,1.3230,5.3390
2021.30137,2021-04-20,-169.0490,433.2820,-671.4500,1.0260,1.2890,5.1860
2021.30411,2021-04-21,-167.9840,430.1010,-666.0620,1.0510,1.3060,5.2790
2021.30685,2021-04-22,-166.3860,431.2740,-666.1400,1.0720,1.3750,5.4170
2021.30959,2021-04-23,-171.3770,430.5760,-669.9550,1.0730,1.3360,5.4400
2021.31233,2021-04-24,-168.9330,432.0040,-669.0540,0.9760,1.2740,4.9750
2021.31507,2021-04-25,-169.9210,430.4420,-664.3630,1.0010,1.2800,5.1470
2021.31781,2021-04-26,-168.7850,430.3310,-669.3700,0.9850,1.2940,5.1220
2021.32055,2021-04-27,-168.3450,430.0750,-670.3480,0.9960,1.3230,5.0920
2021.32329,2021-04-28,-165.8750,432.7990,-674.6980,1.0040,1.3500,5.2750
2021.32603,2021-04-29,-170.0440,431.8260,-656.2560,0.9790,1.2500,5.0250
2021.32877,2021-04-30,-170.5820,430.0950,-658.6060,0.9920,1.2470,5.0990
2021.33151,2021-05-01,-169.8300,431.1260,-660.1850,1.0020,1.3120,5.1820
2021.33425,2021-05-02,-168.1770,430.3840,-664.3130,1.0100,1.3040,5.1860
2021.33699,2021-05-03,-171.0640,431.5890,-668.5910,0.9780,1.2470,5.0010
2021.33973,2021-05-04,-169.3240,434.9690,-656.9040,0.9670,1.2360,4.9980
2021.34247,2021-05-05,-169.2110,433.7590,-662.1510,0.9850,1.2700,5.0400
2021.34521,2021-05-06,-169.2840,431.9330,-660.5910,1.0040,1.2800,5.0480
2021.34795,2021-05-07,-169.5160,437.1890,-657.4530,0.9800,1.2780,5.1490
2021.35068,2021-05-08,-170.3520,432.2860,-672.8050,0.9860,1.2740,5.1110
2021.35342,2021-05-09,-166.5470,432.9030,-665.2860,0.9810,1.2550,5.0760
2021.35616,2021-05-10,-171.3550,433.9680,-670.2720,0.9730,1.2750,5.0200
2021.35890,2021-05-11,-167.9450,433.3780,-674.8930,1.0030,1.3080,5.2580
2021.36164,2021-05-12,-169.6980,433.8710,-670.2020,0.9710,1.2480,4.9700
2021.36438,2021-05-13,-170.2660,431.9580,-670.9020,0.9740,1.2510,5.0460
2021.36712,2021-05-14,-171.1980,431.2650,-673.3430,1.0090,1.3100,5.2350
2021.36986,2021-05-15,-168.4250,433.2260,-672.9560,0.9910,1.2960,5.2640
2021.37260,2021-05-16,-172.1730,431.4180,-684.6230,0.9840,1.2810,5.1670
2021.37534,2021-05-17,-171.4780,431.7490,-675.5680,0.9730,1.3010,5.1750
2021.37808,2021-05-18,-170.0360,432.7390,-667.6490,0.9920,1.3060,5.2350
2021.38082,2021-05-19,-169.7980,433.3800,-671.1030,1.0080,1.3600,5.3030
2021.38356,2021-05-20,-168.7830,432.3860,-669.7820,1.0610,1.4300,5.7540
2021.38630,2021-05-21,-169.7970,432.0450,-678.5120,1.0060,1.2850,5.2020
2021.38904,2021-05-22,-170.8060,434.6090,-671.0450,0.9950,1.3320,5.4260
2021.39178,2021-05-23,-170.6470,433.9320,-687.0570,1.0100,1.3290,5.3660
2021.40000,2021-05-26,-170.2230,438.6150,-666.3510,1.1120,1.5180,6.1300
2021.40274,2021-05-27,-172.5230,435.6440,-688.6620,0.9840,1.3000,5.1060
2021.40548,2021-05-28,-171.1840,433.3440,-688.7170,1.0190,1.3990,5.5710
2021.40822,2021-05-29,-169.6100,433.4770,-678.8210,1.0220,1.3420,5.3960
2021.41096,2021-05-30,-169.4820,435.3880,-678.9520,1.0830,1.4540,5.8270
2021.41370,2021-05-31,-170.0050,434.4340,-683.5510,1.0130,1.3230,5.2600
2021.41644,2021-06-01,-171.8000,436.7430,-677.1710,1.0040,1.3580,5.3780
2021.41918,2021-06-02,-170.6360,434.9700,-690.6420,1.0010,1.2940,5.1790
2021.42192,2021-06-03,-170.7030,435.5930,-683.0340,1.0090,1.3140,5.2500
2021.42466,2021-06-04,-166.5690,436.1360,-679.7080,1.0400,1.3340,5.3210
2021.42740,2021-06-05,-174.2420,437.9290,-681.7130,1.0540,1.4110,5.7060
2021.43014,2021-06-06,-170.7540,438.1860,-682.3560,1.0200,1.3520,5.3830
2021.43288,2021-06-07,-167.3730,438.2310,-682.2710,0.9890,1.3020,5.1520
2021.43562,2021-06-08,-168.2650,434.5200,-676.8300,1.0090,1.3360,5.3330
2021.43836,2021-06-09,-168.1240,436.7820,-678.7060,1.0160,1.3280,5.3250
2021.44384,2021-06-11,-168.4050,434.5120,-681.3170,1.3260,1.7720,6.6210
2021.44658,2021-06-12,-167.8860,432.9230,-669.3530,1.0230,1.3380,5.2760
2021.44932,2021-06-13,-169.3030,435.3240,-674.0030,1.0110,1.3390,5.2660
2021.45205,2021-06-14,-166.8240,434.1500,-672.9720,1.0190,1.3460,5.3350
2021.45479,2021-06-15,-169.7400,435.2420,-672.5990,1.0570,1.3270,5.3970
2021.45753,2021-06-16,-168.8710,435.9940,-673.4050,1.0480,1.3600,5.5030
2021.46027,2021-06-17,-170.4070,437.4910,-667.2270,1.0180,1.3470,5.3910
2021.46301,2021-06-18,-169.5850,435.6640,-666.5120,1.0370,1.3360,5.3540
2021.46575,2021-06-19,-169.7860,440.6300,-670.6860,1.1050,1.4550,5.8340
2021.46849,2021-06-20,-165.6490,437.0500,-671.3050,1.0580,1.3230,5.4600
2021.47123,2021-06-21,-168.2110,436.2610,-659.9580,1.0930,1.4500,5.7670
2021.47397,2021-06-22,-170.1830,435.5440,-664.2980,1.0000,1.2750,5.0860
2021.47671,2021-06-23,-167.5680,433.6790,-668.2180,1.0110,1.3310,5.3380
2021.47945,2021-06-24,-171.7650,433.9340,-659.9970,1.0270,1.3220,5.2750
2021.48219,2021-06-25,-171.5650,435.0040,-669.8880,1.0530,1.3570,5.5390
2021.48493,2021-06-26,-170.2660,433.7670,-668.1600,1.0120,1.3260,5.3140
2021.48767,2021-06-27,-171.1830,434.6000,-656.3010,1.0570,1.4030,5.6980
2021.49041,2021-06-28,-171.4900,433.5780,-681.9670,1.0300,1.2840,5.2360
2021.49315,2021-06-29,-168.6220,433.3690,-669.5640,1.0060,1.2630,5.0820
2021.49589,2021-06-30,-167.6230,432.6580,-671.5780,1.0080,1.3090,5.1510
2021.49863,2021-07-01,-168.1350,433.0560,-668.8870,1.0550,1.3610,5.5610
2021.50137,2021-07-02,-169.6370,431.8840,-672.1080,1.0470,1.2790,5.3460
2021.50411,2021-07-03,-169.7390,439.4070,-662.9140,1.0890,1.4100,5.8390
2021.50685,2021-07-04,-165.9500,435.8800,-663.3500,1.0620,1.4530,5.8240
2021.50959,2021-07-05,-168.7590,436.8680,-675.8450,1.0190,1.3190,5.3380
2021.51233,2021-07-06,-170.0700,434.9420,-671.5780,1.0200,1.3120,5.2980
2021.51507,2021-07-07,-168.8770,435.4030,-656.0490,1.0520,1.3170,5.4480
2021.51781,2021-07-08,-168.5360,436.3380,-663.0390,1.0290,1.3290,5.3890
2021.52055,2021-07-09,-167.7580,435.2480,-645.4240,1.0900,1.4060,5.8100
2021.52329,2021-07-10,-169.5350,435.5630,-645.1300,1.0540,1.3190,5.3600
2021.52603,2021-07-11,-170.4770,434.8050,-658.6670,1.0520,1.3330,5.5210
2021.52877,2021-07-12,-170.7200,431.1090,-659.7070,1.0230,1.3000,5.2480
2021.53151,2021-07-13,-169.4250,433.4050,-671.9390,1.0350,1.3150,5.3490
2021.53425,2021-07-14,-169.3000,435.0260,-664.6730,1.0510,1.3620,5.6580
2021.53699,2021-07-15,-170.1750,432.9330,-657.9310,1.0330,1.3820,5.3890
2021.53973,2021-07-16,-171.0590,438.8890,-660.9690,1.1120,1.5020,5.7120
2021.54247,2021-07-17,-169.4780,443.0860,-668.8350,1.0810,1.3280,5.3510
2021.54521,2021-07-18,-169.5180,437.6100,-665.2090,1.0460,1.3530,5.4460
2021.54795,2021-07-19,-171.2340,440.8020,-665.8640,1.0290,1.3120,5.2690
2021.55068,2021-07-20,-168.5330,437.8100,-667.7020,1.0680,1.3490,5.4160
2021.55342,2021-07-21,-174.2940,435.7530,-653.6450,1.1560,1.4880,6.4140
2021.55616,2021-07-22,-171.8440,442.0190,-651.2490,1.1250,1.5060,6.2760
2021.55890,2021-07-23,-169.6620,441.8050,-667.3130,1.0860,1.4120,5.7780
2021.56164,2021-07-24,-171.0080,439.7520,-670.6070,1.0090,1.3000,5.3090
2021.56438,2021-07-25,-172.4650,440.9560,-654.9810,1.0170,1.3250,5.3520
2021.56712,2021-07-26,-173.1660,440.7120,-665.1100,1.0200,1.3150,5.3470
2021.56986,2021-07-27,-172.4450,441.5590,-673.9740,1.0340,1.3310,5.3920
2021.57260,2021-07-28,-173.7480,440.4280,-660.5260,1.0400,1.3770,5.5790
2021.57534,2021-07-29,-172.1020,437.9650,-674.0390,1.0280,1.3090,5.3230
2021.57808,2021-07-30,-170.9310,442.1970,-660.9600,1.0970,1.3810,5.9250
2021.58082,2021-07-31,-172.5520,439.7550,-670.4390,1.0600,1.3140,5.4040
2021.58356,2021-08-01,-170.1950,443.3050,-656.5770,1.1120,1.4340,6.1520
2021.58630,2021-08-02,-172.3200,435.9650,-665.7380,1.0740,1.3890,5.7230
2021.58904,2021-08-03,-170.2330,438.5560,-662.9720,1.0780,1.3830,5.7060
2021.59178,2021-08-04,-174.1730,441.9140,-663.6000,1.0340,1.3490,5.3720
2021.59452,2021-08-05,-177.9630,440.6600,-660.2060,1.1490,1.4150,6.2020
2021.59726,2021-08-06,-169.9280,445.5940,-663.0600,1.1460,1.3860,5.9290
2021.60000,2021-08-07,-171.8340,440.5170,-671.2310,1.0700,1.3460,5.5400
2021.60274,2021-08-08,-172.8930,437.5140,-675.4040,1.0830,1.3660,5.6750
2021.60548,2021-08-09,-171.4790,439.2530,-664.2370,1.0580,1.3030,5.4430
2021.60822,2021-08-10,-171.2440,442.7440,-669.1360,1.0640,1.3550,5.5280
2021.61096,2021-08-11,-172.3310,441.1240,-673.6360,1.0830,1.3960,5.8410
2021.61370,2021-08-12,-172.2700,441.8660,-669.3730,1.0520,1.3150,5.6170
2021.61644,2021-08-13,-172.5200,440.1870,-664.9860,1.0570,1.2880,5.3680
2021.61918,2021-08-14,-173.2750,445.7210,-666.4910,1.0810,1.3480,5.6570
2021.62192,2021-08-15,-172.2770,441.5120,-656.3220,1.0670,1.3460,5.5930
2021.62466,2021-08-16,-174.1170,440.0850,-667.9900,1.0850,1.3090,5.5750
2021.62740,2021-08-17,-169.3650,440.0580,-678.1930,1.0490,1.3120,5.4490
2021.63014,2021-08-18,-174.3990,437.7130,-661.7850,1.0720,1.3570,5.6340
2021.63288,2021-08-19,-169.8190,438.2040,-672.6100,1.0800,1.3510,5.6860
2021.63562,2021-08-20,-172.1880,441.2780,-668.7630,1.0460,1.2700,5.2600
2021.63836,2021-08-21,-172.6630,439.1410,-653.3770,1.1530,1.3080,5.7640
2021.64110,2021-08-22,-172.7820,441.0670,-657.5710,1.0980,1.3060,5.6730
2021.64384,2021-08-23,-173.9750,439.9360,-665.2440,1.0880,1.3220,5.6350
2021.64658,2021-08-24,-173.0590,444.9480,-660.5950,1.0660,1.3080,5.5090
2021.64932,2021-08-25,-170.2670,443.5400,-665.2900,1.1260,1.3250,5.7220
2021.65205,2021-08-26,-170.3940,440.8420,-677.2200,1.0860,1.3300,5.6240
2021.65479,2021-08-27,-173.0960,442.9930,-668.8330,1.0350,1.3300,5.4900
2021.65753,2021-08-28,-173.2980,440.5410,-649.0990,1.1080,1.3480,5.6850
2021.66027,2021-08-29,-174.2910,441.0840,-670.2710,1.0490,1.3120,5.4720
2021.66301,2021-08-30,-172.5930,440.7960,-678.4060,1.0410,1.2880,5.3410
2021.66575,2021-08-31,-171.7890,446.8770,-674.7860,1.0330,1.3110,5.3960
2021.66849,2021-09-01,-176.4700,440.6650,-668.6770,1.0360,1.2780,5.2630
2021.67123,2021-09-02,-172.5430,441.7780,-676.9280,1.1010,1.3190,5.7330
2021.67397,2021-09-03,-175.5970,440.5540,-659.6050,1.1760,1.3660,6.0900
2021.67671,2021-09-04,-172.3020,443.2330,-655.1510,1.1050,1.3800,5.8070
2021.67945,2021-09-05,-169.8580,440.7470,-666.7070,1.1100,1.4170,5.8980
2021.68219,2021-09-06,-172.7050,441.8600,-673.2260,1.0320,1.2910,5.3750
2021.68493,2021-09-07,-171.1720,439.1740,-689.7740,1.0780,1.3690,5.8070
2021.68767,2021-09-08,-173.5610,442.8620,-672.7770,1.0640,1.3420,5.7420
2021.69041,2021-09-09,-172.7990,442.2290,-672.0580,1.0190,1.2950,5.3740
2021.69315,2021-09-10,-174.9660,442.8100,-681.1680,1.0270,1.2870,5.3510
2021.69589,2021-09-11,-171.4250,442.1800,-661.7770,1.0370,1.3270,5.5560
2021.69863,2021-09-12,-170.5850,445.1070,-674.6390,1.0730,1.3790,5.9100
2021.70137,2021-09-13,-171.8280,443.9010,-672.3910,1.0480,1.3330,5.4780
2021.70411,2021-09-14,-171.1690,445.0020,-684.3570,1.0580,1.3140,5.5100
2021.70685,2021-09-15,-171.7770,444.9820,-676.3300,1.0750,1.3240,5.6210
2021.70959,2021-09-16,-175.7830,439.3350,-665.6270,1.0820,1.3310,5.5350
2021.73151,2021-09-24,-175.1100,441.4060,-683.9320,1.1440,1.4250,6.0380
2021.73425,2021-09-25,-174.4560,441.8310,-682.8610,1.0520,1.3570,5.5930
2021.73699,2021-09-26,-172.4580,441.1300,-677.8980,1.0400,1.3150,5.4640
2021.73973,2021-09-27,-173.4990,443.3970,-675.7320,1.0260,1.2680,5.3980
2021.74247,2021-09-28,-171.2170,444.5800,-687.6630,1.0160,1.2620,5.3060
2021.74795,2021-09-30,-172.7810,449.7560,-672.5680,1.1800,1.5170,6.1730
2021.75068,2021-10-01,-173.4240,441.7990,-688.3090,1.0510,1.3500,5.4770
2021.75342,2021-10-02,-172.8650,439.2610,-666.9850,1.0890,1.3560,5.8000
2021.75616,2021-10-03,-175.1410,441.6140,-682.4520,1.0460,1.2870,5.3710
2021.75890,2021-10-04,-174.3940,441.8030,-680.5160,1.0290,1.2660,5.3230
2021.76164,2021-10-05,-170.4730,442.4250,-680.9160,1.0660,1.3380,5.6140
2021.76438,2021-10-06,-171.7860,444.9730,-690.9440,1.0450,1.3000,5.4110
2021.76712,2021-10-07,-175.6460,444.3110,-692.4410,1.0080,1.2770,5.3000
2021.76986,2021-10-08,-172.8730,442.2570,-671.1190,1.0360,1.2940,5.4700
2021.77260,2021-10-09,-173.7840,446.2130,-686.8540,1.0530,1.3580,5.5480
2021.77534,2021-10-10,-175.0610,441.6130,-703.2280,1.0580,1.3580,5.6200
2021.77808,2021-10-11,-175.4140,444.6090,-680.7800,1.0540,1.3870,5.7950
2021.78082,2021-10-12,-173.4960,438.1670,-680.5810,1.1150,1.3240,5.6400
2021.78356,2021-10-13,-173.7870,448.1610,-678.1120,1.0580,1.3220,5.5380
2021.78630,2021-10-14,-174.3290,447.4870,-689.4570,1.0550,1.2990,5.4320
2021.78904,2021-10-15,-176.4500,447.1780,-686.2880,1.0790,1.2950,5.4740
2021.79178,2021-10-16,-173.9270,444.6540,-696.9010,1.0910,1.3510,5.7530
2021.79452,2021-10-17,-174.8870,446.5420,-677.8150,1.0520,1.3230,5.5170
2021.79726,2021-10-18,-178.2150,444.5360,-694.8390,1.0110,1.2580,5.1750
2021.80000,2021-10-19,-173.4940,444.3950,-690.5550,1.0410,1.3110,5.4320
2021.80274,2021-10-20,-173.0950,444.7060,-686.7770,1.0560,1.3160,5.3980
2021.80548,2021-10-21,-175.3170,443.5820,-675.1000,1.0860,1.3810,5.8140
2021.80822,2021-10-22,-178.0600,444.0560,-689.0220,1.0130,1.3030,5.3320
2021.81096,2021-10-23,-174.4560,443.9240,-685.7700,1.0180,1.2850,5.2610
2021.81370,2021-10-24,-175.9850,445.7210,-687.9470,1.0660,1.3700,5.5690
2021.81644,2021-10-25,-177.5980,445.5300,-680.3740,1.0260,1.2980,5.4100
2021.81918,2021-10-26,-175.2960,446.9250,-685.4500,1.0470,1.2870,5.3230
2021.82192,2021-10-27,-176.4260,443.9570,-692.5480,1.0300,1.2780,5.1890
2021.82466,2021-10-28,-174.5560,442.6350,-689.9960,1.0230,1.2730,5.1960
2021.82740,2021-10-29,-175.0110,445.5540,-686.1840,1.0280,1.3040,5.2480
2021.83014,2021-10-30,-178.3460,447.0550,-682.5860,1.0380,1.3070,5.4050
2021.83288,2021-10-31,-176.7470,445.4690,-681.4100,1.0590,1.3200,5.3780
2021.83562,2021-11-01,-174.9050,446.4650,-689.3900,1.0530,1.2910,5.3620
2021.83836,2021-11-02,-174.2810,445.3600,-695.1180,1.0280,1.2950,5.2800
2021.84110,2021-11-03,-174.3150,442.7940,-688.6560,1.0200,1.2880,5.2440
2021.84384,2021-11-04,-174.6900,445.9830,-683.1750,1.0430,1.3100,5.3850
2021.84658,2021-11-05,-177.0170,447.1930,-675.8360,1.0260,1.2880,5.2530
2021.84932,2021-11-06,-174.2650,443.2500,-691.8790,1.0240,1.2710,5.2290
2021.85205,2021-11-07,-175.4090,448.0390,-685.6540,1.0200,1.2860,5.1720
2021.85479,2021-11-08,-175.9080,444.7130,-695.8130,1.0630,1.3990,5.7370
2021.85753,2021-11-09,-175.4250,445.9280,-685.1500,1.0210,1.2530,5.1980
2021.86027,2021-11-10,-177.1980,447.0320,-672.7540,1.0470,1.3380,5.6220
2021.86301,2021-11-11,-176.6880,448.0700,-687.3780,1.0180,1.2610,5.1920
2021.86575,2021-11-12,-176.6260,447.7840,-689.6650,1.0580,1.3270,5.4260
2021.86849,2021-11-13,-176.4610,444.4140,-674.5980,1.0740,1.3550,5.6720
2021.87123,2021-11-14,-177.5240,444.7190,-677.7190,1.0410,1.3270,5.4650
2021.87397,2021-11-15,-176.2290,444.9700,-683.9480,1.0540,1.3510,5.4740
2021.87671,2021-11-16,-174.0310,445.6460,-689.7280,1.0640,1.3220,5.5320
2021.87945,2021-11-17,-174.1440,445.9400,-682.5900,1.0570,1.3520,5.5640
2021.88219,2021-11-18,-174.2140,446.6110,-683.4560,1.0740,1.3490,5.6390
2021.88493,2021-11-19,-176.3530,448.0640,-675.2200,1.0670,1.3860,5.7680
2021.88767,2021-11-20,-174.7420,447.1010,-686.0120,1.0300,1.3070,5.3570
2021.89041,2021-11-21,-174.2340,445.0590,-678.8620,1.0160,1.3110,5.3610
2021.89315,2021-11-22,-174.4870,447.6490,-682.5390,1.0710,1.3900,5.9130
2021.89589,2021-11-23,-177.3070,443.8510,-679.9650,1.0510,1.3730,5.7360
2021.89863,2021-11-24,-176.2060,445.3560,-679.1060,1.0440,1.2590,5.3370
2021.90137,2021-11-25,-175.0030,446.9770,-683.9020,1.0450,1.3240,5.4870
2021.90411,2021-11-26,-174.8630,445.3440,-690.3440,1.0470,1.3120,5.4580
2021.90685,2021-11-27,-174.7610,442.0990,-690.7870,1.0200,1.2850,5.2390
2021.90959,2021-11-28,-176.3950,443.8780,-695.0560,1.0460,1.3230,5.4480
2021.91233,2021-11-29,-173.9410,444.8630,-693.2370,1.0540,1.3340,5.4870
2021.91507,2021-11-30,-174.0060,450.3400,-682.6480,1.0910,1.4200,6.1820
2021.91781,2021-12-01,-174.5500,444.3610,-681.8380,1.0540,1.3560,5.7770
2021.92055,2021-12-02,-174.9820,444.4310,-686.2550,1.0630,1.3620,5.7430
2021.92329,2021-12-03,-174.6600,445.8150,-693.6570,1.0970,1.4560,6.0610
2021.92603,2021-12-04,-174.9710,443.7160,-695.6900,1.0540,1.3530,5.5840
2021.92877,2021-12-05,-173.0780,442.5820,-686.0180,1.0380,1.3270,5.4450
2021.93151,2021-12-06,-175.0900,445.9260,-684.4640,1.0460,1.3710,5.7290
2021.93425,2021-12-07,-175.2000,446.5910,-685.4030,1.0640,1.3510,5.5770
2021.93699,2021-12-08,-174.8970,445.1580,-685.9100,1.0670,1.3750,5.5950
2021.93973,2021-12-09,-176.8260,448.0460,-691.3120,1.0850,1.3740,5.5950
2021.94247,2021-12-10,-178.1870,450.8150,-683.4980,1.1340,1.4180,5.8800
2021.94521,2021-12-11,-176.6340,445.6910,-681.3460,1.0300,1.3010,5.3890
2021.94795,2021-12-12,-176.3360,447.4590,-669.6660,1.0730,1.3760,5.8100
2021.95068,2021-12-13,-176.1280,447.4470,-684.4120,1.0440,1.3500,5.5860
2021.95342,2021-12-14,-174.5460,448.7680,-682.5890,1.0480,1.3310,5.4450
2021.95616,2021-12-15,-177.4380,446.5740,-678.0700,1.0990,1.3840,5.9120
2021.95890,2021-12-16,-175.7500,449.5440,-674.4150,1.0980,1.3810,5.9140
2021.96164,2021-12-17,-173.9610,450.0650,-677.3620,1.1480,1.4510,6.3610
2021.96438,2021-12-18,-174.2350,449.5590,-680.3520,1.1170,1.4090,6.0860
2021.96712,2021-12-19,-175.0770,451.1140,-680.1490,1.0920,1.3770,5.8130
2021.96986,2021-12-20,-174.1960,450.4830,-677.6060,1.1130,1.3680,5.9700
2021.97260,2021-12-21,-173.8180,450.6490,-680.5100,1.1000,1.3900,5.9710
2021.97534,2021-12-22,-175.3230,448.6750,-677.4510,1.0970,1.3570,5.9600
2021.97808,2021-12-23,-175.5510,453.8960,-674.4700,1.0730,1.3370,5.7220
2021.98082,2021-12-24,-173.9670,450.0480,-678.9120,1.1220,1.3900,5.9050
2021.98356,2021-12-25,-173.1990,449.8290,-684.8130,1.1560,1.4300,6.3230
2021.98630,2021-12-26,-172.8030,452.8510,-685.0310,1.0980,1.3720,5.9170
2021.98904,2021-12-27,-175.2850,450.1480,-675.0720,1.1350,1.4000,6.1560
2021.99178,2021-12-28,-174.8170,451.2550,-673.2380,1.0670,1.3370,5.6300
2021.99452,2021-12-29,-174.7950,447.8620,-684.1360,1.0410,1.3010,5.3230
2021.99726,2021-12-30,-177.5570,449.7500,-677.3490,1.1030,1.3980,5.8830
2022.00000,2021-12-31,-177.3840,448.7370,-676.5750,1.0740,1.3640,5.7020
2022.00274,2022-01-01,-176.4430,450.5500,-675.4810,1.0760,1.3880,5.7840
2022.00548,2022-01-02,-175.5130,451.9480,-669.9660,1.0690,1.3890,5.7150
2022.00822,2022-01-03,-175.8140,453.5970,-675.1420,1.0640,1.3750,5.6600
2022.01096,2022-01-04,-174.1380,450.4020,-683.6410,1.0680,1.3630,5.7560
2022.01370,2022-01-05,-176.2940,450.8210,-675.8930,1.1060,1.4010,5.9830
2022.01644,2022-01-06,-176.0320,450.8720,-671.3530,1.1000,1.4230,6.0480
2022.01918,2022-01-07,-171.8250,449.4150,-691.5490,1.0920,1.4470,6.1160
2022.02192,2022-01-08,-173.8600,450.2370,-674.6490,1.0950,1.3730,5.8580
2022.02466,2022-01-09,-175.7150,451.1320,-677.6290,1.1600,1.4710,6.2160
2022.02740,2022-01-10,-175.4540,450.4100,-673.4080,1.0910,1.3630,5.7640
2022.03014,2022-01-11,-178.3550,450.2480,-679.9600,1.1210,1.4340,6.0790
2022.03288,2022-01-12,-178.3280,450.1700,-675.4810,1.0510,1.3560,5.5890
2022.03562,2022-01-13,-177.6250,451.7710,-671.8410,1.1070,1.4710,6.1570
2022.03836,2022-01-14,-176.5350,452.6010,-685.4250,1.0610,1.3700,5.6250
2022.04110,2022-01-15,-177.9780,449.8850,-682.8050,1.1230,1.4600,5.8720
2022.04384,2022-01-16,-177.0730,450.9870,-682.5040,1.0800,1.4050,5.9320
2022.04658,2022-01-17,-176.1760,451.7380,-683.8250,1.1110,1.4170,6.0200
2022.04932,2022-01-18,-177.0600,457.3750,-669.7580,1.1030,1.4010,6.0510
2022.05205,2022-01-19,-176.2020,452.1450,-686.8480,1.0630,1.3670,5.6620
2022.05479,2022-01-20,-179.5140,453.7760,-687.7000,1.0760,1.4060,5.8020
2022.05753,2022-01-21,-179.2180,451.3480,-684.9880,1.0890,1.4180,5.8800
2022.06027,2022-01-22,-177.9850,449.9590,-674.9750,1.0770,1.4000,5.7370
2022.06301,2022-01-23,-176.8030,451.6530,-684.3410,1.0740,1.3880,5.7550
2022.06575,2022-01-24,-175.7280,454.0690,-676.5840,1.0800,1.3730,5.7680
2022.06849,2022-01-25,-175.4300,451.6850,-688.1500,1.0590,1.3760,5.6860
2022.07123,2022-01-26,-178.7120,453.9060,-680.6770,1.0670,1.3980,5.8080
2022.07397,2022-01-27,-178.3210,453.0880,-679.4130,1.0530,1.3650,5.6350
2022.07671,2022-01-28,-177.9630,456.0020,-680.4850,1.0510,1.3740,5.6160
2022.07945,2022-01-29,-179.4740,454.9010,-670.6000,1.0670,1.4480,5.7710
2022.08219,2022-01-30,-177.5180,454.2340,-690.2590,1.0510,1.4000,5.7790
2022.08493,2022-01-31,-176.3760,451.9180,-690.2310,1.1000,1.3950,5.8770
2022.08767,2022-02-01,-178.1530,450.5790,-686.1710,1.0610,1.3790,5.7240
2022.09041,2022-02-02,-177.3040,451.0400,-683.2770,1.0310,1.3560,5.5320
2022.09315,2022-02-03,-181.3260,454.6690,-682.4940,1.0620,1.3920,5.7790
2022.09589,2022-02-04,-178.9040,453.4640,-687.5820,1.0580,1.4030,5.7630
2022.09863,2022-02-05,-179.9500,452.8700,-688.9870,1.0370,1.3700,5.5920
2022.10137,2022-02-06,-176.6260,453.4880,-695.5910,1.0940,1.3930,5.9500
2022.10411,2022-02-07,-177.6840,453.7980,-685.8280,1.0900,1.4080,5.8500
2022.10685,2022-02-08,-179.8310,454.8920,-691.1650,1.1280,1.4250,5.9710
2022.10959,2022-02-09,-178.5480,454.7970,-692.4930,1.1050,1.3980,5.9840
2022.11233,2022-02-10,-179.9060,454.8810,-691.7630,1.0360,1.3540,5.6070
2022.11507,2022-02-11,-181.0440,452.2890,-695.9370,1.0460,1.3690,5.6770
2022.11781,2022-02-12,-178.6120,451.6900,-698.1920,1.0520,1.3470,5.6600
2022.12055,2022-02-13,-178.5120,452.9700,-700.9550,1.0550,1.3760,5.7130
2022.12329,2022-02-14,-176.2660,454.7840,-695.6140,1.0580,1.3630,5.6740
2022.12603,2022-02-15,-177.9430,456.1340,-700.0560,1.0820,1.3520,5.8020
2022.12877,2022-02-16,-176.2490,453.4150,-690.5970,1.0340,1.3260,5.4990
2022.13151,2022-02-17,-179.2470,452.4700,-700.6390,1.0570,1.3810,5.7340
2022.13425,2022-02-18,-180.3860,455.8270,-699.4600,1.0350,1.3370,5.5700
2022.13699,2022-02-19,-179.0860,453.1390,-703.0650,1.0360,1.3550,5.6190
2022.13973,2022-02-20,-179.3240,453.8890,-696.0120,1.0360,1.3520,5.5980
2022.14247,2022-02-21,-178.8520,453.3890,-699.1770,1.0250,1.3230,5.4340
2022.14521,2022-02-22,-178.8420,454.0110,-692.3420,1.0320,1.3140,5.5100
2022.14795,2022-02-23,-180.2480,457.2050,-695.8890,1.0720,1.4250,5.9120
2022.15068,2022-02-24,-179.8640,454.6180,-705.6680,1.1040,1.4120,5.9600
2022.15342,2022-02-25,-177.6460,455.0220,-699.9680,1.0610,1.3990,5.8130
2022.15616,2022-02-26,-177.7000,453.4750,-698.1420,1.0450,1.3160,5.5490
2022.15890,2022-02-27,-179.3380,453.9850,-697.5280,1.0320,1.3180,5.4940
2022.16164,2022-02-28,-177.5190,455.1680,-691.2260,1.0310,1.3130,5.4550
2022.16438,2022-03-01,-177.1150,457.7830,-690.1090,1.0140,1.2720,5.2300
2022.16712,2022-03-02,-177.0670,457.7390,-686.9670,1.0610,1.3500,5.6380
2022.16986,2022-03-03,-176.1840,456.4340,-690.1970,1.0390,1.3320,5.4980
2022.17260,2022-03-04,-180.4920,457.1430,-700.6400,1.0200,1.3210,5.3760
2022.17534,2022-03-05,-176.2610,459.2660,-698.4170,1.0390,1.3250,5.4370
2022.17808,2022-03-06,-177.6950,455.9110,-702.7930,1.0420,1.3550,5.5790
2022.18082,2022-03-07,-179.5490,458.9150,-697.1920,1.0710,1.3800,5.7650
2022.18356,2022-03-08,-179.1990,458.9360,-697.6910,1.0650,1.3530,5.6570
2022.18630,2022-03-09,-177.7060,457.5730,-690.9370,1.0200,1.3430,5.4060
2022.18904,2022-03-10,-178.3180,457.6480,-696.2910,1.0880,1.3690,5.6080
2022.19178,2022-03-11,-174.5470,456.5740,-693.7020,1.0650,1.3820,5.6580
2022.19452,2022-03-12,-179.3690,457.0500,-692.8710,1.0370,1.3350,5.5180
2022.19726,2022-03-13,-180.3400,458.5800,-686.1210,1.0640,1.3260,5.4560
2022.20000,2022-03-14,-178.6140,458.0430,-690.8910,1.0380,1.3290,5.5910
2022.20274,2022-03-15,-179.5530,459.3340,-699.0910,1.0430,1.3650,5.6190
2022.20548,2022-03-16,-177.4150,458.0620,-703.6310,1.0380,1.3380,5.4370
2022.20822,2022-03-17,-179.0300,456.8260,-696.8710,1.0740,1.3990,5.7640
2022.21096,2022-03-18,-178.8670,458.6930,-696.0090,1.0680,1.3890,5.7060
2022.21370,2022-03-19,-177.7790,460.8020,-701.0750,1.0700,1.3390,5.5930
2022.21644,2022-03-20,-178.6080,460.8280,-706.4600,1.0590,1.3360,5.6330
2022.21918,2022-03-21,-178.5880,457.6000,-704.8960,1.0820,1.3670,5.6480
2022.22192,2022-03-22,-180.0610,460.3020,-695.3050,1.0470,1.3360,5.5770
2022.22466,2022-03-23,-178.2380,461.5860,-697.3070,1.0450,1.3000,5.4120
2022.22740,2022-03-24,-178.3900,462.2710,-698.0580,1.0550,1.3750,5.4870
2022.23014,2022-03-25,-177.4430,461.0450,-689.3710,1.0500,1.3620,5.4630
2022.23288,2022-03-26,-180.2650,461.6560,-692.3530,1.0420,1.3080,5.4680
2022.23562,2022-03-27,-179.5180,460.2040,-703.3810,1.0620,1.3210,5.6090
2022.24110,2022-03-29,-178.9100,464.3320,-688.9200,1.1110,1.3600,5.7230
2022.24384,2022-03-30,-178.2090,461.9990,-698.9800,1.0540,1.3330,5.5440
2022.24658,2022-03-31,-179.4890,460.5280,-699.7460,1.0370,1.3380,5.5700
2022.24932,2022-04-01,-178.8910,458.7450,-697.9300,1.0380,1.4320,5.7420
2022.25205,2022-04-02,-179.8920,459.9130,-705.2640,1.0410,1.3450,5.5350
2022.25479,2022-04-03,-178.3750,462.4400,-690.0940,1.0410,1.3640,5.4820
2022.25753,2022-04-04,-178.5330,461.1280,-690.4000,1.0190,1.3220,5.4320
2022.26027,2022-04-05,-180.0120,462.3080,-694.2960,1.0190,1.3080,5.3600
2022.26301,2022-04-06,-180.4230,462.1930,-698.6480,1.0440,1.3360,5.4290
2022.26575,2022-04-07,-181.0010,464.1140,-693.1190,1.0380,1.3160,5.4060
2022.26849,2022-04-08,-177.2820,462.5480,-689.9110,1.0840,1.3570,5.7240
2022.27123,2022-04-09,-179.5430,466.4980,-691.9060,1.0290,1.3100,5.4120
2022.27397,2022-04-10,-178.3660,466.6320,-691.2960,1.0510,1.3510,5.5710
2022.27671,2022-04-11,-179.5050,463.1100,-691.9620,1.0410,1.3160,5.4450
2022.27945,2022-04-12,-177.9510,461.4690,-691.4160,0.9700,1.0570,4.5950
2022.28219,2022-04-13,-181.0750,462.2630,-693.1550,0.9790,1.0670,4.6190
2022.28493,2022-04-14,-178.6480,461.9070,-695.7240,0.9550,1.0240,4.4550
2022.28767,2022-04-15,-181.3050,461.6390,-698.0710,1.0240,1.1000,4.8080
2022.29041,2022-04-16,-179.1470,460.7320,-703.0260,1.0070,1.0970,4.7350
2022.29315,2022-04-17,-179.1980,462.8110,-692.4680,0.9770,1.0440,4.5840
2022.29589,2022-04-18,-178.7120,461.0330,-696.5370,0.9760,1.0720,4.6470
2022.29863,2022-04-19,-179.9150,461.3100,-697.3860,1.0180,1.0340,4.6450
2022.30137,2022-04-20,-178.9770,462.8720,-702.6410,1.0450,1.1190,4.8970
2022.30411,2022-04-21,-180.7130,460.2270,-694.6100,0.9790,1.0700,4.6520
2022.30685,2022-04-22,-180.0620,462.5320,-700.3640,1.0170,1.0970,4.8610
2022.30959,2022-04-23,-178.3430,462.7570,-701.9330,0.9670,1.0270,4.5100
2022.31233,2022-04-24,-179.8460,462.6100,-699.7990,0.9710,1.0260,4.4800
2022.31507,2022-04-25,-179.5530,458.4610,-702.9520,1.0270,1.0850,4.8270
2022.31781,2022-04-26,-179.1840,462.4180,-705.1350,0.9790,1.0470,4.6130
2022.32055,2022-04-27,-181.7580,462.0750,-705.5040,1.0080,1.0600,4.6290
2022.32329,2022-04-28,-180.6250,461.0210,-699.7650,1.0370,1.1150,4.8470
2022.32603,2022-04-29,-177.0030,461.1810,-702.2560,0.9600,1.0300,4.4960
2022.32877,2022-04-30,-179.0460,462.5460,-700.8710,0.9590,1.0230,4.5000
2022.33151,2022-05-01,-178.7840,460.0150,-704.4690,0.9550,1.0190,4.4770
2022.33425,2022-05-02,-178.6670,462.9380,-705.5730,0.9650,1.0570,4.4830
2022.33699,2022-05-03,-180.7950,464.0330,-703.8550,1.0010,1.1360,4.9180
2022.33973,2022-05-04,-179.9990,465.5200,-702.3240,0.9800,1.0840,4.6970
2022.34247,2022-05-05,-180.9740,462.3440,-704.6990,0.9670,1.0330,4.4680
2022.34521,2022-05-06,-177.5860,464.7100,-709.2900,0.9660,1.0390,4.5150
2022.34795,2022-05-07,-179.2380,465.1910,-703.7920,0.9710,1.0480,4.5920
2022.35068,2022-05-08,-180.5220,463.8570,-709.1300,0.9610,1.0440,4.5780
2022.35342,2022-05-09,-180.1910,462.8830,-704.3260,0.9630,1.0100,4.4590
2022.35616,2022-05-10,-177.6870,462.5910,-701.6290,0.9530,1.0530,4.5600
2022.35890,2022-05-11,-178.0330,464.1200,-701.6190,0.9560,1.0170,4.4660
2022.36164,2022-05-12,-177.4730,463.3610,-706.8130,0.9720,1.0580,4.6210
2022.36438,2022-05-13,-178.6930,463.4070,-700.9170,0.9610,1.0290,4.4630
2022.36712,2022-05-14,-179.7340,466.0210,-702.1070,0.9560,1.0070,4.4280
2022.36986,2022-05-15,-179.6540,463.9990,-706.6330,0.9530,1.0260,4.4720
2022.37260,2022-05-16,-176.7270,465.2970,-703.5390,0.9500,1.0330,4.4290
2022.37534,2022-05-17,-177.4830,466.5730,-706.9470,0.9600,1.0410,4.5160
2022.37808,2022-05-18,-177.8220,467.5630,-698.0460,0.9700,1.0480,4.5460
2022.38082,2022-05-19,-177.5070,465.5790,-709.7170,0.9880,1.0850,4.6670
2022.38356,2022-05-20,-179.7330,465.3450,-702.3160,0.9710,1.0530,4.5390
2022.38630,2022-05-21,-177.2220,466.1550,-703.3840,0.9610,1.0630,4.5910
2022.38904,2022-05-22,-178.6060,466.1710,-704.1040,0.9960,1.1090,4.9130
2022.39178,2022-05-23,-181.3760,468.4790,-698.4830,0.9580,1.0470,4.5320
2022.39452,2022-05-24,-178.4770,466.3520,-700.5960,0.9710,1.0310,4.5250
2022.39726,2022-05-25,-179.3560,466.3280,-690.8530,0.9840,1.0550,4.6040
2022.40000,2022-05-26,-177.8810,465.9560,-702.0930,0.9990,1.0880,4.9090
2022.40548,2022-05-28,-178.7280,469.8750,-705.7590,1.0020,1.0730,4.7910
2022.40822,2022-05-29,-178.0940,470.6820,-690.9990,1.0380,1.0970,4.8510
2022.41096,2022-05-30,-180.1440,467.5200,-691.1890,1.0000,1.0430,4.7010
2022.41370,2022-05-31,-177.4850,467.0270,-698.5970,1.0100,1.0780,4.7370
2022.41644,2022-06-01,-181.2010,468.5250,-698.6450,0.9900,1.0870,4.8090
2022.41918,2022-06-02,-180.0810,466.8560,-693.2880,0.9780,1.0360,4.6060
2022.42192,2022-06-03,-180.4930,466.1540,-692.5340,0.9870,1.0450,4.6870
2022.42466,2022-06-04,-181.3640,466.8800,-696.8870,0.9890,1.0380,4.6450
2022.42740,2022-06-05,-178.8470,463.9530,-685.3320,1.0020,1.0190,4.6900
2022.43014,2022-06-06,-178.4570,465.2630,-693.0240,1.0030,1.0410,4.7030
2022.43288,2022-06-07,-181.8770,467.2290,-691.5290,1.0050,1.0670,4.7800
2022.43562,2022-06-08,-181.1750,466.4020,-697.1190,1.0220,1.0770,4.8790
2022.43836,2022-06-09,-179.2810,465.0710,-688.8260,0.9790,1.0290,4.6490
2022.44110,2022-06-10,-181.6270,466.6800,-697.4000,1.0700,1.0500,5.0230
2022.44384,2022-06-11,-180.8360,466.8870,-692.9930,0.9730,1.0380,4.6420
2022.44658,2022-06-12,-180.0530,463.1250,-691.5700,1.0310,1.0580,4.8500
2022.44932,2022-06-13,-180.2070,464.6550,-701.0820,0.9650,0.9960,4.5310
2022.45205,2022-06-14,-178.6950,466.0960,-693.5030,0.9670,1.0040,4.5350
2022.45479,2022-06-15,-179.6800,467.0780,-694.8710,0.9740,0.9940,4.5180
2022.45753,2022-06-16,-182.0390,464.4130,-693.3400,0.9640,1.0130,4.5590
2022.46027,2022-06-17,-182.2110,460.7860,-583.0810,1.0160,1.0660,4.8350
2022.46301,2022-06-18,-183.8010,461.2190,-563.8880,0.9780,1.0500,4.6860
2022.46575,2022-06-19,-183.1720,463.1260,-567.4850,0.9790,1.0350,4.6640
2022.46849,2022-06-20,-184.3300,459.3040,-562.2010,0.9830,1.0390,4.6840
2022.47123,2022-06-21,-184.7460,462.7480,-571.6560,0.9870,1.0470,4.7210
2022.47397,2022-06-22,-183.4720,458.2650,-544.3060,1.0080,1.0710,4.8610
2022.47671,2022-06-23,-182.5060,459.2610,-556.5130,0.9940,1.0800,4.8090
2022.47945,2022-06-24,-185.3580,457.1100,-558.1340,1.0010,1.0830,4.8840
2022.48219,2022-06-25,-180.8430,460.5440,-562.9620,0.9900,1.0630,4.7340
2022.48493,2022-06-26,-179.0170,461.5760,-557.7080,0.9850,1.0670,4.7440
2022.48767,2022-06-27,-183.3790,463.5210,-556.5540,0.9700,1.0270,4.6310
2022.49041,2022-06-28,-184.6690,463.3290,-552.0260,1.0070,1.0890,4.9260
2022.49315,2022-06-29,-186.2370,460.9240,-556.9240,1.0210,1.0510,4.7680
2022.49589,2022-06-30,-183.6570,464.0140,-555.2330,1.0170,1.0850,4.8960
2022.49863,2022-07-01,-184.5020,462.7440,-563.3010,0.9910,1.0540,4.7370
2022.50137,2022-07-02,-187.2350,463.2370,-545.6490,0.9950,1.0480,4.7420
2022.50411,2022-07-03,-185.1860,462.8810,-549.1200,0.9910,1.0360,4.6990
2022.50685,2022-07-04,-186.9220,465.7490,-556.4420,1.0330,1.1040,4.8820
2022.50959,2022-07-05,-186.6260,465.4020,-563.0860,1.0080,1.0770,4.7500
2022.51233,2022-07-06,-187.3960,468.7700,-552.2670,1.0110,1.1120,4.8660
2022.51507,2022-07-07,-186.6230,467.3020,-561.6600,1.0100,1.0500,4.6880
2022.51781,2022-07-08,-186.7150,465.6960,-556.5150,0.9870,1.0400,4.6920
2022.52055,2022-07-09,-185.0040,466.5330,-565.5680,1.0010,1.0740,4.8570
2022.52329,2022-07-10,-185.3270,468.4930,-560.2550,0.9820,1.0430,4.6880
2022.52603,2022-07-11,-185.0130,466.7730,-562.9110,0.9940,1.0460,4.7340
2022.52877,2022-07-12,-186.3310,464.6020,-554.6650,0.9910,1.0290,4.7090
2022.53151,2022-07-13,-184.9080,466.6280,-561.7530,0.9810,1.0390,4.7030
2022.53425,2022-07-14,-184.6560,468.4020,-547.5500,0.9990,1.0310,4.7120
2022.53699,2022-07-15,-187.4820,467.6750,-555.1220,0.9850,1.0500,4.6870
2022.53973,2022-07-16,-187.9160,465.5010,-556.8090,1.0080,1.0710,4.8140
2022.54247,2022-07-17,-185.7190,468.2380,-557.2090,0.9910,1.0350,4.6920
2022.54521,2022-07-18,-186.6980,468.9150,-558.9550,0.9920,1.0470,4.7290
2022.54795,2022-07-19,-188.6250,465.4370,-565.9050,0.9970,1.0860,4.8340
2022.55068,2022-07-20,-188.6140,464.8670,-566.9120,0.9860,1.0590,4.7350
2022.55342,2022-07-21,-187.5580,467.2050,-561.3710,1.0080,1.0490,4.7840
2022.55616,2022-07-22,-189.0390,470.2260,-564.9010,0.9790,1.0460,4.6780
2022.55890,2022-07-23,-187.8770,468.4730,-567.3530,0.9680,1.0430,4.6500
2022.56164,2022-07-24,-186.8140,468.6420,-570.6950,0.9800,1.0140,4.5690
2022.56438,2022-07-25,-186.1690,465.1550,-566.7500,0.9900,1.0410,4.6370
2022.56712,2022-07-26,-189.7400,470.8900,-569.8260,0.9940,1.0640,4.7310
2022.56986,2022-07-27,-185.9000,469.4580,-564.6970,1.0320,1.0900,4.9220
2022.57260,2022-07-28,-188.7540,465.8210,-559.1320,0.9780,1.0590,4.7160
2022.57534,2022-07-29,-187.6260,469.4700,-560.1580,1.0060,1.0640,4.7950
2022.57808,2022-07-30,-186.3790,462.2000,-562.6380,1.0090,1.0880,4.8370
2022.58082,2022-07-31,-189.3510,466.4810,-561.9440,0.9780,1.0500,4.6550
2022.58356,2022-08-01,-188.6470,466.9260,-561.1660,0.9900,1.0640,4.7100
2022.58630,2022-08-02,-186.9660,462.2120,-557.4370,1.0760,1.0770,5.0330
2022.58904,2022-08-03,-187.4710,464.1430,-550.9430,1.0480,1.0830,4.9480
2022.59178,2022-08-04,-185.5850,467.5910,-563.3180,1.0720,1.0950,5.0780
2022.59452,2022-08-05,-186.1630,469.1210,-566.3080,0.9940,1.0480,4.7480
2022.59726,2022-08-06,-185.9710,468.4670,-561.2980,0.9970,1.0480,4.7210
2022.60000,2022-08-07,-186.2640,469.0680,-566.2870,1.0390,1.0630,4.9780
2022.60274,2022-08-08,-188.2360,468.4490,-562.8670,0.9880,1.0510,4.7020
2022.60548,2022-08-09,-185.8640,468.6940,-557.3490,1.0450,1.0730,4.8760
2022.60822,2022-08-10,-185.1640,470.1380,-558.9570,1.0020,1.0590,4.7920
2022.61096,2022-08-11,-184.1470,469.2380,-550.2570,1.0080,1.1000,4.9160
2022.61370,2022-08-12,-190.2410,468.1020,-555.3490,1.0110,1.0960,4.8750
2022.61644,2022-08-13,-188.3200,468.2430,-555.7100,0.9680,1.0350,4.6380
2022.61918,2022-08-14,-187.4920,468.9400,-554.5260,0.9860,1.0510,4.7200
2022.62192,2022-08-15,-188.4380,470.0430,-555.4570,0.9970,1.0810,4.8590
2022.62466,2022-08-16,-186.4470,470.7300,-553.9560,0.9850,1.0600,4.8200
2022.62740,2022-08-17,-188.8700,467.7950,-531.8960,1.0220,1.1000,5.0780
2022.63014,2022-08-18,-188.2460,469.9010,-556.9560,0.9960,1.0550,4.8110
2022.63288,2022-08-19,-190.0910,468.1560,-555.1790,0.9960,1.0440,4.7840
2022.63562,2022-08-20,-186.3050,468.7860,-557.7860,1.0190,1.0890,4.9340
2022.63836,2022-08-21,-190.3820,467.5120,-554.8730,0.9850,1.0410,4.7630
2022.64110,2022-08-22,-188.7810,467.5190,-562.5780,0.9940,1.0670,4.8040
2022.64384,2022-08-23,-186.3270,470.8330,-568.0820,1.0500,1.1470,5.1190
2022.64658,2022-08-24,-190.7380,469.3010,-549.9030,1.0800,1.1290,5.2120
2022.64932,2022-08-25,-187.3370,472.1160,-557.9900,1.0280,1.0940,4.9550
2022.65205,2022-08-26,-189.2220,470.4530,-566.6880,1.0100,1.0920,4.8360
2022.65479,2022-08-27,-182.9430,467.9050,-556.0220,1.0520,1.1000,4.9400
2022.65753,2022-08-28,-188.3870,467.2490,-564.5630,1.0140,1.0750,4.8430
2022.66027,2022-08-29,-187.3000,468.4150,-559.2520,1.0270,1.0960,4.8730
2022.66301,2022-08-30,-185.2830,468.2610,-568.2720,0.9900,1.0540,4.6440
2022.66575,2022-08-31,-186.0230,469.6580,-558.2020,1.0080,1.0540,4.7850
2022.66849,2022-09-01,-187.8880,466.2110,-558.4260,1.0040,1.0770,4.7910
2022.67123,2022-09-02,-188.7330,468.4030,-560.7540,1.0210,1.0900,4.9260
2022.67945,2022-09-05,-190.9360,472.6460,-551.2370,1.0620,1.1430,4.9190
2022.68219,2022-09-06,-184.8950,469.1780,-565.9370,0.9910,1.0400,4.6610
2022.68493,2022-09-07,-188.5970,472.2560,-565.3010,0.9840,1.0310,4.5890
2022.68767,2022-09-08,-189.0570,470.4910,-569.1160,1.0360,1.0520,4.8770
2022.69041,2022-09-09,-188.3310,468.3610,-564.1030,1.0170,1.0340,4.8380
2022.69315,2022-09-10,-185.7440,472.0330,-558.2330,1.0220,1.0600,4.9090
2022.69589,2022-09-11,-188.1090,471.4840,-555.9960,1.0050,1.0580,4.7640
2022.69863,2022-09-12,-187.2530,468.9330,-564.5590,1.0090,1.0940,4.9030
2022.70137,2022-09-13,-186.1750,471.4360,-564.3860,1.0070,1.0290,4.7720
2022.70411,2022-09-14,-187.6890,470.8050,-566.2580,1.0560,1.0880,5.0440
2022.70685,2022-09-15,-187.3540,470.9500,-568.9120,1.0520,1.0980,5.0760
2022.70959,2022-09-16,-185.4890,471.3060,-558.1050,1.0040,1.0900,4.9040
2022.71233,2022-09-17,-187.5010,473.0580,-574.6890,0.9660,1.0370,4.5940
2022.71507,2022-09-18,-194.4730,476.1690,-562.2540,0.9720,1.0490,4.6290
2022.72329,2022-09-21,-195.4170,479.4920,-567.1690,0.9640,1.0400,4.5800
2022.72603,2022-09-22,-196.9750,479.9400,-557.5490,1.0240,1.1130,4.7740
2022.72877,2022-09-23,-200.2030,480.2390,-570.1530,0.9670,1.0680,4.5410
2022.73151,2022-09-24,-200.2670,482.5720,-564.1310,0.9870,1.0360,4.6110
2022.73425,2022-09-25,-200.1310,481.7090,-559.1890,1.0640,1.0890,4.8980
2022.73699,2022-09-26,-197.8360,479.6550,-563.6020,1.0760,1.1320,5.0610
2022.73973,2022-09-27,-199.0800,477.7090,-560.7720,0.9820,1.0450,4.6480
2022.74247,2022-09-28,-196.6980,478.6790,-572.1480,1.0690,1.1290,4.9800
2022.74521,2022-09-29,-199.6720,478.6960,-565.9320,1.0260,1.1190,4.8540
2022.74795,2022-09-30,-199.0170,478.3990,-566.0580,0.9940,1.0890,4.7250
2022.75068,2022-10-01,-200.9530,478.6570,-573.9190,1.0780,1.0930,4.8630
2022.75342,2022-10-02,-200.8510,479.4930,-569.7540,0.9870,1.0530,4.6720
2022.75616,2022-10-03,-195.7730,481.4880,-567.0900,1.0580,1.0900,4.8460
2022.75890,2022-10-04,-199.6460,480.6110,-573.8430,1.0220,1.0660,4.7560
2022.76164,2022-10-05,-197.0420,478.5910,-571.7520,1.0210,1.0350,4.6600
2022.76438,2022-10-06,-198.5670,483.1390,-575.5990,0.9850,1.1040,4.7140
2022.76712,2022-10-07,-199.7550,480.9620,-580.7460,0.9870,1.1220,4.7110
2022.76986,2022-10-08,-199.7690,479.2200,-578.0190,1.0170,1.0900,4.8180
2022.77260,2022-10-09,-198.5190,479.4090,-566.8720,0.9960,1.0950,4.7900
2022.77534,2022-10-10,-198.2390,478.9900,-571.4060,0.9850,1.0810,4.6830
2022.77808,2022-10-11,-199.6100,480.5150,-578.3920,1.0930,1.1600,4.9810
2022.78082,2022-10-12,-199.9430,480.3640,-576.6260,1.0810,1.1880,4.9450
2022.78356,2022-10-13,-198.9750,479.2300,-571.6410,1.0340,1.1370,4.9270
2022.78630,2022-10-14,-200.8740,481.3160,-574.3370,0.9940,1.1060,4.7340
2022.78904,2022-10-15,-204.3820,481.7790,-570.2740,1.0040,1.0740,4.7460
2022.79178,2022-10-16,-200.9650,480.5290,-571.3490,1.0320,1.0960,4.8320
2022.79452,2022-10-17,-200.9100,481.0310,-572.3280,1.0000,1.0930,4.7290
2022.79726,2022-10-18,-200.7300,483.0910,-577.9620,1.0240,1.1000,4.9380
2022.80000,2022-10-19,-199.4780,481.8960,-570.2820,1.0370,1.1430,4.9090
2022.80274,2022-10-20,-203.3210,479.7530,-580.5390,1.0000,1.0820,4.7640
2022.80548,2022-10-21,-203.4430,479.4810,-577.8680,0.9970,1.0930,4.7890
2022.80822,2022-10-22,-204.2560,480.4870,-564.0890,1.0090,1.0940,4.6880
2022.81096,2022-10-23,-203.6960,483.8230,-578.6090,0.9870,1.0590,4.6720
2022.81370,2022-10-24,-203.5820,481.7960,-576.3580,0.9870,1.0470,4.6340
2022.81644,2022-10-25,-203.7490,481.7400,-572.7840,1.0170,1.0700,4.7260
2022.81918,2022-10-26,-202.1570,481.5470,-573.3980,1.0190,1.1180,4.9340
2022.82192,2022-10-27,-202.3780,481.7720,-568.9530,1.0220,1.1000,4.8030
2022.82466,2022-10-28,-199.0290,482.6690,-569.0530,1.0310,1.0660,4.8470
2022.82740,2022-10-29,-203.2250,483.2700,-577.4400,0.9830,1.0610,4.6710
2022.83014,2022-10-30,-200.7190,482.3870,-575.4590,0.9900,1.0640,4.6910
2022.83288,2022-10-31,-200.4480,480.6990,-570.2200,0.9830,1.0400,4.6710
2022.83562,2022-11-01,-203.1260,479.3180,-570.4180,0.9920,1.0510,4.6870
2022.83836,2022-11-02,-201.7210,479.9710,-578.0960,1.0070,1.0730,4.7460
2022.84110,2022-11-03,-200.9720,480.0860,-571.0040,1.0700,1.0970,4.8800
2022.84384,2022-11-04,-201.2860,481.0130,-571.4080,0.9830,1.0540,4.6940
2022.84658,2022-11-05,-204.6280,481.2870,-573.4890,0.9930,1.0460,4.6470
2022.84932,2022-11-06,-200.9940,480.9740,-573.1650,0.9820,1.0570,4.6400
2022.85205,2022-11-07,-200.7100,480.5170,-563.0180,0.9990,1.0410,4.6720
2022.85479,2022-11-08,-199.1670,483.7350,-569.4050,0.9930,1.0680,4.7050
2022.85753,2022-11-09,-199.9730,483.0110,-567.5560,0.9740,1.0400,4.5770
2022.86027,2022-11-10,-201.7140,482.5520,-572.1700,1.0030,1.0560,4.7240
2022.86301,2022-11-11,-202.1370,483.3970,-572.3850,1.0000,1.0490,4.6490
2022.86575,2022-11-12,-203.0760,481.4610,-565.5160,0.9770,1.0180,4.5580
2022.86849,2022-11-13,-202.9750,481.2630,-573.0290,0.9710,1.0410,4.5940
2022.87123,2022-11-14,-202.6050,483.9260,-561.6420,0.9820,1.0580,4.6420
2022.87397,2022-11-15,-201.4210,482.0310,-562.5070,0.9740,1.0290,4.5790
2022.87671,2022-11-16,-204.4380,480.5160,-568.9800,0.9640,1.0230,4.5530
2022.87945,2022-11-17,-202.4380,481.0990,-568.8890,0.9770,1.0310,4.5310
2022.88219,2022-11-18,-202.7200,481.9260,-567.2530,0.9790,1.0350,4.5860
2022.88493,2022-11-19,-202.3180,480.8410,-565.6040,0.9850,1.0380,4.6190
2022.88767,2022-11-20,-203.1350,483.3050,-574.6870,0.9880,1.0420,4.6280
2022.89041,2022-11-21,-204.1120,482.2630,-568.6640,0.9910,1.0600,4.6450
2022.89315,2022-11-22,-206.8140,485.4180,-568.5480,0.9790,1.0300,4.6110
2022.89589,2022-11-23,-206.5890,484.4240,-572.0860,0.9700,1.0320,4.5890
2022.89863,2022-11-24,-204.8660,483.1700,-570.4780,0.9970,1.0540,4.6790
2022.90137,2022-11-25,-207.6680,482.2720,-566.9370,1.0280,1.0900,4.7900
2022.90411,2022-11-26,-206.8990,482.6250,-576.0480,1.0040,1.0720,4.6970
2022.90685,2022-11-27,-205.5560,485.5790,-573.0910,0.9650,1.0190,4.5070
2022.90959,2022-11-28,-204.9890,485.2670,-568.6260,0.9920,1.0720,4.6730
2022.91233,2022-11-29,-204.6130,482.8610,-573.5380,0.9680,1.0360,4.5500
2022.91507,2022-11-30,-201.4450,482.7500,-569.0320,0.9610,1.0350,4.5290
2022.91781,2022-12-01,-203.4410,484.4030,-568.8790,0.9660,1.0370,4.5750
2022.92055,2022-12-02,-202.6880,486.0260,-575.4420,0.9730,1.0430,4.5890
2022.92329,2022-12-03,-203.1140,486.0040,-574.4280,0.9690,1.0360,4.5750
2022.92603,2022-12-04,-203.3220,487.1440,-569.6420,0.9670,1.0190,4.5200
2022.92877,2022-12-05,-200.9610,481.8410,-571.9900,0.9550,1.0070,4.4740
2022.93151,2022-12-06,-204.6130,486.8610,-561.2050,0.9690,1.0280,4.5420
2022.93425,2022-12-07,-202.7020,484.8350,-571.5480,1.0110,1.0790,4.7100
2022.93699,2022-12-08,-202.7920,487.2260,-569.6260,0.9660,1.0340,4.5730
2022.93973,2022-12-09,-203.8710,488.7400,-565.6750,0.9950,1.0580,4.6330
2022.94247,2022-12-10,-202.8400,486.7980,-566.6990,0.9820,1.0310,4.5730
2022.94521,2022-12-11,-202.5400,486.1920,-573.8470,0.9620,1.0180,4.5040
2022.94795,2022-12-12,-202.3980,485.8390,-570.0280,0.9740,1.0390,4.6110
2022.95068,2022-12-13,-204.4210,483.8540,-565.1520,0.9940,1.0450,4.7400
2022.95342,2022-12-14,-205.1260,485.0620,-571.9780,1.0110,1.0690,4.8150
2022.95616,2022-12-15,-204.4470,485.1730,-571.7410,0.9700,1.0350,4.5540
2022.95890,2022-12-16,-205.4320,484.8500,-564.3830,0.9990,1.0700,4.6580
2022.96164,2022-12-17,-206.5150,485.8650,-569.8540,0.9760,1.0350,4.5460
2022.96438,2022-12-18,-207.7610,488.9820,-559.0840,0.9720,1.0250,4.5360
2022.96712,2022-12-19,-205.6860,486.1550,-574.1810,0.9820,1.0210,4.5420
2022.96986,2022-12-20,-202.3290,487.5140,-567.4310,1.0210,1.0570,4.7650
2022.97260,2022-12-21,-202.3450,486.9310,-564.6140,0.9900,1.0460,4.6790
2022.97534,2022-12-22,-206.3110,488.3500,-564.3580,0.9600,1.0350,4.5180
2022.97808,2022-12-23,-203.5320,487.4410,-564.8690,0.9750,1.0300,4.5730
2022.98082,2022-12-24,-204.3630,487.5710,-567.9950,0.9760,1.0260,4.5430
2022.98356,2022-12-25,-203.1340,487.3460,-570.6060,0.9840,1.0430,4.5980
2022.98630,2022-12-26,-206.3210,486.9200,-574.9800,0.9850,1.0490,4.6310
2022.98904,2022-12-27,-205.6250,488.3380,-576.0590,0.9880,1.0920,4.6810
2022.99178,2022-12-28,-206.0470,486.1190,-572.9200,1.0150,1.0980,4.7460
2022.99452,2022-12-29,-205.5050,486.4020,-573.5650,0.9890,1.0610,4.6230
2022.99726,2022-12-30,-205.6410,484.5030,-579.5550,0.9740,1.0200,4.5060
2023.00000,2022-12-31,-206.9600,484.8150,-572.3880,1.0010,1.0490,4.6420
2023.00274,2023-01-01,-205.9940,486.0300,-572.1130,0.9800,1.0580,4.6320
2023.00548,2023-01-02,-207.9050,486.1500,-576.6270,0.9870,1.0560,4.6710
2023.00822,2023-01-03,-205.0060,486.0540,-569.9080,0.9810,1.0500,4.6190
2023.01096,2023-01-04,-205.1580,487.5520,-577.2760,0.9750,1.0280,4.5350
2023.01370,2023-01-05,-204.6170,486.9650,-573.8130,0.9880,1.0540,4.6400
2023.01644,2023-01-06,-206.1940,489.7100,-578.0850,0.9880,1.0570,4.6530
2023.01918,2023-01-07,-205.8070,488.7790,-570.5750,0.9790,1.0460,4.6230
2023.02192,2023-01-08,-206.3540,488.4040,-571.3240,0.9730,1.0410,4.6090
2023.02466,2023-01-09,-204.1430,490.6710,-575.1140,0.9730,1.0420,4.5680
2023.02740,2023-01-10,-204.6760,491.2010,-576.3480,0.9830,1.0550,4.6190
2023.03014,2023-01-11,-206.0460,489.7200,-571.4940,0.9940,1.0640,4.6820
2023.03288,2023-01-12,-204.7330,488.4570,-570.1560,0.9980,1.0690,4.6900
2023.03562,2023-01-13,-205.4140,488.9130,-573.4100,0.9790,1.0590,4.6370
2023.03836,2023-01-14,-204.5640,488.2630,-576.9650,0.9720,1.0490,4.5450
2023.04110,2023-01-15,-203.7910,487.8300,-581.6320,0.9810,1.0440,4.5680
2023.04384,2023-01-16,-205.9170,490.5990,-585.2360,0.9870,1.0550,4.6110
2023.04658,2023-01-17,-205.9950,489.2790,-585.5340,0.9820,1.0400,4.5640
2023.04932,2023-01-18,-204.7100,489.5140,-583.2350,0.9870,1.0600,4.6390
2023.05205,2023-01-19,-207.3350,489.8630,-583.9850,0.9880,1.0660,4.6350
2023.05479,2023-01-20,-207.8090,487.3960,-581.4320,0.9950,1.0560,4.6970
2023.05753,2023-01-21,-207.6260,489.9740,-585.0690,1.0090,1.0610,4.7630
2023.06027,2023-01-22,-207.4260,489.8220,-582.3990,1.0460,1.0730,4.9220
2023.06301,2023-01-23,-206.9910,487.9320,-584.5700,1.0120,1.0770,4.7740
2023.06575,2023-01-24,-207.5930,488.7420,-592.2350,0.9990,1.0560,4.6790
2023.06849,2023-01-25,-206.2620,490.2980,-592.3210,1.0290,1.0990,4.8120
2023.07123,2023-01-26,-208.2710,490.3880,-591.5600,1.0420,1.0920,4.8830
2023.07397,2023-01-27,-207.0930,489.4940,-586.9960,0.9910,1.0660,4.6130
2023.07671,2023-01-28,-207.9200,490.0820,-592.8240,0.9960,1.0360,4.6410
2023.07945,2023-01-29,-206.8870,491.4060,-596.5460,1.0240,1.0750,4.8780
2023.08219,2023-01-30,-205.7490,490.7680,-601.7860,1.0300,1.0640,4.8760
2023.08493,2023-01-31,-209.7270,491.4540,-602.3130,1.0120,1.0660,4.8380
2023.08767,2023-02-01,-207.6150,491.8870,-598.4740,1.0150,1.0590,4.7780
2023.09041,2023-02-02,-208.6670,490.3580,-595.3620,1.0210,1.0810,4.8910
2023.09315,2023-02-03,-206.9390,490.9830,-590.4060,0.9940,1.0540,4.6900
2023.09589,2023-02-04,-207.2410,491.4160,-590.5910,0.9980,1.0690,4.7240
2023.09863,2023-02-05,-209.8360,492.2660,-594.8400,1.0000,1.0510,4.7150
2023.10137,2023-02-06,-212.1030,493.9780,-590.8830,0.9950,1.0520,4.7060
2023.10411,2023-02-07,-207.0320,491.4550,-599.4960,0.9940,1.0590,4.6850
2023.10685,2023-02-08,-208.2600,493.8080,-597.7460,1.1040,1.0590,4.6960
2023.10959,2023-02-09,-208.0780,492.7730,-595.3360,0.8980,0.9020,3.9460
2023.11507,2023-02-11,-208.4820,492.6820,-602.8050,0.8920,0.9110,3.9370
2023.12055,2023-02-13,-208.4800,492.0180,-607.9760,0.9710,1.0390,4.2620
2023.12329,2023-02-14,-207.2730,492.9630,-614.2400,0.9850,0.9500,4.3040
2023.12603,2023-02-15,-207.4470,491.7470,-617.0340,0.9010,0.9300,4.0330
2023.12877,2023-02-16,-206.7680,491.9630,-611.6300,0.9400,0.9630,4.1190
2023.13151,2023-02-17,-208.2320,491.7580,-605.6780,1.0330,1.1020,4.4910
2023.13425,2023-02-18,-210.1900,492.5010,-604.1500,0.9310,0.9450,4.0880
2023.13699,2023-02-19,-209.1300,494.1120,-598.7020,0.9730,1.0090,4.2510
2023.13973,2023-02-20,-206.1130,492.9300,-610.9860,0.9330,0.8930,3.9520
2023.14247,2023-02-21,-206.6570,492.4550,-612.4230,0.8970,0.9110,3.9360
2023.14521,2023-02-22,-208.5900,492.3770,-608.4330,0.9110,0.9060,3.9980
2023.14795,2023-02-23,-208.2290,493.2080,-614.2280,0.8860,0.8840,3.8460
2023.15068,2023-02-24,-207.6860,492.4800,-610.2950,0.8940,0.9170,3.9310
2023.15342,2023-02-25,-207.2500,494.0110,-619.4660,0.8920,0.9290,3.9590
2023.15616,2023-02-26,-209.5660,493.9090,-616.9830,0.9550,1.0180,4.3370
2023.15890,2023-02-27,-209.1990,493.5590,-615.4370,0.9310,0.9310,3.9720
2023.16164,2023-02-28,-209.6580,494.6070,-612.8720,0.9180,0.9510,4.0390
2023.16438,2023-03-01,-207.5850,493.6260,-611.1870,0.9510,0.9380,4.0710
2023.17260,2023-03-04,-207.4490,493.1080,-613.1020,0.9270,0.9660,4.1790
2023.17534,2023-03-05,-209.4660,491.7740,-610.8410,0.9080,0.9570,4.0750
2023.17808,2023-03-06,-207.5330,493.5690,-613.5980,0.9220,0.9480,4.0790
2023.18356,2023-03-08,-209.7830,493.7320,-610.3690,0.9310,0.9740,4.1470
2023.18630,2023-03-09,-209.6140,494.4440,-610.0850,0.9360,0.9820,4.1320
2023.19178,2023-03-11,-209.4160,493.9140,-612.5470,1.0440,1.1630,4.6670
2023.19726,2023-03-13,-211.8850,494.6190,-621.7350,0.9930,1.0490,4.4210
2023.20548,2023-03-16,-208.9410,491.2130,-611.2790,1.8990,2.4770,9.2390
2023.21644,2023-03-20,-209.8010,495.3400,-615.4210,0.9780,1.0360,4.3100
2023.23836,2023-03-28,-210.4540,494.9590,-622.3280,0.9580,0.9850,4.2190
2023.24932,2023-04-01,-208.4220,494.1090,-611.7350,1.1040,1.1530,4.8320
2023.38082,2023-05-19,-213.1800,491.4310,-622.9250,0.9860,0.9930,4.4540
2023.38356,2023-05-20,-213.1180,491.0570,-625.7350,0.9550,1.0010,4.5230
2023.38630,2023-05-21,-214.5940,491.8720,-631.6550,0.9620,0.9500,4.2770
2023.38904,2023-05-22,-215.6090,488.6660,-612.9370,1.0360,1.0330,4.7820
2023.39178,2023-05-23,-219.2090,490.2630,-621.9900,0.9390,0.9370,4.3100
2023.39452,2023-05-24,-215.7020,486.7650,-635.7290,0.9270,0.9350,4.2090
2023.41370,2023-05-31,-222.7510,469.5900,-595.5770,1.1050,1.0950,5.5320
2023.44110,2023-06-10,-222.9330,465.5890,-611.0980,1.2350,1.2080,6.1820
2023.44658,2023-06-12,-216.3660,467.5110,-612.1520,1.3450,1.3350,6.8910
2023.44932,2023-06-13,-222.6750,465.9750,-615.7090,1.3890,1.3330,7.3170
2023.46849,2023-06-20,-220.5180,470.7240,-610.1810,1.3560,1.2670,6.8470
2023.47397,2023-06-22,-223.7360,475.8950,-581.8730,1.1130,1.1540,5.7950
2023.47945,2023-06-24,-220.8730,474.4230,-593.8330,1.0780,1.0860,5.5110
2023.48493,2023-06-26,-222.8280,467.4160,-590.3940,1.0900,1.0970,5.5860
2023.49041,2023-06-28,-220.5870,465.4190,-611.2570,1.1810,1.2160,6.2150
2023.50685,2023-07-04,-222.3560,468.1270,-631.4870,1.1290,1.1220,5.7100
2023.50959,2023-07-05,-221.9210,468.7910,-627.2110,1.1530,1.1850,5.8160
2023.51781,2023-07-08,-225.3040,466.4050,-618.8330,1.1760,1.1590,5.9960
2023.52329,2023-07-10,-223.8200,468.5670,-627.8030,1.2900,1.3340,7.0960
2023.53973,2023-07-16,-219.2880,465.4020,-630.6690,1.4420,1.3840,7.8480
2023.54247,2023-07-17,-215.5230,472.7070,-638.1530,1.4540,1.3110,7.4930
2023.54521,2023-07-18,-217.7240,478.7800,-638.7440,1.3260,1.1710,6.2930
2023.54795,2023-07-19,-222.5770,465.9370,-617.5400,1.3480,1.2420,6.8770
2023.55068,2023-07-20,-220.2260,465.5800,-640.2300,1.3650,1.2520,6.9580
2023.55616,2023-07-22,-220.8640,486.8400,-585.3430,1.2230,1.1790,6.3560
2023.55890,2023-07-23,-218.5840,477.3030,-605.6810,1.2160,1.1230,6.1170
2023.56438,2023-07-25,-223.8770,479.6430,-590.0850,1.1510,1.1640,5.8770
2023.56712,2023-07-26,-220.8780,483.4070,-586.9050,1.1140,1.0470,5.2330
2023.56986,2023-07-27,-214.6350,478.4680,-616.4080,1.0960,1.0760,5.1880
2023.57260,2023-07-28,-216.7750,484.6690,-596.2970,1.1160,1.0380,5.1670
2023.57534,2023-07-29,-218.2640,478.1280,-618.6870,1.1790,1.1000,5.5940
2023.57808,2023-07-30,-217.5420,478.0880,-592.3130,1.1420,1.0870,5.4030
2023.58082,2023-07-31,-225.6730,480.4690,-592.1560,1.1460,1.1250,5.8930
2023.58356,2023-08-01,-223.2670,475.9860,-586.0720,1.1820,1.1150,5.7670
2023.58630,2023-08-02,-218.7240,476.1360,-604.9980,1.2060,1.1750,5.8600
2023.58904,2023-08-03,-219.9640,473.5760,-589.9390,1.2010,1.1410,5.8020
2023.59178,2023-08-04,-218.0940,472.3860,-622.9320,1.2150,1.1830,5.9920
2023.59452,2023-08-05,-216.9210,473.5810,-605.6800,1.2060,1.1520,5.9630
2023.59726,2023-08-06,-216.9420,472.4990,-616.6600,1.2200,1.1690,5.9750
2023.60000,2023-08-07,-213.8790,478.2510,-604.2650,1.2250,1.1490,5.8100
2023.60274,2023-08-08,-215.4620,477.4610,-608.6510,1.1480,1.1560,5.6880
2023.60548,2023-08-09,-214.4240,471.6360,-608.5350,1.1840,1.1390,5.5540
2023.60822,2023-08-10,-217.8010,473.1690,-594.8740,1.1570,1.1830,5.7760
2023.61096,2023-08-11,-216.6700,472.2440,-622.2640,1.2940,1.2860,6.2150
2023.61370,2023-08-12,-219.8160,470.6480,-574.1000,1.2530,1.3190,6.4840
2023.61644,2023-08-13,-223.4060,475.0380,-593.9850,1.3230,1.2530,6.4050
2023.61918,2023-08-14,-217.9740,471.8050,-608.9730,1.2210,1.1990,5.8080
2023.62192,2023-08-15,-216.4870,472.0900,-620.9090,1.2260,1.1990,5.7050
2023.62466,2023-08-16,-216.5790,466.9240,-606.1890,1.2480,1.2400,5.8370
2023.64658,2023-08-24,-225.2220,475.8530,-639.4730,1.3120,1.3470,6.7890
2023.64932,2023-08-25,-224.3360,482.7010,-647.8550,1.2810,1.3130,6.4160
2023.65205,2023-08-26,-226.3110,472.4040,-593.4890,1.2230,1.2470,6.1130
2023.65753,2023-08-28,-223.8590,479.3890,-612.8590,1.1770,1.1470,5.7410
2023.66301,2023-08-30,-221.8840,480.2380,-606.0260,1.1760,1.1750,5.6300
2023.66575,2023-08-31,-220.1880,490.0620,-607.1010,1.1420,1.1030,5.3850
2023.66849,2023-09-01,-225.5080,488.4980,-602.8010,1.1290,1.0760,5.3250
2023.67123,2023-09-02,-222.9540,485.4690,-602.9400,1.1400,1.0750,5.2470
2023.67397,2023-09-03,-222.8990,483.1540,-597.2620,1.0920,1.0490,5.0920
2023.67671,2023-09-04,-217.1420,487.2260,-620.1460,1.0870,1.0070,4.8540
2023.67945,2023-09-05,-221.2890,493.2580,-592.0350,1.1130,1.0420,5.0580
2023.68219,2023-09-06,-217.8720,489.3580,-590.0220,1.1180,1.1120,5.1210
2023.68493,2023-09-07,-219.7850,490.0680,-599.1290,1.1530,1.1070,5.2670
2023.68767,2023-09-08,-216.1210,495.7520,-598.0260,1.2820,1.2850,6.0230
2023.69041,2023-09-09,-216.5790,487.9740,-608.5760,1.2060,1.1430,5.4910
2023.69315,2023-09-10,-215.7150,489.8110,-616.2000,1.0540,1.0440,4.8600
2023.69589,2023-09-11,-217.3510,489.7750,-615.6320,1.0710,0.9950,4.7640
2023.69863,2023-09-12,-219.3730,487.7190,-594.8570,1.2840,1.2550,6.2700
2023.70137,2023-09-13,-217.0970,491.1080,-613.3320,1.1280,1.1630,5.3010
2023.70411,2023-09-14,-214.3430,489.5380,-602.9380,1.0270,0.9900,4.6240
2023.70685,2023-09-15,-212.9400,491.9410,-618.7450,0.9980,0.9980,4.6580
2023.70959,2023-09-16,-213.1820,489.9210,-600.6590,1.0180,0.9780,4.6210
2023.71233,2023-09-17,-215.5590,492.3850,-619.0120,1.0240,1.0280,4.6420
2023.71507,2023-09-18,-216.6470,492.5320,-613.9530,1.0850,1.0500,4.9670
2023.71781,2023-09-19,-224.1310,488.5350,-601.3630,1.1980,1.1970,6.0830
2023.72055,2023-09-20,-215.6180,486.7840,-617.2610,1.2030,1.2060,5.7170
2023.72329,2023-09-21,-218.8890,487.5010,-622.1240,1.1860,1.1660,5.3960
2023.72603,2023-09-22,-214.9940,488.6750,-621.8670,1.0440,1.0280,4.9450
2023.72877,2023-09-23,-223.0940,492.5420,-617.4920,1.2220,1.1490,5.6390
2023.73151,2023-09-24,-221.7220,493.1720,-623.6770,1.1100,1.0760,4.9930
2023.73425,2023-09-25,-213.2540,492.0910,-614.1160,1.0320,0.9980,4.6770
2023.73699,2023-09-26,-214.0750,487.0090,-604.9620,1.2260,1.2370,5.8120
2023.74247,2023-09-28,-215.8820,493.6430,-613.0360,1.1510,1.1290,5.3320
2023.74521,2023-09-29,-212.0060,488.9040,-630.8410,1.1120,1.1540,5.1830
2023.74795,2023-09-30,-220.7070,486.0450,-624.8220,1.0890,1.0580,5.0490
2023.75068,2023-10-01,-222.9220,489.3730,-620.7420,1.2490,1.2010,5.7180
2023.75342,2023-10-02,-212.8130,492.3040,-613.1120,1.0540,1.0920,4.8040
2023.75616,2023-10-03,-215.1330,489.1780,-599.8990,1.1930,1.2270,5.6770
2023.75890,2023-10-04,-218.2910,491.2500,-619.9140,1.1580,1.0840,5.0750
2023.76164,2023-10-05,-215.4580,491.7420,-623.2520,1.1030,1.1000,5.0440
2023.76438,2023-10-06,-216.0890,496.0770,-627.6090,1.2130,1.2460,5.4080
2023.76712,2023-10-07,-213.9750,496.4860,-625.9810,1.1010,1.1330,5.1110
2023.76986,2023-10-08,-214.9950,491.9750,-624.3210,1.0220,1.0420,4.5500
2023.77260,2023-10-09,-213.2670,493.5780,-617.8060,0.9880,0.9380,4.3290
2023.77534,2023-10-10,-212.8660,491.6060,-621.3210,1.0060,0.9900,4.5280
2023.77808,2023-10-11,-211.9290,491.7740,-626.0660,1.0370,1.0820,4.6820
2023.78082,2023-10-12,-212.5660,488.5920,-612.6160,1.1330,1.1050,5.0150
2023.78356,2023-10-13,-214.7280,492.4980,-621.4000,1.2010,1.1750,5.1950
2023.78630,2023-10-14,-212.5250,491.0610,-622.6640,1.0330,1.0210,4.6450
2023.78904,2023-10-15,-212.5490,490.9320,-624.2910,1.0810,1.0880,4.9860
2023.79178,2023-10-16,-211.7920,492.1340,-632.3790,0.9980,0.9960,4.6870
2023.79452,2023-10-17,-216.2890,491.4670,-614.4650,1.0960,1.0480,4.9510
2023.79726,2023-10-18,-213.6340,489.5590,-623.4390,1.0140,0.9530,4.5710
2023.80000,2023-10-19,-216.1790,482.9120,-617.9820,1.0720,1.0300,5.0190
2023.80274,2023-10-20,-216.6400,487.6060,-610.4380,1.0510,0.9960,4.8290
2023.80548,2023-10-21,-212.6560,487.6110,-615.1370,1.0070,0.9650,4.5700
2023.80822,2023-10-22,-218.4890,485.0130,-619.4290,1.0090,0.9730,4.6040
2023.81096,2023-10-23,-217.6440,486.7080,-613.2560,1.0210,0.9890,4.7620
2023.81370,2023-10-24,-216.8600,488.0090,-619.4700,1.0360,0.9950,4.7320
2023.81644,2023-10-25,-216.5140,486.3950,-610.7550,1.0910,1.0850,5.1690
2023.81918,2023-10-26,-216.9230,488.1570,-624.2410,1.0800,1.0370,4.9300
2023.82192,2023-10-27,-215.3980,485.7900,-621.1320,1.0370,1.0140,4.7230
2023.82466,2023-10-28,-214.2760,486.9470,-622.2340,1.0300,1.0070,4.7400
2023.82740,2023-10-29,-216.2310,489.0630,-611.2970,1.0220,1.0090,4.6720
2023.83014,2023-10-30,-213.8840,491.0390,-617.2180,0.9880,0.9680,4.5500
2023.83288,2023-10-31,-215.0770,491.3630,-622.9390,0.9920,0.9890,4.5250
2023.83562,2023-11-01,-214.7160,490.0550,-620.1940,1.0370,1.0400,4.7970
2023.83836,2023-11-02,-214.6130,488.0920,-631.1220,1.0040,0.9880,4.6130
2023.84110,2023-11-03,-215.9320,489.7080,-630.8610,1.1120,1.1010,5.1310
2023.84384,2023-11-04,-214.1390,488.2950,-622.7030,1.0020,1.0030,4.7310
2023.84658,2023-11-05,-218.6580,484.0470,-619.2790,1.1520,1.1220,5.4500
2023.84932,2023-11-06,-216.9780,485.8630,-612.6890,1.0330,0.9790,4.8370
2023.85205,2023-11-07,-216.5410,486.7740,-619.4590,0.9940,0.9770,4.6230
2023.85479,2023-11-08,-215.9510,489.1580,-621.4100,1.0180,1.0100,4.7670
2023.85753,2023-11-09,-215.3210,494.5050,-631.0040,1.0450,1.0070,4.6860
2023.86027,2023-11-10,-214.8080,489.8960,-623.0070,1.0010,0.9580,4.5360
2023.86301,2023-11-11,-214.7240,490.1930,-635.9630,0.9760,0.9450,4.4230
2023.86575,2023-11-12,-216.5810,492.4780,-635.3500,0.9550,0.9380,4.3590
2023.86849,2023-11-13,-213.9860,492.0820,-639.9190,0.9710,0.9500,4.4120
2023.87123,2023-11-14,-217.6630,493.6790,-633.8090,0.9710,0.9280,4.3630
2023.87397,2023-11-15,-216.3470,494.1200,-634.3890,0.9850,0.9340,4.3910
2023.87671,2023-11-16,-218.2950,495.8650,-639.2910,0.9620,0.9320,4.3650
2023.87945,2023-11-17,-215.9970,497.1650,-637.6400,0.9890,0.9760,4.4400
2023.88219,2023-11-18,-213.4990,494.5280,-621.8450,0.9840,0.9480,4.4360
2023.88493,2023-11-19,-216.4020,496.0570,-625.7240,0.9510,0.9460,4.3350
2023.88767,2023-11-20,-216.2670,497.1470,-622.2550,0.9780,0.9330,4.3840
2023.89041,2023-11-21,-218.5280,494.1960,-620.9640,0.9820,0.9720,4.5660
2023.89315,2023-11-22,-217.7360,493.1190,-617.4770,1.0000,0.9630,4.5340
2023.89589,2023-11-23,-217.1960,492.8670,-614.0690,1.0430,0.9940,4.7370
2023.89863,2023-11-24,-219.0690,489.5390,-630.7350,1.0200,0.9920,4.7370
2023.90137,2023-11-25,-218.2490,489.7090,-616.2540,1.0260,1.0100,4.6300
2023.90411,2023-11-26,-220.4310,492.2210,-620.0740,1.0360,1.0200,4.8690
2023.90685,2023-11-27,-217.0630,493.0630,-620.2400,1.0330,0.9830,4.6690
2023.90959,2023-11-28,-216.7210,491.3020,-607.4240,1.0620,1.0380,5.0130
2023.91233,2023-11-29,-217.9840,495.2800,-620.0910,1.0220,0.9840,4.6690
2023.91507,2023-11-30,-218.6410,490.8800,-612.3720,1.1100,1.1180,5.0720
2023.91781,2023-12-01,-214.9350,491.2860,-618.6640,1.0950,1.1140,5.1760
2023.92055,2023-12-02,-218.6960,492.1310,-614.5260,1.0100,0.9840,4.6430
2023.92329,2023-12-03,-219.2460,492.8300,-619.4340,1.0130,1.0070,4.7250
2023.92603,2023-12-04,-214.9460,499.6040,-606.3460,0.9750,0.9480,4.3710
2023.92877,2023-12-05,-217.9620,494.2030,-614.7390,1.0060,0.9820,4.6380
2023.93151,2023-12-06,-217.8210,497.2360,-614.1710,0.9900,0.9660,4.4490
2023.93425,2023-12-07,-222.2400,492.8530,-597.4810,1.0830,1.0340,5.1770
2023.93699,2023-12-08,-223.1950,497.5110,-610.6270,1.0950,1.0990,5.2700
2023.93973,2023-12-09,-222.3210,489.1930,-610.9170,1.0440,1.0260,5.0380
2023.94247,2023-12-10,-220.6380,487.5140,-616.0110,1.0340,1.0250,5.0480
2023.94521,2023-12-11,-222.7280,489.2550,-602.3890,1.0600,1.0580,5.2080
2023.94795,2023-12-12,-222.9920,489.1750,-613.2840,1.0350,1.0310,5.0070
2023.95068,2023-12-13,-224.7180,490.5340,-599.4120,1.0640,1.0420,5.2000
2023.95342,2023-12-14,-220.2060,492.0630,-609.6280,1.0630,1.0820,5.0690
2023.95616,2023-12-15,-223.1970,486.2970,-621.2600,1.1390,1.1470,5.6110
2023.95890,2023-12-16,-226.0760,489.2510,-614.0390,1.1000,1.1170,5.4480
2023.96164,2023-12-17,-224.8530,486.2780,-615.8720,1.0540,1.0550,5.2340
2023.96438,2023-12-18,-224.8950,486.9920,-609.0770,1.0850,1.1000,5.1740
2023.96712,2023-12-19,-219.2330,488.8800,-624.8890,1.0360,1.0450,4.9690
2023.96986,2023-12-20,-225.7610,486.6890,-598.8590,1.0740,1.0740,5.1940
2023.97260,2023-12-21,-221.6040,488.8010,-609.3940,1.0610,1.0980,5.1490
2023.97534,2023-12-22,-224.7910,486.8810,-621.4520,1.0560,1.0680,5.1700
2023.97808,2023-12-23,-220.1110,492.3730,-616.6890,1.0260,1.0280,4.8570
2023.98082,2023-12-24,-221.9890,492.0720,-614.8710,1.0470,1.0500,5.0480
2023.98356,2023-12-25,-221.1470,487.7510,-614.2140,1.0060,1.0130,4.8320
2023.98630,2023-12-26,-223.1550,489.2660,-606.9650,1.1150,1.1200,5.3410
2023.98904,2023-12-27,-228.2080,490.9600,-601.7760,1.0660,1.0540,5.0460
2023.99178,2023-12-28,-220.5930,497.0960,-608.2770,1.0080,1.0150,4.6840
2023.99452,2023-12-29,-219.4860,494.0960,-619.3150,1.0340,1.0220,4.8420
2023.99726,2023-12-30,-223.6240,493.7630,-611.9010,1.0600,1.0610,5.0150
2024.00000,2023-12-31,-222.2270,483.4960,-602.0920,1.0800,1.0480,5.3170
2024.00273,2024-01-01,-226.7300,484.2260,-603.3500,1.1070,1.0620,5.5520
2024.00546,2024-01-02,-223.2490,491.3640,-596.6430,1.0870,1.0740,5.2150
2024.00820,2024-01-03,-224.2470,487.0410,-588.9700,1.1200,1.1010,5.6430
2024.01093,2024-01-04,-223.7760,487.7210,-604.8140,1.1210,1.0990,5.5900
2024.01366,2024-01-05,-222.3570,492.3780,-607.4360,1.1230,1.1010,5.6120
2024.01639,2024-01-06,-223.6560,491.7150,-607.9520,1.1820,1.1920,5.9030
2024.01913,2024-01-07,-223.5850,481.4730,-586.3190,1.1900,1.1650,6.0180
2024.02186,2024-01-08,-224.9240,489.2380,-592.9730,1.0880,1.0750,5.4430
2024.02459,2024-01-09,-224.1390,490.8210,-596.3560,1.0680,1.0290,5.0770
2024.02732,2024-01-10,-225.6120,484.1130,-588.2730,1.1180,1.0440,5.3410
2024.03005,2024-01-11,-225.9360,487.0760,-611.1190,1.1420,1.0660,5.6240
2024.03279,2024-01-12,-226.8280,487.3780,-627.3890,1.1090,1.0540,5.3670
2024.03552,2024-01-13,-226.6970,488.8200,-609.7070,1.0870,1.0550,5.4380
2024.03825,2024-01-14,-224.7630,488.3960,-603.8070,1.0860,1.0560,5.3940
2024.04098,2024-01-15,-224.3430,487.1080,-610.7900,1.0600,1.0230,5.1130
2024.04372,2024-01-16,-223.9960,485.8610,-604.6510,1.0990,1.0530,5.3530
2024.04645,2024-01-17,-223.0410,490.1590,-605.7110,1.0770,1.0460,5.2560
2024.04918,2024-01-18,-222.2310,493.6490,-618.3770,1.0820,1.0440,5.1850
2024.05191,2024-01-19,-222.3280,492.2120,-611.2170,1.1070,1.0620,5.2830
2024.05464,2024-01-20,-220.6140,497.7820,-618.7540,1.0820,1.0200,5.0920
2024.05738,2024-01-21,-223.5630,490.2380,-604.4700,1.0890,1.0610,5.1690
2024.06011,2024-01-22,-225.1610,488.8040,-631.5120,1.0770,1.0250,5.0150
2024.06284,2024-01-23,-223.8790,494.3370,-616.9310,1.1220,1.0400,5.2490
2024.06557,2024-01-24,-226.5380,494.3690,-627.1460,1.1180,1.0540,5.4430
2024.06831,2024-01-25,-227.6450,489.5790,-619.2360,1.1150,1.0600,5.2490
2024.07104,2024-01-26,-223.6130,492.5720,-613.4220,1.1280,1.0650,5.4110
2024.07377,2024-01-27,-226.2370,494.2660,-631.9930,1.1050,1.0490,5.1720
2024.07650,2024-01-28,-228.2620,491.0380,-623.6700,1.0950,1.0590,5.2420
2024.07923,2024-01-29,-225.1310,492.5250,-613.2780,1.0860,0.9910,4.8800
2024.08197,2024-01-30,-227.4690,492.6060,-623.0590,1.0810,1.0630,5.0750
2024.08470,2024-01-31,-223.4680,492.3560,-618.6080,1.1070,1.0410,5.1320
2024.08743,2024-02-01,-228.2460,492.0820,-625.9880,1.1210,1.0630,5.2210
2024.09016,2024-02-02,-224.2760,494.0890,-627.7840,1.0740,1.0010,4.9440
2024.09290,2024-02-03,-225.7940,494.5210,-639.5030,1.0790,1.0550,5.0940
2024.09563,2024-02-04,-224.6680,487.5580,-619.7550,1.0850,1.0990,5.1050
2024.09836,2024-02-05,-220.4350,487.1740,-651.0630,1.0610,1.0750,5.2050
2024.10109,2024-02-06,-222.9090,492.6760,-621.3550,1.0890,1.0980,5.3280
2024.10383,2024-02-07,-222.7550,490.7820,-608.5380,1.1070,1.0900,5.2370
2024.10656,2024-02-08,-222.6640,495.4610,-638.2830,1.0420,1.0120,4.7810
2024.10929,2024-02-09,-224.5040,495.1220,-630.6650,1.1860,1.1630,5.3970
2024.11202,2024-02-10,-224.0840,486.8060,-644.2220,1.1210,1.0930,5.2260
2024.11475,2024-02-11,-225.4280,487.4260,-630.1080,1.0870,1.0840,5.3530
2024.11749,2024-02-12,-226.7760,490.6730,-625.9570,1.1520,1.1230,5.4950
2024.12022,2024-02-13,-231.0500,489.9540,-603.9730,1.2500,1.2040,6.1170
2024.12295,2024-02-14,-226.7260,489.0830,-627.9520,1.2290,1.2560,6.2400
2024.12568,2024-02-15,-226.0200,492.8040,-617.4600,1.2040,1.2080,5.7660
2024.12842,2024-02-16,-221.6740,495.7350,-644.1090,1.1650,1.1650,5.3590
2024.13115,2024-02-17,-224.6590,491.3800,-618.4420,1.1080,1.1200,5.2160
2024.13388,2024-02-18,-224.2750,491.1730,-626.8310,1.0830,1.0460,5.1750
2024.13661,2024-02-19,-223.8890,494.0240,-613.7530,1.1650,1.1510,5.6570
2024.13934,2024-02-20,-223.0250,495.2090,-622.8980,1.0850,1.0810,5.0050
2024.14208,2024-02-21,-223.3050,496.4360,-630.1580,1.1440,1.0820,5.1660
2024.14481,2024-02-22,-225.7670,491.8750,-634.3350,1.1090,1.0660,5.2950
2024.14754,2024-02-23,-225.8220,487.5930,-642.0230,1.2280,1.1750,5.7090
2024.15027,2024-02-24,-224.9770,488.5240,-634.8840,1.0960,1.0710,5.0580
2024.15301,2024-02-25,-222.6760,492.5630,-636.6510,1.0590,1.0140,4.9890
2024.16120,2024-02-28,-226.1220,494.6460,-633.4420,1.0660,1.0340,5.0320
2024.16393,2024-02-29,-225.8970,491.7560,-627.3250,1.0450,1.0390,4.9080
2024.16667,2024-03-01,-225.3130,492.6710,-629.7110,1.0960,1.0810,5.3190
2024.16940,2024-03-02,-225.5040,493.4580,-647.2990,1.1590,1.1430,5.4760
2024.17213,2024-03-03,-221.5110,493.1630,-635.2380,1.1570,1.1730,5.5150
2024.17486,2024-03-04,-228.1750,498.3780,-622.1600,1.2630,1.3240,6.0560
2024.17760,2024-03-05,-224.9270,493.1770,-648.1960,1.0910,1.0930,5.4270
2024.18033,2024-03-06,-225.6660,493.4730,-631.4750,1.1330,1.0800,5.3690
2024.18306,2024-03-07,-224.6700,493.4820,-630.5400,1.2080,1.2000,5.8230
2024.18579,2024-03-08,-228.5930,493.6010,-641.0110,1.0770,1.0880,5.3550
2024.18852,2024-03-09,-227.7320,493.3910,-652.4100,1.0340,1.0410,5.1720
2024.19126,2024-03-10,-225.1840,494.0190,-639.8770,1.0260,1.0390,5.0690
2024.19399,2024-03-11,-225.0780,499.3810,-643.1910,1.0490,1.0200,4.9010
2024.19672,2024-03-12,-225.0440,495.4650,-654.8500,1.0910,1.0500,5.1930
2024.19945,2024-03-13,-226.2880,493.6790,-640.0750,1.0950,1.0960,5.4740
2024.20219,2024-03-14,-226.7890,498.6460,-635.2110,1.0420,1.0280,4.9960
2024.20492,2024-03-15,-228.0800,495.4040,-636.2420,1.1350,1.1280,5.6120
2024.20765,2024-03-16,-231.8860,497.9270,-631.8700,1.0560,0.9970,4.8320
2024.21038,2024-03-17,-225.8090,499.0950,-648.5990,1.0930,1.0900,5.1900
2024.21311,2024-03-18,-222.0430,499.5480,-651.2310,1.0680,1.0680,5.0710
2024.21585,2024-03-19,-226.8520,500.3400,-642.7670,1.1440,1.0630,5.2430
2024.21858,2024-03-20,-232.5330,498.5460,-639.4760,1.0500,1.0560,5.2490
2024.22131,2024-03-21,-233.2810,496.5870,-626.4470,1.0880,1.0740,5.4560
2024.22404,2024-03-22,-230.8150,499.4960,-638.0380,1.1350,1.1330,5.6330
2024.22678,2024-03-23,-231.2820,500.0370,-654.2480,1.0390,1.0710,5.3780
2024.22951,2024-03-24,-232.1310,495.8360,-633.6090,1.0940,1.0740,5.4070
2024.23224,2024-03-25,-227.7950,495.7170,-626.9160,1.2090,1.1700,5.8960
2024.23497,2024-03-26,-225.8630,500.2910,-642.9850,1.1280,1.0810,5.2550
2024.23770,2024-03-27,-228.4310,497.5850,-635.1700,1.2250,1.1770,5.9910
2024.24044,2024-03-28,-225.5760,500.7890,-661.6110,1.1920,1.1930,5.8570
2024.24317,2024-03-29,-227.7750,494.8080,-635.4200,1.2600,1.2390,5.9080
2024.24590,2024-03-30,-224.6190,499.6190,-642.8740,1.2440,1.2850,6.2580
2024.24863,2024-03-31,-227.7730,498.9290,-638.5650,1.1470,1.1510,5.6790
2024.25137,2024-04-01,-230.7380,496.9650,-629.7140,1.1790,1.1590,5.7150
2024.25410,2024-04-02,-226.9580,500.6310,-632.1970,1.1380,1.1400,5.4450
2024.25956,2024-04-04,-226.7890,508.8670,-631.9200,1.1230,1.1020,5.4800
2024.26230,2024-04-05,-224.3250,510.1170,-633.1710,1.0990,1.1280,5.4160
2024.26503,2024-04-06,-224.4310,509.3740,-641.8470,1.1200,1.1120,5.2260
2024.26776,2024-04-07,-222.4990,505.7980,-632.7320,1.1100,1.0760,5.3020
2024.27049,2024-04-08,-226.0720,508.3330,-629.4650,1.0760,1.0150,4.9720
2024.27322,2024-04-09,-225.1520,511.8600,-637.3360,1.0650,1.0110,5.0070
2024.27596,2024-04-10,-227.8100,509.4920,-632.3990,1.1250,1.0510,5.2760
2024.27869,2024-04-11,-224.5170,512.7690,-636.4100,1.0770,1.0060,4.8700
2024.28415,2024-04-13,-228.0370,512.6030,-625.3290,1.0890,1.0270,5.1000
2024.28689,2024-04-14,-226.4360,510.1410,-642.8650,1.0830,1.0230,5.1380
2024.28962,2024-04-15,-226.5160,510.3490,-646.3700,1.0590,1.0260,5.1680
2024.29235,2024-04-16,-226.4090,509.3860,-638.3050,1.0710,1.0670,5.2630
2024.29508,2024-04-17,-226.9570,514.1660,-623.5140,1.1090,1.0580,5.2050
2024.29781,2024-04-18,-223.5410,511.4170,-617.3920,1.1360,1.1320,5.7190
2024.30055,2024-04-19,-223.4040,512.3470,-629.0800,1.0960,1.1000,5.3300
2024.30328,2024-04-20,-226.4560,514.2660,-637.7920,1.0740,1.0510,5.1330
2024.30601,2024-04-21,-226.8750,513.0690,-630.3530,1.1060,1.1000,5.5440
2024.30874,2024-04-22,-226.6350,511.4560,-616.5870,1.1570,1.1860,5.8540
2024.31148,2024-04-23,-223.9200,514.2520,-632.3760,1.1040,1.0760,5.2740
2024.31421,2024-04-24,-223.2360,520.6130,-625.7830,1.2990,1.2350,6.4000
2024.31694,2024-04-25,-221.6170,515.5030,-643.4530,1.2130,1.1120,5.4760
2024.31967,2024-04-26,-224.2660,518.1750,-619.4410,1.1490,1.0880,5.5530
2024.32240,2024-04-27,-226.1660,515.7240,-629.5400,1.2630,1.1870,5.9520
2024.32514,2024-04-28,-221.5660,519.3790,-642.6430,1.0840,1.0110,5.0100
2024.32787,2024-04-29,-228.6470,513.1490,-650.3000,1.0940,1.0990,5.4460
2024.33060,2024-04-30,-227.5700,512.6810,-635.6500,1.1210,1.0550,5.2300
2024.33333,2024-05-01,-224.9000,518.0160,-647.4030,1.1220,1.0950,5.4110
2024.33607,2024-05-02,-225.6860,512.6820,-641.7350,1.1140,1.0810,5.2410
2024.33880,2024-05-03,-224.6600,514.0670,-644.0810,1.0780,1.0590,4.9850
2024.34153,2024-05-04,-223.9220,515.8770,-644.9640,1.0440,1.0360,4.8360
2024.34426,2024-05-05,-219.0010,518.9470,-659.4630,1.0160,0.9960,4.6400
2024.34699,2024-05-06,-224.5440,516.6600,-647.1690,1.0540,1.0370,4.9790
2024.34973,2024-05-07,-225.0580,513.6930,-651.1540,1.0270,1.0450,4.9780
2024.35246,2024-05-08,-222.4120,514.5270,-643.2430,1.0510,1.0520,4.9910
2024.35519,2024-05-09,-231.5200,511.4770,-629.9180,1.1200,1.0870,5.2340
2024.35792,2024-05-10,-226.7360,514.7820,-621.7990,1.0770,1.0740,5.2590
2024.36066,2024-05-11,-230.8830,514.8560,-630.1660,1.0750,1.0580,5.1900
2024.36339,2024-05-12,-232.0170,515.4140,-631.7160,1.0340,1.0180,4.9010
2024.36612,2024-05-13,-224.2660,515.9510,-653.4740,1.0520,1.0360,5.0310
2024.36885,2024-05-14,-224.3500,515.8240,-647.5140,1.0520,1.0410,5.0280
2024.37158,2024-05-15,-227.9780,516.1770,-641.9990,1.0630,1.0790,5.3130
2024.37432,2024-05-16,-230.1050,514.6930,-620.9100,1.0600,1.0400,4.9560
2024.37705,2024-05-17,-226.1420,516.6590,-638.8570,1.0990,1.0900,5.2190
2024.37978,2024-05-18,-225.1450,515.5590,-642.0980,1.0360,1.0620,5.0270
2024.38251,2024-05-19,-222.5230,516.1250,-640.1420,1.0920,1.0410,5.0690
2024.38525,2024-05-20,-222.1250,516.4710,-644.5060,1.0370,1.0290,4.8040
2024.38798,2024-05-21,-222.6280,516.3730,-643.2850,1.0530,1.0480,5.0960
2024.39071,2024-05-22,-224.1810,516.6750,-636.9870,1.1490,1.0750,5.3460
2024.39344,2024-05-23,-222.2420,515.0610,-637.7140,1.0810,1.0210,4.9890
2024.39617,2024-05-24,-221.9250,521.7600,-647.9330,1.0350,1.0060,4.8250
2024.39891,2024-05-25,-222.8610,518.3220,-634.4780,1.0890,1.0580,5.1040
2024.40164,2024-05-26,-221.1020,517.8240,-632.2650,1.0870,1.0880,5.1190
2024.40437,2024-05-27,-220.9590,519.6840,-640.5560,1.1020,1.0820,5.1370
2024.40710,2024-05-28,-222.2240,519.8720,-629.4710,1.1090,1.1090,5.3080
2024.40984,2024-05-29,-223.5990,521.8950,-624.8010,1.0830,1.0840,5.2720
2024.41257,2024-05-30,-220.0840,517.5230,-615.6080,1.1170,1.0530,5.1620
2024.41530,2024-05-31,-223.3010,516.2480,-617.9380,1.1590,1.1160,5.3200
2024.41803,2024-06-01,-220.5310,518.7870,-636.0090,1.0820,1.0510,4.9850
2024.42350,2024-06-03,-224.0990,523.8310,-609.0080,1.0970,1.0580,5.2300
2024.42623,2024-06-04,-221.6350,517.3570,-631.5750,1.0710,1.0160,4.8170
2024.43443,2024-06-07,-221.3360,518.4730,-629.0190,1.1540,1.0980,5.3570
2024.43716,2024-06-08,-221.2560,509.2290,-625.3080,1.2020,1.1510,5.6960
2024.43989,2024-06-09,-225.3480,509.9150,-616.3230,1.1540,1.1000,5.4730
2024.44262,2024-06-10,-228.0120,521.3810,-638.9420,1.0530,0.9920,4.8140
2024.44536,2024-06-11,-224.8360,522.8580,-635.7840,1.0230,0.9770,4.6140
2024.44809,2024-06-12,-228.4400,519.5870,-632.4160,1.1040,1.0050,4.9800
2024.45082,2024-06-13,-225.1020,522.3440,-640.3260,1.0990,1.0180,5.0930
2024.45355,2024-06-14,-225.3800,520.6420,-630.7840,1.1010,1.0110,5.0050
2024.45628,2024-06-15,-225.5240,520.5150,-640.8790,1.0970,1.0090,5.0100
2024.45902,2024-06-16,-220.5710,520.5560,-644.3940,1.0930,1.0290,4.9760
2024.46175,2024-06-17,-227.6590,525.4560,-619.3620,1.0690,1.0210,4.8720
2024.46721,2024-06-19,-225.5900,519.4490,-616.2880,1.1240,1.0750,5.3830
2024.46995,2024-06-20,-227.7640,518.1470,-621.1540,1.0850,1.0830,5.3410
2024.47268,2024-06-21,-228.7340,522.3830,-625.8900,1.0720,1.0340,5.0080
2024.47541,2024-06-22,-229.9170,517.5600,-607.5750,1.0920,1.0930,5.3490
2024.47814,2024-06-23,-226.1460,519.3630,-639.5300,1.0720,1.0550,5.1780
2024.48087,2024-06-24,-226.3300,518.5850,-611.8650,1.0930,1.0880,5.3940
2024.48361,2024-06-25,-227.8680,524.9080,-608.7510,1.0810,1.0790,5.2700
2024.48634,2024-06-26,-228.7670,528.3870,-638.4900,1.0540,1.0640,5.1810
2024.48907,2024-06-27,-225.4350,517.5290,-637.8010,1.0970,1.1280,5.6740
2024.49180,2024-06-28,-227.1520,518.8270,-639.4250,1.1840,1.1730,6.1510
2024.49454,2024-06-29,-231.3790,520.2020,-621.4380,1.1380,1.1330,5.6770
2024.49727,2024-06-30,-224.1500,517.0000,-615.6860,1.1260,1.1080,5.5840
2024.50000,2024-07-01,-223.9260,523.9380,-619.5090,1.0590,1.0290,5.1450
2024.50546,2024-07-03,-225.2230,521.7210,-604.5300,1.1210,1.1890,5.9520
2024.54098,2024-07-16,-227.4190,523.2010,-641.9370,1.1500,1.1160,5.5980
2024.54372,2024-07-17,-232.0270,533.1420,-639.0420,1.0750,1.0600,5.0690
2024.54645,2024-07-18,-239.0110,538.0470,-621.3130,1.0350,1.0470,4.9700
2024.54918,2024-07-19,-231.9500,538.8660,-628.0250,1.0990,1.0900,5.2310
2024.55191,2024-07-20,-232.4040,539.4710,-622.3800,1.0250,1.0070,4.8020
2024.55464,2024-07-21,-233.0280,540.1830,-626.0330,1.1110,1.0680,5.1910
2024.55738,2024-07-22,-238.5640,535.5350,-638.3770,1.0120,1.0090,4.7870
2024.56011,2024-07-23,-235.8180,538.7010,-611.9370,1.0590,1.0080,4.9240
2024.57923,2024-07-30,-232.8280,550.4340,-603.8400,1.3370,1.2530,5.8640
2024.58197,2024-07-31,-240.0920,548.2590,-622.9730,1.0860,1.0480,5.1170
2024.58470,2024-08-01,-240.6360,548.2180,-632.5190,1.0690,0.9850,4.7500
2024.59016,2024-08-03,-241.2160,548.2830,-629.9330,1.0550,0.9770,4.6830
2024.59563,2024-08-05,-240.2060,547.9660,-618.2740,1.0370,1.0060,4.7920
2024.59836,2024-08-06,-239.8640,546.9530,-640.1770,1.1120,0.9940,4.8260
2024.60109,2024-08-07,-237.1340,546.9140,-633.7910,1.0240,0.9740,4.6310
2024.60383,2024-08-08,-239.2680,544.4220,-604.5780,1.2970,2.3180,5.6350
2024.60656,2024-08-09,-240.5810,536.4360,-616.9040,1.2320,2.2390,5.5770
2024.60929,2024-08-10,-240.4570,540.2920,-611.0640,1.3910,2.6030,6.1340
2024.62295,2024-08-15,-230.5590,544.7120,-618.3760,1.3980,2.6680,6.3470
2024.67760,2024-09-04,-238.1370,545.4380,-632.0450,1.7200,3.2130,7.7600
2024.68033,2024-09-05,-242.7940,551.7280,-640.2490,1.3420,2.4200,5.8640
2024.68306,2024-09-06,-240.9190,550.4390,-648.3070,1.1730,2.1280,5.0750
2024.68579,2024-09-07,-242.2850,544.6420,-635.0060,1.2270,2.2520,5.3490
2024.69126,2024-09-09,-232.6240,547.6610,-638.6560,1.2670,2.4650,6.1180
2024.69399,2024-09-10,-232.9170,543.3040,-646.1930,1.2690,2.3570,5.5530
2024.69672,2024-09-11,-240.8220,547.3570,-640.2510,1.3210,2.4180,5.8410
2024.69945,2024-09-12,-234.9990,551.0370,-629.5260,1.1180,2.1950,5.0810
2024.70219,2024-09-13,-240.3750,550.6020,-628.5310,1.1840,2.2240,5.2270
2024.70492,2024-09-14,-235.1880,553.8740,-648.4700,1.2570,2.2080,5.0990
2024.70765,2024-09-15,-239.5360,551.8780,-638.7690,1.1120,2.1560,5.1140
2024.71311,2024-09-17,-235.3210,546.9370,-636.9990,1.1630,2.3240,5.1530
2024.71585,2024-09-18,-235.4670,550.0570,-643.0030,1.3440,2.5510,6.1410
2024.72131,2024-09-20,-233.5650,555.9930,-650.4530,1.2970,2.3500,5.6340
2024.72404,2024-09-21,-229.6320,552.6680,-658.5870,1.2350,2.2960,5.0190
2024.72951,2024-09-23,-234.9690,552.7780,-662.7460,1.2020,2.2430,4.9760
2024.73224,2024-09-24,-237.8130,551.7320,-650.2420,1.2760,2.3010,5.2990
2024.73497,2024-09-25,-234.0850,552.3980,-642.7710,1.1110,2.1080,4.8080
2024.73770,2024-09-26,-236.8000,549.6010,-654.4760,1.1640,2.2830,5.1220
2024.74044,2024-09-27,-236.0240,547.4820,-649.6040,1.2630,2.2680,5.2800
2024.74317,2024-09-28,-228.8870,540.5230,-639.4450,1.2120,2.2900,5.0990
2024.74590,2024-09-29,-233.3570,534.5660,-645.1040,1.1560,2.1660,4.9700
2024.74863,2024-09-30,-230.2690,540.3620,-651.7960,1.2680,2.2540,5.1660
2024.75137,2024-10-01,-229.2960,547.9770,-650.4810,1.3140,2.4080,5.4980
2024.75410,2024-10-02,-231.2100,545.6290,-652.1870,1.1710,2.2170,5.1120
2024.75956,2024-10-04,-231.9050,544.1210,-639.4110,1.1960,2.3430,5.2660
2024.76230,2024-10-05,-233.3840,542.5920,-648.7650,1.2590,2.3020,5.4300
2024.76503,2024-10-06,-231.0530,541.1850,-654.4930,1.1910,2.2120,4.8680
2024.76776,2024-10-07,-235.1320,541.9760,-644.3260,1.3080,2.3610,5.7010
2024.77049,2024-10-08,-232.3840,542.7740,-664.8060,1.1350,2.1370,4.9260
2024.77322,2024-10-09,-232.1960,543.3960,-651.2570,1.1240,2.2040,4.9150
2024.77596,2024-10-10,-235.1280,539.5600,-639.7620,1.1900,2.1600,4.9830
2024.77869,2024-10-11,-237.5740,538.3990,-649.3910,1.1160,2.1980,4.9400
2024.78142,2024-10-12,-231.0060,536.1020,-641.8710,1.1660,2.2440,5.3050
2024.78415,2024-10-13,-237.1390,534.6780,-644.5760,1.2120,2.3190,5.4460
2024.78689,2024-10-14,-234.8260,536.0060,-647.4230,1.1940,2.2470,5.2170
2024.78962,2024-10-15,-236.0460,543.6830,-662.9310,1.0920,2.1180,4.8040
2024.79235,2024-10-16,-238.5150,539.4970,-649.0580,1.1220,2.1610,4.9210
2024.79508,2024-10-17,-237.3940,545.5530,-654.7930,1.1950,2.1500,5.0360
2024.79781,2024-10-18,-238.7990,547.7670,-659.8200,1.1150,2.1660,4.9350
2024.80055,2024-10-19,-235.3500,545.3230,-660.1260,1.0990,2.1210,4.8810
2024.80328,2024-10-20,-240.4810,538.0040,-663.2630,1.1250,2.1240,4.9290
2024.80601,2024-10-21,-239.9190,537.6020,-665.3360,1.1190,2.1200,4.9660
2024.80874,2024-10-22,-239.5330,541.0000,-663.6350,1.1020,2.1390,4.9210
2024.81148,2024-10-23,-243.0830,541.4990,-656.2460,1.2110,2.2160,5.2450
2024.81421,2024-10-24,-241.2060,537.3020,-654.3840,1.0680,2.1430,4.8270
2024.81694,2024-10-25,-236.4780,541.5370,-659.8870,1.1720,2.2800,5.2690
2024.81967,2024-10-26,-233.5430,546.7900,-655.0720,1.1970,2.1950,5.0110
2024.82240,2024-10-27,-240.8180,540.9160,-659.5460,1.2230,2.2630,5.0310
2024.82514,2024-10-28,-237.6460,547.4700,-666.9060,1.1280,2.2010,4.9520
2024.82787,2024-10-29,-239.6900,545.4960,-669.8210,1.1060,2.1350,4.9490
2024.83060,2024-10-30,-238.5270,541.2660,-660.5040,1.0970,2.1500,5.0480
2024.85246,2024-11-07,-237.2330,547.2580,-713.4600,0.9520,1.9350,4.2490
2024.85519,2024-11-08,-242.2960,549.4890,-710.8950,1.0320,2.0150,4.3970
2024.85792,2024-11-09,-243.2510,552.7630,-709.6510,1.0270,2.0520,4.4200
2024.86066,2024-11-10,-245.4320,559.7770,-708.6200,0.9640,1.9230,4.2470
2024.86339,2024-11-11,-244.7190,563.4340,-701.7640,0.9850,1.9360,4.3640
2024.86612,2024-11-12,-243.9510,557.5380,-709.7160,0.9620,1.8910,4.2320
2024.86885,2024-11-13,-242.6470,561.4940,-694.6130,0.9900,1.9070,4.3460
2024.87158,2024-11-14,-242.6930,563.0160,-698.2310,0.9810,1.9180,4.3800
2024.87432,2024-11-15,-240.3510,560.9480,-697.3600,1.0200,1.9760,4.5370
2024.88525,2024-11-19,-239.1940,549.3020,-713.9960,0.9640,1.9200,4.3230
2024.88798,2024-11-20,-242.3420,551.5860,-708.7090,1.0030,1.9710,4.4870
2024.89071,2024-11-21,-245.3070,562.1230,-712.9690,0.9920,1.9640,4.3520
2024.89344,2024-11-22,-242.5180,564.8310,-699.9090,0.9840,1.9340,4.3200
2024.89617,2024-11-23,-241.7770,562.9210,-695.7970,0.9730,1.9040,4.3100
2024.89891,2024-11-24,-240.4410,561.3840,-696.7460,0.9740,1.9090,4.3130
2024.90164,2024-11-25,-241.0410,561.8650,-691.9750,0.9970,1.9150,4.3600
2024.90437,2024-11-26,-240.2810,561.1310,-696.0340,1.0420,2.0390,4.6150
2024.90710,2024-11-27,-241.6790,559.9810,-688.2810,1.0040,1.9880,4.4560
2024.90984,2024-11-28,-239.8200,560.2570,-683.3350,0.9840,1.9140,4.4020
2024.91257,2024-11-29,-239.5190,559.7870,-686.6580,0.9780,1.9050,4.3980
2024.91530,2024-11-30,-243.0490,561.7420,-689.7270,1.0220,1.9900,4.5560
2024.91803,2024-12-01,-240.3390,563.0240,-691.8480,1.0370,2.0290,4.6360
2024.92077,2024-12-02,-240.8160,566.0170,-699.0760,1.0280,1.9890,4.5720
2024.92350,2024-12-03,-238.6380,563.5310,-699.4640,0.9670,1.8930,4.3250
2024.92623,2024-12-04,-238.8060,562.3920,-693.2950,1.0260,1.9420,4.6290
2024.92896,2024-12-05,-240.9460,561.3680,-689.9580,0.9790,1.9210,4.4090
2024.93169,2024-12-06,-240.3190,562.8470,-689.3360,1.0230,1.9200,4.4460
2024.93443,2024-12-07,-241.2380,562.4590,-688.1750,0.9810,1.9230,4.3630
2024.93716,2024-12-08,-240.5330,562.7480,-689.2290,0.9760,1.8950,4.3890
2024.93989,2024-12-09,-240.0500,562.2680,-688.4550,0.9650,1.8950,4.3010
2024.94262,2024-12-10,-241.6080,563.7480,-690.1280,0.9790,1.8890,4.4040
2024.94536,2024-12-11,-240.9220,563.5800,-691.0350,0.9820,1.9010,4.3810
2024.94809,2024-12-12,-241.1220,563.3470,-697.6790,1.0040,1.9040,4.4600
2024.95082,2024-12-13,-242.2570,564.9260,-695.3530,0.9870,1.8800,4.4200
2024.95355,2024-12-14,-241.0030,564.2600,-688.5720,0.9840,1.8810,4.3170
2024.95628,2024-12-15,-242.3830,562.7280,-685.6210,0.9830,1.8870,4.3960
2024.95902,2024-12-16,-243.5510,564.1600,-694.7040,0.9810,1.9160,4.4180
2024.96175,2024-12-17,-241.9300,562.7640,-689.2640,0.9880,1.9380,4.4500
2024.96448,2024-12-18,-240.9020,565.9180,-693.6900,0.9720,1.9030,4.3380
2024.96721,2024-12-19,-243.5200,562.5040,-693.4340,0.9950,1.9210,4.4780
2024.96995,2024-12-20,-242.6860,562.3640,-688.2500,0.9930,1.9270,4.3770
2024.97268,2024-12-21,-241.1020,562.0990,-689.0500,0.9890,1.9490,4.5460
2024.97541,2024-12-22,-241.9020,563.6860,-687.6430,1.0050,1.9660,4.5560
2024.97814,2024-12-23,-242.0530,562.4600,-707.2520,1.0180,1.9990,4.6240
2024.98634,2024-12-26,-243.6840,567.3020,-707.5910,0.9720,1.8980,4.2760
2024.98907,2024-12-27,-245.4530,566.3890,-687.6810,1.0130,1.9760,4.5230
2024.99180,2024-12-28,-243.6330,565.8930,-686.7190,1.0180,1.9730,4.5270
2024.99454,2024-12-29,-241.9990,567.4030,-687.0130,1.0130,1.9310,4.5110
2024.99727,2024-12-30,-242.8530,568.1120,-688.7860,1.0160,1.9500,4.5720
2025.00000,2024-12-31,-240.7800,565.7360,-679.1110,1.0090,1.9500,4.5210
